/*--------------------------------*- C++ -*----------------------------------*\
  =========                 |
  \\      /  F ield         | OpenFOAM: The Open Source CFD Toolbox
   \\    /   O peration     | Website:  https://openfoam.org
    \\  /    A nd           | Version:  8
     \\/     M anipulation  |
\*---------------------------------------------------------------------------*/
FoamFile
{
    version     2.0;
    format      ascii;
    class       volScalarField;
    location    "28872";
    object      p;
}
// * * * * * * * * * * * * * * * * * * * * * * * * * * * * * * * * * * * * * //

dimensions      [1 -1 -2 0 0 0 0];

internalField   nonuniform List<scalar> 
11000
(
488.73
488.786
488.842
488.905
488.966
489.026
489.081
489.133
489.184
489.233
489.282
489.33
489.377
489.423
489.467
489.509
489.55
489.59
489.63
489.669
489.707
489.747
489.786
489.826
489.868
489.91
489.953
489.998
490.044
490.091
490.139
490.188
490.238
490.288
490.339
490.39
490.44
490.49
490.539
490.587
490.634
490.679
490.722
490.763
490.801
490.838
490.871
490.902
490.93
490.955
490.977
490.996
491.013
491.026
491.037
491.045
491.05
491.053
491.053
491.052
491.048
491.042
491.035
491.026
491.016
491.005
490.993
490.98
490.967
490.954
490.94
490.927
490.915
490.904
490.893
490.884
490.877
490.871
490.868
490.866
490.868
490.872
490.879
490.889
490.901
490.917
490.936
490.957
490.979
491.003
491.027
491.051
491.074
491.097
491.122
491.149
491.177
491.204
491.223
491.238
478.826
478.882
478.938
479.001
479.062
479.121
479.177
479.229
479.279
479.329
479.378
479.426
479.472
479.518
479.562
479.604
479.645
479.685
479.724
479.763
479.801
479.84
479.88
479.92
479.961
480.003
480.046
480.09
480.136
480.183
480.231
480.28
480.329
480.38
480.43
480.481
480.531
480.581
480.629
480.677
480.724
480.768
480.811
480.852
480.891
480.927
480.96
480.991
481.019
481.044
481.066
481.086
481.102
481.116
481.127
481.135
481.14
481.143
481.144
481.143
481.139
481.134
481.127
481.119
481.109
481.098
481.087
481.075
481.062
481.05
481.037
481.024
481.013
481.002
480.992
480.983
480.976
480.97
480.967
480.966
480.968
480.972
480.979
480.988
481.001
481.016
481.035
481.055
481.078
481.101
481.125
481.148
481.17
481.193
481.218
481.245
481.273
481.3
481.318
481.333
468.923
468.978
469.034
469.097
469.158
469.217
469.273
469.325
469.375
469.424
469.473
469.521
469.568
469.613
469.656
469.698
469.739
469.779
469.818
469.857
469.895
469.934
469.973
470.013
470.054
470.096
470.139
470.183
470.228
470.275
470.323
470.371
470.421
470.471
470.521
470.571
470.621
470.671
470.72
470.767
470.814
470.858
470.901
470.942
470.98
471.016
471.05
471.08
471.108
471.134
471.156
471.175
471.192
471.205
471.216
471.225
471.23
471.234
471.235
471.234
471.231
471.226
471.219
471.211
471.202
471.192
471.181
471.169
471.157
471.145
471.133
471.121
471.11
471.099
471.09
471.081
471.075
471.07
471.067
471.066
471.067
471.071
471.078
471.088
471.1
471.116
471.134
471.154
471.176
471.199
471.222
471.245
471.267
471.289
471.314
471.34
471.368
471.396
471.414
471.428
459.02
459.074
459.13
459.193
459.254
459.313
459.368
459.42
459.471
459.52
459.569
459.616
459.663
459.708
459.751
459.793
459.834
459.873
459.912
459.951
459.989
460.028
460.067
460.106
460.147
460.189
460.232
460.276
460.321
460.367
460.415
460.463
460.512
460.562
460.612
460.662
460.712
460.762
460.81
460.858
460.904
460.948
460.991
461.031
461.07
461.106
461.139
461.17
461.198
461.223
461.245
461.265
461.281
461.295
461.306
461.315
461.321
461.324
461.326
461.325
461.322
461.318
461.311
461.304
461.295
461.286
461.275
461.264
461.252
461.241
461.229
461.218
461.207
461.197
461.188
461.18
461.173
461.169
461.166
461.165
461.167
461.171
461.178
461.187
461.2
461.215
461.232
461.252
461.274
461.297
461.32
461.342
461.364
461.386
461.41
461.436
461.464
461.491
461.509
461.523
449.116
449.171
449.226
449.289
449.35
449.409
449.464
449.516
449.566
449.616
449.664
449.712
449.758
449.803
449.846
449.888
449.928
449.968
450.007
450.045
450.083
450.122
450.16
450.2
450.24
450.282
450.324
450.368
450.413
450.46
450.507
450.555
450.604
450.654
450.703
450.753
450.803
450.852
450.9
450.948
450.994
451.038
451.081
451.121
451.159
451.195
451.229
451.259
451.287
451.312
451.335
451.354
451.371
451.385
451.396
451.405
451.411
451.415
451.416
451.416
451.413
451.409
451.404
451.396
451.388
451.379
451.369
451.358
451.347
451.336
451.325
451.314
451.304
451.294
451.285
451.278
451.272
451.267
451.265
451.264
451.266
451.27
451.277
451.287
451.299
451.314
451.331
451.351
451.373
451.395
451.417
451.439
451.461
451.483
451.506
451.533
451.56
451.587
451.604
451.617
439.213
439.267
439.322
439.385
439.446
439.505
439.56
439.612
439.662
439.711
439.76
439.807
439.853
439.898
439.941
439.983
440.023
440.062
440.101
440.139
440.177
440.215
440.254
440.293
440.334
440.375
440.417
440.461
440.506
440.552
440.599
440.647
440.696
440.745
440.795
440.844
440.894
440.943
440.991
441.038
441.084
441.128
441.171
441.211
441.249
441.285
441.318
441.349
441.377
441.402
441.424
441.444
441.461
441.475
441.486
441.495
441.501
441.505
441.507
441.507
441.505
441.501
441.495
441.489
441.481
441.472
441.462
441.452
441.442
441.431
441.42
441.41
441.4
441.391
441.383
441.375
441.37
441.366
441.363
441.363
441.365
441.37
441.376
441.386
441.398
441.413
441.43
441.45
441.471
441.493
441.515
441.537
441.558
441.579
441.603
441.629
441.656
441.683
441.699
441.712
429.31
429.363
429.418
429.481
429.542
429.601
429.656
429.708
429.758
429.807
429.855
429.902
429.949
429.993
430.036
430.078
430.118
430.157
430.195
430.233
430.271
430.309
430.348
430.387
430.427
430.468
430.51
430.554
430.598
430.644
430.691
430.739
430.787
430.836
430.886
430.935
430.985
431.033
431.081
431.128
431.174
431.218
431.26
431.301
431.339
431.374
431.408
431.438
431.466
431.491
431.514
431.533
431.55
431.564
431.576
431.585
431.591
431.595
431.597
431.597
431.596
431.592
431.587
431.581
431.573
431.565
431.556
431.546
431.536
431.526
431.516
431.506
431.496
431.487
431.48
431.473
431.468
431.464
431.462
431.462
431.464
431.469
431.476
431.485
431.497
431.512
431.529
431.549
431.569
431.591
431.613
431.634
431.655
431.676
431.699
431.725
431.752
431.778
431.794
431.806
419.407
419.46
419.515
419.577
419.638
419.697
419.752
419.804
419.854
419.902
419.951
419.998
420.044
420.088
420.131
420.173
420.213
420.252
420.29
420.328
420.365
420.403
420.441
420.48
420.52
420.561
420.603
420.646
420.691
420.736
420.783
420.831
420.879
420.928
420.977
421.027
421.076
421.124
421.172
421.219
421.264
421.308
421.35
421.391
421.428
421.464
421.497
421.528
421.556
421.581
421.603
421.623
421.64
421.654
421.665
421.674
421.681
421.685
421.688
421.688
421.686
421.683
421.678
421.672
421.665
421.657
421.649
421.639
421.63
421.62
421.61
421.601
421.592
421.584
421.576
421.57
421.565
421.562
421.56
421.561
421.563
421.568
421.575
421.584
421.597
421.611
421.628
421.647
421.668
421.689
421.711
421.732
421.752
421.773
421.796
421.821
421.848
421.874
421.889
421.9
409.503
409.556
409.611
409.673
409.734
409.793
409.848
409.899
409.949
409.998
410.046
410.093
410.139
410.184
410.226
410.268
410.307
410.346
410.384
410.422
410.459
410.497
410.535
410.574
410.614
410.654
410.696
410.739
410.783
410.829
410.875
410.923
410.971
411.02
411.069
411.118
411.167
411.215
411.263
411.309
411.355
411.398
411.44
411.48
411.518
411.554
411.587
411.617
411.645
411.67
411.693
411.712
411.729
411.743
411.755
411.764
411.771
411.775
411.778
411.778
411.777
411.774
411.77
411.764
411.757
411.749
411.741
411.732
411.723
411.714
411.705
411.696
411.687
411.679
411.673
411.667
411.662
411.659
411.658
411.659
411.662
411.667
411.674
411.684
411.696
411.71
411.727
411.746
411.767
411.788
411.809
411.829
411.849
411.87
411.892
411.917
411.944
411.969
411.984
411.994
399.6
399.653
399.707
399.769
399.83
399.889
399.944
399.995
400.045
400.094
400.142
400.189
400.235
400.279
400.322
400.363
400.402
400.441
400.479
400.516
400.554
400.591
400.629
400.668
400.707
400.748
400.789
400.832
400.876
400.922
400.968
401.015
401.063
401.111
401.16
401.209
401.258
401.306
401.354
401.4
401.445
401.489
401.531
401.57
401.608
401.644
401.677
401.707
401.735
401.76
401.782
401.802
401.819
401.833
401.845
401.854
401.861
401.865
401.868
401.868
401.867
401.865
401.86
401.855
401.849
401.841
401.833
401.825
401.816
401.807
401.799
401.79
401.782
401.775
401.768
401.763
401.759
401.757
401.756
401.757
401.76
401.765
401.773
401.783
401.795
401.81
401.826
401.845
401.865
401.886
401.907
401.927
401.947
401.967
401.989
402.014
402.04
402.065
402.078
402.088
389.697
389.749
389.803
389.865
389.926
389.985
390.04
390.092
390.141
390.19
390.238
390.285
390.33
390.374
390.417
390.458
390.497
390.536
390.574
390.611
390.648
390.685
390.723
390.762
390.801
390.841
390.883
390.925
390.969
391.014
391.06
391.107
391.155
391.203
391.252
391.301
391.349
391.397
391.445
391.491
391.536
391.579
391.621
391.661
391.698
391.734
391.766
391.797
391.824
391.849
391.872
391.891
391.908
391.922
391.934
391.943
391.95
391.955
391.958
391.958
391.957
391.955
391.951
391.946
391.94
391.933
391.925
391.917
391.909
391.9
391.892
391.884
391.876
391.87
391.864
391.859
391.856
391.854
391.853
391.855
391.858
391.864
391.871
391.882
391.894
391.909
391.926
391.944
391.964
391.985
392.005
392.025
392.044
392.064
392.086
392.11
392.136
392.16
392.173
392.182
379.793
379.846
379.899
379.961
380.022
380.081
380.136
380.188
380.237
380.286
380.334
380.381
380.426
380.47
380.512
380.553
380.592
380.631
380.668
380.706
380.743
380.78
380.817
380.856
380.895
380.935
380.976
381.019
381.062
381.107
381.153
381.2
381.247
381.296
381.344
381.392
381.441
381.489
381.536
381.582
381.627
381.67
381.711
381.751
381.788
381.824
381.856
381.886
381.914
381.939
381.961
381.981
381.997
382.012
382.023
382.033
382.04
382.044
382.047
382.048
382.047
382.045
382.041
382.036
382.03
382.024
382.016
382.009
382.001
381.993
381.985
381.977
381.97
381.964
381.959
381.954
381.952
381.95
381.95
381.952
381.956
381.962
381.97
381.98
381.993
382.008
382.025
382.043
382.063
382.084
382.104
382.123
382.142
382.162
382.183
382.207
382.232
382.256
382.268
382.276
369.89
369.943
369.996
370.057
370.118
370.177
370.232
370.284
370.334
370.382
370.43
370.476
370.522
370.566
370.608
370.648
370.688
370.726
370.763
370.8
370.837
370.874
370.912
370.95
370.989
371.029
371.07
371.112
371.156
371.2
371.246
371.293
371.34
371.388
371.436
371.484
371.533
371.58
371.627
371.673
371.718
371.761
371.802
371.841
371.879
371.914
371.946
371.976
372.004
372.029
372.051
372.07
372.087
372.101
372.113
372.122
372.129
372.134
372.137
372.137
372.137
372.134
372.131
372.126
372.121
372.114
372.107
372.1
372.092
372.085
372.077
372.07
372.064
372.058
372.053
372.049
372.047
372.046
372.047
372.049
372.054
372.06
372.069
372.079
372.092
372.107
372.124
372.143
372.162
372.183
372.203
372.222
372.24
372.259
372.28
372.303
372.328
372.351
372.362
372.37
359.987
360.039
360.092
360.154
360.215
360.273
360.328
360.38
360.43
360.478
360.526
360.572
360.618
360.661
360.703
360.744
360.783
360.821
360.858
360.895
360.932
360.969
361.006
361.044
361.083
361.123
361.164
361.206
361.249
361.294
361.339
361.386
361.433
361.481
361.529
361.577
361.625
361.672
361.719
361.764
361.809
361.852
361.893
361.932
361.969
362.004
362.036
362.066
362.094
362.118
362.14
362.16
362.176
362.19
362.202
362.211
362.218
362.223
362.226
362.227
362.226
362.224
362.22
362.216
362.21
362.204
362.197
362.19
362.183
362.176
362.169
362.162
362.156
362.151
362.147
362.144
362.142
362.142
362.143
362.146
362.151
362.158
362.167
362.178
362.191
362.206
362.223
362.242
362.262
362.282
362.301
362.32
362.338
362.357
362.377
362.4
362.424
362.447
362.457
362.463
350.083
350.136
350.189
350.25
350.311
350.37
350.425
350.477
350.526
350.575
350.622
350.669
350.714
350.757
350.799
350.84
350.879
350.917
350.954
350.99
351.027
351.064
351.101
351.139
351.177
351.217
351.258
351.3
351.343
351.387
351.433
351.479
351.526
351.573
351.621
351.669
351.717
351.764
351.811
351.856
351.9
351.943
351.984
352.023
352.06
352.095
352.127
352.156
352.184
352.208
352.23
352.249
352.266
352.28
352.291
352.3
352.307
352.312
352.315
352.316
352.315
352.313
352.309
352.305
352.3
352.294
352.287
352.28
352.274
352.267
352.26
352.254
352.249
352.244
352.24
352.238
352.237
352.237
352.239
352.242
352.248
352.255
352.265
352.276
352.29
352.305
352.322
352.341
352.361
352.381
352.4
352.419
352.436
352.454
352.474
352.497
352.52
352.542
352.551
352.557
340.18
340.232
340.285
340.346
340.408
340.466
340.521
340.573
340.623
340.671
340.718
340.765
340.81
340.853
340.895
340.935
340.974
341.012
341.049
341.086
341.122
341.159
341.196
341.234
341.272
341.312
341.352
341.394
341.437
341.481
341.526
341.572
341.619
341.666
341.714
341.762
341.809
341.856
341.903
341.948
341.992
342.034
342.075
342.114
342.151
342.185
342.217
342.247
342.274
342.298
342.32
342.339
342.355
342.369
342.38
342.389
342.396
342.401
342.403
342.404
342.404
342.401
342.398
342.394
342.389
342.383
342.376
342.37
342.363
342.357
342.351
342.345
342.34
342.336
342.333
342.331
342.331
342.332
342.334
342.339
342.345
342.353
342.363
342.375
342.388
342.404
342.422
342.441
342.46
342.48
342.499
342.517
342.534
342.552
342.571
342.593
342.616
342.637
342.645
342.65
330.277
330.329
330.382
330.443
330.504
330.563
330.618
330.67
330.719
330.768
330.815
330.861
330.906
330.949
330.991
331.031
331.07
331.108
331.145
331.181
331.218
331.254
331.291
331.328
331.367
331.406
331.447
331.488
331.531
331.575
331.62
331.666
331.713
331.76
331.807
331.855
331.902
331.949
331.995
332.04
332.084
332.126
332.167
332.205
332.242
332.276
332.308
332.337
332.364
332.388
332.41
332.428
332.445
332.458
332.469
332.478
332.485
332.489
332.492
332.493
332.492
332.49
332.486
332.482
332.477
332.471
332.465
332.459
332.453
332.446
332.441
332.436
332.431
332.428
332.425
332.424
332.424
332.426
332.429
332.434
332.441
332.45
332.46
332.473
332.487
332.503
332.521
332.54
332.56
332.579
332.598
332.616
332.632
332.649
332.668
332.69
332.712
332.732
332.739
332.744
320.374
320.426
320.478
320.54
320.601
320.66
320.715
320.767
320.816
320.864
320.912
320.958
321.003
321.046
321.087
321.127
321.166
321.204
321.241
321.277
321.313
321.349
321.386
321.424
321.462
321.501
321.542
321.583
321.626
321.669
321.714
321.76
321.806
321.853
321.901
321.948
321.995
322.042
322.088
322.133
322.176
322.218
322.259
322.297
322.333
322.367
322.399
322.428
322.454
322.478
322.5
322.518
322.534
322.548
322.559
322.567
322.574
322.578
322.58
322.581
322.58
322.578
322.574
322.57
322.565
322.559
322.553
322.547
322.541
322.535
322.53
322.525
322.521
322.518
322.517
322.516
322.517
322.52
322.524
322.529
322.537
322.546
322.558
322.571
322.586
322.602
322.62
322.639
322.659
322.679
322.697
322.714
322.731
322.747
322.765
322.786
322.807
322.828
322.833
322.837
310.47
310.523
310.575
310.636
310.698
310.757
310.812
310.864
310.913
310.961
311.008
311.054
311.099
311.142
311.184
311.224
311.262
311.3
311.336
311.373
311.409
311.445
311.482
311.519
311.557
311.596
311.637
311.678
311.72
311.764
311.809
311.854
311.901
311.947
311.995
312.042
312.089
312.135
312.181
312.225
312.269
312.311
312.351
312.389
312.425
312.459
312.49
312.519
312.545
312.569
312.59
312.608
312.624
312.637
312.648
312.656
312.662
312.666
312.668
312.669
312.668
312.665
312.662
312.657
312.652
312.647
312.641
312.635
312.629
312.624
312.619
312.614
312.611
312.609
312.608
312.608
312.609
312.613
312.618
312.624
312.633
312.643
312.655
312.669
312.684
312.701
312.719
312.739
312.758
312.778
312.796
312.813
312.829
312.845
312.862
312.883
312.903
312.922
312.927
312.93
300.567
300.62
300.672
300.733
300.795
300.854
300.909
300.961
301.01
301.058
301.105
301.151
301.196
301.239
301.28
301.32
301.359
301.396
301.433
301.469
301.505
301.541
301.578
301.615
301.653
301.692
301.732
301.773
301.815
301.859
301.904
301.949
301.995
302.042
302.089
302.136
302.182
302.229
302.274
302.318
302.362
302.403
302.443
302.481
302.517
302.55
302.581
302.61
302.636
302.659
302.68
302.698
302.713
302.726
302.737
302.745
302.751
302.754
302.756
302.756
302.755
302.753
302.749
302.744
302.739
302.734
302.728
302.722
302.716
302.711
302.707
302.703
302.7
302.698
302.698
302.699
302.701
302.705
302.711
302.719
302.728
302.739
302.752
302.766
302.782
302.8
302.819
302.838
302.858
302.877
302.895
302.912
302.927
302.942
302.959
302.979
302.999
303.017
303.021
303.023
290.664
290.717
290.769
290.83
290.892
290.951
291.006
291.058
291.107
291.155
291.202
291.248
291.293
291.336
291.377
291.417
291.455
291.492
291.529
291.565
291.601
291.637
291.673
291.711
291.748
291.787
291.827
291.869
291.911
291.954
291.999
292.044
292.09
292.136
292.183
292.23
292.276
292.322
292.368
292.412
292.455
292.496
292.536
292.573
292.609
292.642
292.673
292.701
292.727
292.75
292.77
292.788
292.803
292.815
292.826
292.833
292.839
292.842
292.844
292.844
292.842
292.84
292.836
292.831
292.826
292.82
292.814
292.809
292.803
292.798
292.794
292.791
292.788
292.787
292.788
292.789
292.793
292.798
292.804
292.813
292.823
292.835
292.848
292.864
292.88
292.899
292.918
292.937
292.957
292.977
292.994
293.011
293.025
293.04
293.056
293.075
293.094
293.112
293.114
293.116
280.761
280.814
280.866
280.927
280.989
281.048
281.103
281.155
281.205
281.253
281.3
281.346
281.39
281.433
281.474
281.514
281.552
281.589
281.626
281.661
281.697
281.733
281.77
281.807
281.844
281.883
281.923
281.964
282.006
282.05
282.094
282.139
282.185
282.231
282.278
282.324
282.371
282.416
282.461
282.505
282.548
282.589
282.629
282.666
282.701
282.734
282.764
282.792
282.818
282.84
282.86
282.878
282.893
282.905
282.914
282.922
282.927
282.93
282.931
282.931
282.929
282.926
282.922
282.917
282.912
282.906
282.9
282.895
282.889
282.885
282.881
282.878
282.876
282.876
282.877
282.879
282.883
282.889
282.897
282.906
282.917
282.93
282.945
282.961
282.978
282.997
283.017
283.037
283.057
283.076
283.093
283.109
283.123
283.137
283.153
283.171
283.189
283.206
283.207
283.208
270.858
270.911
270.963
271.024
271.086
271.145
271.201
271.253
271.302
271.35
271.397
271.443
271.487
271.53
271.571
271.611
271.649
271.686
271.722
271.758
271.794
271.83
271.866
271.903
271.941
271.979
272.019
272.06
272.102
272.145
272.189
272.234
272.28
272.326
272.373
272.419
272.465
272.511
272.556
272.599
272.642
272.683
272.722
272.759
272.794
272.826
272.856
272.884
272.909
272.931
272.951
272.968
272.982
272.994
273.003
273.01
273.015
273.018
273.019
273.018
273.016
273.012
273.008
273.003
272.997
272.991
272.986
272.98
272.975
272.97
272.967
272.964
272.963
272.963
272.965
272.968
272.973
272.98
272.989
272.999
273.012
273.025
273.041
273.058
273.076
273.095
273.116
273.136
273.156
273.175
273.192
273.208
273.221
273.235
273.249
273.267
273.284
273.3
273.3
273.3
260.955
261.008
261.06
261.122
261.184
261.243
261.299
261.351
261.4
261.448
261.495
261.54
261.585
261.627
261.668
261.708
261.746
261.783
261.819
261.855
261.891
261.926
261.963
261.999
262.037
262.076
262.116
262.156
262.198
262.241
262.285
262.33
262.376
262.422
262.468
262.514
262.56
262.606
262.65
262.694
262.736
262.776
262.815
262.852
262.887
262.919
262.949
262.976
263
263.022
263.042
263.058
263.072
263.083
263.092
263.099
263.103
263.105
263.106
263.105
263.102
263.098
263.093
263.088
263.082
263.076
263.07
263.065
263.06
263.055
263.052
263.05
263.049
263.05
263.053
263.057
263.063
263.071
263.08
263.092
263.105
263.12
263.137
263.155
263.174
263.194
263.214
263.235
263.255
263.274
263.291
263.306
263.319
263.332
263.346
263.362
263.379
263.394
263.393
263.392
251.052
251.105
251.158
251.219
251.281
251.341
251.397
251.449
251.498
251.546
251.593
251.638
251.682
251.725
251.766
251.805
251.843
251.88
251.916
251.952
251.988
252.023
252.059
252.096
252.134
252.172
252.212
252.253
252.295
252.338
252.382
252.426
252.472
252.518
252.564
252.61
252.655
252.701
252.745
252.788
252.83
252.871
252.909
252.945
252.98
253.012
253.041
253.068
253.092
253.114
253.132
253.148
253.162
253.173
253.181
253.187
253.191
253.193
253.193
253.191
253.188
253.184
253.179
253.173
253.167
253.161
253.155
253.149
253.144
253.14
253.137
253.135
253.135
253.137
253.14
253.145
253.152
253.161
253.171
253.184
253.199
253.215
253.232
253.251
253.271
253.291
253.313
253.334
253.354
253.373
253.39
253.404
253.416
253.428
253.442
253.458
253.473
253.487
253.485
253.484
241.15
241.203
241.255
241.317
241.379
241.439
241.495
241.547
241.596
241.644
241.691
241.736
241.78
241.823
241.864
241.903
241.941
241.978
242.014
242.049
242.085
242.12
242.157
242.193
242.231
242.269
242.309
242.349
242.391
242.434
242.478
242.523
242.568
242.614
242.66
242.705
242.751
242.796
242.84
242.883
242.925
242.965
243.003
243.039
243.073
243.105
243.134
243.16
243.184
243.205
243.223
243.239
243.252
243.262
243.27
243.275
243.279
243.28
243.279
243.277
243.274
243.269
243.263
243.257
243.251
243.244
243.238
243.233
243.228
243.224
243.221
243.22
243.22
243.222
243.226
243.232
243.24
243.25
243.262
243.276
243.291
243.308
243.327
243.347
243.368
243.389
243.411
243.432
243.453
243.472
243.488
243.502
243.514
243.525
243.537
243.553
243.567
243.58
243.577
243.575
231.247
231.301
231.353
231.415
231.477
231.537
231.593
231.645
231.695
231.743
231.789
231.834
231.878
231.921
231.961
232.001
232.038
232.075
232.111
232.147
232.182
232.218
232.254
232.29
232.328
232.366
232.406
232.446
232.488
232.531
232.575
232.619
232.664
232.71
232.756
232.801
232.847
232.892
232.935
232.978
233.02
233.059
233.097
233.133
233.167
233.198
233.226
233.252
233.276
233.296
233.314
233.329
233.342
233.351
233.359
233.364
233.366
233.367
233.366
233.363
233.359
233.354
233.348
233.341
233.334
233.328
233.321
233.316
233.311
233.307
233.305
233.304
233.305
233.307
233.312
233.319
233.328
233.339
233.352
233.367
233.384
233.402
233.422
233.442
233.464
233.486
233.509
233.53
233.551
233.57
233.586
233.599
233.61
233.621
233.633
233.647
233.661
233.673
233.668
233.665
221.345
221.398
221.451
221.513
221.575
221.636
221.692
221.744
221.793
221.841
221.888
221.933
221.977
222.019
222.06
222.099
222.136
222.173
222.209
222.244
222.28
222.315
222.351
222.388
222.425
222.464
222.503
222.543
222.585
222.628
222.671
222.716
222.761
222.806
222.852
222.898
222.943
222.987
223.031
223.074
223.115
223.154
223.192
223.227
223.26
223.291
223.319
223.345
223.368
223.388
223.405
223.42
223.431
223.441
223.447
223.452
223.454
223.454
223.452
223.448
223.444
223.438
223.431
223.424
223.417
223.41
223.404
223.398
223.393
223.389
223.387
223.387
223.388
223.392
223.397
223.405
223.415
223.427
223.441
223.457
223.475
223.495
223.516
223.537
223.56
223.583
223.606
223.628
223.649
223.668
223.684
223.696
223.707
223.716
223.727
223.741
223.754
223.766
223.76
223.755
211.443
211.496
211.549
211.611
211.674
211.734
211.791
211.843
211.893
211.94
211.986
212.032
212.075
212.117
212.158
212.197
212.235
212.271
212.307
212.342
212.378
212.413
212.449
212.485
212.523
212.561
212.6
212.641
212.682
212.725
212.768
212.813
212.858
212.903
212.948
212.994
213.039
213.083
213.127
213.169
213.21
213.249
213.286
213.321
213.354
213.384
213.412
213.437
213.459
213.479
213.496
213.509
213.521
213.529
213.535
213.539
213.54
213.54
213.537
213.533
213.528
213.521
213.514
213.507
213.499
213.492
213.485
213.479
213.474
213.471
213.469
213.469
213.471
213.475
213.481
213.49
213.501
213.514
213.53
213.547
213.566
213.587
213.609
213.632
213.655
213.679
213.703
213.725
213.746
213.765
213.781
213.793
213.802
213.811
213.822
213.835
213.848
213.858
213.85
213.845
201.542
201.595
201.647
201.709
201.773
201.834
201.89
201.943
201.992
202.039
202.086
202.131
202.174
202.216
202.257
202.296
202.333
202.369
202.405
202.44
202.475
202.511
202.547
202.583
202.62
202.658
202.698
202.738
202.78
202.822
202.865
202.91
202.954
203
203.045
203.09
203.135
203.179
203.222
203.264
203.305
203.343
203.38
203.415
203.447
203.477
203.504
203.529
203.55
203.569
203.585
203.599
203.609
203.617
203.623
203.625
203.626
203.625
203.622
203.617
203.611
203.604
203.596
203.588
203.58
203.572
203.565
203.559
203.554
203.551
203.549
203.549
203.552
203.557
203.564
203.574
203.586
203.6
203.617
203.636
203.656
203.678
203.701
203.725
203.75
203.774
203.799
203.822
203.843
203.862
203.877
203.888
203.897
203.906
203.916
203.928
203.94
203.95
203.941
203.933
191.64
191.693
191.746
191.808
191.872
191.933
191.99
192.043
192.092
192.139
192.185
192.23
192.274
192.316
192.356
192.394
192.432
192.468
192.504
192.539
192.574
192.609
192.645
192.681
192.718
192.756
192.795
192.835
192.877
192.919
192.962
193.007
193.051
193.096
193.141
193.186
193.231
193.274
193.317
193.359
193.399
193.437
193.474
193.508
193.54
193.569
193.596
193.619
193.641
193.659
193.674
193.687
193.697
193.704
193.708
193.71
193.71
193.708
193.704
193.698
193.692
193.684
193.675
193.667
193.658
193.65
193.643
193.636
193.631
193.628
193.627
193.628
193.631
193.637
193.645
193.656
193.67
193.685
193.704
193.724
193.745
193.769
193.793
193.818
193.844
193.869
193.894
193.917
193.939
193.957
193.972
193.983
193.992
193.999
194.009
194.021
194.033
194.041
194.031
194.022
181.739
181.792
181.844
181.907
181.972
182.034
182.091
182.143
182.193
182.24
182.286
182.331
182.374
182.416
182.456
182.494
182.531
182.567
182.603
182.638
182.672
182.707
182.743
182.779
182.816
182.854
182.893
182.933
182.974
183.016
183.06
183.103
183.148
183.192
183.237
183.282
183.326
183.369
183.412
183.453
183.492
183.53
183.566
183.599
183.631
183.659
183.685
183.708
183.728
183.746
183.76
183.772
183.781
183.787
183.791
183.792
183.79
183.787
183.782
183.776
183.768
183.759
183.75
183.741
183.732
183.723
183.715
183.709
183.704
183.701
183.701
183.703
183.707
183.714
183.724
183.736
183.751
183.769
183.789
183.81
183.834
183.858
183.884
183.91
183.937
183.963
183.988
184.012
184.033
184.051
184.066
184.076
184.084
184.091
184.1
184.112
184.123
184.132
184.121
184.109
171.839
171.892
171.945
172.008
172.074
172.136
172.194
172.246
172.296
172.343
172.388
172.433
172.476
172.517
172.557
172.595
172.632
172.668
172.703
172.737
172.772
172.807
172.842
172.878
172.914
172.952
172.99
173.03
173.071
173.112
173.155
173.198
173.242
173.286
173.33
173.374
173.417
173.459
173.501
173.541
173.579
173.616
173.65
173.683
173.713
173.74
173.764
173.786
173.805
173.82
173.833
173.843
173.85
173.855
173.857
173.856
173.853
173.848
173.842
173.834
173.825
173.815
173.805
173.795
173.785
173.776
173.769
173.763
173.759
173.758
173.759
173.763
173.77
173.78
173.793
173.808
173.827
173.848
173.871
173.895
173.922
173.949
173.976
174.004
174.031
174.057
174.082
174.105
174.126
174.142
174.155
174.163
174.168
174.174
174.181
174.193
174.205
174.215
174.204
174.194
161.94
161.995
162.05
162.115
162.181
162.245
162.303
162.355
162.404
162.45
162.495
162.539
162.581
162.622
162.661
162.698
162.734
162.769
162.803
162.837
162.87
162.904
162.938
162.973
163.008
163.044
163.081
163.119
163.158
163.198
163.238
163.279
163.32
163.361
163.402
163.443
163.483
163.522
163.56
163.597
163.632
163.665
163.695
163.724
163.75
163.773
163.793
163.81
163.825
163.836
163.845
163.85
163.853
163.853
163.851
163.846
163.839
163.831
163.821
163.81
163.799
163.787
163.776
163.766
163.757
163.75
163.745
163.743
163.744
163.749
163.757
163.768
163.784
163.803
163.825
163.851
163.879
163.909
163.941
163.974
164.007
164.04
164.071
164.101
164.129
164.155
164.177
164.196
164.211
164.221
164.225
164.226
164.224
164.222
164.225
164.235
164.249
164.265
164.261
164.266
152.048
152.109
152.169
152.237
152.306
152.371
152.428
152.48
152.527
152.571
152.614
152.655
152.694
152.732
152.768
152.802
152.835
152.866
152.897
152.927
152.957
152.987
153.017
153.047
153.077
153.108
153.138
153.17
153.201
153.233
153.265
153.297
153.329
153.361
153.391
153.422
153.451
153.478
153.504
153.529
153.551
153.572
153.59
153.605
153.618
153.627
153.634
153.638
153.639
153.637
153.632
153.624
153.614
153.601
153.587
153.57
153.553
153.535
153.518
153.5
153.485
153.471
153.46
153.452
153.448
153.45
153.456
153.469
153.487
153.512
153.543
153.581
153.624
153.673
153.726
153.782
153.841
153.9
153.959
154.016
154.07
154.119
154.163
154.2
154.229
154.25
154.263
154.267
154.263
154.251
154.231
154.206
154.18
154.158
154.147
154.152
154.17
154.206
154.23
154.297
142.172
142.252
142.323
142.4
142.473
142.539
142.595
142.643
142.685
142.722
142.757
142.79
142.82
142.849
142.875
142.899
142.922
142.943
142.963
142.982
143
143.017
143.032
143.047
143.061
143.073
143.085
143.095
143.104
143.111
143.117
143.122
143.124
143.125
143.125
143.122
143.117
143.11
143.101
143.089
143.075
143.058
143.039
143.016
142.991
142.962
142.93
142.896
142.858
142.818
142.776
142.731
142.686
142.639
142.592
142.547
142.503
142.461
142.424
142.393
142.368
142.351
142.343
142.346
142.36
142.387
142.428
142.482
142.551
142.634
142.731
142.84
142.961
143.091
143.228
143.369
143.511
143.65
143.783
143.907
144.019
144.114
144.192
144.249
144.284
144.296
144.284
144.251
144.197
144.126
144.042
143.952
143.865
143.792
143.745
143.739
143.774
143.868
143.975
144.225
132.328
132.445
132.537
132.628
132.707
132.774
132.825
132.864
132.893
132.915
132.932
132.945
132.955
132.962
132.966
132.967
132.966
132.963
132.957
132.949
132.938
132.924
132.907
132.886
132.861
132.833
132.799
132.762
132.719
132.672
132.621
132.564
132.504
132.438
132.369
132.296
132.218
132.137
132.053
131.965
131.874
131.779
131.682
131.581
131.477
131.37
131.261
131.149
131.035
130.92
130.805
130.689
130.575
130.464
130.357
130.256
130.163
130.08
130.009
129.953
129.915
129.895
129.898
129.925
129.977
130.057
130.166
130.304
130.471
130.666
130.889
131.135
131.403
131.689
131.986
132.288
132.588
132.879
133.155
133.409
133.634
133.823
133.971
134.075
134.129
134.134
134.089
133.997
133.864
133.697
133.507
133.309
133.121
132.966
132.867
132.852
132.93
133.142
133.413
134.012
122.506
122.651
122.759
122.86
122.943
123.006
123.049
123.075
123.088
123.09
123.086
123.076
123.062
123.043
123.02
122.994
122.965
122.931
122.895
122.854
122.809
122.758
122.702
122.64
122.571
122.495
122.412
122.32
122.221
122.115
122
121.878
121.75
121.614
121.473
121.325
121.172
121.015
120.853
120.687
120.517
120.344
120.168
119.989
119.808
119.624
119.439
119.253
119.066
118.88
118.696
118.515
118.338
118.168
118.006
117.856
117.72
117.6
117.501
117.425
117.376
117.356
117.369
117.418
117.506
117.633
117.802
118.013
118.266
118.559
118.89
119.255
119.65
120.069
120.504
120.945
121.383
121.808
122.211
122.582
122.913
123.193
123.416
123.575
123.666
123.688
123.64
123.528
123.359
123.144
122.899
122.644
122.404
122.211
122.095
122.097
122.228
122.553
122.972
123.876
112.672
112.809
112.911
113.006
113.081
113.137
113.173
113.191
113.195
113.188
113.174
113.154
113.129
113.1
113.066
113.028
112.986
112.941
112.891
112.836
112.777
112.712
112.64
112.562
112.477
112.384
112.283
112.174
112.057
111.931
111.798
111.657
111.508
111.352
111.19
111.023
110.849
110.671
110.488
110.301
110.111
109.917
109.72
109.522
109.321
109.118
108.915
108.711
108.508
108.306
108.107
107.912
107.722
107.54
107.368
107.208
107.063
106.936
106.83
106.748
106.694
106.67
106.68
106.726
106.811
106.936
107.104
107.313
107.565
107.857
108.188
108.553
108.949
109.37
109.807
110.252
110.697
111.131
111.546
111.932
112.281
112.584
112.834
113.024
113.15
113.211
113.208
113.144
113.026
112.865
112.675
112.476
112.29
112.149
112.082
112.125
112.289
112.643
113.073
114.014
102.829
102.937
103.019
103.099
103.162
103.21
103.24
103.253
103.254
103.246
103.231
103.21
103.185
103.155
103.121
103.084
103.042
102.996
102.946
102.892
102.832
102.768
102.698
102.622
102.539
102.45
102.353
102.25
102.139
102.021
101.896
101.765
101.627
101.482
101.332
101.176
101.016
100.85
100.681
100.507
100.331
100.151
99.9683
99.7836
99.5971
99.4092
99.2204
99.0315
98.8432
98.6564
98.4722
98.2918
98.1166
97.9484
97.789
97.6404
97.5051
97.3853
97.2838
97.203
97.1458
97.1148
97.1124
97.141
97.2025
97.2985
97.4301
97.5978
97.8014
98.04
98.3118
98.6142
98.9438
99.2958
99.6641
100.043
100.424
100.801
101.166
101.512
101.831
102.118
102.365
102.568
102.723
102.829
102.886
102.896
102.864
102.797
102.708
102.61
102.522
102.468
102.47
102.561
102.739
103.07
103.437
104.253
92.9848
93.0625
93.1248
93.1887
93.2401
93.2791
93.3023
93.3119
93.3106
93.3013
93.286
93.2658
93.2413
93.2126
93.1799
93.143
93.1022
93.0572
93.0082
92.9547
92.8968
92.834
92.7661
92.6928
92.6139
92.5291
92.4384
92.3414
92.2384
92.1292
92.0139
91.8927
91.7658
91.6335
91.4959
91.3534
91.2063
91.0549
90.8996
90.7406
90.5784
90.4132
90.2455
90.0757
89.9042
89.7314
89.558
89.3845
89.2116
89.0403
88.8715
88.7061
88.5456
88.3913
88.2448
88.1077
87.9819
87.8694
87.7723
87.6926
87.6325
87.5941
87.5794
87.5902
87.6281
87.6944
87.7902
87.9157
88.0712
88.256
88.469
88.7083
88.9715
89.2551
89.5547
89.8664
90.1848
90.5043
90.8196
91.1251
91.4154
91.6853
91.93
92.1455
92.3289
92.4784
92.5935
92.6755
92.7272
92.7535
92.7616
92.7621
92.7683
92.7985
92.8684
93.0021
93.1924
93.4969
93.7968
94.4736
83.1431
83.1912
83.2339
83.2821
83.3212
83.351
83.3679
83.3734
83.3695
83.3589
83.343
83.3228
83.2985
83.2702
83.2378
83.2012
83.1605
83.1157
83.0666
83.0132
82.9554
82.893
82.826
82.7541
82.6772
82.5952
82.5079
82.4154
82.3176
82.2145
82.1062
81.9928
81.8743
81.751
81.623
81.4904
81.3537
81.2129
81.0684
80.9205
80.7694
80.6155
80.4593
80.301
80.1411
79.9803
79.8189
79.6576
79.4971
79.3382
79.1817
79.0287
78.8801
78.7371
78.6011
78.4733
78.3553
78.2485
78.1546
78.0752
78.012
77.9664
77.9402
77.9346
77.9511
77.9905
78.0538
78.1414
78.2535
78.3899
78.5501
78.7328
78.9367
79.1592
79.3976
79.6501
79.9129
80.1822
80.4544
80.7254
80.9916
81.2491
81.4944
81.7244
81.9367
82.1294
82.3015
82.453
82.5847
82.6991
82.8
82.8939
82.9892
83.0988
83.2321
83.4066
83.6088
83.8889
84.1271
84.6682
73.3032
73.3218
73.3445
73.3765
73.4029
73.423
73.4333
73.4344
73.4281
73.4161
73.3998
73.3796
73.3555
73.3275
73.2954
73.259
73.2182
73.1732
73.1238
73.0701
73.0122
72.9499
72.8832
72.8122
72.7368
72.6569
72.5725
72.4837
72.3905
72.2927
72.1905
72.0839
71.973
71.8577
71.7383
71.6148
71.4873
71.3562
71.2215
71.0835
70.9426
70.799
70.6531
70.5054
70.3563
70.2063
70.056
69.9059
69.7569
69.6095
69.4646
69.323
69.1855
69.0532
68.927
68.8079
68.6971
68.5956
68.5046
68.4253
68.3588
68.3062
68.2687
68.2472
68.2426
68.2559
68.2876
68.3384
68.4084
68.498
68.607
68.7349
68.8814
69.0448
69.2241
69.4194
69.6287
69.8499
70.0807
70.319
70.5626
70.8091
71.0561
71.3016
71.5433
71.7794
72.0084
72.2291
72.4404
72.6422
72.835
73.0213
73.2048
73.3925
73.5881
73.8022
74.0157
74.2706
74.4476
74.8491
63.4651
63.4542
63.4564
63.4713
63.4844
63.4946
63.4979
63.4948
63.486
63.473
63.4564
63.4364
63.4128
63.3853
63.3536
63.3175
63.2769
63.2318
63.1823
63.1284
63.0703
63.0081
62.942
62.8718
62.7979
62.7202
62.6389
62.5538
62.4651
62.3728
62.2767
62.1771
62.0737
61.9666
61.8558
61.7413
61.6233
61.5018
61.377
61.2491
61.1184
60.9852
60.8498
60.7127
60.5744
60.4354
60.2962
60.1576
60.02
59.8843
59.751
59.6209
59.4947
59.373
59.2567
59.1464
59.0428
58.9467
58.8587
58.7795
58.7097
58.6501
58.6012
58.5637
58.5382
58.5253
58.5254
58.5392
58.5672
58.6098
58.6675
58.7405
58.8295
58.9337
59.0536
59.1917
59.3475
59.5203
59.7097
59.9152
60.1362
60.3716
60.6203
60.8811
61.1522
61.4319
61.718
62.0079
62.2989
62.5883
62.8733
63.1521
63.4237
63.6894
63.9465
64.1993
64.4232
64.6509
64.7655
65.0216
53.6285
53.5886
53.57
53.5674
53.5668
53.5666
53.5629
53.5554
53.5444
53.5304
53.5137
53.4941
53.4712
53.4444
53.4133
53.3777
53.3373
53.2923
53.2428
53.1889
53.1308
53.0689
53.0033
52.9342
52.8619
52.7866
52.7083
52.6271
52.5431
52.4563
52.3666
52.274
52.1783
52.0795
51.9776
51.8723
51.7639
51.6522
51.5375
51.4198
51.2995
51.1768
51.052
50.9258
50.7984
50.6706
50.5428
50.4156
50.2898
50.1658
50.0443
49.9258
49.8109
49.7001
49.5938
49.4923
49.3961
49.3054
49.2205
49.1414
49.0685
49.002
48.9419
48.8885
48.8421
48.803
48.7716
48.7485
48.7345
48.7301
48.7366
48.7549
48.7864
48.8313
48.892
48.9727
49.0749
49.1993
49.3472
49.5197
49.7178
49.9418
50.192
50.4678
50.768
51.0908
51.4334
51.7921
52.1624
52.5389
52.9156
53.2865
53.6455
53.9884
54.3063
54.5966
54.83
55.029
55.0809
55.1878
43.7943
43.7255
43.6858
43.665
43.6501
43.6391
43.628
43.616
43.6025
43.5876
43.5708
43.5516
43.5293
43.5032
43.4726
43.4373
43.3972
43.3521
43.3024
43.2483
43.1902
43.1283
43.0631
42.995
42.9242
42.851
42.7757
42.6983
42.6189
42.5375
42.4541
42.3684
42.2803
42.1897
42.0964
42.0003
41.9013
41.7994
41.6946
41.587
41.4769
41.3646
41.2504
41.1347
41.0182
40.9013
40.7847
40.6689
40.5545
40.4422
40.3323
40.2253
40.1216
40.0214
39.925
39.8322
39.7432
39.6578
39.5757
39.4967
39.4204
39.3467
39.2751
39.2055
39.1379
39.0724
39.0092
38.9489
38.8923
38.8406
38.7954
38.7584
38.732
38.7172
38.7179
38.7408
38.789
38.8647
38.9709
39.1103
39.2854
39.4983
39.7501
40.0413
40.3711
40.7377
41.1378
41.5665
42.0172
42.4821
42.9518
43.4161
43.864
44.2851
44.6645
44.9927
45.2357
45.4052
45.3943
45.3484
33.9621
33.8632
33.8004
33.7593
33.7286
33.7055
33.6859
33.6686
33.652
33.6355
33.6181
33.5987
33.5765
33.5503
33.5196
33.4839
33.443
33.397
33.3461
33.2907
33.2313
33.1684
33.1026
33.0342
32.9638
32.8918
32.8184
32.7438
32.6681
32.5912
32.5131
32.4335
32.3522
32.269
32.1836
32.0957
32.0053
31.9122
31.8164
31.7179
31.617
31.514
31.4092
31.3032
31.1964
31.0894
30.9828
30.8773
30.7734
30.6716
30.5723
30.4758
30.3824
30.2919
30.2043
30.1194
30.0366
29.9553
29.8749
29.7945
29.7134
29.6308
29.5458
29.4578
29.3665
29.2716
29.1734
29.0723
28.9695
28.8665
28.7653
28.6686
28.5799
28.501
28.4374
28.3986
28.3896
28.4141
28.4767
28.5823
28.735
28.9383
29.1948
29.5059
29.8713
30.2892
30.7554
31.264
31.8063
32.3714
32.9463
33.5163
34.0647
34.5748
35.0248
35.3976
35.6542
35.7945
35.7179
35.5087
24.1335
24.0019
23.9133
23.8491
23.8
23.7629
23.7335
23.7095
23.6888
23.6697
23.6507
23.6303
23.6071
23.5799
23.5478
23.5104
23.4674
23.4189
23.3653
23.3071
23.2448
23.1792
23.111
23.0408
22.9693
22.8969
22.8241
22.751
22.6777
22.6043
22.5304
22.4559
22.3805
22.3038
22.2253
22.1449
22.0621
21.9769
21.8891
21.7987
21.706
21.6112
21.5147
21.417
21.3187
21.2204
21.1227
21.0263
20.9316
20.8393
20.7495
20.6625
20.5782
20.4964
20.4167
20.3383
20.2604
20.1819
20.1015
20.0179
19.9297
19.8354
19.7338
19.6237
19.5044
19.3754
19.2366
19.0887
18.933
18.7714
18.6068
18.4425
18.2834
18.1321
17.9963
17.8887
17.8163
17.7843
17.7997
17.8693
17.9992
18.1949
18.4602
18.7977
19.2077
19.6882
20.2345
20.8388
21.4903
22.1748
22.8748
23.5704
24.2385
24.855
25.3906
25.8193
26.0961
26.208
26.0606
25.6722
14.3197
14.1717
14.0682
13.989
13.9282
13.8822
13.8468
13.8194
13.797
13.7775
13.7589
13.7394
13.7173
13.6915
13.6609
13.6251
13.5837
13.537
13.4854
13.4293
13.3696
13.3069
13.2422
13.1761
13.1095
13.0428
12.9765
12.9108
12.8459
12.7817
12.718
12.6544
12.5906
12.5261
12.4606
12.3935
12.3246
12.2535
12.1802
12.1046
12.0268
11.9471
11.8659
11.7837
11.7009
11.6183
11.5364
11.4559
11.3772
11.3006
11.2266
11.155
11.0857
11.0182
10.9518
10.8857
10.8184
10.7486
10.6747
10.5949
10.5073
10.4101
10.3017
10.1805
10.0455
9.89602
9.73185
9.55361
9.36266
9.16119
8.95244
8.74042
8.53052
8.32541
8.13625
7.97603
7.85257
7.77271
7.74479
7.777
7.87687
8.05091
8.3042
8.63994
9.059
9.5595
10.1364
10.7812
11.4816
12.2217
12.9815
13.7378
14.4637
15.1302
15.7035
16.1517
16.4279
16.5087
16.3127
15.7983
4.54115
4.45591
4.39531
4.34839
4.31308
4.2874
4.26905
4.2559
4.2463
4.23878
4.23207
4.22499
4.21658
4.20606
4.19289
4.17673
4.15748
4.13521
4.11016
4.08271
4.05328
4.02239
3.99053
3.95819
3.92581
3.89373
3.86221
3.83143
3.80143
3.77217
3.74353
3.7153
3.68724
3.65906
3.63048
3.60123
3.57107
3.53985
3.50743
3.4738
3.43901
3.40319
3.36655
3.32935
3.29191
3.25458
3.21769
3.18157
3.14649
3.11264
3.08011
3.04887
3.01875
2.9894
2.96034
2.93088
2.90022
2.86737
2.83126
2.79071
2.74452
2.6915
2.63054
2.56066
2.4811
2.39138
2.29139
2.18144
2.06235
1.93547
1.80276
1.66674
1.53065
1.39583
1.27242
1.16521
1.07854
1.0178
0.988399
0.995567
1.04414
1.1383
1.28138
1.47551
1.72138
2.01799
2.36235
2.74932
3.17141
3.61876
4.07908
4.53785
4.97826
5.38198
5.72796
5.9957
6.15787
6.19721
6.07215
5.73715
-0.317634
-0.308995
-0.300384
-0.291809
-0.283245
-0.274689
-0.266136
-0.257587
-0.249043
-0.240503
-0.231967
-0.223434
-0.214903
-0.206375
-0.197848
-0.189322
-0.180797
-0.172273
-0.163751
-0.15523
-0.14671
-0.13819
-0.129672
-0.121154
-0.112636
-0.104118
-0.0955999
-0.087081
-0.078561
-0.0700396
-0.0615166
-0.0529915
-0.0444642
-0.0359342
-0.0274014
-0.0188656
-0.0103265
-0.00178398
0.00676206
0.0153118
0.0238653
0.0324226
0.0409836
0.0495483
0.0581166
0.0666885
0.0752637
0.083842
0.0924233
0.101007
0.109593
0.118181
0.12677
0.13536
0.14395
0.152539
0.161127
0.169712
0.178295
0.186873
0.195447
0.204016
0.212579
0.221136
0.229686
0.23823
0.246766
0.255296
0.263818
0.272333
0.280842
0.289343
0.297838
0.306326
0.314809
0.323287
0.331761
0.34023
0.348695
0.357158
0.365616
0.374073
0.382528
0.390983
0.399436
0.407888
0.41634
0.424792
0.433245
0.441697
0.450152
0.45861
0.467071
0.475536
0.484004
0.492477
0.500951
0.50945
0.517931
0.52658
-0.323981
-0.315344
-0.306733
-0.298157
-0.289592
-0.281035
-0.272483
-0.263933
-0.255388
-0.246848
-0.238312
-0.229779
-0.221248
-0.21272
-0.204192
-0.195666
-0.187141
-0.178617
-0.170095
-0.161573
-0.153053
-0.144533
-0.136014
-0.127495
-0.118977
-0.110459
-0.10194
-0.0934202
-0.0848996
-0.0763776
-0.0678539
-0.0593281
-0.0508001
-0.0422694
-0.0337359
-0.0251993
-0.0166595
-0.00811631
0.000430421
0.00898075
0.0175347
0.0260923
0.0346537
0.0432187
0.0517872
0.0603592
0.0689344
0.0775127
0.0860938
0.0946774
0.103263
0.11185
0.120439
0.129028
0.137617
0.146205
0.154791
0.163375
0.171955
0.180532
0.189103
0.19767
0.206231
0.214785
0.223333
0.231875
0.24041
0.248937
0.257458
0.265971
0.274477
0.282976
0.291469
0.299955
0.308436
0.316912
0.325383
0.333851
0.342316
0.350778
0.359239
0.367697
0.376153
0.384608
0.393063
0.401516
0.409969
0.418422
0.426877
0.435331
0.443787
0.452245
0.460707
0.469172
0.477639
0.486112
0.494585
0.503081
0.51157
0.520218
-0.330331
-0.321691
-0.31308
-0.304504
-0.295939
-0.287383
-0.27883
-0.270281
-0.261737
-0.253196
-0.24466
-0.236128
-0.227597
-0.219069
-0.210541
-0.202015
-0.193491
-0.184967
-0.176445
-0.167923
-0.159403
-0.150884
-0.142365
-0.133847
-0.125329
-0.116811
-0.108292
-0.0997731
-0.0912529
-0.0827312
-0.0742079
-0.0656826
-0.057155
-0.0486248
-0.0400917
-0.0315557
-0.0230164
-0.0144737
-0.00592746
0.00262244
0.0111761
0.0197334
0.0282945
0.0368592
0.0454274
0.0539992
0.0625742
0.0711523
0.0797332
0.0883167
0.0969023
0.10549
0.114078
0.122667
0.131256
0.139844
0.148431
0.157015
0.165596
0.174173
0.182745
0.191313
0.199874
0.208429
0.216978
0.22552
0.234055
0.242583
0.251104
0.259618
0.268125
0.276625
0.285119
0.293607
0.30209
0.310568
0.319041
0.327511
0.335977
0.34444
0.3529
0.361358
0.369815
0.37827
0.386725
0.395178
0.403631
0.412084
0.420536
0.428989
0.437444
0.445902
0.454363
0.462827
0.471294
0.479765
0.488238
0.496734
0.505216
0.513866
-0.33668
-0.328038
-0.319427
-0.310851
-0.302286
-0.29373
-0.285178
-0.276629
-0.268084
-0.259544
-0.251008
-0.242475
-0.233945
-0.225416
-0.216889
-0.208363
-0.199838
-0.191315
-0.182793
-0.174271
-0.165751
-0.157231
-0.148713
-0.140194
-0.131676
-0.123158
-0.114639
-0.10612
-0.0975996
-0.0890778
-0.0805542
-0.0720286
-0.0635007
-0.0549702
-0.0464368
-0.0379004
-0.0293607
-0.0208176
-0.012271
-0.0037208
0.00483295
0.0133905
0.0219517
0.0305166
0.039085
0.0476569
0.056232
0.0648102
0.0733911
0.0819746
0.0905601
0.0991473
0.107736
0.116324
0.124913
0.133501
0.142087
0.15067
0.159251
0.167827
0.176398
0.184965
0.193525
0.202079
0.210627
0.219169
0.227703
0.23623
0.244751
0.253264
0.26177
0.27027
0.278763
0.28725
0.295732
0.304208
0.312681
0.321149
0.329614
0.338077
0.346538
0.354996
0.363453
0.371909
0.380364
0.388817
0.397271
0.405723
0.414176
0.42263
0.431086
0.439544
0.448005
0.456469
0.464935
0.473406
0.481878
0.490375
0.498855
0.507499
-0.343027
-0.334383
-0.325773
-0.317198
-0.308634
-0.300078
-0.291525
-0.282977
-0.274432
-0.265892
-0.257357
-0.248824
-0.240294
-0.231765
-0.223238
-0.214713
-0.206188
-0.197665
-0.189142
-0.180621
-0.172101
-0.163582
-0.155063
-0.146545
-0.138027
-0.129509
-0.12099
-0.112471
-0.103951
-0.0954291
-0.0869056
-0.0783802
-0.0698524
-0.061322
-0.0527888
-0.0442525
-0.035713
-0.0271702
-0.0186237
-0.0100737
-0.00151982
0.0070377
0.0155989
0.0241637
0.0327321
0.0413039
0.049879
0.0584571
0.067038
0.0756214
0.0842068
0.0927939
0.101382
0.109971
0.118559
0.127147
0.135733
0.144316
0.152896
0.161472
0.170044
0.17861
0.187171
0.195725
0.204274
0.212815
0.221349
0.229876
0.238397
0.24691
0.255416
0.263916
0.27241
0.280897
0.289379
0.297857
0.30633
0.314799
0.323265
0.331728
0.340189
0.348647
0.357104
0.36556
0.374014
0.382468
0.390921
0.399374
0.407826
0.41628
0.424735
0.433192
0.441653
0.450116
0.458582
0.467053
0.475524
0.484022
0.492501
0.501131
-0.349371
-0.340728
-0.332119
-0.323544
-0.314981
-0.306425
-0.297873
-0.289325
-0.28078
-0.272241
-0.263705
-0.255172
-0.246642
-0.238114
-0.229587
-0.221062
-0.212537
-0.204014
-0.195491
-0.18697
-0.17845
-0.169931
-0.161412
-0.152894
-0.144376
-0.135858
-0.127339
-0.11882
-0.110299
-0.101777
-0.0932538
-0.0847282
-0.0762003
-0.0676697
-0.0591363
-0.0505999
-0.0420602
-0.0335171
-0.0249705
-0.0164204
-0.00786655
0.000690964
0.00925214
0.0178169
0.0263853
0.034957
0.0435319
0.0521099
0.0606906
0.0692737
0.0778589
0.0864456
0.0950334
0.103622
0.11221
0.120797
0.129382
0.137965
0.146545
0.15512
0.163691
0.172257
0.180817
0.189371
0.197918
0.206459
0.214993
0.22352
0.23204
0.240553
0.24906
0.257559
0.266053
0.27454
0.283022
0.2915
0.299973
0.308442
0.316908
0.325371
0.333832
0.342291
0.350748
0.359204
0.367659
0.376113
0.384566
0.393019
0.401471
0.409925
0.41838
0.426838
0.435298
0.443762
0.452228
0.460699
0.469169
0.477667
0.486148
0.494759
-0.355712
-0.347072
-0.338465
-0.329891
-0.321328
-0.312773
-0.304221
-0.295673
-0.287129
-0.278589
-0.270053
-0.261521
-0.252991
-0.244463
-0.235936
-0.227411
-0.218886
-0.210363
-0.201841
-0.19332
-0.1848
-0.17628
-0.167762
-0.159243
-0.150725
-0.142207
-0.133688
-0.125169
-0.116648
-0.108126
-0.0996024
-0.0910767
-0.0825486
-0.074018
-0.0654845
-0.056948
-0.0484083
-0.0398652
-0.0313186
-0.0227685
-0.0142146
-0.00565717
0.00290392
0.0114686
0.0200367
0.0286083
0.0371829
0.0457606
0.0543409
0.0629236
0.0715083
0.0800946
0.0886818
0.0972694
0.105857
0.114443
0.123028
0.13161
0.140189
0.148764
0.157334
0.165899
0.174459
0.183012
0.191559
0.2001
0.208634
0.21716
0.22568
0.234194
0.2427
0.2512
0.259693
0.268181
0.276664
0.285141
0.293615
0.302084
0.310551
0.319014
0.327476
0.335935
0.344393
0.352849
0.361304
0.369758
0.378212
0.386665
0.395118
0.403571
0.412027
0.420484
0.428945
0.437408
0.445874
0.454345
0.462815
0.471313
0.479796
0.488389
-0.36205
-0.353415
-0.344811
-0.336237
-0.327675
-0.31912
-0.310569
-0.302021
-0.293477
-0.284937
-0.276402
-0.26787
-0.25934
-0.250812
-0.242285
-0.23376
-0.225235
-0.216712
-0.20819
-0.199669
-0.191149
-0.182629
-0.174111
-0.165592
-0.157074
-0.148555
-0.140036
-0.131517
-0.122996
-0.114473
-0.10595
-0.0974236
-0.0888953
-0.0803645
-0.0718309
-0.0632943
-0.0547545
-0.0462113
-0.0376648
-0.0291146
-0.0205609
-0.0120036
-0.00344272
0.00512171
0.0136895
0.0222607
0.030835
0.0394121
0.0479919
0.056574
0.065158
0.0737435
0.0823299
0.0909167
0.0995032
0.108089
0.116673
0.125254
0.133832
0.142406
0.150975
0.15954
0.168099
0.176652
0.185198
0.193738
0.202272
0.210798
0.219318
0.227831
0.236338
0.244838
0.253332
0.26182
0.270303
0.278781
0.287255
0.295725
0.304192
0.312656
0.321118
0.329578
0.338036
0.346493
0.354948
0.363403
0.371857
0.38031
0.388763
0.397217
0.405673
0.414131
0.422592
0.431056
0.439522
0.447993
0.456462
0.464959
0.473445
0.482022
-0.368387
-0.359758
-0.351156
-0.342583
-0.334022
-0.325467
-0.316917
-0.308369
-0.299825
-0.291286
-0.282751
-0.274219
-0.265689
-0.257161
-0.248634
-0.240109
-0.231585
-0.223061
-0.214539
-0.206018
-0.197498
-0.188978
-0.180459
-0.17194
-0.163422
-0.154903
-0.146384
-0.137864
-0.129343
-0.12082
-0.112296
-0.10377
-0.0952412
-0.0867102
-0.0781765
-0.0696397
-0.0610999
-0.0525567
-0.0440102
-0.0354601
-0.0269066
-0.0183495
-0.00978884
-0.00122474
0.0073427
0.0159134
0.0244871
0.0330636
0.0416427
0.0502241
0.0588073
0.0673919
0.0759774
0.0845632
0.0931486
0.101733
0.110316
0.118896
0.127473
0.136046
0.144615
0.153178
0.161736
0.170289
0.178835
0.187374
0.195908
0.204434
0.212954
0.221467
0.229974
0.238474
0.246968
0.255457
0.26394
0.272419
0.280893
0.289364
0.297832
0.306297
0.314759
0.323219
0.331678
0.340136
0.348592
0.357047
0.365501
0.373955
0.382409
0.390863
0.39932
0.407778
0.416239
0.424703
0.433169
0.441641
0.45011
0.458607
0.467094
0.475659
-0.374723
-0.3661
-0.3575
-0.348929
-0.340369
-0.331815
-0.323264
-0.314717
-0.306173
-0.297634
-0.289099
-0.280567
-0.272038
-0.26351
-0.254983
-0.246458
-0.237933
-0.22941
-0.220888
-0.212367
-0.203846
-0.195326
-0.186807
-0.178288
-0.169769
-0.16125
-0.152731
-0.14421
-0.135689
-0.127166
-0.118642
-0.110115
-0.101586
-0.0930552
-0.0845213
-0.0759845
-0.0674446
-0.0589014
-0.0503549
-0.041805
-0.0332517
-0.0246948
-0.0161345
-0.00757086
0.000996091
0.00956621
0.0181393
0.0267151
0.0352935
0.043874
0.0524562
0.0610398
0.0696242
0.0782089
0.0867933
0.0953766
0.103958
0.112537
0.121113
0.129685
0.138253
0.146816
0.155373
0.163925
0.17247
0.181009
0.189542
0.198068
0.206588
0.215101
0.223608
0.232109
0.240603
0.249092
0.257576
0.266056
0.274531
0.283002
0.291471
0.299936
0.308399
0.316861
0.32532
0.333778
0.342235
0.350691
0.359146
0.3676
0.376055
0.38451
0.392966
0.401425
0.409887
0.418351
0.426818
0.435289
0.443759
0.452254
0.460744
0.469298
-0.381059
-0.372441
-0.363845
-0.355275
-0.346715
-0.338162
-0.329612
-0.321065
-0.312522
-0.303983
-0.295448
-0.286916
-0.278386
-0.269858
-0.261332
-0.252807
-0.244282
-0.235759
-0.227237
-0.218715
-0.210194
-0.201675
-0.193155
-0.184636
-0.176117
-0.167597
-0.159077
-0.150557
-0.142035
-0.133512
-0.124987
-0.11646
-0.107931
-0.0993998
-0.0908657
-0.0823288
-0.0737889
-0.0652457
-0.0566994
-0.0481496
-0.0395965
-0.03104
-0.0224801
-0.0139168
-0.00535041
0.0032191
0.0117915
0.0203666
0.028944
0.0375236
0.0461049
0.0546874
0.0632708
0.0718543
0.0804374
0.0890195
0.0975999
0.106178
0.114753
0.123324
0.13189
0.140452
0.149009
0.15756
0.166105
0.174643
0.183176
0.191702
0.200222
0.208735
0.217242
0.225743
0.234238
0.242727
0.251212
0.259692
0.268168
0.27664
0.285109
0.293576
0.30204
0.310501
0.318962
0.32742
0.335878
0.344334
0.35279
0.361245
0.3697
0.378156
0.386613
0.395073
0.403535
0.412
0.420467
0.428938
0.437408
0.445902
0.454393
0.46294
-0.387395
-0.378782
-0.370189
-0.36162
-0.353062
-0.344509
-0.33596
-0.327413
-0.31887
-0.310331
-0.301796
-0.293264
-0.284735
-0.276207
-0.267681
-0.259155
-0.250631
-0.242107
-0.233585
-0.225063
-0.216543
-0.208022
-0.199503
-0.190983
-0.182464
-0.173944
-0.165424
-0.156903
-0.148381
-0.139857
-0.131332
-0.122805
-0.114276
-0.105744
-0.09721
-0.088673
-0.080133
-0.0715899
-0.0630436
-0.0544941
-0.0459412
-0.037385
-0.0288255
-0.0202628
-0.0116969
-0.00312804
0.00544363
0.0140179
0.0225945
0.0311731
0.0397534
0.0483349
0.056917
0.0654994
0.0740813
0.0826622
0.0912413
0.0998181
0.108392
0.116962
0.125527
0.134088
0.142644
0.151194
0.159739
0.168277
0.176809
0.185335
0.193855
0.202368
0.210875
0.219377
0.227872
0.236362
0.244847
0.253328
0.261805
0.270278
0.278748
0.287215
0.295679
0.304142
0.312603
0.321063
0.329521
0.337978
0.346434
0.35489
0.363346
0.371802
0.38026
0.38872
0.397183
0.405649
0.414116
0.422588
0.431058
0.439551
0.448042
0.456582
-0.393731
-0.385123
-0.376532
-0.367966
-0.359408
-0.350856
-0.342307
-0.333761
-0.325218
-0.316679
-0.308144
-0.299613
-0.291083
-0.282556
-0.274029
-0.265504
-0.256979
-0.248456
-0.239933
-0.231412
-0.222891
-0.21437
-0.20585
-0.19733
-0.188811
-0.180291
-0.17177
-0.163249
-0.154726
-0.146202
-0.137677
-0.12915
-0.12062
-0.112088
-0.103554
-0.0950171
-0.0864771
-0.0779341
-0.0693879
-0.0608385
-0.0522859
-0.0437301
-0.035171
-0.0266088
-0.0180435
-0.00947527
-0.00090433
0.00766914
0.0162449
0.0248225
0.0334017
0.0419821
0.0505632
0.0591444
0.0677251
0.0763047
0.0848827
0.0934582
0.102031
0.1106
0.119164
0.127724
0.13628
0.144829
0.153373
0.161911
0.170443
0.178969
0.187488
0.196002
0.204509
0.21301
0.221506
0.229997
0.238483
0.246964
0.255441
0.263915
0.272386
0.280854
0.289319
0.297783
0.306244
0.314705
0.323164
0.331621
0.340079
0.348535
0.356992
0.365449
0.373907
0.382368
0.390831
0.399297
0.407765
0.416237
0.424707
0.433199
0.441691
0.450226
-0.400068
-0.391463
-0.382876
-0.37431
-0.365754
-0.357203
-0.348654
-0.340108
-0.331566
-0.323028
-0.314493
-0.305961
-0.297432
-0.288904
-0.280378
-0.271852
-0.263328
-0.254804
-0.246282
-0.23776
-0.229239
-0.220718
-0.212198
-0.203678
-0.195158
-0.186637
-0.178116
-0.169594
-0.161072
-0.152548
-0.144022
-0.135494
-0.126965
-0.118433
-0.109898
-0.101361
-0.0928212
-0.0842783
-0.0757322
-0.0671831
-0.0586307
-0.0500752
-0.0415166
-0.0329549
-0.0243902
-0.0158226
-0.0072524
0.00132027
0.00989509
0.0184718
0.02705
0.0356293
0.0442092
0.0527892
0.0613688
0.0699472
0.0785239
0.0870984
0.0956698
0.104238
0.112801
0.121361
0.129915
0.138464
0.147007
0.155545
0.164076
0.172602
0.181121
0.189635
0.198142
0.206644
0.215141
0.223632
0.232118
0.2406
0.249078
0.257553
0.266024
0.274493
0.282959
0.291423
0.299886
0.308347
0.316807
0.325265
0.333723
0.34218
0.350637
0.359095
0.367555
0.376016
0.38448
0.392946
0.401414
0.409887
0.418357
0.426848
0.435339
0.44387
-0.406404
-0.397803
-0.389219
-0.380655
-0.3721
-0.36355
-0.355002
-0.346456
-0.337914
-0.329376
-0.320841
-0.31231
-0.30378
-0.295253
-0.286726
-0.278201
-0.269676
-0.261153
-0.25263
-0.244108
-0.235587
-0.227066
-0.218545
-0.210025
-0.201504
-0.192984
-0.184462
-0.17594
-0.167417
-0.158893
-0.150367
-0.141839
-0.133309
-0.124777
-0.116243
-0.107705
-0.0991654
-0.0906225
-0.0820767
-0.0735277
-0.0649757
-0.0564205
-0.0478623
-0.0393011
-0.0307369
-0.02217
-0.0136006
-0.00502872
0.00354523
0.012121
0.0206982
0.0292764
0.0378552
0.0464341
0.0550124
0.0635897
0.0721653
0.0807385
0.0893089
0.0978757
0.106439
0.114997
0.12355
0.132099
0.140641
0.149179
0.15771
0.166235
0.174755
0.183268
0.191776
0.200278
0.208775
0.217267
0.225754
0.234236
0.242715
0.25119
0.259663
0.268132
0.276599
0.285064
0.293527
0.301989
0.31045
0.318909
0.327367
0.335825
0.344283
0.352742
0.361202
0.369664
0.378128
0.386595
0.395063
0.403536
0.412006
0.420496
0.428988
0.437515
-0.41274
-0.404143
-0.395561
-0.387
-0.378446
-0.369896
-0.361349
-0.352804
-0.344262
-0.335724
-0.327189
-0.318658
-0.310129
-0.301601
-0.293075
-0.284549
-0.276025
-0.267501
-0.258978
-0.250456
-0.241935
-0.233414
-0.224893
-0.216372
-0.207851
-0.19933
-0.190809
-0.182286
-0.173763
-0.165238
-0.156712
-0.148184
-0.139654
-0.131122
-0.122587
-0.11405
-0.10551
-0.096967
-0.0884212
-0.0798725
-0.0713207
-0.0627659
-0.0542081
-0.0456474
-0.0370839
-0.0285176
-0.0199489
-0.0113778
-0.00280473
0.0057701
0.0143463
0.0229235
0.0315012
0.0400789
0.0486561
0.0572322
0.0658067
0.0743788
0.0829481
0.0915139
0.100076
0.108633
0.117186
0.125734
0.134276
0.142813
0.151344
0.159869
0.168388
0.176902
0.18541
0.193912
0.20241
0.210902
0.219389
0.227873
0.236352
0.244828
0.253301
0.261771
0.270239
0.278705
0.287169
0.295631
0.304093
0.312553
0.321012
0.329471
0.337929
0.346389
0.354849
0.363312
0.371777
0.380244
0.388712
0.397185
0.405655
0.414145
0.422636
0.431159
-0.419076
-0.410482
-0.401904
-0.393344
-0.384791
-0.376242
-0.367696
-0.359151
-0.35061
-0.342072
-0.333538
-0.325006
-0.316477
-0.30795
-0.299423
-0.290898
-0.282373
-0.27385
-0.265327
-0.256804
-0.248283
-0.239761
-0.23124
-0.222719
-0.214198
-0.205677
-0.197155
-0.188632
-0.180109
-0.171584
-0.163057
-0.154529
-0.145999
-0.137466
-0.128931
-0.120394
-0.111854
-0.103312
-0.0947659
-0.0862174
-0.0776659
-0.0691115
-0.0605541
-0.0519939
-0.0434309
-0.0348653
-0.0262973
-0.017727
-0.00915477
-0.000580863
0.00799435
0.0165705
0.0251471
0.0337238
0.0422998
0.0508748
0.0594481
0.0680192
0.0765874
0.0851522
0.0937132
0.10227
0.110822
0.119369
0.127911
0.136447
0.144978
0.153503
0.162022
0.170536
0.179044
0.187547
0.196044
0.204537
0.213025
0.221509
0.229989
0.238466
0.24694
0.255411
0.263879
0.272346
0.280811
0.289274
0.297736
0.306197
0.314657
0.323116
0.331575
0.340035
0.348497
0.35696
0.365425
0.373893
0.382361
0.390835
0.399305
0.407793
0.416284
0.424804
-0.425411
-0.416822
-0.408246
-0.399688
-0.391137
-0.382589
-0.374043
-0.365499
-0.356958
-0.34842
-0.339886
-0.331355
-0.322825
-0.314298
-0.305772
-0.297246
-0.288722
-0.280198
-0.271675
-0.263152
-0.25463
-0.246109
-0.237588
-0.229066
-0.220545
-0.212023
-0.203501
-0.194978
-0.186454
-0.177929
-0.169402
-0.160874
-0.152343
-0.143811
-0.135276
-0.126739
-0.118199
-0.109656
-0.101111
-0.0925624
-0.0840112
-0.0754571
-0.0669002
-0.0583405
-0.0497781
-0.0412131
-0.0326458
-0.0240763
-0.0155049
-0.0069319
0.00164235
0.0102175
0.0187931
0.0273686
0.0359436
0.0445174
0.0530896
0.0616596
0.0702268
0.0787907
0.0873508
0.0959068
0.104458
0.113005
0.121546
0.130082
0.138612
0.147137
0.155656
0.16417
0.172679
0.181182
0.189679
0.198173
0.206661
0.215146
0.223627
0.232104
0.240579
0.24905
0.25752
0.265987
0.274452
0.282916
0.291379
0.299841
0.308301
0.316761
0.325221
0.333682
0.342144
0.350608
0.359074
0.367542
0.37601
0.384484
0.392954
0.401441
0.409931
0.418448
-0.431746
-0.423161
-0.414588
-0.406032
-0.397482
-0.388935
-0.38039
-0.371846
-0.363305
-0.354768
-0.346234
-0.337703
-0.329174
-0.320646
-0.31212
-0.303594
-0.29507
-0.286546
-0.278023
-0.2695
-0.260978
-0.252457
-0.243935
-0.235414
-0.226892
-0.21837
-0.209848
-0.201324
-0.1928
-0.184275
-0.175748
-0.167219
-0.158688
-0.150156
-0.141621
-0.133083
-0.124544
-0.116001
-0.107456
-0.0989076
-0.0903567
-0.0818029
-0.0732464
-0.0646872
-0.0561253
-0.047561
-0.0389944
-0.0304257
-0.0218551
-0.013283
-0.0047097
0.00386445
0.012439
0.0210134
0.0295873
0.0381601
0.0467313
0.0553002
0.0638664
0.0724294
0.0809886
0.0895438
0.0980944
0.10664
0.115181
0.123717
0.132247
0.140772
0.149291
0.157805
0.166313
0.174816
0.183315
0.191808
0.200298
0.208783
0.217264
0.225742
0.234218
0.24269
0.25116
0.259628
0.268094
0.276559
0.285022
0.293485
0.301946
0.310407
0.318868
0.327329
0.335791
0.344256
0.352722
0.361191
0.369659
0.378133
0.386603
0.395089
0.403578
0.412092
-0.438082
-0.4295
-0.42093
-0.412375
-0.403827
-0.395281
-0.386736
-0.378193
-0.369653
-0.361116
-0.352582
-0.344051
-0.335522
-0.326995
-0.318468
-0.309943
-0.301418
-0.292894
-0.284371
-0.275848
-0.267326
-0.258804
-0.250282
-0.241761
-0.233239
-0.224717
-0.216194
-0.20767
-0.199146
-0.19062
-0.182093
-0.173564
-0.165033
-0.156501
-0.147966
-0.139428
-0.130888
-0.122346
-0.113801
-0.105253
-0.0967023
-0.0881489
-0.0795928
-0.071034
-0.0624728
-0.0539091
-0.0453431
-0.0367752
-0.0282054
-0.0196342
-0.0110618
-0.00248863
0.00608488
0.0146583
0.0232311
0.0318029
0.040373
0.0489409
0.0575061
0.0660682
0.0746266
0.0831809
0.0917309
0.100276
0.108816
0.117352
0.125882
0.134406
0.142925
0.151439
0.159948
0.168452
0.17695
0.185444
0.193934
0.20242
0.210902
0.219381
0.227857
0.23633
0.244801
0.253269
0.261736
0.270202
0.278666
0.287129
0.295591
0.304052
0.312514
0.320976
0.329439
0.337904
0.346371
0.35484
0.363308
0.371782
0.380251
0.388736
0.397225
0.405737
-0.444417
-0.435838
-0.427271
-0.418719
-0.410171
-0.401626
-0.393083
-0.38454
-0.376001
-0.367464
-0.35893
-0.350399
-0.34187
-0.333343
-0.324816
-0.316291
-0.307766
-0.299242
-0.290719
-0.282196
-0.273674
-0.265152
-0.25663
-0.248108
-0.239586
-0.231063
-0.22254
-0.214017
-0.205492
-0.196966
-0.188438
-0.179909
-0.171378
-0.162846
-0.154311
-0.145773
-0.137233
-0.128691
-0.120146
-0.111598
-0.103048
-0.094495
-0.0859393
-0.077381
-0.0688203
-0.0602572
-0.0516919
-0.0431247
-0.0345558
-0.0259854
-0.0174139
-0.00884174
-0.000269214
0.0083032
0.016875
0.0254457
0.0340147
0.0425817
0.051146
0.0597071
0.0682647
0.0768183
0.0853676
0.0939123
0.102452
0.110987
0.119517
0.128041
0.13656
0.145074
0.153583
0.162087
0.170586
0.179081
0.187571
0.196057
0.20454
0.213019
0.221496
0.22997
0.238441
0.246911
0.255378
0.263845
0.272309
0.280773
0.289236
0.297698
0.30616
0.314622
0.323086
0.331552
0.340019
0.348488
0.356957
0.36543
0.3739
0.382384
0.390871
0.39938
-0.450751
-0.442177
-0.433613
-0.425062
-0.416516
-0.407972
-0.399429
-0.390888
-0.382348
-0.373812
-0.365278
-0.356747
-0.348218
-0.339691
-0.331165
-0.322639
-0.314115
-0.305591
-0.297067
-0.288544
-0.280022
-0.271499
-0.262977
-0.254455
-0.245933
-0.23741
-0.228887
-0.220363
-0.211838
-0.203312
-0.194784
-0.186255
-0.177724
-0.169191
-0.160656
-0.152118
-0.143578
-0.135036
-0.126491
-0.117944
-0.109394
-0.100841
-0.0922859
-0.0837281
-0.0751679
-0.0666054
-0.0580409
-0.0494744
-0.0409062
-0.0323367
-0.0237661
-0.0151949
-0.00662332
0.00194809
0.0105189
0.0190886
0.0276566
0.0362226
0.0447859
0.0533462
0.061903
0.0704559
0.0790045
0.0875487
0.0960881
0.104623
0.113152
0.121676
0.130195
0.138709
0.147218
0.155723
0.164222
0.172717
0.181208
0.189695
0.198178
0.206658
0.215135
0.22361
0.232082
0.240552
0.249021
0.257487
0.265953
0.274417
0.282881
0.291343
0.299806
0.308269
0.316734
0.325199
0.333667
0.342137
0.350606
0.359079
0.367548
0.376031
0.384518
0.393024
-0.457086
-0.448515
-0.439954
-0.431405
-0.42286
-0.414318
-0.405776
-0.397234
-0.388695
-0.380159
-0.371626
-0.363095
-0.354567
-0.346039
-0.337513
-0.328987
-0.320463
-0.311939
-0.303415
-0.294892
-0.286369
-0.277847
-0.269325
-0.260802
-0.25228
-0.243757
-0.235233
-0.226709
-0.218184
-0.209657
-0.20113
-0.1926
-0.184069
-0.175536
-0.167001
-0.158463
-0.149924
-0.141382
-0.132837
-0.12429
-0.11574
-0.107188
-0.0986326
-0.0900753
-0.0815157
-0.0729538
-0.0643899
-0.0558241
-0.0472567
-0.0386881
-0.0301184
-0.021548
-0.0129774
-0.004407
0.00416279
0.0127315
0.0212986
0.0298636
0.038426
0.0469854
0.0555414
0.0640936
0.0726416
0.0811852
0.0897242
0.0982583
0.106787
0.115312
0.123831
0.132345
0.140854
0.149358
0.157858
0.166354
0.174845
0.183332
0.191816
0.200297
0.208775
0.21725
0.225723
0.234194
0.242663
0.25113
0.259596
0.268061
0.276526
0.284989
0.293452
0.301916
0.310381
0.318847
0.327316
0.335786
0.344254
0.352727
0.361197
0.369679
0.378164
0.386668
-0.463421
-0.454853
-0.446295
-0.437747
-0.429204
-0.420663
-0.412122
-0.403581
-0.395043
-0.386507
-0.377974
-0.369443
-0.360915
-0.352387
-0.343861
-0.335336
-0.326811
-0.318287
-0.309763
-0.30124
-0.292717
-0.284195
-0.275672
-0.26715
-0.258627
-0.250104
-0.24158
-0.233055
-0.22453
-0.216003
-0.207475
-0.198946
-0.190414
-0.181881
-0.173346
-0.164809
-0.156269
-0.147727
-0.139182
-0.130635
-0.122086
-0.113534
-0.10498
-0.0964227
-0.0878635
-0.0793022
-0.070739
-0.0621739
-0.0536073
-0.0450395
-0.0364706
-0.0279012
-0.0193315
-0.0107621
-0.00219325
0.00637447
0.0149406
0.0235047
0.0320662
0.0406248
0.04918
0.0577315
0.0662789
0.074822
0.0833605
0.0918943
0.100423
0.108947
0.117466
0.12598
0.13449
0.142994
0.151495
0.15999
0.168482
0.17697
0.185455
0.193936
0.202414
0.21089
0.219364
0.227835
0.236305
0.244773
0.25324
0.261706
0.270171
0.278635
0.287099
0.295563
0.304029
0.312495
0.320964
0.329434
0.337903
0.346376
0.354845
0.363326
0.37181
0.380311
-0.469756
-0.461192
-0.452636
-0.44409
-0.435548
-0.427008
-0.418468
-0.409928
-0.40139
-0.392854
-0.384322
-0.375791
-0.367263
-0.358735
-0.350209
-0.341684
-0.333159
-0.324635
-0.316111
-0.307588
-0.299065
-0.290542
-0.28202
-0.273497
-0.264974
-0.256451
-0.247927
-0.239402
-0.230876
-0.222349
-0.213821
-0.205291
-0.19676
-0.188227
-0.179691
-0.171154
-0.162614
-0.154073
-0.145528
-0.136981
-0.128432
-0.119881
-0.111326
-0.10277
-0.0942115
-0.0856508
-0.0770882
-0.0685238
-0.059958
-0.0513909
-0.0428229
-0.0342544
-0.0256857
-0.0171171
-0.00854926
1.75128e-05
0.00858271
0.0171459
0.0257066
0.0342643
0.0428188
0.0513696
0.0599164
0.068459
0.076997
0.0855305
0.0940592
0.102583
0.111102
0.119616
0.128126
0.136631
0.145131
0.153627
0.16212
0.170608
0.179093
0.187575
0.196054
0.204531
0.213005
0.221477
0.229948
0.238416
0.246884
0.25535
0.263816
0.27228
0.280745
0.28921
0.297676
0.306143
0.314612
0.323082
0.331551
0.340024
0.348493
0.356973
0.365456
0.373955
-0.476091
-0.46753
-0.458977
-0.450433
-0.441892
-0.433353
-0.424814
-0.416275
-0.407737
-0.399202
-0.390669
-0.382139
-0.373611
-0.365083
-0.356557
-0.348032
-0.339507
-0.330983
-0.322459
-0.313936
-0.305413
-0.29689
-0.288367
-0.279844
-0.271321
-0.262797
-0.254273
-0.245748
-0.237222
-0.228695
-0.220167
-0.211637
-0.203106
-0.194572
-0.186037
-0.1775
-0.16896
-0.160418
-0.151874
-0.143328
-0.134779
-0.126227
-0.117674
-0.109118
-0.10056
-0.0919994
-0.0834375
-0.0748738
-0.0663087
-0.0577424
-0.0491753
-0.0406076
-0.0320398
-0.0234722
-0.0149052
-0.00633939
0.00222489
0.0107872
0.019347
0.027904
0.0364577
0.0450078
0.053554
0.0620961
0.0706338
0.0791669
0.0876954
0.0962191
0.104738
0.113252
0.121762
0.130267
0.138768
0.147265
0.155757
0.164246
0.172732
0.181214
0.189694
0.198171
0.206646
0.215119
0.22359
0.23206
0.240528
0.248995
0.257461
0.265926
0.274391
0.282857
0.291323
0.299791
0.30826
0.316731
0.325199
0.333672
0.342141
0.35062
0.359102
0.367598
-0.482426
-0.473868
-0.465317
-0.456775
-0.448236
-0.439698
-0.431159
-0.422621
-0.414084
-0.405549
-0.397017
-0.388487
-0.379959
-0.371431
-0.362905
-0.35438
-0.345855
-0.337331
-0.328807
-0.320284
-0.311761
-0.303238
-0.294715
-0.286191
-0.277668
-0.269144
-0.26062
-0.252095
-0.243569
-0.235041
-0.226513
-0.217983
-0.209451
-0.200918
-0.192383
-0.183845
-0.175306
-0.166764
-0.15822
-0.149674
-0.141125
-0.132574
-0.124021
-0.115465
-0.106908
-0.0983482
-0.0897868
-0.0812238
-0.0726595
-0.064094
-0.0555277
-0.0469608
-0.0383939
-0.0298272
-0.0212612
-0.0126962
-0.00413284
0.00442857
0.0129876
0.0215438
0.0300968
0.0386462
0.0471919
0.0557334
0.0642707
0.0728035
0.0813318
0.0898554
0.0983743
0.106889
0.115398
0.123904
0.132405
0.140902
0.149395
0.157885
0.166371
0.174854
0.183334
0.191812
0.200288
0.208761
0.217233
0.225703
0.234172
0.242639
0.251106
0.259572
0.268038
0.276504
0.284971
0.293439
0.301908
0.310379
0.318848
0.32732
0.335788
0.344267
0.352748
0.361242
-0.488761
-0.480206
-0.471658
-0.463117
-0.45458
-0.446042
-0.437505
-0.428967
-0.420431
-0.411897
-0.403365
-0.394835
-0.386306
-0.377779
-0.369253
-0.360728
-0.352203
-0.343679
-0.335155
-0.326632
-0.318108
-0.309585
-0.301062
-0.292539
-0.284015
-0.275491
-0.266967
-0.258441
-0.249915
-0.241388
-0.232859
-0.224329
-0.215797
-0.207264
-0.198728
-0.190191
-0.181652
-0.17311
-0.164566
-0.15602
-0.147472
-0.138921
-0.130368
-0.121813
-0.113256
-0.104697
-0.0961363
-0.087574
-0.0790103
-0.0704456
-0.0618801
-0.0533141
-0.044748
-0.0361822
-0.0276171
-0.019053
-0.0104905
-0.00192994
0.00662825
0.0151837
0.023736
0.0322848
0.0408299
0.049371
0.0579078
0.0664403
0.0749684
0.0834919
0.0920108
0.100525
0.109035
0.117541
0.126042
0.134539
0.143033
0.151523
0.16001
0.168493
0.176974
0.185453
0.193929
0.202403
0.210875
0.219346
0.227815
0.236284
0.244751
0.253218
0.261684
0.270151
0.278618
0.287086
0.295556
0.304027
0.312496
0.320968
0.329436
0.337913
0.346393
0.354886
-0.495097
-0.486545
-0.477998
-0.469459
-0.460923
-0.452387
-0.44385
-0.435314
-0.426778
-0.418244
-0.409712
-0.401182
-0.392654
-0.384127
-0.375601
-0.367076
-0.358551
-0.350027
-0.341503
-0.332979
-0.324456
-0.315933
-0.307409
-0.298886
-0.290362
-0.281838
-0.273313
-0.264788
-0.256261
-0.247734
-0.239205
-0.230675
-0.222143
-0.213609
-0.205074
-0.196537
-0.187997
-0.179456
-0.170912
-0.162366
-0.153818
-0.145268
-0.136716
-0.128161
-0.119604
-0.111046
-0.102486
-0.0939242
-0.0853612
-0.0767973
-0.0682325
-0.0596674
-0.0511021
-0.0425372
-0.0339729
-0.0254097
-0.0168481
-0.00828836
0.000269037
0.00882372
0.0173753
0.0259235
0.0344681
0.0430087
0.0515451
0.0600773
0.0686052
0.0771285
0.0856474
0.0941619
0.102672
0.111178
0.119679
0.128177
0.136671
0.145162
0.153649
0.162133
0.170615
0.179094
0.18757
0.196045
0.204518
0.212989
0.221459
0.229928
0.238396
0.246863
0.25533
0.263797
0.272265
0.280734
0.289204
0.297675
0.306144
0.314616
0.323084
0.33156
0.340039
0.348529
-0.501432
-0.492883
-0.484339
-0.475801
-0.467267
-0.458732
-0.450196
-0.44166
-0.433125
-0.424591
-0.41606
-0.40753
-0.399002
-0.390475
-0.381949
-0.373424
-0.364899
-0.356375
-0.347851
-0.339327
-0.330804
-0.32228
-0.313757
-0.305233
-0.296709
-0.288185
-0.27966
-0.271134
-0.262608
-0.25408
-0.245551
-0.237021
-0.228489
-0.219955
-0.21142
-0.202883
-0.194343
-0.185802
-0.177259
-0.168713
-0.160165
-0.151615
-0.143063
-0.134509
-0.125953
-0.117395
-0.108835
-0.100274
-0.0917122
-0.083149
-0.074585
-0.0660207
-0.0574562
-0.0488922
-0.0403287
-0.0317664
-0.0232056
-0.0146467
-0.00609007
0.00246388
0.0110148
0.0195624
0.0281064
0.0366465
0.0451826
0.0537145
0.0622421
0.0707654
0.0792842
0.0877987
0.0963089
0.104815
0.113317
0.121815
0.130309
0.1388
0.147288
0.155773
0.164255
0.172735
0.181212
0.189687
0.198161
0.206633
0.215103
0.223573
0.232041
0.240509
0.248977
0.257444
0.265913
0.274382
0.282852
0.291323
0.299792
0.308263
0.316731
0.325206
0.333685
0.342173
-0.507768
-0.499221
-0.490679
-0.482143
-0.47361
-0.465076
-0.456541
-0.448006
-0.439471
-0.430938
-0.422407
-0.413878
-0.40535
-0.396823
-0.388297
-0.379772
-0.371247
-0.362723
-0.354199
-0.345675
-0.337151
-0.328628
-0.320104
-0.311581
-0.303057
-0.294532
-0.286007
-0.277481
-0.268954
-0.260426
-0.251897
-0.243367
-0.234835
-0.226301
-0.217766
-0.209229
-0.20069
-0.192148
-0.183605
-0.17506
-0.166512
-0.157962
-0.149411
-0.140857
-0.132301
-0.123744
-0.115185
-0.106625
-0.0980632
-0.0895007
-0.0809375
-0.072374
-0.0638104
-0.0552471
-0.0466845
-0.0381231
-0.029563
-0.0210049
-0.0124491
-0.00389583
0.00465444
0.0132014
0.0217449
0.0302846
0.0388203
0.0473519
0.0558793
0.0644024
0.0729213
0.0814358
0.0899461
0.0984523
0.106955
0.115453
0.123948
0.132439
0.140927
0.149413
0.157895
0.166376
0.174854
0.18333
0.191804
0.200276
0.208747
0.217217
0.225687
0.234155
0.242623
0.251091
0.25956
0.268029
0.2765
0.28497
0.29344
0.301911
0.310378
0.318853
0.32733
0.335817
-0.514104
-0.505559
-0.497019
-0.488485
-0.479953
-0.47142
-0.462886
-0.454352
-0.445818
-0.437285
-0.428754
-0.420225
-0.411697
-0.403171
-0.394645
-0.38612
-0.377595
-0.369071
-0.360547
-0.352023
-0.343499
-0.334975
-0.326452
-0.317928
-0.309404
-0.300879
-0.292354
-0.283828
-0.275301
-0.266773
-0.258244
-0.249713
-0.241181
-0.232648
-0.224112
-0.215575
-0.207036
-0.198495
-0.189952
-0.181406
-0.172859
-0.16431
-0.155758
-0.147205
-0.13865
-0.130093
-0.121535
-0.112975
-0.104414
-0.0958525
-0.0872901
-0.0787273
-0.0701645
-0.061602
-0.0530403
-0.0444796
-0.0359204
-0.0273631
-0.018808
-0.0102554
-0.00170579
0.00684061
0.0153836
0.0239228
0.0324582
0.0409895
0.0495167
0.0580397
0.0665585
0.075073
0.0835835
0.0920899
0.100592
0.109091
0.117586
0.126078
0.134567
0.143053
0.151536
0.160017
0.168495
0.176972
0.185447
0.19392
0.202391
0.210862
0.219332
0.227801
0.236269
0.244738
0.253207
0.261677
0.270147
0.278618
0.287087
0.295558
0.304025
0.312499
0.320976
0.329461
-0.520441
-0.511898
-0.50336
-0.494827
-0.486296
-0.477764
-0.469231
-0.460697
-0.452164
-0.443632
-0.435102
-0.426573
-0.418045
-0.409518
-0.400993
-0.392467
-0.383943
-0.375418
-0.366894
-0.35837
-0.349847
-0.341323
-0.332799
-0.324275
-0.315751
-0.307226
-0.298701
-0.290174
-0.281647
-0.273119
-0.26459
-0.256059
-0.247527
-0.238994
-0.230458
-0.221921
-0.213382
-0.204841
-0.196298
-0.187753
-0.179206
-0.170657
-0.162106
-0.153553
-0.144999
-0.136443
-0.127885
-0.119326
-0.110765
-0.102204
-0.0936426
-0.0850806
-0.0765186
-0.067957
-0.059396
-0.0508362
-0.0422777
-0.0337212
-0.0251668
-0.0166149
-0.0080659
0.000479927
0.00902238
0.0175612
0.0260962
0.0346272
0.0431542
0.0516771
0.0601959
0.0687105
0.0772211
0.0857277
0.0942304
0.10273
0.111225
0.119717
0.128207
0.136693
0.145177
0.153658
0.162137
0.170614
0.179089
0.187563
0.196036
0.204507
0.212977
0.221446
0.229915
0.238384
0.246854
0.255324
0.263795
0.272266
0.280735
0.289205
0.297672
0.306146
0.314621
0.323106
-0.526777
-0.518237
-0.5097
-0.501169
-0.492639
-0.484108
-0.475576
-0.467043
-0.45851
-0.449979
-0.441449
-0.43292
-0.424393
-0.415866
-0.40734
-0.398815
-0.390291
-0.381766
-0.373242
-0.364718
-0.356194
-0.347671
-0.339147
-0.330623
-0.322098
-0.313573
-0.305048
-0.296521
-0.287994
-0.279466
-0.270936
-0.262406
-0.253874
-0.24534
-0.236805
-0.228268
-0.219729
-0.211188
-0.202645
-0.1941
-0.185553
-0.177005
-0.168454
-0.159902
-0.151348
-0.142792
-0.134235
-0.125676
-0.117117
-0.108556
-0.0999952
-0.091434
-0.0828727
-0.0743119
-0.0657517
-0.0571926
-0.048635
-0.0400792
-0.0315255
-0.0229743
-0.0144259
-0.00588062
0.00266134
0.0111997
0.0197344
0.0282651
0.0367919
0.0453147
0.0538334
0.0623481
0.0708588
0.0793656
0.0878686
0.096368
0.104864
0.113357
0.121846
0.130333
0.138817
0.147299
0.155779
0.164257
0.172732
0.181207
0.18968
0.198151
0.206622
0.215092
0.223562
0.232031
0.240501
0.248971
0.257442
0.265913
0.274382
0.282853
0.291319
0.299792
0.308267
0.31675
-0.533114
-0.524575
-0.516041
-0.50751
-0.498982
-0.490452
-0.481921
-0.473389
-0.464857
-0.456325
-0.447796
-0.439267
-0.43074
-0.422214
-0.413688
-0.405163
-0.396638
-0.388114
-0.37959
-0.371066
-0.362542
-0.354018
-0.345494
-0.33697
-0.328445
-0.31992
-0.311395
-0.302868
-0.294341
-0.285812
-0.277283
-0.268752
-0.26022
-0.251686
-0.243151
-0.234614
-0.226075
-0.217534
-0.208992
-0.200447
-0.191901
-0.183352
-0.174802
-0.16625
-0.157697
-0.149141
-0.140585
-0.132027
-0.123468
-0.114908
-0.106348
-0.0977873
-0.0892268
-0.0806668
-0.0721074
-0.0635491
-0.0549921
-0.0464371
-0.0378841
-0.0293335
-0.0207857
-0.012241
-0.00369955
0.00483839
0.0133727
0.0219032
0.0304298
0.0389525
0.0474712
0.0559859
0.0644967
0.0730036
0.0815069
0.0900066
0.098503
0.106996
0.115486
0.123974
0.132458
0.140941
0.149421
0.157899
0.166375
0.17485
0.183324
0.191796
0.200267
0.208738
0.217208
0.225678
0.234148
0.242619
0.25109
0.25956
0.26803
0.2765
0.284966
0.293438
0.301912
0.310394
-0.539451
-0.530914
-0.522381
-0.513852
-0.505324
-0.496796
-0.488265
-0.479734
-0.471203
-0.462672
-0.454143
-0.445614
-0.437087
-0.428561
-0.420036
-0.41151
-0.402986
-0.394461
-0.385937
-0.377413
-0.36889
-0.360366
-0.351842
-0.343317
-0.334792
-0.326267
-0.317741
-0.309215
-0.300687
-0.292159
-0.28363
-0.275099
-0.266566
-0.258033
-0.249497
-0.24096
-0.232422
-0.223881
-0.215339
-0.206794
-0.198248
-0.1897
-0.18115
-0.172599
-0.164045
-0.155491
-0.146935
-0.138377
-0.129819
-0.12126
-0.1127
-0.104141
-0.095581
-0.0870216
-0.078463
-0.0699055
-0.0613493
-0.0527949
-0.0442426
-0.0356927
-0.0271455
-0.0186013
-0.0100603
-0.00152278
0.00701122
0.0155414
0.0240679
0.0325904
0.0411091
0.0496238
0.0581347
0.0666419
0.0751454
0.0836454
0.0921421
0.100636
0.109126
0.117614
0.126099
0.134582
0.143063
0.151541
0.160018
0.168494
0.176968
0.185441
0.193912
0.202383
0.210854
0.219324
0.227795
0.236266
0.244737
0.253208
0.261677
0.270146
0.278613
0.287085
0.295558
0.304039
-0.545788
-0.537253
-0.528721
-0.520194
-0.511667
-0.503139
-0.49461
-0.486079
-0.477549
-0.469018
-0.460489
-0.451961
-0.443435
-0.434908
-0.426383
-0.417858
-0.409333
-0.400809
-0.392285
-0.383761
-0.375237
-0.366713
-0.358189
-0.349664
-0.34114
-0.332614
-0.324088
-0.315562
-0.307034
-0.298506
-0.289976
-0.281445
-0.272913
-0.264379
-0.255844
-0.247307
-0.238768
-0.230228
-0.221686
-0.213142
-0.204596
-0.196048
-0.187498
-0.178947
-0.170395
-0.16184
-0.153285
-0.144728
-0.13617
-0.127612
-0.119053
-0.110494
-0.101935
-0.0933765
-0.0848186
-0.0762618
-0.0677063
-0.0591527
-0.050601
-0.0420518
-0.0335051
-0.0249615
-0.0164209
-0.00788381
0.000649871
0.00917981
0.0177061
0.0262285
0.0347471
0.0432619
0.0517729
0.0602802
0.068784
0.0772843
0.0857813
0.0942752
0.102766
0.111254
0.11974
0.128224
0.136705
0.145184
0.153661
0.162137
0.170612
0.179085
0.187557
0.196029
0.2045
0.212971
0.221441
0.229913
0.238384
0.246855
0.255324
0.263793
0.27226
0.280731
0.289204
0.297684
-0.552126
-0.543592
-0.535062
-0.526535
-0.51801
-0.509483
-0.500954
-0.492424
-0.483894
-0.475364
-0.466836
-0.458308
-0.449782
-0.441256
-0.43273
-0.424205
-0.415681
-0.407157
-0.398633
-0.390108
-0.381585
-0.37306
-0.364536
-0.356012
-0.347487
-0.338961
-0.330435
-0.321909
-0.313381
-0.304852
-0.296323
-0.287792
-0.279259
-0.270726
-0.262191
-0.253654
-0.245115
-0.236575
-0.228033
-0.219489
-0.210943
-0.202396
-0.193847
-0.185296
-0.176744
-0.16819
-0.159635
-0.151079
-0.142522
-0.133964
-0.125406
-0.116848
-0.108289
-0.0997314
-0.0911741
-0.0826181
-0.0740633
-0.0655103
-0.0569593
-0.0484107
-0.0398646
-0.0313215
-0.0227814
-0.0142447
-0.00571133
0.00281834
0.0113444
0.0198667
0.0283853
0.0369001
0.0454112
0.0539187
0.0624227
0.0709233
0.0794207
0.0879149
0.0964063
0.104895
0.113381
0.121865
0.130347
0.138827
0.147304
0.155781
0.164256
0.17273
0.181202
0.189674
0.198146
0.206617
0.215088
0.22356
0.232031
0.240502
0.248971
0.25744
0.265906
0.274377
0.282849
0.291329
-0.558464
-0.549931
-0.541402
-0.532877
-0.524352
-0.515826
-0.507299
-0.498769
-0.49024
-0.481711
-0.473182
-0.464655
-0.456129
-0.447603
-0.439078
-0.430553
-0.422028
-0.413504
-0.40498
-0.396456
-0.387932
-0.379408
-0.370884
-0.362359
-0.353834
-0.345308
-0.336782
-0.328255
-0.319728
-0.311199
-0.302669
-0.294138
-0.285606
-0.277072
-0.268537
-0.26
-0.251462
-0.242922
-0.23438
-0.225836
-0.217291
-0.208744
-0.200195
-0.191645
-0.183093
-0.17454
-0.165985
-0.15743
-0.148873
-0.140316
-0.131759
-0.123201
-0.114643
-0.106086
-0.0975297
-0.0889743
-0.0804202
-0.071868
-0.0633176
-0.0547696
-0.046224
-0.0376814
-0.0291418
-0.0206055
-0.0120724
-0.00354299
0.00498293
0.0135051
0.0220237
0.0305384
0.0390497
0.0475573
0.0560615
0.0645624
0.0730601
0.0815547
0.0900465
0.0985356
0.107022
0.115507
0.123989
0.132469
0.140947
0.149424
0.1579
0.166374
0.174847
0.18332
0.191792
0.200263
0.208735
0.217206
0.225678
0.234149
0.242618
0.251087
0.259553
0.268023
0.276495
0.284973
-0.564802
-0.556271
-0.547743
-0.539219
-0.530695
-0.52217
-0.513643
-0.505114
-0.496585
-0.488056
-0.479529
-0.471002
-0.462476
-0.45395
-0.445425
-0.4369
-0.428376
-0.419851
-0.411327
-0.402803
-0.394279
-0.385755
-0.377231
-0.368706
-0.360181
-0.351655
-0.343129
-0.334602
-0.326075
-0.317546
-0.309016
-0.300485
-0.291953
-0.283419
-0.274884
-0.266347
-0.257809
-0.249269
-0.240727
-0.232184
-0.223639
-0.215092
-0.206544
-0.197994
-0.189442
-0.18089
-0.172335
-0.163781
-0.155225
-0.146668
-0.138111
-0.129554
-0.120997
-0.112441
-0.103885
-0.0953306
-0.0867771
-0.0782255
-0.0696757
-0.0611283
-0.0525833
-0.0440413
-0.035502
-0.0269661
-0.0184333
-0.0099042
-0.00137844
0.00714358
0.0156621
0.0241769
0.0326883
0.041196
0.0497005
0.0582016
0.0666996
0.0751945
0.0836868
0.0921763
0.100663
0.109148
0.117631
0.126112
0.13459
0.143068
0.151544
0.160019
0.168492
0.176965
0.185437
0.193909
0.202381
0.210853
0.219325
0.227796
0.236265
0.244733
0.2532
0.26167
0.270141
0.278619
-0.57114
-0.56261
-0.554084
-0.54556
-0.537037
-0.528513
-0.519987
-0.511459
-0.502931
-0.494402
-0.485875
-0.477348
-0.468822
-0.460297
-0.451772
-0.443247
-0.434723
-0.426198
-0.417675
-0.40915
-0.400626
-0.392102
-0.383578
-0.375053
-0.366528
-0.358002
-0.349476
-0.340949
-0.332421
-0.323892
-0.315363
-0.306832
-0.298299
-0.289766
-0.281231
-0.272694
-0.264156
-0.255616
-0.247074
-0.238531
-0.229986
-0.22144
-0.212892
-0.204343
-0.195791
-0.187239
-0.178686
-0.170131
-0.161576
-0.15302
-0.144464
-0.135908
-0.127351
-0.118796
-0.110241
-0.101687
-0.093134
-0.084583
-0.0760338
-0.067487
-0.0589426
-0.050401
-0.0418622
-0.0333266
-0.0247942
-0.0162653
-0.00773969
0.000782205
0.00930071
0.0178155
0.026327
0.0348348
0.0433395
0.0518408
0.0603391
0.0688344
0.077327
0.0858169
0.0943044
0.10279
0.111273
0.119754
0.128233
0.136711
0.145188
0.153663
0.162137
0.17061
0.179083
0.187555
0.196027
0.204499
0.212971
0.221442
0.229911
0.23838
0.246846
0.255316
0.263787
0.272264
-0.577479
-0.56895
-0.560425
-0.551902
-0.54338
-0.534856
-0.526331
-0.517803
-0.509276
-0.500748
-0.492221
-0.483694
-0.475169
-0.466643
-0.458119
-0.449594
-0.44107
-0.432545
-0.424022
-0.415497
-0.406973
-0.398449
-0.389925
-0.3814
-0.372875
-0.364349
-0.355823
-0.347296
-0.338768
-0.330239
-0.321709
-0.313178
-0.304646
-0.296112
-0.287577
-0.279041
-0.270503
-0.261963
-0.253422
-0.244879
-0.236334
-0.227788
-0.219241
-0.210691
-0.202141
-0.193589
-0.185036
-0.176482
-0.167928
-0.159373
-0.150817
-0.142261
-0.133706
-0.125151
-0.116596
-0.108043
-0.0994907
-0.0909404
-0.0823918
-0.0738456
-0.0653017
-0.0567606
-0.0482222
-0.039687
-0.0311549
-0.0226262
-0.0141008
-0.00557906
0.0029394
0.0114542
0.0199657
0.0284737
0.0369786
0.0454801
0.0539788
0.0624744
0.0709673
0.0794576
0.0879455
0.0964311
0.104915
0.113396
0.121876
0.130355
0.138832
0.147307
0.155782
0.164256
0.172728
0.181201
0.189673
0.198146
0.206618
0.215089
0.223558
0.232026
0.240493
0.248962
0.257433
0.265909
-0.583818
-0.57529
-0.566766
-0.558244
-0.549722
-0.541199
-0.532675
-0.524148
-0.515621
-0.507093
-0.498567
-0.49004
-0.481515
-0.47299
-0.464465
-0.455941
-0.447417
-0.438892
-0.430368
-0.421844
-0.41332
-0.404796
-0.396272
-0.387747
-0.379222
-0.370696
-0.36217
-0.353642
-0.345115
-0.336586
-0.328056
-0.319525
-0.310993
-0.302459
-0.293924
-0.285388
-0.27685
-0.26831
-0.259769
-0.251227
-0.242682
-0.234136
-0.225589
-0.21704
-0.20849
-0.199939
-0.191387
-0.182833
-0.174279
-0.165725
-0.15717
-0.148615
-0.14006
-0.131505
-0.122952
-0.114399
-0.105847
-0.0972978
-0.0887498
-0.0802042
-0.0716607
-0.0631201
-0.0545821
-0.0460473
-0.0375155
-0.0289871
-0.0204619
-0.0119402
-0.00342181
0.00509299
0.0136046
0.0221127
0.0306177
0.0391195
0.0476184
0.0561143
0.0646076
0.0730982
0.0815866
0.0900726
0.0985566
0.107039
0.115519
0.123998
0.132475
0.140951
0.149426
0.1579
0.166374
0.174847
0.183319
0.191792
0.200264
0.208735
0.217204
0.225673
0.234139
0.242608
0.251079
0.259554
-0.590157
-0.58163
-0.573107
-0.564585
-0.556065
-0.547542
-0.539018
-0.530492
-0.521966
-0.513439
-0.504912
-0.496386
-0.487861
-0.479336
-0.470812
-0.462287
-0.453763
-0.445239
-0.436715
-0.428191
-0.419667
-0.411143
-0.402618
-0.394094
-0.385568
-0.377043
-0.368516
-0.359989
-0.351461
-0.342932
-0.334402
-0.325871
-0.317339
-0.308806
-0.300271
-0.291735
-0.283197
-0.274657
-0.266116
-0.257574
-0.24903
-0.240485
-0.231938
-0.223389
-0.21484
-0.206289
-0.197737
-0.189184
-0.180631
-0.172077
-0.163522
-0.154968
-0.146414
-0.13786
-0.129307
-0.120755
-0.112204
-0.103655
-0.0951077
-0.0865626
-0.0780197
-0.0694795
-0.060942
-0.0524076
-0.043876
-0.0353479
-0.0268228
-0.0183013
-0.00978295
-0.00126816
0.00724352
0.0157517
0.0242569
0.0327589
0.041258
0.0497542
0.0582479
0.0667388
0.0752275
0.083714
0.0921984
0.100681
0.109162
0.117641
0.126119
0.134595
0.143071
0.151545
0.160019
0.168492
0.176965
0.185438
0.19391
0.202381
0.21085
0.219319
0.227786
0.236255
0.244725
0.2532
-0.596497
-0.587971
-0.579448
-0.570927
-0.562407
-0.553885
-0.545362
-0.536836
-0.52831
-0.519784
-0.511258
-0.502732
-0.494207
-0.485682
-0.477158
-0.468633
-0.46011
-0.451585
-0.443062
-0.434538
-0.426014
-0.417489
-0.408965
-0.40044
-0.391915
-0.383389
-0.374863
-0.366335
-0.357807
-0.349279
-0.340749
-0.332218
-0.323686
-0.315152
-0.306617
-0.298081
-0.289544
-0.281005
-0.272464
-0.263922
-0.255378
-0.246833
-0.238286
-0.229739
-0.221189
-0.212639
-0.204088
-0.195535
-0.186982
-0.178429
-0.169875
-0.161322
-0.152768
-0.144215
-0.135662
-0.127111
-0.118561
-0.110012
-0.101465
-0.092921
-0.0843785
-0.0758389
-0.0673017
-0.0587677
-0.0502364
-0.0417086
-0.0331837
-0.0246623
-0.016144
-0.00762925
0.000882476
0.00939077
0.0178961
0.0263983
0.0348977
0.0433941
0.0518881
0.0603794
0.0688685
0.0773553
0.0858401
0.094323
0.102804
0.111284
0.119762
0.128239
0.136715
0.14519
0.153664
0.162137
0.170611
0.179084
0.187556
0.196027
0.204497
0.212965
0.221432
0.229901
0.238371
0.246846
-0.602836
-0.594312
-0.585789
-0.577269
-0.56875
-0.560228
-0.551705
-0.54318
-0.534655
-0.526128
-0.517603
-0.509077
-0.500553
-0.492028
-0.483504
-0.47498
-0.466456
-0.457932
-0.449408
-0.440884
-0.43236
-0.423836
-0.415311
-0.406786
-0.398261
-0.389735
-0.381209
-0.372682
-0.364154
-0.355625
-0.347095
-0.338564
-0.330032
-0.321499
-0.312964
-0.304428
-0.295891
-0.287352
-0.278811
-0.270269
-0.261726
-0.253181
-0.244635
-0.236088
-0.227539
-0.218989
-0.210438
-0.201886
-0.193334
-0.184781
-0.176228
-0.167675
-0.159122
-0.15057
-0.142018
-0.133467
-0.124917
-0.11637
-0.107823
-0.0992793
-0.0907374
-0.0821982
-0.0736614
-0.0651278
-0.0565968
-0.0480692
-0.0395445
-0.0310233
-0.022505
-0.0139903
-0.00547854
0.00302984
0.0115353
0.0200377
0.0285373
0.037034
0.0455282
0.0540199
0.0625093
0.0709964
0.0794816
0.0879649
0.0964465
0.104927
0.113405
0.121883
0.130359
0.138834
0.147308
0.155782
0.164256
0.172729
0.181201
0.189673
0.198143
0.206611
0.215078
0.223547
0.232017
0.240492
-0.609176
-0.600652
-0.592131
-0.583612
-0.575092
-0.566571
-0.558049
-0.549524
-0.540999
-0.532473
-0.523948
-0.515423
-0.506898
-0.498373
-0.489849
-0.481325
-0.472802
-0.464278
-0.455754
-0.44723
-0.438706
-0.430182
-0.421657
-0.413132
-0.404607
-0.396081
-0.387555
-0.379028
-0.3705
-0.361971
-0.353441
-0.34491
-0.336378
-0.327845
-0.319311
-0.310775
-0.302237
-0.293699
-0.285159
-0.276617
-0.268074
-0.25953
-0.250984
-0.242437
-0.233888
-0.225339
-0.216788
-0.208237
-0.199686
-0.191133
-0.182581
-0.174028
-0.165476
-0.156924
-0.148373
-0.139823
-0.131274
-0.122727
-0.114181
-0.105638
-0.0970961
-0.0885574
-0.0800211
-0.0714878
-0.0629571
-0.0544297
-0.0459053
-0.0373842
-0.028866
-0.0203513
-0.0118395
-0.00333108
0.00517454
0.013677
0.0221769
0.0306738
0.0391683
0.0476602
0.05615
0.0646375
0.073123
0.0816067
0.0900887
0.0985691
0.107048
0.115526
0.124002
0.132478
0.140953
0.149427
0.157901
0.166374
0.174847
0.183319
0.191788
0.200257
0.208724
0.217193
0.225664
0.234138
-0.615517
-0.606994
-0.598473
-0.589954
-0.581435
-0.572914
-0.564392
-0.555868
-0.547343
-0.538817
-0.530293
-0.521768
-0.513243
-0.504719
-0.496195
-0.487671
-0.479147
-0.470623
-0.4621
-0.453576
-0.445052
-0.436528
-0.428003
-0.419478
-0.410953
-0.402427
-0.393901
-0.385374
-0.376846
-0.368317
-0.359787
-0.351257
-0.342725
-0.334192
-0.325657
-0.317121
-0.308584
-0.300046
-0.291506
-0.282965
-0.274422
-0.265878
-0.257332
-0.248786
-0.240238
-0.231689
-0.223139
-0.214588
-0.206037
-0.197486
-0.188934
-0.180382
-0.17183
-0.163279
-0.154728
-0.146179
-0.13763
-0.129084
-0.120539
-0.111996
-0.103455
-0.0949165
-0.0863806
-0.0778477
-0.0693174
-0.0607903
-0.052266
-0.043745
-0.035227
-0.0267123
-0.0182005
-0.00969201
-0.0011863
0.00731634
0.0158163
0.0243135
0.0328083
0.0413005
0.0497905
0.0582784
0.0667643
0.0752483
0.0837306
0.0922115
0.100691
0.109169
0.117646
0.126122
0.134597
0.143072
0.151546
0.160019
0.168492
0.176964
0.185434
0.193903
0.202371
0.21084
0.21931
0.227784
-0.621857
-0.613335
-0.604815
-0.596296
-0.587777
-0.579257
-0.570735
-0.562211
-0.553687
-0.545162
-0.536637
-0.528112
-0.519588
-0.511064
-0.50254
-0.494016
-0.485492
-0.476969
-0.468445
-0.459921
-0.451397
-0.442873
-0.434349
-0.425824
-0.417299
-0.408773
-0.400246
-0.391719
-0.383192
-0.374663
-0.366133
-0.357602
-0.349071
-0.340538
-0.332003
-0.323468
-0.314931
-0.306393
-0.297853
-0.289312
-0.28077
-0.272226
-0.263681
-0.255135
-0.246587
-0.238039
-0.229489
-0.220939
-0.212389
-0.203838
-0.195286
-0.186735
-0.178184
-0.169633
-0.161083
-0.152535
-0.143987
-0.135441
-0.126896
-0.118354
-0.109813
-0.101276
-0.0927402
-0.0842076
-0.0756776
-0.0671507
-0.0586267
-0.0501059
-0.041588
-0.0330733
-0.0245616
-0.016053
-0.00754721
0.000955575
0.00945573
0.0179531
0.0264481
0.0349406
0.0434309
0.0519191
0.0604053
0.0688897
0.0773723
0.0858535
0.0943332
0.102812
0.111289
0.119766
0.128241
0.136716
0.14519
0.153664
0.162137
0.170609
0.17908
0.187549
0.196017
0.204486
0.212957
0.22143
-0.628199
-0.619677
-0.611157
-0.602639
-0.59412
-0.585599
-0.577078
-0.568554
-0.56003
-0.551506
-0.542981
-0.534457
-0.525932
-0.517408
-0.508885
-0.500361
-0.491837
-0.483314
-0.47479
-0.466266
-0.457742
-0.449218
-0.440694
-0.432169
-0.423644
-0.415118
-0.406592
-0.398065
-0.389537
-0.381008
-0.372479
-0.363948
-0.355417
-0.346884
-0.33835
-0.329814
-0.321278
-0.31274
-0.3042
-0.29566
-0.287117
-0.278574
-0.270029
-0.261484
-0.252937
-0.244389
-0.23584
-0.22729
-0.21874
-0.21019
-0.201639
-0.193088
-0.184538
-0.175988
-0.167439
-0.158891
-0.150343
-0.141798
-0.133254
-0.124712
-0.116172
-0.107635
-0.0990997
-0.0905674
-0.0820378
-0.0735112
-0.0649874
-0.0564667
-0.0479489
-0.0394343
-0.0309226
-0.022414
-0.0139082
-0.00540527
0.00309503
0.0115926
0.0200878
0.0285805
0.0370711
0.0455596
0.0540461
0.0625308
0.0710138
0.0794953
0.0879754
0.0964543
0.104932
0.113409
0.121885
0.13036
0.138834
0.147309
0.155782
0.164254
0.172725
0.181195
0.189663
0.198133
0.206603
0.215076
-0.678928
-0.670412
-0.661895
-0.653378
-0.64486
-0.636341
-0.627821
-0.6193
-0.610778
-0.602256
-0.593734
-0.585211
-0.576688
-0.568165
-0.559642
-0.551119
-0.542596
-0.534073
-0.52555
-0.517027
-0.508503
-0.49998
-0.491456
-0.482931
-0.474406
-0.465881
-0.457355
-0.448829
-0.440301
-0.431773
-0.423244
-0.414715
-0.406184
-0.397652
-0.38912
-0.380586
-0.372051
-0.363515
-0.354978
-0.346439
-0.3379
-0.329359
-0.320818
-0.312276
-0.303732
-0.295188
-0.286644
-0.278098
-0.269553
-0.261007
-0.252461
-0.243915
-0.235369
-0.226824
-0.21828
-0.209737
-0.201194
-0.192653
-0.184114
-0.175576
-0.16704
-0.158506
-0.149975
-0.141445
-0.132918
-0.124394
-0.115872
-0.107352
-0.0988358
-0.0903217
-0.0818102
-0.0733014
-0.0647951
-0.0562913
-0.0477899
-0.0392909
-0.0307941
-0.0222994
-0.0138067
-0.00531601
0.00317293
0.0116602
0.0201458
0.0286301
0.037113
0.0455946
0.0540752
0.0625547
0.0710334
0.0795111
0.0879881
0.0964643
0.10494
0.113414
0.121888
0.13036
0.138833
0.147304
0.155776
0.164247
-0.774058
-0.765547
-0.757034
-0.74852
-0.740005
-0.731488
-0.722971
-0.714453
-0.705934
-0.697415
-0.688895
-0.680375
-0.671854
-0.663333
-0.654812
-0.646291
-0.637769
-0.629248
-0.620726
-0.612204
-0.603682
-0.595159
-0.586636
-0.578113
-0.56959
-0.561066
-0.552542
-0.544017
-0.535491
-0.526965
-0.518438
-0.509911
-0.501383
-0.492854
-0.484324
-0.475793
-0.467262
-0.458729
-0.450196
-0.441662
-0.433128
-0.424592
-0.416056
-0.407519
-0.398982
-0.390444
-0.381906
-0.373367
-0.364828
-0.35629
-0.347751
-0.339212
-0.330674
-0.322136
-0.313599
-0.305063
-0.296528
-0.287993
-0.27946
-0.270929
-0.262398
-0.25387
-0.245343
-0.236818
-0.228295
-0.219774
-0.211255
-0.202738
-0.194223
-0.18571
-0.177199
-0.168691
-0.160184
-0.15168
-0.143177
-0.134677
-0.126178
-0.117681
-0.109186
-0.100692
-0.0921996
-0.0837088
-0.0752193
-0.066731
-0.058244
-0.0497581
-0.0412732
-0.0327893
-0.0243063
-0.0158242
-0.00734294
0.00113746
0.00961701
0.0180957
0.0265736
0.0350506
0.0435268
0.0520023
0.0604768
0.0689503
-0.869201
-0.860691
-0.852181
-0.843669
-0.835155
-0.826641
-0.818126
-0.80961
-0.801093
-0.792576
-0.784058
-0.77554
-0.767021
-0.758502
-0.749983
-0.741464
-0.732944
-0.724424
-0.715904
-0.707383
-0.698863
-0.690342
-0.681821
-0.673299
-0.664777
-0.656255
-0.647732
-0.639209
-0.630686
-0.622162
-0.613637
-0.605112
-0.596587
-0.588061
-0.579534
-0.571007
-0.562479
-0.55395
-0.545421
-0.536891
-0.528361
-0.51983
-0.511299
-0.502767
-0.494235
-0.485703
-0.47717
-0.468637
-0.460104
-0.451572
-0.443039
-0.434507
-0.425975
-0.417443
-0.408912
-0.400382
-0.391852
-0.383323
-0.374796
-0.366269
-0.357744
-0.34922
-0.340697
-0.332176
-0.323656
-0.315138
-0.306621
-0.298106
-0.289593
-0.281081
-0.272572
-0.264063
-0.255557
-0.247052
-0.238548
-0.230046
-0.221546
-0.213047
-0.20455
-0.196054
-0.187559
-0.179065
-0.170572
-0.162081
-0.153591
-0.145101
-0.136613
-0.128125
-0.119638
-0.111152
-0.102667
-0.0941827
-0.0856991
-0.0772164
-0.0687346
-0.0602536
-0.0517735
-0.0432942
-0.034816
-0.0263387
-0.964351
-0.955843
-0.947333
-0.938822
-0.930311
-0.921798
-0.913285
-0.904771
-0.896256
-0.887741
-0.879225
-0.870708
-0.862192
-0.853675
-0.845157
-0.83664
-0.828122
-0.819604
-0.811085
-0.802567
-0.794048
-0.785529
-0.777009
-0.76849
-0.75997
-0.75145
-0.742929
-0.734408
-0.725887
-0.717365
-0.708843
-0.700321
-0.691798
-0.683275
-0.674751
-0.666227
-0.657702
-0.649177
-0.640652
-0.632126
-0.623599
-0.615073
-0.606546
-0.598019
-0.589491
-0.580963
-0.572436
-0.563908
-0.55538
-0.546853
-0.538325
-0.529798
-0.521271
-0.512744
-0.504218
-0.495693
-0.487168
-0.478644
-0.47012
-0.461598
-0.453077
-0.444556
-0.436037
-0.427519
-0.419002
-0.410486
-0.401972
-0.393459
-0.384947
-0.376437
-0.367927
-0.35942
-0.350913
-0.342408
-0.333904
-0.325401
-0.3169
-0.3084
-0.299901
-0.291402
-0.282905
-0.274409
-0.265914
-0.25742
-0.248927
-0.240435
-0.231943
-0.223452
-0.214962
-0.206473
-0.197984
-0.189496
-0.181009
-0.172523
-0.164037
-0.155552
-0.147069
-0.138585
-0.130103
-0.121622
-1.05951
-1.051
-1.04249
-1.03398
-1.02547
-1.01696
-1.00845
-0.999935
-0.991422
-0.982909
-0.974395
-0.96588
-0.957365
-0.94885
-0.940335
-0.931819
-0.923303
-0.914787
-0.90627
-0.897754
-0.889237
-0.88072
-0.872202
-0.863685
-0.855167
-0.846649
-0.83813
-0.829612
-0.821093
-0.812574
-0.804054
-0.795534
-0.787014
-0.778494
-0.769973
-0.761452
-0.75293
-0.744408
-0.735886
-0.727364
-0.718842
-0.710319
-0.701796
-0.693273
-0.684749
-0.676226
-0.667702
-0.659179
-0.650656
-0.642132
-0.633609
-0.625086
-0.616564
-0.608042
-0.59952
-0.590998
-0.582478
-0.573957
-0.565438
-0.556919
-0.548401
-0.539884
-0.531367
-0.522852
-0.514337
-0.505823
-0.497311
-0.488799
-0.480289
-0.471779
-0.463271
-0.454763
-0.446257
-0.437752
-0.429247
-0.420744
-0.412241
-0.40374
-0.39524
-0.38674
-0.378241
-0.369743
-0.361246
-0.35275
-0.344254
-0.335759
-0.327265
-0.318771
-0.310278
-0.301786
-0.293294
-0.284803
-0.276313
-0.267823
-0.259334
-0.250846
-0.242358
-0.233871
-0.225385
-0.2169
-1.15467
-1.14616
-1.13765
-1.12914
-1.12064
-1.11213
-1.10361
-1.0951
-1.08659
-1.07808
-1.06957
-1.06106
-1.05254
-1.04403
-1.03552
-1.027
-1.01849
-1.00997
-1.00146
-0.992945
-0.98443
-0.975915
-0.967399
-0.958884
-0.950368
-0.941852
-0.933336
-0.92482
-0.916303
-0.907786
-0.899269
-0.890752
-0.882235
-0.873717
-0.865199
-0.856681
-0.848162
-0.839644
-0.831125
-0.822606
-0.814087
-0.805567
-0.797048
-0.788528
-0.780009
-0.771489
-0.762969
-0.75445
-0.74593
-0.737411
-0.728892
-0.720372
-0.711854
-0.703335
-0.694817
-0.686299
-0.677782
-0.669265
-0.660748
-0.652232
-0.643717
-0.635203
-0.626689
-0.618175
-0.609663
-0.601151
-0.59264
-0.58413
-0.57562
-0.567111
-0.558604
-0.550097
-0.54159
-0.533085
-0.52458
-0.516076
-0.507573
-0.499071
-0.490569
-0.482068
-0.473568
-0.465068
-0.456569
-0.448071
-0.439573
-0.431076
-0.422579
-0.414083
-0.405588
-0.397093
-0.388599
-0.380105
-0.371612
-0.363119
-0.354626
-0.346135
-0.337644
-0.329153
-0.320663
-0.312173
-1.24983
-1.24133
-1.23282
-1.22431
-1.2158
-1.20729
-1.19878
-1.19028
-1.18177
-1.17325
-1.16474
-1.15623
-1.14772
-1.13921
-1.1307
-1.12219
-1.11368
-1.10516
-1.09665
-1.08814
-1.07962
-1.07111
-1.0626
-1.05409
-1.04557
-1.03706
-1.02854
-1.02003
-1.01152
-1.003
-0.994487
-0.985973
-0.977458
-0.968943
-0.960428
-0.951912
-0.943397
-0.934881
-0.926365
-0.91785
-0.909334
-0.900818
-0.892301
-0.883785
-0.875269
-0.866753
-0.858237
-0.84972
-0.841204
-0.832688
-0.824172
-0.815657
-0.807141
-0.798626
-0.790111
-0.781596
-0.773082
-0.764568
-0.756054
-0.747541
-0.739028
-0.730516
-0.722004
-0.713492
-0.704982
-0.696471
-0.687962
-0.679453
-0.670944
-0.662436
-0.653929
-0.645422
-0.636916
-0.62841
-0.619905
-0.611401
-0.602897
-0.594394
-0.585892
-0.577389
-0.568888
-0.560387
-0.551886
-0.543386
-0.534886
-0.526387
-0.517889
-0.50939
-0.500892
-0.492395
-0.483898
-0.475401
-0.466905
-0.458409
-0.449914
-0.441419
-0.432925
-0.42443
-0.415937
-0.407443
-1.345
-1.3365
-1.32799
-1.31948
-1.31097
-1.30247
-1.29396
-1.28545
-1.27694
-1.26843
-1.25992
-1.25141
-1.2429
-1.23439
-1.22588
-1.21737
-1.20886
-1.20035
-1.19184
-1.18333
-1.17482
-1.16631
-1.1578
-1.14929
-1.14078
-1.13227
-1.12375
-1.11524
-1.10673
-1.09822
-1.08971
-1.0812
-1.07268
-1.06417
-1.05566
-1.04715
-1.03863
-1.03012
-1.02161
-1.01309
-1.00458
-0.996069
-0.987556
-0.979043
-0.97053
-0.962017
-0.953504
-0.944991
-0.936478
-0.927965
-0.919452
-0.910939
-0.902427
-0.893915
-0.885402
-0.87689
-0.868379
-0.859867
-0.851356
-0.842845
-0.834335
-0.825824
-0.817314
-0.808805
-0.800295
-0.791787
-0.783278
-0.77477
-0.766262
-0.757755
-0.749248
-0.740742
-0.732236
-0.72373
-0.715225
-0.70672
-0.698216
-0.689712
-0.681209
-0.672705
-0.664203
-0.6557
-0.647198
-0.638696
-0.630195
-0.621694
-0.613193
-0.604693
-0.596192
-0.587693
-0.579193
-0.570694
-0.562195
-0.553696
-0.545198
-0.5367
-0.528202
-0.519705
-0.511207
-0.50271
-1.44017
-1.43167
-1.42316
-1.41465
-1.40615
-1.39764
-1.38913
-1.38063
-1.37212
-1.36361
-1.3551
-1.34659
-1.33809
-1.32958
-1.32107
-1.31256
-1.30405
-1.29555
-1.28704
-1.27853
-1.27002
-1.26151
-1.253
-1.24449
-1.23598
-1.22748
-1.21897
-1.21046
-1.20195
-1.19344
-1.18493
-1.17642
-1.16791
-1.1594
-1.15089
-1.14238
-1.13387
-1.12536
-1.11685
-1.10834
-1.09983
-1.09132
-1.08281
-1.0743
-1.06579
-1.05728
-1.04877
-1.04026
-1.03175
-1.02324
-1.01473
-1.00622
-0.997711
-0.989202
-0.980692
-0.972183
-0.963674
-0.955164
-0.946656
-0.938147
-0.929638
-0.92113
-0.912622
-0.904114
-0.895606
-0.887098
-0.878591
-0.870084
-0.861577
-0.853071
-0.844564
-0.836058
-0.827552
-0.819047
-0.810541
-0.802036
-0.793531
-0.785027
-0.776522
-0.768018
-0.759514
-0.75101
-0.742507
-0.734003
-0.7255
-0.716997
-0.708495
-0.699992
-0.69149
-0.682988
-0.674486
-0.665984
-0.657482
-0.648981
-0.640479
-0.631978
-0.623477
-0.614976
-0.606476
-0.597975
-1.53535
-1.52684
-1.51833
-1.50983
-1.50132
-1.49282
-1.48431
-1.4758
-1.4673
-1.45879
-1.45028
-1.44178
-1.43327
-1.42476
-1.41626
-1.40775
-1.39925
-1.39074
-1.38223
-1.37373
-1.36522
-1.35671
-1.34821
-1.3397
-1.33119
-1.32268
-1.31418
-1.30567
-1.29716
-1.28866
-1.28015
-1.27164
-1.26314
-1.25463
-1.24612
-1.23762
-1.22911
-1.2206
-1.21209
-1.20359
-1.19508
-1.18657
-1.17807
-1.16956
-1.16105
-1.15254
-1.14404
-1.13553
-1.12702
-1.11852
-1.11001
-1.1015
-1.09299
-1.08449
-1.07598
-1.06747
-1.05897
-1.05046
-1.04195
-1.03345
-1.02494
-1.01643
-1.00793
-0.999421
-0.990914
-0.982408
-0.973902
-0.965396
-0.95689
-0.948384
-0.939878
-0.931372
-0.922866
-0.914361
-0.905855
-0.89735
-0.888844
-0.880339
-0.871834
-0.863328
-0.854823
-0.846318
-0.837813
-0.829308
-0.820804
-0.812299
-0.803794
-0.79529
-0.786785
-0.77828
-0.769776
-0.761272
-0.752767
-0.744263
-0.735759
-0.727255
-0.718751
-0.710247
-0.701743
-0.693239
)
;

boundaryField
{
    inlet_water
    {
        type            calculated;
        value           nonuniform List<scalar> 
50
(
488.703
478.8
468.896
458.993
449.09
439.187
429.284
419.381
409.478
399.575
389.672
379.769
369.866
359.962
350.059
340.156
330.253
320.349
310.446
300.543
290.64
280.737
270.833
260.931
251.028
241.125
231.223
221.32
211.419
201.517
191.616
181.715
171.816
161.919
152.029
142.153
132.305
122.479
112.651
102.82
92.9898
83.1615
73.3348
63.5098
53.6861
43.8645
34.0458
24.2318
14.4244
4.60594
)
;
    }
    inlet_air
    {
        type            calculated;
        value           nonuniform List<scalar> 
60
(
-0.3147
-0.328308
-0.334658
-0.341007
-0.347353
-0.353696
-0.360035
-0.366372
-0.372707
-0.379041
-0.385374
-0.391708
-0.398042
-0.404375
-0.410709
-0.417043
-0.423376
-0.429709
-0.436042
-0.442374
-0.448707
-0.45504
-0.461372
-0.467705
-0.474038
-0.480371
-0.486704
-0.493038
-0.499372
-0.505706
-0.512041
-0.518376
-0.524711
-0.531047
-0.537383
-0.543719
-0.550055
-0.556392
-0.562729
-0.569067
-0.575404
-0.581742
-0.588081
-0.59442
-0.600759
-0.607098
-0.613438
-0.619778
-0.626118
-0.632459
-0.683185
-0.778313
-0.873455
-0.968605
-1.06376
-1.15892
-1.25409
-1.34926
-1.44443
-1.5396
)
;
    }
    outlet_water
    {
        type            calculated;
        value           nonuniform List<scalar> 
50
(
491.244
481.339
471.434
461.528
451.622
441.716
431.81
421.904
411.998
402.091
392.185
382.278
372.371
362.464
352.557
342.65
332.743
322.836
312.929
303.021
293.114
283.206
273.298
263.389
253.481
243.571
233.661
223.751
213.84
203.928
194.015
184.101
174.183
164.256
154.301
144.274
134.156
124.103
114.237
104.418
94.5704
84.6989
74.812
64.9136
55.0069
45.0926
35.1728
25.2478
15.3127
5.39841
)
;
    }
    outlet_air
    {
        type            calculated;
        value           nonuniform List<scalar> 
60
(
0.47375
0.52455
0.518197
0.511826
0.505449
0.499067
0.492688
0.486313
0.479943
0.473578
0.467216
0.460856
0.454498
0.44814
0.441782
0.435424
0.429067
0.422709
0.416351
0.409994
0.403636
0.397278
0.39092
0.384562
0.378204
0.371846
0.365489
0.359132
0.352774
0.346417
0.34006
0.333704
0.327347
0.320991
0.314635
0.308279
0.301923
0.295567
0.289212
0.282857
0.276502
0.270147
0.263792
0.257437
0.251083
0.244728
0.238374
0.23202
0.225666
0.219313
0.168483
0.0731869
-0.0221002
-0.117381
-0.212657
-0.307929
-0.403197
-0.498462
-0.593725
-0.688987
)
;
    }
    lowerWall
    {
        type            calculated;
        value           nonuniform List<scalar> 
100
(
493.682
493.738
493.794
493.857
493.919
493.978
494.033
494.085
494.136
494.185
494.234
494.282
494.329
494.375
494.419
494.461
494.502
494.542
494.582
494.621
494.66
494.699
494.738
494.778
494.82
494.862
494.905
494.95
494.996
495.043
495.091
495.14
495.19
495.24
495.291
495.342
495.392
495.442
495.491
495.539
495.586
495.631
495.674
495.715
495.753
495.79
495.823
495.854
495.882
495.907
495.929
495.948
495.965
495.978
495.989
495.997
496.002
496.005
496.005
496.004
496
495.994
495.987
495.978
495.968
495.957
495.945
495.932
495.919
495.906
495.892
495.879
495.867
495.856
495.845
495.836
495.829
495.823
495.82
495.818
495.82
495.824
495.831
495.841
495.853
495.869
495.888
495.909
495.931
495.955
495.979
496.003
496.026
496.049
496.074
496.101
496.129
496.156
496.175
496.19
)
;
    }
    atmosphere
    {
        type            calculated;
        value           nonuniform List<scalar> 
100
(
-1.58293
-1.57443
-1.56592
-1.55741
-1.54891
-1.5404
-1.5319
-1.52339
-1.51489
-1.50638
-1.49788
-1.48937
-1.48086
-1.47236
-1.46385
-1.45535
-1.44684
-1.43834
-1.42983
-1.42132
-1.41282
-1.40431
-1.39581
-1.3873
-1.3788
-1.37029
-1.36178
-1.35328
-1.34477
-1.33627
-1.32776
-1.31926
-1.31075
-1.30224
-1.29374
-1.28523
-1.27673
-1.26822
-1.25972
-1.25121
-1.2427
-1.2342
-1.22569
-1.21719
-1.20868
-1.20018
-1.19167
-1.18316
-1.17466
-1.16615
-1.15765
-1.14914
-1.14064
-1.13213
-1.12363
-1.11512
-1.10661
-1.09811
-1.0896
-1.0811
-1.07259
-1.06409
-1.05558
-1.04707
-1.03857
-1.03006
-1.02156
-1.01305
-1.00455
-0.99604
-0.987534
-0.979029
-0.970523
-0.962017
-0.953512
-0.945006
-0.9365
-0.927995
-0.919489
-0.910983
-0.902478
-0.893972
-0.885466
-0.876961
-0.868455
-0.859949
-0.851444
-0.842938
-0.834432
-0.825927
-0.817421
-0.808915
-0.80041
-0.791904
-0.783398
-0.774893
-0.766387
-0.757881
-0.749376
-0.74087
)
;
    }
    defaultFaces
    {
        type            empty;
    }
}


// ************************************************************************* //
