# Wall shear stress
# Time        	patch         	min           	max           
0.000000e+00	lowerWall	(-2.109381e+00 0.000000e+00 0.000000e+00)	(-2.109381e+00 0.000000e+00 0.000000e+00)
1.000000e+01	lowerWall	(-1.676295e+00 0.000000e+00 -1.923948e-03)	(-1.662949e+00 0.000000e+00 1.853097e-03)
2.000000e+01	lowerWall	(-1.360733e+00 0.000000e+00 -1.735391e-03)	(-1.351245e+00 0.000000e+00 1.695121e-03)
3.000000e+01	lowerWall	(-1.142723e+00 0.000000e+00 -1.252089e-03)	(-1.129150e+00 0.000000e+00 1.209567e-03)
4.000000e+01	lowerWall	(-9.852831e-01 0.000000e+00 -8.192576e-04)	(-9.699093e-01 0.000000e+00 8.065215e-04)
5.000000e+01	lowerWall	(-8.690341e-01 0.000000e+00 -6.400329e-04)	(-8.528646e-01 0.000000e+00 6.645977e-04)
6.000000e+01	lowerWall	(-7.812083e-01 0.000000e+00 -5.826834e-04)	(-7.647473e-01 0.000000e+00 6.266530e-04)
7.000000e+01	lowerWall	(-7.133045e-01 0.000000e+00 -5.135436e-04)	(-6.968350e-01 0.000000e+00 5.656309e-04)
8.000000e+01	lowerWall	(-6.596068e-01 0.000000e+00 -4.456643e-04)	(-6.432802e-01 0.000000e+00 4.993605e-04)
9.000000e+01	lowerWall	(-6.162245e-01 0.000000e+00 -3.841142e-04)	(-6.001177e-01 0.000000e+00 4.358252e-04)
1.000000e+02	lowerWall	(-5.804726e-01 0.000000e+00 -3.304270e-04)	(-5.646241e-01 0.000000e+00 3.782103e-04)
1.100000e+02	lowerWall	(-5.504751e-01 0.000000e+00 -2.843911e-04)	(-5.348975e-01 0.000000e+00 3.276418e-04)
1.200000e+02	lowerWall	(-5.249003e-01 0.000000e+00 -2.451950e-04)	(-5.095950e-01 0.000000e+00 2.838774e-04)
1.300000e+02	lowerWall	(-5.027860e-01 0.000000e+00 -2.119172e-04)	(-4.877449e-01 0.000000e+00 2.501202e-04)
1.400000e+02	lowerWall	(-4.834264e-01 0.000000e+00 -1.836413e-04)	(-4.686381e-01 0.000000e+00 2.264730e-04)
1.500000e+02	lowerWall	(-4.662970e-01 0.000000e+00 -1.592785e-04)	(-4.517484e-01 0.000000e+00 2.053456e-04)
1.600000e+02	lowerWall	(-4.509993e-01 0.000000e+00 -1.385670e-04)	(-4.366721e-01 0.000000e+00 1.865732e-04)
1.700000e+02	lowerWall	(-4.372263e-01 0.000000e+00 -1.208217e-04)	(-4.231039e-01 0.000000e+00 1.696726e-04)
1.800000e+02	lowerWall	(-4.247378e-01 0.000000e+00 -1.151277e-04)	(-4.108027e-01 0.000000e+00 1.545072e-04)
1.900000e+02	lowerWall	(-4.133442e-01 0.000000e+00 -1.110859e-04)	(-3.995801e-01 0.000000e+00 1.408930e-04)
2.000000e+02	lowerWall	(-4.028934e-01 0.000000e+00 -1.073842e-04)	(-3.892851e-01 0.000000e+00 1.286115e-04)
2.100000e+02	lowerWall	(-3.932608e-01 0.000000e+00 -1.039286e-04)	(-3.797934e-01 0.000000e+00 1.220953e-04)
2.200000e+02	lowerWall	(-3.843440e-01 0.000000e+00 -1.006526e-04)	(-3.710070e-01 0.000000e+00 1.170738e-04)
2.300000e+02	lowerWall	(-3.760578e-01 0.000000e+00 -9.757526e-05)	(-3.628508e-01 0.000000e+00 1.116419e-04)
2.400000e+02	lowerWall	(-3.683305e-01 0.000000e+00 -9.476748e-05)	(-3.552491e-01 0.000000e+00 1.059950e-04)
2.500000e+02	lowerWall	(-3.611021e-01 0.000000e+00 -9.215756e-05)	(-3.481369e-01 0.000000e+00 1.003428e-04)
2.600000e+02	lowerWall	(-3.543211e-01 0.000000e+00 -8.970962e-05)	(-3.414624e-01 0.000000e+00 9.478620e-05)
2.700000e+02	lowerWall	(-3.479427e-01 0.000000e+00 -8.736744e-05)	(-3.351808e-01 0.000000e+00 9.066868e-05)
2.800000e+02	lowerWall	(-3.419286e-01 0.000000e+00 -8.515104e-05)	(-3.292572e-01 0.000000e+00 8.803048e-05)
2.900000e+02	lowerWall	(-3.362450e-01 0.000000e+00 -8.306367e-05)	(-3.236577e-01 0.000000e+00 8.551456e-05)
3.000000e+02	lowerWall	(-3.308624e-01 0.000000e+00 -8.105897e-05)	(-3.183522e-01 0.000000e+00 8.316121e-05)
3.100000e+02	lowerWall	(-3.257550e-01 0.000000e+00 -7.913945e-05)	(-3.133187e-01 0.000000e+00 8.095123e-05)
3.200000e+02	lowerWall	(-3.209007e-01 0.000000e+00 -7.718455e-05)	(-3.085381e-01 0.000000e+00 7.887296e-05)
3.300000e+02	lowerWall	(-3.162794e-01 0.000000e+00 -7.518178e-05)	(-3.040029e-01 0.000000e+00 7.687311e-05)
3.400000e+02	lowerWall	(-3.118730e-01 0.000000e+00 -7.325831e-05)	(-2.996948e-01 0.000000e+00 7.497760e-05)
3.500000e+02	lowerWall	(-3.076655e-01 0.000000e+00 -7.144769e-05)	(-2.955920e-01 0.000000e+00 7.309292e-05)
3.600000e+02	lowerWall	(-3.036424e-01 0.000000e+00 -6.973059e-05)	(-2.916756e-01 0.000000e+00 7.119761e-05)
3.700000e+02	lowerWall	(-2.997907e-01 0.000000e+00 -6.809641e-05)	(-2.879281e-01 0.000000e+00 6.935740e-05)
3.800000e+02	lowerWall	(-2.960985e-01 0.000000e+00 -6.652629e-05)	(-2.843365e-01 0.000000e+00 6.759841e-05)
3.900000e+02	lowerWall	(-2.925552e-01 0.000000e+00 -6.498739e-05)	(-2.808912e-01 0.000000e+00 6.592198e-05)
4.000000e+02	lowerWall	(-2.891513e-01 0.000000e+00 -6.351800e-05)	(-2.775829e-01 0.000000e+00 6.432771e-05)
4.100000e+02	lowerWall	(-2.858778e-01 0.000000e+00 -6.209993e-05)	(-2.744023e-01 0.000000e+00 6.280201e-05)
4.200000e+02	lowerWall	(-2.827267e-01 0.000000e+00 -6.077669e-05)	(-2.713395e-01 0.000000e+00 6.133932e-05)
4.300000e+02	lowerWall	(-2.796904e-01 0.000000e+00 -5.950450e-05)	(-2.683839e-01 0.000000e+00 5.993964e-05)
4.400000e+02	lowerWall	(-2.767623e-01 0.000000e+00 -5.825843e-05)	(-2.655318e-01 0.000000e+00 5.858186e-05)
4.500000e+02	lowerWall	(-2.739359e-01 0.000000e+00 -5.704404e-05)	(-2.627792e-01 0.000000e+00 5.727933e-05)
4.600000e+02	lowerWall	(-2.712056e-01 0.000000e+00 -5.586939e-05)	(-2.601210e-01 0.000000e+00 5.604420e-05)
4.700000e+02	lowerWall	(-2.685659e-01 0.000000e+00 -5.472317e-05)	(-2.575530e-01 0.000000e+00 5.485035e-05)
4.800000e+02	lowerWall	(-2.660162e-01 0.000000e+00 -5.371479e-05)	(-2.550640e-01 0.000000e+00 5.376444e-05)
4.900000e+02	lowerWall	(-2.635477e-01 0.000000e+00 -5.268296e-05)	(-2.526525e-01 0.000000e+00 5.324077e-05)
5.000000e+02	lowerWall	(-2.611557e-01 0.000000e+00 -5.203296e-05)	(-2.503154e-01 0.000000e+00 5.343832e-05)
5.100000e+02	lowerWall	(-2.588362e-01 0.000000e+00 -5.264938e-05)	(-2.480482e-01 0.000000e+00 5.357282e-05)
5.200000e+02	lowerWall	(-2.565859e-01 0.000000e+00 -5.319197e-05)	(-2.458475e-01 0.000000e+00 5.394380e-05)
5.300000e+02	lowerWall	(-2.544015e-01 0.000000e+00 -5.365228e-05)	(-2.437105e-01 0.000000e+00 5.431056e-05)
5.400000e+02	lowerWall	(-2.522797e-01 0.000000e+00 -5.404261e-05)	(-2.416338e-01 0.000000e+00 5.460099e-05)
5.500000e+02	lowerWall	(-2.502177e-01 0.000000e+00 -5.436154e-05)	(-2.396151e-01 0.000000e+00 5.480914e-05)
5.600000e+02	lowerWall	(-2.482129e-01 0.000000e+00 -5.460991e-05)	(-2.376516e-01 0.000000e+00 5.493044e-05)
5.700000e+02	lowerWall	(-2.462627e-01 0.000000e+00 -5.527183e-05)	(-2.357412e-01 0.000000e+00 5.502752e-05)
5.800000e+02	lowerWall	(-2.443648e-01 0.000000e+00 -5.587322e-05)	(-2.338817e-01 0.000000e+00 5.537888e-05)
5.900000e+02	lowerWall	(-2.425169e-01 0.000000e+00 -5.639930e-05)	(-2.320714e-01 0.000000e+00 5.562494e-05)
6.000000e+02	lowerWall	(-2.407171e-01 0.000000e+00 -5.684159e-05)	(-2.303086e-01 0.000000e+00 5.575662e-05)
6.100000e+02	lowerWall	(-2.389634e-01 0.000000e+00 -5.718511e-05)	(-2.285915e-01 0.000000e+00 5.576889e-05)
6.200000e+02	lowerWall	(-2.372526e-01 0.000000e+00 -5.740711e-05)	(-2.269183e-01 0.000000e+00 5.565514e-05)
6.300000e+02	lowerWall	(-2.355848e-01 0.000000e+00 -5.753170e-05)	(-2.252905e-01 0.000000e+00 5.563263e-05)
6.400000e+02	lowerWall	(-2.339582e-01 0.000000e+00 -5.807728e-05)	(-2.237040e-01 0.000000e+00 5.576922e-05)
6.500000e+02	lowerWall	(-2.323712e-01 0.000000e+00 -5.852624e-05)	(-2.221569e-01 0.000000e+00 5.579583e-05)
6.600000e+02	lowerWall	(-2.308221e-01 0.000000e+00 -5.886841e-05)	(-2.206477e-01 0.000000e+00 5.571723e-05)
6.700000e+02	lowerWall	(-2.293095e-01 0.000000e+00 -5.909206e-05)	(-2.191742e-01 0.000000e+00 5.553619e-05)
6.800000e+02	lowerWall	(-2.278320e-01 0.000000e+00 -5.919257e-05)	(-2.177358e-01 0.000000e+00 5.525855e-05)
6.900000e+02	lowerWall	(-2.263882e-01 0.000000e+00 -5.916635e-05)	(-2.163313e-01 0.000000e+00 5.505527e-05)
7.000000e+02	lowerWall	(-2.249768e-01 0.000000e+00 -5.901642e-05)	(-2.149599e-01 0.000000e+00 5.507063e-05)
7.100000e+02	lowerWall	(-2.235967e-01 0.000000e+00 -5.921458e-05)	(-2.136202e-01 0.000000e+00 5.499017e-05)
7.200000e+02	lowerWall	(-2.222467e-01 0.000000e+00 -5.944066e-05)	(-2.123108e-01 0.000000e+00 5.481791e-05)
7.300000e+02	lowerWall	(-2.209257e-01 0.000000e+00 -5.956045e-05)	(-2.110307e-01 0.000000e+00 5.455985e-05)
7.400000e+02	lowerWall	(-2.196330e-01 0.000000e+00 -5.957618e-05)	(-2.097787e-01 0.000000e+00 5.422246e-05)
7.500000e+02	lowerWall	(-2.183673e-01 0.000000e+00 -5.949164e-05)	(-2.085519e-01 0.000000e+00 5.381754e-05)
7.600000e+02	lowerWall	(-2.171279e-01 0.000000e+00 -5.931211e-05)	(-2.073509e-01 0.000000e+00 5.358430e-05)
7.700000e+02	lowerWall	(-2.159138e-01 0.000000e+00 -5.904030e-05)	(-2.061753e-01 0.000000e+00 5.347038e-05)
7.800000e+02	lowerWall	(-2.147240e-01 0.000000e+00 -5.868235e-05)	(-2.050242e-01 0.000000e+00 5.328380e-05)
7.900000e+02	lowerWall	(-2.135579e-01 0.000000e+00 -5.877317e-05)	(-2.038967e-01 0.000000e+00 5.303054e-05)
8.000000e+02	lowerWall	(-2.124147e-01 0.000000e+00 -5.880640e-05)	(-2.027921e-01 0.000000e+00 5.271685e-05)
8.100000e+02	lowerWall	(-2.112935e-01 0.000000e+00 -5.875712e-05)	(-2.017097e-01 0.000000e+00 5.235116e-05)
8.200000e+02	lowerWall	(-2.101937e-01 0.000000e+00 -5.863056e-05)	(-2.006488e-01 0.000000e+00 5.194146e-05)
8.300000e+02	lowerWall	(-2.091147e-01 0.000000e+00 -5.843186e-05)	(-1.996087e-01 0.000000e+00 5.149642e-05)
8.400000e+02	lowerWall	(-2.080557e-01 0.000000e+00 -5.816398e-05)	(-1.985887e-01 0.000000e+00 5.123410e-05)
8.500000e+02	lowerWall	(-2.070163e-01 0.000000e+00 -5.783333e-05)	(-1.975882e-01 0.000000e+00 5.102767e-05)
8.600000e+02	lowerWall	(-2.059957e-01 0.000000e+00 -5.744669e-05)	(-1.966066e-01 0.000000e+00 5.077397e-05)
8.700000e+02	lowerWall	(-2.049935e-01 0.000000e+00 -5.708135e-05)	(-1.956433e-01 0.000000e+00 5.048003e-05)
8.800000e+02	lowerWall	(-2.040090e-01 0.000000e+00 -5.704836e-05)	(-1.946977e-01 0.000000e+00 5.015109e-05)
8.900000e+02	lowerWall	(-2.030418e-01 0.000000e+00 -5.695375e-05)	(-1.937694e-01 0.000000e+00 4.979162e-05)
9.000000e+02	lowerWall	(-2.020915e-01 0.000000e+00 -5.680194e-05)	(-1.928578e-01 0.000000e+00 4.940687e-05)
9.100000e+02	lowerWall	(-2.011576e-01 0.000000e+00 -5.659797e-05)	(-1.919624e-01 0.000000e+00 4.900344e-05)
9.200000e+02	lowerWall	(-2.002397e-01 0.000000e+00 -5.634681e-05)	(-1.910827e-01 0.000000e+00 4.858760e-05)
9.300000e+02	lowerWall	(-1.993372e-01 0.000000e+00 -5.605212e-05)	(-1.902184e-01 0.000000e+00 4.816779e-05)
9.400000e+02	lowerWall	(-1.984497e-01 0.000000e+00 -5.571940e-05)	(-1.893689e-01 0.000000e+00 4.792326e-05)
9.500000e+02	lowerWall	(-1.975769e-01 0.000000e+00 -5.535321e-05)	(-1.885338e-01 0.000000e+00 4.765490e-05)
9.600000e+02	lowerWall	(-1.967183e-01 0.000000e+00 -5.495732e-05)	(-1.877128e-01 0.000000e+00 4.736619e-05)
9.700000e+02	lowerWall	(-1.958736e-01 0.000000e+00 -5.453459e-05)	(-1.869056e-01 0.000000e+00 4.705955e-05)
9.800000e+02	lowerWall	(-1.950424e-01 0.000000e+00 -5.434788e-05)	(-1.861116e-01 0.000000e+00 4.673591e-05)
9.900000e+02	lowerWall	(-1.942243e-01 0.000000e+00 -5.419608e-05)	(-1.853306e-01 0.000000e+00 4.639897e-05)
1.000000e+03	lowerWall	(-1.934189e-01 0.000000e+00 -5.400800e-05)	(-1.845621e-01 0.000000e+00 4.605339e-05)
1.010000e+03	lowerWall	(-1.926261e-01 0.000000e+00 -5.378723e-05)	(-1.838060e-01 0.000000e+00 4.570261e-05)
1.020000e+03	lowerWall	(-1.918453e-01 0.000000e+00 -5.353700e-05)	(-1.830618e-01 0.000000e+00 4.534966e-05)
1.030000e+03	lowerWall	(-1.910764e-01 0.000000e+00 -5.326070e-05)	(-1.823293e-01 0.000000e+00 4.499745e-05)
1.040000e+03	lowerWall	(-1.903190e-01 0.000000e+00 -5.296154e-05)	(-1.816082e-01 0.000000e+00 4.464853e-05)
1.050000e+03	lowerWall	(-1.895728e-01 0.000000e+00 -5.264283e-05)	(-1.808982e-01 0.000000e+00 4.430401e-05)
1.060000e+03	lowerWall	(-1.888376e-01 0.000000e+00 -5.230708e-05)	(-1.801990e-01 0.000000e+00 4.396428e-05)
1.070000e+03	lowerWall	(-1.881132e-01 0.000000e+00 -5.195663e-05)	(-1.795103e-01 0.000000e+00 4.362929e-05)
1.080000e+03	lowerWall	(-1.873994e-01 0.000000e+00 -5.159226e-05)	(-1.788319e-01 0.000000e+00 4.335191e-05)
1.090000e+03	lowerWall	(-1.866958e-01 0.000000e+00 -5.121463e-05)	(-1.781636e-01 0.000000e+00 4.306998e-05)
1.100000e+03	lowerWall	(-1.860023e-01 0.000000e+00 -5.082685e-05)	(-1.775051e-01 0.000000e+00 4.278535e-05)
1.110000e+03	lowerWall	(-1.853187e-01 0.000000e+00 -5.063862e-05)	(-1.768561e-01 0.000000e+00 4.250057e-05)
1.120000e+03	lowerWall	(-1.846446e-01 0.000000e+00 -5.043261e-05)	(-1.762165e-01 0.000000e+00 4.221683e-05)
1.130000e+03	lowerWall	(-1.839798e-01 0.000000e+00 -5.020898e-05)	(-1.755861e-01 0.000000e+00 4.193545e-05)
1.140000e+03	lowerWall	(-1.833242e-01 0.000000e+00 -4.996972e-05)	(-1.749646e-01 0.000000e+00 4.165681e-05)
1.150000e+03	lowerWall	(-1.826774e-01 0.000000e+00 -4.971620e-05)	(-1.743518e-01 0.000000e+00 4.138168e-05)
1.160000e+03	lowerWall	(-1.820395e-01 0.000000e+00 -4.945044e-05)	(-1.737477e-01 0.000000e+00 4.111019e-05)
1.170000e+03	lowerWall	(-1.814100e-01 0.000000e+00 -4.917523e-05)	(-1.731518e-01 0.000000e+00 4.084281e-05)
1.180000e+03	lowerWall	(-1.807889e-01 0.000000e+00 -4.889185e-05)	(-1.725642e-01 0.000000e+00 4.057869e-05)
1.190000e+03	lowerWall	(-1.801760e-01 0.000000e+00 -4.860125e-05)	(-1.719845e-01 0.000000e+00 4.031872e-05)
1.200000e+03	lowerWall	(-1.795711e-01 0.000000e+00 -4.830438e-05)	(-1.714126e-01 0.000000e+00 4.006416e-05)
1.210000e+03	lowerWall	(-1.789739e-01 0.000000e+00 -4.800197e-05)	(-1.708484e-01 0.000000e+00 3.981533e-05)
1.220000e+03	lowerWall	(-1.783845e-01 0.000000e+00 -4.769201e-05)	(-1.702916e-01 0.000000e+00 3.957230e-05)
1.230000e+03	lowerWall	(-1.778025e-01 0.000000e+00 -4.737539e-05)	(-1.697422e-01 0.000000e+00 3.936648e-05)
1.240000e+03	lowerWall	(-1.772279e-01 0.000000e+00 -4.705460e-05)	(-1.691999e-01 0.000000e+00 3.916840e-05)
1.250000e+03	lowerWall	(-1.766604e-01 0.000000e+00 -4.673189e-05)	(-1.686646e-01 0.000000e+00 3.897501e-05)
1.260000e+03	lowerWall	(-1.761000e-01 0.000000e+00 -4.640847e-05)	(-1.681361e-01 0.000000e+00 3.878570e-05)
1.270000e+03	lowerWall	(-1.755465e-01 0.000000e+00 -4.609614e-05)	(-1.676143e-01 0.000000e+00 3.860033e-05)
1.280000e+03	lowerWall	(-1.749999e-01 0.000000e+00 -4.588021e-05)	(-1.670992e-01 0.000000e+00 3.841880e-05)
1.290000e+03	lowerWall	(-1.744599e-01 0.000000e+00 -4.565768e-05)	(-1.665904e-01 0.000000e+00 3.824203e-05)
1.300000e+03	lowerWall	(-1.739266e-01 0.000000e+00 -4.542913e-05)	(-1.660880e-01 0.000000e+00 3.808689e-05)
1.310000e+03	lowerWall	(-1.733996e-01 0.000000e+00 -4.519573e-05)	(-1.655918e-01 0.000000e+00 3.794037e-05)
1.320000e+03	lowerWall	(-1.728789e-01 0.000000e+00 -4.495830e-05)	(-1.651016e-01 0.000000e+00 3.779834e-05)
1.330000e+03	lowerWall	(-1.723644e-01 0.000000e+00 -4.471731e-05)	(-1.646174e-01 0.000000e+00 3.765966e-05)
1.340000e+03	lowerWall	(-1.718559e-01 0.000000e+00 -4.447375e-05)	(-1.641391e-01 0.000000e+00 3.752362e-05)
1.350000e+03	lowerWall	(-1.713534e-01 0.000000e+00 -4.422830e-05)	(-1.636664e-01 0.000000e+00 3.738982e-05)
1.360000e+03	lowerWall	(-1.708567e-01 0.000000e+00 -4.398100e-05)	(-1.631994e-01 0.000000e+00 3.725810e-05)
1.370000e+03	lowerWall	(-1.703656e-01 0.000000e+00 -4.373187e-05)	(-1.627380e-01 0.000000e+00 3.712850e-05)
1.380000e+03	lowerWall	(-1.698802e-01 0.000000e+00 -4.347983e-05)	(-1.622819e-01 0.000000e+00 3.700128e-05)
1.390000e+03	lowerWall	(-1.694003e-01 0.000000e+00 -4.322396e-05)	(-1.618312e-01 0.000000e+00 3.687634e-05)
1.400000e+03	lowerWall	(-1.689257e-01 0.000000e+00 -4.296620e-05)	(-1.613856e-01 0.000000e+00 3.675323e-05)
1.410000e+03	lowerWall	(-1.684565e-01 0.000000e+00 -4.270793e-05)	(-1.609452e-01 0.000000e+00 3.663170e-05)
1.420000e+03	lowerWall	(-1.679924e-01 0.000000e+00 -4.245009e-05)	(-1.605098e-01 0.000000e+00 3.651115e-05)
1.430000e+03	lowerWall	(-1.675335e-01 0.000000e+00 -4.219326e-05)	(-1.600794e-01 0.000000e+00 3.639196e-05)
1.440000e+03	lowerWall	(-1.670795e-01 0.000000e+00 -4.193792e-05)	(-1.596538e-01 0.000000e+00 3.627418e-05)
1.450000e+03	lowerWall	(-1.666305e-01 0.000000e+00 -4.168455e-05)	(-1.592329e-01 0.000000e+00 3.615791e-05)
1.460000e+03	lowerWall	(-1.661863e-01 0.000000e+00 -4.143327e-05)	(-1.588166e-01 0.000000e+00 3.604183e-05)
1.470000e+03	lowerWall	(-1.657468e-01 0.000000e+00 -4.118425e-05)	(-1.584050e-01 0.000000e+00 3.592608e-05)
1.480000e+03	lowerWall	(-1.653121e-01 0.000000e+00 -4.093743e-05)	(-1.579978e-01 0.000000e+00 3.581013e-05)
1.490000e+03	lowerWall	(-1.648819e-01 0.000000e+00 -4.069297e-05)	(-1.575951e-01 0.000000e+00 3.569328e-05)
1.500000e+03	lowerWall	(-1.644562e-01 0.000000e+00 -4.045114e-05)	(-1.571966e-01 0.000000e+00 3.557553e-05)
1.510000e+03	lowerWall	(-1.640351e-01 0.000000e+00 -4.021203e-05)	(-1.568025e-01 0.000000e+00 3.545632e-05)
1.520000e+03	lowerWall	(-1.636184e-01 0.000000e+00 -3.997559e-05)	(-1.564125e-01 0.000000e+00 3.533527e-05)
1.530000e+03	lowerWall	(-1.632060e-01 0.000000e+00 -3.974155e-05)	(-1.560265e-01 0.000000e+00 3.521258e-05)
1.540000e+03	lowerWall	(-1.627980e-01 0.000000e+00 -3.950999e-05)	(-1.556446e-01 0.000000e+00 3.508869e-05)
1.550000e+03	lowerWall	(-1.623941e-01 0.000000e+00 -3.928105e-05)	(-1.552667e-01 0.000000e+00 3.496355e-05)
1.560000e+03	lowerWall	(-1.619945e-01 0.000000e+00 -3.905472e-05)	(-1.548926e-01 0.000000e+00 3.483691e-05)
1.570000e+03	lowerWall	(-1.615988e-01 0.000000e+00 -3.885009e-05)	(-1.545224e-01 0.000000e+00 3.470901e-05)
1.580000e+03	lowerWall	(-1.612072e-01 0.000000e+00 -3.864667e-05)	(-1.541560e-01 0.000000e+00 3.458056e-05)
1.590000e+03	lowerWall	(-1.608196e-01 0.000000e+00 -3.844231e-05)	(-1.537932e-01 0.000000e+00 3.445212e-05)
1.600000e+03	lowerWall	(-1.604358e-01 0.000000e+00 -3.823780e-05)	(-1.534341e-01 0.000000e+00 3.432412e-05)
1.610000e+03	lowerWall	(-1.600558e-01 0.000000e+00 -3.803390e-05)	(-1.530786e-01 0.000000e+00 3.419705e-05)
1.620000e+03	lowerWall	(-1.596795e-01 0.000000e+00 -3.783103e-05)	(-1.527267e-01 0.000000e+00 3.407099e-05)
1.630000e+03	lowerWall	(-1.593069e-01 0.000000e+00 -3.762948e-05)	(-1.523783e-01 0.000000e+00 3.394646e-05)
1.640000e+03	lowerWall	(-1.589380e-01 0.000000e+00 -3.742946e-05)	(-1.520333e-01 0.000000e+00 3.382345e-05)
1.650000e+03	lowerWall	(-1.585726e-01 0.000000e+00 -3.723098e-05)	(-1.516917e-01 0.000000e+00 3.370224e-05)
1.660000e+03	lowerWall	(-1.582108e-01 0.000000e+00 -3.703401e-05)	(-1.513534e-01 0.000000e+00 3.358302e-05)
1.670000e+03	lowerWall	(-1.578523e-01 0.000000e+00 -3.683865e-05)	(-1.510185e-01 0.000000e+00 3.346557e-05)
1.680000e+03	lowerWall	(-1.574973e-01 0.000000e+00 -3.664501e-05)	(-1.506867e-01 0.000000e+00 3.335012e-05)
1.690000e+03	lowerWall	(-1.571456e-01 0.000000e+00 -3.645311e-05)	(-1.503582e-01 0.000000e+00 3.323680e-05)
1.700000e+03	lowerWall	(-1.567972e-01 0.000000e+00 -3.626285e-05)	(-1.500328e-01 0.000000e+00 3.312537e-05)
1.710000e+03	lowerWall	(-1.564521e-01 0.000000e+00 -3.607425e-05)	(-1.497104e-01 0.000000e+00 3.301554e-05)
1.720000e+03	lowerWall	(-1.561101e-01 0.000000e+00 -3.588736e-05)	(-1.493911e-01 0.000000e+00 3.290663e-05)
1.730000e+03	lowerWall	(-1.557713e-01 0.000000e+00 -3.570217e-05)	(-1.490749e-01 0.000000e+00 3.279866e-05)
1.740000e+03	lowerWall	(-1.554356e-01 0.000000e+00 -3.551868e-05)	(-1.487615e-01 0.000000e+00 3.269173e-05)
1.750000e+03	lowerWall	(-1.551030e-01 0.000000e+00 -3.533693e-05)	(-1.484511e-01 0.000000e+00 3.258569e-05)
1.760000e+03	lowerWall	(-1.547733e-01 0.000000e+00 -3.515692e-05)	(-1.481436e-01 0.000000e+00 3.247983e-05)
1.770000e+03	lowerWall	(-1.544467e-01 0.000000e+00 -3.497859e-05)	(-1.478388e-01 0.000000e+00 3.237448e-05)
1.780000e+03	lowerWall	(-1.541230e-01 0.000000e+00 -3.480185e-05)	(-1.475369e-01 0.000000e+00 3.226970e-05)
1.790000e+03	lowerWall	(-1.538023e-01 0.000000e+00 -3.462659e-05)	(-1.472377e-01 0.000000e+00 3.216481e-05)
1.800000e+03	lowerWall	(-1.534844e-01 0.000000e+00 -3.445291e-05)	(-1.469412e-01 0.000000e+00 3.206016e-05)
1.810000e+03	lowerWall	(-1.531694e-01 0.000000e+00 -3.428077e-05)	(-1.466473e-01 0.000000e+00 3.195583e-05)
1.820000e+03	lowerWall	(-1.528571e-01 0.000000e+00 -3.410988e-05)	(-1.463561e-01 0.000000e+00 3.185164e-05)
1.830000e+03	lowerWall	(-1.525476e-01 0.000000e+00 -3.394019e-05)	(-1.460675e-01 0.000000e+00 3.174767e-05)
1.840000e+03	lowerWall	(-1.522409e-01 0.000000e+00 -3.377200e-05)	(-1.457813e-01 0.000000e+00 3.164364e-05)
1.850000e+03	lowerWall	(-1.519367e-01 0.000000e+00 -3.360557e-05)	(-1.454977e-01 0.000000e+00 3.153962e-05)
1.860000e+03	lowerWall	(-1.516353e-01 0.000000e+00 -3.344092e-05)	(-1.452166e-01 0.000000e+00 3.143577e-05)
1.870000e+03	lowerWall	(-1.513364e-01 0.000000e+00 -3.328636e-05)	(-1.449379e-01 0.000000e+00 3.133270e-05)
1.880000e+03	lowerWall	(-1.510401e-01 0.000000e+00 -3.313867e-05)	(-1.446617e-01 0.000000e+00 3.123731e-05)
1.890000e+03	lowerWall	(-1.507463e-01 0.000000e+00 -3.299258e-05)	(-1.443878e-01 0.000000e+00 3.114253e-05)
1.900000e+03	lowerWall	(-1.504550e-01 0.000000e+00 -3.284813e-05)	(-1.441162e-01 0.000000e+00 3.104837e-05)
1.910000e+03	lowerWall	(-1.501661e-01 0.000000e+00 -3.270527e-05)	(-1.438470e-01 0.000000e+00 3.095486e-05)
1.920000e+03	lowerWall	(-1.498797e-01 0.000000e+00 -3.256393e-05)	(-1.435801e-01 0.000000e+00 3.086202e-05)
1.930000e+03	lowerWall	(-1.495956e-01 0.000000e+00 -3.242388e-05)	(-1.433154e-01 0.000000e+00 3.076983e-05)
1.940000e+03	lowerWall	(-1.493139e-01 0.000000e+00 -3.228503e-05)	(-1.430528e-01 0.000000e+00 3.067827e-05)
1.950000e+03	lowerWall	(-1.490345e-01 0.000000e+00 -3.214756e-05)	(-1.427924e-01 0.000000e+00 3.058731e-05)
1.960000e+03	lowerWall	(-1.487574e-01 0.000000e+00 -3.201146e-05)	(-1.425341e-01 0.000000e+00 3.049697e-05)
1.970000e+03	lowerWall	(-1.484826e-01 0.000000e+00 -3.187671e-05)	(-1.422780e-01 0.000000e+00 3.040733e-05)
1.980000e+03	lowerWall	(-1.482100e-01 0.000000e+00 -3.174323e-05)	(-1.420241e-01 0.000000e+00 3.031837e-05)
1.990000e+03	lowerWall	(-1.479396e-01 0.000000e+00 -3.161079e-05)	(-1.417722e-01 0.000000e+00 3.023010e-05)
2.000000e+03	lowerWall	(-1.476713e-01 0.000000e+00 -3.147927e-05)	(-1.415224e-01 0.000000e+00 3.014266e-05)
2.010000e+03	lowerWall	(-1.474052e-01 0.000000e+00 -3.134884e-05)	(-1.412746e-01 0.000000e+00 3.005650e-05)
2.020000e+03	lowerWall	(-1.471413e-01 0.000000e+00 -3.121952e-05)	(-1.410288e-01 0.000000e+00 2.997181e-05)
2.030000e+03	lowerWall	(-1.468794e-01 0.000000e+00 -3.109127e-05)	(-1.407851e-01 0.000000e+00 2.988819e-05)
2.040000e+03	lowerWall	(-1.466195e-01 0.000000e+00 -3.096413e-05)	(-1.405432e-01 0.000000e+00 2.980582e-05)
2.050000e+03	lowerWall	(-1.463618e-01 0.000000e+00 -3.083800e-05)	(-1.403033e-01 0.000000e+00 2.972408e-05)
2.060000e+03	lowerWall	(-1.461060e-01 0.000000e+00 -3.071291e-05)	(-1.400654e-01 0.000000e+00 2.964319e-05)
2.070000e+03	lowerWall	(-1.458523e-01 0.000000e+00 -3.058897e-05)	(-1.398293e-01 0.000000e+00 2.956321e-05)
2.080000e+03	lowerWall	(-1.456006e-01 0.000000e+00 -3.046623e-05)	(-1.395950e-01 0.000000e+00 2.948386e-05)
2.090000e+03	lowerWall	(-1.453509e-01 0.000000e+00 -3.034464e-05)	(-1.393626e-01 0.000000e+00 2.940494e-05)
2.100000e+03	lowerWall	(-1.451031e-01 0.000000e+00 -3.022413e-05)	(-1.391320e-01 0.000000e+00 2.932661e-05)
2.110000e+03	lowerWall	(-1.448572e-01 0.000000e+00 -3.010830e-05)	(-1.389032e-01 0.000000e+00 2.924885e-05)
2.120000e+03	lowerWall	(-1.446132e-01 0.000000e+00 -3.000059e-05)	(-1.386762e-01 0.000000e+00 2.917136e-05)
2.130000e+03	lowerWall	(-1.443711e-01 0.000000e+00 -2.989363e-05)	(-1.384509e-01 0.000000e+00 2.909428e-05)
2.140000e+03	lowerWall	(-1.441308e-01 0.000000e+00 -2.978729e-05)	(-1.382274e-01 0.000000e+00 2.901765e-05)
2.150000e+03	lowerWall	(-1.438924e-01 0.000000e+00 -2.968159e-05)	(-1.380055e-01 0.000000e+00 2.894123e-05)
2.160000e+03	lowerWall	(-1.436557e-01 0.000000e+00 -2.957648e-05)	(-1.377854e-01 0.000000e+00 2.886512e-05)
2.170000e+03	lowerWall	(-1.434208e-01 0.000000e+00 -2.947181e-05)	(-1.375669e-01 0.000000e+00 2.878933e-05)
2.180000e+03	lowerWall	(-1.431877e-01 0.000000e+00 -2.936757e-05)	(-1.373500e-01 0.000000e+00 2.871382e-05)
2.190000e+03	lowerWall	(-1.429563e-01 0.000000e+00 -2.926384e-05)	(-1.371348e-01 0.000000e+00 2.863856e-05)
2.200000e+03	lowerWall	(-1.427266e-01 0.000000e+00 -2.916067e-05)	(-1.369212e-01 0.000000e+00 2.856355e-05)
2.210000e+03	lowerWall	(-1.424987e-01 0.000000e+00 -2.905810e-05)	(-1.367091e-01 0.000000e+00 2.848887e-05)
2.220000e+03	lowerWall	(-1.422724e-01 0.000000e+00 -2.895611e-05)	(-1.364986e-01 0.000000e+00 2.841456e-05)
2.230000e+03	lowerWall	(-1.420477e-01 0.000000e+00 -2.885465e-05)	(-1.362897e-01 0.000000e+00 2.834061e-05)
2.240000e+03	lowerWall	(-1.418247e-01 0.000000e+00 -2.875362e-05)	(-1.360823e-01 0.000000e+00 2.826706e-05)
2.250000e+03	lowerWall	(-1.416033e-01 0.000000e+00 -2.865324e-05)	(-1.358764e-01 0.000000e+00 2.819389e-05)
2.260000e+03	lowerWall	(-1.413836e-01 0.000000e+00 -2.855369e-05)	(-1.356720e-01 0.000000e+00 2.812113e-05)
2.270000e+03	lowerWall	(-1.411654e-01 0.000000e+00 -2.845549e-05)	(-1.354692e-01 0.000000e+00 2.804883e-05)
2.280000e+03	lowerWall	(-1.409488e-01 0.000000e+00 -2.835836e-05)	(-1.352677e-01 0.000000e+00 2.797701e-05)
2.290000e+03	lowerWall	(-1.407337e-01 0.000000e+00 -2.826211e-05)	(-1.350678e-01 0.000000e+00 2.790571e-05)
2.300000e+03	lowerWall	(-1.405202e-01 0.000000e+00 -2.816637e-05)	(-1.348693e-01 0.000000e+00 2.783490e-05)
2.310000e+03	lowerWall	(-1.403082e-01 0.000000e+00 -2.807076e-05)	(-1.346722e-01 0.000000e+00 2.776775e-05)
2.320000e+03	lowerWall	(-1.400977e-01 0.000000e+00 -2.797542e-05)	(-1.344765e-01 0.000000e+00 2.770299e-05)
2.330000e+03	lowerWall	(-1.398887e-01 0.000000e+00 -2.788050e-05)	(-1.342822e-01 0.000000e+00 2.763859e-05)
2.340000e+03	lowerWall	(-1.396811e-01 0.000000e+00 -2.778625e-05)	(-1.340893e-01 0.000000e+00 2.757458e-05)
2.350000e+03	lowerWall	(-1.394750e-01 0.000000e+00 -2.769279e-05)	(-1.338978e-01 0.000000e+00 2.751096e-05)
2.360000e+03	lowerWall	(-1.392703e-01 0.000000e+00 -2.760005e-05)	(-1.337076e-01 0.000000e+00 2.744775e-05)
2.370000e+03	lowerWall	(-1.390671e-01 0.000000e+00 -2.750766e-05)	(-1.335188e-01 0.000000e+00 2.738480e-05)
2.380000e+03	lowerWall	(-1.388652e-01 0.000000e+00 -2.741572e-05)	(-1.333313e-01 0.000000e+00 2.732204e-05)
2.390000e+03	lowerWall	(-1.386648e-01 0.000000e+00 -2.732438e-05)	(-1.331450e-01 0.000000e+00 2.725947e-05)
2.400000e+03	lowerWall	(-1.384657e-01 0.000000e+00 -2.723369e-05)	(-1.329601e-01 0.000000e+00 2.719714e-05)
2.410000e+03	lowerWall	(-1.382680e-01 0.000000e+00 -2.714374e-05)	(-1.327764e-01 0.000000e+00 2.713535e-05)
2.420000e+03	lowerWall	(-1.380716e-01 0.000000e+00 -2.705447e-05)	(-1.325941e-01 0.000000e+00 2.707404e-05)
2.430000e+03	lowerWall	(-1.378766e-01 0.000000e+00 -2.696562e-05)	(-1.324129e-01 0.000000e+00 2.701309e-05)
2.440000e+03	lowerWall	(-1.376829e-01 0.000000e+00 -2.687725e-05)	(-1.322330e-01 0.000000e+00 2.695260e-05)
2.450000e+03	lowerWall	(-1.374905e-01 0.000000e+00 -2.678947e-05)	(-1.320543e-01 0.000000e+00 2.689252e-05)
2.460000e+03	lowerWall	(-1.372994e-01 0.000000e+00 -2.670233e-05)	(-1.318768e-01 0.000000e+00 2.683270e-05)
2.470000e+03	lowerWall	(-1.371096e-01 0.000000e+00 -2.661579e-05)	(-1.317005e-01 0.000000e+00 2.677314e-05)
2.480000e+03	lowerWall	(-1.369211e-01 0.000000e+00 -2.652991e-05)	(-1.315254e-01 0.000000e+00 2.671394e-05)
2.490000e+03	lowerWall	(-1.367338e-01 0.000000e+00 -2.644454e-05)	(-1.313515e-01 0.000000e+00 2.665512e-05)
2.500000e+03	lowerWall	(-1.365477e-01 0.000000e+00 -2.635958e-05)	(-1.311787e-01 0.000000e+00 2.659650e-05)
2.510000e+03	lowerWall	(-1.363629e-01 0.000000e+00 -2.627506e-05)	(-1.310071e-01 0.000000e+00 2.653819e-05)
2.520000e+03	lowerWall	(-1.361793e-01 0.000000e+00 -2.619101e-05)	(-1.308366e-01 0.000000e+00 2.648024e-05)
2.530000e+03	lowerWall	(-1.359969e-01 0.000000e+00 -2.610755e-05)	(-1.306672e-01 0.000000e+00 2.642260e-05)
2.540000e+03	lowerWall	(-1.358157e-01 0.000000e+00 -2.602471e-05)	(-1.304989e-01 0.000000e+00 2.636519e-05)
2.550000e+03	lowerWall	(-1.356357e-01 0.000000e+00 -2.594241e-05)	(-1.303316e-01 0.000000e+00 2.630807e-05)
2.560000e+03	lowerWall	(-1.354568e-01 0.000000e+00 -2.586061e-05)	(-1.301655e-01 0.000000e+00 2.625124e-05)
2.570000e+03	lowerWall	(-1.352791e-01 0.000000e+00 -2.577936e-05)	(-1.300005e-01 0.000000e+00 2.619467e-05)
2.580000e+03	lowerWall	(-1.351025e-01 0.000000e+00 -2.569864e-05)	(-1.298365e-01 0.000000e+00 2.613832e-05)
2.590000e+03	lowerWall	(-1.349270e-01 0.000000e+00 -2.561843e-05)	(-1.296735e-01 0.000000e+00 2.608214e-05)
2.600000e+03	lowerWall	(-1.347527e-01 0.000000e+00 -2.553872e-05)	(-1.295116e-01 0.000000e+00 2.602613e-05)
2.610000e+03	lowerWall	(-1.345794e-01 0.000000e+00 -2.545945e-05)	(-1.293508e-01 0.000000e+00 2.597029e-05)
2.620000e+03	lowerWall	(-1.344073e-01 0.000000e+00 -2.538062e-05)	(-1.291909e-01 0.000000e+00 2.591462e-05)
2.630000e+03	lowerWall	(-1.342362e-01 0.000000e+00 -2.530229e-05)	(-1.290321e-01 0.000000e+00 2.585914e-05)
2.640000e+03	lowerWall	(-1.340662e-01 0.000000e+00 -2.522448e-05)	(-1.288742e-01 0.000000e+00 2.580383e-05)
2.650000e+03	lowerWall	(-1.338973e-01 0.000000e+00 -2.514718e-05)	(-1.287174e-01 0.000000e+00 2.574873e-05)
2.660000e+03	lowerWall	(-1.337294e-01 0.000000e+00 -2.507038e-05)	(-1.285616e-01 0.000000e+00 2.569384e-05)
2.670000e+03	lowerWall	(-1.335625e-01 0.000000e+00 -2.499407e-05)	(-1.284067e-01 0.000000e+00 2.563916e-05)
2.680000e+03	lowerWall	(-1.333967e-01 0.000000e+00 -2.491816e-05)	(-1.282528e-01 0.000000e+00 2.558471e-05)
2.690000e+03	lowerWall	(-1.332319e-01 0.000000e+00 -2.484282e-05)	(-1.280998e-01 0.000000e+00 2.553048e-05)
2.700000e+03	lowerWall	(-1.330681e-01 0.000000e+00 -2.476799e-05)	(-1.279478e-01 0.000000e+00 2.547647e-05)
2.710000e+03	lowerWall	(-1.329053e-01 0.000000e+00 -2.469358e-05)	(-1.277968e-01 0.000000e+00 2.542268e-05)
2.720000e+03	lowerWall	(-1.327435e-01 0.000000e+00 -2.461940e-05)	(-1.276466e-01 0.000000e+00 2.536913e-05)
2.730000e+03	lowerWall	(-1.325827e-01 0.000000e+00 -2.454569e-05)	(-1.274974e-01 0.000000e+00 2.531580e-05)
2.740000e+03	lowerWall	(-1.324228e-01 0.000000e+00 -2.447259e-05)	(-1.273491e-01 0.000000e+00 2.526271e-05)
2.750000e+03	lowerWall	(-1.322639e-01 0.000000e+00 -2.440010e-05)	(-1.272017e-01 0.000000e+00 2.520984e-05)
2.760000e+03	lowerWall	(-1.321059e-01 0.000000e+00 -2.432820e-05)	(-1.270551e-01 0.000000e+00 2.515720e-05)
2.770000e+03	lowerWall	(-1.319489e-01 0.000000e+00 -2.425679e-05)	(-1.269095e-01 0.000000e+00 2.510476e-05)
2.780000e+03	lowerWall	(-1.317929e-01 0.000000e+00 -2.418579e-05)	(-1.267648e-01 0.000000e+00 2.505250e-05)
2.790000e+03	lowerWall	(-1.316377e-01 0.000000e+00 -2.411521e-05)	(-1.266209e-01 0.000000e+00 2.500066e-05)
2.800000e+03	lowerWall	(-1.314835e-01 0.000000e+00 -2.404506e-05)	(-1.264778e-01 0.000000e+00 2.494927e-05)
2.810000e+03	lowerWall	(-1.313301e-01 0.000000e+00 -2.397534e-05)	(-1.263357e-01 0.000000e+00 2.489840e-05)
2.820000e+03	lowerWall	(-1.311777e-01 0.000000e+00 -2.390615e-05)	(-1.261943e-01 0.000000e+00 2.484776e-05)
2.830000e+03	lowerWall	(-1.310262e-01 0.000000e+00 -2.383744e-05)	(-1.260539e-01 0.000000e+00 2.479756e-05)
2.840000e+03	lowerWall	(-1.308756e-01 0.000000e+00 -2.377016e-05)	(-1.259142e-01 0.000000e+00 2.474770e-05)
2.850000e+03	lowerWall	(-1.307258e-01 0.000000e+00 -2.370475e-05)	(-1.257754e-01 0.000000e+00 2.469804e-05)
2.860000e+03	lowerWall	(-1.305770e-01 0.000000e+00 -2.363994e-05)	(-1.256373e-01 0.000000e+00 2.464855e-05)
2.870000e+03	lowerWall	(-1.304290e-01 0.000000e+00 -2.357572e-05)	(-1.255001e-01 0.000000e+00 2.459927e-05)
2.880000e+03	lowerWall	(-1.302819e-01 0.000000e+00 -2.351205e-05)	(-1.253637e-01 0.000000e+00 2.455028e-05)
2.890000e+03	lowerWall	(-1.301356e-01 0.000000e+00 -2.344891e-05)	(-1.252281e-01 0.000000e+00 2.450151e-05)
2.900000e+03	lowerWall	(-1.299901e-01 0.000000e+00 -2.338626e-05)	(-1.250932e-01 0.000000e+00 2.445282e-05)
2.910000e+03	lowerWall	(-1.298455e-01 0.000000e+00 -2.332406e-05)	(-1.249592e-01 0.000000e+00 2.440432e-05)
2.920000e+03	lowerWall	(-1.297018e-01 0.000000e+00 -2.326222e-05)	(-1.248259e-01 0.000000e+00 2.435609e-05)
2.930000e+03	lowerWall	(-1.295588e-01 0.000000e+00 -2.320074e-05)	(-1.246933e-01 0.000000e+00 2.430811e-05)
2.940000e+03	lowerWall	(-1.294167e-01 0.000000e+00 -2.313965e-05)	(-1.245616e-01 0.000000e+00 2.426025e-05)
2.950000e+03	lowerWall	(-1.292753e-01 0.000000e+00 -2.307895e-05)	(-1.244305e-01 0.000000e+00 2.421253e-05)
2.960000e+03	lowerWall	(-1.291348e-01 0.000000e+00 -2.301867e-05)	(-1.243002e-01 0.000000e+00 2.416502e-05)
2.970000e+03	lowerWall	(-1.289951e-01 0.000000e+00 -2.295879e-05)	(-1.241707e-01 0.000000e+00 2.411772e-05)
2.980000e+03	lowerWall	(-1.288561e-01 0.000000e+00 -2.289930e-05)	(-1.240419e-01 0.000000e+00 2.407056e-05)
2.990000e+03	lowerWall	(-1.287179e-01 0.000000e+00 -2.284017e-05)	(-1.239138e-01 0.000000e+00 2.402355e-05)
3.000000e+03	lowerWall	(-1.285805e-01 0.000000e+00 -2.278136e-05)	(-1.237864e-01 0.000000e+00 2.397855e-05)
3.010000e+03	lowerWall	(-1.284438e-01 0.000000e+00 -2.272288e-05)	(-1.236597e-01 0.000000e+00 2.393429e-05)
3.020000e+03	lowerWall	(-1.283079e-01 0.000000e+00 -2.266476e-05)	(-1.235337e-01 0.000000e+00 2.389025e-05)
3.030000e+03	lowerWall	(-1.281727e-01 0.000000e+00 -2.260701e-05)	(-1.234084e-01 0.000000e+00 2.384643e-05)
3.040000e+03	lowerWall	(-1.280383e-01 0.000000e+00 -2.254965e-05)	(-1.232838e-01 0.000000e+00 2.380281e-05)
3.050000e+03	lowerWall	(-1.279046e-01 0.000000e+00 -2.249270e-05)	(-1.231598e-01 0.000000e+00 2.375939e-05)
3.060000e+03	lowerWall	(-1.277717e-01 0.000000e+00 -2.243614e-05)	(-1.230366e-01 0.000000e+00 2.371615e-05)
3.070000e+03	lowerWall	(-1.276394e-01 0.000000e+00 -2.237994e-05)	(-1.229140e-01 0.000000e+00 2.367309e-05)
3.080000e+03	lowerWall	(-1.275079e-01 0.000000e+00 -2.232408e-05)	(-1.227921e-01 0.000000e+00 2.363020e-05)
3.090000e+03	lowerWall	(-1.273771e-01 0.000000e+00 -2.226856e-05)	(-1.226708e-01 0.000000e+00 2.358747e-05)
3.100000e+03	lowerWall	(-1.272470e-01 0.000000e+00 -2.221336e-05)	(-1.225502e-01 0.000000e+00 2.354485e-05)
3.110000e+03	lowerWall	(-1.271176e-01 0.000000e+00 -2.215850e-05)	(-1.224302e-01 0.000000e+00 2.350234e-05)
3.120000e+03	lowerWall	(-1.269889e-01 0.000000e+00 -2.210396e-05)	(-1.223109e-01 0.000000e+00 2.345998e-05)
3.130000e+03	lowerWall	(-1.268609e-01 0.000000e+00 -2.204976e-05)	(-1.221923e-01 0.000000e+00 2.341776e-05)
3.140000e+03	lowerWall	(-1.267335e-01 0.000000e+00 -2.199592e-05)	(-1.220743e-01 0.000000e+00 2.337569e-05)
3.150000e+03	lowerWall	(-1.266068e-01 0.000000e+00 -2.194244e-05)	(-1.219569e-01 0.000000e+00 2.333377e-05)
3.160000e+03	lowerWall	(-1.264808e-01 0.000000e+00 -2.188933e-05)	(-1.218401e-01 0.000000e+00 2.329201e-05)
3.170000e+03	lowerWall	(-1.263555e-01 0.000000e+00 -2.183657e-05)	(-1.217240e-01 0.000000e+00 2.325040e-05)
3.180000e+03	lowerWall	(-1.262308e-01 0.000000e+00 -2.178416e-05)	(-1.216084e-01 0.000000e+00 2.320894e-05)
3.190000e+03	lowerWall	(-1.261068e-01 0.000000e+00 -2.173207e-05)	(-1.214935e-01 0.000000e+00 2.316764e-05)
3.200000e+03	lowerWall	(-1.259834e-01 0.000000e+00 -2.168020e-05)	(-1.213792e-01 0.000000e+00 2.312648e-05)
3.210000e+03	lowerWall	(-1.258606e-01 0.000000e+00 -2.162848e-05)	(-1.212655e-01 0.000000e+00 2.308547e-05)
3.220000e+03	lowerWall	(-1.257385e-01 0.000000e+00 -2.157668e-05)	(-1.211524e-01 0.000000e+00 2.304456e-05)
3.230000e+03	lowerWall	(-1.256171e-01 0.000000e+00 -2.152487e-05)	(-1.210399e-01 0.000000e+00 2.300374e-05)
3.240000e+03	lowerWall	(-1.254962e-01 0.000000e+00 -2.147304e-05)	(-1.209280e-01 0.000000e+00 2.296306e-05)
3.250000e+03	lowerWall	(-1.253760e-01 0.000000e+00 -2.142131e-05)	(-1.208166e-01 0.000000e+00 2.292262e-05)
3.260000e+03	lowerWall	(-1.252563e-01 0.000000e+00 -2.136978e-05)	(-1.207058e-01 0.000000e+00 2.288242e-05)
3.270000e+03	lowerWall	(-1.251373e-01 0.000000e+00 -2.131845e-05)	(-1.205956e-01 0.000000e+00 2.284243e-05)
3.280000e+03	lowerWall	(-1.250190e-01 0.000000e+00 -2.126738e-05)	(-1.204860e-01 0.000000e+00 2.280272e-05)
3.290000e+03	lowerWall	(-1.249012e-01 0.000000e+00 -2.121657e-05)	(-1.203769e-01 0.000000e+00 2.276331e-05)
3.300000e+03	lowerWall	(-1.247840e-01 0.000000e+00 -2.116602e-05)	(-1.202684e-01 0.000000e+00 2.272394e-05)
3.310000e+03	lowerWall	(-1.246674e-01 0.000000e+00 -2.111573e-05)	(-1.201605e-01 0.000000e+00 2.268471e-05)
3.320000e+03	lowerWall	(-1.245514e-01 0.000000e+00 -2.106576e-05)	(-1.200531e-01 0.000000e+00 2.264579e-05)
3.330000e+03	lowerWall	(-1.244360e-01 0.000000e+00 -2.101623e-05)	(-1.199462e-01 0.000000e+00 2.260711e-05)
3.340000e+03	lowerWall	(-1.243212e-01 0.000000e+00 -2.096704e-05)	(-1.198399e-01 0.000000e+00 2.256848e-05)
3.350000e+03	lowerWall	(-1.242070e-01 0.000000e+00 -2.091807e-05)	(-1.197341e-01 0.000000e+00 2.252991e-05)
3.360000e+03	lowerWall	(-1.240934e-01 0.000000e+00 -2.086931e-05)	(-1.196288e-01 0.000000e+00 2.249153e-05)
3.370000e+03	lowerWall	(-1.239803e-01 0.000000e+00 -2.082089e-05)	(-1.195241e-01 0.000000e+00 2.245332e-05)
3.380000e+03	lowerWall	(-1.238678e-01 0.000000e+00 -2.077281e-05)	(-1.194199e-01 0.000000e+00 2.241528e-05)
3.390000e+03	lowerWall	(-1.237558e-01 0.000000e+00 -2.072502e-05)	(-1.193162e-01 0.000000e+00 2.237738e-05)
3.400000e+03	lowerWall	(-1.236445e-01 0.000000e+00 -2.067750e-05)	(-1.192130e-01 0.000000e+00 2.233956e-05)
3.410000e+03	lowerWall	(-1.235337e-01 0.000000e+00 -2.063031e-05)	(-1.191104e-01 0.000000e+00 2.230183e-05)
3.420000e+03	lowerWall	(-1.234234e-01 0.000000e+00 -2.058494e-05)	(-1.190083e-01 0.000000e+00 2.226421e-05)
3.430000e+03	lowerWall	(-1.233137e-01 0.000000e+00 -2.054031e-05)	(-1.189066e-01 0.000000e+00 2.222673e-05)
3.440000e+03	lowerWall	(-1.232045e-01 0.000000e+00 -2.049596e-05)	(-1.188055e-01 0.000000e+00 2.218940e-05)
3.450000e+03	lowerWall	(-1.230959e-01 0.000000e+00 -2.045193e-05)	(-1.187049e-01 0.000000e+00 2.215216e-05)
3.460000e+03	lowerWall	(-1.229877e-01 0.000000e+00 -2.040819e-05)	(-1.186048e-01 0.000000e+00 2.211502e-05)
3.470000e+03	lowerWall	(-1.228801e-01 0.000000e+00 -2.036479e-05)	(-1.185052e-01 0.000000e+00 2.207800e-05)
3.480000e+03	lowerWall	(-1.227731e-01 0.000000e+00 -2.032173e-05)	(-1.184060e-01 0.000000e+00 2.204115e-05)
3.490000e+03	lowerWall	(-1.226665e-01 0.000000e+00 -2.027898e-05)	(-1.183073e-01 0.000000e+00 2.200444e-05)
3.500000e+03	lowerWall	(-1.225605e-01 0.000000e+00 -2.023652e-05)	(-1.182091e-01 0.000000e+00 2.196783e-05)
3.510000e+03	lowerWall	(-1.224549e-01 0.000000e+00 -2.019431e-05)	(-1.181114e-01 0.000000e+00 2.193134e-05)
3.520000e+03	lowerWall	(-1.223499e-01 0.000000e+00 -2.015231e-05)	(-1.180142e-01 0.000000e+00 2.189498e-05)
3.530000e+03	lowerWall	(-1.222454e-01 0.000000e+00 -2.011053e-05)	(-1.179174e-01 0.000000e+00 2.185876e-05)
3.540000e+03	lowerWall	(-1.221413e-01 0.000000e+00 -2.006896e-05)	(-1.178211e-01 0.000000e+00 2.182266e-05)
3.550000e+03	lowerWall	(-1.220378e-01 0.000000e+00 -2.002760e-05)	(-1.177252e-01 0.000000e+00 2.178666e-05)
3.560000e+03	lowerWall	(-1.219348e-01 0.000000e+00 -1.998644e-05)	(-1.176298e-01 0.000000e+00 2.175077e-05)
3.570000e+03	lowerWall	(-1.218322e-01 0.000000e+00 -1.994550e-05)	(-1.175348e-01 0.000000e+00 2.171496e-05)
3.580000e+03	lowerWall	(-1.217301e-01 0.000000e+00 -1.990478e-05)	(-1.174403e-01 0.000000e+00 2.167920e-05)
3.590000e+03	lowerWall	(-1.216285e-01 0.000000e+00 -1.986428e-05)	(-1.173463e-01 0.000000e+00 2.164350e-05)
3.600000e+03	lowerWall	(-1.215274e-01 0.000000e+00 -1.982400e-05)	(-1.172527e-01 0.000000e+00 2.160790e-05)
3.610000e+03	lowerWall	(-1.214268e-01 0.000000e+00 -1.978393e-05)	(-1.171595e-01 0.000000e+00 2.157238e-05)
3.620000e+03	lowerWall	(-1.213266e-01 0.000000e+00 -1.974408e-05)	(-1.170668e-01 0.000000e+00 2.153695e-05)
3.630000e+03	lowerWall	(-1.212269e-01 0.000000e+00 -1.970442e-05)	(-1.169746e-01 0.000000e+00 2.150161e-05)
3.640000e+03	lowerWall	(-1.211277e-01 0.000000e+00 -1.966497e-05)	(-1.168827e-01 0.000000e+00 2.146638e-05)
3.650000e+03	lowerWall	(-1.210289e-01 0.000000e+00 -1.962571e-05)	(-1.167913e-01 0.000000e+00 2.143128e-05)
3.660000e+03	lowerWall	(-1.209305e-01 0.000000e+00 -1.958666e-05)	(-1.167003e-01 0.000000e+00 2.139630e-05)
3.670000e+03	lowerWall	(-1.208327e-01 0.000000e+00 -1.954779e-05)	(-1.166097e-01 0.000000e+00 2.136144e-05)
3.680000e+03	lowerWall	(-1.207352e-01 0.000000e+00 -1.950912e-05)	(-1.165195e-01 0.000000e+00 2.132669e-05)
3.690000e+03	lowerWall	(-1.206383e-01 0.000000e+00 -1.947068e-05)	(-1.164298e-01 0.000000e+00 2.129206e-05)
3.700000e+03	lowerWall	(-1.205417e-01 0.000000e+00 -1.943246e-05)	(-1.163404e-01 0.000000e+00 2.125752e-05)
3.710000e+03	lowerWall	(-1.204456e-01 0.000000e+00 -1.939448e-05)	(-1.162515e-01 0.000000e+00 2.122310e-05)
3.720000e+03	lowerWall	(-1.203499e-01 0.000000e+00 -1.935671e-05)	(-1.161629e-01 0.000000e+00 2.118877e-05)
3.730000e+03	lowerWall	(-1.202547e-01 0.000000e+00 -1.931913e-05)	(-1.160748e-01 0.000000e+00 2.115456e-05)
3.740000e+03	lowerWall	(-1.201599e-01 0.000000e+00 -1.928172e-05)	(-1.159871e-01 0.000000e+00 2.112061e-05)
3.750000e+03	lowerWall	(-1.200655e-01 0.000000e+00 -1.924449e-05)	(-1.158998e-01 0.000000e+00 2.108705e-05)
3.760000e+03	lowerWall	(-1.199716e-01 0.000000e+00 -1.920743e-05)	(-1.158128e-01 0.000000e+00 2.105377e-05)
3.770000e+03	lowerWall	(-1.198781e-01 0.000000e+00 -1.917055e-05)	(-1.157263e-01 0.000000e+00 2.102077e-05)
3.780000e+03	lowerWall	(-1.197850e-01 0.000000e+00 -1.913383e-05)	(-1.156401e-01 0.000000e+00 2.098806e-05)
3.790000e+03	lowerWall	(-1.196923e-01 0.000000e+00 -1.909729e-05)	(-1.155543e-01 0.000000e+00 2.095556e-05)
3.800000e+03	lowerWall	(-1.196000e-01 0.000000e+00 -1.906087e-05)	(-1.154690e-01 0.000000e+00 2.092317e-05)
3.810000e+03	lowerWall	(-1.195082e-01 0.000000e+00 -1.902454e-05)	(-1.153839e-01 0.000000e+00 2.089114e-05)
3.820000e+03	lowerWall	(-1.194168e-01 0.000000e+00 -1.898812e-05)	(-1.152993e-01 0.000000e+00 2.086027e-05)
3.830000e+03	lowerWall	(-1.193257e-01 0.000000e+00 -1.895154e-05)	(-1.152150e-01 0.000000e+00 2.082955e-05)
3.840000e+03	lowerWall	(-1.192351e-01 0.000000e+00 -1.891483e-05)	(-1.151311e-01 0.000000e+00 2.079902e-05)
3.850000e+03	lowerWall	(-1.191449e-01 0.000000e+00 -1.887794e-05)	(-1.150476e-01 0.000000e+00 2.076863e-05)
3.860000e+03	lowerWall	(-1.190551e-01 0.000000e+00 -1.884097e-05)	(-1.149644e-01 0.000000e+00 2.073825e-05)
3.870000e+03	lowerWall	(-1.189657e-01 0.000000e+00 -1.880398e-05)	(-1.148816e-01 0.000000e+00 2.070792e-05)
3.880000e+03	lowerWall	(-1.188766e-01 0.000000e+00 -1.876699e-05)	(-1.147992e-01 0.000000e+00 2.067766e-05)
3.890000e+03	lowerWall	(-1.187880e-01 0.000000e+00 -1.873000e-05)	(-1.147171e-01 0.000000e+00 2.064756e-05)
3.900000e+03	lowerWall	(-1.186998e-01 0.000000e+00 -1.869301e-05)	(-1.146354e-01 0.000000e+00 2.061758e-05)
3.910000e+03	lowerWall	(-1.186119e-01 0.000000e+00 -1.865607e-05)	(-1.145540e-01 0.000000e+00 2.058765e-05)
3.920000e+03	lowerWall	(-1.185244e-01 0.000000e+00 -1.861920e-05)	(-1.144731e-01 0.000000e+00 2.055764e-05)
3.930000e+03	lowerWall	(-1.184373e-01 0.000000e+00 -1.858250e-05)	(-1.143925e-01 0.000000e+00 2.052763e-05)
3.940000e+03	lowerWall	(-1.183506e-01 0.000000e+00 -1.854602e-05)	(-1.143123e-01 0.000000e+00 2.049771e-05)
3.950000e+03	lowerWall	(-1.182643e-01 0.000000e+00 -1.850971e-05)	(-1.142324e-01 0.000000e+00 2.046789e-05)
3.960000e+03	lowerWall	(-1.181783e-01 0.000000e+00 -1.847354e-05)	(-1.141528e-01 0.000000e+00 2.043817e-05)
3.970000e+03	lowerWall	(-1.180927e-01 0.000000e+00 -1.843748e-05)	(-1.140737e-01 0.000000e+00 2.040856e-05)
3.980000e+03	lowerWall	(-1.180075e-01 0.000000e+00 -1.840166e-05)	(-1.139948e-01 0.000000e+00 2.037901e-05)
3.990000e+03	lowerWall	(-1.179226e-01 0.000000e+00 -1.836610e-05)	(-1.139163e-01 0.000000e+00 2.034955e-05)
4.000000e+03	lowerWall	(-1.178381e-01 0.000000e+00 -1.833071e-05)	(-1.138381e-01 0.000000e+00 2.032016e-05)
4.010000e+03	lowerWall	(-1.177540e-01 0.000000e+00 -1.829547e-05)	(-1.137603e-01 0.000000e+00 2.029085e-05)
4.020000e+03	lowerWall	(-1.176702e-01 0.000000e+00 -1.826039e-05)	(-1.136828e-01 0.000000e+00 2.026162e-05)
4.030000e+03	lowerWall	(-1.175868e-01 0.000000e+00 -1.822559e-05)	(-1.136057e-01 0.000000e+00 2.023250e-05)
4.040000e+03	lowerWall	(-1.175037e-01 0.000000e+00 -1.819103e-05)	(-1.135288e-01 0.000000e+00 2.020345e-05)
4.050000e+03	lowerWall	(-1.174210e-01 0.000000e+00 -1.815662e-05)	(-1.134523e-01 0.000000e+00 2.017447e-05)
4.060000e+03	lowerWall	(-1.173386e-01 0.000000e+00 -1.812236e-05)	(-1.133761e-01 0.000000e+00 2.014558e-05)
4.070000e+03	lowerWall	(-1.172566e-01 0.000000e+00 -1.808834e-05)	(-1.133002e-01 0.000000e+00 2.011680e-05)
4.080000e+03	lowerWall	(-1.171749e-01 0.000000e+00 -1.805452e-05)	(-1.132247e-01 0.000000e+00 2.008814e-05)
4.090000e+03	lowerWall	(-1.170936e-01 0.000000e+00 -1.802088e-05)	(-1.131494e-01 0.000000e+00 2.005959e-05)
4.100000e+03	lowerWall	(-1.170126e-01 0.000000e+00 -1.798745e-05)	(-1.130745e-01 0.000000e+00 2.003111e-05)
4.110000e+03	lowerWall	(-1.169319e-01 0.000000e+00 -1.795424e-05)	(-1.129999e-01 0.000000e+00 2.000271e-05)
4.120000e+03	lowerWall	(-1.168516e-01 0.000000e+00 -1.792124e-05)	(-1.129256e-01 0.000000e+00 1.997439e-05)
4.130000e+03	lowerWall	(-1.167716e-01 0.000000e+00 -1.788845e-05)	(-1.128516e-01 0.000000e+00 1.994613e-05)
4.140000e+03	lowerWall	(-1.166919e-01 0.000000e+00 -1.785584e-05)	(-1.127779e-01 0.000000e+00 1.991792e-05)
4.150000e+03	lowerWall	(-1.166126e-01 0.000000e+00 -1.782341e-05)	(-1.127045e-01 0.000000e+00 1.988979e-05)
4.160000e+03	lowerWall	(-1.165336e-01 0.000000e+00 -1.779218e-05)	(-1.126314e-01 0.000000e+00 1.986172e-05)
4.170000e+03	lowerWall	(-1.164549e-01 0.000000e+00 -1.776114e-05)	(-1.125587e-01 0.000000e+00 1.983371e-05)
4.180000e+03	lowerWall	(-1.163765e-01 0.000000e+00 -1.773028e-05)	(-1.124862e-01 0.000000e+00 1.980577e-05)
4.190000e+03	lowerWall	(-1.162985e-01 0.000000e+00 -1.769958e-05)	(-1.124140e-01 0.000000e+00 1.977789e-05)
4.200000e+03	lowerWall	(-1.162208e-01 0.000000e+00 -1.766902e-05)	(-1.123421e-01 0.000000e+00 1.975007e-05)
4.210000e+03	lowerWall	(-1.161433e-01 0.000000e+00 -1.763862e-05)	(-1.122706e-01 0.000000e+00 1.972229e-05)
4.220000e+03	lowerWall	(-1.160663e-01 0.000000e+00 -1.760837e-05)	(-1.121993e-01 0.000000e+00 1.969458e-05)
4.230000e+03	lowerWall	(-1.159895e-01 0.000000e+00 -1.757827e-05)	(-1.121283e-01 0.000000e+00 1.966693e-05)
4.240000e+03	lowerWall	(-1.159130e-01 0.000000e+00 -1.754830e-05)	(-1.120576e-01 0.000000e+00 1.963933e-05)
4.250000e+03	lowerWall	(-1.158368e-01 0.000000e+00 -1.751846e-05)	(-1.119872e-01 0.000000e+00 1.961178e-05)
4.260000e+03	lowerWall	(-1.157610e-01 0.000000e+00 -1.748873e-05)	(-1.119170e-01 0.000000e+00 1.958429e-05)
4.270000e+03	lowerWall	(-1.156854e-01 0.000000e+00 -1.745910e-05)	(-1.118472e-01 0.000000e+00 1.955687e-05)
4.280000e+03	lowerWall	(-1.156102e-01 0.000000e+00 -1.742960e-05)	(-1.117776e-01 0.000000e+00 1.952952e-05)
4.290000e+03	lowerWall	(-1.155352e-01 0.000000e+00 -1.740022e-05)	(-1.117084e-01 0.000000e+00 1.950224e-05)
4.300000e+03	lowerWall	(-1.154606e-01 0.000000e+00 -1.737098e-05)	(-1.116394e-01 0.000000e+00 1.947503e-05)
4.310000e+03	lowerWall	(-1.153862e-01 0.000000e+00 -1.734186e-05)	(-1.115706e-01 0.000000e+00 1.944787e-05)
4.320000e+03	lowerWall	(-1.153121e-01 0.000000e+00 -1.731288e-05)	(-1.115022e-01 0.000000e+00 1.942081e-05)
4.330000e+03	lowerWall	(-1.152384e-01 0.000000e+00 -1.728405e-05)	(-1.114340e-01 0.000000e+00 1.939394e-05)
4.340000e+03	lowerWall	(-1.151649e-01 0.000000e+00 -1.725536e-05)	(-1.113661e-01 0.000000e+00 1.936731e-05)
4.350000e+03	lowerWall	(-1.150917e-01 0.000000e+00 -1.722680e-05)	(-1.112985e-01 0.000000e+00 1.934082e-05)
4.360000e+03	lowerWall	(-1.150188e-01 0.000000e+00 -1.719838e-05)	(-1.112311e-01 0.000000e+00 1.931450e-05)
4.370000e+03	lowerWall	(-1.149462e-01 0.000000e+00 -1.717008e-05)	(-1.111640e-01 0.000000e+00 1.928840e-05)
4.380000e+03	lowerWall	(-1.148739e-01 0.000000e+00 -1.714190e-05)	(-1.110972e-01 0.000000e+00 1.926242e-05)
4.390000e+03	lowerWall	(-1.148019e-01 0.000000e+00 -1.711384e-05)	(-1.110306e-01 0.000000e+00 1.923647e-05)
4.400000e+03	lowerWall	(-1.147301e-01 0.000000e+00 -1.708587e-05)	(-1.109643e-01 0.000000e+00 1.921059e-05)
4.410000e+03	lowerWall	(-1.146587e-01 0.000000e+00 -1.705801e-05)	(-1.108983e-01 0.000000e+00 1.918484e-05)
4.420000e+03	lowerWall	(-1.145875e-01 0.000000e+00 -1.703027e-05)	(-1.108325e-01 0.000000e+00 1.915921e-05)
4.430000e+03	lowerWall	(-1.145166e-01 0.000000e+00 -1.700264e-05)	(-1.107670e-01 0.000000e+00 1.913370e-05)
4.440000e+03	lowerWall	(-1.144460e-01 0.000000e+00 -1.697511e-05)	(-1.107017e-01 0.000000e+00 1.910829e-05)
4.450000e+03	lowerWall	(-1.143756e-01 0.000000e+00 -1.694769e-05)	(-1.106367e-01 0.000000e+00 1.908291e-05)
4.460000e+03	lowerWall	(-1.143056e-01 0.000000e+00 -1.692036e-05)	(-1.105719e-01 0.000000e+00 1.905756e-05)
4.470000e+03	lowerWall	(-1.142358e-01 0.000000e+00 -1.689312e-05)	(-1.105074e-01 0.000000e+00 1.903228e-05)
4.480000e+03	lowerWall	(-1.141662e-01 0.000000e+00 -1.686596e-05)	(-1.104431e-01 0.000000e+00 1.900706e-05)
4.490000e+03	lowerWall	(-1.140970e-01 0.000000e+00 -1.683890e-05)	(-1.103791e-01 0.000000e+00 1.898194e-05)
4.500000e+03	lowerWall	(-1.140280e-01 0.000000e+00 -1.681192e-05)	(-1.103153e-01 0.000000e+00 1.895694e-05)
4.510000e+03	lowerWall	(-1.139593e-01 0.000000e+00 -1.678504e-05)	(-1.102517e-01 0.000000e+00 1.893203e-05)
4.520000e+03	lowerWall	(-1.138908e-01 0.000000e+00 -1.675821e-05)	(-1.101884e-01 0.000000e+00 1.890711e-05)
4.530000e+03	lowerWall	(-1.138226e-01 0.000000e+00 -1.673137e-05)	(-1.101254e-01 0.000000e+00 1.888219e-05)
4.540000e+03	lowerWall	(-1.137547e-01 0.000000e+00 -1.670441e-05)	(-1.100625e-01 0.000000e+00 1.885730e-05)
4.550000e+03	lowerWall	(-1.136870e-01 0.000000e+00 -1.667733e-05)	(-1.100000e-01 0.000000e+00 1.883247e-05)
4.560000e+03	lowerWall	(-1.136196e-01 0.000000e+00 -1.665009e-05)	(-1.099376e-01 0.000000e+00 1.880774e-05)
4.570000e+03	lowerWall	(-1.135524e-01 0.000000e+00 -1.662274e-05)	(-1.098755e-01 0.000000e+00 1.878308e-05)
4.580000e+03	lowerWall	(-1.134855e-01 0.000000e+00 -1.659531e-05)	(-1.098137e-01 0.000000e+00 1.875850e-05)
4.590000e+03	lowerWall	(-1.134189e-01 0.000000e+00 -1.656781e-05)	(-1.097521e-01 0.000000e+00 1.873394e-05)
4.600000e+03	lowerWall	(-1.133525e-01 0.000000e+00 -1.654020e-05)	(-1.096907e-01 0.000000e+00 1.870937e-05)
4.610000e+03	lowerWall	(-1.132863e-01 0.000000e+00 -1.651255e-05)	(-1.096295e-01 0.000000e+00 1.868483e-05)
4.620000e+03	lowerWall	(-1.132204e-01 0.000000e+00 -1.648487e-05)	(-1.095686e-01 0.000000e+00 1.866034e-05)
4.630000e+03	lowerWall	(-1.131548e-01 0.000000e+00 -1.645715e-05)	(-1.095079e-01 0.000000e+00 1.863590e-05)
4.640000e+03	lowerWall	(-1.130894e-01 0.000000e+00 -1.642942e-05)	(-1.094475e-01 0.000000e+00 1.861151e-05)
4.650000e+03	lowerWall	(-1.130242e-01 0.000000e+00 -1.640170e-05)	(-1.093872e-01 0.000000e+00 1.858719e-05)
4.660000e+03	lowerWall	(-1.129593e-01 0.000000e+00 -1.637400e-05)	(-1.093272e-01 0.000000e+00 1.856292e-05)
4.670000e+03	lowerWall	(-1.128946e-01 0.000000e+00 -1.634632e-05)	(-1.092675e-01 0.000000e+00 1.853866e-05)
4.680000e+03	lowerWall	(-1.128302e-01 0.000000e+00 -1.631868e-05)	(-1.092079e-01 0.000000e+00 1.851442e-05)
4.690000e+03	lowerWall	(-1.127660e-01 0.000000e+00 -1.629110e-05)	(-1.091486e-01 0.000000e+00 1.849020e-05)
4.700000e+03	lowerWall	(-1.127020e-01 0.000000e+00 -1.626367e-05)	(-1.090895e-01 0.000000e+00 1.846604e-05)
4.710000e+03	lowerWall	(-1.126383e-01 0.000000e+00 -1.623635e-05)	(-1.090306e-01 0.000000e+00 1.844192e-05)
4.720000e+03	lowerWall	(-1.125748e-01 0.000000e+00 -1.620910e-05)	(-1.089719e-01 0.000000e+00 1.841785e-05)
4.730000e+03	lowerWall	(-1.125116e-01 0.000000e+00 -1.618194e-05)	(-1.089135e-01 0.000000e+00 1.839381e-05)
4.740000e+03	lowerWall	(-1.124485e-01 0.000000e+00 -1.615487e-05)	(-1.088553e-01 0.000000e+00 1.836976e-05)
4.750000e+03	lowerWall	(-1.123858e-01 0.000000e+00 -1.612801e-05)	(-1.087973e-01 0.000000e+00 1.834572e-05)
4.760000e+03	lowerWall	(-1.123232e-01 0.000000e+00 -1.610131e-05)	(-1.087395e-01 0.000000e+00 1.832169e-05)
4.770000e+03	lowerWall	(-1.122609e-01 0.000000e+00 -1.607471e-05)	(-1.086820e-01 0.000000e+00 1.829756e-05)
4.780000e+03	lowerWall	(-1.121988e-01 0.000000e+00 -1.604816e-05)	(-1.086247e-01 0.000000e+00 1.827339e-05)
4.790000e+03	lowerWall	(-1.121369e-01 0.000000e+00 -1.602172e-05)	(-1.085676e-01 0.000000e+00 1.824923e-05)
4.800000e+03	lowerWall	(-1.120753e-01 0.000000e+00 -1.599547e-05)	(-1.085107e-01 0.000000e+00 1.822511e-05)
4.810000e+03	lowerWall	(-1.120138e-01 0.000000e+00 -1.596934e-05)	(-1.084541e-01 0.000000e+00 1.820104e-05)
4.820000e+03	lowerWall	(-1.119526e-01 0.000000e+00 -1.594334e-05)	(-1.083976e-01 0.000000e+00 1.817702e-05)
4.830000e+03	lowerWall	(-1.118916e-01 0.000000e+00 -1.591749e-05)	(-1.083414e-01 0.000000e+00 1.815304e-05)
4.840000e+03	lowerWall	(-1.118309e-01 0.000000e+00 -1.589184e-05)	(-1.082853e-01 0.000000e+00 1.812912e-05)
4.850000e+03	lowerWall	(-1.117703e-01 0.000000e+00 -1.586634e-05)	(-1.082295e-01 0.000000e+00 1.810608e-05)
4.860000e+03	lowerWall	(-1.117100e-01 0.000000e+00 -1.584100e-05)	(-1.081738e-01 0.000000e+00 1.808371e-05)
4.870000e+03	lowerWall	(-1.116499e-01 0.000000e+00 -1.581584e-05)	(-1.081184e-01 0.000000e+00 1.806139e-05)
4.880000e+03	lowerWall	(-1.115900e-01 0.000000e+00 -1.579083e-05)	(-1.080631e-01 0.000000e+00 1.803912e-05)
4.890000e+03	lowerWall	(-1.115303e-01 0.000000e+00 -1.576597e-05)	(-1.080081e-01 0.000000e+00 1.801692e-05)
4.900000e+03	lowerWall	(-1.114709e-01 0.000000e+00 -1.574126e-05)	(-1.079532e-01 0.000000e+00 1.799477e-05)
4.910000e+03	lowerWall	(-1.114116e-01 0.000000e+00 -1.571670e-05)	(-1.078986e-01 0.000000e+00 1.797267e-05)
4.920000e+03	lowerWall	(-1.113526e-01 0.000000e+00 -1.569226e-05)	(-1.078441e-01 0.000000e+00 1.795062e-05)
4.930000e+03	lowerWall	(-1.112937e-01 0.000000e+00 -1.566794e-05)	(-1.077898e-01 0.000000e+00 1.792861e-05)
4.940000e+03	lowerWall	(-1.112351e-01 0.000000e+00 -1.564373e-05)	(-1.077357e-01 0.000000e+00 1.790662e-05)
4.950000e+03	lowerWall	(-1.111766e-01 0.000000e+00 -1.561964e-05)	(-1.076818e-01 0.000000e+00 1.788464e-05)
4.960000e+03	lowerWall	(-1.111184e-01 0.000000e+00 -1.559566e-05)	(-1.076282e-01 0.000000e+00 1.786266e-05)
4.970000e+03	lowerWall	(-1.110604e-01 0.000000e+00 -1.557178e-05)	(-1.075747e-01 0.000000e+00 1.784071e-05)
4.980000e+03	lowerWall	(-1.110026e-01 0.000000e+00 -1.554798e-05)	(-1.075214e-01 0.000000e+00 1.781878e-05)
4.990000e+03	lowerWall	(-1.109450e-01 0.000000e+00 -1.552425e-05)	(-1.074683e-01 0.000000e+00 1.779689e-05)
5.000000e+03	lowerWall	(-1.108875e-01 0.000000e+00 -1.550060e-05)	(-1.074154e-01 0.000000e+00 1.777502e-05)
5.010000e+03	lowerWall	(-1.108303e-01 0.000000e+00 -1.547705e-05)	(-1.073627e-01 0.000000e+00 1.775319e-05)
5.020000e+03	lowerWall	(-1.107733e-01 0.000000e+00 -1.545361e-05)	(-1.073101e-01 0.000000e+00 1.773144e-05)
5.030000e+03	lowerWall	(-1.107165e-01 0.000000e+00 -1.543028e-05)	(-1.072578e-01 0.000000e+00 1.770981e-05)
5.040000e+03	lowerWall	(-1.106599e-01 0.000000e+00 -1.540705e-05)	(-1.072056e-01 0.000000e+00 1.768834e-05)
5.050000e+03	lowerWall	(-1.106035e-01 0.000000e+00 -1.538392e-05)	(-1.071536e-01 0.000000e+00 1.766696e-05)
5.060000e+03	lowerWall	(-1.105473e-01 0.000000e+00 -1.536092e-05)	(-1.071018e-01 0.000000e+00 1.764567e-05)
5.070000e+03	lowerWall	(-1.104912e-01 0.000000e+00 -1.533802e-05)	(-1.070502e-01 0.000000e+00 1.762452e-05)
5.080000e+03	lowerWall	(-1.104354e-01 0.000000e+00 -1.531523e-05)	(-1.069988e-01 0.000000e+00 1.760348e-05)
5.090000e+03	lowerWall	(-1.103798e-01 0.000000e+00 -1.529255e-05)	(-1.069476e-01 0.000000e+00 1.758248e-05)
5.100000e+03	lowerWall	(-1.103243e-01 0.000000e+00 -1.526996e-05)	(-1.068965e-01 0.000000e+00 1.756148e-05)
5.110000e+03	lowerWall	(-1.102691e-01 0.000000e+00 -1.524746e-05)	(-1.068456e-01 0.000000e+00 1.754054e-05)
5.120000e+03	lowerWall	(-1.102140e-01 0.000000e+00 -1.522505e-05)	(-1.067949e-01 0.000000e+00 1.751967e-05)
5.130000e+03	lowerWall	(-1.101591e-01 0.000000e+00 -1.520274e-05)	(-1.067444e-01 0.000000e+00 1.749885e-05)
5.140000e+03	lowerWall	(-1.101045e-01 0.000000e+00 -1.518050e-05)	(-1.066941e-01 0.000000e+00 1.747810e-05)
5.150000e+03	lowerWall	(-1.100500e-01 0.000000e+00 -1.515832e-05)	(-1.066439e-01 0.000000e+00 1.745740e-05)
5.160000e+03	lowerWall	(-1.099957e-01 0.000000e+00 -1.513620e-05)	(-1.065939e-01 0.000000e+00 1.743672e-05)
5.170000e+03	lowerWall	(-1.099416e-01 0.000000e+00 -1.511414e-05)	(-1.065441e-01 0.000000e+00 1.741602e-05)
5.180000e+03	lowerWall	(-1.098877e-01 0.000000e+00 -1.509216e-05)	(-1.064944e-01 0.000000e+00 1.739533e-05)
5.190000e+03	lowerWall	(-1.098339e-01 0.000000e+00 -1.507024e-05)	(-1.064449e-01 0.000000e+00 1.737467e-05)
5.200000e+03	lowerWall	(-1.097804e-01 0.000000e+00 -1.504839e-05)	(-1.063956e-01 0.000000e+00 1.735404e-05)
5.210000e+03	lowerWall	(-1.097270e-01 0.000000e+00 -1.502662e-05)	(-1.063465e-01 0.000000e+00 1.733349e-05)
5.220000e+03	lowerWall	(-1.096738e-01 0.000000e+00 -1.500491e-05)	(-1.062975e-01 0.000000e+00 1.731302e-05)
5.230000e+03	lowerWall	(-1.096208e-01 0.000000e+00 -1.498327e-05)	(-1.062487e-01 0.000000e+00 1.729262e-05)
5.240000e+03	lowerWall	(-1.095679e-01 0.000000e+00 -1.496171e-05)	(-1.062001e-01 0.000000e+00 1.727221e-05)
5.250000e+03	lowerWall	(-1.095153e-01 0.000000e+00 -1.494021e-05)	(-1.061516e-01 0.000000e+00 1.725178e-05)
5.260000e+03	lowerWall	(-1.094628e-01 0.000000e+00 -1.491879e-05)	(-1.061034e-01 0.000000e+00 1.723135e-05)
5.270000e+03	lowerWall	(-1.094105e-01 0.000000e+00 -1.489743e-05)	(-1.060552e-01 0.000000e+00 1.721095e-05)
5.280000e+03	lowerWall	(-1.093584e-01 0.000000e+00 -1.487613e-05)	(-1.060073e-01 0.000000e+00 1.719061e-05)
5.290000e+03	lowerWall	(-1.093064e-01 0.000000e+00 -1.485490e-05)	(-1.059595e-01 0.000000e+00 1.717032e-05)
5.300000e+03	lowerWall	(-1.092547e-01 0.000000e+00 -1.483372e-05)	(-1.059118e-01 0.000000e+00 1.715008e-05)
5.310000e+03	lowerWall	(-1.092031e-01 0.000000e+00 -1.481260e-05)	(-1.058643e-01 0.000000e+00 1.712988e-05)
5.320000e+03	lowerWall	(-1.091516e-01 0.000000e+00 -1.479154e-05)	(-1.058170e-01 0.000000e+00 1.710971e-05)
5.330000e+03	lowerWall	(-1.091004e-01 0.000000e+00 -1.477054e-05)	(-1.057699e-01 0.000000e+00 1.708952e-05)
5.340000e+03	lowerWall	(-1.090493e-01 0.000000e+00 -1.474960e-05)	(-1.057229e-01 0.000000e+00 1.706935e-05)
5.350000e+03	lowerWall	(-1.089984e-01 0.000000e+00 -1.472872e-05)	(-1.056760e-01 0.000000e+00 1.704920e-05)
5.360000e+03	lowerWall	(-1.089476e-01 0.000000e+00 -1.470790e-05)	(-1.056294e-01 0.000000e+00 1.702907e-05)
5.370000e+03	lowerWall	(-1.088970e-01 0.000000e+00 -1.468714e-05)	(-1.055828e-01 0.000000e+00 1.700897e-05)
5.380000e+03	lowerWall	(-1.088466e-01 0.000000e+00 -1.466641e-05)	(-1.055365e-01 0.000000e+00 1.698890e-05)
5.390000e+03	lowerWall	(-1.087964e-01 0.000000e+00 -1.464565e-05)	(-1.054903e-01 0.000000e+00 1.696887e-05)
5.400000e+03	lowerWall	(-1.087463e-01 0.000000e+00 -1.462477e-05)	(-1.054442e-01 0.000000e+00 1.694888e-05)
5.410000e+03	lowerWall	(-1.086964e-01 0.000000e+00 -1.460374e-05)	(-1.053983e-01 0.000000e+00 1.692890e-05)
5.420000e+03	lowerWall	(-1.086466e-01 0.000000e+00 -1.458259e-05)	(-1.053526e-01 0.000000e+00 1.690892e-05)
5.430000e+03	lowerWall	(-1.085970e-01 0.000000e+00 -1.456133e-05)	(-1.053070e-01 0.000000e+00 1.688896e-05)
5.440000e+03	lowerWall	(-1.085476e-01 0.000000e+00 -1.453998e-05)	(-1.052615e-01 0.000000e+00 1.686901e-05)
5.450000e+03	lowerWall	(-1.084983e-01 0.000000e+00 -1.451850e-05)	(-1.052162e-01 0.000000e+00 1.684909e-05)
5.460000e+03	lowerWall	(-1.084492e-01 0.000000e+00 -1.449694e-05)	(-1.051711e-01 0.000000e+00 1.682920e-05)
5.470000e+03	lowerWall	(-1.084002e-01 0.000000e+00 -1.447535e-05)	(-1.051261e-01 0.000000e+00 1.680934e-05)
5.480000e+03	lowerWall	(-1.083515e-01 0.000000e+00 -1.445374e-05)	(-1.050813e-01 0.000000e+00 1.678951e-05)
5.490000e+03	lowerWall	(-1.083028e-01 0.000000e+00 -1.443208e-05)	(-1.050366e-01 0.000000e+00 1.676969e-05)
5.500000e+03	lowerWall	(-1.082544e-01 0.000000e+00 -1.441040e-05)	(-1.049920e-01 0.000000e+00 1.674988e-05)
5.510000e+03	lowerWall	(-1.082061e-01 0.000000e+00 -1.438870e-05)	(-1.049476e-01 0.000000e+00 1.673010e-05)
5.520000e+03	lowerWall	(-1.081579e-01 0.000000e+00 -1.436700e-05)	(-1.049034e-01 0.000000e+00 1.671036e-05)
5.530000e+03	lowerWall	(-1.081099e-01 0.000000e+00 -1.434531e-05)	(-1.048592e-01 0.000000e+00 1.669069e-05)
5.540000e+03	lowerWall	(-1.080621e-01 0.000000e+00 -1.432364e-05)	(-1.048152e-01 0.000000e+00 1.667108e-05)
5.550000e+03	lowerWall	(-1.080144e-01 0.000000e+00 -1.430207e-05)	(-1.047714e-01 0.000000e+00 1.665152e-05)
5.560000e+03	lowerWall	(-1.079669e-01 0.000000e+00 -1.428059e-05)	(-1.047277e-01 0.000000e+00 1.663197e-05)
5.570000e+03	lowerWall	(-1.079195e-01 0.000000e+00 -1.425916e-05)	(-1.046841e-01 0.000000e+00 1.661246e-05)
5.580000e+03	lowerWall	(-1.078723e-01 0.000000e+00 -1.423776e-05)	(-1.046407e-01 0.000000e+00 1.659297e-05)
5.590000e+03	lowerWall	(-1.078252e-01 0.000000e+00 -1.421642e-05)	(-1.045974e-01 0.000000e+00 1.657351e-05)
5.600000e+03	lowerWall	(-1.077783e-01 0.000000e+00 -1.419517e-05)	(-1.045542e-01 0.000000e+00 1.655407e-05)
5.610000e+03	lowerWall	(-1.077315e-01 0.000000e+00 -1.417410e-05)	(-1.045112e-01 0.000000e+00 1.653466e-05)
5.620000e+03	lowerWall	(-1.076849e-01 0.000000e+00 -1.415315e-05)	(-1.044683e-01 0.000000e+00 1.651529e-05)
5.630000e+03	lowerWall	(-1.076384e-01 0.000000e+00 -1.413229e-05)	(-1.044256e-01 0.000000e+00 1.649594e-05)
5.640000e+03	lowerWall	(-1.075921e-01 0.000000e+00 -1.411150e-05)	(-1.043829e-01 0.000000e+00 1.647662e-05)
5.650000e+03	lowerWall	(-1.075459e-01 0.000000e+00 -1.409084e-05)	(-1.043405e-01 0.000000e+00 1.645733e-05)
5.660000e+03	lowerWall	(-1.074998e-01 0.000000e+00 -1.407034e-05)	(-1.042981e-01 0.000000e+00 1.643806e-05)
5.670000e+03	lowerWall	(-1.074539e-01 0.000000e+00 -1.404995e-05)	(-1.042559e-01 0.000000e+00 1.641882e-05)
5.680000e+03	lowerWall	(-1.074082e-01 0.000000e+00 -1.402963e-05)	(-1.042138e-01 0.000000e+00 1.639959e-05)
5.690000e+03	lowerWall	(-1.073626e-01 0.000000e+00 -1.400942e-05)	(-1.041719e-01 0.000000e+00 1.638039e-05)
5.700000e+03	lowerWall	(-1.073171e-01 0.000000e+00 -1.398936e-05)	(-1.041301e-01 0.000000e+00 1.636120e-05)
5.710000e+03	lowerWall	(-1.072718e-01 0.000000e+00 -1.396942e-05)	(-1.040884e-01 0.000000e+00 1.634200e-05)
5.720000e+03	lowerWall	(-1.072266e-01 0.000000e+00 -1.394958e-05)	(-1.040468e-01 0.000000e+00 1.632280e-05)
5.730000e+03	lowerWall	(-1.071816e-01 0.000000e+00 -1.392986e-05)	(-1.040054e-01 0.000000e+00 1.630354e-05)
5.740000e+03	lowerWall	(-1.071367e-01 0.000000e+00 -1.391026e-05)	(-1.039642e-01 0.000000e+00 1.628416e-05)
5.750000e+03	lowerWall	(-1.070919e-01 0.000000e+00 -1.389076e-05)	(-1.039232e-01 0.000000e+00 1.626473e-05)
5.760000e+03	lowerWall	(-1.070473e-01 0.000000e+00 -1.387138e-05)	(-1.038822e-01 0.000000e+00 1.624530e-05)
5.770000e+03	lowerWall	(-1.070028e-01 0.000000e+00 -1.385212e-05)	(-1.038414e-01 0.000000e+00 1.622588e-05)
5.780000e+03	lowerWall	(-1.069584e-01 0.000000e+00 -1.383297e-05)	(-1.038008e-01 0.000000e+00 1.620649e-05)
5.790000e+03	lowerWall	(-1.069142e-01 0.000000e+00 -1.381392e-05)	(-1.037602e-01 0.000000e+00 1.618713e-05)
5.800000e+03	lowerWall	(-1.068701e-01 0.000000e+00 -1.379495e-05)	(-1.037198e-01 0.000000e+00 1.616780e-05)
5.810000e+03	lowerWall	(-1.068262e-01 0.000000e+00 -1.377607e-05)	(-1.036795e-01 0.000000e+00 1.614850e-05)
5.820000e+03	lowerWall	(-1.067824e-01 0.000000e+00 -1.375728e-05)	(-1.036393e-01 0.000000e+00 1.612922e-05)
5.830000e+03	lowerWall	(-1.067387e-01 0.000000e+00 -1.373856e-05)	(-1.035993e-01 0.000000e+00 1.610999e-05)
5.840000e+03	lowerWall	(-1.066952e-01 0.000000e+00 -1.371992e-05)	(-1.035594e-01 0.000000e+00 1.609078e-05)
5.850000e+03	lowerWall	(-1.066518e-01 0.000000e+00 -1.370134e-05)	(-1.035196e-01 0.000000e+00 1.607162e-05)
5.860000e+03	lowerWall	(-1.066085e-01 0.000000e+00 -1.368280e-05)	(-1.034799e-01 0.000000e+00 1.605251e-05)
5.870000e+03	lowerWall	(-1.065654e-01 0.000000e+00 -1.366431e-05)	(-1.034403e-01 0.000000e+00 1.603346e-05)
5.880000e+03	lowerWall	(-1.065224e-01 0.000000e+00 -1.364586e-05)	(-1.034009e-01 0.000000e+00 1.601452e-05)
5.890000e+03	lowerWall	(-1.064795e-01 0.000000e+00 -1.362738e-05)	(-1.033616e-01 0.000000e+00 1.599675e-05)
5.900000e+03	lowerWall	(-1.064368e-01 0.000000e+00 -1.360891e-05)	(-1.033224e-01 0.000000e+00 1.597919e-05)
5.910000e+03	lowerWall	(-1.063942e-01 0.000000e+00 -1.359048e-05)	(-1.032833e-01 0.000000e+00 1.596170e-05)
5.920000e+03	lowerWall	(-1.063517e-01 0.000000e+00 -1.357212e-05)	(-1.032444e-01 0.000000e+00 1.594424e-05)
5.930000e+03	lowerWall	(-1.063093e-01 0.000000e+00 -1.355382e-05)	(-1.032056e-01 0.000000e+00 1.592682e-05)
5.940000e+03	lowerWall	(-1.062671e-01 0.000000e+00 -1.353560e-05)	(-1.031669e-01 0.000000e+00 1.590944e-05)
5.950000e+03	lowerWall	(-1.062250e-01 0.000000e+00 -1.351745e-05)	(-1.031283e-01 0.000000e+00 1.589212e-05)
5.960000e+03	lowerWall	(-1.061831e-01 0.000000e+00 -1.349937e-05)	(-1.030899e-01 0.000000e+00 1.587486e-05)
5.970000e+03	lowerWall	(-1.061413e-01 0.000000e+00 -1.348136e-05)	(-1.030516e-01 0.000000e+00 1.585763e-05)
5.980000e+03	lowerWall	(-1.060996e-01 0.000000e+00 -1.346342e-05)	(-1.030134e-01 0.000000e+00 1.584038e-05)
5.990000e+03	lowerWall	(-1.060580e-01 0.000000e+00 -1.344578e-05)	(-1.029752e-01 0.000000e+00 1.582291e-05)
6.000000e+03	lowerWall	(-1.060166e-01 0.000000e+00 -1.342829e-05)	(-1.029373e-01 0.000000e+00 1.580285e-05)
6.010000e+03	lowerWall	(-1.059754e-01 0.000000e+00 -1.340906e-05)	(-1.029001e-01 0.000000e+00 1.578486e-05)
6.020000e+03	lowerWall	(-1.059344e-01 0.000000e+00 -1.339079e-05)	(-1.028627e-01 0.000000e+00 1.576875e-05)
6.030000e+03	lowerWall	(-1.058935e-01 0.000000e+00 -1.337318e-05)	(-1.028253e-01 0.000000e+00 1.575264e-05)
6.040000e+03	lowerWall	(-1.058527e-01 0.000000e+00 -1.335572e-05)	(-1.027880e-01 0.000000e+00 1.573627e-05)
6.050000e+03	lowerWall	(-1.058120e-01 0.000000e+00 -1.333832e-05)	(-1.027507e-01 0.000000e+00 1.571967e-05)
6.060000e+03	lowerWall	(-1.057714e-01 0.000000e+00 -1.332098e-05)	(-1.027136e-01 0.000000e+00 1.570294e-05)
6.070000e+03	lowerWall	(-1.057309e-01 0.000000e+00 -1.330370e-05)	(-1.026765e-01 0.000000e+00 1.568616e-05)
6.080000e+03	lowerWall	(-1.056905e-01 0.000000e+00 -1.328649e-05)	(-1.026396e-01 0.000000e+00 1.566936e-05)
6.090000e+03	lowerWall	(-1.056502e-01 0.000000e+00 -1.326935e-05)	(-1.026027e-01 0.000000e+00 1.565258e-05)
6.100000e+03	lowerWall	(-1.056100e-01 0.000000e+00 -1.325227e-05)	(-1.025660e-01 0.000000e+00 1.563580e-05)
6.110000e+03	lowerWall	(-1.055700e-01 0.000000e+00 -1.323525e-05)	(-1.025294e-01 0.000000e+00 1.561904e-05)
6.120000e+03	lowerWall	(-1.055301e-01 0.000000e+00 -1.321828e-05)	(-1.024929e-01 0.000000e+00 1.560229e-05)
6.130000e+03	lowerWall	(-1.054902e-01 0.000000e+00 -1.320136e-05)	(-1.024565e-01 0.000000e+00 1.558552e-05)
6.140000e+03	lowerWall	(-1.054505e-01 0.000000e+00 -1.318448e-05)	(-1.024202e-01 0.000000e+00 1.556872e-05)
6.150000e+03	lowerWall	(-1.054110e-01 0.000000e+00 -1.316765e-05)	(-1.023840e-01 0.000000e+00 1.555193e-05)
6.160000e+03	lowerWall	(-1.053715e-01 0.000000e+00 -1.315087e-05)	(-1.023480e-01 0.000000e+00 1.553514e-05)
6.170000e+03	lowerWall	(-1.053321e-01 0.000000e+00 -1.313412e-05)	(-1.023120e-01 0.000000e+00 1.551837e-05)
6.180000e+03	lowerWall	(-1.052929e-01 0.000000e+00 -1.311741e-05)	(-1.022761e-01 0.000000e+00 1.550163e-05)
6.190000e+03	lowerWall	(-1.052538e-01 0.000000e+00 -1.310073e-05)	(-1.022404e-01 0.000000e+00 1.548490e-05)
6.200000e+03	lowerWall	(-1.052147e-01 0.000000e+00 -1.308406e-05)	(-1.022047e-01 0.000000e+00 1.546821e-05)
6.210000e+03	lowerWall	(-1.051758e-01 0.000000e+00 -1.306741e-05)	(-1.021692e-01 0.000000e+00 1.545155e-05)
6.220000e+03	lowerWall	(-1.051371e-01 0.000000e+00 -1.305080e-05)	(-1.021338e-01 0.000000e+00 1.543489e-05)
6.230000e+03	lowerWall	(-1.050984e-01 0.000000e+00 -1.303430e-05)	(-1.020985e-01 0.000000e+00 1.541821e-05)
6.240000e+03	lowerWall	(-1.050598e-01 0.000000e+00 -1.301810e-05)	(-1.020632e-01 0.000000e+00 1.540153e-05)
6.250000e+03	lowerWall	(-1.050214e-01 0.000000e+00 -1.300194e-05)	(-1.020281e-01 0.000000e+00 1.538484e-05)
6.260000e+03	lowerWall	(-1.049830e-01 0.000000e+00 -1.298582e-05)	(-1.019931e-01 0.000000e+00 1.536817e-05)
6.270000e+03	lowerWall	(-1.049448e-01 0.000000e+00 -1.296974e-05)	(-1.019582e-01 0.000000e+00 1.535151e-05)
6.280000e+03	lowerWall	(-1.049067e-01 0.000000e+00 -1.295370e-05)	(-1.019234e-01 0.000000e+00 1.533488e-05)
6.290000e+03	lowerWall	(-1.048687e-01 0.000000e+00 -1.293769e-05)	(-1.018887e-01 0.000000e+00 1.531827e-05)
6.300000e+03	lowerWall	(-1.048308e-01 0.000000e+00 -1.292173e-05)	(-1.018541e-01 0.000000e+00 1.530169e-05)
6.310000e+03	lowerWall	(-1.047930e-01 0.000000e+00 -1.290580e-05)	(-1.018196e-01 0.000000e+00 1.528512e-05)
6.320000e+03	lowerWall	(-1.047553e-01 0.000000e+00 -1.288991e-05)	(-1.017852e-01 0.000000e+00 1.526853e-05)
6.330000e+03	lowerWall	(-1.047177e-01 0.000000e+00 -1.287406e-05)	(-1.017509e-01 0.000000e+00 1.525194e-05)
6.340000e+03	lowerWall	(-1.046802e-01 0.000000e+00 -1.285825e-05)	(-1.017168e-01 0.000000e+00 1.523535e-05)
6.350000e+03	lowerWall	(-1.046429e-01 0.000000e+00 -1.284246e-05)	(-1.016827e-01 0.000000e+00 1.521877e-05)
6.360000e+03	lowerWall	(-1.046056e-01 0.000000e+00 -1.282671e-05)	(-1.016487e-01 0.000000e+00 1.520222e-05)
6.370000e+03	lowerWall	(-1.045684e-01 0.000000e+00 -1.281099e-05)	(-1.016148e-01 0.000000e+00 1.518569e-05)
6.380000e+03	lowerWall	(-1.045314e-01 0.000000e+00 -1.279531e-05)	(-1.015810e-01 0.000000e+00 1.516920e-05)
6.390000e+03	lowerWall	(-1.044945e-01 0.000000e+00 -1.277967e-05)	(-1.015473e-01 0.000000e+00 1.515274e-05)
6.400000e+03	lowerWall	(-1.044576e-01 0.000000e+00 -1.276405e-05)	(-1.015137e-01 0.000000e+00 1.513631e-05)
6.410000e+03	lowerWall	(-1.044209e-01 0.000000e+00 -1.274848e-05)	(-1.014802e-01 0.000000e+00 1.511988e-05)
6.420000e+03	lowerWall	(-1.043843e-01 0.000000e+00 -1.273293e-05)	(-1.014467e-01 0.000000e+00 1.510347e-05)
6.430000e+03	lowerWall	(-1.043477e-01 0.000000e+00 -1.271742e-05)	(-1.014134e-01 0.000000e+00 1.508707e-05)
6.440000e+03	lowerWall	(-1.043113e-01 0.000000e+00 -1.270194e-05)	(-1.013802e-01 0.000000e+00 1.507070e-05)
6.450000e+03	lowerWall	(-1.042750e-01 0.000000e+00 -1.268641e-05)	(-1.013470e-01 0.000000e+00 1.505434e-05)
6.460000e+03	lowerWall	(-1.042388e-01 0.000000e+00 -1.267079e-05)	(-1.013140e-01 0.000000e+00 1.503800e-05)
6.470000e+03	lowerWall	(-1.042027e-01 0.000000e+00 -1.265505e-05)	(-1.012810e-01 0.000000e+00 1.502167e-05)
6.480000e+03	lowerWall	(-1.041667e-01 0.000000e+00 -1.263922e-05)	(-1.012482e-01 0.000000e+00 1.500534e-05)
6.490000e+03	lowerWall	(-1.041307e-01 0.000000e+00 -1.262331e-05)	(-1.012154e-01 0.000000e+00 1.498903e-05)
6.500000e+03	lowerWall	(-1.040949e-01 0.000000e+00 -1.260725e-05)	(-1.011827e-01 0.000000e+00 1.497273e-05)
6.510000e+03	lowerWall	(-1.040592e-01 0.000000e+00 -1.259110e-05)	(-1.011501e-01 0.000000e+00 1.495646e-05)
6.520000e+03	lowerWall	(-1.040236e-01 0.000000e+00 -1.257490e-05)	(-1.011176e-01 0.000000e+00 1.494020e-05)
6.530000e+03	lowerWall	(-1.039881e-01 0.000000e+00 -1.255866e-05)	(-1.010852e-01 0.000000e+00 1.492395e-05)
6.540000e+03	lowerWall	(-1.039527e-01 0.000000e+00 -1.254234e-05)	(-1.010529e-01 0.000000e+00 1.490771e-05)
6.550000e+03	lowerWall	(-1.039174e-01 0.000000e+00 -1.252593e-05)	(-1.010207e-01 0.000000e+00 1.489150e-05)
6.560000e+03	lowerWall	(-1.038821e-01 0.000000e+00 -1.250945e-05)	(-1.009886e-01 0.000000e+00 1.487531e-05)
6.570000e+03	lowerWall	(-1.038470e-01 0.000000e+00 -1.249294e-05)	(-1.009566e-01 0.000000e+00 1.485915e-05)
6.580000e+03	lowerWall	(-1.038120e-01 0.000000e+00 -1.247640e-05)	(-1.009246e-01 0.000000e+00 1.484302e-05)
6.590000e+03	lowerWall	(-1.037771e-01 0.000000e+00 -1.245984e-05)	(-1.008927e-01 0.000000e+00 1.482690e-05)
6.600000e+03	lowerWall	(-1.037422e-01 0.000000e+00 -1.244326e-05)	(-1.008610e-01 0.000000e+00 1.481081e-05)
6.610000e+03	lowerWall	(-1.037075e-01 0.000000e+00 -1.242667e-05)	(-1.008293e-01 0.000000e+00 1.479474e-05)
6.620000e+03	lowerWall	(-1.036729e-01 0.000000e+00 -1.241008e-05)	(-1.007977e-01 0.000000e+00 1.477869e-05)
6.630000e+03	lowerWall	(-1.036383e-01 0.000000e+00 -1.239347e-05)	(-1.007662e-01 0.000000e+00 1.476266e-05)
6.640000e+03	lowerWall	(-1.036039e-01 0.000000e+00 -1.237687e-05)	(-1.007347e-01 0.000000e+00 1.474663e-05)
6.650000e+03	lowerWall	(-1.035695e-01 0.000000e+00 -1.236034e-05)	(-1.007034e-01 0.000000e+00 1.473063e-05)
6.660000e+03	lowerWall	(-1.035353e-01 0.000000e+00 -1.234386e-05)	(-1.006721e-01 0.000000e+00 1.471463e-05)
6.670000e+03	lowerWall	(-1.035011e-01 0.000000e+00 -1.232741e-05)	(-1.006410e-01 0.000000e+00 1.469865e-05)
6.680000e+03	lowerWall	(-1.034670e-01 0.000000e+00 -1.231100e-05)	(-1.006099e-01 0.000000e+00 1.468268e-05)
6.690000e+03	lowerWall	(-1.034331e-01 0.000000e+00 -1.229465e-05)	(-1.005789e-01 0.000000e+00 1.466672e-05)
6.700000e+03	lowerWall	(-1.033992e-01 0.000000e+00 -1.227842e-05)	(-1.005480e-01 0.000000e+00 1.465078e-05)
6.710000e+03	lowerWall	(-1.033654e-01 0.000000e+00 -1.226228e-05)	(-1.005172e-01 0.000000e+00 1.463484e-05)
6.720000e+03	lowerWall	(-1.033317e-01 0.000000e+00 -1.224618e-05)	(-1.004864e-01 0.000000e+00 1.461893e-05)
6.730000e+03	lowerWall	(-1.032981e-01 0.000000e+00 -1.223013e-05)	(-1.004558e-01 0.000000e+00 1.460308e-05)
6.740000e+03	lowerWall	(-1.032645e-01 0.000000e+00 -1.221421e-05)	(-1.004252e-01 0.000000e+00 1.458727e-05)
6.750000e+03	lowerWall	(-1.032311e-01 0.000000e+00 -1.219838e-05)	(-1.003946e-01 0.000000e+00 1.457151e-05)
6.760000e+03	lowerWall	(-1.031978e-01 0.000000e+00 -1.218263e-05)	(-1.003642e-01 0.000000e+00 1.455576e-05)
6.770000e+03	lowerWall	(-1.031645e-01 0.000000e+00 -1.216701e-05)	(-1.003339e-01 0.000000e+00 1.454003e-05)
6.780000e+03	lowerWall	(-1.031314e-01 0.000000e+00 -1.215152e-05)	(-1.003036e-01 0.000000e+00 1.452431e-05)
6.790000e+03	lowerWall	(-1.030983e-01 0.000000e+00 -1.213617e-05)	(-1.002734e-01 0.000000e+00 1.450859e-05)
6.800000e+03	lowerWall	(-1.030653e-01 0.000000e+00 -1.212097e-05)	(-1.002433e-01 0.000000e+00 1.449287e-05)
6.810000e+03	lowerWall	(-1.030324e-01 0.000000e+00 -1.210593e-05)	(-1.002133e-01 0.000000e+00 1.447716e-05)
6.820000e+03	lowerWall	(-1.029996e-01 0.000000e+00 -1.209102e-05)	(-1.001833e-01 0.000000e+00 1.446145e-05)
6.830000e+03	lowerWall	(-1.029669e-01 0.000000e+00 -1.207619e-05)	(-1.001535e-01 0.000000e+00 1.444574e-05)
6.840000e+03	lowerWall	(-1.029343e-01 0.000000e+00 -1.206143e-05)	(-1.001237e-01 0.000000e+00 1.443003e-05)
6.850000e+03	lowerWall	(-1.029018e-01 0.000000e+00 -1.204674e-05)	(-1.000940e-01 0.000000e+00 1.441432e-05)
6.860000e+03	lowerWall	(-1.028693e-01 0.000000e+00 -1.203210e-05)	(-1.000644e-01 0.000000e+00 1.439862e-05)
6.870000e+03	lowerWall	(-1.028370e-01 0.000000e+00 -1.201752e-05)	(-1.000348e-01 0.000000e+00 1.438291e-05)
6.880000e+03	lowerWall	(-1.028047e-01 0.000000e+00 -1.200299e-05)	(-1.000054e-01 0.000000e+00 1.436719e-05)
6.890000e+03	lowerWall	(-1.027725e-01 0.000000e+00 -1.198851e-05)	(-9.997603e-02 0.000000e+00 1.435145e-05)
6.900000e+03	lowerWall	(-1.027404e-01 0.000000e+00 -1.197408e-05)	(-9.994677e-02 0.000000e+00 1.433564e-05)
6.910000e+03	lowerWall	(-1.027084e-01 0.000000e+00 -1.195970e-05)	(-9.991763e-02 0.000000e+00 1.431973e-05)
6.920000e+03	lowerWall	(-1.026765e-01 0.000000e+00 -1.194537e-05)	(-9.988858e-02 0.000000e+00 1.430377e-05)
6.930000e+03	lowerWall	(-1.026447e-01 0.000000e+00 -1.193109e-05)	(-9.985963e-02 0.000000e+00 1.428780e-05)
6.940000e+03	lowerWall	(-1.026128e-01 0.000000e+00 -1.190994e-05)	(-9.983176e-02 0.000000e+00 1.426541e-05)
6.950000e+03	lowerWall	(-1.025827e-01 0.000000e+00 -1.190398e-05)	(-9.980276e-02 0.000000e+00 1.425374e-05)
6.960000e+03	lowerWall	(-1.025541e-01 0.000000e+00 -1.191970e-05)	(-9.977456e-02 0.000000e+00 1.426059e-05)
6.970000e+03	lowerWall	(-1.025250e-01 0.000000e+00 -1.192560e-05)	(-9.974682e-02 0.000000e+00 1.425918e-05)
6.980000e+03	lowerWall	(-1.024956e-01 0.000000e+00 -1.192610e-05)	(-9.971914e-02 0.000000e+00 1.425375e-05)
6.990000e+03	lowerWall	(-1.024660e-01 0.000000e+00 -1.192340e-05)	(-9.969145e-02 0.000000e+00 1.424606e-05)
7.000000e+03	lowerWall	(-1.024363e-01 0.000000e+00 -1.191868e-05)	(-9.966377e-02 0.000000e+00 1.423699e-05)
7.010000e+03	lowerWall	(-1.024065e-01 0.000000e+00 -1.191263e-05)	(-9.963609e-02 0.000000e+00 1.422703e-05)
7.020000e+03	lowerWall	(-1.023766e-01 0.000000e+00 -1.190565e-05)	(-9.960843e-02 0.000000e+00 1.421650e-05)
7.030000e+03	lowerWall	(-1.023467e-01 0.000000e+00 -1.189800e-05)	(-9.958080e-02 0.000000e+00 1.420557e-05)
7.040000e+03	lowerWall	(-1.023169e-01 0.000000e+00 -1.188986e-05)	(-9.955321e-02 0.000000e+00 1.419435e-05)
7.050000e+03	lowerWall	(-1.022870e-01 0.000000e+00 -1.188132e-05)	(-9.952566e-02 0.000000e+00 1.418290e-05)
7.060000e+03	lowerWall	(-1.022572e-01 0.000000e+00 -1.187247e-05)	(-9.949815e-02 0.000000e+00 1.417127e-05)
7.070000e+03	lowerWall	(-1.022274e-01 0.000000e+00 -1.186336e-05)	(-9.947070e-02 0.000000e+00 1.415948e-05)
7.080000e+03	lowerWall	(-1.021976e-01 0.000000e+00 -1.185404e-05)	(-9.944331e-02 0.000000e+00 1.414755e-05)
7.090000e+03	lowerWall	(-1.021679e-01 0.000000e+00 -1.184455e-05)	(-9.941599e-02 0.000000e+00 1.413547e-05)
7.100000e+03	lowerWall	(-1.021382e-01 0.000000e+00 -1.183491e-05)	(-9.938872e-02 0.000000e+00 1.412385e-05)
7.110000e+03	lowerWall	(-1.021086e-01 0.000000e+00 -1.182514e-05)	(-9.936152e-02 0.000000e+00 1.411213e-05)
7.120000e+03	lowerWall	(-1.020790e-01 0.000000e+00 -1.181525e-05)	(-9.933438e-02 0.000000e+00 1.410034e-05)
7.130000e+03	lowerWall	(-1.020495e-01 0.000000e+00 -1.180525e-05)	(-9.930731e-02 0.000000e+00 1.408851e-05)
7.140000e+03	lowerWall	(-1.020201e-01 0.000000e+00 -1.179513e-05)	(-9.928030e-02 0.000000e+00 1.407665e-05)
7.150000e+03	lowerWall	(-1.019907e-01 0.000000e+00 -1.178491e-05)	(-9.925335e-02 0.000000e+00 1.406475e-05)
7.160000e+03	lowerWall	(-1.019613e-01 0.000000e+00 -1.177452e-05)	(-9.922646e-02 0.000000e+00 1.405282e-05)
7.170000e+03	lowerWall	(-1.019321e-01 0.000000e+00 -1.176400e-05)	(-9.919964e-02 0.000000e+00 1.404079e-05)
7.180000e+03	lowerWall	(-1.019028e-01 0.000000e+00 -1.175339e-05)	(-9.917288e-02 0.000000e+00 1.402870e-05)
7.190000e+03	lowerWall	(-1.018737e-01 0.000000e+00 -1.174274e-05)	(-9.914619e-02 0.000000e+00 1.401656e-05)
7.200000e+03	lowerWall	(-1.018446e-01 0.000000e+00 -1.173204e-05)	(-9.911956e-02 0.000000e+00 1.400439e-05)
7.210000e+03	lowerWall	(-1.018156e-01 0.000000e+00 -1.172131e-05)	(-9.909300e-02 0.000000e+00 1.399221e-05)
7.220000e+03	lowerWall	(-1.017866e-01 0.000000e+00 -1.171055e-05)	(-9.906651e-02 0.000000e+00 1.398002e-05)
7.230000e+03	lowerWall	(-1.017577e-01 0.000000e+00 -1.169976e-05)	(-9.904008e-02 0.000000e+00 1.396781e-05)
7.240000e+03	lowerWall	(-1.017289e-01 0.000000e+00 -1.168895e-05)	(-9.901372e-02 0.000000e+00 1.395558e-05)
7.250000e+03	lowerWall	(-1.017001e-01 0.000000e+00 -1.167811e-05)	(-9.898742e-02 0.000000e+00 1.394333e-05)
7.260000e+03	lowerWall	(-1.016714e-01 0.000000e+00 -1.166725e-05)	(-9.896119e-02 0.000000e+00 1.393104e-05)
7.270000e+03	lowerWall	(-1.016427e-01 0.000000e+00 -1.165637e-05)	(-9.893503e-02 0.000000e+00 1.391869e-05)
7.280000e+03	lowerWall	(-1.016141e-01 0.000000e+00 -1.164547e-05)	(-9.890893e-02 0.000000e+00 1.390631e-05)
7.290000e+03	lowerWall	(-1.015856e-01 0.000000e+00 -1.163455e-05)	(-9.888290e-02 0.000000e+00 1.389392e-05)
7.300000e+03	lowerWall	(-1.015572e-01 0.000000e+00 -1.162363e-05)	(-9.885693e-02 0.000000e+00 1.388151e-05)
7.310000e+03	lowerWall	(-1.015288e-01 0.000000e+00 -1.161269e-05)	(-9.883103e-02 0.000000e+00 1.386909e-05)
7.320000e+03	lowerWall	(-1.015005e-01 0.000000e+00 -1.160176e-05)	(-9.880520e-02 0.000000e+00 1.385666e-05)
7.330000e+03	lowerWall	(-1.014722e-01 0.000000e+00 -1.159082e-05)	(-9.877942e-02 0.000000e+00 1.384422e-05)
7.340000e+03	lowerWall	(-1.014440e-01 0.000000e+00 -1.157990e-05)	(-9.875372e-02 0.000000e+00 1.383179e-05)
7.350000e+03	lowerWall	(-1.014159e-01 0.000000e+00 -1.156897e-05)	(-9.872808e-02 0.000000e+00 1.381934e-05)
7.360000e+03	lowerWall	(-1.013878e-01 0.000000e+00 -1.155805e-05)	(-9.870250e-02 0.000000e+00 1.380686e-05)
7.370000e+03	lowerWall	(-1.013599e-01 0.000000e+00 -1.154713e-05)	(-9.867699e-02 0.000000e+00 1.379435e-05)
7.380000e+03	lowerWall	(-1.013319e-01 0.000000e+00 -1.153622e-05)	(-9.865155e-02 0.000000e+00 1.378181e-05)
7.390000e+03	lowerWall	(-1.013041e-01 0.000000e+00 -1.152530e-05)	(-9.862617e-02 0.000000e+00 1.376925e-05)
7.400000e+03	lowerWall	(-1.012763e-01 0.000000e+00 -1.151438e-05)	(-9.860085e-02 0.000000e+00 1.375669e-05)
7.410000e+03	lowerWall	(-1.012485e-01 0.000000e+00 -1.150345e-05)	(-9.857560e-02 0.000000e+00 1.374411e-05)
7.420000e+03	lowerWall	(-1.012209e-01 0.000000e+00 -1.149253e-05)	(-9.855041e-02 0.000000e+00 1.373154e-05)
7.430000e+03	lowerWall	(-1.011933e-01 0.000000e+00 -1.148159e-05)	(-9.852529e-02 0.000000e+00 1.371896e-05)
7.440000e+03	lowerWall	(-1.011657e-01 0.000000e+00 -1.147063e-05)	(-9.850023e-02 0.000000e+00 1.370639e-05)
7.450000e+03	lowerWall	(-1.011383e-01 0.000000e+00 -1.145966e-05)	(-9.847523e-02 0.000000e+00 1.369380e-05)
7.460000e+03	lowerWall	(-1.011109e-01 0.000000e+00 -1.144866e-05)	(-9.845030e-02 0.000000e+00 1.368119e-05)
7.470000e+03	lowerWall	(-1.010835e-01 0.000000e+00 -1.143766e-05)	(-9.842542e-02 0.000000e+00 1.366855e-05)
7.480000e+03	lowerWall	(-1.010562e-01 0.000000e+00 -1.142666e-05)	(-9.840062e-02 0.000000e+00 1.365590e-05)
7.490000e+03	lowerWall	(-1.010290e-01 0.000000e+00 -1.141565e-05)	(-9.837587e-02 0.000000e+00 1.364324e-05)
7.500000e+03	lowerWall	(-1.010019e-01 0.000000e+00 -1.140465e-05)	(-9.835119e-02 0.000000e+00 1.363057e-05)
7.510000e+03	lowerWall	(-1.009748e-01 0.000000e+00 -1.139365e-05)	(-9.832657e-02 0.000000e+00 1.361790e-05)
7.520000e+03	lowerWall	(-1.009478e-01 0.000000e+00 -1.138265e-05)	(-9.830201e-02 0.000000e+00 1.360524e-05)
7.530000e+03	lowerWall	(-1.009208e-01 0.000000e+00 -1.137165e-05)	(-9.827752e-02 0.000000e+00 1.359257e-05)
7.540000e+03	lowerWall	(-1.008939e-01 0.000000e+00 -1.136066e-05)	(-9.825308e-02 0.000000e+00 1.357989e-05)
7.550000e+03	lowerWall	(-1.008671e-01 0.000000e+00 -1.134968e-05)	(-9.822871e-02 0.000000e+00 1.356720e-05)
7.560000e+03	lowerWall	(-1.008403e-01 0.000000e+00 -1.133871e-05)	(-9.820440e-02 0.000000e+00 1.355448e-05)
7.570000e+03	lowerWall	(-1.008136e-01 0.000000e+00 -1.132774e-05)	(-9.818015e-02 0.000000e+00 1.354176e-05)
7.580000e+03	lowerWall	(-1.007870e-01 0.000000e+00 -1.131677e-05)	(-9.815596e-02 0.000000e+00 1.352904e-05)
7.590000e+03	lowerWall	(-1.007604e-01 0.000000e+00 -1.130581e-05)	(-9.813184e-02 0.000000e+00 1.351631e-05)
7.600000e+03	lowerWall	(-1.007339e-01 0.000000e+00 -1.129486e-05)	(-9.810777e-02 0.000000e+00 1.350359e-05)
7.610000e+03	lowerWall	(-1.007075e-01 0.000000e+00 -1.128391e-05)	(-9.808376e-02 0.000000e+00 1.349086e-05)
7.620000e+03	lowerWall	(-1.006811e-01 0.000000e+00 -1.127297e-05)	(-9.805981e-02 0.000000e+00 1.347813e-05)
7.630000e+03	lowerWall	(-1.006548e-01 0.000000e+00 -1.126203e-05)	(-9.803593e-02 0.000000e+00 1.346538e-05)
7.640000e+03	lowerWall	(-1.006285e-01 0.000000e+00 -1.125110e-05)	(-9.801210e-02 0.000000e+00 1.345263e-05)
7.650000e+03	lowerWall	(-1.006023e-01 0.000000e+00 -1.124018e-05)	(-9.798833e-02 0.000000e+00 1.343988e-05)
7.660000e+03	lowerWall	(-1.005761e-01 0.000000e+00 -1.122927e-05)	(-9.796462e-02 0.000000e+00 1.342712e-05)
7.670000e+03	lowerWall	(-1.005501e-01 0.000000e+00 -1.121837e-05)	(-9.794097e-02 0.000000e+00 1.341437e-05)
7.680000e+03	lowerWall	(-1.005241e-01 0.000000e+00 -1.120747e-05)	(-9.791738e-02 0.000000e+00 1.340162e-05)
7.690000e+03	lowerWall	(-1.004981e-01 0.000000e+00 -1.119658e-05)	(-9.789384e-02 0.000000e+00 1.338886e-05)
7.700000e+03	lowerWall	(-1.004722e-01 0.000000e+00 -1.118570e-05)	(-9.787037e-02 0.000000e+00 1.337610e-05)
7.710000e+03	lowerWall	(-1.004464e-01 0.000000e+00 -1.117482e-05)	(-9.784695e-02 0.000000e+00 1.336335e-05)
7.720000e+03	lowerWall	(-1.004206e-01 0.000000e+00 -1.116396e-05)	(-9.782359e-02 0.000000e+00 1.335060e-05)
7.730000e+03	lowerWall	(-1.003949e-01 0.000000e+00 -1.115309e-05)	(-9.780029e-02 0.000000e+00 1.333785e-05)
7.740000e+03	lowerWall	(-1.003692e-01 0.000000e+00 -1.114224e-05)	(-9.777704e-02 0.000000e+00 1.332510e-05)
7.750000e+03	lowerWall	(-1.003436e-01 0.000000e+00 -1.113138e-05)	(-9.775385e-02 0.000000e+00 1.331237e-05)
7.760000e+03	lowerWall	(-1.003181e-01 0.000000e+00 -1.112051e-05)	(-9.773071e-02 0.000000e+00 1.329965e-05)
7.770000e+03	lowerWall	(-1.002926e-01 0.000000e+00 -1.110957e-05)	(-9.770763e-02 0.000000e+00 1.328694e-05)
7.780000e+03	lowerWall	(-1.002672e-01 0.000000e+00 -1.109850e-05)	(-9.768461e-02 0.000000e+00 1.327424e-05)
7.790000e+03	lowerWall	(-1.002419e-01 0.000000e+00 -1.108731e-05)	(-9.766164e-02 0.000000e+00 1.326155e-05)
7.800000e+03	lowerWall	(-1.002166e-01 0.000000e+00 -1.107603e-05)	(-9.763872e-02 0.000000e+00 1.324886e-05)
7.810000e+03	lowerWall	(-1.001914e-01 0.000000e+00 -1.106461e-05)	(-9.761586e-02 0.000000e+00 1.323618e-05)
7.820000e+03	lowerWall	(-1.001662e-01 0.000000e+00 -1.105306e-05)	(-9.759306e-02 0.000000e+00 1.322350e-05)
7.830000e+03	lowerWall	(-1.001411e-01 0.000000e+00 -1.104144e-05)	(-9.757031e-02 0.000000e+00 1.321083e-05)
7.840000e+03	lowerWall	(-1.001160e-01 0.000000e+00 -1.102975e-05)	(-9.754761e-02 0.000000e+00 1.319816e-05)
7.850000e+03	lowerWall	(-1.000910e-01 0.000000e+00 -1.101798e-05)	(-9.752497e-02 0.000000e+00 1.318549e-05)
7.860000e+03	lowerWall	(-1.000661e-01 0.000000e+00 -1.100613e-05)	(-9.750239e-02 0.000000e+00 1.317282e-05)
7.870000e+03	lowerWall	(-1.000412e-01 0.000000e+00 -1.099420e-05)	(-9.747986e-02 0.000000e+00 1.316015e-05)
7.880000e+03	lowerWall	(-1.000163e-01 0.000000e+00 -1.098220e-05)	(-9.745739e-02 0.000000e+00 1.314747e-05)
7.890000e+03	lowerWall	(-9.999158e-02 0.000000e+00 -1.097016e-05)	(-9.743496e-02 0.000000e+00 1.313480e-05)
7.900000e+03	lowerWall	(-9.996687e-02 0.000000e+00 -1.095806e-05)	(-9.741260e-02 0.000000e+00 1.312212e-05)
7.910000e+03	lowerWall	(-9.994223e-02 0.000000e+00 -1.094592e-05)	(-9.739029e-02 0.000000e+00 1.310944e-05)
7.920000e+03	lowerWall	(-9.991764e-02 0.000000e+00 -1.093374e-05)	(-9.736803e-02 0.000000e+00 1.309676e-05)
7.930000e+03	lowerWall	(-9.989311e-02 0.000000e+00 -1.092153e-05)	(-9.734582e-02 0.000000e+00 1.308407e-05)
7.940000e+03	lowerWall	(-9.986866e-02 0.000000e+00 -1.090930e-05)	(-9.732367e-02 0.000000e+00 1.307140e-05)
7.950000e+03	lowerWall	(-9.984427e-02 0.000000e+00 -1.089708e-05)	(-9.730156e-02 0.000000e+00 1.305875e-05)
7.960000e+03	lowerWall	(-9.981993e-02 0.000000e+00 -1.088487e-05)	(-9.727950e-02 0.000000e+00 1.304611e-05)
7.970000e+03	lowerWall	(-9.979566e-02 0.000000e+00 -1.087265e-05)	(-9.725748e-02 0.000000e+00 1.303348e-05)
7.980000e+03	lowerWall	(-9.977144e-02 0.000000e+00 -1.086044e-05)	(-9.723552e-02 0.000000e+00 1.302086e-05)
7.990000e+03	lowerWall	(-9.974727e-02 0.000000e+00 -1.084829e-05)	(-9.721360e-02 0.000000e+00 1.300825e-05)
8.000000e+03	lowerWall	(-9.972316e-02 0.000000e+00 -1.083622e-05)	(-9.719174e-02 0.000000e+00 1.299564e-05)
8.010000e+03	lowerWall	(-9.969911e-02 0.000000e+00 -1.082418e-05)	(-9.716993e-02 0.000000e+00 1.298304e-05)
8.020000e+03	lowerWall	(-9.967512e-02 0.000000e+00 -1.081219e-05)	(-9.714816e-02 0.000000e+00 1.297044e-05)
8.030000e+03	lowerWall	(-9.965118e-02 0.000000e+00 -1.080031e-05)	(-9.712645e-02 0.000000e+00 1.295785e-05)
8.040000e+03	lowerWall	(-9.962729e-02 0.000000e+00 -1.078850e-05)	(-9.710479e-02 0.000000e+00 1.294526e-05)
8.050000e+03	lowerWall	(-9.960346e-02 0.000000e+00 -1.077677e-05)	(-9.708318e-02 0.000000e+00 1.293268e-05)
8.060000e+03	lowerWall	(-9.957969e-02 0.000000e+00 -1.076518e-05)	(-9.706163e-02 0.000000e+00 1.292010e-05)
8.070000e+03	lowerWall	(-9.955596e-02 0.000000e+00 -1.075375e-05)	(-9.704012e-02 0.000000e+00 1.290752e-05)
8.080000e+03	lowerWall	(-9.953230e-02 0.000000e+00 -1.074246e-05)	(-9.701866e-02 0.000000e+00 1.289495e-05)
8.090000e+03	lowerWall	(-9.950869e-02 0.000000e+00 -1.073126e-05)	(-9.699726e-02 0.000000e+00 1.288238e-05)
8.100000e+03	lowerWall	(-9.948513e-02 0.000000e+00 -1.072013e-05)	(-9.697590e-02 0.000000e+00 1.286982e-05)
8.110000e+03	lowerWall	(-9.946162e-02 0.000000e+00 -1.070906e-05)	(-9.695460e-02 0.000000e+00 1.285726e-05)
8.120000e+03	lowerWall	(-9.943817e-02 0.000000e+00 -1.069803e-05)	(-9.693334e-02 0.000000e+00 1.284471e-05)
8.130000e+03	lowerWall	(-9.941478e-02 0.000000e+00 -1.068704e-05)	(-9.691214e-02 0.000000e+00 1.283216e-05)
8.140000e+03	lowerWall	(-9.939143e-02 0.000000e+00 -1.067609e-05)	(-9.689099e-02 0.000000e+00 1.281962e-05)
8.150000e+03	lowerWall	(-9.936815e-02 0.000000e+00 -1.066516e-05)	(-9.686988e-02 0.000000e+00 1.280708e-05)
8.160000e+03	lowerWall	(-9.934491e-02 0.000000e+00 -1.065427e-05)	(-9.684883e-02 0.000000e+00 1.279456e-05)
8.170000e+03	lowerWall	(-9.932173e-02 0.000000e+00 -1.064341e-05)	(-9.682783e-02 0.000000e+00 1.278203e-05)
8.180000e+03	lowerWall	(-9.929860e-02 0.000000e+00 -1.063257e-05)	(-9.680688e-02 0.000000e+00 1.276952e-05)
8.190000e+03	lowerWall	(-9.927553e-02 0.000000e+00 -1.062175e-05)	(-9.678597e-02 0.000000e+00 1.275700e-05)
8.200000e+03	lowerWall	(-9.925250e-02 0.000000e+00 -1.061096e-05)	(-9.676512e-02 0.000000e+00 1.274450e-05)
8.210000e+03	lowerWall	(-9.922953e-02 0.000000e+00 -1.060020e-05)	(-9.674431e-02 0.000000e+00 1.273202e-05)
8.220000e+03	lowerWall	(-9.920661e-02 0.000000e+00 -1.058946e-05)	(-9.672354e-02 0.000000e+00 1.271957e-05)
8.230000e+03	lowerWall	(-9.918375e-02 0.000000e+00 -1.057874e-05)	(-9.670282e-02 0.000000e+00 1.270719e-05)
8.240000e+03	lowerWall	(-9.916093e-02 0.000000e+00 -1.056806e-05)	(-9.668213e-02 0.000000e+00 1.269484e-05)
8.250000e+03	lowerWall	(-9.913817e-02 0.000000e+00 -1.055739e-05)	(-9.666148e-02 0.000000e+00 1.268252e-05)
8.260000e+03	lowerWall	(-9.911546e-02 0.000000e+00 -1.054676e-05)	(-9.664088e-02 0.000000e+00 1.267020e-05)
8.270000e+03	lowerWall	(-9.909281e-02 0.000000e+00 -1.053615e-05)	(-9.662033e-02 0.000000e+00 1.265789e-05)
8.280000e+03	lowerWall	(-9.907020e-02 0.000000e+00 -1.052558e-05)	(-9.659983e-02 0.000000e+00 1.264559e-05)
8.290000e+03	lowerWall	(-9.904764e-02 0.000000e+00 -1.051504e-05)	(-9.657938e-02 0.000000e+00 1.263328e-05)
8.300000e+03	lowerWall	(-9.902514e-02 0.000000e+00 -1.050452e-05)	(-9.655897e-02 0.000000e+00 1.262098e-05)
8.310000e+03	lowerWall	(-9.900269e-02 0.000000e+00 -1.049403e-05)	(-9.653862e-02 0.000000e+00 1.260868e-05)
8.320000e+03	lowerWall	(-9.898028e-02 0.000000e+00 -1.048357e-05)	(-9.651831e-02 0.000000e+00 1.259638e-05)
8.330000e+03	lowerWall	(-9.895793e-02 0.000000e+00 -1.047312e-05)	(-9.649805e-02 0.000000e+00 1.258409e-05)
8.340000e+03	lowerWall	(-9.893563e-02 0.000000e+00 -1.046270e-05)	(-9.647784e-02 0.000000e+00 1.257180e-05)
8.350000e+03	lowerWall	(-9.891338e-02 0.000000e+00 -1.045231e-05)	(-9.645769e-02 0.000000e+00 1.255949e-05)
8.360000e+03	lowerWall	(-9.889118e-02 0.000000e+00 -1.044195e-05)	(-9.643759e-02 0.000000e+00 1.254717e-05)
8.370000e+03	lowerWall	(-9.886903e-02 0.000000e+00 -1.043164e-05)	(-9.641756e-02 0.000000e+00 1.253482e-05)
8.380000e+03	lowerWall	(-9.884694e-02 0.000000e+00 -1.042138e-05)	(-9.639760e-02 0.000000e+00 1.252247e-05)
8.390000e+03	lowerWall	(-9.882489e-02 0.000000e+00 -1.041114e-05)	(-9.637772e-02 0.000000e+00 1.251014e-05)
8.400000e+03	lowerWall	(-9.880289e-02 0.000000e+00 -1.040093e-05)	(-9.635788e-02 0.000000e+00 1.249785e-05)
8.410000e+03	lowerWall	(-9.878094e-02 0.000000e+00 -1.039074e-05)	(-9.633810e-02 0.000000e+00 1.248564e-05)
8.420000e+03	lowerWall	(-9.875904e-02 0.000000e+00 -1.038056e-05)	(-9.631836e-02 0.000000e+00 1.247350e-05)
8.430000e+03	lowerWall	(-9.873718e-02 0.000000e+00 -1.037040e-05)	(-9.629868e-02 0.000000e+00 1.246141e-05)
8.440000e+03	lowerWall	(-9.871538e-02 0.000000e+00 -1.036025e-05)	(-9.627903e-02 0.000000e+00 1.244974e-05)
8.450000e+03	lowerWall	(-9.869363e-02 0.000000e+00 -1.035011e-05)	(-9.625943e-02 0.000000e+00 1.243840e-05)
8.460000e+03	lowerWall	(-9.867192e-02 0.000000e+00 -1.033998e-05)	(-9.623988e-02 0.000000e+00 1.242709e-05)
8.470000e+03	lowerWall	(-9.865027e-02 0.000000e+00 -1.032986e-05)	(-9.622037e-02 0.000000e+00 1.241580e-05)
8.480000e+03	lowerWall	(-9.862866e-02 0.000000e+00 -1.031976e-05)	(-9.620090e-02 0.000000e+00 1.240455e-05)
8.490000e+03	lowerWall	(-9.860710e-02 0.000000e+00 -1.030966e-05)	(-9.618147e-02 0.000000e+00 1.239334e-05)
8.500000e+03	lowerWall	(-9.858559e-02 0.000000e+00 -1.029958e-05)	(-9.616208e-02 0.000000e+00 1.238220e-05)
8.510000e+03	lowerWall	(-9.856413e-02 0.000000e+00 -1.028951e-05)	(-9.614273e-02 0.000000e+00 1.237110e-05)
8.520000e+03	lowerWall	(-9.854271e-02 0.000000e+00 -1.027946e-05)	(-9.612343e-02 0.000000e+00 1.236001e-05)
8.530000e+03	lowerWall	(-9.852134e-02 0.000000e+00 -1.026941e-05)	(-9.610417e-02 0.000000e+00 1.234891e-05)
8.540000e+03	lowerWall	(-9.850002e-02 0.000000e+00 -1.025938e-05)	(-9.608497e-02 0.000000e+00 1.233778e-05)
8.550000e+03	lowerWall	(-9.847875e-02 0.000000e+00 -1.024936e-05)	(-9.606581e-02 0.000000e+00 1.232663e-05)
8.560000e+03	lowerWall	(-9.845753e-02 0.000000e+00 -1.023936e-05)	(-9.604670e-02 0.000000e+00 1.231550e-05)
8.570000e+03	lowerWall	(-9.843635e-02 0.000000e+00 -1.022936e-05)	(-9.602764e-02 0.000000e+00 1.230437e-05)
8.580000e+03	lowerWall	(-9.841522e-02 0.000000e+00 -1.021938e-05)	(-9.600863e-02 0.000000e+00 1.229327e-05)
8.590000e+03	lowerWall	(-9.839413e-02 0.000000e+00 -1.020942e-05)	(-9.598967e-02 0.000000e+00 1.228218e-05)
8.600000e+03	lowerWall	(-9.837310e-02 0.000000e+00 -1.019946e-05)	(-9.597075e-02 0.000000e+00 1.227111e-05)
8.610000e+03	lowerWall	(-9.835211e-02 0.000000e+00 -1.018952e-05)	(-9.595188e-02 0.000000e+00 1.226003e-05)
8.620000e+03	lowerWall	(-9.833116e-02 0.000000e+00 -1.017959e-05)	(-9.593305e-02 0.000000e+00 1.224893e-05)
8.630000e+03	lowerWall	(-9.831026e-02 0.000000e+00 -1.016968e-05)	(-9.591426e-02 0.000000e+00 1.223782e-05)
8.640000e+03	lowerWall	(-9.828941e-02 0.000000e+00 -1.015977e-05)	(-9.589552e-02 0.000000e+00 1.222672e-05)
8.650000e+03	lowerWall	(-9.826861e-02 0.000000e+00 -1.014988e-05)	(-9.587683e-02 0.000000e+00 1.221563e-05)
8.660000e+03	lowerWall	(-9.824785e-02 0.000000e+00 -1.014000e-05)	(-9.585818e-02 0.000000e+00 1.220455e-05)
8.670000e+03	lowerWall	(-9.822713e-02 0.000000e+00 -1.013011e-05)	(-9.583957e-02 0.000000e+00 1.219349e-05)
8.680000e+03	lowerWall	(-9.820647e-02 0.000000e+00 -1.012021e-05)	(-9.582101e-02 0.000000e+00 1.218243e-05)
8.690000e+03	lowerWall	(-9.818584e-02 0.000000e+00 -1.011026e-05)	(-9.580249e-02 0.000000e+00 1.217139e-05)
8.700000e+03	lowerWall	(-9.816527e-02 0.000000e+00 -1.010024e-05)	(-9.578402e-02 0.000000e+00 1.216037e-05)
8.710000e+03	lowerWall	(-9.814474e-02 0.000000e+00 -1.009020e-05)	(-9.576559e-02 0.000000e+00 1.214932e-05)
8.720000e+03	lowerWall	(-9.812425e-02 0.000000e+00 -1.008016e-05)	(-9.574721e-02 0.000000e+00 1.213825e-05)
8.730000e+03	lowerWall	(-9.810381e-02 0.000000e+00 -1.007013e-05)	(-9.572887e-02 0.000000e+00 1.212717e-05)
8.740000e+03	lowerWall	(-9.808342e-02 0.000000e+00 -1.006012e-05)	(-9.571057e-02 0.000000e+00 1.211609e-05)
8.750000e+03	lowerWall	(-9.806307e-02 0.000000e+00 -1.005014e-05)	(-9.569231e-02 0.000000e+00 1.210501e-05)
8.760000e+03	lowerWall	(-9.804276e-02 0.000000e+00 -1.004018e-05)	(-9.567410e-02 0.000000e+00 1.209395e-05)
8.770000e+03	lowerWall	(-9.802250e-02 0.000000e+00 -1.003024e-05)	(-9.565593e-02 0.000000e+00 1.208289e-05)
8.780000e+03	lowerWall	(-9.800228e-02 0.000000e+00 -1.002032e-05)	(-9.563781e-02 0.000000e+00 1.207185e-05)
8.790000e+03	lowerWall	(-9.798211e-02 0.000000e+00 -1.001042e-05)	(-9.561972e-02 0.000000e+00 1.206082e-05)
8.800000e+03	lowerWall	(-9.796198e-02 0.000000e+00 -1.000054e-05)	(-9.560168e-02 0.000000e+00 1.204979e-05)
8.810000e+03	lowerWall	(-9.794189e-02 0.000000e+00 -9.990669e-06)	(-9.558368e-02 0.000000e+00 1.203874e-05)
8.820000e+03	lowerWall	(-9.792185e-02 0.000000e+00 -9.980819e-06)	(-9.556572e-02 0.000000e+00 1.202767e-05)
8.830000e+03	lowerWall	(-9.790185e-02 0.000000e+00 -9.970984e-06)	(-9.554781e-02 0.000000e+00 1.201659e-05)
8.840000e+03	lowerWall	(-9.788189e-02 0.000000e+00 -9.961164e-06)	(-9.552993e-02 0.000000e+00 1.200552e-05)
8.850000e+03	lowerWall	(-9.786198e-02 0.000000e+00 -9.951360e-06)	(-9.551210e-02 0.000000e+00 1.199444e-05)
8.860000e+03	lowerWall	(-9.784211e-02 0.000000e+00 -9.941577e-06)	(-9.549431e-02 0.000000e+00 1.198337e-05)
8.870000e+03	lowerWall	(-9.782229e-02 0.000000e+00 -9.931815e-06)	(-9.547656e-02 0.000000e+00 1.197231e-05)
8.880000e+03	lowerWall	(-9.780250e-02 0.000000e+00 -9.922083e-06)	(-9.545885e-02 0.000000e+00 1.196126e-05)
8.890000e+03	lowerWall	(-9.778276e-02 0.000000e+00 -9.912378e-06)	(-9.544119e-02 0.000000e+00 1.195021e-05)
8.900000e+03	lowerWall	(-9.776306e-02 0.000000e+00 -9.902693e-06)	(-9.542356e-02 0.000000e+00 1.193916e-05)
8.910000e+03	lowerWall	(-9.774340e-02 0.000000e+00 -9.893026e-06)	(-9.540598e-02 0.000000e+00 1.192809e-05)
8.920000e+03	lowerWall	(-9.772379e-02 0.000000e+00 -9.883376e-06)	(-9.538843e-02 0.000000e+00 1.191702e-05)
8.930000e+03	lowerWall	(-9.770422e-02 0.000000e+00 -9.873742e-06)	(-9.537093e-02 0.000000e+00 1.190594e-05)
8.940000e+03	lowerWall	(-9.768469e-02 0.000000e+00 -9.864122e-06)	(-9.535346e-02 0.000000e+00 1.189485e-05)
8.950000e+03	lowerWall	(-9.766520e-02 0.000000e+00 -9.854517e-06)	(-9.533604e-02 0.000000e+00 1.188378e-05)
8.960000e+03	lowerWall	(-9.764575e-02 0.000000e+00 -9.844925e-06)	(-9.531865e-02 0.000000e+00 1.187270e-05)
8.970000e+03	lowerWall	(-9.762635e-02 0.000000e+00 -9.835346e-06)	(-9.530131e-02 0.000000e+00 1.186164e-05)
8.980000e+03	lowerWall	(-9.760698e-02 0.000000e+00 -9.825776e-06)	(-9.528400e-02 0.000000e+00 1.185058e-05)
8.990000e+03	lowerWall	(-9.758766e-02 0.000000e+00 -9.816212e-06)	(-9.526674e-02 0.000000e+00 1.183951e-05)
9.000000e+03	lowerWall	(-9.756838e-02 0.000000e+00 -9.806646e-06)	(-9.524951e-02 0.000000e+00 1.182844e-05)
9.010000e+03	lowerWall	(-9.754914e-02 0.000000e+00 -9.797074e-06)	(-9.523232e-02 0.000000e+00 1.181737e-05)
9.020000e+03	lowerWall	(-9.752994e-02 0.000000e+00 -9.787502e-06)	(-9.521517e-02 0.000000e+00 1.180629e-05)
9.030000e+03	lowerWall	(-9.751079e-02 0.000000e+00 -9.777933e-06)	(-9.519806e-02 0.000000e+00 1.179521e-05)
9.040000e+03	lowerWall	(-9.749167e-02 0.000000e+00 -9.768372e-06)	(-9.518099e-02 0.000000e+00 1.178414e-05)
9.050000e+03	lowerWall	(-9.747259e-02 0.000000e+00 -9.758821e-06)	(-9.516396e-02 0.000000e+00 1.177307e-05)
9.060000e+03	lowerWall	(-9.745356e-02 0.000000e+00 -9.749281e-06)	(-9.514697e-02 0.000000e+00 1.176201e-05)
9.070000e+03	lowerWall	(-9.743456e-02 0.000000e+00 -9.739753e-06)	(-9.513001e-02 0.000000e+00 1.175095e-05)
9.080000e+03	lowerWall	(-9.741561e-02 0.000000e+00 -9.730236e-06)	(-9.511310e-02 0.000000e+00 1.173988e-05)
9.090000e+03	lowerWall	(-9.739670e-02 0.000000e+00 -9.720732e-06)	(-9.509622e-02 0.000000e+00 1.172881e-05)
9.100000e+03	lowerWall	(-9.737782e-02 0.000000e+00 -9.711240e-06)	(-9.507938e-02 0.000000e+00 1.171774e-05)
9.110000e+03	lowerWall	(-9.735899e-02 0.000000e+00 -9.701760e-06)	(-9.506257e-02 0.000000e+00 1.170668e-05)
9.120000e+03	lowerWall	(-9.734019e-02 0.000000e+00 -9.692294e-06)	(-9.504581e-02 0.000000e+00 1.169562e-05)
9.130000e+03	lowerWall	(-9.732144e-02 0.000000e+00 -9.682842e-06)	(-9.502908e-02 0.000000e+00 1.168456e-05)
9.140000e+03	lowerWall	(-9.730272e-02 0.000000e+00 -9.673404e-06)	(-9.501239e-02 0.000000e+00 1.167350e-05)
9.150000e+03	lowerWall	(-9.728405e-02 0.000000e+00 -9.663979e-06)	(-9.499573e-02 0.000000e+00 1.166245e-05)
9.160000e+03	lowerWall	(-9.726541e-02 0.000000e+00 -9.654566e-06)	(-9.497911e-02 0.000000e+00 1.165140e-05)
9.170000e+03	lowerWall	(-9.724681e-02 0.000000e+00 -9.645162e-06)	(-9.496253e-02 0.000000e+00 1.164035e-05)
9.180000e+03	lowerWall	(-9.722825e-02 0.000000e+00 -9.635768e-06)	(-9.494599e-02 0.000000e+00 1.162932e-05)
9.190000e+03	lowerWall	(-9.720973e-02 0.000000e+00 -9.626384e-06)	(-9.492948e-02 0.000000e+00 1.161828e-05)
9.200000e+03	lowerWall	(-9.719125e-02 0.000000e+00 -9.617009e-06)	(-9.491301e-02 0.000000e+00 1.160725e-05)
9.210000e+03	lowerWall	(-9.717281e-02 0.000000e+00 -9.607645e-06)	(-9.489657e-02 0.000000e+00 1.159623e-05)
9.220000e+03	lowerWall	(-9.715441e-02 0.000000e+00 -9.598290e-06)	(-9.488017e-02 0.000000e+00 1.158522e-05)
9.230000e+03	lowerWall	(-9.713604e-02 0.000000e+00 -9.588946e-06)	(-9.486380e-02 0.000000e+00 1.157422e-05)
9.240000e+03	lowerWall	(-9.711771e-02 0.000000e+00 -9.579612e-06)	(-9.484747e-02 0.000000e+00 1.156324e-05)
9.250000e+03	lowerWall	(-9.709942e-02 0.000000e+00 -9.570285e-06)	(-9.483118e-02 0.000000e+00 1.155227e-05)
9.260000e+03	lowerWall	(-9.708118e-02 0.000000e+00 -9.560963e-06)	(-9.481491e-02 0.000000e+00 1.154130e-05)
9.270000e+03	lowerWall	(-9.706297e-02 0.000000e+00 -9.551643e-06)	(-9.479869e-02 0.000000e+00 1.153034e-05)
9.280000e+03	lowerWall	(-9.704480e-02 0.000000e+00 -9.542326e-06)	(-9.478249e-02 0.000000e+00 1.151938e-05)
9.290000e+03	lowerWall	(-9.702668e-02 0.000000e+00 -9.533012e-06)	(-9.476633e-02 0.000000e+00 1.150842e-05)
9.300000e+03	lowerWall	(-9.700859e-02 0.000000e+00 -9.523701e-06)	(-9.475021e-02 0.000000e+00 1.149746e-05)
9.310000e+03	lowerWall	(-9.699054e-02 0.000000e+00 -9.514394e-06)	(-9.473412e-02 0.000000e+00 1.148651e-05)
9.320000e+03	lowerWall	(-9.697253e-02 0.000000e+00 -9.505090e-06)	(-9.471807e-02 0.000000e+00 1.147556e-05)
9.330000e+03	lowerWall	(-9.695456e-02 0.000000e+00 -9.495788e-06)	(-9.470205e-02 0.000000e+00 1.146462e-05)
9.340000e+03	lowerWall	(-9.693663e-02 0.000000e+00 -9.486489e-06)	(-9.468607e-02 0.000000e+00 1.145368e-05)
9.350000e+03	lowerWall	(-9.691873e-02 0.000000e+00 -9.477193e-06)	(-9.467012e-02 0.000000e+00 1.144275e-05)
9.360000e+03	lowerWall	(-9.690088e-02 0.000000e+00 -9.467902e-06)	(-9.465420e-02 0.000000e+00 1.143181e-05)
9.370000e+03	lowerWall	(-9.688306e-02 0.000000e+00 -9.458612e-06)	(-9.463832e-02 0.000000e+00 1.142089e-05)
9.380000e+03	lowerWall	(-9.686527e-02 0.000000e+00 -9.449326e-06)	(-9.462247e-02 0.000000e+00 1.140997e-05)
9.390000e+03	lowerWall	(-9.684753e-02 0.000000e+00 -9.440044e-06)	(-9.460666e-02 0.000000e+00 1.139905e-05)
9.400000e+03	lowerWall	(-9.682982e-02 0.000000e+00 -9.430767e-06)	(-9.459088e-02 0.000000e+00 1.138814e-05)
9.410000e+03	lowerWall	(-9.681215e-02 0.000000e+00 -9.421494e-06)	(-9.457514e-02 0.000000e+00 1.137723e-05)
9.420000e+03	lowerWall	(-9.679452e-02 0.000000e+00 -9.412226e-06)	(-9.455943e-02 0.000000e+00 1.136633e-05)
9.430000e+03	lowerWall	(-9.677692e-02 0.000000e+00 -9.402954e-06)	(-9.454376e-02 0.000000e+00 1.135543e-05)
9.440000e+03	lowerWall	(-9.675936e-02 0.000000e+00 -9.393646e-06)	(-9.452811e-02 0.000000e+00 1.134453e-05)
9.450000e+03	lowerWall	(-9.674184e-02 0.000000e+00 -9.384247e-06)	(-9.451251e-02 0.000000e+00 1.133364e-05)
9.460000e+03	lowerWall	(-9.672435e-02 0.000000e+00 -9.374729e-06)	(-9.449693e-02 0.000000e+00 1.132275e-05)
9.470000e+03	lowerWall	(-9.670690e-02 0.000000e+00 -9.365123e-06)	(-9.448139e-02 0.000000e+00 1.131187e-05)
9.480000e+03	lowerWall	(-9.668949e-02 0.000000e+00 -9.355400e-06)	(-9.446589e-02 0.000000e+00 1.130099e-05)
9.490000e+03	lowerWall	(-9.667211e-02 0.000000e+00 -9.345576e-06)	(-9.445041e-02 0.000000e+00 1.129012e-05)
9.500000e+03	lowerWall	(-9.665476e-02 0.000000e+00 -9.335688e-06)	(-9.443497e-02 0.000000e+00 1.127925e-05)
9.510000e+03	lowerWall	(-9.663746e-02 0.000000e+00 -9.325742e-06)	(-9.441957e-02 0.000000e+00 1.126839e-05)
9.520000e+03	lowerWall	(-9.662018e-02 0.000000e+00 -9.315728e-06)	(-9.440420e-02 0.000000e+00 1.125753e-05)
9.530000e+03	lowerWall	(-9.660295e-02 0.000000e+00 -9.305667e-06)	(-9.438886e-02 0.000000e+00 1.124667e-05)
9.540000e+03	lowerWall	(-9.658575e-02 0.000000e+00 -9.295557e-06)	(-9.437355e-02 0.000000e+00 1.123582e-05)
9.550000e+03	lowerWall	(-9.656858e-02 0.000000e+00 -9.285412e-06)	(-9.435828e-02 0.000000e+00 1.122498e-05)
9.560000e+03	lowerWall	(-9.655145e-02 0.000000e+00 -9.275236e-06)	(-9.434304e-02 0.000000e+00 1.121414e-05)
9.570000e+03	lowerWall	(-9.653436e-02 0.000000e+00 -9.265038e-06)	(-9.432783e-02 0.000000e+00 1.120330e-05)
9.580000e+03	lowerWall	(-9.651729e-02 0.000000e+00 -9.254837e-06)	(-9.431265e-02 0.000000e+00 1.119247e-05)
9.590000e+03	lowerWall	(-9.650027e-02 0.000000e+00 -9.244668e-06)	(-9.429751e-02 0.000000e+00 1.118165e-05)
9.600000e+03	lowerWall	(-9.648328e-02 0.000000e+00 -9.234522e-06)	(-9.428240e-02 0.000000e+00 1.117083e-05)
9.610000e+03	lowerWall	(-9.646632e-02 0.000000e+00 -9.224398e-06)	(-9.426732e-02 0.000000e+00 1.116001e-05)
9.620000e+03	lowerWall	(-9.644940e-02 0.000000e+00 -9.214350e-06)	(-9.425228e-02 0.000000e+00 1.114920e-05)
9.630000e+03	lowerWall	(-9.643251e-02 0.000000e+00 -9.204383e-06)	(-9.423726e-02 0.000000e+00 1.113840e-05)
9.640000e+03	lowerWall	(-9.641566e-02 0.000000e+00 -9.194528e-06)	(-9.422228e-02 0.000000e+00 1.112760e-05)
9.650000e+03	lowerWall	(-9.639884e-02 0.000000e+00 -9.184847e-06)	(-9.420734e-02 0.000000e+00 1.111681e-05)
9.660000e+03	lowerWall	(-9.638205e-02 0.000000e+00 -9.175354e-06)	(-9.419242e-02 0.000000e+00 1.110602e-05)
9.670000e+03	lowerWall	(-9.636530e-02 0.000000e+00 -9.165988e-06)	(-9.417754e-02 0.000000e+00 1.109524e-05)
9.680000e+03	lowerWall	(-9.634858e-02 0.000000e+00 -9.156702e-06)	(-9.416268e-02 0.000000e+00 1.108446e-05)
9.690000e+03	lowerWall	(-9.633189e-02 0.000000e+00 -9.147469e-06)	(-9.414786e-02 0.000000e+00 1.107369e-05)
9.700000e+03	lowerWall	(-9.631524e-02 0.000000e+00 -9.138275e-06)	(-9.413307e-02 0.000000e+00 1.106292e-05)
9.710000e+03	lowerWall	(-9.629863e-02 0.000000e+00 -9.129115e-06)	(-9.411832e-02 0.000000e+00 1.105216e-05)
9.720000e+03	lowerWall	(-9.628204e-02 0.000000e+00 -9.119983e-06)	(-9.410359e-02 0.000000e+00 1.104141e-05)
9.730000e+03	lowerWall	(-9.626549e-02 0.000000e+00 -9.110875e-06)	(-9.408890e-02 0.000000e+00 1.103066e-05)
9.740000e+03	lowerWall	(-9.624897e-02 0.000000e+00 -9.101792e-06)	(-9.407423e-02 0.000000e+00 1.101992e-05)
9.750000e+03	lowerWall	(-9.623249e-02 0.000000e+00 -9.092736e-06)	(-9.405960e-02 0.000000e+00 1.100919e-05)
9.760000e+03	lowerWall	(-9.621604e-02 0.000000e+00 -9.083700e-06)	(-9.404500e-02 0.000000e+00 1.099846e-05)
9.770000e+03	lowerWall	(-9.619962e-02 0.000000e+00 -9.074682e-06)	(-9.403043e-02 0.000000e+00 1.098774e-05)
9.780000e+03	lowerWall	(-9.618324e-02 0.000000e+00 -9.065683e-06)	(-9.401590e-02 0.000000e+00 1.097703e-05)
9.790000e+03	lowerWall	(-9.616689e-02 0.000000e+00 -9.056700e-06)	(-9.400139e-02 0.000000e+00 1.096632e-05)
9.800000e+03	lowerWall	(-9.615057e-02 0.000000e+00 -9.047733e-06)	(-9.398691e-02 0.000000e+00 1.095562e-05)
9.810000e+03	lowerWall	(-9.613428e-02 0.000000e+00 -9.038783e-06)	(-9.397247e-02 0.000000e+00 1.094492e-05)
9.820000e+03	lowerWall	(-9.611803e-02 0.000000e+00 -9.029849e-06)	(-9.395805e-02 0.000000e+00 1.093424e-05)
9.830000e+03	lowerWall	(-9.610181e-02 0.000000e+00 -9.020932e-06)	(-9.394367e-02 0.000000e+00 1.092356e-05)
9.840000e+03	lowerWall	(-9.608562e-02 0.000000e+00 -9.012031e-06)	(-9.392932e-02 0.000000e+00 1.091291e-05)
9.850000e+03	lowerWall	(-9.606947e-02 0.000000e+00 -9.003149e-06)	(-9.391499e-02 0.000000e+00 1.090275e-05)
9.860000e+03	lowerWall	(-9.605337e-02 0.000000e+00 -8.994284e-06)	(-9.390070e-02 0.000000e+00 1.089261e-05)
9.870000e+03	lowerWall	(-9.603730e-02 0.000000e+00 -8.985436e-06)	(-9.388644e-02 0.000000e+00 1.088246e-05)
9.880000e+03	lowerWall	(-9.602126e-02 0.000000e+00 -8.976605e-06)	(-9.387221e-02 0.000000e+00 1.087233e-05)
9.890000e+03	lowerWall	(-9.600526e-02 0.000000e+00 -8.967793e-06)	(-9.385800e-02 0.000000e+00 1.086219e-05)
9.900000e+03	lowerWall	(-9.598928e-02 0.000000e+00 -8.959001e-06)	(-9.384383e-02 0.000000e+00 1.085207e-05)
9.910000e+03	lowerWall	(-9.597334e-02 0.000000e+00 -8.950230e-06)	(-9.382968e-02 0.000000e+00 1.084198e-05)
9.920000e+03	lowerWall	(-9.595743e-02 0.000000e+00 -8.941482e-06)	(-9.381556e-02 0.000000e+00 1.083190e-05)
9.930000e+03	lowerWall	(-9.594155e-02 0.000000e+00 -8.932755e-06)	(-9.380146e-02 0.000000e+00 1.082184e-05)
9.940000e+03	lowerWall	(-9.592570e-02 0.000000e+00 -8.924047e-06)	(-9.378739e-02 0.000000e+00 1.081180e-05)
9.950000e+03	lowerWall	(-9.590989e-02 0.000000e+00 -8.915357e-06)	(-9.377334e-02 0.000000e+00 1.080177e-05)
9.960000e+03	lowerWall	(-9.589410e-02 0.000000e+00 -8.906685e-06)	(-9.375932e-02 0.000000e+00 1.079175e-05)
9.970000e+03	lowerWall	(-9.587835e-02 0.000000e+00 -8.898028e-06)	(-9.374533e-02 0.000000e+00 1.078174e-05)
9.980000e+03	lowerWall	(-9.586263e-02 0.000000e+00 -8.889387e-06)	(-9.373137e-02 0.000000e+00 1.077173e-05)
9.990000e+03	lowerWall	(-9.584694e-02 0.000000e+00 -8.880761e-06)	(-9.371743e-02 0.000000e+00 1.076174e-05)
1.000000e+04	lowerWall	(-9.583128e-02 0.000000e+00 -8.872149e-06)	(-9.370352e-02 0.000000e+00 1.075175e-05)
1.001000e+04	lowerWall	(-9.581565e-02 0.000000e+00 -8.863551e-06)	(-9.368964e-02 0.000000e+00 1.074176e-05)
1.002000e+04	lowerWall	(-9.580005e-02 0.000000e+00 -8.854967e-06)	(-9.367579e-02 0.000000e+00 1.073179e-05)
1.003000e+04	lowerWall	(-9.578449e-02 0.000000e+00 -8.846396e-06)	(-9.366197e-02 0.000000e+00 1.072181e-05)
1.004000e+04	lowerWall	(-9.576895e-02 0.000000e+00 -8.837838e-06)	(-9.364818e-02 0.000000e+00 1.071185e-05)
1.005000e+04	lowerWall	(-9.575345e-02 0.000000e+00 -8.829293e-06)	(-9.363441e-02 0.000000e+00 1.070189e-05)
1.006000e+04	lowerWall	(-9.573797e-02 0.000000e+00 -8.820760e-06)	(-9.362068e-02 0.000000e+00 1.069194e-05)
1.007000e+04	lowerWall	(-9.572253e-02 0.000000e+00 -8.812240e-06)	(-9.360697e-02 0.000000e+00 1.068200e-05)
1.008000e+04	lowerWall	(-9.570712e-02 0.000000e+00 -8.803732e-06)	(-9.359329e-02 0.000000e+00 1.067206e-05)
1.009000e+04	lowerWall	(-9.569174e-02 0.000000e+00 -8.795236e-06)	(-9.357964e-02 0.000000e+00 1.066213e-05)
1.010000e+04	lowerWall	(-9.567639e-02 0.000000e+00 -8.786751e-06)	(-9.356601e-02 0.000000e+00 1.065220e-05)
1.011000e+04	lowerWall	(-9.566106e-02 0.000000e+00 -8.778279e-06)	(-9.355242e-02 0.000000e+00 1.064228e-05)
1.012000e+04	lowerWall	(-9.564577e-02 0.000000e+00 -8.769817e-06)	(-9.353885e-02 0.000000e+00 1.063237e-05)
1.013000e+04	lowerWall	(-9.563051e-02 0.000000e+00 -8.761366e-06)	(-9.352531e-02 0.000000e+00 1.062246e-05)
1.014000e+04	lowerWall	(-9.561528e-02 0.000000e+00 -8.752927e-06)	(-9.351179e-02 0.000000e+00 1.061259e-05)
1.015000e+04	lowerWall	(-9.560008e-02 0.000000e+00 -8.744497e-06)	(-9.349829e-02 0.000000e+00 1.060276e-05)
1.016000e+04	lowerWall	(-9.558491e-02 0.000000e+00 -8.736078e-06)	(-9.348481e-02 0.000000e+00 1.059297e-05)
1.017000e+04	lowerWall	(-9.556863e-02 0.000000e+00 -8.728489e-06)	(-9.346939e-02 0.000000e+00 1.057999e-05)
1.018000e+04	lowerWall	(-9.555180e-02 0.000000e+00 -8.714450e-06)	(-9.345428e-02 0.000000e+00 1.056409e-05)
1.019000e+04	lowerWall	(-9.553536e-02 0.000000e+00 -8.700395e-06)	(-9.343992e-02 0.000000e+00 1.054884e-05)
1.020000e+04	lowerWall	(-9.551919e-02 0.000000e+00 -8.687401e-06)	(-9.342585e-02 0.000000e+00 1.053473e-05)
1.021000e+04	lowerWall	(-9.550321e-02 0.000000e+00 -8.675330e-06)	(-9.341194e-02 0.000000e+00 1.052151e-05)
1.022000e+04	lowerWall	(-9.548738e-02 0.000000e+00 -8.663945e-06)	(-9.339814e-02 0.000000e+00 1.050894e-05)
1.023000e+04	lowerWall	(-9.547167e-02 0.000000e+00 -8.653058e-06)	(-9.338441e-02 0.000000e+00 1.049685e-05)
1.024000e+04	lowerWall	(-9.545606e-02 0.000000e+00 -8.642540e-06)	(-9.337074e-02 0.000000e+00 1.048516e-05)
1.025000e+04	lowerWall	(-9.544052e-02 0.000000e+00 -8.632302e-06)	(-9.335712e-02 0.000000e+00 1.047379e-05)
1.026000e+04	lowerWall	(-9.542507e-02 0.000000e+00 -8.622284e-06)	(-9.334355e-02 0.000000e+00 1.046265e-05)
1.027000e+04	lowerWall	(-9.540967e-02 0.000000e+00 -8.612443e-06)	(-9.333003e-02 0.000000e+00 1.045169e-05)
1.028000e+04	lowerWall	(-9.539434e-02 0.000000e+00 -8.602748e-06)	(-9.331658e-02 0.000000e+00 1.044082e-05)
1.029000e+04	lowerWall	(-9.537906e-02 0.000000e+00 -8.593176e-06)	(-9.330318e-02 0.000000e+00 1.043005e-05)
1.030000e+04	lowerWall	(-9.536383e-02 0.000000e+00 -8.583706e-06)	(-9.328983e-02 0.000000e+00 1.041939e-05)
1.031000e+04	lowerWall	(-9.534866e-02 0.000000e+00 -8.574325e-06)	(-9.327652e-02 0.000000e+00 1.040884e-05)
1.032000e+04	lowerWall	(-9.533353e-02 0.000000e+00 -8.565022e-06)	(-9.326324e-02 0.000000e+00 1.039837e-05)
1.033000e+04	lowerWall	(-9.531844e-02 0.000000e+00 -8.555788e-06)	(-9.325000e-02 0.000000e+00 1.038799e-05)
1.034000e+04	lowerWall	(-9.530340e-02 0.000000e+00 -8.546614e-06)	(-9.323679e-02 0.000000e+00 1.037770e-05)
1.035000e+04	lowerWall	(-9.528840e-02 0.000000e+00 -8.537496e-06)	(-9.322361e-02 0.000000e+00 1.036749e-05)
1.036000e+04	lowerWall	(-9.527344e-02 0.000000e+00 -8.528427e-06)	(-9.321046e-02 0.000000e+00 1.035736e-05)
1.037000e+04	lowerWall	(-9.525852e-02 0.000000e+00 -8.519403e-06)	(-9.319734e-02 0.000000e+00 1.034728e-05)
1.038000e+04	lowerWall	(-9.524364e-02 0.000000e+00 -8.510422e-06)	(-9.318426e-02 0.000000e+00 1.033727e-05)
1.039000e+04	lowerWall	(-9.522880e-02 0.000000e+00 -8.501479e-06)	(-9.317120e-02 0.000000e+00 1.032730e-05)
1.040000e+04	lowerWall	(-9.521399e-02 0.000000e+00 -8.492582e-06)	(-9.315816e-02 0.000000e+00 1.031738e-05)
1.041000e+04	lowerWall	(-9.519922e-02 0.000000e+00 -8.483746e-06)	(-9.314516e-02 0.000000e+00 1.030750e-05)
1.042000e+04	lowerWall	(-9.518449e-02 0.000000e+00 -8.474973e-06)	(-9.313218e-02 0.000000e+00 1.029766e-05)
1.043000e+04	lowerWall	(-9.516979e-02 0.000000e+00 -8.466250e-06)	(-9.311924e-02 0.000000e+00 1.028786e-05)
1.044000e+04	lowerWall	(-9.515513e-02 0.000000e+00 -8.457564e-06)	(-9.310633e-02 0.000000e+00 1.027809e-05)
1.045000e+04	lowerWall	(-9.514050e-02 0.000000e+00 -8.448907e-06)	(-9.309345e-02 0.000000e+00 1.026835e-05)
1.046000e+04	lowerWall	(-9.512590e-02 0.000000e+00 -8.440274e-06)	(-9.308061e-02 0.000000e+00 1.025860e-05)
1.047000e+04	lowerWall	(-9.511134e-02 0.000000e+00 -8.431661e-06)	(-9.306780e-02 0.000000e+00 1.024883e-05)
1.048000e+04	lowerWall	(-9.509681e-02 0.000000e+00 -8.423067e-06)	(-9.305503e-02 0.000000e+00 1.023905e-05)
1.049000e+04	lowerWall	(-9.508231e-02 0.000000e+00 -8.414491e-06)	(-9.304228e-02 0.000000e+00 1.022929e-05)
1.050000e+04	lowerWall	(-9.506785e-02 0.000000e+00 -8.405931e-06)	(-9.302957e-02 0.000000e+00 1.021955e-05)
1.051000e+04	lowerWall	(-9.505342e-02 0.000000e+00 -8.397388e-06)	(-9.301690e-02 0.000000e+00 1.020984e-05)
1.052000e+04	lowerWall	(-9.503902e-02 0.000000e+00 -8.388861e-06)	(-9.300425e-02 0.000000e+00 1.020014e-05)
1.053000e+04	lowerWall	(-9.502465e-02 0.000000e+00 -8.380350e-06)	(-9.299163e-02 0.000000e+00 1.019048e-05)
1.054000e+04	lowerWall	(-9.501032e-02 0.000000e+00 -8.371855e-06)	(-9.297904e-02 0.000000e+00 1.018082e-05)
1.055000e+04	lowerWall	(-9.499601e-02 0.000000e+00 -8.363375e-06)	(-9.296648e-02 0.000000e+00 1.017117e-05)
1.056000e+04	lowerWall	(-9.498174e-02 0.000000e+00 -8.354911e-06)	(-9.295396e-02 0.000000e+00 1.016149e-05)
1.057000e+04	lowerWall	(-9.496749e-02 0.000000e+00 -8.346460e-06)	(-9.294146e-02 0.000000e+00 1.015182e-05)
1.058000e+04	lowerWall	(-9.495328e-02 0.000000e+00 -8.338025e-06)	(-9.292899e-02 0.000000e+00 1.014215e-05)
1.059000e+04	lowerWall	(-9.493910e-02 0.000000e+00 -8.329604e-06)	(-9.291655e-02 0.000000e+00 1.013249e-05)
1.060000e+04	lowerWall	(-9.492495e-02 0.000000e+00 -8.321198e-06)	(-9.290414e-02 0.000000e+00 1.012285e-05)
1.061000e+04	lowerWall	(-9.491083e-02 0.000000e+00 -8.312805e-06)	(-9.289176e-02 0.000000e+00 1.011322e-05)
1.062000e+04	lowerWall	(-9.489674e-02 0.000000e+00 -8.304427e-06)	(-9.287941e-02 0.000000e+00 1.010360e-05)
1.063000e+04	lowerWall	(-9.488267e-02 0.000000e+00 -8.296062e-06)	(-9.286708e-02 0.000000e+00 1.009400e-05)
1.064000e+04	lowerWall	(-9.486864e-02 0.000000e+00 -8.287711e-06)	(-9.285479e-02 0.000000e+00 1.008440e-05)
1.065000e+04	lowerWall	(-9.485464e-02 0.000000e+00 -8.279372e-06)	(-9.284252e-02 0.000000e+00 1.007478e-05)
1.066000e+04	lowerWall	(-9.484066e-02 0.000000e+00 -8.271048e-06)	(-9.283028e-02 0.000000e+00 1.006515e-05)
1.067000e+04	lowerWall	(-9.482672e-02 0.000000e+00 -8.262736e-06)	(-9.281807e-02 0.000000e+00 1.005552e-05)
1.068000e+04	lowerWall	(-9.481280e-02 0.000000e+00 -8.254437e-06)	(-9.280589e-02 0.000000e+00 1.004590e-05)
1.069000e+04	lowerWall	(-9.479891e-02 0.000000e+00 -8.246150e-06)	(-9.279374e-02 0.000000e+00 1.003628e-05)
1.070000e+04	lowerWall	(-9.478505e-02 0.000000e+00 -8.237861e-06)	(-9.278161e-02 0.000000e+00 1.002668e-05)
1.071000e+04	lowerWall	(-9.477122e-02 0.000000e+00 -8.229564e-06)	(-9.276951e-02 0.000000e+00 1.001708e-05)
1.072000e+04	lowerWall	(-9.475742e-02 0.000000e+00 -8.221241e-06)	(-9.275744e-02 0.000000e+00 1.000750e-05)
1.073000e+04	lowerWall	(-9.474364e-02 0.000000e+00 -8.212851e-06)	(-9.274539e-02 0.000000e+00 9.997931e-06)
1.074000e+04	lowerWall	(-9.472990e-02 0.000000e+00 -8.204430e-06)	(-9.273337e-02 0.000000e+00 9.988344e-06)
1.075000e+04	lowerWall	(-9.471618e-02 0.000000e+00 -8.196009e-06)	(-9.272138e-02 0.000000e+00 9.978743e-06)
1.076000e+04	lowerWall	(-9.470249e-02 0.000000e+00 -8.187602e-06)	(-9.270941e-02 0.000000e+00 9.969139e-06)
1.077000e+04	lowerWall	(-9.468883e-02 0.000000e+00 -8.179215e-06)	(-9.269747e-02 0.000000e+00 9.959538e-06)
1.078000e+04	lowerWall	(-9.467519e-02 0.000000e+00 -8.170849e-06)	(-9.268556e-02 0.000000e+00 9.949940e-06)
1.079000e+04	lowerWall	(-9.466159e-02 0.000000e+00 -8.162505e-06)	(-9.267367e-02 0.000000e+00 9.940349e-06)
1.080000e+04	lowerWall	(-9.464801e-02 0.000000e+00 -8.154180e-06)	(-9.266181e-02 0.000000e+00 9.930766e-06)
1.081000e+04	lowerWall	(-9.463445e-02 0.000000e+00 -8.145875e-06)	(-9.264997e-02 0.000000e+00 9.921190e-06)
1.082000e+04	lowerWall	(-9.462093e-02 0.000000e+00 -8.137588e-06)	(-9.263816e-02 0.000000e+00 9.911618e-06)
1.083000e+04	lowerWall	(-9.460743e-02 0.000000e+00 -8.129319e-06)	(-9.262638e-02 0.000000e+00 9.902038e-06)
1.084000e+04	lowerWall	(-9.459395e-02 0.000000e+00 -8.121065e-06)	(-9.261462e-02 0.000000e+00 9.892449e-06)
1.085000e+04	lowerWall	(-9.458051e-02 0.000000e+00 -8.112827e-06)	(-9.260289e-02 0.000000e+00 9.882858e-06)
1.086000e+04	lowerWall	(-9.456709e-02 0.000000e+00 -8.104604e-06)	(-9.259118e-02 0.000000e+00 9.873268e-06)
1.087000e+04	lowerWall	(-9.455369e-02 0.000000e+00 -8.096395e-06)	(-9.257949e-02 0.000000e+00 9.863681e-06)
1.088000e+04	lowerWall	(-9.454033e-02 0.000000e+00 -8.088198e-06)	(-9.256784e-02 0.000000e+00 9.854099e-06)
1.089000e+04	lowerWall	(-9.452698e-02 0.000000e+00 -8.080015e-06)	(-9.255620e-02 0.000000e+00 9.844522e-06)
1.090000e+04	lowerWall	(-9.451367e-02 0.000000e+00 -8.071846e-06)	(-9.254460e-02 0.000000e+00 9.834949e-06)
1.091000e+04	lowerWall	(-9.450038e-02 0.000000e+00 -8.063694e-06)	(-9.253301e-02 0.000000e+00 9.825377e-06)
1.092000e+04	lowerWall	(-9.448711e-02 0.000000e+00 -8.055558e-06)	(-9.252145e-02 0.000000e+00 9.815799e-06)
1.093000e+04	lowerWall	(-9.447388e-02 0.000000e+00 -8.047447e-06)	(-9.250992e-02 0.000000e+00 9.806218e-06)
1.094000e+04	lowerWall	(-9.446066e-02 0.000000e+00 -8.039359e-06)	(-9.249841e-02 0.000000e+00 9.796637e-06)
1.095000e+04	lowerWall	(-9.444748e-02 0.000000e+00 -8.031289e-06)	(-9.248692e-02 0.000000e+00 9.787057e-06)
1.096000e+04	lowerWall	(-9.443431e-02 0.000000e+00 -8.023230e-06)	(-9.247546e-02 0.000000e+00 9.777476e-06)
1.097000e+04	lowerWall	(-9.442118e-02 0.000000e+00 -8.015181e-06)	(-9.246402e-02 0.000000e+00 9.767897e-06)
1.098000e+04	lowerWall	(-9.440807e-02 0.000000e+00 -8.007143e-06)	(-9.245261e-02 0.000000e+00 9.758320e-06)
1.099000e+04	lowerWall	(-9.439499e-02 0.000000e+00 -7.999114e-06)	(-9.244122e-02 0.000000e+00 9.748741e-06)
1.100000e+04	lowerWall	(-9.438193e-02 0.000000e+00 -7.991095e-06)	(-9.242985e-02 0.000000e+00 9.739161e-06)
1.101000e+04	lowerWall	(-9.436891e-02 0.000000e+00 -7.983083e-06)	(-9.241850e-02 0.000000e+00 9.729583e-06)
1.102000e+04	lowerWall	(-9.435590e-02 0.000000e+00 -7.975082e-06)	(-9.240718e-02 0.000000e+00 9.720008e-06)
1.103000e+04	lowerWall	(-9.434293e-02 0.000000e+00 -7.967090e-06)	(-9.239589e-02 0.000000e+00 9.710438e-06)
1.104000e+04	lowerWall	(-9.432998e-02 0.000000e+00 -7.959106e-06)	(-9.238461e-02 0.000000e+00 9.700874e-06)
1.105000e+04	lowerWall	(-9.431705e-02 0.000000e+00 -7.951128e-06)	(-9.237336e-02 0.000000e+00 9.691314e-06)
1.106000e+04	lowerWall	(-9.430415e-02 0.000000e+00 -7.943153e-06)	(-9.236213e-02 0.000000e+00 9.681757e-06)
1.107000e+04	lowerWall	(-9.429128e-02 0.000000e+00 -7.935178e-06)	(-9.235093e-02 0.000000e+00 9.672206e-06)
1.108000e+04	lowerWall	(-9.427843e-02 0.000000e+00 -7.927196e-06)	(-9.233975e-02 0.000000e+00 9.662661e-06)
1.109000e+04	lowerWall	(-9.426560e-02 0.000000e+00 -7.919206e-06)	(-9.232859e-02 0.000000e+00 9.653126e-06)
1.110000e+04	lowerWall	(-9.425280e-02 0.000000e+00 -7.911217e-06)	(-9.231745e-02 0.000000e+00 9.643596e-06)
1.111000e+04	lowerWall	(-9.424003e-02 0.000000e+00 -7.903231e-06)	(-9.230634e-02 0.000000e+00 9.634073e-06)
1.112000e+04	lowerWall	(-9.422728e-02 0.000000e+00 -7.895246e-06)	(-9.229524e-02 0.000000e+00 9.624562e-06)
1.113000e+04	lowerWall	(-9.421456e-02 0.000000e+00 -7.887265e-06)	(-9.228417e-02 0.000000e+00 9.615064e-06)
1.114000e+04	lowerWall	(-9.420186e-02 0.000000e+00 -7.879290e-06)	(-9.227312e-02 0.000000e+00 9.605579e-06)
1.115000e+04	lowerWall	(-9.418918e-02 0.000000e+00 -7.871322e-06)	(-9.226209e-02 0.000000e+00 9.596107e-06)
1.116000e+04	lowerWall	(-9.417653e-02 0.000000e+00 -7.863360e-06)	(-9.225109e-02 0.000000e+00 9.586647e-06)
1.117000e+04	lowerWall	(-9.416391e-02 0.000000e+00 -7.855407e-06)	(-9.224010e-02 0.000000e+00 9.577198e-06)
1.118000e+04	lowerWall	(-9.415130e-02 0.000000e+00 -7.847462e-06)	(-9.222914e-02 0.000000e+00 9.567836e-06)
1.119000e+04	lowerWall	(-9.413872e-02 0.000000e+00 -7.839524e-06)	(-9.221819e-02 0.000000e+00 9.558818e-06)
1.120000e+04	lowerWall	(-9.412617e-02 0.000000e+00 -7.831608e-06)	(-9.220727e-02 0.000000e+00 9.549808e-06)
1.121000e+04	lowerWall	(-9.411364e-02 0.000000e+00 -7.823765e-06)	(-9.219637e-02 0.000000e+00 9.540805e-06)
1.122000e+04	lowerWall	(-9.410114e-02 0.000000e+00 -7.815932e-06)	(-9.218549e-02 0.000000e+00 9.531809e-06)
1.123000e+04	lowerWall	(-9.408865e-02 0.000000e+00 -7.808109e-06)	(-9.217464e-02 0.000000e+00 9.522819e-06)
1.124000e+04	lowerWall	(-9.407620e-02 0.000000e+00 -7.800296e-06)	(-9.216380e-02 0.000000e+00 9.513836e-06)
1.125000e+04	lowerWall	(-9.406376e-02 0.000000e+00 -7.792493e-06)	(-9.215299e-02 0.000000e+00 9.504858e-06)
1.126000e+04	lowerWall	(-9.405135e-02 0.000000e+00 -7.784697e-06)	(-9.214220e-02 0.000000e+00 9.495885e-06)
1.127000e+04	lowerWall	(-9.403896e-02 0.000000e+00 -7.776908e-06)	(-9.213143e-02 0.000000e+00 9.486919e-06)
1.128000e+04	lowerWall	(-9.402660e-02 0.000000e+00 -7.769126e-06)	(-9.212068e-02 0.000000e+00 9.477957e-06)
1.129000e+04	lowerWall	(-9.401426e-02 0.000000e+00 -7.761351e-06)	(-9.210995e-02 0.000000e+00 9.469001e-06)
1.130000e+04	lowerWall	(-9.400194e-02 0.000000e+00 -7.753583e-06)	(-9.209925e-02 0.000000e+00 9.460050e-06)
1.131000e+04	lowerWall	(-9.398965e-02 0.000000e+00 -7.745822e-06)	(-9.208856e-02 0.000000e+00 9.451105e-06)
1.132000e+04	lowerWall	(-9.397738e-02 0.000000e+00 -7.738068e-06)	(-9.207790e-02 0.000000e+00 9.442164e-06)
1.133000e+04	lowerWall	(-9.396513e-02 0.000000e+00 -7.730321e-06)	(-9.206726e-02 0.000000e+00 9.433227e-06)
1.134000e+04	lowerWall	(-9.395290e-02 0.000000e+00 -7.722582e-06)	(-9.205664e-02 0.000000e+00 9.424296e-06)
1.135000e+04	lowerWall	(-9.394070e-02 0.000000e+00 -7.714850e-06)	(-9.204604e-02 0.000000e+00 9.415369e-06)
1.136000e+04	lowerWall	(-9.392852e-02 0.000000e+00 -7.707127e-06)	(-9.203546e-02 0.000000e+00 9.406448e-06)
1.137000e+04	lowerWall	(-9.391637e-02 0.000000e+00 -7.699411e-06)	(-9.202490e-02 0.000000e+00 9.397532e-06)
1.138000e+04	lowerWall	(-9.390423e-02 0.000000e+00 -7.691704e-06)	(-9.201437e-02 0.000000e+00 9.388620e-06)
1.139000e+04	lowerWall	(-9.389212e-02 0.000000e+00 -7.684004e-06)	(-9.200385e-02 0.000000e+00 9.379713e-06)
1.140000e+04	lowerWall	(-9.388004e-02 0.000000e+00 -7.676313e-06)	(-9.199335e-02 0.000000e+00 9.370811e-06)
1.141000e+04	lowerWall	(-9.386797e-02 0.000000e+00 -7.668631e-06)	(-9.198288e-02 0.000000e+00 9.361913e-06)
1.142000e+04	lowerWall	(-9.385593e-02 0.000000e+00 -7.660956e-06)	(-9.197243e-02 0.000000e+00 9.353021e-06)
1.143000e+04	lowerWall	(-9.384391e-02 0.000000e+00 -7.653287e-06)	(-9.196199e-02 0.000000e+00 9.344134e-06)
1.144000e+04	lowerWall	(-9.383191e-02 0.000000e+00 -7.645626e-06)	(-9.195158e-02 0.000000e+00 9.335252e-06)
1.145000e+04	lowerWall	(-9.381993e-02 0.000000e+00 -7.637970e-06)	(-9.194119e-02 0.000000e+00 9.326375e-06)
1.146000e+04	lowerWall	(-9.380800e-02 0.000000e+00 -7.630323e-06)	(-9.193082e-02 0.000000e+00 9.317503e-06)
1.147000e+04	lowerWall	(-9.379609e-02 0.000000e+00 -7.622682e-06)	(-9.192047e-02 0.000000e+00 9.308636e-06)
1.148000e+04	lowerWall	(-9.378420e-02 0.000000e+00 -7.615049e-06)	(-9.191014e-02 0.000000e+00 9.299774e-06)
1.149000e+04	lowerWall	(-9.377233e-02 0.000000e+00 -7.607424e-06)	(-9.189983e-02 0.000000e+00 9.290917e-06)
1.150000e+04	lowerWall	(-9.376049e-02 0.000000e+00 -7.599808e-06)	(-9.188954e-02 0.000000e+00 9.282065e-06)
1.151000e+04	lowerWall	(-9.374867e-02 0.000000e+00 -7.592199e-06)	(-9.187927e-02 0.000000e+00 9.273219e-06)
1.152000e+04	lowerWall	(-9.373687e-02 0.000000e+00 -7.584600e-06)	(-9.186902e-02 0.000000e+00 9.264377e-06)
1.153000e+04	lowerWall	(-9.372509e-02 0.000000e+00 -7.577011e-06)	(-9.185879e-02 0.000000e+00 9.255541e-06)
1.154000e+04	lowerWall	(-9.371333e-02 0.000000e+00 -7.569433e-06)	(-9.184858e-02 0.000000e+00 9.246709e-06)
1.155000e+04	lowerWall	(-9.370160e-02 0.000000e+00 -7.561866e-06)	(-9.183839e-02 0.000000e+00 9.237882e-06)
1.156000e+04	lowerWall	(-9.368988e-02 0.000000e+00 -7.554308e-06)	(-9.182822e-02 0.000000e+00 9.229061e-06)
1.157000e+04	lowerWall	(-9.367819e-02 0.000000e+00 -7.546761e-06)	(-9.181807e-02 0.000000e+00 9.220245e-06)
1.158000e+04	lowerWall	(-9.366652e-02 0.000000e+00 -7.539227e-06)	(-9.180794e-02 0.000000e+00 9.211434e-06)
1.159000e+04	lowerWall	(-9.365487e-02 0.000000e+00 -7.531710e-06)	(-9.179783e-02 0.000000e+00 9.202628e-06)
1.160000e+04	lowerWall	(-9.364324e-02 0.000000e+00 -7.524210e-06)	(-9.178774e-02 0.000000e+00 9.193827e-06)
1.161000e+04	lowerWall	(-9.363163e-02 0.000000e+00 -7.516723e-06)	(-9.177767e-02 0.000000e+00 9.185032e-06)
1.162000e+04	lowerWall	(-9.362005e-02 0.000000e+00 -7.509247e-06)	(-9.176762e-02 0.000000e+00 9.176242e-06)
1.163000e+04	lowerWall	(-9.360848e-02 0.000000e+00 -7.501767e-06)	(-9.175759e-02 0.000000e+00 9.167457e-06)
1.164000e+04	lowerWall	(-9.359694e-02 0.000000e+00 -7.494244e-06)	(-9.174757e-02 0.000000e+00 9.158677e-06)
1.165000e+04	lowerWall	(-9.358542e-02 0.000000e+00 -7.486617e-06)	(-9.173758e-02 0.000000e+00 9.149903e-06)
1.166000e+04	lowerWall	(-9.357391e-02 0.000000e+00 -7.478886e-06)	(-9.172761e-02 0.000000e+00 9.141133e-06)
1.167000e+04	lowerWall	(-9.356243e-02 0.000000e+00 -7.471076e-06)	(-9.171766e-02 0.000000e+00 9.132369e-06)
1.168000e+04	lowerWall	(-9.355097e-02 0.000000e+00 -7.463205e-06)	(-9.170772e-02 0.000000e+00 9.123609e-06)
1.169000e+04	lowerWall	(-9.353953e-02 0.000000e+00 -7.455299e-06)	(-9.169781e-02 0.000000e+00 9.114854e-06)
1.170000e+04	lowerWall	(-9.352811e-02 0.000000e+00 -7.447394e-06)	(-9.168791e-02 0.000000e+00 9.106104e-06)
1.171000e+04	lowerWall	(-9.351671e-02 0.000000e+00 -7.439536e-06)	(-9.167804e-02 0.000000e+00 9.097359e-06)
1.172000e+04	lowerWall	(-9.350533e-02 0.000000e+00 -7.431772e-06)	(-9.166818e-02 0.000000e+00 9.088619e-06)
1.173000e+04	lowerWall	(-9.349397e-02 0.000000e+00 -7.424155e-06)	(-9.165834e-02 0.000000e+00 9.079883e-06)
1.174000e+04	lowerWall	(-9.348263e-02 0.000000e+00 -7.416651e-06)	(-9.164852e-02 0.000000e+00 9.071152e-06)
1.175000e+04	lowerWall	(-9.347131e-02 0.000000e+00 -7.409220e-06)	(-9.163872e-02 0.000000e+00 9.062427e-06)
1.176000e+04	lowerWall	(-9.346001e-02 0.000000e+00 -7.401839e-06)	(-9.162894e-02 0.000000e+00 9.053706e-06)
1.177000e+04	lowerWall	(-9.344874e-02 0.000000e+00 -7.394492e-06)	(-9.161918e-02 0.000000e+00 9.044992e-06)
1.178000e+04	lowerWall	(-9.343748e-02 0.000000e+00 -7.387163e-06)	(-9.160944e-02 0.000000e+00 9.036283e-06)
1.179000e+04	lowerWall	(-9.342624e-02 0.000000e+00 -7.379840e-06)	(-9.159971e-02 0.000000e+00 9.027580e-06)
1.180000e+04	lowerWall	(-9.341502e-02 0.000000e+00 -7.372525e-06)	(-9.159001e-02 0.000000e+00 9.018882e-06)
1.181000e+04	lowerWall	(-9.340382e-02 0.000000e+00 -7.365220e-06)	(-9.158032e-02 0.000000e+00 9.010190e-06)
1.182000e+04	lowerWall	(-9.339264e-02 0.000000e+00 -7.357924e-06)	(-9.157065e-02 0.000000e+00 9.001504e-06)
1.183000e+04	lowerWall	(-9.338148e-02 0.000000e+00 -7.350640e-06)	(-9.156101e-02 0.000000e+00 8.992823e-06)
1.184000e+04	lowerWall	(-9.337035e-02 0.000000e+00 -7.343364e-06)	(-9.155138e-02 0.000000e+00 8.984149e-06)
1.185000e+04	lowerWall	(-9.335923e-02 0.000000e+00 -7.336094e-06)	(-9.154176e-02 0.000000e+00 8.975480e-06)
1.186000e+04	lowerWall	(-9.334813e-02 0.000000e+00 -7.328824e-06)	(-9.153217e-02 0.000000e+00 8.966817e-06)
1.187000e+04	lowerWall	(-9.333705e-02 0.000000e+00 -7.321557e-06)	(-9.152260e-02 0.000000e+00 8.958160e-06)
1.188000e+04	lowerWall	(-9.332599e-02 0.000000e+00 -7.314297e-06)	(-9.151304e-02 0.000000e+00 8.949508e-06)
1.189000e+04	lowerWall	(-9.331495e-02 0.000000e+00 -7.307045e-06)	(-9.150350e-02 0.000000e+00 8.940862e-06)
1.190000e+04	lowerWall	(-9.330393e-02 0.000000e+00 -7.299803e-06)	(-9.149398e-02 0.000000e+00 8.932222e-06)
1.191000e+04	lowerWall	(-9.329293e-02 0.000000e+00 -7.292570e-06)	(-9.148448e-02 0.000000e+00 8.923587e-06)
1.192000e+04	lowerWall	(-9.328195e-02 0.000000e+00 -7.285345e-06)	(-9.147500e-02 0.000000e+00 8.914959e-06)
1.193000e+04	lowerWall	(-9.327099e-02 0.000000e+00 -7.278123e-06)	(-9.146553e-02 0.000000e+00 8.906336e-06)
1.194000e+04	lowerWall	(-9.326005e-02 0.000000e+00 -7.270905e-06)	(-9.145609e-02 0.000000e+00 8.897720e-06)
1.195000e+04	lowerWall	(-9.324912e-02 0.000000e+00 -7.263694e-06)	(-9.144666e-02 0.000000e+00 8.889109e-06)
1.196000e+04	lowerWall	(-9.323822e-02 0.000000e+00 -7.256490e-06)	(-9.143725e-02 0.000000e+00 8.880503e-06)
1.197000e+04	lowerWall	(-9.322734e-02 0.000000e+00 -7.249292e-06)	(-9.142785e-02 0.000000e+00 8.871904e-06)
1.198000e+04	lowerWall	(-9.321647e-02 0.000000e+00 -7.242104e-06)	(-9.141848e-02 0.000000e+00 8.863311e-06)
1.199000e+04	lowerWall	(-9.320563e-02 0.000000e+00 -7.234924e-06)	(-9.140912e-02 0.000000e+00 8.854723e-06)
1.200000e+04	lowerWall	(-9.319480e-02 0.000000e+00 -7.227752e-06)	(-9.139979e-02 0.000000e+00 8.846141e-06)
1.201000e+04	lowerWall	(-9.318400e-02 0.000000e+00 -7.220589e-06)	(-9.139046e-02 0.000000e+00 8.837565e-06)
1.202000e+04	lowerWall	(-9.317321e-02 0.000000e+00 -7.213434e-06)	(-9.138116e-02 0.000000e+00 8.828995e-06)
1.203000e+04	lowerWall	(-9.316244e-02 0.000000e+00 -7.206288e-06)	(-9.137188e-02 0.000000e+00 8.820431e-06)
1.204000e+04	lowerWall	(-9.315169e-02 0.000000e+00 -7.199153e-06)	(-9.136261e-02 0.000000e+00 8.811873e-06)
1.205000e+04	lowerWall	(-9.314096e-02 0.000000e+00 -7.192028e-06)	(-9.135336e-02 0.000000e+00 8.803320e-06)
1.206000e+04	lowerWall	(-9.313025e-02 0.000000e+00 -7.184916e-06)	(-9.134413e-02 0.000000e+00 8.794774e-06)
1.207000e+04	lowerWall	(-9.311956e-02 0.000000e+00 -7.177817e-06)	(-9.133491e-02 0.000000e+00 8.786233e-06)
1.208000e+04	lowerWall	(-9.310888e-02 0.000000e+00 -7.170731e-06)	(-9.132572e-02 0.000000e+00 8.777699e-06)
1.209000e+04	lowerWall	(-9.309823e-02 0.000000e+00 -7.163656e-06)	(-9.131654e-02 0.000000e+00 8.769170e-06)
1.210000e+04	lowerWall	(-9.308759e-02 0.000000e+00 -7.156592e-06)	(-9.130737e-02 0.000000e+00 8.760647e-06)
1.211000e+04	lowerWall	(-9.307697e-02 0.000000e+00 -7.149538e-06)	(-9.129823e-02 0.000000e+00 8.752131e-06)
1.212000e+04	lowerWall	(-9.306637e-02 0.000000e+00 -7.142496e-06)	(-9.128910e-02 0.000000e+00 8.743620e-06)
1.213000e+04	lowerWall	(-9.305579e-02 0.000000e+00 -7.135463e-06)	(-9.127999e-02 0.000000e+00 8.735116e-06)
1.214000e+04	lowerWall	(-9.304523e-02 0.000000e+00 -7.128439e-06)	(-9.127090e-02 0.000000e+00 8.726617e-06)
1.215000e+04	lowerWall	(-9.303469e-02 0.000000e+00 -7.121426e-06)	(-9.126183e-02 0.000000e+00 8.718124e-06)
1.216000e+04	lowerWall	(-9.302416e-02 0.000000e+00 -7.114421e-06)	(-9.125277e-02 0.000000e+00 8.709637e-06)
1.217000e+04	lowerWall	(-9.301366e-02 0.000000e+00 -7.107424e-06)	(-9.124373e-02 0.000000e+00 8.701157e-06)
1.218000e+04	lowerWall	(-9.300317e-02 0.000000e+00 -7.100437e-06)	(-9.123470e-02 0.000000e+00 8.692682e-06)
1.219000e+04	lowerWall	(-9.299270e-02 0.000000e+00 -7.093459e-06)	(-9.122570e-02 0.000000e+00 8.684214e-06)
1.220000e+04	lowerWall	(-9.298225e-02 0.000000e+00 -7.086490e-06)	(-9.121671e-02 0.000000e+00 8.675751e-06)
1.221000e+04	lowerWall	(-9.297182e-02 0.000000e+00 -7.079529e-06)	(-9.120773e-02 0.000000e+00 8.667295e-06)
1.222000e+04	lowerWall	(-9.296140e-02 0.000000e+00 -7.072577e-06)	(-9.119878e-02 0.000000e+00 8.658844e-06)
1.223000e+04	lowerWall	(-9.295101e-02 0.000000e+00 -7.065634e-06)	(-9.118984e-02 0.000000e+00 8.650399e-06)
1.224000e+04	lowerWall	(-9.294063e-02 0.000000e+00 -7.058698e-06)	(-9.118092e-02 0.000000e+00 8.641960e-06)
1.225000e+04	lowerWall	(-9.293027e-02 0.000000e+00 -7.051770e-06)	(-9.117201e-02 0.000000e+00 8.633527e-06)
1.226000e+04	lowerWall	(-9.291993e-02 0.000000e+00 -7.044850e-06)	(-9.116313e-02 0.000000e+00 8.625100e-06)
1.227000e+04	lowerWall	(-9.290960e-02 0.000000e+00 -7.037939e-06)	(-9.115425e-02 0.000000e+00 8.616679e-06)
1.228000e+04	lowerWall	(-9.289930e-02 0.000000e+00 -7.031035e-06)	(-9.114540e-02 0.000000e+00 8.608264e-06)
1.229000e+04	lowerWall	(-9.288901e-02 0.000000e+00 -7.024139e-06)	(-9.113656e-02 0.000000e+00 8.599855e-06)
1.230000e+04	lowerWall	(-9.287874e-02 0.000000e+00 -7.017251e-06)	(-9.112774e-02 0.000000e+00 8.591452e-06)
1.231000e+04	lowerWall	(-9.286848e-02 0.000000e+00 -7.010370e-06)	(-9.111894e-02 0.000000e+00 8.583056e-06)
1.232000e+04	lowerWall	(-9.285825e-02 0.000000e+00 -7.003498e-06)	(-9.111015e-02 0.000000e+00 8.574664e-06)
1.233000e+04	lowerWall	(-9.284803e-02 0.000000e+00 -6.996634e-06)	(-9.110138e-02 0.000000e+00 8.566279e-06)
1.234000e+04	lowerWall	(-9.283783e-02 0.000000e+00 -6.989776e-06)	(-9.109262e-02 0.000000e+00 8.557899e-06)
1.235000e+04	lowerWall	(-9.282765e-02 0.000000e+00 -6.982925e-06)	(-9.108388e-02 0.000000e+00 8.549526e-06)
1.236000e+04	lowerWall	(-9.281749e-02 0.000000e+00 -6.976082e-06)	(-9.107516e-02 0.000000e+00 8.541159e-06)
1.237000e+04	lowerWall	(-9.280734e-02 0.000000e+00 -6.969246e-06)	(-9.106645e-02 0.000000e+00 8.532797e-06)
1.238000e+04	lowerWall	(-9.279722e-02 0.000000e+00 -6.962417e-06)	(-9.105777e-02 0.000000e+00 8.524636e-06)
1.239000e+04	lowerWall	(-9.278710e-02 0.000000e+00 -6.955595e-06)	(-9.104909e-02 0.000000e+00 8.516652e-06)
1.240000e+04	lowerWall	(-9.277701e-02 0.000000e+00 -6.948782e-06)	(-9.104044e-02 0.000000e+00 8.508673e-06)
1.241000e+04	lowerWall	(-9.276693e-02 0.000000e+00 -6.941978e-06)	(-9.103179e-02 0.000000e+00 8.500698e-06)
1.242000e+04	lowerWall	(-9.275688e-02 0.000000e+00 -6.935179e-06)	(-9.102317e-02 0.000000e+00 8.492729e-06)
1.243000e+04	lowerWall	(-9.274683e-02 0.000000e+00 -6.928392e-06)	(-9.101456e-02 0.000000e+00 8.484764e-06)
1.244000e+04	lowerWall	(-9.273681e-02 0.000000e+00 -6.921626e-06)	(-9.100597e-02 0.000000e+00 8.476804e-06)
1.245000e+04	lowerWall	(-9.272680e-02 0.000000e+00 -6.914881e-06)	(-9.099739e-02 0.000000e+00 8.468849e-06)
1.246000e+04	lowerWall	(-9.271681e-02 0.000000e+00 -6.908154e-06)	(-9.098883e-02 0.000000e+00 8.460899e-06)
1.247000e+04	lowerWall	(-9.270684e-02 0.000000e+00 -6.901439e-06)	(-9.098029e-02 0.000000e+00 8.452954e-06)
1.248000e+04	lowerWall	(-9.269688e-02 0.000000e+00 -6.894739e-06)	(-9.097176e-02 0.000000e+00 8.445013e-06)
1.249000e+04	lowerWall	(-9.268695e-02 0.000000e+00 -6.888048e-06)	(-9.096325e-02 0.000000e+00 8.437077e-06)
1.250000e+04	lowerWall	(-9.267702e-02 0.000000e+00 -6.881366e-06)	(-9.095475e-02 0.000000e+00 8.429146e-06)
1.251000e+04	lowerWall	(-9.266712e-02 0.000000e+00 -6.874691e-06)	(-9.094627e-02 0.000000e+00 8.421221e-06)
1.252000e+04	lowerWall	(-9.265723e-02 0.000000e+00 -6.868025e-06)	(-9.093781e-02 0.000000e+00 8.413300e-06)
1.253000e+04	lowerWall	(-9.264736e-02 0.000000e+00 -6.861365e-06)	(-9.092936e-02 0.000000e+00 8.405385e-06)
1.254000e+04	lowerWall	(-9.263751e-02 0.000000e+00 -6.854714e-06)	(-9.092092e-02 0.000000e+00 8.397475e-06)
1.255000e+04	lowerWall	(-9.262767e-02 0.000000e+00 -6.848069e-06)	(-9.091251e-02 0.000000e+00 8.389569e-06)
1.256000e+04	lowerWall	(-9.261785e-02 0.000000e+00 -6.841433e-06)	(-9.090410e-02 0.000000e+00 8.381668e-06)
1.257000e+04	lowerWall	(-9.260805e-02 0.000000e+00 -6.834804e-06)	(-9.089572e-02 0.000000e+00 8.373773e-06)
1.258000e+04	lowerWall	(-9.259826e-02 0.000000e+00 -6.828181e-06)	(-9.088735e-02 0.000000e+00 8.365882e-06)
1.259000e+04	lowerWall	(-9.258849e-02 0.000000e+00 -6.821566e-06)	(-9.087899e-02 0.000000e+00 8.357997e-06)
1.260000e+04	lowerWall	(-9.257874e-02 0.000000e+00 -6.814957e-06)	(-9.087065e-02 0.000000e+00 8.350117e-06)
1.261000e+04	lowerWall	(-9.256900e-02 0.000000e+00 -6.808355e-06)	(-9.086233e-02 0.000000e+00 8.342242e-06)
1.262000e+04	lowerWall	(-9.255928e-02 0.000000e+00 -6.801760e-06)	(-9.085402e-02 0.000000e+00 8.334373e-06)
1.263000e+04	lowerWall	(-9.254958e-02 0.000000e+00 -6.795171e-06)	(-9.084572e-02 0.000000e+00 8.326517e-06)
1.264000e+04	lowerWall	(-9.253989e-02 0.000000e+00 -6.788589e-06)	(-9.083744e-02 0.000000e+00 8.318680e-06)
1.265000e+04	lowerWall	(-9.253022e-02 0.000000e+00 -6.782014e-06)	(-9.082916e-02 0.000000e+00 8.310857e-06)
1.266000e+04	lowerWall	(-9.252057e-02 0.000000e+00 -6.775445e-06)	(-9.082090e-02 0.000000e+00 8.303047e-06)
1.267000e+04	lowerWall	(-9.251093e-02 0.000000e+00 -6.768883e-06)	(-9.081265e-02 0.000000e+00 8.295245e-06)
1.268000e+04	lowerWall	(-9.250131e-02 0.000000e+00 -6.762327e-06)	(-9.080441e-02 0.000000e+00 8.287452e-06)
1.269000e+04	lowerWall	(-9.249170e-02 0.000000e+00 -6.755778e-06)	(-9.079619e-02 0.000000e+00 8.279666e-06)
1.270000e+04	lowerWall	(-9.248212e-02 0.000000e+00 -6.749235e-06)	(-9.078798e-02 0.000000e+00 8.271886e-06)
1.271000e+04	lowerWall	(-9.247254e-02 0.000000e+00 -6.742699e-06)	(-9.077979e-02 0.000000e+00 8.264113e-06)
1.272000e+04	lowerWall	(-9.246299e-02 0.000000e+00 -6.736170e-06)	(-9.077161e-02 0.000000e+00 8.256344e-06)
1.273000e+04	lowerWall	(-9.245345e-02 0.000000e+00 -6.729647e-06)	(-9.076344e-02 0.000000e+00 8.248582e-06)
1.274000e+04	lowerWall	(-9.244392e-02 0.000000e+00 -6.723131e-06)	(-9.075529e-02 0.000000e+00 8.240825e-06)
1.275000e+04	lowerWall	(-9.243442e-02 0.000000e+00 -6.716620e-06)	(-9.074716e-02 0.000000e+00 8.233073e-06)
1.276000e+04	lowerWall	(-9.242493e-02 0.000000e+00 -6.710117e-06)	(-9.073903e-02 0.000000e+00 8.225327e-06)
1.277000e+04	lowerWall	(-9.241545e-02 0.000000e+00 -6.703619e-06)	(-9.073093e-02 0.000000e+00 8.217586e-06)
1.278000e+04	lowerWall	(-9.240599e-02 0.000000e+00 -6.697128e-06)	(-9.072283e-02 0.000000e+00 8.209850e-06)
1.279000e+04	lowerWall	(-9.239655e-02 0.000000e+00 -6.690644e-06)	(-9.071476e-02 0.000000e+00 8.202119e-06)
1.280000e+04	lowerWall	(-9.238712e-02 0.000000e+00 -6.684165e-06)	(-9.070669e-02 0.000000e+00 8.194393e-06)
1.281000e+04	lowerWall	(-9.237771e-02 0.000000e+00 -6.677693e-06)	(-9.069864e-02 0.000000e+00 8.186672e-06)
1.282000e+04	lowerWall	(-9.236831e-02 0.000000e+00 -6.671228e-06)	(-9.069061e-02 0.000000e+00 8.178960e-06)
1.283000e+04	lowerWall	(-9.235893e-02 0.000000e+00 -6.664768e-06)	(-9.068258e-02 0.000000e+00 8.171269e-06)
1.284000e+04	lowerWall	(-9.234957e-02 0.000000e+00 -6.658313e-06)	(-9.067456e-02 0.000000e+00 8.163611e-06)
1.285000e+04	lowerWall	(-9.234022e-02 0.000000e+00 -6.651865e-06)	(-9.066655e-02 0.000000e+00 8.155978e-06)
1.286000e+04	lowerWall	(-9.233089e-02 0.000000e+00 -6.645423e-06)	(-9.065855e-02 0.000000e+00 8.148360e-06)
1.287000e+04	lowerWall	(-9.232157e-02 0.000000e+00 -6.638987e-06)	(-9.065056e-02 0.000000e+00 8.140749e-06)
1.288000e+04	lowerWall	(-9.231227e-02 0.000000e+00 -6.632558e-06)	(-9.064258e-02 0.000000e+00 8.133143e-06)
1.289000e+04	lowerWall	(-9.230299e-02 0.000000e+00 -6.626134e-06)	(-9.063462e-02 0.000000e+00 8.125540e-06)
1.290000e+04	lowerWall	(-9.229372e-02 0.000000e+00 -6.619717e-06)	(-9.062668e-02 0.000000e+00 8.117938e-06)
1.291000e+04	lowerWall	(-9.228446e-02 0.000000e+00 -6.613307e-06)	(-9.061874e-02 0.000000e+00 8.110345e-06)
1.292000e+04	lowerWall	(-9.227522e-02 0.000000e+00 -6.606902e-06)	(-9.061083e-02 0.000000e+00 8.102782e-06)
1.293000e+04	lowerWall	(-9.226600e-02 0.000000e+00 -6.600503e-06)	(-9.060293e-02 0.000000e+00 8.095255e-06)
1.294000e+04	lowerWall	(-9.225679e-02 0.000000e+00 -6.594110e-06)	(-9.059505e-02 0.000000e+00 8.087758e-06)
1.295000e+04	lowerWall	(-9.224760e-02 0.000000e+00 -6.587723e-06)	(-9.058719e-02 0.000000e+00 8.080273e-06)
1.296000e+04	lowerWall	(-9.223842e-02 0.000000e+00 -6.581344e-06)	(-9.057937e-02 0.000000e+00 8.072759e-06)
1.297000e+04	lowerWall	(-9.222926e-02 0.000000e+00 -6.574970e-06)	(-9.057158e-02 0.000000e+00 8.065246e-06)
1.298000e+04	lowerWall	(-9.222011e-02 0.000000e+00 -6.568603e-06)	(-9.056380e-02 0.000000e+00 8.057754e-06)
1.299000e+04	lowerWall	(-9.221098e-02 0.000000e+00 -6.562241e-06)	(-9.055605e-02 0.000000e+00 8.050283e-06)
1.300000e+04	lowerWall	(-9.220188e-02 0.000000e+00 -6.555884e-06)	(-9.054831e-02 0.000000e+00 8.042834e-06)
1.301000e+04	lowerWall	(-9.219279e-02 0.000000e+00 -6.549533e-06)	(-9.054059e-02 0.000000e+00 8.035411e-06)
1.302000e+04	lowerWall	(-9.218373e-02 0.000000e+00 -6.543188e-06)	(-9.053288e-02 0.000000e+00 8.028021e-06)
1.303000e+04	lowerWall	(-9.217468e-02 0.000000e+00 -6.536848e-06)	(-9.052518e-02 0.000000e+00 8.020660e-06)
1.304000e+04	lowerWall	(-9.216564e-02 0.000000e+00 -6.530514e-06)	(-9.051750e-02 0.000000e+00 8.013324e-06)
1.305000e+04	lowerWall	(-9.215662e-02 0.000000e+00 -6.524185e-06)	(-9.050982e-02 0.000000e+00 8.006014e-06)
1.306000e+04	lowerWall	(-9.214761e-02 0.000000e+00 -6.517862e-06)	(-9.050216e-02 0.000000e+00 7.998725e-06)
1.307000e+04	lowerWall	(-9.213862e-02 0.000000e+00 -6.511545e-06)	(-9.049452e-02 0.000000e+00 7.991460e-06)
1.308000e+04	lowerWall	(-9.212965e-02 0.000000e+00 -6.505233e-06)	(-9.048688e-02 0.000000e+00 7.984220e-06)
1.309000e+04	lowerWall	(-9.212068e-02 0.000000e+00 -6.498926e-06)	(-9.047925e-02 0.000000e+00 7.977003e-06)
1.310000e+04	lowerWall	(-9.211174e-02 0.000000e+00 -6.492625e-06)	(-9.047164e-02 0.000000e+00 7.969807e-06)
1.311000e+04	lowerWall	(-9.210280e-02 0.000000e+00 -6.486330e-06)	(-9.046403e-02 0.000000e+00 7.962628e-06)
1.312000e+04	lowerWall	(-9.209389e-02 0.000000e+00 -6.480040e-06)	(-9.045645e-02 0.000000e+00 7.955463e-06)
1.313000e+04	lowerWall	(-9.208498e-02 0.000000e+00 -6.473755e-06)	(-9.044887e-02 0.000000e+00 7.948305e-06)
1.314000e+04	lowerWall	(-9.207610e-02 0.000000e+00 -6.467477e-06)	(-9.044131e-02 0.000000e+00 7.941138e-06)
1.315000e+04	lowerWall	(-9.206722e-02 0.000000e+00 -6.461204e-06)	(-9.043377e-02 0.000000e+00 7.933959e-06)
1.316000e+04	lowerWall	(-9.205837e-02 0.000000e+00 -6.454937e-06)	(-9.042625e-02 0.000000e+00 7.926779e-06)
1.317000e+04	lowerWall	(-9.204952e-02 0.000000e+00 -6.448676e-06)	(-9.041874e-02 0.000000e+00 7.919602e-06)
1.318000e+04	lowerWall	(-9.204069e-02 0.000000e+00 -6.442420e-06)	(-9.041125e-02 0.000000e+00 7.912432e-06)
1.319000e+04	lowerWall	(-9.203188e-02 0.000000e+00 -6.436169e-06)	(-9.040377e-02 0.000000e+00 7.905271e-06)
1.320000e+04	lowerWall	(-9.202308e-02 0.000000e+00 -6.429924e-06)	(-9.039631e-02 0.000000e+00 7.898120e-06)
1.321000e+04	lowerWall	(-9.201429e-02 0.000000e+00 -6.423684e-06)	(-9.038886e-02 0.000000e+00 7.890971e-06)
1.322000e+04	lowerWall	(-9.200552e-02 0.000000e+00 -6.417449e-06)	(-9.038143e-02 0.000000e+00 7.883806e-06)
1.323000e+04	lowerWall	(-9.199676e-02 0.000000e+00 -6.411220e-06)	(-9.037401e-02 0.000000e+00 7.876631e-06)
1.324000e+04	lowerWall	(-9.198802e-02 0.000000e+00 -6.404995e-06)	(-9.036660e-02 0.000000e+00 7.869455e-06)
1.325000e+04	lowerWall	(-9.197929e-02 0.000000e+00 -6.398776e-06)	(-9.035921e-02 0.000000e+00 7.862283e-06)
1.326000e+04	lowerWall	(-9.197058e-02 0.000000e+00 -6.392563e-06)	(-9.035183e-02 0.000000e+00 7.855117e-06)
1.327000e+04	lowerWall	(-9.196188e-02 0.000000e+00 -6.386354e-06)	(-9.034447e-02 0.000000e+00 7.847957e-06)
1.328000e+04	lowerWall	(-9.195319e-02 0.000000e+00 -6.380150e-06)	(-9.033712e-02 0.000000e+00 7.840803e-06)
1.329000e+04	lowerWall	(-9.194452e-02 0.000000e+00 -6.373951e-06)	(-9.032978e-02 0.000000e+00 7.833650e-06)
1.330000e+04	lowerWall	(-9.193586e-02 0.000000e+00 -6.367756e-06)	(-9.032246e-02 0.000000e+00 7.826479e-06)
1.331000e+04	lowerWall	(-9.192721e-02 0.000000e+00 -6.361565e-06)	(-9.031515e-02 0.000000e+00 7.819289e-06)
1.332000e+04	lowerWall	(-9.191858e-02 0.000000e+00 -6.355378e-06)	(-9.030785e-02 0.000000e+00 7.812091e-06)
1.333000e+04	lowerWall	(-9.190997e-02 0.000000e+00 -6.349194e-06)	(-9.030057e-02 0.000000e+00 7.804891e-06)
1.334000e+04	lowerWall	(-9.190137e-02 0.000000e+00 -6.343021e-06)	(-9.029331e-02 0.000000e+00 7.797693e-06)
1.335000e+04	lowerWall	(-9.189278e-02 0.000000e+00 -6.336873e-06)	(-9.028605e-02 0.000000e+00 7.790497e-06)
1.336000e+04	lowerWall	(-9.188420e-02 0.000000e+00 -6.330759e-06)	(-9.027881e-02 0.000000e+00 7.783306e-06)
1.337000e+04	lowerWall	(-9.187564e-02 0.000000e+00 -6.324670e-06)	(-9.027159e-02 0.000000e+00 7.776120e-06)
1.338000e+04	lowerWall	(-9.186710e-02 0.000000e+00 -6.318595e-06)	(-9.026438e-02 0.000000e+00 7.768929e-06)
1.339000e+04	lowerWall	(-9.185856e-02 0.000000e+00 -6.312527e-06)	(-9.025718e-02 0.000000e+00 7.761718e-06)
1.340000e+04	lowerWall	(-9.185005e-02 0.000000e+00 -6.306461e-06)	(-9.024999e-02 0.000000e+00 7.754495e-06)
1.341000e+04	lowerWall	(-9.184154e-02 0.000000e+00 -6.300396e-06)	(-9.024282e-02 0.000000e+00 7.747269e-06)
1.342000e+04	lowerWall	(-9.183305e-02 0.000000e+00 -6.294330e-06)	(-9.023566e-02 0.000000e+00 7.740042e-06)
1.343000e+04	lowerWall	(-9.182458e-02 0.000000e+00 -6.288264e-06)	(-9.022851e-02 0.000000e+00 7.732818e-06)
1.344000e+04	lowerWall	(-9.181612e-02 0.000000e+00 -6.282197e-06)	(-9.022138e-02 0.000000e+00 7.725597e-06)
1.345000e+04	lowerWall	(-9.180767e-02 0.000000e+00 -6.276131e-06)	(-9.021426e-02 0.000000e+00 7.718381e-06)
1.346000e+04	lowerWall	(-9.179924e-02 0.000000e+00 -6.270066e-06)	(-9.020715e-02 0.000000e+00 7.711167e-06)
1.347000e+04	lowerWall	(-9.179082e-02 0.000000e+00 -6.264001e-06)	(-9.020006e-02 0.000000e+00 7.703941e-06)
1.348000e+04	lowerWall	(-9.178242e-02 0.000000e+00 -6.257937e-06)	(-9.019298e-02 0.000000e+00 7.696701e-06)
1.349000e+04	lowerWall	(-9.177403e-02 0.000000e+00 -6.251874e-06)	(-9.018591e-02 0.000000e+00 7.689455e-06)
1.350000e+04	lowerWall	(-9.176565e-02 0.000000e+00 -6.245812e-06)	(-9.017886e-02 0.000000e+00 7.682207e-06)
1.351000e+04	lowerWall	(-9.175729e-02 0.000000e+00 -6.239752e-06)	(-9.017182e-02 0.000000e+00 7.674961e-06)
1.352000e+04	lowerWall	(-9.174894e-02 0.000000e+00 -6.233693e-06)	(-9.016479e-02 0.000000e+00 7.667718e-06)
1.353000e+04	lowerWall	(-9.174061e-02 0.000000e+00 -6.227636e-06)	(-9.015777e-02 0.000000e+00 7.660478e-06)
1.354000e+04	lowerWall	(-9.173229e-02 0.000000e+00 -6.221579e-06)	(-9.015077e-02 0.000000e+00 7.653240e-06)
1.355000e+04	lowerWall	(-9.172398e-02 0.000000e+00 -6.215522e-06)	(-9.014378e-02 0.000000e+00 7.645993e-06)
1.356000e+04	lowerWall	(-9.171569e-02 0.000000e+00 -6.209467e-06)	(-9.013680e-02 0.000000e+00 7.638736e-06)
1.357000e+04	lowerWall	(-9.170741e-02 0.000000e+00 -6.203416e-06)	(-9.012984e-02 0.000000e+00 7.631476e-06)
1.358000e+04	lowerWall	(-9.169915e-02 0.000000e+00 -6.197370e-06)	(-9.012288e-02 0.000000e+00 7.624215e-06)
1.359000e+04	lowerWall	(-9.169089e-02 0.000000e+00 -6.191325e-06)	(-9.011594e-02 0.000000e+00 7.616956e-06)
1.360000e+04	lowerWall	(-9.168266e-02 0.000000e+00 -6.185280e-06)	(-9.010901e-02 0.000000e+00 7.609699e-06)
1.361000e+04	lowerWall	(-9.167443e-02 0.000000e+00 -6.179236e-06)	(-9.010210e-02 0.000000e+00 7.602443e-06)
1.362000e+04	lowerWall	(-9.166622e-02 0.000000e+00 -6.173195e-06)	(-9.009520e-02 0.000000e+00 7.595187e-06)
1.363000e+04	lowerWall	(-9.165802e-02 0.000000e+00 -6.167157e-06)	(-9.008830e-02 0.000000e+00 7.587923e-06)
1.364000e+04	lowerWall	(-9.164984e-02 0.000000e+00 -6.161122e-06)	(-9.008143e-02 0.000000e+00 7.580658e-06)
1.365000e+04	lowerWall	(-9.164167e-02 0.000000e+00 -6.155091e-06)	(-9.007456e-02 0.000000e+00 7.573392e-06)
1.366000e+04	lowerWall	(-9.163352e-02 0.000000e+00 -6.149053e-06)	(-9.006771e-02 0.000000e+00 7.566127e-06)
1.367000e+04	lowerWall	(-9.162537e-02 0.000000e+00 -6.142997e-06)	(-9.006086e-02 0.000000e+00 7.559028e-06)
1.368000e+04	lowerWall	(-9.161724e-02 0.000000e+00 -6.136919e-06)	(-9.005403e-02 0.000000e+00 7.552031e-06)
1.369000e+04	lowerWall	(-9.160913e-02 0.000000e+00 -6.130780e-06)	(-9.004722e-02 0.000000e+00 7.545038e-06)
1.370000e+04	lowerWall	(-9.160103e-02 0.000000e+00 -6.124609e-06)	(-9.004041e-02 0.000000e+00 7.538045e-06)
1.371000e+04	lowerWall	(-9.159294e-02 0.000000e+00 -6.118431e-06)	(-9.003362e-02 0.000000e+00 7.531053e-06)
1.372000e+04	lowerWall	(-9.158486e-02 0.000000e+00 -6.112258e-06)	(-9.002683e-02 0.000000e+00 7.524062e-06)
1.373000e+04	lowerWall	(-9.157680e-02 0.000000e+00 -6.106095e-06)	(-9.002006e-02 0.000000e+00 7.517074e-06)
1.374000e+04	lowerWall	(-9.156875e-02 0.000000e+00 -6.099944e-06)	(-9.001330e-02 0.000000e+00 7.510089e-06)
1.375000e+04	lowerWall	(-9.156072e-02 0.000000e+00 -6.093804e-06)	(-9.000656e-02 0.000000e+00 7.503106e-06)
1.376000e+04	lowerWall	(-9.155270e-02 0.000000e+00 -6.087677e-06)	(-8.999982e-02 0.000000e+00 7.496126e-06)
1.377000e+04	lowerWall	(-9.154469e-02 0.000000e+00 -6.081560e-06)	(-8.999310e-02 0.000000e+00 7.489148e-06)
1.378000e+04	lowerWall	(-9.153669e-02 0.000000e+00 -6.075454e-06)	(-8.998639e-02 0.000000e+00 7.482174e-06)
1.379000e+04	lowerWall	(-9.152871e-02 0.000000e+00 -6.069360e-06)	(-8.997969e-02 0.000000e+00 7.475204e-06)
1.380000e+04	lowerWall	(-9.152074e-02 0.000000e+00 -6.063273e-06)	(-8.997300e-02 0.000000e+00 7.468238e-06)
1.381000e+04	lowerWall	(-9.151278e-02 0.000000e+00 -6.057194e-06)	(-8.996632e-02 0.000000e+00 7.461277e-06)
1.382000e+04	lowerWall	(-9.150484e-02 0.000000e+00 -6.051122e-06)	(-8.995966e-02 0.000000e+00 7.454323e-06)
1.383000e+04	lowerWall	(-9.149690e-02 0.000000e+00 -6.045056e-06)	(-8.995300e-02 0.000000e+00 7.447377e-06)
1.384000e+04	lowerWall	(-9.148898e-02 0.000000e+00 -6.038998e-06)	(-8.994636e-02 0.000000e+00 7.440441e-06)
1.385000e+04	lowerWall	(-9.148108e-02 0.000000e+00 -6.032945e-06)	(-8.993973e-02 0.000000e+00 7.433515e-06)
1.386000e+04	lowerWall	(-9.147318e-02 0.000000e+00 -6.026899e-06)	(-8.993310e-02 0.000000e+00 7.426599e-06)
1.387000e+04	lowerWall	(-9.146530e-02 0.000000e+00 -6.020861e-06)	(-8.992649e-02 0.000000e+00 7.419689e-06)
1.388000e+04	lowerWall	(-9.145743e-02 0.000000e+00 -6.014829e-06)	(-8.991989e-02 0.000000e+00 7.412785e-06)
1.389000e+04	lowerWall	(-9.144958e-02 0.000000e+00 -6.008802e-06)	(-8.991330e-02 0.000000e+00 7.405888e-06)
1.390000e+04	lowerWall	(-9.144174e-02 0.000000e+00 -6.002780e-06)	(-8.990673e-02 0.000000e+00 7.398996e-06)
1.391000e+04	lowerWall	(-9.143391e-02 0.000000e+00 -5.996767e-06)	(-8.990016e-02 0.000000e+00 7.392109e-06)
1.392000e+04	lowerWall	(-9.142609e-02 0.000000e+00 -5.990764e-06)	(-8.989360e-02 0.000000e+00 7.385227e-06)
1.393000e+04	lowerWall	(-9.141828e-02 0.000000e+00 -5.984778e-06)	(-8.988706e-02 0.000000e+00 7.378348e-06)
1.394000e+04	lowerWall	(-9.141049e-02 0.000000e+00 -5.978807e-06)	(-8.988053e-02 0.000000e+00 7.371472e-06)
1.395000e+04	lowerWall	(-9.140271e-02 0.000000e+00 -5.972851e-06)	(-8.987401e-02 0.000000e+00 7.364600e-06)
1.396000e+04	lowerWall	(-9.139494e-02 0.000000e+00 -5.966904e-06)	(-8.986750e-02 0.000000e+00 7.357732e-06)
1.397000e+04	lowerWall	(-9.138718e-02 0.000000e+00 -5.960966e-06)	(-8.986100e-02 0.000000e+00 7.350866e-06)
1.398000e+04	lowerWall	(-9.137944e-02 0.000000e+00 -5.955035e-06)	(-8.985451e-02 0.000000e+00 7.344005e-06)
1.399000e+04	lowerWall	(-9.137171e-02 0.000000e+00 -5.949110e-06)	(-8.984803e-02 0.000000e+00 7.337146e-06)
1.400000e+04	lowerWall	(-9.136399e-02 0.000000e+00 -5.943192e-06)	(-8.984157e-02 0.000000e+00 7.330291e-06)
1.401000e+04	lowerWall	(-9.135629e-02 0.000000e+00 -5.937278e-06)	(-8.983511e-02 0.000000e+00 7.323439e-06)
1.402000e+04	lowerWall	(-9.134859e-02 0.000000e+00 -5.931370e-06)	(-8.982867e-02 0.000000e+00 7.316589e-06)
1.403000e+04	lowerWall	(-9.134091e-02 0.000000e+00 -5.925467e-06)	(-8.982224e-02 0.000000e+00 7.309743e-06)
1.404000e+04	lowerWall	(-9.133324e-02 0.000000e+00 -5.919570e-06)	(-8.981582e-02 0.000000e+00 7.302899e-06)
1.405000e+04	lowerWall	(-9.132558e-02 0.000000e+00 -5.913677e-06)	(-8.980941e-02 0.000000e+00 7.296058e-06)
1.406000e+04	lowerWall	(-9.131794e-02 0.000000e+00 -5.907789e-06)	(-8.980301e-02 0.000000e+00 7.289220e-06)
1.407000e+04	lowerWall	(-9.131031e-02 0.000000e+00 -5.901906e-06)	(-8.979662e-02 0.000000e+00 7.282386e-06)
1.408000e+04	lowerWall	(-9.130269e-02 0.000000e+00 -5.896028e-06)	(-8.979025e-02 0.000000e+00 7.275554e-06)
1.409000e+04	lowerWall	(-9.129508e-02 0.000000e+00 -5.890151e-06)	(-8.978388e-02 0.000000e+00 7.268726e-06)
1.410000e+04	lowerWall	(-9.128748e-02 0.000000e+00 -5.884275e-06)	(-8.977753e-02 0.000000e+00 7.261901e-06)
1.411000e+04	lowerWall	(-9.127990e-02 0.000000e+00 -5.878395e-06)	(-8.977119e-02 0.000000e+00 7.255080e-06)
1.412000e+04	lowerWall	(-9.127233e-02 0.000000e+00 -5.872509e-06)	(-8.976485e-02 0.000000e+00 7.248262e-06)
1.413000e+04	lowerWall	(-9.126477e-02 0.000000e+00 -5.866621e-06)	(-8.975853e-02 0.000000e+00 7.241447e-06)
1.414000e+04	lowerWall	(-9.125722e-02 0.000000e+00 -5.860734e-06)	(-8.975222e-02 0.000000e+00 7.234635e-06)
1.415000e+04	lowerWall	(-9.124968e-02 0.000000e+00 -5.854850e-06)	(-8.974592e-02 0.000000e+00 7.227825e-06)
1.416000e+04	lowerWall	(-9.124216e-02 0.000000e+00 -5.848970e-06)	(-8.973963e-02 0.000000e+00 7.221019e-06)
1.417000e+04	lowerWall	(-9.123465e-02 0.000000e+00 -5.843094e-06)	(-8.973336e-02 0.000000e+00 7.214216e-06)
1.418000e+04	lowerWall	(-9.122715e-02 0.000000e+00 -5.837224e-06)	(-8.972709e-02 0.000000e+00 7.207416e-06)
1.419000e+04	lowerWall	(-9.121966e-02 0.000000e+00 -5.831360e-06)	(-8.972084e-02 0.000000e+00 7.200619e-06)
1.420000e+04	lowerWall	(-9.121218e-02 0.000000e+00 -5.825502e-06)	(-8.971459e-02 0.000000e+00 7.193826e-06)
1.421000e+04	lowerWall	(-9.120472e-02 0.000000e+00 -5.819650e-06)	(-8.970836e-02 0.000000e+00 7.187035e-06)
1.422000e+04	lowerWall	(-9.119727e-02 0.000000e+00 -5.813804e-06)	(-8.970213e-02 0.000000e+00 7.180248e-06)
1.423000e+04	lowerWall	(-9.118983e-02 0.000000e+00 -5.807965e-06)	(-8.969592e-02 0.000000e+00 7.173463e-06)
1.424000e+04	lowerWall	(-9.118240e-02 0.000000e+00 -5.802132e-06)	(-8.968972e-02 0.000000e+00 7.166682e-06)
1.425000e+04	lowerWall	(-9.117498e-02 0.000000e+00 -5.796305e-06)	(-8.968353e-02 0.000000e+00 7.159904e-06)
1.426000e+04	lowerWall	(-9.116758e-02 0.000000e+00 -5.790485e-06)	(-8.967735e-02 0.000000e+00 7.153129e-06)
1.427000e+04	lowerWall	(-9.116018e-02 0.000000e+00 -5.784673e-06)	(-8.967118e-02 0.000000e+00 7.146357e-06)
1.428000e+04	lowerWall	(-9.115280e-02 0.000000e+00 -5.778867e-06)	(-8.966502e-02 0.000000e+00 7.139588e-06)
1.429000e+04	lowerWall	(-9.114543e-02 0.000000e+00 -5.773070e-06)	(-8.965887e-02 0.000000e+00 7.132823e-06)
1.430000e+04	lowerWall	(-9.113807e-02 0.000000e+00 -5.767281e-06)	(-8.965273e-02 0.000000e+00 7.126061e-06)
1.431000e+04	lowerWall	(-9.113072e-02 0.000000e+00 -5.761501e-06)	(-8.964661e-02 0.000000e+00 7.119302e-06)
1.432000e+04	lowerWall	(-9.112339e-02 0.000000e+00 -5.755728e-06)	(-8.964049e-02 0.000000e+00 7.112547e-06)
1.433000e+04	lowerWall	(-9.111606e-02 0.000000e+00 -5.749964e-06)	(-8.963438e-02 0.000000e+00 7.105795e-06)
1.434000e+04	lowerWall	(-9.110875e-02 0.000000e+00 -5.744211e-06)	(-8.962829e-02 0.000000e+00 7.099046e-06)
1.435000e+04	lowerWall	(-9.110145e-02 0.000000e+00 -5.738465e-06)	(-8.962220e-02 0.000000e+00 7.092300e-06)
1.436000e+04	lowerWall	(-9.109416e-02 0.000000e+00 -5.732728e-06)	(-8.961613e-02 0.000000e+00 7.085558e-06)
1.437000e+04	lowerWall	(-9.108688e-02 0.000000e+00 -5.726998e-06)	(-8.961007e-02 0.000000e+00 7.078819e-06)
1.438000e+04	lowerWall	(-9.107961e-02 0.000000e+00 -5.721275e-06)	(-8.960401e-02 0.000000e+00 7.072084e-06)
1.439000e+04	lowerWall	(-9.107235e-02 0.000000e+00 -5.715559e-06)	(-8.959797e-02 0.000000e+00 7.065352e-06)
1.440000e+04	lowerWall	(-9.106511e-02 0.000000e+00 -5.709849e-06)	(-8.959194e-02 0.000000e+00 7.058623e-06)
1.441000e+04	lowerWall	(-9.105788e-02 0.000000e+00 -5.704146e-06)	(-8.958591e-02 0.000000e+00 7.051898e-06)
1.442000e+04	lowerWall	(-9.105066e-02 0.000000e+00 -5.698452e-06)	(-8.957990e-02 0.000000e+00 7.045177e-06)
1.443000e+04	lowerWall	(-9.104344e-02 0.000000e+00 -5.692771e-06)	(-8.957390e-02 0.000000e+00 7.038459e-06)
1.444000e+04	lowerWall	(-9.103624e-02 0.000000e+00 -5.687104e-06)	(-8.956791e-02 0.000000e+00 7.031744e-06)
1.445000e+04	lowerWall	(-9.102906e-02 0.000000e+00 -5.681447e-06)	(-8.956193e-02 0.000000e+00 7.025032e-06)
1.446000e+04	lowerWall	(-9.102188e-02 0.000000e+00 -5.675800e-06)	(-8.955596e-02 0.000000e+00 7.018324e-06)
1.447000e+04	lowerWall	(-9.101471e-02 0.000000e+00 -5.670162e-06)	(-8.955000e-02 0.000000e+00 7.011620e-06)
1.448000e+04	lowerWall	(-9.100756e-02 0.000000e+00 -5.664531e-06)	(-8.954405e-02 0.000000e+00 7.004919e-06)
1.449000e+04	lowerWall	(-9.100041e-02 0.000000e+00 -5.658909e-06)	(-8.953811e-02 0.000000e+00 6.998222e-06)
1.450000e+04	lowerWall	(-9.099328e-02 0.000000e+00 -5.653296e-06)	(-8.953218e-02 0.000000e+00 6.991528e-06)
1.451000e+04	lowerWall	(-9.098616e-02 0.000000e+00 -5.647700e-06)	(-8.952626e-02 0.000000e+00 6.984838e-06)
1.452000e+04	lowerWall	(-9.097905e-02 0.000000e+00 -5.642122e-06)	(-8.952035e-02 0.000000e+00 6.978151e-06)
1.453000e+04	lowerWall	(-9.097197e-02 0.000000e+00 -5.636558e-06)	(-8.951445e-02 0.000000e+00 6.971467e-06)
1.454000e+04	lowerWall	(-9.096490e-02 0.000000e+00 -5.631006e-06)	(-8.950856e-02 0.000000e+00 6.964788e-06)
1.455000e+04	lowerWall	(-9.095784e-02 0.000000e+00 -5.625463e-06)	(-8.950268e-02 0.000000e+00 6.958112e-06)
1.456000e+04	lowerWall	(-9.095079e-02 0.000000e+00 -5.619930e-06)	(-8.949681e-02 0.000000e+00 6.951439e-06)
1.457000e+04	lowerWall	(-9.094376e-02 0.000000e+00 -5.614406e-06)	(-8.949096e-02 0.000000e+00 6.944771e-06)
1.458000e+04	lowerWall	(-9.093673e-02 0.000000e+00 -5.608901e-06)	(-8.948511e-02 0.000000e+00 6.938106e-06)
1.459000e+04	lowerWall	(-9.092972e-02 0.000000e+00 -5.603420e-06)	(-8.947927e-02 0.000000e+00 6.931444e-06)
1.460000e+04	lowerWall	(-9.092271e-02 0.000000e+00 -5.597958e-06)	(-8.947344e-02 0.000000e+00 6.924786e-06)
1.461000e+04	lowerWall	(-9.091572e-02 0.000000e+00 -5.592512e-06)	(-8.946762e-02 0.000000e+00 6.918132e-06)
1.462000e+04	lowerWall	(-9.090874e-02 0.000000e+00 -5.587078e-06)	(-8.946181e-02 0.000000e+00 6.911481e-06)
1.463000e+04	lowerWall	(-9.090176e-02 0.000000e+00 -5.581658e-06)	(-8.945601e-02 0.000000e+00 6.904834e-06)
1.464000e+04	lowerWall	(-9.089480e-02 0.000000e+00 -5.576266e-06)	(-8.945023e-02 0.000000e+00 6.898191e-06)
1.465000e+04	lowerWall	(-9.088785e-02 0.000000e+00 -5.570912e-06)	(-8.944445e-02 0.000000e+00 6.891551e-06)
1.466000e+04	lowerWall	(-9.088091e-02 0.000000e+00 -5.565584e-06)	(-8.943868e-02 0.000000e+00 6.884915e-06)
1.467000e+04	lowerWall	(-9.087398e-02 0.000000e+00 -5.560275e-06)	(-8.943292e-02 0.000000e+00 6.878282e-06)
1.468000e+04	lowerWall	(-9.086707e-02 0.000000e+00 -5.554991e-06)	(-8.942717e-02 0.000000e+00 6.871653e-06)
1.469000e+04	lowerWall	(-9.086016e-02 0.000000e+00 -5.549755e-06)	(-8.942143e-02 0.000000e+00 6.865028e-06)
1.470000e+04	lowerWall	(-9.085326e-02 0.000000e+00 -5.544559e-06)	(-8.941570e-02 0.000000e+00 6.858406e-06)
1.471000e+04	lowerWall	(-9.084637e-02 0.000000e+00 -5.539396e-06)	(-8.940998e-02 0.000000e+00 6.851788e-06)
1.472000e+04	lowerWall	(-9.083950e-02 0.000000e+00 -5.534283e-06)	(-8.940427e-02 0.000000e+00 6.845173e-06)
1.473000e+04	lowerWall	(-9.083263e-02 0.000000e+00 -5.529217e-06)	(-8.939857e-02 0.000000e+00 6.838562e-06)
1.474000e+04	lowerWall	(-9.082578e-02 0.000000e+00 -5.524202e-06)	(-8.939288e-02 0.000000e+00 6.831955e-06)
1.475000e+04	lowerWall	(-9.081893e-02 0.000000e+00 -5.519231e-06)	(-8.938720e-02 0.000000e+00 6.825351e-06)
1.476000e+04	lowerWall	(-9.081210e-02 0.000000e+00 -5.514279e-06)	(-8.938153e-02 0.000000e+00 6.818751e-06)
1.477000e+04	lowerWall	(-9.080527e-02 0.000000e+00 -5.509304e-06)	(-8.937587e-02 0.000000e+00 6.812154e-06)
1.478000e+04	lowerWall	(-9.079846e-02 0.000000e+00 -5.504289e-06)	(-8.937021e-02 0.000000e+00 6.805561e-06)
1.479000e+04	lowerWall	(-9.079165e-02 0.000000e+00 -5.499233e-06)	(-8.936457e-02 0.000000e+00 6.798971e-06)
1.480000e+04	lowerWall	(-9.078486e-02 0.000000e+00 -5.494143e-06)	(-8.935894e-02 0.000000e+00 6.792385e-06)
1.481000e+04	lowerWall	(-9.077808e-02 0.000000e+00 -5.489013e-06)	(-8.935332e-02 0.000000e+00 6.785802e-06)
1.482000e+04	lowerWall	(-9.077130e-02 0.000000e+00 -5.483860e-06)	(-8.934770e-02 0.000000e+00 6.779223e-06)
1.483000e+04	lowerWall	(-9.076454e-02 0.000000e+00 -5.478690e-06)	(-8.934210e-02 0.000000e+00 6.772649e-06)
1.484000e+04	lowerWall	(-9.075779e-02 0.000000e+00 -5.473491e-06)	(-8.933650e-02 0.000000e+00 6.766078e-06)
1.485000e+04	lowerWall	(-9.075104e-02 0.000000e+00 -5.468273e-06)	(-8.933092e-02 0.000000e+00 6.759707e-06)
1.486000e+04	lowerWall	(-9.074431e-02 0.000000e+00 -5.463045e-06)	(-8.932534e-02 0.000000e+00 6.753413e-06)
1.487000e+04	lowerWall	(-9.073759e-02 0.000000e+00 -5.457812e-06)	(-8.931978e-02 0.000000e+00 6.747122e-06)
1.488000e+04	lowerWall	(-9.073088e-02 0.000000e+00 -5.452568e-06)	(-8.931422e-02 0.000000e+00 6.740835e-06)
1.489000e+04	lowerWall	(-9.072418e-02 0.000000e+00 -5.447307e-06)	(-8.930868e-02 0.000000e+00 6.734550e-06)
1.490000e+04	lowerWall	(-9.071748e-02 0.000000e+00 -5.442035e-06)	(-8.930314e-02 0.000000e+00 6.728269e-06)
1.491000e+04	lowerWall	(-9.071080e-02 0.000000e+00 -5.436759e-06)	(-8.929761e-02 0.000000e+00 6.721991e-06)
1.492000e+04	lowerWall	(-9.070413e-02 0.000000e+00 -5.431480e-06)	(-8.929209e-02 0.000000e+00 6.715716e-06)
1.493000e+04	lowerWall	(-9.069747e-02 0.000000e+00 -5.426198e-06)	(-8.928658e-02 0.000000e+00 6.709445e-06)
1.494000e+04	lowerWall	(-9.069082e-02 0.000000e+00 -5.420908e-06)	(-8.928108e-02 0.000000e+00 6.703177e-06)
1.495000e+04	lowerWall	(-9.068418e-02 0.000000e+00 -5.415607e-06)	(-8.927559e-02 0.000000e+00 6.696912e-06)
1.496000e+04	lowerWall	(-9.067755e-02 0.000000e+00 -5.410300e-06)	(-8.927011e-02 0.000000e+00 6.690651e-06)
1.497000e+04	lowerWall	(-9.067093e-02 0.000000e+00 -5.404990e-06)	(-8.926464e-02 0.000000e+00 6.684393e-06)
1.498000e+04	lowerWall	(-9.066431e-02 0.000000e+00 -5.399682e-06)	(-8.925918e-02 0.000000e+00 6.678138e-06)
1.499000e+04	lowerWall	(-9.065771e-02 0.000000e+00 -5.394372e-06)	(-8.925372e-02 0.000000e+00 6.671887e-06)
1.500000e+04	lowerWall	(-9.065112e-02 0.000000e+00 -5.389061e-06)	(-8.924828e-02 0.000000e+00 6.665639e-06)
1.501000e+04	lowerWall	(-9.064454e-02 0.000000e+00 -5.383745e-06)	(-8.924284e-02 0.000000e+00 6.659394e-06)
1.502000e+04	lowerWall	(-9.063797e-02 0.000000e+00 -5.378426e-06)	(-8.923742e-02 0.000000e+00 6.653153e-06)
1.503000e+04	lowerWall	(-9.063141e-02 0.000000e+00 -5.373106e-06)	(-8.923200e-02 0.000000e+00 6.646915e-06)
1.504000e+04	lowerWall	(-9.062486e-02 0.000000e+00 -5.367787e-06)	(-8.922659e-02 0.000000e+00 6.640681e-06)
1.505000e+04	lowerWall	(-9.061832e-02 0.000000e+00 -5.362469e-06)	(-8.922120e-02 0.000000e+00 6.634450e-06)
1.506000e+04	lowerWall	(-9.061178e-02 0.000000e+00 -5.357155e-06)	(-8.921581e-02 0.000000e+00 6.628222e-06)
1.507000e+04	lowerWall	(-9.060526e-02 0.000000e+00 -5.351843e-06)	(-8.921043e-02 0.000000e+00 6.621996e-06)
1.508000e+04	lowerWall	(-9.059875e-02 0.000000e+00 -5.346528e-06)	(-8.920506e-02 0.000000e+00 6.615775e-06)
1.509000e+04	lowerWall	(-9.059225e-02 0.000000e+00 -5.341211e-06)	(-8.919969e-02 0.000000e+00 6.609558e-06)
1.510000e+04	lowerWall	(-9.058576e-02 0.000000e+00 -5.335894e-06)	(-8.919434e-02 0.000000e+00 6.603343e-06)
1.511000e+04	lowerWall	(-9.057927e-02 0.000000e+00 -5.330580e-06)	(-8.918900e-02 0.000000e+00 6.597133e-06)
1.512000e+04	lowerWall	(-9.057280e-02 0.000000e+00 -5.325268e-06)	(-8.918366e-02 0.000000e+00 6.590925e-06)
1.513000e+04	lowerWall	(-9.056634e-02 0.000000e+00 -5.319960e-06)	(-8.917834e-02 0.000000e+00 6.584722e-06)
1.514000e+04	lowerWall	(-9.055989e-02 0.000000e+00 -5.314655e-06)	(-8.917302e-02 0.000000e+00 6.578521e-06)
1.515000e+04	lowerWall	(-9.055344e-02 0.000000e+00 -5.309355e-06)	(-8.916771e-02 0.000000e+00 6.572323e-06)
1.516000e+04	lowerWall	(-9.054701e-02 0.000000e+00 -5.304055e-06)	(-8.916242e-02 0.000000e+00 6.566129e-06)
1.517000e+04	lowerWall	(-9.054058e-02 0.000000e+00 -5.298759e-06)	(-8.915713e-02 0.000000e+00 6.559939e-06)
1.518000e+04	lowerWall	(-9.053417e-02 0.000000e+00 -5.293468e-06)	(-8.915185e-02 0.000000e+00 6.553751e-06)
1.519000e+04	lowerWall	(-9.052776e-02 0.000000e+00 -5.288182e-06)	(-8.914657e-02 0.000000e+00 6.547567e-06)
1.520000e+04	lowerWall	(-9.052137e-02 0.000000e+00 -5.282901e-06)	(-8.914131e-02 0.000000e+00 6.541387e-06)
1.521000e+04	lowerWall	(-9.051498e-02 0.000000e+00 -5.277626e-06)	(-8.913606e-02 0.000000e+00 6.535210e-06)
1.522000e+04	lowerWall	(-9.050861e-02 0.000000e+00 -5.272356e-06)	(-8.913081e-02 0.000000e+00 6.529036e-06)
1.523000e+04	lowerWall	(-9.050224e-02 0.000000e+00 -5.267094e-06)	(-8.912558e-02 0.000000e+00 6.522866e-06)
1.524000e+04	lowerWall	(-9.049588e-02 0.000000e+00 -5.261837e-06)	(-8.912035e-02 0.000000e+00 6.516699e-06)
1.525000e+04	lowerWall	(-9.048954e-02 0.000000e+00 -5.256585e-06)	(-8.911513e-02 0.000000e+00 6.510536e-06)
1.526000e+04	lowerWall	(-9.048320e-02 0.000000e+00 -5.251338e-06)	(-8.910992e-02 0.000000e+00 6.504377e-06)
1.527000e+04	lowerWall	(-9.047687e-02 0.000000e+00 -5.246096e-06)	(-8.910472e-02 0.000000e+00 6.498221e-06)
1.528000e+04	lowerWall	(-9.047055e-02 0.000000e+00 -5.240858e-06)	(-8.909953e-02 0.000000e+00 6.492069e-06)
1.529000e+04	lowerWall	(-9.046424e-02 0.000000e+00 -5.235626e-06)	(-8.909434e-02 0.000000e+00 6.485920e-06)
1.530000e+04	lowerWall	(-9.045794e-02 0.000000e+00 -5.230397e-06)	(-8.908917e-02 0.000000e+00 6.479775e-06)
1.531000e+04	lowerWall	(-9.045165e-02 0.000000e+00 -5.225174e-06)	(-8.908400e-02 0.000000e+00 6.473633e-06)
1.532000e+04	lowerWall	(-9.044537e-02 0.000000e+00 -5.219956e-06)	(-8.907884e-02 0.000000e+00 6.467495e-06)
1.533000e+04	lowerWall	(-9.043910e-02 0.000000e+00 -5.214741e-06)	(-8.907370e-02 0.000000e+00 6.461361e-06)
1.534000e+04	lowerWall	(-9.043283e-02 0.000000e+00 -5.209531e-06)	(-8.906856e-02 0.000000e+00 6.455230e-06)
1.535000e+04	lowerWall	(-9.042658e-02 0.000000e+00 -5.204326e-06)	(-8.906342e-02 0.000000e+00 6.449102e-06)
1.536000e+04	lowerWall	(-9.042034e-02 0.000000e+00 -5.199126e-06)	(-8.905830e-02 0.000000e+00 6.442979e-06)
1.537000e+04	lowerWall	(-9.041410e-02 0.000000e+00 -5.193931e-06)	(-8.905319e-02 0.000000e+00 6.436858e-06)
1.538000e+04	lowerWall	(-9.040788e-02 0.000000e+00 -5.188741e-06)	(-8.904808e-02 0.000000e+00 6.430741e-06)
1.539000e+04	lowerWall	(-9.040166e-02 0.000000e+00 -5.183555e-06)	(-8.904298e-02 0.000000e+00 6.424628e-06)
1.540000e+04	lowerWall	(-9.039546e-02 0.000000e+00 -5.178374e-06)	(-8.903790e-02 0.000000e+00 6.418519e-06)
1.541000e+04	lowerWall	(-9.038926e-02 0.000000e+00 -5.173199e-06)	(-8.903281e-02 0.000000e+00 6.412413e-06)
1.542000e+04	lowerWall	(-9.038307e-02 0.000000e+00 -5.168028e-06)	(-8.902774e-02 0.000000e+00 6.406310e-06)
1.543000e+04	lowerWall	(-9.037689e-02 0.000000e+00 -5.162860e-06)	(-8.902268e-02 0.000000e+00 6.400211e-06)
1.544000e+04	lowerWall	(-9.037072e-02 0.000000e+00 -5.157696e-06)	(-8.901763e-02 0.000000e+00 6.394116e-06)
1.545000e+04	lowerWall	(-9.036456e-02 0.000000e+00 -5.152536e-06)	(-8.901258e-02 0.000000e+00 6.388024e-06)
1.546000e+04	lowerWall	(-9.035841e-02 0.000000e+00 -5.147380e-06)	(-8.900754e-02 0.000000e+00 6.381936e-06)
1.547000e+04	lowerWall	(-9.035227e-02 0.000000e+00 -5.142228e-06)	(-8.900251e-02 0.000000e+00 6.375852e-06)
1.548000e+04	lowerWall	(-9.034614e-02 0.000000e+00 -5.137080e-06)	(-8.899749e-02 0.000000e+00 6.369771e-06)
1.549000e+04	lowerWall	(-9.034001e-02 0.000000e+00 -5.131936e-06)	(-8.899248e-02 0.000000e+00 6.363694e-06)
1.550000e+04	lowerWall	(-9.033390e-02 0.000000e+00 -5.126797e-06)	(-8.898747e-02 0.000000e+00 6.357620e-06)
1.551000e+04	lowerWall	(-9.032780e-02 0.000000e+00 -5.121662e-06)	(-8.898248e-02 0.000000e+00 6.351550e-06)
1.552000e+04	lowerWall	(-9.032169e-02 0.000000e+00 -5.116480e-06)	(-8.897750e-02 0.000000e+00 6.345433e-06)
1.553000e+04	lowerWall	(-9.031559e-02 0.000000e+00 -5.111312e-06)	(-8.897251e-02 0.000000e+00 6.339308e-06)
1.554000e+04	lowerWall	(-9.030950e-02 0.000000e+00 -5.106200e-06)	(-8.896753e-02 0.000000e+00 6.333228e-06)
1.555000e+04	lowerWall	(-9.030342e-02 0.000000e+00 -5.101098e-06)	(-8.896255e-02 0.000000e+00 6.327161e-06)
1.556000e+04	lowerWall	(-9.029735e-02 0.000000e+00 -5.095998e-06)	(-8.895759e-02 0.000000e+00 6.321102e-06)
1.557000e+04	lowerWall	(-9.029130e-02 0.000000e+00 -5.090901e-06)	(-8.895263e-02 0.000000e+00 6.315048e-06)
1.558000e+04	lowerWall	(-9.028525e-02 0.000000e+00 -5.085807e-06)	(-8.894768e-02 0.000000e+00 6.308999e-06)
1.559000e+04	lowerWall	(-9.027921e-02 0.000000e+00 -5.080716e-06)	(-8.894274e-02 0.000000e+00 6.302954e-06)
1.560000e+04	lowerWall	(-9.027318e-02 0.000000e+00 -5.075629e-06)	(-8.893781e-02 0.000000e+00 6.296914e-06)
1.561000e+04	lowerWall	(-9.026716e-02 0.000000e+00 -5.070545e-06)	(-8.893289e-02 0.000000e+00 6.290877e-06)
1.562000e+04	lowerWall	(-9.026115e-02 0.000000e+00 -5.065465e-06)	(-8.892798e-02 0.000000e+00 6.284844e-06)
1.563000e+04	lowerWall	(-9.025514e-02 0.000000e+00 -5.060389e-06)	(-8.892307e-02 0.000000e+00 6.278815e-06)
1.564000e+04	lowerWall	(-9.024915e-02 0.000000e+00 -5.055316e-06)	(-8.891818e-02 0.000000e+00 6.272790e-06)
1.565000e+04	lowerWall	(-9.024317e-02 0.000000e+00 -5.050248e-06)	(-8.891329e-02 0.000000e+00 6.266768e-06)
1.566000e+04	lowerWall	(-9.023719e-02 0.000000e+00 -5.045182e-06)	(-8.890841e-02 0.000000e+00 6.260751e-06)
1.567000e+04	lowerWall	(-9.023124e-02 0.000000e+00 -5.040012e-06)	(-8.890337e-02 0.000000e+00 6.254638e-06)
1.568000e+04	lowerWall	(-9.022531e-02 0.000000e+00 -5.033583e-06)	(-8.889825e-02 0.000000e+00 6.248002e-06)
1.569000e+04	lowerWall	(-9.021942e-02 0.000000e+00 -5.026226e-06)	(-8.889343e-02 0.000000e+00 6.241017e-06)
1.570000e+04	lowerWall	(-9.021353e-02 0.000000e+00 -5.019220e-06)	(-8.888865e-02 0.000000e+00 6.234198e-06)
1.571000e+04	lowerWall	(-9.020765e-02 0.000000e+00 -5.012580e-06)	(-8.888388e-02 0.000000e+00 6.227541e-06)
1.572000e+04	lowerWall	(-9.020176e-02 0.000000e+00 -5.006205e-06)	(-8.887910e-02 0.000000e+00 6.221001e-06)
1.573000e+04	lowerWall	(-9.019589e-02 0.000000e+00 -5.000016e-06)	(-8.887433e-02 0.000000e+00 6.214545e-06)
1.574000e+04	lowerWall	(-9.019001e-02 0.000000e+00 -4.993960e-06)	(-8.886956e-02 0.000000e+00 6.208149e-06)
1.575000e+04	lowerWall	(-9.018415e-02 0.000000e+00 -4.988000e-06)	(-8.886480e-02 0.000000e+00 6.201798e-06)
1.576000e+04	lowerWall	(-9.017828e-02 0.000000e+00 -4.982116e-06)	(-8.886004e-02 0.000000e+00 6.195483e-06)
1.577000e+04	lowerWall	(-9.017243e-02 0.000000e+00 -4.976291e-06)	(-8.885528e-02 0.000000e+00 6.189196e-06)
1.578000e+04	lowerWall	(-9.016659e-02 0.000000e+00 -4.970516e-06)	(-8.885053e-02 0.000000e+00 6.182933e-06)
1.579000e+04	lowerWall	(-9.016075e-02 0.000000e+00 -4.964782e-06)	(-8.884579e-02 0.000000e+00 6.176690e-06)
1.580000e+04	lowerWall	(-9.015492e-02 0.000000e+00 -4.959084e-06)	(-8.884105e-02 0.000000e+00 6.170465e-06)
1.581000e+04	lowerWall	(-9.014910e-02 0.000000e+00 -4.953417e-06)	(-8.883632e-02 0.000000e+00 6.164256e-06)
1.582000e+04	lowerWall	(-9.014328e-02 0.000000e+00 -4.947779e-06)	(-8.883160e-02 0.000000e+00 6.158061e-06)
1.583000e+04	lowerWall	(-9.013747e-02 0.000000e+00 -4.942166e-06)	(-8.882688e-02 0.000000e+00 6.151878e-06)
1.584000e+04	lowerWall	(-9.013168e-02 0.000000e+00 -4.936577e-06)	(-8.882217e-02 0.000000e+00 6.145708e-06)
1.585000e+04	lowerWall	(-9.012588e-02 0.000000e+00 -4.931010e-06)	(-8.881747e-02 0.000000e+00 6.139549e-06)
1.586000e+04	lowerWall	(-9.012010e-02 0.000000e+00 -4.925463e-06)	(-8.881277e-02 0.000000e+00 6.133400e-06)
1.587000e+04	lowerWall	(-9.011433e-02 0.000000e+00 -4.919934e-06)	(-8.880809e-02 0.000000e+00 6.127260e-06)
1.588000e+04	lowerWall	(-9.010856e-02 0.000000e+00 -4.914423e-06)	(-8.880341e-02 0.000000e+00 6.121130e-06)
1.589000e+04	lowerWall	(-9.010280e-02 0.000000e+00 -4.908930e-06)	(-8.879873e-02 0.000000e+00 6.115009e-06)
1.590000e+04	lowerWall	(-9.009705e-02 0.000000e+00 -4.903452e-06)	(-8.879407e-02 0.000000e+00 6.108906e-06)
1.591000e+04	lowerWall	(-9.009131e-02 0.000000e+00 -4.897990e-06)	(-8.878941e-02 0.000000e+00 6.103068e-06)
1.592000e+04	lowerWall	(-9.008559e-02 0.000000e+00 -4.892543e-06)	(-8.878476e-02 0.000000e+00 6.097238e-06)
1.593000e+04	lowerWall	(-9.007988e-02 0.000000e+00 -4.887109e-06)	(-8.878012e-02 0.000000e+00 6.091413e-06)
1.594000e+04	lowerWall	(-9.007418e-02 0.000000e+00 -4.881689e-06)	(-8.877549e-02 0.000000e+00 6.085595e-06)
1.595000e+04	lowerWall	(-9.006849e-02 0.000000e+00 -4.876280e-06)	(-8.877086e-02 0.000000e+00 6.079783e-06)
1.596000e+04	lowerWall	(-9.006281e-02 0.000000e+00 -4.870885e-06)	(-8.876624e-02 0.000000e+00 6.073977e-06)
1.597000e+04	lowerWall	(-9.005714e-02 0.000000e+00 -4.865501e-06)	(-8.876163e-02 0.000000e+00 6.068177e-06)
1.598000e+04	lowerWall	(-9.005147e-02 0.000000e+00 -4.860128e-06)	(-8.875702e-02 0.000000e+00 6.062382e-06)
1.599000e+04	lowerWall	(-9.004581e-02 0.000000e+00 -4.854767e-06)	(-8.875242e-02 0.000000e+00 6.056592e-06)
1.600000e+04	lowerWall	(-9.004016e-02 0.000000e+00 -4.849418e-06)	(-8.874783e-02 0.000000e+00 6.050808e-06)
1.601000e+04	lowerWall	(-9.003452e-02 0.000000e+00 -4.844078e-06)	(-8.874325e-02 0.000000e+00 6.045029e-06)
1.602000e+04	lowerWall	(-9.002889e-02 0.000000e+00 -4.838750e-06)	(-8.873867e-02 0.000000e+00 6.039255e-06)
1.603000e+04	lowerWall	(-9.002326e-02 0.000000e+00 -4.833432e-06)	(-8.873411e-02 0.000000e+00 6.033486e-06)
1.604000e+04	lowerWall	(-9.001764e-02 0.000000e+00 -4.828124e-06)	(-8.872955e-02 0.000000e+00 6.027723e-06)
1.605000e+04	lowerWall	(-9.001203e-02 0.000000e+00 -4.822825e-06)	(-8.872499e-02 0.000000e+00 6.021964e-06)
1.606000e+04	lowerWall	(-9.000643e-02 0.000000e+00 -4.817537e-06)	(-8.872045e-02 0.000000e+00 6.016209e-06)
1.607000e+04	lowerWall	(-9.000084e-02 0.000000e+00 -4.812258e-06)	(-8.871591e-02 0.000000e+00 6.010460e-06)
1.608000e+04	lowerWall	(-8.999525e-02 0.000000e+00 -4.806988e-06)	(-8.871138e-02 0.000000e+00 6.004715e-06)
1.609000e+04	lowerWall	(-8.998967e-02 0.000000e+00 -4.801726e-06)	(-8.870686e-02 0.000000e+00 5.998975e-06)
1.610000e+04	lowerWall	(-8.998410e-02 0.000000e+00 -4.796474e-06)	(-8.870234e-02 0.000000e+00 5.993240e-06)
1.611000e+04	lowerWall	(-8.997854e-02 0.000000e+00 -4.791232e-06)	(-8.869783e-02 0.000000e+00 5.987509e-06)
1.612000e+04	lowerWall	(-8.997299e-02 0.000000e+00 -4.785997e-06)	(-8.869333e-02 0.000000e+00 5.981782e-06)
1.613000e+04	lowerWall	(-8.996744e-02 0.000000e+00 -4.780771e-06)	(-8.868883e-02 0.000000e+00 5.976060e-06)
1.614000e+04	lowerWall	(-8.996190e-02 0.000000e+00 -4.775553e-06)	(-8.868435e-02 0.000000e+00 5.970342e-06)
1.615000e+04	lowerWall	(-8.995637e-02 0.000000e+00 -4.770342e-06)	(-8.867987e-02 0.000000e+00 5.964629e-06)
1.616000e+04	lowerWall	(-8.995085e-02 0.000000e+00 -4.765138e-06)	(-8.867540e-02 0.000000e+00 5.958921e-06)
1.617000e+04	lowerWall	(-8.994533e-02 0.000000e+00 -4.759944e-06)	(-8.867093e-02 0.000000e+00 5.953216e-06)
1.618000e+04	lowerWall	(-8.993983e-02 0.000000e+00 -4.754757e-06)	(-8.866647e-02 0.000000e+00 5.947516e-06)
1.619000e+04	lowerWall	(-8.993433e-02 0.000000e+00 -4.749578e-06)	(-8.866202e-02 0.000000e+00 5.941820e-06)
1.620000e+04	lowerWall	(-8.992884e-02 0.000000e+00 -4.744407e-06)	(-8.865758e-02 0.000000e+00 5.936128e-06)
1.621000e+04	lowerWall	(-8.992336e-02 0.000000e+00 -4.739243e-06)	(-8.865314e-02 0.000000e+00 5.930440e-06)
1.622000e+04	lowerWall	(-8.991788e-02 0.000000e+00 -4.734087e-06)	(-8.864871e-02 0.000000e+00 5.924757e-06)
1.623000e+04	lowerWall	(-8.991241e-02 0.000000e+00 -4.728938e-06)	(-8.864429e-02 0.000000e+00 5.919077e-06)
1.624000e+04	lowerWall	(-8.990695e-02 0.000000e+00 -4.723797e-06)	(-8.863988e-02 0.000000e+00 5.913402e-06)
1.625000e+04	lowerWall	(-8.990150e-02 0.000000e+00 -4.718662e-06)	(-8.863547e-02 0.000000e+00 5.907730e-06)
1.626000e+04	lowerWall	(-8.989606e-02 0.000000e+00 -4.713535e-06)	(-8.863107e-02 0.000000e+00 5.902063e-06)
1.627000e+04	lowerWall	(-8.989062e-02 0.000000e+00 -4.708414e-06)	(-8.862668e-02 0.000000e+00 5.896400e-06)
1.628000e+04	lowerWall	(-8.988520e-02 0.000000e+00 -4.703300e-06)	(-8.862229e-02 0.000000e+00 5.890741e-06)
1.629000e+04	lowerWall	(-8.987978e-02 0.000000e+00 -4.698193e-06)	(-8.861791e-02 0.000000e+00 5.885086e-06)
1.630000e+04	lowerWall	(-8.987436e-02 0.000000e+00 -4.693094e-06)	(-8.861354e-02 0.000000e+00 5.879435e-06)
1.631000e+04	lowerWall	(-8.986896e-02 0.000000e+00 -4.688004e-06)	(-8.860917e-02 0.000000e+00 5.873787e-06)
1.632000e+04	lowerWall	(-8.986356e-02 0.000000e+00 -4.682918e-06)	(-8.860482e-02 0.000000e+00 5.868143e-06)
1.633000e+04	lowerWall	(-8.985817e-02 0.000000e+00 -4.677839e-06)	(-8.860047e-02 0.000000e+00 5.862504e-06)
1.634000e+04	lowerWall	(-8.985279e-02 0.000000e+00 -4.672767e-06)	(-8.859612e-02 0.000000e+00 5.856868e-06)
1.635000e+04	lowerWall	(-8.984742e-02 0.000000e+00 -4.667700e-06)	(-8.859179e-02 0.000000e+00 5.851237e-06)
1.636000e+04	lowerWall	(-8.984205e-02 0.000000e+00 -4.662639e-06)	(-8.858746e-02 0.000000e+00 5.845609e-06)
1.637000e+04	lowerWall	(-8.983669e-02 0.000000e+00 -4.657583e-06)	(-8.858313e-02 0.000000e+00 5.839986e-06)
1.638000e+04	lowerWall	(-8.983134e-02 0.000000e+00 -4.652538e-06)	(-8.857882e-02 0.000000e+00 5.834365e-06)
1.639000e+04	lowerWall	(-8.982600e-02 0.000000e+00 -4.647499e-06)	(-8.857451e-02 0.000000e+00 5.828748e-06)
1.640000e+04	lowerWall	(-8.982066e-02 0.000000e+00 -4.642464e-06)	(-8.857021e-02 0.000000e+00 5.823136e-06)
1.641000e+04	lowerWall	(-8.981533e-02 0.000000e+00 -4.637435e-06)	(-8.856591e-02 0.000000e+00 5.817527e-06)
1.642000e+04	lowerWall	(-8.981001e-02 0.000000e+00 -4.632412e-06)	(-8.856163e-02 0.000000e+00 5.811922e-06)
1.643000e+04	lowerWall	(-8.980470e-02 0.000000e+00 -4.627394e-06)	(-8.855735e-02 0.000000e+00 5.806321e-06)
1.644000e+04	lowerWall	(-8.979940e-02 0.000000e+00 -4.622382e-06)	(-8.855307e-02 0.000000e+00 5.800724e-06)
1.645000e+04	lowerWall	(-8.979410e-02 0.000000e+00 -4.617374e-06)	(-8.854880e-02 0.000000e+00 5.795131e-06)
1.646000e+04	lowerWall	(-8.978881e-02 0.000000e+00 -4.612376e-06)	(-8.854454e-02 0.000000e+00 5.789541e-06)
1.647000e+04	lowerWall	(-8.978353e-02 0.000000e+00 -4.607383e-06)	(-8.854029e-02 0.000000e+00 5.783955e-06)
1.648000e+04	lowerWall	(-8.977825e-02 0.000000e+00 -4.602395e-06)	(-8.853605e-02 0.000000e+00 5.778372e-06)
1.649000e+04	lowerWall	(-8.977298e-02 0.000000e+00 -4.597413e-06)	(-8.853181e-02 0.000000e+00 5.772794e-06)
1.650000e+04	lowerWall	(-8.976772e-02 0.000000e+00 -4.592435e-06)	(-8.852757e-02 0.000000e+00 5.767219e-06)
1.651000e+04	lowerWall	(-8.976247e-02 0.000000e+00 -4.587463e-06)	(-8.852335e-02 0.000000e+00 5.761648e-06)
1.652000e+04	lowerWall	(-8.975723e-02 0.000000e+00 -4.582497e-06)	(-8.851913e-02 0.000000e+00 5.756081e-06)
1.653000e+04	lowerWall	(-8.975199e-02 0.000000e+00 -4.577536e-06)	(-8.851492e-02 0.000000e+00 5.750518e-06)
1.654000e+04	lowerWall	(-8.974676e-02 0.000000e+00 -4.572583e-06)	(-8.851071e-02 0.000000e+00 5.744957e-06)
1.655000e+04	lowerWall	(-8.974154e-02 0.000000e+00 -4.567634e-06)	(-8.850651e-02 0.000000e+00 5.739401e-06)
1.656000e+04	lowerWall	(-8.973632e-02 0.000000e+00 -4.562690e-06)	(-8.850232e-02 0.000000e+00 5.733848e-06)
1.657000e+04	lowerWall	(-8.973111e-02 0.000000e+00 -4.557752e-06)	(-8.849814e-02 0.000000e+00 5.728299e-06)
1.658000e+04	lowerWall	(-8.972591e-02 0.000000e+00 -4.552819e-06)	(-8.849396e-02 0.000000e+00 5.722754e-06)
1.659000e+04	lowerWall	(-8.972072e-02 0.000000e+00 -4.547892e-06)	(-8.848979e-02 0.000000e+00 5.717213e-06)
1.660000e+04	lowerWall	(-8.971554e-02 0.000000e+00 -4.542969e-06)	(-8.848562e-02 0.000000e+00 5.711675e-06)
1.661000e+04	lowerWall	(-8.971036e-02 0.000000e+00 -4.538052e-06)	(-8.848146e-02 0.000000e+00 5.706141e-06)
1.662000e+04	lowerWall	(-8.970519e-02 0.000000e+00 -4.533141e-06)	(-8.847731e-02 0.000000e+00 5.700610e-06)
1.663000e+04	lowerWall	(-8.970002e-02 0.000000e+00 -4.528234e-06)	(-8.847317e-02 0.000000e+00 5.695083e-06)
1.664000e+04	lowerWall	(-8.969487e-02 0.000000e+00 -4.523333e-06)	(-8.846903e-02 0.000000e+00 5.689559e-06)
1.665000e+04	lowerWall	(-8.968972e-02 0.000000e+00 -4.518437e-06)	(-8.846490e-02 0.000000e+00 5.684040e-06)
1.666000e+04	lowerWall	(-8.968458e-02 0.000000e+00 -4.513546e-06)	(-8.846078e-02 0.000000e+00 5.678523e-06)
1.667000e+04	lowerWall	(-8.967945e-02 0.000000e+00 -4.508660e-06)	(-8.845666e-02 0.000000e+00 5.673011e-06)
1.668000e+04	lowerWall	(-8.967432e-02 0.000000e+00 -4.503779e-06)	(-8.845255e-02 0.000000e+00 5.667502e-06)
1.669000e+04	lowerWall	(-8.966920e-02 0.000000e+00 -4.498903e-06)	(-8.844844e-02 0.000000e+00 5.661997e-06)
1.670000e+04	lowerWall	(-8.966409e-02 0.000000e+00 -4.494032e-06)	(-8.844434e-02 0.000000e+00 5.656495e-06)
1.671000e+04	lowerWall	(-8.965898e-02 0.000000e+00 -4.489167e-06)	(-8.844025e-02 0.000000e+00 5.650997e-06)
1.672000e+04	lowerWall	(-8.965389e-02 0.000000e+00 -4.484306e-06)	(-8.843617e-02 0.000000e+00 5.645502e-06)
1.673000e+04	lowerWall	(-8.964880e-02 0.000000e+00 -4.479450e-06)	(-8.843209e-02 0.000000e+00 5.640011e-06)
1.674000e+04	lowerWall	(-8.964371e-02 0.000000e+00 -4.474599e-06)	(-8.842802e-02 0.000000e+00 5.634524e-06)
1.675000e+04	lowerWall	(-8.963864e-02 0.000000e+00 -4.469753e-06)	(-8.842395e-02 0.000000e+00 5.629040e-06)
1.676000e+04	lowerWall	(-8.963357e-02 0.000000e+00 -4.464911e-06)	(-8.841989e-02 0.000000e+00 5.623560e-06)
1.677000e+04	lowerWall	(-8.962851e-02 0.000000e+00 -4.460075e-06)	(-8.841584e-02 0.000000e+00 5.618083e-06)
1.678000e+04	lowerWall	(-8.962345e-02 0.000000e+00 -4.455253e-06)	(-8.841180e-02 0.000000e+00 5.612610e-06)
1.679000e+04	lowerWall	(-8.961841e-02 0.000000e+00 -4.450550e-06)	(-8.840776e-02 0.000000e+00 5.607141e-06)
1.680000e+04	lowerWall	(-8.961337e-02 0.000000e+00 -4.445853e-06)	(-8.840372e-02 0.000000e+00 5.601675e-06)
1.681000e+04	lowerWall	(-8.960833e-02 0.000000e+00 -4.441159e-06)	(-8.839970e-02 0.000000e+00 5.596212e-06)
1.682000e+04	lowerWall	(-8.960331e-02 0.000000e+00 -4.436471e-06)	(-8.839568e-02 0.000000e+00 5.590754e-06)
1.683000e+04	lowerWall	(-8.959829e-02 0.000000e+00 -4.431787e-06)	(-8.839167e-02 0.000000e+00 5.585298e-06)
1.684000e+04	lowerWall	(-8.959328e-02 0.000000e+00 -4.427107e-06)	(-8.838766e-02 0.000000e+00 5.579847e-06)
1.685000e+04	lowerWall	(-8.958827e-02 0.000000e+00 -4.422432e-06)	(-8.838366e-02 0.000000e+00 5.574398e-06)
1.686000e+04	lowerWall	(-8.958328e-02 0.000000e+00 -4.417762e-06)	(-8.837966e-02 0.000000e+00 5.568954e-06)
1.687000e+04	lowerWall	(-8.957829e-02 0.000000e+00 -4.413097e-06)	(-8.837568e-02 0.000000e+00 5.563513e-06)
1.688000e+04	lowerWall	(-8.957330e-02 0.000000e+00 -4.408436e-06)	(-8.837170e-02 0.000000e+00 5.558075e-06)
1.689000e+04	lowerWall	(-8.956833e-02 0.000000e+00 -4.403779e-06)	(-8.836772e-02 0.000000e+00 5.552735e-06)
1.690000e+04	lowerWall	(-8.956336e-02 0.000000e+00 -4.399128e-06)	(-8.836375e-02 0.000000e+00 5.547533e-06)
1.691000e+04	lowerWall	(-8.955840e-02 0.000000e+00 -4.394480e-06)	(-8.835979e-02 0.000000e+00 5.542334e-06)
1.692000e+04	lowerWall	(-8.955344e-02 0.000000e+00 -4.389837e-06)	(-8.835584e-02 0.000000e+00 5.537138e-06)
1.693000e+04	lowerWall	(-8.954849e-02 0.000000e+00 -4.385198e-06)	(-8.835189e-02 0.000000e+00 5.531945e-06)
1.694000e+04	lowerWall	(-8.954355e-02 0.000000e+00 -4.380563e-06)	(-8.834794e-02 0.000000e+00 5.526755e-06)
1.695000e+04	lowerWall	(-8.953862e-02 0.000000e+00 -4.375932e-06)	(-8.834401e-02 0.000000e+00 5.521568e-06)
1.696000e+04	lowerWall	(-8.953369e-02 0.000000e+00 -4.371305e-06)	(-8.834008e-02 0.000000e+00 5.516384e-06)
1.697000e+04	lowerWall	(-8.952877e-02 0.000000e+00 -4.366683e-06)	(-8.833615e-02 0.000000e+00 5.511203e-06)
1.698000e+04	lowerWall	(-8.952386e-02 0.000000e+00 -4.362065e-06)	(-8.833223e-02 0.000000e+00 5.506025e-06)
1.699000e+04	lowerWall	(-8.951895e-02 0.000000e+00 -4.357452e-06)	(-8.832832e-02 0.000000e+00 5.500850e-06)
1.700000e+04	lowerWall	(-8.951405e-02 0.000000e+00 -4.352843e-06)	(-8.832442e-02 0.000000e+00 5.495678e-06)
1.701000e+04	lowerWall	(-8.950916e-02 0.000000e+00 -4.348238e-06)	(-8.832052e-02 0.000000e+00 5.490509e-06)
1.702000e+04	lowerWall	(-8.950427e-02 0.000000e+00 -4.343637e-06)	(-8.831663e-02 0.000000e+00 5.485342e-06)
1.703000e+04	lowerWall	(-8.949939e-02 0.000000e+00 -4.339041e-06)	(-8.831274e-02 0.000000e+00 5.480179e-06)
1.704000e+04	lowerWall	(-8.949452e-02 0.000000e+00 -4.334449e-06)	(-8.830886e-02 0.000000e+00 5.475019e-06)
1.705000e+04	lowerWall	(-8.948966e-02 0.000000e+00 -4.329861e-06)	(-8.830499e-02 0.000000e+00 5.469861e-06)
1.706000e+04	lowerWall	(-8.948480e-02 0.000000e+00 -4.325278e-06)	(-8.830112e-02 0.000000e+00 5.464707e-06)
1.707000e+04	lowerWall	(-8.947995e-02 0.000000e+00 -4.320699e-06)	(-8.829726e-02 0.000000e+00 5.459555e-06)
1.708000e+04	lowerWall	(-8.947510e-02 0.000000e+00 -4.316124e-06)	(-8.829340e-02 0.000000e+00 5.454406e-06)
1.709000e+04	lowerWall	(-8.947027e-02 0.000000e+00 -4.311554e-06)	(-8.828955e-02 0.000000e+00 5.449260e-06)
1.710000e+04	lowerWall	(-8.946544e-02 0.000000e+00 -4.306989e-06)	(-8.828571e-02 0.000000e+00 5.444117e-06)
1.711000e+04	lowerWall	(-8.946061e-02 0.000000e+00 -4.302427e-06)	(-8.828187e-02 0.000000e+00 5.438977e-06)
1.712000e+04	lowerWall	(-8.945579e-02 0.000000e+00 -4.297870e-06)	(-8.827804e-02 0.000000e+00 5.433840e-06)
1.713000e+04	lowerWall	(-8.945098e-02 0.000000e+00 -4.293316e-06)	(-8.827422e-02 0.000000e+00 5.428706e-06)
1.714000e+04	lowerWall	(-8.944618e-02 0.000000e+00 -4.288766e-06)	(-8.827040e-02 0.000000e+00 5.423575e-06)
1.715000e+04	lowerWall	(-8.944138e-02 0.000000e+00 -4.284221e-06)	(-8.826658e-02 0.000000e+00 5.418447e-06)
1.716000e+04	lowerWall	(-8.943659e-02 0.000000e+00 -4.279679e-06)	(-8.826278e-02 0.000000e+00 5.413322e-06)
1.717000e+04	lowerWall	(-8.943181e-02 0.000000e+00 -4.275142e-06)	(-8.825898e-02 0.000000e+00 5.408199e-06)
1.718000e+04	lowerWall	(-8.942703e-02 0.000000e+00 -4.270608e-06)	(-8.825518e-02 0.000000e+00 5.403080e-06)
1.719000e+04	lowerWall	(-8.942226e-02 0.000000e+00 -4.266079e-06)	(-8.825140e-02 0.000000e+00 5.397964e-06)
1.720000e+04	lowerWall	(-8.941750e-02 0.000000e+00 -4.261553e-06)	(-8.824761e-02 0.000000e+00 5.392850e-06)
1.721000e+04	lowerWall	(-8.941274e-02 0.000000e+00 -4.257032e-06)	(-8.824384e-02 0.000000e+00 5.387741e-06)
1.722000e+04	lowerWall	(-8.940799e-02 0.000000e+00 -4.252514e-06)	(-8.824007e-02 0.000000e+00 5.382637e-06)
1.723000e+04	lowerWall	(-8.940325e-02 0.000000e+00 -4.248000e-06)	(-8.823630e-02 0.000000e+00 5.377541e-06)
1.724000e+04	lowerWall	(-8.939851e-02 0.000000e+00 -4.243490e-06)	(-8.823253e-02 0.000000e+00 5.372453e-06)
1.725000e+04	lowerWall	(-8.939378e-02 0.000000e+00 -4.238984e-06)	(-8.822877e-02 0.000000e+00 5.367370e-06)
1.726000e+04	lowerWall	(-8.938906e-02 0.000000e+00 -4.234481e-06)	(-8.822502e-02 0.000000e+00 5.362293e-06)
1.727000e+04	lowerWall	(-8.938435e-02 0.000000e+00 -4.229982e-06)	(-8.822127e-02 0.000000e+00 5.357219e-06)
1.728000e+04	lowerWall	(-8.937966e-02 0.000000e+00 -4.225486e-06)	(-8.821752e-02 0.000000e+00 5.352149e-06)
1.729000e+04	lowerWall	(-8.937497e-02 0.000000e+00 -4.220995e-06)	(-8.821378e-02 0.000000e+00 5.347083e-06)
1.730000e+04	lowerWall	(-8.937029e-02 0.000000e+00 -4.216507e-06)	(-8.821004e-02 0.000000e+00 5.342020e-06)
1.731000e+04	lowerWall	(-8.936562e-02 0.000000e+00 -4.212022e-06)	(-8.820632e-02 0.000000e+00 5.336961e-06)
1.732000e+04	lowerWall	(-8.936095e-02 0.000000e+00 -4.207541e-06)	(-8.820259e-02 0.000000e+00 5.331905e-06)
1.733000e+04	lowerWall	(-8.935629e-02 0.000000e+00 -4.203064e-06)	(-8.819887e-02 0.000000e+00 5.326852e-06)
1.734000e+04	lowerWall	(-8.935163e-02 0.000000e+00 -4.198591e-06)	(-8.819516e-02 0.000000e+00 5.321801e-06)
1.735000e+04	lowerWall	(-8.934699e-02 0.000000e+00 -4.194123e-06)	(-8.819145e-02 0.000000e+00 5.316754e-06)
1.736000e+04	lowerWall	(-8.934234e-02 0.000000e+00 -4.189659e-06)	(-8.818775e-02 0.000000e+00 5.311709e-06)
1.737000e+04	lowerWall	(-8.933771e-02 0.000000e+00 -4.185199e-06)	(-8.818406e-02 0.000000e+00 5.306670e-06)
1.738000e+04	lowerWall	(-8.933308e-02 0.000000e+00 -4.180741e-06)	(-8.818036e-02 0.000000e+00 5.301642e-06)
1.739000e+04	lowerWall	(-8.932846e-02 0.000000e+00 -4.176288e-06)	(-8.817667e-02 0.000000e+00 5.296629e-06)
1.740000e+04	lowerWall	(-8.932384e-02 0.000000e+00 -4.171838e-06)	(-8.817298e-02 0.000000e+00 5.291626e-06)
1.741000e+04	lowerWall	(-8.931923e-02 0.000000e+00 -4.167392e-06)	(-8.816929e-02 0.000000e+00 5.286630e-06)
1.742000e+04	lowerWall	(-8.931463e-02 0.000000e+00 -4.162951e-06)	(-8.816561e-02 0.000000e+00 5.281637e-06)
1.743000e+04	lowerWall	(-8.931003e-02 0.000000e+00 -4.158515e-06)	(-8.816193e-02 0.000000e+00 5.276646e-06)
1.744000e+04	lowerWall	(-8.930544e-02 0.000000e+00 -4.154091e-06)	(-8.815826e-02 0.000000e+00 5.271656e-06)
1.745000e+04	lowerWall	(-8.930086e-02 0.000000e+00 -4.149680e-06)	(-8.815459e-02 0.000000e+00 5.266668e-06)
1.746000e+04	lowerWall	(-8.929628e-02 0.000000e+00 -4.145281e-06)	(-8.815093e-02 0.000000e+00 5.261678e-06)
1.747000e+04	lowerWall	(-8.929171e-02 0.000000e+00 -4.140892e-06)	(-8.814728e-02 0.000000e+00 5.256684e-06)
1.748000e+04	lowerWall	(-8.928714e-02 0.000000e+00 -4.136509e-06)	(-8.814365e-02 0.000000e+00 5.251681e-06)
1.749000e+04	lowerWall	(-8.928258e-02 0.000000e+00 -4.132134e-06)	(-8.814003e-02 0.000000e+00 5.246657e-06)
1.750000e+04	lowerWall	(-8.927803e-02 0.000000e+00 -4.127763e-06)	(-8.813642e-02 0.000000e+00 5.241622e-06)
1.751000e+04	lowerWall	(-8.927348e-02 0.000000e+00 -4.123398e-06)	(-8.813282e-02 0.000000e+00 5.236586e-06)
1.752000e+04	lowerWall	(-8.926894e-02 0.000000e+00 -4.119037e-06)	(-8.812923e-02 0.000000e+00 5.231552e-06)
1.753000e+04	lowerWall	(-8.926441e-02 0.000000e+00 -4.114682e-06)	(-8.812565e-02 0.000000e+00 5.226523e-06)
1.754000e+04	lowerWall	(-8.925988e-02 0.000000e+00 -4.110329e-06)	(-8.812207e-02 0.000000e+00 5.221499e-06)
1.755000e+04	lowerWall	(-8.925536e-02 0.000000e+00 -4.105981e-06)	(-8.811850e-02 0.000000e+00 5.216480e-06)
1.756000e+04	lowerWall	(-8.925084e-02 0.000000e+00 -4.101636e-06)	(-8.811493e-02 0.000000e+00 5.211466e-06)
1.757000e+04	lowerWall	(-8.924634e-02 0.000000e+00 -4.097296e-06)	(-8.811137e-02 0.000000e+00 5.206456e-06)
1.758000e+04	lowerWall	(-8.924183e-02 0.000000e+00 -4.092959e-06)	(-8.810781e-02 0.000000e+00 5.201451e-06)
1.759000e+04	lowerWall	(-8.923734e-02 0.000000e+00 -4.088623e-06)	(-8.810426e-02 0.000000e+00 5.196450e-06)
1.760000e+04	lowerWall	(-8.923285e-02 0.000000e+00 -4.084292e-06)	(-8.810071e-02 0.000000e+00 5.191453e-06)
1.761000e+04	lowerWall	(-8.922836e-02 0.000000e+00 -4.079964e-06)	(-8.809717e-02 0.000000e+00 5.186464e-06)
1.762000e+04	lowerWall	(-8.922388e-02 0.000000e+00 -4.075637e-06)	(-8.809363e-02 0.000000e+00 5.181484e-06)
1.763000e+04	lowerWall	(-8.921941e-02 0.000000e+00 -4.071312e-06)	(-8.809009e-02 0.000000e+00 5.176514e-06)
1.764000e+04	lowerWall	(-8.921494e-02 0.000000e+00 -4.066988e-06)	(-8.808656e-02 0.000000e+00 5.171554e-06)
1.765000e+04	lowerWall	(-8.921048e-02 0.000000e+00 -4.062667e-06)	(-8.808304e-02 0.000000e+00 5.166605e-06)
1.766000e+04	lowerWall	(-8.920603e-02 0.000000e+00 -4.058348e-06)	(-8.807952e-02 0.000000e+00 5.161663e-06)
1.767000e+04	lowerWall	(-8.920158e-02 0.000000e+00 -4.054031e-06)	(-8.807601e-02 0.000000e+00 5.156731e-06)
1.768000e+04	lowerWall	(-8.919714e-02 0.000000e+00 -4.049721e-06)	(-8.807250e-02 0.000000e+00 5.151805e-06)
1.769000e+04	lowerWall	(-8.919270e-02 0.000000e+00 -4.045415e-06)	(-8.806901e-02 0.000000e+00 5.146886e-06)
1.770000e+04	lowerWall	(-8.918827e-02 0.000000e+00 -4.041109e-06)	(-8.806552e-02 0.000000e+00 5.141981e-06)
1.771000e+04	lowerWall	(-8.918385e-02 0.000000e+00 -4.036805e-06)	(-8.806203e-02 0.000000e+00 5.137086e-06)
1.772000e+04	lowerWall	(-8.917943e-02 0.000000e+00 -4.032504e-06)	(-8.805855e-02 0.000000e+00 5.132199e-06)
1.773000e+04	lowerWall	(-8.917502e-02 0.000000e+00 -4.028206e-06)	(-8.805508e-02 0.000000e+00 5.127329e-06)
1.774000e+04	lowerWall	(-8.917061e-02 0.000000e+00 -4.023911e-06)	(-8.805162e-02 0.000000e+00 5.122474e-06)
1.775000e+04	lowerWall	(-8.916621e-02 0.000000e+00 -4.019617e-06)	(-8.804816e-02 0.000000e+00 5.117630e-06)
1.776000e+04	lowerWall	(-8.916182e-02 0.000000e+00 -4.015329e-06)	(-8.804470e-02 0.000000e+00 5.112794e-06)
1.777000e+04	lowerWall	(-8.915743e-02 0.000000e+00 -4.011043e-06)	(-8.804126e-02 0.000000e+00 5.107975e-06)
1.778000e+04	lowerWall	(-8.915305e-02 0.000000e+00 -4.006759e-06)	(-8.803781e-02 0.000000e+00 5.103172e-06)
1.779000e+04	lowerWall	(-8.914867e-02 0.000000e+00 -4.002477e-06)	(-8.803438e-02 0.000000e+00 5.098381e-06)
1.780000e+04	lowerWall	(-8.914430e-02 0.000000e+00 -3.998198e-06)	(-8.803094e-02 0.000000e+00 5.093599e-06)
1.781000e+04	lowerWall	(-8.913994e-02 0.000000e+00 -3.993923e-06)	(-8.802752e-02 0.000000e+00 5.088827e-06)
1.782000e+04	lowerWall	(-8.913558e-02 0.000000e+00 -3.989650e-06)	(-8.802410e-02 0.000000e+00 5.084068e-06)
1.783000e+04	lowerWall	(-8.913123e-02 0.000000e+00 -3.985380e-06)	(-8.802069e-02 0.000000e+00 5.079343e-06)
1.784000e+04	lowerWall	(-8.912689e-02 0.000000e+00 -3.981114e-06)	(-8.801728e-02 0.000000e+00 5.074830e-06)
1.785000e+04	lowerWall	(-8.912255e-02 0.000000e+00 -3.976850e-06)	(-8.801388e-02 0.000000e+00 5.070325e-06)
1.786000e+04	lowerWall	(-8.911822e-02 0.000000e+00 -3.972588e-06)	(-8.801048e-02 0.000000e+00 5.065825e-06)
1.787000e+04	lowerWall	(-8.911389e-02 0.000000e+00 -3.968329e-06)	(-8.800709e-02 0.000000e+00 5.061322e-06)
1.788000e+04	lowerWall	(-8.910957e-02 0.000000e+00 -3.964073e-06)	(-8.800371e-02 0.000000e+00 5.056819e-06)
1.789000e+04	lowerWall	(-8.910526e-02 0.000000e+00 -3.959820e-06)	(-8.800033e-02 0.000000e+00 5.052318e-06)
1.790000e+04	lowerWall	(-8.910095e-02 0.000000e+00 -3.955570e-06)	(-8.799695e-02 0.000000e+00 5.047822e-06)
1.791000e+04	lowerWall	(-8.909664e-02 0.000000e+00 -3.951322e-06)	(-8.799358e-02 0.000000e+00 5.043330e-06)
1.792000e+04	lowerWall	(-8.909235e-02 0.000000e+00 -3.947078e-06)	(-8.799022e-02 0.000000e+00 5.038837e-06)
1.793000e+04	lowerWall	(-8.908806e-02 0.000000e+00 -3.942836e-06)	(-8.798686e-02 0.000000e+00 5.034333e-06)
1.794000e+04	lowerWall	(-8.908377e-02 0.000000e+00 -3.938597e-06)	(-8.798351e-02 0.000000e+00 5.029825e-06)
1.795000e+04	lowerWall	(-8.907949e-02 0.000000e+00 -3.934360e-06)	(-8.798017e-02 0.000000e+00 5.025316e-06)
1.796000e+04	lowerWall	(-8.907522e-02 0.000000e+00 -3.930126e-06)	(-8.797682e-02 0.000000e+00 5.020809e-06)
1.797000e+04	lowerWall	(-8.907095e-02 0.000000e+00 -3.925895e-06)	(-8.797349e-02 0.000000e+00 5.016305e-06)
1.798000e+04	lowerWall	(-8.906669e-02 0.000000e+00 -3.921667e-06)	(-8.797016e-02 0.000000e+00 5.011798e-06)
1.799000e+04	lowerWall	(-8.906244e-02 0.000000e+00 -3.917441e-06)	(-8.796683e-02 0.000000e+00 5.007279e-06)
1.800000e+04	lowerWall	(-8.905819e-02 0.000000e+00 -3.913219e-06)	(-8.796351e-02 0.000000e+00 5.002754e-06)
1.801000e+04	lowerWall	(-8.905395e-02 0.000000e+00 -3.908999e-06)	(-8.796020e-02 0.000000e+00 4.998227e-06)
1.802000e+04	lowerWall	(-8.904971e-02 0.000000e+00 -3.904783e-06)	(-8.795689e-02 0.000000e+00 4.993701e-06)
1.803000e+04	lowerWall	(-8.904548e-02 0.000000e+00 -3.900569e-06)	(-8.795359e-02 0.000000e+00 4.989176e-06)
1.804000e+04	lowerWall	(-8.904125e-02 0.000000e+00 -3.896358e-06)	(-8.795029e-02 0.000000e+00 4.984650e-06)
1.805000e+04	lowerWall	(-8.903703e-02 0.000000e+00 -3.892149e-06)	(-8.794700e-02 0.000000e+00 4.980112e-06)
1.806000e+04	lowerWall	(-8.903282e-02 0.000000e+00 -3.887942e-06)	(-8.794371e-02 0.000000e+00 4.975568e-06)
1.807000e+04	lowerWall	(-8.902861e-02 0.000000e+00 -3.883739e-06)	(-8.794042e-02 0.000000e+00 4.971021e-06)
1.808000e+04	lowerWall	(-8.902441e-02 0.000000e+00 -3.879538e-06)	(-8.793715e-02 0.000000e+00 4.966474e-06)
1.809000e+04	lowerWall	(-8.902021e-02 0.000000e+00 -3.875340e-06)	(-8.793387e-02 0.000000e+00 4.961929e-06)
1.810000e+04	lowerWall	(-8.901602e-02 0.000000e+00 -3.871146e-06)	(-8.793061e-02 0.000000e+00 4.957381e-06)
1.811000e+04	lowerWall	(-8.901184e-02 0.000000e+00 -3.866954e-06)	(-8.792734e-02 0.000000e+00 4.952825e-06)
1.812000e+04	lowerWall	(-8.900766e-02 0.000000e+00 -3.862765e-06)	(-8.792409e-02 0.000000e+00 4.948263e-06)
1.813000e+04	lowerWall	(-8.900349e-02 0.000000e+00 -3.858578e-06)	(-8.792083e-02 0.000000e+00 4.943699e-06)
1.814000e+04	lowerWall	(-8.899932e-02 0.000000e+00 -3.854395e-06)	(-8.791759e-02 0.000000e+00 4.939135e-06)
1.815000e+04	lowerWall	(-8.899516e-02 0.000000e+00 -3.850214e-06)	(-8.791434e-02 0.000000e+00 4.934571e-06)
1.816000e+04	lowerWall	(-8.899100e-02 0.000000e+00 -3.846037e-06)	(-8.791111e-02 0.000000e+00 4.930004e-06)
1.817000e+04	lowerWall	(-8.898686e-02 0.000000e+00 -3.841862e-06)	(-8.790788e-02 0.000000e+00 4.925431e-06)
1.818000e+04	lowerWall	(-8.898271e-02 0.000000e+00 -3.837689e-06)	(-8.790465e-02 0.000000e+00 4.920855e-06)
1.819000e+04	lowerWall	(-8.897857e-02 0.000000e+00 -3.833519e-06)	(-8.790143e-02 0.000000e+00 4.916277e-06)
1.820000e+04	lowerWall	(-8.897444e-02 0.000000e+00 -3.829352e-06)	(-8.789821e-02 0.000000e+00 4.911699e-06)
1.821000e+04	lowerWall	(-8.897031e-02 0.000000e+00 -3.825188e-06)	(-8.789500e-02 0.000000e+00 4.907122e-06)
1.822000e+04	lowerWall	(-8.896619e-02 0.000000e+00 -3.821026e-06)	(-8.789179e-02 0.000000e+00 4.902541e-06)
1.823000e+04	lowerWall	(-8.896208e-02 0.000000e+00 -3.816867e-06)	(-8.788859e-02 0.000000e+00 4.897957e-06)
1.824000e+04	lowerWall	(-8.895797e-02 0.000000e+00 -3.812711e-06)	(-8.788539e-02 0.000000e+00 4.893372e-06)
1.825000e+04	lowerWall	(-8.895386e-02 0.000000e+00 -3.808557e-06)	(-8.788220e-02 0.000000e+00 4.888787e-06)
1.826000e+04	lowerWall	(-8.894976e-02 0.000000e+00 -3.804407e-06)	(-8.787901e-02 0.000000e+00 4.884203e-06)
1.827000e+04	lowerWall	(-8.894567e-02 0.000000e+00 -3.800260e-06)	(-8.787582e-02 0.000000e+00 4.879616e-06)
1.828000e+04	lowerWall	(-8.894158e-02 0.000000e+00 -3.796115e-06)	(-8.787265e-02 0.000000e+00 4.875029e-06)
1.829000e+04	lowerWall	(-8.893750e-02 0.000000e+00 -3.791974e-06)	(-8.786947e-02 0.000000e+00 4.870442e-06)
1.830000e+04	lowerWall	(-8.893343e-02 0.000000e+00 -3.787836e-06)	(-8.786630e-02 0.000000e+00 4.865857e-06)
1.831000e+04	lowerWall	(-8.892936e-02 0.000000e+00 -3.783700e-06)	(-8.786314e-02 0.000000e+00 4.861270e-06)
1.832000e+04	lowerWall	(-8.892529e-02 0.000000e+00 -3.779568e-06)	(-8.785998e-02 0.000000e+00 4.856684e-06)
1.833000e+04	lowerWall	(-8.892123e-02 0.000000e+00 -3.775437e-06)	(-8.785683e-02 0.000000e+00 4.852099e-06)
1.834000e+04	lowerWall	(-8.891718e-02 0.000000e+00 -3.771310e-06)	(-8.785368e-02 0.000000e+00 4.847515e-06)
1.835000e+04	lowerWall	(-8.891335e-02 0.000000e+00 -3.760805e-06)	(-8.785201e-02 0.000000e+00 4.840620e-06)
1.836000e+04	lowerWall	(-8.890975e-02 0.000000e+00 -3.748364e-06)	(-8.784974e-02 0.000000e+00 4.833102e-06)
1.837000e+04	lowerWall	(-8.890556e-02 0.000000e+00 -3.749065e-06)	(-8.784595e-02 0.000000e+00 4.830283e-06)
1.838000e+04	lowerWall	(-8.890185e-02 0.000000e+00 -3.736632e-06)	(-8.784468e-02 0.000000e+00 4.822670e-06)
1.839000e+04	lowerWall	(-8.889797e-02 0.000000e+00 -3.731626e-06)	(-8.784129e-02 0.000000e+00 4.817855e-06)
1.840000e+04	lowerWall	(-8.889377e-02 0.000000e+00 -3.732751e-06)	(-8.783746e-02 0.000000e+00 4.815172e-06)
1.841000e+04	lowerWall	(-8.889043e-02 0.000000e+00 -3.713132e-06)	(-8.783686e-02 0.000000e+00 4.805047e-06)
1.842000e+04	lowerWall	(-8.888615e-02 0.000000e+00 -3.717364e-06)	(-8.783256e-02 0.000000e+00 4.803512e-06)
1.843000e+04	lowerWall	(-8.888272e-02 0.000000e+00 -3.699079e-06)	(-8.783227e-02 0.000000e+00 4.793811e-06)
1.844000e+04	lowerWall	(-8.887855e-02 0.000000e+00 -3.701931e-06)	(-8.782770e-02 0.000000e+00 4.791841e-06)
1.845000e+04	lowerWall	(-8.887491e-02 0.000000e+00 -3.689114e-06)	(-8.782658e-02 0.000000e+00 4.784112e-06)
1.846000e+04	lowerWall	(-8.887101e-02 0.000000e+00 -3.685858e-06)	(-8.782298e-02 0.000000e+00 4.779939e-06)
1.847000e+04	lowerWall	(-8.886713e-02 0.000000e+00 -3.679119e-06)	(-8.782092e-02 0.000000e+00 4.774413e-06)
1.848000e+04	lowerWall	(-8.886342e-02 0.000000e+00 -3.671165e-06)	(-8.781807e-02 0.000000e+00 4.768530e-06)
1.849000e+04	lowerWall	(-8.885941e-02 0.000000e+00 -3.668135e-06)	(-8.781544e-02 0.000000e+00 4.764359e-06)
1.850000e+04	lowerWall	(-8.885602e-02 0.000000e+00 -3.651579e-06)	(-8.781445e-02 0.000000e+00 4.755336e-06)
1.851000e+04	lowerWall	(-8.885160e-02 0.000000e+00 -3.661301e-06)	(-8.780886e-02 0.000000e+00 4.755827e-06)
1.852000e+04	lowerWall	(-8.884826e-02 0.000000e+00 -3.642359e-06)	(-8.780872e-02 0.000000e+00 4.745915e-06)
1.853000e+04	lowerWall	(-8.884426e-02 0.000000e+00 -3.642312e-06)	(-8.780468e-02 0.000000e+00 4.742903e-06)
1.854000e+04	lowerWall	(-8.884051e-02 0.000000e+00 -3.633464e-06)	(-8.780299e-02 0.000000e+00 4.736624e-06)
1.855000e+04	lowerWall	(-8.883705e-02 0.000000e+00 -3.619685e-06)	(-8.780159e-02 0.000000e+00 4.728621e-06)
1.856000e+04	lowerWall	(-8.883278e-02 0.000000e+00 -3.625456e-06)	(-8.779713e-02 0.000000e+00 4.727641e-06)
1.857000e+04	lowerWall	(-8.882935e-02 0.000000e+00 -3.610459e-06)	(-8.779595e-02 0.000000e+00 4.719200e-06)
1.858000e+04	lowerWall	(-8.882581e-02 0.000000e+00 -3.599033e-06)	(-8.779422e-02 0.000000e+00 4.712041e-06)
1.859000e+04	lowerWall	(-8.882153e-02 0.000000e+00 -3.605468e-06)	(-8.778969e-02 0.000000e+00 4.711320e-06)
1.860000e+04	lowerWall	(-8.881808e-02 0.000000e+00 -3.591733e-06)	(-8.778832e-02 0.000000e+00 4.703283e-06)
1.861000e+04	lowerWall	(-8.881456e-02 0.000000e+00 -3.581117e-06)	(-8.778647e-02 0.000000e+00 4.696414e-06)
1.862000e+04	lowerWall	(-8.881098e-02 0.000000e+00 -3.572162e-06)	(-8.778441e-02 0.000000e+00 4.690141e-06)
1.863000e+04	lowerWall	(-8.880737e-02 0.000000e+00 -3.564179e-06)	(-8.778223e-02 0.000000e+00 4.684216e-06)
1.864000e+04	lowerWall	(-8.880373e-02 0.000000e+00 -3.556804e-06)	(-8.777995e-02 0.000000e+00 4.678510e-06)
1.865000e+04	lowerWall	(-8.880008e-02 0.000000e+00 -3.549836e-06)	(-8.777761e-02 0.000000e+00 4.672951e-06)
1.866000e+04	lowerWall	(-8.879642e-02 0.000000e+00 -3.543158e-06)	(-8.777523e-02 0.000000e+00 4.667597e-06)
1.867000e+04	lowerWall	(-8.879275e-02 0.000000e+00 -3.536697e-06)	(-8.777281e-02 0.000000e+00 4.662515e-06)
1.868000e+04	lowerWall	(-8.878908e-02 0.000000e+00 -3.530409e-06)	(-8.777036e-02 0.000000e+00 4.657489e-06)
1.869000e+04	lowerWall	(-8.878540e-02 0.000000e+00 -3.524260e-06)	(-8.776788e-02 0.000000e+00 4.652510e-06)
1.870000e+04	lowerWall	(-8.878172e-02 0.000000e+00 -3.518230e-06)	(-8.776539e-02 0.000000e+00 4.647570e-06)
1.871000e+04	lowerWall	(-8.877804e-02 0.000000e+00 -3.512299e-06)	(-8.776288e-02 0.000000e+00 4.642663e-06)
1.872000e+04	lowerWall	(-8.877435e-02 0.000000e+00 -3.506456e-06)	(-8.776035e-02 0.000000e+00 4.637786e-06)
1.873000e+04	lowerWall	(-8.877067e-02 0.000000e+00 -3.500691e-06)	(-8.775781e-02 0.000000e+00 4.632934e-06)
1.874000e+04	lowerWall	(-8.876699e-02 0.000000e+00 -3.494996e-06)	(-8.775526e-02 0.000000e+00 4.628107e-06)
1.875000e+04	lowerWall	(-8.876330e-02 0.000000e+00 -3.489364e-06)	(-8.775270e-02 0.000000e+00 4.623300e-06)
1.876000e+04	lowerWall	(-8.875962e-02 0.000000e+00 -3.483789e-06)	(-8.775013e-02 0.000000e+00 4.618513e-06)
1.877000e+04	lowerWall	(-8.875594e-02 0.000000e+00 -3.478266e-06)	(-8.774755e-02 0.000000e+00 4.613744e-06)
1.878000e+04	lowerWall	(-8.875226e-02 0.000000e+00 -3.472795e-06)	(-8.774497e-02 0.000000e+00 4.608992e-06)
1.879000e+04	lowerWall	(-8.874859e-02 0.000000e+00 -3.467368e-06)	(-8.774238e-02 0.000000e+00 4.604255e-06)
1.880000e+04	lowerWall	(-8.874491e-02 0.000000e+00 -3.461983e-06)	(-8.773979e-02 0.000000e+00 4.599533e-06)
1.881000e+04	lowerWall	(-8.874124e-02 0.000000e+00 -3.456637e-06)	(-8.773719e-02 0.000000e+00 4.594825e-06)
1.882000e+04	lowerWall	(-8.873757e-02 0.000000e+00 -3.451329e-06)	(-8.773458e-02 0.000000e+00 4.590129e-06)
1.883000e+04	lowerWall	(-8.873390e-02 0.000000e+00 -3.446054e-06)	(-8.773198e-02 0.000000e+00 4.585447e-06)
1.884000e+04	lowerWall	(-8.873024e-02 0.000000e+00 -3.440816e-06)	(-8.772937e-02 0.000000e+00 4.580775e-06)
1.885000e+04	lowerWall	(-8.872658e-02 0.000000e+00 -3.435613e-06)	(-8.772676e-02 0.000000e+00 4.576114e-06)
1.886000e+04	lowerWall	(-8.872292e-02 0.000000e+00 -3.430437e-06)	(-8.772414e-02 0.000000e+00 4.571464e-06)
1.887000e+04	lowerWall	(-8.871926e-02 0.000000e+00 -3.425290e-06)	(-8.772153e-02 0.000000e+00 4.566824e-06)
1.888000e+04	lowerWall	(-8.871561e-02 0.000000e+00 -3.420169e-06)	(-8.771891e-02 0.000000e+00 4.562195e-06)
1.889000e+04	lowerWall	(-8.871196e-02 0.000000e+00 -3.415074e-06)	(-8.771629e-02 0.000000e+00 4.557575e-06)
1.890000e+04	lowerWall	(-8.870832e-02 0.000000e+00 -3.410004e-06)	(-8.771367e-02 0.000000e+00 4.552964e-06)
1.891000e+04	lowerWall	(-8.870467e-02 0.000000e+00 -3.404958e-06)	(-8.771105e-02 0.000000e+00 4.548363e-06)
1.892000e+04	lowerWall	(-8.870103e-02 0.000000e+00 -3.399939e-06)	(-8.770842e-02 0.000000e+00 4.543769e-06)
1.893000e+04	lowerWall	(-8.869740e-02 0.000000e+00 -3.394941e-06)	(-8.770580e-02 0.000000e+00 4.539183e-06)
1.894000e+04	lowerWall	(-8.869376e-02 0.000000e+00 -3.389964e-06)	(-8.770318e-02 0.000000e+00 4.534606e-06)
1.895000e+04	lowerWall	(-8.869014e-02 0.000000e+00 -3.385007e-06)	(-8.770055e-02 0.000000e+00 4.530037e-06)
1.896000e+04	lowerWall	(-8.868651e-02 0.000000e+00 -3.380071e-06)	(-8.769793e-02 0.000000e+00 4.525476e-06)
1.897000e+04	lowerWall	(-8.868289e-02 0.000000e+00 -3.375153e-06)	(-8.769531e-02 0.000000e+00 4.520922e-06)
1.898000e+04	lowerWall	(-8.867927e-02 0.000000e+00 -3.370254e-06)	(-8.769268e-02 0.000000e+00 4.516376e-06)
1.899000e+04	lowerWall	(-8.867566e-02 0.000000e+00 -3.365374e-06)	(-8.769006e-02 0.000000e+00 4.511836e-06)
1.900000e+04	lowerWall	(-8.867205e-02 0.000000e+00 -3.360502e-06)	(-8.768744e-02 0.000000e+00 4.507303e-06)
1.901000e+04	lowerWall	(-8.866844e-02 0.000000e+00 -3.355633e-06)	(-8.768482e-02 0.000000e+00 4.502778e-06)
1.902000e+04	lowerWall	(-8.866484e-02 0.000000e+00 -3.350753e-06)	(-8.768220e-02 0.000000e+00 4.498261e-06)
1.903000e+04	lowerWall	(-8.866124e-02 0.000000e+00 -3.345872e-06)	(-8.767958e-02 0.000000e+00 4.493751e-06)
1.904000e+04	lowerWall	(-8.865764e-02 0.000000e+00 -3.341002e-06)	(-8.767696e-02 0.000000e+00 4.489248e-06)
1.905000e+04	lowerWall	(-8.865405e-02 0.000000e+00 -3.336148e-06)	(-8.767434e-02 0.000000e+00 4.484751e-06)
1.906000e+04	lowerWall	(-8.865047e-02 0.000000e+00 -3.331314e-06)	(-8.767173e-02 0.000000e+00 4.480260e-06)
1.907000e+04	lowerWall	(-8.864688e-02 0.000000e+00 -3.326499e-06)	(-8.766911e-02 0.000000e+00 4.475774e-06)
1.908000e+04	lowerWall	(-8.864331e-02 0.000000e+00 -3.321703e-06)	(-8.766650e-02 0.000000e+00 4.471294e-06)
1.909000e+04	lowerWall	(-8.863973e-02 0.000000e+00 -3.316925e-06)	(-8.766388e-02 0.000000e+00 4.466819e-06)
1.910000e+04	lowerWall	(-8.863616e-02 0.000000e+00 -3.312165e-06)	(-8.766127e-02 0.000000e+00 4.462351e-06)
1.911000e+04	lowerWall	(-8.863259e-02 0.000000e+00 -3.307422e-06)	(-8.765866e-02 0.000000e+00 4.457887e-06)
1.912000e+04	lowerWall	(-8.862903e-02 0.000000e+00 -3.302695e-06)	(-8.765606e-02 0.000000e+00 4.453429e-06)
1.913000e+04	lowerWall	(-8.862547e-02 0.000000e+00 -3.297985e-06)	(-8.765345e-02 0.000000e+00 4.448976e-06)
1.914000e+04	lowerWall	(-8.862192e-02 0.000000e+00 -3.293290e-06)	(-8.765085e-02 0.000000e+00 4.444528e-06)
1.915000e+04	lowerWall	(-8.861836e-02 0.000000e+00 -3.288611e-06)	(-8.764824e-02 0.000000e+00 4.440086e-06)
1.916000e+04	lowerWall	(-8.861482e-02 0.000000e+00 -3.283948e-06)	(-8.764564e-02 0.000000e+00 4.435648e-06)
1.917000e+04	lowerWall	(-8.861127e-02 0.000000e+00 -3.279302e-06)	(-8.764305e-02 0.000000e+00 4.431215e-06)
1.918000e+04	lowerWall	(-8.860773e-02 0.000000e+00 -3.274670e-06)	(-8.764045e-02 0.000000e+00 4.426787e-06)
1.919000e+04	lowerWall	(-8.860420e-02 0.000000e+00 -3.270053e-06)	(-8.763785e-02 0.000000e+00 4.422364e-06)
1.920000e+04	lowerWall	(-8.860067e-02 0.000000e+00 -3.265450e-06)	(-8.763526e-02 0.000000e+00 4.417945e-06)
1.921000e+04	lowerWall	(-8.859714e-02 0.000000e+00 -3.260860e-06)	(-8.763267e-02 0.000000e+00 4.413531e-06)
1.922000e+04	lowerWall	(-8.859362e-02 0.000000e+00 -3.256283e-06)	(-8.763008e-02 0.000000e+00 4.409122e-06)
1.923000e+04	lowerWall	(-8.859010e-02 0.000000e+00 -3.251719e-06)	(-8.762750e-02 0.000000e+00 4.404718e-06)
1.924000e+04	lowerWall	(-8.858658e-02 0.000000e+00 -3.247168e-06)	(-8.762491e-02 0.000000e+00 4.400318e-06)
1.925000e+04	lowerWall	(-8.858307e-02 0.000000e+00 -3.242628e-06)	(-8.762233e-02 0.000000e+00 4.395923e-06)
1.926000e+04	lowerWall	(-8.857957e-02 0.000000e+00 -3.238101e-06)	(-8.761975e-02 0.000000e+00 4.391533e-06)
1.927000e+04	lowerWall	(-8.857606e-02 0.000000e+00 -3.233585e-06)	(-8.761717e-02 0.000000e+00 4.387146e-06)
1.928000e+04	lowerWall	(-8.857256e-02 0.000000e+00 -3.229081e-06)	(-8.761460e-02 0.000000e+00 4.382765e-06)
1.929000e+04	lowerWall	(-8.856907e-02 0.000000e+00 -3.224588e-06)	(-8.761203e-02 0.000000e+00 4.378387e-06)
1.930000e+04	lowerWall	(-8.856558e-02 0.000000e+00 -3.220106e-06)	(-8.760946e-02 0.000000e+00 4.374014e-06)
1.931000e+04	lowerWall	(-8.856209e-02 0.000000e+00 -3.215637e-06)	(-8.760689e-02 0.000000e+00 4.369646e-06)
1.932000e+04	lowerWall	(-8.855861e-02 0.000000e+00 -3.211185e-06)	(-8.760433e-02 0.000000e+00 4.365281e-06)
1.933000e+04	lowerWall	(-8.855513e-02 0.000000e+00 -3.206748e-06)	(-8.760176e-02 0.000000e+00 4.360919e-06)
1.934000e+04	lowerWall	(-8.855166e-02 0.000000e+00 -3.202327e-06)	(-8.759920e-02 0.000000e+00 4.356562e-06)
1.935000e+04	lowerWall	(-8.854819e-02 0.000000e+00 -3.197925e-06)	(-8.759665e-02 0.000000e+00 4.352209e-06)
1.936000e+04	lowerWall	(-8.854472e-02 0.000000e+00 -3.193538e-06)	(-8.759409e-02 0.000000e+00 4.347860e-06)
1.937000e+04	lowerWall	(-8.854126e-02 0.000000e+00 -3.189166e-06)	(-8.759154e-02 0.000000e+00 4.343514e-06)
1.938000e+04	lowerWall	(-8.853780e-02 0.000000e+00 -3.184806e-06)	(-8.758899e-02 0.000000e+00 4.339274e-06)
1.939000e+04	lowerWall	(-8.853434e-02 0.000000e+00 -3.180457e-06)	(-8.758644e-02 0.000000e+00 4.335148e-06)
1.940000e+04	lowerWall	(-8.853089e-02 0.000000e+00 -3.176120e-06)	(-8.758390e-02 0.000000e+00 4.331026e-06)
1.941000e+04	lowerWall	(-8.852745e-02 0.000000e+00 -3.171794e-06)	(-8.758136e-02 0.000000e+00 4.326908e-06)
1.942000e+04	lowerWall	(-8.852401e-02 0.000000e+00 -3.167477e-06)	(-8.757882e-02 0.000000e+00 4.322792e-06)
1.943000e+04	lowerWall	(-8.852057e-02 0.000000e+00 -3.163171e-06)	(-8.757628e-02 0.000000e+00 4.318680e-06)
1.944000e+04	lowerWall	(-8.851714e-02 0.000000e+00 -3.158874e-06)	(-8.757375e-02 0.000000e+00 4.314572e-06)
1.945000e+04	lowerWall	(-8.851371e-02 0.000000e+00 -3.154587e-06)	(-8.757122e-02 0.000000e+00 4.310466e-06)
1.946000e+04	lowerWall	(-8.851028e-02 0.000000e+00 -3.150317e-06)	(-8.756869e-02 0.000000e+00 4.306364e-06)
1.947000e+04	lowerWall	(-8.850686e-02 0.000000e+00 -3.146061e-06)	(-8.756616e-02 0.000000e+00 4.302264e-06)
1.948000e+04	lowerWall	(-8.850344e-02 0.000000e+00 -3.141818e-06)	(-8.756364e-02 0.000000e+00 4.298168e-06)
1.949000e+04	lowerWall	(-8.850003e-02 0.000000e+00 -3.137586e-06)	(-8.756112e-02 0.000000e+00 4.294075e-06)
1.950000e+04	lowerWall	(-8.849662e-02 0.000000e+00 -3.133365e-06)	(-8.755860e-02 0.000000e+00 4.289985e-06)
1.951000e+04	lowerWall	(-8.849322e-02 0.000000e+00 -3.129154e-06)	(-8.755609e-02 0.000000e+00 4.285898e-06)
1.952000e+04	lowerWall	(-8.848981e-02 0.000000e+00 -3.124952e-06)	(-8.755358e-02 0.000000e+00 4.281815e-06)
1.953000e+04	lowerWall	(-8.848642e-02 0.000000e+00 -3.120760e-06)	(-8.755107e-02 0.000000e+00 4.277734e-06)
1.954000e+04	lowerWall	(-8.848303e-02 0.000000e+00 -3.116577e-06)	(-8.754856e-02 0.000000e+00 4.273657e-06)
1.955000e+04	lowerWall	(-8.847964e-02 0.000000e+00 -3.112402e-06)	(-8.754606e-02 0.000000e+00 4.269582e-06)
1.956000e+04	lowerWall	(-8.847625e-02 0.000000e+00 -3.108237e-06)	(-8.754356e-02 0.000000e+00 4.265511e-06)
1.957000e+04	lowerWall	(-8.847287e-02 0.000000e+00 -3.104080e-06)	(-8.754106e-02 0.000000e+00 4.261443e-06)
1.958000e+04	lowerWall	(-8.846950e-02 0.000000e+00 -3.099933e-06)	(-8.753857e-02 0.000000e+00 4.257378e-06)
1.959000e+04	lowerWall	(-8.846612e-02 0.000000e+00 -3.095801e-06)	(-8.753608e-02 0.000000e+00 4.253315e-06)
1.960000e+04	lowerWall	(-8.846276e-02 0.000000e+00 -3.091681e-06)	(-8.753359e-02 0.000000e+00 4.249256e-06)
1.961000e+04	lowerWall	(-8.845939e-02 0.000000e+00 -3.087571e-06)	(-8.753111e-02 0.000000e+00 4.245200e-06)
1.962000e+04	lowerWall	(-8.845603e-02 0.000000e+00 -3.083469e-06)	(-8.752862e-02 0.000000e+00 4.241147e-06)
1.963000e+04	lowerWall	(-8.845268e-02 0.000000e+00 -3.079375e-06)	(-8.752614e-02 0.000000e+00 4.237097e-06)
1.964000e+04	lowerWall	(-8.844933e-02 0.000000e+00 -3.075291e-06)	(-8.752367e-02 0.000000e+00 4.233050e-06)
1.965000e+04	lowerWall	(-8.844598e-02 0.000000e+00 -3.071215e-06)	(-8.752119e-02 0.000000e+00 4.229006e-06)
1.966000e+04	lowerWall	(-8.844264e-02 0.000000e+00 -3.067148e-06)	(-8.751872e-02 0.000000e+00 4.224965e-06)
1.967000e+04	lowerWall	(-8.843930e-02 0.000000e+00 -3.063090e-06)	(-8.751625e-02 0.000000e+00 4.220927e-06)
1.968000e+04	lowerWall	(-8.843597e-02 0.000000e+00 -3.059041e-06)	(-8.751379e-02 0.000000e+00 4.216891e-06)
1.969000e+04	lowerWall	(-8.843266e-02 0.000000e+00 -3.055001e-06)	(-8.751133e-02 0.000000e+00 4.212858e-06)
1.970000e+04	lowerWall	(-8.842935e-02 0.000000e+00 -3.050972e-06)	(-8.750887e-02 0.000000e+00 4.208828e-06)
1.971000e+04	lowerWall	(-8.842604e-02 0.000000e+00 -3.046965e-06)	(-8.750641e-02 0.000000e+00 4.204801e-06)
1.972000e+04	lowerWall	(-8.842274e-02 0.000000e+00 -3.042979e-06)	(-8.750396e-02 0.000000e+00 4.200776e-06)
1.973000e+04	lowerWall	(-8.841944e-02 0.000000e+00 -3.039008e-06)	(-8.750151e-02 0.000000e+00 4.196754e-06)
1.974000e+04	lowerWall	(-8.841615e-02 0.000000e+00 -3.035051e-06)	(-8.749906e-02 0.000000e+00 4.192735e-06)
1.975000e+04	lowerWall	(-8.841286e-02 0.000000e+00 -3.031104e-06)	(-8.749662e-02 0.000000e+00 4.188718e-06)
1.976000e+04	lowerWall	(-8.840957e-02 0.000000e+00 -3.027167e-06)	(-8.749418e-02 0.000000e+00 4.184705e-06)
1.977000e+04	lowerWall	(-8.840629e-02 0.000000e+00 -3.023239e-06)	(-8.749174e-02 0.000000e+00 4.180694e-06)
1.978000e+04	lowerWall	(-8.840301e-02 0.000000e+00 -3.019321e-06)	(-8.748931e-02 0.000000e+00 4.176685e-06)
1.979000e+04	lowerWall	(-8.839974e-02 0.000000e+00 -3.015412e-06)	(-8.748688e-02 0.000000e+00 4.172680e-06)
1.980000e+04	lowerWall	(-8.839647e-02 0.000000e+00 -3.011514e-06)	(-8.748445e-02 0.000000e+00 4.168677e-06)
1.981000e+04	lowerWall	(-8.839320e-02 0.000000e+00 -3.007635e-06)	(-8.748202e-02 0.000000e+00 4.164676e-06)
1.982000e+04	lowerWall	(-8.838994e-02 0.000000e+00 -3.003782e-06)	(-8.747960e-02 0.000000e+00 4.160678e-06)
1.983000e+04	lowerWall	(-8.838668e-02 0.000000e+00 -2.999947e-06)	(-8.747718e-02 0.000000e+00 4.156683e-06)
1.984000e+04	lowerWall	(-8.838343e-02 0.000000e+00 -2.996128e-06)	(-8.747476e-02 0.000000e+00 4.152690e-06)
1.985000e+04	lowerWall	(-8.838018e-02 0.000000e+00 -2.992321e-06)	(-8.747235e-02 0.000000e+00 4.148700e-06)
1.986000e+04	lowerWall	(-8.837693e-02 0.000000e+00 -2.988526e-06)	(-8.746994e-02 0.000000e+00 4.144712e-06)
1.987000e+04	lowerWall	(-8.837369e-02 0.000000e+00 -2.984740e-06)	(-8.746753e-02 0.000000e+00 4.140728e-06)
1.988000e+04	lowerWall	(-8.837045e-02 0.000000e+00 -2.980965e-06)	(-8.746513e-02 0.000000e+00 4.136745e-06)
1.989000e+04	lowerWall	(-8.836721e-02 0.000000e+00 -2.977203e-06)	(-8.746273e-02 0.000000e+00 4.132765e-06)
1.990000e+04	lowerWall	(-8.836398e-02 0.000000e+00 -2.973456e-06)	(-8.746033e-02 0.000000e+00 4.128788e-06)
1.991000e+04	lowerWall	(-8.836076e-02 0.000000e+00 -2.969735e-06)	(-8.745794e-02 0.000000e+00 4.124813e-06)
1.992000e+04	lowerWall	(-8.835754e-02 0.000000e+00 -2.966033e-06)	(-8.745554e-02 0.000000e+00 4.120841e-06)
1.993000e+04	lowerWall	(-8.835432e-02 0.000000e+00 -2.962347e-06)	(-8.745315e-02 0.000000e+00 4.116871e-06)
1.994000e+04	lowerWall	(-8.835110e-02 0.000000e+00 -2.958671e-06)	(-8.745077e-02 0.000000e+00 4.112905e-06)
1.995000e+04	lowerWall	(-8.834789e-02 0.000000e+00 -2.955010e-06)	(-8.744839e-02 0.000000e+00 4.108940e-06)
1.996000e+04	lowerWall	(-8.834468e-02 0.000000e+00 -2.951361e-06)	(-8.744601e-02 0.000000e+00 4.104977e-06)
1.997000e+04	lowerWall	(-8.834148e-02 0.000000e+00 -2.947721e-06)	(-8.744363e-02 0.000000e+00 4.101017e-06)
1.998000e+04	lowerWall	(-8.833828e-02 0.000000e+00 -2.944094e-06)	(-8.744126e-02 0.000000e+00 4.097060e-06)
1.999000e+04	lowerWall	(-8.833509e-02 0.000000e+00 -2.940488e-06)	(-8.743889e-02 0.000000e+00 4.093106e-06)
2.000000e+04	lowerWall	(-8.833190e-02 0.000000e+00 -2.936898e-06)	(-8.743652e-02 0.000000e+00 4.089153e-06)
2.001000e+04	lowerWall	(-8.832871e-02 0.000000e+00 -2.933322e-06)	(-8.743415e-02 0.000000e+00 4.085204e-06)
2.002000e+04	lowerWall	(-8.832552e-02 0.000000e+00 -2.929758e-06)	(-8.743179e-02 0.000000e+00 4.081257e-06)
2.003000e+04	lowerWall	(-8.832234e-02 0.000000e+00 -2.926209e-06)	(-8.742943e-02 0.000000e+00 4.077312e-06)
2.004000e+04	lowerWall	(-8.831917e-02 0.000000e+00 -2.922669e-06)	(-8.742708e-02 0.000000e+00 4.073369e-06)
2.005000e+04	lowerWall	(-8.831600e-02 0.000000e+00 -2.919139e-06)	(-8.742473e-02 0.000000e+00 4.069429e-06)
2.006000e+04	lowerWall	(-8.831283e-02 0.000000e+00 -2.915619e-06)	(-8.742238e-02 0.000000e+00 4.065492e-06)
2.007000e+04	lowerWall	(-8.830967e-02 0.000000e+00 -2.912110e-06)	(-8.742003e-02 0.000000e+00 4.061556e-06)
2.008000e+04	lowerWall	(-8.830650e-02 0.000000e+00 -2.908610e-06)	(-8.741769e-02 0.000000e+00 4.057624e-06)
2.009000e+04	lowerWall	(-8.830335e-02 0.000000e+00 -2.905120e-06)	(-8.741535e-02 0.000000e+00 4.053694e-06)
2.010000e+04	lowerWall	(-8.830020e-02 0.000000e+00 -2.901638e-06)	(-8.741301e-02 0.000000e+00 4.049766e-06)
2.011000e+04	lowerWall	(-8.829705e-02 0.000000e+00 -2.898166e-06)	(-8.741068e-02 0.000000e+00 4.045840e-06)
2.012000e+04	lowerWall	(-8.829390e-02 0.000000e+00 -2.894696e-06)	(-8.740835e-02 0.000000e+00 4.041918e-06)
2.013000e+04	lowerWall	(-8.829076e-02 0.000000e+00 -2.891224e-06)	(-8.740602e-02 0.000000e+00 4.037997e-06)
2.014000e+04	lowerWall	(-8.828762e-02 0.000000e+00 -2.887753e-06)	(-8.740370e-02 0.000000e+00 4.034079e-06)
2.015000e+04	lowerWall	(-8.828449e-02 0.000000e+00 -2.884285e-06)	(-8.740138e-02 0.000000e+00 4.030335e-06)
2.016000e+04	lowerWall	(-8.828136e-02 0.000000e+00 -2.880822e-06)	(-8.739906e-02 0.000000e+00 4.026612e-06)
2.017000e+04	lowerWall	(-8.827824e-02 0.000000e+00 -2.877363e-06)	(-8.739674e-02 0.000000e+00 4.022890e-06)
2.018000e+04	lowerWall	(-8.827512e-02 0.000000e+00 -2.873907e-06)	(-8.739443e-02 0.000000e+00 4.019170e-06)
2.019000e+04	lowerWall	(-8.827200e-02 0.000000e+00 -2.870444e-06)	(-8.739212e-02 0.000000e+00 4.015453e-06)
2.020000e+04	lowerWall	(-8.826888e-02 0.000000e+00 -2.866972e-06)	(-8.738982e-02 0.000000e+00 4.011737e-06)
2.021000e+04	lowerWall	(-8.826577e-02 0.000000e+00 -2.863496e-06)	(-8.738752e-02 0.000000e+00 4.008023e-06)
2.022000e+04	lowerWall	(-8.826267e-02 0.000000e+00 -2.860021e-06)	(-8.738522e-02 0.000000e+00 4.004311e-06)
2.023000e+04	lowerWall	(-8.825956e-02 0.000000e+00 -2.856548e-06)	(-8.738292e-02 0.000000e+00 4.000601e-06)
2.024000e+04	lowerWall	(-8.825646e-02 0.000000e+00 -2.853079e-06)	(-8.738063e-02 0.000000e+00 3.996893e-06)
2.025000e+04	lowerWall	(-8.825337e-02 0.000000e+00 -2.849609e-06)	(-8.737833e-02 0.000000e+00 3.993187e-06)
2.026000e+04	lowerWall	(-8.825028e-02 0.000000e+00 -2.846126e-06)	(-8.737605e-02 0.000000e+00 3.989483e-06)
2.027000e+04	lowerWall	(-8.824719e-02 0.000000e+00 -2.842634e-06)	(-8.737376e-02 0.000000e+00 3.985780e-06)
2.028000e+04	lowerWall	(-8.824411e-02 0.000000e+00 -2.839141e-06)	(-8.737148e-02 0.000000e+00 3.982080e-06)
2.029000e+04	lowerWall	(-8.824103e-02 0.000000e+00 -2.835648e-06)	(-8.736920e-02 0.000000e+00 3.978381e-06)
2.030000e+04	lowerWall	(-8.823795e-02 0.000000e+00 -2.832157e-06)	(-8.736693e-02 0.000000e+00 3.974684e-06)
2.031000e+04	lowerWall	(-8.823488e-02 0.000000e+00 -2.828670e-06)	(-8.736466e-02 0.000000e+00 3.970990e-06)
2.032000e+04	lowerWall	(-8.823181e-02 0.000000e+00 -2.825182e-06)	(-8.736239e-02 0.000000e+00 3.967297e-06)
2.033000e+04	lowerWall	(-8.822874e-02 0.000000e+00 -2.821683e-06)	(-8.736012e-02 0.000000e+00 3.963606e-06)
2.034000e+04	lowerWall	(-8.822568e-02 0.000000e+00 -2.818174e-06)	(-8.735786e-02 0.000000e+00 3.959916e-06)
2.035000e+04	lowerWall	(-8.822263e-02 0.000000e+00 -2.814663e-06)	(-8.735560e-02 0.000000e+00 3.956229e-06)
2.036000e+04	lowerWall	(-8.821957e-02 0.000000e+00 -2.811151e-06)	(-8.735334e-02 0.000000e+00 3.952544e-06)
2.037000e+04	lowerWall	(-8.821652e-02 0.000000e+00 -2.807639e-06)	(-8.735109e-02 0.000000e+00 3.948860e-06)
2.038000e+04	lowerWall	(-8.821348e-02 0.000000e+00 -2.804130e-06)	(-8.734884e-02 0.000000e+00 3.945178e-06)
2.039000e+04	lowerWall	(-8.821043e-02 0.000000e+00 -2.800622e-06)	(-8.734659e-02 0.000000e+00 3.941499e-06)
2.040000e+04	lowerWall	(-8.820740e-02 0.000000e+00 -2.797110e-06)	(-8.734435e-02 0.000000e+00 3.937821e-06)
2.041000e+04	lowerWall	(-8.820436e-02 0.000000e+00 -2.793587e-06)	(-8.734210e-02 0.000000e+00 3.934145e-06)
2.042000e+04	lowerWall	(-8.820133e-02 0.000000e+00 -2.790060e-06)	(-8.733987e-02 0.000000e+00 3.930471e-06)
2.043000e+04	lowerWall	(-8.819830e-02 0.000000e+00 -2.786531e-06)	(-8.733763e-02 0.000000e+00 3.926799e-06)
2.044000e+04	lowerWall	(-8.819528e-02 0.000000e+00 -2.783003e-06)	(-8.733540e-02 0.000000e+00 3.923129e-06)
2.045000e+04	lowerWall	(-8.819226e-02 0.000000e+00 -2.779476e-06)	(-8.733317e-02 0.000000e+00 3.919460e-06)
2.046000e+04	lowerWall	(-8.818924e-02 0.000000e+00 -2.775952e-06)	(-8.733094e-02 0.000000e+00 3.915794e-06)
2.047000e+04	lowerWall	(-8.818623e-02 0.000000e+00 -2.772430e-06)	(-8.732872e-02 0.000000e+00 3.912129e-06)
2.048000e+04	lowerWall	(-8.818322e-02 0.000000e+00 -2.768906e-06)	(-8.732650e-02 0.000000e+00 3.908466e-06)
2.049000e+04	lowerWall	(-8.818021e-02 0.000000e+00 -2.765375e-06)	(-8.732428e-02 0.000000e+00 3.904806e-06)
2.050000e+04	lowerWall	(-8.817721e-02 0.000000e+00 -2.761842e-06)	(-8.732207e-02 0.000000e+00 3.901146e-06)
2.051000e+04	lowerWall	(-8.817421e-02 0.000000e+00 -2.758309e-06)	(-8.731986e-02 0.000000e+00 3.897489e-06)
2.052000e+04	lowerWall	(-8.817122e-02 0.000000e+00 -2.754777e-06)	(-8.731765e-02 0.000000e+00 3.893834e-06)
2.053000e+04	lowerWall	(-8.816823e-02 0.000000e+00 -2.751247e-06)	(-8.731544e-02 0.000000e+00 3.890180e-06)
2.054000e+04	lowerWall	(-8.816524e-02 0.000000e+00 -2.747719e-06)	(-8.731324e-02 0.000000e+00 3.886529e-06)
2.055000e+04	lowerWall	(-8.816226e-02 0.000000e+00 -2.744193e-06)	(-8.731104e-02 0.000000e+00 3.882879e-06)
2.056000e+04	lowerWall	(-8.815928e-02 0.000000e+00 -2.740666e-06)	(-8.730885e-02 0.000000e+00 3.879231e-06)
2.057000e+04	lowerWall	(-8.815630e-02 0.000000e+00 -2.737135e-06)	(-8.730665e-02 0.000000e+00 3.875585e-06)
2.058000e+04	lowerWall	(-8.815333e-02 0.000000e+00 -2.733603e-06)	(-8.730446e-02 0.000000e+00 3.871941e-06)
2.059000e+04	lowerWall	(-8.815036e-02 0.000000e+00 -2.730072e-06)	(-8.730227e-02 0.000000e+00 3.868299e-06)
2.060000e+04	lowerWall	(-8.814740e-02 0.000000e+00 -2.726543e-06)	(-8.730009e-02 0.000000e+00 3.864658e-06)
2.061000e+04	lowerWall	(-8.814443e-02 0.000000e+00 -2.723017e-06)	(-8.729791e-02 0.000000e+00 3.861020e-06)
2.062000e+04	lowerWall	(-8.814148e-02 0.000000e+00 -2.719494e-06)	(-8.729573e-02 0.000000e+00 3.857383e-06)
2.063000e+04	lowerWall	(-8.813852e-02 0.000000e+00 -2.715973e-06)	(-8.729356e-02 0.000000e+00 3.853748e-06)
2.064000e+04	lowerWall	(-8.813557e-02 0.000000e+00 -2.712452e-06)	(-8.729138e-02 0.000000e+00 3.850114e-06)
2.065000e+04	lowerWall	(-8.813262e-02 0.000000e+00 -2.708930e-06)	(-8.728921e-02 0.000000e+00 3.846483e-06)
2.066000e+04	lowerWall	(-8.812968e-02 0.000000e+00 -2.705410e-06)	(-8.728705e-02 0.000000e+00 3.842853e-06)
2.067000e+04	lowerWall	(-8.812674e-02 0.000000e+00 -2.701891e-06)	(-8.728489e-02 0.000000e+00 3.839225e-06)
2.068000e+04	lowerWall	(-8.812381e-02 0.000000e+00 -2.698376e-06)	(-8.728273e-02 0.000000e+00 3.835599e-06)
2.069000e+04	lowerWall	(-8.812087e-02 0.000000e+00 -2.694863e-06)	(-8.728057e-02 0.000000e+00 3.831975e-06)
2.070000e+04	lowerWall	(-8.811794e-02 0.000000e+00 -2.691352e-06)	(-8.727841e-02 0.000000e+00 3.828353e-06)
2.071000e+04	lowerWall	(-8.811502e-02 0.000000e+00 -2.687843e-06)	(-8.727626e-02 0.000000e+00 3.824732e-06)
2.072000e+04	lowerWall	(-8.811210e-02 0.000000e+00 -2.684336e-06)	(-8.727411e-02 0.000000e+00 3.821113e-06)
2.073000e+04	lowerWall	(-8.810918e-02 0.000000e+00 -2.680832e-06)	(-8.727197e-02 0.000000e+00 3.817496e-06)
2.074000e+04	lowerWall	(-8.810626e-02 0.000000e+00 -2.677331e-06)	(-8.726983e-02 0.000000e+00 3.813881e-06)
2.075000e+04	lowerWall	(-8.810335e-02 0.000000e+00 -2.673833e-06)	(-8.726769e-02 0.000000e+00 3.810268e-06)
2.076000e+04	lowerWall	(-8.810044e-02 0.000000e+00 -2.670337e-06)	(-8.726555e-02 0.000000e+00 3.806656e-06)
2.077000e+04	lowerWall	(-8.809754e-02 0.000000e+00 -2.666844e-06)	(-8.726342e-02 0.000000e+00 3.803046e-06)
2.078000e+04	lowerWall	(-8.809464e-02 0.000000e+00 -2.663355e-06)	(-8.726129e-02 0.000000e+00 3.799437e-06)
2.079000e+04	lowerWall	(-8.809174e-02 0.000000e+00 -2.659870e-06)	(-8.725916e-02 0.000000e+00 3.795830e-06)
2.080000e+04	lowerWall	(-8.808885e-02 0.000000e+00 -2.656388e-06)	(-8.725703e-02 0.000000e+00 3.792225e-06)
2.081000e+04	lowerWall	(-8.808596e-02 0.000000e+00 -2.652911e-06)	(-8.725491e-02 0.000000e+00 3.788622e-06)
2.082000e+04	lowerWall	(-8.808307e-02 0.000000e+00 -2.649439e-06)	(-8.725279e-02 0.000000e+00 3.785021e-06)
2.083000e+04	lowerWall	(-8.808019e-02 0.000000e+00 -2.645969e-06)	(-8.725068e-02 0.000000e+00 3.781421e-06)
2.084000e+04	lowerWall	(-8.807731e-02 0.000000e+00 -2.642504e-06)	(-8.724856e-02 0.000000e+00 3.777824e-06)
2.085000e+04	lowerWall	(-8.807443e-02 0.000000e+00 -2.639043e-06)	(-8.724645e-02 0.000000e+00 3.774228e-06)
2.086000e+04	lowerWall	(-8.807156e-02 0.000000e+00 -2.635586e-06)	(-8.724435e-02 0.000000e+00 3.770634e-06)
2.087000e+04	lowerWall	(-8.806871e-02 0.000000e+00 -2.632134e-06)	(-8.724224e-02 0.000000e+00 3.767041e-06)
2.088000e+04	lowerWall	(-8.806586e-02 0.000000e+00 -2.628686e-06)	(-8.724014e-02 0.000000e+00 3.763451e-06)
2.089000e+04	lowerWall	(-8.806301e-02 0.000000e+00 -2.625241e-06)	(-8.723804e-02 0.000000e+00 3.759862e-06)
2.090000e+04	lowerWall	(-8.806017e-02 0.000000e+00 -2.621799e-06)	(-8.723595e-02 0.000000e+00 3.756276e-06)
2.091000e+04	lowerWall	(-8.805733e-02 0.000000e+00 -2.618361e-06)	(-8.723386e-02 0.000000e+00 3.752691e-06)
2.092000e+04	lowerWall	(-8.805449e-02 0.000000e+00 -2.614928e-06)	(-8.723177e-02 0.000000e+00 3.749261e-06)
2.093000e+04	lowerWall	(-8.805166e-02 0.000000e+00 -2.611499e-06)	(-8.722968e-02 0.000000e+00 3.745853e-06)
2.094000e+04	lowerWall	(-8.804883e-02 0.000000e+00 -2.608074e-06)	(-8.722760e-02 0.000000e+00 3.742447e-06)
2.095000e+04	lowerWall	(-8.804600e-02 0.000000e+00 -2.604653e-06)	(-8.722552e-02 0.000000e+00 3.739042e-06)
2.096000e+04	lowerWall	(-8.804318e-02 0.000000e+00 -2.601236e-06)	(-8.722344e-02 0.000000e+00 3.735639e-06)
2.097000e+04	lowerWall	(-8.804036e-02 0.000000e+00 -2.597822e-06)	(-8.722136e-02 0.000000e+00 3.732237e-06)
2.098000e+04	lowerWall	(-8.803754e-02 0.000000e+00 -2.594412e-06)	(-8.721929e-02 0.000000e+00 3.728837e-06)
2.099000e+04	lowerWall	(-8.803473e-02 0.000000e+00 -2.591006e-06)	(-8.721722e-02 0.000000e+00 3.725438e-06)
2.100000e+04	lowerWall	(-8.803192e-02 0.000000e+00 -2.587602e-06)	(-8.721515e-02 0.000000e+00 3.722041e-06)
2.101000e+04	lowerWall	(-8.802911e-02 0.000000e+00 -2.584204e-06)	(-8.721309e-02 0.000000e+00 3.718645e-06)
2.102000e+04	lowerWall	(-8.802631e-02 0.000000e+00 -2.580812e-06)	(-8.721103e-02 0.000000e+00 3.715251e-06)
2.103000e+04	lowerWall	(-8.802351e-02 0.000000e+00 -2.577423e-06)	(-8.720897e-02 0.000000e+00 3.711858e-06)
2.104000e+04	lowerWall	(-8.802071e-02 0.000000e+00 -2.574038e-06)	(-8.720692e-02 0.000000e+00 3.708466e-06)
2.105000e+04	lowerWall	(-8.801792e-02 0.000000e+00 -2.570656e-06)	(-8.720487e-02 0.000000e+00 3.705077e-06)
2.106000e+04	lowerWall	(-8.801513e-02 0.000000e+00 -2.567277e-06)	(-8.720282e-02 0.000000e+00 3.701689e-06)
2.107000e+04	lowerWall	(-8.801235e-02 0.000000e+00 -2.563900e-06)	(-8.720077e-02 0.000000e+00 3.698302e-06)
2.108000e+04	lowerWall	(-8.800957e-02 0.000000e+00 -2.560530e-06)	(-8.719873e-02 0.000000e+00 3.694917e-06)
2.109000e+04	lowerWall	(-8.800679e-02 0.000000e+00 -2.557168e-06)	(-8.719669e-02 0.000000e+00 3.691533e-06)
2.110000e+04	lowerWall	(-8.800401e-02 0.000000e+00 -2.553807e-06)	(-8.719465e-02 0.000000e+00 3.688150e-06)
2.111000e+04	lowerWall	(-8.800124e-02 0.000000e+00 -2.550448e-06)	(-8.719261e-02 0.000000e+00 3.684769e-06)
2.112000e+04	lowerWall	(-8.799847e-02 0.000000e+00 -2.547127e-06)	(-8.719058e-02 0.000000e+00 3.681390e-06)
2.113000e+04	lowerWall	(-8.799571e-02 0.000000e+00 -2.543888e-06)	(-8.718855e-02 0.000000e+00 3.678012e-06)
2.114000e+04	lowerWall	(-8.799294e-02 0.000000e+00 -2.540652e-06)	(-8.718653e-02 0.000000e+00 3.674636e-06)
2.115000e+04	lowerWall	(-8.799019e-02 0.000000e+00 -2.537419e-06)	(-8.718450e-02 0.000000e+00 3.671262e-06)
2.116000e+04	lowerWall	(-8.798743e-02 0.000000e+00 -2.534194e-06)	(-8.718248e-02 0.000000e+00 3.667888e-06)
2.117000e+04	lowerWall	(-8.798468e-02 0.000000e+00 -2.530971e-06)	(-8.718046e-02 0.000000e+00 3.664516e-06)
2.118000e+04	lowerWall	(-8.798193e-02 0.000000e+00 -2.527749e-06)	(-8.717845e-02 0.000000e+00 3.661146e-06)
2.119000e+04	lowerWall	(-8.797919e-02 0.000000e+00 -2.524532e-06)	(-8.717644e-02 0.000000e+00 3.657777e-06)
2.120000e+04	lowerWall	(-8.797645e-02 0.000000e+00 -2.521317e-06)	(-8.717443e-02 0.000000e+00 3.654410e-06)
2.121000e+04	lowerWall	(-8.797371e-02 0.000000e+00 -2.518106e-06)	(-8.717242e-02 0.000000e+00 3.651044e-06)
2.122000e+04	lowerWall	(-8.797097e-02 0.000000e+00 -2.514898e-06)	(-8.717042e-02 0.000000e+00 3.647680e-06)
2.123000e+04	lowerWall	(-8.796824e-02 0.000000e+00 -2.511693e-06)	(-8.716842e-02 0.000000e+00 3.644318e-06)
2.124000e+04	lowerWall	(-8.796551e-02 0.000000e+00 -2.508494e-06)	(-8.716642e-02 0.000000e+00 3.640956e-06)
2.125000e+04	lowerWall	(-8.796279e-02 0.000000e+00 -2.505296e-06)	(-8.716442e-02 0.000000e+00 3.637597e-06)
2.126000e+04	lowerWall	(-8.796007e-02 0.000000e+00 -2.502102e-06)	(-8.716243e-02 0.000000e+00 3.634239e-06)
2.127000e+04	lowerWall	(-8.795735e-02 0.000000e+00 -2.498912e-06)	(-8.716044e-02 0.000000e+00 3.630882e-06)
2.128000e+04	lowerWall	(-8.795464e-02 0.000000e+00 -2.495725e-06)	(-8.715845e-02 0.000000e+00 3.627527e-06)
2.129000e+04	lowerWall	(-8.795192e-02 0.000000e+00 -2.492541e-06)	(-8.715647e-02 0.000000e+00 3.624174e-06)
2.130000e+04	lowerWall	(-8.794922e-02 0.000000e+00 -2.489361e-06)	(-8.715449e-02 0.000000e+00 3.620822e-06)
2.131000e+04	lowerWall	(-8.794651e-02 0.000000e+00 -2.486183e-06)	(-8.715251e-02 0.000000e+00 3.617471e-06)
2.132000e+04	lowerWall	(-8.794381e-02 0.000000e+00 -2.483010e-06)	(-8.715053e-02 0.000000e+00 3.614122e-06)
2.133000e+04	lowerWall	(-8.794111e-02 0.000000e+00 -2.479840e-06)	(-8.714856e-02 0.000000e+00 3.610775e-06)
2.134000e+04	lowerWall	(-8.793842e-02 0.000000e+00 -2.476673e-06)	(-8.714659e-02 0.000000e+00 3.607429e-06)
2.135000e+04	lowerWall	(-8.793573e-02 0.000000e+00 -2.473510e-06)	(-8.714462e-02 0.000000e+00 3.604084e-06)
2.136000e+04	lowerWall	(-8.793304e-02 0.000000e+00 -2.470349e-06)	(-8.714266e-02 0.000000e+00 3.600741e-06)
2.137000e+04	lowerWall	(-8.793035e-02 0.000000e+00 -2.467192e-06)	(-8.714069e-02 0.000000e+00 3.597400e-06)
2.138000e+04	lowerWall	(-8.792767e-02 0.000000e+00 -2.464038e-06)	(-8.713873e-02 0.000000e+00 3.594060e-06)
2.139000e+04	lowerWall	(-8.792500e-02 0.000000e+00 -2.460888e-06)	(-8.713678e-02 0.000000e+00 3.590722e-06)
2.140000e+04	lowerWall	(-8.792232e-02 0.000000e+00 -2.457741e-06)	(-8.713482e-02 0.000000e+00 3.587385e-06)
2.141000e+04	lowerWall	(-8.791965e-02 0.000000e+00 -2.454597e-06)	(-8.713287e-02 0.000000e+00 3.584050e-06)
2.142000e+04	lowerWall	(-8.791698e-02 0.000000e+00 -2.451457e-06)	(-8.713092e-02 0.000000e+00 3.580716e-06)
2.143000e+04	lowerWall	(-8.791432e-02 0.000000e+00 -2.448319e-06)	(-8.712898e-02 0.000000e+00 3.577384e-06)
2.144000e+04	lowerWall	(-8.791165e-02 0.000000e+00 -2.445185e-06)	(-8.712704e-02 0.000000e+00 3.574053e-06)
2.145000e+04	lowerWall	(-8.790900e-02 0.000000e+00 -2.442054e-06)	(-8.712510e-02 0.000000e+00 3.570724e-06)
2.146000e+04	lowerWall	(-8.790634e-02 0.000000e+00 -2.438927e-06)	(-8.712316e-02 0.000000e+00 3.567396e-06)
2.147000e+04	lowerWall	(-8.790369e-02 0.000000e+00 -2.435802e-06)	(-8.712122e-02 0.000000e+00 3.564070e-06)
2.148000e+04	lowerWall	(-8.790104e-02 0.000000e+00 -2.432681e-06)	(-8.711929e-02 0.000000e+00 3.560745e-06)
2.149000e+04	lowerWall	(-8.789839e-02 0.000000e+00 -2.429563e-06)	(-8.711736e-02 0.000000e+00 3.557422e-06)
2.150000e+04	lowerWall	(-8.789575e-02 0.000000e+00 -2.426449e-06)	(-8.711544e-02 0.000000e+00 3.554100e-06)
2.151000e+04	lowerWall	(-8.789311e-02 0.000000e+00 -2.423337e-06)	(-8.711351e-02 0.000000e+00 3.550780e-06)
2.152000e+04	lowerWall	(-8.789048e-02 0.000000e+00 -2.420229e-06)	(-8.711159e-02 0.000000e+00 3.547462e-06)
2.153000e+04	lowerWall	(-8.788784e-02 0.000000e+00 -2.417123e-06)	(-8.710967e-02 0.000000e+00 3.544145e-06)
2.154000e+04	lowerWall	(-8.788522e-02 0.000000e+00 -2.414021e-06)	(-8.710776e-02 0.000000e+00 3.540829e-06)
2.155000e+04	lowerWall	(-8.788259e-02 0.000000e+00 -2.410923e-06)	(-8.710584e-02 0.000000e+00 3.537515e-06)
2.156000e+04	lowerWall	(-8.787997e-02 0.000000e+00 -2.407827e-06)	(-8.710393e-02 0.000000e+00 3.534203e-06)
2.157000e+04	lowerWall	(-8.787735e-02 0.000000e+00 -2.404734e-06)	(-8.710202e-02 0.000000e+00 3.530892e-06)
2.158000e+04	lowerWall	(-8.787473e-02 0.000000e+00 -2.401645e-06)	(-8.710012e-02 0.000000e+00 3.527582e-06)
2.159000e+04	lowerWall	(-8.787212e-02 0.000000e+00 -2.398559e-06)	(-8.709822e-02 0.000000e+00 3.524275e-06)
2.160000e+04	lowerWall	(-8.786951e-02 0.000000e+00 -2.395476e-06)	(-8.709632e-02 0.000000e+00 3.520968e-06)
2.161000e+04	lowerWall	(-8.786690e-02 0.000000e+00 -2.392396e-06)	(-8.709442e-02 0.000000e+00 3.517663e-06)
2.162000e+04	lowerWall	(-8.786430e-02 0.000000e+00 -2.389319e-06)	(-8.709253e-02 0.000000e+00 3.514360e-06)
2.163000e+04	lowerWall	(-8.786170e-02 0.000000e+00 -2.386245e-06)	(-8.709063e-02 0.000000e+00 3.511058e-06)
2.164000e+04	lowerWall	(-8.785910e-02 0.000000e+00 -2.383175e-06)	(-8.708874e-02 0.000000e+00 3.507758e-06)
2.165000e+04	lowerWall	(-8.785651e-02 0.000000e+00 -2.380107e-06)	(-8.708686e-02 0.000000e+00 3.504459e-06)
2.166000e+04	lowerWall	(-8.785391e-02 0.000000e+00 -2.377043e-06)	(-8.708497e-02 0.000000e+00 3.501162e-06)
2.167000e+04	lowerWall	(-8.785133e-02 0.000000e+00 -2.373981e-06)	(-8.708309e-02 0.000000e+00 3.497867e-06)
2.168000e+04	lowerWall	(-8.784874e-02 0.000000e+00 -2.370923e-06)	(-8.708121e-02 0.000000e+00 3.494612e-06)
2.169000e+04	lowerWall	(-8.784616e-02 0.000000e+00 -2.367868e-06)	(-8.707934e-02 0.000000e+00 3.491480e-06)
2.170000e+04	lowerWall	(-8.784358e-02 0.000000e+00 -2.364816e-06)	(-8.707747e-02 0.000000e+00 3.488349e-06)
2.171000e+04	lowerWall	(-8.784101e-02 0.000000e+00 -2.361767e-06)	(-8.707560e-02 0.000000e+00 3.485220e-06)
2.172000e+04	lowerWall	(-8.783844e-02 0.000000e+00 -2.358721e-06)	(-8.707373e-02 0.000000e+00 3.482092e-06)
2.173000e+04	lowerWall	(-8.783587e-02 0.000000e+00 -2.355678e-06)	(-8.707186e-02 0.000000e+00 3.478965e-06)
2.174000e+04	lowerWall	(-8.783330e-02 0.000000e+00 -2.352638e-06)	(-8.707000e-02 0.000000e+00 3.475839e-06)
2.175000e+04	lowerWall	(-8.783074e-02 0.000000e+00 -2.349601e-06)	(-8.706814e-02 0.000000e+00 3.472715e-06)
2.176000e+04	lowerWall	(-8.782818e-02 0.000000e+00 -2.346567e-06)	(-8.706628e-02 0.000000e+00 3.469591e-06)
2.177000e+04	lowerWall	(-8.782562e-02 0.000000e+00 -2.343537e-06)	(-8.706443e-02 0.000000e+00 3.466469e-06)
2.178000e+04	lowerWall	(-8.782307e-02 0.000000e+00 -2.340509e-06)	(-8.706257e-02 0.000000e+00 3.463348e-06)
2.179000e+04	lowerWall	(-8.782052e-02 0.000000e+00 -2.337484e-06)	(-8.706072e-02 0.000000e+00 3.460229e-06)
2.180000e+04	lowerWall	(-8.781797e-02 0.000000e+00 -2.334462e-06)	(-8.705888e-02 0.000000e+00 3.457111e-06)
2.181000e+04	lowerWall	(-8.781543e-02 0.000000e+00 -2.331444e-06)	(-8.705703e-02 0.000000e+00 3.453993e-06)
2.182000e+04	lowerWall	(-8.781289e-02 0.000000e+00 -2.328428e-06)	(-8.705519e-02 0.000000e+00 3.450878e-06)
2.183000e+04	lowerWall	(-8.781035e-02 0.000000e+00 -2.325415e-06)	(-8.705335e-02 0.000000e+00 3.447763e-06)
2.184000e+04	lowerWall	(-8.780782e-02 0.000000e+00 -2.322405e-06)	(-8.705151e-02 0.000000e+00 3.444649e-06)
2.185000e+04	lowerWall	(-8.780528e-02 0.000000e+00 -2.319399e-06)	(-8.704968e-02 0.000000e+00 3.441537e-06)
2.186000e+04	lowerWall	(-8.780276e-02 0.000000e+00 -2.316395e-06)	(-8.704785e-02 0.000000e+00 3.438426e-06)
2.187000e+04	lowerWall	(-8.780023e-02 0.000000e+00 -2.313394e-06)	(-8.704602e-02 0.000000e+00 3.435317e-06)
2.188000e+04	lowerWall	(-8.779771e-02 0.000000e+00 -2.310396e-06)	(-8.704419e-02 0.000000e+00 3.432208e-06)
2.189000e+04	lowerWall	(-8.779519e-02 0.000000e+00 -2.307401e-06)	(-8.704237e-02 0.000000e+00 3.429101e-06)
2.190000e+04	lowerWall	(-8.779267e-02 0.000000e+00 -2.304409e-06)	(-8.704055e-02 0.000000e+00 3.425995e-06)
2.191000e+04	lowerWall	(-8.779016e-02 0.000000e+00 -2.301420e-06)	(-8.703873e-02 0.000000e+00 3.422890e-06)
2.192000e+04	lowerWall	(-8.778765e-02 0.000000e+00 -2.298434e-06)	(-8.703691e-02 0.000000e+00 3.419787e-06)
2.193000e+04	lowerWall	(-8.778514e-02 0.000000e+00 -2.295451e-06)	(-8.703510e-02 0.000000e+00 3.416685e-06)
2.194000e+04	lowerWall	(-8.778264e-02 0.000000e+00 -2.292471e-06)	(-8.703329e-02 0.000000e+00 3.413584e-06)
2.195000e+04	lowerWall	(-8.777998e-02 0.000000e+00 -2.291286e-06)	(-8.703106e-02 0.000000e+00 3.409795e-06)
2.196000e+04	lowerWall	(-8.777751e-02 0.000000e+00 -2.288069e-06)	(-8.702946e-02 0.000000e+00 3.407467e-06)
2.197000e+04	lowerWall	(-8.777490e-02 0.000000e+00 -2.286187e-06)	(-8.702750e-02 0.000000e+00 3.404396e-06)
2.198000e+04	lowerWall	(-8.777216e-02 0.000000e+00 -2.285153e-06)	(-8.702545e-02 0.000000e+00 3.401367e-06)
2.199000e+04	lowerWall	(-8.776948e-02 0.000000e+00 -2.285591e-06)	(-8.702292e-02 0.000000e+00 3.397947e-06)
2.200000e+04	lowerWall	(-8.776693e-02 0.000000e+00 -2.283938e-06)	(-8.702085e-02 0.000000e+00 3.394956e-06)
2.201000e+04	lowerWall	(-8.776430e-02 0.000000e+00 -2.282849e-06)	(-8.701873e-02 0.000000e+00 3.392035e-06)
2.202000e+04	lowerWall	(-8.776168e-02 0.000000e+00 -2.281486e-06)	(-8.701664e-02 0.000000e+00 3.389090e-06)
2.203000e+04	lowerWall	(-8.775897e-02 0.000000e+00 -2.280779e-06)	(-8.701450e-02 0.000000e+00 3.386224e-06)
2.204000e+04	lowerWall	(-8.775641e-02 0.000000e+00 -2.278049e-06)	(-8.701278e-02 0.000000e+00 3.384018e-06)
2.205000e+04	lowerWall	(-8.775384e-02 0.000000e+00 -2.276526e-06)	(-8.701073e-02 0.000000e+00 3.380956e-06)
2.206000e+04	lowerWall	(-8.775130e-02 0.000000e+00 -2.274796e-06)	(-8.700868e-02 0.000000e+00 3.377972e-06)
2.207000e+04	lowerWall	(-8.774863e-02 0.000000e+00 -2.274374e-06)	(-8.700628e-02 0.000000e+00 3.374279e-06)
2.208000e+04	lowerWall	(-8.774589e-02 0.000000e+00 -2.274412e-06)	(-8.700404e-02 0.000000e+00 3.371528e-06)
2.209000e+04	lowerWall	(-8.774317e-02 0.000000e+00 -2.274381e-06)	(-8.700179e-02 0.000000e+00 3.368749e-06)
2.210000e+04	lowerWall	(-8.774058e-02 0.000000e+00 -2.272306e-06)	(-8.700000e-02 0.000000e+00 3.366427e-06)
2.211000e+04	lowerWall	(-8.773806e-02 0.000000e+00 -2.271182e-06)	(-8.699783e-02 0.000000e+00 3.363626e-06)
2.212000e+04	lowerWall	(-8.773538e-02 0.000000e+00 -2.271111e-06)	(-8.699536e-02 0.000000e+00 3.359991e-06)
2.213000e+04	lowerWall	(-8.773264e-02 0.000000e+00 -2.270869e-06)	(-8.699317e-02 0.000000e+00 3.357193e-06)
2.214000e+04	lowerWall	(-8.773016e-02 0.000000e+00 -2.268178e-06)	(-8.699144e-02 0.000000e+00 3.354918e-06)
2.215000e+04	lowerWall	(-8.772743e-02 0.000000e+00 -2.268798e-06)	(-8.698890e-02 0.000000e+00 3.351349e-06)
2.216000e+04	lowerWall	(-8.772476e-02 0.000000e+00 -2.267755e-06)	(-8.698699e-02 0.000000e+00 3.349356e-06)
2.217000e+04	lowerWall	(-8.772221e-02 0.000000e+00 -2.266883e-06)	(-8.698482e-02 0.000000e+00 3.346418e-06)
2.218000e+04	lowerWall	(-8.771956e-02 0.000000e+00 -2.267215e-06)	(-8.698228e-02 0.000000e+00 3.342812e-06)
2.219000e+04	lowerWall	(-8.771684e-02 0.000000e+00 -2.267132e-06)	(-8.698006e-02 0.000000e+00 3.340044e-06)
2.220000e+04	lowerWall	(-8.771413e-02 0.000000e+00 -2.267520e-06)	(-8.697775e-02 0.000000e+00 3.337324e-06)
2.221000e+04	lowerWall	(-8.771147e-02 0.000000e+00 -2.267156e-06)	(-8.697572e-02 0.000000e+00 3.335424e-06)
2.222000e+04	lowerWall	(-8.770895e-02 0.000000e+00 -2.266357e-06)	(-8.697351e-02 0.000000e+00 3.332491e-06)
2.223000e+04	lowerWall	(-8.770619e-02 0.000000e+00 -2.268088e-06)	(-8.697079e-02 0.000000e+00 3.329026e-06)
2.224000e+04	lowerWall	(-8.770349e-02 0.000000e+00 -2.268322e-06)	(-8.696849e-02 0.000000e+00 3.326316e-06)
2.225000e+04	lowerWall	(-8.770082e-02 0.000000e+00 -2.269159e-06)	(-8.696607e-02 0.000000e+00 3.323634e-06)
2.226000e+04	lowerWall	(-8.769785e-02 0.000000e+00 -2.273021e-06)	(-8.696333e-02 0.000000e+00 3.321412e-06)
2.227000e+04	lowerWall	(-8.769526e-02 0.000000e+00 -2.272504e-06)	(-8.696105e-02 0.000000e+00 3.318585e-06)
2.228000e+04	lowerWall	(-8.769237e-02 0.000000e+00 -2.276365e-06)	(-8.695825e-02 0.000000e+00 3.316350e-06)
2.229000e+04	lowerWall	(-8.768954e-02 0.000000e+00 -2.279888e-06)	(-8.695543e-02 0.000000e+00 3.314084e-06)
2.230000e+04	lowerWall	(-8.768676e-02 0.000000e+00 -2.282330e-06)	(-8.695274e-02 0.000000e+00 3.311660e-06)
2.231000e+04	lowerWall	(-8.768402e-02 0.000000e+00 -2.283883e-06)	(-8.695017e-02 0.000000e+00 3.309105e-06)
2.232000e+04	lowerWall	(-8.768132e-02 0.000000e+00 -2.284789e-06)	(-8.694770e-02 0.000000e+00 3.306456e-06)
2.233000e+04	lowerWall	(-8.767864e-02 0.000000e+00 -2.285224e-06)	(-8.694530e-02 0.000000e+00 3.303739e-06)
2.234000e+04	lowerWall	(-8.767599e-02 0.000000e+00 -2.285309e-06)	(-8.694297e-02 0.000000e+00 3.300972e-06)
2.235000e+04	lowerWall	(-8.767335e-02 0.000000e+00 -2.285123e-06)	(-8.694068e-02 0.000000e+00 3.298168e-06)
2.236000e+04	lowerWall	(-8.767073e-02 0.000000e+00 -2.284723e-06)	(-8.693844e-02 0.000000e+00 3.295335e-06)
2.237000e+04	lowerWall	(-8.766812e-02 0.000000e+00 -2.284148e-06)	(-8.693624e-02 0.000000e+00 3.292480e-06)
2.238000e+04	lowerWall	(-8.766553e-02 0.000000e+00 -2.283431e-06)	(-8.693407e-02 0.000000e+00 3.289606e-06)
2.239000e+04	lowerWall	(-8.766295e-02 0.000000e+00 -2.282593e-06)	(-8.693193e-02 0.000000e+00 3.286717e-06)
2.240000e+04	lowerWall	(-8.766038e-02 0.000000e+00 -2.281650e-06)	(-8.692981e-02 0.000000e+00 3.283816e-06)
2.241000e+04	lowerWall	(-8.765782e-02 0.000000e+00 -2.280614e-06)	(-8.692772e-02 0.000000e+00 3.280904e-06)
2.242000e+04	lowerWall	(-8.765527e-02 0.000000e+00 -2.279499e-06)	(-8.692564e-02 0.000000e+00 3.277984e-06)
2.243000e+04	lowerWall	(-8.765272e-02 0.000000e+00 -2.278314e-06)	(-8.692358e-02 0.000000e+00 3.275057e-06)
2.244000e+04	lowerWall	(-8.765019e-02 0.000000e+00 -2.277066e-06)	(-8.692154e-02 0.000000e+00 3.272123e-06)
2.245000e+04	lowerWall	(-8.764766e-02 0.000000e+00 -2.275761e-06)	(-8.691952e-02 0.000000e+00 3.269184e-06)
2.246000e+04	lowerWall	(-8.764514e-02 0.000000e+00 -2.274406e-06)	(-8.691751e-02 0.000000e+00 3.266240e-06)
2.247000e+04	lowerWall	(-8.764263e-02 0.000000e+00 -2.273005e-06)	(-8.691551e-02 0.000000e+00 3.263292e-06)
2.248000e+04	lowerWall	(-8.764013e-02 0.000000e+00 -2.271563e-06)	(-8.691352e-02 0.000000e+00 3.260340e-06)
2.249000e+04	lowerWall	(-8.763763e-02 0.000000e+00 -2.270084e-06)	(-8.691154e-02 0.000000e+00 3.257386e-06)
2.250000e+04	lowerWall	(-8.763514e-02 0.000000e+00 -2.268570e-06)	(-8.690958e-02 0.000000e+00 3.254428e-06)
2.251000e+04	lowerWall	(-8.763265e-02 0.000000e+00 -2.267022e-06)	(-8.690762e-02 0.000000e+00 3.251468e-06)
2.252000e+04	lowerWall	(-8.763018e-02 0.000000e+00 -2.265445e-06)	(-8.690568e-02 0.000000e+00 3.248506e-06)
2.253000e+04	lowerWall	(-8.762770e-02 0.000000e+00 -2.263841e-06)	(-8.690374e-02 0.000000e+00 3.245542e-06)
2.254000e+04	lowerWall	(-8.762524e-02 0.000000e+00 -2.262210e-06)	(-8.690181e-02 0.000000e+00 3.242577e-06)
2.255000e+04	lowerWall	(-8.762277e-02 0.000000e+00 -2.260555e-06)	(-8.689989e-02 0.000000e+00 3.239609e-06)
2.256000e+04	lowerWall	(-8.762032e-02 0.000000e+00 -2.258878e-06)	(-8.689798e-02 0.000000e+00 3.236641e-06)
2.257000e+04	lowerWall	(-8.761787e-02 0.000000e+00 -2.257180e-06)	(-8.689608e-02 0.000000e+00 3.233672e-06)
2.258000e+04	lowerWall	(-8.761542e-02 0.000000e+00 -2.255462e-06)	(-8.689418e-02 0.000000e+00 3.230701e-06)
2.259000e+04	lowerWall	(-8.761298e-02 0.000000e+00 -2.253727e-06)	(-8.689229e-02 0.000000e+00 3.227729e-06)
2.260000e+04	lowerWall	(-8.761055e-02 0.000000e+00 -2.251973e-06)	(-8.689040e-02 0.000000e+00 3.224757e-06)
2.261000e+04	lowerWall	(-8.760812e-02 0.000000e+00 -2.250202e-06)	(-8.688853e-02 0.000000e+00 3.221784e-06)
2.262000e+04	lowerWall	(-8.760569e-02 0.000000e+00 -2.248416e-06)	(-8.688666e-02 0.000000e+00 3.218810e-06)
2.263000e+04	lowerWall	(-8.760327e-02 0.000000e+00 -2.246615e-06)	(-8.688479e-02 0.000000e+00 3.215835e-06)
2.264000e+04	lowerWall	(-8.760085e-02 0.000000e+00 -2.244799e-06)	(-8.688293e-02 0.000000e+00 3.212860e-06)
2.265000e+04	lowerWall	(-8.759844e-02 0.000000e+00 -2.242970e-06)	(-8.688108e-02 0.000000e+00 3.209885e-06)
2.266000e+04	lowerWall	(-8.759604e-02 0.000000e+00 -2.241129e-06)	(-8.687923e-02 0.000000e+00 3.206909e-06)
2.267000e+04	lowerWall	(-8.759363e-02 0.000000e+00 -2.239274e-06)	(-8.687739e-02 0.000000e+00 3.203933e-06)
2.268000e+04	lowerWall	(-8.759124e-02 0.000000e+00 -2.237409e-06)	(-8.687556e-02 0.000000e+00 3.200957e-06)
2.269000e+04	lowerWall	(-8.758884e-02 0.000000e+00 -2.235532e-06)	(-8.687373e-02 0.000000e+00 3.197980e-06)
2.270000e+04	lowerWall	(-8.758645e-02 0.000000e+00 -2.233644e-06)	(-8.687190e-02 0.000000e+00 3.195004e-06)
2.271000e+04	lowerWall	(-8.758407e-02 0.000000e+00 -2.231746e-06)	(-8.687008e-02 0.000000e+00 3.192027e-06)
2.272000e+04	lowerWall	(-8.758169e-02 0.000000e+00 -2.229838e-06)	(-8.686827e-02 0.000000e+00 3.189050e-06)
2.273000e+04	lowerWall	(-8.757931e-02 0.000000e+00 -2.227921e-06)	(-8.686646e-02 0.000000e+00 3.186073e-06)
2.274000e+04	lowerWall	(-8.757694e-02 0.000000e+00 -2.225995e-06)	(-8.686465e-02 0.000000e+00 3.183096e-06)
2.275000e+04	lowerWall	(-8.757457e-02 0.000000e+00 -2.224060e-06)	(-8.686285e-02 0.000000e+00 3.180119e-06)
2.276000e+04	lowerWall	(-8.757221e-02 0.000000e+00 -2.222116e-06)	(-8.686105e-02 0.000000e+00 3.177143e-06)
2.277000e+04	lowerWall	(-8.756985e-02 0.000000e+00 -2.220165e-06)	(-8.685926e-02 0.000000e+00 3.174166e-06)
2.278000e+04	lowerWall	(-8.756749e-02 0.000000e+00 -2.218206e-06)	(-8.685748e-02 0.000000e+00 3.171189e-06)
2.279000e+04	lowerWall	(-8.756514e-02 0.000000e+00 -2.216239e-06)	(-8.685569e-02 0.000000e+00 3.168213e-06)
2.280000e+04	lowerWall	(-8.756279e-02 0.000000e+00 -2.214266e-06)	(-8.685392e-02 0.000000e+00 3.165237e-06)
2.281000e+04	lowerWall	(-8.756045e-02 0.000000e+00 -2.212285e-06)	(-8.685214e-02 0.000000e+00 3.162260e-06)
2.282000e+04	lowerWall	(-8.755811e-02 0.000000e+00 -2.210298e-06)	(-8.685037e-02 0.000000e+00 3.159334e-06)
2.283000e+04	lowerWall	(-8.755577e-02 0.000000e+00 -2.208304e-06)	(-8.684861e-02 0.000000e+00 3.156470e-06)
2.284000e+04	lowerWall	(-8.755344e-02 0.000000e+00 -2.206304e-06)	(-8.684685e-02 0.000000e+00 3.153605e-06)
2.285000e+04	lowerWall	(-8.755111e-02 0.000000e+00 -2.204298e-06)	(-8.684509e-02 0.000000e+00 3.150741e-06)
2.286000e+04	lowerWall	(-8.754878e-02 0.000000e+00 -2.202286e-06)	(-8.684334e-02 0.000000e+00 3.147877e-06)
2.287000e+04	lowerWall	(-8.754646e-02 0.000000e+00 -2.200268e-06)	(-8.684159e-02 0.000000e+00 3.145014e-06)
2.288000e+04	lowerWall	(-8.754414e-02 0.000000e+00 -2.198244e-06)	(-8.683985e-02 0.000000e+00 3.142151e-06)
2.289000e+04	lowerWall	(-8.754183e-02 0.000000e+00 -2.196215e-06)	(-8.683811e-02 0.000000e+00 3.139288e-06)
2.290000e+04	lowerWall	(-8.753952e-02 0.000000e+00 -2.194181e-06)	(-8.683637e-02 0.000000e+00 3.136426e-06)
2.291000e+04	lowerWall	(-8.753721e-02 0.000000e+00 -2.192142e-06)	(-8.683464e-02 0.000000e+00 3.133564e-06)
2.292000e+04	lowerWall	(-8.753491e-02 0.000000e+00 -2.190099e-06)	(-8.683291e-02 0.000000e+00 3.130702e-06)
2.293000e+04	lowerWall	(-8.753261e-02 0.000000e+00 -2.188050e-06)	(-8.683119e-02 0.000000e+00 3.127841e-06)
2.294000e+04	lowerWall	(-8.753031e-02 0.000000e+00 -2.185997e-06)	(-8.682947e-02 0.000000e+00 3.124980e-06)
2.295000e+04	lowerWall	(-8.752802e-02 0.000000e+00 -2.183939e-06)	(-8.682775e-02 0.000000e+00 3.122120e-06)
2.296000e+04	lowerWall	(-8.752573e-02 0.000000e+00 -2.181877e-06)	(-8.682604e-02 0.000000e+00 3.119261e-06)
2.297000e+04	lowerWall	(-8.752345e-02 0.000000e+00 -2.179811e-06)	(-8.682433e-02 0.000000e+00 3.116402e-06)
2.298000e+04	lowerWall	(-8.752116e-02 0.000000e+00 -2.177741e-06)	(-8.682262e-02 0.000000e+00 3.113543e-06)
2.299000e+04	lowerWall	(-8.751889e-02 0.000000e+00 -2.175667e-06)	(-8.682092e-02 0.000000e+00 3.110685e-06)
2.300000e+04	lowerWall	(-8.751661e-02 0.000000e+00 -2.173589e-06)	(-8.681922e-02 0.000000e+00 3.107827e-06)
2.301000e+04	lowerWall	(-8.751434e-02 0.000000e+00 -2.171507e-06)	(-8.681753e-02 0.000000e+00 3.104970e-06)
2.302000e+04	lowerWall	(-8.751207e-02 0.000000e+00 -2.169422e-06)	(-8.681584e-02 0.000000e+00 3.102114e-06)
2.303000e+04	lowerWall	(-8.750981e-02 0.000000e+00 -2.167333e-06)	(-8.681415e-02 0.000000e+00 3.099258e-06)
2.304000e+04	lowerWall	(-8.750754e-02 0.000000e+00 -2.165241e-06)	(-8.681246e-02 0.000000e+00 3.096402e-06)
2.305000e+04	lowerWall	(-8.750529e-02 0.000000e+00 -2.163145e-06)	(-8.681078e-02 0.000000e+00 3.093548e-06)
2.306000e+04	lowerWall	(-8.750303e-02 0.000000e+00 -2.161046e-06)	(-8.680911e-02 0.000000e+00 3.090693e-06)
2.307000e+04	lowerWall	(-8.750078e-02 0.000000e+00 -2.158944e-06)	(-8.680743e-02 0.000000e+00 3.087840e-06)
2.308000e+04	lowerWall	(-8.749853e-02 0.000000e+00 -2.156838e-06)	(-8.680576e-02 0.000000e+00 3.084987e-06)
2.309000e+04	lowerWall	(-8.749629e-02 0.000000e+00 -2.154730e-06)	(-8.680410e-02 0.000000e+00 3.082134e-06)
2.310000e+04	lowerWall	(-8.749405e-02 0.000000e+00 -2.152619e-06)	(-8.680243e-02 0.000000e+00 3.079283e-06)
2.311000e+04	lowerWall	(-8.749181e-02 0.000000e+00 -2.150505e-06)	(-8.680077e-02 0.000000e+00 3.076432e-06)
2.312000e+04	lowerWall	(-8.748957e-02 0.000000e+00 -2.148388e-06)	(-8.679912e-02 0.000000e+00 3.073581e-06)
2.313000e+04	lowerWall	(-8.748734e-02 0.000000e+00 -2.146268e-06)	(-8.679746e-02 0.000000e+00 3.070731e-06)
2.314000e+04	lowerWall	(-8.748511e-02 0.000000e+00 -2.144146e-06)	(-8.679581e-02 0.000000e+00 3.067882e-06)
2.315000e+04	lowerWall	(-8.748289e-02 0.000000e+00 -2.142021e-06)	(-8.679416e-02 0.000000e+00 3.065034e-06)
2.316000e+04	lowerWall	(-8.748066e-02 0.000000e+00 -2.139894e-06)	(-8.679252e-02 0.000000e+00 3.062186e-06)
2.317000e+04	lowerWall	(-8.747844e-02 0.000000e+00 -2.137764e-06)	(-8.679088e-02 0.000000e+00 3.059339e-06)
2.318000e+04	lowerWall	(-8.747623e-02 0.000000e+00 -2.135632e-06)	(-8.678924e-02 0.000000e+00 3.056493e-06)
2.319000e+04	lowerWall	(-8.747402e-02 0.000000e+00 -2.133498e-06)	(-8.678761e-02 0.000000e+00 3.053647e-06)
2.320000e+04	lowerWall	(-8.747181e-02 0.000000e+00 -2.131362e-06)	(-8.678598e-02 0.000000e+00 3.050802e-06)
2.321000e+04	lowerWall	(-8.746960e-02 0.000000e+00 -2.129223e-06)	(-8.678435e-02 0.000000e+00 3.047958e-06)
2.322000e+04	lowerWall	(-8.746740e-02 0.000000e+00 -2.127082e-06)	(-8.678273e-02 0.000000e+00 3.045115e-06)
2.323000e+04	lowerWall	(-8.746520e-02 0.000000e+00 -2.124939e-06)	(-8.678110e-02 0.000000e+00 3.042272e-06)
2.324000e+04	lowerWall	(-8.746300e-02 0.000000e+00 -2.122794e-06)	(-8.677949e-02 0.000000e+00 3.039430e-06)
2.325000e+04	lowerWall	(-8.746081e-02 0.000000e+00 -2.120647e-06)	(-8.677787e-02 0.000000e+00 3.036589e-06)
2.326000e+04	lowerWall	(-8.745862e-02 0.000000e+00 -2.118499e-06)	(-8.677626e-02 0.000000e+00 3.033748e-06)
2.327000e+04	lowerWall	(-8.745643e-02 0.000000e+00 -2.116348e-06)	(-8.677465e-02 0.000000e+00 3.030909e-06)
2.328000e+04	lowerWall	(-8.745424e-02 0.000000e+00 -2.114196e-06)	(-8.677304e-02 0.000000e+00 3.028070e-06)
2.329000e+04	lowerWall	(-8.745206e-02 0.000000e+00 -2.112041e-06)	(-8.677144e-02 0.000000e+00 3.025232e-06)
2.330000e+04	lowerWall	(-8.744988e-02 0.000000e+00 -2.109886e-06)	(-8.676984e-02 0.000000e+00 3.022395e-06)
2.331000e+04	lowerWall	(-8.744771e-02 0.000000e+00 -2.107728e-06)	(-8.676824e-02 0.000000e+00 3.019558e-06)
2.332000e+04	lowerWall	(-8.744553e-02 0.000000e+00 -2.105569e-06)	(-8.676665e-02 0.000000e+00 3.016723e-06)
2.333000e+04	lowerWall	(-8.744337e-02 0.000000e+00 -2.103408e-06)	(-8.676506e-02 0.000000e+00 3.013888e-06)
2.334000e+04	lowerWall	(-8.744120e-02 0.000000e+00 -2.101246e-06)	(-8.676347e-02 0.000000e+00 3.011054e-06)
2.335000e+04	lowerWall	(-8.743904e-02 0.000000e+00 -2.099083e-06)	(-8.676188e-02 0.000000e+00 3.008221e-06)
2.336000e+04	lowerWall	(-8.743687e-02 0.000000e+00 -2.096918e-06)	(-8.676030e-02 0.000000e+00 3.005388e-06)
2.337000e+04	lowerWall	(-8.743472e-02 0.000000e+00 -2.094751e-06)	(-8.675872e-02 0.000000e+00 3.002557e-06)
2.338000e+04	lowerWall	(-8.743256e-02 0.000000e+00 -2.092584e-06)	(-8.675714e-02 0.000000e+00 2.999726e-06)
2.339000e+04	lowerWall	(-8.743041e-02 0.000000e+00 -2.090414e-06)	(-8.675557e-02 0.000000e+00 2.996896e-06)
2.340000e+04	lowerWall	(-8.742826e-02 0.000000e+00 -2.088244e-06)	(-8.675400e-02 0.000000e+00 2.994068e-06)
2.341000e+04	lowerWall	(-8.742612e-02 0.000000e+00 -2.086073e-06)	(-8.675243e-02 0.000000e+00 2.991240e-06)
2.342000e+04	lowerWall	(-8.742397e-02 0.000000e+00 -2.083900e-06)	(-8.675087e-02 0.000000e+00 2.988412e-06)
2.343000e+04	lowerWall	(-8.742183e-02 0.000000e+00 -2.081726e-06)	(-8.674930e-02 0.000000e+00 2.985586e-06)
2.344000e+04	lowerWall	(-8.741970e-02 0.000000e+00 -2.079551e-06)	(-8.674775e-02 0.000000e+00 2.982761e-06)
2.345000e+04	lowerWall	(-8.741756e-02 0.000000e+00 -2.077442e-06)	(-8.674619e-02 0.000000e+00 2.979936e-06)
2.346000e+04	lowerWall	(-8.741543e-02 0.000000e+00 -2.075376e-06)	(-8.674463e-02 0.000000e+00 2.977113e-06)
2.347000e+04	lowerWall	(-8.741330e-02 0.000000e+00 -2.073308e-06)	(-8.674308e-02 0.000000e+00 2.974290e-06)
2.348000e+04	lowerWall	(-8.741118e-02 0.000000e+00 -2.071240e-06)	(-8.674154e-02 0.000000e+00 2.971468e-06)
2.349000e+04	lowerWall	(-8.740906e-02 0.000000e+00 -2.069170e-06)	(-8.673999e-02 0.000000e+00 2.968647e-06)
2.350000e+04	lowerWall	(-8.740694e-02 0.000000e+00 -2.067099e-06)	(-8.673845e-02 0.000000e+00 2.965827e-06)
2.351000e+04	lowerWall	(-8.740482e-02 0.000000e+00 -2.065026e-06)	(-8.673691e-02 0.000000e+00 2.963008e-06)
2.352000e+04	lowerWall	(-8.740271e-02 0.000000e+00 -2.062953e-06)	(-8.673537e-02 0.000000e+00 2.960190e-06)
2.353000e+04	lowerWall	(-8.740060e-02 0.000000e+00 -2.060877e-06)	(-8.673383e-02 0.000000e+00 2.957373e-06)
2.354000e+04	lowerWall	(-8.739849e-02 0.000000e+00 -2.058801e-06)	(-8.673230e-02 0.000000e+00 2.954557e-06)
2.355000e+04	lowerWall	(-8.739638e-02 0.000000e+00 -2.056724e-06)	(-8.673077e-02 0.000000e+00 2.951742e-06)
2.356000e+04	lowerWall	(-8.739428e-02 0.000000e+00 -2.054646e-06)	(-8.672925e-02 0.000000e+00 2.948928e-06)
2.357000e+04	lowerWall	(-8.739218e-02 0.000000e+00 -2.052568e-06)	(-8.672772e-02 0.000000e+00 2.946115e-06)
2.358000e+04	lowerWall	(-8.739008e-02 0.000000e+00 -2.050489e-06)	(-8.672620e-02 0.000000e+00 2.943302e-06)
2.359000e+04	lowerWall	(-8.738799e-02 0.000000e+00 -2.048409e-06)	(-8.672468e-02 0.000000e+00 2.940491e-06)
2.360000e+04	lowerWall	(-8.738590e-02 0.000000e+00 -2.046327e-06)	(-8.672317e-02 0.000000e+00 2.937680e-06)
2.361000e+04	lowerWall	(-8.738381e-02 0.000000e+00 -2.044245e-06)	(-8.672165e-02 0.000000e+00 2.934871e-06)
2.362000e+04	lowerWall	(-8.738172e-02 0.000000e+00 -2.042163e-06)	(-8.672014e-02 0.000000e+00 2.932062e-06)
2.363000e+04	lowerWall	(-8.737964e-02 0.000000e+00 -2.040080e-06)	(-8.671864e-02 0.000000e+00 2.929254e-06)
2.364000e+04	lowerWall	(-8.737756e-02 0.000000e+00 -2.037996e-06)	(-8.671713e-02 0.000000e+00 2.926447e-06)
2.365000e+04	lowerWall	(-8.737548e-02 0.000000e+00 -2.035911e-06)	(-8.671563e-02 0.000000e+00 2.923642e-06)
2.366000e+04	lowerWall	(-8.737341e-02 0.000000e+00 -2.033825e-06)	(-8.671413e-02 0.000000e+00 2.920837e-06)
2.367000e+04	lowerWall	(-8.737134e-02 0.000000e+00 -2.031738e-06)	(-8.671263e-02 0.000000e+00 2.918033e-06)
2.368000e+04	lowerWall	(-8.736927e-02 0.000000e+00 -2.029651e-06)	(-8.671113e-02 0.000000e+00 2.915231e-06)
2.369000e+04	lowerWall	(-8.736720e-02 0.000000e+00 -2.027563e-06)	(-8.670964e-02 0.000000e+00 2.912429e-06)
2.370000e+04	lowerWall	(-8.736514e-02 0.000000e+00 -2.025475e-06)	(-8.670815e-02 0.000000e+00 2.909629e-06)
2.371000e+04	lowerWall	(-8.736308e-02 0.000000e+00 -2.023385e-06)	(-8.670666e-02 0.000000e+00 2.906830e-06)
2.372000e+04	lowerWall	(-8.736102e-02 0.000000e+00 -2.021295e-06)	(-8.670518e-02 0.000000e+00 2.904031e-06)
2.373000e+04	lowerWall	(-8.735896e-02 0.000000e+00 -2.019203e-06)	(-8.670370e-02 0.000000e+00 2.901286e-06)
2.374000e+04	lowerWall	(-8.735691e-02 0.000000e+00 -2.017111e-06)	(-8.670222e-02 0.000000e+00 2.898602e-06)
2.375000e+04	lowerWall	(-8.735486e-02 0.000000e+00 -2.015019e-06)	(-8.670074e-02 0.000000e+00 2.895920e-06)
2.376000e+04	lowerWall	(-8.735281e-02 0.000000e+00 -2.012927e-06)	(-8.669926e-02 0.000000e+00 2.893238e-06)
2.377000e+04	lowerWall	(-8.735077e-02 0.000000e+00 -2.010835e-06)	(-8.669779e-02 0.000000e+00 2.890557e-06)
2.378000e+04	lowerWall	(-8.734873e-02 0.000000e+00 -2.008741e-06)	(-8.669632e-02 0.000000e+00 2.887878e-06)
2.379000e+04	lowerWall	(-8.734669e-02 0.000000e+00 -2.006648e-06)	(-8.669486e-02 0.000000e+00 2.885199e-06)
2.380000e+04	lowerWall	(-8.734465e-02 0.000000e+00 -2.004554e-06)	(-8.669339e-02 0.000000e+00 2.882521e-06)
2.381000e+04	lowerWall	(-8.734262e-02 0.000000e+00 -2.002459e-06)	(-8.669193e-02 0.000000e+00 2.879844e-06)
2.382000e+04	lowerWall	(-8.734059e-02 0.000000e+00 -2.000362e-06)	(-8.669047e-02 0.000000e+00 2.877168e-06)
2.383000e+04	lowerWall	(-8.733856e-02 0.000000e+00 -1.998268e-06)	(-8.668901e-02 0.000000e+00 2.874492e-06)
2.384000e+04	lowerWall	(-8.733653e-02 0.000000e+00 -1.996177e-06)	(-8.668756e-02 0.000000e+00 2.871817e-06)
2.385000e+04	lowerWall	(-8.733451e-02 0.000000e+00 -1.994083e-06)	(-8.668610e-02 0.000000e+00 2.869143e-06)
2.386000e+04	lowerWall	(-8.733249e-02 0.000000e+00 -1.991988e-06)	(-8.668465e-02 0.000000e+00 2.866471e-06)
2.387000e+04	lowerWall	(-8.733047e-02 0.000000e+00 -1.989893e-06)	(-8.668320e-02 0.000000e+00 2.863799e-06)
2.388000e+04	lowerWall	(-8.732846e-02 0.000000e+00 -1.987797e-06)	(-8.668176e-02 0.000000e+00 2.861128e-06)
2.389000e+04	lowerWall	(-8.732644e-02 0.000000e+00 -1.985701e-06)	(-8.668032e-02 0.000000e+00 2.858458e-06)
2.390000e+04	lowerWall	(-8.732443e-02 0.000000e+00 -1.983604e-06)	(-8.667888e-02 0.000000e+00 2.855789e-06)
2.391000e+04	lowerWall	(-8.732243e-02 0.000000e+00 -1.981506e-06)	(-8.667744e-02 0.000000e+00 2.853121e-06)
2.392000e+04	lowerWall	(-8.732042e-02 0.000000e+00 -1.979412e-06)	(-8.667600e-02 0.000000e+00 2.850454e-06)
2.393000e+04	lowerWall	(-8.731842e-02 0.000000e+00 -1.977316e-06)	(-8.667457e-02 0.000000e+00 2.847787e-06)
2.394000e+04	lowerWall	(-8.731642e-02 0.000000e+00 -1.975219e-06)	(-8.667314e-02 0.000000e+00 2.845122e-06)
2.395000e+04	lowerWall	(-8.731442e-02 0.000000e+00 -1.973122e-06)	(-8.667171e-02 0.000000e+00 2.842458e-06)
2.396000e+04	lowerWall	(-8.731243e-02 0.000000e+00 -1.971025e-06)	(-8.667028e-02 0.000000e+00 2.839794e-06)
2.397000e+04	lowerWall	(-8.731043e-02 0.000000e+00 -1.968927e-06)	(-8.666886e-02 0.000000e+00 2.837132e-06)
2.398000e+04	lowerWall	(-8.730844e-02 0.000000e+00 -1.966829e-06)	(-8.666744e-02 0.000000e+00 2.834470e-06)
2.399000e+04	lowerWall	(-8.730646e-02 0.000000e+00 -1.964731e-06)	(-8.666602e-02 0.000000e+00 2.831810e-06)
2.400000e+04	lowerWall	(-8.730447e-02 0.000000e+00 -1.962633e-06)	(-8.666460e-02 0.000000e+00 2.829150e-06)
2.401000e+04	lowerWall	(-8.730249e-02 0.000000e+00 -1.960536e-06)	(-8.666318e-02 0.000000e+00 2.826491e-06)
2.402000e+04	lowerWall	(-8.730051e-02 0.000000e+00 -1.958438e-06)	(-8.666177e-02 0.000000e+00 2.823834e-06)
2.403000e+04	lowerWall	(-8.729854e-02 0.000000e+00 -1.956340e-06)	(-8.666036e-02 0.000000e+00 2.821177e-06)
2.404000e+04	lowerWall	(-8.729658e-02 0.000000e+00 -1.954242e-06)	(-8.665895e-02 0.000000e+00 2.818521e-06)
2.405000e+04	lowerWall	(-8.729461e-02 0.000000e+00 -1.952144e-06)	(-8.665755e-02 0.000000e+00 2.815866e-06)
2.406000e+04	lowerWall	(-8.729265e-02 0.000000e+00 -1.950046e-06)	(-8.665615e-02 0.000000e+00 2.813213e-06)
2.407000e+04	lowerWall	(-8.729070e-02 0.000000e+00 -1.947949e-06)	(-8.665474e-02 0.000000e+00 2.810560e-06)
2.408000e+04	lowerWall	(-8.728874e-02 0.000000e+00 -1.945851e-06)	(-8.665335e-02 0.000000e+00 2.807908e-06)
2.409000e+04	lowerWall	(-8.728679e-02 0.000000e+00 -1.943753e-06)	(-8.665195e-02 0.000000e+00 2.805257e-06)
2.410000e+04	lowerWall	(-8.728484e-02 0.000000e+00 -1.941657e-06)	(-8.665056e-02 0.000000e+00 2.802608e-06)
2.411000e+04	lowerWall	(-8.728289e-02 0.000000e+00 -1.939560e-06)	(-8.664916e-02 0.000000e+00 2.799959e-06)
2.412000e+04	lowerWall	(-8.728095e-02 0.000000e+00 -1.937463e-06)	(-8.664777e-02 0.000000e+00 2.797311e-06)
2.413000e+04	lowerWall	(-8.727900e-02 0.000000e+00 -1.935366e-06)	(-8.664639e-02 0.000000e+00 2.794664e-06)
2.414000e+04	lowerWall	(-8.727707e-02 0.000000e+00 -1.933269e-06)	(-8.664500e-02 0.000000e+00 2.792018e-06)
2.415000e+04	lowerWall	(-8.727513e-02 0.000000e+00 -1.931173e-06)	(-8.664362e-02 0.000000e+00 2.789374e-06)
2.416000e+04	lowerWall	(-8.727319e-02 0.000000e+00 -1.929077e-06)	(-8.664224e-02 0.000000e+00 2.786730e-06)
2.417000e+04	lowerWall	(-8.727126e-02 0.000000e+00 -1.926981e-06)	(-8.664086e-02 0.000000e+00 2.784087e-06)
2.418000e+04	lowerWall	(-8.726933e-02 0.000000e+00 -1.924885e-06)	(-8.663948e-02 0.000000e+00 2.781445e-06)
2.419000e+04	lowerWall	(-8.726740e-02 0.000000e+00 -1.922790e-06)	(-8.663811e-02 0.000000e+00 2.778805e-06)
2.420000e+04	lowerWall	(-8.726548e-02 0.000000e+00 -1.920695e-06)	(-8.663674e-02 0.000000e+00 2.776165e-06)
2.421000e+04	lowerWall	(-8.726355e-02 0.000000e+00 -1.918600e-06)	(-8.663537e-02 0.000000e+00 2.773526e-06)
2.422000e+04	lowerWall	(-8.726163e-02 0.000000e+00 -1.916506e-06)	(-8.663400e-02 0.000000e+00 2.770888e-06)
2.423000e+04	lowerWall	(-8.725972e-02 0.000000e+00 -1.914412e-06)	(-8.663263e-02 0.000000e+00 2.768252e-06)
2.424000e+04	lowerWall	(-8.725780e-02 0.000000e+00 -1.912318e-06)	(-8.663127e-02 0.000000e+00 2.765616e-06)
2.425000e+04	lowerWall	(-8.725589e-02 0.000000e+00 -1.910224e-06)	(-8.662991e-02 0.000000e+00 2.762982e-06)
2.426000e+04	lowerWall	(-8.725398e-02 0.000000e+00 -1.908131e-06)	(-8.662855e-02 0.000000e+00 2.760348e-06)
2.427000e+04	lowerWall	(-8.725207e-02 0.000000e+00 -1.906038e-06)	(-8.662719e-02 0.000000e+00 2.757716e-06)
2.428000e+04	lowerWall	(-8.725016e-02 0.000000e+00 -1.903945e-06)	(-8.662584e-02 0.000000e+00 2.755084e-06)
2.429000e+04	lowerWall	(-8.724826e-02 0.000000e+00 -1.901853e-06)	(-8.662449e-02 0.000000e+00 2.752454e-06)
2.430000e+04	lowerWall	(-8.724636e-02 0.000000e+00 -1.899762e-06)	(-8.662314e-02 0.000000e+00 2.749824e-06)
2.431000e+04	lowerWall	(-8.724446e-02 0.000000e+00 -1.897670e-06)	(-8.662179e-02 0.000000e+00 2.747196e-06)
2.432000e+04	lowerWall	(-8.724257e-02 0.000000e+00 -1.895579e-06)	(-8.662044e-02 0.000000e+00 2.744569e-06)
2.433000e+04	lowerWall	(-8.724067e-02 0.000000e+00 -1.893489e-06)	(-8.661910e-02 0.000000e+00 2.741943e-06)
2.434000e+04	lowerWall	(-8.723878e-02 0.000000e+00 -1.891399e-06)	(-8.661776e-02 0.000000e+00 2.739317e-06)
2.435000e+04	lowerWall	(-8.723689e-02 0.000000e+00 -1.889309e-06)	(-8.661642e-02 0.000000e+00 2.736693e-06)
2.436000e+04	lowerWall	(-8.723501e-02 0.000000e+00 -1.887220e-06)	(-8.661508e-02 0.000000e+00 2.734070e-06)
2.437000e+04	lowerWall	(-8.723312e-02 0.000000e+00 -1.885131e-06)	(-8.661375e-02 0.000000e+00 2.731448e-06)
2.438000e+04	lowerWall	(-8.723124e-02 0.000000e+00 -1.883043e-06)	(-8.661241e-02 0.000000e+00 2.728827e-06)
2.439000e+04	lowerWall	(-8.722936e-02 0.000000e+00 -1.880955e-06)	(-8.661108e-02 0.000000e+00 2.726208e-06)
2.440000e+04	lowerWall	(-8.722748e-02 0.000000e+00 -1.878868e-06)	(-8.660975e-02 0.000000e+00 2.723589e-06)
2.441000e+04	lowerWall	(-8.722561e-02 0.000000e+00 -1.876781e-06)	(-8.660843e-02 0.000000e+00 2.720971e-06)
2.442000e+04	lowerWall	(-8.722374e-02 0.000000e+00 -1.874695e-06)	(-8.660710e-02 0.000000e+00 2.718354e-06)
2.443000e+04	lowerWall	(-8.722187e-02 0.000000e+00 -1.872609e-06)	(-8.660578e-02 0.000000e+00 2.715739e-06)
2.444000e+04	lowerWall	(-8.722000e-02 0.000000e+00 -1.870524e-06)	(-8.660446e-02 0.000000e+00 2.713124e-06)
2.445000e+04	lowerWall	(-8.721814e-02 0.000000e+00 -1.868439e-06)	(-8.660314e-02 0.000000e+00 2.710511e-06)
2.446000e+04	lowerWall	(-8.721627e-02 0.000000e+00 -1.866355e-06)	(-8.660182e-02 0.000000e+00 2.707899e-06)
2.447000e+04	lowerWall	(-8.721441e-02 0.000000e+00 -1.864272e-06)	(-8.660051e-02 0.000000e+00 2.705288e-06)
2.448000e+04	lowerWall	(-8.721255e-02 0.000000e+00 -1.862189e-06)	(-8.659920e-02 0.000000e+00 2.702677e-06)
2.449000e+04	lowerWall	(-8.721070e-02 0.000000e+00 -1.860106e-06)	(-8.659789e-02 0.000000e+00 2.700068e-06)
2.450000e+04	lowerWall	(-8.720885e-02 0.000000e+00 -1.858025e-06)	(-8.659658e-02 0.000000e+00 2.697461e-06)
2.451000e+04	lowerWall	(-8.720699e-02 0.000000e+00 -1.855943e-06)	(-8.659527e-02 0.000000e+00 2.694854e-06)
2.452000e+04	lowerWall	(-8.720515e-02 0.000000e+00 -1.853863e-06)	(-8.659397e-02 0.000000e+00 2.692248e-06)
2.453000e+04	lowerWall	(-8.720330e-02 0.000000e+00 -1.851783e-06)	(-8.659267e-02 0.000000e+00 2.689643e-06)
2.454000e+04	lowerWall	(-8.720146e-02 0.000000e+00 -1.849704e-06)	(-8.659137e-02 0.000000e+00 2.687040e-06)
2.455000e+04	lowerWall	(-8.719961e-02 0.000000e+00 -1.847625e-06)	(-8.659007e-02 0.000000e+00 2.684437e-06)
2.456000e+04	lowerWall	(-8.719777e-02 0.000000e+00 -1.845547e-06)	(-8.658877e-02 0.000000e+00 2.681836e-06)
2.457000e+04	lowerWall	(-8.719594e-02 0.000000e+00 -1.843470e-06)	(-8.658748e-02 0.000000e+00 2.679236e-06)
2.458000e+04	lowerWall	(-8.719410e-02 0.000000e+00 -1.841393e-06)	(-8.658619e-02 0.000000e+00 2.676637e-06)
2.459000e+04	lowerWall	(-8.719227e-02 0.000000e+00 -1.839317e-06)	(-8.658490e-02 0.000000e+00 2.674139e-06)
2.460000e+04	lowerWall	(-8.719044e-02 0.000000e+00 -1.837242e-06)	(-8.658361e-02 0.000000e+00 2.671650e-06)
2.461000e+04	lowerWall	(-8.718861e-02 0.000000e+00 -1.835167e-06)	(-8.658232e-02 0.000000e+00 2.669162e-06)
2.462000e+04	lowerWall	(-8.718678e-02 0.000000e+00 -1.833093e-06)	(-8.658104e-02 0.000000e+00 2.666674e-06)
2.463000e+04	lowerWall	(-8.718496e-02 0.000000e+00 -1.831020e-06)	(-8.657976e-02 0.000000e+00 2.664188e-06)
2.464000e+04	lowerWall	(-8.718314e-02 0.000000e+00 -1.828948e-06)	(-8.657848e-02 0.000000e+00 2.661702e-06)
2.465000e+04	lowerWall	(-8.718132e-02 0.000000e+00 -1.826876e-06)	(-8.657720e-02 0.000000e+00 2.659218e-06)
2.466000e+04	lowerWall	(-8.717950e-02 0.000000e+00 -1.824805e-06)	(-8.657592e-02 0.000000e+00 2.656734e-06)
2.467000e+04	lowerWall	(-8.717769e-02 0.000000e+00 -1.822735e-06)	(-8.657465e-02 0.000000e+00 2.654251e-06)
2.468000e+04	lowerWall	(-8.717588e-02 0.000000e+00 -1.820665e-06)	(-8.657338e-02 0.000000e+00 2.651769e-06)
2.469000e+04	lowerWall	(-8.717407e-02 0.000000e+00 -1.818597e-06)	(-8.657211e-02 0.000000e+00 2.649289e-06)
2.470000e+04	lowerWall	(-8.717226e-02 0.000000e+00 -1.816528e-06)	(-8.657084e-02 0.000000e+00 2.646809e-06)
2.471000e+04	lowerWall	(-8.717045e-02 0.000000e+00 -1.814461e-06)	(-8.656957e-02 0.000000e+00 2.644330e-06)
2.472000e+04	lowerWall	(-8.716865e-02 0.000000e+00 -1.812394e-06)	(-8.656831e-02 0.000000e+00 2.641852e-06)
2.473000e+04	lowerWall	(-8.716685e-02 0.000000e+00 -1.810329e-06)	(-8.656705e-02 0.000000e+00 2.639375e-06)
2.474000e+04	lowerWall	(-8.716505e-02 0.000000e+00 -1.808264e-06)	(-8.656579e-02 0.000000e+00 2.636899e-06)
2.475000e+04	lowerWall	(-8.716326e-02 0.000000e+00 -1.806200e-06)	(-8.656453e-02 0.000000e+00 2.634424e-06)
2.476000e+04	lowerWall	(-8.716146e-02 0.000000e+00 -1.804136e-06)	(-8.656327e-02 0.000000e+00 2.631950e-06)
2.477000e+04	lowerWall	(-8.715967e-02 0.000000e+00 -1.802074e-06)	(-8.656202e-02 0.000000e+00 2.629477e-06)
2.478000e+04	lowerWall	(-8.715788e-02 0.000000e+00 -1.800012e-06)	(-8.656076e-02 0.000000e+00 2.627004e-06)
2.479000e+04	lowerWall	(-8.715609e-02 0.000000e+00 -1.797951e-06)	(-8.655951e-02 0.000000e+00 2.624533e-06)
2.480000e+04	lowerWall	(-8.715431e-02 0.000000e+00 -1.795891e-06)	(-8.655826e-02 0.000000e+00 2.622063e-06)
2.481000e+04	lowerWall	(-8.715252e-02 0.000000e+00 -1.793832e-06)	(-8.655702e-02 0.000000e+00 2.619594e-06)
2.482000e+04	lowerWall	(-8.715074e-02 0.000000e+00 -1.791774e-06)	(-8.655577e-02 0.000000e+00 2.617125e-06)
2.483000e+04	lowerWall	(-8.714896e-02 0.000000e+00 -1.789716e-06)	(-8.655453e-02 0.000000e+00 2.614658e-06)
2.484000e+04	lowerWall	(-8.714719e-02 0.000000e+00 -1.787660e-06)	(-8.655329e-02 0.000000e+00 2.612192e-06)
2.485000e+04	lowerWall	(-8.714541e-02 0.000000e+00 -1.785604e-06)	(-8.655205e-02 0.000000e+00 2.609726e-06)
2.486000e+04	lowerWall	(-8.714364e-02 0.000000e+00 -1.783549e-06)	(-8.655081e-02 0.000000e+00 2.607262e-06)
2.487000e+04	lowerWall	(-8.714187e-02 0.000000e+00 -1.781495e-06)	(-8.654958e-02 0.000000e+00 2.604799e-06)
2.488000e+04	lowerWall	(-8.714010e-02 0.000000e+00 -1.779442e-06)	(-8.654834e-02 0.000000e+00 2.602336e-06)
2.489000e+04	lowerWall	(-8.713834e-02 0.000000e+00 -1.777390e-06)	(-8.654711e-02 0.000000e+00 2.599875e-06)
2.490000e+04	lowerWall	(-8.713657e-02 0.000000e+00 -1.775339e-06)	(-8.654588e-02 0.000000e+00 2.597414e-06)
2.491000e+04	lowerWall	(-8.713481e-02 0.000000e+00 -1.773288e-06)	(-8.654465e-02 0.000000e+00 2.594955e-06)
2.492000e+04	lowerWall	(-8.713305e-02 0.000000e+00 -1.771239e-06)	(-8.654343e-02 0.000000e+00 2.592497e-06)
2.493000e+04	lowerWall	(-8.713130e-02 0.000000e+00 -1.769190e-06)	(-8.654220e-02 0.000000e+00 2.590039e-06)
2.494000e+04	lowerWall	(-8.712954e-02 0.000000e+00 -1.767143e-06)	(-8.654098e-02 0.000000e+00 2.587583e-06)
2.495000e+04	lowerWall	(-8.712779e-02 0.000000e+00 -1.765096e-06)	(-8.653976e-02 0.000000e+00 2.585127e-06)
2.496000e+04	lowerWall	(-8.712604e-02 0.000000e+00 -1.763050e-06)	(-8.653854e-02 0.000000e+00 2.582673e-06)
2.497000e+04	lowerWall	(-8.712429e-02 0.000000e+00 -1.761005e-06)	(-8.653732e-02 0.000000e+00 2.580219e-06)
2.498000e+04	lowerWall	(-8.712255e-02 0.000000e+00 -1.758961e-06)	(-8.653611e-02 0.000000e+00 2.577767e-06)
2.499000e+04	lowerWall	(-8.712080e-02 0.000000e+00 -1.756918e-06)	(-8.653490e-02 0.000000e+00 2.575315e-06)
2.500000e+04	lowerWall	(-8.711906e-02 0.000000e+00 -1.754877e-06)	(-8.653368e-02 0.000000e+00 2.572865e-06)
2.501000e+04	lowerWall	(-8.711732e-02 0.000000e+00 -1.752836e-06)	(-8.653248e-02 0.000000e+00 2.570415e-06)
2.502000e+04	lowerWall	(-8.711558e-02 0.000000e+00 -1.750796e-06)	(-8.653127e-02 0.000000e+00 2.567967e-06)
2.503000e+04	lowerWall	(-8.711385e-02 0.000000e+00 -1.748756e-06)	(-8.653006e-02 0.000000e+00 2.565520e-06)
2.504000e+04	lowerWall	(-8.711211e-02 0.000000e+00 -1.746718e-06)	(-8.652886e-02 0.000000e+00 2.563073e-06)
2.505000e+04	lowerWall	(-8.711038e-02 0.000000e+00 -1.744680e-06)	(-8.652766e-02 0.000000e+00 2.560628e-06)
2.506000e+04	lowerWall	(-8.710865e-02 0.000000e+00 -1.742644e-06)	(-8.652646e-02 0.000000e+00 2.558184e-06)
2.507000e+04	lowerWall	(-8.710693e-02 0.000000e+00 -1.740609e-06)	(-8.652526e-02 0.000000e+00 2.555740e-06)
2.508000e+04	lowerWall	(-8.710520e-02 0.000000e+00 -1.738576e-06)	(-8.652406e-02 0.000000e+00 2.553298e-06)
2.509000e+04	lowerWall	(-8.710348e-02 0.000000e+00 -1.736543e-06)	(-8.652287e-02 0.000000e+00 2.550857e-06)
2.510000e+04	lowerWall	(-8.710176e-02 0.000000e+00 -1.734511e-06)	(-8.652167e-02 0.000000e+00 2.548417e-06)
2.511000e+04	lowerWall	(-8.710004e-02 0.000000e+00 -1.732478e-06)	(-8.652048e-02 0.000000e+00 2.545978e-06)
2.512000e+04	lowerWall	(-8.709833e-02 0.000000e+00 -1.730447e-06)	(-8.651929e-02 0.000000e+00 2.543539e-06)
2.513000e+04	lowerWall	(-8.709661e-02 0.000000e+00 -1.728418e-06)	(-8.651811e-02 0.000000e+00 2.541102e-06)
2.514000e+04	lowerWall	(-8.709490e-02 0.000000e+00 -1.726389e-06)	(-8.651692e-02 0.000000e+00 2.538666e-06)
2.515000e+04	lowerWall	(-8.709319e-02 0.000000e+00 -1.724361e-06)	(-8.651574e-02 0.000000e+00 2.536231e-06)
2.516000e+04	lowerWall	(-8.709148e-02 0.000000e+00 -1.722334e-06)	(-8.651455e-02 0.000000e+00 2.533797e-06)
2.517000e+04	lowerWall	(-8.708978e-02 0.000000e+00 -1.720310e-06)	(-8.651337e-02 0.000000e+00 2.531364e-06)
2.518000e+04	lowerWall	(-8.708807e-02 0.000000e+00 -1.718286e-06)	(-8.651219e-02 0.000000e+00 2.528932e-06)
2.519000e+04	lowerWall	(-8.708637e-02 0.000000e+00 -1.716263e-06)	(-8.651102e-02 0.000000e+00 2.526501e-06)
2.520000e+04	lowerWall	(-8.708467e-02 0.000000e+00 -1.714241e-06)	(-8.650984e-02 0.000000e+00 2.524072e-06)
2.521000e+04	lowerWall	(-8.708297e-02 0.000000e+00 -1.712219e-06)	(-8.650867e-02 0.000000e+00 2.521643e-06)
2.522000e+04	lowerWall	(-8.708128e-02 0.000000e+00 -1.710198e-06)	(-8.650750e-02 0.000000e+00 2.519215e-06)
2.523000e+04	lowerWall	(-8.707959e-02 0.000000e+00 -1.708178e-06)	(-8.650633e-02 0.000000e+00 2.516789e-06)
2.524000e+04	lowerWall	(-8.707789e-02 0.000000e+00 -1.706161e-06)	(-8.650516e-02 0.000000e+00 2.514363e-06)
2.525000e+04	lowerWall	(-8.707621e-02 0.000000e+00 -1.704147e-06)	(-8.650399e-02 0.000000e+00 2.511938e-06)
2.526000e+04	lowerWall	(-8.707452e-02 0.000000e+00 -1.702133e-06)	(-8.650283e-02 0.000000e+00 2.509514e-06)
2.527000e+04	lowerWall	(-8.707283e-02 0.000000e+00 -1.700120e-06)	(-8.650167e-02 0.000000e+00 2.507092e-06)
2.528000e+04	lowerWall	(-8.707115e-02 0.000000e+00 -1.698107e-06)	(-8.650050e-02 0.000000e+00 2.504671e-06)
2.529000e+04	lowerWall	(-8.706947e-02 0.000000e+00 -1.696095e-06)	(-8.649935e-02 0.000000e+00 2.502250e-06)
2.530000e+04	lowerWall	(-8.706779e-02 0.000000e+00 -1.694082e-06)	(-8.649819e-02 0.000000e+00 2.499832e-06)
2.531000e+04	lowerWall	(-8.706611e-02 0.000000e+00 -1.692073e-06)	(-8.649703e-02 0.000000e+00 2.497413e-06)
2.532000e+04	lowerWall	(-8.706444e-02 0.000000e+00 -1.690068e-06)	(-8.649588e-02 0.000000e+00 2.494996e-06)
2.533000e+04	lowerWall	(-8.706277e-02 0.000000e+00 -1.688063e-06)	(-8.649473e-02 0.000000e+00 2.492579e-06)
2.534000e+04	lowerWall	(-8.706110e-02 0.000000e+00 -1.686057e-06)	(-8.649357e-02 0.000000e+00 2.490164e-06)
2.535000e+04	lowerWall	(-8.705943e-02 0.000000e+00 -1.684053e-06)	(-8.649243e-02 0.000000e+00 2.487751e-06)
2.536000e+04	lowerWall	(-8.705776e-02 0.000000e+00 -1.682050e-06)	(-8.649128e-02 0.000000e+00 2.485338e-06)
2.537000e+04	lowerWall	(-8.705610e-02 0.000000e+00 -1.680047e-06)	(-8.649013e-02 0.000000e+00 2.482926e-06)
2.538000e+04	lowerWall	(-8.705443e-02 0.000000e+00 -1.678044e-06)	(-8.648899e-02 0.000000e+00 2.480515e-06)
2.539000e+04	lowerWall	(-8.705277e-02 0.000000e+00 -1.676045e-06)	(-8.648785e-02 0.000000e+00 2.478106e-06)
2.540000e+04	lowerWall	(-8.705111e-02 0.000000e+00 -1.674047e-06)	(-8.648671e-02 0.000000e+00 2.475697e-06)
2.541000e+04	lowerWall	(-8.704946e-02 0.000000e+00 -1.672049e-06)	(-8.648557e-02 0.000000e+00 2.473289e-06)
2.542000e+04	lowerWall	(-8.704780e-02 0.000000e+00 -1.670052e-06)	(-8.648443e-02 0.000000e+00 2.470930e-06)
2.543000e+04	lowerWall	(-8.704615e-02 0.000000e+00 -1.668056e-06)	(-8.648330e-02 0.000000e+00 2.468627e-06)
2.544000e+04	lowerWall	(-8.704450e-02 0.000000e+00 -1.666061e-06)	(-8.648216e-02 0.000000e+00 2.466324e-06)
2.545000e+04	lowerWall	(-8.704285e-02 0.000000e+00 -1.664068e-06)	(-8.648103e-02 0.000000e+00 2.464022e-06)
2.546000e+04	lowerWall	(-8.704121e-02 0.000000e+00 -1.662074e-06)	(-8.647990e-02 0.000000e+00 2.461721e-06)
2.547000e+04	lowerWall	(-8.703956e-02 0.000000e+00 -1.660083e-06)	(-8.647877e-02 0.000000e+00 2.459421e-06)
2.548000e+04	lowerWall	(-8.703792e-02 0.000000e+00 -1.658093e-06)	(-8.647764e-02 0.000000e+00 2.457122e-06)
2.549000e+04	lowerWall	(-8.703628e-02 0.000000e+00 -1.656103e-06)	(-8.647652e-02 0.000000e+00 2.454824e-06)
2.550000e+04	lowerWall	(-8.703464e-02 0.000000e+00 -1.654115e-06)	(-8.647540e-02 0.000000e+00 2.452526e-06)
2.551000e+04	lowerWall	(-8.703300e-02 0.000000e+00 -1.652128e-06)	(-8.647427e-02 0.000000e+00 2.450230e-06)
2.552000e+04	lowerWall	(-8.703137e-02 0.000000e+00 -1.650141e-06)	(-8.647315e-02 0.000000e+00 2.447934e-06)
2.553000e+04	lowerWall	(-8.702974e-02 0.000000e+00 -1.648156e-06)	(-8.647204e-02 0.000000e+00 2.445640e-06)
2.554000e+04	lowerWall	(-8.702812e-02 0.000000e+00 -1.646172e-06)	(-8.647092e-02 0.000000e+00 2.443346e-06)
2.555000e+04	lowerWall	(-8.702650e-02 0.000000e+00 -1.644190e-06)	(-8.646980e-02 0.000000e+00 2.441053e-06)
2.556000e+04	lowerWall	(-8.702488e-02 0.000000e+00 -1.642209e-06)	(-8.646869e-02 0.000000e+00 2.438761e-06)
2.557000e+04	lowerWall	(-8.702326e-02 0.000000e+00 -1.640229e-06)	(-8.646758e-02 0.000000e+00 2.436470e-06)
2.558000e+04	lowerWall	(-8.702165e-02 0.000000e+00 -1.638250e-06)	(-8.646647e-02 0.000000e+00 2.434180e-06)
2.559000e+04	lowerWall	(-8.702004e-02 0.000000e+00 -1.636272e-06)	(-8.646536e-02 0.000000e+00 2.431891e-06)
2.560000e+04	lowerWall	(-8.701843e-02 0.000000e+00 -1.634296e-06)	(-8.646425e-02 0.000000e+00 2.429603e-06)
2.561000e+04	lowerWall	(-8.701682e-02 0.000000e+00 -1.632321e-06)	(-8.646315e-02 0.000000e+00 2.427316e-06)
2.562000e+04	lowerWall	(-8.701521e-02 0.000000e+00 -1.630347e-06)	(-8.646204e-02 0.000000e+00 2.425030e-06)
2.563000e+04	lowerWall	(-8.701361e-02 0.000000e+00 -1.628374e-06)	(-8.646094e-02 0.000000e+00 2.422744e-06)
2.564000e+04	lowerWall	(-8.701200e-02 0.000000e+00 -1.626402e-06)	(-8.645984e-02 0.000000e+00 2.420460e-06)
2.565000e+04	lowerWall	(-8.701040e-02 0.000000e+00 -1.624432e-06)	(-8.645874e-02 0.000000e+00 2.418176e-06)
2.566000e+04	lowerWall	(-8.700880e-02 0.000000e+00 -1.622464e-06)	(-8.645765e-02 0.000000e+00 2.415894e-06)
2.567000e+04	lowerWall	(-8.700721e-02 0.000000e+00 -1.620496e-06)	(-8.645655e-02 0.000000e+00 2.413612e-06)
2.568000e+04	lowerWall	(-8.700561e-02 0.000000e+00 -1.618529e-06)	(-8.645546e-02 0.000000e+00 2.411331e-06)
2.569000e+04	lowerWall	(-8.700402e-02 0.000000e+00 -1.616563e-06)	(-8.645436e-02 0.000000e+00 2.409052e-06)
2.570000e+04	lowerWall	(-8.700243e-02 0.000000e+00 -1.614599e-06)	(-8.645327e-02 0.000000e+00 2.406773e-06)
2.571000e+04	lowerWall	(-8.700074e-02 0.000000e+00 -1.611439e-06)	(-8.645225e-02 0.000000e+00 2.404345e-06)
2.572000e+04	lowerWall	(-8.699873e-02 0.000000e+00 -1.607556e-06)	(-8.645111e-02 0.000000e+00 2.402124e-06)
2.573000e+04	lowerWall	(-8.699713e-02 0.000000e+00 -1.604792e-06)	(-8.645012e-02 0.000000e+00 2.399327e-06)
2.574000e+04	lowerWall	(-8.699509e-02 0.000000e+00 -1.601225e-06)	(-8.644893e-02 0.000000e+00 2.397129e-06)
2.575000e+04	lowerWall	(-8.699339e-02 0.000000e+00 -1.598250e-06)	(-8.644794e-02 0.000000e+00 2.394353e-06)
2.576000e+04	lowerWall	(-8.699171e-02 0.000000e+00 -1.596520e-06)	(-8.644675e-02 0.000000e+00 2.391961e-06)
2.577000e+04	lowerWall	(-8.698976e-02 0.000000e+00 -1.593906e-06)	(-8.644551e-02 0.000000e+00 2.389898e-06)
2.578000e+04	lowerWall	(-8.698814e-02 0.000000e+00 -1.591418e-06)	(-8.644451e-02 0.000000e+00 2.387202e-06)
2.579000e+04	lowerWall	(-8.698651e-02 0.000000e+00 -1.589995e-06)	(-8.644331e-02 0.000000e+00 2.384864e-06)
2.580000e+04	lowerWall	(-8.698460e-02 0.000000e+00 -1.587591e-06)	(-8.644207e-02 0.000000e+00 2.382838e-06)
2.581000e+04	lowerWall	(-8.698301e-02 0.000000e+00 -1.585264e-06)	(-8.644107e-02 0.000000e+00 2.380171e-06)
2.582000e+04	lowerWall	(-8.698142e-02 0.000000e+00 -1.583963e-06)	(-8.643987e-02 0.000000e+00 2.377856e-06)
2.583000e+04	lowerWall	(-8.697953e-02 0.000000e+00 -1.581653e-06)	(-8.643863e-02 0.000000e+00 2.375847e-06)
2.584000e+04	lowerWall	(-8.697797e-02 0.000000e+00 -1.579403e-06)	(-8.643763e-02 0.000000e+00 2.373196e-06)
2.585000e+04	lowerWall	(-8.697639e-02 0.000000e+00 -1.578162e-06)	(-8.643644e-02 0.000000e+00 2.370893e-06)
2.586000e+04	lowerWall	(-8.697453e-02 0.000000e+00 -1.575900e-06)	(-8.643521e-02 0.000000e+00 2.368894e-06)
2.587000e+04	lowerWall	(-8.697298e-02 0.000000e+00 -1.573693e-06)	(-8.643421e-02 0.000000e+00 2.366253e-06)
2.588000e+04	lowerWall	(-8.697142e-02 0.000000e+00 -1.572485e-06)	(-8.643303e-02 0.000000e+00 2.363959e-06)
2.589000e+04	lowerWall	(-8.696957e-02 0.000000e+00 -1.570248e-06)	(-8.643180e-02 0.000000e+00 2.361967e-06)
2.590000e+04	lowerWall	(-8.696804e-02 0.000000e+00 -1.568064e-06)	(-8.643081e-02 0.000000e+00 2.359333e-06)
2.591000e+04	lowerWall	(-8.696626e-02 0.000000e+00 -1.566125e-06)	(-8.642956e-02 0.000000e+00 2.357306e-06)
2.592000e+04	lowerWall	(-8.696456e-02 0.000000e+00 -1.563839e-06)	(-8.642844e-02 0.000000e+00 2.354931e-06)
2.593000e+04	lowerWall	(-8.696276e-02 0.000000e+00 -1.560563e-06)	(-8.642737e-02 0.000000e+00 2.352403e-06)
2.594000e+04	lowerWall	(-8.696098e-02 0.000000e+00 -1.558008e-06)	(-8.642624e-02 0.000000e+00 2.349956e-06)
2.595000e+04	lowerWall	(-8.695924e-02 0.000000e+00 -1.555736e-06)	(-8.642509e-02 0.000000e+00 2.347549e-06)
2.596000e+04	lowerWall	(-8.695751e-02 0.000000e+00 -1.553604e-06)	(-8.642395e-02 0.000000e+00 2.345167e-06)
2.597000e+04	lowerWall	(-8.695579e-02 0.000000e+00 -1.551555e-06)	(-8.642280e-02 0.000000e+00 2.342802e-06)
2.598000e+04	lowerWall	(-8.695409e-02 0.000000e+00 -1.549562e-06)	(-8.642166e-02 0.000000e+00 2.340447e-06)
2.599000e+04	lowerWall	(-8.695240e-02 0.000000e+00 -1.547609e-06)	(-8.642051e-02 0.000000e+00 2.338101e-06)
2.600000e+04	lowerWall	(-8.695072e-02 0.000000e+00 -1.545687e-06)	(-8.641937e-02 0.000000e+00 2.335762e-06)
2.601000e+04	lowerWall	(-8.694905e-02 0.000000e+00 -1.543788e-06)	(-8.641823e-02 0.000000e+00 2.333428e-06)
2.602000e+04	lowerWall	(-8.694738e-02 0.000000e+00 -1.541906e-06)	(-8.641709e-02 0.000000e+00 2.331099e-06)
2.603000e+04	lowerWall	(-8.694572e-02 0.000000e+00 -1.540039e-06)	(-8.641596e-02 0.000000e+00 2.328774e-06)
2.604000e+04	lowerWall	(-8.694407e-02 0.000000e+00 -1.538184e-06)	(-8.641483e-02 0.000000e+00 2.326452e-06)
2.605000e+04	lowerWall	(-8.694242e-02 0.000000e+00 -1.536338e-06)	(-8.641370e-02 0.000000e+00 2.324133e-06)
2.606000e+04	lowerWall	(-8.694078e-02 0.000000e+00 -1.534499e-06)	(-8.641257e-02 0.000000e+00 2.321817e-06)
2.607000e+04	lowerWall	(-8.693914e-02 0.000000e+00 -1.532666e-06)	(-8.641145e-02 0.000000e+00 2.319503e-06)
2.608000e+04	lowerWall	(-8.693750e-02 0.000000e+00 -1.530838e-06)	(-8.641032e-02 0.000000e+00 2.317192e-06)
2.609000e+04	lowerWall	(-8.693587e-02 0.000000e+00 -1.529015e-06)	(-8.640921e-02 0.000000e+00 2.314883e-06)
2.610000e+04	lowerWall	(-8.693425e-02 0.000000e+00 -1.527194e-06)	(-8.640809e-02 0.000000e+00 2.312577e-06)
2.611000e+04	lowerWall	(-8.693263e-02 0.000000e+00 -1.525376e-06)	(-8.640698e-02 0.000000e+00 2.310272e-06)
2.612000e+04	lowerWall	(-8.693101e-02 0.000000e+00 -1.523560e-06)	(-8.640587e-02 0.000000e+00 2.307969e-06)
2.613000e+04	lowerWall	(-8.692940e-02 0.000000e+00 -1.521746e-06)	(-8.640476e-02 0.000000e+00 2.305668e-06)
2.614000e+04	lowerWall	(-8.692779e-02 0.000000e+00 -1.519933e-06)	(-8.640366e-02 0.000000e+00 2.303369e-06)
2.615000e+04	lowerWall	(-8.692618e-02 0.000000e+00 -1.518121e-06)	(-8.640256e-02 0.000000e+00 2.301147e-06)
2.616000e+04	lowerWall	(-8.692458e-02 0.000000e+00 -1.516310e-06)	(-8.640146e-02 0.000000e+00 2.298958e-06)
2.617000e+04	lowerWall	(-8.692298e-02 0.000000e+00 -1.514499e-06)	(-8.640037e-02 0.000000e+00 2.296770e-06)
2.618000e+04	lowerWall	(-8.692139e-02 0.000000e+00 -1.512688e-06)	(-8.639927e-02 0.000000e+00 2.294584e-06)
2.619000e+04	lowerWall	(-8.691980e-02 0.000000e+00 -1.510878e-06)	(-8.639819e-02 0.000000e+00 2.292399e-06)
2.620000e+04	lowerWall	(-8.691821e-02 0.000000e+00 -1.509068e-06)	(-8.639710e-02 0.000000e+00 2.290216e-06)
2.621000e+04	lowerWall	(-8.691662e-02 0.000000e+00 -1.507258e-06)	(-8.639602e-02 0.000000e+00 2.288034e-06)
2.622000e+04	lowerWall	(-8.691504e-02 0.000000e+00 -1.505448e-06)	(-8.639494e-02 0.000000e+00 2.285853e-06)
2.623000e+04	lowerWall	(-8.691346e-02 0.000000e+00 -1.503637e-06)	(-8.639386e-02 0.000000e+00 2.283673e-06)
2.624000e+04	lowerWall	(-8.691189e-02 0.000000e+00 -1.501827e-06)	(-8.639278e-02 0.000000e+00 2.281495e-06)
2.625000e+04	lowerWall	(-8.691032e-02 0.000000e+00 -1.500016e-06)	(-8.639171e-02 0.000000e+00 2.279318e-06)
2.626000e+04	lowerWall	(-8.690875e-02 0.000000e+00 -1.498205e-06)	(-8.639064e-02 0.000000e+00 2.277142e-06)
2.627000e+04	lowerWall	(-8.690718e-02 0.000000e+00 -1.496394e-06)	(-8.638957e-02 0.000000e+00 2.274968e-06)
2.628000e+04	lowerWall	(-8.690562e-02 0.000000e+00 -1.494583e-06)	(-8.638851e-02 0.000000e+00 2.272794e-06)
2.629000e+04	lowerWall	(-8.690406e-02 0.000000e+00 -1.492772e-06)	(-8.638744e-02 0.000000e+00 2.270622e-06)
2.630000e+04	lowerWall	(-8.690250e-02 0.000000e+00 -1.490960e-06)	(-8.638638e-02 0.000000e+00 2.268452e-06)
2.631000e+04	lowerWall	(-8.690094e-02 0.000000e+00 -1.489148e-06)	(-8.638533e-02 0.000000e+00 2.266282e-06)
2.632000e+04	lowerWall	(-8.689939e-02 0.000000e+00 -1.487336e-06)	(-8.638427e-02 0.000000e+00 2.264114e-06)
2.633000e+04	lowerWall	(-8.689784e-02 0.000000e+00 -1.485524e-06)	(-8.638322e-02 0.000000e+00 2.261947e-06)
2.634000e+04	lowerWall	(-8.689629e-02 0.000000e+00 -1.483712e-06)	(-8.638217e-02 0.000000e+00 2.259781e-06)
2.635000e+04	lowerWall	(-8.689475e-02 0.000000e+00 -1.481900e-06)	(-8.638112e-02 0.000000e+00 2.257616e-06)
2.636000e+04	lowerWall	(-8.689321e-02 0.000000e+00 -1.480087e-06)	(-8.638008e-02 0.000000e+00 2.255453e-06)
2.637000e+04	lowerWall	(-8.689167e-02 0.000000e+00 -1.478275e-06)	(-8.637903e-02 0.000000e+00 2.253290e-06)
2.638000e+04	lowerWall	(-8.689013e-02 0.000000e+00 -1.476462e-06)	(-8.637799e-02 0.000000e+00 2.251129e-06)
2.639000e+04	lowerWall	(-8.688860e-02 0.000000e+00 -1.474651e-06)	(-8.637695e-02 0.000000e+00 2.248969e-06)
2.640000e+04	lowerWall	(-8.688707e-02 0.000000e+00 -1.472840e-06)	(-8.637592e-02 0.000000e+00 2.246810e-06)
2.641000e+04	lowerWall	(-8.688554e-02 0.000000e+00 -1.471028e-06)	(-8.637488e-02 0.000000e+00 2.244652e-06)
2.642000e+04	lowerWall	(-8.688401e-02 0.000000e+00 -1.469217e-06)	(-8.637385e-02 0.000000e+00 2.242495e-06)
2.643000e+04	lowerWall	(-8.688249e-02 0.000000e+00 -1.467405e-06)	(-8.637282e-02 0.000000e+00 2.240340e-06)
2.644000e+04	lowerWall	(-8.688097e-02 0.000000e+00 -1.465593e-06)	(-8.637179e-02 0.000000e+00 2.238185e-06)
2.645000e+04	lowerWall	(-8.687945e-02 0.000000e+00 -1.463782e-06)	(-8.637077e-02 0.000000e+00 2.236032e-06)
2.646000e+04	lowerWall	(-8.687793e-02 0.000000e+00 -1.461970e-06)	(-8.636974e-02 0.000000e+00 2.233880e-06)
2.647000e+04	lowerWall	(-8.687642e-02 0.000000e+00 -1.460159e-06)	(-8.636872e-02 0.000000e+00 2.231729e-06)
2.648000e+04	lowerWall	(-8.687491e-02 0.000000e+00 -1.458348e-06)	(-8.636770e-02 0.000000e+00 2.229580e-06)
2.649000e+04	lowerWall	(-8.687340e-02 0.000000e+00 -1.456537e-06)	(-8.636669e-02 0.000000e+00 2.227431e-06)
2.650000e+04	lowerWall	(-8.687189e-02 0.000000e+00 -1.454725e-06)	(-8.636567e-02 0.000000e+00 2.225284e-06)
2.651000e+04	lowerWall	(-8.687039e-02 0.000000e+00 -1.452914e-06)	(-8.636466e-02 0.000000e+00 2.223138e-06)
2.652000e+04	lowerWall	(-8.686889e-02 0.000000e+00 -1.451103e-06)	(-8.636365e-02 0.000000e+00 2.220993e-06)
2.653000e+04	lowerWall	(-8.686739e-02 0.000000e+00 -1.449292e-06)	(-8.636264e-02 0.000000e+00 2.218849e-06)
2.654000e+04	lowerWall	(-8.686589e-02 0.000000e+00 -1.447482e-06)	(-8.636163e-02 0.000000e+00 2.216706e-06)
2.655000e+04	lowerWall	(-8.686440e-02 0.000000e+00 -1.445673e-06)	(-8.636062e-02 0.000000e+00 2.214565e-06)
2.656000e+04	lowerWall	(-8.686290e-02 0.000000e+00 -1.443863e-06)	(-8.635962e-02 0.000000e+00 2.212424e-06)
2.657000e+04	lowerWall	(-8.686141e-02 0.000000e+00 -1.442127e-06)	(-8.635862e-02 0.000000e+00 2.210285e-06)
2.658000e+04	lowerWall	(-8.685992e-02 0.000000e+00 -1.440393e-06)	(-8.635762e-02 0.000000e+00 2.208147e-06)
2.659000e+04	lowerWall	(-8.685844e-02 0.000000e+00 -1.438658e-06)	(-8.635662e-02 0.000000e+00 2.206009e-06)
2.660000e+04	lowerWall	(-8.685696e-02 0.000000e+00 -1.436924e-06)	(-8.635563e-02 0.000000e+00 2.203873e-06)
2.661000e+04	lowerWall	(-8.685547e-02 0.000000e+00 -1.435190e-06)	(-8.635463e-02 0.000000e+00 2.201738e-06)
2.662000e+04	lowerWall	(-8.685399e-02 0.000000e+00 -1.433457e-06)	(-8.635364e-02 0.000000e+00 2.199604e-06)
2.663000e+04	lowerWall	(-8.685252e-02 0.000000e+00 -1.431725e-06)	(-8.635265e-02 0.000000e+00 2.197471e-06)
2.664000e+04	lowerWall	(-8.685104e-02 0.000000e+00 -1.429994e-06)	(-8.635166e-02 0.000000e+00 2.195339e-06)
2.665000e+04	lowerWall	(-8.684957e-02 0.000000e+00 -1.428262e-06)	(-8.635067e-02 0.000000e+00 2.193209e-06)
2.666000e+04	lowerWall	(-8.684810e-02 0.000000e+00 -1.426531e-06)	(-8.634969e-02 0.000000e+00 2.191079e-06)
2.667000e+04	lowerWall	(-8.684663e-02 0.000000e+00 -1.424800e-06)	(-8.634871e-02 0.000000e+00 2.188951e-06)
2.668000e+04	lowerWall	(-8.684517e-02 0.000000e+00 -1.423069e-06)	(-8.634772e-02 0.000000e+00 2.186823e-06)
2.669000e+04	lowerWall	(-8.684370e-02 0.000000e+00 -1.421340e-06)	(-8.634674e-02 0.000000e+00 2.184696e-06)
2.670000e+04	lowerWall	(-8.684224e-02 0.000000e+00 -1.419614e-06)	(-8.634577e-02 0.000000e+00 2.182570e-06)
2.671000e+04	lowerWall	(-8.684078e-02 0.000000e+00 -1.417887e-06)	(-8.634479e-02 0.000000e+00 2.180446e-06)
2.672000e+04	lowerWall	(-8.683932e-02 0.000000e+00 -1.416161e-06)	(-8.634382e-02 0.000000e+00 2.178323e-06)
2.673000e+04	lowerWall	(-8.683787e-02 0.000000e+00 -1.414434e-06)	(-8.634284e-02 0.000000e+00 2.176200e-06)
2.674000e+04	lowerWall	(-8.683641e-02 0.000000e+00 -1.412708e-06)	(-8.634187e-02 0.000000e+00 2.174079e-06)
2.675000e+04	lowerWall	(-8.683496e-02 0.000000e+00 -1.410981e-06)	(-8.634090e-02 0.000000e+00 2.171960e-06)
2.676000e+04	lowerWall	(-8.683351e-02 0.000000e+00 -1.409260e-06)	(-8.633994e-02 0.000000e+00 2.169840e-06)
2.677000e+04	lowerWall	(-8.683206e-02 0.000000e+00 -1.407538e-06)	(-8.633897e-02 0.000000e+00 2.167722e-06)
2.678000e+04	lowerWall	(-8.683062e-02 0.000000e+00 -1.405816e-06)	(-8.633801e-02 0.000000e+00 2.165605e-06)
2.679000e+04	lowerWall	(-8.682918e-02 0.000000e+00 -1.404094e-06)	(-8.633705e-02 0.000000e+00 2.163489e-06)
2.680000e+04	lowerWall	(-8.682773e-02 0.000000e+00 -1.402374e-06)	(-8.633608e-02 0.000000e+00 2.161374e-06)
2.681000e+04	lowerWall	(-8.682629e-02 0.000000e+00 -1.400654e-06)	(-8.633513e-02 0.000000e+00 2.159260e-06)
2.682000e+04	lowerWall	(-8.682486e-02 0.000000e+00 -1.398934e-06)	(-8.633417e-02 0.000000e+00 2.157148e-06)
2.683000e+04	lowerWall	(-8.682342e-02 0.000000e+00 -1.397216e-06)	(-8.633321e-02 0.000000e+00 2.155036e-06)
2.684000e+04	lowerWall	(-8.682199e-02 0.000000e+00 -1.395499e-06)	(-8.633226e-02 0.000000e+00 2.152925e-06)
2.685000e+04	lowerWall	(-8.682056e-02 0.000000e+00 -1.393782e-06)	(-8.633131e-02 0.000000e+00 2.150815e-06)
2.686000e+04	lowerWall	(-8.681913e-02 0.000000e+00 -1.392066e-06)	(-8.633036e-02 0.000000e+00 2.148707e-06)
2.687000e+04	lowerWall	(-8.681770e-02 0.000000e+00 -1.390350e-06)	(-8.632941e-02 0.000000e+00 2.146599e-06)
2.688000e+04	lowerWall	(-8.681628e-02 0.000000e+00 -1.388635e-06)	(-8.632846e-02 0.000000e+00 2.144493e-06)
2.689000e+04	lowerWall	(-8.681485e-02 0.000000e+00 -1.386921e-06)	(-8.632751e-02 0.000000e+00 2.142387e-06)
2.690000e+04	lowerWall	(-8.681343e-02 0.000000e+00 -1.385208e-06)	(-8.632657e-02 0.000000e+00 2.140283e-06)
2.691000e+04	lowerWall	(-8.681201e-02 0.000000e+00 -1.383496e-06)	(-8.632563e-02 0.000000e+00 2.138179e-06)
2.692000e+04	lowerWall	(-8.681060e-02 0.000000e+00 -1.381785e-06)	(-8.632469e-02 0.000000e+00 2.136077e-06)
2.693000e+04	lowerWall	(-8.680918e-02 0.000000e+00 -1.380074e-06)	(-8.632375e-02 0.000000e+00 2.134072e-06)
2.694000e+04	lowerWall	(-8.680777e-02 0.000000e+00 -1.378364e-06)	(-8.632281e-02 0.000000e+00 2.132069e-06)
2.695000e+04	lowerWall	(-8.680635e-02 0.000000e+00 -1.376655e-06)	(-8.632187e-02 0.000000e+00 2.130067e-06)
2.696000e+04	lowerWall	(-8.680495e-02 0.000000e+00 -1.374947e-06)	(-8.632094e-02 0.000000e+00 2.128066e-06)
2.697000e+04	lowerWall	(-8.680354e-02 0.000000e+00 -1.373240e-06)	(-8.632000e-02 0.000000e+00 2.126066e-06)
2.698000e+04	lowerWall	(-8.680213e-02 0.000000e+00 -1.371533e-06)	(-8.631907e-02 0.000000e+00 2.124066e-06)
2.699000e+04	lowerWall	(-8.680073e-02 0.000000e+00 -1.369828e-06)	(-8.631814e-02 0.000000e+00 2.122068e-06)
2.700000e+04	lowerWall	(-8.679933e-02 0.000000e+00 -1.368124e-06)	(-8.631721e-02 0.000000e+00 2.120070e-06)
2.701000e+04	lowerWall	(-8.679793e-02 0.000000e+00 -1.366420e-06)	(-8.631629e-02 0.000000e+00 2.118073e-06)
2.702000e+04	lowerWall	(-8.679654e-02 0.000000e+00 -1.364718e-06)	(-8.631536e-02 0.000000e+00 2.116077e-06)
2.703000e+04	lowerWall	(-8.679515e-02 0.000000e+00 -1.363017e-06)	(-8.631444e-02 0.000000e+00 2.114082e-06)
2.704000e+04	lowerWall	(-8.679377e-02 0.000000e+00 -1.361316e-06)	(-8.631352e-02 0.000000e+00 2.112088e-06)
2.705000e+04	lowerWall	(-8.679238e-02 0.000000e+00 -1.359617e-06)	(-8.631259e-02 0.000000e+00 2.110094e-06)
2.706000e+04	lowerWall	(-8.679100e-02 0.000000e+00 -1.357919e-06)	(-8.631167e-02 0.000000e+00 2.108102e-06)
2.707000e+04	lowerWall	(-8.678962e-02 0.000000e+00 -1.356222e-06)	(-8.631076e-02 0.000000e+00 2.106110e-06)
2.708000e+04	lowerWall	(-8.678824e-02 0.000000e+00 -1.354526e-06)	(-8.630984e-02 0.000000e+00 2.104119e-06)
2.709000e+04	lowerWall	(-8.678686e-02 0.000000e+00 -1.352831e-06)	(-8.630893e-02 0.000000e+00 2.102129e-06)
2.710000e+04	lowerWall	(-8.678548e-02 0.000000e+00 -1.351137e-06)	(-8.630801e-02 0.000000e+00 2.100139e-06)
2.711000e+04	lowerWall	(-8.678411e-02 0.000000e+00 -1.349444e-06)	(-8.630710e-02 0.000000e+00 2.098151e-06)
2.712000e+04	lowerWall	(-8.678274e-02 0.000000e+00 -1.347752e-06)	(-8.630619e-02 0.000000e+00 2.096163e-06)
2.713000e+04	lowerWall	(-8.678137e-02 0.000000e+00 -1.346061e-06)	(-8.630528e-02 0.000000e+00 2.094176e-06)
2.714000e+04	lowerWall	(-8.678000e-02 0.000000e+00 -1.344371e-06)	(-8.630437e-02 0.000000e+00 2.092190e-06)
2.715000e+04	lowerWall	(-8.677863e-02 0.000000e+00 -1.342683e-06)	(-8.630347e-02 0.000000e+00 2.090205e-06)
2.716000e+04	lowerWall	(-8.677726e-02 0.000000e+00 -1.340995e-06)	(-8.630256e-02 0.000000e+00 2.088221e-06)
2.717000e+04	lowerWall	(-8.677590e-02 0.000000e+00 -1.339309e-06)	(-8.630166e-02 0.000000e+00 2.086237e-06)
2.718000e+04	lowerWall	(-8.677454e-02 0.000000e+00 -1.337623e-06)	(-8.630076e-02 0.000000e+00 2.084254e-06)
2.719000e+04	lowerWall	(-8.677318e-02 0.000000e+00 -1.335939e-06)	(-8.629986e-02 0.000000e+00 2.082272e-06)
2.720000e+04	lowerWall	(-8.677182e-02 0.000000e+00 -1.334256e-06)	(-8.629896e-02 0.000000e+00 2.080291e-06)
2.721000e+04	lowerWall	(-8.677047e-02 0.000000e+00 -1.332574e-06)	(-8.629806e-02 0.000000e+00 2.078311e-06)
2.722000e+04	lowerWall	(-8.676911e-02 0.000000e+00 -1.330893e-06)	(-8.629717e-02 0.000000e+00 2.076332e-06)
2.723000e+04	lowerWall	(-8.676776e-02 0.000000e+00 -1.329213e-06)	(-8.629627e-02 0.000000e+00 2.074353e-06)
2.724000e+04	lowerWall	(-8.676641e-02 0.000000e+00 -1.327535e-06)	(-8.629538e-02 0.000000e+00 2.072376e-06)
2.725000e+04	lowerWall	(-8.676506e-02 0.000000e+00 -1.325857e-06)	(-8.629449e-02 0.000000e+00 2.070399e-06)
2.726000e+04	lowerWall	(-8.676371e-02 0.000000e+00 -1.324181e-06)	(-8.629360e-02 0.000000e+00 2.068423e-06)
2.727000e+04	lowerWall	(-8.676237e-02 0.000000e+00 -1.322506e-06)	(-8.629271e-02 0.000000e+00 2.066448e-06)
2.728000e+04	lowerWall	(-8.676102e-02 0.000000e+00 -1.320832e-06)	(-8.629182e-02 0.000000e+00 2.064473e-06)
2.729000e+04	lowerWall	(-8.675968e-02 0.000000e+00 -1.319159e-06)	(-8.629094e-02 0.000000e+00 2.062500e-06)
2.730000e+04	lowerWall	(-8.675834e-02 0.000000e+00 -1.317487e-06)	(-8.629005e-02 0.000000e+00 2.060527e-06)
2.731000e+04	lowerWall	(-8.675700e-02 0.000000e+00 -1.315816e-06)	(-8.628917e-02 0.000000e+00 2.058555e-06)
2.732000e+04	lowerWall	(-8.675566e-02 0.000000e+00 -1.314147e-06)	(-8.628829e-02 0.000000e+00 2.056584e-06)
2.733000e+04	lowerWall	(-8.675433e-02 0.000000e+00 -1.312479e-06)	(-8.628741e-02 0.000000e+00 2.054614e-06)
2.734000e+04	lowerWall	(-8.675300e-02 0.000000e+00 -1.310812e-06)	(-8.628653e-02 0.000000e+00 2.052645e-06)
2.735000e+04	lowerWall	(-8.675166e-02 0.000000e+00 -1.309146e-06)	(-8.628565e-02 0.000000e+00 2.050677e-06)
2.736000e+04	lowerWall	(-8.675033e-02 0.000000e+00 -1.307481e-06)	(-8.628477e-02 0.000000e+00 2.048709e-06)
2.737000e+04	lowerWall	(-8.674901e-02 0.000000e+00 -1.305818e-06)	(-8.628390e-02 0.000000e+00 2.046742e-06)
2.738000e+04	lowerWall	(-8.674768e-02 0.000000e+00 -1.304155e-06)	(-8.628303e-02 0.000000e+00 2.044776e-06)
2.739000e+04	lowerWall	(-8.674636e-02 0.000000e+00 -1.302494e-06)	(-8.628215e-02 0.000000e+00 2.042811e-06)
2.740000e+04	lowerWall	(-8.674503e-02 0.000000e+00 -1.300834e-06)	(-8.628128e-02 0.000000e+00 2.040847e-06)
2.741000e+04	lowerWall	(-8.674371e-02 0.000000e+00 -1.299175e-06)	(-8.628042e-02 0.000000e+00 2.038883e-06)
2.742000e+04	lowerWall	(-8.674239e-02 0.000000e+00 -1.297518e-06)	(-8.627955e-02 0.000000e+00 2.036921e-06)
2.743000e+04	lowerWall	(-8.674107e-02 0.000000e+00 -1.295862e-06)	(-8.627868e-02 0.000000e+00 2.034959e-06)
2.744000e+04	lowerWall	(-8.673976e-02 0.000000e+00 -1.294206e-06)	(-8.627782e-02 0.000000e+00 2.032998e-06)
2.745000e+04	lowerWall	(-8.673844e-02 0.000000e+00 -1.292553e-06)	(-8.627695e-02 0.000000e+00 2.031038e-06)
2.746000e+04	lowerWall	(-8.673713e-02 0.000000e+00 -1.290900e-06)	(-8.627609e-02 0.000000e+00 2.029079e-06)
2.747000e+04	lowerWall	(-8.673582e-02 0.000000e+00 -1.289249e-06)	(-8.627523e-02 0.000000e+00 2.027120e-06)
2.748000e+04	lowerWall	(-8.673451e-02 0.000000e+00 -1.287598e-06)	(-8.627437e-02 0.000000e+00 2.025163e-06)
2.749000e+04	lowerWall	(-8.673320e-02 0.000000e+00 -1.285949e-06)	(-8.627351e-02 0.000000e+00 2.023206e-06)
2.750000e+04	lowerWall	(-8.673189e-02 0.000000e+00 -1.284301e-06)	(-8.627265e-02 0.000000e+00 2.021250e-06)
2.751000e+04	lowerWall	(-8.673059e-02 0.000000e+00 -1.282654e-06)	(-8.627180e-02 0.000000e+00 2.019296e-06)
2.752000e+04	lowerWall	(-8.672929e-02 0.000000e+00 -1.281009e-06)	(-8.627094e-02 0.000000e+00 2.017341e-06)
2.753000e+04	lowerWall	(-8.672799e-02 0.000000e+00 -1.279365e-06)	(-8.627009e-02 0.000000e+00 2.015388e-06)
2.754000e+04	lowerWall	(-8.672669e-02 0.000000e+00 -1.277722e-06)	(-8.626924e-02 0.000000e+00 2.013436e-06)
2.755000e+04	lowerWall	(-8.672539e-02 0.000000e+00 -1.276080e-06)	(-8.626839e-02 0.000000e+00 2.011484e-06)
2.756000e+04	lowerWall	(-8.672409e-02 0.000000e+00 -1.274439e-06)	(-8.626754e-02 0.000000e+00 2.009533e-06)
2.757000e+04	lowerWall	(-8.672280e-02 0.000000e+00 -1.272800e-06)	(-8.626669e-02 0.000000e+00 2.007583e-06)
2.758000e+04	lowerWall	(-8.672151e-02 0.000000e+00 -1.271162e-06)	(-8.626585e-02 0.000000e+00 2.005634e-06)
2.759000e+04	lowerWall	(-8.672021e-02 0.000000e+00 -1.269525e-06)	(-8.626500e-02 0.000000e+00 2.003686e-06)
2.760000e+04	lowerWall	(-8.671892e-02 0.000000e+00 -1.267889e-06)	(-8.626416e-02 0.000000e+00 2.001739e-06)
2.761000e+04	lowerWall	(-8.671764e-02 0.000000e+00 -1.266255e-06)	(-8.626331e-02 0.000000e+00 1.999792e-06)
2.762000e+04	lowerWall	(-8.671635e-02 0.000000e+00 -1.264622e-06)	(-8.626247e-02 0.000000e+00 1.997847e-06)
2.763000e+04	lowerWall	(-8.671507e-02 0.000000e+00 -1.262990e-06)	(-8.626163e-02 0.000000e+00 1.995902e-06)
2.764000e+04	lowerWall	(-8.671378e-02 0.000000e+00 -1.261359e-06)	(-8.626080e-02 0.000000e+00 1.993958e-06)
2.765000e+04	lowerWall	(-8.671250e-02 0.000000e+00 -1.259730e-06)	(-8.625996e-02 0.000000e+00 1.992015e-06)
2.766000e+04	lowerWall	(-8.671122e-02 0.000000e+00 -1.258102e-06)	(-8.625912e-02 0.000000e+00 1.990073e-06)
2.767000e+04	lowerWall	(-8.670994e-02 0.000000e+00 -1.256475e-06)	(-8.625829e-02 0.000000e+00 1.988132e-06)
2.768000e+04	lowerWall	(-8.670867e-02 0.000000e+00 -1.254849e-06)	(-8.625745e-02 0.000000e+00 1.986191e-06)
2.769000e+04	lowerWall	(-8.670739e-02 0.000000e+00 -1.253225e-06)	(-8.625662e-02 0.000000e+00 1.984251e-06)
2.770000e+04	lowerWall	(-8.670612e-02 0.000000e+00 -1.251602e-06)	(-8.625579e-02 0.000000e+00 1.982313e-06)
2.771000e+04	lowerWall	(-8.670485e-02 0.000000e+00 -1.249980e-06)	(-8.625496e-02 0.000000e+00 1.980375e-06)
2.772000e+04	lowerWall	(-8.670358e-02 0.000000e+00 -1.248359e-06)	(-8.625413e-02 0.000000e+00 1.978438e-06)
2.773000e+04	lowerWall	(-8.670231e-02 0.000000e+00 -1.246740e-06)	(-8.625331e-02 0.000000e+00 1.976556e-06)
2.774000e+04	lowerWall	(-8.670104e-02 0.000000e+00 -1.245122e-06)	(-8.625248e-02 0.000000e+00 1.974712e-06)
2.775000e+04	lowerWall	(-8.669977e-02 0.000000e+00 -1.243505e-06)	(-8.625166e-02 0.000000e+00 1.972868e-06)
2.776000e+04	lowerWall	(-8.669851e-02 0.000000e+00 -1.241890e-06)	(-8.625083e-02 0.000000e+00 1.971025e-06)
2.777000e+04	lowerWall	(-8.669725e-02 0.000000e+00 -1.240276e-06)	(-8.625001e-02 0.000000e+00 1.969182e-06)
2.778000e+04	lowerWall	(-8.669599e-02 0.000000e+00 -1.238663e-06)	(-8.624919e-02 0.000000e+00 1.967341e-06)
2.779000e+04	lowerWall	(-8.669473e-02 0.000000e+00 -1.237051e-06)	(-8.624837e-02 0.000000e+00 1.965500e-06)
2.780000e+04	lowerWall	(-8.669347e-02 0.000000e+00 -1.235440e-06)	(-8.624755e-02 0.000000e+00 1.963659e-06)
2.781000e+04	lowerWall	(-8.669221e-02 0.000000e+00 -1.233831e-06)	(-8.624674e-02 0.000000e+00 1.961820e-06)
2.782000e+04	lowerWall	(-8.669096e-02 0.000000e+00 -1.232223e-06)	(-8.624592e-02 0.000000e+00 1.959981e-06)
2.783000e+04	lowerWall	(-8.668971e-02 0.000000e+00 -1.230617e-06)	(-8.624511e-02 0.000000e+00 1.958143e-06)
2.784000e+04	lowerWall	(-8.668846e-02 0.000000e+00 -1.229012e-06)	(-8.624429e-02 0.000000e+00 1.956305e-06)
2.785000e+04	lowerWall	(-8.668721e-02 0.000000e+00 -1.227407e-06)	(-8.624348e-02 0.000000e+00 1.954468e-06)
2.786000e+04	lowerWall	(-8.668596e-02 0.000000e+00 -1.225805e-06)	(-8.624267e-02 0.000000e+00 1.952632e-06)
2.787000e+04	lowerWall	(-8.668471e-02 0.000000e+00 -1.224203e-06)	(-8.624186e-02 0.000000e+00 1.950797e-06)
2.788000e+04	lowerWall	(-8.668347e-02 0.000000e+00 -1.222603e-06)	(-8.624105e-02 0.000000e+00 1.948962e-06)
2.789000e+04	lowerWall	(-8.668222e-02 0.000000e+00 -1.221004e-06)	(-8.624024e-02 0.000000e+00 1.947128e-06)
2.790000e+04	lowerWall	(-8.668098e-02 0.000000e+00 -1.219406e-06)	(-8.623944e-02 0.000000e+00 1.945295e-06)
2.791000e+04	lowerWall	(-8.667974e-02 0.000000e+00 -1.217810e-06)	(-8.623863e-02 0.000000e+00 1.943462e-06)
2.792000e+04	lowerWall	(-8.667850e-02 0.000000e+00 -1.216215e-06)	(-8.623783e-02 0.000000e+00 1.941630e-06)
2.793000e+04	lowerWall	(-8.667726e-02 0.000000e+00 -1.214621e-06)	(-8.623703e-02 0.000000e+00 1.939799e-06)
2.794000e+04	lowerWall	(-8.667603e-02 0.000000e+00 -1.213029e-06)	(-8.623623e-02 0.000000e+00 1.937968e-06)
2.795000e+04	lowerWall	(-8.667479e-02 0.000000e+00 -1.211437e-06)	(-8.623543e-02 0.000000e+00 1.936138e-06)
2.796000e+04	lowerWall	(-8.667356e-02 0.000000e+00 -1.209847e-06)	(-8.623463e-02 0.000000e+00 1.934309e-06)
2.797000e+04	lowerWall	(-8.667233e-02 0.000000e+00 -1.208258e-06)	(-8.623383e-02 0.000000e+00 1.932481e-06)
2.798000e+04	lowerWall	(-8.667110e-02 0.000000e+00 -1.206670e-06)	(-8.623304e-02 0.000000e+00 1.930653e-06)
2.799000e+04	lowerWall	(-8.666987e-02 0.000000e+00 -1.205084e-06)	(-8.623224e-02 0.000000e+00 1.928826e-06)
2.800000e+04	lowerWall	(-8.666865e-02 0.000000e+00 -1.203499e-06)	(-8.623145e-02 0.000000e+00 1.927000e-06)
2.801000e+04	lowerWall	(-8.666742e-02 0.000000e+00 -1.201916e-06)	(-8.623066e-02 0.000000e+00 1.925174e-06)
2.802000e+04	lowerWall	(-8.666620e-02 0.000000e+00 -1.200334e-06)	(-8.622986e-02 0.000000e+00 1.923349e-06)
2.803000e+04	lowerWall	(-8.666498e-02 0.000000e+00 -1.198752e-06)	(-8.622907e-02 0.000000e+00 1.921525e-06)
2.804000e+04	lowerWall	(-8.666376e-02 0.000000e+00 -1.197172e-06)	(-8.622828e-02 0.000000e+00 1.919701e-06)
2.805000e+04	lowerWall	(-8.666254e-02 0.000000e+00 -1.195593e-06)	(-8.622750e-02 0.000000e+00 1.917878e-06)
2.806000e+04	lowerWall	(-8.666132e-02 0.000000e+00 -1.194015e-06)	(-8.622671e-02 0.000000e+00 1.916056e-06)
2.807000e+04	lowerWall	(-8.666010e-02 0.000000e+00 -1.192439e-06)	(-8.622593e-02 0.000000e+00 1.914235e-06)
2.808000e+04	lowerWall	(-8.665889e-02 0.000000e+00 -1.190865e-06)	(-8.622514e-02 0.000000e+00 1.912414e-06)
2.809000e+04	lowerWall	(-8.665768e-02 0.000000e+00 -1.189292e-06)	(-8.622436e-02 0.000000e+00 1.910594e-06)
2.810000e+04	lowerWall	(-8.665646e-02 0.000000e+00 -1.187720e-06)	(-8.622358e-02 0.000000e+00 1.908775e-06)
2.811000e+04	lowerWall	(-8.665525e-02 0.000000e+00 -1.186149e-06)	(-8.622280e-02 0.000000e+00 1.906957e-06)
2.812000e+04	lowerWall	(-8.665405e-02 0.000000e+00 -1.184578e-06)	(-8.622202e-02 0.000000e+00 1.905140e-06)
2.813000e+04	lowerWall	(-8.665284e-02 0.000000e+00 -1.183009e-06)	(-8.622124e-02 0.000000e+00 1.903322e-06)
2.814000e+04	lowerWall	(-8.665163e-02 0.000000e+00 -1.181443e-06)	(-8.622046e-02 0.000000e+00 1.901506e-06)
2.815000e+04	lowerWall	(-8.665043e-02 0.000000e+00 -1.179880e-06)	(-8.621969e-02 0.000000e+00 1.899690e-06)
2.816000e+04	lowerWall	(-8.664923e-02 0.000000e+00 -1.178317e-06)	(-8.621891e-02 0.000000e+00 1.897875e-06)
2.817000e+04	lowerWall	(-8.664803e-02 0.000000e+00 -1.176754e-06)	(-8.621814e-02 0.000000e+00 1.896061e-06)
2.818000e+04	lowerWall	(-8.664683e-02 0.000000e+00 -1.175193e-06)	(-8.621736e-02 0.000000e+00 1.894248e-06)
2.819000e+04	lowerWall	(-8.664563e-02 0.000000e+00 -1.173631e-06)	(-8.621659e-02 0.000000e+00 1.892435e-06)
2.820000e+04	lowerWall	(-8.664443e-02 0.000000e+00 -1.172074e-06)	(-8.621582e-02 0.000000e+00 1.890623e-06)
2.821000e+04	lowerWall	(-8.664324e-02 0.000000e+00 -1.170519e-06)	(-8.621505e-02 0.000000e+00 1.888812e-06)
2.822000e+04	lowerWall	(-8.664204e-02 0.000000e+00 -1.168964e-06)	(-8.621429e-02 0.000000e+00 1.887001e-06)
2.823000e+04	lowerWall	(-8.664085e-02 0.000000e+00 -1.167409e-06)	(-8.621352e-02 0.000000e+00 1.885191e-06)
2.824000e+04	lowerWall	(-8.663966e-02 0.000000e+00 -1.165856e-06)	(-8.621275e-02 0.000000e+00 1.883382e-06)
2.825000e+04	lowerWall	(-8.663847e-02 0.000000e+00 -1.164304e-06)	(-8.621199e-02 0.000000e+00 1.881574e-06)
2.826000e+04	lowerWall	(-8.663728e-02 0.000000e+00 -1.162753e-06)	(-8.621123e-02 0.000000e+00 1.879767e-06)
2.827000e+04	lowerWall	(-8.663610e-02 0.000000e+00 -1.161205e-06)	(-8.621046e-02 0.000000e+00 1.877960e-06)
2.828000e+04	lowerWall	(-8.663491e-02 0.000000e+00 -1.159658e-06)	(-8.620970e-02 0.000000e+00 1.876153e-06)
2.829000e+04	lowerWall	(-8.663373e-02 0.000000e+00 -1.158112e-06)	(-8.620894e-02 0.000000e+00 1.874348e-06)
2.830000e+04	lowerWall	(-8.663254e-02 0.000000e+00 -1.156567e-06)	(-8.620819e-02 0.000000e+00 1.872543e-06)
2.831000e+04	lowerWall	(-8.663136e-02 0.000000e+00 -1.155023e-06)	(-8.620743e-02 0.000000e+00 1.870739e-06)
2.832000e+04	lowerWall	(-8.663019e-02 0.000000e+00 -1.153480e-06)	(-8.620667e-02 0.000000e+00 1.868936e-06)
2.833000e+04	lowerWall	(-8.662901e-02 0.000000e+00 -1.151937e-06)	(-8.620592e-02 0.000000e+00 1.867134e-06)
2.834000e+04	lowerWall	(-8.662783e-02 0.000000e+00 -1.150398e-06)	(-8.620516e-02 0.000000e+00 1.865332e-06)
2.835000e+04	lowerWall	(-8.662666e-02 0.000000e+00 -1.148859e-06)	(-8.620441e-02 0.000000e+00 1.863531e-06)
2.836000e+04	lowerWall	(-8.662548e-02 0.000000e+00 -1.147321e-06)	(-8.620366e-02 0.000000e+00 1.861731e-06)
2.837000e+04	lowerWall	(-8.662431e-02 0.000000e+00 -1.145784e-06)	(-8.620291e-02 0.000000e+00 1.859931e-06)
2.838000e+04	lowerWall	(-8.662314e-02 0.000000e+00 -1.144249e-06)	(-8.620216e-02 0.000000e+00 1.858133e-06)
2.839000e+04	lowerWall	(-8.662197e-02 0.000000e+00 -1.142715e-06)	(-8.620141e-02 0.000000e+00 1.856335e-06)
2.840000e+04	lowerWall	(-8.662080e-02 0.000000e+00 -1.141182e-06)	(-8.620066e-02 0.000000e+00 1.854537e-06)
2.841000e+04	lowerWall	(-8.661964e-02 0.000000e+00 -1.139650e-06)	(-8.619991e-02 0.000000e+00 1.852741e-06)
2.842000e+04	lowerWall	(-8.661847e-02 0.000000e+00 -1.138120e-06)	(-8.619917e-02 0.000000e+00 1.850945e-06)
2.843000e+04	lowerWall	(-8.661731e-02 0.000000e+00 -1.136591e-06)	(-8.619843e-02 0.000000e+00 1.849150e-06)
2.844000e+04	lowerWall	(-8.661615e-02 0.000000e+00 -1.135063e-06)	(-8.619768e-02 0.000000e+00 1.847356e-06)
2.845000e+04	lowerWall	(-8.661499e-02 0.000000e+00 -1.133536e-06)	(-8.619694e-02 0.000000e+00 1.845562e-06)
2.846000e+04	lowerWall	(-8.661383e-02 0.000000e+00 -1.132010e-06)	(-8.619620e-02 0.000000e+00 1.843770e-06)
2.847000e+04	lowerWall	(-8.661267e-02 0.000000e+00 -1.130486e-06)	(-8.619546e-02 0.000000e+00 1.841978e-06)
2.848000e+04	lowerWall	(-8.661151e-02 0.000000e+00 -1.128963e-06)	(-8.619472e-02 0.000000e+00 1.840186e-06)
2.849000e+04	lowerWall	(-8.661037e-02 0.000000e+00 -1.127442e-06)	(-8.619398e-02 0.000000e+00 1.838396e-06)
2.850000e+04	lowerWall	(-8.660922e-02 0.000000e+00 -1.125922e-06)	(-8.619325e-02 0.000000e+00 1.836606e-06)
2.851000e+04	lowerWall	(-8.660807e-02 0.000000e+00 -1.124403e-06)	(-8.619251e-02 0.000000e+00 1.834817e-06)
2.852000e+04	lowerWall	(-8.660693e-02 0.000000e+00 -1.122886e-06)	(-8.619178e-02 0.000000e+00 1.833029e-06)
2.853000e+04	lowerWall	(-8.660579e-02 0.000000e+00 -1.121370e-06)	(-8.619104e-02 0.000000e+00 1.831242e-06)
2.854000e+04	lowerWall	(-8.660464e-02 0.000000e+00 -1.119855e-06)	(-8.619031e-02 0.000000e+00 1.829455e-06)
2.855000e+04	lowerWall	(-8.660350e-02 0.000000e+00 -1.118342e-06)	(-8.618958e-02 0.000000e+00 1.827669e-06)
2.856000e+04	lowerWall	(-8.660236e-02 0.000000e+00 -1.116829e-06)	(-8.618885e-02 0.000000e+00 1.825955e-06)
2.857000e+04	lowerWall	(-8.660123e-02 0.000000e+00 -1.115318e-06)	(-8.618812e-02 0.000000e+00 1.824255e-06)
2.858000e+04	lowerWall	(-8.660009e-02 0.000000e+00 -1.113809e-06)	(-8.618740e-02 0.000000e+00 1.822556e-06)
2.859000e+04	lowerWall	(-8.659896e-02 0.000000e+00 -1.112301e-06)	(-8.618667e-02 0.000000e+00 1.820858e-06)
2.860000e+04	lowerWall	(-8.659782e-02 0.000000e+00 -1.110794e-06)	(-8.618594e-02 0.000000e+00 1.819160e-06)
2.861000e+04	lowerWall	(-8.659669e-02 0.000000e+00 -1.109288e-06)	(-8.618522e-02 0.000000e+00 1.817462e-06)
2.862000e+04	lowerWall	(-8.659582e-02 0.000000e+00 -1.106435e-06)	(-8.618479e-02 0.000000e+00 1.815943e-06)
2.863000e+04	lowerWall	(-8.659464e-02 0.000000e+00 -1.105267e-06)	(-8.618401e-02 0.000000e+00 1.814203e-06)
2.864000e+04	lowerWall	(-8.659374e-02 0.000000e+00 -1.102600e-06)	(-8.618356e-02 0.000000e+00 1.812665e-06)
2.865000e+04	lowerWall	(-8.659254e-02 0.000000e+00 -1.101601e-06)	(-8.618275e-02 0.000000e+00 1.810903e-06)
2.866000e+04	lowerWall	(-8.659162e-02 0.000000e+00 -1.099132e-06)	(-8.618226e-02 0.000000e+00 1.809341e-06)
2.867000e+04	lowerWall	(-8.659066e-02 0.000000e+00 -1.096337e-06)	(-8.618185e-02 0.000000e+00 1.807015e-06)
2.868000e+04	lowerWall	(-8.658942e-02 0.000000e+00 -1.096573e-06)	(-8.618089e-02 0.000000e+00 1.805359e-06)
2.869000e+04	lowerWall	(-8.658828e-02 0.000000e+00 -1.094411e-06)	(-8.618023e-02 0.000000e+00 1.803407e-06)
2.870000e+04	lowerWall	(-8.658730e-02 0.000000e+00 -1.091553e-06)	(-8.617983e-02 0.000000e+00 1.801288e-06)
2.871000e+04	lowerWall	(-8.658611e-02 0.000000e+00 -1.092284e-06)	(-8.617881e-02 0.000000e+00 1.799779e-06)
2.872000e+04	lowerWall	(-8.658496e-02 0.000000e+00 -1.090415e-06)	(-8.617811e-02 0.000000e+00 1.797959e-06)
2.873000e+04	lowerWall	(-8.658439e-02 0.000000e+00 -1.086133e-06)	(-8.617807e-02 0.000000e+00 1.797038e-06)
2.874000e+04	lowerWall	(-8.658309e-02 0.000000e+00 -1.085609e-06)	(-8.617719e-02 0.000000e+00 1.793749e-06)
2.875000e+04	lowerWall	(-8.658188e-02 0.000000e+00 -1.085000e-06)	(-8.617633e-02 0.000000e+00 1.792114e-06)
2.876000e+04	lowerWall	(-8.658096e-02 0.000000e+00 -1.081953e-06)	(-8.617593e-02 0.000000e+00 1.790022e-06)
2.877000e+04	lowerWall	(-8.657992e-02 0.000000e+00 -1.081601e-06)	(-8.617520e-02 0.000000e+00 1.788228e-06)
2.878000e+04	lowerWall	(-8.657894e-02 0.000000e+00 -1.078334e-06)	(-8.617482e-02 0.000000e+00 1.786156e-06)
2.879000e+04	lowerWall	(-8.657775e-02 0.000000e+00 -1.078166e-06)	(-8.617389e-02 0.000000e+00 1.784639e-06)
2.880000e+04	lowerWall	(-8.657710e-02 0.000000e+00 -1.074959e-06)	(-8.617369e-02 0.000000e+00 1.783980e-06)
2.881000e+04	lowerWall	(-8.657576e-02 0.000000e+00 -1.074704e-06)	(-8.617275e-02 0.000000e+00 1.780888e-06)
2.882000e+04	lowerWall	(-8.657454e-02 0.000000e+00 -1.073788e-06)	(-8.617189e-02 0.000000e+00 1.779356e-06)
2.883000e+04	lowerWall	(-8.657354e-02 0.000000e+00 -1.072215e-06)	(-8.617130e-02 0.000000e+00 1.777581e-06)
2.884000e+04	lowerWall	(-8.657236e-02 0.000000e+00 -1.070395e-06)	(-8.617056e-02 0.000000e+00 1.775997e-06)
2.885000e+04	lowerWall	(-8.657133e-02 0.000000e+00 -1.068494e-06)	(-8.617001e-02 0.000000e+00 1.774144e-06)
2.886000e+04	lowerWall	(-8.657050e-02 0.000000e+00 -1.066855e-06)	(-8.616945e-02 0.000000e+00 1.773904e-06)
2.887000e+04	lowerWall	(-8.656903e-02 0.000000e+00 -1.067752e-06)	(-8.616831e-02 0.000000e+00 1.770898e-06)
2.887200e+04	lowerWall	(-8.656935e-02 0.000000e+00 -1.064960e-06)	(-8.616878e-02 0.000000e+00 1.772133e-06)
