# Wall shear stress
# Time        	patch         	min           	max           
0.000000e+00	lowerWall	(-1.067451e+00 0.000000e+00 0.000000e+00)	(-1.067451e+00 0.000000e+00 0.000000e+00)
1.000000e+01	lowerWall	(-1.004678e+00 0.000000e+00 -2.296246e-04)	(-1.003331e+00 0.000000e+00 2.248096e-04)
2.000000e+01	lowerWall	(-9.464460e-01 0.000000e+00 -2.207490e-04)	(-9.451429e-01 0.000000e+00 2.143215e-04)
3.000000e+01	lowerWall	(-8.934543e-01 0.000000e+00 -2.042788e-04)	(-8.922253e-01 0.000000e+00 1.974744e-04)
4.000000e+01	lowerWall	(-8.452073e-01 0.000000e+00 -1.864225e-04)	(-8.440617e-01 0.000000e+00 1.800340e-04)
5.000000e+01	lowerWall	(-8.012390e-01 0.000000e+00 -1.705724e-04)	(-8.001771e-01 0.000000e+00 1.650031e-04)
6.000000e+01	lowerWall	(-7.611208e-01 0.000000e+00 -1.565794e-04)	(-7.601404e-01 0.000000e+00 1.520524e-04)
7.000000e+01	lowerWall	(-7.244699e-01 0.000000e+00 -1.440968e-04)	(-7.235677e-01 0.000000e+00 1.407254e-04)
8.000000e+01	lowerWall	(-6.909443e-01 0.000000e+00 -1.329002e-04)	(-6.901160e-01 0.000000e+00 1.307237e-04)
9.000000e+01	lowerWall	(-6.602377e-01 0.000000e+00 -1.228306e-04)	(-6.594789e-01 0.000000e+00 1.218393e-04)
1.000000e+02	lowerWall	(-6.320758e-01 0.000000e+00 -1.137647e-04)	(-6.313819e-01 0.000000e+00 1.139173e-04)
1.100000e+02	lowerWall	(-6.062130e-01 0.000000e+00 -1.056018e-04)	(-6.055724e-01 0.000000e+00 1.068364e-04)
1.200000e+02	lowerWall	(-5.824291e-01 0.000000e+00 -9.825494e-05)	(-5.818226e-01 0.000000e+00 1.004946e-04)
1.300000e+02	lowerWall	(-5.605270e-01 0.000000e+00 -9.161725e-05)	(-5.599524e-01 0.000000e+00 9.474893e-05)
1.400000e+02	lowerWall	(-5.403296e-01 0.000000e+00 -8.559482e-05)	(-5.397844e-01 0.000000e+00 8.947512e-05)
1.500000e+02	lowerWall	(-5.216783e-01 0.000000e+00 -8.011137e-05)	(-5.211595e-01 0.000000e+00 8.459692e-05)
1.600000e+02	lowerWall	(-5.044343e-01 0.000000e+00 -7.511311e-05)	(-5.039343e-01 0.000000e+00 8.007516e-05)
1.700000e+02	lowerWall	(-4.884628e-01 0.000000e+00 -7.055795e-05)	(-4.879802e-01 0.000000e+00 7.588800e-05)
1.800000e+02	lowerWall	(-4.736476e-01 0.000000e+00 -6.641070e-05)	(-4.731812e-01 0.000000e+00 7.202207e-05)
1.900000e+02	lowerWall	(-4.598843e-01 0.000000e+00 -6.264128e-05)	(-4.594332e-01 0.000000e+00 6.846855e-05)
2.000000e+02	lowerWall	(-4.470790e-01 0.000000e+00 -5.922282e-05)	(-4.466422e-01 0.000000e+00 6.522209e-05)
2.100000e+02	lowerWall	(-4.351470e-01 0.000000e+00 -5.613103e-05)	(-4.347235e-01 0.000000e+00 6.227798e-05)
2.200000e+02	lowerWall	(-4.240118e-01 0.000000e+00 -5.333764e-05)	(-4.236009e-01 0.000000e+00 5.958897e-05)
2.300000e+02	lowerWall	(-4.136045e-01 0.000000e+00 -5.079583e-05)	(-4.132056e-01 0.000000e+00 5.708481e-05)
2.400000e+02	lowerWall	(-4.038628e-01 0.000000e+00 -4.846236e-05)	(-4.034753e-01 0.000000e+00 5.471389e-05)
2.500000e+02	lowerWall	(-3.947307e-01 0.000000e+00 -4.630310e-05)	(-3.943540e-01 0.000000e+00 5.244651e-05)
2.600000e+02	lowerWall	(-3.861573e-01 0.000000e+00 -4.429377e-05)	(-3.857910e-01 0.000000e+00 5.027219e-05)
2.700000e+02	lowerWall	(-3.780966e-01 0.000000e+00 -4.240971e-05)	(-3.777401e-01 0.000000e+00 4.818319e-05)
2.800000e+02	lowerWall	(-3.705072e-01 0.000000e+00 -4.065345e-05)	(-3.701600e-01 0.000000e+00 4.620001e-05)
2.900000e+02	lowerWall	(-3.633513e-01 0.000000e+00 -3.901202e-05)	(-3.630128e-01 0.000000e+00 4.432316e-05)
3.000000e+02	lowerWall	(-3.565945e-01 0.000000e+00 -3.748060e-05)	(-3.562645e-01 0.000000e+00 4.255658e-05)
3.100000e+02	lowerWall	(-3.502058e-01 0.000000e+00 -3.605033e-05)	(-3.498838e-01 0.000000e+00 4.089663e-05)
3.200000e+02	lowerWall	(-3.441571e-01 0.000000e+00 -3.472380e-05)	(-3.438428e-01 0.000000e+00 3.934916e-05)
3.300000e+02	lowerWall	(-3.384227e-01 0.000000e+00 -3.349161e-05)	(-3.381156e-01 0.000000e+00 3.790588e-05)
3.400000e+02	lowerWall	(-3.329790e-01 0.000000e+00 -3.234723e-05)	(-3.326788e-01 0.000000e+00 3.656067e-05)
3.500000e+02	lowerWall	(-3.278048e-01 0.000000e+00 -3.128399e-05)	(-3.275113e-01 0.000000e+00 3.530683e-05)
3.600000e+02	lowerWall	(-3.228807e-01 0.000000e+00 -3.029537e-05)	(-3.225936e-01 0.000000e+00 3.413750e-05)
3.700000e+02	lowerWall	(-3.181888e-01 0.000000e+00 -2.937497e-05)	(-3.179080e-01 0.000000e+00 3.304588e-05)
3.800000e+02	lowerWall	(-3.137131e-01 0.000000e+00 -2.851668e-05)	(-3.134381e-01 0.000000e+00 3.202542e-05)
3.900000e+02	lowerWall	(-3.094385e-01 0.000000e+00 -2.771133e-05)	(-3.091693e-01 0.000000e+00 3.106618e-05)
4.000000e+02	lowerWall	(-3.053516e-01 0.000000e+00 -2.696084e-05)	(-3.050879e-01 0.000000e+00 3.016995e-05)
4.100000e+02	lowerWall	(-3.014399e-01 0.000000e+00 -2.625687e-05)	(-3.011816e-01 0.000000e+00 2.932798e-05)
4.200000e+02	lowerWall	(-2.976919e-01 0.000000e+00 -2.559506e-05)	(-2.974387e-01 0.000000e+00 2.853550e-05)
4.300000e+02	lowerWall	(-2.940972e-01 0.000000e+00 -2.497154e-05)	(-2.938490e-01 0.000000e+00 2.778816e-05)
4.400000e+02	lowerWall	(-2.906460e-01 0.000000e+00 -2.438306e-05)	(-2.904027e-01 0.000000e+00 2.708244e-05)
4.500000e+02	lowerWall	(-2.873296e-01 0.000000e+00 -2.382723e-05)	(-2.870911e-01 0.000000e+00 2.641554e-05)
4.600000e+02	lowerWall	(-2.841397e-01 0.000000e+00 -2.330097e-05)	(-2.839058e-01 0.000000e+00 2.578402e-05)
4.700000e+02	lowerWall	(-2.810688e-01 0.000000e+00 -2.280181e-05)	(-2.808393e-01 0.000000e+00 2.518508e-05)
4.800000e+02	lowerWall	(-2.781099e-01 0.000000e+00 -2.232750e-05)	(-2.778846e-01 0.000000e+00 2.461602e-05)
4.900000e+02	lowerWall	(-2.752566e-01 0.000000e+00 -2.187599e-05)	(-2.750354e-01 0.000000e+00 2.407444e-05)
5.000000e+02	lowerWall	(-2.725029e-01 0.000000e+00 -2.144542e-05)	(-2.722856e-01 0.000000e+00 2.355815e-05)
5.100000e+02	lowerWall	(-2.698432e-01 0.000000e+00 -2.103412e-05)	(-2.696298e-01 0.000000e+00 2.306518e-05)
5.200000e+02	lowerWall	(-2.672724e-01 0.000000e+00 -2.064053e-05)	(-2.670628e-01 0.000000e+00 2.259374e-05)
5.300000e+02	lowerWall	(-2.647858e-01 0.000000e+00 -2.026332e-05)	(-2.645798e-01 0.000000e+00 2.214221e-05)
5.400000e+02	lowerWall	(-2.623790e-01 0.000000e+00 -1.990125e-05)	(-2.621765e-01 0.000000e+00 2.170915e-05)
5.500000e+02	lowerWall	(-2.600478e-01 0.000000e+00 -1.955319e-05)	(-2.598487e-01 0.000000e+00 2.129325e-05)
5.600000e+02	lowerWall	(-2.577884e-01 0.000000e+00 -1.921816e-05)	(-2.575926e-01 0.000000e+00 2.089333e-05)
5.700000e+02	lowerWall	(-2.555981e-01 0.000000e+00 -1.889524e-05)	(-2.554046e-01 0.000000e+00 2.050837e-05)
5.800000e+02	lowerWall	(-2.534742e-01 0.000000e+00 -1.858362e-05)	(-2.532815e-01 0.000000e+00 2.013740e-05)
5.900000e+02	lowerWall	(-2.514119e-01 0.000000e+00 -1.828257e-05)	(-2.512201e-01 0.000000e+00 1.977957e-05)
6.000000e+02	lowerWall	(-2.494085e-01 0.000000e+00 -1.799142e-05)	(-2.492174e-01 0.000000e+00 1.943410e-05)
6.100000e+02	lowerWall	(-2.474611e-01 0.000000e+00 -1.770957e-05)	(-2.472708e-01 0.000000e+00 1.910011e-05)
6.200000e+02	lowerWall	(-2.455673e-01 0.000000e+00 -1.743648e-05)	(-2.453778e-01 0.000000e+00 1.877708e-05)
6.300000e+02	lowerWall	(-2.437245e-01 0.000000e+00 -1.717164e-05)	(-2.435358e-01 0.000000e+00 1.846446e-05)
6.400000e+02	lowerWall	(-2.419306e-01 0.000000e+00 -1.691461e-05)	(-2.417428e-01 0.000000e+00 1.816169e-05)
6.500000e+02	lowerWall	(-2.401834e-01 0.000000e+00 -1.666497e-05)	(-2.399964e-01 0.000000e+00 1.786824e-05)
6.600000e+02	lowerWall	(-2.384810e-01 0.000000e+00 -1.642232e-05)	(-2.382948e-01 0.000000e+00 1.758366e-05)
6.700000e+02	lowerWall	(-2.368214e-01 0.000000e+00 -1.618635e-05)	(-2.366362e-01 0.000000e+00 1.730747e-05)
6.800000e+02	lowerWall	(-2.352030e-01 0.000000e+00 -1.595680e-05)	(-2.350186e-01 0.000000e+00 1.703942e-05)
6.900000e+02	lowerWall	(-2.336240e-01 0.000000e+00 -1.573348e-05)	(-2.334405e-01 0.000000e+00 1.677918e-05)
7.000000e+02	lowerWall	(-2.320829e-01 0.000000e+00 -1.551632e-05)	(-2.319003e-01 0.000000e+00 1.652657e-05)
7.100000e+02	lowerWall	(-2.305782e-01 0.000000e+00 -1.530487e-05)	(-2.303965e-01 0.000000e+00 1.628115e-05)
7.200000e+02	lowerWall	(-2.291085e-01 0.000000e+00 -1.509887e-05)	(-2.289277e-01 0.000000e+00 1.604259e-05)
7.300000e+02	lowerWall	(-2.276724e-01 0.000000e+00 -1.489809e-05)	(-2.274926e-01 0.000000e+00 1.581033e-05)
7.400000e+02	lowerWall	(-2.262687e-01 0.000000e+00 -1.470230e-05)	(-2.260898e-01 0.000000e+00 1.558439e-05)
7.500000e+02	lowerWall	(-2.248962e-01 0.000000e+00 -1.451131e-05)	(-2.247182e-01 0.000000e+00 1.536442e-05)
7.600000e+02	lowerWall	(-2.235537e-01 0.000000e+00 -1.432489e-05)	(-2.233767e-01 0.000000e+00 1.515020e-05)
7.700000e+02	lowerWall	(-2.222403e-01 0.000000e+00 -1.414289e-05)	(-2.220641e-01 0.000000e+00 1.494147e-05)
7.800000e+02	lowerWall	(-2.209547e-01 0.000000e+00 -1.396512e-05)	(-2.207796e-01 0.000000e+00 1.473802e-05)
7.900000e+02	lowerWall	(-2.196962e-01 0.000000e+00 -1.379141e-05)	(-2.195219e-01 0.000000e+00 1.453963e-05)
8.000000e+02	lowerWall	(-2.184637e-01 0.000000e+00 -1.362167e-05)	(-2.182904e-01 0.000000e+00 1.434611e-05)
8.100000e+02	lowerWall	(-2.172564e-01 0.000000e+00 -1.345572e-05)	(-2.170840e-01 0.000000e+00 1.415727e-05)
8.200000e+02	lowerWall	(-2.160734e-01 0.000000e+00 -1.329341e-05)	(-2.159019e-01 0.000000e+00 1.397293e-05)
8.300000e+02	lowerWall	(-2.149140e-01 0.000000e+00 -1.313462e-05)	(-2.147434e-01 0.000000e+00 1.379294e-05)
8.400000e+02	lowerWall	(-2.137773e-01 0.000000e+00 -1.297922e-05)	(-2.136076e-01 0.000000e+00 1.361710e-05)
8.500000e+02	lowerWall	(-2.126627e-01 0.000000e+00 -1.282711e-05)	(-2.124939e-01 0.000000e+00 1.344520e-05)
8.600000e+02	lowerWall	(-2.115694e-01 0.000000e+00 -1.267818e-05)	(-2.114015e-01 0.000000e+00 1.327720e-05)
8.700000e+02	lowerWall	(-2.104968e-01 0.000000e+00 -1.253231e-05)	(-2.103298e-01 0.000000e+00 1.311294e-05)
8.800000e+02	lowerWall	(-2.094442e-01 0.000000e+00 -1.238942e-05)	(-2.092781e-01 0.000000e+00 1.295229e-05)
8.900000e+02	lowerWall	(-2.084111e-01 0.000000e+00 -1.224940e-05)	(-2.082458e-01 0.000000e+00 1.279512e-05)
9.000000e+02	lowerWall	(-2.073968e-01 0.000000e+00 -1.211217e-05)	(-2.072324e-01 0.000000e+00 1.264137e-05)
9.100000e+02	lowerWall	(-2.064008e-01 0.000000e+00 -1.197764e-05)	(-2.062373e-01 0.000000e+00 1.249084e-05)
9.200000e+02	lowerWall	(-2.054225e-01 0.000000e+00 -1.184574e-05)	(-2.052599e-01 0.000000e+00 1.234346e-05)
9.300000e+02	lowerWall	(-2.044615e-01 0.000000e+00 -1.171634e-05)	(-2.042997e-01 0.000000e+00 1.219913e-05)
9.400000e+02	lowerWall	(-2.035172e-01 0.000000e+00 -1.158942e-05)	(-2.033563e-01 0.000000e+00 1.205774e-05)
9.500000e+02	lowerWall	(-2.025892e-01 0.000000e+00 -1.146489e-05)	(-2.024291e-01 0.000000e+00 1.191920e-05)
9.600000e+02	lowerWall	(-2.016770e-01 0.000000e+00 -1.134269e-05)	(-2.015178e-01 0.000000e+00 1.178342e-05)
9.700000e+02	lowerWall	(-2.007802e-01 0.000000e+00 -1.122274e-05)	(-2.006218e-01 0.000000e+00 1.165034e-05)
9.800000e+02	lowerWall	(-1.998983e-01 0.000000e+00 -1.110499e-05)	(-1.997408e-01 0.000000e+00 1.151984e-05)
9.900000e+02	lowerWall	(-1.990310e-01 0.000000e+00 -1.098951e-05)	(-1.988743e-01 0.000000e+00 1.139196e-05)
1.000000e+03	lowerWall	(-1.981779e-01 0.000000e+00 -1.087603e-05)	(-1.980220e-01 0.000000e+00 1.126652e-05)
1.010000e+03	lowerWall	(-1.973385e-01 0.000000e+00 -1.076487e-05)	(-1.971834e-01 0.000000e+00 1.114354e-05)
1.020000e+03	lowerWall	(-1.965125e-01 0.000000e+00 -1.065574e-05)	(-1.963583e-01 0.000000e+00 1.102297e-05)
1.030000e+03	lowerWall	(-1.956997e-01 0.000000e+00 -1.054858e-05)	(-1.955463e-01 0.000000e+00 1.090470e-05)
1.040000e+03	lowerWall	(-1.948995e-01 0.000000e+00 -1.044333e-05)	(-1.947470e-01 0.000000e+00 1.078867e-05)
1.050000e+03	lowerWall	(-1.941118e-01 0.000000e+00 -1.033994e-05)	(-1.939601e-01 0.000000e+00 1.067481e-05)
1.060000e+03	lowerWall	(-1.933362e-01 0.000000e+00 -1.023835e-05)	(-1.931852e-01 0.000000e+00 1.056305e-05)
1.070000e+03	lowerWall	(-1.925724e-01 0.000000e+00 -1.013853e-05)	(-1.924222e-01 0.000000e+00 1.045333e-05)
1.080000e+03	lowerWall	(-1.918201e-01 0.000000e+00 -1.004041e-05)	(-1.916707e-01 0.000000e+00 1.034559e-05)
1.090000e+03	lowerWall	(-1.910790e-01 0.000000e+00 -9.943961e-06)	(-1.909304e-01 0.000000e+00 1.023978e-05)
1.100000e+03	lowerWall	(-1.903489e-01 0.000000e+00 -9.849140e-06)	(-1.902011e-01 0.000000e+00 1.013585e-05)
1.110000e+03	lowerWall	(-1.896294e-01 0.000000e+00 -9.755905e-06)	(-1.894825e-01 0.000000e+00 1.003375e-05)
1.120000e+03	lowerWall	(-1.889204e-01 0.000000e+00 -9.664218e-06)	(-1.887743e-01 0.000000e+00 9.933448e-06)
1.130000e+03	lowerWall	(-1.882217e-01 0.000000e+00 -9.574040e-06)	(-1.880762e-01 0.000000e+00 9.834829e-06)
1.140000e+03	lowerWall	(-1.875328e-01 0.000000e+00 -9.485337e-06)	(-1.873882e-01 0.000000e+00 9.737906e-06)
1.150000e+03	lowerWall	(-1.868537e-01 0.000000e+00 -9.398072e-06)	(-1.867098e-01 0.000000e+00 9.642636e-06)
1.160000e+03	lowerWall	(-1.861841e-01 0.000000e+00 -9.312212e-06)	(-1.860410e-01 0.000000e+00 9.548998e-06)
1.170000e+03	lowerWall	(-1.855238e-01 0.000000e+00 -9.227723e-06)	(-1.853814e-01 0.000000e+00 9.456912e-06)
1.180000e+03	lowerWall	(-1.848726e-01 0.000000e+00 -9.144575e-06)	(-1.847309e-01 0.000000e+00 9.366353e-06)
1.190000e+03	lowerWall	(-1.842302e-01 0.000000e+00 -9.062735e-06)	(-1.840893e-01 0.000000e+00 9.277288e-06)
1.200000e+03	lowerWall	(-1.835966e-01 0.000000e+00 -8.982174e-06)	(-1.834564e-01 0.000000e+00 9.189681e-06)
1.210000e+03	lowerWall	(-1.829714e-01 0.000000e+00 -8.902863e-06)	(-1.828319e-01 0.000000e+00 9.103497e-06)
1.220000e+03	lowerWall	(-1.823545e-01 0.000000e+00 -8.824776e-06)	(-1.822158e-01 0.000000e+00 9.018678e-06)
1.230000e+03	lowerWall	(-1.817458e-01 0.000000e+00 -8.747871e-06)	(-1.816078e-01 0.000000e+00 8.935239e-06)
1.240000e+03	lowerWall	(-1.811451e-01 0.000000e+00 -8.672131e-06)	(-1.810077e-01 0.000000e+00 8.853117e-06)
1.250000e+03	lowerWall	(-1.805521e-01 0.000000e+00 -8.597532e-06)	(-1.804154e-01 0.000000e+00 8.772283e-06)
1.260000e+03	lowerWall	(-1.799667e-01 0.000000e+00 -8.524048e-06)	(-1.798308e-01 0.000000e+00 8.692712e-06)
1.270000e+03	lowerWall	(-1.793889e-01 0.000000e+00 -8.451652e-06)	(-1.792536e-01 0.000000e+00 8.614371e-06)
1.280000e+03	lowerWall	(-1.788183e-01 0.000000e+00 -8.380322e-06)	(-1.786837e-01 0.000000e+00 8.537233e-06)
1.290000e+03	lowerWall	(-1.782549e-01 0.000000e+00 -8.310034e-06)	(-1.781210e-01 0.000000e+00 8.461270e-06)
1.300000e+03	lowerWall	(-1.776986e-01 0.000000e+00 -8.240765e-06)	(-1.775653e-01 0.000000e+00 8.386457e-06)
1.310000e+03	lowerWall	(-1.771491e-01 0.000000e+00 -8.172492e-06)	(-1.770165e-01 0.000000e+00 8.312766e-06)
1.320000e+03	lowerWall	(-1.766064e-01 0.000000e+00 -8.105195e-06)	(-1.764745e-01 0.000000e+00 8.240179e-06)
1.330000e+03	lowerWall	(-1.760703e-01 0.000000e+00 -8.038848e-06)	(-1.759390e-01 0.000000e+00 8.168664e-06)
1.340000e+03	lowerWall	(-1.755407e-01 0.000000e+00 -7.973453e-06)	(-1.754100e-01 0.000000e+00 8.098200e-06)
1.350000e+03	lowerWall	(-1.750174e-01 0.000000e+00 -7.908964e-06)	(-1.748874e-01 0.000000e+00 8.028760e-06)
1.360000e+03	lowerWall	(-1.745003e-01 0.000000e+00 -7.846168e-06)	(-1.743710e-01 0.000000e+00 7.961168e-06)
1.370000e+03	lowerWall	(-1.739894e-01 0.000000e+00 -7.783553e-06)	(-1.738607e-01 0.000000e+00 7.893808e-06)
1.380000e+03	lowerWall	(-1.734845e-01 0.000000e+00 -7.721779e-06)	(-1.733564e-01 0.000000e+00 7.827459e-06)
1.390000e+03	lowerWall	(-1.729855e-01 0.000000e+00 -7.660994e-06)	(-1.728580e-01 0.000000e+00 7.761953e-06)
1.400000e+03	lowerWall	(-1.724922e-01 0.000000e+00 -7.601059e-06)	(-1.723654e-01 0.000000e+00 7.697406e-06)
1.410000e+03	lowerWall	(-1.720046e-01 0.000000e+00 -7.541952e-06)	(-1.718784e-01 0.000000e+00 7.633795e-06)
1.420000e+03	lowerWall	(-1.715226e-01 0.000000e+00 -7.483655e-06)	(-1.713970e-01 0.000000e+00 7.571098e-06)
1.430000e+03	lowerWall	(-1.710460e-01 0.000000e+00 -7.426151e-06)	(-1.709210e-01 0.000000e+00 7.509295e-06)
1.440000e+03	lowerWall	(-1.705748e-01 0.000000e+00 -7.369423e-06)	(-1.704504e-01 0.000000e+00 7.448369e-06)
1.450000e+03	lowerWall	(-1.701089e-01 0.000000e+00 -7.313456e-06)	(-1.699851e-01 0.000000e+00 7.388268e-06)
1.460000e+03	lowerWall	(-1.696481e-01 0.000000e+00 -7.258236e-06)	(-1.695249e-01 0.000000e+00 7.329028e-06)
1.470000e+03	lowerWall	(-1.691924e-01 0.000000e+00 -7.203747e-06)	(-1.690698e-01 0.000000e+00 7.270588e-06)
1.480000e+03	lowerWall	(-1.687417e-01 0.000000e+00 -7.149977e-06)	(-1.686197e-01 0.000000e+00 7.212943e-06)
1.490000e+03	lowerWall	(-1.682959e-01 0.000000e+00 -7.096909e-06)	(-1.681745e-01 0.000000e+00 7.156088e-06)
1.500000e+03	lowerWall	(-1.678550e-01 0.000000e+00 -7.044529e-06)	(-1.677341e-01 0.000000e+00 7.100002e-06)
1.510000e+03	lowerWall	(-1.674187e-01 0.000000e+00 -6.992828e-06)	(-1.672984e-01 0.000000e+00 7.044672e-06)
1.520000e+03	lowerWall	(-1.669871e-01 0.000000e+00 -6.941793e-06)	(-1.668674e-01 0.000000e+00 6.990082e-06)
1.530000e+03	lowerWall	(-1.665601e-01 0.000000e+00 -6.891412e-06)	(-1.664408e-01 0.000000e+00 6.936217e-06)
1.540000e+03	lowerWall	(-1.661376e-01 0.000000e+00 -6.841673e-06)	(-1.660187e-01 0.000000e+00 6.883065e-06)
1.550000e+03	lowerWall	(-1.657195e-01 0.000000e+00 -6.792563e-06)	(-1.656011e-01 0.000000e+00 6.830613e-06)
1.560000e+03	lowerWall	(-1.653057e-01 0.000000e+00 -6.744072e-06)	(-1.651878e-01 0.000000e+00 6.778836e-06)
1.570000e+03	lowerWall	(-1.648962e-01 0.000000e+00 -6.696188e-06)	(-1.647787e-01 0.000000e+00 6.727737e-06)
1.580000e+03	lowerWall	(-1.644909e-01 0.000000e+00 -6.648901e-06)	(-1.643739e-01 0.000000e+00 6.677310e-06)
1.590000e+03	lowerWall	(-1.640897e-01 0.000000e+00 -6.602200e-06)	(-1.639731e-01 0.000000e+00 6.627528e-06)
1.600000e+03	lowerWall	(-1.636926e-01 0.000000e+00 -6.556073e-06)	(-1.635765e-01 0.000000e+00 6.578382e-06)
1.610000e+03	lowerWall	(-1.632995e-01 0.000000e+00 -6.510511e-06)	(-1.631838e-01 0.000000e+00 6.529861e-06)
1.620000e+03	lowerWall	(-1.629104e-01 0.000000e+00 -6.465502e-06)	(-1.627951e-01 0.000000e+00 6.481954e-06)
1.630000e+03	lowerWall	(-1.625251e-01 0.000000e+00 -6.421038e-06)	(-1.624102e-01 0.000000e+00 6.434649e-06)
1.640000e+03	lowerWall	(-1.621436e-01 0.000000e+00 -6.377107e-06)	(-1.620292e-01 0.000000e+00 6.387937e-06)
1.650000e+03	lowerWall	(-1.617659e-01 0.000000e+00 -6.333702e-06)	(-1.616519e-01 0.000000e+00 6.341806e-06)
1.660000e+03	lowerWall	(-1.613918e-01 0.000000e+00 -6.290811e-06)	(-1.612782e-01 0.000000e+00 6.296248e-06)
1.670000e+03	lowerWall	(-1.610214e-01 0.000000e+00 -6.248427e-06)	(-1.609083e-01 0.000000e+00 6.251249e-06)
1.680000e+03	lowerWall	(-1.606546e-01 0.000000e+00 -6.206541e-06)	(-1.605418e-01 0.000000e+00 6.206802e-06)
1.690000e+03	lowerWall	(-1.602913e-01 0.000000e+00 -6.165143e-06)	(-1.601790e-01 0.000000e+00 6.162896e-06)
1.700000e+03	lowerWall	(-1.599314e-01 0.000000e+00 -6.124224e-06)	(-1.598195e-01 0.000000e+00 6.119522e-06)
1.710000e+03	lowerWall	(-1.595750e-01 0.000000e+00 -6.083778e-06)	(-1.594635e-01 0.000000e+00 6.076671e-06)
1.720000e+03	lowerWall	(-1.592220e-01 0.000000e+00 -6.043794e-06)	(-1.591109e-01 0.000000e+00 6.034332e-06)
1.730000e+03	lowerWall	(-1.588722e-01 0.000000e+00 -6.004266e-06)	(-1.587615e-01 0.000000e+00 5.992498e-06)
1.740000e+03	lowerWall	(-1.585257e-01 0.000000e+00 -5.965186e-06)	(-1.584154e-01 0.000000e+00 5.951162e-06)
1.750000e+03	lowerWall	(-1.581824e-01 0.000000e+00 -5.926543e-06)	(-1.580726e-01 0.000000e+00 5.910309e-06)
1.760000e+03	lowerWall	(-1.578423e-01 0.000000e+00 -5.888333e-06)	(-1.577329e-01 0.000000e+00 5.869935e-06)
1.770000e+03	lowerWall	(-1.575053e-01 0.000000e+00 -5.850548e-06)	(-1.573963e-01 0.000000e+00 5.830034e-06)
1.780000e+03	lowerWall	(-1.571714e-01 0.000000e+00 -5.813180e-06)	(-1.570628e-01 0.000000e+00 5.790581e-06)
1.790000e+03	lowerWall	(-1.568406e-01 0.000000e+00 -5.776223e-06)	(-1.567323e-01 0.000000e+00 5.751589e-06)
1.800000e+03	lowerWall	(-1.565127e-01 0.000000e+00 -5.739670e-06)	(-1.564048e-01 0.000000e+00 5.713043e-06)
1.810000e+03	lowerWall	(-1.561877e-01 0.000000e+00 -5.703514e-06)	(-1.560802e-01 0.000000e+00 5.674936e-06)
1.820000e+03	lowerWall	(-1.558657e-01 0.000000e+00 -5.667749e-06)	(-1.557586e-01 0.000000e+00 5.637261e-06)
1.830000e+03	lowerWall	(-1.555465e-01 0.000000e+00 -5.632393e-06)	(-1.554398e-01 0.000000e+00 5.600009e-06)
1.840000e+03	lowerWall	(-1.552301e-01 0.000000e+00 -5.597401e-06)	(-1.551238e-01 0.000000e+00 5.563287e-06)
1.850000e+03	lowerWall	(-1.549165e-01 0.000000e+00 -5.562906e-06)	(-1.548106e-01 0.000000e+00 5.526834e-06)
1.860000e+03	lowerWall	(-1.546057e-01 0.000000e+00 -5.528788e-06)	(-1.545002e-01 0.000000e+00 5.490801e-06)
1.870000e+03	lowerWall	(-1.542975e-01 0.000000e+00 -5.495038e-06)	(-1.541924e-01 0.000000e+00 5.455180e-06)
1.880000e+03	lowerWall	(-1.539921e-01 0.000000e+00 -5.461649e-06)	(-1.538874e-01 0.000000e+00 5.419963e-06)
1.890000e+03	lowerWall	(-1.536892e-01 0.000000e+00 -5.428615e-06)	(-1.535849e-01 0.000000e+00 5.385141e-06)
1.900000e+03	lowerWall	(-1.533890e-01 0.000000e+00 -5.395930e-06)	(-1.532850e-01 0.000000e+00 5.350708e-06)
1.910000e+03	lowerWall	(-1.530913e-01 0.000000e+00 -5.363587e-06)	(-1.529877e-01 0.000000e+00 5.316656e-06)
1.920000e+03	lowerWall	(-1.527961e-01 0.000000e+00 -5.331583e-06)	(-1.526930e-01 0.000000e+00 5.282979e-06)
1.930000e+03	lowerWall	(-1.525034e-01 0.000000e+00 -5.299910e-06)	(-1.524007e-01 0.000000e+00 5.249671e-06)
1.940000e+03	lowerWall	(-1.522132e-01 0.000000e+00 -5.268566e-06)	(-1.521108e-01 0.000000e+00 5.216727e-06)
1.950000e+03	lowerWall	(-1.519254e-01 0.000000e+00 -5.237545e-06)	(-1.518234e-01 0.000000e+00 5.184140e-06)
1.960000e+03	lowerWall	(-1.516400e-01 0.000000e+00 -5.206841e-06)	(-1.515384e-01 0.000000e+00 5.151905e-06)
1.970000e+03	lowerWall	(-1.513569e-01 0.000000e+00 -5.176451e-06)	(-1.512557e-01 0.000000e+00 5.120018e-06)
1.980000e+03	lowerWall	(-1.510762e-01 0.000000e+00 -5.146370e-06)	(-1.509754e-01 0.000000e+00 5.088472e-06)
1.990000e+03	lowerWall	(-1.507978e-01 0.000000e+00 -5.116593e-06)	(-1.506973e-01 0.000000e+00 5.057263e-06)
2.000000e+03	lowerWall	(-1.505217e-01 0.000000e+00 -5.087117e-06)	(-1.504215e-01 0.000000e+00 5.026387e-06)
2.010000e+03	lowerWall	(-1.502478e-01 0.000000e+00 -5.057937e-06)	(-1.501480e-01 0.000000e+00 4.995837e-06)
2.020000e+03	lowerWall	(-1.499761e-01 0.000000e+00 -5.029048e-06)	(-1.498767e-01 0.000000e+00 4.965611e-06)
2.030000e+03	lowerWall	(-1.497065e-01 0.000000e+00 -5.000447e-06)	(-1.496075e-01 0.000000e+00 4.935701e-06)
2.040000e+03	lowerWall	(-1.494392e-01 0.000000e+00 -4.972129e-06)	(-1.493405e-01 0.000000e+00 4.906106e-06)
2.050000e+03	lowerWall	(-1.491740e-01 0.000000e+00 -4.944090e-06)	(-1.490756e-01 0.000000e+00 4.876819e-06)
2.060000e+03	lowerWall	(-1.489108e-01 0.000000e+00 -4.916328e-06)	(-1.488129e-01 0.000000e+00 4.847837e-06)
2.070000e+03	lowerWall	(-1.486498e-01 0.000000e+00 -4.888836e-06)	(-1.485522e-01 0.000000e+00 4.819163e-06)
2.080000e+03	lowerWall	(-1.483908e-01 0.000000e+00 -4.861612e-06)	(-1.482935e-01 0.000000e+00 4.790768e-06)
2.090000e+03	lowerWall	(-1.481338e-01 0.000000e+00 -4.834651e-06)	(-1.480369e-01 0.000000e+00 4.762675e-06)
2.100000e+03	lowerWall	(-1.478788e-01 0.000000e+00 -4.807951e-06)	(-1.477822e-01 0.000000e+00 4.734872e-06)
2.110000e+03	lowerWall	(-1.476258e-01 0.000000e+00 -4.781506e-06)	(-1.475296e-01 0.000000e+00 4.707362e-06)
2.120000e+03	lowerWall	(-1.473747e-01 0.000000e+00 -4.755313e-06)	(-1.472789e-01 0.000000e+00 4.680122e-06)
2.130000e+03	lowerWall	(-1.471256e-01 0.000000e+00 -4.729369e-06)	(-1.470301e-01 0.000000e+00 4.653156e-06)
2.140000e+03	lowerWall	(-1.468783e-01 0.000000e+00 -4.703671e-06)	(-1.467832e-01 0.000000e+00 4.626475e-06)
2.150000e+03	lowerWall	(-1.466330e-01 0.000000e+00 -4.678215e-06)	(-1.465382e-01 0.000000e+00 4.600059e-06)
2.160000e+03	lowerWall	(-1.463895e-01 0.000000e+00 -4.652997e-06)	(-1.462950e-01 0.000000e+00 4.573839e-06)
2.170000e+03	lowerWall	(-1.461478e-01 0.000000e+00 -4.628015e-06)	(-1.460537e-01 0.000000e+00 4.547864e-06)
2.180000e+03	lowerWall	(-1.459080e-01 0.000000e+00 -4.603262e-06)	(-1.458141e-01 0.000000e+00 4.522143e-06)
2.190000e+03	lowerWall	(-1.456699e-01 0.000000e+00 -4.578739e-06)	(-1.455764e-01 0.000000e+00 4.496669e-06)
2.200000e+03	lowerWall	(-1.454336e-01 0.000000e+00 -4.554441e-06)	(-1.453405e-01 0.000000e+00 4.471439e-06)
2.210000e+03	lowerWall	(-1.451991e-01 0.000000e+00 -4.530364e-06)	(-1.451062e-01 0.000000e+00 4.446450e-06)
2.220000e+03	lowerWall	(-1.449663e-01 0.000000e+00 -4.506507e-06)	(-1.448738e-01 0.000000e+00 4.421699e-06)
2.230000e+03	lowerWall	(-1.447352e-01 0.000000e+00 -4.482865e-06)	(-1.446430e-01 0.000000e+00 4.397183e-06)
2.240000e+03	lowerWall	(-1.445058e-01 0.000000e+00 -4.459436e-06)	(-1.444139e-01 0.000000e+00 4.372900e-06)
2.250000e+03	lowerWall	(-1.442780e-01 0.000000e+00 -4.436216e-06)	(-1.441865e-01 0.000000e+00 4.348846e-06)
2.260000e+03	lowerWall	(-1.440519e-01 0.000000e+00 -4.413203e-06)	(-1.439607e-01 0.000000e+00 4.325019e-06)
2.270000e+03	lowerWall	(-1.438274e-01 0.000000e+00 -4.390394e-06)	(-1.437365e-01 0.000000e+00 4.301415e-06)
2.280000e+03	lowerWall	(-1.436046e-01 0.000000e+00 -4.367787e-06)	(-1.435140e-01 0.000000e+00 4.278032e-06)
2.290000e+03	lowerWall	(-1.433833e-01 0.000000e+00 -4.345377e-06)	(-1.432931e-01 0.000000e+00 4.254867e-06)
2.300000e+03	lowerWall	(-1.431637e-01 0.000000e+00 -4.323163e-06)	(-1.430737e-01 0.000000e+00 4.231917e-06)
2.310000e+03	lowerWall	(-1.429455e-01 0.000000e+00 -4.301142e-06)	(-1.428559e-01 0.000000e+00 4.209180e-06)
2.320000e+03	lowerWall	(-1.427290e-01 0.000000e+00 -4.279311e-06)	(-1.426396e-01 0.000000e+00 4.186647e-06)
2.330000e+03	lowerWall	(-1.425139e-01 0.000000e+00 -4.257668e-06)	(-1.424249e-01 0.000000e+00 4.164311e-06)
2.340000e+03	lowerWall	(-1.423004e-01 0.000000e+00 -4.236210e-06)	(-1.422116e-01 0.000000e+00 4.142204e-06)
2.350000e+03	lowerWall	(-1.420883e-01 0.000000e+00 -4.214935e-06)	(-1.419999e-01 0.000000e+00 4.120293e-06)
2.360000e+03	lowerWall	(-1.418777e-01 0.000000e+00 -4.193840e-06)	(-1.417896e-01 0.000000e+00 4.098577e-06)
2.370000e+03	lowerWall	(-1.416686e-01 0.000000e+00 -4.172923e-06)	(-1.415808e-01 0.000000e+00 4.077056e-06)
2.380000e+03	lowerWall	(-1.414609e-01 0.000000e+00 -4.152187e-06)	(-1.413734e-01 0.000000e+00 4.055773e-06)
2.390000e+03	lowerWall	(-1.412547e-01 0.000000e+00 -4.131652e-06)	(-1.411675e-01 0.000000e+00 4.034669e-06)
2.400000e+03	lowerWall	(-1.410499e-01 0.000000e+00 -4.111339e-06)	(-1.409630e-01 0.000000e+00 4.013663e-06)
2.410000e+03	lowerWall	(-1.408464e-01 0.000000e+00 -4.091199e-06)	(-1.407598e-01 0.000000e+00 3.992847e-06)
2.420000e+03	lowerWall	(-1.406444e-01 0.000000e+00 -4.071228e-06)	(-1.405581e-01 0.000000e+00 3.972219e-06)
2.430000e+03	lowerWall	(-1.404437e-01 0.000000e+00 -4.051423e-06)	(-1.403577e-01 0.000000e+00 3.951773e-06)
2.440000e+03	lowerWall	(-1.402443e-01 0.000000e+00 -4.031782e-06)	(-1.401586e-01 0.000000e+00 3.931509e-06)
2.450000e+03	lowerWall	(-1.400463e-01 0.000000e+00 -4.012302e-06)	(-1.399609e-01 0.000000e+00 3.911422e-06)
2.460000e+03	lowerWall	(-1.398497e-01 0.000000e+00 -3.992982e-06)	(-1.397645e-01 0.000000e+00 3.891511e-06)
2.470000e+03	lowerWall	(-1.396543e-01 0.000000e+00 -3.973821e-06)	(-1.395694e-01 0.000000e+00 3.871772e-06)
2.480000e+03	lowerWall	(-1.394602e-01 0.000000e+00 -3.954818e-06)	(-1.393756e-01 0.000000e+00 3.852204e-06)
2.490000e+03	lowerWall	(-1.392674e-01 0.000000e+00 -3.935971e-06)	(-1.391831e-01 0.000000e+00 3.832805e-06)
2.500000e+03	lowerWall	(-1.390759e-01 0.000000e+00 -3.917274e-06)	(-1.389918e-01 0.000000e+00 3.813576e-06)
2.510000e+03	lowerWall	(-1.388857e-01 0.000000e+00 -3.898724e-06)	(-1.388018e-01 0.000000e+00 3.794513e-06)
2.520000e+03	lowerWall	(-1.386966e-01 0.000000e+00 -3.880321e-06)	(-1.386130e-01 0.000000e+00 3.775611e-06)
2.530000e+03	lowerWall	(-1.385089e-01 0.000000e+00 -3.862066e-06)	(-1.384255e-01 0.000000e+00 3.756864e-06)
2.540000e+03	lowerWall	(-1.383223e-01 0.000000e+00 -3.843957e-06)	(-1.382392e-01 0.000000e+00 3.738280e-06)
2.550000e+03	lowerWall	(-1.381369e-01 0.000000e+00 -3.825993e-06)	(-1.380541e-01 0.000000e+00 3.719854e-06)
2.560000e+03	lowerWall	(-1.379528e-01 0.000000e+00 -3.808172e-06)	(-1.378701e-01 0.000000e+00 3.701584e-06)
2.570000e+03	lowerWall	(-1.377698e-01 0.000000e+00 -3.825822e-06)	(-1.376874e-01 0.000000e+00 3.729588e-06)
2.580000e+03	lowerWall	(-1.375880e-01 0.000000e+00 -3.802954e-06)	(-1.375058e-01 0.000000e+00 3.707154e-06)
2.590000e+03	lowerWall	(-1.374074e-01 0.000000e+00 -3.788445e-06)	(-1.373254e-01 0.000000e+00 3.692697e-06)
2.600000e+03	lowerWall	(-1.372279e-01 0.000000e+00 -3.772684e-06)	(-1.371462e-01 0.000000e+00 3.676635e-06)
2.610000e+03	lowerWall	(-1.370495e-01 0.000000e+00 -3.756175e-06)	(-1.369680e-01 0.000000e+00 3.659643e-06)
2.620000e+03	lowerWall	(-1.368723e-01 0.000000e+00 -3.739259e-06)	(-1.367910e-01 0.000000e+00 3.642160e-06)
2.630000e+03	lowerWall	(-1.366961e-01 0.000000e+00 -3.722153e-06)	(-1.366152e-01 0.000000e+00 3.624458e-06)
2.640000e+03	lowerWall	(-1.365211e-01 0.000000e+00 -3.704992e-06)	(-1.364404e-01 0.000000e+00 3.606701e-06)
2.650000e+03	lowerWall	(-1.363472e-01 0.000000e+00 -3.687862e-06)	(-1.362667e-01 0.000000e+00 3.588983e-06)
2.660000e+03	lowerWall	(-1.361743e-01 0.000000e+00 -3.670812e-06)	(-1.360941e-01 0.000000e+00 3.571377e-06)
2.670000e+03	lowerWall	(-1.360025e-01 0.000000e+00 -3.653873e-06)	(-1.359225e-01 0.000000e+00 3.553894e-06)
2.680000e+03	lowerWall	(-1.358318e-01 0.000000e+00 -3.637062e-06)	(-1.357520e-01 0.000000e+00 3.536561e-06)
2.690000e+03	lowerWall	(-1.356622e-01 0.000000e+00 -3.620389e-06)	(-1.355826e-01 0.000000e+00 3.519386e-06)
2.700000e+03	lowerWall	(-1.354935e-01 0.000000e+00 -3.603857e-06)	(-1.354142e-01 0.000000e+00 3.502375e-06)
2.710000e+03	lowerWall	(-1.353259e-01 0.000000e+00 -3.587468e-06)	(-1.352468e-01 0.000000e+00 3.485521e-06)
2.720000e+03	lowerWall	(-1.351593e-01 0.000000e+00 -3.571222e-06)	(-1.350805e-01 0.000000e+00 3.468825e-06)
2.730000e+03	lowerWall	(-1.349938e-01 0.000000e+00 -3.555115e-06)	(-1.349152e-01 0.000000e+00 3.452283e-06)
2.740000e+03	lowerWall	(-1.348292e-01 0.000000e+00 -3.539148e-06)	(-1.347508e-01 0.000000e+00 3.435903e-06)
2.750000e+03	lowerWall	(-1.346656e-01 0.000000e+00 -3.523316e-06)	(-1.345875e-01 0.000000e+00 3.419658e-06)
2.760000e+03	lowerWall	(-1.345030e-01 0.000000e+00 -3.507618e-06)	(-1.344251e-01 0.000000e+00 3.403562e-06)
2.770000e+03	lowerWall	(-1.343414e-01 0.000000e+00 -3.492051e-06)	(-1.342637e-01 0.000000e+00 3.387608e-06)
2.780000e+03	lowerWall	(-1.341808e-01 0.000000e+00 -3.476612e-06)	(-1.341033e-01 0.000000e+00 3.371794e-06)
2.790000e+03	lowerWall	(-1.340211e-01 0.000000e+00 -3.461299e-06)	(-1.339438e-01 0.000000e+00 3.356116e-06)
2.800000e+03	lowerWall	(-1.338623e-01 0.000000e+00 -3.446111e-06)	(-1.337853e-01 0.000000e+00 3.340572e-06)
2.810000e+03	lowerWall	(-1.337045e-01 0.000000e+00 -3.431043e-06)	(-1.336277e-01 0.000000e+00 3.325161e-06)
2.820000e+03	lowerWall	(-1.335476e-01 0.000000e+00 -3.416096e-06)	(-1.334710e-01 0.000000e+00 3.309875e-06)
2.830000e+03	lowerWall	(-1.333916e-01 0.000000e+00 -3.401266e-06)	(-1.333153e-01 0.000000e+00 3.294716e-06)
2.840000e+03	lowerWall	(-1.332366e-01 0.000000e+00 -3.386552e-06)	(-1.331604e-01 0.000000e+00 3.279682e-06)
2.850000e+03	lowerWall	(-1.330824e-01 0.000000e+00 -3.371952e-06)	(-1.330065e-01 0.000000e+00 3.264770e-06)
2.860000e+03	lowerWall	(-1.329292e-01 0.000000e+00 -3.357464e-06)	(-1.328535e-01 0.000000e+00 3.249977e-06)
2.870000e+03	lowerWall	(-1.327768e-01 0.000000e+00 -3.343087e-06)	(-1.327013e-01 0.000000e+00 3.235303e-06)
2.880000e+03	lowerWall	(-1.326253e-01 0.000000e+00 -3.328818e-06)	(-1.325500e-01 0.000000e+00 3.220745e-06)
2.890000e+03	lowerWall	(-1.324747e-01 0.000000e+00 -3.314657e-06)	(-1.323996e-01 0.000000e+00 3.206301e-06)
2.900000e+03	lowerWall	(-1.323249e-01 0.000000e+00 -3.300602e-06)	(-1.322501e-01 0.000000e+00 3.191970e-06)
2.910000e+03	lowerWall	(-1.321760e-01 0.000000e+00 -3.286651e-06)	(-1.321014e-01 0.000000e+00 3.177751e-06)
2.920000e+03	lowerWall	(-1.320280e-01 0.000000e+00 -3.272804e-06)	(-1.319536e-01 0.000000e+00 3.163641e-06)
2.930000e+03	lowerWall	(-1.318808e-01 0.000000e+00 -3.259055e-06)	(-1.318066e-01 0.000000e+00 3.149639e-06)
2.940000e+03	lowerWall	(-1.317344e-01 0.000000e+00 -3.245407e-06)	(-1.316604e-01 0.000000e+00 3.135744e-06)
2.950000e+03	lowerWall	(-1.315888e-01 0.000000e+00 -3.231859e-06)	(-1.315151e-01 0.000000e+00 3.121954e-06)
2.960000e+03	lowerWall	(-1.314441e-01 0.000000e+00 -3.218408e-06)	(-1.313706e-01 0.000000e+00 3.108267e-06)
2.970000e+03	lowerWall	(-1.313002e-01 0.000000e+00 -3.205053e-06)	(-1.312269e-01 0.000000e+00 3.094684e-06)
2.980000e+03	lowerWall	(-1.311571e-01 0.000000e+00 -3.191793e-06)	(-1.310840e-01 0.000000e+00 3.081201e-06)
2.990000e+03	lowerWall	(-1.310147e-01 0.000000e+00 -3.116091e-06)	(-1.309417e-01 0.000000e+00 2.995696e-06)
3.000000e+03	lowerWall	(-1.308732e-01 0.000000e+00 -3.103353e-06)	(-1.308004e-01 0.000000e+00 2.982382e-06)
3.010000e+03	lowerWall	(-1.307325e-01 0.000000e+00 -3.091474e-06)	(-1.306599e-01 0.000000e+00 2.970257e-06)
3.020000e+03	lowerWall	(-1.305925e-01 0.000000e+00 -3.080078e-06)	(-1.305201e-01 0.000000e+00 2.958787e-06)
3.030000e+03	lowerWall	(-1.304533e-01 0.000000e+00 -3.068975e-06)	(-1.303811e-01 0.000000e+00 2.947668e-06)
3.040000e+03	lowerWall	(-1.303148e-01 0.000000e+00 -3.057921e-06)	(-1.302429e-01 0.000000e+00 2.936816e-06)
3.050000e+03	lowerWall	(-1.301772e-01 0.000000e+00 -3.047024e-06)	(-1.301054e-01 0.000000e+00 2.925904e-06)
3.060000e+03	lowerWall	(-1.300402e-01 0.000000e+00 -3.036153e-06)	(-1.299687e-01 0.000000e+00 2.915026e-06)
3.070000e+03	lowerWall	(-1.299041e-01 0.000000e+00 -3.025286e-06)	(-1.298327e-01 0.000000e+00 2.904160e-06)
3.080000e+03	lowerWall	(-1.297686e-01 0.000000e+00 -3.038431e-06)	(-1.296974e-01 0.000000e+00 2.927186e-06)
3.090000e+03	lowerWall	(-1.296339e-01 0.000000e+00 -3.028596e-06)	(-1.295629e-01 0.000000e+00 2.917975e-06)
3.100000e+03	lowerWall	(-1.295000e-01 0.000000e+00 -3.019846e-06)	(-1.294291e-01 0.000000e+00 2.909513e-06)
3.110000e+03	lowerWall	(-1.293667e-01 0.000000e+00 -3.009987e-06)	(-1.292961e-01 0.000000e+00 2.899702e-06)
3.120000e+03	lowerWall	(-1.292342e-01 0.000000e+00 -2.999449e-06)	(-1.291637e-01 0.000000e+00 2.889087e-06)
3.130000e+03	lowerWall	(-1.291024e-01 0.000000e+00 -2.988515e-06)	(-1.290321e-01 0.000000e+00 2.878015e-06)
3.140000e+03	lowerWall	(-1.289712e-01 0.000000e+00 -2.977363e-06)	(-1.289012e-01 0.000000e+00 2.866703e-06)
3.150000e+03	lowerWall	(-1.288408e-01 0.000000e+00 -2.966107e-06)	(-1.287709e-01 0.000000e+00 2.855281e-06)
3.160000e+03	lowerWall	(-1.287111e-01 0.000000e+00 -2.954814e-06)	(-1.286414e-01 0.000000e+00 2.843829e-06)
3.170000e+03	lowerWall	(-1.285820e-01 0.000000e+00 -2.943528e-06)	(-1.285125e-01 0.000000e+00 2.832397e-06)
3.180000e+03	lowerWall	(-1.284536e-01 0.000000e+00 -2.932276e-06)	(-1.283844e-01 0.000000e+00 2.821010e-06)
3.190000e+03	lowerWall	(-1.283260e-01 0.000000e+00 -2.921072e-06)	(-1.282569e-01 0.000000e+00 2.809687e-06)
3.200000e+03	lowerWall	(-1.281989e-01 0.000000e+00 -2.909926e-06)	(-1.281300e-01 0.000000e+00 2.798435e-06)
3.210000e+03	lowerWall	(-1.280726e-01 0.000000e+00 -2.898843e-06)	(-1.280038e-01 0.000000e+00 2.787258e-06)
3.220000e+03	lowerWall	(-1.279469e-01 0.000000e+00 -2.887825e-06)	(-1.278783e-01 0.000000e+00 2.776160e-06)
3.230000e+03	lowerWall	(-1.278218e-01 0.000000e+00 -2.876873e-06)	(-1.277535e-01 0.000000e+00 2.765139e-06)
3.240000e+03	lowerWall	(-1.276974e-01 0.000000e+00 -2.865989e-06)	(-1.276293e-01 0.000000e+00 2.754196e-06)
3.250000e+03	lowerWall	(-1.275737e-01 0.000000e+00 -2.855170e-06)	(-1.275057e-01 0.000000e+00 2.743330e-06)
3.260000e+03	lowerWall	(-1.274505e-01 0.000000e+00 -2.844418e-06)	(-1.273828e-01 0.000000e+00 2.732539e-06)
3.270000e+03	lowerWall	(-1.273280e-01 0.000000e+00 -2.833731e-06)	(-1.272605e-01 0.000000e+00 2.721823e-06)
3.280000e+03	lowerWall	(-1.272062e-01 0.000000e+00 -2.823110e-06)	(-1.271388e-01 0.000000e+00 2.711169e-06)
3.290000e+03	lowerWall	(-1.270850e-01 0.000000e+00 -2.812551e-06)	(-1.270177e-01 0.000000e+00 2.700590e-06)
3.300000e+03	lowerWall	(-1.269643e-01 0.000000e+00 -2.802056e-06)	(-1.268973e-01 0.000000e+00 2.690089e-06)
3.310000e+03	lowerWall	(-1.268443e-01 0.000000e+00 -2.791623e-06)	(-1.267775e-01 0.000000e+00 2.679659e-06)
3.320000e+03	lowerWall	(-1.267249e-01 0.000000e+00 -2.781252e-06)	(-1.266583e-01 0.000000e+00 2.669297e-06)
3.330000e+03	lowerWall	(-1.266061e-01 0.000000e+00 -2.770942e-06)	(-1.265397e-01 0.000000e+00 2.659003e-06)
3.340000e+03	lowerWall	(-1.264880e-01 0.000000e+00 -2.760693e-06)	(-1.264217e-01 0.000000e+00 2.648775e-06)
3.350000e+03	lowerWall	(-1.263704e-01 0.000000e+00 -2.750505e-06)	(-1.263042e-01 0.000000e+00 2.638612e-06)
3.360000e+03	lowerWall	(-1.262533e-01 0.000000e+00 -2.740376e-06)	(-1.261874e-01 0.000000e+00 2.628515e-06)
3.370000e+03	lowerWall	(-1.261369e-01 0.000000e+00 -2.730305e-06)	(-1.260712e-01 0.000000e+00 2.618481e-06)
3.380000e+03	lowerWall	(-1.260211e-01 0.000000e+00 -2.720293e-06)	(-1.259555e-01 0.000000e+00 2.608510e-06)
3.390000e+03	lowerWall	(-1.259058e-01 0.000000e+00 -2.710339e-06)	(-1.258404e-01 0.000000e+00 2.598603e-06)
3.400000e+03	lowerWall	(-1.257911e-01 0.000000e+00 -2.700442e-06)	(-1.257259e-01 0.000000e+00 2.588757e-06)
3.410000e+03	lowerWall	(-1.256770e-01 0.000000e+00 -2.690602e-06)	(-1.256120e-01 0.000000e+00 2.578972e-06)
3.420000e+03	lowerWall	(-1.255634e-01 0.000000e+00 -2.680820e-06)	(-1.254986e-01 0.000000e+00 2.569248e-06)
3.430000e+03	lowerWall	(-1.254504e-01 0.000000e+00 -2.671093e-06)	(-1.253857e-01 0.000000e+00 2.559584e-06)
3.440000e+03	lowerWall	(-1.253380e-01 0.000000e+00 -2.661422e-06)	(-1.252735e-01 0.000000e+00 2.549979e-06)
3.450000e+03	lowerWall	(-1.252261e-01 0.000000e+00 -2.651806e-06)	(-1.251617e-01 0.000000e+00 2.540433e-06)
3.460000e+03	lowerWall	(-1.251147e-01 0.000000e+00 -2.642244e-06)	(-1.250506e-01 0.000000e+00 2.530945e-06)
3.470000e+03	lowerWall	(-1.250039e-01 0.000000e+00 -2.632737e-06)	(-1.249399e-01 0.000000e+00 2.521514e-06)
3.480000e+03	lowerWall	(-1.248936e-01 0.000000e+00 -2.623284e-06)	(-1.248298e-01 0.000000e+00 2.512141e-06)
3.490000e+03	lowerWall	(-1.247839e-01 0.000000e+00 -2.613885e-06)	(-1.247203e-01 0.000000e+00 2.502824e-06)
3.500000e+03	lowerWall	(-1.246747e-01 0.000000e+00 -2.604538e-06)	(-1.246112e-01 0.000000e+00 2.493564e-06)
3.510000e+03	lowerWall	(-1.245660e-01 0.000000e+00 -2.595244e-06)	(-1.245027e-01 0.000000e+00 2.484358e-06)
3.520000e+03	lowerWall	(-1.244579e-01 0.000000e+00 -2.586002e-06)	(-1.243947e-01 0.000000e+00 2.475208e-06)
3.530000e+03	lowerWall	(-1.243502e-01 0.000000e+00 -2.576811e-06)	(-1.242873e-01 0.000000e+00 2.466112e-06)
3.540000e+03	lowerWall	(-1.242431e-01 0.000000e+00 -2.567673e-06)	(-1.241803e-01 0.000000e+00 2.457070e-06)
3.550000e+03	lowerWall	(-1.241365e-01 0.000000e+00 -2.558584e-06)	(-1.240739e-01 0.000000e+00 2.448082e-06)
3.560000e+03	lowerWall	(-1.240304e-01 0.000000e+00 -2.549547e-06)	(-1.239679e-01 0.000000e+00 2.439146e-06)
3.570000e+03	lowerWall	(-1.239248e-01 0.000000e+00 -2.540559e-06)	(-1.238625e-01 0.000000e+00 2.430263e-06)
3.580000e+03	lowerWall	(-1.238197e-01 0.000000e+00 -2.531621e-06)	(-1.237576e-01 0.000000e+00 2.421432e-06)
3.590000e+03	lowerWall	(-1.237151e-01 0.000000e+00 -2.522733e-06)	(-1.236532e-01 0.000000e+00 2.412653e-06)
3.600000e+03	lowerWall	(-1.236110e-01 0.000000e+00 -2.513893e-06)	(-1.235492e-01 0.000000e+00 2.403925e-06)
3.610000e+03	lowerWall	(-1.235074e-01 0.000000e+00 -2.505102e-06)	(-1.234458e-01 0.000000e+00 2.395247e-06)
3.620000e+03	lowerWall	(-1.234042e-01 0.000000e+00 -2.496359e-06)	(-1.233428e-01 0.000000e+00 2.386619e-06)
3.630000e+03	lowerWall	(-1.233016e-01 0.000000e+00 -2.487663e-06)	(-1.232403e-01 0.000000e+00 2.378041e-06)
3.640000e+03	lowerWall	(-1.231994e-01 0.000000e+00 -2.479015e-06)	(-1.231383e-01 0.000000e+00 2.369513e-06)
3.650000e+03	lowerWall	(-1.230977e-01 0.000000e+00 -2.470414e-06)	(-1.230368e-01 0.000000e+00 2.361033e-06)
3.660000e+03	lowerWall	(-1.229965e-01 0.000000e+00 -2.461859e-06)	(-1.229357e-01 0.000000e+00 2.352602e-06)
3.670000e+03	lowerWall	(-1.228958e-01 0.000000e+00 -2.453350e-06)	(-1.228351e-01 0.000000e+00 2.344218e-06)
3.680000e+03	lowerWall	(-1.227955e-01 0.000000e+00 -2.444887e-06)	(-1.227350e-01 0.000000e+00 2.335883e-06)
3.690000e+03	lowerWall	(-1.226957e-01 0.000000e+00 -2.436470e-06)	(-1.226353e-01 0.000000e+00 2.327594e-06)
3.700000e+03	lowerWall	(-1.225963e-01 0.000000e+00 -2.428098e-06)	(-1.225361e-01 0.000000e+00 2.319352e-06)
3.710000e+03	lowerWall	(-1.224974e-01 0.000000e+00 -2.419770e-06)	(-1.224374e-01 0.000000e+00 2.311157e-06)
3.720000e+03	lowerWall	(-1.223989e-01 0.000000e+00 -2.411486e-06)	(-1.223391e-01 0.000000e+00 2.303007e-06)
3.730000e+03	lowerWall	(-1.223009e-01 0.000000e+00 -2.403247e-06)	(-1.222412e-01 0.000000e+00 2.294903e-06)
3.740000e+03	lowerWall	(-1.222034e-01 0.000000e+00 -2.395051e-06)	(-1.221438e-01 0.000000e+00 2.286844e-06)
3.750000e+03	lowerWall	(-1.221062e-01 0.000000e+00 -2.386898e-06)	(-1.220468e-01 0.000000e+00 2.278830e-06)
3.760000e+03	lowerWall	(-1.220096e-01 0.000000e+00 -2.378788e-06)	(-1.219503e-01 0.000000e+00 2.270860e-06)
3.770000e+03	lowerWall	(-1.219133e-01 0.000000e+00 -2.370721e-06)	(-1.218542e-01 0.000000e+00 2.262934e-06)
3.780000e+03	lowerWall	(-1.218175e-01 0.000000e+00 -2.362696e-06)	(-1.217586e-01 0.000000e+00 2.255052e-06)
3.790000e+03	lowerWall	(-1.217222e-01 0.000000e+00 -2.354713e-06)	(-1.216634e-01 0.000000e+00 2.247213e-06)
3.800000e+03	lowerWall	(-1.216272e-01 0.000000e+00 -2.346771e-06)	(-1.215686e-01 0.000000e+00 2.239417e-06)
3.810000e+03	lowerWall	(-1.215327e-01 0.000000e+00 -2.338871e-06)	(-1.214742e-01 0.000000e+00 2.231664e-06)
3.820000e+03	lowerWall	(-1.214386e-01 0.000000e+00 -2.331011e-06)	(-1.213803e-01 0.000000e+00 2.223952e-06)
3.830000e+03	lowerWall	(-1.213449e-01 0.000000e+00 -2.323219e-06)	(-1.212867e-01 0.000000e+00 2.216284e-06)
3.840000e+03	lowerWall	(-1.212517e-01 0.000000e+00 -2.315415e-06)	(-1.211936e-01 0.000000e+00 2.208741e-06)
3.850000e+03	lowerWall	(-1.211588e-01 0.000000e+00 -2.307710e-06)	(-1.211009e-01 0.000000e+00 2.201113e-06)
3.860000e+03	lowerWall	(-1.210664e-01 0.000000e+00 -2.300047e-06)	(-1.210087e-01 0.000000e+00 2.193524e-06)
3.870000e+03	lowerWall	(-1.209744e-01 0.000000e+00 -2.292422e-06)	(-1.209168e-01 0.000000e+00 2.185976e-06)
3.880000e+03	lowerWall	(-1.208828e-01 0.000000e+00 -2.284837e-06)	(-1.208253e-01 0.000000e+00 2.178468e-06)
3.890000e+03	lowerWall	(-1.207915e-01 0.000000e+00 -2.277290e-06)	(-1.207343e-01 0.000000e+00 2.170999e-06)
3.900000e+03	lowerWall	(-1.207007e-01 0.000000e+00 -2.269780e-06)	(-1.206436e-01 0.000000e+00 2.163568e-06)
3.910000e+03	lowerWall	(-1.206103e-01 0.000000e+00 -2.262308e-06)	(-1.205534e-01 0.000000e+00 2.156176e-06)
3.920000e+03	lowerWall	(-1.205203e-01 0.000000e+00 -2.254872e-06)	(-1.204635e-01 0.000000e+00 2.148823e-06)
3.930000e+03	lowerWall	(-1.204307e-01 0.000000e+00 -2.247474e-06)	(-1.203740e-01 0.000000e+00 2.141508e-06)
3.940000e+03	lowerWall	(-1.203414e-01 0.000000e+00 -2.240113e-06)	(-1.202849e-01 0.000000e+00 2.134231e-06)
3.950000e+03	lowerWall	(-1.202526e-01 0.000000e+00 -2.232788e-06)	(-1.201962e-01 0.000000e+00 2.126991e-06)
3.960000e+03	lowerWall	(-1.201641e-01 0.000000e+00 -2.225500e-06)	(-1.201079e-01 0.000000e+00 2.119790e-06)
3.970000e+03	lowerWall	(-1.200761e-01 0.000000e+00 -2.218247e-06)	(-1.200200e-01 0.000000e+00 2.112626e-06)
3.980000e+03	lowerWall	(-1.199884e-01 0.000000e+00 -2.211031e-06)	(-1.199324e-01 0.000000e+00 2.105500e-06)
3.990000e+03	lowerWall	(-1.199010e-01 0.000000e+00 -2.203851e-06)	(-1.198452e-01 0.000000e+00 2.098411e-06)
4.000000e+03	lowerWall	(-1.198141e-01 0.000000e+00 -2.196706e-06)	(-1.197584e-01 0.000000e+00 2.091360e-06)
4.010000e+03	lowerWall	(-1.197275e-01 0.000000e+00 -2.189597e-06)	(-1.196720e-01 0.000000e+00 2.084346e-06)
4.020000e+03	lowerWall	(-1.196413e-01 0.000000e+00 -2.182523e-06)	(-1.195859e-01 0.000000e+00 2.077369e-06)
4.030000e+03	lowerWall	(-1.195555e-01 0.000000e+00 -2.175484e-06)	(-1.195002e-01 0.000000e+00 2.070429e-06)
4.040000e+03	lowerWall	(-1.194700e-01 0.000000e+00 -2.168481e-06)	(-1.194149e-01 0.000000e+00 2.063525e-06)
4.050000e+03	lowerWall	(-1.193849e-01 0.000000e+00 -2.161512e-06)	(-1.193300e-01 0.000000e+00 2.056658e-06)
4.060000e+03	lowerWall	(-1.193002e-01 0.000000e+00 -2.154577e-06)	(-1.192453e-01 0.000000e+00 2.049828e-06)
4.070000e+03	lowerWall	(-1.192158e-01 0.000000e+00 -2.147676e-06)	(-1.191611e-01 0.000000e+00 2.043033e-06)
4.080000e+03	lowerWall	(-1.191318e-01 0.000000e+00 -2.140810e-06)	(-1.190772e-01 0.000000e+00 2.036275e-06)
4.090000e+03	lowerWall	(-1.190481e-01 0.000000e+00 -2.133978e-06)	(-1.189937e-01 0.000000e+00 2.029552e-06)
4.100000e+03	lowerWall	(-1.189648e-01 0.000000e+00 -2.127180e-06)	(-1.189105e-01 0.000000e+00 2.022864e-06)
4.110000e+03	lowerWall	(-1.188818e-01 0.000000e+00 -2.120415e-06)	(-1.188276e-01 0.000000e+00 2.016212e-06)
4.120000e+03	lowerWall	(-1.187992e-01 0.000000e+00 -2.113683e-06)	(-1.187452e-01 0.000000e+00 2.009595e-06)
4.130000e+03	lowerWall	(-1.187169e-01 0.000000e+00 -2.106984e-06)	(-1.186630e-01 0.000000e+00 2.003013e-06)
4.140000e+03	lowerWall	(-1.186349e-01 0.000000e+00 -2.068239e-06)	(-1.185811e-01 0.000000e+00 1.964664e-06)
4.150000e+03	lowerWall	(-1.185533e-01 0.000000e+00 -2.059666e-06)	(-1.184996e-01 0.000000e+00 1.956903e-06)
4.160000e+03	lowerWall	(-1.184721e-01 0.000000e+00 -2.052028e-06)	(-1.184185e-01 0.000000e+00 1.950021e-06)
4.170000e+03	lowerWall	(-1.183912e-01 0.000000e+00 -2.044635e-06)	(-1.183378e-01 0.000000e+00 1.943317e-06)
4.180000e+03	lowerWall	(-1.183106e-01 0.000000e+00 -2.037436e-06)	(-1.182573e-01 0.000000e+00 1.936745e-06)
4.190000e+03	lowerWall	(-1.182303e-01 0.000000e+00 -2.030395e-06)	(-1.181772e-01 0.000000e+00 1.930276e-06)
4.200000e+03	lowerWall	(-1.181504e-01 0.000000e+00 -2.023484e-06)	(-1.180974e-01 0.000000e+00 1.923892e-06)
4.210000e+03	lowerWall	(-1.180708e-01 0.000000e+00 -2.016685e-06)	(-1.180180e-01 0.000000e+00 1.917578e-06)
4.220000e+03	lowerWall	(-1.179915e-01 0.000000e+00 -2.009980e-06)	(-1.179389e-01 0.000000e+00 1.911325e-06)
4.230000e+03	lowerWall	(-1.179126e-01 0.000000e+00 -2.003358e-06)	(-1.178600e-01 0.000000e+00 1.905127e-06)
4.240000e+03	lowerWall	(-1.178340e-01 0.000000e+00 -1.996810e-06)	(-1.177816e-01 0.000000e+00 1.898978e-06)
4.250000e+03	lowerWall	(-1.177557e-01 0.000000e+00 -1.990327e-06)	(-1.177034e-01 0.000000e+00 1.892876e-06)
4.260000e+03	lowerWall	(-1.176777e-01 0.000000e+00 -1.983904e-06)	(-1.176256e-01 0.000000e+00 1.886817e-06)
4.270000e+03	lowerWall	(-1.176000e-01 0.000000e+00 -1.977535e-06)	(-1.175480e-01 0.000000e+00 1.880798e-06)
4.280000e+03	lowerWall	(-1.175227e-01 0.000000e+00 -1.971217e-06)	(-1.174708e-01 0.000000e+00 1.874803e-06)
4.290000e+03	lowerWall	(-1.174456e-01 0.000000e+00 -1.964947e-06)	(-1.173939e-01 0.000000e+00 1.868850e-06)
4.300000e+03	lowerWall	(-1.173689e-01 0.000000e+00 -1.958720e-06)	(-1.173173e-01 0.000000e+00 1.862934e-06)
4.310000e+03	lowerWall	(-1.172925e-01 0.000000e+00 -1.952536e-06)	(-1.172410e-01 0.000000e+00 1.857055e-06)
4.320000e+03	lowerWall	(-1.172164e-01 0.000000e+00 -1.946391e-06)	(-1.171650e-01 0.000000e+00 1.851211e-06)
4.330000e+03	lowerWall	(-1.171406e-01 0.000000e+00 -1.940285e-06)	(-1.170894e-01 0.000000e+00 1.845400e-06)
4.340000e+03	lowerWall	(-1.170651e-01 0.000000e+00 -1.934215e-06)	(-1.170140e-01 0.000000e+00 1.839622e-06)
4.350000e+03	lowerWall	(-1.169899e-01 0.000000e+00 -1.928182e-06)	(-1.169389e-01 0.000000e+00 1.833875e-06)
4.360000e+03	lowerWall	(-1.169150e-01 0.000000e+00 -1.922182e-06)	(-1.168642e-01 0.000000e+00 1.828159e-06)
4.370000e+03	lowerWall	(-1.168404e-01 0.000000e+00 -1.916217e-06)	(-1.167897e-01 0.000000e+00 1.822473e-06)
4.380000e+03	lowerWall	(-1.167661e-01 0.000000e+00 -1.910284e-06)	(-1.167155e-01 0.000000e+00 1.816816e-06)
4.390000e+03	lowerWall	(-1.166921e-01 0.000000e+00 -1.904383e-06)	(-1.166416e-01 0.000000e+00 1.811189e-06)
4.400000e+03	lowerWall	(-1.166183e-01 0.000000e+00 -1.898513e-06)	(-1.165680e-01 0.000000e+00 1.805589e-06)
4.410000e+03	lowerWall	(-1.165449e-01 0.000000e+00 -1.892675e-06)	(-1.164947e-01 0.000000e+00 1.800017e-06)
4.420000e+03	lowerWall	(-1.164718e-01 0.000000e+00 -1.886866e-06)	(-1.164217e-01 0.000000e+00 1.794473e-06)
4.430000e+03	lowerWall	(-1.163989e-01 0.000000e+00 -1.881088e-06)	(-1.163490e-01 0.000000e+00 1.788955e-06)
4.440000e+03	lowerWall	(-1.163264e-01 0.000000e+00 -1.875338e-06)	(-1.162765e-01 0.000000e+00 1.783464e-06)
4.450000e+03	lowerWall	(-1.162541e-01 0.000000e+00 -1.869618e-06)	(-1.162044e-01 0.000000e+00 1.777999e-06)
4.460000e+03	lowerWall	(-1.161821e-01 0.000000e+00 -1.863926e-06)	(-1.161325e-01 0.000000e+00 1.772561e-06)
4.470000e+03	lowerWall	(-1.161104e-01 0.000000e+00 -1.858263e-06)	(-1.160609e-01 0.000000e+00 1.767148e-06)
4.480000e+03	lowerWall	(-1.160390e-01 0.000000e+00 -1.852627e-06)	(-1.159896e-01 0.000000e+00 1.761760e-06)
4.490000e+03	lowerWall	(-1.159678e-01 0.000000e+00 -1.847019e-06)	(-1.159186e-01 0.000000e+00 1.756398e-06)
4.500000e+03	lowerWall	(-1.158969e-01 0.000000e+00 -1.841438e-06)	(-1.158478e-01 0.000000e+00 1.751061e-06)
4.510000e+03	lowerWall	(-1.158263e-01 0.000000e+00 -1.835884e-06)	(-1.157773e-01 0.000000e+00 1.745748e-06)
4.520000e+03	lowerWall	(-1.157560e-01 0.000000e+00 -1.830357e-06)	(-1.157071e-01 0.000000e+00 1.740460e-06)
4.530000e+03	lowerWall	(-1.156859e-01 0.000000e+00 -1.824857e-06)	(-1.156371e-01 0.000000e+00 1.735196e-06)
4.540000e+03	lowerWall	(-1.156161e-01 0.000000e+00 -1.819382e-06)	(-1.155675e-01 0.000000e+00 1.729957e-06)
4.550000e+03	lowerWall	(-1.155466e-01 0.000000e+00 -1.813934e-06)	(-1.154981e-01 0.000000e+00 1.724741e-06)
4.560000e+03	lowerWall	(-1.154774e-01 0.000000e+00 -1.808511e-06)	(-1.154289e-01 0.000000e+00 1.719549e-06)
4.570000e+03	lowerWall	(-1.154084e-01 0.000000e+00 -1.803114e-06)	(-1.153600e-01 0.000000e+00 1.714381e-06)
4.580000e+03	lowerWall	(-1.153396e-01 0.000000e+00 -1.797742e-06)	(-1.152914e-01 0.000000e+00 1.709237e-06)
4.590000e+03	lowerWall	(-1.152712e-01 0.000000e+00 -1.792395e-06)	(-1.152231e-01 0.000000e+00 1.704115e-06)
4.600000e+03	lowerWall	(-1.152030e-01 0.000000e+00 -1.787073e-06)	(-1.151550e-01 0.000000e+00 1.699017e-06)
4.610000e+03	lowerWall	(-1.151350e-01 0.000000e+00 -1.781775e-06)	(-1.150871e-01 0.000000e+00 1.693942e-06)
4.620000e+03	lowerWall	(-1.150673e-01 0.000000e+00 -1.776502e-06)	(-1.150196e-01 0.000000e+00 1.688889e-06)
4.630000e+03	lowerWall	(-1.149999e-01 0.000000e+00 -1.771254e-06)	(-1.149522e-01 0.000000e+00 1.683860e-06)
4.640000e+03	lowerWall	(-1.149327e-01 0.000000e+00 -1.766029e-06)	(-1.148852e-01 0.000000e+00 1.678852e-06)
4.650000e+03	lowerWall	(-1.148658e-01 0.000000e+00 -1.760828e-06)	(-1.148184e-01 0.000000e+00 1.673867e-06)
4.660000e+03	lowerWall	(-1.147991e-01 0.000000e+00 -1.755651e-06)	(-1.147518e-01 0.000000e+00 1.668905e-06)
4.670000e+03	lowerWall	(-1.147327e-01 0.000000e+00 -1.750497e-06)	(-1.146855e-01 0.000000e+00 1.663964e-06)
4.680000e+03	lowerWall	(-1.146666e-01 0.000000e+00 -1.745366e-06)	(-1.146194e-01 0.000000e+00 1.659046e-06)
4.690000e+03	lowerWall	(-1.146006e-01 0.000000e+00 -1.740259e-06)	(-1.145536e-01 0.000000e+00 1.654149e-06)
4.700000e+03	lowerWall	(-1.145350e-01 0.000000e+00 -1.735174e-06)	(-1.144881e-01 0.000000e+00 1.649274e-06)
4.710000e+03	lowerWall	(-1.144695e-01 0.000000e+00 -1.730112e-06)	(-1.144227e-01 0.000000e+00 1.644420e-06)
4.720000e+03	lowerWall	(-1.144044e-01 0.000000e+00 -1.725073e-06)	(-1.143577e-01 0.000000e+00 1.639588e-06)
4.730000e+03	lowerWall	(-1.143394e-01 0.000000e+00 -1.720056e-06)	(-1.142928e-01 0.000000e+00 1.634777e-06)
4.740000e+03	lowerWall	(-1.142747e-01 0.000000e+00 -1.715062e-06)	(-1.142282e-01 0.000000e+00 1.629987e-06)
4.750000e+03	lowerWall	(-1.142103e-01 0.000000e+00 -1.710089e-06)	(-1.141639e-01 0.000000e+00 1.625218e-06)
4.760000e+03	lowerWall	(-1.141460e-01 0.000000e+00 -1.705138e-06)	(-1.140997e-01 0.000000e+00 1.620470e-06)
4.770000e+03	lowerWall	(-1.140820e-01 0.000000e+00 -1.700209e-06)	(-1.140359e-01 0.000000e+00 1.615742e-06)
4.780000e+03	lowerWall	(-1.140183e-01 0.000000e+00 -1.695302e-06)	(-1.139722e-01 0.000000e+00 1.611036e-06)
4.790000e+03	lowerWall	(-1.139548e-01 0.000000e+00 -1.690416e-06)	(-1.139088e-01 0.000000e+00 1.606349e-06)
4.800000e+03	lowerWall	(-1.138915e-01 0.000000e+00 -1.685552e-06)	(-1.138456e-01 0.000000e+00 1.601683e-06)
4.810000e+03	lowerWall	(-1.138285e-01 0.000000e+00 -1.680708e-06)	(-1.137827e-01 0.000000e+00 1.597038e-06)
4.820000e+03	lowerWall	(-1.137656e-01 0.000000e+00 -1.675885e-06)	(-1.137200e-01 0.000000e+00 1.592412e-06)
4.830000e+03	lowerWall	(-1.137030e-01 0.000000e+00 -1.671084e-06)	(-1.136575e-01 0.000000e+00 1.587806e-06)
4.840000e+03	lowerWall	(-1.136407e-01 0.000000e+00 -1.666302e-06)	(-1.135952e-01 0.000000e+00 1.583221e-06)
4.850000e+03	lowerWall	(-1.135786e-01 0.000000e+00 -1.661542e-06)	(-1.135332e-01 0.000000e+00 1.578654e-06)
4.860000e+03	lowerWall	(-1.135167e-01 0.000000e+00 -1.656802e-06)	(-1.134714e-01 0.000000e+00 1.574108e-06)
4.870000e+03	lowerWall	(-1.134550e-01 0.000000e+00 -1.652074e-06)	(-1.134098e-01 0.000000e+00 1.569624e-06)
4.880000e+03	lowerWall	(-1.133935e-01 0.000000e+00 -1.647391e-06)	(-1.133484e-01 0.000000e+00 1.565124e-06)
4.890000e+03	lowerWall	(-1.133323e-01 0.000000e+00 -1.642735e-06)	(-1.132873e-01 0.000000e+00 1.560601e-06)
4.900000e+03	lowerWall	(-1.132713e-01 0.000000e+00 -1.638098e-06)	(-1.132264e-01 0.000000e+00 1.556097e-06)
4.910000e+03	lowerWall	(-1.132105e-01 0.000000e+00 -1.633481e-06)	(-1.131657e-01 0.000000e+00 1.551611e-06)
4.920000e+03	lowerWall	(-1.131499e-01 0.000000e+00 -1.628883e-06)	(-1.131052e-01 0.000000e+00 1.547142e-06)
4.930000e+03	lowerWall	(-1.130895e-01 0.000000e+00 -1.624303e-06)	(-1.130450e-01 0.000000e+00 1.542692e-06)
4.940000e+03	lowerWall	(-1.130294e-01 0.000000e+00 -1.619742e-06)	(-1.129849e-01 0.000000e+00 1.538259e-06)
4.950000e+03	lowerWall	(-1.129695e-01 0.000000e+00 -1.615200e-06)	(-1.129251e-01 0.000000e+00 1.533845e-06)
4.960000e+03	lowerWall	(-1.129098e-01 0.000000e+00 -1.610676e-06)	(-1.128655e-01 0.000000e+00 1.529448e-06)
4.970000e+03	lowerWall	(-1.128503e-01 0.000000e+00 -1.606170e-06)	(-1.128061e-01 0.000000e+00 1.525069e-06)
4.980000e+03	lowerWall	(-1.127910e-01 0.000000e+00 -1.601683e-06)	(-1.127469e-01 0.000000e+00 1.520709e-06)
4.990000e+03	lowerWall	(-1.127319e-01 0.000000e+00 -1.597213e-06)	(-1.126879e-01 0.000000e+00 1.516366e-06)
5.000000e+03	lowerWall	(-1.126730e-01 0.000000e+00 -1.592762e-06)	(-1.126291e-01 0.000000e+00 1.512042e-06)
5.010000e+03	lowerWall	(-1.126144e-01 0.000000e+00 -1.588329e-06)	(-1.125706e-01 0.000000e+00 1.507735e-06)
5.020000e+03	lowerWall	(-1.125559e-01 0.000000e+00 -1.583914e-06)	(-1.125122e-01 0.000000e+00 1.503447e-06)
5.030000e+03	lowerWall	(-1.124977e-01 0.000000e+00 -1.579517e-06)	(-1.124541e-01 0.000000e+00 1.499177e-06)
5.040000e+03	lowerWall	(-1.124397e-01 0.000000e+00 -1.575138e-06)	(-1.123961e-01 0.000000e+00 1.494924e-06)
5.050000e+03	lowerWall	(-1.123818e-01 0.000000e+00 -1.570776e-06)	(-1.123384e-01 0.000000e+00 1.490690e-06)
5.060000e+03	lowerWall	(-1.123242e-01 0.000000e+00 -1.566433e-06)	(-1.122809e-01 0.000000e+00 1.486474e-06)
5.070000e+03	lowerWall	(-1.122668e-01 0.000000e+00 -1.562107e-06)	(-1.122235e-01 0.000000e+00 1.482276e-06)
5.080000e+03	lowerWall	(-1.122095e-01 0.000000e+00 -1.557799e-06)	(-1.121664e-01 0.000000e+00 1.478095e-06)
5.090000e+03	lowerWall	(-1.121525e-01 0.000000e+00 -1.553508e-06)	(-1.121095e-01 0.000000e+00 1.473933e-06)
5.100000e+03	lowerWall	(-1.120957e-01 0.000000e+00 -1.549235e-06)	(-1.120527e-01 0.000000e+00 1.469789e-06)
5.110000e+03	lowerWall	(-1.120391e-01 0.000000e+00 -1.544979e-06)	(-1.119962e-01 0.000000e+00 1.465663e-06)
5.120000e+03	lowerWall	(-1.119826e-01 0.000000e+00 -1.540741e-06)	(-1.119399e-01 0.000000e+00 1.461554e-06)
5.130000e+03	lowerWall	(-1.119264e-01 0.000000e+00 -1.536519e-06)	(-1.118837e-01 0.000000e+00 1.457463e-06)
5.140000e+03	lowerWall	(-1.118704e-01 0.000000e+00 -1.532315e-06)	(-1.118278e-01 0.000000e+00 1.453390e-06)
5.150000e+03	lowerWall	(-1.118145e-01 0.000000e+00 -1.528128e-06)	(-1.117720e-01 0.000000e+00 1.449335e-06)
5.160000e+03	lowerWall	(-1.117589e-01 0.000000e+00 -1.523958e-06)	(-1.117165e-01 0.000000e+00 1.445297e-06)
5.170000e+03	lowerWall	(-1.117034e-01 0.000000e+00 -1.519805e-06)	(-1.116611e-01 0.000000e+00 1.441276e-06)
5.180000e+03	lowerWall	(-1.116482e-01 0.000000e+00 -1.515669e-06)	(-1.116059e-01 0.000000e+00 1.437273e-06)
5.190000e+03	lowerWall	(-1.115931e-01 0.000000e+00 -1.511550e-06)	(-1.115509e-01 0.000000e+00 1.433287e-06)
5.200000e+03	lowerWall	(-1.115382e-01 0.000000e+00 -1.507447e-06)	(-1.114961e-01 0.000000e+00 1.429318e-06)
5.210000e+03	lowerWall	(-1.114835e-01 0.000000e+00 -1.503361e-06)	(-1.114415e-01 0.000000e+00 1.425367e-06)
5.220000e+03	lowerWall	(-1.114290e-01 0.000000e+00 -1.499291e-06)	(-1.113871e-01 0.000000e+00 1.421432e-06)
5.230000e+03	lowerWall	(-1.113747e-01 0.000000e+00 -1.495238e-06)	(-1.113329e-01 0.000000e+00 1.417514e-06)
5.240000e+03	lowerWall	(-1.113205e-01 0.000000e+00 -1.491201e-06)	(-1.112788e-01 0.000000e+00 1.413612e-06)
5.250000e+03	lowerWall	(-1.112666e-01 0.000000e+00 -1.487180e-06)	(-1.112249e-01 0.000000e+00 1.409728e-06)
5.260000e+03	lowerWall	(-1.112128e-01 0.000000e+00 -1.483176e-06)	(-1.111713e-01 0.000000e+00 1.405859e-06)
5.270000e+03	lowerWall	(-1.111592e-01 0.000000e+00 -1.479187e-06)	(-1.111178e-01 0.000000e+00 1.402008e-06)
5.280000e+03	lowerWall	(-1.111058e-01 0.000000e+00 -1.475215e-06)	(-1.110644e-01 0.000000e+00 1.398172e-06)
5.290000e+03	lowerWall	(-1.110526e-01 0.000000e+00 -1.471258e-06)	(-1.110113e-01 0.000000e+00 1.394353e-06)
5.300000e+03	lowerWall	(-1.109996e-01 0.000000e+00 -1.467317e-06)	(-1.109583e-01 0.000000e+00 1.390550e-06)
5.310000e+03	lowerWall	(-1.109467e-01 0.000000e+00 -1.463393e-06)	(-1.109056e-01 0.000000e+00 1.386763e-06)
5.320000e+03	lowerWall	(-1.108940e-01 0.000000e+00 -1.459484e-06)	(-1.108530e-01 0.000000e+00 1.382992e-06)
5.330000e+03	lowerWall	(-1.108415e-01 0.000000e+00 -1.455591e-06)	(-1.108005e-01 0.000000e+00 1.379237e-06)
5.340000e+03	lowerWall	(-1.107892e-01 0.000000e+00 -1.451713e-06)	(-1.107483e-01 0.000000e+00 1.375498e-06)
5.350000e+03	lowerWall	(-1.107370e-01 0.000000e+00 -1.447849e-06)	(-1.106962e-01 0.000000e+00 1.371774e-06)
5.360000e+03	lowerWall	(-1.106850e-01 0.000000e+00 -1.444000e-06)	(-1.106443e-01 0.000000e+00 1.368066e-06)
5.370000e+03	lowerWall	(-1.106332e-01 0.000000e+00 -1.440167e-06)	(-1.105926e-01 0.000000e+00 1.364373e-06)
5.380000e+03	lowerWall	(-1.105816e-01 0.000000e+00 -1.436349e-06)	(-1.105411e-01 0.000000e+00 1.360696e-06)
5.390000e+03	lowerWall	(-1.105301e-01 0.000000e+00 -1.432545e-06)	(-1.104897e-01 0.000000e+00 1.357034e-06)
5.400000e+03	lowerWall	(-1.104789e-01 0.000000e+00 -1.428757e-06)	(-1.104385e-01 0.000000e+00 1.353387e-06)
5.410000e+03	lowerWall	(-1.104277e-01 0.000000e+00 -1.424984e-06)	(-1.103874e-01 0.000000e+00 1.349756e-06)
5.420000e+03	lowerWall	(-1.103768e-01 0.000000e+00 -1.421225e-06)	(-1.103366e-01 0.000000e+00 1.346139e-06)
5.430000e+03	lowerWall	(-1.103260e-01 0.000000e+00 -1.417481e-06)	(-1.102859e-01 0.000000e+00 1.342537e-06)
5.440000e+03	lowerWall	(-1.102754e-01 0.000000e+00 -1.413751e-06)	(-1.102353e-01 0.000000e+00 1.338950e-06)
5.450000e+03	lowerWall	(-1.102250e-01 0.000000e+00 -1.410037e-06)	(-1.101850e-01 0.000000e+00 1.335378e-06)
5.460000e+03	lowerWall	(-1.101747e-01 0.000000e+00 -1.406336e-06)	(-1.101348e-01 0.000000e+00 1.331820e-06)
5.470000e+03	lowerWall	(-1.101246e-01 0.000000e+00 -1.402650e-06)	(-1.100847e-01 0.000000e+00 1.328277e-06)
5.480000e+03	lowerWall	(-1.100746e-01 0.000000e+00 -1.398978e-06)	(-1.100349e-01 0.000000e+00 1.324748e-06)
5.490000e+03	lowerWall	(-1.100249e-01 0.000000e+00 -1.395320e-06)	(-1.099852e-01 0.000000e+00 1.321233e-06)
5.500000e+03	lowerWall	(-1.099752e-01 0.000000e+00 -1.391676e-06)	(-1.099356e-01 0.000000e+00 1.317733e-06)
5.510000e+03	lowerWall	(-1.099258e-01 0.000000e+00 -1.388046e-06)	(-1.098863e-01 0.000000e+00 1.314247e-06)
5.520000e+03	lowerWall	(-1.098765e-01 0.000000e+00 -1.384430e-06)	(-1.098370e-01 0.000000e+00 1.310775e-06)
5.530000e+03	lowerWall	(-1.098274e-01 0.000000e+00 -1.380828e-06)	(-1.097880e-01 0.000000e+00 1.307317e-06)
5.540000e+03	lowerWall	(-1.097784e-01 0.000000e+00 -1.377239e-06)	(-1.097391e-01 0.000000e+00 1.303873e-06)
5.550000e+03	lowerWall	(-1.097296e-01 0.000000e+00 -1.373665e-06)	(-1.096904e-01 0.000000e+00 1.300442e-06)
5.560000e+03	lowerWall	(-1.096809e-01 0.000000e+00 -1.370103e-06)	(-1.096418e-01 0.000000e+00 1.297026e-06)
5.570000e+03	lowerWall	(-1.096324e-01 0.000000e+00 -1.366556e-06)	(-1.095934e-01 0.000000e+00 1.293622e-06)
5.580000e+03	lowerWall	(-1.095841e-01 0.000000e+00 -1.363021e-06)	(-1.095451e-01 0.000000e+00 1.290233e-06)
5.590000e+03	lowerWall	(-1.095359e-01 0.000000e+00 -1.359500e-06)	(-1.094970e-01 0.000000e+00 1.286857e-06)
5.600000e+03	lowerWall	(-1.094879e-01 0.000000e+00 -1.355993e-06)	(-1.094490e-01 0.000000e+00 1.283494e-06)
5.610000e+03	lowerWall	(-1.094400e-01 0.000000e+00 -1.352498e-06)	(-1.094013e-01 0.000000e+00 1.280145e-06)
5.620000e+03	lowerWall	(-1.093923e-01 0.000000e+00 -1.349016e-06)	(-1.093536e-01 0.000000e+00 1.276809e-06)
5.630000e+03	lowerWall	(-1.093448e-01 0.000000e+00 -1.345548e-06)	(-1.093061e-01 0.000000e+00 1.273486e-06)
5.640000e+03	lowerWall	(-1.092974e-01 0.000000e+00 -1.342093e-06)	(-1.092588e-01 0.000000e+00 1.270176e-06)
5.650000e+03	lowerWall	(-1.092501e-01 0.000000e+00 -1.338650e-06)	(-1.092116e-01 0.000000e+00 1.266878e-06)
5.660000e+03	lowerWall	(-1.092030e-01 0.000000e+00 -1.335220e-06)	(-1.091646e-01 0.000000e+00 1.263594e-06)
5.670000e+03	lowerWall	(-1.091560e-01 0.000000e+00 -1.331803e-06)	(-1.091177e-01 0.000000e+00 1.260323e-06)
5.680000e+03	lowerWall	(-1.091092e-01 0.000000e+00 -1.328398e-06)	(-1.090710e-01 0.000000e+00 1.257065e-06)
5.690000e+03	lowerWall	(-1.090626e-01 0.000000e+00 -1.325007e-06)	(-1.090244e-01 0.000000e+00 1.253819e-06)
5.700000e+03	lowerWall	(-1.090161e-01 0.000000e+00 -1.321627e-06)	(-1.089780e-01 0.000000e+00 1.250585e-06)
5.710000e+03	lowerWall	(-1.089697e-01 0.000000e+00 -1.318260e-06)	(-1.089317e-01 0.000000e+00 1.247364e-06)
5.720000e+03	lowerWall	(-1.089235e-01 0.000000e+00 -1.314906e-06)	(-1.088855e-01 0.000000e+00 1.244155e-06)
5.730000e+03	lowerWall	(-1.088775e-01 0.000000e+00 -1.311564e-06)	(-1.088396e-01 0.000000e+00 1.240959e-06)
5.740000e+03	lowerWall	(-1.088315e-01 0.000000e+00 -1.308234e-06)	(-1.087937e-01 0.000000e+00 1.237774e-06)
5.750000e+03	lowerWall	(-1.087858e-01 0.000000e+00 -1.304916e-06)	(-1.087480e-01 0.000000e+00 1.234602e-06)
5.760000e+03	lowerWall	(-1.087402e-01 0.000000e+00 -1.301610e-06)	(-1.087025e-01 0.000000e+00 1.231442e-06)
5.770000e+03	lowerWall	(-1.086947e-01 0.000000e+00 -1.298316e-06)	(-1.086570e-01 0.000000e+00 1.228294e-06)
5.780000e+03	lowerWall	(-1.086493e-01 0.000000e+00 -1.295034e-06)	(-1.086118e-01 0.000000e+00 1.225158e-06)
5.790000e+03	lowerWall	(-1.086041e-01 0.000000e+00 -1.291764e-06)	(-1.085667e-01 0.000000e+00 1.222034e-06)
5.800000e+03	lowerWall	(-1.085591e-01 0.000000e+00 -1.288506e-06)	(-1.085217e-01 0.000000e+00 1.218922e-06)
5.810000e+03	lowerWall	(-1.085142e-01 0.000000e+00 -1.285260e-06)	(-1.084768e-01 0.000000e+00 1.215822e-06)
5.820000e+03	lowerWall	(-1.084694e-01 0.000000e+00 -1.282025e-06)	(-1.084321e-01 0.000000e+00 1.212733e-06)
5.830000e+03	lowerWall	(-1.084248e-01 0.000000e+00 -1.278802e-06)	(-1.083876e-01 0.000000e+00 1.209656e-06)
5.840000e+03	lowerWall	(-1.083803e-01 0.000000e+00 -1.275591e-06)	(-1.083431e-01 0.000000e+00 1.206590e-06)
5.850000e+03	lowerWall	(-1.083359e-01 0.000000e+00 -1.272391e-06)	(-1.082989e-01 0.000000e+00 1.203537e-06)
5.860000e+03	lowerWall	(-1.082917e-01 0.000000e+00 -1.269202e-06)	(-1.082547e-01 0.000000e+00 1.200495e-06)
5.870000e+03	lowerWall	(-1.082477e-01 0.000000e+00 -1.266026e-06)	(-1.082107e-01 0.000000e+00 1.197465e-06)
5.880000e+03	lowerWall	(-1.082037e-01 0.000000e+00 -1.262860e-06)	(-1.081668e-01 0.000000e+00 1.194445e-06)
5.890000e+03	lowerWall	(-1.081599e-01 0.000000e+00 -1.259705e-06)	(-1.081231e-01 0.000000e+00 1.191435e-06)
5.900000e+03	lowerWall	(-1.081163e-01 0.000000e+00 -1.256562e-06)	(-1.080795e-01 0.000000e+00 1.188437e-06)
5.910000e+03	lowerWall	(-1.080727e-01 0.000000e+00 -1.253430e-06)	(-1.080361e-01 0.000000e+00 1.185450e-06)
5.920000e+03	lowerWall	(-1.080293e-01 0.000000e+00 -1.250309e-06)	(-1.079927e-01 0.000000e+00 1.182473e-06)
5.930000e+03	lowerWall	(-1.079861e-01 0.000000e+00 -1.247199e-06)	(-1.079495e-01 0.000000e+00 1.179508e-06)
5.940000e+03	lowerWall	(-1.079429e-01 0.000000e+00 -1.244099e-06)	(-1.079065e-01 0.000000e+00 1.176554e-06)
5.950000e+03	lowerWall	(-1.079000e-01 0.000000e+00 -1.241011e-06)	(-1.078635e-01 0.000000e+00 1.173610e-06)
5.960000e+03	lowerWall	(-1.078571e-01 0.000000e+00 -1.237934e-06)	(-1.078207e-01 0.000000e+00 1.170677e-06)
5.970000e+03	lowerWall	(-1.078144e-01 0.000000e+00 -1.234867e-06)	(-1.077781e-01 0.000000e+00 1.167755e-06)
5.980000e+03	lowerWall	(-1.077718e-01 0.000000e+00 -1.231811e-06)	(-1.077355e-01 0.000000e+00 1.164843e-06)
5.990000e+03	lowerWall	(-1.077293e-01 0.000000e+00 -1.228766e-06)	(-1.076931e-01 0.000000e+00 1.161942e-06)
6.000000e+03	lowerWall	(-1.076870e-01 0.000000e+00 -1.225731e-06)	(-1.076508e-01 0.000000e+00 1.159052e-06)
6.010000e+03	lowerWall	(-1.076448e-01 0.000000e+00 -1.222707e-06)	(-1.076087e-01 0.000000e+00 1.156172e-06)
6.020000e+03	lowerWall	(-1.076027e-01 0.000000e+00 -1.219694e-06)	(-1.075667e-01 0.000000e+00 1.153303e-06)
6.030000e+03	lowerWall	(-1.075607e-01 0.000000e+00 -1.216690e-06)	(-1.075248e-01 0.000000e+00 1.150444e-06)
6.040000e+03	lowerWall	(-1.075189e-01 0.000000e+00 -1.213698e-06)	(-1.074830e-01 0.000000e+00 1.147595e-06)
6.050000e+03	lowerWall	(-1.074772e-01 0.000000e+00 -1.210715e-06)	(-1.074414e-01 0.000000e+00 1.144756e-06)
6.060000e+03	lowerWall	(-1.074356e-01 0.000000e+00 -1.207743e-06)	(-1.073999e-01 0.000000e+00 1.141928e-06)
6.070000e+03	lowerWall	(-1.073942e-01 0.000000e+00 -1.204781e-06)	(-1.073585e-01 0.000000e+00 1.139110e-06)
6.080000e+03	lowerWall	(-1.073529e-01 0.000000e+00 -1.201829e-06)	(-1.073172e-01 0.000000e+00 1.136302e-06)
6.090000e+03	lowerWall	(-1.073117e-01 0.000000e+00 -1.198888e-06)	(-1.072761e-01 0.000000e+00 1.133504e-06)
6.100000e+03	lowerWall	(-1.072706e-01 0.000000e+00 -1.195956e-06)	(-1.072351e-01 0.000000e+00 1.130716e-06)
6.110000e+03	lowerWall	(-1.072297e-01 0.000000e+00 -1.193035e-06)	(-1.071942e-01 0.000000e+00 1.127938e-06)
6.120000e+03	lowerWall	(-1.071889e-01 0.000000e+00 -1.190123e-06)	(-1.071534e-01 0.000000e+00 1.125170e-06)
6.130000e+03	lowerWall	(-1.071482e-01 0.000000e+00 -1.187222e-06)	(-1.071128e-01 0.000000e+00 1.122412e-06)
6.140000e+03	lowerWall	(-1.071076e-01 0.000000e+00 -1.184330e-06)	(-1.070723e-01 0.000000e+00 1.119663e-06)
6.150000e+03	lowerWall	(-1.070671e-01 0.000000e+00 -1.181448e-06)	(-1.070319e-01 0.000000e+00 1.116925e-06)
6.160000e+03	lowerWall	(-1.070268e-01 0.000000e+00 -1.178576e-06)	(-1.069916e-01 0.000000e+00 1.114196e-06)
6.170000e+03	lowerWall	(-1.069866e-01 0.000000e+00 -1.175714e-06)	(-1.069514e-01 0.000000e+00 1.111476e-06)
6.180000e+03	lowerWall	(-1.069465e-01 0.000000e+00 -1.172861e-06)	(-1.069114e-01 0.000000e+00 1.108767e-06)
6.190000e+03	lowerWall	(-1.069065e-01 0.000000e+00 -1.170018e-06)	(-1.068715e-01 0.000000e+00 1.106067e-06)
6.200000e+03	lowerWall	(-1.068667e-01 0.000000e+00 -1.167184e-06)	(-1.068317e-01 0.000000e+00 1.103376e-06)
6.210000e+03	lowerWall	(-1.068269e-01 0.000000e+00 -1.164360e-06)	(-1.067920e-01 0.000000e+00 1.100695e-06)
6.220000e+03	lowerWall	(-1.067873e-01 0.000000e+00 -1.161546e-06)	(-1.067524e-01 0.000000e+00 1.098023e-06)
6.230000e+03	lowerWall	(-1.067478e-01 0.000000e+00 -1.158741e-06)	(-1.067130e-01 0.000000e+00 1.095361e-06)
6.240000e+03	lowerWall	(-1.067084e-01 0.000000e+00 -1.155945e-06)	(-1.066737e-01 0.000000e+00 1.092708e-06)
6.250000e+03	lowerWall	(-1.066692e-01 0.000000e+00 -1.153159e-06)	(-1.066345e-01 0.000000e+00 1.090064e-06)
6.260000e+03	lowerWall	(-1.066300e-01 0.000000e+00 -1.150382e-06)	(-1.065954e-01 0.000000e+00 1.087430e-06)
6.270000e+03	lowerWall	(-1.065910e-01 0.000000e+00 -1.147615e-06)	(-1.065564e-01 0.000000e+00 1.084804e-06)
6.280000e+03	lowerWall	(-1.065521e-01 0.000000e+00 -1.144856e-06)	(-1.065175e-01 0.000000e+00 1.082188e-06)
6.290000e+03	lowerWall	(-1.065133e-01 0.000000e+00 -1.142122e-06)	(-1.064788e-01 0.000000e+00 1.079581e-06)
6.300000e+03	lowerWall	(-1.064746e-01 0.000000e+00 -1.139363e-06)	(-1.064402e-01 0.000000e+00 1.077035e-06)
6.310000e+03	lowerWall	(-1.064360e-01 0.000000e+00 -1.136647e-06)	(-1.064017e-01 0.000000e+00 1.074423e-06)
6.320000e+03	lowerWall	(-1.063976e-01 0.000000e+00 -1.133940e-06)	(-1.063633e-01 0.000000e+00 1.071817e-06)
6.330000e+03	lowerWall	(-1.063592e-01 0.000000e+00 -1.131242e-06)	(-1.063250e-01 0.000000e+00 1.069219e-06)
6.340000e+03	lowerWall	(-1.063210e-01 0.000000e+00 -1.128553e-06)	(-1.062868e-01 0.000000e+00 1.066629e-06)
6.350000e+03	lowerWall	(-1.062829e-01 0.000000e+00 -1.125871e-06)	(-1.062487e-01 0.000000e+00 1.064046e-06)
6.360000e+03	lowerWall	(-1.062449e-01 0.000000e+00 -1.123199e-06)	(-1.062108e-01 0.000000e+00 1.061472e-06)
6.370000e+03	lowerWall	(-1.062070e-01 0.000000e+00 -1.120534e-06)	(-1.061729e-01 0.000000e+00 1.058905e-06)
6.380000e+03	lowerWall	(-1.061692e-01 0.000000e+00 -1.117879e-06)	(-1.061352e-01 0.000000e+00 1.056347e-06)
6.390000e+03	lowerWall	(-1.061315e-01 0.000000e+00 -1.115231e-06)	(-1.060976e-01 0.000000e+00 1.053796e-06)
6.400000e+03	lowerWall	(-1.060939e-01 0.000000e+00 -1.112591e-06)	(-1.060600e-01 0.000000e+00 1.051254e-06)
6.410000e+03	lowerWall	(-1.060565e-01 0.000000e+00 -1.109960e-06)	(-1.060226e-01 0.000000e+00 1.048720e-06)
6.420000e+03	lowerWall	(-1.060191e-01 0.000000e+00 -1.107338e-06)	(-1.059853e-01 0.000000e+00 1.046194e-06)
6.430000e+03	lowerWall	(-1.059819e-01 0.000000e+00 -1.104724e-06)	(-1.059482e-01 0.000000e+00 1.043677e-06)
6.440000e+03	lowerWall	(-1.059447e-01 0.000000e+00 -1.102116e-06)	(-1.059111e-01 0.000000e+00 1.041169e-06)
6.450000e+03	lowerWall	(-1.059077e-01 0.000000e+00 -1.099516e-06)	(-1.058741e-01 0.000000e+00 1.038669e-06)
6.460000e+03	lowerWall	(-1.058708e-01 0.000000e+00 -1.096924e-06)	(-1.058372e-01 0.000000e+00 1.036177e-06)
6.470000e+03	lowerWall	(-1.058340e-01 0.000000e+00 -1.094339e-06)	(-1.058005e-01 0.000000e+00 1.033694e-06)
6.480000e+03	lowerWall	(-1.057973e-01 0.000000e+00 -1.091762e-06)	(-1.057638e-01 0.000000e+00 1.031220e-06)
6.490000e+03	lowerWall	(-1.057607e-01 0.000000e+00 -1.089195e-06)	(-1.057273e-01 0.000000e+00 1.028755e-06)
6.500000e+03	lowerWall	(-1.057242e-01 0.000000e+00 -1.086636e-06)	(-1.056908e-01 0.000000e+00 1.026298e-06)
6.510000e+03	lowerWall	(-1.056878e-01 0.000000e+00 -1.084085e-06)	(-1.056545e-01 0.000000e+00 1.023850e-06)
6.520000e+03	lowerWall	(-1.056515e-01 0.000000e+00 -1.081543e-06)	(-1.056183e-01 0.000000e+00 1.021411e-06)
6.530000e+03	lowerWall	(-1.056153e-01 0.000000e+00 -1.079009e-06)	(-1.055821e-01 0.000000e+00 1.018981e-06)
6.540000e+03	lowerWall	(-1.055793e-01 0.000000e+00 -1.076484e-06)	(-1.055461e-01 0.000000e+00 1.016559e-06)
6.550000e+03	lowerWall	(-1.055433e-01 0.000000e+00 -1.073967e-06)	(-1.055102e-01 0.000000e+00 1.014146e-06)
6.560000e+03	lowerWall	(-1.055074e-01 0.000000e+00 -1.071458e-06)	(-1.054744e-01 0.000000e+00 1.011741e-06)
6.570000e+03	lowerWall	(-1.054717e-01 0.000000e+00 -1.068958e-06)	(-1.054386e-01 0.000000e+00 1.009346e-06)
6.580000e+03	lowerWall	(-1.054360e-01 0.000000e+00 -1.066465e-06)	(-1.054030e-01 0.000000e+00 1.006959e-06)
6.590000e+03	lowerWall	(-1.054004e-01 0.000000e+00 -1.063981e-06)	(-1.053675e-01 0.000000e+00 1.004580e-06)
6.600000e+03	lowerWall	(-1.053650e-01 0.000000e+00 -1.061505e-06)	(-1.053321e-01 0.000000e+00 1.002211e-06)
6.610000e+03	lowerWall	(-1.053296e-01 0.000000e+00 -1.059037e-06)	(-1.052968e-01 0.000000e+00 9.998495e-07)
6.620000e+03	lowerWall	(-1.052944e-01 0.000000e+00 -1.056577e-06)	(-1.052616e-01 0.000000e+00 9.974969e-07)
6.630000e+03	lowerWall	(-1.052592e-01 0.000000e+00 -1.054125e-06)	(-1.052264e-01 0.000000e+00 9.951528e-07)
6.640000e+03	lowerWall	(-1.052241e-01 0.000000e+00 -1.051681e-06)	(-1.051914e-01 0.000000e+00 9.928171e-07)
6.650000e+03	lowerWall	(-1.051892e-01 0.000000e+00 -1.049245e-06)	(-1.051565e-01 0.000000e+00 9.904899e-07)
6.660000e+03	lowerWall	(-1.051543e-01 0.000000e+00 -1.046817e-06)	(-1.051217e-01 0.000000e+00 9.881710e-07)
6.670000e+03	lowerWall	(-1.051195e-01 0.000000e+00 -1.044396e-06)	(-1.050870e-01 0.000000e+00 9.858606e-07)
6.680000e+03	lowerWall	(-1.050849e-01 0.000000e+00 -1.041984e-06)	(-1.050524e-01 0.000000e+00 9.835584e-07)
6.690000e+03	lowerWall	(-1.050503e-01 0.000000e+00 -1.039580e-06)	(-1.050178e-01 0.000000e+00 9.812645e-07)
6.700000e+03	lowerWall	(-1.050158e-01 0.000000e+00 -1.037183e-06)	(-1.049834e-01 0.000000e+00 9.789788e-07)
6.710000e+03	lowerWall	(-1.049815e-01 0.000000e+00 -1.034794e-06)	(-1.049491e-01 0.000000e+00 9.767013e-07)
6.720000e+03	lowerWall	(-1.049472e-01 0.000000e+00 -1.032413e-06)	(-1.049148e-01 0.000000e+00 9.744319e-07)
6.730000e+03	lowerWall	(-1.049130e-01 0.000000e+00 -1.030039e-06)	(-1.048807e-01 0.000000e+00 9.721706e-07)
6.740000e+03	lowerWall	(-1.048789e-01 0.000000e+00 -1.027673e-06)	(-1.048467e-01 0.000000e+00 9.699173e-07)
6.750000e+03	lowerWall	(-1.048449e-01 0.000000e+00 -1.025315e-06)	(-1.048127e-01 0.000000e+00 9.676721e-07)
6.760000e+03	lowerWall	(-1.048110e-01 0.000000e+00 -1.022965e-06)	(-1.047789e-01 0.000000e+00 9.654348e-07)
6.770000e+03	lowerWall	(-1.047772e-01 0.000000e+00 -1.020622e-06)	(-1.047451e-01 0.000000e+00 9.632054e-07)
6.780000e+03	lowerWall	(-1.047435e-01 0.000000e+00 -1.018286e-06)	(-1.047114e-01 0.000000e+00 9.609839e-07)
6.790000e+03	lowerWall	(-1.047099e-01 0.000000e+00 -1.015958e-06)	(-1.046779e-01 0.000000e+00 9.587702e-07)
6.800000e+03	lowerWall	(-1.046764e-01 0.000000e+00 -1.013638e-06)	(-1.046444e-01 0.000000e+00 9.565643e-07)
6.810000e+03	lowerWall	(-1.046429e-01 0.000000e+00 -1.011325e-06)	(-1.046110e-01 0.000000e+00 9.543661e-07)
6.820000e+03	lowerWall	(-1.046096e-01 0.000000e+00 -1.009019e-06)	(-1.045777e-01 0.000000e+00 9.521757e-07)
6.830000e+03	lowerWall	(-1.045764e-01 0.000000e+00 -1.006721e-06)	(-1.045445e-01 0.000000e+00 9.499929e-07)
6.840000e+03	lowerWall	(-1.045432e-01 0.000000e+00 -1.004430e-06)	(-1.045114e-01 0.000000e+00 9.478177e-07)
6.850000e+03	lowerWall	(-1.045101e-01 0.000000e+00 -1.002147e-06)	(-1.044784e-01 0.000000e+00 9.456500e-07)
6.860000e+03	lowerWall	(-1.044772e-01 0.000000e+00 -9.998706e-07)	(-1.044455e-01 0.000000e+00 9.434899e-07)
6.870000e+03	lowerWall	(-1.044443e-01 0.000000e+00 -9.976017e-07)	(-1.044126e-01 0.000000e+00 9.413373e-07)
6.880000e+03	lowerWall	(-1.044115e-01 0.000000e+00 -9.953400e-07)	(-1.043799e-01 0.000000e+00 9.391921e-07)
6.890000e+03	lowerWall	(-1.043788e-01 0.000000e+00 -9.930855e-07)	(-1.043472e-01 0.000000e+00 9.370543e-07)
6.900000e+03	lowerWall	(-1.043462e-01 0.000000e+00 -9.908381e-07)	(-1.043147e-01 0.000000e+00 9.349241e-07)
6.910000e+03	lowerWall	(-1.043137e-01 0.000000e+00 -9.885979e-07)	(-1.042822e-01 0.000000e+00 9.328008e-07)
6.920000e+03	lowerWall	(-1.042812e-01 0.000000e+00 -9.863648e-07)	(-1.042498e-01 0.000000e+00 9.306849e-07)
6.930000e+03	lowerWall	(-1.042489e-01 0.000000e+00 -9.841387e-07)	(-1.042175e-01 0.000000e+00 9.285762e-07)
6.940000e+03	lowerWall	(-1.042167e-01 0.000000e+00 -9.819197e-07)	(-1.041853e-01 0.000000e+00 9.264748e-07)
6.950000e+03	lowerWall	(-1.041845e-01 0.000000e+00 -9.797076e-07)	(-1.041532e-01 0.000000e+00 9.243805e-07)
6.960000e+03	lowerWall	(-1.041524e-01 0.000000e+00 -9.775026e-07)	(-1.041211e-01 0.000000e+00 9.222934e-07)
6.970000e+03	lowerWall	(-1.041204e-01 0.000000e+00 -9.753044e-07)	(-1.040892e-01 0.000000e+00 9.202133e-07)
6.980000e+03	lowerWall	(-1.040885e-01 0.000000e+00 -9.731132e-07)	(-1.040573e-01 0.000000e+00 9.181403e-07)
6.990000e+03	lowerWall	(-1.040567e-01 0.000000e+00 -9.709288e-07)	(-1.040256e-01 0.000000e+00 9.160743e-07)
7.000000e+03	lowerWall	(-1.040250e-01 0.000000e+00 -9.687513e-07)	(-1.039939e-01 0.000000e+00 9.140153e-07)
7.010000e+03	lowerWall	(-1.039933e-01 0.000000e+00 -9.665807e-07)	(-1.039623e-01 0.000000e+00 9.119632e-07)
7.020000e+03	lowerWall	(-1.039618e-01 0.000000e+00 -9.644109e-07)	(-1.039308e-01 0.000000e+00 9.099185e-07)
7.030000e+03	lowerWall	(-1.039303e-01 0.000000e+00 -9.622487e-07)	(-1.038993e-01 0.000000e+00 9.078803e-07)
7.040000e+03	lowerWall	(-1.038989e-01 0.000000e+00 -9.600984e-07)	(-1.038680e-01 0.000000e+00 9.058487e-07)
7.050000e+03	lowerWall	(-1.038676e-01 0.000000e+00 -9.579558e-07)	(-1.038367e-01 0.000000e+00 9.038239e-07)
7.060000e+03	lowerWall	(-1.038364e-01 0.000000e+00 -9.558199e-07)	(-1.038056e-01 0.000000e+00 9.018060e-07)
7.070000e+03	lowerWall	(-1.038053e-01 0.000000e+00 -9.536905e-07)	(-1.037745e-01 0.000000e+00 8.997947e-07)
7.080000e+03	lowerWall	(-1.037742e-01 0.000000e+00 -9.515675e-07)	(-1.037435e-01 0.000000e+00 8.977901e-07)
7.090000e+03	lowerWall	(-1.037433e-01 0.000000e+00 -9.494510e-07)	(-1.037126e-01 0.000000e+00 8.957922e-07)
7.100000e+03	lowerWall	(-1.037124e-01 0.000000e+00 -9.473410e-07)	(-1.036817e-01 0.000000e+00 8.938009e-07)
7.110000e+03	lowerWall	(-1.036816e-01 0.000000e+00 -9.452374e-07)	(-1.036510e-01 0.000000e+00 8.918161e-07)
7.120000e+03	lowerWall	(-1.036509e-01 0.000000e+00 -9.431402e-07)	(-1.036203e-01 0.000000e+00 8.898379e-07)
7.130000e+03	lowerWall	(-1.036202e-01 0.000000e+00 -9.410494e-07)	(-1.035897e-01 0.000000e+00 8.878662e-07)
7.140000e+03	lowerWall	(-1.035897e-01 0.000000e+00 -9.389650e-07)	(-1.035592e-01 0.000000e+00 8.859011e-07)
7.150000e+03	lowerWall	(-1.035592e-01 0.000000e+00 -9.368869e-07)	(-1.035288e-01 0.000000e+00 8.839423e-07)
7.160000e+03	lowerWall	(-1.035288e-01 0.000000e+00 -9.348152e-07)	(-1.034984e-01 0.000000e+00 8.819901e-07)
7.170000e+03	lowerWall	(-1.034985e-01 0.000000e+00 -9.327498e-07)	(-1.034681e-01 0.000000e+00 8.800442e-07)
7.180000e+03	lowerWall	(-1.034683e-01 0.000000e+00 -9.306906e-07)	(-1.034380e-01 0.000000e+00 8.781047e-07)
7.190000e+03	lowerWall	(-1.034381e-01 0.000000e+00 -9.286383e-07)	(-1.034078e-01 0.000000e+00 8.761640e-07)
7.200000e+03	lowerWall	(-1.034081e-01 0.000000e+00 -9.265916e-07)	(-1.033778e-01 0.000000e+00 8.742338e-07)
7.210000e+03	lowerWall	(-1.033781e-01 0.000000e+00 -9.245510e-07)	(-1.033479e-01 0.000000e+00 8.723141e-07)
7.220000e+03	lowerWall	(-1.033482e-01 0.000000e+00 -9.225167e-07)	(-1.033180e-01 0.000000e+00 8.704008e-07)
7.230000e+03	lowerWall	(-1.033183e-01 0.000000e+00 -9.204885e-07)	(-1.032882e-01 0.000000e+00 8.684936e-07)
7.240000e+03	lowerWall	(-1.032886e-01 0.000000e+00 -9.184665e-07)	(-1.032585e-01 0.000000e+00 8.665925e-07)
7.250000e+03	lowerWall	(-1.032589e-01 0.000000e+00 -9.164505e-07)	(-1.032289e-01 0.000000e+00 8.646974e-07)
7.260000e+03	lowerWall	(-1.032293e-01 0.000000e+00 -9.144406e-07)	(-1.031993e-01 0.000000e+00 8.628084e-07)
7.270000e+03	lowerWall	(-1.031998e-01 0.000000e+00 -9.124368e-07)	(-1.031699e-01 0.000000e+00 8.609253e-07)
7.280000e+03	lowerWall	(-1.031704e-01 0.000000e+00 -9.104390e-07)	(-1.031405e-01 0.000000e+00 8.590483e-07)
7.290000e+03	lowerWall	(-1.031410e-01 0.000000e+00 -9.084471e-07)	(-1.031111e-01 0.000000e+00 8.571773e-07)
7.300000e+03	lowerWall	(-1.031117e-01 0.000000e+00 -9.064613e-07)	(-1.030819e-01 0.000000e+00 8.553123e-07)
7.310000e+03	lowerWall	(-1.030825e-01 0.000000e+00 -9.044812e-07)	(-1.030527e-01 0.000000e+00 8.534532e-07)
7.320000e+03	lowerWall	(-1.030534e-01 0.000000e+00 -9.025072e-07)	(-1.030237e-01 0.000000e+00 8.516000e-07)
7.330000e+03	lowerWall	(-1.030243e-01 0.000000e+00 -9.005390e-07)	(-1.029946e-01 0.000000e+00 8.497527e-07)
7.340000e+03	lowerWall	(-1.029954e-01 0.000000e+00 -8.985767e-07)	(-1.029657e-01 0.000000e+00 8.479113e-07)
7.350000e+03	lowerWall	(-1.029665e-01 0.000000e+00 -8.966202e-07)	(-1.029368e-01 0.000000e+00 8.460757e-07)
7.360000e+03	lowerWall	(-1.029376e-01 0.000000e+00 -8.946695e-07)	(-1.029081e-01 0.000000e+00 8.442460e-07)
7.370000e+03	lowerWall	(-1.029089e-01 0.000000e+00 -8.927246e-07)	(-1.028794e-01 0.000000e+00 8.424220e-07)
7.380000e+03	lowerWall	(-1.028802e-01 0.000000e+00 -8.907855e-07)	(-1.028507e-01 0.000000e+00 8.406038e-07)
7.390000e+03	lowerWall	(-1.028516e-01 0.000000e+00 -8.888520e-07)	(-1.028222e-01 0.000000e+00 8.387914e-07)
7.400000e+03	lowerWall	(-1.028231e-01 0.000000e+00 -8.869243e-07)	(-1.027937e-01 0.000000e+00 8.369846e-07)
7.410000e+03	lowerWall	(-1.027946e-01 0.000000e+00 -8.850023e-07)	(-1.027653e-01 0.000000e+00 8.351836e-07)
7.420000e+03	lowerWall	(-1.027662e-01 0.000000e+00 -8.830859e-07)	(-1.027369e-01 0.000000e+00 8.333882e-07)
7.430000e+03	lowerWall	(-1.027379e-01 0.000000e+00 -8.811752e-07)	(-1.027087e-01 0.000000e+00 8.315984e-07)
7.440000e+03	lowerWall	(-1.027097e-01 0.000000e+00 -8.792700e-07)	(-1.026805e-01 0.000000e+00 8.298143e-07)
7.450000e+03	lowerWall	(-1.026816e-01 0.000000e+00 -8.773705e-07)	(-1.026524e-01 0.000000e+00 8.280357e-07)
7.460000e+03	lowerWall	(-1.026535e-01 0.000000e+00 -8.754765e-07)	(-1.026243e-01 0.000000e+00 8.262627e-07)
7.470000e+03	lowerWall	(-1.026255e-01 0.000000e+00 -8.735880e-07)	(-1.025964e-01 0.000000e+00 8.244953e-07)
7.480000e+03	lowerWall	(-1.025975e-01 0.000000e+00 -8.717050e-07)	(-1.025685e-01 0.000000e+00 8.227333e-07)
7.490000e+03	lowerWall	(-1.025697e-01 0.000000e+00 -8.698276e-07)	(-1.025406e-01 0.000000e+00 8.209769e-07)
7.500000e+03	lowerWall	(-1.025419e-01 0.000000e+00 -8.679556e-07)	(-1.025129e-01 0.000000e+00 8.192259e-07)
7.510000e+03	lowerWall	(-1.025141e-01 0.000000e+00 -8.660890e-07)	(-1.024852e-01 0.000000e+00 8.174803e-07)
7.520000e+03	lowerWall	(-1.024865e-01 0.000000e+00 -8.642279e-07)	(-1.024576e-01 0.000000e+00 8.157402e-07)
7.530000e+03	lowerWall	(-1.024589e-01 0.000000e+00 -8.623721e-07)	(-1.024300e-01 0.000000e+00 8.140055e-07)
7.540000e+03	lowerWall	(-1.024314e-01 0.000000e+00 -8.605218e-07)	(-1.024026e-01 0.000000e+00 8.122761e-07)
7.550000e+03	lowerWall	(-1.024039e-01 0.000000e+00 -8.586767e-07)	(-1.023752e-01 0.000000e+00 8.105521e-07)
7.560000e+03	lowerWall	(-1.023766e-01 0.000000e+00 -8.568370e-07)	(-1.023478e-01 0.000000e+00 8.088334e-07)
7.570000e+03	lowerWall	(-1.023493e-01 0.000000e+00 -8.550027e-07)	(-1.023206e-01 0.000000e+00 8.071200e-07)
7.580000e+03	lowerWall	(-1.023220e-01 0.000000e+00 -8.531736e-07)	(-1.022934e-01 0.000000e+00 8.054119e-07)
7.590000e+03	lowerWall	(-1.022949e-01 0.000000e+00 -8.513497e-07)	(-1.022663e-01 0.000000e+00 8.037090e-07)
7.600000e+03	lowerWall	(-1.022678e-01 0.000000e+00 -8.495311e-07)	(-1.022392e-01 0.000000e+00 8.020114e-07)
7.610000e+03	lowerWall	(-1.022408e-01 0.000000e+00 -8.477177e-07)	(-1.022122e-01 0.000000e+00 8.003189e-07)
7.620000e+03	lowerWall	(-1.022138e-01 0.000000e+00 -8.459096e-07)	(-1.021853e-01 0.000000e+00 7.986317e-07)
7.630000e+03	lowerWall	(-1.021870e-01 0.000000e+00 -8.441066e-07)	(-1.021585e-01 0.000000e+00 7.969497e-07)
7.640000e+03	lowerWall	(-1.021601e-01 0.000000e+00 -8.423087e-07)	(-1.021317e-01 0.000000e+00 7.952727e-07)
7.650000e+03	lowerWall	(-1.021334e-01 0.000000e+00 -8.405160e-07)	(-1.021050e-01 0.000000e+00 7.936010e-07)
7.660000e+03	lowerWall	(-1.021067e-01 0.000000e+00 -8.387284e-07)	(-1.020784e-01 0.000000e+00 7.919343e-07)
7.670000e+03	lowerWall	(-1.020801e-01 0.000000e+00 -8.369459e-07)	(-1.020518e-01 0.000000e+00 7.902727e-07)
7.680000e+03	lowerWall	(-1.020536e-01 0.000000e+00 -8.351684e-07)	(-1.020253e-01 0.000000e+00 7.886162e-07)
7.690000e+03	lowerWall	(-1.020271e-01 0.000000e+00 -8.333961e-07)	(-1.019988e-01 0.000000e+00 7.869647e-07)
7.700000e+03	lowerWall	(-1.020007e-01 0.000000e+00 -8.316287e-07)	(-1.019725e-01 0.000000e+00 7.853182e-07)
7.710000e+03	lowerWall	(-1.019744e-01 0.000000e+00 -8.298664e-07)	(-1.019462e-01 0.000000e+00 7.836768e-07)
7.720000e+03	lowerWall	(-1.019481e-01 0.000000e+00 -8.281090e-07)	(-1.019199e-01 0.000000e+00 7.820402e-07)
7.730000e+03	lowerWall	(-1.019219e-01 0.000000e+00 -8.263566e-07)	(-1.018938e-01 0.000000e+00 7.804087e-07)
7.740000e+03	lowerWall	(-1.018957e-01 0.000000e+00 -8.246092e-07)	(-1.018676e-01 0.000000e+00 7.787820e-07)
7.750000e+03	lowerWall	(-1.018697e-01 0.000000e+00 -8.228667e-07)	(-1.018416e-01 0.000000e+00 7.771603e-07)
7.760000e+03	lowerWall	(-1.018437e-01 0.000000e+00 -8.211291e-07)	(-1.018156e-01 0.000000e+00 7.755434e-07)
7.770000e+03	lowerWall	(-1.018177e-01 0.000000e+00 -8.193964e-07)	(-1.017897e-01 0.000000e+00 7.739315e-07)
7.780000e+03	lowerWall	(-1.017918e-01 0.000000e+00 -8.176686e-07)	(-1.017639e-01 0.000000e+00 7.723244e-07)
7.790000e+03	lowerWall	(-1.017660e-01 0.000000e+00 -8.159456e-07)	(-1.017381e-01 0.000000e+00 7.707221e-07)
7.800000e+03	lowerWall	(-1.017403e-01 0.000000e+00 -8.142275e-07)	(-1.017124e-01 0.000000e+00 7.691246e-07)
7.810000e+03	lowerWall	(-1.017146e-01 0.000000e+00 -8.125142e-07)	(-1.016867e-01 0.000000e+00 7.675320e-07)
7.820000e+03	lowerWall	(-1.016890e-01 0.000000e+00 -8.108056e-07)	(-1.016611e-01 0.000000e+00 7.659441e-07)
7.830000e+03	lowerWall	(-1.016634e-01 0.000000e+00 -8.091019e-07)	(-1.016356e-01 0.000000e+00 7.643610e-07)
7.840000e+03	lowerWall	(-1.016379e-01 0.000000e+00 -8.074029e-07)	(-1.016102e-01 0.000000e+00 7.627826e-07)
7.850000e+03	lowerWall	(-1.016125e-01 0.000000e+00 -8.057087e-07)	(-1.015848e-01 0.000000e+00 7.612090e-07)
7.860000e+03	lowerWall	(-1.015871e-01 0.000000e+00 -8.040192e-07)	(-1.015594e-01 0.000000e+00 7.596401e-07)
7.870000e+03	lowerWall	(-1.015618e-01 0.000000e+00 -8.023343e-07)	(-1.015342e-01 0.000000e+00 7.580758e-07)
7.880000e+03	lowerWall	(-1.015366e-01 0.000000e+00 -8.006542e-07)	(-1.015090e-01 0.000000e+00 7.565162e-07)
7.890000e+03	lowerWall	(-1.015114e-01 0.000000e+00 -7.989788e-07)	(-1.014838e-01 0.000000e+00 7.549613e-07)
7.900000e+03	lowerWall	(-1.014863e-01 0.000000e+00 -7.973079e-07)	(-1.014587e-01 0.000000e+00 7.534110e-07)
7.910000e+03	lowerWall	(-1.014613e-01 0.000000e+00 -7.956418e-07)	(-1.014337e-01 0.000000e+00 7.518654e-07)
7.920000e+03	lowerWall	(-1.014363e-01 0.000000e+00 -7.939802e-07)	(-1.014088e-01 0.000000e+00 7.503243e-07)
7.930000e+03	lowerWall	(-1.014113e-01 0.000000e+00 -7.923232e-07)	(-1.013839e-01 0.000000e+00 7.487878e-07)
7.940000e+03	lowerWall	(-1.013865e-01 0.000000e+00 -7.906709e-07)	(-1.013590e-01 0.000000e+00 7.472559e-07)
7.950000e+03	lowerWall	(-1.013617e-01 0.000000e+00 -7.890230e-07)	(-1.013343e-01 0.000000e+00 7.457288e-07)
7.960000e+03	lowerWall	(-1.013369e-01 0.000000e+00 -7.873797e-07)	(-1.013096e-01 0.000000e+00 7.442059e-07)
7.970000e+03	lowerWall	(-1.013123e-01 0.000000e+00 -7.857409e-07)	(-1.012849e-01 0.000000e+00 7.426874e-07)
7.980000e+03	lowerWall	(-1.012876e-01 0.000000e+00 -7.841067e-07)	(-1.012603e-01 0.000000e+00 7.411734e-07)
7.990000e+03	lowerWall	(-1.012631e-01 0.000000e+00 -7.824769e-07)	(-1.012358e-01 0.000000e+00 7.396638e-07)
8.000000e+03	lowerWall	(-1.012386e-01 0.000000e+00 -7.808516e-07)	(-1.012113e-01 0.000000e+00 7.381586e-07)
8.010000e+03	lowerWall	(-1.012141e-01 0.000000e+00 -7.792308e-07)	(-1.011869e-01 0.000000e+00 7.366578e-07)
8.020000e+03	lowerWall	(-1.011897e-01 0.000000e+00 -7.776144e-07)	(-1.011626e-01 0.000000e+00 7.351614e-07)
8.030000e+03	lowerWall	(-1.011654e-01 0.000000e+00 -7.760025e-07)	(-1.011383e-01 0.000000e+00 7.336693e-07)
8.040000e+03	lowerWall	(-1.011412e-01 0.000000e+00 -7.743949e-07)	(-1.011141e-01 0.000000e+00 7.321815e-07)
8.050000e+03	lowerWall	(-1.011170e-01 0.000000e+00 -7.727918e-07)	(-1.010899e-01 0.000000e+00 7.306981e-07)
8.060000e+03	lowerWall	(-1.010928e-01 0.000000e+00 -7.711930e-07)	(-1.010658e-01 0.000000e+00 7.292190e-07)
8.070000e+03	lowerWall	(-1.010687e-01 0.000000e+00 -7.695986e-07)	(-1.010417e-01 0.000000e+00 7.277442e-07)
8.080000e+03	lowerWall	(-1.010447e-01 0.000000e+00 -7.680085e-07)	(-1.010177e-01 0.000000e+00 7.262737e-07)
8.090000e+03	lowerWall	(-1.010208e-01 0.000000e+00 -7.664228e-07)	(-1.009938e-01 0.000000e+00 7.248074e-07)
8.100000e+03	lowerWall	(-1.009968e-01 0.000000e+00 -7.648414e-07)	(-1.009699e-01 0.000000e+00 7.233454e-07)
8.110000e+03	lowerWall	(-1.009730e-01 0.000000e+00 -7.632642e-07)	(-1.009461e-01 0.000000e+00 7.218880e-07)
8.120000e+03	lowerWall	(-1.009492e-01 0.000000e+00 -7.616914e-07)	(-1.009224e-01 0.000000e+00 7.204344e-07)
8.130000e+03	lowerWall	(-1.009255e-01 0.000000e+00 -7.886636e-07)	(-1.008989e-01 0.000000e+00 7.477884e-07)
8.140000e+03	lowerWall	(-1.009018e-01 0.000000e+00 -7.881840e-07)	(-1.008752e-01 0.000000e+00 7.473382e-07)
8.150000e+03	lowerWall	(-1.008782e-01 0.000000e+00 -7.871617e-07)	(-1.008516e-01 0.000000e+00 7.463505e-07)
8.160000e+03	lowerWall	(-1.008546e-01 0.000000e+00 -7.860655e-07)	(-1.008281e-01 0.000000e+00 7.452978e-07)
8.170000e+03	lowerWall	(-1.008311e-01 0.000000e+00 -7.849129e-07)	(-1.008046e-01 0.000000e+00 7.441970e-07)
8.180000e+03	lowerWall	(-1.008077e-01 0.000000e+00 -7.837151e-07)	(-1.007812e-01 0.000000e+00 7.430586e-07)
8.190000e+03	lowerWall	(-1.007843e-01 0.000000e+00 -7.824803e-07)	(-1.007578e-01 0.000000e+00 7.418899e-07)
8.200000e+03	lowerWall	(-1.007609e-01 0.000000e+00 -7.812145e-07)	(-1.007345e-01 0.000000e+00 7.406963e-07)
8.210000e+03	lowerWall	(-1.007377e-01 0.000000e+00 -7.799223e-07)	(-1.007113e-01 0.000000e+00 7.394818e-07)
8.220000e+03	lowerWall	(-1.007144e-01 0.000000e+00 -7.786077e-07)	(-1.006881e-01 0.000000e+00 7.382493e-07)
8.230000e+03	lowerWall	(-1.006913e-01 0.000000e+00 -7.772737e-07)	(-1.006649e-01 0.000000e+00 7.370014e-07)
8.240000e+03	lowerWall	(-1.006682e-01 0.000000e+00 -7.759229e-07)	(-1.006418e-01 0.000000e+00 7.357401e-07)
8.250000e+03	lowerWall	(-1.006451e-01 0.000000e+00 -7.745574e-07)	(-1.006188e-01 0.000000e+00 7.344671e-07)
8.260000e+03	lowerWall	(-1.006221e-01 0.000000e+00 -7.731792e-07)	(-1.005958e-01 0.000000e+00 7.331839e-07)
8.270000e+03	lowerWall	(-1.005992e-01 0.000000e+00 -7.717899e-07)	(-1.005729e-01 0.000000e+00 7.318917e-07)
8.280000e+03	lowerWall	(-1.005763e-01 0.000000e+00 -7.703910e-07)	(-1.005500e-01 0.000000e+00 7.305917e-07)
8.290000e+03	lowerWall	(-1.005535e-01 0.000000e+00 -7.689838e-07)	(-1.005272e-01 0.000000e+00 7.292850e-07)
8.300000e+03	lowerWall	(-1.005307e-01 0.000000e+00 -7.675693e-07)	(-1.005045e-01 0.000000e+00 7.279724e-07)
8.310000e+03	lowerWall	(-1.005080e-01 0.000000e+00 -7.661486e-07)	(-1.004818e-01 0.000000e+00 7.266548e-07)
8.320000e+03	lowerWall	(-1.004853e-01 0.000000e+00 -7.647226e-07)	(-1.004591e-01 0.000000e+00 7.253325e-07)
8.330000e+03	lowerWall	(-1.004627e-01 0.000000e+00 -7.632921e-07)	(-1.004365e-01 0.000000e+00 7.240064e-07)
8.340000e+03	lowerWall	(-1.004401e-01 0.000000e+00 -7.618578e-07)	(-1.004140e-01 0.000000e+00 7.226767e-07)
8.350000e+03	lowerWall	(-1.004176e-01 0.000000e+00 -7.604204e-07)	(-1.003915e-01 0.000000e+00 7.213446e-07)
8.360000e+03	lowerWall	(-1.003951e-01 0.000000e+00 -7.589805e-07)	(-1.003691e-01 0.000000e+00 7.200106e-07)
8.370000e+03	lowerWall	(-1.003727e-01 0.000000e+00 -7.575386e-07)	(-1.003467e-01 0.000000e+00 7.186750e-07)
8.380000e+03	lowerWall	(-1.003504e-01 0.000000e+00 -7.560952e-07)	(-1.003244e-01 0.000000e+00 7.173385e-07)
8.390000e+03	lowerWall	(-1.003281e-01 0.000000e+00 -7.546507e-07)	(-1.003021e-01 0.000000e+00 7.160011e-07)
8.400000e+03	lowerWall	(-1.003059e-01 0.000000e+00 -7.532055e-07)	(-1.002799e-01 0.000000e+00 7.146634e-07)
8.410000e+03	lowerWall	(-1.002837e-01 0.000000e+00 -7.517600e-07)	(-1.002578e-01 0.000000e+00 7.133257e-07)
8.420000e+03	lowerWall	(-1.002615e-01 0.000000e+00 -7.503185e-07)	(-1.002356e-01 0.000000e+00 7.119883e-07)
8.430000e+03	lowerWall	(-1.002394e-01 0.000000e+00 -7.488623e-07)	(-1.002136e-01 0.000000e+00 7.106887e-07)
8.440000e+03	lowerWall	(-1.002174e-01 0.000000e+00 -7.474257e-07)	(-1.001916e-01 0.000000e+00 7.093438e-07)
8.450000e+03	lowerWall	(-1.001954e-01 0.000000e+00 -7.459905e-07)	(-1.001696e-01 0.000000e+00 7.079918e-07)
8.460000e+03	lowerWall	(-1.001735e-01 0.000000e+00 -7.445562e-07)	(-1.001477e-01 0.000000e+00 7.066400e-07)
8.470000e+03	lowerWall	(-1.001516e-01 0.000000e+00 -7.431229e-07)	(-1.001259e-01 0.000000e+00 7.052884e-07)
8.480000e+03	lowerWall	(-1.001298e-01 0.000000e+00 -7.416905e-07)	(-1.001041e-01 0.000000e+00 7.039374e-07)
8.490000e+03	lowerWall	(-1.001080e-01 0.000000e+00 -7.402593e-07)	(-1.000823e-01 0.000000e+00 7.025872e-07)
8.500000e+03	lowerWall	(-1.000863e-01 0.000000e+00 -7.388294e-07)	(-1.000607e-01 0.000000e+00 7.012379e-07)
8.510000e+03	lowerWall	(-1.000646e-01 0.000000e+00 -7.374010e-07)	(-1.000390e-01 0.000000e+00 6.998898e-07)
8.520000e+03	lowerWall	(-1.000430e-01 0.000000e+00 -7.359741e-07)	(-1.000174e-01 0.000000e+00 6.985431e-07)
8.530000e+03	lowerWall	(-1.000214e-01 0.000000e+00 -7.345489e-07)	(-9.999588e-02 0.000000e+00 6.971980e-07)
8.540000e+03	lowerWall	(-9.999992e-02 0.000000e+00 -7.331256e-07)	(-9.997439e-02 0.000000e+00 6.958548e-07)
8.550000e+03	lowerWall	(-9.997845e-02 0.000000e+00 -7.317042e-07)	(-9.995295e-02 0.000000e+00 6.945140e-07)
8.560000e+03	lowerWall	(-9.995703e-02 0.000000e+00 -7.302849e-07)	(-9.993156e-02 0.000000e+00 6.931751e-07)
8.570000e+03	lowerWall	(-9.993566e-02 0.000000e+00 -7.288675e-07)	(-9.991022e-02 0.000000e+00 6.918382e-07)
8.580000e+03	lowerWall	(-9.991435e-02 0.000000e+00 -7.274529e-07)	(-9.988893e-02 0.000000e+00 6.905035e-07)
8.590000e+03	lowerWall	(-9.989308e-02 0.000000e+00 -7.260404e-07)	(-9.986769e-02 0.000000e+00 6.891713e-07)
8.600000e+03	lowerWall	(-9.987186e-02 0.000000e+00 -7.246302e-07)	(-9.984650e-02 0.000000e+00 6.878417e-07)
8.610000e+03	lowerWall	(-9.985069e-02 0.000000e+00 -7.232225e-07)	(-9.982536e-02 0.000000e+00 6.865147e-07)
8.620000e+03	lowerWall	(-9.982957e-02 0.000000e+00 -7.218174e-07)	(-9.980427e-02 0.000000e+00 6.851911e-07)
8.630000e+03	lowerWall	(-9.980850e-02 0.000000e+00 -7.204149e-07)	(-9.978323e-02 0.000000e+00 6.838696e-07)
8.640000e+03	lowerWall	(-9.978747e-02 0.000000e+00 -7.190151e-07)	(-9.976223e-02 0.000000e+00 6.825507e-07)
8.650000e+03	lowerWall	(-9.976650e-02 0.000000e+00 -7.176180e-07)	(-9.974129e-02 0.000000e+00 6.812346e-07)
8.660000e+03	lowerWall	(-9.974558e-02 0.000000e+00 -7.162237e-07)	(-9.972040e-02 0.000000e+00 6.799215e-07)
8.670000e+03	lowerWall	(-9.972471e-02 0.000000e+00 -7.148323e-07)	(-9.969955e-02 0.000000e+00 6.786113e-07)
8.680000e+03	lowerWall	(-9.970389e-02 0.000000e+00 -7.134436e-07)	(-9.967875e-02 0.000000e+00 6.773042e-07)
8.690000e+03	lowerWall	(-9.968311e-02 0.000000e+00 -7.120579e-07)	(-9.965800e-02 0.000000e+00 6.760002e-07)
8.700000e+03	lowerWall	(-9.966239e-02 0.000000e+00 -7.106751e-07)	(-9.963730e-02 0.000000e+00 6.746995e-07)
8.710000e+03	lowerWall	(-9.964171e-02 0.000000e+00 -7.092952e-07)	(-9.961664e-02 0.000000e+00 6.734019e-07)
8.720000e+03	lowerWall	(-9.962108e-02 0.000000e+00 -7.079184e-07)	(-9.959604e-02 0.000000e+00 6.721075e-07)
8.730000e+03	lowerWall	(-9.960050e-02 0.000000e+00 -7.065445e-07)	(-9.957548e-02 0.000000e+00 6.708165e-07)
8.740000e+03	lowerWall	(-9.957997e-02 0.000000e+00 -7.051736e-07)	(-9.955497e-02 0.000000e+00 6.695287e-07)
8.750000e+03	lowerWall	(-9.955948e-02 0.000000e+00 -7.038059e-07)	(-9.953451e-02 0.000000e+00 6.682443e-07)
8.760000e+03	lowerWall	(-9.953904e-02 0.000000e+00 -7.024411e-07)	(-9.951409e-02 0.000000e+00 6.669632e-07)
8.770000e+03	lowerWall	(-9.951865e-02 0.000000e+00 -7.010795e-07)	(-9.949372e-02 0.000000e+00 6.656854e-07)
8.780000e+03	lowerWall	(-9.949830e-02 0.000000e+00 -6.997209e-07)	(-9.947340e-02 0.000000e+00 6.644110e-07)
8.790000e+03	lowerWall	(-9.947800e-02 0.000000e+00 -6.983655e-07)	(-9.945312e-02 0.000000e+00 6.631400e-07)
8.800000e+03	lowerWall	(-9.945775e-02 0.000000e+00 -6.970132e-07)	(-9.943290e-02 0.000000e+00 6.618724e-07)
8.810000e+03	lowerWall	(-9.943754e-02 0.000000e+00 -6.956640e-07)	(-9.941271e-02 0.000000e+00 6.606081e-07)
8.820000e+03	lowerWall	(-9.941739e-02 0.000000e+00 -6.943179e-07)	(-9.939258e-02 0.000000e+00 6.593472e-07)
8.830000e+03	lowerWall	(-9.939727e-02 0.000000e+00 -6.929750e-07)	(-9.937249e-02 0.000000e+00 6.580897e-07)
8.840000e+03	lowerWall	(-9.937720e-02 0.000000e+00 -6.916352e-07)	(-9.935244e-02 0.000000e+00 6.568356e-07)
8.850000e+03	lowerWall	(-9.935718e-02 0.000000e+00 -6.902986e-07)	(-9.933245e-02 0.000000e+00 6.555849e-07)
8.860000e+03	lowerWall	(-9.933721e-02 0.000000e+00 -6.889652e-07)	(-9.931249e-02 0.000000e+00 6.543376e-07)
8.870000e+03	lowerWall	(-9.931728e-02 0.000000e+00 -6.876349e-07)	(-9.929259e-02 0.000000e+00 6.530936e-07)
8.880000e+03	lowerWall	(-9.929739e-02 0.000000e+00 -6.863077e-07)	(-9.927273e-02 0.000000e+00 6.518530e-07)
8.890000e+03	lowerWall	(-9.927755e-02 0.000000e+00 -6.849837e-07)	(-9.925291e-02 0.000000e+00 6.506157e-07)
8.900000e+03	lowerWall	(-9.925776e-02 0.000000e+00 -6.836629e-07)	(-9.923314e-02 0.000000e+00 6.493818e-07)
8.910000e+03	lowerWall	(-9.923801e-02 0.000000e+00 -6.823453e-07)	(-9.921342e-02 0.000000e+00 6.481513e-07)
8.920000e+03	lowerWall	(-9.921831e-02 0.000000e+00 -6.810308e-07)	(-9.919374e-02 0.000000e+00 6.469241e-07)
8.930000e+03	lowerWall	(-9.919865e-02 0.000000e+00 -6.797194e-07)	(-9.917410e-02 0.000000e+00 6.457002e-07)
8.940000e+03	lowerWall	(-9.917903e-02 0.000000e+00 -6.784112e-07)	(-9.915451e-02 0.000000e+00 6.444797e-07)
8.950000e+03	lowerWall	(-9.915946e-02 0.000000e+00 -6.771061e-07)	(-9.913496e-02 0.000000e+00 6.432625e-07)
8.960000e+03	lowerWall	(-9.913993e-02 0.000000e+00 -6.758042e-07)	(-9.911546e-02 0.000000e+00 6.420486e-07)
8.970000e+03	lowerWall	(-9.912045e-02 0.000000e+00 -6.745052e-07)	(-9.909601e-02 0.000000e+00 6.408379e-07)
8.980000e+03	lowerWall	(-9.910102e-02 0.000000e+00 -6.732098e-07)	(-9.907659e-02 0.000000e+00 6.396306e-07)
8.990000e+03	lowerWall	(-9.908162e-02 0.000000e+00 -6.719178e-07)	(-9.905722e-02 0.000000e+00 6.384266e-07)
9.000000e+03	lowerWall	(-9.906227e-02 0.000000e+00 -6.706288e-07)	(-9.903790e-02 0.000000e+00 6.372258e-07)
9.010000e+03	lowerWall	(-9.904297e-02 0.000000e+00 -6.693429e-07)	(-9.901862e-02 0.000000e+00 6.360282e-07)
9.020000e+03	lowerWall	(-9.902370e-02 0.000000e+00 -6.680602e-07)	(-9.899938e-02 0.000000e+00 6.348339e-07)
9.030000e+03	lowerWall	(-9.900448e-02 0.000000e+00 -6.667805e-07)	(-9.898018e-02 0.000000e+00 6.336428e-07)
9.040000e+03	lowerWall	(-9.898531e-02 0.000000e+00 -6.655039e-07)	(-9.896103e-02 0.000000e+00 6.324550e-07)
9.050000e+03	lowerWall	(-9.896617e-02 0.000000e+00 -6.642304e-07)	(-9.894192e-02 0.000000e+00 6.312704e-07)
9.060000e+03	lowerWall	(-9.894708e-02 0.000000e+00 -6.629601e-07)	(-9.892286e-02 0.000000e+00 6.300889e-07)
9.070000e+03	lowerWall	(-9.892804e-02 0.000000e+00 -6.616928e-07)	(-9.890383e-02 0.000000e+00 6.289107e-07)
9.080000e+03	lowerWall	(-9.890903e-02 0.000000e+00 -6.604286e-07)	(-9.888485e-02 0.000000e+00 6.277356e-07)
9.090000e+03	lowerWall	(-9.889007e-02 0.000000e+00 -6.591675e-07)	(-9.886592e-02 0.000000e+00 6.265637e-07)
9.100000e+03	lowerWall	(-9.887115e-02 0.000000e+00 -6.579094e-07)	(-9.884702e-02 0.000000e+00 6.253949e-07)
9.110000e+03	lowerWall	(-9.885228e-02 0.000000e+00 -6.566545e-07)	(-9.882817e-02 0.000000e+00 6.242293e-07)
9.120000e+03	lowerWall	(-9.883344e-02 0.000000e+00 -6.554026e-07)	(-9.880936e-02 0.000000e+00 6.230668e-07)
9.130000e+03	lowerWall	(-9.881465e-02 0.000000e+00 -6.541537e-07)	(-9.879059e-02 0.000000e+00 6.219074e-07)
9.140000e+03	lowerWall	(-9.879590e-02 0.000000e+00 -6.529079e-07)	(-9.877187e-02 0.000000e+00 6.207511e-07)
9.150000e+03	lowerWall	(-9.877719e-02 0.000000e+00 -6.516651e-07)	(-9.875318e-02 0.000000e+00 6.195979e-07)
9.160000e+03	lowerWall	(-9.875852e-02 0.000000e+00 -6.504253e-07)	(-9.873454e-02 0.000000e+00 6.184478e-07)
9.170000e+03	lowerWall	(-9.873990e-02 0.000000e+00 -6.491886e-07)	(-9.871594e-02 0.000000e+00 6.173008e-07)
9.180000e+03	lowerWall	(-9.872131e-02 0.000000e+00 -6.479549e-07)	(-9.869738e-02 0.000000e+00 6.161568e-07)
9.190000e+03	lowerWall	(-9.870277e-02 0.000000e+00 -6.467242e-07)	(-9.867887e-02 0.000000e+00 6.150159e-07)
9.200000e+03	lowerWall	(-9.868427e-02 0.000000e+00 -6.454965e-07)	(-9.866039e-02 0.000000e+00 6.138780e-07)
9.210000e+03	lowerWall	(-9.866581e-02 0.000000e+00 -6.442717e-07)	(-9.864196e-02 0.000000e+00 6.127431e-07)
9.220000e+03	lowerWall	(-9.864739e-02 0.000000e+00 -6.430500e-07)	(-9.862356e-02 0.000000e+00 6.116113e-07)
9.230000e+03	lowerWall	(-9.862901e-02 0.000000e+00 -6.418312e-07)	(-9.860521e-02 0.000000e+00 6.104824e-07)
9.240000e+03	lowerWall	(-9.861068e-02 0.000000e+00 -6.406154e-07)	(-9.858690e-02 0.000000e+00 6.093566e-07)
9.250000e+03	lowerWall	(-9.859238e-02 0.000000e+00 -6.394026e-07)	(-9.856862e-02 0.000000e+00 6.082337e-07)
9.260000e+03	lowerWall	(-9.857412e-02 0.000000e+00 -6.381926e-07)	(-9.855039e-02 0.000000e+00 6.071138e-07)
9.270000e+03	lowerWall	(-9.855591e-02 0.000000e+00 -6.369857e-07)	(-9.853220e-02 0.000000e+00 6.059968e-07)
9.280000e+03	lowerWall	(-9.853773e-02 0.000000e+00 -6.357817e-07)	(-9.851405e-02 0.000000e+00 6.048828e-07)
9.290000e+03	lowerWall	(-9.851960e-02 0.000000e+00 -6.345805e-07)	(-9.849594e-02 0.000000e+00 6.037717e-07)
9.300000e+03	lowerWall	(-9.850150e-02 0.000000e+00 -6.333823e-07)	(-9.847787e-02 0.000000e+00 6.026636e-07)
9.310000e+03	lowerWall	(-9.848344e-02 0.000000e+00 -6.321871e-07)	(-9.845984e-02 0.000000e+00 6.015583e-07)
9.320000e+03	lowerWall	(-9.846543e-02 0.000000e+00 -6.309946e-07)	(-9.844185e-02 0.000000e+00 6.004560e-07)
9.330000e+03	lowerWall	(-9.844745e-02 0.000000e+00 -6.298051e-07)	(-9.842390e-02 0.000000e+00 5.993566e-07)
9.340000e+03	lowerWall	(-9.842952e-02 0.000000e+00 -6.286185e-07)	(-9.840599e-02 0.000000e+00 5.982600e-07)
9.350000e+03	lowerWall	(-9.841162e-02 0.000000e+00 -6.274347e-07)	(-9.838812e-02 0.000000e+00 5.971662e-07)
9.360000e+03	lowerWall	(-9.839376e-02 0.000000e+00 -6.262538e-07)	(-9.837029e-02 0.000000e+00 5.960754e-07)
9.370000e+03	lowerWall	(-9.837594e-02 0.000000e+00 -6.250757e-07)	(-9.835249e-02 0.000000e+00 5.949874e-07)
9.380000e+03	lowerWall	(-9.835816e-02 0.000000e+00 -6.239005e-07)	(-9.833474e-02 0.000000e+00 5.939022e-07)
9.390000e+03	lowerWall	(-9.834042e-02 0.000000e+00 -6.227281e-07)	(-9.831702e-02 0.000000e+00 5.928199e-07)
9.400000e+03	lowerWall	(-9.832272e-02 0.000000e+00 -6.215586e-07)	(-9.829935e-02 0.000000e+00 5.917404e-07)
9.410000e+03	lowerWall	(-9.830506e-02 0.000000e+00 -6.203918e-07)	(-9.828171e-02 0.000000e+00 5.906637e-07)
9.420000e+03	lowerWall	(-9.828743e-02 0.000000e+00 -6.192279e-07)	(-9.826411e-02 0.000000e+00 5.895898e-07)
9.430000e+03	lowerWall	(-9.826985e-02 0.000000e+00 -6.180668e-07)	(-9.824655e-02 0.000000e+00 5.885186e-07)
9.440000e+03	lowerWall	(-9.825230e-02 0.000000e+00 -6.169084e-07)	(-9.822903e-02 0.000000e+00 5.874503e-07)
9.450000e+03	lowerWall	(-9.823479e-02 0.000000e+00 -6.157529e-07)	(-9.821155e-02 0.000000e+00 5.863847e-07)
9.460000e+03	lowerWall	(-9.821732e-02 0.000000e+00 -6.146001e-07)	(-9.819410e-02 0.000000e+00 5.853218e-07)
9.470000e+03	lowerWall	(-9.819989e-02 0.000000e+00 -6.134501e-07)	(-9.817669e-02 0.000000e+00 5.842617e-07)
9.480000e+03	lowerWall	(-9.818249e-02 0.000000e+00 -6.123029e-07)	(-9.815933e-02 0.000000e+00 5.832044e-07)
9.490000e+03	lowerWall	(-9.816514e-02 0.000000e+00 -6.111585e-07)	(-9.814199e-02 0.000000e+00 5.821497e-07)
9.500000e+03	lowerWall	(-9.814782e-02 0.000000e+00 -6.100168e-07)	(-9.812470e-02 0.000000e+00 5.810978e-07)
9.510000e+03	lowerWall	(-9.813054e-02 0.000000e+00 -6.088779e-07)	(-9.810745e-02 0.000000e+00 5.800486e-07)
9.520000e+03	lowerWall	(-9.811329e-02 0.000000e+00 -6.077419e-07)	(-9.809023e-02 0.000000e+00 5.790020e-07)
9.530000e+03	lowerWall	(-9.809609e-02 0.000000e+00 -6.066088e-07)	(-9.807305e-02 0.000000e+00 5.779582e-07)
9.540000e+03	lowerWall	(-9.807892e-02 0.000000e+00 -6.054785e-07)	(-9.805590e-02 0.000000e+00 5.769170e-07)
9.550000e+03	lowerWall	(-9.806178e-02 0.000000e+00 -6.043506e-07)	(-9.803880e-02 0.000000e+00 5.758785e-07)
9.560000e+03	lowerWall	(-9.804469e-02 0.000000e+00 -6.032250e-07)	(-9.802173e-02 0.000000e+00 5.748426e-07)
9.570000e+03	lowerWall	(-9.802763e-02 0.000000e+00 -6.021018e-07)	(-9.800470e-02 0.000000e+00 5.738094e-07)
9.580000e+03	lowerWall	(-9.801061e-02 0.000000e+00 -6.009814e-07)	(-9.798770e-02 0.000000e+00 5.727788e-07)
9.590000e+03	lowerWall	(-9.799363e-02 0.000000e+00 -5.998636e-07)	(-9.797074e-02 0.000000e+00 5.717508e-07)
9.600000e+03	lowerWall	(-9.797668e-02 0.000000e+00 -5.987486e-07)	(-9.795382e-02 0.000000e+00 5.707255e-07)
9.610000e+03	lowerWall	(-9.795977e-02 0.000000e+00 -5.976362e-07)	(-9.793693e-02 0.000000e+00 5.697028e-07)
9.620000e+03	lowerWall	(-9.794289e-02 0.000000e+00 -5.965265e-07)	(-9.792009e-02 0.000000e+00 5.686826e-07)
9.630000e+03	lowerWall	(-9.792605e-02 0.000000e+00 -5.954195e-07)	(-9.790327e-02 0.000000e+00 5.676650e-07)
9.640000e+03	lowerWall	(-9.790925e-02 0.000000e+00 -5.943150e-07)	(-9.788650e-02 0.000000e+00 5.666501e-07)
9.650000e+03	lowerWall	(-9.789249e-02 0.000000e+00 -5.932132e-07)	(-9.786976e-02 0.000000e+00 5.656376e-07)
9.660000e+03	lowerWall	(-9.787576e-02 0.000000e+00 -5.921140e-07)	(-9.785305e-02 0.000000e+00 5.646278e-07)
9.670000e+03	lowerWall	(-9.785907e-02 0.000000e+00 -5.910175e-07)	(-9.783639e-02 0.000000e+00 5.636205e-07)
9.680000e+03	lowerWall	(-9.784241e-02 0.000000e+00 -5.899236e-07)	(-9.781975e-02 0.000000e+00 5.626157e-07)
9.690000e+03	lowerWall	(-9.782580e-02 0.000000e+00 -5.888322e-07)	(-9.780316e-02 0.000000e+00 5.616134e-07)
9.700000e+03	lowerWall	(-9.780922e-02 0.000000e+00 -5.877435e-07)	(-9.778660e-02 0.000000e+00 5.606137e-07)
9.710000e+03	lowerWall	(-9.779267e-02 0.000000e+00 -5.866573e-07)	(-9.777007e-02 0.000000e+00 5.596165e-07)
9.720000e+03	lowerWall	(-9.777616e-02 0.000000e+00 -5.855737e-07)	(-9.775358e-02 0.000000e+00 5.586217e-07)
9.730000e+03	lowerWall	(-9.775969e-02 0.000000e+00 -5.844926e-07)	(-9.773713e-02 0.000000e+00 5.576295e-07)
9.740000e+03	lowerWall	(-9.774325e-02 0.000000e+00 -5.834141e-07)	(-9.772071e-02 0.000000e+00 5.566397e-07)
9.750000e+03	lowerWall	(-9.772684e-02 0.000000e+00 -5.823381e-07)	(-9.770433e-02 0.000000e+00 5.556525e-07)
9.760000e+03	lowerWall	(-9.771047e-02 0.000000e+00 -5.812647e-07)	(-9.768798e-02 0.000000e+00 5.546676e-07)
9.770000e+03	lowerWall	(-9.769414e-02 0.000000e+00 -5.801937e-07)	(-9.767166e-02 0.000000e+00 5.536853e-07)
9.780000e+03	lowerWall	(-9.767784e-02 0.000000e+00 -5.791253e-07)	(-9.765539e-02 0.000000e+00 5.527054e-07)
9.790000e+03	lowerWall	(-9.766157e-02 0.000000e+00 -5.780594e-07)	(-9.763914e-02 0.000000e+00 5.517279e-07)
9.800000e+03	lowerWall	(-9.764534e-02 0.000000e+00 -5.769960e-07)	(-9.762293e-02 0.000000e+00 5.507528e-07)
9.810000e+03	lowerWall	(-9.762915e-02 0.000000e+00 -5.759351e-07)	(-9.760676e-02 0.000000e+00 5.497802e-07)
9.820000e+03	lowerWall	(-9.761299e-02 0.000000e+00 -5.748767e-07)	(-9.759062e-02 0.000000e+00 5.488100e-07)
9.830000e+03	lowerWall	(-9.759686e-02 0.000000e+00 -5.738208e-07)	(-9.757451e-02 0.000000e+00 5.478421e-07)
9.840000e+03	lowerWall	(-9.758077e-02 0.000000e+00 -5.727673e-07)	(-9.755844e-02 0.000000e+00 5.468767e-07)
9.850000e+03	lowerWall	(-9.756471e-02 0.000000e+00 -5.717163e-07)	(-9.754240e-02 0.000000e+00 5.459137e-07)
9.860000e+03	lowerWall	(-9.754868e-02 0.000000e+00 -5.706678e-07)	(-9.752640e-02 0.000000e+00 5.449530e-07)
9.870000e+03	lowerWall	(-9.753269e-02 0.000000e+00 -5.696216e-07)	(-9.751043e-02 0.000000e+00 5.439947e-07)
9.880000e+03	lowerWall	(-9.751674e-02 0.000000e+00 -5.685780e-07)	(-9.749449e-02 0.000000e+00 5.430387e-07)
9.890000e+03	lowerWall	(-9.750081e-02 0.000000e+00 -5.675367e-07)	(-9.747859e-02 0.000000e+00 5.420851e-07)
9.900000e+03	lowerWall	(-9.748492e-02 0.000000e+00 -5.664979e-07)	(-9.746272e-02 0.000000e+00 5.411339e-07)
9.910000e+03	lowerWall	(-9.746907e-02 0.000000e+00 -5.654615e-07)	(-9.744689e-02 0.000000e+00 5.401849e-07)
9.920000e+03	lowerWall	(-9.745325e-02 0.000000e+00 -5.644275e-07)	(-9.743109e-02 0.000000e+00 5.392383e-07)
9.930000e+03	lowerWall	(-9.743746e-02 0.000000e+00 -5.633959e-07)	(-9.741532e-02 0.000000e+00 5.382940e-07)
9.940000e+03	lowerWall	(-9.742170e-02 0.000000e+00 -5.623667e-07)	(-9.739959e-02 0.000000e+00 5.373520e-07)
9.950000e+03	lowerWall	(-9.740598e-02 0.000000e+00 -5.613399e-07)	(-9.738388e-02 0.000000e+00 5.364123e-07)
9.960000e+03	lowerWall	(-9.739029e-02 0.000000e+00 -5.603155e-07)	(-9.736822e-02 0.000000e+00 5.354749e-07)
9.970000e+03	lowerWall	(-9.737464e-02 0.000000e+00 -5.592935e-07)	(-9.735258e-02 0.000000e+00 5.345398e-07)
9.980000e+03	lowerWall	(-9.735901e-02 0.000000e+00 -5.582738e-07)	(-9.733698e-02 0.000000e+00 5.336069e-07)
9.990000e+03	lowerWall	(-9.734342e-02 0.000000e+00 -5.572564e-07)	(-9.732141e-02 0.000000e+00 5.326763e-07)
1.000000e+04	lowerWall	(-9.732786e-02 0.000000e+00 -5.562415e-07)	(-9.730588e-02 0.000000e+00 5.317479e-07)
1.001000e+04	lowerWall	(-9.731234e-02 0.000000e+00 -5.552288e-07)	(-9.729037e-02 0.000000e+00 5.308218e-07)
1.002000e+04	lowerWall	(-9.729685e-02 0.000000e+00 -5.542185e-07)	(-9.727490e-02 0.000000e+00 5.298980e-07)
1.003000e+04	lowerWall	(-9.728139e-02 0.000000e+00 -5.532106e-07)	(-9.725946e-02 0.000000e+00 5.289763e-07)
1.004000e+04	lowerWall	(-9.726596e-02 0.000000e+00 -5.522049e-07)	(-9.724406e-02 0.000000e+00 5.280569e-07)
1.005000e+04	lowerWall	(-9.725056e-02 0.000000e+00 -5.512016e-07)	(-9.722868e-02 0.000000e+00 5.271397e-07)
1.006000e+04	lowerWall	(-9.723520e-02 0.000000e+00 -5.502006e-07)	(-9.721334e-02 0.000000e+00 5.262247e-07)
1.007000e+04	lowerWall	(-9.721987e-02 0.000000e+00 -5.492018e-07)	(-9.719803e-02 0.000000e+00 5.253119e-07)
1.008000e+04	lowerWall	(-9.720457e-02 0.000000e+00 -5.482054e-07)	(-9.718276e-02 0.000000e+00 5.244012e-07)
1.009000e+04	lowerWall	(-9.718931e-02 0.000000e+00 -5.472113e-07)	(-9.716751e-02 0.000000e+00 5.234928e-07)
1.010000e+04	lowerWall	(-9.717407e-02 0.000000e+00 -5.462194e-07)	(-9.715230e-02 0.000000e+00 5.225865e-07)
1.011000e+04	lowerWall	(-9.715887e-02 0.000000e+00 -5.452299e-07)	(-9.713712e-02 0.000000e+00 5.216824e-07)
1.012000e+04	lowerWall	(-9.714370e-02 0.000000e+00 -5.442425e-07)	(-9.712197e-02 0.000000e+00 5.207805e-07)
1.013000e+04	lowerWall	(-9.712856e-02 0.000000e+00 -5.432575e-07)	(-9.710685e-02 0.000000e+00 5.198808e-07)
1.014000e+04	lowerWall	(-9.711345e-02 0.000000e+00 -5.422747e-07)	(-9.709176e-02 0.000000e+00 5.189834e-07)
1.015000e+04	lowerWall	(-9.709837e-02 0.000000e+00 -5.412941e-07)	(-9.707671e-02 0.000000e+00 5.180885e-07)
1.016000e+04	lowerWall	(-9.708333e-02 0.000000e+00 -5.403158e-07)	(-9.706168e-02 0.000000e+00 5.171959e-07)
1.017000e+04	lowerWall	(-9.706831e-02 0.000000e+00 -5.393398e-07)	(-9.704669e-02 0.000000e+00 5.163049e-07)
1.018000e+04	lowerWall	(-9.705333e-02 0.000000e+00 -5.383660e-07)	(-9.703173e-02 0.000000e+00 5.154153e-07)
1.019000e+04	lowerWall	(-9.703838e-02 0.000000e+00 -5.373944e-07)	(-9.701680e-02 0.000000e+00 5.145276e-07)
1.020000e+04	lowerWall	(-9.702346e-02 0.000000e+00 -5.364250e-07)	(-9.700190e-02 0.000000e+00 5.136420e-07)
1.021000e+04	lowerWall	(-9.700857e-02 0.000000e+00 -5.354578e-07)	(-9.698703e-02 0.000000e+00 5.127585e-07)
1.022000e+04	lowerWall	(-9.699371e-02 0.000000e+00 -5.344928e-07)	(-9.697219e-02 0.000000e+00 5.118760e-07)
1.023000e+04	lowerWall	(-9.697888e-02 0.000000e+00 -5.335300e-07)	(-9.695739e-02 0.000000e+00 5.109967e-07)
1.024000e+04	lowerWall	(-9.696408e-02 0.000000e+00 -5.325694e-07)	(-9.694261e-02 0.000000e+00 5.101197e-07)
1.025000e+04	lowerWall	(-9.694931e-02 0.000000e+00 -5.316110e-07)	(-9.692787e-02 0.000000e+00 5.092448e-07)
1.026000e+04	lowerWall	(-9.693458e-02 0.000000e+00 -5.306548e-07)	(-9.691315e-02 0.000000e+00 5.083722e-07)
1.027000e+04	lowerWall	(-9.691987e-02 0.000000e+00 -5.297007e-07)	(-9.689847e-02 0.000000e+00 5.075017e-07)
1.028000e+04	lowerWall	(-9.690520e-02 0.000000e+00 -5.287488e-07)	(-9.688382e-02 0.000000e+00 5.066332e-07)
1.029000e+04	lowerWall	(-9.689055e-02 0.000000e+00 -5.380259e-07)	(-9.686932e-02 0.000000e+00 5.158887e-07)
1.030000e+04	lowerWall	(-9.687594e-02 0.000000e+00 -5.361763e-07)	(-9.685476e-02 0.000000e+00 5.141128e-07)
1.031000e+04	lowerWall	(-9.686135e-02 0.000000e+00 -5.292104e-07)	(-9.684017e-02 0.000000e+00 5.072789e-07)
1.032000e+04	lowerWall	(-9.684679e-02 0.000000e+00 -5.406575e-07)	(-9.682579e-02 0.000000e+00 5.187244e-07)
1.033000e+04	lowerWall	(-9.683227e-02 0.000000e+00 -5.265103e-07)	(-9.681119e-02 0.000000e+00 5.047876e-07)
1.034000e+04	lowerWall	(-9.681777e-02 0.000000e+00 -5.384685e-07)	(-9.679686e-02 0.000000e+00 5.167507e-07)
1.035000e+04	lowerWall	(-9.680331e-02 0.000000e+00 -5.393642e-07)	(-9.678247e-02 0.000000e+00 5.177537e-07)
1.036000e+04	lowerWall	(-9.678887e-02 0.000000e+00 -5.300540e-07)	(-9.676801e-02 0.000000e+00 5.086123e-07)
1.037000e+04	lowerWall	(-9.677447e-02 0.000000e+00 -4.562770e-07)	(-9.675504e-02 0.000000e+00 4.360238e-07)
1.038000e+04	lowerWall	(-9.676009e-02 0.000000e+00 -5.363677e-07)	(-9.673941e-02 0.000000e+00 5.150556e-07)
1.039000e+04	lowerWall	(-9.674575e-02 0.000000e+00 -5.275063e-07)	(-9.672503e-02 0.000000e+00 5.063510e-07)
1.040000e+04	lowerWall	(-9.673143e-02 0.000000e+00 -4.543019e-07)	(-9.671215e-02 0.000000e+00 4.343258e-07)
1.041000e+04	lowerWall	(-9.671714e-02 0.000000e+00 -5.279160e-07)	(-9.669655e-02 0.000000e+00 5.069438e-07)
1.042000e+04	lowerWall	(-9.670288e-02 0.000000e+00 -5.270239e-07)	(-9.668235e-02 0.000000e+00 5.061422e-07)
1.043000e+04	lowerWall	(-9.668865e-02 0.000000e+00 -5.370194e-07)	(-9.666829e-02 0.000000e+00 5.161552e-07)
1.044000e+04	lowerWall	(-9.667445e-02 0.000000e+00 -5.359169e-07)	(-9.665416e-02 0.000000e+00 5.151329e-07)
1.045000e+04	lowerWall	(-9.666028e-02 0.000000e+00 -5.350345e-07)	(-9.664005e-02 0.000000e+00 5.143289e-07)
1.046000e+04	lowerWall	(-9.664613e-02 0.000000e+00 -5.343068e-07)	(-9.662597e-02 0.000000e+00 5.136799e-07)
1.047000e+04	lowerWall	(-9.663202e-02 0.000000e+00 -5.336629e-07)	(-9.661191e-02 0.000000e+00 5.131147e-07)
1.048000e+04	lowerWall	(-9.661793e-02 0.000000e+00 -5.330602e-07)	(-9.659789e-02 0.000000e+00 5.125912e-07)
1.049000e+04	lowerWall	(-9.660388e-02 0.000000e+00 -5.324753e-07)	(-9.658389e-02 0.000000e+00 5.120848e-07)
1.050000e+04	lowerWall	(-9.658985e-02 0.000000e+00 -5.318923e-07)	(-9.656992e-02 0.000000e+00 5.115813e-07)
1.051000e+04	lowerWall	(-9.657585e-02 0.000000e+00 -5.313032e-07)	(-9.655598e-02 0.000000e+00 5.110726e-07)
1.052000e+04	lowerWall	(-9.656188e-02 0.000000e+00 -5.307036e-07)	(-9.654206e-02 0.000000e+00 5.105546e-07)
1.053000e+04	lowerWall	(-9.654794e-02 0.000000e+00 -5.300915e-07)	(-9.652817e-02 0.000000e+00 5.100254e-07)
1.054000e+04	lowerWall	(-9.653402e-02 0.000000e+00 -5.294663e-07)	(-9.651431e-02 0.000000e+00 5.094843e-07)
1.055000e+04	lowerWall	(-9.652014e-02 0.000000e+00 -5.288281e-07)	(-9.650048e-02 0.000000e+00 5.089313e-07)
1.056000e+04	lowerWall	(-9.650628e-02 0.000000e+00 -5.281774e-07)	(-9.648667e-02 0.000000e+00 5.083669e-07)
1.057000e+04	lowerWall	(-9.649245e-02 0.000000e+00 -5.275149e-07)	(-9.647289e-02 0.000000e+00 5.077921e-07)
1.058000e+04	lowerWall	(-9.647865e-02 0.000000e+00 -5.268416e-07)	(-9.645914e-02 0.000000e+00 5.072086e-07)
1.059000e+04	lowerWall	(-9.646487e-02 0.000000e+00 -5.261582e-07)	(-9.644542e-02 0.000000e+00 5.066160e-07)
1.060000e+04	lowerWall	(-9.645113e-02 0.000000e+00 -5.254654e-07)	(-9.643172e-02 0.000000e+00 5.060149e-07)
1.061000e+04	lowerWall	(-9.643741e-02 0.000000e+00 -5.247641e-07)	(-9.641805e-02 0.000000e+00 5.054058e-07)
1.062000e+04	lowerWall	(-9.642372e-02 0.000000e+00 -5.240551e-07)	(-9.640441e-02 0.000000e+00 5.047918e-07)
1.063000e+04	lowerWall	(-9.641005e-02 0.000000e+00 -5.233388e-07)	(-9.639079e-02 0.000000e+00 5.041715e-07)
1.064000e+04	lowerWall	(-9.639642e-02 0.000000e+00 -5.226159e-07)	(-9.637720e-02 0.000000e+00 5.035456e-07)
1.065000e+04	lowerWall	(-9.638281e-02 0.000000e+00 -5.295653e-07)	(-9.636372e-02 0.000000e+00 5.105604e-07)
1.066000e+04	lowerWall	(-9.636923e-02 0.000000e+00 -5.285647e-07)	(-9.635020e-02 0.000000e+00 5.096577e-07)
1.067000e+04	lowerWall	(-9.635568e-02 0.000000e+00 -4.607632e-07)	(-9.633772e-02 0.000000e+00 4.429489e-07)
1.068000e+04	lowerWall	(-9.634216e-02 0.000000e+00 -5.278472e-07)	(-9.632326e-02 0.000000e+00 5.091349e-07)
1.069000e+04	lowerWall	(-9.632867e-02 0.000000e+00 -4.505325e-07)	(-9.631076e-02 0.000000e+00 4.329623e-07)
1.070000e+04	lowerWall	(-9.631520e-02 0.000000e+00 -4.586741e-07)	(-9.629736e-02 0.000000e+00 4.411459e-07)
1.071000e+04	lowerWall	(-9.630176e-02 0.000000e+00 -5.257361e-07)	(-9.628303e-02 0.000000e+00 5.073201e-07)
1.072000e+04	lowerWall	(-9.628835e-02 0.000000e+00 -4.555036e-07)	(-9.627058e-02 0.000000e+00 4.381768e-07)
1.073000e+04	lowerWall	(-9.627497e-02 0.000000e+00 -4.550547e-07)	(-9.625723e-02 0.000000e+00 4.378260e-07)
1.074000e+04	lowerWall	(-9.626161e-02 0.000000e+00 -4.546307e-07)	(-9.624390e-02 0.000000e+00 4.375045e-07)
1.075000e+04	lowerWall	(-9.624827e-02 0.000000e+00 -5.234689e-07)	(-9.622973e-02 0.000000e+00 5.054579e-07)
1.076000e+04	lowerWall	(-9.623497e-02 0.000000e+00 -4.468908e-07)	(-9.621732e-02 0.000000e+00 4.300194e-07)
1.077000e+04	lowerWall	(-9.622169e-02 0.000000e+00 -4.548822e-07)	(-9.620410e-02 0.000000e+00 4.380618e-07)
1.078000e+04	lowerWall	(-9.620844e-02 0.000000e+00 -5.212545e-07)	(-9.619005e-02 0.000000e+00 5.035599e-07)
1.079000e+04	lowerWall	(-9.619521e-02 0.000000e+00 -4.450922e-07)	(-9.617767e-02 0.000000e+00 4.285267e-07)
1.080000e+04	lowerWall	(-9.618201e-02 0.000000e+00 -4.448185e-07)	(-9.616451e-02 0.000000e+00 4.283521e-07)
1.081000e+04	lowerWall	(-9.616884e-02 0.000000e+00 -4.599350e-07)	(-9.615143e-02 0.000000e+00 4.434396e-07)
1.082000e+04	lowerWall	(-9.615569e-02 0.000000e+00 -4.454245e-07)	(-9.613828e-02 0.000000e+00 4.291485e-07)
1.083000e+04	lowerWall	(-9.614257e-02 0.000000e+00 -4.586300e-07)	(-9.612524e-02 0.000000e+00 4.423252e-07)
1.084000e+04	lowerWall	(-9.612948e-02 0.000000e+00 -4.442881e-07)	(-9.611215e-02 0.000000e+00 4.281988e-07)
1.085000e+04	lowerWall	(-9.611641e-02 0.000000e+00 -4.500660e-07)	(-9.609913e-02 0.000000e+00 4.340258e-07)
1.086000e+04	lowerWall	(-9.610337e-02 0.000000e+00 -5.159461e-07)	(-9.608540e-02 0.000000e+00 4.990516e-07)
1.087000e+04	lowerWall	(-9.609035e-02 0.000000e+00 -4.407028e-07)	(-9.607311e-02 0.000000e+00 4.249371e-07)
1.088000e+04	lowerWall	(-9.607736e-02 0.000000e+00 -5.181509e-07)	(-9.605952e-02 0.000000e+00 5.014803e-07)
1.089000e+04	lowerWall	(-9.606440e-02 0.000000e+00 -4.490855e-07)	(-9.604726e-02 0.000000e+00 4.334840e-07)
1.090000e+04	lowerWall	(-9.605146e-02 0.000000e+00 -5.168397e-07)	(-9.603372e-02 0.000000e+00 5.003887e-07)
1.091000e+04	lowerWall	(-9.603855e-02 0.000000e+00 -4.477423e-07)	(-9.602148e-02 0.000000e+00 4.323585e-07)
1.092000e+04	lowerWall	(-9.602566e-02 0.000000e+00 -4.477050e-07)	(-9.600863e-02 0.000000e+00 4.324287e-07)
1.093000e+04	lowerWall	(-9.601280e-02 0.000000e+00 -4.470477e-07)	(-9.599581e-02 0.000000e+00 4.318781e-07)
1.094000e+04	lowerWall	(-9.599996e-02 0.000000e+00 -5.167931e-07)	(-9.598247e-02 0.000000e+00 5.007805e-07)
1.095000e+04	lowerWall	(-9.598715e-02 0.000000e+00 -4.463932e-07)	(-9.597025e-02 0.000000e+00 4.314299e-07)
1.096000e+04	lowerWall	(-9.597437e-02 0.000000e+00 -4.588241e-07)	(-9.595754e-02 0.000000e+00 4.439019e-07)
1.097000e+04	lowerWall	(-9.596161e-02 0.000000e+00 -4.581561e-07)	(-9.594482e-02 0.000000e+00 4.433254e-07)
1.098000e+04	lowerWall	(-9.594887e-02 0.000000e+00 -4.576324e-07)	(-9.593213e-02 0.000000e+00 4.428934e-07)
1.099000e+04	lowerWall	(-9.593616e-02 0.000000e+00 -4.572163e-07)	(-9.591947e-02 0.000000e+00 4.425684e-07)
1.100000e+04	lowerWall	(-9.592348e-02 0.000000e+00 -4.568485e-07)	(-9.590682e-02 0.000000e+00 4.422986e-07)
1.101000e+04	lowerWall	(-9.591082e-02 0.000000e+00 -4.564954e-07)	(-9.589421e-02 0.000000e+00 4.420468e-07)
1.102000e+04	lowerWall	(-9.589818e-02 0.000000e+00 -4.561385e-07)	(-9.588161e-02 0.000000e+00 4.417953e-07)
1.103000e+04	lowerWall	(-9.588557e-02 0.000000e+00 -4.557684e-07)	(-9.586904e-02 0.000000e+00 4.415346e-07)
1.104000e+04	lowerWall	(-9.587299e-02 0.000000e+00 -4.553807e-07)	(-9.585650e-02 0.000000e+00 4.412601e-07)
1.105000e+04	lowerWall	(-9.586043e-02 0.000000e+00 -4.549725e-07)	(-9.584398e-02 0.000000e+00 4.409698e-07)
1.106000e+04	lowerWall	(-9.584789e-02 0.000000e+00 -4.545459e-07)	(-9.583148e-02 0.000000e+00 4.406633e-07)
1.107000e+04	lowerWall	(-9.583538e-02 0.000000e+00 -4.541003e-07)	(-9.581901e-02 0.000000e+00 4.403410e-07)
1.108000e+04	lowerWall	(-9.582290e-02 0.000000e+00 -4.536372e-07)	(-9.580656e-02 0.000000e+00 4.400037e-07)
1.109000e+04	lowerWall	(-9.581043e-02 0.000000e+00 -4.531577e-07)	(-9.579414e-02 0.000000e+00 4.396524e-07)
1.110000e+04	lowerWall	(-9.579800e-02 0.000000e+00 -4.526633e-07)	(-9.578174e-02 0.000000e+00 4.392882e-07)
1.111000e+04	lowerWall	(-9.578558e-02 0.000000e+00 -4.521551e-07)	(-9.576936e-02 0.000000e+00 4.389120e-07)
1.112000e+04	lowerWall	(-9.577319e-02 0.000000e+00 -4.516343e-07)	(-9.575701e-02 0.000000e+00 4.385251e-07)
1.113000e+04	lowerWall	(-9.576083e-02 0.000000e+00 -4.511021e-07)	(-9.574468e-02 0.000000e+00 4.381285e-07)
1.114000e+04	lowerWall	(-9.574849e-02 0.000000e+00 -4.505593e-07)	(-9.573237e-02 0.000000e+00 4.377227e-07)
1.115000e+04	lowerWall	(-9.573617e-02 0.000000e+00 -4.500069e-07)	(-9.572009e-02 0.000000e+00 4.373084e-07)
1.116000e+04	lowerWall	(-9.572388e-02 0.000000e+00 -4.494456e-07)	(-9.570784e-02 0.000000e+00 4.368863e-07)
1.117000e+04	lowerWall	(-9.571161e-02 0.000000e+00 -4.488761e-07)	(-9.569560e-02 0.000000e+00 4.364572e-07)
1.118000e+04	lowerWall	(-9.569937e-02 0.000000e+00 -4.482991e-07)	(-9.568339e-02 0.000000e+00 4.360215e-07)
1.119000e+04	lowerWall	(-9.568715e-02 0.000000e+00 -4.477152e-07)	(-9.567121e-02 0.000000e+00 4.355799e-07)
1.120000e+04	lowerWall	(-9.567495e-02 0.000000e+00 -4.471248e-07)	(-9.565905e-02 0.000000e+00 4.351327e-07)
1.121000e+04	lowerWall	(-9.566278e-02 0.000000e+00 -4.465283e-07)	(-9.564691e-02 0.000000e+00 4.346803e-07)
1.122000e+04	lowerWall	(-9.565063e-02 0.000000e+00 -4.459264e-07)	(-9.563479e-02 0.000000e+00 4.342229e-07)
1.123000e+04	lowerWall	(-9.563851e-02 0.000000e+00 -4.453192e-07)	(-9.562270e-02 0.000000e+00 4.337618e-07)
1.124000e+04	lowerWall	(-9.562640e-02 0.000000e+00 -4.447072e-07)	(-9.561063e-02 0.000000e+00 4.332965e-07)
1.125000e+04	lowerWall	(-9.561433e-02 0.000000e+00 -4.440907e-07)	(-9.559859e-02 0.000000e+00 4.328273e-07)
1.126000e+04	lowerWall	(-9.560227e-02 0.000000e+00 -4.434697e-07)	(-9.558657e-02 0.000000e+00 4.323546e-07)
1.127000e+04	lowerWall	(-9.559024e-02 0.000000e+00 -4.428459e-07)	(-9.557457e-02 0.000000e+00 4.318787e-07)
1.128000e+04	lowerWall	(-9.557823e-02 0.000000e+00 -4.422177e-07)	(-9.556259e-02 0.000000e+00 4.313996e-07)
1.129000e+04	lowerWall	(-9.556625e-02 0.000000e+00 -4.415859e-07)	(-9.555064e-02 0.000000e+00 4.309177e-07)
1.130000e+04	lowerWall	(-9.555429e-02 0.000000e+00 -4.409509e-07)	(-9.553871e-02 0.000000e+00 4.304331e-07)
1.131000e+04	lowerWall	(-9.554235e-02 0.000000e+00 -4.403129e-07)	(-9.552680e-02 0.000000e+00 4.299460e-07)
1.132000e+04	lowerWall	(-9.553043e-02 0.000000e+00 -4.396721e-07)	(-9.551492e-02 0.000000e+00 4.294566e-07)
1.133000e+04	lowerWall	(-9.551854e-02 0.000000e+00 -4.390286e-07)	(-9.550306e-02 0.000000e+00 4.289649e-07)
1.134000e+04	lowerWall	(-9.550667e-02 0.000000e+00 -4.383825e-07)	(-9.549122e-02 0.000000e+00 4.284712e-07)
1.135000e+04	lowerWall	(-9.549483e-02 0.000000e+00 -4.377342e-07)	(-9.547941e-02 0.000000e+00 4.279756e-07)
1.136000e+04	lowerWall	(-9.548301e-02 0.000000e+00 -4.370837e-07)	(-9.546762e-02 0.000000e+00 4.274782e-07)
1.137000e+04	lowerWall	(-9.547121e-02 0.000000e+00 -4.364311e-07)	(-9.545585e-02 0.000000e+00 4.269790e-07)
1.138000e+04	lowerWall	(-9.545943e-02 0.000000e+00 -4.357765e-07)	(-9.544410e-02 0.000000e+00 4.264783e-07)
1.139000e+04	lowerWall	(-9.544767e-02 0.000000e+00 -4.351202e-07)	(-9.543238e-02 0.000000e+00 4.259760e-07)
1.140000e+04	lowerWall	(-9.543594e-02 0.000000e+00 -4.344622e-07)	(-9.542068e-02 0.000000e+00 4.254723e-07)
1.141000e+04	lowerWall	(-9.542423e-02 0.000000e+00 -4.338027e-07)	(-9.540900e-02 0.000000e+00 4.249673e-07)
1.142000e+04	lowerWall	(-9.541255e-02 0.000000e+00 -4.331417e-07)	(-9.539734e-02 0.000000e+00 4.244610e-07)
1.143000e+04	lowerWall	(-9.540088e-02 0.000000e+00 -4.324793e-07)	(-9.538571e-02 0.000000e+00 4.239534e-07)
1.144000e+04	lowerWall	(-9.538924e-02 0.000000e+00 -4.318157e-07)	(-9.537410e-02 0.000000e+00 4.234450e-07)
1.145000e+04	lowerWall	(-9.537762e-02 0.000000e+00 -4.311509e-07)	(-9.536251e-02 0.000000e+00 4.229355e-07)
1.146000e+04	lowerWall	(-9.536602e-02 0.000000e+00 -4.304850e-07)	(-9.535094e-02 0.000000e+00 4.224250e-07)
1.147000e+04	lowerWall	(-9.535445e-02 0.000000e+00 -4.298182e-07)	(-9.533940e-02 0.000000e+00 4.219136e-07)
1.148000e+04	lowerWall	(-9.534289e-02 0.000000e+00 -4.291505e-07)	(-9.532788e-02 0.000000e+00 4.214013e-07)
1.149000e+04	lowerWall	(-9.533136e-02 0.000000e+00 -4.284819e-07)	(-9.531638e-02 0.000000e+00 4.208882e-07)
1.150000e+04	lowerWall	(-9.531986e-02 0.000000e+00 -4.278126e-07)	(-9.530490e-02 0.000000e+00 4.203743e-07)
1.151000e+04	lowerWall	(-9.530837e-02 0.000000e+00 -4.271426e-07)	(-9.529344e-02 0.000000e+00 4.198597e-07)
1.152000e+04	lowerWall	(-9.529691e-02 0.000000e+00 -4.264721e-07)	(-9.528201e-02 0.000000e+00 4.193444e-07)
1.153000e+04	lowerWall	(-9.528546e-02 0.000000e+00 -4.258010e-07)	(-9.527059e-02 0.000000e+00 4.188283e-07)
1.154000e+04	lowerWall	(-9.527404e-02 0.000000e+00 -4.251293e-07)	(-9.525920e-02 0.000000e+00 4.183132e-07)
1.155000e+04	lowerWall	(-9.526264e-02 0.000000e+00 -4.244573e-07)	(-9.524783e-02 0.000000e+00 4.177953e-07)
1.156000e+04	lowerWall	(-9.525127e-02 0.000000e+00 -4.237849e-07)	(-9.523649e-02 0.000000e+00 4.172770e-07)
1.157000e+04	lowerWall	(-9.523991e-02 0.000000e+00 -4.231122e-07)	(-9.522516e-02 0.000000e+00 4.167583e-07)
1.158000e+04	lowerWall	(-9.522858e-02 0.000000e+00 -4.224393e-07)	(-9.521386e-02 0.000000e+00 4.162395e-07)
1.159000e+04	lowerWall	(-9.521727e-02 0.000000e+00 -4.217662e-07)	(-9.520257e-02 0.000000e+00 4.157203e-07)
1.160000e+04	lowerWall	(-9.520598e-02 0.000000e+00 -4.210930e-07)	(-9.519131e-02 0.000000e+00 4.152007e-07)
1.161000e+04	lowerWall	(-9.519471e-02 0.000000e+00 -4.204197e-07)	(-9.518007e-02 0.000000e+00 4.146807e-07)
1.162000e+04	lowerWall	(-9.518346e-02 0.000000e+00 -4.197463e-07)	(-9.516885e-02 0.000000e+00 4.141605e-07)
1.163000e+04	lowerWall	(-9.517223e-02 0.000000e+00 -4.190730e-07)	(-9.515765e-02 0.000000e+00 4.136399e-07)
1.164000e+04	lowerWall	(-9.516103e-02 0.000000e+00 -4.183997e-07)	(-9.514647e-02 0.000000e+00 4.131191e-07)
1.165000e+04	lowerWall	(-9.514985e-02 0.000000e+00 -4.177265e-07)	(-9.513531e-02 0.000000e+00 4.125980e-07)
1.166000e+04	lowerWall	(-9.513869e-02 0.000000e+00 -4.170534e-07)	(-9.512418e-02 0.000000e+00 4.120767e-07)
1.167000e+04	lowerWall	(-9.512755e-02 0.000000e+00 -4.163806e-07)	(-9.511306e-02 0.000000e+00 4.115552e-07)
1.168000e+04	lowerWall	(-9.511644e-02 0.000000e+00 -4.157080e-07)	(-9.510197e-02 0.000000e+00 4.110336e-07)
1.169000e+04	lowerWall	(-9.510534e-02 0.000000e+00 -4.150353e-07)	(-9.509090e-02 0.000000e+00 4.105117e-07)
1.170000e+04	lowerWall	(-9.509427e-02 0.000000e+00 -4.143629e-07)	(-9.507984e-02 0.000000e+00 4.099897e-07)
1.171000e+04	lowerWall	(-9.508322e-02 0.000000e+00 -4.136911e-07)	(-9.506881e-02 0.000000e+00 4.094677e-07)
1.172000e+04	lowerWall	(-9.507218e-02 0.000000e+00 -4.130196e-07)	(-9.505780e-02 0.000000e+00 4.089456e-07)
1.173000e+04	lowerWall	(-9.506117e-02 0.000000e+00 -4.123484e-07)	(-9.504682e-02 0.000000e+00 4.084234e-07)
1.174000e+04	lowerWall	(-9.505018e-02 0.000000e+00 -4.116776e-07)	(-9.503585e-02 0.000000e+00 4.079012e-07)
1.175000e+04	lowerWall	(-9.503922e-02 0.000000e+00 -4.110072e-07)	(-9.502490e-02 0.000000e+00 4.073789e-07)
1.176000e+04	lowerWall	(-9.502827e-02 0.000000e+00 -4.103373e-07)	(-9.501397e-02 0.000000e+00 4.068565e-07)
1.177000e+04	lowerWall	(-9.501734e-02 0.000000e+00 -4.096679e-07)	(-9.500307e-02 0.000000e+00 4.063342e-07)
1.178000e+04	lowerWall	(-9.500643e-02 0.000000e+00 -4.089990e-07)	(-9.499218e-02 0.000000e+00 4.058119e-07)
1.179000e+04	lowerWall	(-9.499555e-02 0.000000e+00 -4.083307e-07)	(-9.498132e-02 0.000000e+00 4.052896e-07)
1.180000e+04	lowerWall	(-9.498468e-02 0.000000e+00 -4.076629e-07)	(-9.497047e-02 0.000000e+00 4.047673e-07)
1.181000e+04	lowerWall	(-9.497383e-02 0.000000e+00 -4.069957e-07)	(-9.495965e-02 0.000000e+00 4.042448e-07)
1.182000e+04	lowerWall	(-9.496301e-02 0.000000e+00 -4.063292e-07)	(-9.494885e-02 0.000000e+00 4.037231e-07)
1.183000e+04	lowerWall	(-9.495220e-02 0.000000e+00 -4.056632e-07)	(-9.493806e-02 0.000000e+00 4.032012e-07)
1.184000e+04	lowerWall	(-9.494142e-02 0.000000e+00 -5.063341e-07)	(-9.492716e-02 0.000000e+00 5.055679e-07)
1.185000e+04	lowerWall	(-9.493065e-02 0.000000e+00 -5.021465e-07)	(-9.491630e-02 0.000000e+00 5.015849e-07)
1.186000e+04	lowerWall	(-9.491991e-02 0.000000e+00 -4.980588e-07)	(-9.490546e-02 0.000000e+00 4.976439e-07)
1.187000e+04	lowerWall	(-9.490918e-02 0.000000e+00 -4.941792e-07)	(-9.489465e-02 0.000000e+00 4.938635e-07)
1.188000e+04	lowerWall	(-9.489848e-02 0.000000e+00 -4.904990e-07)	(-9.488387e-02 0.000000e+00 4.902401e-07)
1.189000e+04	lowerWall	(-9.488780e-02 0.000000e+00 -4.870113e-07)	(-9.487311e-02 0.000000e+00 4.867727e-07)
1.190000e+04	lowerWall	(-9.487713e-02 0.000000e+00 -4.837090e-07)	(-9.486238e-02 0.000000e+00 4.834591e-07)
1.191000e+04	lowerWall	(-9.486649e-02 0.000000e+00 -4.805833e-07)	(-9.485168e-02 0.000000e+00 4.802972e-07)
1.192000e+04	lowerWall	(-9.485586e-02 0.000000e+00 -4.776237e-07)	(-9.484100e-02 0.000000e+00 4.772777e-07)
1.193000e+04	lowerWall	(-9.484526e-02 0.000000e+00 -4.748192e-07)	(-9.483034e-02 0.000000e+00 4.743924e-07)
1.194000e+04	lowerWall	(-9.483467e-02 0.000000e+00 -4.721581e-07)	(-9.481971e-02 0.000000e+00 4.716345e-07)
1.195000e+04	lowerWall	(-9.482411e-02 0.000000e+00 -4.696290e-07)	(-9.480910e-02 0.000000e+00 4.689944e-07)
1.196000e+04	lowerWall	(-9.481357e-02 0.000000e+00 -4.672208e-07)	(-9.479851e-02 0.000000e+00 4.664628e-07)
1.197000e+04	lowerWall	(-9.480304e-02 0.000000e+00 -4.649232e-07)	(-9.478791e-02 0.000000e+00 4.640311e-07)
1.198000e+04	lowerWall	(-9.479253e-02 0.000000e+00 -4.627265e-07)	(-9.477730e-02 0.000000e+00 4.616911e-07)
1.199000e+04	lowerWall	(-9.478205e-02 0.000000e+00 -4.606219e-07)	(-9.476671e-02 0.000000e+00 4.594348e-07)
1.200000e+04	lowerWall	(-9.477158e-02 0.000000e+00 -4.586017e-07)	(-9.475615e-02 0.000000e+00 4.572552e-07)
1.201000e+04	lowerWall	(-9.476114e-02 0.000000e+00 -4.566585e-07)	(-9.474562e-02 0.000000e+00 4.551462e-07)
1.202000e+04	lowerWall	(-9.475071e-02 0.000000e+00 -4.547860e-07)	(-9.473511e-02 0.000000e+00 4.531019e-07)
1.203000e+04	lowerWall	(-9.474030e-02 0.000000e+00 -4.529780e-07)	(-9.472462e-02 0.000000e+00 4.511173e-07)
1.204000e+04	lowerWall	(-9.472991e-02 0.000000e+00 -4.512316e-07)	(-9.471416e-02 0.000000e+00 4.491879e-07)
1.205000e+04	lowerWall	(-9.471954e-02 0.000000e+00 -4.495432e-07)	(-9.470371e-02 0.000000e+00 4.473098e-07)
1.206000e+04	lowerWall	(-9.470919e-02 0.000000e+00 -4.479055e-07)	(-9.469330e-02 0.000000e+00 4.454790e-07)
1.207000e+04	lowerWall	(-9.469886e-02 0.000000e+00 -4.463154e-07)	(-9.468290e-02 0.000000e+00 4.436925e-07)
1.208000e+04	lowerWall	(-9.468855e-02 0.000000e+00 -4.447698e-07)	(-9.467253e-02 0.000000e+00 4.419473e-07)
1.209000e+04	lowerWall	(-9.467826e-02 0.000000e+00 -4.432659e-07)	(-9.466218e-02 0.000000e+00 4.402408e-07)
1.210000e+04	lowerWall	(-9.466799e-02 0.000000e+00 -4.418010e-07)	(-9.465185e-02 0.000000e+00 4.385707e-07)
1.211000e+04	lowerWall	(-9.465773e-02 0.000000e+00 -4.403729e-07)	(-9.464154e-02 0.000000e+00 4.369351e-07)
1.212000e+04	lowerWall	(-9.464750e-02 0.000000e+00 -4.389793e-07)	(-9.463126e-02 0.000000e+00 4.353322e-07)
1.213000e+04	lowerWall	(-9.463728e-02 0.000000e+00 -4.376185e-07)	(-9.462099e-02 0.000000e+00 4.337604e-07)
1.214000e+04	lowerWall	(-9.462709e-02 0.000000e+00 -4.362885e-07)	(-9.461075e-02 0.000000e+00 4.322183e-07)
1.215000e+04	lowerWall	(-9.461691e-02 0.000000e+00 -4.349880e-07)	(-9.460052e-02 0.000000e+00 4.307049e-07)
1.216000e+04	lowerWall	(-9.460675e-02 0.000000e+00 -4.337140e-07)	(-9.459032e-02 0.000000e+00 4.292199e-07)
1.217000e+04	lowerWall	(-9.459661e-02 0.000000e+00 -4.324648e-07)	(-9.458014e-02 0.000000e+00 4.277617e-07)
1.218000e+04	lowerWall	(-9.458648e-02 0.000000e+00 -4.312421e-07)	(-9.456998e-02 0.000000e+00 4.263182e-07)
1.219000e+04	lowerWall	(-9.457638e-02 0.000000e+00 -4.300341e-07)	(-9.455984e-02 0.000000e+00 4.249197e-07)
1.220000e+04	lowerWall	(-9.456630e-02 0.000000e+00 -4.288628e-07)	(-9.454972e-02 0.000000e+00 4.235130e-07)
1.221000e+04	lowerWall	(-9.455623e-02 0.000000e+00 -4.277134e-07)	(-9.453962e-02 0.000000e+00 4.221232e-07)
1.222000e+04	lowerWall	(-9.454618e-02 0.000000e+00 -4.265847e-07)	(-9.452954e-02 0.000000e+00 4.207554e-07)
1.223000e+04	lowerWall	(-9.453615e-02 0.000000e+00 -4.254752e-07)	(-9.451949e-02 0.000000e+00 4.194028e-07)
1.224000e+04	lowerWall	(-9.452614e-02 0.000000e+00 -4.243843e-07)	(-9.450945e-02 0.000000e+00 4.180701e-07)
1.225000e+04	lowerWall	(-9.451615e-02 0.000000e+00 -4.233110e-07)	(-9.449943e-02 0.000000e+00 4.167529e-07)
1.226000e+04	lowerWall	(-9.450617e-02 0.000000e+00 -4.222547e-07)	(-9.448942e-02 0.000000e+00 4.154554e-07)
1.227000e+04	lowerWall	(-9.449621e-02 0.000000e+00 -4.212144e-07)	(-9.447944e-02 0.000000e+00 4.141744e-07)
1.228000e+04	lowerWall	(-9.448628e-02 0.000000e+00 -4.201897e-07)	(-9.446948e-02 0.000000e+00 4.129095e-07)
1.229000e+04	lowerWall	(-9.447636e-02 0.000000e+00 -4.191798e-07)	(-9.445954e-02 0.000000e+00 4.116601e-07)
1.230000e+04	lowerWall	(-9.446646e-02 0.000000e+00 -4.181841e-07)	(-9.444962e-02 0.000000e+00 4.104257e-07)
1.231000e+04	lowerWall	(-9.445657e-02 0.000000e+00 -4.172020e-07)	(-9.443971e-02 0.000000e+00 4.092059e-07)
1.232000e+04	lowerWall	(-9.444671e-02 0.000000e+00 -4.162331e-07)	(-9.442983e-02 0.000000e+00 4.080000e-07)
1.233000e+04	lowerWall	(-9.443686e-02 0.000000e+00 -4.152768e-07)	(-9.441996e-02 0.000000e+00 4.068082e-07)
1.234000e+04	lowerWall	(-9.442703e-02 0.000000e+00 -4.143326e-07)	(-9.441011e-02 0.000000e+00 4.056299e-07)
1.235000e+04	lowerWall	(-9.441722e-02 0.000000e+00 -4.134000e-07)	(-9.440028e-02 0.000000e+00 4.044645e-07)
1.236000e+04	lowerWall	(-9.440743e-02 0.000000e+00 -4.124786e-07)	(-9.439047e-02 0.000000e+00 4.033117e-07)
1.237000e+04	lowerWall	(-9.439765e-02 0.000000e+00 -4.115680e-07)	(-9.438068e-02 0.000000e+00 4.021712e-07)
1.238000e+04	lowerWall	(-9.438790e-02 0.000000e+00 -4.106678e-07)	(-9.437091e-02 0.000000e+00 4.010426e-07)
1.239000e+04	lowerWall	(-9.437816e-02 0.000000e+00 -4.097776e-07)	(-9.436115e-02 0.000000e+00 3.999258e-07)
1.240000e+04	lowerWall	(-9.436843e-02 0.000000e+00 -4.088971e-07)	(-9.435142e-02 0.000000e+00 3.988196e-07)
1.241000e+04	lowerWall	(-9.435873e-02 0.000000e+00 -4.080259e-07)	(-9.434170e-02 0.000000e+00 3.977260e-07)
1.242000e+04	lowerWall	(-9.434904e-02 0.000000e+00 -4.071638e-07)	(-9.433200e-02 0.000000e+00 3.966436e-07)
1.243000e+04	lowerWall	(-9.433938e-02 0.000000e+00 -4.063104e-07)	(-9.432232e-02 0.000000e+00 3.955723e-07)
1.244000e+04	lowerWall	(-9.432973e-02 0.000000e+00 -4.054653e-07)	(-9.431265e-02 0.000000e+00 3.945083e-07)
1.245000e+04	lowerWall	(-9.432009e-02 0.000000e+00 -4.046285e-07)	(-9.430301e-02 0.000000e+00 3.934550e-07)
1.246000e+04	lowerWall	(-9.431048e-02 0.000000e+00 -4.037994e-07)	(-9.429338e-02 0.000000e+00 3.924103e-07)
1.247000e+04	lowerWall	(-9.430088e-02 0.000000e+00 -4.029780e-07)	(-9.428377e-02 0.000000e+00 3.913774e-07)
1.248000e+04	lowerWall	(-9.429130e-02 0.000000e+00 -4.021640e-07)	(-9.427418e-02 0.000000e+00 3.903528e-07)
1.249000e+04	lowerWall	(-9.428173e-02 0.000000e+00 -4.013570e-07)	(-9.426461e-02 0.000000e+00 3.893369e-07)
1.250000e+04	lowerWall	(-9.427219e-02 0.000000e+00 -4.005569e-07)	(-9.425505e-02 0.000000e+00 3.883294e-07)
1.251000e+04	lowerWall	(-9.426266e-02 0.000000e+00 -3.997635e-07)	(-9.424551e-02 0.000000e+00 3.873310e-07)
1.252000e+04	lowerWall	(-9.425315e-02 0.000000e+00 -3.989766e-07)	(-9.423599e-02 0.000000e+00 3.863408e-07)
1.253000e+04	lowerWall	(-9.424366e-02 0.000000e+00 -3.981959e-07)	(-9.422649e-02 0.000000e+00 3.853585e-07)
1.254000e+04	lowerWall	(-9.423418e-02 0.000000e+00 -3.974213e-07)	(-9.421701e-02 0.000000e+00 3.843841e-07)
1.255000e+04	lowerWall	(-9.422472e-02 0.000000e+00 -3.966525e-07)	(-9.420754e-02 0.000000e+00 3.834175e-07)
1.256000e+04	lowerWall	(-9.421528e-02 0.000000e+00 -3.958895e-07)	(-9.419809e-02 0.000000e+00 3.824584e-07)
1.257000e+04	lowerWall	(-9.420585e-02 0.000000e+00 -3.951320e-07)	(-9.418866e-02 0.000000e+00 3.815069e-07)
1.258000e+04	lowerWall	(-9.419644e-02 0.000000e+00 -3.943799e-07)	(-9.417924e-02 0.000000e+00 3.805627e-07)
1.259000e+04	lowerWall	(-9.418705e-02 0.000000e+00 -3.936330e-07)	(-9.416984e-02 0.000000e+00 3.796257e-07)
1.260000e+04	lowerWall	(-9.417768e-02 0.000000e+00 -3.928912e-07)	(-9.416046e-02 0.000000e+00 3.786957e-07)
1.261000e+04	lowerWall	(-9.416832e-02 0.000000e+00 -3.921543e-07)	(-9.415110e-02 0.000000e+00 3.777727e-07)
1.262000e+04	lowerWall	(-9.415898e-02 0.000000e+00 -3.914223e-07)	(-9.414175e-02 0.000000e+00 3.768563e-07)
1.263000e+04	lowerWall	(-9.414967e-02 0.000000e+00 -3.906949e-07)	(-9.413243e-02 0.000000e+00 3.759466e-07)
1.264000e+04	lowerWall	(-9.414036e-02 0.000000e+00 -3.899720e-07)	(-9.412311e-02 0.000000e+00 3.750433e-07)
1.265000e+04	lowerWall	(-9.413108e-02 0.000000e+00 -3.892536e-07)	(-9.411382e-02 0.000000e+00 3.741465e-07)
1.266000e+04	lowerWall	(-9.412181e-02 0.000000e+00 -3.885395e-07)	(-9.410454e-02 0.000000e+00 3.732558e-07)
1.267000e+04	lowerWall	(-9.411255e-02 0.000000e+00 -3.878297e-07)	(-9.409528e-02 0.000000e+00 3.723715e-07)
1.268000e+04	lowerWall	(-9.410332e-02 0.000000e+00 -3.871239e-07)	(-9.408604e-02 0.000000e+00 3.714933e-07)
1.269000e+04	lowerWall	(-9.409410e-02 0.000000e+00 -3.864221e-07)	(-9.407681e-02 0.000000e+00 3.706222e-07)
1.270000e+04	lowerWall	(-9.408490e-02 0.000000e+00 -3.857242e-07)	(-9.406760e-02 0.000000e+00 3.697543e-07)
1.271000e+04	lowerWall	(-9.407571e-02 0.000000e+00 -3.850302e-07)	(-9.405841e-02 0.000000e+00 3.688896e-07)
1.272000e+04	lowerWall	(-9.406654e-02 0.000000e+00 -3.843398e-07)	(-9.404923e-02 0.000000e+00 3.680311e-07)
1.273000e+04	lowerWall	(-9.405739e-02 0.000000e+00 -3.836532e-07)	(-9.404007e-02 0.000000e+00 3.671785e-07)
1.274000e+04	lowerWall	(-9.404825e-02 0.000000e+00 -3.829699e-07)	(-9.403093e-02 0.000000e+00 3.663314e-07)
1.275000e+04	lowerWall	(-9.403913e-02 0.000000e+00 -3.822902e-07)	(-9.402180e-02 0.000000e+00 3.654898e-07)
1.276000e+04	lowerWall	(-9.403002e-02 0.000000e+00 -3.816139e-07)	(-9.401269e-02 0.000000e+00 3.646535e-07)
1.277000e+04	lowerWall	(-9.402094e-02 0.000000e+00 -3.809409e-07)	(-9.400360e-02 0.000000e+00 3.638223e-07)
1.278000e+04	lowerWall	(-9.401187e-02 0.000000e+00 -3.802712e-07)	(-9.399452e-02 0.000000e+00 3.629961e-07)
1.279000e+04	lowerWall	(-9.400281e-02 0.000000e+00 -3.796049e-07)	(-9.398546e-02 0.000000e+00 3.621748e-07)
1.280000e+04	lowerWall	(-9.399377e-02 0.000000e+00 -3.789413e-07)	(-9.397642e-02 0.000000e+00 3.613583e-07)
1.281000e+04	lowerWall	(-9.398475e-02 0.000000e+00 -3.782808e-07)	(-9.396739e-02 0.000000e+00 3.605465e-07)
1.282000e+04	lowerWall	(-9.397574e-02 0.000000e+00 -3.776232e-07)	(-9.395838e-02 0.000000e+00 3.597399e-07)
1.283000e+04	lowerWall	(-9.396675e-02 0.000000e+00 -3.769686e-07)	(-9.394939e-02 0.000000e+00 3.589372e-07)
1.284000e+04	lowerWall	(-9.395778e-02 0.000000e+00 -3.763169e-07)	(-9.394041e-02 0.000000e+00 3.581390e-07)
1.285000e+04	lowerWall	(-9.394882e-02 0.000000e+00 -3.756680e-07)	(-9.393145e-02 0.000000e+00 3.573452e-07)
1.286000e+04	lowerWall	(-9.393988e-02 0.000000e+00 -3.750218e-07)	(-9.392250e-02 0.000000e+00 3.565556e-07)
1.287000e+04	lowerWall	(-9.393095e-02 0.000000e+00 -3.743783e-07)	(-9.391357e-02 0.000000e+00 3.557703e-07)
1.288000e+04	lowerWall	(-9.392204e-02 0.000000e+00 -3.737375e-07)	(-9.390466e-02 0.000000e+00 3.549891e-07)
1.289000e+04	lowerWall	(-9.391314e-02 0.000000e+00 -3.730992e-07)	(-9.389576e-02 0.000000e+00 3.542119e-07)
1.290000e+04	lowerWall	(-9.390426e-02 0.000000e+00 -3.724635e-07)	(-9.388688e-02 0.000000e+00 3.534388e-07)
1.291000e+04	lowerWall	(-9.389540e-02 0.000000e+00 -3.718303e-07)	(-9.387801e-02 0.000000e+00 3.526696e-07)
1.292000e+04	lowerWall	(-9.388655e-02 0.000000e+00 -3.711996e-07)	(-9.386916e-02 0.000000e+00 3.519043e-07)
1.293000e+04	lowerWall	(-9.387772e-02 0.000000e+00 -3.705713e-07)	(-9.386033e-02 0.000000e+00 3.511429e-07)
1.294000e+04	lowerWall	(-9.386891e-02 0.000000e+00 -3.699454e-07)	(-9.385151e-02 0.000000e+00 3.503851e-07)
1.295000e+04	lowerWall	(-9.386011e-02 0.000000e+00 -3.693218e-07)	(-9.384271e-02 0.000000e+00 3.496311e-07)
1.296000e+04	lowerWall	(-9.385132e-02 0.000000e+00 -3.687006e-07)	(-9.383392e-02 0.000000e+00 3.488807e-07)
1.297000e+04	lowerWall	(-9.384255e-02 0.000000e+00 -3.680815e-07)	(-9.382515e-02 0.000000e+00 3.481339e-07)
1.298000e+04	lowerWall	(-9.383380e-02 0.000000e+00 -3.674646e-07)	(-9.381639e-02 0.000000e+00 3.473907e-07)
1.299000e+04	lowerWall	(-9.382506e-02 0.000000e+00 -3.668499e-07)	(-9.380765e-02 0.000000e+00 3.466509e-07)
1.300000e+04	lowerWall	(-9.381634e-02 0.000000e+00 -3.662374e-07)	(-9.379893e-02 0.000000e+00 3.459146e-07)
1.301000e+04	lowerWall	(-9.380763e-02 0.000000e+00 -3.656270e-07)	(-9.379022e-02 0.000000e+00 3.451817e-07)
1.302000e+04	lowerWall	(-9.379894e-02 0.000000e+00 -3.650188e-07)	(-9.378153e-02 0.000000e+00 3.444521e-07)
1.303000e+04	lowerWall	(-9.379027e-02 0.000000e+00 -3.644125e-07)	(-9.377285e-02 0.000000e+00 3.437258e-07)
1.304000e+04	lowerWall	(-9.378160e-02 0.000000e+00 -3.638083e-07)	(-9.376419e-02 0.000000e+00 3.430027e-07)
1.305000e+04	lowerWall	(-9.377296e-02 0.000000e+00 -3.632062e-07)	(-9.375554e-02 0.000000e+00 3.422829e-07)
1.306000e+04	lowerWall	(-9.376433e-02 0.000000e+00 -3.626059e-07)	(-9.374691e-02 0.000000e+00 3.415662e-07)
1.307000e+04	lowerWall	(-9.375571e-02 0.000000e+00 -3.620077e-07)	(-9.373830e-02 0.000000e+00 3.408527e-07)
1.308000e+04	lowerWall	(-9.374711e-02 0.000000e+00 -3.614113e-07)	(-9.372970e-02 0.000000e+00 3.401422e-07)
1.309000e+04	lowerWall	(-9.373853e-02 0.000000e+00 -3.608168e-07)	(-9.372111e-02 0.000000e+00 3.394348e-07)
1.310000e+04	lowerWall	(-9.372996e-02 0.000000e+00 -3.602242e-07)	(-9.371254e-02 0.000000e+00 3.387304e-07)
1.311000e+04	lowerWall	(-9.372141e-02 0.000000e+00 -3.596336e-07)	(-9.370399e-02 0.000000e+00 3.380290e-07)
1.312000e+04	lowerWall	(-9.371287e-02 0.000000e+00 -3.590446e-07)	(-9.369545e-02 0.000000e+00 3.373305e-07)
1.313000e+04	lowerWall	(-9.370434e-02 0.000000e+00 -3.584575e-07)	(-9.368693e-02 0.000000e+00 3.366348e-07)
1.314000e+04	lowerWall	(-9.369583e-02 0.000000e+00 -3.578721e-07)	(-9.367842e-02 0.000000e+00 3.359421e-07)
1.315000e+04	lowerWall	(-9.368734e-02 0.000000e+00 -3.572885e-07)	(-9.366993e-02 0.000000e+00 3.352522e-07)
1.316000e+04	lowerWall	(-9.367886e-02 0.000000e+00 -3.567067e-07)	(-9.366145e-02 0.000000e+00 3.345651e-07)
1.317000e+04	lowerWall	(-9.367040e-02 0.000000e+00 -3.561265e-07)	(-9.365298e-02 0.000000e+00 3.338808e-07)
1.318000e+04	lowerWall	(-9.366195e-02 0.000000e+00 -3.555480e-07)	(-9.364454e-02 0.000000e+00 3.331992e-07)
1.319000e+04	lowerWall	(-9.365351e-02 0.000000e+00 -3.549711e-07)	(-9.363610e-02 0.000000e+00 3.325204e-07)
1.320000e+04	lowerWall	(-9.364509e-02 0.000000e+00 -3.543960e-07)	(-9.362768e-02 0.000000e+00 3.318443e-07)
1.321000e+04	lowerWall	(-9.363669e-02 0.000000e+00 -3.538224e-07)	(-9.361928e-02 0.000000e+00 3.311709e-07)
1.322000e+04	lowerWall	(-9.362830e-02 0.000000e+00 -3.532505e-07)	(-9.361089e-02 0.000000e+00 3.305002e-07)
1.323000e+04	lowerWall	(-9.361992e-02 0.000000e+00 -3.526802e-07)	(-9.360252e-02 0.000000e+00 3.298324e-07)
1.324000e+04	lowerWall	(-9.361156e-02 0.000000e+00 -3.521114e-07)	(-9.359416e-02 0.000000e+00 3.291684e-07)
1.325000e+04	lowerWall	(-9.360322e-02 0.000000e+00 -3.515443e-07)	(-9.358581e-02 0.000000e+00 3.285046e-07)
1.326000e+04	lowerWall	(-9.359489e-02 0.000000e+00 -3.509787e-07)	(-9.357748e-02 0.000000e+00 3.278416e-07)
1.327000e+04	lowerWall	(-9.358657e-02 0.000000e+00 -3.504146e-07)	(-9.356917e-02 0.000000e+00 3.271815e-07)
1.328000e+04	lowerWall	(-9.357827e-02 0.000000e+00 -3.498520e-07)	(-9.356087e-02 0.000000e+00 3.265241e-07)
1.329000e+04	lowerWall	(-9.356998e-02 0.000000e+00 -3.492909e-07)	(-9.355258e-02 0.000000e+00 3.258692e-07)
1.330000e+04	lowerWall	(-9.356171e-02 0.000000e+00 -3.487313e-07)	(-9.354431e-02 0.000000e+00 3.252168e-07)
1.331000e+04	lowerWall	(-9.355345e-02 0.000000e+00 -3.481730e-07)	(-9.353606e-02 0.000000e+00 3.245668e-07)
1.332000e+04	lowerWall	(-9.354520e-02 0.000000e+00 -3.476163e-07)	(-9.352781e-02 0.000000e+00 3.239193e-07)
1.333000e+04	lowerWall	(-9.353697e-02 0.000000e+00 -3.470610e-07)	(-9.351959e-02 0.000000e+00 3.232740e-07)
1.334000e+04	lowerWall	(-9.352876e-02 0.000000e+00 -3.465071e-07)	(-9.351137e-02 0.000000e+00 3.226311e-07)
1.335000e+04	lowerWall	(-9.352056e-02 0.000000e+00 -3.459544e-07)	(-9.350317e-02 0.000000e+00 3.219904e-07)
1.336000e+04	lowerWall	(-9.351237e-02 0.000000e+00 -3.454035e-07)	(-9.349499e-02 0.000000e+00 3.213520e-07)
1.337000e+04	lowerWall	(-9.350420e-02 0.000000e+00 -3.448537e-07)	(-9.348682e-02 0.000000e+00 3.207159e-07)
1.338000e+04	lowerWall	(-9.349604e-02 0.000000e+00 -3.443053e-07)	(-9.347867e-02 0.000000e+00 3.200819e-07)
1.339000e+04	lowerWall	(-9.348789e-02 0.000000e+00 -3.437582e-07)	(-9.347052e-02 0.000000e+00 3.194501e-07)
1.340000e+04	lowerWall	(-9.347976e-02 0.000000e+00 -3.432125e-07)	(-9.346240e-02 0.000000e+00 3.188204e-07)
1.341000e+04	lowerWall	(-9.347165e-02 0.000000e+00 -3.426682e-07)	(-9.345428e-02 0.000000e+00 3.181928e-07)
1.342000e+04	lowerWall	(-9.346355e-02 0.000000e+00 -3.421251e-07)	(-9.344619e-02 0.000000e+00 3.175674e-07)
1.343000e+04	lowerWall	(-9.345546e-02 0.000000e+00 -3.415835e-07)	(-9.343810e-02 0.000000e+00 3.169441e-07)
1.344000e+04	lowerWall	(-9.344739e-02 0.000000e+00 -3.410431e-07)	(-9.343003e-02 0.000000e+00 3.163228e-07)
1.345000e+04	lowerWall	(-9.343933e-02 0.000000e+00 -3.405040e-07)	(-9.342198e-02 0.000000e+00 3.157035e-07)
1.346000e+04	lowerWall	(-9.343128e-02 0.000000e+00 -3.399662e-07)	(-9.341393e-02 0.000000e+00 3.150863e-07)
1.347000e+04	lowerWall	(-9.342325e-02 0.000000e+00 -3.394296e-07)	(-9.340591e-02 0.000000e+00 3.144708e-07)
1.348000e+04	lowerWall	(-9.341523e-02 0.000000e+00 -3.388943e-07)	(-9.339789e-02 0.000000e+00 3.138587e-07)
1.349000e+04	lowerWall	(-9.340723e-02 0.000000e+00 -3.383603e-07)	(-9.338989e-02 0.000000e+00 3.132473e-07)
1.350000e+04	lowerWall	(-9.339924e-02 0.000000e+00 -3.378275e-07)	(-9.338191e-02 0.000000e+00 3.126379e-07)
1.351000e+04	lowerWall	(-9.339126e-02 0.000000e+00 -3.372961e-07)	(-9.337393e-02 0.000000e+00 3.120303e-07)
1.352000e+04	lowerWall	(-9.338330e-02 0.000000e+00 -3.367656e-07)	(-9.336598e-02 0.000000e+00 3.114247e-07)
1.353000e+04	lowerWall	(-9.337535e-02 0.000000e+00 -3.362365e-07)	(-9.335803e-02 0.000000e+00 3.108210e-07)
1.354000e+04	lowerWall	(-9.336742e-02 0.000000e+00 -3.357085e-07)	(-9.335010e-02 0.000000e+00 3.102191e-07)
1.355000e+04	lowerWall	(-9.335950e-02 0.000000e+00 -3.351819e-07)	(-9.334219e-02 0.000000e+00 3.096191e-07)
1.356000e+04	lowerWall	(-9.335159e-02 0.000000e+00 -3.346566e-07)	(-9.333428e-02 0.000000e+00 3.090209e-07)
1.357000e+04	lowerWall	(-9.334370e-02 0.000000e+00 -3.341323e-07)	(-9.332639e-02 0.000000e+00 3.084244e-07)
1.358000e+04	lowerWall	(-9.333582e-02 0.000000e+00 -3.336091e-07)	(-9.331852e-02 0.000000e+00 3.078299e-07)
1.359000e+04	lowerWall	(-9.332796e-02 0.000000e+00 -3.330872e-07)	(-9.331066e-02 0.000000e+00 3.072371e-07)
1.360000e+04	lowerWall	(-9.332011e-02 0.000000e+00 -3.325664e-07)	(-9.330281e-02 0.000000e+00 3.066460e-07)
1.361000e+04	lowerWall	(-9.331227e-02 0.000000e+00 -3.320468e-07)	(-9.329498e-02 0.000000e+00 3.060568e-07)
1.362000e+04	lowerWall	(-9.330445e-02 0.000000e+00 -3.315282e-07)	(-9.328715e-02 0.000000e+00 3.054693e-07)
1.363000e+04	lowerWall	(-9.329664e-02 0.000000e+00 -3.310108e-07)	(-9.327935e-02 0.000000e+00 3.048836e-07)
1.364000e+04	lowerWall	(-9.328884e-02 0.000000e+00 -3.304946e-07)	(-9.327155e-02 0.000000e+00 3.042995e-07)
1.365000e+04	lowerWall	(-9.328106e-02 0.000000e+00 -3.299795e-07)	(-9.326377e-02 0.000000e+00 3.037172e-07)
1.366000e+04	lowerWall	(-9.327329e-02 0.000000e+00 -3.294654e-07)	(-9.325601e-02 0.000000e+00 3.031366e-07)
1.367000e+04	lowerWall	(-9.326554e-02 0.000000e+00 -3.289525e-07)	(-9.324825e-02 0.000000e+00 3.025578e-07)
1.368000e+04	lowerWall	(-9.325780e-02 0.000000e+00 -3.284407e-07)	(-9.324051e-02 0.000000e+00 3.019807e-07)
1.369000e+04	lowerWall	(-9.325007e-02 0.000000e+00 -3.279300e-07)	(-9.323279e-02 0.000000e+00 3.014055e-07)
1.370000e+04	lowerWall	(-9.324235e-02 0.000000e+00 -3.274204e-07)	(-9.322508e-02 0.000000e+00 3.008325e-07)
1.371000e+04	lowerWall	(-9.323465e-02 0.000000e+00 -3.269118e-07)	(-9.321738e-02 0.000000e+00 3.002611e-07)
1.372000e+04	lowerWall	(-9.322696e-02 0.000000e+00 -3.264044e-07)	(-9.320969e-02 0.000000e+00 2.996888e-07)
1.373000e+04	lowerWall	(-9.321929e-02 0.000000e+00 -3.258980e-07)	(-9.320202e-02 0.000000e+00 2.991184e-07)
1.374000e+04	lowerWall	(-9.321162e-02 0.000000e+00 -3.253926e-07)	(-9.319436e-02 0.000000e+00 2.985498e-07)
1.375000e+04	lowerWall	(-9.320397e-02 0.000000e+00 -3.248884e-07)	(-9.318671e-02 0.000000e+00 2.979828e-07)
1.376000e+04	lowerWall	(-9.319634e-02 0.000000e+00 -3.243851e-07)	(-9.317908e-02 0.000000e+00 2.974175e-07)
1.377000e+04	lowerWall	(-9.318871e-02 0.000000e+00 -3.238830e-07)	(-9.317146e-02 0.000000e+00 2.968538e-07)
1.378000e+04	lowerWall	(-9.318111e-02 0.000000e+00 -3.233818e-07)	(-9.316385e-02 0.000000e+00 2.962916e-07)
1.379000e+04	lowerWall	(-9.317351e-02 0.000000e+00 -3.228817e-07)	(-9.315626e-02 0.000000e+00 2.957309e-07)
1.380000e+04	lowerWall	(-9.316592e-02 0.000000e+00 -3.223826e-07)	(-9.314868e-02 0.000000e+00 2.951718e-07)
1.381000e+04	lowerWall	(-9.315835e-02 0.000000e+00 -3.218846e-07)	(-9.314111e-02 0.000000e+00 2.946142e-07)
1.382000e+04	lowerWall	(-9.315080e-02 0.000000e+00 -3.213875e-07)	(-9.313355e-02 0.000000e+00 2.940580e-07)
1.383000e+04	lowerWall	(-9.314325e-02 0.000000e+00 -3.208915e-07)	(-9.312601e-02 0.000000e+00 2.935034e-07)
1.384000e+04	lowerWall	(-9.313572e-02 0.000000e+00 -3.203965e-07)	(-9.311848e-02 0.000000e+00 2.929502e-07)
1.385000e+04	lowerWall	(-9.312820e-02 0.000000e+00 -3.199025e-07)	(-9.311097e-02 0.000000e+00 2.923985e-07)
1.386000e+04	lowerWall	(-9.312069e-02 0.000000e+00 -3.194095e-07)	(-9.310346e-02 0.000000e+00 2.918482e-07)
1.387000e+04	lowerWall	(-9.311320e-02 0.000000e+00 -3.189175e-07)	(-9.309597e-02 0.000000e+00 2.912993e-07)
1.388000e+04	lowerWall	(-9.310572e-02 0.000000e+00 -3.184264e-07)	(-9.308850e-02 0.000000e+00 2.907519e-07)
1.389000e+04	lowerWall	(-9.309825e-02 0.000000e+00 -3.179364e-07)	(-9.308103e-02 0.000000e+00 2.902059e-07)
1.390000e+04	lowerWall	(-9.309080e-02 0.000000e+00 -3.174474e-07)	(-9.307358e-02 0.000000e+00 2.896612e-07)
1.391000e+04	lowerWall	(-9.308335e-02 0.000000e+00 -3.169593e-07)	(-9.306614e-02 0.000000e+00 2.891180e-07)
1.392000e+04	lowerWall	(-9.307592e-02 0.000000e+00 -3.164722e-07)	(-9.305872e-02 0.000000e+00 2.885762e-07)
1.393000e+04	lowerWall	(-9.306851e-02 0.000000e+00 -3.159862e-07)	(-9.305130e-02 0.000000e+00 2.880357e-07)
1.394000e+04	lowerWall	(-9.306110e-02 0.000000e+00 -3.155007e-07)	(-9.304390e-02 0.000000e+00 2.874966e-07)
1.395000e+04	lowerWall	(-9.305371e-02 0.000000e+00 -3.150165e-07)	(-9.303651e-02 0.000000e+00 2.869589e-07)
1.396000e+04	lowerWall	(-9.304633e-02 0.000000e+00 -3.145332e-07)	(-9.302914e-02 0.000000e+00 2.864225e-07)
1.397000e+04	lowerWall	(-9.303896e-02 0.000000e+00 -3.140509e-07)	(-9.302178e-02 0.000000e+00 2.858875e-07)
1.398000e+04	lowerWall	(-9.303161e-02 0.000000e+00 -3.135695e-07)	(-9.301443e-02 0.000000e+00 2.853538e-07)
1.399000e+04	lowerWall	(-9.302427e-02 0.000000e+00 -3.130891e-07)	(-9.300709e-02 0.000000e+00 2.848214e-07)
1.400000e+04	lowerWall	(-9.301694e-02 0.000000e+00 -3.126096e-07)	(-9.299976e-02 0.000000e+00 2.842904e-07)
1.401000e+04	lowerWall	(-9.300962e-02 0.000000e+00 -3.121310e-07)	(-9.299245e-02 0.000000e+00 2.837606e-07)
1.402000e+04	lowerWall	(-9.300232e-02 0.000000e+00 -3.116533e-07)	(-9.298515e-02 0.000000e+00 2.832323e-07)
1.403000e+04	lowerWall	(-9.299502e-02 0.000000e+00 -3.111768e-07)	(-9.297786e-02 0.000000e+00 2.827052e-07)
1.404000e+04	lowerWall	(-9.298774e-02 0.000000e+00 -3.107009e-07)	(-9.297059e-02 0.000000e+00 2.821796e-07)
1.405000e+04	lowerWall	(-9.298048e-02 0.000000e+00 -3.102261e-07)	(-9.296333e-02 0.000000e+00 2.816554e-07)
1.406000e+04	lowerWall	(-9.297322e-02 0.000000e+00 -3.097521e-07)	(-9.295608e-02 0.000000e+00 2.811337e-07)
1.407000e+04	lowerWall	(-9.296598e-02 0.000000e+00 -3.092791e-07)	(-9.294884e-02 0.000000e+00 2.806108e-07)
1.408000e+04	lowerWall	(-9.295875e-02 0.000000e+00 -3.088070e-07)	(-9.294161e-02 0.000000e+00 2.800892e-07)
1.409000e+04	lowerWall	(-9.295153e-02 0.000000e+00 -3.083358e-07)	(-9.293440e-02 0.000000e+00 2.795690e-07)
1.410000e+04	lowerWall	(-9.294432e-02 0.000000e+00 -3.078655e-07)	(-9.292720e-02 0.000000e+00 2.790503e-07)
1.411000e+04	lowerWall	(-9.293713e-02 0.000000e+00 -3.073961e-07)	(-9.292001e-02 0.000000e+00 2.785326e-07)
1.412000e+04	lowerWall	(-9.292995e-02 0.000000e+00 -3.069276e-07)	(-9.291283e-02 0.000000e+00 2.780162e-07)
1.413000e+04	lowerWall	(-9.292278e-02 0.000000e+00 -3.064599e-07)	(-9.290567e-02 0.000000e+00 2.775009e-07)
1.414000e+04	lowerWall	(-9.291562e-02 0.000000e+00 -3.059932e-07)	(-9.289852e-02 0.000000e+00 2.769869e-07)
1.415000e+04	lowerWall	(-9.290848e-02 0.000000e+00 -3.055274e-07)	(-9.289138e-02 0.000000e+00 2.764741e-07)
1.416000e+04	lowerWall	(-9.290134e-02 0.000000e+00 -3.050624e-07)	(-9.288425e-02 0.000000e+00 2.759624e-07)
1.417000e+04	lowerWall	(-9.289422e-02 0.000000e+00 -3.045985e-07)	(-9.287713e-02 0.000000e+00 2.754520e-07)
1.418000e+04	lowerWall	(-9.288711e-02 0.000000e+00 -3.041349e-07)	(-9.287003e-02 0.000000e+00 2.749427e-07)
1.419000e+04	lowerWall	(-9.288002e-02 0.000000e+00 -3.036727e-07)	(-9.286294e-02 0.000000e+00 2.744345e-07)
1.420000e+04	lowerWall	(-9.287293e-02 0.000000e+00 -3.032112e-07)	(-9.285586e-02 0.000000e+00 2.739275e-07)
1.421000e+04	lowerWall	(-9.286586e-02 0.000000e+00 -3.027506e-07)	(-9.284879e-02 0.000000e+00 2.734217e-07)
1.422000e+04	lowerWall	(-9.285880e-02 0.000000e+00 -3.022908e-07)	(-9.284173e-02 0.000000e+00 2.729169e-07)
1.423000e+04	lowerWall	(-9.285175e-02 0.000000e+00 -3.018322e-07)	(-9.283469e-02 0.000000e+00 2.724133e-07)
1.424000e+04	lowerWall	(-9.284471e-02 0.000000e+00 -3.013745e-07)	(-9.282766e-02 0.000000e+00 2.719109e-07)
1.425000e+04	lowerWall	(-9.283768e-02 0.000000e+00 -3.009173e-07)	(-9.282064e-02 0.000000e+00 2.714095e-07)
1.426000e+04	lowerWall	(-9.283067e-02 0.000000e+00 -3.004610e-07)	(-9.281363e-02 0.000000e+00 2.709093e-07)
1.427000e+04	lowerWall	(-9.282367e-02 0.000000e+00 -3.000055e-07)	(-9.280663e-02 0.000000e+00 2.704102e-07)
1.428000e+04	lowerWall	(-9.281668e-02 0.000000e+00 -2.995509e-07)	(-9.279965e-02 0.000000e+00 2.699122e-07)
1.429000e+04	lowerWall	(-9.280970e-02 0.000000e+00 -2.990972e-07)	(-9.279268e-02 0.000000e+00 2.694153e-07)
1.430000e+04	lowerWall	(-9.280273e-02 0.000000e+00 -2.986443e-07)	(-9.278571e-02 0.000000e+00 2.689195e-07)
1.431000e+04	lowerWall	(-9.279578e-02 0.000000e+00 -2.981923e-07)	(-9.277877e-02 0.000000e+00 2.684249e-07)
1.432000e+04	lowerWall	(-9.278883e-02 0.000000e+00 -2.977411e-07)	(-9.277183e-02 0.000000e+00 2.679320e-07)
1.433000e+04	lowerWall	(-9.278190e-02 0.000000e+00 -2.972908e-07)	(-9.276490e-02 0.000000e+00 2.674392e-07)
1.434000e+04	lowerWall	(-9.277498e-02 0.000000e+00 -2.968412e-07)	(-9.275799e-02 0.000000e+00 2.669474e-07)
1.435000e+04	lowerWall	(-9.276807e-02 0.000000e+00 -2.963925e-07)	(-9.275109e-02 0.000000e+00 2.664567e-07)
1.436000e+04	lowerWall	(-9.276117e-02 0.000000e+00 -2.959447e-07)	(-9.274420e-02 0.000000e+00 2.659671e-07)
1.437000e+04	lowerWall	(-9.275429e-02 0.000000e+00 -2.954976e-07)	(-9.273732e-02 0.000000e+00 2.654784e-07)
1.438000e+04	lowerWall	(-9.274742e-02 0.000000e+00 -2.950514e-07)	(-9.273045e-02 0.000000e+00 2.649909e-07)
1.439000e+04	lowerWall	(-9.274055e-02 0.000000e+00 -2.946060e-07)	(-9.272359e-02 0.000000e+00 2.645044e-07)
1.440000e+04	lowerWall	(-9.273370e-02 0.000000e+00 -2.941614e-07)	(-9.271675e-02 0.000000e+00 2.640189e-07)
1.441000e+04	lowerWall	(-9.272686e-02 0.000000e+00 -2.937176e-07)	(-9.270991e-02 0.000000e+00 2.635344e-07)
1.442000e+04	lowerWall	(-9.272003e-02 0.000000e+00 -2.932747e-07)	(-9.270309e-02 0.000000e+00 2.630509e-07)
1.443000e+04	lowerWall	(-9.271322e-02 0.000000e+00 -2.928325e-07)	(-9.269628e-02 0.000000e+00 2.625685e-07)
1.444000e+04	lowerWall	(-9.270641e-02 0.000000e+00 -2.923911e-07)	(-9.268948e-02 0.000000e+00 2.620870e-07)
1.445000e+04	lowerWall	(-9.269962e-02 0.000000e+00 -2.919504e-07)	(-9.268270e-02 0.000000e+00 2.616066e-07)
1.446000e+04	lowerWall	(-9.269284e-02 0.000000e+00 -2.915109e-07)	(-9.267592e-02 0.000000e+00 2.611271e-07)
1.447000e+04	lowerWall	(-9.268606e-02 0.000000e+00 -2.910721e-07)	(-9.266916e-02 0.000000e+00 2.606486e-07)
1.448000e+04	lowerWall	(-9.267930e-02 0.000000e+00 -2.906342e-07)	(-9.266240e-02 0.000000e+00 2.601711e-07)
1.449000e+04	lowerWall	(-9.267256e-02 0.000000e+00 -2.901967e-07)	(-9.265566e-02 0.000000e+00 2.596946e-07)
1.450000e+04	lowerWall	(-9.266582e-02 0.000000e+00 -2.897604e-07)	(-9.264893e-02 0.000000e+00 2.592190e-07)
1.451000e+04	lowerWall	(-9.265909e-02 0.000000e+00 -2.893248e-07)	(-9.264221e-02 0.000000e+00 2.587444e-07)
1.452000e+04	lowerWall	(-9.265238e-02 0.000000e+00 -2.888901e-07)	(-9.263550e-02 0.000000e+00 2.582706e-07)
1.453000e+04	lowerWall	(-9.264567e-02 0.000000e+00 -2.884560e-07)	(-9.262881e-02 0.000000e+00 2.577979e-07)
1.454000e+04	lowerWall	(-9.263898e-02 0.000000e+00 -2.880228e-07)	(-9.262212e-02 0.000000e+00 2.573262e-07)
1.455000e+04	lowerWall	(-9.263230e-02 0.000000e+00 -2.875904e-07)	(-9.261545e-02 0.000000e+00 2.568554e-07)
1.456000e+04	lowerWall	(-9.262563e-02 0.000000e+00 -2.871587e-07)	(-9.260878e-02 0.000000e+00 2.563856e-07)
1.457000e+04	lowerWall	(-9.261897e-02 0.000000e+00 -2.867279e-07)	(-9.260213e-02 0.000000e+00 2.559166e-07)
1.458000e+04	lowerWall	(-9.261233e-02 0.000000e+00 -2.862978e-07)	(-9.259549e-02 0.000000e+00 2.554489e-07)
1.459000e+04	lowerWall	(-9.260569e-02 0.000000e+00 -2.858685e-07)	(-9.258886e-02 0.000000e+00 2.549819e-07)
1.460000e+04	lowerWall	(-9.259907e-02 0.000000e+00 -2.854400e-07)	(-9.258224e-02 0.000000e+00 2.545157e-07)
1.461000e+04	lowerWall	(-9.259246e-02 0.000000e+00 -2.850122e-07)	(-9.257563e-02 0.000000e+00 2.540505e-07)
1.462000e+04	lowerWall	(-9.258585e-02 0.000000e+00 -2.845851e-07)	(-9.256904e-02 0.000000e+00 2.535861e-07)
1.463000e+04	lowerWall	(-9.257926e-02 0.000000e+00 -2.841592e-07)	(-9.256245e-02 0.000000e+00 2.531227e-07)
1.464000e+04	lowerWall	(-9.257268e-02 0.000000e+00 -2.837338e-07)	(-9.255588e-02 0.000000e+00 2.526602e-07)
1.465000e+04	lowerWall	(-9.256611e-02 0.000000e+00 -2.833092e-07)	(-9.254931e-02 0.000000e+00 2.521986e-07)
1.466000e+04	lowerWall	(-9.255956e-02 0.000000e+00 -2.828853e-07)	(-9.254276e-02 0.000000e+00 2.517376e-07)
1.467000e+04	lowerWall	(-9.255301e-02 0.000000e+00 -2.824622e-07)	(-9.253622e-02 0.000000e+00 2.512769e-07)
1.468000e+04	lowerWall	(-9.254647e-02 0.000000e+00 -2.820398e-07)	(-9.252969e-02 0.000000e+00 2.508179e-07)
1.469000e+04	lowerWall	(-9.253995e-02 0.000000e+00 -2.816182e-07)	(-9.252316e-02 0.000000e+00 2.503596e-07)
1.470000e+04	lowerWall	(-9.253343e-02 0.000000e+00 -2.811974e-07)	(-9.251666e-02 0.000000e+00 2.499022e-07)
1.471000e+04	lowerWall	(-9.252693e-02 0.000000e+00 -2.807773e-07)	(-9.251016e-02 0.000000e+00 2.494456e-07)
1.472000e+04	lowerWall	(-9.252044e-02 0.000000e+00 -2.803580e-07)	(-9.250367e-02 0.000000e+00 2.489899e-07)
1.473000e+04	lowerWall	(-9.251395e-02 0.000000e+00 -2.799395e-07)	(-9.249719e-02 0.000000e+00 2.485350e-07)
1.474000e+04	lowerWall	(-9.250748e-02 0.000000e+00 -2.795217e-07)	(-9.249072e-02 0.000000e+00 2.480809e-07)
1.475000e+04	lowerWall	(-9.250102e-02 0.000000e+00 -2.791046e-07)	(-9.248427e-02 0.000000e+00 2.476277e-07)
1.476000e+04	lowerWall	(-9.249457e-02 0.000000e+00 -2.786883e-07)	(-9.247782e-02 0.000000e+00 2.471752e-07)
1.477000e+04	lowerWall	(-9.248813e-02 0.000000e+00 -2.782728e-07)	(-9.247139e-02 0.000000e+00 2.467236e-07)
1.478000e+04	lowerWall	(-9.248170e-02 0.000000e+00 -2.778580e-07)	(-9.246497e-02 0.000000e+00 2.462726e-07)
1.479000e+04	lowerWall	(-9.247528e-02 0.000000e+00 -2.774439e-07)	(-9.245855e-02 0.000000e+00 2.458220e-07)
1.480000e+04	lowerWall	(-9.246887e-02 0.000000e+00 -2.770306e-07)	(-9.245215e-02 0.000000e+00 2.453733e-07)
1.481000e+04	lowerWall	(-9.246248e-02 0.000000e+00 -2.766180e-07)	(-9.244576e-02 0.000000e+00 2.449253e-07)
1.482000e+04	lowerWall	(-9.245609e-02 0.000000e+00 -2.762062e-07)	(-9.243938e-02 0.000000e+00 2.444781e-07)
1.483000e+04	lowerWall	(-9.244971e-02 0.000000e+00 -2.757951e-07)	(-9.243301e-02 0.000000e+00 2.440317e-07)
1.484000e+04	lowerWall	(-9.244335e-02 0.000000e+00 -2.753847e-07)	(-9.242665e-02 0.000000e+00 2.435861e-07)
1.485000e+04	lowerWall	(-9.243699e-02 0.000000e+00 -2.749751e-07)	(-9.242030e-02 0.000000e+00 2.431413e-07)
1.486000e+04	lowerWall	(-9.243065e-02 0.000000e+00 -2.745661e-07)	(-9.241396e-02 0.000000e+00 2.426974e-07)
1.487000e+04	lowerWall	(-9.242431e-02 0.000000e+00 -2.741581e-07)	(-9.240763e-02 0.000000e+00 2.422544e-07)
1.488000e+04	lowerWall	(-9.241799e-02 0.000000e+00 -2.737513e-07)	(-9.240131e-02 0.000000e+00 2.418123e-07)
1.489000e+04	lowerWall	(-9.241167e-02 0.000000e+00 -2.733445e-07)	(-9.239500e-02 0.000000e+00 2.413703e-07)
1.490000e+04	lowerWall	(-9.240537e-02 0.000000e+00 -2.729384e-07)	(-9.238870e-02 0.000000e+00 2.409317e-07)
1.491000e+04	lowerWall	(-9.239908e-02 0.000000e+00 -2.725332e-07)	(-9.238242e-02 0.000000e+00 2.404927e-07)
1.492000e+04	lowerWall	(-9.239279e-02 0.000000e+00 -2.721287e-07)	(-9.237614e-02 0.000000e+00 2.400544e-07)
1.493000e+04	lowerWall	(-9.238652e-02 0.000000e+00 -2.717250e-07)	(-9.236987e-02 0.000000e+00 2.396171e-07)
1.494000e+04	lowerWall	(-9.238026e-02 0.000000e+00 -1.264754e-07)	(-9.236504e-02 0.000000e+00 1.120644e-07)
1.494100e+04	lowerWall	(-9.237963e-02 0.000000e+00 -2.870253e-07)	(-9.236317e-02 0.000000e+00 2.550163e-07)
