# Wall shear stress
# Time        	patch         	min           	max           
0.000000e+00	lowerWall	(-1.067407e+00 0.000000e+00 0.000000e+00)	(-1.067407e+00 0.000000e+00 0.000000e+00)
1.000000e+01	lowerWall	(-1.003605e+00 0.000000e+00 -1.848082e-04)	(-1.001729e+00 0.000000e+00 1.767913e-04)
2.000000e+01	lowerWall	(-9.454587e-01 0.000000e+00 -3.835736e-04)	(-9.417239e-01 0.000000e+00 3.788965e-04)
3.000000e+01	lowerWall	(-8.925936e-01 0.000000e+00 -4.802803e-04)	(-8.875579e-01 0.000000e+00 4.786585e-04)
4.000000e+01	lowerWall	(-8.444757e-01 0.000000e+00 -5.075632e-04)	(-8.386153e-01 0.000000e+00 5.076252e-04)
5.000000e+01	lowerWall	(-8.006274e-01 0.000000e+00 -5.049164e-04)	(-7.941538e-01 0.000000e+00 5.075878e-04)
6.000000e+01	lowerWall	(-7.606224e-01 0.000000e+00 -4.876203e-04)	(-7.536616e-01 0.000000e+00 4.935637e-04)
7.000000e+01	lowerWall	(-7.240786e-01 0.000000e+00 -4.643056e-04)	(-7.167052e-01 0.000000e+00 4.736720e-04)
8.000000e+01	lowerWall	(-6.906540e-01 0.000000e+00 -4.385635e-04)	(-6.829399e-01 0.000000e+00 4.512707e-04)
9.000000e+01	lowerWall	(-6.600429e-01 0.000000e+00 -4.122050e-04)	(-6.520411e-01 0.000000e+00 4.279331e-04)
1.000000e+02	lowerWall	(-6.319713e-01 0.000000e+00 -3.859928e-04)	(-6.237271e-01 0.000000e+00 4.040747e-04)
1.100000e+02	lowerWall	(-6.061935e-01 0.000000e+00 -3.602546e-04)	(-5.977634e-01 0.000000e+00 3.791579e-04)
1.200000e+02	lowerWall	(-5.824895e-01 0.000000e+00 -3.347931e-04)	(-5.739118e-01 0.000000e+00 3.534373e-04)
1.300000e+02	lowerWall	(-5.606618e-01 0.000000e+00 -3.090809e-04)	(-5.519757e-01 0.000000e+00 3.278560e-04)
1.400000e+02	lowerWall	(-5.405330e-01 0.000000e+00 -2.836694e-04)	(-5.317690e-01 0.000000e+00 3.031773e-04)
1.500000e+02	lowerWall	(-5.219440e-01 0.000000e+00 -2.591740e-04)	(-5.131255e-01 0.000000e+00 2.796626e-04)
1.600000e+02	lowerWall	(-5.047523e-01 0.000000e+00 -2.359204e-04)	(-4.958970e-01 0.000000e+00 2.575192e-04)
1.700000e+02	lowerWall	(-4.888294e-01 0.000000e+00 -2.140247e-04)	(-4.799575e-01 0.000000e+00 2.364271e-04)
1.800000e+02	lowerWall	(-4.740591e-01 0.000000e+00 -1.935499e-04)	(-4.651896e-01 0.000000e+00 2.165930e-04)
1.900000e+02	lowerWall	(-4.603373e-01 0.000000e+00 -1.742460e-04)	(-4.514827e-01 0.000000e+00 1.984655e-04)
2.000000e+02	lowerWall	(-4.475703e-01 0.000000e+00 -1.561349e-04)	(-4.387377e-01 0.000000e+00 1.820188e-04)
2.100000e+02	lowerWall	(-4.356739e-01 0.000000e+00 -1.397228e-04)	(-4.268675e-01 0.000000e+00 1.668571e-04)
2.200000e+02	lowerWall	(-4.245719e-01 0.000000e+00 -1.249856e-04)	(-4.157930e-01 0.000000e+00 1.530690e-04)
2.300000e+02	lowerWall	(-4.141955e-01 0.000000e+00 -1.117572e-04)	(-4.054436e-01 0.000000e+00 1.405374e-04)
2.400000e+02	lowerWall	(-4.044812e-01 0.000000e+00 -9.990861e-05)	(-3.957547e-01 0.000000e+00 1.292160e-04)
2.500000e+02	lowerWall	(-3.953744e-01 0.000000e+00 -8.927045e-05)	(-3.866656e-01 0.000000e+00 1.193730e-04)
2.600000e+02	lowerWall	(-3.868246e-01 0.000000e+00 -8.404738e-05)	(-3.781259e-01 0.000000e+00 1.111428e-04)
2.700000e+02	lowerWall	(-3.787860e-01 0.000000e+00 -8.431507e-05)	(-3.700945e-01 0.000000e+00 1.042020e-04)
2.800000e+02	lowerWall	(-3.712169e-01 0.000000e+00 -8.517993e-05)	(-3.625321e-01 0.000000e+00 1.057142e-04)
2.900000e+02	lowerWall	(-3.640799e-01 0.000000e+00 -8.716285e-05)	(-3.554019e-01 0.000000e+00 1.083938e-04)
3.000000e+02	lowerWall	(-3.573409e-01 0.000000e+00 -8.904884e-05)	(-3.486686e-01 0.000000e+00 1.105875e-04)
3.100000e+02	lowerWall	(-3.509689e-01 0.000000e+00 -9.072365e-05)	(-3.422995e-01 0.000000e+00 1.121697e-04)
3.200000e+02	lowerWall	(-3.449358e-01 0.000000e+00 -9.212062e-05)	(-3.362663e-01 0.000000e+00 1.130103e-04)
3.300000e+02	lowerWall	(-3.392160e-01 0.000000e+00 -9.319900e-05)	(-3.305455e-01 0.000000e+00 1.130552e-04)
3.400000e+02	lowerWall	(-3.337861e-01 0.000000e+00 -9.410285e-05)	(-3.251164e-01 0.000000e+00 1.122990e-04)
3.500000e+02	lowerWall	(-3.286249e-01 0.000000e+00 -9.533469e-05)	(-3.199590e-01 0.000000e+00 1.109782e-04)
3.600000e+02	lowerWall	(-3.237130e-01 0.000000e+00 -9.630047e-05)	(-3.150542e-01 0.000000e+00 1.111857e-04)
3.700000e+02	lowerWall	(-3.190328e-01 0.000000e+00 -9.695213e-05)	(-3.103842e-01 0.000000e+00 1.108646e-04)
3.800000e+02	lowerWall	(-3.145679e-01 0.000000e+00 -9.726373e-05)	(-3.059327e-01 0.000000e+00 1.100815e-04)
3.900000e+02	lowerWall	(-3.103037e-01 0.000000e+00 -9.722104e-05)	(-3.016850e-01 0.000000e+00 1.089057e-04)
4.000000e+02	lowerWall	(-3.062266e-01 0.000000e+00 -9.685967e-05)	(-2.976278e-01 0.000000e+00 1.074203e-04)
4.100000e+02	lowerWall	(-3.023240e-01 0.000000e+00 -9.625008e-05)	(-2.937482e-01 0.000000e+00 1.057624e-04)
4.200000e+02	lowerWall	(-2.985847e-01 0.000000e+00 -9.544047e-05)	(-2.900344e-01 0.000000e+00 1.040137e-04)
4.300000e+02	lowerWall	(-2.949980e-01 0.000000e+00 -9.447103e-05)	(-2.864757e-01 0.000000e+00 1.022117e-04)
4.400000e+02	lowerWall	(-2.915543e-01 0.000000e+00 -9.338399e-05)	(-2.830622e-01 0.000000e+00 1.003820e-04)
4.500000e+02	lowerWall	(-2.882447e-01 0.000000e+00 -9.276640e-05)	(-2.797846e-01 0.000000e+00 9.856183e-05)
4.600000e+02	lowerWall	(-2.850614e-01 0.000000e+00 -9.210614e-05)	(-2.766345e-01 0.000000e+00 9.680313e-05)
4.700000e+02	lowerWall	(-2.819966e-01 0.000000e+00 -9.138277e-05)	(-2.736043e-01 0.000000e+00 9.512065e-05)
4.800000e+02	lowerWall	(-2.790436e-01 0.000000e+00 -9.061223e-05)	(-2.706868e-01 0.000000e+00 9.388605e-05)
4.900000e+02	lowerWall	(-2.761958e-01 0.000000e+00 -8.980603e-05)	(-2.678753e-01 0.000000e+00 9.268952e-05)
5.000000e+02	lowerWall	(-2.734473e-01 0.000000e+00 -8.897351e-05)	(-2.651638e-01 0.000000e+00 9.152714e-05)
5.100000e+02	lowerWall	(-2.707927e-01 0.000000e+00 -8.812370e-05)	(-2.625466e-01 0.000000e+00 9.040077e-05)
5.200000e+02	lowerWall	(-2.682268e-01 0.000000e+00 -8.726243e-05)	(-2.600184e-01 0.000000e+00 8.930910e-05)
5.300000e+02	lowerWall	(-2.657448e-01 0.000000e+00 -8.639665e-05)	(-2.575748e-01 0.000000e+00 8.824943e-05)
5.400000e+02	lowerWall	(-2.633424e-01 0.000000e+00 -8.553394e-05)	(-2.552113e-01 0.000000e+00 8.722126e-05)
5.500000e+02	lowerWall	(-2.610154e-01 0.000000e+00 -8.467786e-05)	(-2.529235e-01 0.000000e+00 8.622853e-05)
5.600000e+02	lowerWall	(-2.587601e-01 0.000000e+00 -8.383063e-05)	(-2.507076e-01 0.000000e+00 8.527333e-05)
5.700000e+02	lowerWall	(-2.565728e-01 0.000000e+00 -8.299432e-05)	(-2.485598e-01 0.000000e+00 8.435565e-05)
5.800000e+02	lowerWall	(-2.544502e-01 0.000000e+00 -8.217094e-05)	(-2.464769e-01 0.000000e+00 8.347515e-05)
5.900000e+02	lowerWall	(-2.523892e-01 0.000000e+00 -8.151835e-05)	(-2.444555e-01 0.000000e+00 8.263132e-05)
6.000000e+02	lowerWall	(-2.503870e-01 0.000000e+00 -8.091406e-05)	(-2.424928e-01 0.000000e+00 8.182280e-05)
6.100000e+02	lowerWall	(-2.484407e-01 0.000000e+00 -8.031334e-05)	(-2.405859e-01 0.000000e+00 8.104880e-05)
6.200000e+02	lowerWall	(-2.465479e-01 0.000000e+00 -7.971773e-05)	(-2.387323e-01 0.000000e+00 8.031157e-05)
6.300000e+02	lowerWall	(-2.447061e-01 0.000000e+00 -7.912840e-05)	(-2.369295e-01 0.000000e+00 7.961061e-05)
6.400000e+02	lowerWall	(-2.429131e-01 0.000000e+00 -7.854650e-05)	(-2.351752e-01 0.000000e+00 7.894477e-05)
6.500000e+02	lowerWall	(-2.411667e-01 0.000000e+00 -7.797331e-05)	(-2.334674e-01 0.000000e+00 7.831197e-05)
6.600000e+02	lowerWall	(-2.394650e-01 0.000000e+00 -7.740758e-05)	(-2.318039e-01 0.000000e+00 7.770859e-05)
6.700000e+02	lowerWall	(-2.378060e-01 0.000000e+00 -7.684700e-05)	(-2.301828e-01 0.000000e+00 7.712914e-05)
6.800000e+02	lowerWall	(-2.361880e-01 0.000000e+00 -7.629256e-05)	(-2.286025e-01 0.000000e+00 7.657166e-05)
6.900000e+02	lowerWall	(-2.346094e-01 0.000000e+00 -7.574543e-05)	(-2.270613e-01 0.000000e+00 7.603455e-05)
7.000000e+02	lowerWall	(-2.330687e-01 0.000000e+00 -7.520707e-05)	(-2.255575e-01 0.000000e+00 7.553206e-05)
7.100000e+02	lowerWall	(-2.315644e-01 0.000000e+00 -7.467854e-05)	(-2.240898e-01 0.000000e+00 7.504558e-05)
7.200000e+02	lowerWall	(-2.300951e-01 0.000000e+00 -7.416050e-05)	(-2.226566e-01 0.000000e+00 7.457307e-05)
7.300000e+02	lowerWall	(-2.286595e-01 0.000000e+00 -7.365329e-05)	(-2.212567e-01 0.000000e+00 7.411375e-05)
7.400000e+02	lowerWall	(-2.272564e-01 0.000000e+00 -7.315718e-05)	(-2.198887e-01 0.000000e+00 7.366672e-05)
7.500000e+02	lowerWall	(-2.258844e-01 0.000000e+00 -7.267195e-05)	(-2.185516e-01 0.000000e+00 7.323095e-05)
7.600000e+02	lowerWall	(-2.245425e-01 0.000000e+00 -7.219649e-05)	(-2.172441e-01 0.000000e+00 7.280573e-05)
7.700000e+02	lowerWall	(-2.232296e-01 0.000000e+00 -7.173019e-05)	(-2.159651e-01 0.000000e+00 7.239055e-05)
7.800000e+02	lowerWall	(-2.219447e-01 0.000000e+00 -7.127286e-05)	(-2.147137e-01 0.000000e+00 7.198461e-05)
7.900000e+02	lowerWall	(-2.206868e-01 0.000000e+00 -7.082419e-05)	(-2.134888e-01 0.000000e+00 7.158737e-05)
8.000000e+02	lowerWall	(-2.194550e-01 0.000000e+00 -7.038380e-05)	(-2.122896e-01 0.000000e+00 7.119857e-05)
8.100000e+02	lowerWall	(-2.182483e-01 0.000000e+00 -6.995058e-05)	(-2.111152e-01 0.000000e+00 7.081795e-05)
8.200000e+02	lowerWall	(-2.170660e-01 0.000000e+00 -6.952376e-05)	(-2.099646e-01 0.000000e+00 7.044523e-05)
8.300000e+02	lowerWall	(-2.159073e-01 0.000000e+00 -6.910335e-05)	(-2.088373e-01 0.000000e+00 7.007998e-05)
8.400000e+02	lowerWall	(-2.147713e-01 0.000000e+00 -6.868917e-05)	(-2.077323e-01 0.000000e+00 6.972204e-05)
8.500000e+02	lowerWall	(-2.136574e-01 0.000000e+00 -6.828141e-05)	(-2.066490e-01 0.000000e+00 6.937128e-05)
8.600000e+02	lowerWall	(-2.125648e-01 0.000000e+00 -6.787989e-05)	(-2.055866e-01 0.000000e+00 6.902745e-05)
8.700000e+02	lowerWall	(-2.114929e-01 0.000000e+00 -6.748436e-05)	(-2.045446e-01 0.000000e+00 6.869014e-05)
8.800000e+02	lowerWall	(-2.104410e-01 0.000000e+00 -6.709492e-05)	(-2.035222e-01 0.000000e+00 6.835921e-05)
8.900000e+02	lowerWall	(-2.094085e-01 0.000000e+00 -6.671148e-05)	(-2.025190e-01 0.000000e+00 6.803457e-05)
9.000000e+02	lowerWall	(-2.083949e-01 0.000000e+00 -6.633378e-05)	(-2.015342e-01 0.000000e+00 6.771599e-05)
9.100000e+02	lowerWall	(-2.073996e-01 0.000000e+00 -6.596169e-05)	(-2.005674e-01 0.000000e+00 6.740328e-05)
9.200000e+02	lowerWall	(-2.064220e-01 0.000000e+00 -6.559524e-05)	(-1.996179e-01 0.000000e+00 6.709623e-05)
9.300000e+02	lowerWall	(-2.054616e-01 0.000000e+00 -6.523474e-05)	(-1.986854e-01 0.000000e+00 6.679475e-05)
9.400000e+02	lowerWall	(-2.045179e-01 0.000000e+00 -6.488053e-05)	(-1.977692e-01 0.000000e+00 6.649876e-05)
9.500000e+02	lowerWall	(-2.035905e-01 0.000000e+00 -6.453276e-05)	(-1.968690e-01 0.000000e+00 6.620744e-05)
9.600000e+02	lowerWall	(-2.026788e-01 0.000000e+00 -6.418995e-05)	(-1.959846e-01 0.000000e+00 6.592195e-05)
9.700000e+02	lowerWall	(-2.017824e-01 0.000000e+00 -6.385232e-05)	(-1.951154e-01 0.000000e+00 6.564461e-05)
9.800000e+02	lowerWall	(-2.009010e-01 0.000000e+00 -6.352010e-05)	(-1.942612e-01 0.000000e+00 6.537214e-05)
9.900000e+02	lowerWall	(-2.000340e-01 0.000000e+00 -6.319382e-05)	(-1.934213e-01 0.000000e+00 6.510106e-05)
1.000000e+03	lowerWall	(-1.991812e-01 0.000000e+00 -6.287449e-05)	(-1.925954e-01 0.000000e+00 6.483388e-05)
1.010000e+03	lowerWall	(-1.983420e-01 0.000000e+00 -6.256162e-05)	(-1.917831e-01 0.000000e+00 6.457159e-05)
1.020000e+03	lowerWall	(-1.975162e-01 0.000000e+00 -6.225333e-05)	(-1.909839e-01 0.000000e+00 6.431421e-05)
1.030000e+03	lowerWall	(-1.967036e-01 0.000000e+00 -6.194847e-05)	(-1.901977e-01 0.000000e+00 6.406134e-05)
1.040000e+03	lowerWall	(-1.959037e-01 0.000000e+00 -6.164684e-05)	(-1.894240e-01 0.000000e+00 6.381272e-05)
1.050000e+03	lowerWall	(-1.951163e-01 0.000000e+00 -6.134688e-05)	(-1.886624e-01 0.000000e+00 6.356771e-05)
1.060000e+03	lowerWall	(-1.943410e-01 0.000000e+00 -6.104902e-05)	(-1.879127e-01 0.000000e+00 6.332451e-05)
1.070000e+03	lowerWall	(-1.935775e-01 0.000000e+00 -6.075389e-05)	(-1.871746e-01 0.000000e+00 6.308335e-05)
1.080000e+03	lowerWall	(-1.928255e-01 0.000000e+00 -6.046210e-05)	(-1.864477e-01 0.000000e+00 6.284477e-05)
1.090000e+03	lowerWall	(-1.920848e-01 0.000000e+00 -6.017393e-05)	(-1.857318e-01 0.000000e+00 6.260892e-05)
1.100000e+03	lowerWall	(-1.913550e-01 0.000000e+00 -5.988936e-05)	(-1.850266e-01 0.000000e+00 6.237592e-05)
1.110000e+03	lowerWall	(-1.906360e-01 0.000000e+00 -5.960844e-05)	(-1.843318e-01 0.000000e+00 6.214571e-05)
1.120000e+03	lowerWall	(-1.899274e-01 0.000000e+00 -5.933093e-05)	(-1.836473e-01 0.000000e+00 6.191830e-05)
1.130000e+03	lowerWall	(-1.892290e-01 0.000000e+00 -5.905628e-05)	(-1.829727e-01 0.000000e+00 6.169371e-05)
1.140000e+03	lowerWall	(-1.885406e-01 0.000000e+00 -5.878432e-05)	(-1.823078e-01 0.000000e+00 6.147134e-05)
1.150000e+03	lowerWall	(-1.878619e-01 0.000000e+00 -5.852759e-05)	(-1.816523e-01 0.000000e+00 6.125078e-05)
1.160000e+03	lowerWall	(-1.871927e-01 0.000000e+00 -5.827522e-05)	(-1.810062e-01 0.000000e+00 6.103219e-05)
1.170000e+03	lowerWall	(-1.865329e-01 0.000000e+00 -5.802632e-05)	(-1.803690e-01 0.000000e+00 6.081517e-05)
1.180000e+03	lowerWall	(-1.858821e-01 0.000000e+00 -5.778069e-05)	(-1.797408e-01 0.000000e+00 6.059967e-05)
1.190000e+03	lowerWall	(-1.852401e-01 0.000000e+00 -5.753800e-05)	(-1.791212e-01 0.000000e+00 6.038559e-05)
1.200000e+03	lowerWall	(-1.846069e-01 0.000000e+00 -5.729815e-05)	(-1.785100e-01 0.000000e+00 6.017287e-05)
1.210000e+03	lowerWall	(-1.839822e-01 0.000000e+00 -5.706128e-05)	(-1.779071e-01 0.000000e+00 5.996129e-05)
1.220000e+03	lowerWall	(-1.833658e-01 0.000000e+00 -5.682748e-05)	(-1.773123e-01 0.000000e+00 5.975048e-05)
1.230000e+03	lowerWall	(-1.827575e-01 0.000000e+00 -5.659648e-05)	(-1.767254e-01 0.000000e+00 5.954038e-05)
1.240000e+03	lowerWall	(-1.821571e-01 0.000000e+00 -5.636807e-05)	(-1.761463e-01 0.000000e+00 5.933102e-05)
1.250000e+03	lowerWall	(-1.815646e-01 0.000000e+00 -5.614203e-05)	(-1.755747e-01 0.000000e+00 5.912245e-05)
1.260000e+03	lowerWall	(-1.809796e-01 0.000000e+00 -5.591830e-05)	(-1.750105e-01 0.000000e+00 5.891468e-05)
1.270000e+03	lowerWall	(-1.804022e-01 0.000000e+00 -5.569659e-05)	(-1.744535e-01 0.000000e+00 5.870769e-05)
1.280000e+03	lowerWall	(-1.798320e-01 0.000000e+00 -5.547677e-05)	(-1.739037e-01 0.000000e+00 5.850159e-05)
1.290000e+03	lowerWall	(-1.792690e-01 0.000000e+00 -5.525879e-05)	(-1.733609e-01 0.000000e+00 5.829650e-05)
1.300000e+03	lowerWall	(-1.787130e-01 0.000000e+00 -5.504253e-05)	(-1.728248e-01 0.000000e+00 5.809244e-05)
1.310000e+03	lowerWall	(-1.781639e-01 0.000000e+00 -5.482796e-05)	(-1.722954e-01 0.000000e+00 5.788941e-05)
1.320000e+03	lowerWall	(-1.776215e-01 0.000000e+00 -5.461509e-05)	(-1.717726e-01 0.000000e+00 5.768750e-05)
1.330000e+03	lowerWall	(-1.770856e-01 0.000000e+00 -5.440388e-05)	(-1.712562e-01 0.000000e+00 5.748678e-05)
1.340000e+03	lowerWall	(-1.765563e-01 0.000000e+00 -5.419429e-05)	(-1.707461e-01 0.000000e+00 5.728724e-05)
1.350000e+03	lowerWall	(-1.760333e-01 0.000000e+00 -5.398634e-05)	(-1.702422e-01 0.000000e+00 5.708891e-05)
1.360000e+03	lowerWall	(-1.755164e-01 0.000000e+00 -5.378006e-05)	(-1.697442e-01 0.000000e+00 5.689186e-05)
1.370000e+03	lowerWall	(-1.750057e-01 0.000000e+00 -5.357540e-05)	(-1.692522e-01 0.000000e+00 5.669602e-05)
1.380000e+03	lowerWall	(-1.745009e-01 0.000000e+00 -5.337231e-05)	(-1.687661e-01 0.000000e+00 5.650134e-05)
1.390000e+03	lowerWall	(-1.740020e-01 0.000000e+00 -5.317078e-05)	(-1.682856e-01 0.000000e+00 5.630793e-05)
1.400000e+03	lowerWall	(-1.735088e-01 0.000000e+00 -5.297074e-05)	(-1.678107e-01 0.000000e+00 5.611676e-05)
1.410000e+03	lowerWall	(-1.730212e-01 0.000000e+00 -5.277163e-05)	(-1.673414e-01 0.000000e+00 5.592964e-05)
1.420000e+03	lowerWall	(-1.725391e-01 0.000000e+00 -5.257156e-05)	(-1.668774e-01 0.000000e+00 5.574612e-05)
1.430000e+03	lowerWall	(-1.720625e-01 0.000000e+00 -5.237111e-05)	(-1.664186e-01 0.000000e+00 5.556709e-05)
1.440000e+03	lowerWall	(-1.715911e-01 0.000000e+00 -5.217083e-05)	(-1.659651e-01 0.000000e+00 5.539263e-05)
1.450000e+03	lowerWall	(-1.711251e-01 0.000000e+00 -5.197100e-05)	(-1.655168e-01 0.000000e+00 5.522111e-05)
1.460000e+03	lowerWall	(-1.706641e-01 0.000000e+00 -5.177081e-05)	(-1.650737e-01 0.000000e+00 5.505163e-05)
1.470000e+03	lowerWall	(-1.702084e-01 0.000000e+00 -5.157017e-05)	(-1.646356e-01 0.000000e+00 5.488418e-05)
1.480000e+03	lowerWall	(-1.697576e-01 0.000000e+00 -5.137130e-05)	(-1.642025e-01 0.000000e+00 5.471907e-05)
1.490000e+03	lowerWall	(-1.693117e-01 0.000000e+00 -5.117497e-05)	(-1.637743e-01 0.000000e+00 5.455630e-05)
1.500000e+03	lowerWall	(-1.688706e-01 0.000000e+00 -5.098096e-05)	(-1.633508e-01 0.000000e+00 5.439290e-05)
1.510000e+03	lowerWall	(-1.684344e-01 0.000000e+00 -5.078911e-05)	(-1.629319e-01 0.000000e+00 5.422906e-05)
1.520000e+03	lowerWall	(-1.680028e-01 0.000000e+00 -5.059661e-05)	(-1.625176e-01 0.000000e+00 5.406467e-05)
1.530000e+03	lowerWall	(-1.675759e-01 0.000000e+00 -5.039926e-05)	(-1.621076e-01 0.000000e+00 5.389935e-05)
1.540000e+03	lowerWall	(-1.671535e-01 0.000000e+00 -5.020524e-05)	(-1.617021e-01 0.000000e+00 5.373560e-05)
1.550000e+03	lowerWall	(-1.667355e-01 0.000000e+00 -5.001427e-05)	(-1.613008e-01 0.000000e+00 5.357341e-05)
1.560000e+03	lowerWall	(-1.663219e-01 0.000000e+00 -4.982526e-05)	(-1.609038e-01 0.000000e+00 5.341266e-05)
1.570000e+03	lowerWall	(-1.659124e-01 0.000000e+00 -4.964713e-05)	(-1.605110e-01 0.000000e+00 5.325685e-05)
1.580000e+03	lowerWall	(-1.655070e-01 0.000000e+00 -4.947070e-05)	(-1.601222e-01 0.000000e+00 5.310321e-05)
1.590000e+03	lowerWall	(-1.651059e-01 0.000000e+00 -4.929485e-05)	(-1.597373e-01 0.000000e+00 5.295090e-05)
1.600000e+03	lowerWall	(-1.647087e-01 0.000000e+00 -4.911970e-05)	(-1.593565e-01 0.000000e+00 5.279844e-05)
1.610000e+03	lowerWall	(-1.643156e-01 0.000000e+00 -4.894562e-05)	(-1.589795e-01 0.000000e+00 5.264514e-05)
1.620000e+03	lowerWall	(-1.639265e-01 0.000000e+00 -4.877286e-05)	(-1.586063e-01 0.000000e+00 5.249130e-05)
1.630000e+03	lowerWall	(-1.635412e-01 0.000000e+00 -4.860152e-05)	(-1.582368e-01 0.000000e+00 5.233727e-05)
1.640000e+03	lowerWall	(-1.631597e-01 0.000000e+00 -4.843171e-05)	(-1.578711e-01 0.000000e+00 5.218338e-05)
1.650000e+03	lowerWall	(-1.627819e-01 0.000000e+00 -4.826350e-05)	(-1.575090e-01 0.000000e+00 5.202990e-05)
1.660000e+03	lowerWall	(-1.624079e-01 0.000000e+00 -4.809684e-05)	(-1.571504e-01 0.000000e+00 5.187719e-05)
1.670000e+03	lowerWall	(-1.620375e-01 0.000000e+00 -4.793172e-05)	(-1.567954e-01 0.000000e+00 5.172535e-05)
1.680000e+03	lowerWall	(-1.616706e-01 0.000000e+00 -4.776821e-05)	(-1.564438e-01 0.000000e+00 5.157433e-05)
1.690000e+03	lowerWall	(-1.613073e-01 0.000000e+00 -4.760631e-05)	(-1.560956e-01 0.000000e+00 5.142370e-05)
1.700000e+03	lowerWall	(-1.609475e-01 0.000000e+00 -4.744593e-05)	(-1.557508e-01 0.000000e+00 5.127304e-05)
1.710000e+03	lowerWall	(-1.605910e-01 0.000000e+00 -4.728672e-05)	(-1.554093e-01 0.000000e+00 5.112251e-05)
1.720000e+03	lowerWall	(-1.602379e-01 0.000000e+00 -4.712862e-05)	(-1.550711e-01 0.000000e+00 5.097214e-05)
1.730000e+03	lowerWall	(-1.598881e-01 0.000000e+00 -4.697163e-05)	(-1.547360e-01 0.000000e+00 5.082203e-05)
1.740000e+03	lowerWall	(-1.595416e-01 0.000000e+00 -4.681584e-05)	(-1.544041e-01 0.000000e+00 5.067224e-05)
1.750000e+03	lowerWall	(-1.591983e-01 0.000000e+00 -4.666124e-05)	(-1.540752e-01 0.000000e+00 5.052258e-05)
1.760000e+03	lowerWall	(-1.588582e-01 0.000000e+00 -4.650785e-05)	(-1.537494e-01 0.000000e+00 5.037287e-05)
1.770000e+03	lowerWall	(-1.585211e-01 0.000000e+00 -4.635570e-05)	(-1.534265e-01 0.000000e+00 5.022310e-05)
1.780000e+03	lowerWall	(-1.581871e-01 0.000000e+00 -4.620490e-05)	(-1.531066e-01 0.000000e+00 5.007333e-05)
1.790000e+03	lowerWall	(-1.578562e-01 0.000000e+00 -4.605541e-05)	(-1.527896e-01 0.000000e+00 4.992368e-05)
1.800000e+03	lowerWall	(-1.575282e-01 0.000000e+00 -4.590706e-05)	(-1.524755e-01 0.000000e+00 4.977422e-05)
1.810000e+03	lowerWall	(-1.572032e-01 0.000000e+00 -4.575970e-05)	(-1.521641e-01 0.000000e+00 4.962493e-05)
1.820000e+03	lowerWall	(-1.568810e-01 0.000000e+00 -4.561336e-05)	(-1.518556e-01 0.000000e+00 4.947587e-05)
1.830000e+03	lowerWall	(-1.565617e-01 0.000000e+00 -4.546800e-05)	(-1.515498e-01 0.000000e+00 4.932709e-05)
1.840000e+03	lowerWall	(-1.562452e-01 0.000000e+00 -4.532355e-05)	(-1.512467e-01 0.000000e+00 4.917867e-05)
1.850000e+03	lowerWall	(-1.559314e-01 0.000000e+00 -4.517993e-05)	(-1.509462e-01 0.000000e+00 4.903067e-05)
1.860000e+03	lowerWall	(-1.556204e-01 0.000000e+00 -4.503707e-05)	(-1.506485e-01 0.000000e+00 4.888307e-05)
1.870000e+03	lowerWall	(-1.553121e-01 0.000000e+00 -4.489499e-05)	(-1.503533e-01 0.000000e+00 4.873593e-05)
1.880000e+03	lowerWall	(-1.550064e-01 0.000000e+00 -4.475372e-05)	(-1.500606e-01 0.000000e+00 4.858929e-05)
1.890000e+03	lowerWall	(-1.547033e-01 0.000000e+00 -4.461322e-05)	(-1.497705e-01 0.000000e+00 4.844319e-05)
1.900000e+03	lowerWall	(-1.544028e-01 0.000000e+00 -4.447346e-05)	(-1.494829e-01 0.000000e+00 4.831408e-05)
1.910000e+03	lowerWall	(-1.541048e-01 0.000000e+00 -4.433447e-05)	(-1.491978e-01 0.000000e+00 4.818814e-05)
1.920000e+03	lowerWall	(-1.538093e-01 0.000000e+00 -4.419623e-05)	(-1.489150e-01 0.000000e+00 4.806264e-05)
1.930000e+03	lowerWall	(-1.535163e-01 0.000000e+00 -4.405872e-05)	(-1.486347e-01 0.000000e+00 4.793759e-05)
1.940000e+03	lowerWall	(-1.532257e-01 0.000000e+00 -4.392197e-05)	(-1.483567e-01 0.000000e+00 4.781295e-05)
1.950000e+03	lowerWall	(-1.529375e-01 0.000000e+00 -4.378599e-05)	(-1.480811e-01 0.000000e+00 4.768876e-05)
1.960000e+03	lowerWall	(-1.526516e-01 0.000000e+00 -4.365079e-05)	(-1.478077e-01 0.000000e+00 4.756503e-05)
1.970000e+03	lowerWall	(-1.523681e-01 0.000000e+00 -4.351634e-05)	(-1.475366e-01 0.000000e+00 4.744173e-05)
1.980000e+03	lowerWall	(-1.520869e-01 0.000000e+00 -4.338266e-05)	(-1.472678e-01 0.000000e+00 4.731887e-05)
1.990000e+03	lowerWall	(-1.518080e-01 0.000000e+00 -4.324974e-05)	(-1.470011e-01 0.000000e+00 4.719647e-05)
2.000000e+03	lowerWall	(-1.515313e-01 0.000000e+00 -4.311758e-05)	(-1.467366e-01 0.000000e+00 4.707531e-05)
2.010000e+03	lowerWall	(-1.512569e-01 0.000000e+00 -4.298615e-05)	(-1.464743e-01 0.000000e+00 4.695587e-05)
2.020000e+03	lowerWall	(-1.509847e-01 0.000000e+00 -4.285545e-05)	(-1.462141e-01 0.000000e+00 4.683809e-05)
2.030000e+03	lowerWall	(-1.507146e-01 0.000000e+00 -4.272551e-05)	(-1.459559e-01 0.000000e+00 4.672203e-05)
2.040000e+03	lowerWall	(-1.504468e-01 0.000000e+00 -4.259634e-05)	(-1.456999e-01 0.000000e+00 4.660801e-05)
2.050000e+03	lowerWall	(-1.501811e-01 0.000000e+00 -4.246794e-05)	(-1.454459e-01 0.000000e+00 4.649651e-05)
2.060000e+03	lowerWall	(-1.499175e-01 0.000000e+00 -4.234031e-05)	(-1.451939e-01 0.000000e+00 4.638722e-05)
2.070000e+03	lowerWall	(-1.496560e-01 0.000000e+00 -4.221338e-05)	(-1.449439e-01 0.000000e+00 4.627963e-05)
2.080000e+03	lowerWall	(-1.493966e-01 0.000000e+00 -4.208719e-05)	(-1.446959e-01 0.000000e+00 4.617158e-05)
2.090000e+03	lowerWall	(-1.491392e-01 0.000000e+00 -4.196177e-05)	(-1.444499e-01 0.000000e+00 4.606262e-05)
2.100000e+03	lowerWall	(-1.488838e-01 0.000000e+00 -4.183588e-05)	(-1.442060e-01 0.000000e+00 4.595318e-05)
2.110000e+03	lowerWall	(-1.486303e-01 0.000000e+00 -4.170915e-05)	(-1.439641e-01 0.000000e+00 4.584373e-05)
2.120000e+03	lowerWall	(-1.483789e-01 0.000000e+00 -4.158209e-05)	(-1.437242e-01 0.000000e+00 4.573475e-05)
2.130000e+03	lowerWall	(-1.481293e-01 0.000000e+00 -4.145503e-05)	(-1.434861e-01 0.000000e+00 4.562636e-05)
2.140000e+03	lowerWall	(-1.478817e-01 0.000000e+00 -4.132808e-05)	(-1.432499e-01 0.000000e+00 4.551862e-05)
2.150000e+03	lowerWall	(-1.476359e-01 0.000000e+00 -4.120251e-05)	(-1.430155e-01 0.000000e+00 4.541158e-05)
2.160000e+03	lowerWall	(-1.473920e-01 0.000000e+00 -4.107852e-05)	(-1.427830e-01 0.000000e+00 4.530535e-05)
2.170000e+03	lowerWall	(-1.471500e-01 0.000000e+00 -4.095515e-05)	(-1.425522e-01 0.000000e+00 4.519988e-05)
2.180000e+03	lowerWall	(-1.469097e-01 0.000000e+00 -4.083239e-05)	(-1.423232e-01 0.000000e+00 4.509513e-05)
2.190000e+03	lowerWall	(-1.466713e-01 0.000000e+00 -4.071030e-05)	(-1.420960e-01 0.000000e+00 4.499017e-05)
2.200000e+03	lowerWall	(-1.464346e-01 0.000000e+00 -4.058890e-05)	(-1.418704e-01 0.000000e+00 4.488494e-05)
2.210000e+03	lowerWall	(-1.461996e-01 0.000000e+00 -4.046777e-05)	(-1.416466e-01 0.000000e+00 4.477965e-05)
2.220000e+03	lowerWall	(-1.459664e-01 0.000000e+00 -4.034725e-05)	(-1.414244e-01 0.000000e+00 4.467446e-05)
2.230000e+03	lowerWall	(-1.457349e-01 0.000000e+00 -4.022770e-05)	(-1.412039e-01 0.000000e+00 4.456956e-05)
2.240000e+03	lowerWall	(-1.455051e-01 0.000000e+00 -4.010917e-05)	(-1.409850e-01 0.000000e+00 4.446513e-05)
2.250000e+03	lowerWall	(-1.452770e-01 0.000000e+00 -3.999175e-05)	(-1.407677e-01 0.000000e+00 4.436116e-05)
2.260000e+03	lowerWall	(-1.450505e-01 0.000000e+00 -3.987539e-05)	(-1.405519e-01 0.000000e+00 4.425766e-05)
2.270000e+03	lowerWall	(-1.448256e-01 0.000000e+00 -3.976002e-05)	(-1.403378e-01 0.000000e+00 4.415469e-05)
2.280000e+03	lowerWall	(-1.446023e-01 0.000000e+00 -3.964544e-05)	(-1.401252e-01 0.000000e+00 4.405231e-05)
2.290000e+03	lowerWall	(-1.443807e-01 0.000000e+00 -3.953167e-05)	(-1.399142e-01 0.000000e+00 4.395052e-05)
2.300000e+03	lowerWall	(-1.441606e-01 0.000000e+00 -3.941874e-05)	(-1.397046e-01 0.000000e+00 4.384929e-05)
2.310000e+03	lowerWall	(-1.439421e-01 0.000000e+00 -3.930661e-05)	(-1.394966e-01 0.000000e+00 4.374830e-05)
2.320000e+03	lowerWall	(-1.437251e-01 0.000000e+00 -3.919528e-05)	(-1.392900e-01 0.000000e+00 4.364742e-05)
2.330000e+03	lowerWall	(-1.435096e-01 0.000000e+00 -3.908474e-05)	(-1.390849e-01 0.000000e+00 4.354669e-05)
2.340000e+03	lowerWall	(-1.432956e-01 0.000000e+00 -3.897498e-05)	(-1.388812e-01 0.000000e+00 4.344617e-05)
2.350000e+03	lowerWall	(-1.430832e-01 0.000000e+00 -3.886602e-05)	(-1.386790e-01 0.000000e+00 4.334582e-05)
2.360000e+03	lowerWall	(-1.428721e-01 0.000000e+00 -3.875791e-05)	(-1.384781e-01 0.000000e+00 4.324566e-05)
2.370000e+03	lowerWall	(-1.426626e-01 0.000000e+00 -3.865070e-05)	(-1.382787e-01 0.000000e+00 4.314579e-05)
2.380000e+03	lowerWall	(-1.424545e-01 0.000000e+00 -3.854455e-05)	(-1.380807e-01 0.000000e+00 4.304627e-05)
2.390000e+03	lowerWall	(-1.422478e-01 0.000000e+00 -3.843940e-05)	(-1.378840e-01 0.000000e+00 4.294712e-05)
2.400000e+03	lowerWall	(-1.420425e-01 0.000000e+00 -3.833513e-05)	(-1.376887e-01 0.000000e+00 4.284842e-05)
2.410000e+03	lowerWall	(-1.418386e-01 0.000000e+00 -3.823165e-05)	(-1.374948e-01 0.000000e+00 4.275015e-05)
2.420000e+03	lowerWall	(-1.416361e-01 0.000000e+00 -3.812888e-05)	(-1.373021e-01 0.000000e+00 4.265233e-05)
2.430000e+03	lowerWall	(-1.414349e-01 0.000000e+00 -3.802666e-05)	(-1.371107e-01 0.000000e+00 4.255488e-05)
2.440000e+03	lowerWall	(-1.412351e-01 0.000000e+00 -3.792495e-05)	(-1.369206e-01 0.000000e+00 4.245776e-05)
2.450000e+03	lowerWall	(-1.410366e-01 0.000000e+00 -3.782379e-05)	(-1.367318e-01 0.000000e+00 4.236088e-05)
2.460000e+03	lowerWall	(-1.408394e-01 0.000000e+00 -3.772312e-05)	(-1.365442e-01 0.000000e+00 4.226418e-05)
2.470000e+03	lowerWall	(-1.406436e-01 0.000000e+00 -3.762299e-05)	(-1.363579e-01 0.000000e+00 4.216763e-05)
2.480000e+03	lowerWall	(-1.404490e-01 0.000000e+00 -3.752348e-05)	(-1.361727e-01 0.000000e+00 4.207123e-05)
2.490000e+03	lowerWall	(-1.402557e-01 0.000000e+00 -3.742461e-05)	(-1.359888e-01 0.000000e+00 4.197497e-05)
2.500000e+03	lowerWall	(-1.400636e-01 0.000000e+00 -3.732636e-05)	(-1.358062e-01 0.000000e+00 4.187880e-05)
2.510000e+03	lowerWall	(-1.398728e-01 0.000000e+00 -3.722875e-05)	(-1.356247e-01 0.000000e+00 4.178270e-05)
2.520000e+03	lowerWall	(-1.396833e-01 0.000000e+00 -3.713177e-05)	(-1.354443e-01 0.000000e+00 4.168668e-05)
2.530000e+03	lowerWall	(-1.394949e-01 0.000000e+00 -3.703535e-05)	(-1.352652e-01 0.000000e+00 4.159078e-05)
2.540000e+03	lowerWall	(-1.393078e-01 0.000000e+00 -3.693947e-05)	(-1.350872e-01 0.000000e+00 4.149501e-05)
2.550000e+03	lowerWall	(-1.391218e-01 0.000000e+00 -3.684416e-05)	(-1.349104e-01 0.000000e+00 4.139939e-05)
2.560000e+03	lowerWall	(-1.389371e-01 0.000000e+00 -3.674936e-05)	(-1.347347e-01 0.000000e+00 4.130389e-05)
2.570000e+03	lowerWall	(-1.387535e-01 0.000000e+00 -3.665500e-05)	(-1.345601e-01 0.000000e+00 4.120851e-05)
2.580000e+03	lowerWall	(-1.385710e-01 0.000000e+00 -3.656102e-05)	(-1.343867e-01 0.000000e+00 4.111329e-05)
2.590000e+03	lowerWall	(-1.383897e-01 0.000000e+00 -3.646742e-05)	(-1.342144e-01 0.000000e+00 4.101824e-05)
2.600000e+03	lowerWall	(-1.382095e-01 0.000000e+00 -3.637417e-05)	(-1.340431e-01 0.000000e+00 4.092338e-05)
2.610000e+03	lowerWall	(-1.380305e-01 0.000000e+00 -3.628125e-05)	(-1.338730e-01 0.000000e+00 4.082869e-05)
2.620000e+03	lowerWall	(-1.378525e-01 0.000000e+00 -3.618865e-05)	(-1.337039e-01 0.000000e+00 4.073418e-05)
2.630000e+03	lowerWall	(-1.376757e-01 0.000000e+00 -3.609640e-05)	(-1.335359e-01 0.000000e+00 4.063988e-05)
2.640000e+03	lowerWall	(-1.374999e-01 0.000000e+00 -3.600454e-05)	(-1.333689e-01 0.000000e+00 4.054586e-05)
2.650000e+03	lowerWall	(-1.373252e-01 0.000000e+00 -3.591305e-05)	(-1.332029e-01 0.000000e+00 4.045212e-05)
2.660000e+03	lowerWall	(-1.371516e-01 0.000000e+00 -3.582186e-05)	(-1.330380e-01 0.000000e+00 4.035864e-05)
2.670000e+03	lowerWall	(-1.369791e-01 0.000000e+00 -3.573102e-05)	(-1.328741e-01 0.000000e+00 4.026544e-05)
2.680000e+03	lowerWall	(-1.368077e-01 0.000000e+00 -3.564056e-05)	(-1.327112e-01 0.000000e+00 4.017254e-05)
2.690000e+03	lowerWall	(-1.366373e-01 0.000000e+00 -3.555046e-05)	(-1.325493e-01 0.000000e+00 4.007996e-05)
2.700000e+03	lowerWall	(-1.364679e-01 0.000000e+00 -3.546227e-05)	(-1.323884e-01 0.000000e+00 3.998766e-05)
2.710000e+03	lowerWall	(-1.362996e-01 0.000000e+00 -3.538055e-05)	(-1.322285e-01 0.000000e+00 3.989562e-05)
2.720000e+03	lowerWall	(-1.361323e-01 0.000000e+00 -3.529916e-05)	(-1.320695e-01 0.000000e+00 3.980384e-05)
2.730000e+03	lowerWall	(-1.359661e-01 0.000000e+00 -3.521808e-05)	(-1.319115e-01 0.000000e+00 3.971232e-05)
2.740000e+03	lowerWall	(-1.358008e-01 0.000000e+00 -3.513732e-05)	(-1.317544e-01 0.000000e+00 3.962107e-05)
2.750000e+03	lowerWall	(-1.356365e-01 0.000000e+00 -3.505689e-05)	(-1.315983e-01 0.000000e+00 3.953010e-05)
2.760000e+03	lowerWall	(-1.354732e-01 0.000000e+00 -3.497681e-05)	(-1.314431e-01 0.000000e+00 3.943940e-05)
2.770000e+03	lowerWall	(-1.353109e-01 0.000000e+00 -3.489715e-05)	(-1.312889e-01 0.000000e+00 3.934897e-05)
2.780000e+03	lowerWall	(-1.351496e-01 0.000000e+00 -3.481786e-05)	(-1.311355e-01 0.000000e+00 3.925884e-05)
2.790000e+03	lowerWall	(-1.349892e-01 0.000000e+00 -3.473894e-05)	(-1.309831e-01 0.000000e+00 3.916899e-05)
2.800000e+03	lowerWall	(-1.348298e-01 0.000000e+00 -3.466038e-05)	(-1.308316e-01 0.000000e+00 3.907943e-05)
2.810000e+03	lowerWall	(-1.346713e-01 0.000000e+00 -3.458221e-05)	(-1.306809e-01 0.000000e+00 3.899017e-05)
2.820000e+03	lowerWall	(-1.345137e-01 0.000000e+00 -3.450444e-05)	(-1.305312e-01 0.000000e+00 3.890142e-05)
2.830000e+03	lowerWall	(-1.343571e-01 0.000000e+00 -3.442707e-05)	(-1.303823e-01 0.000000e+00 3.881435e-05)
2.840000e+03	lowerWall	(-1.342014e-01 0.000000e+00 -3.435009e-05)	(-1.302343e-01 0.000000e+00 3.872899e-05)
2.850000e+03	lowerWall	(-1.340465e-01 0.000000e+00 -3.427349e-05)	(-1.300871e-01 0.000000e+00 3.864505e-05)
2.860000e+03	lowerWall	(-1.338926e-01 0.000000e+00 -3.419728e-05)	(-1.299408e-01 0.000000e+00 3.856231e-05)
2.870000e+03	lowerWall	(-1.337396e-01 0.000000e+00 -3.412146e-05)	(-1.297954e-01 0.000000e+00 3.848067e-05)
2.880000e+03	lowerWall	(-1.335874e-01 0.000000e+00 -3.404604e-05)	(-1.296508e-01 0.000000e+00 3.840003e-05)
2.890000e+03	lowerWall	(-1.334361e-01 0.000000e+00 -3.397100e-05)	(-1.295070e-01 0.000000e+00 3.832063e-05)
2.900000e+03	lowerWall	(-1.332857e-01 0.000000e+00 -3.389634e-05)	(-1.293640e-01 0.000000e+00 3.824246e-05)
2.910000e+03	lowerWall	(-1.331361e-01 0.000000e+00 -3.382206e-05)	(-1.292219e-01 0.000000e+00 3.816549e-05)
2.920000e+03	lowerWall	(-1.329874e-01 0.000000e+00 -3.374815e-05)	(-1.290805e-01 0.000000e+00 3.808949e-05)
2.930000e+03	lowerWall	(-1.328395e-01 0.000000e+00 -3.367460e-05)	(-1.289401e-01 0.000000e+00 3.801386e-05)
2.940000e+03	lowerWall	(-1.326925e-01 0.000000e+00 -3.360141e-05)	(-1.288006e-01 0.000000e+00 3.793866e-05)
2.950000e+03	lowerWall	(-1.325463e-01 0.000000e+00 -3.352859e-05)	(-1.286619e-01 0.000000e+00 3.786398e-05)
2.960000e+03	lowerWall	(-1.324009e-01 0.000000e+00 -3.345614e-05)	(-1.285240e-01 0.000000e+00 3.778990e-05)
2.970000e+03	lowerWall	(-1.322563e-01 0.000000e+00 -3.338404e-05)	(-1.283870e-01 0.000000e+00 3.771652e-05)
2.980000e+03	lowerWall	(-1.321125e-01 0.000000e+00 -3.331230e-05)	(-1.282507e-01 0.000000e+00 3.764344e-05)
2.990000e+03	lowerWall	(-1.319695e-01 0.000000e+00 -3.324092e-05)	(-1.281153e-01 0.000000e+00 3.756969e-05)
3.000000e+03	lowerWall	(-1.318273e-01 0.000000e+00 -3.316989e-05)	(-1.279806e-01 0.000000e+00 3.749554e-05)
3.010000e+03	lowerWall	(-1.316859e-01 0.000000e+00 -3.309921e-05)	(-1.278467e-01 0.000000e+00 3.742127e-05)
3.020000e+03	lowerWall	(-1.315453e-01 0.000000e+00 -3.302887e-05)	(-1.277136e-01 0.000000e+00 3.734704e-05)
3.030000e+03	lowerWall	(-1.314054e-01 0.000000e+00 -3.295884e-05)	(-1.275812e-01 0.000000e+00 3.727295e-05)
3.040000e+03	lowerWall	(-1.312663e-01 0.000000e+00 -3.288884e-05)	(-1.274496e-01 0.000000e+00 3.719910e-05)
3.050000e+03	lowerWall	(-1.311279e-01 0.000000e+00 -3.281794e-05)	(-1.273187e-01 0.000000e+00 3.712552e-05)
3.060000e+03	lowerWall	(-1.309903e-01 0.000000e+00 -3.274575e-05)	(-1.271885e-01 0.000000e+00 3.705224e-05)
3.070000e+03	lowerWall	(-1.308535e-01 0.000000e+00 -3.267255e-05)	(-1.270590e-01 0.000000e+00 3.697929e-05)
3.080000e+03	lowerWall	(-1.307174e-01 0.000000e+00 -3.259857e-05)	(-1.269302e-01 0.000000e+00 3.690677e-05)
3.090000e+03	lowerWall	(-1.305820e-01 0.000000e+00 -3.252382e-05)	(-1.268022e-01 0.000000e+00 3.683476e-05)
3.100000e+03	lowerWall	(-1.304473e-01 0.000000e+00 -3.244815e-05)	(-1.266748e-01 0.000000e+00 3.676328e-05)
3.110000e+03	lowerWall	(-1.303134e-01 0.000000e+00 -3.237170e-05)	(-1.265481e-01 0.000000e+00 3.669188e-05)
3.120000e+03	lowerWall	(-1.301801e-01 0.000000e+00 -3.229469e-05)	(-1.264221e-01 0.000000e+00 3.661998e-05)
3.130000e+03	lowerWall	(-1.300476e-01 0.000000e+00 -3.221707e-05)	(-1.262968e-01 0.000000e+00 3.654772e-05)
3.140000e+03	lowerWall	(-1.299158e-01 0.000000e+00 -3.213903e-05)	(-1.261722e-01 0.000000e+00 3.647523e-05)
3.150000e+03	lowerWall	(-1.297847e-01 0.000000e+00 -3.206168e-05)	(-1.260482e-01 0.000000e+00 3.640260e-05)
3.160000e+03	lowerWall	(-1.296542e-01 0.000000e+00 -3.198508e-05)	(-1.259248e-01 0.000000e+00 3.632995e-05)
3.170000e+03	lowerWall	(-1.295245e-01 0.000000e+00 -3.190910e-05)	(-1.258022e-01 0.000000e+00 3.625736e-05)
3.180000e+03	lowerWall	(-1.293954e-01 0.000000e+00 -3.183366e-05)	(-1.256801e-01 0.000000e+00 3.618489e-05)
3.190000e+03	lowerWall	(-1.292670e-01 0.000000e+00 -3.175870e-05)	(-1.255587e-01 0.000000e+00 3.611262e-05)
3.200000e+03	lowerWall	(-1.291392e-01 0.000000e+00 -3.168417e-05)	(-1.254380e-01 0.000000e+00 3.604067e-05)
3.210000e+03	lowerWall	(-1.290122e-01 0.000000e+00 -3.161063e-05)	(-1.253178e-01 0.000000e+00 3.596906e-05)
3.220000e+03	lowerWall	(-1.288857e-01 0.000000e+00 -3.153834e-05)	(-1.251984e-01 0.000000e+00 3.589771e-05)
3.230000e+03	lowerWall	(-1.287600e-01 0.000000e+00 -3.146712e-05)	(-1.250795e-01 0.000000e+00 3.582631e-05)
3.240000e+03	lowerWall	(-1.286348e-01 0.000000e+00 -3.139682e-05)	(-1.249612e-01 0.000000e+00 3.575470e-05)
3.250000e+03	lowerWall	(-1.285103e-01 0.000000e+00 -3.132727e-05)	(-1.248436e-01 0.000000e+00 3.568293e-05)
3.260000e+03	lowerWall	(-1.283865e-01 0.000000e+00 -3.125843e-05)	(-1.247266e-01 0.000000e+00 3.561106e-05)
3.270000e+03	lowerWall	(-1.282633e-01 0.000000e+00 -3.119042e-05)	(-1.246101e-01 0.000000e+00 3.554050e-05)
3.280000e+03	lowerWall	(-1.281407e-01 0.000000e+00 -3.112319e-05)	(-1.244943e-01 0.000000e+00 3.547570e-05)
3.290000e+03	lowerWall	(-1.280187e-01 0.000000e+00 -3.105666e-05)	(-1.243791e-01 0.000000e+00 3.541114e-05)
3.300000e+03	lowerWall	(-1.278973e-01 0.000000e+00 -3.099083e-05)	(-1.242644e-01 0.000000e+00 3.534688e-05)
3.310000e+03	lowerWall	(-1.277765e-01 0.000000e+00 -3.092563e-05)	(-1.241503e-01 0.000000e+00 3.528298e-05)
3.320000e+03	lowerWall	(-1.276564e-01 0.000000e+00 -3.086100e-05)	(-1.240368e-01 0.000000e+00 3.521935e-05)
3.330000e+03	lowerWall	(-1.275368e-01 0.000000e+00 -3.079689e-05)	(-1.239239e-01 0.000000e+00 3.515599e-05)
3.340000e+03	lowerWall	(-1.274178e-01 0.000000e+00 -3.073328e-05)	(-1.238115e-01 0.000000e+00 3.509289e-05)
3.350000e+03	lowerWall	(-1.272995e-01 0.000000e+00 -3.067017e-05)	(-1.236996e-01 0.000000e+00 3.503000e-05)
3.360000e+03	lowerWall	(-1.271817e-01 0.000000e+00 -3.060752e-05)	(-1.235883e-01 0.000000e+00 3.496727e-05)
3.370000e+03	lowerWall	(-1.270645e-01 0.000000e+00 -3.054532e-05)	(-1.234776e-01 0.000000e+00 3.490469e-05)
3.380000e+03	lowerWall	(-1.269478e-01 0.000000e+00 -3.048360e-05)	(-1.233674e-01 0.000000e+00 3.484223e-05)
3.390000e+03	lowerWall	(-1.268317e-01 0.000000e+00 -3.042231e-05)	(-1.232577e-01 0.000000e+00 3.477986e-05)
3.400000e+03	lowerWall	(-1.267162e-01 0.000000e+00 -3.036139e-05)	(-1.231485e-01 0.000000e+00 3.471753e-05)
3.410000e+03	lowerWall	(-1.266013e-01 0.000000e+00 -3.030082e-05)	(-1.230399e-01 0.000000e+00 3.465524e-05)
3.420000e+03	lowerWall	(-1.264869e-01 0.000000e+00 -3.024060e-05)	(-1.229319e-01 0.000000e+00 3.459300e-05)
3.430000e+03	lowerWall	(-1.263730e-01 0.000000e+00 -3.018071e-05)	(-1.228243e-01 0.000000e+00 3.453081e-05)
3.440000e+03	lowerWall	(-1.262597e-01 0.000000e+00 -3.012113e-05)	(-1.227173e-01 0.000000e+00 3.446867e-05)
3.450000e+03	lowerWall	(-1.261470e-01 0.000000e+00 -3.006188e-05)	(-1.226108e-01 0.000000e+00 3.440658e-05)
3.460000e+03	lowerWall	(-1.260347e-01 0.000000e+00 -3.000295e-05)	(-1.225048e-01 0.000000e+00 3.434451e-05)
3.470000e+03	lowerWall	(-1.259230e-01 0.000000e+00 -2.994437e-05)	(-1.223993e-01 0.000000e+00 3.428246e-05)
3.480000e+03	lowerWall	(-1.258119e-01 0.000000e+00 -2.988616e-05)	(-1.222944e-01 0.000000e+00 3.422046e-05)
3.490000e+03	lowerWall	(-1.257012e-01 0.000000e+00 -2.982833e-05)	(-1.221899e-01 0.000000e+00 3.415851e-05)
3.500000e+03	lowerWall	(-1.255911e-01 0.000000e+00 -2.977087e-05)	(-1.220859e-01 0.000000e+00 3.409660e-05)
3.510000e+03	lowerWall	(-1.254815e-01 0.000000e+00 -2.971373e-05)	(-1.219825e-01 0.000000e+00 3.403473e-05)
3.520000e+03	lowerWall	(-1.253724e-01 0.000000e+00 -2.965687e-05)	(-1.218795e-01 0.000000e+00 3.397289e-05)
3.530000e+03	lowerWall	(-1.252638e-01 0.000000e+00 -2.960027e-05)	(-1.217770e-01 0.000000e+00 3.391111e-05)
3.540000e+03	lowerWall	(-1.251557e-01 0.000000e+00 -2.954388e-05)	(-1.216751e-01 0.000000e+00 3.384937e-05)
3.550000e+03	lowerWall	(-1.250482e-01 0.000000e+00 -2.948770e-05)	(-1.215736e-01 0.000000e+00 3.378767e-05)
3.560000e+03	lowerWall	(-1.249411e-01 0.000000e+00 -2.943169e-05)	(-1.214725e-01 0.000000e+00 3.372602e-05)
3.570000e+03	lowerWall	(-1.248345e-01 0.000000e+00 -2.937585e-05)	(-1.213720e-01 0.000000e+00 3.366441e-05)
3.580000e+03	lowerWall	(-1.247285e-01 0.000000e+00 -2.932014e-05)	(-1.212719e-01 0.000000e+00 3.360282e-05)
3.590000e+03	lowerWall	(-1.246229e-01 0.000000e+00 -2.926455e-05)	(-1.211723e-01 0.000000e+00 3.354126e-05)
3.600000e+03	lowerWall	(-1.245178e-01 0.000000e+00 -2.920908e-05)	(-1.210732e-01 0.000000e+00 3.347973e-05)
3.610000e+03	lowerWall	(-1.244133e-01 0.000000e+00 -2.915375e-05)	(-1.209745e-01 0.000000e+00 3.341827e-05)
3.620000e+03	lowerWall	(-1.243092e-01 0.000000e+00 -2.909855e-05)	(-1.208763e-01 0.000000e+00 3.335687e-05)
3.630000e+03	lowerWall	(-1.242056e-01 0.000000e+00 -2.904349e-05)	(-1.207786e-01 0.000000e+00 3.329555e-05)
3.640000e+03	lowerWall	(-1.241025e-01 0.000000e+00 -2.898856e-05)	(-1.206813e-01 0.000000e+00 3.323431e-05)
3.650000e+03	lowerWall	(-1.239999e-01 0.000000e+00 -2.893376e-05)	(-1.205845e-01 0.000000e+00 3.317316e-05)
3.660000e+03	lowerWall	(-1.238977e-01 0.000000e+00 -2.887911e-05)	(-1.204881e-01 0.000000e+00 3.311211e-05)
3.670000e+03	lowerWall	(-1.237960e-01 0.000000e+00 -2.882460e-05)	(-1.203921e-01 0.000000e+00 3.305117e-05)
3.680000e+03	lowerWall	(-1.236948e-01 0.000000e+00 -2.877023e-05)	(-1.202966e-01 0.000000e+00 3.299033e-05)
3.690000e+03	lowerWall	(-1.235940e-01 0.000000e+00 -2.871602e-05)	(-1.202015e-01 0.000000e+00 3.292960e-05)
3.700000e+03	lowerWall	(-1.234937e-01 0.000000e+00 -2.866195e-05)	(-1.201069e-01 0.000000e+00 3.286899e-05)
3.710000e+03	lowerWall	(-1.233939e-01 0.000000e+00 -2.860804e-05)	(-1.200127e-01 0.000000e+00 3.280849e-05)
3.720000e+03	lowerWall	(-1.232945e-01 0.000000e+00 -2.855428e-05)	(-1.199189e-01 0.000000e+00 3.274812e-05)
3.730000e+03	lowerWall	(-1.231956e-01 0.000000e+00 -2.850069e-05)	(-1.198256e-01 0.000000e+00 3.268788e-05)
3.740000e+03	lowerWall	(-1.230971e-01 0.000000e+00 -2.844725e-05)	(-1.197327e-01 0.000000e+00 3.262777e-05)
3.750000e+03	lowerWall	(-1.229991e-01 0.000000e+00 -2.839398e-05)	(-1.196402e-01 0.000000e+00 3.256779e-05)
3.760000e+03	lowerWall	(-1.229015e-01 0.000000e+00 -2.834088e-05)	(-1.195481e-01 0.000000e+00 3.250795e-05)
3.770000e+03	lowerWall	(-1.228043e-01 0.000000e+00 -2.828794e-05)	(-1.194564e-01 0.000000e+00 3.244824e-05)
3.780000e+03	lowerWall	(-1.227076e-01 0.000000e+00 -2.823518e-05)	(-1.193652e-01 0.000000e+00 3.238868e-05)
3.790000e+03	lowerWall	(-1.226113e-01 0.000000e+00 -2.818259e-05)	(-1.192743e-01 0.000000e+00 3.232930e-05)
3.800000e+03	lowerWall	(-1.225154e-01 0.000000e+00 -2.813017e-05)	(-1.191839e-01 0.000000e+00 3.227010e-05)
3.810000e+03	lowerWall	(-1.224200e-01 0.000000e+00 -2.807792e-05)	(-1.190938e-01 0.000000e+00 3.221109e-05)
3.820000e+03	lowerWall	(-1.223250e-01 0.000000e+00 -2.802586e-05)	(-1.190041e-01 0.000000e+00 3.215227e-05)
3.830000e+03	lowerWall	(-1.222304e-01 0.000000e+00 -2.797396e-05)	(-1.189148e-01 0.000000e+00 3.209370e-05)
3.840000e+03	lowerWall	(-1.221362e-01 0.000000e+00 -2.792225e-05)	(-1.188260e-01 0.000000e+00 3.203537e-05)
3.850000e+03	lowerWall	(-1.220424e-01 0.000000e+00 -2.787071e-05)	(-1.187374e-01 0.000000e+00 3.197725e-05)
3.860000e+03	lowerWall	(-1.219490e-01 0.000000e+00 -2.781935e-05)	(-1.186493e-01 0.000000e+00 3.191934e-05)
3.870000e+03	lowerWall	(-1.218561e-01 0.000000e+00 -2.776818e-05)	(-1.185616e-01 0.000000e+00 3.186161e-05)
3.880000e+03	lowerWall	(-1.217635e-01 0.000000e+00 -2.771719e-05)	(-1.184742e-01 0.000000e+00 3.180406e-05)
3.890000e+03	lowerWall	(-1.216714e-01 0.000000e+00 -2.766638e-05)	(-1.183872e-01 0.000000e+00 3.174667e-05)
3.900000e+03	lowerWall	(-1.215797e-01 0.000000e+00 -2.761576e-05)	(-1.183006e-01 0.000000e+00 3.168946e-05)
3.910000e+03	lowerWall	(-1.214883e-01 0.000000e+00 -2.756533e-05)	(-1.182143e-01 0.000000e+00 3.163240e-05)
3.920000e+03	lowerWall	(-1.213974e-01 0.000000e+00 -2.751507e-05)	(-1.181285e-01 0.000000e+00 3.157550e-05)
3.930000e+03	lowerWall	(-1.213068e-01 0.000000e+00 -2.746500e-05)	(-1.180430e-01 0.000000e+00 3.151875e-05)
3.940000e+03	lowerWall	(-1.212166e-01 0.000000e+00 -2.741510e-05)	(-1.179578e-01 0.000000e+00 3.146215e-05)
3.950000e+03	lowerWall	(-1.211269e-01 0.000000e+00 -2.736543e-05)	(-1.178731e-01 0.000000e+00 3.140570e-05)
3.960000e+03	lowerWall	(-1.210375e-01 0.000000e+00 -2.731597e-05)	(-1.177887e-01 0.000000e+00 3.134941e-05)
3.970000e+03	lowerWall	(-1.209484e-01 0.000000e+00 -2.726673e-05)	(-1.177046e-01 0.000000e+00 3.129332e-05)
3.980000e+03	lowerWall	(-1.208598e-01 0.000000e+00 -2.721771e-05)	(-1.176209e-01 0.000000e+00 3.123803e-05)
3.990000e+03	lowerWall	(-1.207715e-01 0.000000e+00 -2.716894e-05)	(-1.175376e-01 0.000000e+00 3.118388e-05)
4.000000e+03	lowerWall	(-1.206837e-01 0.000000e+00 -2.712044e-05)	(-1.174546e-01 0.000000e+00 3.113069e-05)
4.010000e+03	lowerWall	(-1.205961e-01 0.000000e+00 -2.707219e-05)	(-1.173720e-01 0.000000e+00 3.107832e-05)
4.020000e+03	lowerWall	(-1.205090e-01 0.000000e+00 -2.702418e-05)	(-1.172897e-01 0.000000e+00 3.102656e-05)
4.030000e+03	lowerWall	(-1.204222e-01 0.000000e+00 -2.697639e-05)	(-1.172078e-01 0.000000e+00 3.097546e-05)
4.040000e+03	lowerWall	(-1.203358e-01 0.000000e+00 -2.692880e-05)	(-1.171262e-01 0.000000e+00 3.092523e-05)
4.050000e+03	lowerWall	(-1.202497e-01 0.000000e+00 -2.688141e-05)	(-1.170450e-01 0.000000e+00 3.087582e-05)
4.060000e+03	lowerWall	(-1.201640e-01 0.000000e+00 -2.683421e-05)	(-1.169641e-01 0.000000e+00 3.082715e-05)
4.070000e+03	lowerWall	(-1.200787e-01 0.000000e+00 -2.678719e-05)	(-1.168836e-01 0.000000e+00 3.077890e-05)
4.080000e+03	lowerWall	(-1.199937e-01 0.000000e+00 -2.674035e-05)	(-1.168035e-01 0.000000e+00 3.073087e-05)
4.090000e+03	lowerWall	(-1.199091e-01 0.000000e+00 -2.669370e-05)	(-1.167238e-01 0.000000e+00 3.068312e-05)
4.100000e+03	lowerWall	(-1.198248e-01 0.000000e+00 -2.664722e-05)	(-1.166445e-01 0.000000e+00 3.063570e-05)
4.110000e+03	lowerWall	(-1.197409e-01 0.000000e+00 -2.660092e-05)	(-1.165655e-01 0.000000e+00 3.058812e-05)
4.120000e+03	lowerWall	(-1.196573e-01 0.000000e+00 -2.655478e-05)	(-1.164869e-01 0.000000e+00 3.054015e-05)
4.130000e+03	lowerWall	(-1.195741e-01 0.000000e+00 -2.650880e-05)	(-1.164087e-01 0.000000e+00 3.049198e-05)
4.140000e+03	lowerWall	(-1.194912e-01 0.000000e+00 -2.646299e-05)	(-1.163308e-01 0.000000e+00 3.044373e-05)
4.150000e+03	lowerWall	(-1.194086e-01 0.000000e+00 -2.641734e-05)	(-1.162532e-01 0.000000e+00 3.039548e-05)
4.160000e+03	lowerWall	(-1.193264e-01 0.000000e+00 -2.637186e-05)	(-1.161760e-01 0.000000e+00 3.034729e-05)
4.170000e+03	lowerWall	(-1.192445e-01 0.000000e+00 -2.632654e-05)	(-1.160991e-01 0.000000e+00 3.029919e-05)
4.180000e+03	lowerWall	(-1.191629e-01 0.000000e+00 -2.628138e-05)	(-1.160225e-01 0.000000e+00 3.025123e-05)
4.190000e+03	lowerWall	(-1.190817e-01 0.000000e+00 -2.623638e-05)	(-1.159463e-01 0.000000e+00 3.020342e-05)
4.200000e+03	lowerWall	(-1.190008e-01 0.000000e+00 -2.619155e-05)	(-1.158703e-01 0.000000e+00 3.015580e-05)
4.210000e+03	lowerWall	(-1.189203e-01 0.000000e+00 -2.614688e-05)	(-1.157947e-01 0.000000e+00 3.010839e-05)
4.220000e+03	lowerWall	(-1.188400e-01 0.000000e+00 -2.610236e-05)	(-1.157195e-01 0.000000e+00 3.006117e-05)
4.230000e+03	lowerWall	(-1.187601e-01 0.000000e+00 -2.605411e-05)	(-1.156443e-01 0.000000e+00 3.000755e-05)
4.240000e+03	lowerWall	(-1.186805e-01 0.000000e+00 -2.600435e-05)	(-1.155699e-01 0.000000e+00 2.994864e-05)
4.250000e+03	lowerWall	(-1.186013e-01 0.000000e+00 -2.595491e-05)	(-1.154960e-01 0.000000e+00 2.989044e-05)
4.260000e+03	lowerWall	(-1.185223e-01 0.000000e+00 -2.590603e-05)	(-1.154223e-01 0.000000e+00 2.983310e-05)
4.270000e+03	lowerWall	(-1.184437e-01 0.000000e+00 -2.585770e-05)	(-1.153489e-01 0.000000e+00 2.977654e-05)
4.280000e+03	lowerWall	(-1.183654e-01 0.000000e+00 -2.580990e-05)	(-1.152758e-01 0.000000e+00 2.972070e-05)
4.290000e+03	lowerWall	(-1.182874e-01 0.000000e+00 -2.576260e-05)	(-1.152030e-01 0.000000e+00 2.966551e-05)
4.300000e+03	lowerWall	(-1.182097e-01 0.000000e+00 -2.571570e-05)	(-1.151305e-01 0.000000e+00 2.961090e-05)
4.310000e+03	lowerWall	(-1.181323e-01 0.000000e+00 -2.566886e-05)	(-1.150583e-01 0.000000e+00 2.955683e-05)
4.320000e+03	lowerWall	(-1.180552e-01 0.000000e+00 -2.562204e-05)	(-1.149864e-01 0.000000e+00 2.950327e-05)
4.330000e+03	lowerWall	(-1.179784e-01 0.000000e+00 -2.557534e-05)	(-1.149148e-01 0.000000e+00 2.945024e-05)
4.340000e+03	lowerWall	(-1.179019e-01 0.000000e+00 -2.552859e-05)	(-1.148434e-01 0.000000e+00 2.939771e-05)
4.350000e+03	lowerWall	(-1.178257e-01 0.000000e+00 -2.548121e-05)	(-1.147723e-01 0.000000e+00 2.934555e-05)
4.360000e+03	lowerWall	(-1.177499e-01 0.000000e+00 -2.543314e-05)	(-1.147015e-01 0.000000e+00 2.929355e-05)
4.370000e+03	lowerWall	(-1.176743e-01 0.000000e+00 -2.538417e-05)	(-1.146310e-01 0.000000e+00 2.924170e-05)
4.380000e+03	lowerWall	(-1.175990e-01 0.000000e+00 -2.533450e-05)	(-1.145608e-01 0.000000e+00 2.919001e-05)
4.390000e+03	lowerWall	(-1.175239e-01 0.000000e+00 -2.528430e-05)	(-1.144908e-01 0.000000e+00 2.913845e-05)
4.400000e+03	lowerWall	(-1.174492e-01 0.000000e+00 -2.523370e-05)	(-1.144211e-01 0.000000e+00 2.908700e-05)
4.410000e+03	lowerWall	(-1.173748e-01 0.000000e+00 -2.518283e-05)	(-1.143516e-01 0.000000e+00 2.903566e-05)
4.420000e+03	lowerWall	(-1.173007e-01 0.000000e+00 -2.513215e-05)	(-1.142825e-01 0.000000e+00 2.898446e-05)
4.430000e+03	lowerWall	(-1.172268e-01 0.000000e+00 -2.508212e-05)	(-1.142136e-01 0.000000e+00 2.893343e-05)
4.440000e+03	lowerWall	(-1.171532e-01 0.000000e+00 -2.503243e-05)	(-1.141450e-01 0.000000e+00 2.888261e-05)
4.450000e+03	lowerWall	(-1.170799e-01 0.000000e+00 -2.498300e-05)	(-1.140767e-01 0.000000e+00 2.883197e-05)
4.460000e+03	lowerWall	(-1.170069e-01 0.000000e+00 -2.493377e-05)	(-1.140086e-01 0.000000e+00 2.878148e-05)
4.470000e+03	lowerWall	(-1.169342e-01 0.000000e+00 -2.488489e-05)	(-1.139408e-01 0.000000e+00 2.873111e-05)
4.480000e+03	lowerWall	(-1.168617e-01 0.000000e+00 -2.483681e-05)	(-1.138732e-01 0.000000e+00 2.868089e-05)
4.490000e+03	lowerWall	(-1.167895e-01 0.000000e+00 -2.478943e-05)	(-1.138059e-01 0.000000e+00 2.863086e-05)
4.500000e+03	lowerWall	(-1.167176e-01 0.000000e+00 -2.474262e-05)	(-1.137388e-01 0.000000e+00 2.858102e-05)
4.510000e+03	lowerWall	(-1.166460e-01 0.000000e+00 -2.469635e-05)	(-1.136720e-01 0.000000e+00 2.853136e-05)
4.520000e+03	lowerWall	(-1.165746e-01 0.000000e+00 -2.465080e-05)	(-1.136055e-01 0.000000e+00 2.848193e-05)
4.530000e+03	lowerWall	(-1.165035e-01 0.000000e+00 -2.460592e-05)	(-1.135392e-01 0.000000e+00 2.843273e-05)
4.540000e+03	lowerWall	(-1.164326e-01 0.000000e+00 -2.456168e-05)	(-1.134731e-01 0.000000e+00 2.838372e-05)
4.550000e+03	lowerWall	(-1.163620e-01 0.000000e+00 -2.451797e-05)	(-1.134073e-01 0.000000e+00 2.833486e-05)
4.560000e+03	lowerWall	(-1.162917e-01 0.000000e+00 -2.447470e-05)	(-1.133417e-01 0.000000e+00 2.828610e-05)
4.570000e+03	lowerWall	(-1.162217e-01 0.000000e+00 -2.443177e-05)	(-1.132764e-01 0.000000e+00 2.823743e-05)
4.580000e+03	lowerWall	(-1.161519e-01 0.000000e+00 -2.438913e-05)	(-1.132113e-01 0.000000e+00 2.818884e-05)
4.590000e+03	lowerWall	(-1.160823e-01 0.000000e+00 -2.434674e-05)	(-1.131464e-01 0.000000e+00 2.814032e-05)
4.600000e+03	lowerWall	(-1.160130e-01 0.000000e+00 -2.430456e-05)	(-1.130818e-01 0.000000e+00 2.809186e-05)
4.610000e+03	lowerWall	(-1.159440e-01 0.000000e+00 -2.426257e-05)	(-1.130174e-01 0.000000e+00 2.804345e-05)
4.620000e+03	lowerWall	(-1.158752e-01 0.000000e+00 -2.422076e-05)	(-1.129532e-01 0.000000e+00 2.799506e-05)
4.630000e+03	lowerWall	(-1.158067e-01 0.000000e+00 -2.417914e-05)	(-1.128893e-01 0.000000e+00 2.794671e-05)
4.640000e+03	lowerWall	(-1.157384e-01 0.000000e+00 -2.413774e-05)	(-1.128257e-01 0.000000e+00 2.789840e-05)
4.650000e+03	lowerWall	(-1.156704e-01 0.000000e+00 -2.409656e-05)	(-1.127622e-01 0.000000e+00 2.785013e-05)
4.660000e+03	lowerWall	(-1.156026e-01 0.000000e+00 -2.405559e-05)	(-1.126990e-01 0.000000e+00 2.780189e-05)
4.670000e+03	lowerWall	(-1.155350e-01 0.000000e+00 -2.401484e-05)	(-1.126360e-01 0.000000e+00 2.775367e-05)
4.680000e+03	lowerWall	(-1.154677e-01 0.000000e+00 -2.397430e-05)	(-1.125733e-01 0.000000e+00 2.770548e-05)
4.690000e+03	lowerWall	(-1.154006e-01 0.000000e+00 -2.393396e-05)	(-1.125108e-01 0.000000e+00 2.765732e-05)
4.700000e+03	lowerWall	(-1.153338e-01 0.000000e+00 -2.389378e-05)	(-1.124485e-01 0.000000e+00 2.760919e-05)
4.710000e+03	lowerWall	(-1.152672e-01 0.000000e+00 -2.385372e-05)	(-1.123864e-01 0.000000e+00 2.756108e-05)
4.720000e+03	lowerWall	(-1.152009e-01 0.000000e+00 -2.381378e-05)	(-1.123246e-01 0.000000e+00 2.751298e-05)
4.730000e+03	lowerWall	(-1.151348e-01 0.000000e+00 -2.377397e-05)	(-1.122630e-01 0.000000e+00 2.746489e-05)
4.740000e+03	lowerWall	(-1.150689e-01 0.000000e+00 -2.373431e-05)	(-1.122016e-01 0.000000e+00 2.741684e-05)
4.750000e+03	lowerWall	(-1.150033e-01 0.000000e+00 -2.369482e-05)	(-1.121405e-01 0.000000e+00 2.736882e-05)
4.760000e+03	lowerWall	(-1.149379e-01 0.000000e+00 -2.365552e-05)	(-1.120796e-01 0.000000e+00 2.732084e-05)
4.770000e+03	lowerWall	(-1.148728e-01 0.000000e+00 -2.361646e-05)	(-1.120189e-01 0.000000e+00 2.727291e-05)
4.780000e+03	lowerWall	(-1.148079e-01 0.000000e+00 -2.357762e-05)	(-1.119584e-01 0.000000e+00 2.722502e-05)
4.790000e+03	lowerWall	(-1.147433e-01 0.000000e+00 -2.353897e-05)	(-1.118981e-01 0.000000e+00 2.717720e-05)
4.800000e+03	lowerWall	(-1.146789e-01 0.000000e+00 -2.350049e-05)	(-1.118381e-01 0.000000e+00 2.712942e-05)
4.810000e+03	lowerWall	(-1.146147e-01 0.000000e+00 -2.346216e-05)	(-1.117783e-01 0.000000e+00 2.708171e-05)
4.820000e+03	lowerWall	(-1.145507e-01 0.000000e+00 -2.342397e-05)	(-1.117186e-01 0.000000e+00 2.703406e-05)
4.830000e+03	lowerWall	(-1.144870e-01 0.000000e+00 -2.338589e-05)	(-1.116593e-01 0.000000e+00 2.698648e-05)
4.840000e+03	lowerWall	(-1.144235e-01 0.000000e+00 -2.334792e-05)	(-1.116001e-01 0.000000e+00 2.693900e-05)
4.850000e+03	lowerWall	(-1.143603e-01 0.000000e+00 -2.331005e-05)	(-1.115411e-01 0.000000e+00 2.689160e-05)
4.860000e+03	lowerWall	(-1.142972e-01 0.000000e+00 -2.327227e-05)	(-1.114823e-01 0.000000e+00 2.684430e-05)
4.870000e+03	lowerWall	(-1.142344e-01 0.000000e+00 -2.323459e-05)	(-1.114238e-01 0.000000e+00 2.679711e-05)
4.880000e+03	lowerWall	(-1.141718e-01 0.000000e+00 -2.319699e-05)	(-1.113654e-01 0.000000e+00 2.675007e-05)
4.890000e+03	lowerWall	(-1.141095e-01 0.000000e+00 -2.315947e-05)	(-1.113072e-01 0.000000e+00 2.670316e-05)
4.900000e+03	lowerWall	(-1.140473e-01 0.000000e+00 -2.312204e-05)	(-1.112493e-01 0.000000e+00 2.665638e-05)
4.910000e+03	lowerWall	(-1.139854e-01 0.000000e+00 -2.308469e-05)	(-1.111915e-01 0.000000e+00 2.660971e-05)
4.920000e+03	lowerWall	(-1.139237e-01 0.000000e+00 -2.304742e-05)	(-1.111340e-01 0.000000e+00 2.656316e-05)
4.930000e+03	lowerWall	(-1.138622e-01 0.000000e+00 -2.301024e-05)	(-1.110766e-01 0.000000e+00 2.651671e-05)
4.940000e+03	lowerWall	(-1.138010e-01 0.000000e+00 -2.297313e-05)	(-1.110194e-01 0.000000e+00 2.647037e-05)
4.950000e+03	lowerWall	(-1.137399e-01 0.000000e+00 -2.293610e-05)	(-1.109625e-01 0.000000e+00 2.642414e-05)
4.960000e+03	lowerWall	(-1.136791e-01 0.000000e+00 -2.289916e-05)	(-1.109057e-01 0.000000e+00 2.637801e-05)
4.970000e+03	lowerWall	(-1.136185e-01 0.000000e+00 -2.286230e-05)	(-1.108492e-01 0.000000e+00 2.633198e-05)
4.980000e+03	lowerWall	(-1.135580e-01 0.000000e+00 -2.282552e-05)	(-1.107928e-01 0.000000e+00 2.628606e-05)
4.990000e+03	lowerWall	(-1.134978e-01 0.000000e+00 -2.278883e-05)	(-1.107366e-01 0.000000e+00 2.624024e-05)
5.000000e+03	lowerWall	(-1.134379e-01 0.000000e+00 -2.275222e-05)	(-1.106806e-01 0.000000e+00 2.619453e-05)
5.010000e+03	lowerWall	(-1.133782e-01 0.000000e+00 -2.271569e-05)	(-1.106248e-01 0.000000e+00 2.614891e-05)
5.020000e+03	lowerWall	(-1.133187e-01 0.000000e+00 -2.267925e-05)	(-1.105692e-01 0.000000e+00 2.610340e-05)
5.030000e+03	lowerWall	(-1.132594e-01 0.000000e+00 -2.264289e-05)	(-1.105138e-01 0.000000e+00 2.605799e-05)
5.040000e+03	lowerWall	(-1.132003e-01 0.000000e+00 -2.260663e-05)	(-1.104586e-01 0.000000e+00 2.601487e-05)
5.050000e+03	lowerWall	(-1.131414e-01 0.000000e+00 -2.257045e-05)	(-1.104036e-01 0.000000e+00 2.597397e-05)
5.060000e+03	lowerWall	(-1.130827e-01 0.000000e+00 -2.253435e-05)	(-1.103488e-01 0.000000e+00 2.593314e-05)
5.070000e+03	lowerWall	(-1.130242e-01 0.000000e+00 -2.249835e-05)	(-1.102941e-01 0.000000e+00 2.589240e-05)
5.080000e+03	lowerWall	(-1.129659e-01 0.000000e+00 -2.246243e-05)	(-1.102397e-01 0.000000e+00 2.585173e-05)
5.090000e+03	lowerWall	(-1.129078e-01 0.000000e+00 -2.242660e-05)	(-1.101854e-01 0.000000e+00 2.581114e-05)
5.100000e+03	lowerWall	(-1.128499e-01 0.000000e+00 -2.239086e-05)	(-1.101313e-01 0.000000e+00 2.577064e-05)
5.110000e+03	lowerWall	(-1.127922e-01 0.000000e+00 -2.235521e-05)	(-1.100774e-01 0.000000e+00 2.573021e-05)
5.120000e+03	lowerWall	(-1.127347e-01 0.000000e+00 -2.231965e-05)	(-1.100237e-01 0.000000e+00 2.568987e-05)
5.130000e+03	lowerWall	(-1.126774e-01 0.000000e+00 -2.228418e-05)	(-1.099702e-01 0.000000e+00 2.564961e-05)
5.140000e+03	lowerWall	(-1.126203e-01 0.000000e+00 -2.224880e-05)	(-1.099168e-01 0.000000e+00 2.560942e-05)
5.150000e+03	lowerWall	(-1.125634e-01 0.000000e+00 -2.221351e-05)	(-1.098637e-01 0.000000e+00 2.556932e-05)
5.160000e+03	lowerWall	(-1.125067e-01 0.000000e+00 -2.217831e-05)	(-1.098107e-01 0.000000e+00 2.552930e-05)
5.170000e+03	lowerWall	(-1.124502e-01 0.000000e+00 -2.214320e-05)	(-1.097579e-01 0.000000e+00 2.548936e-05)
5.180000e+03	lowerWall	(-1.123938e-01 0.000000e+00 -2.210819e-05)	(-1.097053e-01 0.000000e+00 2.544950e-05)
5.190000e+03	lowerWall	(-1.123377e-01 0.000000e+00 -2.207327e-05)	(-1.096528e-01 0.000000e+00 2.540972e-05)
5.200000e+03	lowerWall	(-1.122817e-01 0.000000e+00 -2.203843e-05)	(-1.096005e-01 0.000000e+00 2.537002e-05)
5.210000e+03	lowerWall	(-1.122259e-01 0.000000e+00 -2.200369e-05)	(-1.095484e-01 0.000000e+00 2.533040e-05)
5.220000e+03	lowerWall	(-1.121703e-01 0.000000e+00 -2.196904e-05)	(-1.094965e-01 0.000000e+00 2.529087e-05)
5.230000e+03	lowerWall	(-1.121149e-01 0.000000e+00 -2.193448e-05)	(-1.094448e-01 0.000000e+00 2.525141e-05)
5.240000e+03	lowerWall	(-1.120597e-01 0.000000e+00 -2.190001e-05)	(-1.093932e-01 0.000000e+00 2.521204e-05)
5.250000e+03	lowerWall	(-1.120047e-01 0.000000e+00 -2.186564e-05)	(-1.093418e-01 0.000000e+00 2.517275e-05)
5.260000e+03	lowerWall	(-1.119498e-01 0.000000e+00 -2.183135e-05)	(-1.092906e-01 0.000000e+00 2.513353e-05)
5.270000e+03	lowerWall	(-1.118952e-01 0.000000e+00 -2.179715e-05)	(-1.092395e-01 0.000000e+00 2.509440e-05)
5.280000e+03	lowerWall	(-1.118407e-01 0.000000e+00 -2.176305e-05)	(-1.091886e-01 0.000000e+00 2.505535e-05)
5.290000e+03	lowerWall	(-1.117864e-01 0.000000e+00 -2.172904e-05)	(-1.091379e-01 0.000000e+00 2.501639e-05)
5.300000e+03	lowerWall	(-1.117323e-01 0.000000e+00 -2.169511e-05)	(-1.090874e-01 0.000000e+00 2.497751e-05)
5.310000e+03	lowerWall	(-1.116783e-01 0.000000e+00 -2.166128e-05)	(-1.090370e-01 0.000000e+00 2.493871e-05)
5.320000e+03	lowerWall	(-1.116245e-01 0.000000e+00 -2.162754e-05)	(-1.089868e-01 0.000000e+00 2.489999e-05)
5.330000e+03	lowerWall	(-1.115709e-01 0.000000e+00 -2.159389e-05)	(-1.089367e-01 0.000000e+00 2.486136e-05)
5.340000e+03	lowerWall	(-1.115175e-01 0.000000e+00 -2.156032e-05)	(-1.088868e-01 0.000000e+00 2.482281e-05)
5.350000e+03	lowerWall	(-1.114643e-01 0.000000e+00 -2.152685e-05)	(-1.088371e-01 0.000000e+00 2.478434e-05)
5.360000e+03	lowerWall	(-1.114112e-01 0.000000e+00 -2.149347e-05)	(-1.087875e-01 0.000000e+00 2.474595e-05)
5.370000e+03	lowerWall	(-1.113583e-01 0.000000e+00 -2.146017e-05)	(-1.087382e-01 0.000000e+00 2.470765e-05)
5.380000e+03	lowerWall	(-1.113056e-01 0.000000e+00 -2.142697e-05)	(-1.086889e-01 0.000000e+00 2.466942e-05)
5.390000e+03	lowerWall	(-1.112530e-01 0.000000e+00 -2.139385e-05)	(-1.086398e-01 0.000000e+00 2.463127e-05)
5.400000e+03	lowerWall	(-1.112006e-01 0.000000e+00 -2.136082e-05)	(-1.085909e-01 0.000000e+00 2.459321e-05)
5.410000e+03	lowerWall	(-1.111484e-01 0.000000e+00 -2.132788e-05)	(-1.085422e-01 0.000000e+00 2.455522e-05)
5.420000e+03	lowerWall	(-1.110964e-01 0.000000e+00 -2.129503e-05)	(-1.084936e-01 0.000000e+00 2.451732e-05)
5.430000e+03	lowerWall	(-1.110445e-01 0.000000e+00 -2.126227e-05)	(-1.084452e-01 0.000000e+00 2.447951e-05)
5.440000e+03	lowerWall	(-1.109928e-01 0.000000e+00 -2.122959e-05)	(-1.083969e-01 0.000000e+00 2.444181e-05)
5.450000e+03	lowerWall	(-1.109413e-01 0.000000e+00 -2.119699e-05)	(-1.083487e-01 0.000000e+00 2.440421e-05)
5.460000e+03	lowerWall	(-1.108899e-01 0.000000e+00 -2.116449e-05)	(-1.083008e-01 0.000000e+00 2.436673e-05)
5.470000e+03	lowerWall	(-1.108387e-01 0.000000e+00 -2.113207e-05)	(-1.082529e-01 0.000000e+00 2.432941e-05)
5.480000e+03	lowerWall	(-1.107876e-01 0.000000e+00 -2.109973e-05)	(-1.082052e-01 0.000000e+00 2.429224e-05)
5.490000e+03	lowerWall	(-1.107367e-01 0.000000e+00 -2.106749e-05)	(-1.081577e-01 0.000000e+00 2.425519e-05)
5.500000e+03	lowerWall	(-1.106860e-01 0.000000e+00 -2.103532e-05)	(-1.081103e-01 0.000000e+00 2.421825e-05)
5.510000e+03	lowerWall	(-1.106355e-01 0.000000e+00 -2.100324e-05)	(-1.080630e-01 0.000000e+00 2.418142e-05)
5.520000e+03	lowerWall	(-1.105851e-01 0.000000e+00 -2.097125e-05)	(-1.080159e-01 0.000000e+00 2.414468e-05)
5.530000e+03	lowerWall	(-1.105348e-01 0.000000e+00 -2.093934e-05)	(-1.079689e-01 0.000000e+00 2.410803e-05)
5.540000e+03	lowerWall	(-1.104847e-01 0.000000e+00 -2.090751e-05)	(-1.079221e-01 0.000000e+00 2.407146e-05)
5.550000e+03	lowerWall	(-1.104348e-01 0.000000e+00 -2.087577e-05)	(-1.078754e-01 0.000000e+00 2.403498e-05)
5.560000e+03	lowerWall	(-1.103851e-01 0.000000e+00 -2.084411e-05)	(-1.078289e-01 0.000000e+00 2.399857e-05)
5.570000e+03	lowerWall	(-1.103355e-01 0.000000e+00 -2.081253e-05)	(-1.077826e-01 0.000000e+00 2.396223e-05)
5.580000e+03	lowerWall	(-1.102860e-01 0.000000e+00 -2.078104e-05)	(-1.077363e-01 0.000000e+00 2.392598e-05)
5.590000e+03	lowerWall	(-1.102367e-01 0.000000e+00 -2.074963e-05)	(-1.076902e-01 0.000000e+00 2.388979e-05)
5.600000e+03	lowerWall	(-1.101876e-01 0.000000e+00 -2.071830e-05)	(-1.076443e-01 0.000000e+00 2.385367e-05)
5.610000e+03	lowerWall	(-1.101386e-01 0.000000e+00 -2.068706e-05)	(-1.075985e-01 0.000000e+00 2.381763e-05)
5.620000e+03	lowerWall	(-1.100898e-01 0.000000e+00 -2.065589e-05)	(-1.075529e-01 0.000000e+00 2.378165e-05)
5.630000e+03	lowerWall	(-1.100411e-01 0.000000e+00 -2.062481e-05)	(-1.075074e-01 0.000000e+00 2.374574e-05)
5.640000e+03	lowerWall	(-1.099926e-01 0.000000e+00 -2.059381e-05)	(-1.074620e-01 0.000000e+00 2.370988e-05)
5.650000e+03	lowerWall	(-1.099442e-01 0.000000e+00 -2.056291e-05)	(-1.074168e-01 0.000000e+00 2.367406e-05)
5.660000e+03	lowerWall	(-1.098960e-01 0.000000e+00 -2.053213e-05)	(-1.073717e-01 0.000000e+00 2.363850e-05)
5.670000e+03	lowerWall	(-1.098479e-01 0.000000e+00 -2.050144e-05)	(-1.073268e-01 0.000000e+00 2.360373e-05)
5.680000e+03	lowerWall	(-1.098000e-01 0.000000e+00 -2.047088e-05)	(-1.072820e-01 0.000000e+00 2.356964e-05)
5.690000e+03	lowerWall	(-1.097522e-01 0.000000e+00 -2.044050e-05)	(-1.072374e-01 0.000000e+00 2.353611e-05)
5.700000e+03	lowerWall	(-1.097046e-01 0.000000e+00 -2.041027e-05)	(-1.071929e-01 0.000000e+00 2.350304e-05)
5.710000e+03	lowerWall	(-1.096571e-01 0.000000e+00 -2.038018e-05)	(-1.071485e-01 0.000000e+00 2.347036e-05)
5.720000e+03	lowerWall	(-1.096098e-01 0.000000e+00 -2.035022e-05)	(-1.071044e-01 0.000000e+00 2.343801e-05)
5.730000e+03	lowerWall	(-1.095626e-01 0.000000e+00 -2.032037e-05)	(-1.070605e-01 0.000000e+00 2.340603e-05)
5.740000e+03	lowerWall	(-1.095156e-01 0.000000e+00 -2.029062e-05)	(-1.070167e-01 0.000000e+00 2.337440e-05)
5.750000e+03	lowerWall	(-1.094687e-01 0.000000e+00 -2.026097e-05)	(-1.069730e-01 0.000000e+00 2.334311e-05)
5.760000e+03	lowerWall	(-1.094219e-01 0.000000e+00 -2.023141e-05)	(-1.069296e-01 0.000000e+00 2.331206e-05)
5.770000e+03	lowerWall	(-1.093753e-01 0.000000e+00 -2.020193e-05)	(-1.068862e-01 0.000000e+00 2.328083e-05)
5.780000e+03	lowerWall	(-1.093289e-01 0.000000e+00 -2.017253e-05)	(-1.068431e-01 0.000000e+00 2.324949e-05)
5.790000e+03	lowerWall	(-1.092825e-01 0.000000e+00 -2.014321e-05)	(-1.068000e-01 0.000000e+00 2.321811e-05)
5.800000e+03	lowerWall	(-1.092364e-01 0.000000e+00 -2.011397e-05)	(-1.067572e-01 0.000000e+00 2.318674e-05)
5.810000e+03	lowerWall	(-1.091903e-01 0.000000e+00 -2.008479e-05)	(-1.067144e-01 0.000000e+00 2.315541e-05)
5.820000e+03	lowerWall	(-1.091444e-01 0.000000e+00 -2.005569e-05)	(-1.066718e-01 0.000000e+00 2.312415e-05)
5.830000e+03	lowerWall	(-1.090987e-01 0.000000e+00 -2.002667e-05)	(-1.066294e-01 0.000000e+00 2.309295e-05)
5.840000e+03	lowerWall	(-1.090530e-01 0.000000e+00 -1.999771e-05)	(-1.065871e-01 0.000000e+00 2.306187e-05)
5.850000e+03	lowerWall	(-1.090075e-01 0.000000e+00 -1.996881e-05)	(-1.065449e-01 0.000000e+00 2.303090e-05)
5.860000e+03	lowerWall	(-1.089622e-01 0.000000e+00 -1.993999e-05)	(-1.065028e-01 0.000000e+00 2.299984e-05)
5.870000e+03	lowerWall	(-1.089170e-01 0.000000e+00 -1.991123e-05)	(-1.064609e-01 0.000000e+00 2.296848e-05)
5.880000e+03	lowerWall	(-1.088719e-01 0.000000e+00 -1.988254e-05)	(-1.064191e-01 0.000000e+00 2.293690e-05)
5.890000e+03	lowerWall	(-1.088270e-01 0.000000e+00 -1.985392e-05)	(-1.063775e-01 0.000000e+00 2.290517e-05)
5.900000e+03	lowerWall	(-1.087822e-01 0.000000e+00 -1.982535e-05)	(-1.063360e-01 0.000000e+00 2.287336e-05)
5.910000e+03	lowerWall	(-1.087375e-01 0.000000e+00 -1.979685e-05)	(-1.062946e-01 0.000000e+00 2.284150e-05)
5.920000e+03	lowerWall	(-1.086930e-01 0.000000e+00 -1.976842e-05)	(-1.062533e-01 0.000000e+00 2.280960e-05)
5.930000e+03	lowerWall	(-1.086486e-01 0.000000e+00 -1.974004e-05)	(-1.062122e-01 0.000000e+00 2.277769e-05)
5.940000e+03	lowerWall	(-1.086043e-01 0.000000e+00 -1.971174e-05)	(-1.061712e-01 0.000000e+00 2.274579e-05)
5.950000e+03	lowerWall	(-1.085602e-01 0.000000e+00 -1.968349e-05)	(-1.061303e-01 0.000000e+00 2.271393e-05)
5.960000e+03	lowerWall	(-1.085162e-01 0.000000e+00 -1.965530e-05)	(-1.060896e-01 0.000000e+00 2.268211e-05)
5.970000e+03	lowerWall	(-1.084723e-01 0.000000e+00 -1.962715e-05)	(-1.060490e-01 0.000000e+00 2.265021e-05)
5.980000e+03	lowerWall	(-1.084285e-01 0.000000e+00 -1.959905e-05)	(-1.060085e-01 0.000000e+00 2.261817e-05)
5.990000e+03	lowerWall	(-1.083849e-01 0.000000e+00 -1.957101e-05)	(-1.059681e-01 0.000000e+00 2.258604e-05)
6.000000e+03	lowerWall	(-1.083414e-01 0.000000e+00 -1.954303e-05)	(-1.059278e-01 0.000000e+00 2.255380e-05)
6.010000e+03	lowerWall	(-1.082981e-01 0.000000e+00 -1.951512e-05)	(-1.058877e-01 0.000000e+00 2.252149e-05)
6.020000e+03	lowerWall	(-1.082549e-01 0.000000e+00 -1.948724e-05)	(-1.058477e-01 0.000000e+00 2.248913e-05)
6.030000e+03	lowerWall	(-1.082118e-01 0.000000e+00 -1.945919e-05)	(-1.058078e-01 0.000000e+00 2.245676e-05)
6.040000e+03	lowerWall	(-1.081688e-01 0.000000e+00 -1.943095e-05)	(-1.057680e-01 0.000000e+00 2.242439e-05)
6.050000e+03	lowerWall	(-1.081259e-01 0.000000e+00 -1.940259e-05)	(-1.057284e-01 0.000000e+00 2.239205e-05)
6.060000e+03	lowerWall	(-1.080832e-01 0.000000e+00 -1.937417e-05)	(-1.056889e-01 0.000000e+00 2.235972e-05)
6.070000e+03	lowerWall	(-1.080406e-01 0.000000e+00 -1.934571e-05)	(-1.056495e-01 0.000000e+00 2.232737e-05)
6.080000e+03	lowerWall	(-1.079981e-01 0.000000e+00 -1.931726e-05)	(-1.056102e-01 0.000000e+00 2.229497e-05)
6.090000e+03	lowerWall	(-1.079558e-01 0.000000e+00 -1.928882e-05)	(-1.055710e-01 0.000000e+00 2.226254e-05)
6.100000e+03	lowerWall	(-1.079135e-01 0.000000e+00 -1.926040e-05)	(-1.055320e-01 0.000000e+00 2.223008e-05)
6.110000e+03	lowerWall	(-1.078714e-01 0.000000e+00 -1.923202e-05)	(-1.054931e-01 0.000000e+00 2.219760e-05)
6.120000e+03	lowerWall	(-1.078294e-01 0.000000e+00 -1.920368e-05)	(-1.054543e-01 0.000000e+00 2.216515e-05)
6.130000e+03	lowerWall	(-1.077876e-01 0.000000e+00 -1.917540e-05)	(-1.054156e-01 0.000000e+00 2.213273e-05)
6.140000e+03	lowerWall	(-1.077458e-01 0.000000e+00 -1.914708e-05)	(-1.053771e-01 0.000000e+00 2.210029e-05)
6.150000e+03	lowerWall	(-1.077041e-01 0.000000e+00 -1.912249e-05)	(-1.053377e-01 0.000000e+00 2.207677e-05)
6.160000e+03	lowerWall	(-1.076624e-01 0.000000e+00 -1.910054e-05)	(-1.052987e-01 0.000000e+00 2.205639e-05)
6.170000e+03	lowerWall	(-1.076209e-01 0.000000e+00 -1.907740e-05)	(-1.052599e-01 0.000000e+00 2.203483e-05)
6.180000e+03	lowerWall	(-1.075795e-01 0.000000e+00 -1.905327e-05)	(-1.052212e-01 0.000000e+00 2.201234e-05)
6.190000e+03	lowerWall	(-1.075382e-01 0.000000e+00 -1.902795e-05)	(-1.051827e-01 0.000000e+00 2.198906e-05)
6.200000e+03	lowerWall	(-1.074970e-01 0.000000e+00 -1.900175e-05)	(-1.051443e-01 0.000000e+00 2.196510e-05)
6.210000e+03	lowerWall	(-1.074560e-01 0.000000e+00 -1.897526e-05)	(-1.051060e-01 0.000000e+00 2.194052e-05)
6.220000e+03	lowerWall	(-1.074150e-01 0.000000e+00 -1.894854e-05)	(-1.050678e-01 0.000000e+00 2.191542e-05)
6.230000e+03	lowerWall	(-1.073742e-01 0.000000e+00 -1.892177e-05)	(-1.050298e-01 0.000000e+00 2.188982e-05)
6.240000e+03	lowerWall	(-1.073336e-01 0.000000e+00 -1.889512e-05)	(-1.049919e-01 0.000000e+00 2.186380e-05)
6.250000e+03	lowerWall	(-1.072930e-01 0.000000e+00 -1.886855e-05)	(-1.049541e-01 0.000000e+00 2.183739e-05)
6.260000e+03	lowerWall	(-1.072526e-01 0.000000e+00 -1.884201e-05)	(-1.049165e-01 0.000000e+00 2.181061e-05)
6.270000e+03	lowerWall	(-1.072122e-01 0.000000e+00 -1.881548e-05)	(-1.048790e-01 0.000000e+00 2.178351e-05)
6.280000e+03	lowerWall	(-1.071720e-01 0.000000e+00 -1.878896e-05)	(-1.048415e-01 0.000000e+00 2.175614e-05)
6.290000e+03	lowerWall	(-1.071320e-01 0.000000e+00 -1.876252e-05)	(-1.048042e-01 0.000000e+00 2.172851e-05)
6.300000e+03	lowerWall	(-1.070920e-01 0.000000e+00 -1.873615e-05)	(-1.047671e-01 0.000000e+00 2.170066e-05)
6.310000e+03	lowerWall	(-1.070522e-01 0.000000e+00 -1.870984e-05)	(-1.047300e-01 0.000000e+00 2.167262e-05)
6.320000e+03	lowerWall	(-1.070124e-01 0.000000e+00 -1.868360e-05)	(-1.046930e-01 0.000000e+00 2.164440e-05)
6.330000e+03	lowerWall	(-1.069728e-01 0.000000e+00 -1.865744e-05)	(-1.046562e-01 0.000000e+00 2.161603e-05)
6.340000e+03	lowerWall	(-1.069333e-01 0.000000e+00 -1.863137e-05)	(-1.046195e-01 0.000000e+00 2.158752e-05)
6.350000e+03	lowerWall	(-1.068939e-01 0.000000e+00 -1.860536e-05)	(-1.045829e-01 0.000000e+00 2.155889e-05)
6.360000e+03	lowerWall	(-1.068547e-01 0.000000e+00 -1.857937e-05)	(-1.045464e-01 0.000000e+00 2.153015e-05)
6.370000e+03	lowerWall	(-1.068155e-01 0.000000e+00 -1.855339e-05)	(-1.045100e-01 0.000000e+00 2.150130e-05)
6.380000e+03	lowerWall	(-1.067765e-01 0.000000e+00 -1.852743e-05)	(-1.044737e-01 0.000000e+00 2.147237e-05)
6.390000e+03	lowerWall	(-1.067376e-01 0.000000e+00 -1.850149e-05)	(-1.044375e-01 0.000000e+00 2.144336e-05)
6.400000e+03	lowerWall	(-1.066987e-01 0.000000e+00 -1.847556e-05)	(-1.044014e-01 0.000000e+00 2.141427e-05)
6.410000e+03	lowerWall	(-1.066600e-01 0.000000e+00 -1.844966e-05)	(-1.043655e-01 0.000000e+00 2.138512e-05)
6.420000e+03	lowerWall	(-1.066214e-01 0.000000e+00 -1.842379e-05)	(-1.043296e-01 0.000000e+00 2.135592e-05)
6.430000e+03	lowerWall	(-1.065830e-01 0.000000e+00 -1.839797e-05)	(-1.042939e-01 0.000000e+00 2.132666e-05)
6.440000e+03	lowerWall	(-1.065446e-01 0.000000e+00 -1.837223e-05)	(-1.042583e-01 0.000000e+00 2.129736e-05)
6.450000e+03	lowerWall	(-1.065063e-01 0.000000e+00 -1.834656e-05)	(-1.042227e-01 0.000000e+00 2.126803e-05)
6.460000e+03	lowerWall	(-1.064682e-01 0.000000e+00 -1.832096e-05)	(-1.041873e-01 0.000000e+00 2.123865e-05)
6.470000e+03	lowerWall	(-1.064301e-01 0.000000e+00 -1.829547e-05)	(-1.041520e-01 0.000000e+00 2.120925e-05)
6.480000e+03	lowerWall	(-1.063922e-01 0.000000e+00 -1.827005e-05)	(-1.041167e-01 0.000000e+00 2.117982e-05)
6.490000e+03	lowerWall	(-1.063543e-01 0.000000e+00 -1.824468e-05)	(-1.040816e-01 0.000000e+00 2.115037e-05)
6.500000e+03	lowerWall	(-1.063166e-01 0.000000e+00 -1.821935e-05)	(-1.040466e-01 0.000000e+00 2.112091e-05)
6.510000e+03	lowerWall	(-1.062790e-01 0.000000e+00 -1.819407e-05)	(-1.040117e-01 0.000000e+00 2.109142e-05)
6.520000e+03	lowerWall	(-1.062414e-01 0.000000e+00 -1.816886e-05)	(-1.039769e-01 0.000000e+00 2.106193e-05)
6.530000e+03	lowerWall	(-1.062040e-01 0.000000e+00 -1.814372e-05)	(-1.039421e-01 0.000000e+00 2.103243e-05)
6.540000e+03	lowerWall	(-1.061667e-01 0.000000e+00 -1.811865e-05)	(-1.039075e-01 0.000000e+00 2.100292e-05)
6.550000e+03	lowerWall	(-1.061295e-01 0.000000e+00 -1.809368e-05)	(-1.038730e-01 0.000000e+00 2.097341e-05)
6.560000e+03	lowerWall	(-1.060924e-01 0.000000e+00 -1.806885e-05)	(-1.038386e-01 0.000000e+00 2.094389e-05)
6.570000e+03	lowerWall	(-1.060554e-01 0.000000e+00 -1.804415e-05)	(-1.038043e-01 0.000000e+00 2.091438e-05)
6.580000e+03	lowerWall	(-1.060185e-01 0.000000e+00 -1.801955e-05)	(-1.037701e-01 0.000000e+00 2.088487e-05)
6.590000e+03	lowerWall	(-1.059817e-01 0.000000e+00 -1.799505e-05)	(-1.037360e-01 0.000000e+00 2.085536e-05)
6.600000e+03	lowerWall	(-1.059450e-01 0.000000e+00 -1.797062e-05)	(-1.037019e-01 0.000000e+00 2.082586e-05)
6.610000e+03	lowerWall	(-1.059084e-01 0.000000e+00 -1.794625e-05)	(-1.036680e-01 0.000000e+00 2.079637e-05)
6.620000e+03	lowerWall	(-1.058719e-01 0.000000e+00 -1.792195e-05)	(-1.036342e-01 0.000000e+00 2.076688e-05)
6.630000e+03	lowerWall	(-1.058355e-01 0.000000e+00 -1.789769e-05)	(-1.036004e-01 0.000000e+00 2.073741e-05)
6.640000e+03	lowerWall	(-1.057993e-01 0.000000e+00 -1.787347e-05)	(-1.035668e-01 0.000000e+00 2.070795e-05)
6.650000e+03	lowerWall	(-1.057631e-01 0.000000e+00 -1.784929e-05)	(-1.035333e-01 0.000000e+00 2.067851e-05)
6.660000e+03	lowerWall	(-1.057270e-01 0.000000e+00 -1.782514e-05)	(-1.034998e-01 0.000000e+00 2.064908e-05)
6.670000e+03	lowerWall	(-1.056910e-01 0.000000e+00 -1.780103e-05)	(-1.034665e-01 0.000000e+00 2.061967e-05)
6.680000e+03	lowerWall	(-1.056551e-01 0.000000e+00 -1.777694e-05)	(-1.034332e-01 0.000000e+00 2.059028e-05)
6.690000e+03	lowerWall	(-1.056193e-01 0.000000e+00 -1.775288e-05)	(-1.034000e-01 0.000000e+00 2.056091e-05)
6.700000e+03	lowerWall	(-1.055836e-01 0.000000e+00 -1.772885e-05)	(-1.033670e-01 0.000000e+00 2.053156e-05)
6.710000e+03	lowerWall	(-1.055480e-01 0.000000e+00 -1.770484e-05)	(-1.033340e-01 0.000000e+00 2.050223e-05)
6.720000e+03	lowerWall	(-1.055125e-01 0.000000e+00 -1.768086e-05)	(-1.033011e-01 0.000000e+00 2.047292e-05)
6.730000e+03	lowerWall	(-1.054771e-01 0.000000e+00 -1.765690e-05)	(-1.032683e-01 0.000000e+00 2.044364e-05)
6.740000e+03	lowerWall	(-1.054417e-01 0.000000e+00 -1.763297e-05)	(-1.032356e-01 0.000000e+00 2.041438e-05)
6.750000e+03	lowerWall	(-1.054065e-01 0.000000e+00 -1.760906e-05)	(-1.032030e-01 0.000000e+00 2.038514e-05)
6.760000e+03	lowerWall	(-1.053714e-01 0.000000e+00 -1.758517e-05)	(-1.031705e-01 0.000000e+00 2.035594e-05)
6.770000e+03	lowerWall	(-1.053364e-01 0.000000e+00 -1.756132e-05)	(-1.031381e-01 0.000000e+00 2.032676e-05)
6.780000e+03	lowerWall	(-1.053014e-01 0.000000e+00 -1.753749e-05)	(-1.031057e-01 0.000000e+00 2.029761e-05)
6.790000e+03	lowerWall	(-1.052666e-01 0.000000e+00 -1.751368e-05)	(-1.030735e-01 0.000000e+00 2.026849e-05)
6.800000e+03	lowerWall	(-1.052318e-01 0.000000e+00 -1.748990e-05)	(-1.030413e-01 0.000000e+00 2.023939e-05)
6.810000e+03	lowerWall	(-1.051972e-01 0.000000e+00 -1.746615e-05)	(-1.030092e-01 0.000000e+00 2.021033e-05)
6.820000e+03	lowerWall	(-1.051626e-01 0.000000e+00 -1.744242e-05)	(-1.029773e-01 0.000000e+00 2.018129e-05)
6.830000e+03	lowerWall	(-1.051281e-01 0.000000e+00 -1.741872e-05)	(-1.029454e-01 0.000000e+00 2.015229e-05)
6.840000e+03	lowerWall	(-1.050938e-01 0.000000e+00 -1.739505e-05)	(-1.029136e-01 0.000000e+00 2.012332e-05)
6.850000e+03	lowerWall	(-1.050595e-01 0.000000e+00 -1.737140e-05)	(-1.028818e-01 0.000000e+00 2.009438e-05)
6.860000e+03	lowerWall	(-1.050253e-01 0.000000e+00 -1.734778e-05)	(-1.028502e-01 0.000000e+00 2.006547e-05)
6.870000e+03	lowerWall	(-1.049912e-01 0.000000e+00 -1.732420e-05)	(-1.028187e-01 0.000000e+00 2.003660e-05)
6.880000e+03	lowerWall	(-1.049572e-01 0.000000e+00 -1.730064e-05)	(-1.027872e-01 0.000000e+00 2.000776e-05)
6.890000e+03	lowerWall	(-1.049232e-01 0.000000e+00 -1.727712e-05)	(-1.027558e-01 0.000000e+00 1.997896e-05)
6.900000e+03	lowerWall	(-1.048894e-01 0.000000e+00 -1.725362e-05)	(-1.027245e-01 0.000000e+00 1.995019e-05)
6.910000e+03	lowerWall	(-1.048557e-01 0.000000e+00 -1.723015e-05)	(-1.026933e-01 0.000000e+00 1.992146e-05)
6.920000e+03	lowerWall	(-1.048220e-01 0.000000e+00 -1.720671e-05)	(-1.026622e-01 0.000000e+00 1.989276e-05)
6.930000e+03	lowerWall	(-1.047884e-01 0.000000e+00 -1.718331e-05)	(-1.026312e-01 0.000000e+00 1.986410e-05)
6.940000e+03	lowerWall	(-1.047550e-01 0.000000e+00 -1.715994e-05)	(-1.026002e-01 0.000000e+00 1.983547e-05)
6.950000e+03	lowerWall	(-1.047216e-01 0.000000e+00 -1.713660e-05)	(-1.025694e-01 0.000000e+00 1.980688e-05)
6.960000e+03	lowerWall	(-1.046883e-01 0.000000e+00 -1.711330e-05)	(-1.025386e-01 0.000000e+00 1.978037e-05)
6.970000e+03	lowerWall	(-1.046551e-01 0.000000e+00 -1.709002e-05)	(-1.025079e-01 0.000000e+00 1.975441e-05)
6.980000e+03	lowerWall	(-1.046219e-01 0.000000e+00 -1.706678e-05)	(-1.024773e-01 0.000000e+00 1.972847e-05)
6.990000e+03	lowerWall	(-1.045889e-01 0.000000e+00 -1.704357e-05)	(-1.024468e-01 0.000000e+00 1.970255e-05)
7.000000e+03	lowerWall	(-1.045559e-01 0.000000e+00 -1.702040e-05)	(-1.024163e-01 0.000000e+00 1.967667e-05)
7.010000e+03	lowerWall	(-1.045231e-01 0.000000e+00 -1.699726e-05)	(-1.023859e-01 0.000000e+00 1.965081e-05)
7.020000e+03	lowerWall	(-1.044903e-01 0.000000e+00 -1.697418e-05)	(-1.023557e-01 0.000000e+00 1.962497e-05)
7.030000e+03	lowerWall	(-1.044576e-01 0.000000e+00 -1.695115e-05)	(-1.023255e-01 0.000000e+00 1.959916e-05)
7.040000e+03	lowerWall	(-1.044250e-01 0.000000e+00 -1.692815e-05)	(-1.022953e-01 0.000000e+00 1.957338e-05)
7.050000e+03	lowerWall	(-1.043925e-01 0.000000e+00 -1.690524e-05)	(-1.022653e-01 0.000000e+00 1.954763e-05)
7.060000e+03	lowerWall	(-1.043600e-01 0.000000e+00 -1.688240e-05)	(-1.022353e-01 0.000000e+00 1.952190e-05)
7.070000e+03	lowerWall	(-1.043277e-01 0.000000e+00 -1.685964e-05)	(-1.022054e-01 0.000000e+00 1.949620e-05)
7.080000e+03	lowerWall	(-1.042954e-01 0.000000e+00 -1.683694e-05)	(-1.021756e-01 0.000000e+00 1.947053e-05)
7.090000e+03	lowerWall	(-1.042632e-01 0.000000e+00 -1.681430e-05)	(-1.021459e-01 0.000000e+00 1.944489e-05)
7.100000e+03	lowerWall	(-1.042311e-01 0.000000e+00 -1.679171e-05)	(-1.021163e-01 0.000000e+00 1.941927e-05)
7.110000e+03	lowerWall	(-1.041991e-01 0.000000e+00 -1.676918e-05)	(-1.020867e-01 0.000000e+00 1.939369e-05)
7.120000e+03	lowerWall	(-1.041671e-01 0.000000e+00 -1.674669e-05)	(-1.020572e-01 0.000000e+00 1.936813e-05)
7.130000e+03	lowerWall	(-1.041353e-01 0.000000e+00 -1.672426e-05)	(-1.020278e-01 0.000000e+00 1.934260e-05)
7.140000e+03	lowerWall	(-1.041035e-01 0.000000e+00 -1.670186e-05)	(-1.019985e-01 0.000000e+00 1.931710e-05)
7.150000e+03	lowerWall	(-1.040718e-01 0.000000e+00 -1.667951e-05)	(-1.019692e-01 0.000000e+00 1.929163e-05)
7.160000e+03	lowerWall	(-1.040402e-01 0.000000e+00 -1.665720e-05)	(-1.019401e-01 0.000000e+00 1.926619e-05)
7.170000e+03	lowerWall	(-1.040086e-01 0.000000e+00 -1.663494e-05)	(-1.019110e-01 0.000000e+00 1.924077e-05)
7.180000e+03	lowerWall	(-1.039772e-01 0.000000e+00 -1.661272e-05)	(-1.018819e-01 0.000000e+00 1.921539e-05)
7.190000e+03	lowerWall	(-1.039458e-01 0.000000e+00 -1.659054e-05)	(-1.018530e-01 0.000000e+00 1.919004e-05)
7.200000e+03	lowerWall	(-1.039145e-01 0.000000e+00 -1.656840e-05)	(-1.018241e-01 0.000000e+00 1.916471e-05)
7.210000e+03	lowerWall	(-1.038833e-01 0.000000e+00 -1.654630e-05)	(-1.017953e-01 0.000000e+00 1.913942e-05)
7.220000e+03	lowerWall	(-1.038522e-01 0.000000e+00 -1.652423e-05)	(-1.017666e-01 0.000000e+00 1.911416e-05)
7.230000e+03	lowerWall	(-1.038211e-01 0.000000e+00 -1.650221e-05)	(-1.017380e-01 0.000000e+00 1.908892e-05)
7.240000e+03	lowerWall	(-1.037902e-01 0.000000e+00 -1.648023e-05)	(-1.017094e-01 0.000000e+00 1.906372e-05)
7.250000e+03	lowerWall	(-1.037593e-01 0.000000e+00 -1.645829e-05)	(-1.016809e-01 0.000000e+00 1.903855e-05)
7.260000e+03	lowerWall	(-1.037284e-01 0.000000e+00 -1.643638e-05)	(-1.016525e-01 0.000000e+00 1.901341e-05)
7.270000e+03	lowerWall	(-1.036977e-01 0.000000e+00 -1.641452e-05)	(-1.016241e-01 0.000000e+00 1.898830e-05)
7.280000e+03	lowerWall	(-1.036670e-01 0.000000e+00 -1.639269e-05)	(-1.015959e-01 0.000000e+00 1.896322e-05)
7.290000e+03	lowerWall	(-1.036365e-01 0.000000e+00 -1.637091e-05)	(-1.015677e-01 0.000000e+00 1.893817e-05)
7.300000e+03	lowerWall	(-1.036060e-01 0.000000e+00 -1.634916e-05)	(-1.015395e-01 0.000000e+00 1.891315e-05)
7.310000e+03	lowerWall	(-1.035755e-01 0.000000e+00 -1.632745e-05)	(-1.015115e-01 0.000000e+00 1.888816e-05)
7.320000e+03	lowerWall	(-1.035452e-01 0.000000e+00 -1.630578e-05)	(-1.014835e-01 0.000000e+00 1.886320e-05)
7.330000e+03	lowerWall	(-1.035149e-01 0.000000e+00 -1.628415e-05)	(-1.014556e-01 0.000000e+00 1.883828e-05)
7.340000e+03	lowerWall	(-1.034847e-01 0.000000e+00 -1.626255e-05)	(-1.014278e-01 0.000000e+00 1.881339e-05)
7.350000e+03	lowerWall	(-1.034546e-01 0.000000e+00 -1.624099e-05)	(-1.014000e-01 0.000000e+00 1.878854e-05)
7.360000e+03	lowerWall	(-1.034245e-01 0.000000e+00 -1.621948e-05)	(-1.013723e-01 0.000000e+00 1.876373e-05)
7.370000e+03	lowerWall	(-1.033946e-01 0.000000e+00 -1.619800e-05)	(-1.013447e-01 0.000000e+00 1.873897e-05)
7.380000e+03	lowerWall	(-1.033647e-01 0.000000e+00 -1.617656e-05)	(-1.013171e-01 0.000000e+00 1.871426e-05)
7.390000e+03	lowerWall	(-1.033348e-01 0.000000e+00 -1.615516e-05)	(-1.012896e-01 0.000000e+00 1.868962e-05)
7.400000e+03	lowerWall	(-1.033051e-01 0.000000e+00 -1.613379e-05)	(-1.012622e-01 0.000000e+00 1.866503e-05)
7.410000e+03	lowerWall	(-1.032754e-01 0.000000e+00 -1.611247e-05)	(-1.012348e-01 0.000000e+00 1.864049e-05)
7.420000e+03	lowerWall	(-1.032458e-01 0.000000e+00 -1.609118e-05)	(-1.012075e-01 0.000000e+00 1.861601e-05)
7.430000e+03	lowerWall	(-1.032164e-01 0.000000e+00 -1.606993e-05)	(-1.011803e-01 0.000000e+00 1.859156e-05)
7.440000e+03	lowerWall	(-1.031870e-01 0.000000e+00 -1.604872e-05)	(-1.011531e-01 0.000000e+00 1.856716e-05)
7.450000e+03	lowerWall	(-1.031576e-01 0.000000e+00 -1.602754e-05)	(-1.011260e-01 0.000000e+00 1.854280e-05)
7.460000e+03	lowerWall	(-1.031284e-01 0.000000e+00 -1.600641e-05)	(-1.010989e-01 0.000000e+00 1.851848e-05)
7.470000e+03	lowerWall	(-1.030992e-01 0.000000e+00 -1.598531e-05)	(-1.010720e-01 0.000000e+00 1.849419e-05)
7.480000e+03	lowerWall	(-1.030701e-01 0.000000e+00 -1.596425e-05)	(-1.010451e-01 0.000000e+00 1.846995e-05)
7.490000e+03	lowerWall	(-1.030410e-01 0.000000e+00 -1.594323e-05)	(-1.010182e-01 0.000000e+00 1.844574e-05)
7.500000e+03	lowerWall	(-1.030121e-01 0.000000e+00 -1.592224e-05)	(-1.009914e-01 0.000000e+00 1.842156e-05)
7.510000e+03	lowerWall	(-1.029832e-01 0.000000e+00 -1.590130e-05)	(-1.009647e-01 0.000000e+00 1.839742e-05)
7.520000e+03	lowerWall	(-1.029544e-01 0.000000e+00 -1.588039e-05)	(-1.009381e-01 0.000000e+00 1.837332e-05)
7.530000e+03	lowerWall	(-1.029256e-01 0.000000e+00 -1.585952e-05)	(-1.009115e-01 0.000000e+00 1.834925e-05)
7.540000e+03	lowerWall	(-1.028969e-01 0.000000e+00 -1.583868e-05)	(-1.008850e-01 0.000000e+00 1.832522e-05)
7.550000e+03	lowerWall	(-1.028683e-01 0.000000e+00 -1.581789e-05)	(-1.008586e-01 0.000000e+00 1.830122e-05)
7.560000e+03	lowerWall	(-1.028398e-01 0.000000e+00 -1.579713e-05)	(-1.008322e-01 0.000000e+00 1.827725e-05)
7.570000e+03	lowerWall	(-1.028113e-01 0.000000e+00 -1.577641e-05)	(-1.008059e-01 0.000000e+00 1.825331e-05)
7.580000e+03	lowerWall	(-1.027829e-01 0.000000e+00 -1.575572e-05)	(-1.007796e-01 0.000000e+00 1.822941e-05)
7.590000e+03	lowerWall	(-1.027546e-01 0.000000e+00 -1.573507e-05)	(-1.007534e-01 0.000000e+00 1.820554e-05)
7.600000e+03	lowerWall	(-1.027263e-01 0.000000e+00 -1.571446e-05)	(-1.007273e-01 0.000000e+00 1.818171e-05)
7.610000e+03	lowerWall	(-1.026981e-01 0.000000e+00 -1.569389e-05)	(-1.007013e-01 0.000000e+00 1.815790e-05)
7.620000e+03	lowerWall	(-1.026700e-01 0.000000e+00 -1.567335e-05)	(-1.006753e-01 0.000000e+00 1.813413e-05)
7.630000e+03	lowerWall	(-1.026419e-01 0.000000e+00 -1.565285e-05)	(-1.006493e-01 0.000000e+00 1.811039e-05)
7.640000e+03	lowerWall	(-1.026139e-01 0.000000e+00 -1.563239e-05)	(-1.006235e-01 0.000000e+00 1.808668e-05)
7.650000e+03	lowerWall	(-1.025860e-01 0.000000e+00 -1.561196e-05)	(-1.005977e-01 0.000000e+00 1.806301e-05)
7.660000e+03	lowerWall	(-1.025582e-01 0.000000e+00 -1.559157e-05)	(-1.005720e-01 0.000000e+00 1.803936e-05)
7.670000e+03	lowerWall	(-1.025304e-01 0.000000e+00 -1.557122e-05)	(-1.005463e-01 0.000000e+00 1.801575e-05)
7.680000e+03	lowerWall	(-1.025027e-01 0.000000e+00 -1.555090e-05)	(-1.005207e-01 0.000000e+00 1.799217e-05)
7.690000e+03	lowerWall	(-1.024750e-01 0.000000e+00 -1.553063e-05)	(-1.004951e-01 0.000000e+00 1.796863e-05)
7.700000e+03	lowerWall	(-1.024475e-01 0.000000e+00 -1.551038e-05)	(-1.004696e-01 0.000000e+00 1.794511e-05)
7.710000e+03	lowerWall	(-1.024199e-01 0.000000e+00 -1.549018e-05)	(-1.004442e-01 0.000000e+00 1.792163e-05)
7.720000e+03	lowerWall	(-1.023925e-01 0.000000e+00 -1.547001e-05)	(-1.004189e-01 0.000000e+00 1.789819e-05)
7.730000e+03	lowerWall	(-1.023651e-01 0.000000e+00 -1.544987e-05)	(-1.003936e-01 0.000000e+00 1.787477e-05)
7.740000e+03	lowerWall	(-1.023378e-01 0.000000e+00 -1.542977e-05)	(-1.003684e-01 0.000000e+00 1.785139e-05)
7.750000e+03	lowerWall	(-1.023105e-01 0.000000e+00 -1.540971e-05)	(-1.003432e-01 0.000000e+00 1.782804e-05)
7.760000e+03	lowerWall	(-1.022834e-01 0.000000e+00 -1.538968e-05)	(-1.003181e-01 0.000000e+00 1.780472e-05)
7.770000e+03	lowerWall	(-1.022562e-01 0.000000e+00 -1.536968e-05)	(-1.002930e-01 0.000000e+00 1.778143e-05)
7.780000e+03	lowerWall	(-1.022292e-01 0.000000e+00 -1.534972e-05)	(-1.002680e-01 0.000000e+00 1.775817e-05)
7.790000e+03	lowerWall	(-1.022022e-01 0.000000e+00 -1.532979e-05)	(-1.002431e-01 0.000000e+00 1.773495e-05)
7.800000e+03	lowerWall	(-1.021753e-01 0.000000e+00 -1.530991e-05)	(-1.002183e-01 0.000000e+00 1.771176e-05)
7.810000e+03	lowerWall	(-1.021484e-01 0.000000e+00 -1.529005e-05)	(-1.001935e-01 0.000000e+00 1.768860e-05)
7.820000e+03	lowerWall	(-1.021216e-01 0.000000e+00 -1.527024e-05)	(-1.001687e-01 0.000000e+00 1.766547e-05)
7.830000e+03	lowerWall	(-1.020949e-01 0.000000e+00 -1.525046e-05)	(-1.001440e-01 0.000000e+00 1.764237e-05)
7.840000e+03	lowerWall	(-1.020682e-01 0.000000e+00 -1.523070e-05)	(-1.001194e-01 0.000000e+00 1.761931e-05)
7.850000e+03	lowerWall	(-1.020416e-01 0.000000e+00 -1.521099e-05)	(-1.000949e-01 0.000000e+00 1.759629e-05)
7.860000e+03	lowerWall	(-1.020151e-01 0.000000e+00 -1.519130e-05)	(-1.000704e-01 0.000000e+00 1.757329e-05)
7.870000e+03	lowerWall	(-1.019886e-01 0.000000e+00 -1.517165e-05)	(-1.000459e-01 0.000000e+00 1.755033e-05)
7.880000e+03	lowerWall	(-1.019622e-01 0.000000e+00 -1.515203e-05)	(-1.000215e-01 0.000000e+00 1.752741e-05)
7.890000e+03	lowerWall	(-1.019358e-01 0.000000e+00 -1.513245e-05)	(-9.999720e-02 0.000000e+00 1.750453e-05)
7.900000e+03	lowerWall	(-1.019095e-01 0.000000e+00 -1.511290e-05)	(-9.997293e-02 0.000000e+00 1.748169e-05)
7.910000e+03	lowerWall	(-1.018833e-01 0.000000e+00 -1.509339e-05)	(-9.994872e-02 0.000000e+00 1.745890e-05)
7.920000e+03	lowerWall	(-1.018572e-01 0.000000e+00 -1.507391e-05)	(-9.992455e-02 0.000000e+00 1.743619e-05)
7.930000e+03	lowerWall	(-1.018311e-01 0.000000e+00 -1.505446e-05)	(-9.990044e-02 0.000000e+00 1.741355e-05)
7.940000e+03	lowerWall	(-1.018050e-01 0.000000e+00 -1.503505e-05)	(-9.987637e-02 0.000000e+00 1.739098e-05)
7.950000e+03	lowerWall	(-1.017790e-01 0.000000e+00 -1.501567e-05)	(-9.985236e-02 0.000000e+00 1.736846e-05)
7.960000e+03	lowerWall	(-1.017531e-01 0.000000e+00 -1.499632e-05)	(-9.982841e-02 0.000000e+00 1.734599e-05)
7.970000e+03	lowerWall	(-1.017273e-01 0.000000e+00 -1.497701e-05)	(-9.980451e-02 0.000000e+00 1.732356e-05)
7.980000e+03	lowerWall	(-1.017015e-01 0.000000e+00 -1.495773e-05)	(-9.978066e-02 0.000000e+00 1.730117e-05)
7.990000e+03	lowerWall	(-1.016757e-01 0.000000e+00 -1.493849e-05)	(-9.975687e-02 0.000000e+00 1.727881e-05)
8.000000e+03	lowerWall	(-1.016501e-01 0.000000e+00 -1.491928e-05)	(-9.973313e-02 0.000000e+00 1.725649e-05)
8.010000e+03	lowerWall	(-1.016244e-01 0.000000e+00 -1.490011e-05)	(-9.970945e-02 0.000000e+00 1.723420e-05)
8.020000e+03	lowerWall	(-1.015989e-01 0.000000e+00 -1.488096e-05)	(-9.968582e-02 0.000000e+00 1.721194e-05)
8.030000e+03	lowerWall	(-1.015734e-01 0.000000e+00 -1.486185e-05)	(-9.966225e-02 0.000000e+00 1.718972e-05)
8.040000e+03	lowerWall	(-1.015480e-01 0.000000e+00 -1.484277e-05)	(-9.963873e-02 0.000000e+00 1.716753e-05)
8.050000e+03	lowerWall	(-1.015226e-01 0.000000e+00 -1.482372e-05)	(-9.961527e-02 0.000000e+00 1.714537e-05)
8.060000e+03	lowerWall	(-1.014973e-01 0.000000e+00 -1.480471e-05)	(-9.959187e-02 0.000000e+00 1.712324e-05)
8.070000e+03	lowerWall	(-1.014720e-01 0.000000e+00 -1.478573e-05)	(-9.956852e-02 0.000000e+00 1.710114e-05)
8.080000e+03	lowerWall	(-1.014468e-01 0.000000e+00 -1.476678e-05)	(-9.954523e-02 0.000000e+00 1.707905e-05)
8.090000e+03	lowerWall	(-1.014217e-01 0.000000e+00 -1.474786e-05)	(-9.952199e-02 0.000000e+00 1.705698e-05)
8.100000e+03	lowerWall	(-1.013966e-01 0.000000e+00 -1.472897e-05)	(-9.949881e-02 0.000000e+00 1.703494e-05)
8.110000e+03	lowerWall	(-1.013716e-01 0.000000e+00 -1.471013e-05)	(-9.947569e-02 0.000000e+00 1.701292e-05)
8.120000e+03	lowerWall	(-1.013466e-01 0.000000e+00 -1.469133e-05)	(-9.945262e-02 0.000000e+00 1.699092e-05)
8.130000e+03	lowerWall	(-1.013217e-01 0.000000e+00 -1.467255e-05)	(-9.942961e-02 0.000000e+00 1.696895e-05)
8.140000e+03	lowerWall	(-1.012968e-01 0.000000e+00 -1.465382e-05)	(-9.940667e-02 0.000000e+00 1.694697e-05)
8.150000e+03	lowerWall	(-1.012721e-01 0.000000e+00 -1.463512e-05)	(-9.938381e-02 0.000000e+00 1.692489e-05)
8.160000e+03	lowerWall	(-1.012473e-01 0.000000e+00 -1.461645e-05)	(-9.936103e-02 0.000000e+00 1.690272e-05)
8.170000e+03	lowerWall	(-1.012226e-01 0.000000e+00 -1.459780e-05)	(-9.933833e-02 0.000000e+00 1.688052e-05)
8.180000e+03	lowerWall	(-1.011980e-01 0.000000e+00 -1.457918e-05)	(-9.931570e-02 0.000000e+00 1.685828e-05)
8.190000e+03	lowerWall	(-1.011735e-01 0.000000e+00 -1.456059e-05)	(-9.929314e-02 0.000000e+00 1.683602e-05)
8.200000e+03	lowerWall	(-1.011490e-01 0.000000e+00 -1.454202e-05)	(-9.927065e-02 0.000000e+00 1.681375e-05)
8.210000e+03	lowerWall	(-1.011245e-01 0.000000e+00 -1.452349e-05)	(-9.924822e-02 0.000000e+00 1.679149e-05)
8.220000e+03	lowerWall	(-1.011001e-01 0.000000e+00 -1.450498e-05)	(-9.922586e-02 0.000000e+00 1.676947e-05)
8.230000e+03	lowerWall	(-1.010758e-01 0.000000e+00 -1.448652e-05)	(-9.920355e-02 0.000000e+00 1.674782e-05)
8.240000e+03	lowerWall	(-1.010515e-01 0.000000e+00 -1.446811e-05)	(-9.918131e-02 0.000000e+00 1.672666e-05)
8.250000e+03	lowerWall	(-1.010273e-01 0.000000e+00 -1.444975e-05)	(-9.915913e-02 0.000000e+00 1.670595e-05)
8.260000e+03	lowerWall	(-1.010031e-01 0.000000e+00 -1.443148e-05)	(-9.913700e-02 0.000000e+00 1.668562e-05)
8.270000e+03	lowerWall	(-1.009790e-01 0.000000e+00 -1.441331e-05)	(-9.911493e-02 0.000000e+00 1.666561e-05)
8.280000e+03	lowerWall	(-1.009549e-01 0.000000e+00 -1.439523e-05)	(-9.909292e-02 0.000000e+00 1.664586e-05)
8.290000e+03	lowerWall	(-1.009309e-01 0.000000e+00 -1.437723e-05)	(-9.907097e-02 0.000000e+00 1.662641e-05)
8.300000e+03	lowerWall	(-1.009070e-01 0.000000e+00 -1.435929e-05)	(-9.904906e-02 0.000000e+00 1.660724e-05)
8.310000e+03	lowerWall	(-1.008831e-01 0.000000e+00 -1.434141e-05)	(-9.902721e-02 0.000000e+00 1.658832e-05)
8.320000e+03	lowerWall	(-1.008592e-01 0.000000e+00 -1.432358e-05)	(-9.900542e-02 0.000000e+00 1.656963e-05)
8.330000e+03	lowerWall	(-1.008354e-01 0.000000e+00 -1.430579e-05)	(-9.898368e-02 0.000000e+00 1.655094e-05)
8.340000e+03	lowerWall	(-1.008117e-01 0.000000e+00 -1.428804e-05)	(-9.896199e-02 0.000000e+00 1.653213e-05)
8.350000e+03	lowerWall	(-1.007880e-01 0.000000e+00 -1.427033e-05)	(-9.894036e-02 0.000000e+00 1.651328e-05)
8.360000e+03	lowerWall	(-1.007644e-01 0.000000e+00 -1.425264e-05)	(-9.891877e-02 0.000000e+00 1.649440e-05)
8.370000e+03	lowerWall	(-1.007408e-01 0.000000e+00 -1.423499e-05)	(-9.889724e-02 0.000000e+00 1.647552e-05)
8.380000e+03	lowerWall	(-1.007173e-01 0.000000e+00 -1.421737e-05)	(-9.887577e-02 0.000000e+00 1.645665e-05)
8.390000e+03	lowerWall	(-1.006938e-01 0.000000e+00 -1.419977e-05)	(-9.885434e-02 0.000000e+00 1.643780e-05)
8.400000e+03	lowerWall	(-1.006704e-01 0.000000e+00 -1.418219e-05)	(-9.883297e-02 0.000000e+00 1.641886e-05)
8.410000e+03	lowerWall	(-1.006470e-01 0.000000e+00 -1.416464e-05)	(-9.881165e-02 0.000000e+00 1.639969e-05)
8.420000e+03	lowerWall	(-1.006237e-01 0.000000e+00 -1.414712e-05)	(-9.879038e-02 0.000000e+00 1.638032e-05)
8.430000e+03	lowerWall	(-1.006005e-01 0.000000e+00 -1.412962e-05)	(-9.876916e-02 0.000000e+00 1.636081e-05)
8.440000e+03	lowerWall	(-1.005773e-01 0.000000e+00 -1.411214e-05)	(-9.874798e-02 0.000000e+00 1.634118e-05)
8.450000e+03	lowerWall	(-1.005541e-01 0.000000e+00 -1.409468e-05)	(-9.872686e-02 0.000000e+00 1.632145e-05)
8.460000e+03	lowerWall	(-1.005310e-01 0.000000e+00 -1.407724e-05)	(-9.870579e-02 0.000000e+00 1.630168e-05)
8.470000e+03	lowerWall	(-1.005080e-01 0.000000e+00 -1.405982e-05)	(-9.868477e-02 0.000000e+00 1.628188e-05)
8.480000e+03	lowerWall	(-1.004849e-01 0.000000e+00 -1.404243e-05)	(-9.866380e-02 0.000000e+00 1.626196e-05)
8.490000e+03	lowerWall	(-1.004620e-01 0.000000e+00 -1.402505e-05)	(-9.864288e-02 0.000000e+00 1.624190e-05)
8.500000e+03	lowerWall	(-1.004391e-01 0.000000e+00 -1.400769e-05)	(-9.862201e-02 0.000000e+00 1.622170e-05)
8.510000e+03	lowerWall	(-1.004162e-01 0.000000e+00 -1.399035e-05)	(-9.860119e-02 0.000000e+00 1.620138e-05)
8.520000e+03	lowerWall	(-1.003934e-01 0.000000e+00 -1.397303e-05)	(-9.858042e-02 0.000000e+00 1.618097e-05)
8.530000e+03	lowerWall	(-1.003707e-01 0.000000e+00 -1.395574e-05)	(-9.855971e-02 0.000000e+00 1.616049e-05)
8.540000e+03	lowerWall	(-1.003480e-01 0.000000e+00 -1.393845e-05)	(-9.853904e-02 0.000000e+00 1.613997e-05)
8.550000e+03	lowerWall	(-1.003253e-01 0.000000e+00 -1.392119e-05)	(-9.851842e-02 0.000000e+00 1.611939e-05)
8.560000e+03	lowerWall	(-1.003027e-01 0.000000e+00 -1.390393e-05)	(-9.849785e-02 0.000000e+00 1.609872e-05)
8.570000e+03	lowerWall	(-1.002802e-01 0.000000e+00 -1.388666e-05)	(-9.847733e-02 0.000000e+00 1.607800e-05)
8.580000e+03	lowerWall	(-1.002577e-01 0.000000e+00 -1.386937e-05)	(-9.845686e-02 0.000000e+00 1.605724e-05)
8.590000e+03	lowerWall	(-1.002353e-01 0.000000e+00 -1.385205e-05)	(-9.843644e-02 0.000000e+00 1.603645e-05)
8.600000e+03	lowerWall	(-1.002129e-01 0.000000e+00 -1.383471e-05)	(-9.841606e-02 0.000000e+00 1.601565e-05)
8.610000e+03	lowerWall	(-1.001905e-01 0.000000e+00 -1.381734e-05)	(-9.839573e-02 0.000000e+00 1.599485e-05)
8.620000e+03	lowerWall	(-1.001682e-01 0.000000e+00 -1.379996e-05)	(-9.837545e-02 0.000000e+00 1.597406e-05)
8.630000e+03	lowerWall	(-1.001460e-01 0.000000e+00 -1.378253e-05)	(-9.835521e-02 0.000000e+00 1.595330e-05)
8.640000e+03	lowerWall	(-1.001238e-01 0.000000e+00 -1.376493e-05)	(-9.833502e-02 0.000000e+00 1.593258e-05)
8.650000e+03	lowerWall	(-1.001017e-01 0.000000e+00 -1.374712e-05)	(-9.831487e-02 0.000000e+00 1.591191e-05)
8.660000e+03	lowerWall	(-1.000796e-01 0.000000e+00 -1.372916e-05)	(-9.829476e-02 0.000000e+00 1.589131e-05)
8.670000e+03	lowerWall	(-1.000575e-01 0.000000e+00 -1.371108e-05)	(-9.827470e-02 0.000000e+00 1.587078e-05)
8.680000e+03	lowerWall	(-1.000356e-01 0.000000e+00 -1.369290e-05)	(-9.825467e-02 0.000000e+00 1.585030e-05)
8.690000e+03	lowerWall	(-1.000136e-01 0.000000e+00 -1.367464e-05)	(-9.823470e-02 0.000000e+00 1.582987e-05)
8.700000e+03	lowerWall	(-9.999173e-02 0.000000e+00 -1.365632e-05)	(-9.821476e-02 0.000000e+00 1.580948e-05)
8.710000e+03	lowerWall	(-9.996989e-02 0.000000e+00 -1.363795e-05)	(-9.819487e-02 0.000000e+00 1.578911e-05)
8.720000e+03	lowerWall	(-9.994810e-02 0.000000e+00 -1.361953e-05)	(-9.817502e-02 0.000000e+00 1.576878e-05)
8.730000e+03	lowerWall	(-9.992636e-02 0.000000e+00 -1.360108e-05)	(-9.815521e-02 0.000000e+00 1.574847e-05)
8.740000e+03	lowerWall	(-9.990466e-02 0.000000e+00 -1.358261e-05)	(-9.813545e-02 0.000000e+00 1.572818e-05)
8.750000e+03	lowerWall	(-9.988301e-02 0.000000e+00 -1.356412e-05)	(-9.811572e-02 0.000000e+00 1.570791e-05)
8.760000e+03	lowerWall	(-9.986141e-02 0.000000e+00 -1.354561e-05)	(-9.809605e-02 0.000000e+00 1.568766e-05)
8.770000e+03	lowerWall	(-9.983986e-02 0.000000e+00 -1.352712e-05)	(-9.807641e-02 0.000000e+00 1.566743e-05)
8.780000e+03	lowerWall	(-9.981835e-02 0.000000e+00 -1.350865e-05)	(-9.805682e-02 0.000000e+00 1.564721e-05)
8.790000e+03	lowerWall	(-9.979689e-02 0.000000e+00 -1.349021e-05)	(-9.803727e-02 0.000000e+00 1.562701e-05)
8.800000e+03	lowerWall	(-9.977548e-02 0.000000e+00 -1.347180e-05)	(-9.801776e-02 0.000000e+00 1.560682e-05)
8.810000e+03	lowerWall	(-9.975412e-02 0.000000e+00 -1.345351e-05)	(-9.799830e-02 0.000000e+00 1.558664e-05)
8.820000e+03	lowerWall	(-9.973280e-02 0.000000e+00 -1.343534e-05)	(-9.797887e-02 0.000000e+00 1.556648e-05)
8.830000e+03	lowerWall	(-9.971152e-02 0.000000e+00 -1.341738e-05)	(-9.795950e-02 0.000000e+00 1.554634e-05)
8.840000e+03	lowerWall	(-9.969030e-02 0.000000e+00 -1.339985e-05)	(-9.794016e-02 0.000000e+00 1.552621e-05)
8.850000e+03	lowerWall	(-9.966911e-02 0.000000e+00 -1.338299e-05)	(-9.792087e-02 0.000000e+00 1.550609e-05)
8.860000e+03	lowerWall	(-9.964798e-02 0.000000e+00 -1.336671e-05)	(-9.790161e-02 0.000000e+00 1.548599e-05)
8.870000e+03	lowerWall	(-9.962689e-02 0.000000e+00 -1.335063e-05)	(-9.788241e-02 0.000000e+00 1.546590e-05)
8.880000e+03	lowerWall	(-9.960584e-02 0.000000e+00 -1.333472e-05)	(-9.786324e-02 0.000000e+00 1.544582e-05)
8.890000e+03	lowerWall	(-9.958484e-02 0.000000e+00 -1.331897e-05)	(-9.784411e-02 0.000000e+00 1.542576e-05)
8.900000e+03	lowerWall	(-9.956389e-02 0.000000e+00 -1.330327e-05)	(-9.782503e-02 0.000000e+00 1.540572e-05)
8.910000e+03	lowerWall	(-9.954298e-02 0.000000e+00 -1.328741e-05)	(-9.780599e-02 0.000000e+00 1.538569e-05)
8.920000e+03	lowerWall	(-9.952211e-02 0.000000e+00 -1.327145e-05)	(-9.778699e-02 0.000000e+00 1.536568e-05)
8.930000e+03	lowerWall	(-9.950129e-02 0.000000e+00 -1.325542e-05)	(-9.776804e-02 0.000000e+00 1.534569e-05)
8.940000e+03	lowerWall	(-9.948051e-02 0.000000e+00 -1.323937e-05)	(-9.774912e-02 0.000000e+00 1.532571e-05)
8.950000e+03	lowerWall	(-9.945978e-02 0.000000e+00 -1.322331e-05)	(-9.773025e-02 0.000000e+00 1.530575e-05)
8.960000e+03	lowerWall	(-9.943909e-02 0.000000e+00 -1.320730e-05)	(-9.771142e-02 0.000000e+00 1.528580e-05)
8.970000e+03	lowerWall	(-9.941845e-02 0.000000e+00 -1.319125e-05)	(-9.769263e-02 0.000000e+00 1.526587e-05)
8.980000e+03	lowerWall	(-9.939785e-02 0.000000e+00 -1.317507e-05)	(-9.767388e-02 0.000000e+00 1.524596e-05)
8.990000e+03	lowerWall	(-9.937730e-02 0.000000e+00 -1.315880e-05)	(-9.765518e-02 0.000000e+00 1.522607e-05)
9.000000e+03	lowerWall	(-9.935679e-02 0.000000e+00 -1.314246e-05)	(-9.763651e-02 0.000000e+00 1.520619e-05)
9.010000e+03	lowerWall	(-9.933632e-02 0.000000e+00 -1.312607e-05)	(-9.761789e-02 0.000000e+00 1.518633e-05)
9.020000e+03	lowerWall	(-9.931590e-02 0.000000e+00 -1.310963e-05)	(-9.759930e-02 0.000000e+00 1.516649e-05)
9.030000e+03	lowerWall	(-9.929552e-02 0.000000e+00 -1.309316e-05)	(-9.758076e-02 0.000000e+00 1.514666e-05)
9.040000e+03	lowerWall	(-9.927518e-02 0.000000e+00 -1.307668e-05)	(-9.756226e-02 0.000000e+00 1.512685e-05)
9.050000e+03	lowerWall	(-9.925489e-02 0.000000e+00 -1.306021e-05)	(-9.754380e-02 0.000000e+00 1.510707e-05)
9.060000e+03	lowerWall	(-9.923464e-02 0.000000e+00 -1.304376e-05)	(-9.752538e-02 0.000000e+00 1.508730e-05)
9.070000e+03	lowerWall	(-9.921443e-02 0.000000e+00 -1.302730e-05)	(-9.750700e-02 0.000000e+00 1.506754e-05)
9.080000e+03	lowerWall	(-9.919427e-02 0.000000e+00 -1.301082e-05)	(-9.748866e-02 0.000000e+00 1.504781e-05)
9.090000e+03	lowerWall	(-9.917415e-02 0.000000e+00 -1.299432e-05)	(-9.747036e-02 0.000000e+00 1.502810e-05)
9.100000e+03	lowerWall	(-9.915407e-02 0.000000e+00 -1.297779e-05)	(-9.745210e-02 0.000000e+00 1.500840e-05)
9.110000e+03	lowerWall	(-9.913404e-02 0.000000e+00 -1.296125e-05)	(-9.743388e-02 0.000000e+00 1.498873e-05)
9.120000e+03	lowerWall	(-9.911404e-02 0.000000e+00 -1.294472e-05)	(-9.741570e-02 0.000000e+00 1.496907e-05)
9.130000e+03	lowerWall	(-9.909409e-02 0.000000e+00 -1.292819e-05)	(-9.739756e-02 0.000000e+00 1.494944e-05)
9.140000e+03	lowerWall	(-9.907418e-02 0.000000e+00 -1.291167e-05)	(-9.737946e-02 0.000000e+00 1.492982e-05)
9.150000e+03	lowerWall	(-9.905432e-02 0.000000e+00 -1.289517e-05)	(-9.736141e-02 0.000000e+00 1.491023e-05)
9.160000e+03	lowerWall	(-9.903449e-02 0.000000e+00 -1.287871e-05)	(-9.734339e-02 0.000000e+00 1.489065e-05)
9.170000e+03	lowerWall	(-9.901471e-02 0.000000e+00 -1.286229e-05)	(-9.732540e-02 0.000000e+00 1.487110e-05)
9.180000e+03	lowerWall	(-9.899497e-02 0.000000e+00 -1.284590e-05)	(-9.730746e-02 0.000000e+00 1.485156e-05)
9.190000e+03	lowerWall	(-9.897527e-02 0.000000e+00 -1.282953e-05)	(-9.728956e-02 0.000000e+00 1.483207e-05)
9.200000e+03	lowerWall	(-9.895561e-02 0.000000e+00 -1.281318e-05)	(-9.727170e-02 0.000000e+00 1.481388e-05)
9.210000e+03	lowerWall	(-9.893600e-02 0.000000e+00 -1.279686e-05)	(-9.725387e-02 0.000000e+00 1.479570e-05)
9.220000e+03	lowerWall	(-9.891642e-02 0.000000e+00 -1.278054e-05)	(-9.723609e-02 0.000000e+00 1.477754e-05)
9.230000e+03	lowerWall	(-9.889689e-02 0.000000e+00 -1.276427e-05)	(-9.721834e-02 0.000000e+00 1.475940e-05)
9.240000e+03	lowerWall	(-9.887740e-02 0.000000e+00 -1.274803e-05)	(-9.720063e-02 0.000000e+00 1.474128e-05)
9.250000e+03	lowerWall	(-9.885794e-02 0.000000e+00 -1.273183e-05)	(-9.718297e-02 0.000000e+00 1.472317e-05)
9.260000e+03	lowerWall	(-9.883853e-02 0.000000e+00 -1.271569e-05)	(-9.716533e-02 0.000000e+00 1.470508e-05)
9.270000e+03	lowerWall	(-9.881916e-02 0.000000e+00 -1.269964e-05)	(-9.714774e-02 0.000000e+00 1.468701e-05)
9.280000e+03	lowerWall	(-9.879983e-02 0.000000e+00 -1.268365e-05)	(-9.713019e-02 0.000000e+00 1.466896e-05)
9.290000e+03	lowerWall	(-9.878054e-02 0.000000e+00 -1.266773e-05)	(-9.711267e-02 0.000000e+00 1.465092e-05)
9.300000e+03	lowerWall	(-9.876130e-02 0.000000e+00 -1.265186e-05)	(-9.709519e-02 0.000000e+00 1.463291e-05)
9.310000e+03	lowerWall	(-9.874209e-02 0.000000e+00 -1.263603e-05)	(-9.707775e-02 0.000000e+00 1.461491e-05)
9.320000e+03	lowerWall	(-9.872292e-02 0.000000e+00 -1.262024e-05)	(-9.706035e-02 0.000000e+00 1.459692e-05)
9.330000e+03	lowerWall	(-9.870379e-02 0.000000e+00 -1.260449e-05)	(-9.704298e-02 0.000000e+00 1.457896e-05)
9.340000e+03	lowerWall	(-9.868470e-02 0.000000e+00 -1.258877e-05)	(-9.702566e-02 0.000000e+00 1.456102e-05)
9.350000e+03	lowerWall	(-9.866565e-02 0.000000e+00 -1.257307e-05)	(-9.700837e-02 0.000000e+00 1.454309e-05)
9.360000e+03	lowerWall	(-9.864664e-02 0.000000e+00 -1.255740e-05)	(-9.699111e-02 0.000000e+00 1.452518e-05)
9.370000e+03	lowerWall	(-9.862767e-02 0.000000e+00 -1.254175e-05)	(-9.697390e-02 0.000000e+00 1.450729e-05)
9.380000e+03	lowerWall	(-9.860874e-02 0.000000e+00 -1.252612e-05)	(-9.695672e-02 0.000000e+00 1.448942e-05)
9.390000e+03	lowerWall	(-9.858985e-02 0.000000e+00 -1.251050e-05)	(-9.693958e-02 0.000000e+00 1.447156e-05)
9.400000e+03	lowerWall	(-9.857100e-02 0.000000e+00 -1.249490e-05)	(-9.692247e-02 0.000000e+00 1.445373e-05)
9.410000e+03	lowerWall	(-9.855219e-02 0.000000e+00 -1.247932e-05)	(-9.690541e-02 0.000000e+00 1.443591e-05)
9.420000e+03	lowerWall	(-9.853342e-02 0.000000e+00 -1.246375e-05)	(-9.688837e-02 0.000000e+00 1.441811e-05)
9.430000e+03	lowerWall	(-9.851468e-02 0.000000e+00 -1.244820e-05)	(-9.687138e-02 0.000000e+00 1.440033e-05)
9.440000e+03	lowerWall	(-9.849599e-02 0.000000e+00 -1.243266e-05)	(-9.685442e-02 0.000000e+00 1.438257e-05)
9.450000e+03	lowerWall	(-9.847733e-02 0.000000e+00 -1.241714e-05)	(-9.683750e-02 0.000000e+00 1.436483e-05)
9.460000e+03	lowerWall	(-9.845871e-02 0.000000e+00 -1.240162e-05)	(-9.682061e-02 0.000000e+00 1.434711e-05)
9.470000e+03	lowerWall	(-9.844013e-02 0.000000e+00 -1.238612e-05)	(-9.680376e-02 0.000000e+00 1.432940e-05)
9.480000e+03	lowerWall	(-9.842159e-02 0.000000e+00 -1.237064e-05)	(-9.678695e-02 0.000000e+00 1.431171e-05)
9.490000e+03	lowerWall	(-9.840308e-02 0.000000e+00 -1.235516e-05)	(-9.677017e-02 0.000000e+00 1.429405e-05)
9.500000e+03	lowerWall	(-9.838462e-02 0.000000e+00 -1.233970e-05)	(-9.675343e-02 0.000000e+00 1.427640e-05)
9.510000e+03	lowerWall	(-9.836619e-02 0.000000e+00 -1.232425e-05)	(-9.673673e-02 0.000000e+00 1.425877e-05)
9.520000e+03	lowerWall	(-9.834780e-02 0.000000e+00 -1.230882e-05)	(-9.672006e-02 0.000000e+00 1.424116e-05)
9.530000e+03	lowerWall	(-9.832945e-02 0.000000e+00 -1.229340e-05)	(-9.670342e-02 0.000000e+00 1.422357e-05)
9.540000e+03	lowerWall	(-9.831114e-02 0.000000e+00 -1.227798e-05)	(-9.668682e-02 0.000000e+00 1.420599e-05)
9.550000e+03	lowerWall	(-9.829286e-02 0.000000e+00 -1.226258e-05)	(-9.667026e-02 0.000000e+00 1.418844e-05)
9.560000e+03	lowerWall	(-9.827462e-02 0.000000e+00 -1.224720e-05)	(-9.665373e-02 0.000000e+00 1.417091e-05)
9.570000e+03	lowerWall	(-9.825642e-02 0.000000e+00 -1.223183e-05)	(-9.663724e-02 0.000000e+00 1.415339e-05)
9.580000e+03	lowerWall	(-9.823826e-02 0.000000e+00 -1.221648e-05)	(-9.662078e-02 0.000000e+00 1.413589e-05)
9.590000e+03	lowerWall	(-9.822013e-02 0.000000e+00 -1.220114e-05)	(-9.660436e-02 0.000000e+00 1.411842e-05)
9.600000e+03	lowerWall	(-9.820204e-02 0.000000e+00 -1.218581e-05)	(-9.658797e-02 0.000000e+00 1.410096e-05)
9.610000e+03	lowerWall	(-9.818398e-02 0.000000e+00 -1.217050e-05)	(-9.657161e-02 0.000000e+00 1.408352e-05)
9.620000e+03	lowerWall	(-9.816597e-02 0.000000e+00 -1.215519e-05)	(-9.655530e-02 0.000000e+00 1.406610e-05)
9.630000e+03	lowerWall	(-9.814799e-02 0.000000e+00 -1.213991e-05)	(-9.653901e-02 0.000000e+00 1.404870e-05)
9.640000e+03	lowerWall	(-9.813004e-02 0.000000e+00 -1.212464e-05)	(-9.652276e-02 0.000000e+00 1.403132e-05)
9.650000e+03	lowerWall	(-9.811214e-02 0.000000e+00 -1.210938e-05)	(-9.650655e-02 0.000000e+00 1.401396e-05)
9.660000e+03	lowerWall	(-9.809427e-02 0.000000e+00 -1.209414e-05)	(-9.649036e-02 0.000000e+00 1.399662e-05)
9.670000e+03	lowerWall	(-9.807643e-02 0.000000e+00 -1.207891e-05)	(-9.647422e-02 0.000000e+00 1.397929e-05)
9.680000e+03	lowerWall	(-9.805864e-02 0.000000e+00 -1.206370e-05)	(-9.645810e-02 0.000000e+00 1.396199e-05)
9.690000e+03	lowerWall	(-9.804088e-02 0.000000e+00 -1.204849e-05)	(-9.644202e-02 0.000000e+00 1.394471e-05)
9.700000e+03	lowerWall	(-9.802315e-02 0.000000e+00 -1.203331e-05)	(-9.642598e-02 0.000000e+00 1.392744e-05)
9.710000e+03	lowerWall	(-9.800546e-02 0.000000e+00 -1.201814e-05)	(-9.640997e-02 0.000000e+00 1.391020e-05)
9.720000e+03	lowerWall	(-9.798781e-02 0.000000e+00 -1.200299e-05)	(-9.639399e-02 0.000000e+00 1.389297e-05)
9.730000e+03	lowerWall	(-9.797019e-02 0.000000e+00 -1.198785e-05)	(-9.637804e-02 0.000000e+00 1.387576e-05)
9.740000e+03	lowerWall	(-9.795261e-02 0.000000e+00 -1.197272e-05)	(-9.636213e-02 0.000000e+00 1.385858e-05)
9.750000e+03	lowerWall	(-9.793506e-02 0.000000e+00 -1.195762e-05)	(-9.634626e-02 0.000000e+00 1.384141e-05)
9.760000e+03	lowerWall	(-9.791755e-02 0.000000e+00 -1.194252e-05)	(-9.633041e-02 0.000000e+00 1.382426e-05)
9.770000e+03	lowerWall	(-9.790010e-02 0.000000e+00 -1.192745e-05)	(-9.631460e-02 0.000000e+00 1.380713e-05)
9.780000e+03	lowerWall	(-9.788271e-02 0.000000e+00 -1.191240e-05)	(-9.629882e-02 0.000000e+00 1.379003e-05)
9.790000e+03	lowerWall	(-9.786535e-02 0.000000e+00 -1.189735e-05)	(-9.628308e-02 0.000000e+00 1.377294e-05)
9.800000e+03	lowerWall	(-9.784803e-02 0.000000e+00 -1.188232e-05)	(-9.626737e-02 0.000000e+00 1.375587e-05)
9.810000e+03	lowerWall	(-9.783074e-02 0.000000e+00 -1.186731e-05)	(-9.625169e-02 0.000000e+00 1.373882e-05)
9.820000e+03	lowerWall	(-9.781349e-02 0.000000e+00 -1.185231e-05)	(-9.623604e-02 0.000000e+00 1.372179e-05)
9.830000e+03	lowerWall	(-9.779627e-02 0.000000e+00 -1.183731e-05)	(-9.622043e-02 0.000000e+00 1.370478e-05)
9.840000e+03	lowerWall	(-9.777908e-02 0.000000e+00 -1.182234e-05)	(-9.620485e-02 0.000000e+00 1.368779e-05)
9.850000e+03	lowerWall	(-9.776193e-02 0.000000e+00 -1.180738e-05)	(-9.618930e-02 0.000000e+00 1.367082e-05)
9.860000e+03	lowerWall	(-9.774482e-02 0.000000e+00 -1.179244e-05)	(-9.617378e-02 0.000000e+00 1.365387e-05)
9.870000e+03	lowerWall	(-9.772774e-02 0.000000e+00 -1.177752e-05)	(-9.615830e-02 0.000000e+00 1.363693e-05)
9.880000e+03	lowerWall	(-9.771069e-02 0.000000e+00 -1.176261e-05)	(-9.614285e-02 0.000000e+00 1.362002e-05)
9.890000e+03	lowerWall	(-9.769368e-02 0.000000e+00 -1.174772e-05)	(-9.612743e-02 0.000000e+00 1.360313e-05)
9.900000e+03	lowerWall	(-9.767670e-02 0.000000e+00 -1.173285e-05)	(-9.611204e-02 0.000000e+00 1.358626e-05)
9.910000e+03	lowerWall	(-9.765975e-02 0.000000e+00 -1.171799e-05)	(-9.609668e-02 0.000000e+00 1.356941e-05)
9.920000e+03	lowerWall	(-9.764284e-02 0.000000e+00 -1.170316e-05)	(-9.608136e-02 0.000000e+00 1.355257e-05)
9.930000e+03	lowerWall	(-9.762596e-02 0.000000e+00 -1.168834e-05)	(-9.606607e-02 0.000000e+00 1.353576e-05)
9.940000e+03	lowerWall	(-9.760912e-02 0.000000e+00 -1.167353e-05)	(-9.605081e-02 0.000000e+00 1.351897e-05)
9.950000e+03	lowerWall	(-9.759231e-02 0.000000e+00 -1.165872e-05)	(-9.603558e-02 0.000000e+00 1.350220e-05)
9.960000e+03	lowerWall	(-9.757553e-02 0.000000e+00 -1.164395e-05)	(-9.602038e-02 0.000000e+00 1.348544e-05)
9.970000e+03	lowerWall	(-9.755879e-02 0.000000e+00 -1.162919e-05)	(-9.600522e-02 0.000000e+00 1.346871e-05)
9.980000e+03	lowerWall	(-9.754208e-02 0.000000e+00 -1.161445e-05)	(-9.599008e-02 0.000000e+00 1.345200e-05)
9.990000e+03	lowerWall	(-9.752540e-02 0.000000e+00 -1.159973e-05)	(-9.597498e-02 0.000000e+00 1.343530e-05)
1.000000e+04	lowerWall	(-9.750875e-02 0.000000e+00 -1.158503e-05)	(-9.595991e-02 0.000000e+00 1.341863e-05)
1.001000e+04	lowerWall	(-9.749214e-02 0.000000e+00 -1.157034e-05)	(-9.594487e-02 0.000000e+00 1.340198e-05)
1.002000e+04	lowerWall	(-9.747557e-02 0.000000e+00 -1.155567e-05)	(-9.592986e-02 0.000000e+00 1.338534e-05)
1.003000e+04	lowerWall	(-9.745902e-02 0.000000e+00 -1.154101e-05)	(-9.591488e-02 0.000000e+00 1.336873e-05)
1.004000e+04	lowerWall	(-9.744251e-02 0.000000e+00 -1.152637e-05)	(-9.589993e-02 0.000000e+00 1.335214e-05)
1.005000e+04	lowerWall	(-9.742603e-02 0.000000e+00 -1.151175e-05)	(-9.588501e-02 0.000000e+00 1.333556e-05)
1.006000e+04	lowerWall	(-9.740958e-02 0.000000e+00 -1.149714e-05)	(-9.587012e-02 0.000000e+00 1.331901e-05)
1.007000e+04	lowerWall	(-9.739317e-02 0.000000e+00 -1.148257e-05)	(-9.585527e-02 0.000000e+00 1.330247e-05)
1.008000e+04	lowerWall	(-9.737679e-02 0.000000e+00 -1.146802e-05)	(-9.584044e-02 0.000000e+00 1.328596e-05)
1.009000e+04	lowerWall	(-9.736043e-02 0.000000e+00 -1.145348e-05)	(-9.582565e-02 0.000000e+00 1.326946e-05)
1.010000e+04	lowerWall	(-9.734412e-02 0.000000e+00 -1.143898e-05)	(-9.581088e-02 0.000000e+00 1.325298e-05)
1.011000e+04	lowerWall	(-9.732783e-02 0.000000e+00 -1.142448e-05)	(-9.579615e-02 0.000000e+00 1.323652e-05)
1.012000e+04	lowerWall	(-9.731158e-02 0.000000e+00 -1.140999e-05)	(-9.578144e-02 0.000000e+00 1.322009e-05)
1.013000e+04	lowerWall	(-9.729535e-02 0.000000e+00 -1.139552e-05)	(-9.576677e-02 0.000000e+00 1.320367e-05)
1.014000e+04	lowerWall	(-9.727916e-02 0.000000e+00 -1.138106e-05)	(-9.575212e-02 0.000000e+00 1.318727e-05)
1.015000e+04	lowerWall	(-9.726301e-02 0.000000e+00 -1.136661e-05)	(-9.573751e-02 0.000000e+00 1.317089e-05)
1.016000e+04	lowerWall	(-9.724688e-02 0.000000e+00 -1.135218e-05)	(-9.572292e-02 0.000000e+00 1.315454e-05)
1.017000e+04	lowerWall	(-9.723078e-02 0.000000e+00 -1.133776e-05)	(-9.570837e-02 0.000000e+00 1.313820e-05)
1.018000e+04	lowerWall	(-9.721472e-02 0.000000e+00 -1.132336e-05)	(-9.569384e-02 0.000000e+00 1.312188e-05)
1.019000e+04	lowerWall	(-9.719869e-02 0.000000e+00 -1.130897e-05)	(-9.567935e-02 0.000000e+00 1.310558e-05)
1.020000e+04	lowerWall	(-9.718269e-02 0.000000e+00 -1.129460e-05)	(-9.566488e-02 0.000000e+00 1.308931e-05)
1.021000e+04	lowerWall	(-9.716672e-02 0.000000e+00 -1.128025e-05)	(-9.565044e-02 0.000000e+00 1.307305e-05)
1.022000e+04	lowerWall	(-9.715078e-02 0.000000e+00 -1.126593e-05)	(-9.563604e-02 0.000000e+00 1.305681e-05)
1.023000e+04	lowerWall	(-9.713487e-02 0.000000e+00 -1.125166e-05)	(-9.562166e-02 0.000000e+00 1.304058e-05)
1.024000e+04	lowerWall	(-9.711900e-02 0.000000e+00 -1.123739e-05)	(-9.560731e-02 0.000000e+00 1.302438e-05)
1.025000e+04	lowerWall	(-9.710315e-02 0.000000e+00 -1.122314e-05)	(-9.559299e-02 0.000000e+00 1.300819e-05)
1.026000e+04	lowerWall	(-9.708734e-02 0.000000e+00 -1.120889e-05)	(-9.557870e-02 0.000000e+00 1.299203e-05)
1.027000e+04	lowerWall	(-9.707155e-02 0.000000e+00 -1.119466e-05)	(-9.556444e-02 0.000000e+00 1.297589e-05)
1.028000e+04	lowerWall	(-9.705580e-02 0.000000e+00 -1.118044e-05)	(-9.555020e-02 0.000000e+00 1.295976e-05)
1.029000e+04	lowerWall	(-9.704008e-02 0.000000e+00 -1.116624e-05)	(-9.553600e-02 0.000000e+00 1.294366e-05)
1.030000e+04	lowerWall	(-9.702439e-02 0.000000e+00 -1.115206e-05)	(-9.552182e-02 0.000000e+00 1.292758e-05)
1.031000e+04	lowerWall	(-9.700872e-02 0.000000e+00 -1.113789e-05)	(-9.550768e-02 0.000000e+00 1.291151e-05)
1.032000e+04	lowerWall	(-9.699309e-02 0.000000e+00 -1.112373e-05)	(-9.549356e-02 0.000000e+00 1.289547e-05)
1.033000e+04	lowerWall	(-9.697749e-02 0.000000e+00 -1.110959e-05)	(-9.547947e-02 0.000000e+00 1.287944e-05)
1.034000e+04	lowerWall	(-9.696192e-02 0.000000e+00 -1.109546e-05)	(-9.546541e-02 0.000000e+00 1.286344e-05)
1.035000e+04	lowerWall	(-9.694638e-02 0.000000e+00 -1.108135e-05)	(-9.545137e-02 0.000000e+00 1.284745e-05)
1.036000e+04	lowerWall	(-9.693087e-02 0.000000e+00 -1.106726e-05)	(-9.543737e-02 0.000000e+00 1.283149e-05)
1.037000e+04	lowerWall	(-9.691539e-02 0.000000e+00 -1.105319e-05)	(-9.542339e-02 0.000000e+00 1.281554e-05)
1.038000e+04	lowerWall	(-9.689994e-02 0.000000e+00 -1.103914e-05)	(-9.540944e-02 0.000000e+00 1.279961e-05)
1.039000e+04	lowerWall	(-9.688452e-02 0.000000e+00 -1.102510e-05)	(-9.539552e-02 0.000000e+00 1.278371e-05)
1.040000e+04	lowerWall	(-9.686913e-02 0.000000e+00 -1.101107e-05)	(-9.538163e-02 0.000000e+00 1.276782e-05)
1.041000e+04	lowerWall	(-9.685377e-02 0.000000e+00 -1.099706e-05)	(-9.536777e-02 0.000000e+00 1.275195e-05)
1.042000e+04	lowerWall	(-9.683844e-02 0.000000e+00 -1.098307e-05)	(-9.535393e-02 0.000000e+00 1.273610e-05)
1.043000e+04	lowerWall	(-9.682314e-02 0.000000e+00 -1.096909e-05)	(-9.534012e-02 0.000000e+00 1.272027e-05)
1.044000e+04	lowerWall	(-9.680786e-02 0.000000e+00 -1.095514e-05)	(-9.532634e-02 0.000000e+00 1.270446e-05)
1.045000e+04	lowerWall	(-9.679262e-02 0.000000e+00 -1.094119e-05)	(-9.531258e-02 0.000000e+00 1.268867e-05)
1.046000e+04	lowerWall	(-9.677741e-02 0.000000e+00 -1.092726e-05)	(-9.529886e-02 0.000000e+00 1.267290e-05)
1.047000e+04	lowerWall	(-9.676222e-02 0.000000e+00 -1.091335e-05)	(-9.528516e-02 0.000000e+00 1.265714e-05)
1.048000e+04	lowerWall	(-9.674707e-02 0.000000e+00 -1.089946e-05)	(-9.527149e-02 0.000000e+00 1.264141e-05)
1.049000e+04	lowerWall	(-9.673194e-02 0.000000e+00 -1.088558e-05)	(-9.525784e-02 0.000000e+00 1.262570e-05)
1.050000e+04	lowerWall	(-9.671685e-02 0.000000e+00 -1.087172e-05)	(-9.524423e-02 0.000000e+00 1.261000e-05)
1.051000e+04	lowerWall	(-9.670178e-02 0.000000e+00 -1.085788e-05)	(-9.523064e-02 0.000000e+00 1.259432e-05)
1.052000e+04	lowerWall	(-9.668674e-02 0.000000e+00 -1.084405e-05)	(-9.521707e-02 0.000000e+00 1.257867e-05)
1.053000e+04	lowerWall	(-9.667173e-02 0.000000e+00 -1.083024e-05)	(-9.520354e-02 0.000000e+00 1.256303e-05)
1.054000e+04	lowerWall	(-9.665675e-02 0.000000e+00 -1.081644e-05)	(-9.519003e-02 0.000000e+00 1.254741e-05)
1.055000e+04	lowerWall	(-9.664179e-02 0.000000e+00 -1.080266e-05)	(-9.517655e-02 0.000000e+00 1.253181e-05)
1.056000e+04	lowerWall	(-9.662687e-02 0.000000e+00 -1.078890e-05)	(-9.516309e-02 0.000000e+00 1.251623e-05)
1.057000e+04	lowerWall	(-9.661197e-02 0.000000e+00 -1.077515e-05)	(-9.514966e-02 0.000000e+00 1.250067e-05)
1.058000e+04	lowerWall	(-9.659711e-02 0.000000e+00 -1.076142e-05)	(-9.513626e-02 0.000000e+00 1.248513e-05)
1.059000e+04	lowerWall	(-9.658227e-02 0.000000e+00 -1.074770e-05)	(-9.512289e-02 0.000000e+00 1.246960e-05)
1.060000e+04	lowerWall	(-9.656746e-02 0.000000e+00 -1.073400e-05)	(-9.510954e-02 0.000000e+00 1.245410e-05)
1.061000e+04	lowerWall	(-9.655267e-02 0.000000e+00 -1.072032e-05)	(-9.509622e-02 0.000000e+00 1.243862e-05)
1.062000e+04	lowerWall	(-9.653792e-02 0.000000e+00 -1.070665e-05)	(-9.508292e-02 0.000000e+00 1.242315e-05)
1.063000e+04	lowerWall	(-9.652319e-02 0.000000e+00 -1.069300e-05)	(-9.506965e-02 0.000000e+00 1.240770e-05)
1.064000e+04	lowerWall	(-9.650849e-02 0.000000e+00 -1.067936e-05)	(-9.505641e-02 0.000000e+00 1.239228e-05)
1.065000e+04	lowerWall	(-9.649382e-02 0.000000e+00 -1.066575e-05)	(-9.504319e-02 0.000000e+00 1.237687e-05)
1.066000e+04	lowerWall	(-9.647918e-02 0.000000e+00 -1.065215e-05)	(-9.503000e-02 0.000000e+00 1.236148e-05)
1.067000e+04	lowerWall	(-9.646456e-02 0.000000e+00 -1.063856e-05)	(-9.501684e-02 0.000000e+00 1.234610e-05)
1.068000e+04	lowerWall	(-9.644998e-02 0.000000e+00 -1.062499e-05)	(-9.500370e-02 0.000000e+00 1.233075e-05)
1.069000e+04	lowerWall	(-9.643542e-02 0.000000e+00 -1.061144e-05)	(-9.499058e-02 0.000000e+00 1.231542e-05)
1.070000e+04	lowerWall	(-9.642088e-02 0.000000e+00 -1.059790e-05)	(-9.497750e-02 0.000000e+00 1.230010e-05)
1.071000e+04	lowerWall	(-9.640638e-02 0.000000e+00 -1.058438e-05)	(-9.496444e-02 0.000000e+00 1.228481e-05)
1.072000e+04	lowerWall	(-9.639190e-02 0.000000e+00 -1.057087e-05)	(-9.495140e-02 0.000000e+00 1.226953e-05)
1.073000e+04	lowerWall	(-9.637745e-02 0.000000e+00 -1.055739e-05)	(-9.493839e-02 0.000000e+00 1.225427e-05)
1.074000e+04	lowerWall	(-9.636303e-02 0.000000e+00 -1.054391e-05)	(-9.492541e-02 0.000000e+00 1.223903e-05)
1.075000e+04	lowerWall	(-9.634863e-02 0.000000e+00 -1.053045e-05)	(-9.491245e-02 0.000000e+00 1.222381e-05)
1.076000e+04	lowerWall	(-9.633427e-02 0.000000e+00 -1.051701e-05)	(-9.489952e-02 0.000000e+00 1.220861e-05)
1.077000e+04	lowerWall	(-9.631992e-02 0.000000e+00 -1.050359e-05)	(-9.488661e-02 0.000000e+00 1.219343e-05)
1.078000e+04	lowerWall	(-9.630561e-02 0.000000e+00 -1.049018e-05)	(-9.487373e-02 0.000000e+00 1.217826e-05)
1.079000e+04	lowerWall	(-9.629132e-02 0.000000e+00 -1.047678e-05)	(-9.486087e-02 0.000000e+00 1.216312e-05)
1.080000e+04	lowerWall	(-9.627706e-02 0.000000e+00 -1.046341e-05)	(-9.484804e-02 0.000000e+00 1.214799e-05)
1.081000e+04	lowerWall	(-9.626283e-02 0.000000e+00 -1.045004e-05)	(-9.483523e-02 0.000000e+00 1.213288e-05)
1.082000e+04	lowerWall	(-9.624862e-02 0.000000e+00 -1.043670e-05)	(-9.482245e-02 0.000000e+00 1.211779e-05)
1.083000e+04	lowerWall	(-9.623444e-02 0.000000e+00 -1.042337e-05)	(-9.480969e-02 0.000000e+00 1.210272e-05)
1.084000e+04	lowerWall	(-9.622029e-02 0.000000e+00 -1.041005e-05)	(-9.479696e-02 0.000000e+00 1.208767e-05)
1.085000e+04	lowerWall	(-9.620616e-02 0.000000e+00 -1.039676e-05)	(-9.478425e-02 0.000000e+00 1.207263e-05)
1.086000e+04	lowerWall	(-9.619206e-02 0.000000e+00 -1.038348e-05)	(-9.477157e-02 0.000000e+00 1.205762e-05)
1.087000e+04	lowerWall	(-9.617798e-02 0.000000e+00 -1.037021e-05)	(-9.475891e-02 0.000000e+00 1.204262e-05)
1.088000e+04	lowerWall	(-9.616393e-02 0.000000e+00 -1.035697e-05)	(-9.474628e-02 0.000000e+00 1.202764e-05)
1.089000e+04	lowerWall	(-9.614991e-02 0.000000e+00 -1.034374e-05)	(-9.473367e-02 0.000000e+00 1.201268e-05)
1.090000e+04	lowerWall	(-9.613592e-02 0.000000e+00 -1.033053e-05)	(-9.472109e-02 0.000000e+00 1.199774e-05)
1.091000e+04	lowerWall	(-9.612195e-02 0.000000e+00 -1.031733e-05)	(-9.470853e-02 0.000000e+00 1.198282e-05)
1.092000e+04	lowerWall	(-9.610800e-02 0.000000e+00 -1.030415e-05)	(-9.469600e-02 0.000000e+00 1.196791e-05)
1.093000e+04	lowerWall	(-9.609408e-02 0.000000e+00 -1.029098e-05)	(-9.468349e-02 0.000000e+00 1.195303e-05)
1.094000e+04	lowerWall	(-9.608019e-02 0.000000e+00 -1.027782e-05)	(-9.467100e-02 0.000000e+00 1.193816e-05)
1.095000e+04	lowerWall	(-9.606633e-02 0.000000e+00 -1.026468e-05)	(-9.465854e-02 0.000000e+00 1.192331e-05)
1.096000e+04	lowerWall	(-9.605249e-02 0.000000e+00 -1.025156e-05)	(-9.464610e-02 0.000000e+00 1.190848e-05)
1.097000e+04	lowerWall	(-9.603867e-02 0.000000e+00 -1.023845e-05)	(-9.463369e-02 0.000000e+00 1.189366e-05)
1.098000e+04	lowerWall	(-9.602488e-02 0.000000e+00 -1.022535e-05)	(-9.462130e-02 0.000000e+00 1.187887e-05)
1.099000e+04	lowerWall	(-9.601112e-02 0.000000e+00 -1.021227e-05)	(-9.460893e-02 0.000000e+00 1.186409e-05)
1.100000e+04	lowerWall	(-9.599738e-02 0.000000e+00 -1.019921e-05)	(-9.459659e-02 0.000000e+00 1.184933e-05)
1.101000e+04	lowerWall	(-9.598367e-02 0.000000e+00 -1.018616e-05)	(-9.458427e-02 0.000000e+00 1.183459e-05)
1.102000e+04	lowerWall	(-9.596999e-02 0.000000e+00 -1.017313e-05)	(-9.457198e-02 0.000000e+00 1.181987e-05)
1.103000e+04	lowerWall	(-9.595633e-02 0.000000e+00 -1.016011e-05)	(-9.455971e-02 0.000000e+00 1.180516e-05)
1.104000e+04	lowerWall	(-9.594269e-02 0.000000e+00 -1.014710e-05)	(-9.454747e-02 0.000000e+00 1.179048e-05)
1.105000e+04	lowerWall	(-9.592908e-02 0.000000e+00 -1.013410e-05)	(-9.453524e-02 0.000000e+00 1.177581e-05)
1.106000e+04	lowerWall	(-9.591550e-02 0.000000e+00 -1.012111e-05)	(-9.452304e-02 0.000000e+00 1.176116e-05)
1.107000e+04	lowerWall	(-9.590194e-02 0.000000e+00 -1.010815e-05)	(-9.451087e-02 0.000000e+00 1.174652e-05)
1.108000e+04	lowerWall	(-9.588840e-02 0.000000e+00 -1.009520e-05)	(-9.449872e-02 0.000000e+00 1.173191e-05)
1.109000e+04	lowerWall	(-9.587489e-02 0.000000e+00 -1.008227e-05)	(-9.448659e-02 0.000000e+00 1.171731e-05)
1.110000e+04	lowerWall	(-9.586141e-02 0.000000e+00 -1.006934e-05)	(-9.447448e-02 0.000000e+00 1.170273e-05)
1.111000e+04	lowerWall	(-9.584795e-02 0.000000e+00 -1.005643e-05)	(-9.446240e-02 0.000000e+00 1.168817e-05)
1.112000e+04	lowerWall	(-9.583451e-02 0.000000e+00 -1.004353e-05)	(-9.445034e-02 0.000000e+00 1.167363e-05)
1.113000e+04	lowerWall	(-9.582110e-02 0.000000e+00 -1.003065e-05)	(-9.443831e-02 0.000000e+00 1.165911e-05)
1.114000e+04	lowerWall	(-9.580772e-02 0.000000e+00 -1.001778e-05)	(-9.442630e-02 0.000000e+00 1.164460e-05)
1.115000e+04	lowerWall	(-9.579436e-02 0.000000e+00 -1.000493e-05)	(-9.441431e-02 0.000000e+00 1.163011e-05)
1.116000e+04	lowerWall	(-9.578102e-02 0.000000e+00 -9.992094e-06)	(-9.440234e-02 0.000000e+00 1.161564e-05)
1.117000e+04	lowerWall	(-9.576771e-02 0.000000e+00 -9.979274e-06)	(-9.439040e-02 0.000000e+00 1.160119e-05)
1.118000e+04	lowerWall	(-9.575442e-02 0.000000e+00 -9.966463e-06)	(-9.437848e-02 0.000000e+00 1.158676e-05)
1.119000e+04	lowerWall	(-9.574116e-02 0.000000e+00 -9.953659e-06)	(-9.436658e-02 0.000000e+00 1.157234e-05)
1.120000e+04	lowerWall	(-9.572792e-02 0.000000e+00 -9.940875e-06)	(-9.435471e-02 0.000000e+00 1.155794e-05)
1.121000e+04	lowerWall	(-9.571470e-02 0.000000e+00 -9.928107e-06)	(-9.434285e-02 0.000000e+00 1.154356e-05)
1.122000e+04	lowerWall	(-9.570151e-02 0.000000e+00 -9.915354e-06)	(-9.433102e-02 0.000000e+00 1.152920e-05)
1.123000e+04	lowerWall	(-9.568835e-02 0.000000e+00 -9.902616e-06)	(-9.431922e-02 0.000000e+00 1.151485e-05)
1.124000e+04	lowerWall	(-9.567520e-02 0.000000e+00 -9.889892e-06)	(-9.430743e-02 0.000000e+00 1.150053e-05)
1.125000e+04	lowerWall	(-9.566209e-02 0.000000e+00 -9.877183e-06)	(-9.429567e-02 0.000000e+00 1.148622e-05)
1.126000e+04	lowerWall	(-9.564899e-02 0.000000e+00 -9.864488e-06)	(-9.428393e-02 0.000000e+00 1.147193e-05)
1.127000e+04	lowerWall	(-9.563592e-02 0.000000e+00 -9.851808e-06)	(-9.427222e-02 0.000000e+00 1.145765e-05)
1.128000e+04	lowerWall	(-9.562287e-02 0.000000e+00 -9.839143e-06)	(-9.426052e-02 0.000000e+00 1.144339e-05)
1.129000e+04	lowerWall	(-9.560985e-02 0.000000e+00 -9.826494e-06)	(-9.424885e-02 0.000000e+00 1.142916e-05)
1.130000e+04	lowerWall	(-9.559685e-02 0.000000e+00 -9.813853e-06)	(-9.423720e-02 0.000000e+00 1.141494e-05)
1.131000e+04	lowerWall	(-9.558388e-02 0.000000e+00 -9.801229e-06)	(-9.422557e-02 0.000000e+00 1.140073e-05)
1.132000e+04	lowerWall	(-9.557093e-02 0.000000e+00 -9.788619e-06)	(-9.421396e-02 0.000000e+00 1.138655e-05)
1.133000e+04	lowerWall	(-9.555800e-02 0.000000e+00 -9.776024e-06)	(-9.420238e-02 0.000000e+00 1.137238e-05)
1.134000e+04	lowerWall	(-9.554509e-02 0.000000e+00 -9.763443e-06)	(-9.419082e-02 0.000000e+00 1.135823e-05)
1.135000e+04	lowerWall	(-9.553221e-02 0.000000e+00 -9.750876e-06)	(-9.417928e-02 0.000000e+00 1.134409e-05)
1.136000e+04	lowerWall	(-9.551935e-02 0.000000e+00 -9.738324e-06)	(-9.416776e-02 0.000000e+00 1.132998e-05)
1.137000e+04	lowerWall	(-9.550652e-02 0.000000e+00 -9.725786e-06)	(-9.415626e-02 0.000000e+00 1.131588e-05)
1.138000e+04	lowerWall	(-9.549371e-02 0.000000e+00 -9.713262e-06)	(-9.414479e-02 0.000000e+00 1.130187e-05)
1.139000e+04	lowerWall	(-9.548092e-02 0.000000e+00 -9.700752e-06)	(-9.413334e-02 0.000000e+00 1.128861e-05)
1.140000e+04	lowerWall	(-9.546815e-02 0.000000e+00 -9.688256e-06)	(-9.412191e-02 0.000000e+00 1.127536e-05)
1.141000e+04	lowerWall	(-9.545541e-02 0.000000e+00 -9.675774e-06)	(-9.411050e-02 0.000000e+00 1.126212e-05)
1.142000e+04	lowerWall	(-9.544269e-02 0.000000e+00 -9.663307e-06)	(-9.409911e-02 0.000000e+00 1.124891e-05)
1.143000e+04	lowerWall	(-9.543000e-02 0.000000e+00 -9.650853e-06)	(-9.408774e-02 0.000000e+00 1.123570e-05)
1.144000e+04	lowerWall	(-9.541733e-02 0.000000e+00 -9.638414e-06)	(-9.407640e-02 0.000000e+00 1.122251e-05)
1.145000e+04	lowerWall	(-9.540468e-02 0.000000e+00 -9.625988e-06)	(-9.406508e-02 0.000000e+00 1.120934e-05)
1.146000e+04	lowerWall	(-9.539205e-02 0.000000e+00 -9.613577e-06)	(-9.405377e-02 0.000000e+00 1.119617e-05)
1.147000e+04	lowerWall	(-9.537944e-02 0.000000e+00 -9.601179e-06)	(-9.404249e-02 0.000000e+00 1.118303e-05)
1.148000e+04	lowerWall	(-9.536686e-02 0.000000e+00 -9.588796e-06)	(-9.403123e-02 0.000000e+00 1.116989e-05)
1.149000e+04	lowerWall	(-9.535430e-02 0.000000e+00 -9.576428e-06)	(-9.402000e-02 0.000000e+00 1.115677e-05)
1.150000e+04	lowerWall	(-9.534177e-02 0.000000e+00 -9.564085e-06)	(-9.400878e-02 0.000000e+00 1.114367e-05)
1.151000e+04	lowerWall	(-9.532925e-02 0.000000e+00 -9.551765e-06)	(-9.399758e-02 0.000000e+00 1.113057e-05)
1.152000e+04	lowerWall	(-9.531676e-02 0.000000e+00 -9.539463e-06)	(-9.398641e-02 0.000000e+00 1.111750e-05)
1.153000e+04	lowerWall	(-9.530429e-02 0.000000e+00 -9.527193e-06)	(-9.397525e-02 0.000000e+00 1.110443e-05)
1.154000e+04	lowerWall	(-9.529185e-02 0.000000e+00 -9.514974e-06)	(-9.396412e-02 0.000000e+00 1.109138e-05)
1.155000e+04	lowerWall	(-9.527942e-02 0.000000e+00 -9.502790e-06)	(-9.395301e-02 0.000000e+00 1.107835e-05)
1.156000e+04	lowerWall	(-9.526702e-02 0.000000e+00 -9.490636e-06)	(-9.394192e-02 0.000000e+00 1.106533e-05)
1.157000e+04	lowerWall	(-9.525464e-02 0.000000e+00 -9.478510e-06)	(-9.393085e-02 0.000000e+00 1.105232e-05)
1.158000e+04	lowerWall	(-9.524228e-02 0.000000e+00 -9.466410e-06)	(-9.391980e-02 0.000000e+00 1.103933e-05)
1.159000e+04	lowerWall	(-9.522995e-02 0.000000e+00 -9.454333e-06)	(-9.390877e-02 0.000000e+00 1.102635e-05)
1.160000e+04	lowerWall	(-9.521764e-02 0.000000e+00 -9.442278e-06)	(-9.389776e-02 0.000000e+00 1.101339e-05)
1.161000e+04	lowerWall	(-9.520534e-02 0.000000e+00 -9.430243e-06)	(-9.388677e-02 0.000000e+00 1.100044e-05)
1.162000e+04	lowerWall	(-9.519308e-02 0.000000e+00 -9.418227e-06)	(-9.387581e-02 0.000000e+00 1.098750e-05)
1.163000e+04	lowerWall	(-9.518083e-02 0.000000e+00 -9.406230e-06)	(-9.386486e-02 0.000000e+00 1.097458e-05)
1.164000e+04	lowerWall	(-9.516860e-02 0.000000e+00 -9.394250e-06)	(-9.385393e-02 0.000000e+00 1.096167e-05)
1.165000e+04	lowerWall	(-9.515640e-02 0.000000e+00 -9.382284e-06)	(-9.384303e-02 0.000000e+00 1.094877e-05)
1.166000e+04	lowerWall	(-9.514422e-02 0.000000e+00 -9.370340e-06)	(-9.383214e-02 0.000000e+00 1.093589e-05)
1.167000e+04	lowerWall	(-9.513206e-02 0.000000e+00 -9.358412e-06)	(-9.382128e-02 0.000000e+00 1.092303e-05)
1.168000e+04	lowerWall	(-9.511992e-02 0.000000e+00 -9.346498e-06)	(-9.381043e-02 0.000000e+00 1.091017e-05)
1.169000e+04	lowerWall	(-9.510780e-02 0.000000e+00 -9.334600e-06)	(-9.379961e-02 0.000000e+00 1.089733e-05)
1.170000e+04	lowerWall	(-9.509571e-02 0.000000e+00 -9.322717e-06)	(-9.378880e-02 0.000000e+00 1.088451e-05)
1.171000e+04	lowerWall	(-9.508363e-02 0.000000e+00 -9.310849e-06)	(-9.377802e-02 0.000000e+00 1.087170e-05)
1.172000e+04	lowerWall	(-9.507158e-02 0.000000e+00 -9.298996e-06)	(-9.376726e-02 0.000000e+00 1.085890e-05)
1.173000e+04	lowerWall	(-9.505955e-02 0.000000e+00 -9.287158e-06)	(-9.375651e-02 0.000000e+00 1.084612e-05)
1.174000e+04	lowerWall	(-9.504754e-02 0.000000e+00 -9.275334e-06)	(-9.374579e-02 0.000000e+00 1.083335e-05)
1.175000e+04	lowerWall	(-9.503555e-02 0.000000e+00 -9.263527e-06)	(-9.373508e-02 0.000000e+00 1.082059e-05)
1.176000e+04	lowerWall	(-9.502358e-02 0.000000e+00 -9.251736e-06)	(-9.372440e-02 0.000000e+00 1.080785e-05)
1.177000e+04	lowerWall	(-9.501164e-02 0.000000e+00 -9.239966e-06)	(-9.371373e-02 0.000000e+00 1.079512e-05)
1.178000e+04	lowerWall	(-9.499971e-02 0.000000e+00 -9.228200e-06)	(-9.370308e-02 0.000000e+00 1.078242e-05)
1.179000e+04	lowerWall	(-9.498781e-02 0.000000e+00 -9.216448e-06)	(-9.369246e-02 0.000000e+00 1.076973e-05)
1.180000e+04	lowerWall	(-9.497593e-02 0.000000e+00 -9.204700e-06)	(-9.368184e-02 0.000000e+00 1.075705e-05)
1.181000e+04	lowerWall	(-9.496407e-02 0.000000e+00 -9.192965e-06)	(-9.367125e-02 0.000000e+00 1.074440e-05)
1.182000e+04	lowerWall	(-9.495223e-02 0.000000e+00 -9.181245e-06)	(-9.366067e-02 0.000000e+00 1.073178e-05)
1.183000e+04	lowerWall	(-9.494041e-02 0.000000e+00 -9.169540e-06)	(-9.365011e-02 0.000000e+00 1.071918e-05)
1.184000e+04	lowerWall	(-9.492861e-02 0.000000e+00 -9.157849e-06)	(-9.363956e-02 0.000000e+00 1.070659e-05)
1.185000e+04	lowerWall	(-9.491683e-02 0.000000e+00 -9.146173e-06)	(-9.362903e-02 0.000000e+00 1.069403e-05)
1.186000e+04	lowerWall	(-9.490507e-02 0.000000e+00 -9.134512e-06)	(-9.361852e-02 0.000000e+00 1.068148e-05)
1.187000e+04	lowerWall	(-9.489334e-02 0.000000e+00 -9.122868e-06)	(-9.360802e-02 0.000000e+00 1.066896e-05)
1.188000e+04	lowerWall	(-9.488162e-02 0.000000e+00 -9.111240e-06)	(-9.359754e-02 0.000000e+00 1.065644e-05)
1.189000e+04	lowerWall	(-9.486993e-02 0.000000e+00 -9.099630e-06)	(-9.358708e-02 0.000000e+00 1.064395e-05)
1.190000e+04	lowerWall	(-9.485825e-02 0.000000e+00 -9.088031e-06)	(-9.357664e-02 0.000000e+00 1.063146e-05)
1.191000e+04	lowerWall	(-9.484660e-02 0.000000e+00 -9.076432e-06)	(-9.356622e-02 0.000000e+00 1.061900e-05)
1.192000e+04	lowerWall	(-9.483497e-02 0.000000e+00 -9.064847e-06)	(-9.355581e-02 0.000000e+00 1.060655e-05)
1.193000e+04	lowerWall	(-9.482335e-02 0.000000e+00 -9.053273e-06)	(-9.354542e-02 0.000000e+00 1.059411e-05)
1.194000e+04	lowerWall	(-9.481176e-02 0.000000e+00 -9.041695e-06)	(-9.353505e-02 0.000000e+00 1.058169e-05)
1.195000e+04	lowerWall	(-9.480019e-02 0.000000e+00 -9.030135e-06)	(-9.352470e-02 0.000000e+00 1.056928e-05)
1.196000e+04	lowerWall	(-9.478864e-02 0.000000e+00 -9.018591e-06)	(-9.351437e-02 0.000000e+00 1.055689e-05)
1.197000e+04	lowerWall	(-9.477711e-02 0.000000e+00 -9.007063e-06)	(-9.350405e-02 0.000000e+00 1.054451e-05)
1.198000e+04	lowerWall	(-9.476560e-02 0.000000e+00 -8.995551e-06)	(-9.349376e-02 0.000000e+00 1.053214e-05)
1.199000e+04	lowerWall	(-9.475411e-02 0.000000e+00 -8.984055e-06)	(-9.348348e-02 0.000000e+00 1.051979e-05)
1.200000e+04	lowerWall	(-9.474263e-02 0.000000e+00 -8.972571e-06)	(-9.347322e-02 0.000000e+00 1.050745e-05)
1.201000e+04	lowerWall	(-9.473118e-02 0.000000e+00 -8.961103e-06)	(-9.346298e-02 0.000000e+00 1.049512e-05)
1.202000e+04	lowerWall	(-9.471975e-02 0.000000e+00 -8.949651e-06)	(-9.345275e-02 0.000000e+00 1.048281e-05)
1.203000e+04	lowerWall	(-9.470834e-02 0.000000e+00 -8.938212e-06)	(-9.344255e-02 0.000000e+00 1.047051e-05)
1.204000e+04	lowerWall	(-9.469695e-02 0.000000e+00 -8.926784e-06)	(-9.343236e-02 0.000000e+00 1.045823e-05)
1.205000e+04	lowerWall	(-9.468562e-02 0.000000e+00 -8.915374e-06)	(-9.342219e-02 0.000000e+00 1.044596e-05)
1.206000e+04	lowerWall	(-9.467430e-02 0.000000e+00 -8.903990e-06)	(-9.341204e-02 0.000000e+00 1.043370e-05)
1.207000e+04	lowerWall	(-9.466301e-02 0.000000e+00 -8.892638e-06)	(-9.340191e-02 0.000000e+00 1.042145e-05)
1.208000e+04	lowerWall	(-9.465174e-02 0.000000e+00 -8.881286e-06)	(-9.339180e-02 0.000000e+00 1.040922e-05)
1.209000e+04	lowerWall	(-9.464048e-02 0.000000e+00 -8.869946e-06)	(-9.338170e-02 0.000000e+00 1.039700e-05)
1.210000e+04	lowerWall	(-9.462925e-02 0.000000e+00 -8.858616e-06)	(-9.337162e-02 0.000000e+00 1.038480e-05)
1.211000e+04	lowerWall	(-9.461803e-02 0.000000e+00 -8.847298e-06)	(-9.336156e-02 0.000000e+00 1.037260e-05)
1.212000e+04	lowerWall	(-9.460684e-02 0.000000e+00 -8.835993e-06)	(-9.335152e-02 0.000000e+00 1.036043e-05)
1.213000e+04	lowerWall	(-9.459566e-02 0.000000e+00 -8.824698e-06)	(-9.334150e-02 0.000000e+00 1.034826e-05)
1.214000e+04	lowerWall	(-9.458451e-02 0.000000e+00 -8.813416e-06)	(-9.333149e-02 0.000000e+00 1.033611e-05)
1.215000e+04	lowerWall	(-9.457337e-02 0.000000e+00 -8.802144e-06)	(-9.332150e-02 0.000000e+00 1.032397e-05)
1.216000e+04	lowerWall	(-9.456225e-02 0.000000e+00 -8.790883e-06)	(-9.331153e-02 0.000000e+00 1.031184e-05)
1.217000e+04	lowerWall	(-9.455115e-02 0.000000e+00 -8.779631e-06)	(-9.330158e-02 0.000000e+00 1.029973e-05)
1.218000e+04	lowerWall	(-9.454008e-02 0.000000e+00 -8.768385e-06)	(-9.329165e-02 0.000000e+00 1.028763e-05)
1.219000e+04	lowerWall	(-9.452902e-02 0.000000e+00 -8.757183e-06)	(-9.328173e-02 0.000000e+00 1.027554e-05)
1.220000e+04	lowerWall	(-9.451797e-02 0.000000e+00 -8.745997e-06)	(-9.327183e-02 0.000000e+00 1.026346e-05)
1.221000e+04	lowerWall	(-9.450695e-02 0.000000e+00 -8.734823e-06)	(-9.326195e-02 0.000000e+00 1.025140e-05)
1.222000e+04	lowerWall	(-9.449595e-02 0.000000e+00 -8.723689e-06)	(-9.325209e-02 0.000000e+00 1.023935e-05)
1.223000e+04	lowerWall	(-9.448496e-02 0.000000e+00 -8.712567e-06)	(-9.324224e-02 0.000000e+00 1.022731e-05)
1.224000e+04	lowerWall	(-9.447400e-02 0.000000e+00 -8.701447e-06)	(-9.323241e-02 0.000000e+00 1.021529e-05)
1.225000e+04	lowerWall	(-9.446305e-02 0.000000e+00 -8.690331e-06)	(-9.322260e-02 0.000000e+00 1.020327e-05)
1.226000e+04	lowerWall	(-9.445212e-02 0.000000e+00 -8.679224e-06)	(-9.321281e-02 0.000000e+00 1.019128e-05)
1.227000e+04	lowerWall	(-9.444122e-02 0.000000e+00 -8.668128e-06)	(-9.320303e-02 0.000000e+00 1.017929e-05)
1.228000e+04	lowerWall	(-9.443033e-02 0.000000e+00 -8.657040e-06)	(-9.319328e-02 0.000000e+00 1.016732e-05)
1.229000e+04	lowerWall	(-9.441945e-02 0.000000e+00 -8.645961e-06)	(-9.318354e-02 0.000000e+00 1.015536e-05)
1.230000e+04	lowerWall	(-9.440860e-02 0.000000e+00 -8.634891e-06)	(-9.317381e-02 0.000000e+00 1.014341e-05)
1.231000e+04	lowerWall	(-9.439777e-02 0.000000e+00 -8.623831e-06)	(-9.316410e-02 0.000000e+00 1.013149e-05)
1.232000e+04	lowerWall	(-9.438695e-02 0.000000e+00 -8.612778e-06)	(-9.315441e-02 0.000000e+00 1.011957e-05)
1.233000e+04	lowerWall	(-9.437616e-02 0.000000e+00 -8.601730e-06)	(-9.314473e-02 0.000000e+00 1.010769e-05)
1.234000e+04	lowerWall	(-9.436538e-02 0.000000e+00 -8.590714e-06)	(-9.313507e-02 0.000000e+00 1.009583e-05)
1.235000e+04	lowerWall	(-9.435462e-02 0.000000e+00 -8.579742e-06)	(-9.312542e-02 0.000000e+00 1.008400e-05)
1.236000e+04	lowerWall	(-9.434388e-02 0.000000e+00 -8.568769e-06)	(-9.311578e-02 0.000000e+00 1.007218e-05)
1.237000e+04	lowerWall	(-9.433315e-02 0.000000e+00 -8.557805e-06)	(-9.310615e-02 0.000000e+00 1.006039e-05)
1.238000e+04	lowerWall	(-9.432245e-02 0.000000e+00 -8.546849e-06)	(-9.309654e-02 0.000000e+00 1.004862e-05)
1.239000e+04	lowerWall	(-9.431176e-02 0.000000e+00 -8.535903e-06)	(-9.308695e-02 0.000000e+00 1.003686e-05)
1.240000e+04	lowerWall	(-9.430110e-02 0.000000e+00 -8.524968e-06)	(-9.307737e-02 0.000000e+00 1.002511e-05)
1.241000e+04	lowerWall	(-9.429045e-02 0.000000e+00 -8.514044e-06)	(-9.306781e-02 0.000000e+00 1.001339e-05)
1.242000e+04	lowerWall	(-9.427981e-02 0.000000e+00 -8.503132e-06)	(-9.305826e-02 0.000000e+00 1.000167e-05)
1.243000e+04	lowerWall	(-9.426920e-02 0.000000e+00 -8.492231e-06)	(-9.304873e-02 0.000000e+00 9.989966e-06)
1.244000e+04	lowerWall	(-9.425861e-02 0.000000e+00 -8.481343e-06)	(-9.303922e-02 0.000000e+00 9.978275e-06)
1.245000e+04	lowerWall	(-9.424803e-02 0.000000e+00 -8.470467e-06)	(-9.302972e-02 0.000000e+00 9.966595e-06)
1.246000e+04	lowerWall	(-9.423747e-02 0.000000e+00 -8.459603e-06)	(-9.302024e-02 0.000000e+00 9.954928e-06)
1.247000e+04	lowerWall	(-9.422693e-02 0.000000e+00 -8.448752e-06)	(-9.301077e-02 0.000000e+00 9.943270e-06)
1.248000e+04	lowerWall	(-9.421641e-02 0.000000e+00 -8.437912e-06)	(-9.300133e-02 0.000000e+00 9.931622e-06)
1.249000e+04	lowerWall	(-9.420590e-02 0.000000e+00 -8.427084e-06)	(-9.299190e-02 0.000000e+00 9.919984e-06)
1.250000e+04	lowerWall	(-9.419541e-02 0.000000e+00 -8.416269e-06)	(-9.298248e-02 0.000000e+00 9.908357e-06)
1.251000e+04	lowerWall	(-9.418494e-02 0.000000e+00 -8.405467e-06)	(-9.297309e-02 0.000000e+00 9.896740e-06)
1.252000e+04	lowerWall	(-9.417449e-02 0.000000e+00 -8.394678e-06)	(-9.296371e-02 0.000000e+00 9.885132e-06)
1.253000e+04	lowerWall	(-9.416406e-02 0.000000e+00 -8.383901e-06)	(-9.295435e-02 0.000000e+00 9.873531e-06)
1.254000e+04	lowerWall	(-9.415364e-02 0.000000e+00 -8.373137e-06)	(-9.294502e-02 0.000000e+00 9.861905e-06)
1.255000e+04	lowerWall	(-9.414324e-02 0.000000e+00 -8.362385e-06)	(-9.293573e-02 0.000000e+00 9.850255e-06)
1.256000e+04	lowerWall	(-9.413286e-02 0.000000e+00 -8.351644e-06)	(-9.292646e-02 0.000000e+00 9.838591e-06)
1.257000e+04	lowerWall	(-9.412250e-02 0.000000e+00 -8.340915e-06)	(-9.291721e-02 0.000000e+00 9.826919e-06)
1.258000e+04	lowerWall	(-9.411215e-02 0.000000e+00 -8.330199e-06)	(-9.290799e-02 0.000000e+00 9.815244e-06)
1.259000e+04	lowerWall	(-9.410183e-02 0.000000e+00 -8.319494e-06)	(-9.289880e-02 0.000000e+00 9.803568e-06)
1.260000e+04	lowerWall	(-9.409152e-02 0.000000e+00 -8.308802e-06)	(-9.288962e-02 0.000000e+00 9.791896e-06)
1.261000e+04	lowerWall	(-9.408122e-02 0.000000e+00 -8.298125e-06)	(-9.288047e-02 0.000000e+00 9.780231e-06)
1.262000e+04	lowerWall	(-9.407095e-02 0.000000e+00 -8.287456e-06)	(-9.287134e-02 0.000000e+00 9.768573e-06)
1.263000e+04	lowerWall	(-9.406069e-02 0.000000e+00 -8.276803e-06)	(-9.286223e-02 0.000000e+00 9.756925e-06)
1.264000e+04	lowerWall	(-9.405045e-02 0.000000e+00 -8.266162e-06)	(-9.285314e-02 0.000000e+00 9.745287e-06)
1.265000e+04	lowerWall	(-9.404022e-02 0.000000e+00 -8.255533e-06)	(-9.284406e-02 0.000000e+00 9.733659e-06)
1.266000e+04	lowerWall	(-9.403002e-02 0.000000e+00 -8.244915e-06)	(-9.283501e-02 0.000000e+00 9.722042e-06)
1.267000e+04	lowerWall	(-9.401983e-02 0.000000e+00 -8.234310e-06)	(-9.282597e-02 0.000000e+00 9.710438e-06)
1.268000e+04	lowerWall	(-9.400966e-02 0.000000e+00 -8.223717e-06)	(-9.281695e-02 0.000000e+00 9.698848e-06)
1.269000e+04	lowerWall	(-9.399950e-02 0.000000e+00 -8.213136e-06)	(-9.280795e-02 0.000000e+00 9.687272e-06)
1.270000e+04	lowerWall	(-9.398936e-02 0.000000e+00 -8.202567e-06)	(-9.279897e-02 0.000000e+00 9.675709e-06)
1.271000e+04	lowerWall	(-9.397924e-02 0.000000e+00 -8.192011e-06)	(-9.279000e-02 0.000000e+00 9.664159e-06)
1.272000e+04	lowerWall	(-9.396914e-02 0.000000e+00 -8.181467e-06)	(-9.278105e-02 0.000000e+00 9.652623e-06)
1.273000e+04	lowerWall	(-9.395905e-02 0.000000e+00 -8.170935e-06)	(-9.277212e-02 0.000000e+00 9.641105e-06)
1.274000e+04	lowerWall	(-9.394898e-02 0.000000e+00 -8.160415e-06)	(-9.276321e-02 0.000000e+00 9.629606e-06)
1.275000e+04	lowerWall	(-9.393893e-02 0.000000e+00 -8.149908e-06)	(-9.275431e-02 0.000000e+00 9.618122e-06)
1.276000e+04	lowerWall	(-9.392889e-02 0.000000e+00 -8.139413e-06)	(-9.274543e-02 0.000000e+00 9.606654e-06)
1.277000e+04	lowerWall	(-9.391888e-02 0.000000e+00 -8.128929e-06)	(-9.273656e-02 0.000000e+00 9.595201e-06)
1.278000e+04	lowerWall	(-9.390887e-02 0.000000e+00 -8.118458e-06)	(-9.272772e-02 0.000000e+00 9.583763e-06)
1.279000e+04	lowerWall	(-9.389889e-02 0.000000e+00 -8.107998e-06)	(-9.271888e-02 0.000000e+00 9.572340e-06)
1.280000e+04	lowerWall	(-9.388892e-02 0.000000e+00 -8.097550e-06)	(-9.271007e-02 0.000000e+00 9.560930e-06)
1.281000e+04	lowerWall	(-9.387897e-02 0.000000e+00 -8.087117e-06)	(-9.270127e-02 0.000000e+00 9.549535e-06)
1.282000e+04	lowerWall	(-9.386903e-02 0.000000e+00 -8.076698e-06)	(-9.269249e-02 0.000000e+00 9.538154e-06)
1.283000e+04	lowerWall	(-9.385911e-02 0.000000e+00 -8.066292e-06)	(-9.268372e-02 0.000000e+00 9.526787e-06)
1.284000e+04	lowerWall	(-9.384921e-02 0.000000e+00 -8.055897e-06)	(-9.267497e-02 0.000000e+00 9.515433e-06)
1.285000e+04	lowerWall	(-9.383933e-02 0.000000e+00 -8.045512e-06)	(-9.266623e-02 0.000000e+00 9.504095e-06)
1.286000e+04	lowerWall	(-9.382946e-02 0.000000e+00 -8.035140e-06)	(-9.265751e-02 0.000000e+00 9.492775e-06)
1.287000e+04	lowerWall	(-9.381960e-02 0.000000e+00 -8.024779e-06)	(-9.264881e-02 0.000000e+00 9.481469e-06)
1.288000e+04	lowerWall	(-9.380977e-02 0.000000e+00 -8.014430e-06)	(-9.264012e-02 0.000000e+00 9.470177e-06)
1.289000e+04	lowerWall	(-9.379995e-02 0.000000e+00 -8.004093e-06)	(-9.263145e-02 0.000000e+00 9.458897e-06)
1.290000e+04	lowerWall	(-9.379014e-02 0.000000e+00 -7.993768e-06)	(-9.262279e-02 0.000000e+00 9.447632e-06)
1.291000e+04	lowerWall	(-9.378036e-02 0.000000e+00 -7.983449e-06)	(-9.261416e-02 0.000000e+00 9.436376e-06)
1.292000e+04	lowerWall	(-9.377059e-02 0.000000e+00 -7.973126e-06)	(-9.260554e-02 0.000000e+00 9.425112e-06)
1.293000e+04	lowerWall	(-9.376083e-02 0.000000e+00 -7.962796e-06)	(-9.259693e-02 0.000000e+00 9.413829e-06)
1.294000e+04	lowerWall	(-9.375110e-02 0.000000e+00 -7.952452e-06)	(-9.258834e-02 0.000000e+00 9.402610e-06)
1.295000e+04	lowerWall	(-9.374138e-02 0.000000e+00 -7.942097e-06)	(-9.257977e-02 0.000000e+00 9.391534e-06)
1.296000e+04	lowerWall	(-9.373167e-02 0.000000e+00 -7.931733e-06)	(-9.257121e-02 0.000000e+00 9.380675e-06)
1.297000e+04	lowerWall	(-9.372198e-02 0.000000e+00 -7.921362e-06)	(-9.256267e-02 0.000000e+00 9.370033e-06)
1.298000e+04	lowerWall	(-9.371231e-02 0.000000e+00 -7.910978e-06)	(-9.255414e-02 0.000000e+00 9.359566e-06)
1.299000e+04	lowerWall	(-9.370266e-02 0.000000e+00 -7.900582e-06)	(-9.254563e-02 0.000000e+00 9.349263e-06)
1.300000e+04	lowerWall	(-9.369302e-02 0.000000e+00 -7.890176e-06)	(-9.253714e-02 0.000000e+00 9.339016e-06)
1.301000e+04	lowerWall	(-9.368340e-02 0.000000e+00 -7.879764e-06)	(-9.252865e-02 0.000000e+00 9.328765e-06)
1.302000e+04	lowerWall	(-9.367379e-02 0.000000e+00 -7.869353e-06)	(-9.252019e-02 0.000000e+00 9.318515e-06)
1.303000e+04	lowerWall	(-9.366421e-02 0.000000e+00 -7.858948e-06)	(-9.251174e-02 0.000000e+00 9.308169e-06)
1.304000e+04	lowerWall	(-9.365463e-02 0.000000e+00 -7.848548e-06)	(-9.250330e-02 0.000000e+00 9.297746e-06)
1.305000e+04	lowerWall	(-9.364508e-02 0.000000e+00 -7.838149e-06)	(-9.249488e-02 0.000000e+00 9.287233e-06)
1.306000e+04	lowerWall	(-9.363554e-02 0.000000e+00 -7.827778e-06)	(-9.248647e-02 0.000000e+00 9.276630e-06)
1.307000e+04	lowerWall	(-9.362602e-02 0.000000e+00 -7.817436e-06)	(-9.247807e-02 0.000000e+00 9.265956e-06)
1.308000e+04	lowerWall	(-9.361651e-02 0.000000e+00 -7.807115e-06)	(-9.246969e-02 0.000000e+00 9.255223e-06)
1.309000e+04	lowerWall	(-9.360702e-02 0.000000e+00 -7.796812e-06)	(-9.246133e-02 0.000000e+00 9.244455e-06)
1.310000e+04	lowerWall	(-9.359754e-02 0.000000e+00 -7.786524e-06)	(-9.245297e-02 0.000000e+00 9.233677e-06)
1.311000e+04	lowerWall	(-9.358809e-02 0.000000e+00 -7.776249e-06)	(-9.244463e-02 0.000000e+00 9.222895e-06)
1.312000e+04	lowerWall	(-9.357864e-02 0.000000e+00 -7.765983e-06)	(-9.243630e-02 0.000000e+00 9.212110e-06)
1.313000e+04	lowerWall	(-9.356922e-02 0.000000e+00 -7.755721e-06)	(-9.242799e-02 0.000000e+00 9.201323e-06)
1.314000e+04	lowerWall	(-9.355981e-02 0.000000e+00 -7.745460e-06)	(-9.241968e-02 0.000000e+00 9.190532e-06)
1.315000e+04	lowerWall	(-9.355041e-02 0.000000e+00 -7.735200e-06)	(-9.241140e-02 0.000000e+00 9.179739e-06)
1.316000e+04	lowerWall	(-9.354103e-02 0.000000e+00 -7.724941e-06)	(-9.240312e-02 0.000000e+00 9.168942e-06)
1.317000e+04	lowerWall	(-9.353167e-02 0.000000e+00 -7.714686e-06)	(-9.239486e-02 0.000000e+00 9.158144e-06)
1.318000e+04	lowerWall	(-9.352232e-02 0.000000e+00 -7.704436e-06)	(-9.238661e-02 0.000000e+00 9.147345e-06)
1.319000e+04	lowerWall	(-9.351299e-02 0.000000e+00 -7.694183e-06)	(-9.237838e-02 0.000000e+00 9.136545e-06)
1.320000e+04	lowerWall	(-9.350367e-02 0.000000e+00 -7.683930e-06)	(-9.237016e-02 0.000000e+00 9.125746e-06)
1.321000e+04	lowerWall	(-9.349437e-02 0.000000e+00 -7.673677e-06)	(-9.236195e-02 0.000000e+00 9.114948e-06)
1.322000e+04	lowerWall	(-9.348508e-02 0.000000e+00 -7.663432e-06)	(-9.235376e-02 0.000000e+00 9.104153e-06)
1.323000e+04	lowerWall	(-9.347581e-02 0.000000e+00 -7.653194e-06)	(-9.234558e-02 0.000000e+00 9.093361e-06)
1.324000e+04	lowerWall	(-9.346656e-02 0.000000e+00 -7.642966e-06)	(-9.233741e-02 0.000000e+00 9.082573e-06)
1.325000e+04	lowerWall	(-9.345732e-02 0.000000e+00 -7.632751e-06)	(-9.232926e-02 0.000000e+00 9.071788e-06)
1.326000e+04	lowerWall	(-9.344809e-02 0.000000e+00 -7.622551e-06)	(-9.232112e-02 0.000000e+00 9.061008e-06)
1.327000e+04	lowerWall	(-9.343888e-02 0.000000e+00 -7.612365e-06)	(-9.231299e-02 0.000000e+00 9.050233e-06)
1.328000e+04	lowerWall	(-9.342969e-02 0.000000e+00 -7.602193e-06)	(-9.230488e-02 0.000000e+00 9.039465e-06)
1.329000e+04	lowerWall	(-9.342051e-02 0.000000e+00 -7.592038e-06)	(-9.229678e-02 0.000000e+00 9.028703e-06)
1.330000e+04	lowerWall	(-9.341135e-02 0.000000e+00 -7.581904e-06)	(-9.228870e-02 0.000000e+00 9.017948e-06)
1.331000e+04	lowerWall	(-9.340220e-02 0.000000e+00 -7.571782e-06)	(-9.228063e-02 0.000000e+00 9.007200e-06)
1.332000e+04	lowerWall	(-9.339306e-02 0.000000e+00 -7.561669e-06)	(-9.227257e-02 0.000000e+00 8.996461e-06)
1.333000e+04	lowerWall	(-9.338394e-02 0.000000e+00 -7.551576e-06)	(-9.226453e-02 0.000000e+00 8.985729e-06)
1.334000e+04	lowerWall	(-9.337484e-02 0.000000e+00 -7.541536e-06)	(-9.225650e-02 0.000000e+00 8.975006e-06)
1.335000e+04	lowerWall	(-9.336575e-02 0.000000e+00 -7.531551e-06)	(-9.224848e-02 0.000000e+00 8.964291e-06)
1.336000e+04	lowerWall	(-9.335667e-02 0.000000e+00 -7.521620e-06)	(-9.224048e-02 0.000000e+00 8.953584e-06)
1.337000e+04	lowerWall	(-9.334761e-02 0.000000e+00 -7.511738e-06)	(-9.223249e-02 0.000000e+00 8.942886e-06)
1.338000e+04	lowerWall	(-9.333857e-02 0.000000e+00 -7.501901e-06)	(-9.222451e-02 0.000000e+00 8.932198e-06)
1.339000e+04	lowerWall	(-9.332954e-02 0.000000e+00 -7.492103e-06)	(-9.221655e-02 0.000000e+00 8.921518e-06)
1.340000e+04	lowerWall	(-9.332052e-02 0.000000e+00 -7.482341e-06)	(-9.220860e-02 0.000000e+00 8.910848e-06)
1.341000e+04	lowerWall	(-9.331152e-02 0.000000e+00 -7.472607e-06)	(-9.220067e-02 0.000000e+00 8.900188e-06)
1.342000e+04	lowerWall	(-9.330253e-02 0.000000e+00 -7.462905e-06)	(-9.219275e-02 0.000000e+00 8.889539e-06)
1.343000e+04	lowerWall	(-9.329356e-02 0.000000e+00 -7.453329e-06)	(-9.218484e-02 0.000000e+00 8.878899e-06)
1.344000e+04	lowerWall	(-9.328460e-02 0.000000e+00 -7.443884e-06)	(-9.217694e-02 0.000000e+00 8.868269e-06)
1.345000e+04	lowerWall	(-9.327565e-02 0.000000e+00 -7.434549e-06)	(-9.216906e-02 0.000000e+00 8.857649e-06)
1.346000e+04	lowerWall	(-9.326672e-02 0.000000e+00 -7.425302e-06)	(-9.216119e-02 0.000000e+00 8.847041e-06)
1.347000e+04	lowerWall	(-9.325781e-02 0.000000e+00 -7.416136e-06)	(-9.215334e-02 0.000000e+00 8.836443e-06)
1.348000e+04	lowerWall	(-9.324891e-02 0.000000e+00 -7.407049e-06)	(-9.214550e-02 0.000000e+00 8.825856e-06)
1.349000e+04	lowerWall	(-9.324002e-02 0.000000e+00 -7.398019e-06)	(-9.213767e-02 0.000000e+00 8.815280e-06)
1.350000e+04	lowerWall	(-9.323115e-02 0.000000e+00 -7.388970e-06)	(-9.212985e-02 0.000000e+00 8.804715e-06)
1.351000e+04	lowerWall	(-9.322229e-02 0.000000e+00 -7.380009e-06)	(-9.212205e-02 0.000000e+00 8.794159e-06)
1.352000e+04	lowerWall	(-9.321345e-02 0.000000e+00 -7.371192e-06)	(-9.211426e-02 0.000000e+00 8.783614e-06)
1.353000e+04	lowerWall	(-9.320462e-02 0.000000e+00 -7.362502e-06)	(-9.210648e-02 0.000000e+00 8.773079e-06)
1.354000e+04	lowerWall	(-9.319581e-02 0.000000e+00 -7.353926e-06)	(-9.209872e-02 0.000000e+00 8.762554e-06)
1.355000e+04	lowerWall	(-9.318700e-02 0.000000e+00 -7.345454e-06)	(-9.209097e-02 0.000000e+00 8.752039e-06)
1.356000e+04	lowerWall	(-9.317822e-02 0.000000e+00 -7.337080e-06)	(-9.208324e-02 0.000000e+00 8.741536e-06)
1.357000e+04	lowerWall	(-9.316944e-02 0.000000e+00 -7.328798e-06)	(-9.207551e-02 0.000000e+00 8.731043e-06)
1.358000e+04	lowerWall	(-9.316069e-02 0.000000e+00 -7.320610e-06)	(-9.206780e-02 0.000000e+00 8.720561e-06)
1.359000e+04	lowerWall	(-9.315194e-02 0.000000e+00 -7.312519e-06)	(-9.206011e-02 0.000000e+00 8.710089e-06)
1.360000e+04	lowerWall	(-9.314321e-02 0.000000e+00 -7.304516e-06)	(-9.205242e-02 0.000000e+00 8.699628e-06)
1.361000e+04	lowerWall	(-9.313449e-02 0.000000e+00 -7.296593e-06)	(-9.204475e-02 0.000000e+00 8.689179e-06)
1.362000e+04	lowerWall	(-9.312579e-02 0.000000e+00 -7.288742e-06)	(-9.203709e-02 0.000000e+00 8.678740e-06)
1.363000e+04	lowerWall	(-9.311710e-02 0.000000e+00 -7.280961e-06)	(-9.202945e-02 0.000000e+00 8.668312e-06)
1.364000e+04	lowerWall	(-9.310843e-02 0.000000e+00 -7.273245e-06)	(-9.202182e-02 0.000000e+00 8.657895e-06)
1.365000e+04	lowerWall	(-9.309977e-02 0.000000e+00 -7.265566e-06)	(-9.201420e-02 0.000000e+00 8.647490e-06)
1.366000e+04	lowerWall	(-9.309112e-02 0.000000e+00 -7.257795e-06)	(-9.200659e-02 0.000000e+00 8.637095e-06)
1.367000e+04	lowerWall	(-9.308248e-02 0.000000e+00 -7.249942e-06)	(-9.199900e-02 0.000000e+00 8.626712e-06)
1.368000e+04	lowerWall	(-9.307386e-02 0.000000e+00 -7.242025e-06)	(-9.199142e-02 0.000000e+00 8.616339e-06)
1.369000e+04	lowerWall	(-9.306526e-02 0.000000e+00 -7.234052e-06)	(-9.198385e-02 0.000000e+00 8.605978e-06)
1.370000e+04	lowerWall	(-9.305666e-02 0.000000e+00 -7.226040e-06)	(-9.197629e-02 0.000000e+00 8.595628e-06)
1.371000e+04	lowerWall	(-9.304809e-02 0.000000e+00 -7.218001e-06)	(-9.196875e-02 0.000000e+00 8.585289e-06)
1.372000e+04	lowerWall	(-9.303952e-02 0.000000e+00 -7.209935e-06)	(-9.196122e-02 0.000000e+00 8.574962e-06)
1.373000e+04	lowerWall	(-9.303097e-02 0.000000e+00 -7.201850e-06)	(-9.195371e-02 0.000000e+00 8.564646e-06)
1.374000e+04	lowerWall	(-9.302243e-02 0.000000e+00 -7.193661e-06)	(-9.194620e-02 0.000000e+00 8.554341e-06)
1.375000e+04	lowerWall	(-9.301391e-02 0.000000e+00 -7.185325e-06)	(-9.193871e-02 0.000000e+00 8.544048e-06)
1.376000e+04	lowerWall	(-9.300539e-02 0.000000e+00 -7.176877e-06)	(-9.193123e-02 0.000000e+00 8.533765e-06)
1.377000e+04	lowerWall	(-9.299690e-02 0.000000e+00 -7.168338e-06)	(-9.192377e-02 0.000000e+00 8.523494e-06)
1.378000e+04	lowerWall	(-9.298841e-02 0.000000e+00 -7.159728e-06)	(-9.191631e-02 0.000000e+00 8.513234e-06)
1.379000e+04	lowerWall	(-9.297994e-02 0.000000e+00 -7.151059e-06)	(-9.190887e-02 0.000000e+00 8.502986e-06)
1.380000e+04	lowerWall	(-9.297148e-02 0.000000e+00 -7.142342e-06)	(-9.190144e-02 0.000000e+00 8.492749e-06)
1.381000e+04	lowerWall	(-9.296304e-02 0.000000e+00 -7.133587e-06)	(-9.189403e-02 0.000000e+00 8.482704e-06)
1.382000e+04	lowerWall	(-9.295461e-02 0.000000e+00 -7.124808e-06)	(-9.188662e-02 0.000000e+00 8.472941e-06)
1.383000e+04	lowerWall	(-9.294619e-02 0.000000e+00 -7.116015e-06)	(-9.187923e-02 0.000000e+00 8.463187e-06)
1.384000e+04	lowerWall	(-9.293779e-02 0.000000e+00 -7.107204e-06)	(-9.187185e-02 0.000000e+00 8.453444e-06)
1.385000e+04	lowerWall	(-9.292940e-02 0.000000e+00 -7.098315e-06)	(-9.186449e-02 0.000000e+00 8.443710e-06)
1.386000e+04	lowerWall	(-9.292102e-02 0.000000e+00 -7.089360e-06)	(-9.185713e-02 0.000000e+00 8.433987e-06)
1.387000e+04	lowerWall	(-9.291266e-02 0.000000e+00 -7.080354e-06)	(-9.184979e-02 0.000000e+00 8.424273e-06)
1.388000e+04	lowerWall	(-9.290431e-02 0.000000e+00 -7.071309e-06)	(-9.184246e-02 0.000000e+00 8.414569e-06)
1.389000e+04	lowerWall	(-9.289597e-02 0.000000e+00 -7.062243e-06)	(-9.183515e-02 0.000000e+00 8.404874e-06)
1.390000e+04	lowerWall	(-9.288764e-02 0.000000e+00 -7.053163e-06)	(-9.182784e-02 0.000000e+00 8.395190e-06)
1.391000e+04	lowerWall	(-9.287933e-02 0.000000e+00 -7.044070e-06)	(-9.182055e-02 0.000000e+00 8.385516e-06)
1.392000e+04	lowerWall	(-9.287103e-02 0.000000e+00 -7.034968e-06)	(-9.181327e-02 0.000000e+00 8.375851e-06)
1.393000e+04	lowerWall	(-9.286275e-02 0.000000e+00 -7.025857e-06)	(-9.180600e-02 0.000000e+00 8.366196e-06)
1.394000e+04	lowerWall	(-9.285448e-02 0.000000e+00 -7.016728e-06)	(-9.179875e-02 0.000000e+00 8.356551e-06)
1.395000e+04	lowerWall	(-9.284622e-02 0.000000e+00 -7.007599e-06)	(-9.179150e-02 0.000000e+00 8.346917e-06)
1.396000e+04	lowerWall	(-9.283797e-02 0.000000e+00 -6.998473e-06)	(-9.178427e-02 0.000000e+00 8.337292e-06)
1.397000e+04	lowerWall	(-9.282974e-02 0.000000e+00 -6.989320e-06)	(-9.177705e-02 0.000000e+00 8.327677e-06)
1.398000e+04	lowerWall	(-9.282152e-02 0.000000e+00 -6.980146e-06)	(-9.176985e-02 0.000000e+00 8.318073e-06)
1.399000e+04	lowerWall	(-9.281332e-02 0.000000e+00 -6.970962e-06)	(-9.176265e-02 0.000000e+00 8.308478e-06)
1.400000e+04	lowerWall	(-9.280512e-02 0.000000e+00 -6.961771e-06)	(-9.175547e-02 0.000000e+00 8.298892e-06)
1.401000e+04	lowerWall	(-9.279694e-02 0.000000e+00 -6.952575e-06)	(-9.174830e-02 0.000000e+00 8.289317e-06)
1.402000e+04	lowerWall	(-9.278877e-02 0.000000e+00 -6.943377e-06)	(-9.174114e-02 0.000000e+00 8.279752e-06)
1.403000e+04	lowerWall	(-9.278062e-02 0.000000e+00 -6.934177e-06)	(-9.173399e-02 0.000000e+00 8.270196e-06)
1.404000e+04	lowerWall	(-9.277247e-02 0.000000e+00 -6.924977e-06)	(-9.172686e-02 0.000000e+00 8.260651e-06)
1.405000e+04	lowerWall	(-9.276435e-02 0.000000e+00 -6.915780e-06)	(-9.171973e-02 0.000000e+00 8.251115e-06)
1.406000e+04	lowerWall	(-9.275623e-02 0.000000e+00 -6.906593e-06)	(-9.171262e-02 0.000000e+00 8.241589e-06)
1.407000e+04	lowerWall	(-9.274812e-02 0.000000e+00 -6.897408e-06)	(-9.170552e-02 0.000000e+00 8.232073e-06)
1.408000e+04	lowerWall	(-9.274003e-02 0.000000e+00 -6.888259e-06)	(-9.169844e-02 0.000000e+00 8.222568e-06)
1.409000e+04	lowerWall	(-9.273195e-02 0.000000e+00 -6.879942e-06)	(-9.169136e-02 0.000000e+00 8.213073e-06)
1.410000e+04	lowerWall	(-9.272389e-02 0.000000e+00 -6.871603e-06)	(-9.168430e-02 0.000000e+00 8.203589e-06)
1.411000e+04	lowerWall	(-9.271584e-02 0.000000e+00 -6.863262e-06)	(-9.167725e-02 0.000000e+00 8.194114e-06)
1.412000e+04	lowerWall	(-9.270780e-02 0.000000e+00 -6.854924e-06)	(-9.167021e-02 0.000000e+00 8.184649e-06)
1.413000e+04	lowerWall	(-9.269977e-02 0.000000e+00 -6.846587e-06)	(-9.166318e-02 0.000000e+00 8.175194e-06)
1.414000e+04	lowerWall	(-9.269175e-02 0.000000e+00 -6.838249e-06)	(-9.165616e-02 0.000000e+00 8.165749e-06)
1.415000e+04	lowerWall	(-9.268375e-02 0.000000e+00 -6.829908e-06)	(-9.164916e-02 0.000000e+00 8.156314e-06)
1.416000e+04	lowerWall	(-9.267576e-02 0.000000e+00 -6.821568e-06)	(-9.164216e-02 0.000000e+00 8.146889e-06)
1.417000e+04	lowerWall	(-9.266778e-02 0.000000e+00 -6.813233e-06)	(-9.163518e-02 0.000000e+00 8.137474e-06)
1.418000e+04	lowerWall	(-9.265982e-02 0.000000e+00 -6.804908e-06)	(-9.162821e-02 0.000000e+00 8.128070e-06)
1.419000e+04	lowerWall	(-9.265187e-02 0.000000e+00 -6.796594e-06)	(-9.162125e-02 0.000000e+00 8.118675e-06)
1.420000e+04	lowerWall	(-9.264393e-02 0.000000e+00 -6.788287e-06)	(-9.161431e-02 0.000000e+00 8.109292e-06)
1.421000e+04	lowerWall	(-9.263600e-02 0.000000e+00 -6.780010e-06)	(-9.160737e-02 0.000000e+00 8.099917e-06)
1.422000e+04	lowerWall	(-9.262809e-02 0.000000e+00 -6.771761e-06)	(-9.160045e-02 0.000000e+00 8.090551e-06)
1.423000e+04	lowerWall	(-9.262018e-02 0.000000e+00 -6.763531e-06)	(-9.159353e-02 0.000000e+00 8.081196e-06)
1.424000e+04	lowerWall	(-9.261229e-02 0.000000e+00 -6.755340e-06)	(-9.158663e-02 0.000000e+00 8.071849e-06)
1.425000e+04	lowerWall	(-9.260441e-02 0.000000e+00 -6.747156e-06)	(-9.157974e-02 0.000000e+00 8.062514e-06)
1.426000e+04	lowerWall	(-9.259655e-02 0.000000e+00 -6.738978e-06)	(-9.157287e-02 0.000000e+00 8.053189e-06)
1.427000e+04	lowerWall	(-9.258869e-02 0.000000e+00 -6.730807e-06)	(-9.156600e-02 0.000000e+00 8.043874e-06)
1.428000e+04	lowerWall	(-9.258085e-02 0.000000e+00 -6.722643e-06)	(-9.155914e-02 0.000000e+00 8.034570e-06)
1.429000e+04	lowerWall	(-9.257302e-02 0.000000e+00 -6.714483e-06)	(-9.155230e-02 0.000000e+00 8.025276e-06)
1.430000e+04	lowerWall	(-9.256521e-02 0.000000e+00 -6.706328e-06)	(-9.154547e-02 0.000000e+00 8.015992e-06)
1.431000e+04	lowerWall	(-9.255740e-02 0.000000e+00 -6.698176e-06)	(-9.153865e-02 0.000000e+00 8.006718e-06)
1.432000e+04	lowerWall	(-9.254961e-02 0.000000e+00 -6.690025e-06)	(-9.153184e-02 0.000000e+00 7.997454e-06)
1.433000e+04	lowerWall	(-9.254183e-02 0.000000e+00 -6.681874e-06)	(-9.152504e-02 0.000000e+00 7.988200e-06)
1.434000e+04	lowerWall	(-9.253408e-02 0.000000e+00 -6.673721e-06)	(-9.151825e-02 0.000000e+00 7.978956e-06)
1.435000e+04	lowerWall	(-9.252636e-02 0.000000e+00 -6.665566e-06)	(-9.151148e-02 0.000000e+00 7.969723e-06)
1.436000e+04	lowerWall	(-9.251865e-02 0.000000e+00 -6.657434e-06)	(-9.150471e-02 0.000000e+00 7.960497e-06)
1.437000e+04	lowerWall	(-9.251095e-02 0.000000e+00 -6.649317e-06)	(-9.149796e-02 0.000000e+00 7.951281e-06)
1.438000e+04	lowerWall	(-9.250326e-02 0.000000e+00 -6.641213e-06)	(-9.149121e-02 0.000000e+00 7.942073e-06)
1.439000e+04	lowerWall	(-9.249559e-02 0.000000e+00 -6.633125e-06)	(-9.148448e-02 0.000000e+00 7.932874e-06)
1.440000e+04	lowerWall	(-9.248792e-02 0.000000e+00 -6.625027e-06)	(-9.147776e-02 0.000000e+00 7.923685e-06)
1.441000e+04	lowerWall	(-9.248027e-02 0.000000e+00 -6.616924e-06)	(-9.147105e-02 0.000000e+00 7.914508e-06)
1.442000e+04	lowerWall	(-9.247263e-02 0.000000e+00 -6.608819e-06)	(-9.146436e-02 0.000000e+00 7.905340e-06)
1.443000e+04	lowerWall	(-9.246500e-02 0.000000e+00 -6.600713e-06)	(-9.145767e-02 0.000000e+00 7.896182e-06)
1.444000e+04	lowerWall	(-9.245739e-02 0.000000e+00 -6.592607e-06)	(-9.145099e-02 0.000000e+00 7.887034e-06)
1.445000e+04	lowerWall	(-9.244978e-02 0.000000e+00 -6.584499e-06)	(-9.144433e-02 0.000000e+00 7.877896e-06)
1.446000e+04	lowerWall	(-9.244219e-02 0.000000e+00 -6.576390e-06)	(-9.143767e-02 0.000000e+00 7.868769e-06)
1.447000e+04	lowerWall	(-9.243461e-02 0.000000e+00 -6.568281e-06)	(-9.143103e-02 0.000000e+00 7.859651e-06)
1.448000e+04	lowerWall	(-9.242704e-02 0.000000e+00 -6.560172e-06)	(-9.142440e-02 0.000000e+00 7.850544e-06)
1.449000e+04	lowerWall	(-9.241949e-02 0.000000e+00 -6.552062e-06)	(-9.141778e-02 0.000000e+00 7.841446e-06)
1.450000e+04	lowerWall	(-9.241194e-02 0.000000e+00 -6.543951e-06)	(-9.141117e-02 0.000000e+00 7.832358e-06)
1.451000e+04	lowerWall	(-9.240441e-02 0.000000e+00 -6.535842e-06)	(-9.140457e-02 0.000000e+00 7.823280e-06)
1.452000e+04	lowerWall	(-9.239689e-02 0.000000e+00 -6.527755e-06)	(-9.139798e-02 0.000000e+00 7.814210e-06)
1.453000e+04	lowerWall	(-9.238938e-02 0.000000e+00 -6.519666e-06)	(-9.139140e-02 0.000000e+00 7.805150e-06)
1.454000e+04	lowerWall	(-9.238188e-02 0.000000e+00 -6.511577e-06)	(-9.138484e-02 0.000000e+00 7.796100e-06)
1.455000e+04	lowerWall	(-9.237439e-02 0.000000e+00 -6.503491e-06)	(-9.137828e-02 0.000000e+00 7.787060e-06)
1.456000e+04	lowerWall	(-9.236692e-02 0.000000e+00 -6.495407e-06)	(-9.137173e-02 0.000000e+00 7.778030e-06)
1.457000e+04	lowerWall	(-9.235945e-02 0.000000e+00 -6.487325e-06)	(-9.136520e-02 0.000000e+00 7.769009e-06)
1.458000e+04	lowerWall	(-9.235200e-02 0.000000e+00 -6.479246e-06)	(-9.135868e-02 0.000000e+00 7.759998e-06)
1.459000e+04	lowerWall	(-9.234456e-02 0.000000e+00 -6.471170e-06)	(-9.135216e-02 0.000000e+00 7.750997e-06)
1.460000e+04	lowerWall	(-9.233713e-02 0.000000e+00 -6.463097e-06)	(-9.134566e-02 0.000000e+00 7.742006e-06)
1.461000e+04	lowerWall	(-9.232971e-02 0.000000e+00 -6.455027e-06)	(-9.133917e-02 0.000000e+00 7.733024e-06)
1.462000e+04	lowerWall	(-9.232231e-02 0.000000e+00 -6.446961e-06)	(-9.133269e-02 0.000000e+00 7.724052e-06)
1.463000e+04	lowerWall	(-9.231491e-02 0.000000e+00 -6.438899e-06)	(-9.132622e-02 0.000000e+00 7.715090e-06)
1.464000e+04	lowerWall	(-9.230753e-02 0.000000e+00 -6.430841e-06)	(-9.131976e-02 0.000000e+00 7.706138e-06)
1.465000e+04	lowerWall	(-9.230016e-02 0.000000e+00 -6.422786e-06)	(-9.131331e-02 0.000000e+00 7.697195e-06)
1.466000e+04	lowerWall	(-9.229280e-02 0.000000e+00 -6.414735e-06)	(-9.130687e-02 0.000000e+00 7.688261e-06)
1.467000e+04	lowerWall	(-9.228545e-02 0.000000e+00 -6.406691e-06)	(-9.130044e-02 0.000000e+00 7.679338e-06)
1.468000e+04	lowerWall	(-9.227811e-02 0.000000e+00 -6.398651e-06)	(-9.129402e-02 0.000000e+00 7.670424e-06)
1.469000e+04	lowerWall	(-9.227078e-02 0.000000e+00 -6.390615e-06)	(-9.128762e-02 0.000000e+00 7.661519e-06)
1.470000e+04	lowerWall	(-9.226347e-02 0.000000e+00 -6.382583e-06)	(-9.128122e-02 0.000000e+00 7.652624e-06)
1.471000e+04	lowerWall	(-9.225616e-02 0.000000e+00 -6.374556e-06)	(-9.127483e-02 0.000000e+00 7.643739e-06)
1.472000e+04	lowerWall	(-9.224887e-02 0.000000e+00 -6.366533e-06)	(-9.126846e-02 0.000000e+00 7.634863e-06)
1.473000e+04	lowerWall	(-9.224159e-02 0.000000e+00 -6.358515e-06)	(-9.126209e-02 0.000000e+00 7.625997e-06)
1.474000e+04	lowerWall	(-9.223432e-02 0.000000e+00 -6.350502e-06)	(-9.125574e-02 0.000000e+00 7.617140e-06)
1.475000e+04	lowerWall	(-9.222706e-02 0.000000e+00 -6.342494e-06)	(-9.124939e-02 0.000000e+00 7.608293e-06)
1.476000e+04	lowerWall	(-9.221981e-02 0.000000e+00 -6.334491e-06)	(-9.124306e-02 0.000000e+00 7.599456e-06)
1.477000e+04	lowerWall	(-9.221257e-02 0.000000e+00 -6.326493e-06)	(-9.123673e-02 0.000000e+00 7.590628e-06)
1.478000e+04	lowerWall	(-9.220535e-02 0.000000e+00 -6.318500e-06)	(-9.123042e-02 0.000000e+00 7.581810e-06)
1.479000e+04	lowerWall	(-9.219813e-02 0.000000e+00 -6.310512e-06)	(-9.122412e-02 0.000000e+00 7.573001e-06)
1.480000e+04	lowerWall	(-9.219093e-02 0.000000e+00 -6.302530e-06)	(-9.121782e-02 0.000000e+00 7.564202e-06)
1.481000e+04	lowerWall	(-9.218374e-02 0.000000e+00 -6.294552e-06)	(-9.121154e-02 0.000000e+00 7.555412e-06)
1.482000e+04	lowerWall	(-9.217655e-02 0.000000e+00 -6.286579e-06)	(-9.120527e-02 0.000000e+00 7.546632e-06)
1.483000e+04	lowerWall	(-9.216938e-02 0.000000e+00 -6.278615e-06)	(-9.119901e-02 0.000000e+00 7.537862e-06)
1.484000e+04	lowerWall	(-9.216222e-02 0.000000e+00 -6.270656e-06)	(-9.119275e-02 0.000000e+00 7.529100e-06)
1.485000e+04	lowerWall	(-9.215508e-02 0.000000e+00 -6.262703e-06)	(-9.118651e-02 0.000000e+00 7.520349e-06)
1.486000e+04	lowerWall	(-9.214794e-02 0.000000e+00 -6.254755e-06)	(-9.118028e-02 0.000000e+00 7.511606e-06)
1.487000e+04	lowerWall	(-9.214081e-02 0.000000e+00 -6.246812e-06)	(-9.117406e-02 0.000000e+00 7.502873e-06)
1.488000e+04	lowerWall	(-9.213369e-02 0.000000e+00 -6.238875e-06)	(-9.116784e-02 0.000000e+00 7.494150e-06)
1.489000e+04	lowerWall	(-9.212659e-02 0.000000e+00 -6.230944e-06)	(-9.116164e-02 0.000000e+00 7.485436e-06)
1.490000e+04	lowerWall	(-9.211950e-02 0.000000e+00 -6.223019e-06)	(-9.115545e-02 0.000000e+00 7.476732e-06)
1.491000e+04	lowerWall	(-9.211241e-02 0.000000e+00 -6.215099e-06)	(-9.114927e-02 0.000000e+00 7.468037e-06)
1.492000e+04	lowerWall	(-9.210534e-02 0.000000e+00 -6.207186e-06)	(-9.114310e-02 0.000000e+00 7.459352e-06)
1.493000e+04	lowerWall	(-9.209828e-02 0.000000e+00 -6.199278e-06)	(-9.113694e-02 0.000000e+00 7.450676e-06)
1.494000e+04	lowerWall	(-9.209123e-02 0.000000e+00 -6.191377e-06)	(-9.113079e-02 0.000000e+00 7.442009e-06)
1.495000e+04	lowerWall	(-9.208419e-02 0.000000e+00 -6.183481e-06)	(-9.112464e-02 0.000000e+00 7.433352e-06)
1.496000e+04	lowerWall	(-9.207716e-02 0.000000e+00 -6.175591e-06)	(-9.111851e-02 0.000000e+00 7.424704e-06)
1.497000e+04	lowerWall	(-9.207014e-02 0.000000e+00 -6.167707e-06)	(-9.111239e-02 0.000000e+00 7.416066e-06)
1.498000e+04	lowerWall	(-9.206313e-02 0.000000e+00 -6.159829e-06)	(-9.110628e-02 0.000000e+00 7.407437e-06)
1.499000e+04	lowerWall	(-9.205613e-02 0.000000e+00 -6.151957e-06)	(-9.110018e-02 0.000000e+00 7.398818e-06)
1.500000e+04	lowerWall	(-9.204915e-02 0.000000e+00 -6.144089e-06)	(-9.109409e-02 0.000000e+00 7.390208e-06)
1.501000e+04	lowerWall	(-9.204217e-02 0.000000e+00 -6.136231e-06)	(-9.108800e-02 0.000000e+00 7.381607e-06)
1.502000e+04	lowerWall	(-9.203520e-02 0.000000e+00 -6.128379e-06)	(-9.108193e-02 0.000000e+00 7.373016e-06)
1.503000e+04	lowerWall	(-9.202825e-02 0.000000e+00 -6.120533e-06)	(-9.107587e-02 0.000000e+00 7.364434e-06)
1.504000e+04	lowerWall	(-9.202131e-02 0.000000e+00 -6.112693e-06)	(-9.106982e-02 0.000000e+00 7.355861e-06)
1.505000e+04	lowerWall	(-9.201437e-02 0.000000e+00 -6.104860e-06)	(-9.106377e-02 0.000000e+00 7.347298e-06)
1.506000e+04	lowerWall	(-9.200745e-02 0.000000e+00 -6.097033e-06)	(-9.105774e-02 0.000000e+00 7.338745e-06)
1.507000e+04	lowerWall	(-9.200054e-02 0.000000e+00 -6.089213e-06)	(-9.105172e-02 0.000000e+00 7.330200e-06)
1.508000e+04	lowerWall	(-9.199363e-02 0.000000e+00 -6.081399e-06)	(-9.104570e-02 0.000000e+00 7.321665e-06)
1.509000e+04	lowerWall	(-9.198674e-02 0.000000e+00 -6.073592e-06)	(-9.103970e-02 0.000000e+00 7.313139e-06)
1.510000e+04	lowerWall	(-9.197986e-02 0.000000e+00 -6.065792e-06)	(-9.103370e-02 0.000000e+00 7.304623e-06)
1.511000e+04	lowerWall	(-9.197299e-02 0.000000e+00 -6.057998e-06)	(-9.102772e-02 0.000000e+00 7.296116e-06)
1.512000e+04	lowerWall	(-9.196613e-02 0.000000e+00 -6.050212e-06)	(-9.102174e-02 0.000000e+00 7.287618e-06)
1.513000e+04	lowerWall	(-9.195928e-02 0.000000e+00 -6.042432e-06)	(-9.101578e-02 0.000000e+00 7.279129e-06)
1.514000e+04	lowerWall	(-9.195244e-02 0.000000e+00 -6.034660e-06)	(-9.100982e-02 0.000000e+00 7.270650e-06)
1.515000e+04	lowerWall	(-9.194561e-02 0.000000e+00 -6.026895e-06)	(-9.100388e-02 0.000000e+00 7.262180e-06)
1.516000e+04	lowerWall	(-9.193879e-02 0.000000e+00 -6.019137e-06)	(-9.099794e-02 0.000000e+00 7.253719e-06)
1.517000e+04	lowerWall	(-9.193198e-02 0.000000e+00 -6.011387e-06)	(-9.099201e-02 0.000000e+00 7.245268e-06)
1.518000e+04	lowerWall	(-9.192518e-02 0.000000e+00 -6.003646e-06)	(-9.098610e-02 0.000000e+00 7.236826e-06)
1.519000e+04	lowerWall	(-9.191839e-02 0.000000e+00 -5.995912e-06)	(-9.098019e-02 0.000000e+00 7.228393e-06)
1.520000e+04	lowerWall	(-9.191162e-02 0.000000e+00 -5.988189e-06)	(-9.097429e-02 0.000000e+00 7.219970e-06)
1.521000e+04	lowerWall	(-9.190485e-02 0.000000e+00 -5.980473e-06)	(-9.096840e-02 0.000000e+00 7.211556e-06)
1.522000e+04	lowerWall	(-9.189809e-02 0.000000e+00 -5.972762e-06)	(-9.096252e-02 0.000000e+00 7.203151e-06)
1.523000e+04	lowerWall	(-9.189134e-02 0.000000e+00 -5.965055e-06)	(-9.095665e-02 0.000000e+00 7.194755e-06)
1.524000e+04	lowerWall	(-9.188461e-02 0.000000e+00 -5.957354e-06)	(-9.095079e-02 0.000000e+00 7.186369e-06)
1.525000e+04	lowerWall	(-9.187788e-02 0.000000e+00 -5.949657e-06)	(-9.094494e-02 0.000000e+00 7.177992e-06)
1.526000e+04	lowerWall	(-9.187116e-02 0.000000e+00 -5.941967e-06)	(-9.093910e-02 0.000000e+00 7.169623e-06)
1.527000e+04	lowerWall	(-9.186446e-02 0.000000e+00 -5.934283e-06)	(-9.093326e-02 0.000000e+00 7.161264e-06)
1.528000e+04	lowerWall	(-9.185776e-02 0.000000e+00 -5.926604e-06)	(-9.092744e-02 0.000000e+00 7.152914e-06)
1.529000e+04	lowerWall	(-9.185107e-02 0.000000e+00 -5.918932e-06)	(-9.092163e-02 0.000000e+00 7.144573e-06)
1.530000e+04	lowerWall	(-9.184440e-02 0.000000e+00 -5.911266e-06)	(-9.091582e-02 0.000000e+00 7.136241e-06)
1.531000e+04	lowerWall	(-9.183773e-02 0.000000e+00 -5.903607e-06)	(-9.091003e-02 0.000000e+00 7.127918e-06)
1.532000e+04	lowerWall	(-9.183107e-02 0.000000e+00 -5.895954e-06)	(-9.090424e-02 0.000000e+00 7.119605e-06)
1.533000e+04	lowerWall	(-9.182443e-02 0.000000e+00 -5.888307e-06)	(-9.089846e-02 0.000000e+00 7.111300e-06)
1.534000e+04	lowerWall	(-9.181779e-02 0.000000e+00 -5.880668e-06)	(-9.089269e-02 0.000000e+00 7.103005e-06)
1.535000e+04	lowerWall	(-9.181116e-02 0.000000e+00 -5.873033e-06)	(-9.088694e-02 0.000000e+00 7.094719e-06)
1.536000e+04	lowerWall	(-9.180455e-02 0.000000e+00 -5.865400e-06)	(-9.088119e-02 0.000000e+00 7.086442e-06)
1.537000e+04	lowerWall	(-9.179794e-02 0.000000e+00 -5.857769e-06)	(-9.087545e-02 0.000000e+00 7.078173e-06)
1.538000e+04	lowerWall	(-9.179135e-02 0.000000e+00 -5.850139e-06)	(-9.086972e-02 0.000000e+00 7.069914e-06)
1.539000e+04	lowerWall	(-9.178476e-02 0.000000e+00 -5.842523e-06)	(-9.086399e-02 0.000000e+00 7.061664e-06)
1.540000e+04	lowerWall	(-9.177818e-02 0.000000e+00 -5.834919e-06)	(-9.085828e-02 0.000000e+00 7.053423e-06)
1.541000e+04	lowerWall	(-9.177162e-02 0.000000e+00 -5.827315e-06)	(-9.085258e-02 0.000000e+00 7.045191e-06)
1.542000e+04	lowerWall	(-9.176506e-02 0.000000e+00 -5.819713e-06)	(-9.084688e-02 0.000000e+00 7.036967e-06)
1.543000e+04	lowerWall	(-9.175851e-02 0.000000e+00 -5.812118e-06)	(-9.084120e-02 0.000000e+00 7.028753e-06)
1.544000e+04	lowerWall	(-9.175198e-02 0.000000e+00 -5.804528e-06)	(-9.083552e-02 0.000000e+00 7.020549e-06)
1.545000e+04	lowerWall	(-9.174545e-02 0.000000e+00 -5.796946e-06)	(-9.082985e-02 0.000000e+00 7.012353e-06)
1.546000e+04	lowerWall	(-9.173893e-02 0.000000e+00 -5.789370e-06)	(-9.082420e-02 0.000000e+00 7.004166e-06)
1.547000e+04	lowerWall	(-9.173242e-02 0.000000e+00 -5.781802e-06)	(-9.081855e-02 0.000000e+00 6.995989e-06)
1.548000e+04	lowerWall	(-9.172593e-02 0.000000e+00 -5.774240e-06)	(-9.081291e-02 0.000000e+00 6.987821e-06)
1.549000e+04	lowerWall	(-9.171944e-02 0.000000e+00 -5.766687e-06)	(-9.080728e-02 0.000000e+00 6.979661e-06)
1.550000e+04	lowerWall	(-9.171296e-02 0.000000e+00 -5.759146e-06)	(-9.080165e-02 0.000000e+00 6.971511e-06)
1.551000e+04	lowerWall	(-9.170649e-02 0.000000e+00 -5.751604e-06)	(-9.079604e-02 0.000000e+00 6.963370e-06)
1.552000e+04	lowerWall	(-9.170003e-02 0.000000e+00 -5.744065e-06)	(-9.079044e-02 0.000000e+00 6.955238e-06)
1.553000e+04	lowerWall	(-9.169358e-02 0.000000e+00 -5.736532e-06)	(-9.078484e-02 0.000000e+00 6.947115e-06)
1.554000e+04	lowerWall	(-9.168714e-02 0.000000e+00 -5.729008e-06)	(-9.077925e-02 0.000000e+00 6.939001e-06)
1.555000e+04	lowerWall	(-9.168071e-02 0.000000e+00 -5.721493e-06)	(-9.077368e-02 0.000000e+00 6.930896e-06)
1.556000e+04	lowerWall	(-9.167429e-02 0.000000e+00 -5.713985e-06)	(-9.076811e-02 0.000000e+00 6.922800e-06)
1.557000e+04	lowerWall	(-9.166788e-02 0.000000e+00 -5.706484e-06)	(-9.076255e-02 0.000000e+00 6.914713e-06)
1.558000e+04	lowerWall	(-9.166148e-02 0.000000e+00 -5.698989e-06)	(-9.075700e-02 0.000000e+00 6.906636e-06)
1.559000e+04	lowerWall	(-9.165509e-02 0.000000e+00 -5.691502e-06)	(-9.075145e-02 0.000000e+00 6.898567e-06)
1.560000e+04	lowerWall	(-9.164870e-02 0.000000e+00 -5.684021e-06)	(-9.074592e-02 0.000000e+00 6.890506e-06)
1.561000e+04	lowerWall	(-9.164233e-02 0.000000e+00 -5.676548e-06)	(-9.074039e-02 0.000000e+00 6.882455e-06)
1.562000e+04	lowerWall	(-9.163597e-02 0.000000e+00 -5.669081e-06)	(-9.073488e-02 0.000000e+00 6.874412e-06)
1.563000e+04	lowerWall	(-9.162961e-02 0.000000e+00 -5.661624e-06)	(-9.072937e-02 0.000000e+00 6.866378e-06)
1.564000e+04	lowerWall	(-9.162327e-02 0.000000e+00 -5.654168e-06)	(-9.072387e-02 0.000000e+00 6.858354e-06)
1.565000e+04	lowerWall	(-9.161693e-02 0.000000e+00 -5.646721e-06)	(-9.071838e-02 0.000000e+00 6.850338e-06)
1.566000e+04	lowerWall	(-9.161061e-02 0.000000e+00 -5.639281e-06)	(-9.071290e-02 0.000000e+00 6.842330e-06)
1.567000e+04	lowerWall	(-9.160429e-02 0.000000e+00 -5.631848e-06)	(-9.070743e-02 0.000000e+00 6.834332e-06)
1.568000e+04	lowerWall	(-9.159798e-02 0.000000e+00 -5.624422e-06)	(-9.070196e-02 0.000000e+00 6.826343e-06)
1.569000e+04	lowerWall	(-9.159169e-02 0.000000e+00 -5.617003e-06)	(-9.069651e-02 0.000000e+00 6.818362e-06)
1.570000e+04	lowerWall	(-9.158540e-02 0.000000e+00 -5.609590e-06)	(-9.069106e-02 0.000000e+00 6.810391e-06)
1.571000e+04	lowerWall	(-9.157912e-02 0.000000e+00 -5.602185e-06)	(-9.068562e-02 0.000000e+00 6.802428e-06)
1.572000e+04	lowerWall	(-9.157285e-02 0.000000e+00 -5.594786e-06)	(-9.068019e-02 0.000000e+00 6.794474e-06)
1.573000e+04	lowerWall	(-9.156659e-02 0.000000e+00 -5.587394e-06)	(-9.067477e-02 0.000000e+00 6.786528e-06)
1.574000e+04	lowerWall	(-9.156034e-02 0.000000e+00 -5.580009e-06)	(-9.066936e-02 0.000000e+00 6.778592e-06)
1.575000e+04	lowerWall	(-9.155409e-02 0.000000e+00 -5.572627e-06)	(-9.066396e-02 0.000000e+00 6.770665e-06)
1.576000e+04	lowerWall	(-9.154786e-02 0.000000e+00 -5.565258e-06)	(-9.065856e-02 0.000000e+00 6.762746e-06)
1.577000e+04	lowerWall	(-9.154164e-02 0.000000e+00 -5.557895e-06)	(-9.065318e-02 0.000000e+00 6.754836e-06)
1.578000e+04	lowerWall	(-9.153542e-02 0.000000e+00 -5.550537e-06)	(-9.064780e-02 0.000000e+00 6.746935e-06)
1.579000e+04	lowerWall	(-9.152922e-02 0.000000e+00 -5.543187e-06)	(-9.064243e-02 0.000000e+00 6.739042e-06)
1.580000e+04	lowerWall	(-9.152302e-02 0.000000e+00 -5.535843e-06)	(-9.063707e-02 0.000000e+00 6.731158e-06)
1.581000e+04	lowerWall	(-9.151684e-02 0.000000e+00 -5.528505e-06)	(-9.063171e-02 0.000000e+00 6.723283e-06)
1.582000e+04	lowerWall	(-9.151066e-02 0.000000e+00 -5.521175e-06)	(-9.062637e-02 0.000000e+00 6.715417e-06)
1.583000e+04	lowerWall	(-9.150449e-02 0.000000e+00 -5.513851e-06)	(-9.062103e-02 0.000000e+00 6.707560e-06)
1.584000e+04	lowerWall	(-9.149833e-02 0.000000e+00 -5.506534e-06)	(-9.061570e-02 0.000000e+00 6.699711e-06)
1.585000e+04	lowerWall	(-9.149218e-02 0.000000e+00 -5.499224e-06)	(-9.061038e-02 0.000000e+00 6.691871e-06)
1.586000e+04	lowerWall	(-9.148604e-02 0.000000e+00 -5.491920e-06)	(-9.060507e-02 0.000000e+00 6.684040e-06)
1.587000e+04	lowerWall	(-9.147991e-02 0.000000e+00 -5.484620e-06)	(-9.059977e-02 0.000000e+00 6.676217e-06)
1.588000e+04	lowerWall	(-9.147379e-02 0.000000e+00 -5.477327e-06)	(-9.059448e-02 0.000000e+00 6.668403e-06)
1.589000e+04	lowerWall	(-9.146767e-02 0.000000e+00 -5.470048e-06)	(-9.058919e-02 0.000000e+00 6.660598e-06)
1.590000e+04	lowerWall	(-9.146157e-02 0.000000e+00 -5.462773e-06)	(-9.058391e-02 0.000000e+00 6.652802e-06)
1.591000e+04	lowerWall	(-9.145547e-02 0.000000e+00 -5.455504e-06)	(-9.057864e-02 0.000000e+00 6.645014e-06)
1.592000e+04	lowerWall	(-9.144938e-02 0.000000e+00 -5.448242e-06)	(-9.057338e-02 0.000000e+00 6.637235e-06)
1.593000e+04	lowerWall	(-9.144331e-02 0.000000e+00 -5.440987e-06)	(-9.056813e-02 0.000000e+00 6.629465e-06)
1.594000e+04	lowerWall	(-9.143724e-02 0.000000e+00 -5.433738e-06)	(-9.056288e-02 0.000000e+00 6.621703e-06)
1.595000e+04	lowerWall	(-9.143118e-02 0.000000e+00 -5.426496e-06)	(-9.055765e-02 0.000000e+00 6.613950e-06)
1.596000e+04	lowerWall	(-9.142512e-02 0.000000e+00 -5.419261e-06)	(-9.055242e-02 0.000000e+00 6.606206e-06)
1.597000e+04	lowerWall	(-9.141908e-02 0.000000e+00 -5.412032e-06)	(-9.054720e-02 0.000000e+00 6.598470e-06)
1.598000e+04	lowerWall	(-9.141305e-02 0.000000e+00 -5.404811e-06)	(-9.054199e-02 0.000000e+00 6.590743e-06)
1.599000e+04	lowerWall	(-9.140702e-02 0.000000e+00 -5.397598e-06)	(-9.053678e-02 0.000000e+00 6.583024e-06)
1.600000e+04	lowerWall	(-9.140101e-02 0.000000e+00 -5.390396e-06)	(-9.053159e-02 0.000000e+00 6.575314e-06)
1.601000e+04	lowerWall	(-9.139500e-02 0.000000e+00 -5.383193e-06)	(-9.052640e-02 0.000000e+00 6.567613e-06)
1.602000e+04	lowerWall	(-9.138900e-02 0.000000e+00 -5.375993e-06)	(-9.052122e-02 0.000000e+00 6.559920e-06)
1.603000e+04	lowerWall	(-9.138301e-02 0.000000e+00 -5.368802e-06)	(-9.051605e-02 0.000000e+00 6.552236e-06)
1.604000e+04	lowerWall	(-9.137703e-02 0.000000e+00 -5.361618e-06)	(-9.051089e-02 0.000000e+00 6.544560e-06)
1.605000e+04	lowerWall	(-9.137106e-02 0.000000e+00 -5.354442e-06)	(-9.050573e-02 0.000000e+00 6.536893e-06)
1.606000e+04	lowerWall	(-9.136510e-02 0.000000e+00 -5.347272e-06)	(-9.050058e-02 0.000000e+00 6.529234e-06)
1.607000e+04	lowerWall	(-9.135914e-02 0.000000e+00 -5.340110e-06)	(-9.049544e-02 0.000000e+00 6.521584e-06)
1.608000e+04	lowerWall	(-9.135320e-02 0.000000e+00 -5.332956e-06)	(-9.049031e-02 0.000000e+00 6.513943e-06)
1.609000e+04	lowerWall	(-9.134726e-02 0.000000e+00 -5.325811e-06)	(-9.048519e-02 0.000000e+00 6.506310e-06)
1.610000e+04	lowerWall	(-9.134133e-02 0.000000e+00 -5.318675e-06)	(-9.048008e-02 0.000000e+00 6.498685e-06)
1.611000e+04	lowerWall	(-9.133541e-02 0.000000e+00 -5.311552e-06)	(-9.047497e-02 0.000000e+00 6.491069e-06)
1.612000e+04	lowerWall	(-9.132950e-02 0.000000e+00 -5.304419e-06)	(-9.046987e-02 0.000000e+00 6.483461e-06)
1.613000e+04	lowerWall	(-9.132360e-02 0.000000e+00 -5.297289e-06)	(-9.046478e-02 0.000000e+00 6.476125e-06)
1.614000e+04	lowerWall	(-9.131771e-02 0.000000e+00 -5.290162e-06)	(-9.045969e-02 0.000000e+00 6.468830e-06)
1.615000e+04	lowerWall	(-9.131182e-02 0.000000e+00 -5.283040e-06)	(-9.045462e-02 0.000000e+00 6.461542e-06)
1.616000e+04	lowerWall	(-9.130595e-02 0.000000e+00 -5.275907e-06)	(-9.044955e-02 0.000000e+00 6.454263e-06)
1.617000e+04	lowerWall	(-9.130008e-02 0.000000e+00 -5.268787e-06)	(-9.044449e-02 0.000000e+00 6.446990e-06)
1.618000e+04	lowerWall	(-9.129422e-02 0.000000e+00 -5.261677e-06)	(-9.043944e-02 0.000000e+00 6.439725e-06)
1.619000e+04	lowerWall	(-9.128837e-02 0.000000e+00 -5.254578e-06)	(-9.043440e-02 0.000000e+00 6.432467e-06)
1.620000e+04	lowerWall	(-9.128253e-02 0.000000e+00 -5.247490e-06)	(-9.042936e-02 0.000000e+00 6.425216e-06)
1.621000e+04	lowerWall	(-9.127670e-02 0.000000e+00 -5.240411e-06)	(-9.042433e-02 0.000000e+00 6.417973e-06)
1.622000e+04	lowerWall	(-9.127087e-02 0.000000e+00 -5.233343e-06)	(-9.041931e-02 0.000000e+00 6.410736e-06)
1.623000e+04	lowerWall	(-9.126506e-02 0.000000e+00 -5.226283e-06)	(-9.041430e-02 0.000000e+00 6.403508e-06)
1.624000e+04	lowerWall	(-9.125925e-02 0.000000e+00 -5.219232e-06)	(-9.040929e-02 0.000000e+00 6.396286e-06)
1.625000e+04	lowerWall	(-9.125345e-02 0.000000e+00 -5.212192e-06)	(-9.040430e-02 0.000000e+00 6.389072e-06)
1.626000e+04	lowerWall	(-9.124766e-02 0.000000e+00 -5.205167e-06)	(-9.039931e-02 0.000000e+00 6.381865e-06)
1.627000e+04	lowerWall	(-9.124187e-02 0.000000e+00 -5.198129e-06)	(-9.039433e-02 0.000000e+00 6.374667e-06)
1.628000e+04	lowerWall	(-9.123610e-02 0.000000e+00 -5.191098e-06)	(-9.038935e-02 0.000000e+00 6.367476e-06)
1.629000e+04	lowerWall	(-9.123033e-02 0.000000e+00 -5.184078e-06)	(-9.038438e-02 0.000000e+00 6.360292e-06)
1.630000e+04	lowerWall	(-9.122458e-02 0.000000e+00 -5.177066e-06)	(-9.037943e-02 0.000000e+00 6.353116e-06)
1.631000e+04	lowerWall	(-9.121883e-02 0.000000e+00 -5.170062e-06)	(-9.037448e-02 0.000000e+00 6.345947e-06)
1.632000e+04	lowerWall	(-9.121309e-02 0.000000e+00 -5.163064e-06)	(-9.036953e-02 0.000000e+00 6.338785e-06)
1.633000e+04	lowerWall	(-9.120735e-02 0.000000e+00 -5.156072e-06)	(-9.036460e-02 0.000000e+00 6.331630e-06)
1.634000e+04	lowerWall	(-9.120163e-02 0.000000e+00 -5.149086e-06)	(-9.035967e-02 0.000000e+00 6.324483e-06)
1.635000e+04	lowerWall	(-9.119592e-02 0.000000e+00 -5.142106e-06)	(-9.035475e-02 0.000000e+00 6.317344e-06)
1.636000e+04	lowerWall	(-9.119021e-02 0.000000e+00 -5.135131e-06)	(-9.034984e-02 0.000000e+00 6.310211e-06)
1.637000e+04	lowerWall	(-9.118451e-02 0.000000e+00 -5.128160e-06)	(-9.034493e-02 0.000000e+00 6.303087e-06)
1.638000e+04	lowerWall	(-9.117882e-02 0.000000e+00 -5.121190e-06)	(-9.034003e-02 0.000000e+00 6.295969e-06)
1.639000e+04	lowerWall	(-9.117314e-02 0.000000e+00 -5.114238e-06)	(-9.033514e-02 0.000000e+00 6.288859e-06)
1.640000e+04	lowerWall	(-9.116746e-02 0.000000e+00 -5.107309e-06)	(-9.033026e-02 0.000000e+00 6.281754e-06)
1.641000e+04	lowerWall	(-9.116179e-02 0.000000e+00 -5.100386e-06)	(-9.032539e-02 0.000000e+00 6.274657e-06)
1.642000e+04	lowerWall	(-9.115614e-02 0.000000e+00 -5.093472e-06)	(-9.032052e-02 0.000000e+00 6.267567e-06)
1.643000e+04	lowerWall	(-9.115049e-02 0.000000e+00 -5.086589e-06)	(-9.031566e-02 0.000000e+00 6.260483e-06)
1.644000e+04	lowerWall	(-9.114484e-02 0.000000e+00 -5.079698e-06)	(-9.031081e-02 0.000000e+00 6.253407e-06)
1.645000e+04	lowerWall	(-9.113921e-02 0.000000e+00 -5.072806e-06)	(-9.030596e-02 0.000000e+00 6.246339e-06)
1.646000e+04	lowerWall	(-9.113358e-02 0.000000e+00 -5.065916e-06)	(-9.030112e-02 0.000000e+00 6.239279e-06)
1.647000e+04	lowerWall	(-9.112797e-02 0.000000e+00 -5.059029e-06)	(-9.029629e-02 0.000000e+00 6.232226e-06)
1.648000e+04	lowerWall	(-9.112236e-02 0.000000e+00 -5.052144e-06)	(-9.029147e-02 0.000000e+00 6.225181e-06)
1.649000e+04	lowerWall	(-9.111675e-02 0.000000e+00 -5.045263e-06)	(-9.028666e-02 0.000000e+00 6.218143e-06)
1.650000e+04	lowerWall	(-9.111116e-02 0.000000e+00 -5.038383e-06)	(-9.028185e-02 0.000000e+00 6.211112e-06)
1.651000e+04	lowerWall	(-9.110558e-02 0.000000e+00 -5.031507e-06)	(-9.027705e-02 0.000000e+00 6.204089e-06)
1.652000e+04	lowerWall	(-9.110000e-02 0.000000e+00 -5.024633e-06)	(-9.027225e-02 0.000000e+00 6.197073e-06)
1.653000e+04	lowerWall	(-9.109443e-02 0.000000e+00 -5.017761e-06)	(-9.026747e-02 0.000000e+00 6.190065e-06)
1.654000e+04	lowerWall	(-9.108887e-02 0.000000e+00 -5.010907e-06)	(-9.026269e-02 0.000000e+00 6.183063e-06)
1.655000e+04	lowerWall	(-9.108332e-02 0.000000e+00 -5.004079e-06)	(-9.025792e-02 0.000000e+00 6.176067e-06)
1.656000e+04	lowerWall	(-9.107777e-02 0.000000e+00 -4.997286e-06)	(-9.025316e-02 0.000000e+00 6.169075e-06)
1.657000e+04	lowerWall	(-9.107223e-02 0.000000e+00 -4.990482e-06)	(-9.024840e-02 0.000000e+00 6.162093e-06)
1.658000e+04	lowerWall	(-9.106670e-02 0.000000e+00 -4.983678e-06)	(-9.024365e-02 0.000000e+00 6.155118e-06)
1.659000e+04	lowerWall	(-9.106118e-02 0.000000e+00 -4.976874e-06)	(-9.023891e-02 0.000000e+00 6.148150e-06)
1.660000e+04	lowerWall	(-9.105567e-02 0.000000e+00 -4.970074e-06)	(-9.023417e-02 0.000000e+00 6.141191e-06)
1.661000e+04	lowerWall	(-9.105018e-02 0.000000e+00 -4.963277e-06)	(-9.022945e-02 0.000000e+00 6.134238e-06)
1.662000e+04	lowerWall	(-9.104471e-02 0.000000e+00 -4.956485e-06)	(-9.022473e-02 0.000000e+00 6.127293e-06)
1.663000e+04	lowerWall	(-9.103925e-02 0.000000e+00 -4.949699e-06)	(-9.022001e-02 0.000000e+00 6.120354e-06)
1.664000e+04	lowerWall	(-9.103379e-02 0.000000e+00 -4.942917e-06)	(-9.021531e-02 0.000000e+00 6.113424e-06)
1.665000e+04	lowerWall	(-9.102834e-02 0.000000e+00 -4.936141e-06)	(-9.021061e-02 0.000000e+00 6.106500e-06)
1.666000e+04	lowerWall	(-9.102290e-02 0.000000e+00 -4.929371e-06)	(-9.020592e-02 0.000000e+00 6.099584e-06)
1.667000e+04	lowerWall	(-9.101747e-02 0.000000e+00 -4.922607e-06)	(-9.020124e-02 0.000000e+00 6.092674e-06)
1.668000e+04	lowerWall	(-9.101205e-02 0.000000e+00 -4.915847e-06)	(-9.019656e-02 0.000000e+00 6.085773e-06)
1.669000e+04	lowerWall	(-9.100663e-02 0.000000e+00 -4.909095e-06)	(-9.019189e-02 0.000000e+00 6.078878e-06)
1.670000e+04	lowerWall	(-9.100122e-02 0.000000e+00 -4.902349e-06)	(-9.018723e-02 0.000000e+00 6.071990e-06)
1.671000e+04	lowerWall	(-9.099582e-02 0.000000e+00 -4.895609e-06)	(-9.018257e-02 0.000000e+00 6.065110e-06)
1.672000e+04	lowerWall	(-9.099043e-02 0.000000e+00 -4.888875e-06)	(-9.017792e-02 0.000000e+00 6.058236e-06)
1.673000e+04	lowerWall	(-9.098504e-02 0.000000e+00 -4.882147e-06)	(-9.017328e-02 0.000000e+00 6.051370e-06)
1.674000e+04	lowerWall	(-9.097967e-02 0.000000e+00 -4.875426e-06)	(-9.016865e-02 0.000000e+00 6.044511e-06)
1.675000e+04	lowerWall	(-9.097430e-02 0.000000e+00 -4.868710e-06)	(-9.016402e-02 0.000000e+00 6.037659e-06)
1.676000e+04	lowerWall	(-9.096893e-02 0.000000e+00 -4.862001e-06)	(-9.015940e-02 0.000000e+00 6.030815e-06)
1.677000e+04	lowerWall	(-9.096358e-02 0.000000e+00 -4.855298e-06)	(-9.015479e-02 0.000000e+00 6.023978e-06)
1.678000e+04	lowerWall	(-9.095823e-02 0.000000e+00 -4.848601e-06)	(-9.015018e-02 0.000000e+00 6.017147e-06)
1.679000e+04	lowerWall	(-9.095289e-02 0.000000e+00 -4.841911e-06)	(-9.014558e-02 0.000000e+00 6.010324e-06)
1.680000e+04	lowerWall	(-9.094756e-02 0.000000e+00 -4.835227e-06)	(-9.014099e-02 0.000000e+00 6.003508e-06)
1.681000e+04	lowerWall	(-9.094224e-02 0.000000e+00 -4.828549e-06)	(-9.013641e-02 0.000000e+00 5.996699e-06)
1.682000e+04	lowerWall	(-9.093692e-02 0.000000e+00 -4.821876e-06)	(-9.013183e-02 0.000000e+00 5.989898e-06)
1.683000e+04	lowerWall	(-9.093161e-02 0.000000e+00 -4.815210e-06)	(-9.012726e-02 0.000000e+00 5.983103e-06)
1.684000e+04	lowerWall	(-9.092631e-02 0.000000e+00 -4.808554e-06)	(-9.012269e-02 0.000000e+00 5.976315e-06)
1.685000e+04	lowerWall	(-9.092102e-02 0.000000e+00 -4.801904e-06)	(-9.011814e-02 0.000000e+00 5.969534e-06)
1.686000e+04	lowerWall	(-9.091573e-02 0.000000e+00 -4.795259e-06)	(-9.011359e-02 0.000000e+00 5.962761e-06)
1.687000e+04	lowerWall	(-9.091045e-02 0.000000e+00 -4.788621e-06)	(-9.010904e-02 0.000000e+00 5.955994e-06)
1.688000e+04	lowerWall	(-9.090518e-02 0.000000e+00 -4.781989e-06)	(-9.010451e-02 0.000000e+00 5.949235e-06)
1.689000e+04	lowerWall	(-9.089992e-02 0.000000e+00 -4.775364e-06)	(-9.009998e-02 0.000000e+00 5.942483e-06)
1.690000e+04	lowerWall	(-9.089466e-02 0.000000e+00 -4.768745e-06)	(-9.009546e-02 0.000000e+00 5.935737e-06)
1.691000e+04	lowerWall	(-9.088941e-02 0.000000e+00 -4.762132e-06)	(-9.009094e-02 0.000000e+00 5.928999e-06)
1.692000e+04	lowerWall	(-9.088417e-02 0.000000e+00 -4.755525e-06)	(-9.008643e-02 0.000000e+00 5.922268e-06)
1.693000e+04	lowerWall	(-9.087894e-02 0.000000e+00 -4.748925e-06)	(-9.008193e-02 0.000000e+00 5.915544e-06)
1.694000e+04	lowerWall	(-9.087371e-02 0.000000e+00 -4.742331e-06)	(-9.007743e-02 0.000000e+00 5.908826e-06)
1.695000e+04	lowerWall	(-9.086849e-02 0.000000e+00 -4.735744e-06)	(-9.007295e-02 0.000000e+00 5.902116e-06)
1.696000e+04	lowerWall	(-9.086328e-02 0.000000e+00 -4.729163e-06)	(-9.006846e-02 0.000000e+00 5.895413e-06)
1.697000e+04	lowerWall	(-9.085808e-02 0.000000e+00 -4.722588e-06)	(-9.006399e-02 0.000000e+00 5.888718e-06)
1.698000e+04	lowerWall	(-9.085288e-02 0.000000e+00 -4.716019e-06)	(-9.005952e-02 0.000000e+00 5.882029e-06)
1.699000e+04	lowerWall	(-9.084769e-02 0.000000e+00 -4.709454e-06)	(-9.005506e-02 0.000000e+00 5.875347e-06)
1.700000e+04	lowerWall	(-9.084251e-02 0.000000e+00 -4.702901e-06)	(-9.005061e-02 0.000000e+00 5.868672e-06)
1.701000e+04	lowerWall	(-9.083733e-02 0.000000e+00 -4.696354e-06)	(-9.004616e-02 0.000000e+00 5.862004e-06)
1.702000e+04	lowerWall	(-9.083216e-02 0.000000e+00 -4.689813e-06)	(-9.004172e-02 0.000000e+00 5.855343e-06)
1.703000e+04	lowerWall	(-9.082700e-02 0.000000e+00 -4.683278e-06)	(-9.003728e-02 0.000000e+00 5.848689e-06)
1.704000e+04	lowerWall	(-9.082185e-02 0.000000e+00 -4.676749e-06)	(-9.003286e-02 0.000000e+00 5.842042e-06)
1.705000e+04	lowerWall	(-9.081671e-02 0.000000e+00 -4.670227e-06)	(-9.002844e-02 0.000000e+00 5.835402e-06)
1.706000e+04	lowerWall	(-9.081157e-02 0.000000e+00 -4.663711e-06)	(-9.002402e-02 0.000000e+00 5.828769e-06)
1.707000e+04	lowerWall	(-9.080644e-02 0.000000e+00 -4.657202e-06)	(-9.001961e-02 0.000000e+00 5.822143e-06)
1.708000e+04	lowerWall	(-9.080131e-02 0.000000e+00 -4.650699e-06)	(-9.001521e-02 0.000000e+00 5.815524e-06)
1.709000e+04	lowerWall	(-9.079620e-02 0.000000e+00 -4.644202e-06)	(-9.001082e-02 0.000000e+00 5.808911e-06)
1.710000e+04	lowerWall	(-9.079109e-02 0.000000e+00 -4.637712e-06)	(-9.000643e-02 0.000000e+00 5.802306e-06)
1.711000e+04	lowerWall	(-9.078599e-02 0.000000e+00 -4.631228e-06)	(-9.000205e-02 0.000000e+00 5.795708e-06)
1.712000e+04	lowerWall	(-9.078089e-02 0.000000e+00 -4.624751e-06)	(-8.999768e-02 0.000000e+00 5.789116e-06)
1.713000e+04	lowerWall	(-9.077580e-02 0.000000e+00 -4.618280e-06)	(-8.999331e-02 0.000000e+00 5.782532e-06)
1.714000e+04	lowerWall	(-9.077072e-02 0.000000e+00 -4.611816e-06)	(-8.998895e-02 0.000000e+00 5.775955e-06)
1.715000e+04	lowerWall	(-9.076565e-02 0.000000e+00 -4.605358e-06)	(-8.998459e-02 0.000000e+00 5.769384e-06)
1.716000e+04	lowerWall	(-9.076058e-02 0.000000e+00 -4.598906e-06)	(-8.998024e-02 0.000000e+00 5.762821e-06)
1.717000e+04	lowerWall	(-9.075552e-02 0.000000e+00 -4.592461e-06)	(-8.997590e-02 0.000000e+00 5.756264e-06)
1.718000e+04	lowerWall	(-9.075047e-02 0.000000e+00 -4.586022e-06)	(-8.997157e-02 0.000000e+00 5.749714e-06)
1.719000e+04	lowerWall	(-9.074543e-02 0.000000e+00 -4.579591e-06)	(-8.996724e-02 0.000000e+00 5.743172e-06)
1.720000e+04	lowerWall	(-9.074039e-02 0.000000e+00 -4.573166e-06)	(-8.996292e-02 0.000000e+00 5.736636e-06)
1.721000e+04	lowerWall	(-9.073536e-02 0.000000e+00 -4.566748e-06)	(-8.995860e-02 0.000000e+00 5.730107e-06)
1.722000e+04	lowerWall	(-9.073034e-02 0.000000e+00 -4.560337e-06)	(-8.995429e-02 0.000000e+00 5.723585e-06)
1.723000e+04	lowerWall	(-9.072532e-02 0.000000e+00 -4.553932e-06)	(-8.994999e-02 0.000000e+00 5.717069e-06)
1.724000e+04	lowerWall	(-9.072031e-02 0.000000e+00 -4.547534e-06)	(-8.994570e-02 0.000000e+00 5.710561e-06)
1.725000e+04	lowerWall	(-9.071531e-02 0.000000e+00 -4.541142e-06)	(-8.994141e-02 0.000000e+00 5.704060e-06)
1.726000e+04	lowerWall	(-9.071030e-02 0.000000e+00 -4.533810e-06)	(-8.993713e-02 0.000000e+00 5.697044e-06)
1.727000e+04	lowerWall	(-9.070529e-02 0.000000e+00 -4.525596e-06)	(-8.993290e-02 0.000000e+00 5.689739e-06)
1.728000e+04	lowerWall	(-9.070028e-02 0.000000e+00 -4.516291e-06)	(-8.992872e-02 0.000000e+00 5.681950e-06)
1.729000e+04	lowerWall	(-9.069527e-02 0.000000e+00 -4.507159e-06)	(-8.992456e-02 0.000000e+00 5.674268e-06)
1.730000e+04	lowerWall	(-9.069028e-02 0.000000e+00 -4.498298e-06)	(-8.992039e-02 0.000000e+00 5.666703e-06)
1.731000e+04	lowerWall	(-9.068529e-02 0.000000e+00 -4.489680e-06)	(-8.991623e-02 0.000000e+00 5.659245e-06)
1.732000e+04	lowerWall	(-9.068031e-02 0.000000e+00 -4.481278e-06)	(-8.991206e-02 0.000000e+00 5.651883e-06)
1.733000e+04	lowerWall	(-9.067534e-02 0.000000e+00 -4.473066e-06)	(-8.990790e-02 0.000000e+00 5.644604e-06)
1.734000e+04	lowerWall	(-9.067038e-02 0.000000e+00 -4.465021e-06)	(-8.990374e-02 0.000000e+00 5.637401e-06)
1.735000e+04	lowerWall	(-9.066543e-02 0.000000e+00 -4.457123e-06)	(-8.989958e-02 0.000000e+00 5.630265e-06)
1.736000e+04	lowerWall	(-9.066048e-02 0.000000e+00 -4.449356e-06)	(-8.989543e-02 0.000000e+00 5.623189e-06)
1.737000e+04	lowerWall	(-9.065553e-02 0.000000e+00 -4.440665e-06)	(-8.989129e-02 0.000000e+00 5.615644e-06)
1.738000e+04	lowerWall	(-9.065054e-02 0.000000e+00 -4.430994e-06)	(-8.988721e-02 0.000000e+00 5.607608e-06)
1.739000e+04	lowerWall	(-9.064559e-02 0.000000e+00 -4.420717e-06)	(-8.988316e-02 0.000000e+00 5.599436e-06)
1.740000e+04	lowerWall	(-9.064065e-02 0.000000e+00 -4.410787e-06)	(-8.987911e-02 0.000000e+00 5.591416e-06)
1.741000e+04	lowerWall	(-9.063572e-02 0.000000e+00 -4.401179e-06)	(-8.987506e-02 0.000000e+00 5.583535e-06)
1.742000e+04	lowerWall	(-9.063079e-02 0.000000e+00 -4.391851e-06)	(-8.987100e-02 0.000000e+00 5.575779e-06)
1.743000e+04	lowerWall	(-9.062588e-02 0.000000e+00 -4.382769e-06)	(-8.986695e-02 0.000000e+00 5.568134e-06)
1.744000e+04	lowerWall	(-9.062097e-02 0.000000e+00 -4.373906e-06)	(-8.986290e-02 0.000000e+00 5.560588e-06)
1.745000e+04	lowerWall	(-9.061607e-02 0.000000e+00 -4.365236e-06)	(-8.985885e-02 0.000000e+00 5.553130e-06)
1.746000e+04	lowerWall	(-9.061118e-02 0.000000e+00 -4.356738e-06)	(-8.985480e-02 0.000000e+00 5.545751e-06)
1.747000e+04	lowerWall	(-9.060629e-02 0.000000e+00 -4.348393e-06)	(-8.985075e-02 0.000000e+00 5.538443e-06)
1.748000e+04	lowerWall	(-9.060142e-02 0.000000e+00 -4.340184e-06)	(-8.984670e-02 0.000000e+00 5.531199e-06)
1.749000e+04	lowerWall	(-9.059655e-02 0.000000e+00 -4.332097e-06)	(-8.984265e-02 0.000000e+00 5.524011e-06)
1.750000e+04	lowerWall	(-9.059169e-02 0.000000e+00 -4.324120e-06)	(-8.983861e-02 0.000000e+00 5.516876e-06)
1.751000e+04	lowerWall	(-9.058684e-02 0.000000e+00 -4.316242e-06)	(-8.983457e-02 0.000000e+00 5.509788e-06)
1.752000e+04	lowerWall	(-9.058200e-02 0.000000e+00 -4.308453e-06)	(-8.983053e-02 0.000000e+00 5.502744e-06)
1.753000e+04	lowerWall	(-9.057716e-02 0.000000e+00 -4.300745e-06)	(-8.982650e-02 0.000000e+00 5.495739e-06)
1.754000e+04	lowerWall	(-9.057233e-02 0.000000e+00 -4.293112e-06)	(-8.982247e-02 0.000000e+00 5.488771e-06)
1.755000e+04	lowerWall	(-9.056751e-02 0.000000e+00 -4.285547e-06)	(-8.981844e-02 0.000000e+00 5.481836e-06)
1.756000e+04	lowerWall	(-9.056269e-02 0.000000e+00 -4.278039e-06)	(-8.981442e-02 0.000000e+00 5.474933e-06)
1.757000e+04	lowerWall	(-9.055789e-02 0.000000e+00 -4.270583e-06)	(-8.981040e-02 0.000000e+00 5.468059e-06)
1.758000e+04	lowerWall	(-9.055309e-02 0.000000e+00 -4.263177e-06)	(-8.980638e-02 0.000000e+00 5.461212e-06)
1.759000e+04	lowerWall	(-9.054829e-02 0.000000e+00 -4.255818e-06)	(-8.980237e-02 0.000000e+00 5.454391e-06)
1.760000e+04	lowerWall	(-9.054351e-02 0.000000e+00 -4.248511e-06)	(-8.979837e-02 0.000000e+00 5.447594e-06)
1.761000e+04	lowerWall	(-9.053873e-02 0.000000e+00 -4.241252e-06)	(-8.979436e-02 0.000000e+00 5.440820e-06)
1.762000e+04	lowerWall	(-9.053396e-02 0.000000e+00 -4.234025e-06)	(-8.979037e-02 0.000000e+00 5.434068e-06)
1.763000e+04	lowerWall	(-9.052919e-02 0.000000e+00 -4.226835e-06)	(-8.978637e-02 0.000000e+00 5.427336e-06)
1.764000e+04	lowerWall	(-9.052444e-02 0.000000e+00 -4.219681e-06)	(-8.978238e-02 0.000000e+00 5.420624e-06)
1.765000e+04	lowerWall	(-9.051969e-02 0.000000e+00 -4.212562e-06)	(-8.977840e-02 0.000000e+00 5.413931e-06)
1.766000e+04	lowerWall	(-9.051494e-02 0.000000e+00 -4.205477e-06)	(-8.977442e-02 0.000000e+00 5.407256e-06)
1.767000e+04	lowerWall	(-9.051021e-02 0.000000e+00 -4.198423e-06)	(-8.977044e-02 0.000000e+00 5.400598e-06)
1.768000e+04	lowerWall	(-9.050548e-02 0.000000e+00 -4.191401e-06)	(-8.976647e-02 0.000000e+00 5.393957e-06)
1.769000e+04	lowerWall	(-9.050075e-02 0.000000e+00 -4.184408e-06)	(-8.976251e-02 0.000000e+00 5.387332e-06)
1.770000e+04	lowerWall	(-9.049604e-02 0.000000e+00 -4.177445e-06)	(-8.975855e-02 0.000000e+00 5.380722e-06)
1.771000e+04	lowerWall	(-9.049133e-02 0.000000e+00 -4.170512e-06)	(-8.975459e-02 0.000000e+00 5.374128e-06)
1.772000e+04	lowerWall	(-9.048663e-02 0.000000e+00 -4.163600e-06)	(-8.975064e-02 0.000000e+00 5.367548e-06)
1.773000e+04	lowerWall	(-9.048193e-02 0.000000e+00 -4.156707e-06)	(-8.974669e-02 0.000000e+00 5.360983e-06)
1.774000e+04	lowerWall	(-9.047724e-02 0.000000e+00 -4.149839e-06)	(-8.974275e-02 0.000000e+00 5.354431e-06)
1.775000e+04	lowerWall	(-9.047256e-02 0.000000e+00 -4.142996e-06)	(-8.973882e-02 0.000000e+00 5.347892e-06)
1.776000e+04	lowerWall	(-9.046788e-02 0.000000e+00 -4.136175e-06)	(-8.973489e-02 0.000000e+00 5.341367e-06)
1.777000e+04	lowerWall	(-9.046321e-02 0.000000e+00 -4.129376e-06)	(-8.973096e-02 0.000000e+00 5.334855e-06)
1.778000e+04	lowerWall	(-9.045855e-02 0.000000e+00 -4.122598e-06)	(-8.972704e-02 0.000000e+00 5.328355e-06)
1.779000e+04	lowerWall	(-9.045390e-02 0.000000e+00 -4.115841e-06)	(-8.972312e-02 0.000000e+00 5.321867e-06)
1.780000e+04	lowerWall	(-9.044925e-02 0.000000e+00 -4.109103e-06)	(-8.971921e-02 0.000000e+00 5.315391e-06)
1.781000e+04	lowerWall	(-9.044461e-02 0.000000e+00 -4.102385e-06)	(-8.971531e-02 0.000000e+00 5.308927e-06)
1.782000e+04	lowerWall	(-9.043997e-02 0.000000e+00 -4.095685e-06)	(-8.971141e-02 0.000000e+00 5.302474e-06)
1.783000e+04	lowerWall	(-9.043534e-02 0.000000e+00 -4.089005e-06)	(-8.970751e-02 0.000000e+00 5.296033e-06)
1.784000e+04	lowerWall	(-9.043072e-02 0.000000e+00 -4.082345e-06)	(-8.970362e-02 0.000000e+00 5.289603e-06)
1.785000e+04	lowerWall	(-9.042610e-02 0.000000e+00 -4.075697e-06)	(-8.969974e-02 0.000000e+00 5.283184e-06)
1.786000e+04	lowerWall	(-9.042149e-02 0.000000e+00 -4.069069e-06)	(-8.969586e-02 0.000000e+00 5.276775e-06)
1.787000e+04	lowerWall	(-9.041689e-02 0.000000e+00 -4.062457e-06)	(-8.969199e-02 0.000000e+00 5.270377e-06)
1.788000e+04	lowerWall	(-9.041229e-02 0.000000e+00 -4.055862e-06)	(-8.968812e-02 0.000000e+00 5.263990e-06)
1.789000e+04	lowerWall	(-9.040770e-02 0.000000e+00 -4.049283e-06)	(-8.968425e-02 0.000000e+00 5.257613e-06)
1.790000e+04	lowerWall	(-9.040312e-02 0.000000e+00 -4.042720e-06)	(-8.968040e-02 0.000000e+00 5.251246e-06)
1.791000e+04	lowerWall	(-9.039854e-02 0.000000e+00 -4.036173e-06)	(-8.967654e-02 0.000000e+00 5.244889e-06)
1.792000e+04	lowerWall	(-9.039397e-02 0.000000e+00 -4.029641e-06)	(-8.967269e-02 0.000000e+00 5.238596e-06)
1.793000e+04	lowerWall	(-9.038941e-02 0.000000e+00 -4.023124e-06)	(-8.966885e-02 0.000000e+00 5.232548e-06)
1.794000e+04	lowerWall	(-9.038485e-02 0.000000e+00 -4.016621e-06)	(-8.966501e-02 0.000000e+00 5.226509e-06)
1.795000e+04	lowerWall	(-9.038030e-02 0.000000e+00 -4.010131e-06)	(-8.966118e-02 0.000000e+00 5.220477e-06)
1.796000e+04	lowerWall	(-9.037575e-02 0.000000e+00 -4.003654e-06)	(-8.965735e-02 0.000000e+00 5.214454e-06)
1.797000e+04	lowerWall	(-9.037121e-02 0.000000e+00 -3.997197e-06)	(-8.965353e-02 0.000000e+00 5.208438e-06)
1.798000e+04	lowerWall	(-9.036668e-02 0.000000e+00 -3.990753e-06)	(-8.964972e-02 0.000000e+00 5.202430e-06)
1.799000e+04	lowerWall	(-9.036215e-02 0.000000e+00 -3.984321e-06)	(-8.964591e-02 0.000000e+00 5.196431e-06)
1.800000e+04	lowerWall	(-9.035763e-02 0.000000e+00 -3.977903e-06)	(-8.964210e-02 0.000000e+00 5.190439e-06)
1.801000e+04	lowerWall	(-9.035312e-02 0.000000e+00 -3.971499e-06)	(-8.963830e-02 0.000000e+00 5.184455e-06)
1.802000e+04	lowerWall	(-9.034861e-02 0.000000e+00 -3.965107e-06)	(-8.963450e-02 0.000000e+00 5.178478e-06)
1.803000e+04	lowerWall	(-9.034411e-02 0.000000e+00 -3.958729e-06)	(-8.963071e-02 0.000000e+00 5.172509e-06)
1.804000e+04	lowerWall	(-9.033962e-02 0.000000e+00 -3.952363e-06)	(-8.962693e-02 0.000000e+00 5.166548e-06)
1.805000e+04	lowerWall	(-9.033513e-02 0.000000e+00 -3.946010e-06)	(-8.962315e-02 0.000000e+00 5.160594e-06)
1.806000e+04	lowerWall	(-9.033065e-02 0.000000e+00 -3.939668e-06)	(-8.961937e-02 0.000000e+00 5.154648e-06)
1.807000e+04	lowerWall	(-9.032617e-02 0.000000e+00 -3.933339e-06)	(-8.961560e-02 0.000000e+00 5.148709e-06)
1.808000e+04	lowerWall	(-9.032170e-02 0.000000e+00 -3.927019e-06)	(-8.961184e-02 0.000000e+00 5.142777e-06)
1.809000e+04	lowerWall	(-9.031724e-02 0.000000e+00 -3.920718e-06)	(-8.960808e-02 0.000000e+00 5.136853e-06)
1.810000e+04	lowerWall	(-9.031278e-02 0.000000e+00 -3.914427e-06)	(-8.960433e-02 0.000000e+00 5.130936e-06)
1.811000e+04	lowerWall	(-9.030833e-02 0.000000e+00 -3.908147e-06)	(-8.960058e-02 0.000000e+00 5.125026e-06)
1.812000e+04	lowerWall	(-9.030389e-02 0.000000e+00 -3.901879e-06)	(-8.959684e-02 0.000000e+00 5.119123e-06)
1.813000e+04	lowerWall	(-9.029945e-02 0.000000e+00 -3.895622e-06)	(-8.959310e-02 0.000000e+00 5.113228e-06)
1.814000e+04	lowerWall	(-9.029501e-02 0.000000e+00 -3.889377e-06)	(-8.958937e-02 0.000000e+00 5.107339e-06)
1.815000e+04	lowerWall	(-9.029059e-02 0.000000e+00 -3.883143e-06)	(-8.958564e-02 0.000000e+00 5.101458e-06)
1.816000e+04	lowerWall	(-9.028617e-02 0.000000e+00 -3.876920e-06)	(-8.958192e-02 0.000000e+00 5.095584e-06)
1.817000e+04	lowerWall	(-9.028175e-02 0.000000e+00 -3.870708e-06)	(-8.957820e-02 0.000000e+00 5.089717e-06)
1.818000e+04	lowerWall	(-9.027735e-02 0.000000e+00 -3.864509e-06)	(-8.957449e-02 0.000000e+00 5.083857e-06)
1.819000e+04	lowerWall	(-9.027294e-02 0.000000e+00 -3.858327e-06)	(-8.957078e-02 0.000000e+00 5.078003e-06)
1.820000e+04	lowerWall	(-9.026855e-02 0.000000e+00 -3.852148e-06)	(-8.956708e-02 0.000000e+00 5.072156e-06)
1.821000e+04	lowerWall	(-9.026416e-02 0.000000e+00 -3.845975e-06)	(-8.956338e-02 0.000000e+00 5.066316e-06)
1.822000e+04	lowerWall	(-9.025977e-02 0.000000e+00 -3.839803e-06)	(-8.955969e-02 0.000000e+00 5.060483e-06)
1.823000e+04	lowerWall	(-9.025540e-02 0.000000e+00 -3.833645e-06)	(-8.955601e-02 0.000000e+00 5.054657e-06)
1.824000e+04	lowerWall	(-9.025103e-02 0.000000e+00 -3.827501e-06)	(-8.955233e-02 0.000000e+00 5.048838e-06)
1.825000e+04	lowerWall	(-9.024666e-02 0.000000e+00 -3.821370e-06)	(-8.954865e-02 0.000000e+00 5.043025e-06)
1.826000e+04	lowerWall	(-9.024230e-02 0.000000e+00 -3.815250e-06)	(-8.954498e-02 0.000000e+00 5.037218e-06)
1.827000e+04	lowerWall	(-9.023795e-02 0.000000e+00 -3.809142e-06)	(-8.954132e-02 0.000000e+00 5.031419e-06)
1.828000e+04	lowerWall	(-9.023360e-02 0.000000e+00 -3.803047e-06)	(-8.953766e-02 0.000000e+00 5.025626e-06)
1.829000e+04	lowerWall	(-9.022926e-02 0.000000e+00 -3.796964e-06)	(-8.953400e-02 0.000000e+00 5.019839e-06)
1.830000e+04	lowerWall	(-9.022492e-02 0.000000e+00 -3.790897e-06)	(-8.953035e-02 0.000000e+00 5.014059e-06)
1.831000e+04	lowerWall	(-9.022059e-02 0.000000e+00 -3.784830e-06)	(-8.952671e-02 0.000000e+00 5.008286e-06)
1.832000e+04	lowerWall	(-9.021627e-02 0.000000e+00 -3.778759e-06)	(-8.952307e-02 0.000000e+00 5.002520e-06)
1.833000e+04	lowerWall	(-9.021195e-02 0.000000e+00 -3.772694e-06)	(-8.951944e-02 0.000000e+00 4.996761e-06)
1.834000e+04	lowerWall	(-9.020764e-02 0.000000e+00 -3.766637e-06)	(-8.951581e-02 0.000000e+00 4.991008e-06)
1.835000e+04	lowerWall	(-9.020333e-02 0.000000e+00 -3.760569e-06)	(-8.951218e-02 0.000000e+00 4.985262e-06)
1.836000e+04	lowerWall	(-9.019904e-02 0.000000e+00 -3.754518e-06)	(-8.950856e-02 0.000000e+00 4.979522e-06)
1.837000e+04	lowerWall	(-9.019474e-02 0.000000e+00 -3.748486e-06)	(-8.950495e-02 0.000000e+00 4.973789e-06)
1.838000e+04	lowerWall	(-9.019045e-02 0.000000e+00 -3.742471e-06)	(-8.950134e-02 0.000000e+00 4.968061e-06)
1.839000e+04	lowerWall	(-9.018617e-02 0.000000e+00 -3.736471e-06)	(-8.949774e-02 0.000000e+00 4.962341e-06)
1.840000e+04	lowerWall	(-9.018190e-02 0.000000e+00 -3.730486e-06)	(-8.949414e-02 0.000000e+00 4.956626e-06)
1.841000e+04	lowerWall	(-9.017762e-02 0.000000e+00 -3.724513e-06)	(-8.949055e-02 0.000000e+00 4.950918e-06)
1.842000e+04	lowerWall	(-9.017336e-02 0.000000e+00 -3.718551e-06)	(-8.948696e-02 0.000000e+00 4.945217e-06)
1.843000e+04	lowerWall	(-9.016910e-02 0.000000e+00 -3.712599e-06)	(-8.948337e-02 0.000000e+00 4.939522e-06)
1.844000e+04	lowerWall	(-9.016485e-02 0.000000e+00 -3.706653e-06)	(-8.947980e-02 0.000000e+00 4.933834e-06)
1.845000e+04	lowerWall	(-9.016060e-02 0.000000e+00 -3.700722e-06)	(-8.947622e-02 0.000000e+00 4.928152e-06)
1.846000e+04	lowerWall	(-9.015636e-02 0.000000e+00 -3.694814e-06)	(-8.947265e-02 0.000000e+00 4.922476e-06)
1.847000e+04	lowerWall	(-9.015212e-02 0.000000e+00 -3.688909e-06)	(-8.946909e-02 0.000000e+00 4.916807e-06)
1.848000e+04	lowerWall	(-9.014789e-02 0.000000e+00 -3.683012e-06)	(-8.946553e-02 0.000000e+00 4.911144e-06)
1.849000e+04	lowerWall	(-9.014367e-02 0.000000e+00 -3.677121e-06)	(-8.946198e-02 0.000000e+00 4.905488e-06)
1.850000e+04	lowerWall	(-9.013945e-02 0.000000e+00 -3.671237e-06)	(-8.945843e-02 0.000000e+00 4.899838e-06)
1.851000e+04	lowerWall	(-9.013524e-02 0.000000e+00 -3.665360e-06)	(-8.945489e-02 0.000000e+00 4.894194e-06)
1.852000e+04	lowerWall	(-9.013103e-02 0.000000e+00 -3.659489e-06)	(-8.945135e-02 0.000000e+00 4.888556e-06)
1.853000e+04	lowerWall	(-9.012683e-02 0.000000e+00 -3.653624e-06)	(-8.944782e-02 0.000000e+00 4.882925e-06)
1.854000e+04	lowerWall	(-9.012264e-02 0.000000e+00 -3.647765e-06)	(-8.944429e-02 0.000000e+00 4.877300e-06)
1.855000e+04	lowerWall	(-9.011845e-02 0.000000e+00 -3.641909e-06)	(-8.944077e-02 0.000000e+00 4.871682e-06)
1.856000e+04	lowerWall	(-9.011426e-02 0.000000e+00 -3.636057e-06)	(-8.943725e-02 0.000000e+00 4.866070e-06)
1.857000e+04	lowerWall	(-9.011009e-02 0.000000e+00 -3.630251e-06)	(-8.943373e-02 0.000000e+00 4.860462e-06)
1.858000e+04	lowerWall	(-9.010591e-02 0.000000e+00 -3.624450e-06)	(-8.943023e-02 0.000000e+00 4.854860e-06)
1.859000e+04	lowerWall	(-9.010175e-02 0.000000e+00 -3.618656e-06)	(-8.942672e-02 0.000000e+00 4.849265e-06)
1.860000e+04	lowerWall	(-9.009758e-02 0.000000e+00 -3.612907e-06)	(-8.942323e-02 0.000000e+00 4.843673e-06)
1.861000e+04	lowerWall	(-9.009343e-02 0.000000e+00 -3.607151e-06)	(-8.941973e-02 0.000000e+00 4.838089e-06)
1.862000e+04	lowerWall	(-9.008928e-02 0.000000e+00 -3.601394e-06)	(-8.941624e-02 0.000000e+00 4.832512e-06)
1.863000e+04	lowerWall	(-9.008513e-02 0.000000e+00 -3.595639e-06)	(-8.941276e-02 0.000000e+00 4.826941e-06)
1.864000e+04	lowerWall	(-9.008099e-02 0.000000e+00 -3.589887e-06)	(-8.940928e-02 0.000000e+00 4.821377e-06)
1.865000e+04	lowerWall	(-9.007686e-02 0.000000e+00 -3.584140e-06)	(-8.940581e-02 0.000000e+00 4.815818e-06)
1.866000e+04	lowerWall	(-9.007273e-02 0.000000e+00 -3.578398e-06)	(-8.940234e-02 0.000000e+00 4.810266e-06)
1.867000e+04	lowerWall	(-9.006861e-02 0.000000e+00 -3.572661e-06)	(-8.939888e-02 0.000000e+00 4.804720e-06)
1.868000e+04	lowerWall	(-9.006450e-02 0.000000e+00 -3.565004e-06)	(-8.939553e-02 0.000000e+00 4.798807e-06)
1.869000e+04	lowerWall	(-9.006039e-02 0.000000e+00 -3.559648e-06)	(-8.939204e-02 0.000000e+00 4.793331e-06)
1.870000e+04	lowerWall	(-9.005628e-02 0.000000e+00 -3.554086e-06)	(-8.938859e-02 0.000000e+00 4.787836e-06)
1.871000e+04	lowerWall	(-9.005218e-02 0.000000e+00 -3.548555e-06)	(-8.938514e-02 0.000000e+00 4.782341e-06)
1.872000e+04	lowerWall	(-9.004809e-02 0.000000e+00 -3.543017e-06)	(-8.938169e-02 0.000000e+00 4.776848e-06)
1.873000e+04	lowerWall	(-9.004400e-02 0.000000e+00 -3.537458e-06)	(-8.937825e-02 0.000000e+00 4.771359e-06)
1.874000e+04	lowerWall	(-9.003991e-02 0.000000e+00 -3.531887e-06)	(-8.937482e-02 0.000000e+00 4.765873e-06)
1.875000e+04	lowerWall	(-9.003584e-02 0.000000e+00 -3.526308e-06)	(-8.937139e-02 0.000000e+00 4.760391e-06)
1.876000e+04	lowerWall	(-9.003176e-02 0.000000e+00 -3.520724e-06)	(-8.936797e-02 0.000000e+00 4.754913e-06)
1.877000e+04	lowerWall	(-9.002770e-02 0.000000e+00 -3.515138e-06)	(-8.936455e-02 0.000000e+00 4.749438e-06)
1.878000e+04	lowerWall	(-9.002364e-02 0.000000e+00 -3.509553e-06)	(-8.936114e-02 0.000000e+00 4.743968e-06)
1.879000e+04	lowerWall	(-9.001958e-02 0.000000e+00 -3.503967e-06)	(-8.935773e-02 0.000000e+00 4.738503e-06)
1.880000e+04	lowerWall	(-9.001553e-02 0.000000e+00 -3.498384e-06)	(-8.935433e-02 0.000000e+00 4.733042e-06)
1.881000e+04	lowerWall	(-9.001149e-02 0.000000e+00 -3.492803e-06)	(-8.935093e-02 0.000000e+00 4.727587e-06)
1.882000e+04	lowerWall	(-9.000745e-02 0.000000e+00 -3.487226e-06)	(-8.934754e-02 0.000000e+00 4.722136e-06)
1.883000e+04	lowerWall	(-9.000341e-02 0.000000e+00 -3.481655e-06)	(-8.934415e-02 0.000000e+00 4.716690e-06)
1.884000e+04	lowerWall	(-8.999938e-02 0.000000e+00 -3.476081e-06)	(-8.934077e-02 0.000000e+00 4.711250e-06)
1.885000e+04	lowerWall	(-8.999537e-02 0.000000e+00 -3.470515e-06)	(-8.933739e-02 0.000000e+00 4.705815e-06)
1.886000e+04	lowerWall	(-8.999137e-02 0.000000e+00 -3.464955e-06)	(-8.933402e-02 0.000000e+00 4.700386e-06)
1.887000e+04	lowerWall	(-8.998738e-02 0.000000e+00 -3.457780e-06)	(-8.933073e-02 0.000000e+00 4.694635e-06)
1.888000e+04	lowerWall	(-8.998341e-02 0.000000e+00 -3.447208e-06)	(-8.932790e-02 0.000000e+00 4.688510e-06)
1.889000e+04	lowerWall	(-8.997943e-02 0.000000e+00 -3.442252e-06)	(-8.932425e-02 0.000000e+00 4.682914e-06)
1.890000e+04	lowerWall	(-8.997546e-02 0.000000e+00 -3.433818e-06)	(-8.932107e-02 0.000000e+00 4.676928e-06)
1.891000e+04	lowerWall	(-8.997150e-02 0.000000e+00 -3.424195e-06)	(-8.931819e-02 0.000000e+00 4.670998e-06)
1.892000e+04	lowerWall	(-8.996754e-02 0.000000e+00 -3.416432e-06)	(-8.931497e-02 0.000000e+00 4.665152e-06)
1.893000e+04	lowerWall	(-8.996359e-02 0.000000e+00 -3.408892e-06)	(-8.931175e-02 0.000000e+00 4.659356e-06)
1.894000e+04	lowerWall	(-8.995964e-02 0.000000e+00 -3.403172e-06)	(-8.930819e-02 0.000000e+00 4.653637e-06)
1.895000e+04	lowerWall	(-8.995570e-02 0.000000e+00 -3.396274e-06)	(-8.930494e-02 0.000000e+00 4.647976e-06)
1.896000e+04	lowerWall	(-8.995177e-02 0.000000e+00 -3.387474e-06)	(-8.930181e-02 0.000000e+00 4.641950e-06)
1.897000e+04	lowerWall	(-8.994783e-02 0.000000e+00 -3.381029e-06)	(-8.929855e-02 0.000000e+00 4.636388e-06)
1.898000e+04	lowerWall	(-8.994391e-02 0.000000e+00 -3.372741e-06)	(-8.929540e-02 0.000000e+00 4.630478e-06)
1.899000e+04	lowerWall	(-8.993999e-02 0.000000e+00 -3.364656e-06)	(-8.929225e-02 0.000000e+00 4.624601e-06)
1.900000e+04	lowerWall	(-8.993607e-02 0.000000e+00 -3.357026e-06)	(-8.928908e-02 0.000000e+00 4.618826e-06)
1.901000e+04	lowerWall	(-8.993217e-02 0.000000e+00 -3.346045e-06)	(-8.928634e-02 0.000000e+00 4.612677e-06)
1.902000e+04	lowerWall	(-8.992826e-02 0.000000e+00 -3.340418e-06)	(-8.928283e-02 0.000000e+00 4.607017e-06)
1.903000e+04	lowerWall	(-8.992436e-02 0.000000e+00 -3.333502e-06)	(-8.927963e-02 0.000000e+00 4.601397e-06)
1.904000e+04	lowerWall	(-8.992047e-02 0.000000e+00 -3.323127e-06)	(-8.927688e-02 0.000000e+00 4.595384e-06)
1.905000e+04	lowerWall	(-8.991658e-02 0.000000e+00 -3.318271e-06)	(-8.927334e-02 0.000000e+00 4.589887e-06)
1.906000e+04	lowerWall	(-8.991270e-02 0.000000e+00 -3.310118e-06)	(-8.927023e-02 0.000000e+00 4.584036e-06)
1.907000e+04	lowerWall	(-8.990882e-02 0.000000e+00 -3.300257e-06)	(-8.926724e-02 0.000000e+00 4.577857e-06)
1.908000e+04	lowerWall	(-8.990495e-02 0.000000e+00 -3.292746e-06)	(-8.926410e-02 0.000000e+00 4.572131e-06)
1.909000e+04	lowerWall	(-8.990109e-02 0.000000e+00 -3.281848e-06)	(-8.926142e-02 0.000000e+00 4.566045e-06)
1.910000e+04	lowerWall	(-8.989723e-02 0.000000e+00 -3.276587e-06)	(-8.925791e-02 0.000000e+00 4.560490e-06)
1.911000e+04	lowerWall	(-8.989338e-02 0.000000e+00 -3.264462e-06)	(-8.925532e-02 0.000000e+00 4.554165e-06)
1.912000e+04	lowerWall	(-8.988952e-02 0.000000e+00 -3.259770e-06)	(-8.925179e-02 0.000000e+00 4.548732e-06)
1.913000e+04	lowerWall	(-8.988568e-02 0.000000e+00 -3.248130e-06)	(-8.924918e-02 0.000000e+00 4.542515e-06)
1.914000e+04	lowerWall	(-8.988183e-02 0.000000e+00 -3.243860e-06)	(-8.924564e-02 0.000000e+00 4.537176e-06)
1.915000e+04	lowerWall	(-8.987800e-02 0.000000e+00 -3.232600e-06)	(-8.924302e-02 0.000000e+00 4.531045e-06)
1.916000e+04	lowerWall	(-8.987417e-02 0.000000e+00 -3.228656e-06)	(-8.923948e-02 0.000000e+00 4.525782e-06)
1.917000e+04	lowerWall	(-8.987035e-02 0.000000e+00 -3.217698e-06)	(-8.923685e-02 0.000000e+00 4.519721e-06)
1.918000e+04	lowerWall	(-8.986652e-02 0.000000e+00 -3.210458e-06)	(-8.923375e-02 0.000000e+00 4.514107e-06)
1.919000e+04	lowerWall	(-8.986271e-02 0.000000e+00 -3.205268e-06)	(-8.923030e-02 0.000000e+00 4.508614e-06)
1.920000e+04	lowerWall	(-8.985890e-02 0.000000e+00 -3.196575e-06)	(-8.922731e-02 0.000000e+00 4.502725e-06)
1.921000e+04	lowerWall	(-8.985509e-02 0.000000e+00 -3.188219e-06)	(-8.922430e-02 0.000000e+00 4.496908e-06)
1.922000e+04	lowerWall	(-8.985129e-02 0.000000e+00 -3.180090e-06)	(-8.922128e-02 0.000000e+00 4.491136e-06)
1.923000e+04	lowerWall	(-8.984750e-02 0.000000e+00 -3.172199e-06)	(-8.921826e-02 0.000000e+00 4.485414e-06)
1.924000e+04	lowerWall	(-8.984371e-02 0.000000e+00 -3.164484e-06)	(-8.921522e-02 0.000000e+00 4.479732e-06)
1.925000e+04	lowerWall	(-8.983993e-02 0.000000e+00 -3.153710e-06)	(-8.921260e-02 0.000000e+00 4.473737e-06)
1.926000e+04	lowerWall	(-8.983615e-02 0.000000e+00 -3.144708e-06)	(-8.920966e-02 0.000000e+00 4.467821e-06)
1.927000e+04	lowerWall	(-8.983237e-02 0.000000e+00 -3.139398e-06)	(-8.920626e-02 0.000000e+00 4.462346e-06)
1.928000e+04	lowerWall	(-8.982861e-02 0.000000e+00 -3.130859e-06)	(-8.920330e-02 0.000000e+00 4.456529e-06)
1.929000e+04	lowerWall	(-8.982484e-02 0.000000e+00 -3.122672e-06)	(-8.920032e-02 0.000000e+00 4.450857e-06)
1.930000e+04	lowerWall	(-8.982109e-02 0.000000e+00 -3.111210e-06)	(-8.919778e-02 0.000000e+00 4.445271e-06)
1.931000e+04	lowerWall	(-8.981733e-02 0.000000e+00 -3.103602e-06)	(-8.919476e-02 0.000000e+00 4.440002e-06)
1.932000e+04	lowerWall	(-8.981359e-02 0.000000e+00 -3.094275e-06)	(-8.919188e-02 0.000000e+00 4.434499e-06)
1.933000e+04	lowerWall	(-8.980984e-02 0.000000e+00 -3.087130e-06)	(-8.918884e-02 0.000000e+00 4.429306e-06)
1.934000e+04	lowerWall	(-8.980611e-02 0.000000e+00 -3.078204e-06)	(-8.918595e-02 0.000000e+00 4.423872e-06)
1.935000e+04	lowerWall	(-8.980237e-02 0.000000e+00 -3.071412e-06)	(-8.918291e-02 0.000000e+00 4.418739e-06)
1.936000e+04	lowerWall	(-8.979864e-02 0.000000e+00 -3.062926e-06)	(-8.917999e-02 0.000000e+00 4.413374e-06)
1.937000e+04	lowerWall	(-8.979492e-02 0.000000e+00 -3.054703e-06)	(-8.917706e-02 0.000000e+00 4.408049e-06)
1.938000e+04	lowerWall	(-8.979120e-02 0.000000e+00 -3.046690e-06)	(-8.917412e-02 0.000000e+00 4.402758e-06)
1.939000e+04	lowerWall	(-8.978748e-02 0.000000e+00 -3.038851e-06)	(-8.917117e-02 0.000000e+00 4.397497e-06)
1.940000e+04	lowerWall	(-8.978377e-02 0.000000e+00 -3.031237e-06)	(-8.916820e-02 0.000000e+00 4.392270e-06)
1.941000e+04	lowerWall	(-8.978007e-02 0.000000e+00 -3.021907e-06)	(-8.916537e-02 0.000000e+00 4.386810e-06)
1.942000e+04	lowerWall	(-8.977637e-02 0.000000e+00 -3.014685e-06)	(-8.916240e-02 0.000000e+00 4.381647e-06)
1.943000e+04	lowerWall	(-8.977268e-02 0.000000e+00 -3.005847e-06)	(-8.915953e-02 0.000000e+00 4.376262e-06)
1.944000e+04	lowerWall	(-8.976898e-02 0.000000e+00 -2.999156e-06)	(-8.915652e-02 0.000000e+00 4.371178e-06)
1.945000e+04	lowerWall	(-8.976530e-02 0.000000e+00 -2.990746e-06)	(-8.915364e-02 0.000000e+00 4.365863e-06)
1.946000e+04	lowerWall	(-8.976163e-02 0.000000e+00 -2.980805e-06)	(-8.915086e-02 0.000000e+00 4.360334e-06)
1.947000e+04	lowerWall	(-8.975796e-02 0.000000e+00 -2.971421e-06)	(-8.914803e-02 0.000000e+00 4.354882e-06)
1.948000e+04	lowerWall	(-8.975429e-02 0.000000e+00 -2.962357e-06)	(-8.914520e-02 0.000000e+00 4.349481e-06)
1.949000e+04	lowerWall	(-8.975063e-02 0.000000e+00 -2.953576e-06)	(-8.914235e-02 0.000000e+00 4.344126e-06)
1.950000e+04	lowerWall	(-8.974697e-02 0.000000e+00 -2.945042e-06)	(-8.913950e-02 0.000000e+00 4.338812e-06)
1.951000e+04	lowerWall	(-8.974331e-02 0.000000e+00 -2.936723e-06)	(-8.913664e-02 0.000000e+00 4.333534e-06)
1.952000e+04	lowerWall	(-8.973966e-02 0.000000e+00 -2.928597e-06)	(-8.913378e-02 0.000000e+00 4.328290e-06)
1.953000e+04	lowerWall	(-8.973602e-02 0.000000e+00 -2.920642e-06)	(-8.913091e-02 0.000000e+00 4.323074e-06)
1.954000e+04	lowerWall	(-8.973238e-02 0.000000e+00 -2.912839e-06)	(-8.912804e-02 0.000000e+00 4.317886e-06)
1.955000e+04	lowerWall	(-8.972874e-02 0.000000e+00 -2.905175e-06)	(-8.912516e-02 0.000000e+00 4.312722e-06)
1.956000e+04	lowerWall	(-8.972511e-02 0.000000e+00 -2.897635e-06)	(-8.912229e-02 0.000000e+00 4.307580e-06)
1.957000e+04	lowerWall	(-8.972148e-02 0.000000e+00 -2.890207e-06)	(-8.911941e-02 0.000000e+00 4.302459e-06)
1.958000e+04	lowerWall	(-8.971786e-02 0.000000e+00 -2.882882e-06)	(-8.911653e-02 0.000000e+00 4.297356e-06)
1.959000e+04	lowerWall	(-8.971424e-02 0.000000e+00 -2.875649e-06)	(-8.911365e-02 0.000000e+00 4.292271e-06)
1.960000e+04	lowerWall	(-8.971062e-02 0.000000e+00 -2.868502e-06)	(-8.911076e-02 0.000000e+00 4.287203e-06)
1.961000e+04	lowerWall	(-8.970701e-02 0.000000e+00 -2.861433e-06)	(-8.910788e-02 0.000000e+00 4.282149e-06)
1.962000e+04	lowerWall	(-8.970341e-02 0.000000e+00 -2.854437e-06)	(-8.910500e-02 0.000000e+00 4.277110e-06)
1.963000e+04	lowerWall	(-8.969980e-02 0.000000e+00 -2.847506e-06)	(-8.910212e-02 0.000000e+00 4.272085e-06)
1.964000e+04	lowerWall	(-8.969621e-02 0.000000e+00 -2.840629e-06)	(-8.909923e-02 0.000000e+00 4.267073e-06)
1.965000e+04	lowerWall	(-8.969262e-02 0.000000e+00 -2.833806e-06)	(-8.909635e-02 0.000000e+00 4.262073e-06)
1.966000e+04	lowerWall	(-8.968903e-02 0.000000e+00 -2.827033e-06)	(-8.909347e-02 0.000000e+00 4.257084e-06)
1.967000e+04	lowerWall	(-8.968545e-02 0.000000e+00 -2.820317e-06)	(-8.909059e-02 0.000000e+00 4.252107e-06)
1.968000e+04	lowerWall	(-8.968187e-02 0.000000e+00 -2.813652e-06)	(-8.908771e-02 0.000000e+00 4.247141e-06)
1.969000e+04	lowerWall	(-8.967829e-02 0.000000e+00 -2.807027e-06)	(-8.908484e-02 0.000000e+00 4.242184e-06)
1.970000e+04	lowerWall	(-8.967472e-02 0.000000e+00 -2.800445e-06)	(-8.908196e-02 0.000000e+00 4.237238e-06)
1.971000e+04	lowerWall	(-8.967116e-02 0.000000e+00 -2.793906e-06)	(-8.907908e-02 0.000000e+00 4.232302e-06)
1.972000e+04	lowerWall	(-8.966760e-02 0.000000e+00 -2.787408e-06)	(-8.907621e-02 0.000000e+00 4.227376e-06)
1.973000e+04	lowerWall	(-8.966404e-02 0.000000e+00 -2.780949e-06)	(-8.907334e-02 0.000000e+00 4.222458e-06)
1.974000e+04	lowerWall	(-8.966049e-02 0.000000e+00 -2.774528e-06)	(-8.907047e-02 0.000000e+00 4.217550e-06)
1.975000e+04	lowerWall	(-8.965695e-02 0.000000e+00 -2.768144e-06)	(-8.906760e-02 0.000000e+00 4.212650e-06)
1.976000e+04	lowerWall	(-8.965340e-02 0.000000e+00 -2.761796e-06)	(-8.906474e-02 0.000000e+00 4.207759e-06)
1.977000e+04	lowerWall	(-8.964984e-02 0.000000e+00 -2.760542e-06)	(-8.906139e-02 0.000000e+00 4.203379e-06)
1.978000e+04	lowerWall	(-8.964627e-02 0.000000e+00 -2.774362e-06)	(-8.905753e-02 0.000000e+00 4.200693e-06)
1.979000e+04	lowerWall	(-8.964270e-02 0.000000e+00 -2.786468e-06)	(-8.905375e-02 0.000000e+00 4.197784e-06)
1.980000e+04	lowerWall	(-8.963914e-02 0.000000e+00 -2.796763e-06)	(-8.905004e-02 0.000000e+00 4.194662e-06)
1.981000e+04	lowerWall	(-8.963559e-02 0.000000e+00 -2.805447e-06)	(-8.904640e-02 0.000000e+00 4.191353e-06)
1.982000e+04	lowerWall	(-8.963205e-02 0.000000e+00 -2.812716e-06)	(-8.904282e-02 0.000000e+00 4.187885e-06)
1.983000e+04	lowerWall	(-8.962851e-02 0.000000e+00 -2.818750e-06)	(-8.903929e-02 0.000000e+00 4.184279e-06)
1.984000e+04	lowerWall	(-8.962498e-02 0.000000e+00 -2.823711e-06)	(-8.903581e-02 0.000000e+00 4.180555e-06)
1.985000e+04	lowerWall	(-8.962146e-02 0.000000e+00 -2.827739e-06)	(-8.903237e-02 0.000000e+00 4.176730e-06)
1.986000e+04	lowerWall	(-8.961795e-02 0.000000e+00 -2.830953e-06)	(-8.902897e-02 0.000000e+00 4.172819e-06)
1.987000e+04	lowerWall	(-8.961443e-02 0.000000e+00 -2.833459e-06)	(-8.902560e-02 0.000000e+00 4.168833e-06)
1.988000e+04	lowerWall	(-8.961093e-02 0.000000e+00 -2.835345e-06)	(-8.902227e-02 0.000000e+00 4.164784e-06)
1.989000e+04	lowerWall	(-8.960743e-02 0.000000e+00 -2.836689e-06)	(-8.901897e-02 0.000000e+00 4.160678e-06)
1.990000e+04	lowerWall	(-8.960394e-02 0.000000e+00 -2.837556e-06)	(-8.901569e-02 0.000000e+00 4.156525e-06)
1.991000e+04	lowerWall	(-8.960045e-02 0.000000e+00 -2.838003e-06)	(-8.901244e-02 0.000000e+00 4.152330e-06)
1.992000e+04	lowerWall	(-8.959697e-02 0.000000e+00 -2.838082e-06)	(-8.900921e-02 0.000000e+00 4.148099e-06)
1.993000e+04	lowerWall	(-8.959349e-02 0.000000e+00 -2.837828e-06)	(-8.900600e-02 0.000000e+00 4.143837e-06)
1.994000e+04	lowerWall	(-8.959002e-02 0.000000e+00 -2.837283e-06)	(-8.900281e-02 0.000000e+00 4.139547e-06)
1.995000e+04	lowerWall	(-8.958655e-02 0.000000e+00 -2.836478e-06)	(-8.899964e-02 0.000000e+00 4.135233e-06)
1.996000e+04	lowerWall	(-8.958309e-02 0.000000e+00 -2.835440e-06)	(-8.899649e-02 0.000000e+00 4.130898e-06)
1.997000e+04	lowerWall	(-8.957963e-02 0.000000e+00 -2.834700e-06)	(-8.899336e-02 0.000000e+00 4.126544e-06)
1.998000e+04	lowerWall	(-8.957618e-02 0.000000e+00 -2.834169e-06)	(-8.899024e-02 0.000000e+00 4.122174e-06)
1.999000e+04	lowerWall	(-8.957273e-02 0.000000e+00 -2.833438e-06)	(-8.898713e-02 0.000000e+00 4.117789e-06)
2.000000e+04	lowerWall	(-8.956929e-02 0.000000e+00 -2.832527e-06)	(-8.898404e-02 0.000000e+00 4.113392e-06)
2.001000e+04	lowerWall	(-8.956585e-02 0.000000e+00 -2.831451e-06)	(-8.898096e-02 0.000000e+00 4.108984e-06)
2.002000e+04	lowerWall	(-8.956242e-02 0.000000e+00 -2.830225e-06)	(-8.897790e-02 0.000000e+00 4.104566e-06)
2.003000e+04	lowerWall	(-8.955899e-02 0.000000e+00 -2.828862e-06)	(-8.897484e-02 0.000000e+00 4.100139e-06)
2.004000e+04	lowerWall	(-8.955557e-02 0.000000e+00 -2.827372e-06)	(-8.897180e-02 0.000000e+00 4.095705e-06)
2.005000e+04	lowerWall	(-8.955215e-02 0.000000e+00 -2.825764e-06)	(-8.896877e-02 0.000000e+00 4.091263e-06)
2.006000e+04	lowerWall	(-8.954874e-02 0.000000e+00 -2.824053e-06)	(-8.896575e-02 0.000000e+00 4.086816e-06)
2.007000e+04	lowerWall	(-8.954533e-02 0.000000e+00 -2.822245e-06)	(-8.896273e-02 0.000000e+00 4.082363e-06)
2.008000e+04	lowerWall	(-8.954193e-02 0.000000e+00 -2.820345e-06)	(-8.895973e-02 0.000000e+00 4.077905e-06)
2.009000e+04	lowerWall	(-8.953853e-02 0.000000e+00 -2.818360e-06)	(-8.895674e-02 0.000000e+00 4.073444e-06)
2.010000e+04	lowerWall	(-8.953513e-02 0.000000e+00 -2.816296e-06)	(-8.895375e-02 0.000000e+00 4.068979e-06)
2.011000e+04	lowerWall	(-8.953174e-02 0.000000e+00 -2.814159e-06)	(-8.895078e-02 0.000000e+00 4.064511e-06)
2.012000e+04	lowerWall	(-8.952835e-02 0.000000e+00 -2.811953e-06)	(-8.894781e-02 0.000000e+00 4.060041e-06)
2.013000e+04	lowerWall	(-8.952497e-02 0.000000e+00 -2.809684e-06)	(-8.894485e-02 0.000000e+00 4.055568e-06)
2.014000e+04	lowerWall	(-8.952160e-02 0.000000e+00 -2.807354e-06)	(-8.894190e-02 0.000000e+00 4.051093e-06)
2.015000e+04	lowerWall	(-8.951822e-02 0.000000e+00 -2.804968e-06)	(-8.893896e-02 0.000000e+00 4.046616e-06)
2.016000e+04	lowerWall	(-8.951486e-02 0.000000e+00 -2.802528e-06)	(-8.893602e-02 0.000000e+00 4.042138e-06)
2.017000e+04	lowerWall	(-8.951149e-02 0.000000e+00 -2.800038e-06)	(-8.893310e-02 0.000000e+00 4.037660e-06)
2.018000e+04	lowerWall	(-8.950813e-02 0.000000e+00 -2.797499e-06)	(-8.893017e-02 0.000000e+00 4.033180e-06)
2.019000e+04	lowerWall	(-8.950478e-02 0.000000e+00 -2.794921e-06)	(-8.892726e-02 0.000000e+00 4.028700e-06)
2.020000e+04	lowerWall	(-8.950143e-02 0.000000e+00 -2.792299e-06)	(-8.892435e-02 0.000000e+00 4.024219e-06)
2.021000e+04	lowerWall	(-8.949809e-02 0.000000e+00 -2.789636e-06)	(-8.892145e-02 0.000000e+00 4.019738e-06)
2.022000e+04	lowerWall	(-8.949474e-02 0.000000e+00 -2.786936e-06)	(-8.891856e-02 0.000000e+00 4.015258e-06)
2.023000e+04	lowerWall	(-8.949141e-02 0.000000e+00 -2.784201e-06)	(-8.891567e-02 0.000000e+00 4.010777e-06)
2.024000e+04	lowerWall	(-8.948808e-02 0.000000e+00 -2.781431e-06)	(-8.891279e-02 0.000000e+00 4.006297e-06)
2.025000e+04	lowerWall	(-8.948475e-02 0.000000e+00 -2.778629e-06)	(-8.890992e-02 0.000000e+00 4.001818e-06)
2.026000e+04	lowerWall	(-8.948143e-02 0.000000e+00 -2.775797e-06)	(-8.890705e-02 0.000000e+00 3.997339e-06)
2.027000e+04	lowerWall	(-8.947811e-02 0.000000e+00 -2.772936e-06)	(-8.890419e-02 0.000000e+00 3.992861e-06)
2.028000e+04	lowerWall	(-8.947479e-02 0.000000e+00 -2.770049e-06)	(-8.890133e-02 0.000000e+00 3.988385e-06)
2.029000e+04	lowerWall	(-8.947148e-02 0.000000e+00 -2.767141e-06)	(-8.889848e-02 0.000000e+00 3.983909e-06)
2.030000e+04	lowerWall	(-8.946818e-02 0.000000e+00 -2.764199e-06)	(-8.889563e-02 0.000000e+00 3.979434e-06)
2.031000e+04	lowerWall	(-8.946488e-02 0.000000e+00 -2.761230e-06)	(-8.889280e-02 0.000000e+00 3.974961e-06)
2.032000e+04	lowerWall	(-8.946158e-02 0.000000e+00 -2.758231e-06)	(-8.888996e-02 0.000000e+00 3.970490e-06)
2.033000e+04	lowerWall	(-8.945829e-02 0.000000e+00 -2.755208e-06)	(-8.888713e-02 0.000000e+00 3.966020e-06)
2.034000e+04	lowerWall	(-8.945500e-02 0.000000e+00 -2.752167e-06)	(-8.888431e-02 0.000000e+00 3.961551e-06)
2.035000e+04	lowerWall	(-8.945171e-02 0.000000e+00 -2.749108e-06)	(-8.888149e-02 0.000000e+00 3.957084e-06)
2.036000e+04	lowerWall	(-8.944843e-02 0.000000e+00 -2.746033e-06)	(-8.887868e-02 0.000000e+00 3.952619e-06)
2.037000e+04	lowerWall	(-8.944516e-02 0.000000e+00 -2.742940e-06)	(-8.887588e-02 0.000000e+00 3.948156e-06)
2.038000e+04	lowerWall	(-8.944189e-02 0.000000e+00 -2.739832e-06)	(-8.887307e-02 0.000000e+00 3.943695e-06)
2.039000e+04	lowerWall	(-8.943862e-02 0.000000e+00 -2.736709e-06)	(-8.887028e-02 0.000000e+00 3.939236e-06)
2.040000e+04	lowerWall	(-8.943536e-02 0.000000e+00 -2.733574e-06)	(-8.886749e-02 0.000000e+00 3.934779e-06)
2.041000e+04	lowerWall	(-8.943210e-02 0.000000e+00 -2.730425e-06)	(-8.886470e-02 0.000000e+00 3.930324e-06)
2.042000e+04	lowerWall	(-8.942885e-02 0.000000e+00 -2.727243e-06)	(-8.886192e-02 0.000000e+00 3.925872e-06)
2.043000e+04	lowerWall	(-8.942560e-02 0.000000e+00 -2.724044e-06)	(-8.885914e-02 0.000000e+00 3.921422e-06)
2.044000e+04	lowerWall	(-8.942235e-02 0.000000e+00 -2.720829e-06)	(-8.885637e-02 0.000000e+00 3.916975e-06)
2.045000e+04	lowerWall	(-8.941911e-02 0.000000e+00 -2.717587e-06)	(-8.885361e-02 0.000000e+00 3.912531e-06)
2.046000e+04	lowerWall	(-8.941587e-02 0.000000e+00 -2.714335e-06)	(-8.885084e-02 0.000000e+00 3.908088e-06)
2.047000e+04	lowerWall	(-8.941264e-02 0.000000e+00 -2.711078e-06)	(-8.884809e-02 0.000000e+00 3.903649e-06)
2.048000e+04	lowerWall	(-8.940941e-02 0.000000e+00 -2.707815e-06)	(-8.884534e-02 0.000000e+00 3.899212e-06)
2.049000e+04	lowerWall	(-8.940619e-02 0.000000e+00 -2.704545e-06)	(-8.884259e-02 0.000000e+00 3.894778e-06)
2.050000e+04	lowerWall	(-8.940297e-02 0.000000e+00 -2.701267e-06)	(-8.883985e-02 0.000000e+00 3.890346e-06)
2.051000e+04	lowerWall	(-8.939975e-02 0.000000e+00 -2.697982e-06)	(-8.883711e-02 0.000000e+00 3.885918e-06)
2.052000e+04	lowerWall	(-8.939654e-02 0.000000e+00 -2.694687e-06)	(-8.883438e-02 0.000000e+00 3.881492e-06)
2.053000e+04	lowerWall	(-8.939333e-02 0.000000e+00 -2.691382e-06)	(-8.883165e-02 0.000000e+00 3.877070e-06)
2.054000e+04	lowerWall	(-8.939013e-02 0.000000e+00 -2.688062e-06)	(-8.882892e-02 0.000000e+00 3.872651e-06)
2.055000e+04	lowerWall	(-8.938693e-02 0.000000e+00 -2.684751e-06)	(-8.882620e-02 0.000000e+00 3.868234e-06)
2.056000e+04	lowerWall	(-8.938373e-02 0.000000e+00 -2.681445e-06)	(-8.882349e-02 0.000000e+00 3.863821e-06)
2.057000e+04	lowerWall	(-8.938054e-02 0.000000e+00 -2.678128e-06)	(-8.882078e-02 0.000000e+00 3.859410e-06)
2.058000e+04	lowerWall	(-8.937735e-02 0.000000e+00 -2.674798e-06)	(-8.881807e-02 0.000000e+00 3.855003e-06)
2.059000e+04	lowerWall	(-8.937417e-02 0.000000e+00 -2.671458e-06)	(-8.881537e-02 0.000000e+00 3.850600e-06)
2.060000e+04	lowerWall	(-8.937099e-02 0.000000e+00 -2.668106e-06)	(-8.881267e-02 0.000000e+00 3.846200e-06)
2.061000e+04	lowerWall	(-8.936782e-02 0.000000e+00 -2.664746e-06)	(-8.880998e-02 0.000000e+00 3.841804e-06)
2.062000e+04	lowerWall	(-8.936465e-02 0.000000e+00 -2.661375e-06)	(-8.880729e-02 0.000000e+00 3.837411e-06)
2.063000e+04	lowerWall	(-8.936148e-02 0.000000e+00 -2.657995e-06)	(-8.880461e-02 0.000000e+00 3.833021e-06)
2.064000e+04	lowerWall	(-8.935832e-02 0.000000e+00 -2.654605e-06)	(-8.880193e-02 0.000000e+00 3.828635e-06)
2.065000e+04	lowerWall	(-8.935516e-02 0.000000e+00 -2.651202e-06)	(-8.879925e-02 0.000000e+00 3.824253e-06)
2.066000e+04	lowerWall	(-8.935201e-02 0.000000e+00 -2.647802e-06)	(-8.879658e-02 0.000000e+00 3.819873e-06)
2.067000e+04	lowerWall	(-8.934886e-02 0.000000e+00 -2.644415e-06)	(-8.879391e-02 0.000000e+00 3.815497e-06)
2.068000e+04	lowerWall	(-8.934571e-02 0.000000e+00 -2.641022e-06)	(-8.879125e-02 0.000000e+00 3.811123e-06)
2.069000e+04	lowerWall	(-8.934257e-02 0.000000e+00 -2.637635e-06)	(-8.878859e-02 0.000000e+00 3.806753e-06)
2.070000e+04	lowerWall	(-8.933943e-02 0.000000e+00 -2.634258e-06)	(-8.878593e-02 0.000000e+00 3.802386e-06)
2.071000e+04	lowerWall	(-8.933629e-02 0.000000e+00 -2.630864e-06)	(-8.878328e-02 0.000000e+00 3.798023e-06)
2.072000e+04	lowerWall	(-8.933316e-02 0.000000e+00 -2.627457e-06)	(-8.878064e-02 0.000000e+00 3.793664e-06)
2.073000e+04	lowerWall	(-8.933004e-02 0.000000e+00 -2.624042e-06)	(-8.877800e-02 0.000000e+00 3.789309e-06)
2.074000e+04	lowerWall	(-8.932691e-02 0.000000e+00 -2.620620e-06)	(-8.877536e-02 0.000000e+00 3.784958e-06)
2.075000e+04	lowerWall	(-8.932380e-02 0.000000e+00 -2.617190e-06)	(-8.877272e-02 0.000000e+00 3.780610e-06)
2.076000e+04	lowerWall	(-8.932068e-02 0.000000e+00 -2.613754e-06)	(-8.877009e-02 0.000000e+00 3.776267e-06)
2.077000e+04	lowerWall	(-8.931757e-02 0.000000e+00 -2.610310e-06)	(-8.876747e-02 0.000000e+00 3.771928e-06)
2.078000e+04	lowerWall	(-8.931447e-02 0.000000e+00 -2.606859e-06)	(-8.876485e-02 0.000000e+00 3.767593e-06)
2.079000e+04	lowerWall	(-8.931136e-02 0.000000e+00 -2.603395e-06)	(-8.876223e-02 0.000000e+00 3.763262e-06)
2.080000e+04	lowerWall	(-8.930827e-02 0.000000e+00 -2.599968e-06)	(-8.875961e-02 0.000000e+00 3.758933e-06)
2.081000e+04	lowerWall	(-8.930517e-02 0.000000e+00 -2.596539e-06)	(-8.875700e-02 0.000000e+00 3.754607e-06)
2.082000e+04	lowerWall	(-8.930208e-02 0.000000e+00 -2.593100e-06)	(-8.875440e-02 0.000000e+00 3.750286e-06)
2.083000e+04	lowerWall	(-8.929899e-02 0.000000e+00 -2.589654e-06)	(-8.875180e-02 0.000000e+00 3.745969e-06)
2.084000e+04	lowerWall	(-8.929591e-02 0.000000e+00 -2.586203e-06)	(-8.874920e-02 0.000000e+00 3.741656e-06)
2.085000e+04	lowerWall	(-8.929283e-02 0.000000e+00 -2.582748e-06)	(-8.874660e-02 0.000000e+00 3.737348e-06)
2.086000e+04	lowerWall	(-8.928976e-02 0.000000e+00 -2.579290e-06)	(-8.874401e-02 0.000000e+00 3.733043e-06)
2.087000e+04	lowerWall	(-8.928669e-02 0.000000e+00 -2.575829e-06)	(-8.874143e-02 0.000000e+00 3.728742e-06)
2.088000e+04	lowerWall	(-8.928362e-02 0.000000e+00 -2.572366e-06)	(-8.873885e-02 0.000000e+00 3.724446e-06)
2.089000e+04	lowerWall	(-8.928056e-02 0.000000e+00 -2.568901e-06)	(-8.873627e-02 0.000000e+00 3.720153e-06)
2.090000e+04	lowerWall	(-8.927750e-02 0.000000e+00 -2.565434e-06)	(-8.873369e-02 0.000000e+00 3.715865e-06)
2.091000e+04	lowerWall	(-8.927445e-02 0.000000e+00 -2.561965e-06)	(-8.873112e-02 0.000000e+00 3.711580e-06)
2.092000e+04	lowerWall	(-8.927139e-02 0.000000e+00 -2.558498e-06)	(-8.872856e-02 0.000000e+00 3.707300e-06)
2.093000e+04	lowerWall	(-8.926835e-02 0.000000e+00 -2.555022e-06)	(-8.872599e-02 0.000000e+00 3.703024e-06)
2.094000e+04	lowerWall	(-8.926530e-02 0.000000e+00 -2.551547e-06)	(-8.872343e-02 0.000000e+00 3.698752e-06)
2.095000e+04	lowerWall	(-8.926227e-02 0.000000e+00 -2.548072e-06)	(-8.872088e-02 0.000000e+00 3.694484e-06)
2.096000e+04	lowerWall	(-8.925923e-02 0.000000e+00 -2.544597e-06)	(-8.871833e-02 0.000000e+00 3.690220e-06)
2.097000e+04	lowerWall	(-8.925620e-02 0.000000e+00 -2.541120e-06)	(-8.871578e-02 0.000000e+00 3.685960e-06)
2.098000e+04	lowerWall	(-8.925317e-02 0.000000e+00 -2.537644e-06)	(-8.871323e-02 0.000000e+00 3.681705e-06)
2.099000e+04	lowerWall	(-8.925015e-02 0.000000e+00 -2.534166e-06)	(-8.871069e-02 0.000000e+00 3.677453e-06)
2.100000e+04	lowerWall	(-8.924713e-02 0.000000e+00 -2.530689e-06)	(-8.870816e-02 0.000000e+00 3.673206e-06)
2.101000e+04	lowerWall	(-8.924411e-02 0.000000e+00 -2.527211e-06)	(-8.870562e-02 0.000000e+00 3.668963e-06)
2.102000e+04	lowerWall	(-8.924110e-02 0.000000e+00 -2.523733e-06)	(-8.870309e-02 0.000000e+00 3.664724e-06)
2.103000e+04	lowerWall	(-8.923809e-02 0.000000e+00 -2.520254e-06)	(-8.870057e-02 0.000000e+00 3.660490e-06)
2.104000e+04	lowerWall	(-8.923509e-02 0.000000e+00 -2.516776e-06)	(-8.869805e-02 0.000000e+00 3.656259e-06)
2.105000e+04	lowerWall	(-8.923209e-02 0.000000e+00 -2.513297e-06)	(-8.869553e-02 0.000000e+00 3.652033e-06)
2.106000e+04	lowerWall	(-8.922909e-02 0.000000e+00 -2.509819e-06)	(-8.869302e-02 0.000000e+00 3.647811e-06)
2.107000e+04	lowerWall	(-8.922610e-02 0.000000e+00 -2.506340e-06)	(-8.869050e-02 0.000000e+00 3.643641e-06)
2.108000e+04	lowerWall	(-8.922311e-02 0.000000e+00 -2.502862e-06)	(-8.868800e-02 0.000000e+00 3.639578e-06)
2.109000e+04	lowerWall	(-8.922012e-02 0.000000e+00 -2.499384e-06)	(-8.868549e-02 0.000000e+00 3.635518e-06)
2.110000e+04	lowerWall	(-8.921714e-02 0.000000e+00 -2.495907e-06)	(-8.868299e-02 0.000000e+00 3.631461e-06)
2.111000e+04	lowerWall	(-8.921416e-02 0.000000e+00 -2.492430e-06)	(-8.868050e-02 0.000000e+00 3.627408e-06)
2.112000e+04	lowerWall	(-8.921119e-02 0.000000e+00 -2.488953e-06)	(-8.867801e-02 0.000000e+00 3.623359e-06)
2.113000e+04	lowerWall	(-8.920823e-02 0.000000e+00 -2.485477e-06)	(-8.867552e-02 0.000000e+00 3.619313e-06)
2.114000e+04	lowerWall	(-8.920528e-02 0.000000e+00 -2.482002e-06)	(-8.867303e-02 0.000000e+00 3.615271e-06)
2.115000e+04	lowerWall	(-8.920234e-02 0.000000e+00 -2.478527e-06)	(-8.867055e-02 0.000000e+00 3.611232e-06)
2.116000e+04	lowerWall	(-8.919939e-02 0.000000e+00 -2.475053e-06)	(-8.866807e-02 0.000000e+00 3.607197e-06)
2.117000e+04	lowerWall	(-8.919645e-02 0.000000e+00 -2.471579e-06)	(-8.866560e-02 0.000000e+00 3.603166e-06)
2.118000e+04	lowerWall	(-8.919352e-02 0.000000e+00 -2.468107e-06)	(-8.866313e-02 0.000000e+00 3.599138e-06)
2.119000e+04	lowerWall	(-8.919059e-02 0.000000e+00 -2.464635e-06)	(-8.866066e-02 0.000000e+00 3.595113e-06)
2.120000e+04	lowerWall	(-8.918766e-02 0.000000e+00 -2.461164e-06)	(-8.865819e-02 0.000000e+00 3.591093e-06)
2.121000e+04	lowerWall	(-8.918473e-02 0.000000e+00 -2.457695e-06)	(-8.865573e-02 0.000000e+00 3.587076e-06)
2.122000e+04	lowerWall	(-8.918181e-02 0.000000e+00 -2.454226e-06)	(-8.865328e-02 0.000000e+00 3.583062e-06)
2.123000e+04	lowerWall	(-8.917890e-02 0.000000e+00 -2.450758e-06)	(-8.865082e-02 0.000000e+00 3.579052e-06)
2.124000e+04	lowerWall	(-8.917598e-02 0.000000e+00 -2.447290e-06)	(-8.864837e-02 0.000000e+00 3.575046e-06)
2.125000e+04	lowerWall	(-8.917307e-02 0.000000e+00 -2.443826e-06)	(-8.864593e-02 0.000000e+00 3.571043e-06)
2.126000e+04	lowerWall	(-8.917017e-02 0.000000e+00 -2.440363e-06)	(-8.864348e-02 0.000000e+00 3.567044e-06)
2.127000e+04	lowerWall	(-8.916727e-02 0.000000e+00 -2.436902e-06)	(-8.864105e-02 0.000000e+00 3.563049e-06)
2.128000e+04	lowerWall	(-8.916437e-02 0.000000e+00 -2.433442e-06)	(-8.863861e-02 0.000000e+00 3.559057e-06)
2.129000e+04	lowerWall	(-8.916147e-02 0.000000e+00 -2.429983e-06)	(-8.863618e-02 0.000000e+00 3.555069e-06)
2.130000e+04	lowerWall	(-8.915858e-02 0.000000e+00 -2.426526e-06)	(-8.863375e-02 0.000000e+00 3.551085e-06)
2.131000e+04	lowerWall	(-8.915569e-02 0.000000e+00 -2.423070e-06)	(-8.863132e-02 0.000000e+00 3.547104e-06)
2.132000e+04	lowerWall	(-8.915281e-02 0.000000e+00 -2.419615e-06)	(-8.862890e-02 0.000000e+00 3.543127e-06)
2.133000e+04	lowerWall	(-8.914993e-02 0.000000e+00 -2.416162e-06)	(-8.862648e-02 0.000000e+00 3.539154e-06)
2.134000e+04	lowerWall	(-8.914705e-02 0.000000e+00 -2.412711e-06)	(-8.862407e-02 0.000000e+00 3.535184e-06)
2.135000e+04	lowerWall	(-8.914418e-02 0.000000e+00 -2.409261e-06)	(-8.862165e-02 0.000000e+00 3.531218e-06)
2.136000e+04	lowerWall	(-8.914131e-02 0.000000e+00 -2.405813e-06)	(-8.861925e-02 0.000000e+00 3.527255e-06)
2.137000e+04	lowerWall	(-8.913844e-02 0.000000e+00 -2.402367e-06)	(-8.861684e-02 0.000000e+00 3.523297e-06)
2.138000e+04	lowerWall	(-8.913558e-02 0.000000e+00 -2.398923e-06)	(-8.861444e-02 0.000000e+00 3.519342e-06)
2.139000e+04	lowerWall	(-8.913272e-02 0.000000e+00 -2.395480e-06)	(-8.861204e-02 0.000000e+00 3.515390e-06)
2.140000e+04	lowerWall	(-8.912987e-02 0.000000e+00 -2.392040e-06)	(-8.860965e-02 0.000000e+00 3.511443e-06)
2.141000e+04	lowerWall	(-8.912702e-02 0.000000e+00 -2.388601e-06)	(-8.860726e-02 0.000000e+00 3.507499e-06)
2.142000e+04	lowerWall	(-8.912417e-02 0.000000e+00 -2.385164e-06)	(-8.860487e-02 0.000000e+00 3.503558e-06)
2.143000e+04	lowerWall	(-8.912132e-02 0.000000e+00 -2.381729e-06)	(-8.860248e-02 0.000000e+00 3.499622e-06)
2.144000e+04	lowerWall	(-8.911848e-02 0.000000e+00 -2.378296e-06)	(-8.860010e-02 0.000000e+00 3.495689e-06)
2.145000e+04	lowerWall	(-8.911565e-02 0.000000e+00 -2.374866e-06)	(-8.859772e-02 0.000000e+00 3.491760e-06)
2.146000e+04	lowerWall	(-8.911281e-02 0.000000e+00 -2.371438e-06)	(-8.859535e-02 0.000000e+00 3.487835e-06)
2.147000e+04	lowerWall	(-8.910998e-02 0.000000e+00 -2.368012e-06)	(-8.859298e-02 0.000000e+00 3.483913e-06)
2.148000e+04	lowerWall	(-8.910716e-02 0.000000e+00 -2.364588e-06)	(-8.859061e-02 0.000000e+00 3.479995e-06)
2.149000e+04	lowerWall	(-8.910433e-02 0.000000e+00 -2.361167e-06)	(-8.858824e-02 0.000000e+00 3.476081e-06)
2.150000e+04	lowerWall	(-8.910151e-02 0.000000e+00 -2.357748e-06)	(-8.858588e-02 0.000000e+00 3.472170e-06)
2.151000e+04	lowerWall	(-8.909872e-02 0.000000e+00 -2.338984e-06)	(-8.858439e-02 0.000000e+00 3.468053e-06)
2.152000e+04	lowerWall	(-8.909593e-02 0.000000e+00 -2.321392e-06)	(-8.858266e-02 0.000000e+00 3.464251e-06)
2.153000e+04	lowerWall	(-8.909313e-02 0.000000e+00 -2.305317e-06)	(-8.858087e-02 0.000000e+00 3.460478e-06)
2.154000e+04	lowerWall	(-8.909034e-02 0.000000e+00 -2.290537e-06)	(-8.857903e-02 0.000000e+00 3.456724e-06)
2.155000e+04	lowerWall	(-8.908753e-02 0.000000e+00 -2.290804e-06)	(-8.857635e-02 0.000000e+00 3.453217e-06)
2.156000e+04	lowerWall	(-8.908473e-02 0.000000e+00 -2.292503e-06)	(-8.857383e-02 0.000000e+00 3.449377e-06)
2.157000e+04	lowerWall	(-8.908193e-02 0.000000e+00 -2.293505e-06)	(-8.857133e-02 0.000000e+00 3.445520e-06)
2.158000e+04	lowerWall	(-8.907913e-02 0.000000e+00 -2.293938e-06)	(-8.856886e-02 0.000000e+00 3.441655e-06)
2.159000e+04	lowerWall	(-8.907634e-02 0.000000e+00 -2.293873e-06)	(-8.856641e-02 0.000000e+00 3.437786e-06)
2.160000e+04	lowerWall	(-8.907357e-02 0.000000e+00 -2.279637e-06)	(-8.856477e-02 0.000000e+00 3.433701e-06)
2.161000e+04	lowerWall	(-8.907080e-02 0.000000e+00 -2.264504e-06)	(-8.856297e-02 0.000000e+00 3.429929e-06)
2.162000e+04	lowerWall	(-8.906804e-02 0.000000e+00 -2.250604e-06)	(-8.856113e-02 0.000000e+00 3.426186e-06)
2.163000e+04	lowerWall	(-8.906528e-02 0.000000e+00 -2.237738e-06)	(-8.855925e-02 0.000000e+00 3.422460e-06)
2.164000e+04	lowerWall	(-8.906252e-02 0.000000e+00 -2.225783e-06)	(-8.855733e-02 0.000000e+00 3.418746e-06)
2.165000e+04	lowerWall	(-8.905976e-02 0.000000e+00 -2.214625e-06)	(-8.855540e-02 0.000000e+00 3.415040e-06)
2.166000e+04	lowerWall	(-8.905700e-02 0.000000e+00 -2.204165e-06)	(-8.855344e-02 0.000000e+00 3.411341e-06)
2.167000e+04	lowerWall	(-8.905425e-02 0.000000e+00 -2.194314e-06)	(-8.855146e-02 0.000000e+00 3.407647e-06)
2.168000e+04	lowerWall	(-8.905150e-02 0.000000e+00 -2.184996e-06)	(-8.854947e-02 0.000000e+00 3.403958e-06)
2.169000e+04	lowerWall	(-8.904875e-02 0.000000e+00 -2.176147e-06)	(-8.854746e-02 0.000000e+00 3.400272e-06)
2.170000e+04	lowerWall	(-8.904601e-02 0.000000e+00 -2.167710e-06)	(-8.854544e-02 0.000000e+00 3.396590e-06)
2.171000e+04	lowerWall	(-8.904326e-02 0.000000e+00 -2.159635e-06)	(-8.854341e-02 0.000000e+00 3.392910e-06)
2.172000e+04	lowerWall	(-8.904053e-02 0.000000e+00 -2.151875e-06)	(-8.854136e-02 0.000000e+00 3.389233e-06)
2.173000e+04	lowerWall	(-8.903779e-02 0.000000e+00 -2.144394e-06)	(-8.853931e-02 0.000000e+00 3.385558e-06)
2.174000e+04	lowerWall	(-8.903506e-02 0.000000e+00 -2.137163e-06)	(-8.853725e-02 0.000000e+00 3.381886e-06)
2.175000e+04	lowerWall	(-8.903233e-02 0.000000e+00 -2.130155e-06)	(-8.853518e-02 0.000000e+00 3.378216e-06)
2.176000e+04	lowerWall	(-8.902960e-02 0.000000e+00 -2.123348e-06)	(-8.853311e-02 0.000000e+00 3.374548e-06)
2.177000e+04	lowerWall	(-8.902688e-02 0.000000e+00 -2.116722e-06)	(-8.853103e-02 0.000000e+00 3.370883e-06)
2.178000e+04	lowerWall	(-8.902416e-02 0.000000e+00 -2.110259e-06)	(-8.852895e-02 0.000000e+00 3.367220e-06)
2.179000e+04	lowerWall	(-8.902144e-02 0.000000e+00 -2.103945e-06)	(-8.852686e-02 0.000000e+00 3.363560e-06)
2.180000e+04	lowerWall	(-8.901872e-02 0.000000e+00 -2.097767e-06)	(-8.852476e-02 0.000000e+00 3.359902e-06)
2.181000e+04	lowerWall	(-8.901601e-02 0.000000e+00 -2.091712e-06)	(-8.852267e-02 0.000000e+00 3.356248e-06)
2.182000e+04	lowerWall	(-8.901330e-02 0.000000e+00 -2.085771e-06)	(-8.852057e-02 0.000000e+00 3.352596e-06)
2.183000e+04	lowerWall	(-8.901060e-02 0.000000e+00 -2.079935e-06)	(-8.851847e-02 0.000000e+00 3.348947e-06)
2.184000e+04	lowerWall	(-8.900790e-02 0.000000e+00 -2.074195e-06)	(-8.851636e-02 0.000000e+00 3.345301e-06)
2.185000e+04	lowerWall	(-8.900520e-02 0.000000e+00 -2.068543e-06)	(-8.851426e-02 0.000000e+00 3.341658e-06)
2.186000e+04	lowerWall	(-8.900251e-02 0.000000e+00 -2.062972e-06)	(-8.851215e-02 0.000000e+00 3.338018e-06)
2.187000e+04	lowerWall	(-8.899981e-02 0.000000e+00 -2.057472e-06)	(-8.851004e-02 0.000000e+00 3.334382e-06)
2.188000e+04	lowerWall	(-8.899713e-02 0.000000e+00 -2.052042e-06)	(-8.850793e-02 0.000000e+00 3.330748e-06)
2.189000e+04	lowerWall	(-8.899444e-02 0.000000e+00 -2.046680e-06)	(-8.850582e-02 0.000000e+00 3.327117e-06)
2.190000e+04	lowerWall	(-8.899176e-02 0.000000e+00 -2.041385e-06)	(-8.850371e-02 0.000000e+00 3.323490e-06)
2.191000e+04	lowerWall	(-8.898908e-02 0.000000e+00 -2.036148e-06)	(-8.850160e-02 0.000000e+00 3.319865e-06)
2.192000e+04	lowerWall	(-8.898640e-02 0.000000e+00 -2.030966e-06)	(-8.849949e-02 0.000000e+00 3.316244e-06)
2.193000e+04	lowerWall	(-8.898373e-02 0.000000e+00 -2.025837e-06)	(-8.849738e-02 0.000000e+00 3.312626e-06)
2.194000e+04	lowerWall	(-8.898106e-02 0.000000e+00 -2.020761e-06)	(-8.849526e-02 0.000000e+00 3.309012e-06)
2.195000e+04	lowerWall	(-8.897840e-02 0.000000e+00 -2.015734e-06)	(-8.849315e-02 0.000000e+00 3.305401e-06)
2.196000e+04	lowerWall	(-8.897574e-02 0.000000e+00 -2.010755e-06)	(-8.849104e-02 0.000000e+00 3.301793e-06)
2.197000e+04	lowerWall	(-8.897308e-02 0.000000e+00 -2.005822e-06)	(-8.848893e-02 0.000000e+00 3.298189e-06)
2.198000e+04	lowerWall	(-8.897042e-02 0.000000e+00 -2.000933e-06)	(-8.848682e-02 0.000000e+00 3.294589e-06)
2.199000e+04	lowerWall	(-8.896777e-02 0.000000e+00 -1.996086e-06)	(-8.848471e-02 0.000000e+00 3.290992e-06)
2.200000e+04	lowerWall	(-8.896512e-02 0.000000e+00 -1.991282e-06)	(-8.848260e-02 0.000000e+00 3.287398e-06)
2.201000e+04	lowerWall	(-8.896247e-02 0.000000e+00 -1.986515e-06)	(-8.848050e-02 0.000000e+00 3.283808e-06)
2.202000e+04	lowerWall	(-8.895983e-02 0.000000e+00 -1.981785e-06)	(-8.847839e-02 0.000000e+00 3.280222e-06)
2.203000e+04	lowerWall	(-8.895719e-02 0.000000e+00 -1.977084e-06)	(-8.847629e-02 0.000000e+00 3.276640e-06)
2.204000e+04	lowerWall	(-8.895455e-02 0.000000e+00 -1.972418e-06)	(-8.847418e-02 0.000000e+00 3.273061e-06)
2.205000e+04	lowerWall	(-8.895192e-02 0.000000e+00 -1.967785e-06)	(-8.847208e-02 0.000000e+00 3.269485e-06)
2.206000e+04	lowerWall	(-8.894929e-02 0.000000e+00 -1.963183e-06)	(-8.846998e-02 0.000000e+00 3.265913e-06)
2.207000e+04	lowerWall	(-8.894666e-02 0.000000e+00 -1.958613e-06)	(-8.846788e-02 0.000000e+00 3.262345e-06)
2.208000e+04	lowerWall	(-8.894404e-02 0.000000e+00 -1.954071e-06)	(-8.846578e-02 0.000000e+00 3.258780e-06)
2.209000e+04	lowerWall	(-8.894142e-02 0.000000e+00 -1.949559e-06)	(-8.846368e-02 0.000000e+00 3.255219e-06)
2.210000e+04	lowerWall	(-8.893880e-02 0.000000e+00 -1.945075e-06)	(-8.846158e-02 0.000000e+00 3.251661e-06)
2.211000e+04	lowerWall	(-8.893618e-02 0.000000e+00 -1.940617e-06)	(-8.845949e-02 0.000000e+00 3.248107e-06)
2.212000e+04	lowerWall	(-8.893357e-02 0.000000e+00 -1.936187e-06)	(-8.845740e-02 0.000000e+00 3.244557e-06)
2.213000e+04	lowerWall	(-8.893097e-02 0.000000e+00 -1.931784e-06)	(-8.845531e-02 0.000000e+00 3.241010e-06)
2.214000e+04	lowerWall	(-8.892836e-02 0.000000e+00 -1.927402e-06)	(-8.845322e-02 0.000000e+00 3.237467e-06)
2.215000e+04	lowerWall	(-8.892576e-02 0.000000e+00 -1.923046e-06)	(-8.845113e-02 0.000000e+00 3.233928e-06)
2.216000e+04	lowerWall	(-8.892316e-02 0.000000e+00 -1.918713e-06)	(-8.844904e-02 0.000000e+00 3.230392e-06)
2.217000e+04	lowerWall	(-8.892057e-02 0.000000e+00 -1.914404e-06)	(-8.844696e-02 0.000000e+00 3.226860e-06)
2.218000e+04	lowerWall	(-8.891797e-02 0.000000e+00 -1.910117e-06)	(-8.844488e-02 0.000000e+00 3.223331e-06)
2.219000e+04	lowerWall	(-8.891539e-02 0.000000e+00 -1.905852e-06)	(-8.844280e-02 0.000000e+00 3.219806e-06)
2.220000e+04	lowerWall	(-8.891280e-02 0.000000e+00 -1.901608e-06)	(-8.844072e-02 0.000000e+00 3.216285e-06)
2.221000e+04	lowerWall	(-8.891022e-02 0.000000e+00 -1.897385e-06)	(-8.843864e-02 0.000000e+00 3.212767e-06)
2.222000e+04	lowerWall	(-8.890764e-02 0.000000e+00 -1.893182e-06)	(-8.843656e-02 0.000000e+00 3.209253e-06)
2.223000e+04	lowerWall	(-8.890506e-02 0.000000e+00 -1.888998e-06)	(-8.843449e-02 0.000000e+00 3.205742e-06)
2.224000e+04	lowerWall	(-8.890249e-02 0.000000e+00 -1.884831e-06)	(-8.843242e-02 0.000000e+00 3.202236e-06)
2.225000e+04	lowerWall	(-8.889992e-02 0.000000e+00 -1.880688e-06)	(-8.843035e-02 0.000000e+00 3.198732e-06)
2.226000e+04	lowerWall	(-8.889735e-02 0.000000e+00 -1.876563e-06)	(-8.842828e-02 0.000000e+00 3.195232e-06)
2.227000e+04	lowerWall	(-8.889479e-02 0.000000e+00 -1.872457e-06)	(-8.842622e-02 0.000000e+00 3.191736e-06)
2.228000e+04	lowerWall	(-8.889223e-02 0.000000e+00 -1.868369e-06)	(-8.842416e-02 0.000000e+00 3.188243e-06)
2.229000e+04	lowerWall	(-8.888967e-02 0.000000e+00 -1.864298e-06)	(-8.842209e-02 0.000000e+00 3.184754e-06)
2.230000e+04	lowerWall	(-8.888712e-02 0.000000e+00 -1.860245e-06)	(-8.842004e-02 0.000000e+00 3.181269e-06)
2.231000e+04	lowerWall	(-8.888457e-02 0.000000e+00 -1.856208e-06)	(-8.841798e-02 0.000000e+00 3.177787e-06)
2.232000e+04	lowerWall	(-8.888202e-02 0.000000e+00 -1.852188e-06)	(-8.841592e-02 0.000000e+00 3.174309e-06)
2.233000e+04	lowerWall	(-8.887948e-02 0.000000e+00 -1.848185e-06)	(-8.841387e-02 0.000000e+00 3.170834e-06)
2.234000e+04	lowerWall	(-8.887693e-02 0.000000e+00 -1.844197e-06)	(-8.841182e-02 0.000000e+00 3.167362e-06)
2.235000e+04	lowerWall	(-8.887440e-02 0.000000e+00 -1.840224e-06)	(-8.840977e-02 0.000000e+00 3.163894e-06)
2.236000e+04	lowerWall	(-8.887186e-02 0.000000e+00 -1.836269e-06)	(-8.840773e-02 0.000000e+00 3.160430e-06)
2.237000e+04	lowerWall	(-8.886933e-02 0.000000e+00 -1.832328e-06)	(-8.840568e-02 0.000000e+00 3.156969e-06)
2.238000e+04	lowerWall	(-8.886680e-02 0.000000e+00 -1.828402e-06)	(-8.840364e-02 0.000000e+00 3.153512e-06)
2.239000e+04	lowerWall	(-8.886427e-02 0.000000e+00 -1.824491e-06)	(-8.840160e-02 0.000000e+00 3.150058e-06)
2.240000e+04	lowerWall	(-8.886175e-02 0.000000e+00 -1.820594e-06)	(-8.839956e-02 0.000000e+00 3.146649e-06)
2.241000e+04	lowerWall	(-8.885923e-02 0.000000e+00 -1.816712e-06)	(-8.839753e-02 0.000000e+00 3.143332e-06)
2.242000e+04	lowerWall	(-8.885671e-02 0.000000e+00 -1.812844e-06)	(-8.839549e-02 0.000000e+00 3.140019e-06)
2.243000e+04	lowerWall	(-8.885420e-02 0.000000e+00 -1.808991e-06)	(-8.839346e-02 0.000000e+00 3.136708e-06)
2.244000e+04	lowerWall	(-8.885169e-02 0.000000e+00 -1.805155e-06)	(-8.839143e-02 0.000000e+00 3.133401e-06)
2.245000e+04	lowerWall	(-8.884918e-02 0.000000e+00 -1.801322e-06)	(-8.838941e-02 0.000000e+00 3.130097e-06)
2.246000e+04	lowerWall	(-8.884668e-02 0.000000e+00 -1.797501e-06)	(-8.838738e-02 0.000000e+00 3.126796e-06)
2.247000e+04	lowerWall	(-8.884418e-02 0.000000e+00 -1.793683e-06)	(-8.838536e-02 0.000000e+00 3.123498e-06)
2.248000e+04	lowerWall	(-8.884168e-02 0.000000e+00 -1.789882e-06)	(-8.838334e-02 0.000000e+00 3.120202e-06)
2.249000e+04	lowerWall	(-8.883918e-02 0.000000e+00 -1.786099e-06)	(-8.838132e-02 0.000000e+00 3.116910e-06)
2.250000e+04	lowerWall	(-8.883669e-02 0.000000e+00 -1.782331e-06)	(-8.837931e-02 0.000000e+00 3.113620e-06)
2.251000e+04	lowerWall	(-8.883420e-02 0.000000e+00 -1.778580e-06)	(-8.837729e-02 0.000000e+00 3.110333e-06)
2.252000e+04	lowerWall	(-8.883172e-02 0.000000e+00 -1.774842e-06)	(-8.837528e-02 0.000000e+00 3.107050e-06)
2.253000e+04	lowerWall	(-8.882923e-02 0.000000e+00 -1.771121e-06)	(-8.837327e-02 0.000000e+00 3.103769e-06)
2.254000e+04	lowerWall	(-8.882675e-02 0.000000e+00 -1.767410e-06)	(-8.837127e-02 0.000000e+00 3.100491e-06)
2.255000e+04	lowerWall	(-8.882428e-02 0.000000e+00 -1.763695e-06)	(-8.836926e-02 0.000000e+00 3.097217e-06)
2.256000e+04	lowerWall	(-8.882180e-02 0.000000e+00 -1.759989e-06)	(-8.836726e-02 0.000000e+00 3.093945e-06)
2.257000e+04	lowerWall	(-8.881933e-02 0.000000e+00 -1.756282e-06)	(-8.836526e-02 0.000000e+00 3.090678e-06)
2.258000e+04	lowerWall	(-8.881687e-02 0.000000e+00 -1.752593e-06)	(-8.836327e-02 0.000000e+00 3.087413e-06)
2.259000e+04	lowerWall	(-8.881440e-02 0.000000e+00 -1.748923e-06)	(-8.836127e-02 0.000000e+00 3.084150e-06)
2.260000e+04	lowerWall	(-8.881194e-02 0.000000e+00 -1.745269e-06)	(-8.835928e-02 0.000000e+00 3.080891e-06)
2.261000e+04	lowerWall	(-8.880948e-02 0.000000e+00 -1.741630e-06)	(-8.835729e-02 0.000000e+00 3.077634e-06)
2.262000e+04	lowerWall	(-8.880703e-02 0.000000e+00 -1.738002e-06)	(-8.835530e-02 0.000000e+00 3.074381e-06)
2.263000e+04	lowerWall	(-8.880457e-02 0.000000e+00 -1.734384e-06)	(-8.835331e-02 0.000000e+00 3.071131e-06)
2.264000e+04	lowerWall	(-8.880212e-02 0.000000e+00 -1.730779e-06)	(-8.835133e-02 0.000000e+00 3.067883e-06)
2.265000e+04	lowerWall	(-8.879968e-02 0.000000e+00 -1.727198e-06)	(-8.834935e-02 0.000000e+00 3.064638e-06)
2.266000e+04	lowerWall	(-8.879723e-02 0.000000e+00 -1.723640e-06)	(-8.834737e-02 0.000000e+00 3.061395e-06)
2.267000e+04	lowerWall	(-8.879479e-02 0.000000e+00 -1.720091e-06)	(-8.834540e-02 0.000000e+00 3.058155e-06)
2.268000e+04	lowerWall	(-8.879235e-02 0.000000e+00 -1.716546e-06)	(-8.834342e-02 0.000000e+00 3.054919e-06)
2.269000e+04	lowerWall	(-8.878992e-02 0.000000e+00 -1.713005e-06)	(-8.834145e-02 0.000000e+00 3.051686e-06)
2.270000e+04	lowerWall	(-8.878749e-02 0.000000e+00 -1.709469e-06)	(-8.833948e-02 0.000000e+00 3.048456e-06)
2.271000e+04	lowerWall	(-8.878506e-02 0.000000e+00 -1.705937e-06)	(-8.833751e-02 0.000000e+00 3.045230e-06)
2.272000e+04	lowerWall	(-8.878263e-02 0.000000e+00 -1.702406e-06)	(-8.833555e-02 0.000000e+00 3.042006e-06)
2.273000e+04	lowerWall	(-8.878021e-02 0.000000e+00 -1.698875e-06)	(-8.833359e-02 0.000000e+00 3.038786e-06)
2.274000e+04	lowerWall	(-8.877779e-02 0.000000e+00 -1.695379e-06)	(-8.833163e-02 0.000000e+00 3.035567e-06)
2.275000e+04	lowerWall	(-8.877537e-02 0.000000e+00 -1.691899e-06)	(-8.832967e-02 0.000000e+00 3.032350e-06)
2.276000e+04	lowerWall	(-8.877296e-02 0.000000e+00 -1.688446e-06)	(-8.832771e-02 0.000000e+00 3.029135e-06)
2.277000e+04	lowerWall	(-8.877055e-02 0.000000e+00 -1.685013e-06)	(-8.832576e-02 0.000000e+00 3.025922e-06)
2.278000e+04	lowerWall	(-8.876814e-02 0.000000e+00 -1.681578e-06)	(-8.832381e-02 0.000000e+00 3.022713e-06)
2.279000e+04	lowerWall	(-8.876573e-02 0.000000e+00 -1.678142e-06)	(-8.832186e-02 0.000000e+00 3.019508e-06)
2.280000e+04	lowerWall	(-8.876333e-02 0.000000e+00 -1.674708e-06)	(-8.831992e-02 0.000000e+00 3.016305e-06)
2.281000e+04	lowerWall	(-8.876093e-02 0.000000e+00 -1.671279e-06)	(-8.831797e-02 0.000000e+00 3.013106e-06)
2.282000e+04	lowerWall	(-8.875854e-02 0.000000e+00 -1.667854e-06)	(-8.831603e-02 0.000000e+00 3.009909e-06)
2.283000e+04	lowerWall	(-8.875614e-02 0.000000e+00 -1.664433e-06)	(-8.831409e-02 0.000000e+00 3.006716e-06)
2.284000e+04	lowerWall	(-8.875375e-02 0.000000e+00 -1.661007e-06)	(-8.831216e-02 0.000000e+00 3.003526e-06)
2.285000e+04	lowerWall	(-8.875136e-02 0.000000e+00 -1.657632e-06)	(-8.831022e-02 0.000000e+00 3.000337e-06)
2.286000e+04	lowerWall	(-8.874898e-02 0.000000e+00 -1.654260e-06)	(-8.830829e-02 0.000000e+00 2.997151e-06)
2.287000e+04	lowerWall	(-8.874660e-02 0.000000e+00 -1.650890e-06)	(-8.830636e-02 0.000000e+00 2.993968e-06)
2.288000e+04	lowerWall	(-8.874422e-02 0.000000e+00 -1.647526e-06)	(-8.830443e-02 0.000000e+00 2.990787e-06)
2.289000e+04	lowerWall	(-8.874184e-02 0.000000e+00 -1.644169e-06)	(-8.830251e-02 0.000000e+00 2.987610e-06)
2.290000e+04	lowerWall	(-8.873947e-02 0.000000e+00 -1.640818e-06)	(-8.830058e-02 0.000000e+00 2.984435e-06)
2.291000e+04	lowerWall	(-8.873710e-02 0.000000e+00 -1.637475e-06)	(-8.829866e-02 0.000000e+00 2.981264e-06)
2.292000e+04	lowerWall	(-8.873473e-02 0.000000e+00 -1.634140e-06)	(-8.829675e-02 0.000000e+00 2.978094e-06)
2.293000e+04	lowerWall	(-8.873237e-02 0.000000e+00 -1.630812e-06)	(-8.829483e-02 0.000000e+00 2.974928e-06)
2.294000e+04	lowerWall	(-8.873001e-02 0.000000e+00 -1.627493e-06)	(-8.829292e-02 0.000000e+00 2.971764e-06)
2.295000e+04	lowerWall	(-8.872765e-02 0.000000e+00 -1.624185e-06)	(-8.829101e-02 0.000000e+00 2.968603e-06)
2.296000e+04	lowerWall	(-8.872529e-02 0.000000e+00 -1.620876e-06)	(-8.828910e-02 0.000000e+00 2.965445e-06)
2.297000e+04	lowerWall	(-8.872294e-02 0.000000e+00 -1.617577e-06)	(-8.828719e-02 0.000000e+00 2.962290e-06)
2.298000e+04	lowerWall	(-8.872059e-02 0.000000e+00 -1.614287e-06)	(-8.828529e-02 0.000000e+00 2.959137e-06)
2.299000e+04	lowerWall	(-8.871824e-02 0.000000e+00 -1.611004e-06)	(-8.828339e-02 0.000000e+00 2.955988e-06)
2.300000e+04	lowerWall	(-8.871590e-02 0.000000e+00 -1.607730e-06)	(-8.828149e-02 0.000000e+00 2.952840e-06)
2.301000e+04	lowerWall	(-8.871355e-02 0.000000e+00 -1.604464e-06)	(-8.827959e-02 0.000000e+00 2.949696e-06)
2.302000e+04	lowerWall	(-8.871122e-02 0.000000e+00 -1.601205e-06)	(-8.827769e-02 0.000000e+00 2.946554e-06)
2.303000e+04	lowerWall	(-8.870888e-02 0.000000e+00 -1.597953e-06)	(-8.827580e-02 0.000000e+00 2.943414e-06)
2.304000e+04	lowerWall	(-8.870655e-02 0.000000e+00 -1.594711e-06)	(-8.827391e-02 0.000000e+00 2.940278e-06)
2.305000e+04	lowerWall	(-8.870422e-02 0.000000e+00 -1.591476e-06)	(-8.827202e-02 0.000000e+00 2.937144e-06)
2.306000e+04	lowerWall	(-8.870189e-02 0.000000e+00 -1.588249e-06)	(-8.827014e-02 0.000000e+00 2.934012e-06)
2.307000e+04	lowerWall	(-8.869957e-02 0.000000e+00 -1.585028e-06)	(-8.826826e-02 0.000000e+00 2.930883e-06)
2.308000e+04	lowerWall	(-8.869724e-02 0.000000e+00 -1.581816e-06)	(-8.826638e-02 0.000000e+00 2.927757e-06)
2.309000e+04	lowerWall	(-8.869493e-02 0.000000e+00 -1.578610e-06)	(-8.826450e-02 0.000000e+00 2.924634e-06)
2.310000e+04	lowerWall	(-8.869261e-02 0.000000e+00 -1.575412e-06)	(-8.826262e-02 0.000000e+00 2.921513e-06)
2.311000e+04	lowerWall	(-8.869030e-02 0.000000e+00 -1.572222e-06)	(-8.826075e-02 0.000000e+00 2.918395e-06)
2.312000e+04	lowerWall	(-8.868799e-02 0.000000e+00 -1.569038e-06)	(-8.825888e-02 0.000000e+00 2.915279e-06)
2.313000e+04	lowerWall	(-8.868568e-02 0.000000e+00 -1.565862e-06)	(-8.825701e-02 0.000000e+00 2.912166e-06)
2.314000e+04	lowerWall	(-8.868337e-02 0.000000e+00 -1.562693e-06)	(-8.825514e-02 0.000000e+00 2.909056e-06)
2.315000e+04	lowerWall	(-8.868107e-02 0.000000e+00 -1.559531e-06)	(-8.825328e-02 0.000000e+00 2.905948e-06)
2.316000e+04	lowerWall	(-8.867877e-02 0.000000e+00 -1.556376e-06)	(-8.825141e-02 0.000000e+00 2.902842e-06)
2.317000e+04	lowerWall	(-8.867648e-02 0.000000e+00 -1.553228e-06)	(-8.824955e-02 0.000000e+00 2.899740e-06)
2.318000e+04	lowerWall	(-8.867418e-02 0.000000e+00 -1.550087e-06)	(-8.824770e-02 0.000000e+00 2.896640e-06)
2.319000e+04	lowerWall	(-8.867189e-02 0.000000e+00 -1.546953e-06)	(-8.824584e-02 0.000000e+00 2.893542e-06)
2.320000e+04	lowerWall	(-8.866961e-02 0.000000e+00 -1.543826e-06)	(-8.824399e-02 0.000000e+00 2.890447e-06)
2.321000e+04	lowerWall	(-8.866732e-02 0.000000e+00 -1.540705e-06)	(-8.824214e-02 0.000000e+00 2.887355e-06)
2.322000e+04	lowerWall	(-8.866504e-02 0.000000e+00 -1.537592e-06)	(-8.824029e-02 0.000000e+00 2.884265e-06)
2.323000e+04	lowerWall	(-8.866276e-02 0.000000e+00 -1.534485e-06)	(-8.823844e-02 0.000000e+00 2.881178e-06)
2.324000e+04	lowerWall	(-8.866048e-02 0.000000e+00 -1.531384e-06)	(-8.823660e-02 0.000000e+00 2.878093e-06)
2.325000e+04	lowerWall	(-8.865821e-02 0.000000e+00 -1.528292e-06)	(-8.823476e-02 0.000000e+00 2.875011e-06)
2.326000e+04	lowerWall	(-8.865596e-02 0.000000e+00 -1.525207e-06)	(-8.823292e-02 0.000000e+00 2.871931e-06)
2.327000e+04	lowerWall	(-8.865370e-02 0.000000e+00 -1.522128e-06)	(-8.823108e-02 0.000000e+00 2.868854e-06)
2.328000e+04	lowerWall	(-8.865145e-02 0.000000e+00 -1.519055e-06)	(-8.822924e-02 0.000000e+00 2.865780e-06)
2.329000e+04	lowerWall	(-8.864920e-02 0.000000e+00 -1.515990e-06)	(-8.822741e-02 0.000000e+00 2.862708e-06)
2.330000e+04	lowerWall	(-8.864695e-02 0.000000e+00 -1.512930e-06)	(-8.822558e-02 0.000000e+00 2.859638e-06)
2.331000e+04	lowerWall	(-8.864471e-02 0.000000e+00 -1.509877e-06)	(-8.822375e-02 0.000000e+00 2.856571e-06)
2.332000e+04	lowerWall	(-8.864247e-02 0.000000e+00 -1.506831e-06)	(-8.822193e-02 0.000000e+00 2.853507e-06)
2.333000e+04	lowerWall	(-8.864023e-02 0.000000e+00 -1.503791e-06)	(-8.822011e-02 0.000000e+00 2.850445e-06)
2.334000e+04	lowerWall	(-8.863799e-02 0.000000e+00 -1.500757e-06)	(-8.821828e-02 0.000000e+00 2.847385e-06)
2.335000e+04	lowerWall	(-8.863576e-02 0.000000e+00 -1.497730e-06)	(-8.821647e-02 0.000000e+00 2.844328e-06)
2.336000e+04	lowerWall	(-8.863353e-02 0.000000e+00 -1.494710e-06)	(-8.821465e-02 0.000000e+00 2.841274e-06)
2.337000e+04	lowerWall	(-8.863130e-02 0.000000e+00 -1.491696e-06)	(-8.821283e-02 0.000000e+00 2.838222e-06)
2.338000e+04	lowerWall	(-8.862907e-02 0.000000e+00 -1.488689e-06)	(-8.821102e-02 0.000000e+00 2.835172e-06)
2.339000e+04	lowerWall	(-8.862665e-02 0.000000e+00 -1.495881e-06)	(-8.820856e-02 0.000000e+00 2.832484e-06)
2.340000e+04	lowerWall	(-8.862408e-02 0.000000e+00 -1.515650e-06)	(-8.820562e-02 0.000000e+00 2.831002e-06)
2.341000e+04	lowerWall	(-8.862155e-02 0.000000e+00 -1.533546e-06)	(-8.820274e-02 0.000000e+00 2.829384e-06)
2.342000e+04	lowerWall	(-8.861904e-02 0.000000e+00 -1.549310e-06)	(-8.819994e-02 0.000000e+00 2.827614e-06)
2.343000e+04	lowerWall	(-8.861654e-02 0.000000e+00 -1.563179e-06)	(-8.819722e-02 0.000000e+00 2.825710e-06)
2.344000e+04	lowerWall	(-8.861407e-02 0.000000e+00 -1.575388e-06)	(-8.819457e-02 0.000000e+00 2.823690e-06)
2.345000e+04	lowerWall	(-8.861162e-02 0.000000e+00 -1.586150e-06)	(-8.819197e-02 0.000000e+00 2.821569e-06)
2.346000e+04	lowerWall	(-8.860919e-02 0.000000e+00 -1.595657e-06)	(-8.818943e-02 0.000000e+00 2.819360e-06)
2.347000e+04	lowerWall	(-8.860676e-02 0.000000e+00 -1.604069e-06)	(-8.818694e-02 0.000000e+00 2.817075e-06)
2.348000e+04	lowerWall	(-8.860437e-02 0.000000e+00 -1.611528e-06)	(-8.818449e-02 0.000000e+00 2.814726e-06)
2.349000e+04	lowerWall	(-8.860198e-02 0.000000e+00 -1.618154e-06)	(-8.818208e-02 0.000000e+00 2.812320e-06)
2.350000e+04	lowerWall	(-8.859961e-02 0.000000e+00 -1.624049e-06)	(-8.817970e-02 0.000000e+00 2.809866e-06)
2.351000e+04	lowerWall	(-8.859725e-02 0.000000e+00 -1.629302e-06)	(-8.817736e-02 0.000000e+00 2.807368e-06)
2.352000e+04	lowerWall	(-8.859490e-02 0.000000e+00 -1.633990e-06)	(-8.817505e-02 0.000000e+00 2.804834e-06)
2.353000e+04	lowerWall	(-8.859256e-02 0.000000e+00 -1.638177e-06)	(-8.817277e-02 0.000000e+00 2.802267e-06)
2.354000e+04	lowerWall	(-8.859022e-02 0.000000e+00 -1.641920e-06)	(-8.817051e-02 0.000000e+00 2.799672e-06)
2.355000e+04	lowerWall	(-8.858790e-02 0.000000e+00 -1.645267e-06)	(-8.816828e-02 0.000000e+00 2.797051e-06)
2.356000e+04	lowerWall	(-8.858558e-02 0.000000e+00 -1.648261e-06)	(-8.816607e-02 0.000000e+00 2.794409e-06)
2.357000e+04	lowerWall	(-8.858326e-02 0.000000e+00 -1.650938e-06)	(-8.816387e-02 0.000000e+00 2.791748e-06)
2.358000e+04	lowerWall	(-8.858096e-02 0.000000e+00 -1.653329e-06)	(-8.816170e-02 0.000000e+00 2.789070e-06)
2.359000e+04	lowerWall	(-8.857866e-02 0.000000e+00 -1.655463e-06)	(-8.815954e-02 0.000000e+00 2.786376e-06)
2.360000e+04	lowerWall	(-8.857637e-02 0.000000e+00 -1.657362e-06)	(-8.815741e-02 0.000000e+00 2.783668e-06)
2.361000e+04	lowerWall	(-8.857408e-02 0.000000e+00 -1.659054e-06)	(-8.815528e-02 0.000000e+00 2.780947e-06)
2.362000e+04	lowerWall	(-8.857180e-02 0.000000e+00 -1.660554e-06)	(-8.815318e-02 0.000000e+00 2.778216e-06)
2.363000e+04	lowerWall	(-8.856953e-02 0.000000e+00 -1.661881e-06)	(-8.815108e-02 0.000000e+00 2.775475e-06)
2.364000e+04	lowerWall	(-8.856726e-02 0.000000e+00 -1.663044e-06)	(-8.814900e-02 0.000000e+00 2.772725e-06)
2.365000e+04	lowerWall	(-8.856500e-02 0.000000e+00 -1.664056e-06)	(-8.814693e-02 0.000000e+00 2.769967e-06)
2.366000e+04	lowerWall	(-8.856274e-02 0.000000e+00 -1.664931e-06)	(-8.814488e-02 0.000000e+00 2.767202e-06)
2.367000e+04	lowerWall	(-8.856048e-02 0.000000e+00 -1.665678e-06)	(-8.814283e-02 0.000000e+00 2.764430e-06)
2.368000e+04	lowerWall	(-8.855823e-02 0.000000e+00 -1.666308e-06)	(-8.814080e-02 0.000000e+00 2.761653e-06)
2.369000e+04	lowerWall	(-8.855599e-02 0.000000e+00 -1.666828e-06)	(-8.813878e-02 0.000000e+00 2.758870e-06)
2.370000e+04	lowerWall	(-8.855375e-02 0.000000e+00 -1.667247e-06)	(-8.813676e-02 0.000000e+00 2.756083e-06)
2.371000e+04	lowerWall	(-8.855151e-02 0.000000e+00 -1.667572e-06)	(-8.813476e-02 0.000000e+00 2.753292e-06)
2.372000e+04	lowerWall	(-8.854928e-02 0.000000e+00 -1.667807e-06)	(-8.813276e-02 0.000000e+00 2.750496e-06)
2.373000e+04	lowerWall	(-8.854706e-02 0.000000e+00 -1.667959e-06)	(-8.813077e-02 0.000000e+00 2.747698e-06)
2.374000e+04	lowerWall	(-8.854484e-02 0.000000e+00 -1.668033e-06)	(-8.812880e-02 0.000000e+00 2.744896e-06)
2.375000e+04	lowerWall	(-8.854262e-02 0.000000e+00 -1.668034e-06)	(-8.812683e-02 0.000000e+00 2.742091e-06)
2.376000e+04	lowerWall	(-8.854040e-02 0.000000e+00 -1.667966e-06)	(-8.812486e-02 0.000000e+00 2.739283e-06)
2.377000e+04	lowerWall	(-8.853819e-02 0.000000e+00 -1.667832e-06)	(-8.812291e-02 0.000000e+00 2.736473e-06)
2.378000e+04	lowerWall	(-8.853599e-02 0.000000e+00 -1.667636e-06)	(-8.812096e-02 0.000000e+00 2.733661e-06)
2.379000e+04	lowerWall	(-8.853379e-02 0.000000e+00 -1.667382e-06)	(-8.811902e-02 0.000000e+00 2.730847e-06)
2.380000e+04	lowerWall	(-8.853159e-02 0.000000e+00 -1.667073e-06)	(-8.811709e-02 0.000000e+00 2.728032e-06)
2.381000e+04	lowerWall	(-8.852939e-02 0.000000e+00 -1.666712e-06)	(-8.811516e-02 0.000000e+00 2.725215e-06)
2.382000e+04	lowerWall	(-8.852720e-02 0.000000e+00 -1.666300e-06)	(-8.811324e-02 0.000000e+00 2.722396e-06)
2.383000e+04	lowerWall	(-8.852501e-02 0.000000e+00 -1.665840e-06)	(-8.811132e-02 0.000000e+00 2.719577e-06)
2.384000e+04	lowerWall	(-8.852283e-02 0.000000e+00 -1.665336e-06)	(-8.810942e-02 0.000000e+00 2.716757e-06)
2.385000e+04	lowerWall	(-8.852065e-02 0.000000e+00 -1.664788e-06)	(-8.810751e-02 0.000000e+00 2.713936e-06)
2.386000e+04	lowerWall	(-8.851848e-02 0.000000e+00 -1.664199e-06)	(-8.810562e-02 0.000000e+00 2.711114e-06)
2.387000e+04	lowerWall	(-8.851630e-02 0.000000e+00 -1.663571e-06)	(-8.810373e-02 0.000000e+00 2.708291e-06)
2.388000e+04	lowerWall	(-8.851413e-02 0.000000e+00 -1.662906e-06)	(-8.810184e-02 0.000000e+00 2.705468e-06)
2.389000e+04	lowerWall	(-8.851197e-02 0.000000e+00 -1.662204e-06)	(-8.809996e-02 0.000000e+00 2.702645e-06)
2.390000e+04	lowerWall	(-8.850981e-02 0.000000e+00 -1.661467e-06)	(-8.809808e-02 0.000000e+00 2.699821e-06)
2.391000e+04	lowerWall	(-8.850765e-02 0.000000e+00 -1.660698e-06)	(-8.809621e-02 0.000000e+00 2.696997e-06)
2.392000e+04	lowerWall	(-8.850549e-02 0.000000e+00 -1.659898e-06)	(-8.809435e-02 0.000000e+00 2.694173e-06)
2.393000e+04	lowerWall	(-8.850334e-02 0.000000e+00 -1.659067e-06)	(-8.809249e-02 0.000000e+00 2.691349e-06)
2.394000e+04	lowerWall	(-8.850119e-02 0.000000e+00 -1.658207e-06)	(-8.809064e-02 0.000000e+00 2.688525e-06)
2.395000e+04	lowerWall	(-8.849904e-02 0.000000e+00 -1.657317e-06)	(-8.808878e-02 0.000000e+00 2.685701e-06)
2.396000e+04	lowerWall	(-8.849690e-02 0.000000e+00 -1.656398e-06)	(-8.808694e-02 0.000000e+00 2.682877e-06)
2.397000e+04	lowerWall	(-8.849476e-02 0.000000e+00 -1.655451e-06)	(-8.808510e-02 0.000000e+00 2.680054e-06)
2.398000e+04	lowerWall	(-8.849263e-02 0.000000e+00 -1.654477e-06)	(-8.808326e-02 0.000000e+00 2.677230e-06)
2.399000e+04	lowerWall	(-8.849049e-02 0.000000e+00 -1.653479e-06)	(-8.808143e-02 0.000000e+00 2.674407e-06)
2.400000e+04	lowerWall	(-8.848836e-02 0.000000e+00 -1.652455e-06)	(-8.807960e-02 0.000000e+00 2.671585e-06)
2.401000e+04	lowerWall	(-8.848624e-02 0.000000e+00 -1.651409e-06)	(-8.807778e-02 0.000000e+00 2.668763e-06)
2.402000e+04	lowerWall	(-8.848412e-02 0.000000e+00 -1.650341e-06)	(-8.807596e-02 0.000000e+00 2.665941e-06)
2.403000e+04	lowerWall	(-8.848200e-02 0.000000e+00 -1.649254e-06)	(-8.807414e-02 0.000000e+00 2.663121e-06)
2.404000e+04	lowerWall	(-8.847989e-02 0.000000e+00 -1.648145e-06)	(-8.807233e-02 0.000000e+00 2.660300e-06)
2.405000e+04	lowerWall	(-8.847778e-02 0.000000e+00 -1.647016e-06)	(-8.807052e-02 0.000000e+00 2.657481e-06)
2.406000e+04	lowerWall	(-8.847567e-02 0.000000e+00 -1.645866e-06)	(-8.806872e-02 0.000000e+00 2.654662e-06)
2.407000e+04	lowerWall	(-8.847357e-02 0.000000e+00 -1.644697e-06)	(-8.806692e-02 0.000000e+00 2.651844e-06)
2.408000e+04	lowerWall	(-8.847147e-02 0.000000e+00 -1.643510e-06)	(-8.806512e-02 0.000000e+00 2.649027e-06)
2.409000e+04	lowerWall	(-8.846937e-02 0.000000e+00 -1.642306e-06)	(-8.806333e-02 0.000000e+00 2.646211e-06)
2.410000e+04	lowerWall	(-8.846728e-02 0.000000e+00 -1.641084e-06)	(-8.806154e-02 0.000000e+00 2.643396e-06)
2.411000e+04	lowerWall	(-8.846518e-02 0.000000e+00 -1.639846e-06)	(-8.805976e-02 0.000000e+00 2.640581e-06)
2.412000e+04	lowerWall	(-8.846310e-02 0.000000e+00 -1.638592e-06)	(-8.805797e-02 0.000000e+00 2.637768e-06)
2.413000e+04	lowerWall	(-8.846101e-02 0.000000e+00 -1.637322e-06)	(-8.805620e-02 0.000000e+00 2.634956e-06)
2.414000e+04	lowerWall	(-8.845893e-02 0.000000e+00 -1.636038e-06)	(-8.805442e-02 0.000000e+00 2.632145e-06)
2.415000e+04	lowerWall	(-8.845685e-02 0.000000e+00 -1.634738e-06)	(-8.805265e-02 0.000000e+00 2.629335e-06)
2.416000e+04	lowerWall	(-8.845477e-02 0.000000e+00 -1.633425e-06)	(-8.805088e-02 0.000000e+00 2.626526e-06)
2.417000e+04	lowerWall	(-8.845270e-02 0.000000e+00 -1.632098e-06)	(-8.804912e-02 0.000000e+00 2.623718e-06)
2.418000e+04	lowerWall	(-8.845063e-02 0.000000e+00 -1.630757e-06)	(-8.804736e-02 0.000000e+00 2.620911e-06)
2.419000e+04	lowerWall	(-8.844856e-02 0.000000e+00 -1.629403e-06)	(-8.804560e-02 0.000000e+00 2.618106e-06)
2.420000e+04	lowerWall	(-8.844650e-02 0.000000e+00 -1.628037e-06)	(-8.804384e-02 0.000000e+00 2.615302e-06)
2.421000e+04	lowerWall	(-8.844443e-02 0.000000e+00 -1.626659e-06)	(-8.804209e-02 0.000000e+00 2.612499e-06)
2.422000e+04	lowerWall	(-8.844237e-02 0.000000e+00 -1.625269e-06)	(-8.804035e-02 0.000000e+00 2.609697e-06)
2.423000e+04	lowerWall	(-8.844032e-02 0.000000e+00 -1.623868e-06)	(-8.803860e-02 0.000000e+00 2.606897e-06)
2.424000e+04	lowerWall	(-8.843826e-02 0.000000e+00 -1.622456e-06)	(-8.803686e-02 0.000000e+00 2.604097e-06)
2.425000e+04	lowerWall	(-8.843621e-02 0.000000e+00 -1.621033e-06)	(-8.803512e-02 0.000000e+00 2.601300e-06)
2.426000e+04	lowerWall	(-8.843417e-02 0.000000e+00 -1.619599e-06)	(-8.803339e-02 0.000000e+00 2.598503e-06)
2.427000e+04	lowerWall	(-8.843212e-02 0.000000e+00 -1.618157e-06)	(-8.803165e-02 0.000000e+00 2.595708e-06)
2.428000e+04	lowerWall	(-8.843008e-02 0.000000e+00 -1.616707e-06)	(-8.802993e-02 0.000000e+00 2.592914e-06)
2.429000e+04	lowerWall	(-8.842804e-02 0.000000e+00 -1.615245e-06)	(-8.802820e-02 0.000000e+00 2.590121e-06)
2.430000e+04	lowerWall	(-8.842600e-02 0.000000e+00 -1.613771e-06)	(-8.802648e-02 0.000000e+00 2.587330e-06)
2.431000e+04	lowerWall	(-8.842397e-02 0.000000e+00 -1.612287e-06)	(-8.802476e-02 0.000000e+00 2.584540e-06)
2.432000e+04	lowerWall	(-8.842194e-02 0.000000e+00 -1.610792e-06)	(-8.802304e-02 0.000000e+00 2.581752e-06)
2.433000e+04	lowerWall	(-8.841991e-02 0.000000e+00 -1.609289e-06)	(-8.802133e-02 0.000000e+00 2.578966e-06)
2.434000e+04	lowerWall	(-8.841788e-02 0.000000e+00 -1.607776e-06)	(-8.801962e-02 0.000000e+00 2.576181e-06)
2.435000e+04	lowerWall	(-8.841586e-02 0.000000e+00 -1.606256e-06)	(-8.801791e-02 0.000000e+00 2.573398e-06)
2.436000e+04	lowerWall	(-8.841384e-02 0.000000e+00 -1.604727e-06)	(-8.801621e-02 0.000000e+00 2.570617e-06)
2.437000e+04	lowerWall	(-8.841182e-02 0.000000e+00 -1.603190e-06)	(-8.801451e-02 0.000000e+00 2.567837e-06)
2.438000e+04	lowerWall	(-8.840981e-02 0.000000e+00 -1.601648e-06)	(-8.801281e-02 0.000000e+00 2.565060e-06)
2.439000e+04	lowerWall	(-8.840779e-02 0.000000e+00 -1.600098e-06)	(-8.801111e-02 0.000000e+00 2.562284e-06)
2.440000e+04	lowerWall	(-8.840578e-02 0.000000e+00 -1.598541e-06)	(-8.800942e-02 0.000000e+00 2.559510e-06)
2.441000e+04	lowerWall	(-8.840378e-02 0.000000e+00 -1.596978e-06)	(-8.800773e-02 0.000000e+00 2.556738e-06)
2.442000e+04	lowerWall	(-8.840177e-02 0.000000e+00 -1.595407e-06)	(-8.800604e-02 0.000000e+00 2.553967e-06)
2.443000e+04	lowerWall	(-8.839977e-02 0.000000e+00 -1.593829e-06)	(-8.800436e-02 0.000000e+00 2.551199e-06)
2.444000e+04	lowerWall	(-8.839777e-02 0.000000e+00 -1.592246e-06)	(-8.800268e-02 0.000000e+00 2.548432e-06)
2.445000e+04	lowerWall	(-8.839578e-02 0.000000e+00 -1.590658e-06)	(-8.800100e-02 0.000000e+00 2.545667e-06)
2.446000e+04	lowerWall	(-8.839378e-02 0.000000e+00 -1.589063e-06)	(-8.799932e-02 0.000000e+00 2.542904e-06)
2.447000e+04	lowerWall	(-8.839179e-02 0.000000e+00 -1.587464e-06)	(-8.799765e-02 0.000000e+00 2.540143e-06)
2.448000e+04	lowerWall	(-8.838980e-02 0.000000e+00 -1.585859e-06)	(-8.799598e-02 0.000000e+00 2.537384e-06)
2.449000e+04	lowerWall	(-8.838782e-02 0.000000e+00 -1.584249e-06)	(-8.799431e-02 0.000000e+00 2.534627e-06)
2.450000e+04	lowerWall	(-8.838583e-02 0.000000e+00 -1.582634e-06)	(-8.799265e-02 0.000000e+00 2.531872e-06)
2.451000e+04	lowerWall	(-8.838385e-02 0.000000e+00 -1.581014e-06)	(-8.799099e-02 0.000000e+00 2.529119e-06)
2.452000e+04	lowerWall	(-8.838188e-02 0.000000e+00 -1.579389e-06)	(-8.798933e-02 0.000000e+00 2.526368e-06)
2.453000e+04	lowerWall	(-8.837990e-02 0.000000e+00 -1.577760e-06)	(-8.798767e-02 0.000000e+00 2.523619e-06)
2.454000e+04	lowerWall	(-8.837793e-02 0.000000e+00 -1.576126e-06)	(-8.798601e-02 0.000000e+00 2.520872e-06)
2.455000e+04	lowerWall	(-8.837596e-02 0.000000e+00 -1.574488e-06)	(-8.798436e-02 0.000000e+00 2.518127e-06)
2.456000e+04	lowerWall	(-8.837399e-02 0.000000e+00 -1.572845e-06)	(-8.798271e-02 0.000000e+00 2.515384e-06)
2.457000e+04	lowerWall	(-8.837202e-02 0.000000e+00 -1.571199e-06)	(-8.798107e-02 0.000000e+00 2.512643e-06)
2.458000e+04	lowerWall	(-8.837006e-02 0.000000e+00 -1.569549e-06)	(-8.797943e-02 0.000000e+00 2.509904e-06)
2.459000e+04	lowerWall	(-8.836810e-02 0.000000e+00 -1.567896e-06)	(-8.797778e-02 0.000000e+00 2.507168e-06)
2.460000e+04	lowerWall	(-8.836614e-02 0.000000e+00 -1.566239e-06)	(-8.797615e-02 0.000000e+00 2.504433e-06)
2.461000e+04	lowerWall	(-8.836419e-02 0.000000e+00 -1.564578e-06)	(-8.797451e-02 0.000000e+00 2.501701e-06)
2.462000e+04	lowerWall	(-8.836224e-02 0.000000e+00 -1.562915e-06)	(-8.797288e-02 0.000000e+00 2.498971e-06)
2.463000e+04	lowerWall	(-8.836029e-02 0.000000e+00 -1.561250e-06)	(-8.797125e-02 0.000000e+00 2.496243e-06)
2.464000e+04	lowerWall	(-8.835834e-02 0.000000e+00 -1.559580e-06)	(-8.796962e-02 0.000000e+00 2.493518e-06)
2.465000e+04	lowerWall	(-8.835639e-02 0.000000e+00 -1.557906e-06)	(-8.796799e-02 0.000000e+00 2.490795e-06)
2.466000e+04	lowerWall	(-8.835445e-02 0.000000e+00 -1.556228e-06)	(-8.796637e-02 0.000000e+00 2.488074e-06)
2.467000e+04	lowerWall	(-8.835251e-02 0.000000e+00 -1.554546e-06)	(-8.796475e-02 0.000000e+00 2.485355e-06)
2.468000e+04	lowerWall	(-8.835057e-02 0.000000e+00 -1.552859e-06)	(-8.796313e-02 0.000000e+00 2.482638e-06)
2.469000e+04	lowerWall	(-8.834864e-02 0.000000e+00 -1.551168e-06)	(-8.796152e-02 0.000000e+00 2.479924e-06)
2.470000e+04	lowerWall	(-8.834671e-02 0.000000e+00 -1.549474e-06)	(-8.795990e-02 0.000000e+00 2.477213e-06)
2.471000e+04	lowerWall	(-8.834478e-02 0.000000e+00 -1.547776e-06)	(-8.795829e-02 0.000000e+00 2.474503e-06)
2.472000e+04	lowerWall	(-8.834285e-02 0.000000e+00 -1.546076e-06)	(-8.795668e-02 0.000000e+00 2.471796e-06)
2.473000e+04	lowerWall	(-8.834092e-02 0.000000e+00 -1.544373e-06)	(-8.795508e-02 0.000000e+00 2.469092e-06)
2.474000e+04	lowerWall	(-8.833900e-02 0.000000e+00 -1.542667e-06)	(-8.795347e-02 0.000000e+00 2.466390e-06)
2.475000e+04	lowerWall	(-8.833708e-02 0.000000e+00 -1.540958e-06)	(-8.795187e-02 0.000000e+00 2.463690e-06)
2.476000e+04	lowerWall	(-8.833516e-02 0.000000e+00 -1.539247e-06)	(-8.795027e-02 0.000000e+00 2.460993e-06)
2.477000e+04	lowerWall	(-8.833325e-02 0.000000e+00 -1.537534e-06)	(-8.794868e-02 0.000000e+00 2.458299e-06)
2.478000e+04	lowerWall	(-8.833133e-02 0.000000e+00 -1.535819e-06)	(-8.794708e-02 0.000000e+00 2.455606e-06)
2.479000e+04	lowerWall	(-8.832942e-02 0.000000e+00 -1.534102e-06)	(-8.794549e-02 0.000000e+00 2.452917e-06)
2.480000e+04	lowerWall	(-8.832751e-02 0.000000e+00 -1.532383e-06)	(-8.794390e-02 0.000000e+00 2.450229e-06)
2.481000e+04	lowerWall	(-8.832561e-02 0.000000e+00 -1.530662e-06)	(-8.794232e-02 0.000000e+00 2.447544e-06)
2.482000e+04	lowerWall	(-8.832371e-02 0.000000e+00 -1.528940e-06)	(-8.794073e-02 0.000000e+00 2.444862e-06)
2.483000e+04	lowerWall	(-8.832180e-02 0.000000e+00 -1.527216e-06)	(-8.793915e-02 0.000000e+00 2.442182e-06)
2.484000e+04	lowerWall	(-8.831991e-02 0.000000e+00 -1.525490e-06)	(-8.793757e-02 0.000000e+00 2.439504e-06)
2.485000e+04	lowerWall	(-8.831801e-02 0.000000e+00 -1.523762e-06)	(-8.793599e-02 0.000000e+00 2.436830e-06)
2.486000e+04	lowerWall	(-8.831612e-02 0.000000e+00 -1.522033e-06)	(-8.793442e-02 0.000000e+00 2.434157e-06)
2.487000e+04	lowerWall	(-8.831422e-02 0.000000e+00 -1.520302e-06)	(-8.793285e-02 0.000000e+00 2.431487e-06)
2.488000e+04	lowerWall	(-8.831234e-02 0.000000e+00 -1.518570e-06)	(-8.793128e-02 0.000000e+00 2.428820e-06)
2.489000e+04	lowerWall	(-8.831045e-02 0.000000e+00 -1.516838e-06)	(-8.792971e-02 0.000000e+00 2.426155e-06)
2.490000e+04	lowerWall	(-8.830856e-02 0.000000e+00 -1.515103e-06)	(-8.792814e-02 0.000000e+00 2.423492e-06)
2.491000e+04	lowerWall	(-8.830668e-02 0.000000e+00 -1.513367e-06)	(-8.792658e-02 0.000000e+00 2.420833e-06)
2.492000e+04	lowerWall	(-8.830480e-02 0.000000e+00 -1.511629e-06)	(-8.792502e-02 0.000000e+00 2.418175e-06)
2.493000e+04	lowerWall	(-8.830293e-02 0.000000e+00 -1.509889e-06)	(-8.792346e-02 0.000000e+00 2.415521e-06)
2.494000e+04	lowerWall	(-8.830105e-02 0.000000e+00 -1.508149e-06)	(-8.792190e-02 0.000000e+00 2.412869e-06)
2.495000e+04	lowerWall	(-8.829918e-02 0.000000e+00 -1.506407e-06)	(-8.792035e-02 0.000000e+00 2.410219e-06)
2.496000e+04	lowerWall	(-8.829731e-02 0.000000e+00 -1.504664e-06)	(-8.791880e-02 0.000000e+00 2.407572e-06)
2.497000e+04	lowerWall	(-8.829544e-02 0.000000e+00 -1.502921e-06)	(-8.791725e-02 0.000000e+00 2.404928e-06)
2.498000e+04	lowerWall	(-8.829358e-02 0.000000e+00 -1.501176e-06)	(-8.791570e-02 0.000000e+00 2.402287e-06)
2.499000e+04	lowerWall	(-8.829171e-02 0.000000e+00 -1.499430e-06)	(-8.791415e-02 0.000000e+00 2.399648e-06)
2.500000e+04	lowerWall	(-8.828985e-02 0.000000e+00 -1.497684e-06)	(-8.791261e-02 0.000000e+00 2.397011e-06)
2.501000e+04	lowerWall	(-8.828799e-02 0.000000e+00 -1.495937e-06)	(-8.791107e-02 0.000000e+00 2.394378e-06)
2.502000e+04	lowerWall	(-8.828614e-02 0.000000e+00 -1.494188e-06)	(-8.790953e-02 0.000000e+00 2.391747e-06)
2.503000e+04	lowerWall	(-8.828428e-02 0.000000e+00 -1.492440e-06)	(-8.790799e-02 0.000000e+00 2.389118e-06)
2.504000e+04	lowerWall	(-8.828243e-02 0.000000e+00 -1.490690e-06)	(-8.790646e-02 0.000000e+00 2.386493e-06)
2.505000e+04	lowerWall	(-8.828058e-02 0.000000e+00 -1.488940e-06)	(-8.790493e-02 0.000000e+00 2.383870e-06)
2.506000e+04	lowerWall	(-8.827874e-02 0.000000e+00 -1.487189e-06)	(-8.790340e-02 0.000000e+00 2.381249e-06)
2.507000e+04	lowerWall	(-8.827689e-02 0.000000e+00 -1.485437e-06)	(-8.790187e-02 0.000000e+00 2.378632e-06)
2.508000e+04	lowerWall	(-8.827505e-02 0.000000e+00 -1.483685e-06)	(-8.790034e-02 0.000000e+00 2.376017e-06)
2.509000e+04	lowerWall	(-8.827321e-02 0.000000e+00 -1.481933e-06)	(-8.789882e-02 0.000000e+00 2.373405e-06)
2.510000e+04	lowerWall	(-8.827137e-02 0.000000e+00 -1.480179e-06)	(-8.789730e-02 0.000000e+00 2.370795e-06)
2.511000e+04	lowerWall	(-8.826953e-02 0.000000e+00 -1.478424e-06)	(-8.789578e-02 0.000000e+00 2.368189e-06)
2.512000e+04	lowerWall	(-8.826770e-02 0.000000e+00 -1.476665e-06)	(-8.789426e-02 0.000000e+00 2.365585e-06)
2.513000e+04	lowerWall	(-8.826587e-02 0.000000e+00 -1.474906e-06)	(-8.789275e-02 0.000000e+00 2.362985e-06)
2.514000e+04	lowerWall	(-8.826404e-02 0.000000e+00 -1.473148e-06)	(-8.789123e-02 0.000000e+00 2.360387e-06)
2.515000e+04	lowerWall	(-8.826222e-02 0.000000e+00 -1.471391e-06)	(-8.788972e-02 0.000000e+00 2.357792e-06)
2.516000e+04	lowerWall	(-8.826039e-02 0.000000e+00 -1.469635e-06)	(-8.788822e-02 0.000000e+00 2.355200e-06)
2.517000e+04	lowerWall	(-8.825857e-02 0.000000e+00 -1.467879e-06)	(-8.788671e-02 0.000000e+00 2.352610e-06)
2.518000e+04	lowerWall	(-8.825675e-02 0.000000e+00 -1.466123e-06)	(-8.788521e-02 0.000000e+00 2.350023e-06)
2.519000e+04	lowerWall	(-8.825493e-02 0.000000e+00 -1.464367e-06)	(-8.788370e-02 0.000000e+00 2.347439e-06)
2.520000e+04	lowerWall	(-8.825312e-02 0.000000e+00 -1.462611e-06)	(-8.788220e-02 0.000000e+00 2.344858e-06)
2.521000e+04	lowerWall	(-8.825130e-02 0.000000e+00 -1.460855e-06)	(-8.788070e-02 0.000000e+00 2.342279e-06)
2.522000e+04	lowerWall	(-8.824949e-02 0.000000e+00 -1.459099e-06)	(-8.787921e-02 0.000000e+00 2.339703e-06)
2.523000e+04	lowerWall	(-8.824769e-02 0.000000e+00 -1.457343e-06)	(-8.787772e-02 0.000000e+00 2.337130e-06)
2.524000e+04	lowerWall	(-8.824588e-02 0.000000e+00 -1.455588e-06)	(-8.787622e-02 0.000000e+00 2.334560e-06)
2.525000e+04	lowerWall	(-8.824408e-02 0.000000e+00 -1.453832e-06)	(-8.787473e-02 0.000000e+00 2.331992e-06)
2.526000e+04	lowerWall	(-8.824227e-02 0.000000e+00 -1.452077e-06)	(-8.787325e-02 0.000000e+00 2.329427e-06)
2.527000e+04	lowerWall	(-8.824047e-02 0.000000e+00 -1.450321e-06)	(-8.787176e-02 0.000000e+00 2.326865e-06)
2.528000e+04	lowerWall	(-8.823868e-02 0.000000e+00 -1.448566e-06)	(-8.787028e-02 0.000000e+00 2.324305e-06)
2.529000e+04	lowerWall	(-8.823688e-02 0.000000e+00 -1.446811e-06)	(-8.786880e-02 0.000000e+00 2.321749e-06)
2.530000e+04	lowerWall	(-8.823509e-02 0.000000e+00 -1.445057e-06)	(-8.786732e-02 0.000000e+00 2.319195e-06)
2.531000e+04	lowerWall	(-8.823330e-02 0.000000e+00 -1.443302e-06)	(-8.786584e-02 0.000000e+00 2.316644e-06)
2.532000e+04	lowerWall	(-8.823151e-02 0.000000e+00 -1.441548e-06)	(-8.786436e-02 0.000000e+00 2.314096e-06)
2.533000e+04	lowerWall	(-8.822972e-02 0.000000e+00 -1.439794e-06)	(-8.786289e-02 0.000000e+00 2.311551e-06)
2.534000e+04	lowerWall	(-8.822794e-02 0.000000e+00 -1.438040e-06)	(-8.786142e-02 0.000000e+00 2.309008e-06)
2.535000e+04	lowerWall	(-8.822616e-02 0.000000e+00 -1.436287e-06)	(-8.785995e-02 0.000000e+00 2.306468e-06)
2.536000e+04	lowerWall	(-8.822438e-02 0.000000e+00 -1.434535e-06)	(-8.785848e-02 0.000000e+00 2.303931e-06)
2.537000e+04	lowerWall	(-8.822260e-02 0.000000e+00 -1.432783e-06)	(-8.785702e-02 0.000000e+00 2.301397e-06)
2.538000e+04	lowerWall	(-8.822082e-02 0.000000e+00 -1.431031e-06)	(-8.785555e-02 0.000000e+00 2.298866e-06)
2.539000e+04	lowerWall	(-8.821905e-02 0.000000e+00 -1.429279e-06)	(-8.785409e-02 0.000000e+00 2.296337e-06)
2.540000e+04	lowerWall	(-8.821728e-02 0.000000e+00 -1.427528e-06)	(-8.785263e-02 0.000000e+00 2.293812e-06)
2.541000e+04	lowerWall	(-8.821551e-02 0.000000e+00 -1.425778e-06)	(-8.785118e-02 0.000000e+00 2.291289e-06)
2.542000e+04	lowerWall	(-8.821374e-02 0.000000e+00 -1.424028e-06)	(-8.784972e-02 0.000000e+00 2.288769e-06)
2.543000e+04	lowerWall	(-8.821198e-02 0.000000e+00 -1.422279e-06)	(-8.784827e-02 0.000000e+00 2.286252e-06)
2.544000e+04	lowerWall	(-8.821022e-02 0.000000e+00 -1.420530e-06)	(-8.784682e-02 0.000000e+00 2.283738e-06)
2.545000e+04	lowerWall	(-8.820846e-02 0.000000e+00 -1.418873e-06)	(-8.784537e-02 0.000000e+00 2.281226e-06)
2.546000e+04	lowerWall	(-8.820670e-02 0.000000e+00 -1.417231e-06)	(-8.784392e-02 0.000000e+00 2.278718e-06)
2.547000e+04	lowerWall	(-8.820494e-02 0.000000e+00 -1.415589e-06)	(-8.784248e-02 0.000000e+00 2.276212e-06)
2.548000e+04	lowerWall	(-8.820319e-02 0.000000e+00 -1.413948e-06)	(-8.784103e-02 0.000000e+00 2.273709e-06)
2.549000e+04	lowerWall	(-8.820144e-02 0.000000e+00 -1.412309e-06)	(-8.783959e-02 0.000000e+00 2.271209e-06)
2.550000e+04	lowerWall	(-8.819969e-02 0.000000e+00 -1.410670e-06)	(-8.783815e-02 0.000000e+00 2.268712e-06)
2.551000e+04	lowerWall	(-8.819794e-02 0.000000e+00 -1.409032e-06)	(-8.783671e-02 0.000000e+00 2.266217e-06)
2.552000e+04	lowerWall	(-8.819619e-02 0.000000e+00 -1.407391e-06)	(-8.783528e-02 0.000000e+00 2.263726e-06)
2.553000e+04	lowerWall	(-8.819445e-02 0.000000e+00 -1.405748e-06)	(-8.783385e-02 0.000000e+00 2.261237e-06)
2.554000e+04	lowerWall	(-8.819271e-02 0.000000e+00 -1.404105e-06)	(-8.783241e-02 0.000000e+00 2.258751e-06)
2.555000e+04	lowerWall	(-8.819097e-02 0.000000e+00 -1.402463e-06)	(-8.783098e-02 0.000000e+00 2.256268e-06)
2.556000e+04	lowerWall	(-8.818923e-02 0.000000e+00 -1.400822e-06)	(-8.782956e-02 0.000000e+00 2.253788e-06)
2.557000e+04	lowerWall	(-8.818750e-02 0.000000e+00 -1.399182e-06)	(-8.782813e-02 0.000000e+00 2.251311e-06)
2.558000e+04	lowerWall	(-8.818576e-02 0.000000e+00 -1.397539e-06)	(-8.782671e-02 0.000000e+00 2.248836e-06)
2.559000e+04	lowerWall	(-8.818403e-02 0.000000e+00 -1.395898e-06)	(-8.782529e-02 0.000000e+00 2.246364e-06)
2.560000e+04	lowerWall	(-8.818231e-02 0.000000e+00 -1.394261e-06)	(-8.782387e-02 0.000000e+00 2.243895e-06)
2.561000e+04	lowerWall	(-8.818058e-02 0.000000e+00 -1.392626e-06)	(-8.782245e-02 0.000000e+00 2.241429e-06)
2.562000e+04	lowerWall	(-8.817885e-02 0.000000e+00 -1.390994e-06)	(-8.782103e-02 0.000000e+00 2.238965e-06)
2.563000e+04	lowerWall	(-8.817713e-02 0.000000e+00 -1.389365e-06)	(-8.781962e-02 0.000000e+00 2.236505e-06)
2.564000e+04	lowerWall	(-8.817541e-02 0.000000e+00 -1.387736e-06)	(-8.781820e-02 0.000000e+00 2.234047e-06)
2.565000e+04	lowerWall	(-8.817369e-02 0.000000e+00 -1.386110e-06)	(-8.781679e-02 0.000000e+00 2.231593e-06)
2.566000e+04	lowerWall	(-8.817198e-02 0.000000e+00 -1.384484e-06)	(-8.781539e-02 0.000000e+00 2.229141e-06)
2.567000e+04	lowerWall	(-8.817026e-02 0.000000e+00 -1.382859e-06)	(-8.781398e-02 0.000000e+00 2.226692e-06)
2.568000e+04	lowerWall	(-8.816855e-02 0.000000e+00 -1.381236e-06)	(-8.781257e-02 0.000000e+00 2.224246e-06)
2.569000e+04	lowerWall	(-8.816684e-02 0.000000e+00 -1.379613e-06)	(-8.781117e-02 0.000000e+00 2.221803e-06)
2.570000e+04	lowerWall	(-8.816513e-02 0.000000e+00 -1.377992e-06)	(-8.780977e-02 0.000000e+00 2.219363e-06)
2.571000e+04	lowerWall	(-8.816343e-02 0.000000e+00 -1.376371e-06)	(-8.780837e-02 0.000000e+00 2.216925e-06)
2.572000e+04	lowerWall	(-8.816173e-02 0.000000e+00 -1.374748e-06)	(-8.780697e-02 0.000000e+00 2.214491e-06)
2.573000e+04	lowerWall	(-8.816002e-02 0.000000e+00 -1.373120e-06)	(-8.780558e-02 0.000000e+00 2.212059e-06)
2.574000e+04	lowerWall	(-8.815832e-02 0.000000e+00 -1.371493e-06)	(-8.780418e-02 0.000000e+00 2.209630e-06)
2.575000e+04	lowerWall	(-8.815663e-02 0.000000e+00 -1.369867e-06)	(-8.780279e-02 0.000000e+00 2.207204e-06)
2.576000e+04	lowerWall	(-8.815493e-02 0.000000e+00 -1.368242e-06)	(-8.780140e-02 0.000000e+00 2.204781e-06)
2.577000e+04	lowerWall	(-8.815324e-02 0.000000e+00 -1.366614e-06)	(-8.780002e-02 0.000000e+00 2.202361e-06)
2.578000e+04	lowerWall	(-8.815155e-02 0.000000e+00 -1.364990e-06)	(-8.779863e-02 0.000000e+00 2.199944e-06)
2.579000e+04	lowerWall	(-8.814986e-02 0.000000e+00 -1.363370e-06)	(-8.779724e-02 0.000000e+00 2.197529e-06)
2.580000e+04	lowerWall	(-8.814817e-02 0.000000e+00 -1.361755e-06)	(-8.779586e-02 0.000000e+00 2.195118e-06)
2.581000e+04	lowerWall	(-8.814649e-02 0.000000e+00 -1.360143e-06)	(-8.779448e-02 0.000000e+00 2.192709e-06)
2.582000e+04	lowerWall	(-8.814480e-02 0.000000e+00 -1.358534e-06)	(-8.779310e-02 0.000000e+00 2.190303e-06)
2.583000e+04	lowerWall	(-8.814312e-02 0.000000e+00 -1.356927e-06)	(-8.779173e-02 0.000000e+00 2.187899e-06)
2.584000e+04	lowerWall	(-8.814144e-02 0.000000e+00 -1.355321e-06)	(-8.779035e-02 0.000000e+00 2.185499e-06)
2.585000e+04	lowerWall	(-8.813976e-02 0.000000e+00 -1.353718e-06)	(-8.778898e-02 0.000000e+00 2.183102e-06)
2.586000e+04	lowerWall	(-8.813809e-02 0.000000e+00 -1.352115e-06)	(-8.778761e-02 0.000000e+00 2.180707e-06)
2.587000e+04	lowerWall	(-8.813642e-02 0.000000e+00 -1.350513e-06)	(-8.778624e-02 0.000000e+00 2.178315e-06)
2.588000e+04	lowerWall	(-8.813474e-02 0.000000e+00 -1.348912e-06)	(-8.778487e-02 0.000000e+00 2.175927e-06)
2.589000e+04	lowerWall	(-8.813308e-02 0.000000e+00 -1.347311e-06)	(-8.778350e-02 0.000000e+00 2.173541e-06)
2.590000e+04	lowerWall	(-8.813141e-02 0.000000e+00 -1.345709e-06)	(-8.778214e-02 0.000000e+00 2.171158e-06)
2.591000e+04	lowerWall	(-8.812974e-02 0.000000e+00 -1.344116e-06)	(-8.778078e-02 0.000000e+00 2.168777e-06)
2.592000e+04	lowerWall	(-8.812808e-02 0.000000e+00 -1.342525e-06)	(-8.777941e-02 0.000000e+00 2.166399e-06)
2.593000e+04	lowerWall	(-8.812642e-02 0.000000e+00 -1.340935e-06)	(-8.777806e-02 0.000000e+00 2.164025e-06)
2.594000e+04	lowerWall	(-8.812476e-02 0.000000e+00 -1.339345e-06)	(-8.777670e-02 0.000000e+00 2.161653e-06)
2.595000e+04	lowerWall	(-8.812310e-02 0.000000e+00 -1.337756e-06)	(-8.777534e-02 0.000000e+00 2.159284e-06)
2.596000e+04	lowerWall	(-8.812145e-02 0.000000e+00 -1.336177e-06)	(-8.777399e-02 0.000000e+00 2.156918e-06)
2.597000e+04	lowerWall	(-8.811979e-02 0.000000e+00 -1.334594e-06)	(-8.777264e-02 0.000000e+00 2.154554e-06)
2.598000e+04	lowerWall	(-8.811814e-02 0.000000e+00 -1.333010e-06)	(-8.777129e-02 0.000000e+00 2.152194e-06)
2.599000e+04	lowerWall	(-8.811649e-02 0.000000e+00 -1.331425e-06)	(-8.776994e-02 0.000000e+00 2.149836e-06)
2.600000e+04	lowerWall	(-8.811485e-02 0.000000e+00 -1.329839e-06)	(-8.776859e-02 0.000000e+00 2.147481e-06)
2.601000e+04	lowerWall	(-8.811320e-02 0.000000e+00 -1.328253e-06)	(-8.776725e-02 0.000000e+00 2.145129e-06)
2.602000e+04	lowerWall	(-8.811156e-02 0.000000e+00 -1.326667e-06)	(-8.776591e-02 0.000000e+00 2.142780e-06)
2.603000e+04	lowerWall	(-8.810991e-02 0.000000e+00 -1.325081e-06)	(-8.776456e-02 0.000000e+00 2.140434e-06)
2.604000e+04	lowerWall	(-8.810828e-02 0.000000e+00 -1.323494e-06)	(-8.776323e-02 0.000000e+00 2.138091e-06)
2.605000e+04	lowerWall	(-8.810664e-02 0.000000e+00 -1.321908e-06)	(-8.776189e-02 0.000000e+00 2.135750e-06)
2.606000e+04	lowerWall	(-8.810500e-02 0.000000e+00 -1.320321e-06)	(-8.776055e-02 0.000000e+00 2.133412e-06)
2.607000e+04	lowerWall	(-8.810337e-02 0.000000e+00 -1.318735e-06)	(-8.775922e-02 0.000000e+00 2.131077e-06)
2.608000e+04	lowerWall	(-8.810174e-02 0.000000e+00 -1.317149e-06)	(-8.775788e-02 0.000000e+00 2.128745e-06)
2.609000e+04	lowerWall	(-8.810011e-02 0.000000e+00 -1.315570e-06)	(-8.775655e-02 0.000000e+00 2.126416e-06)
2.610000e+04	lowerWall	(-8.809848e-02 0.000000e+00 -1.313999e-06)	(-8.775523e-02 0.000000e+00 2.124089e-06)
2.611000e+04	lowerWall	(-8.809685e-02 0.000000e+00 -1.312429e-06)	(-8.775390e-02 0.000000e+00 2.121765e-06)
2.612000e+04	lowerWall	(-8.809523e-02 0.000000e+00 -1.310859e-06)	(-8.775257e-02 0.000000e+00 2.119443e-06)
2.613000e+04	lowerWall	(-8.809361e-02 0.000000e+00 -1.309291e-06)	(-8.775125e-02 0.000000e+00 2.117125e-06)
2.614000e+04	lowerWall	(-8.809199e-02 0.000000e+00 -1.307735e-06)	(-8.774993e-02 0.000000e+00 2.114808e-06)
2.615000e+04	lowerWall	(-8.809037e-02 0.000000e+00 -1.306177e-06)	(-8.774861e-02 0.000000e+00 2.112495e-06)
2.616000e+04	lowerWall	(-8.808875e-02 0.000000e+00 -1.304618e-06)	(-8.774729e-02 0.000000e+00 2.110184e-06)
2.617000e+04	lowerWall	(-8.808714e-02 0.000000e+00 -1.303059e-06)	(-8.774597e-02 0.000000e+00 2.107877e-06)
2.618000e+04	lowerWall	(-8.808553e-02 0.000000e+00 -1.301501e-06)	(-8.774466e-02 0.000000e+00 2.105572e-06)
2.619000e+04	lowerWall	(-8.808392e-02 0.000000e+00 -1.299943e-06)	(-8.774334e-02 0.000000e+00 2.103270e-06)
2.620000e+04	lowerWall	(-8.808231e-02 0.000000e+00 -1.298387e-06)	(-8.774203e-02 0.000000e+00 2.100971e-06)
2.621000e+04	lowerWall	(-8.808070e-02 0.000000e+00 -1.296831e-06)	(-8.774072e-02 0.000000e+00 2.098675e-06)
2.622000e+04	lowerWall	(-8.807910e-02 0.000000e+00 -1.295275e-06)	(-8.773941e-02 0.000000e+00 2.096384e-06)
2.623000e+04	lowerWall	(-8.807749e-02 0.000000e+00 -1.293720e-06)	(-8.773810e-02 0.000000e+00 2.094118e-06)
2.624000e+04	lowerWall	(-8.807589e-02 0.000000e+00 -1.292166e-06)	(-8.773680e-02 0.000000e+00 2.091854e-06)
2.625000e+04	lowerWall	(-8.807429e-02 0.000000e+00 -1.290612e-06)	(-8.773550e-02 0.000000e+00 2.089594e-06)
2.626000e+04	lowerWall	(-8.807270e-02 0.000000e+00 -1.289058e-06)	(-8.773419e-02 0.000000e+00 2.087336e-06)
2.627000e+04	lowerWall	(-8.807110e-02 0.000000e+00 -1.287503e-06)	(-8.773289e-02 0.000000e+00 2.085081e-06)
2.628000e+04	lowerWall	(-8.806951e-02 0.000000e+00 -1.285958e-06)	(-8.773160e-02 0.000000e+00 2.082829e-06)
2.629000e+04	lowerWall	(-8.806792e-02 0.000000e+00 -1.284416e-06)	(-8.773030e-02 0.000000e+00 2.080580e-06)
2.630000e+04	lowerWall	(-8.806633e-02 0.000000e+00 -1.282875e-06)	(-8.772900e-02 0.000000e+00 2.078333e-06)
2.631000e+04	lowerWall	(-8.806474e-02 0.000000e+00 -1.281334e-06)	(-8.772771e-02 0.000000e+00 2.076090e-06)
2.632000e+04	lowerWall	(-8.806315e-02 0.000000e+00 -1.279794e-06)	(-8.772642e-02 0.000000e+00 2.073849e-06)
2.633000e+04	lowerWall	(-8.806157e-02 0.000000e+00 -1.278255e-06)	(-8.772513e-02 0.000000e+00 2.071611e-06)
2.634000e+04	lowerWall	(-8.805999e-02 0.000000e+00 -1.276718e-06)	(-8.772384e-02 0.000000e+00 2.069376e-06)
2.635000e+04	lowerWall	(-8.805841e-02 0.000000e+00 -1.275182e-06)	(-8.772255e-02 0.000000e+00 2.067144e-06)
2.636000e+04	lowerWall	(-8.805683e-02 0.000000e+00 -1.273648e-06)	(-8.772127e-02 0.000000e+00 2.064914e-06)
2.637000e+04	lowerWall	(-8.805525e-02 0.000000e+00 -1.272115e-06)	(-8.771999e-02 0.000000e+00 2.062688e-06)
2.638000e+04	lowerWall	(-8.805368e-02 0.000000e+00 -1.270583e-06)	(-8.771870e-02 0.000000e+00 2.060464e-06)
2.639000e+04	lowerWall	(-8.805211e-02 0.000000e+00 -1.269053e-06)	(-8.771742e-02 0.000000e+00 2.058243e-06)
2.640000e+04	lowerWall	(-8.805053e-02 0.000000e+00 -1.267525e-06)	(-8.771615e-02 0.000000e+00 2.056025e-06)
2.641000e+04	lowerWall	(-8.804897e-02 0.000000e+00 -1.265998e-06)	(-8.771487e-02 0.000000e+00 2.053810e-06)
2.642000e+04	lowerWall	(-8.804740e-02 0.000000e+00 -1.264473e-06)	(-8.771359e-02 0.000000e+00 2.051598e-06)
2.643000e+04	lowerWall	(-8.804583e-02 0.000000e+00 -1.262950e-06)	(-8.771232e-02 0.000000e+00 2.049388e-06)
2.644000e+04	lowerWall	(-8.804427e-02 0.000000e+00 -1.261428e-06)	(-8.771105e-02 0.000000e+00 2.047181e-06)
2.645000e+04	lowerWall	(-8.804271e-02 0.000000e+00 -1.259908e-06)	(-8.770978e-02 0.000000e+00 2.044977e-06)
2.646000e+04	lowerWall	(-8.804115e-02 0.000000e+00 -1.258389e-06)	(-8.770851e-02 0.000000e+00 2.042776e-06)
2.647000e+04	lowerWall	(-8.803959e-02 0.000000e+00 -1.256873e-06)	(-8.770724e-02 0.000000e+00 2.040578e-06)
2.648000e+04	lowerWall	(-8.803803e-02 0.000000e+00 -1.255358e-06)	(-8.770598e-02 0.000000e+00 2.038382e-06)
2.649000e+04	lowerWall	(-8.803648e-02 0.000000e+00 -1.253845e-06)	(-8.770471e-02 0.000000e+00 2.036189e-06)
2.650000e+04	lowerWall	(-8.803493e-02 0.000000e+00 -1.252333e-06)	(-8.770345e-02 0.000000e+00 2.033999e-06)
2.651000e+04	lowerWall	(-8.803338e-02 0.000000e+00 -1.250822e-06)	(-8.770219e-02 0.000000e+00 2.031812e-06)
2.652000e+04	lowerWall	(-8.803183e-02 0.000000e+00 -1.249313e-06)	(-8.770093e-02 0.000000e+00 2.029628e-06)
2.653000e+04	lowerWall	(-8.803028e-02 0.000000e+00 -1.247806e-06)	(-8.769967e-02 0.000000e+00 2.027446e-06)
2.654000e+04	lowerWall	(-8.802874e-02 0.000000e+00 -1.246301e-06)	(-8.769842e-02 0.000000e+00 2.025267e-06)
2.655000e+04	lowerWall	(-8.802719e-02 0.000000e+00 -1.244797e-06)	(-8.769716e-02 0.000000e+00 2.023091e-06)
2.656000e+04	lowerWall	(-8.802565e-02 0.000000e+00 -1.243296e-06)	(-8.769591e-02 0.000000e+00 2.020918e-06)
2.657000e+04	lowerWall	(-8.802411e-02 0.000000e+00 -1.241795e-06)	(-8.769466e-02 0.000000e+00 2.018748e-06)
2.658000e+04	lowerWall	(-8.802258e-02 0.000000e+00 -1.240297e-06)	(-8.769341e-02 0.000000e+00 2.016580e-06)
2.659000e+04	lowerWall	(-8.802104e-02 0.000000e+00 -1.238800e-06)	(-8.769216e-02 0.000000e+00 2.014415e-06)
2.660000e+04	lowerWall	(-8.801951e-02 0.000000e+00 -1.237305e-06)	(-8.769092e-02 0.000000e+00 2.012253e-06)
2.661000e+04	lowerWall	(-8.801797e-02 0.000000e+00 -1.235812e-06)	(-8.768967e-02 0.000000e+00 2.010094e-06)
2.662000e+04	lowerWall	(-8.801644e-02 0.000000e+00 -1.234320e-06)	(-8.768843e-02 0.000000e+00 2.007937e-06)
2.663000e+04	lowerWall	(-8.801491e-02 0.000000e+00 -1.232830e-06)	(-8.768719e-02 0.000000e+00 2.005783e-06)
2.664000e+04	lowerWall	(-8.801339e-02 0.000000e+00 -1.231342e-06)	(-8.768595e-02 0.000000e+00 2.003632e-06)
2.665000e+04	lowerWall	(-8.801186e-02 0.000000e+00 -1.229856e-06)	(-8.768471e-02 0.000000e+00 2.001484e-06)
2.666000e+04	lowerWall	(-8.801034e-02 0.000000e+00 -1.228371e-06)	(-8.768347e-02 0.000000e+00 1.999338e-06)
2.667000e+04	lowerWall	(-8.800882e-02 0.000000e+00 -1.226888e-06)	(-8.768224e-02 0.000000e+00 1.997195e-06)
2.668000e+04	lowerWall	(-8.800730e-02 0.000000e+00 -1.225407e-06)	(-8.768101e-02 0.000000e+00 1.995055e-06)
2.669000e+04	lowerWall	(-8.800578e-02 0.000000e+00 -1.223927e-06)	(-8.767977e-02 0.000000e+00 1.992917e-06)
2.670000e+04	lowerWall	(-8.800426e-02 0.000000e+00 -1.222449e-06)	(-8.767854e-02 0.000000e+00 1.990783e-06)
2.671000e+04	lowerWall	(-8.800275e-02 0.000000e+00 -1.220974e-06)	(-8.767731e-02 0.000000e+00 1.988651e-06)
2.672000e+04	lowerWall	(-8.800124e-02 0.000000e+00 -1.219500e-06)	(-8.767609e-02 0.000000e+00 1.986521e-06)
2.673000e+04	lowerWall	(-8.799973e-02 0.000000e+00 -1.218027e-06)	(-8.767486e-02 0.000000e+00 1.984395e-06)
2.674000e+04	lowerWall	(-8.799822e-02 0.000000e+00 -1.216557e-06)	(-8.767364e-02 0.000000e+00 1.982271e-06)
2.675000e+04	lowerWall	(-8.799671e-02 0.000000e+00 -1.215088e-06)	(-8.767241e-02 0.000000e+00 1.980150e-06)
2.676000e+04	lowerWall	(-8.799520e-02 0.000000e+00 -1.213620e-06)	(-8.767119e-02 0.000000e+00 1.978032e-06)
2.677000e+04	lowerWall	(-8.799370e-02 0.000000e+00 -1.212155e-06)	(-8.766997e-02 0.000000e+00 1.975916e-06)
2.678000e+04	lowerWall	(-8.799220e-02 0.000000e+00 -1.210691e-06)	(-8.766875e-02 0.000000e+00 1.973803e-06)
2.679000e+04	lowerWall	(-8.799070e-02 0.000000e+00 -1.209229e-06)	(-8.766754e-02 0.000000e+00 1.971693e-06)
2.680000e+04	lowerWall	(-8.798920e-02 0.000000e+00 -1.207768e-06)	(-8.766632e-02 0.000000e+00 1.969585e-06)
2.681000e+04	lowerWall	(-8.798770e-02 0.000000e+00 -1.206310e-06)	(-8.766511e-02 0.000000e+00 1.967480e-06)
2.682000e+04	lowerWall	(-8.798621e-02 0.000000e+00 -1.204854e-06)	(-8.766390e-02 0.000000e+00 1.965378e-06)
2.683000e+04	lowerWall	(-8.798471e-02 0.000000e+00 -1.203399e-06)	(-8.766269e-02 0.000000e+00 1.963279e-06)
2.684000e+04	lowerWall	(-8.798322e-02 0.000000e+00 -1.201946e-06)	(-8.766148e-02 0.000000e+00 1.961182e-06)
2.685000e+04	lowerWall	(-8.798173e-02 0.000000e+00 -1.200495e-06)	(-8.766027e-02 0.000000e+00 1.959088e-06)
2.686000e+04	lowerWall	(-8.798025e-02 0.000000e+00 -1.199045e-06)	(-8.765907e-02 0.000000e+00 1.956997e-06)
2.687000e+04	lowerWall	(-8.797876e-02 0.000000e+00 -1.197596e-06)	(-8.765786e-02 0.000000e+00 1.954908e-06)
2.688000e+04	lowerWall	(-8.797727e-02 0.000000e+00 -1.196150e-06)	(-8.765666e-02 0.000000e+00 1.952822e-06)
2.689000e+04	lowerWall	(-8.797579e-02 0.000000e+00 -1.194705e-06)	(-8.765546e-02 0.000000e+00 1.950739e-06)
2.690000e+04	lowerWall	(-8.797431e-02 0.000000e+00 -1.193262e-06)	(-8.765426e-02 0.000000e+00 1.948658e-06)
2.691000e+04	lowerWall	(-8.797283e-02 0.000000e+00 -1.191821e-06)	(-8.765306e-02 0.000000e+00 1.946580e-06)
2.692000e+04	lowerWall	(-8.797135e-02 0.000000e+00 -1.190382e-06)	(-8.765186e-02 0.000000e+00 1.944505e-06)
2.693000e+04	lowerWall	(-8.796988e-02 0.000000e+00 -1.188944e-06)	(-8.765067e-02 0.000000e+00 1.942433e-06)
2.694000e+04	lowerWall	(-8.796840e-02 0.000000e+00 -1.187509e-06)	(-8.764947e-02 0.000000e+00 1.940363e-06)
2.695000e+04	lowerWall	(-8.796693e-02 0.000000e+00 -1.186075e-06)	(-8.764828e-02 0.000000e+00 1.938296e-06)
2.696000e+04	lowerWall	(-8.796546e-02 0.000000e+00 -1.184642e-06)	(-8.764709e-02 0.000000e+00 1.936231e-06)
2.697000e+04	lowerWall	(-8.796399e-02 0.000000e+00 -1.183212e-06)	(-8.764590e-02 0.000000e+00 1.934169e-06)
2.698000e+04	lowerWall	(-8.796253e-02 0.000000e+00 -1.181783e-06)	(-8.764471e-02 0.000000e+00 1.932110e-06)
2.699000e+04	lowerWall	(-8.796106e-02 0.000000e+00 -1.180356e-06)	(-8.764353e-02 0.000000e+00 1.930053e-06)
2.700000e+04	lowerWall	(-8.795960e-02 0.000000e+00 -1.178930e-06)	(-8.764234e-02 0.000000e+00 1.927999e-06)
2.701000e+04	lowerWall	(-8.795813e-02 0.000000e+00 -1.177507e-06)	(-8.764116e-02 0.000000e+00 1.925948e-06)
2.702000e+04	lowerWall	(-8.795667e-02 0.000000e+00 -1.176086e-06)	(-8.763998e-02 0.000000e+00 1.923899e-06)
2.703000e+04	lowerWall	(-8.795522e-02 0.000000e+00 -1.174667e-06)	(-8.763880e-02 0.000000e+00 1.921853e-06)
2.704000e+04	lowerWall	(-8.795376e-02 0.000000e+00 -1.173250e-06)	(-8.763762e-02 0.000000e+00 1.919810e-06)
2.705000e+04	lowerWall	(-8.795230e-02 0.000000e+00 -1.171834e-06)	(-8.763644e-02 0.000000e+00 1.917769e-06)
2.706000e+04	lowerWall	(-8.795085e-02 0.000000e+00 -1.170419e-06)	(-8.763526e-02 0.000000e+00 1.915731e-06)
2.707000e+04	lowerWall	(-8.794940e-02 0.000000e+00 -1.169006e-06)	(-8.763409e-02 0.000000e+00 1.913696e-06)
2.708000e+04	lowerWall	(-8.794795e-02 0.000000e+00 -1.167596e-06)	(-8.763292e-02 0.000000e+00 1.911663e-06)
2.709000e+04	lowerWall	(-8.794650e-02 0.000000e+00 -1.166187e-06)	(-8.763174e-02 0.000000e+00 1.909632e-06)
2.710000e+04	lowerWall	(-8.794505e-02 0.000000e+00 -1.164780e-06)	(-8.763057e-02 0.000000e+00 1.907605e-06)
2.711000e+04	lowerWall	(-8.794361e-02 0.000000e+00 -1.163375e-06)	(-8.762941e-02 0.000000e+00 1.905580e-06)
2.712000e+04	lowerWall	(-8.794216e-02 0.000000e+00 -1.161972e-06)	(-8.762824e-02 0.000000e+00 1.903557e-06)
2.713000e+04	lowerWall	(-8.794072e-02 0.000000e+00 -1.160570e-06)	(-8.762707e-02 0.000000e+00 1.901538e-06)
2.714000e+04	lowerWall	(-8.793928e-02 0.000000e+00 -1.159170e-06)	(-8.762591e-02 0.000000e+00 1.899521e-06)
2.715000e+04	lowerWall	(-8.793784e-02 0.000000e+00 -1.157772e-06)	(-8.762475e-02 0.000000e+00 1.897506e-06)
2.716000e+04	lowerWall	(-8.793641e-02 0.000000e+00 -1.156375e-06)	(-8.762358e-02 0.000000e+00 1.895494e-06)
2.717000e+04	lowerWall	(-8.793497e-02 0.000000e+00 -1.154981e-06)	(-8.762242e-02 0.000000e+00 1.893485e-06)
2.718000e+04	lowerWall	(-8.793354e-02 0.000000e+00 -1.153588e-06)	(-8.762127e-02 0.000000e+00 1.891478e-06)
2.719000e+04	lowerWall	(-8.793211e-02 0.000000e+00 -1.152197e-06)	(-8.762011e-02 0.000000e+00 1.889474e-06)
2.720000e+04	lowerWall	(-8.793068e-02 0.000000e+00 -1.150808e-06)	(-8.761895e-02 0.000000e+00 1.887472e-06)
2.721000e+04	lowerWall	(-8.792925e-02 0.000000e+00 -1.149421e-06)	(-8.761780e-02 0.000000e+00 1.885473e-06)
2.722000e+04	lowerWall	(-8.792782e-02 0.000000e+00 -1.148036e-06)	(-8.761665e-02 0.000000e+00 1.883477e-06)
2.723000e+04	lowerWall	(-8.792640e-02 0.000000e+00 -1.146653e-06)	(-8.761549e-02 0.000000e+00 1.881483e-06)
2.724000e+04	lowerWall	(-8.792497e-02 0.000000e+00 -1.145271e-06)	(-8.761434e-02 0.000000e+00 1.879491e-06)
2.725000e+04	lowerWall	(-8.792355e-02 0.000000e+00 -1.143891e-06)	(-8.761320e-02 0.000000e+00 1.877503e-06)
2.726000e+04	lowerWall	(-8.792213e-02 0.000000e+00 -1.142512e-06)	(-8.761205e-02 0.000000e+00 1.875517e-06)
2.727000e+04	lowerWall	(-8.792071e-02 0.000000e+00 -1.141136e-06)	(-8.761090e-02 0.000000e+00 1.873533e-06)
2.728000e+04	lowerWall	(-8.791930e-02 0.000000e+00 -1.139760e-06)	(-8.760976e-02 0.000000e+00 1.871553e-06)
2.729000e+04	lowerWall	(-8.791788e-02 0.000000e+00 -1.138387e-06)	(-8.760862e-02 0.000000e+00 1.869574e-06)
2.730000e+04	lowerWall	(-8.791647e-02 0.000000e+00 -1.137015e-06)	(-8.760748e-02 0.000000e+00 1.867599e-06)
2.731000e+04	lowerWall	(-8.791506e-02 0.000000e+00 -1.135645e-06)	(-8.760634e-02 0.000000e+00 1.865626e-06)
2.732000e+04	lowerWall	(-8.791365e-02 0.000000e+00 -1.134277e-06)	(-8.760520e-02 0.000000e+00 1.863655e-06)
2.733000e+04	lowerWall	(-8.791224e-02 0.000000e+00 -1.132911e-06)	(-8.760406e-02 0.000000e+00 1.861687e-06)
2.734000e+04	lowerWall	(-8.791083e-02 0.000000e+00 -1.131547e-06)	(-8.760292e-02 0.000000e+00 1.859722e-06)
2.735000e+04	lowerWall	(-8.790942e-02 0.000000e+00 -1.130184e-06)	(-8.760179e-02 0.000000e+00 1.857759e-06)
2.736000e+04	lowerWall	(-8.790802e-02 0.000000e+00 -1.128824e-06)	(-8.760066e-02 0.000000e+00 1.855799e-06)
2.737000e+04	lowerWall	(-8.790662e-02 0.000000e+00 -1.127465e-06)	(-8.759952e-02 0.000000e+00 1.853841e-06)
2.738000e+04	lowerWall	(-8.790522e-02 0.000000e+00 -1.126108e-06)	(-8.759839e-02 0.000000e+00 1.851886e-06)
2.739000e+04	lowerWall	(-8.790382e-02 0.000000e+00 -1.124752e-06)	(-8.759727e-02 0.000000e+00 1.849933e-06)
2.740000e+04	lowerWall	(-8.790242e-02 0.000000e+00 -1.123399e-06)	(-8.759614e-02 0.000000e+00 1.847983e-06)
2.741000e+04	lowerWall	(-8.790103e-02 0.000000e+00 -1.122047e-06)	(-8.759501e-02 0.000000e+00 1.846035e-06)
2.742000e+04	lowerWall	(-8.789963e-02 0.000000e+00 -1.120697e-06)	(-8.759389e-02 0.000000e+00 1.844090e-06)
2.743000e+04	lowerWall	(-8.789824e-02 0.000000e+00 -1.119349e-06)	(-8.759277e-02 0.000000e+00 1.842148e-06)
2.744000e+04	lowerWall	(-8.789685e-02 0.000000e+00 -1.118003e-06)	(-8.759164e-02 0.000000e+00 1.840208e-06)
2.745000e+04	lowerWall	(-8.789546e-02 0.000000e+00 -1.116659e-06)	(-8.759052e-02 0.000000e+00 1.838270e-06)
2.746000e+04	lowerWall	(-8.789407e-02 0.000000e+00 -1.115316e-06)	(-8.758940e-02 0.000000e+00 1.836335e-06)
2.747000e+04	lowerWall	(-8.789269e-02 0.000000e+00 -1.113975e-06)	(-8.758829e-02 0.000000e+00 1.834403e-06)
2.748000e+04	lowerWall	(-8.789130e-02 0.000000e+00 -1.112636e-06)	(-8.758717e-02 0.000000e+00 1.832473e-06)
2.749000e+04	lowerWall	(-8.788992e-02 0.000000e+00 -1.111299e-06)	(-8.758606e-02 0.000000e+00 1.830545e-06)
2.750000e+04	lowerWall	(-8.788854e-02 0.000000e+00 -1.109963e-06)	(-8.758494e-02 0.000000e+00 1.828621e-06)
2.751000e+04	lowerWall	(-8.788716e-02 0.000000e+00 -1.108630e-06)	(-8.758383e-02 0.000000e+00 1.826698e-06)
2.752000e+04	lowerWall	(-8.788578e-02 0.000000e+00 -1.107298e-06)	(-8.758272e-02 0.000000e+00 1.824778e-06)
2.753000e+04	lowerWall	(-8.788441e-02 0.000000e+00 -1.105968e-06)	(-8.758161e-02 0.000000e+00 1.822861e-06)
2.754000e+04	lowerWall	(-8.788303e-02 0.000000e+00 -1.104640e-06)	(-8.758050e-02 0.000000e+00 1.820946e-06)
2.755000e+04	lowerWall	(-8.788166e-02 0.000000e+00 -1.103313e-06)	(-8.757939e-02 0.000000e+00 1.819067e-06)
2.756000e+04	lowerWall	(-8.788029e-02 0.000000e+00 -1.101988e-06)	(-8.757829e-02 0.000000e+00 1.817205e-06)
2.757000e+04	lowerWall	(-8.787892e-02 0.000000e+00 -1.100666e-06)	(-8.757719e-02 0.000000e+00 1.815346e-06)
2.758000e+04	lowerWall	(-8.787755e-02 0.000000e+00 -1.099345e-06)	(-8.757608e-02 0.000000e+00 1.813489e-06)
2.759000e+04	lowerWall	(-8.787618e-02 0.000000e+00 -1.098025e-06)	(-8.757498e-02 0.000000e+00 1.811635e-06)
2.760000e+04	lowerWall	(-8.787482e-02 0.000000e+00 -1.096708e-06)	(-8.757388e-02 0.000000e+00 1.809783e-06)
2.761000e+04	lowerWall	(-8.787345e-02 0.000000e+00 -1.095392e-06)	(-8.757278e-02 0.000000e+00 1.807934e-06)
2.762000e+04	lowerWall	(-8.787209e-02 0.000000e+00 -1.094078e-06)	(-8.757169e-02 0.000000e+00 1.806087e-06)
2.763000e+04	lowerWall	(-8.787073e-02 0.000000e+00 -1.092766e-06)	(-8.757059e-02 0.000000e+00 1.804243e-06)
2.764000e+04	lowerWall	(-8.786937e-02 0.000000e+00 -1.091456e-06)	(-8.756950e-02 0.000000e+00 1.802401e-06)
2.765000e+04	lowerWall	(-8.786801e-02 0.000000e+00 -1.090148e-06)	(-8.756840e-02 0.000000e+00 1.800562e-06)
2.766000e+04	lowerWall	(-8.786666e-02 0.000000e+00 -1.088842e-06)	(-8.756731e-02 0.000000e+00 1.798725e-06)
2.767000e+04	lowerWall	(-8.786530e-02 0.000000e+00 -1.087537e-06)	(-8.756622e-02 0.000000e+00 1.796890e-06)
2.768000e+04	lowerWall	(-8.786395e-02 0.000000e+00 -1.086235e-06)	(-8.756513e-02 0.000000e+00 1.795058e-06)
2.769000e+04	lowerWall	(-8.786260e-02 0.000000e+00 -1.084934e-06)	(-8.756404e-02 0.000000e+00 1.793228e-06)
2.770000e+04	lowerWall	(-8.786125e-02 0.000000e+00 -1.083634e-06)	(-8.756296e-02 0.000000e+00 1.791401e-06)
2.771000e+04	lowerWall	(-8.785990e-02 0.000000e+00 -1.082337e-06)	(-8.756187e-02 0.000000e+00 1.789577e-06)
2.772000e+04	lowerWall	(-8.785856e-02 0.000000e+00 -1.081041e-06)	(-8.756079e-02 0.000000e+00 1.787754e-06)
2.773000e+04	lowerWall	(-8.785721e-02 0.000000e+00 -1.079747e-06)	(-8.755970e-02 0.000000e+00 1.785935e-06)
2.774000e+04	lowerWall	(-8.785587e-02 0.000000e+00 -1.078455e-06)	(-8.755862e-02 0.000000e+00 1.784117e-06)
2.775000e+04	lowerWall	(-8.785453e-02 0.000000e+00 -1.077165e-06)	(-8.755754e-02 0.000000e+00 1.782302e-06)
2.776000e+04	lowerWall	(-8.785319e-02 0.000000e+00 -1.075876e-06)	(-8.755647e-02 0.000000e+00 1.780490e-06)
2.777000e+04	lowerWall	(-8.785185e-02 0.000000e+00 -1.074589e-06)	(-8.755539e-02 0.000000e+00 1.778680e-06)
2.778000e+04	lowerWall	(-8.785051e-02 0.000000e+00 -1.073303e-06)	(-8.755431e-02 0.000000e+00 1.776872e-06)
2.779000e+04	lowerWall	(-8.784917e-02 0.000000e+00 -1.072020e-06)	(-8.755324e-02 0.000000e+00 1.775067e-06)
2.780000e+04	lowerWall	(-8.784784e-02 0.000000e+00 -1.070738e-06)	(-8.755216e-02 0.000000e+00 1.773265e-06)
2.781000e+04	lowerWall	(-8.784651e-02 0.000000e+00 -1.069458e-06)	(-8.755109e-02 0.000000e+00 1.771464e-06)
2.782000e+04	lowerWall	(-8.784518e-02 0.000000e+00 -1.068180e-06)	(-8.755002e-02 0.000000e+00 1.769667e-06)
2.783000e+04	lowerWall	(-8.784385e-02 0.000000e+00 -1.066904e-06)	(-8.754895e-02 0.000000e+00 1.767871e-06)
2.784000e+04	lowerWall	(-8.784252e-02 0.000000e+00 -1.065630e-06)	(-8.754788e-02 0.000000e+00 1.766078e-06)
2.785000e+04	lowerWall	(-8.784119e-02 0.000000e+00 -1.064357e-06)	(-8.754682e-02 0.000000e+00 1.764287e-06)
2.786000e+04	lowerWall	(-8.783987e-02 0.000000e+00 -1.063087e-06)	(-8.754575e-02 0.000000e+00 1.762499e-06)
2.787000e+04	lowerWall	(-8.783854e-02 0.000000e+00 -1.061818e-06)	(-8.754469e-02 0.000000e+00 1.760713e-06)
2.788000e+04	lowerWall	(-8.783722e-02 0.000000e+00 -1.060551e-06)	(-8.754362e-02 0.000000e+00 1.758930e-06)
2.789000e+04	lowerWall	(-8.783590e-02 0.000000e+00 -1.059286e-06)	(-8.754256e-02 0.000000e+00 1.757149e-06)
2.790000e+04	lowerWall	(-8.783458e-02 0.000000e+00 -1.058022e-06)	(-8.754150e-02 0.000000e+00 1.755370e-06)
2.791000e+04	lowerWall	(-8.783327e-02 0.000000e+00 -1.056760e-06)	(-8.754044e-02 0.000000e+00 1.753594e-06)
2.792000e+04	lowerWall	(-8.783195e-02 0.000000e+00 -1.055500e-06)	(-8.753939e-02 0.000000e+00 1.751820e-06)
2.793000e+04	lowerWall	(-8.783064e-02 0.000000e+00 -1.054242e-06)	(-8.753833e-02 0.000000e+00 1.750049e-06)
2.794000e+04	lowerWall	(-8.782932e-02 0.000000e+00 -1.052986e-06)	(-8.753727e-02 0.000000e+00 1.748280e-06)
2.795000e+04	lowerWall	(-8.782801e-02 0.000000e+00 -1.051732e-06)	(-8.753622e-02 0.000000e+00 1.746513e-06)
2.796000e+04	lowerWall	(-8.782670e-02 0.000000e+00 -1.050480e-06)	(-8.753517e-02 0.000000e+00 1.744749e-06)
2.797000e+04	lowerWall	(-8.782539e-02 0.000000e+00 -1.049229e-06)	(-8.753412e-02 0.000000e+00 1.742987e-06)
2.798000e+04	lowerWall	(-8.782409e-02 0.000000e+00 -1.047980e-06)	(-8.753307e-02 0.000000e+00 1.741227e-06)
2.799000e+04	lowerWall	(-8.782278e-02 0.000000e+00 -1.046734e-06)	(-8.753202e-02 0.000000e+00 1.739470e-06)
2.800000e+04	lowerWall	(-8.782148e-02 0.000000e+00 -1.045489e-06)	(-8.753097e-02 0.000000e+00 1.737715e-06)
2.801000e+04	lowerWall	(-8.782017e-02 0.000000e+00 -1.044246e-06)	(-8.752992e-02 0.000000e+00 1.735963e-06)
2.802000e+04	lowerWall	(-8.781887e-02 0.000000e+00 -1.043005e-06)	(-8.752888e-02 0.000000e+00 1.734213e-06)
2.803000e+04	lowerWall	(-8.781757e-02 0.000000e+00 -1.041766e-06)	(-8.752784e-02 0.000000e+00 1.732465e-06)
2.804000e+04	lowerWall	(-8.781628e-02 0.000000e+00 -1.040530e-06)	(-8.752679e-02 0.000000e+00 1.730720e-06)
2.805000e+04	lowerWall	(-8.781498e-02 0.000000e+00 -1.039295e-06)	(-8.752575e-02 0.000000e+00 1.728977e-06)
2.806000e+04	lowerWall	(-8.781369e-02 0.000000e+00 -1.038062e-06)	(-8.752471e-02 0.000000e+00 1.727236e-06)
2.807000e+04	lowerWall	(-8.781239e-02 0.000000e+00 -1.036831e-06)	(-8.752367e-02 0.000000e+00 1.725498e-06)
2.808000e+04	lowerWall	(-8.781110e-02 0.000000e+00 -1.035603e-06)	(-8.752264e-02 0.000000e+00 1.723762e-06)
2.809000e+04	lowerWall	(-8.780981e-02 0.000000e+00 -1.034376e-06)	(-8.752160e-02 0.000000e+00 1.722028e-06)
2.810000e+04	lowerWall	(-8.780852e-02 0.000000e+00 -1.033151e-06)	(-8.752057e-02 0.000000e+00 1.720297e-06)
2.811000e+04	lowerWall	(-8.780723e-02 0.000000e+00 -1.031927e-06)	(-8.751953e-02 0.000000e+00 1.718568e-06)
2.812000e+04	lowerWall	(-8.780595e-02 0.000000e+00 -1.030703e-06)	(-8.751850e-02 0.000000e+00 1.716842e-06)
2.813000e+04	lowerWall	(-8.780466e-02 0.000000e+00 -1.029480e-06)	(-8.751747e-02 0.000000e+00 1.715117e-06)
2.814000e+04	lowerWall	(-8.780338e-02 0.000000e+00 -1.028259e-06)	(-8.751644e-02 0.000000e+00 1.713395e-06)
2.815000e+04	lowerWall	(-8.780210e-02 0.000000e+00 -1.027038e-06)	(-8.751541e-02 0.000000e+00 1.711676e-06)
2.816000e+04	lowerWall	(-8.780082e-02 0.000000e+00 -1.025820e-06)	(-8.751438e-02 0.000000e+00 1.709958e-06)
2.817000e+04	lowerWall	(-8.779954e-02 0.000000e+00 -1.024603e-06)	(-8.751336e-02 0.000000e+00 1.708243e-06)
2.818000e+04	lowerWall	(-8.779826e-02 0.000000e+00 -1.023388e-06)	(-8.751233e-02 0.000000e+00 1.706575e-06)
2.819000e+04	lowerWall	(-8.779699e-02 0.000000e+00 -1.022174e-06)	(-8.751131e-02 0.000000e+00 1.704922e-06)
2.820000e+04	lowerWall	(-8.779571e-02 0.000000e+00 -1.020961e-06)	(-8.751029e-02 0.000000e+00 1.703271e-06)
2.821000e+04	lowerWall	(-8.779444e-02 0.000000e+00 -1.019750e-06)	(-8.750926e-02 0.000000e+00 1.701623e-06)
2.822000e+04	lowerWall	(-8.779317e-02 0.000000e+00 -1.018540e-06)	(-8.750824e-02 0.000000e+00 1.699977e-06)
2.823000e+04	lowerWall	(-8.779190e-02 0.000000e+00 -1.017332e-06)	(-8.750723e-02 0.000000e+00 1.698333e-06)
2.824000e+04	lowerWall	(-8.779063e-02 0.000000e+00 -1.016126e-06)	(-8.750621e-02 0.000000e+00 1.696692e-06)
2.825000e+04	lowerWall	(-8.778936e-02 0.000000e+00 -1.014922e-06)	(-8.750519e-02 0.000000e+00 1.695052e-06)
2.826000e+04	lowerWall	(-8.778810e-02 0.000000e+00 -1.013719e-06)	(-8.750418e-02 0.000000e+00 1.693415e-06)
2.827000e+04	lowerWall	(-8.778683e-02 0.000000e+00 -1.012517e-06)	(-8.750316e-02 0.000000e+00 1.691780e-06)
2.828000e+04	lowerWall	(-8.778557e-02 0.000000e+00 -1.011318e-06)	(-8.750215e-02 0.000000e+00 1.690148e-06)
2.829000e+04	lowerWall	(-8.778431e-02 0.000000e+00 -1.010120e-06)	(-8.750114e-02 0.000000e+00 1.688517e-06)
2.830000e+04	lowerWall	(-8.778305e-02 0.000000e+00 -1.008924e-06)	(-8.750013e-02 0.000000e+00 1.686889e-06)
2.831000e+04	lowerWall	(-8.778179e-02 0.000000e+00 -1.007729e-06)	(-8.749912e-02 0.000000e+00 1.685263e-06)
2.832000e+04	lowerWall	(-8.778053e-02 0.000000e+00 -1.006536e-06)	(-8.749811e-02 0.000000e+00 1.683639e-06)
2.833000e+04	lowerWall	(-8.777928e-02 0.000000e+00 -1.005344e-06)	(-8.749711e-02 0.000000e+00 1.682018e-06)
2.834000e+04	lowerWall	(-8.777802e-02 0.000000e+00 -1.004154e-06)	(-8.749610e-02 0.000000e+00 1.680398e-06)
2.835000e+04	lowerWall	(-8.777677e-02 0.000000e+00 -1.002966e-06)	(-8.749510e-02 0.000000e+00 1.678781e-06)
2.836000e+04	lowerWall	(-8.777552e-02 0.000000e+00 -1.001779e-06)	(-8.749409e-02 0.000000e+00 1.677166e-06)
2.837000e+04	lowerWall	(-8.777427e-02 0.000000e+00 -1.000594e-06)	(-8.749309e-02 0.000000e+00 1.675554e-06)
2.838000e+04	lowerWall	(-8.777302e-02 0.000000e+00 -9.994106e-07)	(-8.749209e-02 0.000000e+00 1.673943e-06)
2.839000e+04	lowerWall	(-8.777177e-02 0.000000e+00 -9.982287e-07)	(-8.749109e-02 0.000000e+00 1.672335e-06)
2.840000e+04	lowerWall	(-8.777053e-02 0.000000e+00 -9.970484e-07)	(-8.749009e-02 0.000000e+00 1.670729e-06)
2.841000e+04	lowerWall	(-8.776928e-02 0.000000e+00 -9.958698e-07)	(-8.748910e-02 0.000000e+00 1.669125e-06)
2.842000e+04	lowerWall	(-8.776804e-02 0.000000e+00 -9.946928e-07)	(-8.748810e-02 0.000000e+00 1.667523e-06)
2.843000e+04	lowerWall	(-8.776680e-02 0.000000e+00 -9.935175e-07)	(-8.748711e-02 0.000000e+00 1.665923e-06)
2.844000e+04	lowerWall	(-8.776556e-02 0.000000e+00 -9.923439e-07)	(-8.748611e-02 0.000000e+00 1.664326e-06)
2.845000e+04	lowerWall	(-8.776432e-02 0.000000e+00 -9.911719e-07)	(-8.748512e-02 0.000000e+00 1.662731e-06)
2.846000e+04	lowerWall	(-8.776308e-02 0.000000e+00 -9.900016e-07)	(-8.748413e-02 0.000000e+00 1.661138e-06)
2.847000e+04	lowerWall	(-8.776185e-02 0.000000e+00 -9.888330e-07)	(-8.748314e-02 0.000000e+00 1.659547e-06)
2.848000e+04	lowerWall	(-8.776061e-02 0.000000e+00 -9.876662e-07)	(-8.748215e-02 0.000000e+00 1.657958e-06)
2.849000e+04	lowerWall	(-8.775938e-02 0.000000e+00 -9.865010e-07)	(-8.748116e-02 0.000000e+00 1.656372e-06)
2.849800e+04	lowerWall	(-8.775850e-02 0.000000e+00 -9.790622e-07)	(-8.748074e-02 0.000000e+00 1.654140e-06)
