/*--------------------------------*- C++ -*----------------------------------*\
  =========                 |
  \\      /  F ield         | OpenFOAM: The Open Source CFD Toolbox
   \\    /   O peration     | Website:  https://openfoam.org
    \\  /    A nd           | Version:  8
     \\/     M anipulation  |
\*---------------------------------------------------------------------------*/
FoamFile
{
    version     2.0;
    format      ascii;
    class       volScalarField;
    location    "595";
    object      p_rgh;
}
// * * * * * * * * * * * * * * * * * * * * * * * * * * * * * * * * * * * * * //

dimensions      [1 -1 -2 0 0 0 0];

internalField   nonuniform List<scalar> 
11000
(
486.407
473.773
460.826
448.003
434.94
421.848
408.648
395.42
382.152
368.876
355.593
342.313
329.036
315.766
302.501
289.241
275.985
262.732
249.48
236.23
222.98
209.73
196.48
183.228
169.976
156.722
143.467
130.212
116.955
103.698
90.4401
77.1815
63.9225
50.663
37.4032
24.1431
10.8829
-2.37757
-15.6381
-28.8987
-42.1594
-55.42
-68.6806
-81.9412
-95.2017
-108.462
-121.723
-134.983
-148.243
-161.504
-174.764
-188.024
-201.285
-214.545
-227.805
-241.066
-254.326
-267.587
-280.847
-294.108
-307.369
-320.629
-333.89
-347.15
-360.411
-373.671
-386.931
-400.19
-413.449
-426.708
-439.965
-453.223
-466.479
-479.734
-492.989
-506.242
-519.494
-532.745
-545.995
-559.244
-572.492
-585.741
-598.991
-612.243
-625.497
-638.755
-652.019
-665.288
-678.564
-691.844
-705.127
-718.403
-731.669
-744.894
-758.089
-771.175
-784.231
-797.047
-809.992
-822.626
486.431
473.817
460.872
448.054
434.983
421.884
408.675
395.437
382.16
368.877
355.587
342.302
329.022
315.749
302.483
289.222
275.966
262.714
249.463
236.215
222.966
209.717
196.468
183.218
169.967
156.714
143.461
130.206
116.95
103.693
90.4361
77.1781
63.9195
50.6604
37.401
24.1412
10.8812
-2.37899
-15.6393
-28.8998
-42.1603
-55.4208
-68.6813
-81.9418
-95.2022
-108.463
-121.723
-134.983
-148.243
-161.504
-174.764
-188.024
-201.284
-214.545
-227.805
-241.065
-254.326
-267.586
-280.847
-294.107
-307.368
-320.628
-333.888
-347.149
-360.409
-373.669
-386.928
-400.187
-413.446
-426.704
-439.961
-453.217
-466.473
-479.728
-492.981
-506.233
-519.484
-532.733
-545.982
-559.23
-572.477
-585.724
-598.973
-612.224
-625.478
-638.737
-652.002
-665.273
-678.553
-691.838
-705.128
-718.411
-731.686
-744.92
-758.125
-771.218
-784.282
-797.094
-810.036
-822.651
486.484
473.925
460.962
448.144
435.057
421.945
408.72
395.468
382.177
368.882
355.582
342.289
329.003
315.726
302.458
289.196
275.94
262.688
249.439
236.192
222.945
209.699
196.451
183.203
169.953
156.702
143.45
130.197
116.942
103.687
90.4302
77.1729
63.915
50.6566
37.3976
24.1383
10.8787
-2.38115
-15.6412
-28.9014
-42.1616
-55.4219
-68.6822
-81.9425
-95.2028
-108.463
-121.723
-134.983
-148.244
-161.504
-174.764
-188.024
-201.284
-214.544
-227.804
-241.065
-254.325
-267.585
-280.846
-294.106
-307.366
-320.626
-333.886
-347.146
-360.406
-373.665
-386.924
-400.183
-413.44
-426.698
-439.954
-453.21
-466.464
-479.717
-492.969
-506.22
-519.469
-532.717
-545.963
-559.209
-572.454
-585.7
-598.948
-612.198
-625.452
-638.712
-651.979
-665.255
-678.54
-691.833
-705.133
-718.428
-731.717
-744.966
-758.187
-771.293
-784.373
-797.185
-810.144
-822.702
486.56
474.082
461.09
448.266
435.156
422.024
408.778
395.507
382.2
368.89
355.578
342.276
328.983
315.701
302.429
289.166
275.909
262.658
249.411
236.165
222.921
209.676
196.431
183.185
169.937
156.688
143.438
130.186
116.933
103.678
90.4228
77.1665
63.9095
50.6518
37.3935
24.1347
10.8756
-2.3838
-15.6435
-28.9033
-42.1633
-55.4233
-68.6834
-81.9435
-95.2036
-108.464
-121.724
-134.984
-148.244
-161.504
-174.764
-188.024
-201.284
-214.544
-227.804
-241.064
-254.324
-267.584
-280.844
-294.104
-307.364
-320.624
-333.884
-347.143
-360.402
-373.661
-386.919
-400.177
-413.434
-426.69
-439.946
-453.2
-466.453
-479.705
-492.955
-506.204
-519.451
-532.696
-545.941
-559.184
-572.428
-585.672
-598.918
-612.167
-625.421
-638.683
-651.953
-665.234
-678.527
-691.829
-705.141
-718.451
-731.757
-745.025
-758.267
-771.393
-784.496
-797.314
-810.301
-822.777
486.622
474.224
461.206
448.375
435.243
422.092
408.827
395.54
382.218
368.896
355.575
342.264
328.965
315.679
302.404
289.139
275.883
262.632
249.386
236.142
222.899
209.656
196.413
183.169
169.923
156.675
143.426
130.176
116.924
103.671
90.4163
77.1609
63.9045
50.6475
37.3898
24.1316
10.8729
-2.38617
-15.6455
-28.9051
-42.1648
-55.4246
-68.6845
-81.9444
-95.2043
-108.464
-121.724
-134.984
-148.244
-161.504
-174.764
-188.024
-201.283
-214.543
-227.803
-241.063
-254.323
-267.583
-280.843
-294.103
-307.362
-320.622
-333.881
-347.14
-360.399
-373.657
-386.915
-400.172
-413.429
-426.684
-439.938
-453.192
-466.443
-479.694
-492.943
-506.19
-519.435
-532.679
-545.921
-559.163
-572.404
-585.647
-598.892
-612.14
-625.395
-638.658
-651.931
-665.216
-678.515
-691.825
-705.148
-718.47
-731.791
-745.075
-758.336
-771.482
-784.608
-797.432
-810.444
-822.84
486.635
474.285
461.256
448.423
435.278
422.117
408.844
395.55
382.223
368.896
355.571
342.258
328.956
315.668
302.392
289.127
275.87
262.62
249.374
236.131
222.889
209.647
196.405
183.161
169.916
156.67
143.421
130.171
116.92
103.667
90.4131
77.1581
63.9022
50.6454
37.388
24.13
10.8715
-2.38733
-15.6465
-28.9059
-42.1655
-55.4252
-68.685
-81.9448
-95.2047
-108.465
-121.724
-134.984
-148.244
-161.504
-174.764
-188.023
-201.283
-214.543
-227.803
-241.063
-254.323
-267.583
-280.842
-294.102
-307.362
-320.621
-333.88
-347.139
-360.398
-373.656
-386.913
-400.17
-413.426
-426.681
-439.935
-453.188
-466.439
-479.689
-492.937
-506.183
-519.428
-532.671
-545.912
-559.153
-572.394
-585.635
-598.88
-612.128
-625.383
-638.646
-651.92
-665.207
-678.508
-691.822
-705.148
-718.475
-731.802
-745.094
-758.364
-771.52
-784.658
-797.485
-810.507
-822.853
486.616
474.282
461.253
448.419
435.271
422.108
408.835
395.542
382.217
368.892
355.568
342.256
328.955
315.667
302.391
289.126
275.869
262.619
249.373
236.13
222.888
209.646
196.404
183.16
169.915
156.669
143.421
130.171
116.919
103.667
90.4127
77.1577
63.9018
50.6451
37.3877
24.1297
10.8713
-2.38753
-15.6467
-28.9061
-42.1656
-55.4253
-68.6851
-81.9449
-95.2047
-108.465
-121.724
-134.984
-148.244
-161.504
-174.764
-188.023
-201.283
-214.543
-227.803
-241.063
-254.323
-267.582
-280.842
-294.102
-307.361
-320.621
-333.88
-347.139
-360.397
-373.655
-386.913
-400.17
-413.425
-426.68
-439.934
-453.187
-466.438
-479.688
-492.936
-506.182
-519.427
-532.67
-545.911
-559.152
-572.393
-585.634
-598.879
-612.127
-625.382
-638.645
-651.919
-665.205
-678.506
-691.819
-705.144
-718.47
-731.796
-745.088
-758.358
-771.516
-784.658
-797.484
-810.506
-822.835
486.602
474.268
461.238
448.403
435.254
422.09
408.82
395.529
382.208
368.886
355.565
342.254
328.954
315.668
302.392
289.127
275.871
262.62
249.374
236.131
222.889
209.647
196.405
183.161
169.916
156.669
143.421
130.171
116.92
103.667
90.4128
77.1578
63.9019
50.6451
37.3877
24.1298
10.8713
-2.38753
-15.6467
-28.9061
-42.1656
-55.4253
-68.6851
-81.9449
-95.2047
-108.465
-121.724
-134.984
-148.244
-161.504
-174.764
-188.023
-201.283
-214.543
-227.803
-241.063
-254.323
-267.582
-280.842
-294.102
-307.361
-320.621
-333.88
-347.139
-360.397
-373.655
-386.913
-400.17
-413.426
-426.681
-439.934
-453.187
-466.439
-479.688
-492.936
-506.183
-519.427
-532.67
-545.912
-559.153
-572.394
-585.636
-598.88
-612.128
-625.383
-638.646
-651.919
-665.205
-678.505
-691.816
-705.139
-718.462
-731.785
-745.075
-758.343
-771.503
-784.645
-797.473
-810.493
-822.823
486.604
474.258
461.227
448.386
435.237
422.072
408.803
395.516
382.199
368.88
355.561
342.252
328.954
315.668
302.393
289.128
275.871
262.621
249.375
236.132
222.889
209.648
196.405
183.161
169.916
156.669
143.421
130.171
116.92
103.667
90.4128
77.1577
63.9018
50.6451
37.3877
24.1297
10.8712
-2.38759
-15.6467
-28.9061
-42.1657
-55.4254
-68.6851
-81.9449
-95.2048
-108.465
-121.724
-134.984
-148.244
-161.504
-174.764
-188.023
-201.283
-214.543
-227.803
-241.063
-254.323
-267.582
-280.842
-294.102
-307.361
-320.621
-333.88
-347.139
-360.397
-373.655
-386.913
-400.17
-413.426
-426.681
-439.934
-453.187
-466.439
-479.688
-492.937
-506.183
-519.428
-532.671
-545.913
-559.153
-572.394
-585.636
-598.88
-612.129
-625.383
-638.646
-651.919
-665.204
-678.503
-691.812
-705.133
-718.454
-731.773
-745.061
-758.328
-771.488
-784.632
-797.465
-810.487
-822.827
486.62
474.254
461.217
448.369
435.217
422.052
408.786
395.502
382.188
368.873
355.557
342.25
328.953
315.667
302.393
289.128
275.872
262.621
249.375
236.132
222.89
209.648
196.405
183.161
169.916
156.669
143.421
130.171
116.919
103.667
90.4126
77.1576
63.9016
50.6449
37.3875
24.1296
10.8711
-2.38769
-15.6468
-28.9062
-42.1657
-55.4254
-68.6852
-81.945
-95.2048
-108.465
-121.724
-134.984
-148.244
-161.504
-174.764
-188.023
-201.283
-214.543
-227.803
-241.063
-254.323
-267.582
-280.842
-294.102
-307.361
-320.621
-333.88
-347.139
-360.397
-373.655
-386.913
-400.169
-413.425
-426.68
-439.934
-453.187
-466.438
-479.688
-492.937
-506.183
-519.428
-532.671
-545.913
-559.154
-572.395
-585.637
-598.881
-612.129
-625.384
-638.646
-651.919
-665.203
-678.5
-691.808
-705.126
-718.444
-731.76
-745.045
-758.31
-771.473
-784.618
-797.459
-810.485
-822.845
486.646
474.252
461.209
448.349
435.196
422.029
408.766
395.485
382.176
368.865
355.552
342.247
328.952
315.667
302.393
289.129
275.872
262.622
249.376
236.132
222.89
209.648
196.405
183.161
169.916
156.669
143.421
130.171
116.919
103.666
90.4125
77.1574
63.9015
50.6448
37.3874
24.1294
10.871
-2.3878
-15.6469
-28.9063
-42.1658
-55.4255
-68.6852
-81.945
-95.2048
-108.465
-121.724
-134.984
-148.244
-161.504
-174.764
-188.023
-201.283
-214.543
-227.803
-241.063
-254.323
-267.582
-280.842
-294.102
-307.361
-320.621
-333.88
-347.139
-360.397
-373.655
-386.913
-400.169
-413.425
-426.68
-439.934
-453.187
-466.438
-479.688
-492.937
-506.183
-519.428
-532.671
-545.913
-559.154
-572.395
-585.637
-598.881
-612.13
-625.384
-638.646
-651.919
-665.202
-678.497
-691.803
-705.118
-718.433
-731.745
-745.027
-758.29
-771.454
-784.602
-797.454
-810.486
-822.875
486.683
474.252
461.2
448.326
435.171
422.003
408.744
395.467
382.163
368.856
355.547
342.245
328.95
315.667
302.393
289.129
275.873
262.622
249.376
236.133
222.89
209.648
196.405
183.162
169.916
156.669
143.421
130.171
116.919
103.666
90.4123
77.1573
63.9013
50.6446
37.3873
24.1293
10.8709
-2.3879
-15.647
-28.9064
-42.1659
-55.4255
-68.6853
-81.9451
-95.2049
-108.465
-121.724
-134.984
-148.244
-161.504
-174.764
-188.023
-201.283
-214.543
-227.803
-241.063
-254.322
-267.582
-280.842
-294.102
-307.361
-320.621
-333.88
-347.139
-360.397
-373.655
-386.912
-400.169
-413.425
-426.68
-439.934
-453.187
-466.438
-479.688
-492.937
-506.183
-519.428
-532.671
-545.913
-559.154
-572.395
-585.638
-598.882
-612.13
-625.385
-638.647
-651.918
-665.201
-678.494
-691.798
-705.11
-718.421
-731.728
-745.008
-758.268
-771.433
-784.583
-797.449
-810.49
-822.914
486.729
474.255
461.193
448.302
435.145
421.975
408.72
395.448
382.149
368.847
355.541
342.241
328.949
315.666
302.393
289.13
275.873
262.623
249.377
236.133
222.891
209.648
196.406
183.162
169.916
156.669
143.421
130.171
116.919
103.666
90.4122
77.1571
63.9012
50.6445
37.3871
24.1292
10.8708
-2.38801
-15.6471
-28.9064
-42.1659
-55.4256
-68.6853
-81.9451
-95.2049
-108.465
-121.725
-134.984
-148.244
-161.504
-174.764
-188.023
-201.283
-214.543
-227.803
-241.063
-254.322
-267.582
-280.842
-294.102
-307.361
-320.621
-333.88
-347.138
-360.397
-373.655
-386.912
-400.169
-413.425
-426.68
-439.934
-453.187
-466.438
-479.688
-492.937
-506.183
-519.428
-532.672
-545.914
-559.155
-572.396
-585.638
-598.883
-612.131
-625.385
-638.647
-651.918
-665.199
-678.491
-691.792
-705.101
-718.407
-731.71
-744.986
-758.242
-771.41
-784.562
-797.446
-810.496
-822.964
486.784
474.261
461.187
448.276
435.116
421.945
408.694
395.427
382.135
368.837
355.535
342.238
328.947
315.666
302.394
289.13
275.874
262.624
249.377
236.134
222.891
209.649
196.406
183.162
169.916
156.669
143.421
130.17
116.919
103.666
90.412
77.157
63.901
50.6443
37.387
24.129
10.8707
-2.38812
-15.6472
-28.9065
-42.166
-55.4257
-68.6854
-81.9451
-95.2049
-108.465
-121.725
-134.984
-148.244
-161.504
-174.764
-188.023
-201.283
-214.543
-227.803
-241.063
-254.322
-267.582
-280.842
-294.102
-307.361
-320.62
-333.88
-347.138
-360.397
-373.655
-386.912
-400.169
-413.425
-426.68
-439.934
-453.187
-466.438
-479.688
-492.937
-506.183
-519.428
-532.672
-545.914
-559.155
-572.397
-585.639
-598.883
-612.132
-625.386
-638.647
-651.917
-665.197
-678.488
-691.786
-705.091
-718.393
-731.691
-744.962
-758.215
-771.385
-784.54
-797.444
-810.506
-823.022
486.848
474.269
461.183
448.248
435.086
421.913
408.667
395.406
382.119
368.826
355.529
342.234
328.946
315.665
302.394
289.131
275.875
262.624
249.378
236.134
222.892
209.649
196.406
183.162
169.916
156.669
143.421
130.17
116.919
103.666
90.4119
77.1568
63.9009
50.6442
37.3868
24.1289
10.8705
-2.38823
-15.6473
-28.9066
-42.1661
-55.4257
-68.6854
-81.9452
-95.205
-108.465
-121.725
-134.984
-148.244
-161.504
-174.764
-188.023
-201.283
-214.543
-227.803
-241.063
-254.322
-267.582
-280.842
-294.101
-307.361
-320.62
-333.879
-347.138
-360.397
-373.655
-386.912
-400.169
-413.425
-426.68
-439.934
-453.187
-466.438
-479.688
-492.937
-506.184
-519.429
-532.672
-545.915
-559.156
-572.397
-585.64
-598.884
-612.132
-625.386
-638.647
-651.917
-665.196
-678.484
-691.78
-705.08
-718.378
-731.67
-744.937
-758.186
-771.358
-784.516
-797.443
-810.518
-823.09
486.919
474.28
461.179
448.22
435.054
421.88
408.639
395.383
382.102
368.815
355.522
342.231
328.944
315.665
302.394
289.131
275.875
262.625
249.379
236.135
222.892
209.65
196.407
183.162
169.917
156.669
143.421
130.17
116.919
103.666
90.4117
77.1567
63.9007
50.644
37.3867
24.1288
10.8704
-2.38834
-15.6474
-28.9067
-42.1662
-55.4258
-68.6855
-81.9452
-95.205
-108.465
-121.725
-134.984
-148.244
-161.504
-174.764
-188.023
-201.283
-214.543
-227.803
-241.063
-254.322
-267.582
-280.842
-294.101
-307.361
-320.62
-333.879
-347.138
-360.397
-373.654
-386.912
-400.169
-413.425
-426.68
-439.934
-453.187
-466.438
-479.688
-492.937
-506.184
-519.429
-532.673
-545.915
-559.157
-572.398
-585.64
-598.885
-612.133
-625.387
-638.647
-651.916
-665.194
-678.48
-691.773
-705.069
-718.362
-731.648
-744.91
-758.154
-771.329
-784.491
-797.444
-810.532
-823.164
486.997
474.293
461.178
448.19
435.021
421.845
408.609
395.359
382.085
368.803
355.515
342.227
328.942
315.664
302.394
289.132
275.876
262.626
249.38
236.136
222.893
209.65
196.407
183.163
169.917
156.669
143.421
130.17
116.919
103.666
90.4116
77.1565
63.9006
50.6439
37.3865
24.1286
10.8703
-2.38846
-15.6475
-28.9068
-42.1662
-55.4258
-68.6855
-81.9453
-95.205
-108.465
-121.725
-134.984
-148.244
-161.504
-174.764
-188.023
-201.283
-214.543
-227.803
-241.063
-254.322
-267.582
-280.842
-294.101
-307.361
-320.62
-333.879
-347.138
-360.396
-373.654
-386.912
-400.168
-413.424
-426.68
-439.934
-453.186
-466.438
-479.688
-492.937
-506.184
-519.429
-532.673
-545.916
-559.157
-572.399
-585.641
-598.886
-612.134
-625.387
-638.648
-651.916
-665.192
-678.476
-691.766
-705.058
-718.345
-731.625
-744.882
-758.122
-771.299
-784.465
-797.446
-810.549
-823.247
487.083
474.308
461.177
448.16
434.987
421.809
408.579
395.334
382.068
368.791
355.507
342.222
328.94
315.664
302.394
289.132
275.877
262.627
249.38
236.136
222.894
209.651
196.407
183.163
169.917
156.67
143.421
130.17
116.918
103.665
90.4114
77.1563
63.9004
50.6437
37.3864
24.1285
10.8701
-2.38858
-15.6476
-28.9069
-42.1663
-55.4259
-68.6856
-81.9453
-95.2051
-108.465
-121.725
-134.984
-148.244
-161.504
-174.764
-188.023
-201.283
-214.543
-227.803
-241.062
-254.322
-267.582
-280.842
-294.101
-307.361
-320.62
-333.879
-347.138
-360.396
-373.654
-386.912
-400.168
-413.424
-426.679
-439.933
-453.186
-466.438
-479.688
-492.937
-506.184
-519.43
-532.674
-545.916
-559.158
-572.4
-585.642
-598.887
-612.135
-625.388
-638.648
-651.915
-665.19
-678.472
-691.758
-705.046
-718.328
-731.601
-744.852
-758.087
-771.268
-784.438
-797.449
-810.569
-823.336
487.174
474.326
461.179
448.129
434.953
421.772
408.547
395.309
382.049
368.779
355.5
342.218
328.938
315.663
302.395
289.133
275.878
262.628
249.381
236.137
222.894
209.651
196.408
183.163
169.917
156.67
143.421
130.17
116.918
103.665
90.4113
77.1562
63.9002
50.6435
37.3862
24.1283
10.87
-2.38871
-15.6477
-28.907
-42.1664
-55.426
-68.6856
-81.9453
-95.2051
-108.465
-121.725
-134.984
-148.244
-161.504
-174.764
-188.023
-201.283
-214.543
-227.803
-241.062
-254.322
-267.582
-280.842
-294.101
-307.361
-320.62
-333.879
-347.138
-360.396
-373.654
-386.911
-400.168
-413.424
-426.679
-439.933
-453.186
-466.438
-479.688
-492.937
-506.184
-519.43
-532.674
-545.917
-559.159
-572.401
-585.643
-598.888
-612.136
-625.389
-638.648
-651.915
-665.188
-678.468
-691.751
-705.034
-718.31
-731.577
-744.822
-758.052
-771.235
-784.411
-797.454
-810.591
-823.431
487.272
474.347
461.181
448.099
434.918
421.734
408.515
395.283
382.031
368.766
355.492
342.214
328.936
315.662
302.395
289.134
275.879
262.629
249.382
236.138
222.895
209.652
196.408
183.164
169.917
156.67
143.421
130.17
116.918
103.665
90.4111
77.156
63.9
50.6434
37.386
24.1282
10.8699
-2.38883
-15.6478
-28.9071
-42.1665
-55.426
-68.6857
-81.9454
-95.2051
-108.465
-121.725
-134.984
-148.244
-161.504
-174.764
-188.023
-201.283
-214.543
-227.803
-241.062
-254.322
-267.582
-280.842
-294.101
-307.361
-320.62
-333.879
-347.138
-360.396
-373.654
-386.911
-400.168
-413.424
-426.679
-439.933
-453.186
-466.438
-479.688
-492.937
-506.185
-519.43
-532.675
-545.918
-559.16
-572.402
-585.644
-598.889
-612.137
-625.39
-638.649
-651.914
-665.186
-678.464
-691.743
-705.022
-718.292
-731.552
-744.791
-758.016
-771.202
-784.383
-797.46
-810.615
-823.533
487.374
474.369
461.186
448.068
434.882
421.696
408.483
395.258
382.012
368.754
355.484
342.209
328.934
315.662
302.395
289.134
275.88
262.63
249.383
236.139
222.896
209.653
196.409
183.164
169.918
156.67
143.421
130.17
116.918
103.665
90.4109
77.1558
63.8999
50.6432
37.3859
24.128
10.8697
-2.38896
-15.6479
-28.9072
-42.1666
-55.4261
-68.6857
-81.9454
-95.2052
-108.465
-121.725
-134.984
-148.244
-161.504
-174.764
-188.023
-201.283
-214.543
-227.803
-241.062
-254.322
-267.582
-280.842
-294.101
-307.361
-320.62
-333.879
-347.138
-360.396
-373.654
-386.911
-400.168
-413.424
-426.679
-439.933
-453.186
-466.438
-479.689
-492.938
-506.185
-519.431
-532.675
-545.918
-559.161
-572.403
-585.646
-598.89
-612.138
-625.391
-638.649
-651.914
-665.184
-678.459
-691.735
-705.009
-718.274
-731.527
-744.76
-757.979
-771.169
-784.355
-797.468
-810.641
-823.639
487.482
474.393
461.191
448.037
434.847
421.658
408.451
395.232
381.994
368.741
355.476
342.204
328.931
315.661
302.395
289.135
275.881
262.631
249.384
236.14
222.897
209.653
196.409
183.164
169.918
156.67
143.421
130.17
116.918
103.665
90.4108
77.1557
63.8997
50.643
37.3857
24.1279
10.8696
-2.38909
-15.6481
-28.9073
-42.1666
-55.4262
-68.6858
-81.9455
-95.2052
-108.465
-121.725
-134.984
-148.244
-161.504
-174.764
-188.023
-201.283
-214.543
-227.803
-241.062
-254.322
-267.582
-280.841
-294.101
-307.36
-320.62
-333.879
-347.137
-360.396
-373.654
-386.911
-400.168
-413.424
-426.679
-439.933
-453.186
-466.438
-479.689
-492.938
-506.185
-519.431
-532.676
-545.919
-559.162
-572.404
-585.647
-598.891
-612.139
-625.392
-638.649
-651.913
-665.182
-678.455
-691.728
-704.996
-718.255
-731.501
-744.729
-757.942
-771.136
-784.327
-797.477
-810.669
-823.751
487.593
474.42
461.199
448.007
434.812
421.619
408.419
395.206
381.975
368.728
355.468
342.2
328.929
315.66
302.395
289.136
275.882
262.632
249.386
236.141
222.898
209.654
196.41
183.165
169.918
156.67
143.421
130.17
116.918
103.665
90.4106
77.1555
63.8995
50.6428
37.3855
24.1277
10.8694
-2.38922
-15.6482
-28.9074
-42.1667
-55.4262
-68.6858
-81.9455
-95.2052
-108.465
-121.725
-134.984
-148.244
-161.504
-174.764
-188.023
-201.283
-214.543
-227.803
-241.062
-254.322
-267.582
-280.841
-294.101
-307.36
-320.62
-333.879
-347.137
-360.396
-373.653
-386.911
-400.168
-413.424
-426.679
-439.933
-453.186
-466.438
-479.689
-492.938
-506.186
-519.432
-532.676
-545.92
-559.163
-572.405
-585.648
-598.893
-612.141
-625.393
-638.65
-651.912
-665.18
-678.45
-691.72
-704.984
-718.237
-731.475
-744.697
-757.905
-771.102
-784.299
-797.487
-810.699
-823.866
487.708
474.448
461.207
447.978
434.777
421.582
408.387
395.18
381.956
368.715
355.459
342.195
328.926
315.659
302.395
289.137
275.883
262.633
249.387
236.142
222.899
209.655
196.411
183.165
169.918
156.67
143.421
130.17
116.918
103.665
90.4105
77.1553
63.8993
50.6427
37.3854
24.1275
10.8693
-2.38935
-15.6483
-28.9075
-42.1668
-55.4263
-68.6859
-81.9456
-95.2053
-108.465
-121.725
-134.984
-148.244
-161.504
-174.764
-188.023
-201.283
-214.543
-227.803
-241.062
-254.322
-267.582
-280.841
-294.101
-307.36
-320.619
-333.878
-347.137
-360.395
-373.653
-386.911
-400.167
-413.423
-426.679
-439.933
-453.186
-466.438
-479.689
-492.938
-506.186
-519.432
-532.677
-545.921
-559.164
-572.406
-585.649
-598.894
-612.142
-625.394
-638.65
-651.912
-665.178
-678.446
-691.712
-704.971
-718.218
-731.45
-744.665
-757.868
-771.069
-784.271
-797.498
-810.73
-823.985
487.827
474.477
461.217
447.95
434.744
421.545
408.356
395.155
381.938
368.702
355.451
342.19
328.924
315.658
302.395
289.137
275.884
262.634
249.388
236.143
222.9
209.656
196.411
183.166
169.919
156.671
143.421
130.17
116.918
103.665
90.4103
77.1551
63.8992
50.6425
37.3852
24.1274
10.8691
-2.38949
-15.6484
-28.9076
-42.1669
-55.4264
-68.686
-81.9456
-95.2053
-108.465
-121.725
-134.984
-148.244
-161.504
-174.764
-188.023
-201.283
-214.543
-227.803
-241.062
-254.322
-267.582
-280.841
-294.101
-307.36
-320.619
-333.878
-347.137
-360.395
-373.653
-386.91
-400.167
-413.423
-426.678
-439.933
-453.186
-466.438
-479.689
-492.938
-506.186
-519.433
-532.678
-545.922
-559.165
-572.407
-585.651
-598.896
-612.143
-625.395
-638.651
-651.911
-665.176
-678.441
-691.704
-704.958
-718.2
-731.425
-744.634
-757.831
-771.036
-784.244
-797.51
-810.763
-824.107
487.947
474.508
461.228
447.922
434.711
421.509
408.325
395.13
381.92
368.689
355.443
342.185
328.921
315.657
302.396
289.138
275.885
262.636
249.389
236.145
222.901
209.657
196.412
183.166
169.919
156.671
143.421
130.17
116.918
103.665
90.4102
77.155
63.899
50.6423
37.385
24.1272
10.869
-2.38962
-15.6485
-28.9077
-42.167
-55.4264
-68.686
-81.9456
-95.2053
-108.465
-121.725
-134.984
-148.244
-161.504
-174.764
-188.023
-201.283
-214.543
-227.803
-241.062
-254.322
-267.582
-280.841
-294.101
-307.36
-320.619
-333.878
-347.137
-360.395
-373.653
-386.91
-400.167
-413.423
-426.678
-439.933
-453.186
-466.438
-479.689
-492.939
-506.187
-519.433
-532.679
-545.923
-559.166
-572.409
-585.652
-598.897
-612.145
-625.396
-638.651
-651.911
-665.174
-678.437
-691.696
-704.946
-718.182
-731.4
-744.604
-757.795
-771.003
-784.218
-797.523
-810.797
-824.231
488.069
474.54
461.24
447.896
434.679
421.474
408.295
395.106
381.902
368.677
355.435
342.18
328.919
315.656
302.396
289.139
275.886
262.637
249.391
236.146
222.902
209.657
196.413
183.167
169.919
156.671
143.421
130.17
116.918
103.664
90.41
77.1548
63.8988
50.6421
37.3848
24.1271
10.8688
-2.38976
-15.6486
-28.9078
-42.1671
-55.4265
-68.6861
-81.9457
-95.2053
-108.465
-121.725
-134.984
-148.244
-161.504
-174.764
-188.023
-201.283
-214.543
-227.803
-241.062
-254.322
-267.582
-280.841
-294.101
-307.36
-320.619
-333.878
-347.137
-360.395
-373.653
-386.91
-400.167
-413.423
-426.678
-439.933
-453.186
-466.438
-479.689
-492.939
-506.187
-519.434
-532.679
-545.924
-559.167
-572.41
-585.654
-598.899
-612.146
-625.397
-638.652
-651.91
-665.171
-678.432
-691.688
-704.934
-718.164
-731.376
-744.574
-757.76
-770.972
-784.192
-797.537
-810.832
-824.356
488.192
474.573
461.253
447.87
434.649
421.44
408.267
395.082
381.885
368.665
355.427
342.175
328.916
315.655
302.396
289.14
275.887
262.638
249.392
236.147
222.903
209.658
196.413
183.167
169.92
156.671
143.421
130.17
116.918
103.664
90.4099
77.1546
63.8986
50.6419
37.3847
24.1269
10.8687
-2.38989
-15.6488
-28.9079
-42.1671
-55.4266
-68.6861
-81.9457
-95.2054
-108.465
-121.725
-134.984
-148.244
-161.504
-174.764
-188.023
-201.283
-214.543
-227.803
-241.062
-254.322
-267.582
-280.841
-294.101
-307.36
-320.619
-333.878
-347.137
-360.395
-373.653
-386.91
-400.167
-413.423
-426.678
-439.933
-453.186
-466.438
-479.689
-492.939
-506.188
-519.435
-532.68
-545.925
-559.168
-572.412
-585.655
-598.9
-612.147
-625.398
-638.652
-651.91
-665.169
-678.428
-691.681
-704.922
-718.147
-731.352
-744.545
-757.726
-770.942
-784.168
-797.551
-810.867
-824.482
488.315
474.607
461.266
447.847
434.62
421.408
408.24
395.06
381.868
368.653
355.419
342.17
328.913
315.654
302.396
289.14
275.889
262.64
249.393
236.148
222.904
209.659
196.414
183.168
169.92
156.671
143.421
130.17
116.918
103.664
90.4098
77.1545
63.8984
50.6418
37.3845
24.1267
10.8685
-2.39003
-15.6489
-28.908
-42.1672
-55.4266
-68.6862
-81.9458
-95.2054
-108.465
-121.725
-134.984
-148.244
-161.504
-174.764
-188.023
-201.283
-214.543
-227.803
-241.062
-254.322
-267.581
-280.841
-294.1
-307.36
-320.619
-333.878
-347.136
-360.395
-373.653
-386.91
-400.167
-413.423
-426.678
-439.932
-453.186
-466.438
-479.69
-492.939
-506.188
-519.435
-532.681
-545.926
-559.17
-572.413
-585.657
-598.902
-612.149
-625.399
-638.653
-651.909
-665.167
-678.424
-691.673
-704.91
-718.131
-731.33
-744.517
-757.693
-770.912
-784.144
-797.565
-810.902
-824.608
488.437
474.64
461.28
447.824
434.593
421.378
408.214
395.039
381.852
368.641
355.411
342.165
328.911
315.653
302.396
289.141
275.89
262.641
249.395
236.15
222.905
209.66
196.415
183.168
169.921
156.672
143.422
130.17
116.918
103.664
90.4096
77.1543
63.8983
50.6416
37.3843
24.1266
10.8684
-2.39017
-15.649
-28.9081
-42.1673
-55.4267
-68.6862
-81.9458
-95.2054
-108.465
-121.725
-134.985
-148.244
-161.504
-174.764
-188.023
-201.283
-214.543
-227.803
-241.062
-254.322
-267.581
-280.841
-294.1
-307.36
-320.619
-333.878
-347.136
-360.395
-373.652
-386.91
-400.166
-413.423
-426.678
-439.932
-453.186
-466.438
-479.69
-492.94
-506.189
-519.436
-532.682
-545.927
-559.171
-572.415
-585.659
-598.904
-612.151
-625.4
-638.653
-651.909
-665.165
-678.419
-691.666
-704.899
-718.115
-731.308
-744.491
-757.662
-770.884
-784.121
-797.58
-810.938
-824.732
488.557
474.673
461.293
447.803
434.568
421.35
408.19
395.019
381.837
368.63
355.403
342.16
328.908
315.652
302.396
289.142
275.891
262.643
249.396
236.151
222.906
209.661
196.416
183.169
169.921
156.672
143.422
130.17
116.918
103.664
90.4095
77.1542
63.8981
50.6414
37.3841
24.1264
10.8682
-2.3903
-15.6491
-28.9082
-42.1674
-55.4268
-68.6863
-81.9458
-95.2055
-108.465
-121.725
-134.985
-148.244
-161.504
-174.764
-188.023
-201.283
-214.543
-227.802
-241.062
-254.322
-267.581
-280.841
-294.1
-307.36
-320.619
-333.878
-347.136
-360.394
-373.652
-386.91
-400.166
-413.422
-426.678
-439.932
-453.186
-466.438
-479.69
-492.94
-506.189
-519.437
-532.683
-545.928
-559.172
-572.416
-585.66
-598.905
-612.152
-625.402
-638.654
-651.908
-665.163
-678.415
-691.659
-704.889
-718.1
-731.288
-744.466
-757.633
-770.858
-784.099
-797.594
-810.972
-824.855
488.675
474.705
461.307
447.784
434.545
421.324
408.168
395
381.823
368.619
355.396
342.155
328.905
315.651
302.396
289.143
275.892
262.644
249.398
236.153
222.908
209.662
196.417
183.17
169.922
156.672
143.422
130.17
116.918
103.664
90.4094
77.154
63.8979
50.6412
37.384
24.1262
10.8681
-2.39044
-15.6492
-28.9083
-42.1675
-55.4268
-68.6863
-81.9459
-95.2055
-108.465
-121.725
-134.985
-148.244
-161.504
-174.764
-188.023
-201.283
-214.543
-227.802
-241.062
-254.322
-267.581
-280.841
-294.1
-307.36
-320.619
-333.877
-347.136
-360.394
-373.652
-386.909
-400.166
-413.422
-426.678
-439.932
-453.186
-466.439
-479.69
-492.94
-506.19
-519.437
-532.684
-545.929
-559.174
-572.418
-585.662
-598.907
-612.154
-625.403
-638.654
-651.908
-665.161
-678.411
-691.652
-704.878
-718.086
-731.269
-744.443
-757.606
-770.833
-784.079
-797.607
-811.005
-824.974
488.788
474.735
461.319
447.766
434.523
421.3
408.148
394.983
381.809
368.609
355.389
342.151
328.903
315.65
302.396
289.144
275.894
262.646
249.4
236.154
222.909
209.664
196.417
183.17
169.922
156.673
143.422
130.17
116.918
103.664
90.4092
77.1538
63.8978
50.641
37.3838
24.1261
10.8679
-2.39057
-15.6493
-28.9084
-42.1676
-55.4269
-68.6864
-81.9459
-95.2055
-108.465
-121.725
-134.985
-148.244
-161.504
-174.764
-188.023
-201.283
-214.543
-227.802
-241.062
-254.322
-267.581
-280.841
-294.1
-307.359
-320.618
-333.877
-347.136
-360.394
-373.652
-386.909
-400.166
-413.422
-426.678
-439.932
-453.186
-466.439
-479.69
-492.941
-506.19
-519.438
-532.685
-545.931
-559.175
-572.42
-585.664
-598.909
-612.156
-625.404
-638.655
-651.908
-665.159
-678.407
-691.646
-704.869
-718.072
-731.251
-744.421
-757.581
-770.811
-784.06
-797.619
-811.036
-825.089
488.895
474.763
461.33
447.749
434.504
421.279
408.129
394.968
381.797
368.6
355.382
342.146
328.9
315.649
302.397
289.145
275.895
262.648
249.401
236.156
222.91
209.665
196.418
183.171
169.923
156.673
143.422
130.17
116.918
103.664
90.4091
77.1537
63.8976
50.6409
37.3836
24.1259
10.8678
-2.3907
-15.6495
-28.9084
-42.1676
-55.427
-68.6864
-81.9459
-95.2055
-108.465
-121.725
-134.985
-148.244
-161.504
-174.764
-188.023
-201.283
-214.543
-227.802
-241.062
-254.322
-267.581
-280.841
-294.1
-307.359
-320.618
-333.877
-347.136
-360.394
-373.652
-386.909
-400.166
-413.422
-426.677
-439.932
-453.186
-466.439
-479.691
-492.941
-506.191
-519.439
-532.686
-545.932
-559.177
-572.421
-585.666
-598.911
-612.157
-625.406
-638.656
-651.907
-665.158
-678.403
-691.64
-704.859
-718.06
-731.235
-744.402
-757.558
-770.79
-784.041
-797.629
-811.064
-825.199
488.996
474.787
461.339
447.734
434.487
421.261
408.113
394.954
381.785
368.591
355.375
342.142
328.898
315.648
302.397
289.146
275.897
262.649
249.403
236.157
222.912
209.666
196.419
183.172
169.923
156.673
143.422
130.17
116.918
103.664
90.409
77.1535
63.8974
50.6407
37.3835
24.1257
10.8676
-2.39083
-15.6496
-28.9085
-42.1677
-55.427
-68.6864
-81.946
-95.2056
-108.465
-121.725
-134.985
-148.244
-161.504
-174.764
-188.023
-201.283
-214.543
-227.802
-241.062
-254.322
-267.581
-280.841
-294.1
-307.359
-320.618
-333.877
-347.136
-360.394
-373.652
-386.909
-400.166
-413.422
-426.677
-439.932
-453.186
-466.439
-479.691
-492.942
-506.191
-519.44
-532.687
-545.933
-559.178
-572.423
-585.668
-598.913
-612.159
-625.407
-638.657
-651.907
-665.156
-678.4
-691.634
-704.851
-718.048
-731.22
-744.385
-757.538
-770.771
-784.024
-797.636
-811.089
-825.3
489.088
474.806
461.345
447.72
434.473
421.245
408.1
394.941
381.775
368.582
355.369
342.137
328.895
315.647
302.397
289.147
275.898
262.651
249.405
236.159
222.913
209.667
196.42
183.172
169.924
156.674
143.423
130.171
116.918
103.664
90.4089
77.1534
63.8973
50.6405
37.3833
24.1256
10.8675
-2.39096
-15.6497
-28.9086
-42.1678
-55.4271
-68.6865
-81.946
-95.2056
-108.465
-121.725
-134.985
-148.244
-161.504
-174.764
-188.023
-201.283
-214.543
-227.802
-241.062
-254.322
-267.581
-280.841
-294.1
-307.359
-320.618
-333.877
-347.135
-360.394
-373.651
-386.909
-400.165
-413.422
-426.677
-439.932
-453.186
-466.439
-479.691
-492.942
-506.192
-519.441
-532.688
-545.934
-559.18
-572.425
-585.67
-598.915
-612.161
-625.409
-638.657
-651.907
-665.154
-678.396
-691.628
-704.843
-718.038
-731.208
-744.37
-757.52
-770.754
-784.008
-797.641
-811.108
-825.393
489.169
474.82
461.348
447.707
434.46
421.233
408.088
394.931
381.766
368.574
355.362
342.133
328.893
315.646
302.397
289.148
275.9
262.653
249.406
236.161
222.915
209.668
196.421
183.173
169.924
156.674
143.423
130.171
116.918
103.664
90.4088
77.1533
63.8971
50.6404
37.3831
24.1254
10.8673
-2.39108
-15.6498
-28.9087
-42.1679
-55.4271
-68.6865
-81.946
-95.2056
-108.465
-121.725
-134.985
-148.244
-161.504
-174.764
-188.023
-201.283
-214.543
-227.802
-241.062
-254.322
-267.581
-280.841
-294.1
-307.359
-320.618
-333.877
-347.135
-360.393
-373.651
-386.909
-400.165
-413.422
-426.677
-439.932
-453.186
-466.439
-479.691
-492.942
-506.192
-519.441
-532.689
-545.936
-559.182
-572.427
-585.672
-598.917
-612.163
-625.41
-638.658
-651.906
-665.152
-678.393
-691.623
-704.836
-718.029
-731.196
-744.357
-757.506
-770.739
-783.992
-797.642
-811.121
-825.475
489.238
474.826
461.346
447.695
434.45
421.223
408.079
394.922
381.757
368.567
355.357
342.129
328.89
315.645
302.397
289.149
275.901
262.655
249.408
236.162
222.916
209.67
196.422
183.174
169.925
156.674
143.423
130.171
116.918
103.664
90.4087
77.1531
63.897
50.6402
37.383
24.1253
10.8672
-2.39121
-15.6499
-28.9088
-42.1679
-55.4272
-68.6866
-81.9461
-95.2056
-108.465
-121.725
-134.985
-148.244
-161.504
-174.764
-188.023
-201.283
-214.543
-227.802
-241.062
-254.322
-267.581
-280.841
-294.1
-307.359
-320.618
-333.877
-347.135
-360.393
-373.651
-386.908
-400.165
-413.421
-426.677
-439.932
-453.186
-466.439
-479.692
-492.943
-506.193
-519.442
-532.69
-545.937
-559.183
-572.429
-585.674
-598.919
-612.165
-625.412
-638.659
-651.906
-665.151
-678.389
-691.618
-704.829
-718.021
-731.187
-744.347
-757.494
-770.727
-783.978
-797.638
-811.127
-825.543
489.29
474.824
461.34
447.684
434.443
421.216
408.072
394.915
381.75
368.56
355.351
342.125
328.888
315.644
302.398
289.15
275.903
262.656
249.41
236.164
222.918
209.671
196.423
183.175
169.925
156.675
143.423
130.171
116.918
103.663
90.4086
77.153
63.8968
50.6401
37.3828
24.1251
10.8671
-2.39132
-15.65
-28.9089
-42.168
-55.4272
-68.6866
-81.9461
-95.2056
-108.465
-121.725
-134.985
-148.244
-161.504
-174.764
-188.023
-201.283
-214.543
-227.802
-241.062
-254.322
-267.581
-280.841
-294.1
-307.359
-320.618
-333.877
-347.135
-360.393
-373.651
-386.908
-400.165
-413.421
-426.677
-439.932
-453.186
-466.439
-479.692
-492.943
-506.194
-519.443
-532.691
-545.939
-559.185
-572.431
-585.676
-598.922
-612.167
-625.414
-638.66
-651.906
-665.149
-678.386
-691.613
-704.823
-718.014
-731.179
-744.339
-757.485
-770.717
-783.964
-797.629
-811.123
-825.595
489.324
474.811
461.327
447.674
434.437
421.212
408.068
394.909
381.744
368.554
355.346
342.121
328.886
315.643
302.398
289.151
275.905
262.658
249.412
236.166
222.919
209.672
196.424
183.176
169.926
156.675
143.424
130.171
116.918
103.663
90.4085
77.1529
63.8967
50.6399
37.3827
24.125
10.8669
-2.39144
-15.6501
-28.909
-42.1681
-55.4273
-68.6866
-81.9461
-95.2056
-108.465
-121.725
-134.985
-148.244
-161.504
-174.764
-188.023
-201.283
-214.543
-227.802
-241.062
-254.322
-267.581
-280.84
-294.1
-307.359
-320.618
-333.876
-347.135
-360.393
-373.651
-386.908
-400.165
-413.421
-426.677
-439.932
-453.186
-466.44
-479.692
-492.944
-506.194
-519.444
-532.693
-545.94
-559.187
-572.433
-585.679
-598.924
-612.17
-625.415
-638.661
-651.906
-665.148
-678.383
-691.609
-704.817
-718.008
-731.173
-744.333
-757.48
-770.709
-783.952
-797.613
-811.108
-825.628
489.335
474.784
461.308
447.665
434.434
421.211
408.065
394.905
381.739
368.549
355.341
342.118
328.883
315.643
302.398
289.153
275.907
262.66
249.414
236.168
222.921
209.674
196.426
183.177
169.927
156.676
143.424
130.171
116.918
103.663
90.4085
77.1528
63.8966
50.6398
37.3825
24.1249
10.8668
-2.39155
-15.6502
-28.9091
-42.1681
-55.4273
-68.6867
-81.9461
-95.2057
-108.465
-121.725
-134.985
-148.244
-161.504
-174.764
-188.023
-201.283
-214.543
-227.802
-241.062
-254.322
-267.581
-280.84
-294.1
-307.359
-320.618
-333.876
-347.135
-360.393
-373.651
-386.908
-400.165
-413.421
-426.677
-439.932
-453.186
-466.44
-479.693
-492.944
-506.195
-519.445
-532.694
-545.942
-559.189
-572.435
-585.681
-598.926
-612.172
-625.417
-638.662
-651.906
-665.147
-678.381
-691.605
-704.813
-718.003
-731.169
-744.33
-757.477
-770.704
-783.94
-797.592
-811.079
-825.637
489.319
474.743
461.281
447.656
434.433
421.212
408.065
394.902
381.734
368.544
355.337
342.114
328.881
315.642
302.399
289.154
275.908
262.662
249.416
236.17
222.923
209.675
196.427
183.177
169.927
156.676
143.424
130.171
116.918
103.663
90.4084
77.1527
63.8964
50.6397
37.3824
24.1247
10.8667
-2.39166
-15.6503
-28.9091
-42.1682
-55.4274
-68.6867
-81.9461
-95.2057
-108.465
-121.725
-134.985
-148.244
-161.504
-174.764
-188.023
-201.283
-214.543
-227.802
-241.062
-254.322
-267.581
-280.84
-294.1
-307.359
-320.618
-333.876
-347.135
-360.393
-373.651
-386.908
-400.165
-413.421
-426.677
-439.932
-453.186
-466.44
-479.693
-492.945
-506.196
-519.446
-532.695
-545.943
-559.191
-572.437
-585.683
-598.929
-612.174
-625.419
-638.663
-651.906
-665.145
-678.378
-691.601
-704.808
-717.999
-731.167
-744.329
-757.478
-770.701
-783.929
-797.563
-811.036
-825.619
489.27
474.685
461.247
447.649
434.434
421.216
408.066
394.901
381.731
368.54
355.333
342.111
328.88
315.641
302.4
289.155
275.91
262.665
249.418
236.172
222.924
209.677
196.428
183.178
169.928
156.677
143.425
130.172
116.918
103.663
90.4083
77.1526
63.8963
50.6395
37.3823
24.1246
10.8666
-2.39176
-15.6504
-28.9092
-42.1682
-55.4274
-68.6867
-81.9462
-95.2057
-108.465
-121.725
-134.985
-148.244
-161.504
-174.764
-188.023
-201.283
-214.543
-227.802
-241.062
-254.322
-267.581
-280.84
-294.1
-307.359
-320.618
-333.876
-347.135
-360.393
-373.65
-386.908
-400.165
-413.421
-426.677
-439.932
-453.186
-466.44
-479.693
-492.945
-506.197
-519.447
-532.696
-545.945
-559.193
-572.439
-585.686
-598.931
-612.177
-625.421
-638.665
-651.906
-665.144
-678.376
-691.597
-704.805
-717.996
-731.166
-744.33
-757.481
-770.701
-783.92
-797.526
-810.975
-825.568
489.181
474.609
461.206
447.643
434.438
421.223
408.07
394.902
381.728
368.536
355.329
342.108
328.878
315.641
302.4
289.157
275.912
262.667
249.421
236.174
222.926
209.678
196.429
183.179
169.929
156.677
143.425
130.172
116.918
103.663
90.4083
77.1526
63.8962
50.6394
37.3822
24.1245
10.8665
-2.39185
-15.6504
-28.9093
-42.1683
-55.4274
-68.6868
-81.9462
-95.2057
-108.465
-121.725
-134.985
-148.244
-161.504
-174.764
-188.023
-201.283
-214.543
-227.802
-241.062
-254.322
-267.581
-280.84
-294.1
-307.359
-320.617
-333.876
-347.134
-360.393
-373.65
-386.908
-400.165
-413.421
-426.677
-439.932
-453.187
-466.44
-479.694
-492.946
-506.197
-519.448
-532.698
-545.947
-559.195
-572.442
-585.688
-598.934
-612.179
-625.423
-638.666
-651.907
-665.143
-678.374
-691.595
-704.802
-717.994
-731.167
-744.334
-757.487
-770.703
-783.912
-797.483
-810.896
-825.476
489.045
474.514
461.16
447.639
434.444
421.233
408.076
394.904
381.727
368.533
355.326
342.106
328.877
315.641
302.401
289.159
275.915
262.669
249.423
236.176
222.928
209.68
196.43
183.18
169.929
156.678
143.425
130.172
116.918
103.664
90.4083
77.1525
63.8962
50.6393
37.3821
24.1244
10.8664
-2.39192
-15.6505
-28.9093
-42.1683
-55.4275
-68.6868
-81.9462
-95.2057
-108.465
-121.725
-134.985
-148.244
-161.504
-174.764
-188.023
-201.283
-214.543
-227.802
-241.062
-254.322
-267.581
-280.84
-294.1
-307.359
-320.617
-333.876
-347.134
-360.392
-373.65
-386.908
-400.164
-413.421
-426.677
-439.932
-453.187
-466.441
-479.694
-492.947
-506.198
-519.449
-532.699
-545.948
-559.197
-572.444
-585.691
-598.937
-612.182
-625.426
-638.668
-651.908
-665.143
-678.372
-691.592
-704.8
-717.993
-731.169
-744.34
-757.497
-770.709
-783.907
-797.434
-810.799
-825.336
488.852
474.401
461.107
447.636
434.45
421.243
408.081
394.906
381.726
368.53
355.322
342.103
328.875
315.641
302.402
289.16
275.917
262.671
249.425
236.178
222.93
209.681
196.432
183.181
169.93
156.678
143.426
130.172
116.918
103.664
90.4083
77.1525
63.8961
50.6392
37.382
24.1243
10.8663
-2.39201
-15.6506
-28.9094
-42.1684
-55.4275
-68.6868
-81.9462
-95.2057
-108.465
-121.725
-134.985
-148.244
-161.504
-174.764
-188.023
-201.283
-214.543
-227.802
-241.062
-254.322
-267.581
-280.84
-294.099
-307.359
-320.617
-333.876
-347.134
-360.392
-373.65
-386.907
-400.164
-413.421
-426.677
-439.932
-453.187
-466.441
-479.694
-492.947
-506.199
-519.45
-532.7
-545.95
-559.199
-572.446
-585.693
-598.939
-612.184
-625.428
-638.669
-651.908
-665.142
-678.37
-691.59
-704.797
-717.993
-731.172
-744.346
-757.507
-770.715
-783.903
-797.379
-810.682
-825.14
488.591
474.26
461.039
447.623
434.447
421.244
408.079
394.901
381.718
368.522
355.314
342.096
328.87
315.637
302.4
289.159
275.916
262.671
249.425
236.178
222.93
209.681
196.431
183.181
169.93
156.678
143.425
130.172
116.918
103.663
90.4078
77.152
63.8956
50.6388
37.3816
24.1239
10.866
-2.39227
-15.6508
-28.9096
-42.1685
-55.4276
-68.6869
-81.9463
-95.2057
-108.465
-121.725
-134.985
-148.244
-161.504
-174.764
-188.023
-201.283
-214.543
-227.802
-241.062
-254.322
-267.581
-280.84
-294.099
-307.358
-320.617
-333.876
-347.134
-360.392
-373.65
-386.907
-400.164
-413.42
-426.676
-439.932
-453.186
-466.441
-479.694
-492.947
-506.199
-519.45
-532.7
-545.95
-559.199
-572.447
-585.694
-598.94
-612.185
-625.427
-638.668
-651.905
-665.138
-678.364
-691.582
-704.79
-717.986
-731.168
-744.345
-757.509
-770.712
-783.89
-797.31
-810.538
-824.874
488.26
474.101
460.956
447.597
434.43
421.233
408.066
394.886
381.703
368.506
355.301
342.085
328.861
315.63
302.395
289.155
275.913
262.669
249.423
236.176
222.928
209.679
196.43
183.179
169.928
156.676
143.424
130.17
116.916
103.662
90.4067
77.151
63.8947
50.638
37.3809
24.1233
10.8655
-2.39272
-15.6512
-28.9099
-42.1688
-55.4278
-68.6871
-81.9464
-95.2058
-108.465
-121.725
-134.985
-148.244
-161.504
-174.764
-188.023
-201.283
-214.543
-227.802
-241.062
-254.321
-267.581
-280.84
-294.099
-307.358
-320.617
-333.875
-347.134
-360.391
-373.649
-386.906
-400.163
-413.419
-426.675
-439.93
-453.185
-466.439
-479.693
-492.945
-506.197
-519.448
-532.699
-545.949
-559.197
-572.445
-585.692
-598.938
-612.182
-625.424
-638.663
-651.899
-665.129
-678.353
-691.569
-704.775
-717.971
-731.154
-744.333
-757.5
-770.697
-783.864
-797.226
-810.376
-824.538
487.955
474.053
460.952
447.647
434.478
421.281
408.105
394.918
381.728
368.527
355.318
342.1
328.875
315.644
302.408
289.168
275.925
262.68
249.433
236.185
222.936
209.687
196.436
183.185
169.933
156.68
143.427
130.174
116.919
103.664
90.4088
77.1527
63.8963
50.6393
37.382
24.1243
10.8663
-2.39199
-15.6505
-28.9093
-42.1683
-55.4274
-68.6867
-81.9461
-95.2056
-108.465
-121.725
-134.985
-148.244
-161.504
-174.764
-188.023
-201.283
-214.543
-227.803
-241.062
-254.322
-267.581
-280.84
-294.1
-307.359
-320.617
-333.876
-347.134
-360.392
-373.65
-386.908
-400.165
-413.421
-426.677
-439.933
-453.188
-466.442
-479.696
-492.949
-506.202
-519.454
-532.705
-545.956
-559.206
-572.454
-585.702
-598.949
-612.194
-625.437
-638.677
-651.913
-665.144
-678.369
-691.587
-704.796
-717.997
-731.187
-744.373
-757.549
-770.746
-783.915
-797.222
-810.324
-824.228
487.971
474.464
461.299
448.034
434.822
421.598
408.38
395.158
381.934
368.706
355.473
342.235
328.994
315.749
302.502
289.253
276.002
262.75
249.497
236.243
222.989
209.734
196.479
183.223
169.967
156.711
143.454
130.197
116.94
103.683
90.4249
77.1669
63.9086
50.65
37.3913
24.1323
10.8732
-2.38605
-15.6454
-28.905
-42.1646
-55.4243
-68.6841
-81.9439
-95.2038
-108.464
-121.724
-134.984
-148.244
-161.504
-174.764
-188.024
-201.284
-214.544
-227.804
-241.064
-254.324
-267.584
-280.843
-294.103
-307.363
-320.622
-333.882
-347.141
-360.4
-373.659
-386.918
-400.177
-413.435
-426.693
-439.951
-453.208
-466.466
-479.723
-492.979
-506.236
-519.492
-532.747
-546.002
-559.257
-572.512
-585.765
-599.019
-612.271
-625.522
-638.771
-652.018
-665.263
-678.504
-691.741
-704.974
-718.203
-731.427
-744.649
-757.866
-771.091
-784.302
-797.567
-810.732
-824.24
-0.000721076
-0.000760327
-0.000698629
-0.000624325
-0.000554788
-0.000493311
-0.000439073
-0.000393008
-0.000354339
-0.000323358
-0.000299125
-0.000280889
-0.000267499
-0.000257764
-0.000250551
-0.000244874
-0.000239943
-0.000235187
-0.00023022
-0.00022482
-0.000218887
-0.000212407
-0.000205425
-0.000198014
-0.000190261
-0.000182257
-0.000174085
-0.00016582
-0.000157527
-0.000149257
-0.000141054
-0.000132948
-0.000124968
-0.000117128
-0.000109442
-0.000101915
-9.45523e-05
-8.73501e-05
-8.03075e-05
-7.34165e-05
-6.6672e-05
-6.00636e-05
-5.35836e-05
-4.72202e-05
-4.09646e-05
-3.48043e-05
-2.87306e-05
-2.27309e-05
-1.67964e-05
-1.09151e-05
-5.07842e-06
7.25663e-07
6.50553e-06
1.22725e-05
1.80343e-05
2.38024e-05
2.95841e-05
3.53904e-05
4.12288e-05
4.71096e-05
5.30397e-05
5.90287e-05
6.5082e-05
7.12079e-05
7.7409e-05
8.36908e-05
9.00517e-05
9.64915e-05
0.000103002
0.000109575
0.00011619
0.000122828
0.000129454
0.00013603
0.000142502
0.000148809
0.000154879
0.000160636
0.000165998
0.000170897
0.000175289
0.000179174
0.000182633
0.000185858
0.000189195
0.000193176
0.000198558
0.000206323
0.000217632
0.000233771
0.000256009
0.000285248
0.000322558
0.000367449
0.000420463
0.000479903
0.000546494
0.000615738
0.000670227
0.000625337
-0.000765384
-0.000770466
-0.000699885
-0.000625468
-0.000557128
-0.000496794
-0.000443455
-0.000397714
-0.000359039
-0.000327611
-0.000302692
-0.000283603
-0.000269305
-0.000258696
-0.000250686
-0.000244328
-0.000238845
-0.000233667
-0.000228395
-0.000222795
-0.000216749
-0.00021023
-0.000203265
-0.000195914
-0.000188253
-0.000180361
-0.000172316
-0.000164183
-0.000156023
-0.000147884
-0.000139807
-0.000131821
-0.000123952
-0.000116215
-0.000108624
-0.000101184
-9.39008e-05
-8.6771e-05
-7.97943e-05
-7.29639e-05
-6.6275e-05
-5.97181e-05
-5.3286e-05
-4.69675e-05
-4.07545e-05
-3.46349e-05
-2.86003e-05
-2.26386e-05
-1.67413e-05
-1.0897e-05
-5.09722e-06
6.6992e-07
6.41271e-06
1.21418e-05
1.78648e-05
2.35925e-05
2.93321e-05
3.50941e-05
4.08853e-05
4.67155e-05
5.25911e-05
5.85209e-05
6.45097e-05
7.05648e-05
7.66885e-05
8.28852e-05
8.9153e-05
9.54914e-05
0.000101892
0.000108347
0.000114837
0.000121344
0.000127836
0.000134278
0.000140621
0.000146811
0.000152783
0.000158471
0.000163806
0.000168731
0.000173219
0.000177287
0.000181032
0.000184659
0.000188529
0.00019318
0.000199354
0.000207999
0.000220231
0.000237242
0.000260182
0.000289863
0.000327131
0.000371631
0.000423666
0.000481956
0.000547385
0.000616902
0.000681111
0.000670735
-0.000790708
-0.000761687
-0.000695459
-0.000624114
-0.00055787
-0.000498897
-0.000446414
-0.000401313
-0.00036284
-0.000331364
-0.000306131
-0.000286572
-0.000271714
-0.000260514
-0.000251938
-0.000245063
-0.000239133
-0.000233581
-0.000228011
-0.000222183
-0.00021597
-0.000209335
-0.000202296
-0.000194905
-0.00018723
-0.000179343
-0.000171318
-0.000163216
-0.000155096
-0.000147001
-0.000138972
-0.000131037
-0.000123219
-0.000115534
-0.000107995
-0.000100605
-9.33705e-05
-8.62884e-05
-7.93579e-05
-7.25719e-05
-6.59259e-05
-5.94103e-05
-5.3018e-05
-4.6738e-05
-4.05621e-05
-3.44787e-05
-2.84792e-05
-2.25521e-05
-1.66886e-05
-1.08778e-05
-5.11102e-06
6.2282e-07
6.33186e-06
1.20267e-05
1.77149e-05
2.3407e-05
2.91101e-05
3.48343e-05
4.05868e-05
4.63769e-05
5.22111e-05
5.80981e-05
6.40429e-05
7.00527e-05
7.613e-05
8.22795e-05
8.84998e-05
9.47904e-05
0.000101144
0.000107553
0.000114
0.000120468
0.000126927
0.000133343
0.000139672
0.000145861
0.000151853
0.000157586
0.000162996
0.000168038
0.000172691
0.000176982
0.000181017
0.000185008
0.000189315
0.000194469
0.000201199
0.000210427
0.000223214
0.000240697
0.000263951
0.000293675
0.000330733
0.000374557
0.00042571
0.000482616
0.000545993
0.000612606
0.000672418
0.000696029
-0.00081099
-0.000756189
-0.000690611
-0.000621428
-0.00055717
-0.000499409
-0.00044783
-0.000403181
-0.000364892
-0.000333359
-0.000307866
-0.00028792
-0.000272602
-0.000260924
-0.000251882
-0.000244588
-0.000238302
-0.000232465
-0.000226678
-0.000220696
-0.000214386
-0.000207702
-0.000200654
-0.000193284
-0.000185654
-0.00017783
-0.000169879
-0.000161859
-0.000153825
-0.000145818
-0.000137876
-0.000130026
-0.000122292
-0.000114686
-0.000107223
-9.99049e-05
-9.27382e-05
-8.572e-05
-7.88496e-05
-7.21203e-05
-6.55275e-05
-5.9062e-05
-5.2717e-05
-4.64819e-05
-4.03486e-05
-3.43061e-05
-2.8346e-05
-2.2457e-05
-1.66309e-05
-1.08568e-05
-5.12667e-06
5.70445e-07
6.24235e-06
1.18992e-05
1.75485e-05
2.32001e-05
2.88611e-05
3.45413e-05
4.02472e-05
4.59884e-05
5.17706e-05
5.76026e-05
6.34889e-05
6.94368e-05
7.54486e-05
8.15288e-05
8.7676e-05
9.38903e-05
0.000100164
0.000106491
0.000112855
0.00011924
0.000125616
0.000131955
0.000138212
0.000144343
0.000150292
0.000156003
0.000161423
0.000166512
0.000171258
0.000175697
0.000179941
0.000184207
0.000188859
0.000194424
0.000201615
0.000211321
0.000224577
0.00024246
0.000265988
0.000295767
0.000332628
0.000375952
0.00042615
0.000481813
0.0005432
0.000607753
0.000667054
0.000716344
-0.000820688
-0.000751988
-0.000686871
-0.000620144
-0.000557589
-0.000501241
-0.000450423
-0.000406272
-0.000368068
-0.000336415
-0.000310553
-0.000290122
-0.000274255
-0.000262013
-0.000252438
-0.000244665
-0.000237968
-0.000231794
-0.000225745
-0.00021957
-0.000213129
-0.000206365
-0.000199278
-0.000191902
-0.000184292
-0.000176506
-0.000168607
-0.000160649
-0.000152682
-0.000144746
-0.000136876
-0.000129098
-0.000121435
-0.000113899
-0.000106502
-9.9248e-05
-9.21423e-05
-8.51823e-05
-7.8367e-05
-7.16899e-05
-6.51466e-05
-5.87281e-05
-5.24278e-05
-4.62353e-05
-4.01428e-05
-3.41395e-05
-2.82172e-05
-2.23651e-05
-1.65752e-05
-1.08368e-05
-5.14206e-06
5.19485e-07
6.15542e-06
1.17757e-05
1.73874e-05
2.30003e-05
2.86212e-05
3.42595e-05
3.99218e-05
4.56171e-05
5.13512e-05
5.71325e-05
6.29657e-05
6.88577e-05
7.48109e-05
8.083e-05
8.69136e-05
9.30622e-05
9.92689e-05
0.000105528
0.000111824
0.000118142
0.000124456
0.000130738
0.000136948
0.000143044
0.000148977
0.000154697
0.000160156
0.000165325
0.000170199
0.000174824
0.000179322
0.000183916
0.00018897
0.000195005
0.000202723
0.000212992
0.000226803
0.000245181
0.000269088
0.000298981
0.000335753
0.000378529
0.000427926
0.000482141
0.000541837
0.000604054
0.000662849
0.000725923
-0.000820725
-0.000744483
-0.000680115
-0.000615455
-0.000555173
-0.000500338
-0.000450809
-0.000407461
-0.000369746
-0.000338281
-0.000312348
-0.000291672
-0.000275443
-0.000262788
-0.000252789
-0.000244619
-0.000237569
-0.0002311
-0.000224818
-0.000218471
-0.00021191
-0.000205074
-0.000197952
-0.000190572
-0.000182981
-0.000175232
-0.000167383
-0.000159483
-0.00015158
-0.000143712
-0.000135911
-0.000128202
-0.000120607
-0.000113137
-0.000105804
-9.86113e-05
-9.15644e-05
-8.46602e-05
-7.7898e-05
-7.12714e-05
-6.47761e-05
-5.84031e-05
-5.21461e-05
-4.59949e-05
-3.99421e-05
-3.3977e-05
-2.80917e-05
-2.22756e-05
-1.65209e-05
-1.08173e-05
-5.15724e-06
4.69568e-07
6.07041e-06
1.1655e-05
1.72301e-05
2.28053e-05
2.83872e-05
3.3985e-05
3.96048e-05
4.52559e-05
5.09435e-05
5.66761e-05
6.24581e-05
6.82965e-05
7.41936e-05
8.01543e-05
8.61772e-05
9.22633e-05
9.84061e-05
0.0001046
0.000110832
0.000117088
0.000123342
0.00012957
0.000135735
0.000141799
0.000147716
0.000153442
0.000158937
0.000164177
0.000169167
0.00017396
0.000178683
0.000183563
0.000188961
0.000195385
0.000203523
0.000214207
0.000228387
0.000247025
0.000271015
0.000300714
0.000336984
0.000378899
0.000426943
0.000479595
0.000537009
0.000597258
0.000655325
0.000725955
-0.000815856
-0.000739033
-0.000675383
-0.000613063
-0.00055434
-0.00050093
-0.000452212
-0.000409433
-0.000371924
-0.000340459
-0.000314312
-0.000293302
-0.000276666
-0.000263575
-0.000253151
-0.00024459
-0.000237199
-0.000230446
-0.000223941
-0.000217427
-0.000210751
-0.000203842
-0.000196685
-0.000189299
-0.000181724
-0.00017401
-0.000166206
-0.000158361
-0.000150519
-0.000142714
-0.000134979
-0.000127336
-0.000119806
-0.000112399
-0.000105127
-9.79939e-05
-9.10034e-05
-8.41531e-05
-7.74422e-05
-7.08644e-05
-6.44154e-05
-5.80865e-05
-5.18716e-05
-4.57607e-05
-3.97465e-05
-3.38185e-05
-2.79693e-05
-2.21883e-05
-1.64681e-05
-1.07985e-05
-5.17222e-06
4.20668e-07
5.98726e-06
1.1537e-05
1.70765e-05
2.2615e-05
2.8159e-05
3.37174e-05
3.92962e-05
4.49044e-05
5.05471e-05
5.62328e-05
6.19656e-05
6.77525e-05
7.35959e-05
7.95006e-05
8.54657e-05
9.14922e-05
9.75743e-05
0.000103707
0.000109878
0.000116075
0.000122274
0.000128451
0.000134575
0.000140609
0.000146514
0.000152249
0.00015778
0.000163091
0.000168194
0.000173149
0.000178088
0.000183243
0.000188973
0.000195781
0.000204339
0.000215459
0.000230054
0.00024904
0.000273253
0.000302945
0.000338997
0.000380282
0.000427465
0.000478645
0.000534505
0.000592523
0.000650144
0.000721633
-0.000805773
-0.000729722
-0.000667827
-0.000607574
-0.000551172
-0.00049943
-0.000452125
-0.000410287
-0.000373354
-0.000342146
-0.000315978
-0.000294757
-0.000277791
-0.000264316
-0.0002535
-0.00024457
-0.000236855
-0.000229832
-0.000223111
-0.000216436
-0.000209647
-0.000202668
-0.000195475
-0.000188081
-0.00018052
-0.000172836
-0.000165076
-0.000157283
-0.000149497
-0.000141753
-0.00013408
-0.0001265
-0.000119031
-0.000111685
-0.000104472
-9.73952e-05
-9.04589e-05
-8.36606e-05
-7.69991e-05
-7.04684e-05
-6.40643e-05
-5.77782e-05
-5.16042e-05
-4.55323e-05
-3.95557e-05
-3.3664e-05
-2.78498e-05
-2.21032e-05
-1.64166e-05
-1.07802e-05
-5.18699e-06
3.72765e-07
5.90592e-06
1.14216e-05
1.69265e-05
2.24293e-05
2.79364e-05
3.34566e-05
3.89957e-05
4.45624e-05
5.01619e-05
5.58022e-05
6.14877e-05
6.72253e-05
7.30172e-05
7.88685e-05
8.47784e-05
9.07482e-05
9.67726e-05
0.000102848
0.000108961
0.000115102
0.000121249
0.000127381
0.000133466
0.000139474
0.000145368
0.000151114
0.000156682
0.000162063
0.000167276
0.000172387
0.000177535
0.000182952
0.000188998
0.000196167
0.000205115
0.000216622
0.000231557
0.000250765
0.000275012
0.000304437
0.000339897
0.000380178
0.000425877
0.000475335
0.000528859
0.000584919
0.000641188
0.000712038
-0.000794394
-0.000722067
-0.000661593
-0.000603639
-0.000548854
-0.000498602
-0.000452299
-0.000411204
-0.000374698
-0.000343687
-0.000317493
-0.00029609
-0.000278832
-0.000265009
-0.000253829
-0.000244555
-0.000236533
-0.000229251
-0.000222325
-0.000215494
-0.000208595
-0.000201547
-0.000194318
-0.000186915
-0.000179366
-0.00017171
-0.00016399
-0.000156244
-0.000148513
-0.000140826
-0.000133212
-0.000125691
-0.000118282
-0.000110993
-0.000103837
-9.68144e-05
-8.99303e-05
-8.3182e-05
-7.65683e-05
-7.00831e-05
-6.37224e-05
-5.74778e-05
-5.13434e-05
-4.53096e-05
-3.93695e-05
-3.35132e-05
-2.77333e-05
-2.20201e-05
-1.63664e-05
-1.07625e-05
-5.20155e-06
3.25832e-07
5.82634e-06
1.13089e-05
1.67799e-05
2.2248e-05
2.77193e-05
3.32024e-05
3.8703e-05
4.42296e-05
4.97873e-05
5.5384e-05
6.1024e-05
6.67141e-05
7.24569e-05
7.82571e-05
8.41143e-05
9.00302e-05
9.6e-05
0.00010202
0.00010808
0.000114168
0.000120267
0.000126356
0.000132406
0.000138391
0.000144277
0.000150034
0.00015564
0.000161091
0.000166411
0.000171672
0.000177019
0.000182687
0.000189031
0.00019654
0.000205848
0.000217708
0.000232943
0.000252346
0.000276627
0.000305846
0.000340859
0.000380333
0.000424969
0.000472886
0.00052479
0.000578661
0.000633731
0.000700965
-0.000780615
-0.000712039
-0.000653727
-0.000597902
-0.000545296
-0.000496723
-0.000451781
-0.000411638
-0.000375717
-0.000344995
-0.000318838
-0.000297299
-0.000279789
-0.00026565
-0.000254136
-0.000244539
-0.000236227
-0.000228701
-0.000221577
-0.000214597
-0.000207592
-0.000200476
-0.00019321
-0.000185797
-0.000178258
-0.000170628
-0.000162944
-0.000155244
-0.000147564
-0.000139931
-0.000132374
-0.000124909
-0.000117556
-0.000110323
-0.000103221
-9.62505e-05
-8.94168e-05
-8.27166e-05
-7.6149e-05
-6.97079e-05
-6.33893e-05
-5.7185e-05
-5.10891e-05
-4.50923e-05
-3.91878e-05
-3.33659e-05
-2.76195e-05
-2.1939e-05
-1.63174e-05
-1.07453e-05
-5.21591e-06
2.79822e-07
5.74844e-06
1.11986e-05
1.66366e-05
2.20709e-05
2.75073e-05
3.29544e-05
3.84177e-05
4.39055e-05
4.94228e-05
5.49775e-05
6.05738e-05
6.62184e-05
7.19139e-05
7.76653e-05
8.34724e-05
8.9337e-05
9.52549e-05
0.000101223
0.000107232
0.000113272
0.000119325
0.000125373
0.000131393
0.000137356
0.000143236
0.000149007
0.000154651
0.000160169
0.000165592
0.000170999
0.000176537
0.000182443
0.00018907
0.000196895
0.000206537
0.000218715
0.000234212
0.000253764
0.000278015
0.000306936
0.000341338
0.000379799
0.000423004
0.00046919
0.0005189
0.000570744
0.000623932
0.000687522
-0.00076636
-0.000702387
-0.000646169
-0.000592598
-0.000541767
-0.000494767
-0.000451033
-0.000411803
-0.000376481
-0.000346088
-0.000320015
-0.000298384
-0.00028066
-0.000266239
-0.000254417
-0.000244519
-0.000235935
-0.000228176
-0.000220865
-0.00021374
-0.000206633
-0.00019945
-0.000192149
-0.000184724
-0.000177194
-0.000169587
-0.000161938
-0.000154281
-0.000146648
-0.000139067
-0.000131563
-0.000124152
-0.000116853
-0.000109673
-0.000102623
-9.57028e-05
-8.89174e-05
-8.22637e-05
-7.57407e-05
-6.93423e-05
-6.30645e-05
-5.68992e-05
-5.08408e-05
-4.488e-05
-3.90102e-05
-3.3222e-05
-2.75083e-05
-2.18598e-05
-1.62696e-05
-1.07286e-05
-5.23008e-06
2.34684e-07
5.67212e-06
1.10907e-05
1.64965e-05
2.18977e-05
2.73003e-05
3.27124e-05
3.81395e-05
4.35897e-05
4.9068e-05
5.45821e-05
6.01363e-05
6.57372e-05
7.13875e-05
7.70922e-05
8.28514e-05
8.86672e-05
9.45359e-05
0.000100455
0.000106416
0.000112409
0.00011842
0.000124432
0.000130422
0.000136367
0.000142242
0.000148028
0.000153709
0.000159294
0.000164818
0.000170365
0.000176085
0.000182217
0.000189109
0.000197231
0.00020718
0.000219644
0.000235364
0.000255021
0.000279193
0.000307776
0.000341551
0.000379037
0.000420969
0.000465532
0.00051346
0.000563146
0.000614462
0.000673547
-0.000751393
-0.000691859
-0.000638022
-0.000586636
-0.000537776
-0.000492402
-0.000449955
-0.000411683
-0.000377
-0.000346974
-0.00032103
-0.000299346
-0.000281445
-0.000266773
-0.00025467
-0.000244493
-0.000235653
-0.000227673
-0.000220182
-0.000212921
-0.000205715
-0.000198467
-0.00019113
-0.000183693
-0.00017617
-0.000168585
-0.000160968
-0.00015335
-0.000145763
-0.000138231
-0.000130778
-0.000123419
-0.000116171
-0.000109043
-0.000102042
-9.51701e-05
-8.84314e-05
-8.18227e-05
-7.53427e-05
-6.89857e-05
-6.27474e-05
-5.66202e-05
-5.05982e-05
-4.46725e-05
-3.88367e-05
-3.30813e-05
-2.73996e-05
-2.17823e-05
-1.62229e-05
-1.07123e-05
-5.24408e-06
1.90362e-07
5.59728e-06
1.09849e-05
1.63593e-05
2.17283e-05
2.70979e-05
3.24759e-05
3.78679e-05
4.32817e-05
4.87223e-05
5.41973e-05
5.97109e-05
6.52697e-05
7.08767e-05
7.65367e-05
8.22502e-05
8.80195e-05
9.38415e-05
9.97142e-05
0.000105629
0.00011158
0.000117551
0.000123528
0.000129491
0.00013542
0.000141293
0.000147094
0.000152813
0.000158462
0.000164083
0.000169764
0.000175658
0.000182004
0.000189147
0.000197544
0.000207774
0.000220494
0.000236401
0.000256121
0.000280171
0.000308376
0.000341482
0.000377951
0.000418531
0.000461417
0.000507363
0.000554954
0.000604103
0.000658855
-0.000736316
-0.000681136
-0.000629697
-0.000580496
-0.000533513
-0.000489743
-0.000448587
-0.000411295
-0.000377284
-0.000347662
-0.000321886
-0.000300188
-0.000282143
-0.00026725
-0.000254892
-0.000244456
-0.000235376
-0.000227188
-0.000219527
-0.000212134
-0.000204833
-0.000197522
-0.000190151
-0.000182701
-0.000175184
-0.000167618
-0.000160031
-0.000152452
-0.000144907
-0.000137422
-0.000130017
-0.000122708
-0.000115509
-0.00010843
-0.000101476
-9.46517e-05
-8.7958e-05
-8.13927e-05
-7.49545e-05
-6.86375e-05
-6.24377e-05
-5.63474e-05
-5.0361e-05
-4.44696e-05
-3.86668e-05
-3.29435e-05
-2.72931e-05
-2.17065e-05
-1.61772e-05
-1.06965e-05
-5.25793e-06
1.468e-07
5.52383e-06
1.08812e-05
1.62248e-05
2.15625e-05
2.68998e-05
3.22447e-05
3.76025e-05
4.2981e-05
4.83851e-05
5.38223e-05
5.92968e-05
6.48152e-05
7.03806e-05
7.59978e-05
8.16677e-05
8.73927e-05
9.31702e-05
9.89987e-05
0.000104871
0.000110781
0.000116715
0.00012266
0.000128599
0.000134513
0.000140385
0.000146201
0.000151957
0.00015767
0.000163384
0.000169193
0.000175253
0.000181801
0.000189179
0.000197832
0.000208318
0.000221264
0.000237324
0.00025707
0.000280957
0.000308749
0.000341149
0.000376581
0.000415805
0.000457043
0.0005011
0.00054659
0.000593536
0.00064404
-0.000721269
-0.000670179
-0.000621179
-0.000574134
-0.000529003
-0.000486818
-0.000446956
-0.000410658
-0.000377347
-0.000348159
-0.000322588
-0.000300909
-0.000282755
-0.00026767
-0.00025508
-0.000244405
-0.000235101
-0.000226717
-0.000218895
-0.000211376
-0.000203984
-0.000196613
-0.000189207
-0.000181745
-0.000174232
-0.000166684
-0.000159126
-0.000151582
-0.000144079
-0.000136637
-0.000129279
-0.000122017
-0.000114866
-0.000107833
-0.000100926
-9.41465e-05
-8.74963e-05
-8.0973e-05
-7.45753e-05
-6.82972e-05
-6.21349e-05
-5.60806e-05
-5.01287e-05
-4.42708e-05
-3.85004e-05
-3.28086e-05
-2.71888e-05
-2.16323e-05
-1.61325e-05
-1.06811e-05
-5.27165e-06
1.03935e-07
5.45166e-06
1.07794e-05
1.60929e-05
2.13999e-05
2.67058e-05
3.20184e-05
3.7343e-05
4.26872e-05
4.8056e-05
5.34566e-05
5.88934e-05
6.43729e-05
6.98982e-05
7.54745e-05
8.11025e-05
8.67853e-05
9.25205e-05
9.83072e-05
0.000104139
0.00011001
0.00011591
0.000121825
0.000127741
0.000133643
0.000139514
0.000145347
0.000151139
0.000156913
0.000162718
0.000168649
0.000174866
0.000181606
0.000189203
0.000198093
0.000208812
0.000221955
0.000238135
0.000257872
0.000281558
0.000308906
0.000340571
0.000374954
0.000412824
0.000452434
0.00049463
0.000538042
0.000582728
0.000629253
-0.000706411
-0.000659105
-0.000612523
-0.000567593
-0.000524279
-0.000483657
-0.000445084
-0.000409789
-0.0003772
-0.000348473
-0.000323139
-0.000301514
-0.000283279
-0.00026803
-0.000255233
-0.000244338
-0.000234825
-0.000226257
-0.000218282
-0.000210643
-0.000203164
-0.000195735
-0.000188295
-0.000180821
-0.000173312
-0.000165781
-0.00015825
-0.000150739
-0.000143275
-0.000135876
-0.000128562
-0.000121345
-0.00011424
-0.000107253
-0.00010039
-9.36537e-05
-8.70456e-05
-8.05631e-05
-7.42046e-05
-6.79644e-05
-6.18384e-05
-5.58192e-05
-4.99012e-05
-4.40759e-05
-3.83372e-05
-3.26762e-05
-2.70865e-05
-2.15595e-05
-1.60888e-05
-1.06661e-05
-5.28525e-06
6.17097e-08
5.38069e-06
1.06794e-05
1.59634e-05
2.12403e-05
2.65156e-05
3.17967e-05
3.7089e-05
4.23999e-05
4.77343e-05
5.30996e-05
5.84999e-05
6.39419e-05
6.94288e-05
7.49657e-05
8.05538e-05
8.61961e-05
9.1891e-05
9.7638e-05
0.000103431
0.000109267
0.000115133
0.000121021
0.000126917
0.000132807
0.000138679
0.000144528
0.000150356
0.000156189
0.00016208
0.000168129
0.000174494
0.000181414
0.000189216
0.000198324
0.000209253
0.000222567
0.000238837
0.000258531
0.000281983
0.00030886
0.000339767
0.000373096
0.000409619
0.000447628
0.000487998
0.000529368
0.0005718
0.000614653
-0.000691847
-0.000647998
-0.000603783
-0.000560914
-0.000519377
-0.000480288
-0.000442993
-0.000408704
-0.000376856
-0.000348612
-0.000323545
-0.000302003
-0.000283718
-0.000268331
-0.000255348
-0.000244252
-0.000234546
-0.000225805
-0.000217685
-0.000209933
-0.000202371
-0.000194886
-0.000187414
-0.000179927
-0.000172421
-0.000164906
-0.0001574
-0.000149922
-0.000142495
-0.000135136
-0.000127864
-0.000120692
-0.00011363
-0.000106686
-9.98668e-05
-9.31724e-05
-8.66051e-05
-8.01621e-05
-7.38418e-05
-6.76384e-05
-6.15479e-05
-5.5563e-05
-4.9678e-05
-4.38848e-05
-3.8177e-05
-3.25463e-05
-2.69861e-05
-2.14881e-05
-1.60459e-05
-1.06515e-05
-5.29876e-06
2.00634e-08
5.3108e-06
1.0581e-05
1.58361e-05
2.10836e-05
2.63289e-05
3.15793e-05
3.68401e-05
4.21186e-05
4.74197e-05
5.27506e-05
5.81158e-05
6.35216e-05
6.89714e-05
7.44705e-05
8.00203e-05
8.5624e-05
9.12805e-05
9.69897e-05
0.000102747
0.000108548
0.000114383
0.000120246
0.000126122
0.000132002
0.000137876
0.000143741
0.000149604
0.000155494
0.000161468
0.000167628
0.000174135
0.000181224
0.000189217
0.000198525
0.000209641
0.000223101
0.000239431
0.000259052
0.000282241
0.000308624
0.000338755
0.00037103
0.000406219
0.000442661
0.000481247
0.000520624
0.000560839
0.00060035
-0.000677646
-0.000636927
-0.000595004
-0.000554133
-0.000514327
-0.000476736
-0.000440706
-0.000407419
-0.000376325
-0.000348585
-0.000323811
-0.000302379
-0.000284071
-0.00026857
-0.000255424
-0.000244146
-0.00023426
-0.000225358
-0.000217102
-0.000209243
-0.000201601
-0.000194062
-0.000186559
-0.00017906
-0.000171557
-0.000164057
-0.000156575
-0.000149128
-0.000141736
-0.000134416
-0.000127185
-0.000120054
-0.000113035
-0.000106134
-9.93556e-05
-9.27019e-05
-8.61742e-05
-7.97696e-05
-7.34864e-05
-6.73189e-05
-6.1263e-05
-5.53115e-05
-4.94589e-05
-4.3697e-05
-3.80198e-05
-3.24187e-05
-2.68875e-05
-2.1418e-05
-1.60039e-05
-1.06373e-05
-5.31221e-06
-2.10597e-08
5.24191e-06
1.0484e-05
1.57108e-05
2.09295e-05
2.61455e-05
3.13658e-05
3.65959e-05
4.18428e-05
4.71116e-05
5.24093e-05
5.77403e-05
6.31112e-05
6.85254e-05
7.39881e-05
7.95011e-05
8.50679e-05
9.06876e-05
9.63608e-05
0.000102083
0.000107852
0.000113659
0.000119497
0.000125355
0.000131226
0.000137102
0.000142984
0.000148881
0.000154826
0.000160879
0.000167145
0.000173785
0.000181032
0.000189202
0.000198693
0.000209976
0.000223556
0.000239921
0.00025944
0.000282339
0.00030821
0.000337551
0.000368778
0.000402651
0.000437565
0.000474414
0.000511857
0.00054992
0.000586414
-0.000663848
-0.000625952
-0.000586227
-0.000547283
-0.000509159
-0.000473027
-0.000438242
-0.000405951
-0.00037562
-0.000348399
-0.000323941
-0.000302645
-0.000284339
-0.000268749
-0.00025546
-0.000244016
-0.000233966
-0.000224913
-0.00021653
-0.000208569
-0.000200851
-0.000193262
-0.000185729
-0.000178218
-0.000170718
-0.000163232
-0.000155772
-0.000148354
-0.000140997
-0.000133714
-0.000126523
-0.000119433
-0.000112454
-0.000105593
-9.88556e-05
-9.22414e-05
-8.57521e-05
-7.93849e-05
-7.31378e-05
-6.70054e-05
-6.09833e-05
-5.50646e-05
-4.92436e-05
-4.35125e-05
-3.78651e-05
-3.22932e-05
-2.67906e-05
-2.13491e-05
-1.59626e-05
-1.06234e-05
-5.32561e-06
-6.17142e-08
5.17394e-06
1.03885e-05
1.55875e-05
2.07779e-05
2.5965e-05
3.11561e-05
3.63561e-05
4.15723e-05
4.68096e-05
5.2075e-05
5.7373e-05
6.27101e-05
6.80898e-05
7.35175e-05
7.89953e-05
8.45266e-05
9.01112e-05
9.575e-05
0.00010144
0.000107178
0.000112957
0.000118772
0.000124614
0.000130477
0.000136356
0.000142254
0.000148184
0.000154181
0.00016031
0.000166676
0.000173442
0.000180837
0.000189171
0.000198827
0.000210258
0.000223935
0.000240309
0.0002597
0.000282286
0.000307629
0.000336172
0.000366361
0.000398942
0.000432371
0.000467535
0.000503111
0.000539103
0.000572888
-0.000650479
-0.000615119
-0.000577489
-0.000540393
-0.000503898
-0.000469183
-0.00043562
-0.000404314
-0.000374751
-0.000348062
-0.000323941
-0.000302804
-0.000284523
-0.000268866
-0.000255454
-0.000243863
-0.000233661
-0.000224468
-0.000215965
-0.000207908
-0.00020012
-0.000192482
-0.00018492
-0.000177398
-0.000169901
-0.000162428
-0.00015499
-0.000147601
-0.000140276
-0.00013303
-0.000125876
-0.000118825
-0.000111886
-0.000105065
-9.83661e-05
-9.17902e-05
-8.53383e-05
-7.90075e-05
-7.27957e-05
-6.66974e-05
-6.07085e-05
-5.48218e-05
-4.90319e-05
-4.3331e-05
-3.77129e-05
-3.21698e-05
-2.66952e-05
-2.12813e-05
-1.59221e-05
-1.061e-05
-5.33899e-06
-1.01951e-07
5.1068e-06
1.02942e-05
1.54658e-05
2.06285e-05
2.57875e-05
3.09497e-05
3.61204e-05
4.13066e-05
4.65133e-05
5.17473e-05
5.70133e-05
6.23177e-05
6.76641e-05
7.30581e-05
7.85019e-05
8.39992e-05
8.95502e-05
9.51562e-05
0.000100814
0.000106523
0.000112277
0.000118071
0.000123898
0.000129753
0.000135635
0.000141548
0.00014751
0.000153558
0.000159759
0.00016622
0.000173103
0.000180637
0.000189121
0.000198928
0.000210486
0.000224239
0.000240597
0.000259839
0.000282091
0.000306893
0.000334633
0.0003638
0.000395116
0.000427106
0.00046064
0.000494423
0.000528438
0.000559798
-0.00063755
-0.000604467
-0.000568821
-0.00053349
-0.000498567
-0.000465226
-0.000432857
-0.000402523
-0.00037373
-0.000347582
-0.000323815
-0.000302859
-0.000284626
-0.000268922
-0.000255407
-0.000243683
-0.000233343
-0.000224021
-0.000215406
-0.00020726
-0.000199404
-0.00019172
-0.000184132
-0.000176599
-0.000169104
-0.000161644
-0.000154228
-0.000146866
-0.000139572
-0.000132361
-0.000125244
-0.00011823
-0.00011133
-0.000104547
-9.78862e-05
-9.13476e-05
-8.49322e-05
-7.86369e-05
-7.24595e-05
-6.63947e-05
-6.04381e-05
-5.45829e-05
-4.88235e-05
-4.31523e-05
-3.75631e-05
-3.20482e-05
-2.66013e-05
-2.12147e-05
-1.58824e-05
-1.05969e-05
-5.35237e-06
-1.41817e-07
5.04042e-06
1.02011e-05
1.53458e-05
2.04811e-05
2.56125e-05
3.07465e-05
3.58886e-05
4.10455e-05
4.62223e-05
5.14258e-05
5.66607e-05
6.19333e-05
6.72476e-05
7.2609e-05
7.80201e-05
8.34847e-05
8.90035e-05
9.45781e-05
0.000100206
0.000105888
0.000111617
0.00011739
0.000123203
0.000129052
0.000134937
0.000140866
0.000146858
0.000152954
0.000159223
0.000165773
0.000172768
0.000180429
0.000189052
0.000198993
0.00021066
0.000224469
0.00024079
0.00025986
0.00028176
0.000306013
0.000332951
0.000361112
0.000391193
0.000421794
0.000453756
0.000485827
0.000517966
0.000547157
-0.000625062
-0.000594025
-0.000560248
-0.000526599
-0.000493189
-0.000461173
-0.000429971
-0.00040059
-0.000372566
-0.000346966
-0.00032357
-0.000302812
-0.000284647
-0.000268918
-0.000255317
-0.000243476
-0.000233011
-0.00022357
-0.000214851
-0.00020662
-0.000198702
-0.000190974
-0.000183361
-0.000175818
-0.000168326
-0.000160879
-0.000153483
-0.000146147
-0.000138884
-0.000131706
-0.000124625
-0.000117648
-0.000110785
-0.000104039
-9.74154e-05
-9.09132e-05
-8.45333e-05
-7.82727e-05
-7.2129e-05
-6.60969e-05
-6.01721e-05
-5.43477e-05
-4.86182e-05
-4.29762e-05
-3.74155e-05
-3.19284e-05
-2.65088e-05
-2.11491e-05
-1.58433e-05
-1.05841e-05
-5.36576e-06
-1.81357e-07
4.97472e-06
1.01091e-05
1.52273e-05
2.03358e-05
2.54399e-05
3.05463e-05
3.56603e-05
4.07886e-05
4.59363e-05
5.111e-05
5.63147e-05
6.15566e-05
6.68397e-05
7.21697e-05
7.75492e-05
8.29824e-05
8.84703e-05
9.40147e-05
9.96145e-05
0.000105269
0.000110975
0.00011673
0.000122529
0.000128372
0.00013426
0.000140204
0.000146225
0.000152367
0.0001587
0.000165335
0.000172433
0.000180213
0.000188962
0.000199022
0.000210782
0.000224626
0.00024089
0.000259769
0.000281303
0.000305
0.000331138
0.000358314
0.000387193
0.000416457
0.000446909
0.000477348
0.000507718
0.000534967
-0.000613014
-0.000583816
-0.000551794
-0.000519739
-0.000487783
-0.000457042
-0.000426975
-0.00039853
-0.00037127
-0.000346223
-0.000323209
-0.000302667
-0.00028459
-0.000268853
-0.000255183
-0.000243241
-0.000232663
-0.000223113
-0.000214298
-0.000205989
-0.000198011
-0.000190243
-0.000182606
-0.000175054
-0.000167564
-0.00016013
-0.000152754
-0.000145444
-0.000138211
-0.000131065
-0.000124018
-0.000117078
-0.000110251
-0.000103541
-9.69531e-05
-9.04864e-05
-8.41411e-05
-7.79144e-05
-7.18037e-05
-6.58037e-05
-5.991e-05
-5.41159e-05
-4.84159e-05
-4.28026e-05
-3.72699e-05
-3.18103e-05
-2.64176e-05
-2.10845e-05
-1.58049e-05
-1.05717e-05
-5.37918e-06
-2.20611e-07
4.90966e-06
1.00181e-05
1.51101e-05
2.01922e-05
2.52696e-05
3.03489e-05
3.54354e-05
4.05356e-05
4.56549e-05
5.07996e-05
5.59749e-05
6.11869e-05
6.64399e-05
7.17394e-05
7.70885e-05
8.24914e-05
8.79496e-05
9.34652e-05
9.90376e-05
0.000104667
0.000110351
0.000116087
0.000121873
0.000127711
0.000133602
0.00013956
0.00014561
0.000151795
0.000158189
0.000164903
0.000172097
0.000179987
0.00018885
0.000199016
0.000210851
0.000224712
0.0002409
0.000259572
0.000280726
0.000303864
0.000329208
0.000355422
0.000383135
0.000411115
0.000440119
0.000469011
0.000497717
0.000523227
-0.000601396
-0.000573854
-0.000543476
-0.000512929
-0.000482365
-0.000452851
-0.000423885
-0.000396353
-0.000369851
-0.000345359
-0.000322738
-0.000302428
-0.000284455
-0.000268728
-0.000255007
-0.000242977
-0.000232299
-0.000222649
-0.000213746
-0.000205363
-0.00019733
-0.000189524
-0.000181865
-0.000174305
-0.000166818
-0.000159396
-0.00015204
-0.000144755
-0.000137551
-0.000130437
-0.000123423
-0.000116517
-0.000109726
-0.000103052
-9.64987e-05
-9.00666e-05
-8.37553e-05
-7.75617e-05
-7.14833e-05
-6.55148e-05
-5.96517e-05
-5.38874e-05
-4.82164e-05
-4.26314e-05
-3.71263e-05
-3.16939e-05
-2.63277e-05
-2.10209e-05
-1.57671e-05
-1.05597e-05
-5.39266e-06
-2.59616e-07
4.84517e-06
9.92794e-06
1.49942e-05
2.00502e-05
2.51014e-05
3.01541e-05
3.52136e-05
4.02864e-05
4.53779e-05
5.04943e-05
5.5641e-05
6.0824e-05
6.60478e-05
7.13177e-05
7.66375e-05
8.20112e-05
8.74407e-05
9.29285e-05
9.84747e-05
0.00010408
0.000109742
0.000115461
0.000121236
0.000127068
0.000132962
0.000138934
0.00014501
0.000151236
0.000157688
0.000164476
0.000171759
0.000179749
0.000188715
0.000198973
0.000210868
0.00022473
0.000240824
0.000259274
0.000280038
0.000302614
0.000327174
0.000352452
0.000379035
0.000405784
0.000433404
0.000460832
0.000487979
0.00051193
-0.0005902
-0.000564149
-0.000535308
-0.000506184
-0.00047695
-0.000448612
-0.000420713
-0.000394071
-0.000368319
-0.000344383
-0.000322163
-0.000302097
-0.000284246
-0.000268545
-0.000254787
-0.000242684
-0.000231916
-0.000222176
-0.000213192
-0.000204742
-0.000196657
-0.000188816
-0.000181137
-0.00017357
-0.000166087
-0.000158677
-0.000151339
-0.000144079
-0.000136903
-0.00012982
-0.000122839
-0.000115967
-0.00010921
-0.000102571
-9.60518e-05
-8.96536e-05
-8.33754e-05
-7.72144e-05
-7.11676e-05
-6.52301e-05
-5.93969e-05
-5.3662e-05
-4.80195e-05
-4.24625e-05
-3.69846e-05
-3.15789e-05
-2.62391e-05
-2.09582e-05
-1.573e-05
-1.0548e-05
-5.4062e-06
-2.98405e-07
4.78121e-06
9.83865e-06
1.48796e-05
1.99099e-05
2.49353e-05
2.99617e-05
3.49948e-05
4.00407e-05
4.5105e-05
5.01939e-05
5.53127e-05
6.04674e-05
6.56628e-05
7.09042e-05
7.61955e-05
8.15409e-05
8.69428e-05
9.24039e-05
9.7925e-05
0.000103507
0.000109149
0.000114852
0.000120615
0.000126441
0.000132339
0.000138324
0.000144425
0.00015069
0.000157195
0.000164052
0.000171418
0.0001795
0.000188558
0.000198895
0.000210834
0.00022468
0.000240666
0.000258879
0.000279245
0.000301261
0.000325047
0.000349415
0.000374908
0.000400479
0.000426779
0.000452827
0.000478514
0.000501065
-0.000579412
-0.000554709
-0.000527303
-0.000499517
-0.000471553
-0.00044434
-0.000417471
-0.000391696
-0.000366682
-0.0003433
-0.000321487
-0.000301678
-0.000283963
-0.000268304
-0.000254524
-0.000242361
-0.000231515
-0.000221694
-0.000212635
-0.000204123
-0.000195992
-0.000188118
-0.000180421
-0.000172847
-0.000165368
-0.00015797
-0.000150652
-0.000143415
-0.000136267
-0.000129214
-0.000122265
-0.000115427
-0.000108703
-0.000102097
-9.56118e-05
-8.92468e-05
-8.30012e-05
-7.68721e-05
-7.08563e-05
-6.49492e-05
-5.91456e-05
-5.34396e-05
-4.78251e-05
-4.22957e-05
-3.68447e-05
-3.14655e-05
-2.61516e-05
-2.08963e-05
-1.56935e-05
-1.05367e-05
-5.41983e-06
-3.37009e-07
4.71773e-06
9.75014e-06
1.4766e-05
1.9771e-05
2.4771e-05
2.97716e-05
3.47788e-05
3.97983e-05
4.4836e-05
4.98979e-05
5.49896e-05
6.01168e-05
6.52846e-05
7.04982e-05
7.5762e-05
8.10801e-05
8.64555e-05
9.18908e-05
9.73877e-05
0.000102947
0.00010857
0.000114257
0.000120009
0.000125831
0.000131731
0.000137729
0.000143853
0.000150154
0.000156709
0.00016363
0.000171072
0.000179238
0.000188377
0.00019878
0.00021075
0.000224566
0.000240428
0.000258392
0.000278354
0.000299813
0.000322839
0.000346324
0.000370766
0.000395214
0.000420256
0.000445006
0.00046933
0.000490621
-0.000569018
-0.000545536
-0.000519468
-0.000492939
-0.000466183
-0.000440045
-0.000414171
-0.000389237
-0.000364948
-0.000342117
-0.000320717
-0.000301175
-0.000283608
-0.000268006
-0.000254218
-0.000242007
-0.000231094
-0.000221201
-0.000212075
-0.000203507
-0.000195332
-0.000187428
-0.000179714
-0.000172135
-0.000164661
-0.000157276
-0.000149976
-0.000142763
-0.000135641
-0.000128618
-0.000121701
-0.000114894
-0.000108204
-0.000101631
-9.51785e-05
-8.8846e-05
-8.26323e-05
-7.65345e-05
-7.05493e-05
-6.46721e-05
-5.88975e-05
-5.322e-05
-4.76332e-05
-4.2131e-05
-3.67065e-05
-3.13535e-05
-2.60652e-05
-2.08354e-05
-1.56576e-05
-1.05257e-05
-5.43356e-06
-3.75455e-07
4.6547e-06
9.66236e-06
1.46535e-05
1.96336e-05
2.46085e-05
2.95838e-05
3.45654e-05
3.95591e-05
4.45708e-05
4.96063e-05
5.46715e-05
5.97718e-05
6.49128e-05
7.00996e-05
7.53367e-05
8.06284e-05
8.5978e-05
9.13885e-05
9.6862e-05
0.0001024
0.000108004
0.000113676
0.000119417
0.000125234
0.000131137
0.000137146
0.000143292
0.000149628
0.00015623
0.00016321
0.000170721
0.000178962
0.000188173
0.00019863
0.000210617
0.000224388
0.000240113
0.00025782
0.000277373
0.000298277
0.00032056
0.00034319
0.000366621
0.000389999
0.000413847
0.000437379
0.00046043
0.000480584
-0.000559005
-0.00053663
-0.000511809
-0.000486458
-0.000460852
-0.00043574
-0.000410822
-0.000386704
-0.000363125
-0.000340841
-0.000319856
-0.00030059
-0.000283185
-0.000267652
-0.00025387
-0.000241623
-0.000230654
-0.000220696
-0.000211511
-0.000202891
-0.000194676
-0.000186746
-0.000179017
-0.000171434
-0.000163965
-0.000156592
-0.000149311
-0.000142121
-0.000135026
-0.000128032
-0.000121145
-0.000114371
-0.000107712
-0.000101172
-9.47515e-05
-8.84509e-05
-8.22684e-05
-7.62015e-05
-7.02463e-05
-6.43985e-05
-5.86526e-05
-5.30031e-05
-4.74437e-05
-4.19683e-05
-3.657e-05
-3.12429e-05
-2.598e-05
-2.07754e-05
-1.56223e-05
-1.05151e-05
-5.44739e-06
-4.13768e-07
4.59208e-06
9.57527e-06
1.4542e-05
1.94974e-05
2.44477e-05
2.9398e-05
3.43546e-05
3.93229e-05
4.43092e-05
4.93188e-05
5.43582e-05
5.94323e-05
6.45473e-05
6.97078e-05
7.4919e-05
8.01851e-05
8.55099e-05
9.08964e-05
9.63474e-05
0.000101865
0.000107451
0.000113108
0.000118839
0.000124651
0.000130557
0.000136576
0.000142743
0.000149109
0.000155755
0.00016279
0.000170364
0.000178672
0.000187945
0.000198445
0.000210437
0.00022415
0.000239726
0.000257165
0.000276307
0.000296663
0.000318218
0.000340024
0.000362485
0.000384844
0.000407559
0.000429949
0.000451813
0.000470939
-0.000549357
-0.000527989
-0.000504331
-0.000480084
-0.000455568
-0.000431433
-0.000407434
-0.000384104
-0.000361221
-0.000339478
-0.000318909
-0.000299927
-0.000282694
-0.000267244
-0.00025348
-0.000241209
-0.000230193
-0.00022018
-0.000210941
-0.000202274
-0.000194024
-0.00018607
-0.000178328
-0.000170742
-0.000163278
-0.000155919
-0.000148656
-0.000141489
-0.00013442
-0.000127455
-0.000120598
-0.000113855
-0.000107227
-0.000100719
-9.43304e-05
-8.80612e-05
-8.19095e-05
-7.58729e-05
-6.99471e-05
-6.41284e-05
-5.84106e-05
-5.27889e-05
-4.72564e-05
-4.18076e-05
-3.64352e-05
-3.11338e-05
-2.58959e-05
-2.07162e-05
-1.55876e-05
-1.05049e-05
-5.46135e-06
-4.5197e-07
4.52985e-06
9.48883e-06
1.44315e-05
1.93626e-05
2.42886e-05
2.92142e-05
3.41463e-05
3.90896e-05
4.4051e-05
4.90353e-05
5.40494e-05
5.9098e-05
6.41876e-05
6.93226e-05
7.45088e-05
7.975e-05
8.50507e-05
9.0414e-05
9.58432e-05
0.000101341
0.000106909
0.000112552
0.000118273
0.000124081
0.000129988
0.000136017
0.000142203
0.000148599
0.000155284
0.000162369
0.000170001
0.000178368
0.000187693
0.000198225
0.000210209
0.000223852
0.000239269
0.000256434
0.000275162
0.000294978
0.000315823
0.000336833
0.000358365
0.000379757
0.000401399
0.000422721
0.000443479
0.000461673
-0.00054006
-0.000519611
-0.000497035
-0.00047382
-0.000450338
-0.000427132
-0.000404015
-0.000381448
-0.000359243
-0.000338033
-0.000317881
-0.00029919
-0.000282139
-0.000266782
-0.000253048
-0.000240764
-0.000229711
-0.000219651
-0.000210365
-0.000201657
-0.000193375
-0.000185399
-0.000177646
-0.000170058
-0.000162601
-0.000155254
-0.00014801
-0.000140866
-0.000133823
-0.000126886
-0.000120059
-0.000113346
-0.00010675
-0.000100273
-9.3915e-05
-8.76767e-05
-8.15551e-05
-7.55484e-05
-6.96517e-05
-6.38616e-05
-5.81716e-05
-5.25772e-05
-4.70713e-05
-4.16488e-05
-3.6302e-05
-3.10259e-05
-2.58129e-05
-2.06579e-05
-1.55535e-05
-1.04951e-05
-5.47544e-06
-4.90082e-07
4.46799e-06
9.40301e-06
1.43219e-05
1.92289e-05
2.4131e-05
2.90324e-05
3.39403e-05
3.88591e-05
4.3796e-05
4.87556e-05
5.3745e-05
5.87687e-05
6.38336e-05
6.89438e-05
7.41056e-05
7.93226e-05
8.46001e-05
8.99408e-05
9.5349e-05
0.000100827
0.000106379
0.000112007
0.000117719
0.000123522
0.000129431
0.000135468
0.000141671
0.000148094
0.000154816
0.000161946
0.000169629
0.000178049
0.000187417
0.000197971
0.000209936
0.000223498
0.000238745
0.00025563
0.000273945
0.000293227
0.000313382
0.000333627
0.000354269
0.000374744
0.000395372
0.000415696
0.000435423
0.00045277
-0.000531099
-0.000511492
-0.000489919
-0.000467673
-0.000445168
-0.000422846
-0.000400573
-0.000378741
-0.000357197
-0.000336513
-0.000316777
-0.000298381
-0.000281521
-0.000266269
-0.000252576
-0.000240289
-0.000229208
-0.000219109
-0.000209781
-0.000201037
-0.000192727
-0.000184732
-0.00017697
-0.000169381
-0.000161932
-0.000154599
-0.000147373
-0.000140251
-0.000133234
-0.000126325
-0.000119527
-0.000112844
-0.000106278
-9.98323e-05
-9.3505e-05
-8.72972e-05
-8.12053e-05
-7.5228e-05
-6.93599e-05
-6.3598e-05
-5.79353e-05
-5.23681e-05
-4.68884e-05
-4.14919e-05
-3.61704e-05
-3.09195e-05
-2.57309e-05
-2.06004e-05
-1.55201e-05
-1.04857e-05
-5.48968e-06
-5.28123e-07
4.40646e-06
9.31776e-06
1.42132e-05
1.90964e-05
2.3975e-05
2.88525e-05
3.37367e-05
3.86313e-05
4.35443e-05
4.84796e-05
5.34449e-05
5.84442e-05
6.3485e-05
6.8571e-05
7.37092e-05
7.89027e-05
8.41576e-05
8.94763e-05
9.48642e-05
0.000100323
0.000105859
0.000111474
0.000117176
0.000122974
0.000128883
0.000134929
0.000141148
0.000147596
0.000154351
0.000161522
0.00016925
0.000177714
0.000187117
0.000197683
0.000209618
0.000223089
0.000238158
0.000254757
0.000272661
0.000291419
0.000310904
0.000330412
0.000350206
0.000369812
0.000389482
0.000408872
0.000427641
0.000444216
-0.00052246
-0.000503626
-0.000482985
-0.000461647
-0.000440064
-0.000418581
-0.000397115
-0.000375992
-0.000355089
-0.000334922
-0.0003156
-0.000297503
-0.000280843
-0.000265704
-0.000252063
-0.000239783
-0.000228684
-0.000218552
-0.000209191
-0.000200415
-0.00019208
-0.000184069
-0.000176299
-0.000168712
-0.00016127
-0.000153951
-0.000146744
-0.000139645
-0.000132653
-0.000125771
-0.000119002
-0.000112349
-0.000105813
-9.93974e-05
-9.31002e-05
-8.69223e-05
-8.08597e-05
-7.49115e-05
-6.90715e-05
-6.33375e-05
-5.77019e-05
-5.21614e-05
-4.67076e-05
-4.13368e-05
-3.60403e-05
-3.08143e-05
-2.565e-05
-2.05438e-05
-1.54872e-05
-1.04767e-05
-5.50407e-06
-5.66109e-07
4.34527e-06
9.23308e-06
1.41054e-05
1.89651e-05
2.38204e-05
2.86744e-05
3.35352e-05
3.84062e-05
4.32957e-05
4.82071e-05
5.31489e-05
5.81243e-05
6.31417e-05
6.8204e-05
7.33192e-05
7.84898e-05
8.37228e-05
8.90202e-05
9.43884e-05
9.98292e-05
0.000105349
0.000110951
0.000116643
0.000122436
0.000128346
0.000134399
0.000140632
0.000147102
0.000153887
0.000161094
0.000168863
0.000177364
0.000186794
0.000197362
0.000209257
0.000222627
0.00023751
0.00025382
0.000271315
0.000289559
0.000308394
0.000327195
0.000346181
0.000364963
0.000383733
0.000402248
0.000420129
0.000435996
-0.000514127
-0.000496007
-0.000476231
-0.000455744
-0.000435029
-0.000414343
-0.000393647
-0.000373206
-0.000352926
-0.000333265
-0.000314355
-0.00029656
-0.000280105
-0.00026509
-0.00025151
-0.000239247
-0.000228138
-0.000217982
-0.000208592
-0.000199789
-0.000191433
-0.000183409
-0.000175633
-0.000168048
-0.000160615
-0.00015331
-0.000146122
-0.000139045
-0.000132079
-0.000125224
-0.000118483
-0.00011186
-0.000105354
-9.8968e-05
-9.27003e-05
-8.65521e-05
-8.05183e-05
-7.45987e-05
-6.87865e-05
-6.30801e-05
-5.74711e-05
-5.19571e-05
-4.65289e-05
-4.11836e-05
-3.59118e-05
-3.07105e-05
-2.55702e-05
-2.04881e-05
-1.5455e-05
-1.04681e-05
-5.51862e-06
-6.04055e-07
4.28438e-06
9.14894e-06
1.39984e-05
1.88349e-05
2.36673e-05
2.8498e-05
3.33359e-05
3.81835e-05
4.305e-05
4.7938e-05
5.28568e-05
5.78089e-05
6.28034e-05
6.78426e-05
7.29354e-05
7.80837e-05
8.32954e-05
8.85721e-05
9.39211e-05
9.9344e-05
0.000104848
0.000110437
0.00011612
0.000121907
0.000127818
0.000133876
0.000140122
0.000146612
0.000153423
0.000160664
0.000168466
0.000176999
0.000186446
0.000197008
0.000208854
0.000222114
0.000236804
0.000252823
0.000269912
0.000287652
0.000305859
0.000323982
0.000342198
0.000360202
0.000378126
0.000395823
0.000412881
0.000428095
-0.000506088
-0.00048863
-0.000469657
-0.000449966
-0.000430068
-0.000410138
-0.000390176
-0.00037039
-0.000350713
-0.000331548
-0.000313045
-0.000295553
-0.000279311
-0.000264427
-0.000250918
-0.00023868
-0.00022757
-0.000217396
-0.000207984
-0.000199158
-0.000190786
-0.00018275
-0.000174971
-0.000167389
-0.000159965
-0.000152676
-0.000145507
-0.000138453
-0.000131511
-0.000124684
-0.000117971
-0.000111377
-0.0001049
-9.85437e-05
-9.23051e-05
-8.61861e-05
-8.01807e-05
-7.42896e-05
-6.85048e-05
-6.28257e-05
-5.72429e-05
-5.17552e-05
-4.63522e-05
-4.10322e-05
-3.57848e-05
-3.0608e-05
-2.54915e-05
-2.04333e-05
-1.54233e-05
-1.046e-05
-5.53334e-06
-6.41976e-07
4.2238e-06
9.06531e-06
1.38922e-05
1.87057e-05
2.35156e-05
2.83233e-05
3.31387e-05
3.79633e-05
4.28073e-05
4.76723e-05
5.25686e-05
5.74977e-05
6.24699e-05
6.74866e-05
7.25576e-05
7.7684e-05
8.28751e-05
8.81314e-05
9.34618e-05
9.88672e-05
0.000104356
0.000109932
0.000115606
0.000121388
0.000127297
0.000133361
0.000139618
0.000146125
0.00015296
0.000160229
0.00016806
0.000176617
0.000186075
0.000196621
0.000208409
0.000221551
0.000236043
0.000251768
0.000268456
0.000285704
0.000303305
0.000320779
0.000338264
0.000355532
0.000372662
0.000389594
0.000405888
0.000420499
-0.000498331
-0.000481486
-0.00046326
-0.000444315
-0.000425185
-0.00040597
-0.000386708
-0.00036755
-0.000348456
-0.000329775
-0.000311674
-0.000294487
-0.000278462
-0.000263717
-0.000250287
-0.000238084
-0.00022698
-0.000216795
-0.000207366
-0.000198523
-0.000190137
-0.000182093
-0.000174312
-0.000166735
-0.000159321
-0.000152047
-0.000144898
-0.000137866
-0.00013095
-0.000124149
-0.000117464
-0.000110899
-0.000104451
-9.81241e-05
-9.19143e-05
-8.58243e-05
-7.9847e-05
-7.3984e-05
-6.82261e-05
-6.25741e-05
-5.70173e-05
-5.15555e-05
-4.61775e-05
-4.08826e-05
-3.56593e-05
-3.05068e-05
-2.54137e-05
-2.03793e-05
-1.53923e-05
-1.04522e-05
-5.54823e-06
-6.79883e-07
4.1635e-06
8.98217e-06
1.37868e-05
1.85776e-05
2.33654e-05
2.81503e-05
3.29436e-05
3.77455e-05
4.25674e-05
4.74098e-05
5.22841e-05
5.71907e-05
6.21412e-05
6.71357e-05
7.21855e-05
7.72905e-05
8.24614e-05
8.7698e-05
9.30102e-05
9.83984e-05
0.000103873
0.000109436
0.0001151
0.000120876
0.000126784
0.000132852
0.000139118
0.000145641
0.000152496
0.000159789
0.000167644
0.000176219
0.00018568
0.000196202
0.000207924
0.000220941
0.000235229
0.00025066
0.000266951
0.00028372
0.000300737
0.00031759
0.000334382
0.000350955
0.000367341
0.000383559
0.000399143
0.000413197
-0.000490843
-0.00047457
-0.000457038
-0.000438791
-0.000420382
-0.000401844
-0.000383246
-0.000364691
-0.000346158
-0.000327949
-0.000310246
-0.000293363
-0.00027756
-0.00026296
-0.000249618
-0.000237457
-0.000226367
-0.000216179
-0.000206738
-0.000197882
-0.000189485
-0.000181435
-0.000173655
-0.000166084
-0.000158682
-0.000151424
-0.000144294
-0.000137285
-0.000130393
-0.00012362
-0.000116963
-0.000110426
-0.000104006
-9.7709e-05
-9.15276e-05
-8.54664e-05
-7.95168e-05
-7.36816e-05
-6.79505e-05
-6.23252e-05
-5.67941e-05
-5.13581e-05
-4.60048e-05
-4.07347e-05
-3.55353e-05
-3.04069e-05
-2.5337e-05
-2.03261e-05
-1.53619e-05
-1.04449e-05
-5.5633e-06
-7.17787e-07
4.10348e-06
8.89952e-06
1.36822e-05
1.84505e-05
2.32164e-05
2.7979e-05
3.27505e-05
3.75301e-05
4.23303e-05
4.71504e-05
5.20031e-05
5.68876e-05
6.18169e-05
6.67896e-05
7.18188e-05
7.69029e-05
8.20542e-05
8.72712e-05
9.25656e-05
9.79369e-05
0.000103397
0.000108947
0.000114602
0.000120371
0.000126278
0.000132348
0.000138623
0.000145158
0.000152031
0.000159344
0.000167217
0.000175805
0.00018526
0.000195752
0.000207399
0.000220285
0.000234364
0.000249501
0.000265403
0.000281704
0.00029816
0.000314419
0.000330556
0.000346474
0.000362163
0.000377716
0.000392641
0.000406177
-0.000483616
-0.000467875
-0.000450989
-0.000433395
-0.000415664
-0.000397765
-0.000379797
-0.000361818
-0.000343826
-0.000326076
-0.000308763
-0.000292184
-0.000276606
-0.000262158
-0.000248911
-0.0002368
-0.000225732
-0.000215545
-0.000206099
-0.000197234
-0.00018883
-0.000180777
-0.000173
-0.000165435
-0.000158046
-0.000150804
-0.000143694
-0.000136709
-0.000129842
-0.000123096
-0.000116466
-0.000109958
-0.000103566
-9.7298e-05
-9.11448e-05
-8.51122e-05
-7.91899e-05
-7.33824e-05
-6.76776e-05
-6.2079e-05
-5.65732e-05
-5.11628e-05
-4.58339e-05
-4.05885e-05
-3.54127e-05
-3.03083e-05
-2.52613e-05
-2.02738e-05
-1.5332e-05
-1.04381e-05
-5.57855e-06
-7.55695e-07
4.04373e-06
8.81732e-06
1.35784e-05
1.83243e-05
2.30688e-05
2.78092e-05
3.25593e-05
3.73168e-05
4.20958e-05
4.68939e-05
5.17256e-05
5.65884e-05
6.14968e-05
6.64483e-05
7.14572e-05
7.65207e-05
8.16528e-05
8.68507e-05
9.21277e-05
9.74823e-05
0.000102928
0.000108465
0.000114111
0.000119873
0.000125778
0.000131849
0.00013813
0.000144676
0.000151564
0.000158892
0.000166779
0.000175373
0.000184817
0.00019527
0.000206836
0.000219584
0.000233451
0.000248296
0.000263813
0.000279661
0.000295578
0.000311272
0.000326789
0.00034209
0.000357129
0.00037206
0.000386373
0.000399428
-0.000476638
-0.000461396
-0.000445111
-0.000428128
-0.000411032
-0.000393736
-0.000376364
-0.000358935
-0.000341463
-0.000324159
-0.00030723
-0.000290952
-0.000275603
-0.000261311
-0.000248167
-0.000236112
-0.000225073
-0.000214895
-0.000205448
-0.000196578
-0.000188172
-0.000180118
-0.000172344
-0.000164789
-0.000157412
-0.000150188
-0.000143099
-0.000136137
-0.000129295
-0.000122576
-0.000115973
-0.000109493
-0.00010313
-9.68908e-05
-9.07655e-05
-8.47612e-05
-7.88661e-05
-7.30861e-05
-6.74074e-05
-6.18352e-05
-5.63545e-05
-5.09695e-05
-4.56647e-05
-4.0444e-05
-3.52915e-05
-3.02109e-05
-2.51866e-05
-2.02224e-05
-1.53028e-05
-1.04317e-05
-5.59396e-06
-7.93612e-07
3.98424e-06
8.73557e-06
1.34752e-05
1.81992e-05
2.29224e-05
2.76409e-05
3.237e-05
3.71057e-05
4.18638e-05
4.66403e-05
5.14513e-05
5.62927e-05
6.11808e-05
6.61112e-05
7.11004e-05
7.61437e-05
8.1257e-05
8.6436e-05
9.1696e-05
9.70339e-05
0.000102465
0.00010799
0.000113625
0.000119381
0.000125282
0.000131354
0.000137639
0.000144194
0.000151093
0.000158434
0.00016633
0.000174923
0.000184349
0.000194757
0.000206234
0.000218839
0.000232491
0.000247045
0.000262187
0.000277594
0.000292996
0.000308151
0.000323084
0.000337807
0.000352237
0.000366589
0.000380334
0.00039294
-0.000469902
-0.000455126
-0.000439402
-0.00042299
-0.000406489
-0.000389762
-0.000372953
-0.000356049
-0.000339073
-0.000322202
-0.000305649
-0.000289669
-0.000274551
-0.00026042
-0.000247385
-0.000235394
-0.000224391
-0.000214227
-0.000204785
-0.000195914
-0.000187508
-0.000179456
-0.000171688
-0.000164143
-0.000156781
-0.000149575
-0.000142506
-0.000135568
-0.000128751
-0.000122059
-0.000115483
-0.000109033
-0.000102698
-9.64869e-05
-9.03893e-05
-8.44133e-05
-7.85451e-05
-7.27924e-05
-6.71396e-05
-6.15938e-05
-5.61379e-05
-5.07782e-05
-4.54973e-05
-4.03009e-05
-3.51715e-05
-3.01146e-05
-2.51128e-05
-2.01717e-05
-1.52741e-05
-1.04256e-05
-5.60955e-06
-8.31539e-07
3.925e-06
8.65425e-06
1.33729e-05
1.80749e-05
2.27773e-05
2.7474e-05
3.21825e-05
3.68966e-05
4.16343e-05
4.63894e-05
5.11801e-05
5.60004e-05
6.08685e-05
6.57783e-05
7.0748e-05
7.57713e-05
8.08662e-05
8.60265e-05
9.12697e-05
9.65911e-05
0.000102008
0.00010752
0.000113146
0.000118894
0.00012479
0.000130861
0.00013715
0.000143711
0.000150618
0.000157967
0.000165867
0.000174456
0.000183857
0.000194213
0.000205594
0.000218052
0.000231487
0.000245752
0.000260526
0.000275507
0.000290417
0.00030506
0.000319444
0.000333624
0.000347488
0.0003613
0.000374518
0.000386705
-0.000463398
-0.00044906
-0.00043386
-0.000417982
-0.000402038
-0.000385845
-0.000369569
-0.000353163
-0.000336663
-0.000320209
-0.000304023
-0.000288338
-0.000273452
-0.000259486
-0.000246567
-0.000234646
-0.000223684
-0.00021354
-0.000204108
-0.000195241
-0.000186837
-0.00017879
-0.000171031
-0.000163496
-0.00015615
-0.000148962
-0.000141915
-0.000135002
-0.00012821
-0.000121545
-0.000114997
-0.000108575
-0.000102268
-9.60858e-05
-9.00158e-05
-8.4068e-05
-7.82265e-05
-7.25011e-05
-6.6874e-05
-6.13544e-05
-5.59231e-05
-5.05886e-05
-4.53314e-05
-4.01594e-05
-3.50528e-05
-3.00195e-05
-2.504e-05
-2.01218e-05
-1.52459e-05
-1.042e-05
-5.6253e-06
-8.69473e-07
3.866e-06
8.57334e-06
1.32711e-05
1.79515e-05
2.26333e-05
2.73085e-05
3.19966e-05
3.66894e-05
4.1407e-05
4.61409e-05
5.09118e-05
5.57112e-05
6.05597e-05
6.5449e-05
7.03997e-05
7.54033e-05
8.04799e-05
8.56217e-05
9.08482e-05
9.61532e-05
0.000101556
0.000107055
0.00011267
0.00011841
0.000124302
0.000130371
0.000136661
0.000143226
0.000150138
0.000157492
0.000165391
0.000173969
0.000183339
0.000193637
0.000204918
0.000217224
0.00023044
0.000244419
0.000258834
0.000273404
0.000287845
0.000302004
0.000315873
0.000329545
0.000342881
0.000356191
0.000368919
0.000380714
-0.000457121
-0.000443195
-0.000428483
-0.000413105
-0.000397682
-0.000381989
-0.000366214
-0.000350281
-0.000334234
-0.000318183
-0.000302354
-0.000286961
-0.000272307
-0.00025851
-0.000245711
-0.000233866
-0.000222952
-0.000212834
-0.000203417
-0.000194557
-0.00018616
-0.000178119
-0.00017037
-0.000162849
-0.000155518
-0.000148351
-0.000141326
-0.000134436
-0.000127671
-0.000121033
-0.000114513
-0.000108119
-0.00010184
-9.5687e-05
-8.96444e-05
-8.37249e-05
-7.791e-05
-7.22119e-05
-6.66103e-05
-6.11168e-05
-5.571e-05
-5.04007e-05
-4.51669e-05
-4.00191e-05
-3.49352e-05
-2.99253e-05
-2.49679e-05
-2.00726e-05
-1.52183e-05
-1.04147e-05
-5.6412e-06
-9.07404e-07
3.80723e-06
8.49282e-06
1.317e-05
1.78289e-05
2.24904e-05
2.71443e-05
3.18123e-05
3.64841e-05
4.11817e-05
4.58948e-05
5.06461e-05
5.54248e-05
6.02541e-05
6.51231e-05
7.00549e-05
7.50389e-05
8.00976e-05
8.52209e-05
9.04309e-05
9.57194e-05
0.000101108
0.000106593
0.000112198
0.000117929
0.000123815
0.00012988
0.00013617
0.000142737
0.000149652
0.000157007
0.0001649
0.000173462
0.000182796
0.00019303
0.000204204
0.000216354
0.000229351
0.000243049
0.000257114
0.000271288
0.000285284
0.000298985
0.000312372
0.00032557
0.000338417
0.00035126
0.000363532
0.00037496
-0.000451063
-0.000437526
-0.000423271
-0.00040836
-0.000393423
-0.000378199
-0.000362895
-0.000347407
-0.000331792
-0.000316127
-0.000300646
-0.000285539
-0.000271117
-0.000257492
-0.000244818
-0.000233055
-0.000222195
-0.000212108
-0.00020271
-0.000193861
-0.000185473
-0.000177443
-0.000169705
-0.000162198
-0.000154885
-0.000147738
-0.000140736
-0.000133872
-0.000127132
-0.000120522
-0.000114029
-0.000107665
-0.000101414
-9.52897e-05
-8.92747e-05
-8.33834e-05
-7.75952e-05
-7.19243e-05
-6.63482e-05
-6.08808e-05
-5.54983e-05
-5.0214e-05
-4.50037e-05
-3.98799e-05
-3.48187e-05
-2.98321e-05
-2.48966e-05
-2.00239e-05
-1.51911e-05
-1.04098e-05
-5.65724e-06
-9.45315e-07
3.74866e-06
8.41268e-06
1.30695e-05
1.77071e-05
2.23485e-05
2.69813e-05
3.16295e-05
3.62803e-05
4.09584e-05
4.56508e-05
5.03826e-05
5.51409e-05
5.99511e-05
6.48e-05
6.97133e-05
7.46778e-05
7.97186e-05
8.48235e-05
9.0017e-05
9.52888e-05
0.000100663
0.000106134
0.000111728
0.000117449
0.000123329
0.00012939
0.000135677
0.000142244
0.000149158
0.00015651
0.000164394
0.000172935
0.000182227
0.000192391
0.000203453
0.000215445
0.000228221
0.000241643
0.000255368
0.000269164
0.000282736
0.000296008
0.000308945
0.000321702
0.000334095
0.000346504
0.000358354
0.000369437
-0.000445219
-0.000432049
-0.000418223
-0.000403748
-0.000389264
-0.000374479
-0.000359616
-0.000344548
-0.000329341
-0.000314046
-0.000298901
-0.000284075
-0.000269884
-0.000256432
-0.000243887
-0.000232212
-0.000221411
-0.00021136
-0.000201986
-0.000193152
-0.000184777
-0.000176758
-0.000169034
-0.000161544
-0.000154249
-0.000147124
-0.000140145
-0.000133306
-0.000126593
-0.000120011
-0.000113546
-0.000107211
-0.000100988
-9.48933e-05
-8.8906e-05
-8.30431e-05
-7.72815e-05
-7.16378e-05
-6.60872e-05
-6.06459e-05
-5.52878e-05
-5.00284e-05
-4.48414e-05
-3.97417e-05
-3.47029e-05
-2.97396e-05
-2.48259e-05
-1.99759e-05
-1.51643e-05
-1.04051e-05
-5.67339e-06
-9.83181e-07
3.69029e-06
8.33291e-06
1.29696e-05
1.7586e-05
2.22074e-05
2.68194e-05
3.14479e-05
3.6078e-05
4.07366e-05
4.54085e-05
5.01212e-05
5.48592e-05
5.96505e-05
6.44795e-05
6.93742e-05
7.43193e-05
7.93422e-05
8.44287e-05
8.96054e-05
9.48605e-05
0.00010022
0.000105677
0.000111259
0.00011697
0.000122842
0.000128897
0.000135181
0.000141745
0.000148655
0.000156001
0.000163871
0.000172386
0.00018163
0.00019172
0.000202665
0.000214496
0.000227053
0.000240203
0.0002536
0.000267032
0.000280206
0.000293075
0.000305594
0.000317943
0.000329917
0.000341923
0.00035338
0.00036414
-0.000439584
-0.000426762
-0.000413338
-0.000399271
-0.000385208
-0.000370832
-0.00035638
-0.000341705
-0.000326885
-0.000311942
-0.000297122
-0.000282571
-0.000268608
-0.000255332
-0.00024292
-0.000231337
-0.0002206
-0.00021059
-0.000201244
-0.000192429
-0.00018407
-0.000176065
-0.000168356
-0.000160883
-0.000153609
-0.000146506
-0.000139551
-0.000132739
-0.000126052
-0.000119499
-0.000113063
-0.000106757
-0.000100563
-9.4497e-05
-8.85376e-05
-8.27031e-05
-7.69683e-05
-7.13519e-05
-6.5827e-05
-6.04117e-05
-5.50781e-05
-4.98436e-05
-4.468e-05
-3.96041e-05
-3.45879e-05
-2.96476e-05
-2.47557e-05
-1.99281e-05
-1.51378e-05
-1.04005e-05
-5.68965e-06
-1.02097e-06
3.63208e-06
8.2535e-06
1.28701e-05
1.74655e-05
2.20672e-05
2.66585e-05
3.12674e-05
3.5877e-05
4.05163e-05
4.51679e-05
4.98614e-05
5.45793e-05
5.93517e-05
6.41608e-05
6.90369e-05
7.39627e-05
7.89677e-05
8.40357e-05
8.91955e-05
9.44336e-05
9.9778e-05
0.000105221
0.00011079
0.00011649
0.000122353
0.000128401
0.000134679
0.000141238
0.000148142
0.000155479
0.00016333
0.000171815
0.000181006
0.000191016
0.000201841
0.000213508
0.000225847
0.000238731
0.000251811
0.000264898
0.000277697
0.00029019
0.000302323
0.000314295
0.000325882
0.000337516
0.000348608
0.000359063
-0.000434153
-0.000421662
-0.000408616
-0.00039493
-0.000381258
-0.000367263
-0.000353192
-0.000338885
-0.000324427
-0.00030982
-0.00029531
-0.000281027
-0.00026729
-0.000254191
-0.000241915
-0.000230428
-0.00021976
-0.000209797
-0.000200482
-0.00019169
-0.000183349
-0.000175361
-0.00016767
-0.000160216
-0.000152963
-0.000145883
-0.000138953
-0.000132168
-0.000125509
-0.000118985
-0.000112577
-0.000106302
-0.000100136
-9.41e-05
-8.81688e-05
-8.23628e-05
-7.66552e-05
-7.10661e-05
-6.55671e-05
-6.01778e-05
-5.48688e-05
-4.96591e-05
-4.4519e-05
-3.9467e-05
-3.44733e-05
-2.9556e-05
-2.4686e-05
-1.98807e-05
-1.51116e-05
-1.03961e-05
-5.70598e-06
-1.05863e-06
3.57401e-06
8.17445e-06
1.27709e-05
1.73457e-05
2.19276e-05
2.64984e-05
3.10877e-05
3.56771e-05
4.0297e-05
4.49285e-05
4.96028e-05
5.43008e-05
5.90541e-05
6.38435e-05
6.87009e-05
7.36073e-05
7.85941e-05
8.36435e-05
8.8786e-05
9.4007e-05
9.93357e-05
0.000104763
0.00011032
0.000116007
0.00012186
0.0001279
0.00013417
0.000140722
0.000147617
0.000154941
0.00016277
0.000171219
0.000180353
0.000190278
0.000200979
0.000212482
0.000224604
0.000237228
0.000250004
0.000262763
0.000275212
0.000287357
0.000299135
0.00031076
0.000321993
0.000333281
0.000344033
0.000354201
-0.000428921
-0.000416747
-0.000404057
-0.000390727
-0.000377417
-0.000363775
-0.000350057
-0.000336092
-0.000321971
-0.000307681
-0.000293469
-0.000279446
-0.000265931
-0.00025301
-0.000240872
-0.000229487
-0.000218892
-0.000208979
-0.0001997
-0.000190934
-0.000182614
-0.000174645
-0.000166973
-0.00015954
-0.000152309
-0.000145254
-0.000138349
-0.000131592
-0.000124962
-0.000118467
-0.000112089
-0.000105844
-9.97076e-05
-9.37012e-05
-8.77988e-05
-8.20215e-05
-7.63414e-05
-7.07798e-05
-6.53069e-05
-5.99436e-05
-5.46595e-05
-4.94746e-05
-4.43583e-05
-3.93299e-05
-3.4359e-05
-2.94645e-05
-2.46165e-05
-1.98333e-05
-1.50855e-05
-1.03916e-05
-5.72235e-06
-1.09612e-06
3.51606e-06
8.09574e-06
1.26721e-05
1.72264e-05
2.17884e-05
2.6339e-05
3.09087e-05
3.5478e-05
4.00785e-05
4.469e-05
4.9345e-05
5.40232e-05
5.87573e-05
6.3527e-05
6.83654e-05
7.32524e-05
7.82206e-05
8.32513e-05
8.83761e-05
9.35795e-05
9.88919e-05
0.000104304
0.000109847
0.000115521
0.000121363
0.000127392
0.000133654
0.000140196
0.000147079
0.000154387
0.000162189
0.000170599
0.000179671
0.000189507
0.000200081
0.000211417
0.000223326
0.000235697
0.000248182
0.000260631
0.000272755
0.000284579
0.000296034
0.000307341
0.000318251
0.000329219
0.000339654
0.00034955
-0.000423884
-0.000412014
-0.000399661
-0.000386664
-0.000373687
-0.000360372
-0.000346977
-0.000333328
-0.00031952
-0.00030553
-0.0002916
-0.00027783
-0.000264533
-0.00025179
-0.000239792
-0.000228512
-0.000217994
-0.000208136
-0.000198896
-0.000190159
-0.000181864
-0.000173916
-0.000166266
-0.000158854
-0.000151647
-0.000144617
-0.000137739
-0.00013101
-0.000124409
-0.000117945
-0.000111597
-0.000105382
-9.92762e-05
-9.32998e-05
-8.74268e-05
-8.16784e-05
-7.60263e-05
-7.04922e-05
-6.50459e-05
-5.97087e-05
-5.44499e-05
-4.92897e-05
-4.41974e-05
-3.91926e-05
-3.42448e-05
-2.93729e-05
-2.4547e-05
-1.97858e-05
-1.50596e-05
-1.0387e-05
-5.73874e-06
-1.13338e-06
3.4582e-06
8.01737e-06
1.25735e-05
1.71075e-05
2.16495e-05
2.61801e-05
3.07301e-05
3.52796e-05
3.98603e-05
4.44522e-05
4.90876e-05
5.3746e-05
5.84606e-05
6.32107e-05
6.80297e-05
7.28973e-05
7.78464e-05
8.28582e-05
8.79646e-05
9.31501e-05
9.84455e-05
0.000103842
0.000109369
0.00011503
0.000120859
0.000126877
0.000133127
0.000139658
0.000146526
0.000153815
0.000161588
0.000169953
0.000178959
0.000188701
0.000199147
0.000210315
0.000222014
0.000234138
0.000246347
0.000258505
0.00027033
0.000281859
0.000293022
0.00030404
0.000314656
0.000325328
0.000335468
0.000345105
-0.000419036
-0.000407462
-0.000395427
-0.000382741
-0.000370072
-0.000357057
-0.000343957
-0.000330598
-0.000317078
-0.000303369
-0.000289705
-0.000276181
-0.000263096
-0.000250532
-0.000238674
-0.000227504
-0.000217065
-0.000207267
-0.00019807
-0.000189366
-0.000181096
-0.000173173
-0.000165545
-0.000158158
-0.000150974
-0.000143971
-0.000137121
-0.000130421
-0.00012385
-0.000117417
-0.0001111
-0.000104916
-9.88411e-05
-9.2895e-05
-8.7052e-05
-8.13327e-05
-7.57094e-05
-7.02027e-05
-6.47837e-05
-5.94726e-05
-5.42395e-05
-4.9104e-05
-4.40361e-05
-3.90548e-05
-3.41303e-05
-2.9281e-05
-2.44776e-05
-1.9738e-05
-1.50336e-05
-1.03821e-05
-5.7551e-06
-1.17036e-06
3.4004e-06
7.93933e-06
1.24749e-05
1.69891e-05
2.15108e-05
2.60217e-05
3.05516e-05
3.50815e-05
3.96423e-05
4.42145e-05
4.883e-05
5.34689e-05
5.81635e-05
6.28941e-05
6.7693e-05
7.25412e-05
7.74705e-05
8.24633e-05
8.75505e-05
9.27179e-05
9.79954e-05
0.000103375
0.000108886
0.000114533
0.000120348
0.000126353
0.00013259
0.000139107
0.000145959
0.000153224
0.000160963
0.000169281
0.000178216
0.000187861
0.000198176
0.000209175
0.000220669
0.000232555
0.000244502
0.000256387
0.000267938
0.000279201
0.000290101
0.000300858
0.000311208
0.000321608
0.000331471
0.00034086
-0.000414371
-0.000403087
-0.000391355
-0.000378958
-0.000366571
-0.000353832
-0.000340998
-0.000327904
-0.000314647
-0.000301201
-0.000287788
-0.0002745
-0.000261622
-0.000249236
-0.00023752
-0.000226462
-0.000216107
-0.000206372
-0.00019722
-0.000188553
-0.000180312
-0.000172414
-0.000164811
-0.000157448
-0.000150291
-0.000143315
-0.000136494
-0.000129824
-0.000123284
-0.000116882
-0.000110597
-0.000104445
-9.84016e-05
-9.24861e-05
-8.66739e-05
-8.09839e-05
-7.53899e-05
-6.9911e-05
-6.45198e-05
-5.92347e-05
-5.40279e-05
-4.8917e-05
-4.38741e-05
-3.89162e-05
-3.40154e-05
-2.91884e-05
-2.44078e-05
-1.96898e-05
-1.50075e-05
-1.03769e-05
-5.77137e-06
-1.20704e-06
3.34267e-06
7.86157e-06
1.23765e-05
1.68709e-05
2.13721e-05
2.58635e-05
3.0373e-05
3.48835e-05
3.9424e-05
4.39768e-05
4.85719e-05
5.31913e-05
5.78655e-05
6.25765e-05
6.73549e-05
7.21835e-05
7.70925e-05
8.20659e-05
8.71332e-05
9.2282e-05
9.75407e-05
0.000102903
0.000108397
0.000114028
0.000119828
0.000125819
0.000132042
0.000138543
0.000145374
0.000152613
0.000160317
0.000168581
0.000177444
0.000186987
0.000197169
0.000208
0.000219294
0.000230948
0.000242649
0.00025428
0.000265585
0.000276606
0.000287275
0.000297797
0.000307907
0.000318056
0.000327659
0.00033681
-0.000409913
-0.000398918
-0.000387467
-0.000375338
-0.000363204
-0.00035071
-0.000338109
-0.000325251
-0.000312228
-0.000299025
-0.000285846
-0.000272787
-0.00026011
-0.000247903
-0.000236329
-0.000225388
-0.000215119
-0.000205451
-0.000196348
-0.00018772
-0.000179509
-0.00017164
-0.000164062
-0.000156727
-0.000149597
-0.000142649
-0.000135858
-0.000129218
-0.000122711
-0.00011634
-0.000110089
-0.000103968
-9.79574e-05
-9.20728e-05
-8.62924e-05
-8.06318e-05
-7.50681e-05
-6.96169e-05
-6.42543e-05
-5.89952e-05
-5.38154e-05
-4.8729e-05
-4.37115e-05
-3.87767e-05
-3.39003e-05
-2.90954e-05
-2.4338e-05
-1.96412e-05
-1.49814e-05
-1.03713e-05
-5.78776e-06
-1.24346e-06
3.2848e-06
7.78407e-06
1.22778e-05
1.67529e-05
2.12333e-05
2.57055e-05
3.01942e-05
3.46856e-05
3.92053e-05
4.3739e-05
4.83132e-05
5.29133e-05
5.75663e-05
6.22579e-05
6.7015e-05
7.18241e-05
7.67117e-05
8.16657e-05
8.67122e-05
9.1842e-05
9.70808e-05
0.000102425
0.000107901
0.000113516
0.0001193
0.000125275
0.000131481
0.000137964
0.000144774
0.000151984
0.000159648
0.000167856
0.000176642
0.00018608
0.000196128
0.000206788
0.000217887
0.000229319
0.000240792
0.000252191
0.00026328
0.000274093
0.000284564
0.00029488
0.000304781
0.000314704
0.000324058
0.000332955
-0.000405655
-0.000394944
-0.000383758
-0.000371875
-0.000359964
-0.000347688
-0.000335286
-0.000322637
-0.000309821
-0.000296843
-0.000283883
-0.000271047
-0.000258565
-0.000246536
-0.000235107
-0.000224285
-0.000214105
-0.000204507
-0.000195456
-0.000186869
-0.000178692
-0.000170852
-0.000163302
-0.000155993
-0.000148892
-0.000141973
-0.000135213
-0.000128605
-0.00012213
-0.000115792
-0.000109574
-0.000103485
-9.7509e-05
-9.16556e-05
-8.59077e-05
-8.02767e-05
-7.4744e-05
-6.93206e-05
-6.39871e-05
-5.87542e-05
-5.36017e-05
-4.85398e-05
-4.35483e-05
-3.86366e-05
-3.37847e-05
-2.90018e-05
-2.42681e-05
-1.95924e-05
-1.49553e-05
-1.03656e-05
-5.80417e-06
-1.27973e-06
3.22687e-06
7.7067e-06
1.21791e-05
1.6635e-05
2.10943e-05
2.55475e-05
3.00151e-05
3.44876e-05
3.89861e-05
4.35009e-05
4.80537e-05
5.26347e-05
5.72661e-05
6.19382e-05
6.66735e-05
7.14628e-05
7.63286e-05
8.12628e-05
8.62878e-05
9.13983e-05
9.66166e-05
0.000101943
0.0001074
0.000112997
0.000118764
0.000124722
0.000130911
0.000137374
0.000144161
0.000151338
0.000158961
0.000167108
0.000175815
0.000185142
0.000195056
0.000205545
0.000216454
0.000227671
0.000238934
0.000250122
0.000261025
0.000271659
0.000281965
0.000292103
0.000301821
0.000311542
0.000320655
0.00032929
-0.000372269
-0.000363537
-0.000354347
-0.000344387
-0.000334226
-0.000323648
-0.00031284
-0.000301817
-0.000290647
-0.000279396
-0.000268153
-0.000257011
-0.000246073
-0.000235428
-0.000225147
-0.000215272
-0.000205825
-0.000196803
-0.000188188
-0.00017995
-0.000172056
-0.000164468
-0.000157151
-0.000150073
-0.000143205
-0.000136526
-0.000130015
-0.00012366
-0.000117449
-0.000111372
-0.000105424
-9.95967e-05
-9.3886e-05
-8.82872e-05
-8.27956e-05
-7.74075e-05
-7.2118e-05
-6.69238e-05
-6.18197e-05
-5.6802e-05
-5.18654e-05
-4.70059e-05
-4.22182e-05
-3.7498e-05
-3.28398e-05
-2.82393e-05
-2.36909e-05
-1.91904e-05
-1.47323e-05
-1.03122e-05
-5.92468e-06
-1.56546e-06
2.77094e-06
7.08881e-06
1.13937e-05
1.56899e-05
1.99832e-05
2.42781e-05
2.85804e-05
3.28949e-05
3.72276e-05
4.15836e-05
4.59692e-05
5.03897e-05
5.48518e-05
5.93613e-05
6.39254e-05
6.85504e-05
7.32442e-05
7.80141e-05
8.28693e-05
8.78187e-05
9.28737e-05
9.80461e-05
0.00010335
0.000108803
0.000114424
0.000120239
0.000126275
0.000132565
0.000139145
0.00014605
0.000153313
0.000160964
0.000169017
0.000177473
0.000186309
0.000195478
0.000204902
0.000214484
0.000224114
0.000233692
0.000243123
0.000252362
0.000261341
0.000270087
0.000278367
0.000286478
0.000293813
0.000300709
-0.000317885
-0.000311466
-0.000304632
-0.000297191
-0.000289474
-0.000281372
-0.00027301
-0.000264428
-0.000255717
-0.000246876
-0.000237995
-0.000229134
-0.000220349
-0.000211694
-0.000203214
-0.000194942
-0.0001869
-0.000179102
-0.000171551
-0.000164244
-0.000157171
-0.000150323
-0.000143686
-0.000137246
-0.000130988
-0.0001249
-0.000118969
-0.000113182
-0.000107531
-0.000102005
-9.65981e-05
-9.13037e-05
-8.61164e-05
-8.10309e-05
-7.60425e-05
-7.11466e-05
-6.6339e-05
-6.16151e-05
-5.69709e-05
-5.24021e-05
-4.79044e-05
-4.34736e-05
-3.91056e-05
-3.47959e-05
-3.05404e-05
-2.63348e-05
-2.21749e-05
-1.80563e-05
-1.39748e-05
-9.92615e-06
-5.90603e-06
-1.91008e-06
2.06592e-06
6.02646e-06
9.97583e-06
1.39186e-05
1.78593e-05
2.18025e-05
2.5753e-05
2.97157e-05
3.36955e-05
3.76977e-05
4.17273e-05
4.57901e-05
4.98917e-05
5.40381e-05
5.82355e-05
6.24905e-05
6.68098e-05
7.1201e-05
7.56717e-05
8.02305e-05
8.48873e-05
8.96524e-05
9.45382e-05
9.95587e-05
0.000104728
0.000110061
0.000115572
0.000121278
0.000127192
0.000133324
0.000139682
0.00014627
0.000153083
0.000160105
0.000167314
0.000174671
0.000182132
0.000189641
0.000197141
0.000204571
0.000211878
0.000219018
0.000225928
0.000232598
0.000238871
0.000244901
0.000250325
0.000255368
-0.000269807
-0.000264953
-0.000259729
-0.000254052
-0.000248097
-0.000241825
-0.000235311
-0.000228593
-0.000221721
-0.000214731
-0.00020767
-0.000200578
-0.000193498
-0.000186464
-0.000179508
-0.000172657
-0.000165931
-0.000159345
-0.000152909
-0.000146627
-0.0001405
-0.000134529
-0.000128709
-0.000123035
-0.000117503
-0.000112105
-0.000106836
-0.000101689
-9.66579e-05
-9.17359e-05
-8.69178e-05
-8.21982e-05
-7.75721e-05
-7.30348e-05
-6.85821e-05
-6.42097e-05
-5.99138e-05
-5.56902e-05
-5.15354e-05
-4.74452e-05
-4.34162e-05
-3.94445e-05
-3.55266e-05
-3.16586e-05
-2.78372e-05
-2.40583e-05
-2.03186e-05
-1.66142e-05
-1.29417e-05
-9.29711e-06
-5.67703e-06
-2.07751e-06
1.50498e-06
5.07444e-06
8.63449e-06
1.21892e-05
1.57425e-05
1.92984e-05
2.2861e-05
2.64348e-05
3.00238e-05
3.36329e-05
3.72664e-05
4.09294e-05
4.46267e-05
4.83636e-05
5.21454e-05
5.59778e-05
5.98667e-05
6.38184e-05
6.78395e-05
7.19369e-05
7.6118e-05
8.03907e-05
8.47631e-05
8.92431e-05
9.3839e-05
9.85585e-05
0.000103408
0.000108394
0.00011352
0.00011879
0.000124201
0.000129749
0.000135426
0.000141215
0.000147095
0.00015304
0.000159019
0.000164994
0.000170926
0.000176776
0.000182502
0.000188073
0.00019344
0.000198596
0.000203426
0.000208007
0.000212155
0.000215972
-0.000226283
-0.000222558
-0.000218543
-0.000214177
-0.000209572
-0.000204707
-0.000199639
-0.000194389
-0.000188994
-0.000183483
-0.000177886
-0.000172235
-0.000166558
-0.000160883
-0.000155232
-0.000149627
-0.000144084
-0.000138617
-0.000133238
-0.000127954
-0.00012277
-0.00011769
-0.000112716
-0.000107847
-0.000103082
-9.84189e-05
-9.38557e-05
-8.93889e-05
-8.50151e-05
-8.07306e-05
-7.65317e-05
-7.24147e-05
-6.83759e-05
-6.44117e-05
-6.05186e-05
-5.66932e-05
-5.29323e-05
-4.92325e-05
-4.55908e-05
-4.20037e-05
-3.84685e-05
-3.49816e-05
-3.15403e-05
-2.81411e-05
-2.47811e-05
-2.14571e-05
-1.81662e-05
-1.4905e-05
-1.16708e-05
-8.46004e-06
-5.26992e-06
-2.09705e-06
1.06155e-06
4.20933e-06
7.34936e-06
1.04852e-05
1.362e-05
1.67575e-05
1.99009e-05
2.30542e-05
2.62207e-05
2.94046e-05
3.26096e-05
3.58398e-05
3.90992e-05
4.23923e-05
4.57233e-05
4.90967e-05
5.25171e-05
5.59894e-05
5.95184e-05
6.31094e-05
6.67674e-05
7.04974e-05
7.43045e-05
7.81931e-05
8.21676e-05
8.6231e-05
9.03858e-05
9.46334e-05
9.89745e-05
0.000103407
0.000107926
0.000112524
0.000117193
0.000121919
0.000126685
0.000131471
0.000136254
0.000141008
0.000145705
0.000150316
0.000154814
0.000159172
0.000163341
0.00016734
0.000171063
0.000174593
0.000177793
0.000180721
-0.000186083
-0.000183272
-0.000180209
-0.000176887
-0.000173369
-0.000169622
-0.000165724
-0.000161667
-0.000157481
-0.000153185
-0.000148805
-0.00014436
-0.000139874
-0.000135365
-0.00013085
-0.000126347
-0.000121869
-0.000117429
-0.000113036
-0.000108698
-0.000104423
-0.000100215
-9.60765e-05
-9.20102e-05
-8.80175e-05
-8.40986e-05
-8.02535e-05
-7.64814e-05
-7.2781e-05
-6.91504e-05
-6.55877e-05
-6.20903e-05
-5.8656e-05
-5.52822e-05
-5.19665e-05
-4.87061e-05
-4.54986e-05
-4.23413e-05
-3.92319e-05
-3.61675e-05
-3.31459e-05
-3.01643e-05
-2.72203e-05
-2.43113e-05
-2.14347e-05
-1.85879e-05
-1.57685e-05
-1.29737e-05
-1.02011e-05
-7.44799e-06
-4.7118e-06
-1.98979e-06
7.2058e-07
3.42217e-06
6.11757e-06
8.80972e-06
1.15013e-05
1.41953e-05
1.68945e-05
1.96021e-05
2.23209e-05
2.50543e-05
2.78051e-05
3.05768e-05
3.33726e-05
3.61957e-05
3.90496e-05
4.19377e-05
4.48634e-05
4.78304e-05
5.08419e-05
5.39015e-05
5.70123e-05
6.01772e-05
6.33989e-05
6.66794e-05
7.00201e-05
7.34223e-05
7.68861e-05
8.04107e-05
8.39939e-05
8.7632e-05
9.13201e-05
9.50514e-05
9.88175e-05
0.000102608
0.000106409
0.000110206
0.000113983
0.00011772
0.000121398
0.000124997
0.000128496
0.000131875
0.000135109
0.000138198
0.000141071
0.000143793
0.000146227
0.000148494
-0.000148502
-0.000146431
-0.00014417
-0.000141692
-0.000139061
-0.000136263
-0.000133329
-0.000130266
-0.000127092
-0.000123823
-0.000120474
-0.000117062
-0.000113603
-0.00011011
-0.000106598
-0.000103078
-9.95622e-05
-9.60602e-05
-9.25806e-05
-8.91306e-05
-8.5716e-05
-8.23421e-05
-7.90132e-05
-7.57323e-05
-7.25016e-05
-6.93225e-05
-6.61958e-05
-6.31218e-05
-6.01005e-05
-5.71313e-05
-5.42134e-05
-5.13454e-05
-4.85263e-05
-4.57543e-05
-4.3028e-05
-4.03453e-05
-3.77045e-05
-3.51037e-05
-3.25411e-05
-3.00144e-05
-2.7522e-05
-2.50615e-05
-2.26313e-05
-2.0229e-05
-1.78528e-05
-1.55006e-05
-1.31703e-05
-1.08598e-05
-8.56703e-06
-6.28989e-06
-4.02631e-06
-1.77402e-06
4.69039e-07
2.70518e-06
4.93649e-06
7.16535e-06
9.39392e-06
1.16246e-05
1.38597e-05
1.61016e-05
1.83526e-05
2.06153e-05
2.28919e-05
2.51851e-05
2.74972e-05
2.98309e-05
3.21885e-05
3.45726e-05
3.69855e-05
3.94297e-05
4.19074e-05
4.44204e-05
4.69707e-05
4.95598e-05
5.21886e-05
5.48579e-05
5.75677e-05
6.03178e-05
6.31073e-05
6.59344e-05
6.87966e-05
7.16902e-05
7.46105e-05
7.75512e-05
8.05054e-05
8.34647e-05
8.64193e-05
8.93585e-05
9.22699e-05
9.51411e-05
9.79578e-05
0.000100706
0.000103372
0.00010594
0.000108395
0.000110724
0.000112902
0.000114939
0.000116792
0.000118477
-0.00011305
-0.000111634
-0.000110043
-0.000108288
-0.000106403
-0.000104387
-0.000102259
-0.000100029
-9.77108e-05
-9.53149e-05
-9.28528e-05
-9.03358e-05
-8.77745e-05
-8.51791e-05
-8.25596e-05
-7.99248e-05
-7.72838e-05
-7.46439e-05
-7.20113e-05
-6.93928e-05
-6.67937e-05
-6.42179e-05
-6.16689e-05
-5.915e-05
-5.66636e-05
-5.42116e-05
-5.17952e-05
-4.94152e-05
-4.70721e-05
-4.4766e-05
-4.24969e-05
-4.02642e-05
-3.80675e-05
-3.59056e-05
-3.37777e-05
-3.16826e-05
-2.96191e-05
-2.75858e-05
-2.55815e-05
-2.36046e-05
-2.16538e-05
-1.97274e-05
-1.78242e-05
-1.59424e-05
-1.40805e-05
-1.2237e-05
-1.04103e-05
-8.59879e-06
-6.8009e-06
-5.01492e-06
-3.23928e-06
-1.47222e-06
2.87841e-07
2.04268e-06
3.79392e-06
5.54338e-06
7.2927e-06
9.04374e-06
1.07982e-05
1.25579e-05
1.43246e-05
1.61002e-05
1.78865e-05
1.96853e-05
2.14983e-05
2.33275e-05
2.51743e-05
2.70407e-05
2.8928e-05
3.08378e-05
3.27713e-05
3.47297e-05
3.67137e-05
3.8724e-05
4.0761e-05
4.28247e-05
4.49145e-05
4.70296e-05
4.91688e-05
5.133e-05
5.35106e-05
5.5707e-05
5.79158e-05
6.01327e-05
6.23512e-05
6.45653e-05
6.67687e-05
6.89529e-05
7.11101e-05
7.32312e-05
7.53075e-05
7.73288e-05
7.92852e-05
8.11671e-05
8.29647e-05
8.46686e-05
8.62656e-05
8.77528e-05
8.9117e-05
9.03553e-05
-7.96819e-05
-7.86745e-05
-7.75699e-05
-7.63707e-05
-7.50853e-05
-7.37155e-05
-7.22692e-05
-7.07524e-05
-6.91725e-05
-6.75363e-05
-6.58509e-05
-6.41238e-05
-6.23617e-05
-6.05721e-05
-5.87609e-05
-5.69348e-05
-5.50992e-05
-5.32595e-05
-5.14206e-05
-4.95866e-05
-4.77616e-05
-4.59489e-05
-4.41516e-05
-4.23719e-05
-4.0612e-05
-3.88733e-05
-3.71569e-05
-3.5464e-05
-3.37954e-05
-3.21513e-05
-3.05318e-05
-2.89367e-05
-2.7366e-05
-2.58191e-05
-2.42955e-05
-2.27944e-05
-2.13154e-05
-1.98574e-05
-1.84197e-05
-1.70013e-05
-1.56012e-05
-1.42184e-05
-1.28518e-05
-1.15004e-05
-1.01631e-05
-8.83871e-06
-7.52624e-06
-6.22448e-06
-4.93235e-06
-3.64864e-06
-2.3722e-06
-1.10181e-06
1.63662e-07
1.42549e-06
2.6848e-06
3.9429e-06
5.20096e-06
6.46027e-06
7.72204e-06
8.98756e-06
1.0258e-05
1.15347e-05
1.28189e-05
1.41118e-05
1.54145e-05
1.67283e-05
1.80543e-05
1.93934e-05
2.07467e-05
2.21148e-05
2.34986e-05
2.48984e-05
2.63146e-05
2.77475e-05
2.9197e-05
3.06629e-05
3.21449e-05
3.36415e-05
3.51515e-05
3.66736e-05
3.82057e-05
3.97451e-05
4.12889e-05
4.28338e-05
4.43759e-05
4.59112e-05
4.74346e-05
4.89416e-05
5.04264e-05
5.18837e-05
5.3307e-05
5.46908e-05
5.6029e-05
5.73151e-05
5.85429e-05
5.97062e-05
6.07977e-05
6.18135e-05
6.27474e-05
6.35954e-05
-4.7375e-05
-4.6779e-05
-4.61309e-05
-4.54307e-05
-4.46827e-05
-4.38866e-05
-4.30469e-05
-4.21665e-05
-4.12483e-05
-4.02965e-05
-3.93151e-05
-3.83078e-05
-3.72786e-05
-3.6231e-05
-3.5169e-05
-3.40959e-05
-3.30154e-05
-3.19305e-05
-3.08444e-05
-2.97594e-05
-2.86777e-05
-2.76017e-05
-2.65332e-05
-2.54736e-05
-2.44242e-05
-2.33862e-05
-2.23608e-05
-2.13483e-05
-2.03492e-05
-1.93639e-05
-1.83925e-05
-1.74352e-05
-1.64919e-05
-1.55625e-05
-1.46467e-05
-1.37443e-05
-1.28548e-05
-1.19776e-05
-1.11125e-05
-1.02588e-05
-9.41604e-06
-8.58353e-06
-7.76073e-06
-6.94697e-06
-6.14165e-06
-5.34406e-06
-4.55357e-06
-3.76946e-06
-2.99106e-06
-2.21762e-06
-1.44864e-06
-6.83332e-07
7.90532e-08
8.3929e-07
1.59807e-06
2.35618e-06
3.11431e-06
3.87324e-06
4.63368e-06
5.39641e-06
6.16215e-06
6.93164e-06
7.70558e-06
8.48468e-06
9.26959e-06
1.0061e-05
1.08594e-05
1.16654e-05
1.24795e-05
1.3302e-05
1.41333e-05
1.49738e-05
1.58234e-05
1.66822e-05
1.755e-05
1.84263e-05
1.93107e-05
2.0203e-05
2.1102e-05
2.20064e-05
2.29148e-05
2.38263e-05
2.47386e-05
2.56497e-05
2.65579e-05
2.74601e-05
2.8354e-05
2.92364e-05
3.01045e-05
3.09551e-05
3.17854e-05
3.25916e-05
3.33705e-05
3.4119e-05
3.48333e-05
3.55098e-05
3.61446e-05
3.67361e-05
3.72806e-05
3.77762e-05
-1.56929e-05
-1.54971e-05
-1.52851e-05
-1.50561e-05
-1.48121e-05
-1.45526e-05
-1.42788e-05
-1.39916e-05
-1.36922e-05
-1.33817e-05
-1.3061e-05
-1.27315e-05
-1.23944e-05
-1.2051e-05
-1.17023e-05
-1.13497e-05
-1.09941e-05
-1.06366e-05
-1.02781e-05
-9.91942e-06
-9.5617e-06
-9.20542e-06
-8.8512e-06
-8.49964e-06
-8.1512e-06
-7.80625e-06
-7.46514e-06
-7.12813e-06
-6.79548e-06
-6.46727e-06
-6.14357e-06
-5.82444e-06
-5.50989e-06
-5.19987e-06
-4.89436e-06
-4.59323e-06
-4.2964e-06
-4.00368e-06
-3.71496e-06
-3.43004e-06
-3.14875e-06
-2.87091e-06
-2.5963e-06
-2.3247e-06
-2.05592e-06
-1.7897e-06
-1.52583e-06
-1.26406e-06
-1.00416e-06
-7.45854e-07
-4.89248e-07
-2.34062e-07
2.02226e-08
2.73849e-07
5.27028e-07
7.80021e-07
1.03305e-06
1.28638e-06
1.54023e-06
1.79489e-06
2.05056e-06
2.30751e-06
2.56595e-06
2.82613e-06
3.08825e-06
3.35252e-06
3.61911e-06
3.8882e-06
4.15995e-06
4.43449e-06
4.71189e-06
4.99221e-06
5.27544e-06
5.56156e-06
5.85048e-06
6.14221e-06
6.43643e-06
6.73286e-06
7.03111e-06
7.33101e-06
7.63198e-06
7.93347e-06
8.23493e-06
8.53561e-06
8.83476e-06
9.13162e-06
9.42524e-06
9.71493e-06
9.99951e-06
1.02781e-05
1.05496e-05
1.08131e-05
1.10674e-05
1.13117e-05
1.15447e-05
1.17656e-05
1.1973e-05
1.21666e-05
1.23447e-05
1.2507e-05
)
;

boundaryField
{
    inlet_water
    {
        type            fixedFluxPressure;
        gradient        nonuniform List<scalar> 
50
(
3855.61
3916.98
4014.58
4135.87
4237.77
4279.53
4279.16
4268.98
4257.76
4245.27
4231.62
4216.88
4201.04
4184.14
4166.22
4147.32
4127.5
4106.81
4085.33
4063.13
4040.27
4016.86
3992.96
3968.67
3944.08
3919.28
3894.35
3869.39
3844.49
3819.72
3795.16
3770.89
3746.97
3723.46
3700.39
3677.8
3655.71
3634.1
3612.95
3592.19
3571.73
3551.41
3530.98
3509.99
3487.93
3464.28
3439.63
3412.37
3378.85
3486.59
)
;
        value           nonuniform List<scalar> 
50
(
492.865
492.992
493.208
493.487
493.721
493.804
493.784
493.753
493.736
493.73
493.734
493.746
493.766
493.793
493.826
493.866
493.911
493.962
494.017
494.077
494.142
494.21
494.281
494.356
494.433
494.512
494.592
494.673
494.754
494.835
494.914
494.991
495.064
495.132
495.194
495.248
495.293
495.325
495.342
495.341
495.318
495.268
495.184
495.06
494.887
494.655
494.352
493.976
493.614
493.811
)
;
    }
    inlet_air
    {
        type            fixedFluxPressure;
        gradient        nonuniform List<scalar> 
60
(
-221.967
-0.0276958
-0.0293849
-0.0304164
-0.0291811
-0.0287924
-0.025695
-0.0238873
-0.0217221
-0.0199167
-0.0181057
-0.0165148
-0.0150659
-0.013774
-0.0126254
-0.0116085
-0.0107101
-0.00991703
-0.00921621
-0.0085957
-0.00804498
-0.0075549
-0.00711755
-0.0067261
-0.00637469
-0.00605826
-0.00577247
-0.00551349
-0.00527791
-0.00506263
-0.00486485
-0.0046824
-0.00451348
-0.00435655
-0.00421039
-0.00407386
-0.00394605
-0.00382607
-0.0037132
-0.00360689
-0.00350654
-0.00341163
-0.0033217
-0.00323631
-0.00315502
-0.00307737
-0.00300279
-0.00293067
-0.00286029
-0.00279179
-0.00229647
-0.00168735
-0.00127435
-0.000977076
-0.000736719
-0.000542554
-0.000368587
-0.000264266
-0.000156458
-5.14027e-05
)
;
        value           nonuniform List<scalar> 
60
(
-0.372515
-0.000811775
-0.000839928
-0.000861938
-0.000869566
-0.000868952
-0.000858895
-0.000845784
-0.000830779
-0.000813975
-0.000796687
-0.000779055
-0.000761551
-0.00074434
-0.000727559
-0.000711291
-0.000695585
-0.000680459
-0.000665916
-0.000651948
-0.000638538
-0.000625668
-0.000613318
-0.000601466
-0.000590089
-0.000579166
-0.000568674
-0.000558592
-0.000548901
-0.000539579
-0.000530608
-0.00052197
-0.000513648
-0.000505628
-0.000497896
-0.00049044
-0.000483248
-0.00047631
-0.000469617
-0.000463162
-0.000456936
-0.000450934
-0.000445148
-0.000439574
-0.000434206
-0.000429038
-0.000424065
-0.00041928
-0.000414704
-0.000410332
-0.000376115
-0.000320712
-0.000271942
-0.00022792
-0.000187317
-0.000149411
-0.000113667
-8.01246e-05
-4.76371e-05
-1.5779e-05
)
;
    }
    outlet_water
    {
        type            fixedFluxPressure;
        gradient        nonuniform List<scalar> 
50
(
-3855.69
-3916.94
-4014.44
-4135.66
-4237.52
-4279.24
-4278.81
-4268.61
-4257.37
-4244.87
-4231.21
-4216.46
-4200.61
-4183.71
-4165.78
-4146.87
-4127.04
-4106.35
-4084.87
-4062.67
-4039.82
-4016.41
-3992.53
-3968.25
-3943.68
-3918.9
-3894
-3869.08
-3844.21
-3819.47
-3794.96
-3770.74
-3746.87
-3723.4
-3700.39
-3677.86
-3655.82
-3634.26
-3613.16
-3592.45
-3572.04
-3551.75
-3531.34
-3510.32
-3488.25
-3464.56
-3439.83
-3412.47
-3378.81
-3486.47
)
;
        value           nonuniform List<scalar> 
50
(
-829.085
-829.211
-829.427
-829.705
-829.938
-830.021
-830.002
-829.973
-829.958
-829.955
-829.962
-829.977
-830
-830.03
-830.067
-830.11
-830.16
-830.214
-830.274
-830.338
-830.406
-830.478
-830.553
-830.632
-830.712
-830.795
-830.878
-830.963
-831.047
-831.13
-831.212
-831.29
-831.365
-831.435
-831.498
-831.553
-831.598
-831.63
-831.647
-831.645
-831.621
-831.569
-831.483
-831.356
-831.179
-830.943
-830.635
-830.254
-829.887
-830.079
)
;
    }
    outlet_air
    {
        type            fixedFluxPressure;
        gradient        nonuniform List<scalar> 
60
(
221.983
0.0264253
0.0281221
0.0290758
0.0278933
0.0266965
0.0245047
0.022682
0.0205109
0.0187108
0.0169079
0.0153307
0.013898
0.012625
0.0114972
0.0105024
0.00962708
0.00885735
0.00817998
0.00758273
0.00705491
0.00658724
0.00617171
0.00580143
0.0054705
0.00517381
0.00490703
0.00466636
0.00444848
0.00425032
0.00406895
0.00390222
0.00374839
0.00360597
0.00347375
0.00335065
0.00323578
0.00312829
0.0030275
0.00293291
0.00284397
0.00276019
0.00268121
0.00260664
0.00253616
0.00246944
0.00240613
0.0023459
0.00228463
0.00222388
0.00180284
0.00131888
0.00099838
0.000766573
0.000593553
0.000440699
0.000323634
0.000221532
0.000129451
4.23698e-05
)
;
        value           nonuniform List<scalar> 
60
(
0.372447
0.000714997
0.000743133
0.000765046
0.000772645
0.000770671
0.000762678
0.00075003
0.000735321
0.000718863
0.000701868
0.000684534
0.00066732
0.000650399
0.000633911
0.000617942
0.000602539
0.000587724
0.000573499
0.000559858
0.000546784
0.000534261
0.000522267
0.000510782
0.000499784
0.00048925
0.000479159
0.000469489
0.000460222
0.000451336
0.000442811
0.000434631
0.000426778
0.000419237
0.000411995
0.00040504
0.00039836
0.000391945
0.000385785
0.000379873
0.000374201
0.000368763
0.000363554
0.000358567
0.000353798
0.000349241
0.00034489
0.00034074
0.000336782
0.000333015
0.000303728
0.000257578
0.000217644
0.000182005
0.000149488
0.000119216
9.08974e-05
6.39665e-05
3.7993e-05
1.2578e-05
)
;
    }
    lowerWall
    {
        type            fixedFluxPressure;
        gradient        uniform 0;
        value           nonuniform List<scalar> 
100
(
486.407
473.773
460.826
448.003
434.94
421.848
408.648
395.42
382.152
368.876
355.593
342.313
329.036
315.766
302.501
289.241
275.985
262.732
249.48
236.23
222.98
209.73
196.48
183.228
169.976
156.722
143.467
130.212
116.955
103.698
90.4401
77.1815
63.9225
50.663
37.4032
24.1431
10.8829
-2.37757
-15.6381
-28.8987
-42.1594
-55.42
-68.6806
-81.9412
-95.2017
-108.462
-121.723
-134.983
-148.243
-161.504
-174.764
-188.024
-201.285
-214.545
-227.805
-241.066
-254.326
-267.587
-280.847
-294.108
-307.369
-320.629
-333.89
-347.15
-360.411
-373.671
-386.931
-400.19
-413.449
-426.708
-439.965
-453.223
-466.479
-479.734
-492.989
-506.242
-519.494
-532.745
-545.995
-559.244
-572.492
-585.741
-598.991
-612.243
-625.497
-638.755
-652.019
-665.288
-678.564
-691.844
-705.127
-718.403
-731.669
-744.894
-758.089
-771.175
-784.231
-797.047
-809.992
-822.626
)
;
    }
    atmosphere
    {
        type            totalPressure;
        rho             rho;
        psi             none;
        gamma           1;
        p0              uniform 0;
        value           nonuniform List<scalar> 
100
(
-6.3708e-11
-6.33855e-11
-6.30944e-11
-6.2714e-11
-6.22809e-11
-6.17693e-11
-6.11682e-11
-6.04726e-11
-5.96746e-11
-5.87695e-11
-5.77509e-11
-5.66198e-11
-5.53751e-11
-5.40181e-11
-5.25529e-11
-5.0983e-11
-4.93149e-11
-4.75564e-11
-4.57142e-11
-4.37991e-11
-4.18209e-11
-3.97894e-11
-3.77166e-11
-3.56139e-11
-3.34921e-11
-3.13629e-11
-2.92366e-11
-2.71254e-11
-2.50394e-11
-2.29888e-11
-2.09833e-11
-1.90319e-11
-1.7143e-11
-1.53245e-11
-1.35837e-11
-1.1927e-11
-1.03605e-11
-8.88987e-12
-7.51977e-12
-6.25453e-12
-5.09795e-12
-4.05335e-12
-3.12365e-12
-2.31134e-12
-1.61855e-12
-1.04709e-12
-5.98457e-13
-2.7387e-13
-7.43597e-14
-4.79245e-16
0
0
0
0
0
0
0
0
0
0
0
0
0
0
0
0
0
0
0
0
0
0
0
0
0
0
0
0
0
0
0
0
0
0
0
0
0
0
0
0
0
0
0
0
0
0
0
0
0
0
)
;
    }
    defaultFaces
    {
        type            empty;
    }
}


// ************************************************************************* //
