/*--------------------------------*- C++ -*----------------------------------*\
  =========                 |
  \\      /  F ield         | OpenFOAM: The Open Source CFD Toolbox
   \\    /   O peration     | Website:  https://openfoam.org
    \\  /    A nd           | Version:  8
     \\/     M anipulation  |
\*---------------------------------------------------------------------------*/
FoamFile
{
    version     2.0;
    format      ascii;
    class       surfaceScalarField;
    location    "595";
    object      phi;
}
// * * * * * * * * * * * * * * * * * * * * * * * * * * * * * * * * * * * * * //

dimensions      [0 3 -1 0 0 0 0];

internalField   nonuniform List<scalar> 
21790
(
7.0052e-08
2.63305e-11
7.00967e-08
-4.29288e-11
7.00845e-08
1.31997e-11
7.00737e-08
1.20899e-11
7.00558e-08
1.93138e-11
7.00418e-08
1.51436e-11
7.00315e-08
1.1126e-11
7.00273e-08
4.77372e-12
7.00289e-08
-1.23493e-12
7.00359e-08
-6.9973e-12
7.00476e-08
-1.17381e-11
7.00629e-08
-1.5414e-11
7.00806e-08
-1.78953e-11
7.00997e-08
-1.93046e-11
7.01194e-08
-1.97697e-11
7.01388e-08
-1.94955e-11
7.01574e-08
-1.8672e-11
7.01748e-08
-1.74839e-11
7.01908e-08
-1.60814e-11
7.02054e-08
-1.45841e-11
7.02185e-08
-1.30782e-11
7.02301e-08
-1.16231e-11
7.02404e-08
-1.02556e-11
7.02494e-08
-8.99665e-12
7.02573e-08
-7.85552e-12
7.02641e-08
-6.83378e-12
7.027e-08
-5.92791e-12
7.02752e-08
-5.13135e-12
7.02796e-08
-4.43564e-12
7.02834e-08
-3.8314e-12
7.02868e-08
-3.30892e-12
7.02896e-08
-2.85856e-12
7.02921e-08
-2.47111e-12
7.02942e-08
-2.13796e-12
7.02961e-08
-1.85129e-12
7.02977e-08
-1.60409e-12
7.0299e-08
-1.39022e-12
7.03002e-08
-1.20438e-12
7.03013e-08
-1.04205e-12
7.03022e-08
-8.99362e-13
7.03029e-08
-7.73109e-13
7.03036e-08
-6.60554e-13
7.03041e-08
-5.59406e-13
7.03046e-08
-4.67698e-13
7.0305e-08
-3.83746e-13
7.03053e-08
-3.06065e-13
7.03055e-08
-2.33336e-13
7.03057e-08
-1.64354e-13
7.03058e-08
-9.8001e-14
7.03058e-08
-3.32155e-14
7.03058e-08
3.10305e-14
7.03057e-08
9.57548e-14
7.03055e-08
1.61983e-13
7.03053e-08
2.30773e-13
7.0305e-08
3.03237e-13
7.03046e-08
3.80573e-13
7.03041e-08
4.64096e-13
7.03036e-08
5.55286e-13
7.03029e-08
6.55829e-13
7.03022e-08
7.67696e-13
7.03013e-08
8.93197e-13
7.03003e-08
1.03509e-12
7.02991e-08
1.19663e-12
7.02977e-08
1.38172e-12
7.02961e-08
1.59495e-12
7.02943e-08
1.84172e-12
7.02922e-08
2.12824e-12
7.02897e-08
2.4616e-12
7.02869e-08
2.84969e-12
7.02836e-08
3.30118e-12
7.02797e-08
3.82528e-12
7.02753e-08
4.43156e-12
7.02702e-08
5.12963e-12
7.02642e-08
5.92864e-12
7.02574e-08
6.83672e-12
7.02495e-08
7.86001e-12
7.02405e-08
9.00149e-12
7.02302e-08
1.02589e-11
7.02186e-08
1.16224e-11
7.02055e-08
1.30703e-11
7.0191e-08
1.45653e-11
7.0175e-08
1.6048e-11
7.01576e-08
1.74336e-11
7.0139e-08
1.86052e-11
7.01197e-08
1.94183e-11
7.01001e-08
1.96969e-11
7.0081e-08
1.92628e-11
7.00632e-08
1.79246e-11
7.00478e-08
1.55643e-11
7.00358e-08
1.20621e-11
7.00282e-08
7.52952e-12
7.00261e-08
1.96746e-12
7.00295e-08
-3.8875e-12
7.00391e-08
-1.01786e-11
7.00525e-08
-1.42544e-11
7.007e-08
-1.85964e-11
7.00807e-08
-1.16293e-11
7.0093e-08
-1.30243e-11
7.00486e-08
4.27798e-11
-2.66342e-11
1.59933e-07
1.09879e-10
1.59904e-07
-1.35945e-11
1.59835e-07
8.42965e-11
1.59764e-07
8.53931e-11
1.59696e-07
8.9693e-11
1.59639e-07
7.41732e-11
1.59597e-07
5.4706e-11
1.59571e-07
3.19453e-11
1.59561e-07
9.62216e-12
1.59564e-07
-1.06401e-11
1.5958e-07
-2.7668e-11
1.59606e-07
-4.08872e-11
1.59638e-07
-5.02515e-11
1.59674e-07
-5.60282e-11
1.59713e-07
-5.87095e-11
1.59752e-07
-5.88912e-11
1.5979e-07
-5.71879e-11
1.59827e-07
-5.4168e-11
1.59861e-07
-5.03173e-11
1.59893e-07
-4.60249e-11
1.59921e-07
-4.15837e-11
1.59947e-07
-3.72021e-11
1.59969e-07
-3.30185e-11
1.5999e-07
-2.9118e-11
1.60007e-07
-2.55456e-11
1.60023e-07
-2.23187e-11
1.60036e-07
-1.94358e-11
1.60048e-07
-1.68828e-11
1.60058e-07
-1.46384e-11
1.60067e-07
-1.26766e-11
1.60075e-07
-1.09697e-11
1.60081e-07
-9.48962e-12
1.60087e-07
-8.20911e-12
1.60092e-07
-7.10243e-12
1.60096e-07
-6.14597e-12
1.601e-07
-5.3184e-12
1.60103e-07
-4.60083e-12
1.60106e-07
-3.97669e-12
1.60109e-07
-3.43166e-12
1.60111e-07
-2.95342e-12
1.60112e-07
-2.53142e-12
1.60114e-07
-2.15664e-12
1.60115e-07
-1.82134e-12
1.60116e-07
-1.51884e-12
1.60117e-07
-1.24333e-12
1.60118e-07
-9.89672e-13
1.60118e-07
-7.53259e-13
1.60119e-07
-5.29894e-13
1.60119e-07
-3.15681e-13
1.60119e-07
-1.06921e-13
1.60119e-07
9.99623e-14
1.60119e-07
3.08503e-13
1.60118e-07
5.22273e-13
1.60118e-07
7.44955e-13
1.60117e-07
9.80434e-13
1.60116e-07
1.23289e-12
1.60115e-07
1.5069e-12
1.60114e-07
1.80759e-12
1.60112e-07
2.14078e-12
1.60111e-07
2.51315e-12
1.60109e-07
2.93246e-12
1.60106e-07
3.4078e-12
1.60103e-07
3.94977e-12
1.601e-07
4.57083e-12
1.60097e-07
5.28541e-12
1.60092e-07
6.11025e-12
1.60087e-07
7.06441e-12
1.60082e-07
8.1694e-12
1.60075e-07
9.44894e-12
1.60067e-07
1.09289e-11
1.60059e-07
1.26364e-11
1.60048e-07
1.45994e-11
1.60037e-07
1.68455e-11
1.60023e-07
1.93999e-11
1.60008e-07
2.22834e-11
1.5999e-07
2.55092e-11
1.5997e-07
2.90777e-11
1.59947e-07
3.29705e-11
1.59922e-07
3.71414e-11
1.59893e-07
4.15048e-11
1.59862e-07
4.59221e-11
1.59828e-07
5.01864e-11
1.59791e-07
5.4009e-11
1.59753e-07
5.70087e-11
1.59714e-07
5.87132e-11
1.59675e-07
5.8574e-11
1.59639e-07
5.60015e-11
1.59607e-07
5.04256e-11
1.59581e-07
4.13708e-11
1.59565e-07
2.85678e-11
1.5956e-07
1.20208e-11
1.59569e-07
-7.79514e-12
1.59594e-07
-2.9789e-11
1.59635e-07
-5.24367e-11
1.59691e-07
-7.20622e-11
1.59759e-07
-8.79958e-11
1.59829e-07
-8.42957e-11
1.59898e-07
-8.38558e-11
1.59927e-07
1.34006e-11
-1.10279e-10
2.16928e-07
2.52592e-10
2.16803e-07
1.12195e-10
2.16673e-07
2.16642e-10
2.16546e-07
2.14779e-10
2.16435e-07
2.0438e-10
2.16341e-07
1.69852e-10
2.16272e-07
1.26322e-10
2.16225e-07
7.9744e-11
2.16201e-07
3.41889e-11
2.16197e-07
-6.44755e-12
2.1621e-07
-4.07543e-11
2.16237e-07
-6.75266e-11
2.16273e-07
-8.68975e-11
2.16316e-07
-9.93371e-11
2.16363e-07
-1.05815e-10
2.16412e-07
-1.07419e-10
2.1646e-07
-1.05304e-10
2.16506e-07
-1.00524e-10
2.16549e-07
-9.39999e-11
2.1659e-07
-8.64749e-11
2.16627e-07
-7.8522e-11
2.1666e-07
-7.05571e-11
2.1669e-07
-6.2866e-11
2.16716e-07
-5.56312e-11
2.1674e-07
-4.89571e-11
2.1676e-07
-4.28921e-11
2.16778e-07
-3.7445e-11
2.16794e-07
-3.25989e-11
2.16808e-07
-2.83199e-11
2.1682e-07
-2.45644e-11
2.1683e-07
-2.1284e-11
2.16839e-07
-1.84289e-11
2.16847e-07
-1.595e-11
2.16854e-07
-1.38009e-11
2.16859e-07
-1.19384e-11
2.16864e-07
-1.03235e-11
2.16869e-07
-8.9211e-12
2.16872e-07
-7.70044e-12
2.16876e-07
-6.63458e-12
2.16878e-07
-5.70009e-12
2.16881e-07
-4.8768e-12
2.16883e-07
-4.14722e-12
2.16884e-07
-3.49627e-12
2.16886e-07
-2.91077e-12
2.16887e-07
-2.37922e-12
2.16888e-07
-1.89137e-12
2.16888e-07
-1.43804e-12
2.16889e-07
-1.01083e-12
2.16889e-07
-6.01934e-13
2.16889e-07
-2.03953e-13
2.16889e-07
1.90271e-13
2.16889e-07
5.87813e-13
2.16888e-07
9.9582e-13
2.16888e-07
1.42167e-12
2.16887e-07
1.87314e-12
2.16886e-07
2.3586e-12
2.16884e-07
2.8872e-12
2.16883e-07
3.46915e-12
2.16881e-07
4.11595e-12
2.16878e-07
4.84075e-12
2.16876e-07
5.65869e-12
2.16873e-07
6.58729e-12
2.16869e-07
7.64684e-12
2.16865e-07
8.86087e-12
2.1686e-07
1.02565e-11
2.16854e-07
1.18647e-11
2.16847e-07
1.37208e-11
2.16839e-07
1.58639e-11
2.16831e-07
1.83373e-11
2.1682e-07
2.11877e-11
2.16808e-07
2.44638e-11
2.16795e-07
2.82154e-11
2.16779e-07
3.24903e-11
2.16761e-07
3.73315e-11
2.16741e-07
4.27718e-11
2.16717e-07
4.88274e-11
2.16691e-07
5.5488e-11
2.16661e-07
6.27045e-11
2.16628e-07
7.03716e-11
2.16591e-07
7.83069e-11
2.16551e-07
8.62262e-11
2.16507e-07
9.37174e-11
2.16461e-07
1.00215e-10
2.16413e-07
1.0499e-10
2.16365e-07
1.07142e-10
2.16318e-07
1.05642e-10
2.16275e-07
9.93742e-11
2.16239e-07
8.728e-11
2.16212e-07
6.84097e-11
2.16198e-07
4.22832e-11
2.16201e-07
8.70636e-12
2.16224e-07
-3.12599e-11
2.16269e-07
-7.63241e-11
2.16338e-07
-1.22729e-10
2.1643e-07
-1.66486e-10
2.16541e-07
-2.01623e-10
2.16667e-07
-2.12909e-10
2.16797e-07
-2.15755e-10
2.16922e-07
-1.12225e-10
-2.52906e-10
2.53784e-07
4.30514e-10
2.53591e-07
3.0475e-10
2.53417e-07
3.93603e-10
2.53253e-07
3.82076e-10
2.53112e-07
3.48428e-10
2.52996e-07
2.88595e-10
2.52909e-07
2.15674e-10
2.52849e-07
1.40601e-10
2.52816e-07
6.79417e-11
2.52806e-07
3.58653e-12
2.52816e-07
-5.07163e-11
2.52842e-07
-9.32839e-11
2.52879e-07
-1.24427e-10
2.52925e-07
-1.4489e-10
2.52975e-07
-1.56157e-10
2.53027e-07
-1.59867e-10
2.53079e-07
-1.57755e-10
2.5313e-07
-1.51413e-10
2.53178e-07
-1.42238e-10
2.53223e-07
-1.31372e-10
2.53264e-07
-1.19704e-10
2.53302e-07
-1.0789e-10
2.53335e-07
-9.63885e-11
2.53365e-07
-8.55004e-11
2.53391e-07
-7.54045e-11
2.53415e-07
-6.61904e-11
2.53435e-07
-5.78846e-11
2.53453e-07
-5.04707e-11
2.53469e-07
-4.39045e-11
2.53482e-07
-3.81252e-11
2.53494e-07
-3.30634e-11
2.53504e-07
-2.86464e-11
2.53513e-07
-2.48023e-11
2.53521e-07
-2.14623e-11
2.53527e-07
-1.85624e-11
2.53533e-07
-1.60442e-11
2.53538e-07
-1.38552e-11
2.53542e-07
-1.19488e-11
2.53546e-07
-1.0284e-11
2.53549e-07
-8.82526e-12
2.53552e-07
-7.54132e-12
2.53554e-07
-6.40516e-12
2.53556e-07
-5.39323e-12
2.53557e-07
-4.48493e-12
2.53559e-07
-3.6621e-12
2.5356e-07
-2.90858e-12
2.53561e-07
-2.20983e-12
2.53561e-07
-1.55252e-12
2.53561e-07
-9.24274e-13
2.53562e-07
-3.1335e-13
2.53561e-07
2.91612e-13
2.53561e-07
9.01836e-13
2.53561e-07
1.52867e-12
2.5356e-07
2.18382e-12
2.53559e-07
2.87964e-12
2.53558e-07
3.62938e-12
2.53556e-07
4.44756e-12
2.53554e-07
5.35029e-12
2.53552e-07
6.35568e-12
2.53549e-07
7.48432e-12
2.53546e-07
8.75977e-12
2.53543e-07
1.02091e-11
2.53538e-07
1.18636e-11
2.53533e-07
1.3759e-11
2.53528e-07
1.59365e-11
2.53521e-07
1.84427e-11
2.53514e-07
2.13304e-11
2.53505e-07
2.46582e-11
2.53495e-07
2.84901e-11
2.53483e-07
3.28949e-11
2.53469e-07
3.79443e-11
2.53454e-07
4.37108e-11
2.53436e-07
5.0263e-11
2.53416e-07
5.76611e-11
2.53392e-07
6.59483e-11
2.53366e-07
7.51401e-11
2.53336e-07
8.52091e-11
2.53303e-07
9.60652e-11
2.53266e-07
1.0753e-10
2.53225e-07
1.19304e-10
2.5318e-07
1.30933e-10
2.53132e-07
1.41767e-10
2.53082e-07
1.50928e-10
2.5303e-07
1.57294e-10
2.52977e-07
1.59492e-10
2.52927e-07
1.55965e-10
2.52882e-07
1.45015e-10
2.52844e-07
1.25038e-10
2.52818e-07
9.45683e-11
2.52808e-07
5.28407e-11
2.52817e-07
-5.31398e-13
2.52849e-07
-6.40344e-11
2.52907e-07
-1.36069e-10
2.52993e-07
-2.10909e-10
2.53109e-07
-2.84095e-10
2.53249e-07
-3.44671e-10
2.53412e-07
-3.79425e-10
2.53586e-07
-3.92199e-10
2.53779e-07
-3.04477e-10
-4.30581e-10
2.79623e-07
6.23871e-10
2.79395e-07
5.31009e-10
2.79197e-07
5.94742e-10
2.79014e-07
5.69175e-10
2.78858e-07
5.0725e-10
2.78731e-07
4.18319e-10
2.78635e-07
3.13265e-10
2.7857e-07
2.0736e-10
2.78533e-07
1.05858e-10
2.7852e-07
1.62861e-11
2.78529e-07
-5.91673e-11
2.78554e-07
-1.18499e-10
2.78591e-07
-1.62177e-10
2.78638e-07
-1.91271e-10
2.78689e-07
-2.07787e-10
2.78743e-07
-2.13935e-10
2.78797e-07
-2.12046e-10
2.7885e-07
-2.04266e-10
2.789e-07
-1.92486e-10
2.78947e-07
-1.78261e-10
2.7899e-07
-1.62813e-10
2.79029e-07
-1.4705e-10
2.79064e-07
-1.31617e-10
2.79096e-07
-1.16942e-10
2.79124e-07
-1.03286e-10
2.79148e-07
-9.07855e-11
2.7917e-07
-7.94884e-11
2.79189e-07
-6.93812e-11
2.79205e-07
-6.04107e-11
2.7922e-07
-5.24997e-11
2.79232e-07
-4.55578e-11
2.79243e-07
-3.94895e-11
2.79252e-07
-3.41995e-11
2.79261e-07
-2.95963e-11
2.79268e-07
-2.55945e-11
2.79274e-07
-2.21158e-11
2.79279e-07
-1.90896e-11
2.79283e-07
-1.64531e-11
2.79287e-07
-1.41507e-11
2.79291e-07
-1.21338e-11
2.79293e-07
-1.03598e-11
2.79296e-07
-8.79141e-12
2.79298e-07
-7.39623e-12
2.79299e-07
-6.14567e-12
2.79301e-07
-5.0145e-12
2.79302e-07
-3.9802e-12
2.79303e-07
-3.02246e-12
2.79303e-07
-2.12267e-12
2.79304e-07
-1.26351e-12
2.79304e-07
-4.28588e-13
2.79304e-07
3.97999e-13
2.79303e-07
1.23194e-12
2.79303e-07
2.08911e-12
2.79302e-07
2.98588e-12
2.79301e-07
3.93951e-12
2.79299e-07
4.96855e-12
2.79298e-07
6.09324e-12
2.79296e-07
7.33603e-12
2.79293e-07
8.72209e-12
2.79291e-07
1.028e-11
2.79287e-07
1.20421e-11
2.79284e-07
1.40457e-11
2.79279e-07
1.63335e-11
2.79274e-07
1.89541e-11
2.79268e-07
2.19633e-11
2.79261e-07
2.5424e-11
2.79253e-07
2.94069e-11
2.79243e-07
3.39904e-11
2.79233e-07
3.92599e-11
2.7922e-07
4.53068e-11
2.79206e-07
5.22261e-11
2.7919e-07
6.01129e-11
2.79171e-07
6.90569e-11
2.79149e-07
7.91346e-11
2.79125e-07
9.03983e-11
2.79097e-07
1.02861e-10
2.79066e-07
1.16474e-10
2.79031e-07
1.31101e-10
2.78992e-07
1.46484e-10
2.78949e-07
1.62198e-10
2.78902e-07
1.77603e-10
2.78852e-07
1.91802e-10
2.788e-07
2.03588e-10
2.78746e-07
2.11428e-10
2.78692e-07
2.13462e-10
2.78641e-07
2.07579e-10
2.78594e-07
1.9149e-10
2.78557e-07
1.63016e-10
2.78531e-07
1.20165e-10
2.78522e-07
6.18384e-11
2.78534e-07
-1.25245e-11
2.7857e-07
-1.01096e-10
2.78635e-07
-2.01866e-10
2.78729e-07
-3.07486e-10
2.78856e-07
-4.12824e-10
2.7901e-07
-5.02594e-10
2.79193e-07
-5.65799e-10
2.79391e-07
-5.92828e-10
2.79618e-07
-5.30374e-10
-6.23612e-10
3.00902e-07
8.20634e-10
3.00664e-07
7.66927e-10
3.00459e-07
8.03025e-10
3.0027e-07
7.6148e-10
3.00111e-07
6.69716e-10
2.99981e-07
5.50515e-10
2.99884e-07
4.12627e-10
2.99817e-07
2.75342e-10
2.99779e-07
1.44649e-10
2.99766e-07
2.95697e-11
2.99774e-07
-6.72585e-11
2.99799e-07
-1.43551e-10
2.99836e-07
-1.99936e-10
2.99883e-07
-2.37816e-10
2.99934e-07
-2.5971e-10
2.99989e-07
-2.68404e-10
3.00043e-07
-2.6682e-10
3.00097e-07
-2.5766e-10
3.00147e-07
-2.43309e-10
3.00195e-07
-2.25738e-10
3.00238e-07
-2.06504e-10
3.00278e-07
-1.86774e-10
3.00314e-07
-1.67382e-10
3.00346e-07
-1.48886e-10
3.00374e-07
-1.31632e-10
3.00399e-07
-1.15805e-10
3.00421e-07
-1.01477e-10
3.0044e-07
-8.86381e-11
3.00457e-07
-7.72266e-11
3.00472e-07
-6.71493e-11
3.00485e-07
-5.82951e-11
3.00496e-07
-5.05458e-11
3.00505e-07
-4.37829e-11
3.00514e-07
-3.78921e-11
3.00521e-07
-3.27664e-11
3.00527e-07
-2.83076e-11
3.00532e-07
-2.44268e-11
3.00537e-07
-2.10448e-11
3.00541e-07
-1.80914e-11
3.00544e-07
-1.55045e-11
3.00547e-07
-1.32302e-11
3.0055e-07
-1.12208e-11
3.00552e-07
-9.43474e-12
3.00553e-07
-7.83529e-12
3.00555e-07
-6.38999e-12
3.00556e-07
-5.06982e-12
3.00557e-07
-3.84856e-12
3.00557e-07
-2.70218e-12
3.00558e-07
-1.60832e-12
3.00558e-07
-5.45771e-13
3.00558e-07
5.05998e-13
3.00557e-07
1.56727e-12
3.00557e-07
2.65856e-12
3.00556e-07
3.80101e-12
3.00555e-07
5.01695e-12
3.00553e-07
6.33032e-12
3.00552e-07
7.76724e-12
3.0055e-07
9.35667e-12
3.00547e-07
1.1131e-11
3.00544e-07
1.31268e-11
3.00541e-07
1.53857e-11
3.00537e-07
1.79552e-11
3.00533e-07
2.08896e-11
3.00527e-07
2.42506e-11
3.00521e-07
2.81086e-11
3.00514e-07
3.2543e-11
3.00506e-07
3.76427e-11
3.00496e-07
4.35058e-11
3.00485e-07
5.02393e-11
3.00473e-07
5.79572e-11
3.00458e-07
6.67777e-11
3.00441e-07
7.68185e-11
3.00422e-07
8.81899e-11
3.004e-07
1.00985e-10
3.00375e-07
1.15264e-10
3.00347e-07
1.31035e-10
3.00316e-07
1.4823e-10
3.0028e-07
1.66662e-10
3.0024e-07
1.85991e-10
3.00197e-07
2.05662e-10
3.0015e-07
2.24851e-10
3.00099e-07
2.42404e-10
3.00046e-07
2.56783e-10
2.99992e-07
2.66044e-10
2.99938e-07
2.67834e-10
2.99886e-07
2.5949e-10
2.99839e-07
2.3813e-10
2.99802e-07
2.01001e-10
2.99776e-07
1.45586e-10
2.99768e-07
7.04451e-11
2.9978e-07
-2.51556e-11
2.99817e-07
-1.39107e-10
2.99883e-07
-2.6898e-10
2.9998e-07
-4.05936e-10
3.00109e-07
-5.44125e-10
3.00267e-07
-6.64244e-10
3.00456e-07
-7.57436e-10
3.00661e-07
-8.00622e-10
3.00899e-07
-7.65918e-10
-8.20036e-10
3.20887e-07
1.01554e-09
3.2065e-07
1.00114e-09
3.20445e-07
1.00982e-09
3.20259e-07
9.51698e-10
3.20101e-07
8.30329e-10
3.19973e-07
6.81097e-10
3.19877e-07
5.10694e-10
3.19811e-07
3.42357e-10
3.19773e-07
1.82773e-10
3.19761e-07
4.24446e-11
3.19769e-07
-7.55638e-11
3.19794e-07
-1.68677e-10
3.19832e-07
-2.37681e-10
3.19878e-07
-2.84298e-10
3.1993e-07
-3.11556e-10
3.19984e-07
-3.22802e-10
3.20038e-07
-3.2154e-10
3.20092e-07
-3.11021e-10
3.20142e-07
-2.94122e-10
3.2019e-07
-2.73225e-10
3.20233e-07
-2.50221e-10
3.20273e-07
-2.26537e-10
3.20309e-07
-2.03193e-10
3.20341e-07
-1.8088e-10
3.20369e-07
-1.6003e-10
3.20394e-07
-1.40878e-10
3.20417e-07
-1.23518e-10
3.20436e-07
-1.07944e-10
3.20453e-07
-9.40882e-11
3.20467e-07
-8.18408e-11
3.2048e-07
-7.10705e-11
3.20491e-07
-6.16363e-11
3.20501e-07
-5.33965e-11
3.20509e-07
-4.62143e-11
3.20516e-07
-3.99612e-11
3.20523e-07
-3.45191e-11
3.20528e-07
-2.97808e-11
3.20533e-07
-2.56507e-11
3.20537e-07
-2.20438e-11
3.2054e-07
-1.88851e-11
3.20543e-07
-1.61088e-11
3.20545e-07
-1.36568e-11
3.20547e-07
-1.14786e-11
3.20549e-07
-9.52916e-12
3.2055e-07
-7.76882e-12
3.20552e-07
-6.162e-12
3.20552e-07
-4.67655e-12
3.20553e-07
-3.283e-12
3.20553e-07
-1.95391e-12
3.20553e-07
-6.63248e-13
3.20553e-07
6.14179e-13
3.20553e-07
1.90327e-12
3.20552e-07
3.22919e-12
3.20552e-07
4.61791e-12
3.2055e-07
6.09681e-12
3.20549e-07
7.69526e-12
3.20547e-07
9.44533e-12
3.20545e-07
1.13824e-11
3.20543e-07
1.35463e-11
3.2054e-07
1.59815e-11
3.20537e-07
1.87389e-11
3.20533e-07
2.18763e-11
3.20528e-07
2.54595e-11
3.20523e-07
2.95635e-11
3.20517e-07
3.42732e-11
3.2051e-07
3.96845e-11
3.20501e-07
4.59043e-11
3.20492e-07
5.30507e-11
3.20481e-07
6.1252e-11
3.20468e-07
7.06446e-11
3.20454e-07
8.137e-11
3.20437e-07
9.35682e-11
3.20418e-07
1.0737e-10
3.20396e-07
1.22884e-10
3.20371e-07
1.40179e-10
3.20342e-07
1.5926e-10
3.20311e-07
1.80033e-10
3.20275e-07
2.02266e-10
3.20235e-07
2.25533e-10
3.20192e-07
2.4915e-10
3.20145e-07
2.72106e-10
3.20094e-07
2.92994e-10
3.20041e-07
3.09945e-10
3.19987e-07
3.20605e-10
3.19933e-07
3.22135e-10
3.19881e-07
3.11325e-10
3.19835e-07
2.84709e-10
3.19797e-07
2.38968e-10
3.19772e-07
1.71073e-10
3.19763e-07
7.92493e-11
3.19775e-07
-3.74048e-11
3.19812e-07
-1.76493e-10
3.19877e-07
-3.35177e-10
3.19972e-07
-5.03149e-10
3.20099e-07
-6.7387e-10
3.20256e-07
-8.24092e-10
3.20442e-07
-9.47021e-10
3.20646e-07
-1.00694e-09
3.20883e-07
-9.99759e-10
-1.01463e-09
3.40305e-07
1.20747e-09
3.40072e-07
1.23164e-09
3.3987e-07
1.21373e-09
3.39686e-07
1.13873e-09
3.39532e-07
9.88047e-10
3.39406e-07
8.09115e-10
3.39312e-07
6.06641e-10
3.39248e-07
4.07692e-10
3.39211e-07
2.19637e-10
3.392e-07
5.44203e-11
3.39209e-07
-8.44754e-11
3.39234e-07
-1.94186e-10
3.39272e-07
-2.75646e-10
3.39318e-07
-3.30894e-10
3.3937e-07
-3.6345e-10
3.39424e-07
-3.77211e-10
3.39479e-07
-3.76257e-10
3.39532e-07
-3.64378e-10
3.39583e-07
-3.44934e-10
3.3963e-07
-3.20719e-10
3.39674e-07
-2.93954e-10
3.39714e-07
-2.66322e-10
3.39749e-07
-2.39032e-10
3.39781e-07
-2.12907e-10
3.3981e-07
-1.88463e-10
3.39835e-07
-1.65986e-10
3.39857e-07
-1.45593e-10
3.39876e-07
-1.27284e-10
3.39893e-07
-1.10982e-10
3.39908e-07
-9.65621e-11
3.39921e-07
-8.38731e-11
3.39932e-07
-7.27513e-11
3.39942e-07
-6.3032e-11
3.3995e-07
-5.45557e-11
3.39957e-07
-4.71727e-11
3.39963e-07
-4.07448e-11
3.39969e-07
-3.51469e-11
3.39973e-07
-3.02667e-11
3.39977e-07
-2.60046e-11
3.39981e-07
-2.22725e-11
3.39984e-07
-1.89928e-11
3.39986e-07
-1.60972e-11
3.39988e-07
-1.35259e-11
3.3999e-07
-1.12257e-11
3.39991e-07
-9.14966e-12
3.39992e-07
-7.25568e-12
3.39993e-07
-5.50562e-12
3.39994e-07
-3.86456e-12
3.39994e-07
-2.29994e-12
3.39994e-07
-7.80906e-13
3.39994e-07
7.22433e-13
3.39994e-07
2.2396e-12
3.39993e-07
3.80044e-12
3.39992e-07
5.43577e-12
3.39991e-07
7.17804e-12
3.3999e-07
9.06209e-12
3.39988e-07
1.11259e-11
3.39986e-07
1.34115e-11
3.39984e-07
1.59657e-11
3.39981e-07
1.88414e-11
3.39978e-07
2.20986e-11
3.39974e-07
2.58054e-11
3.39969e-07
3.00391e-11
3.39964e-07
3.4888e-11
3.39958e-07
4.04516e-11
3.3995e-07
4.6842e-11
3.39942e-07
5.41844e-11
3.39933e-07
6.26166e-11
3.39921e-07
7.22882e-11
3.39909e-07
8.33581e-11
3.39894e-07
9.59905e-11
3.39877e-07
1.10348e-10
3.39858e-07
1.26582e-10
3.39836e-07
1.44816e-10
3.39811e-07
1.65128e-10
3.39783e-07
1.87516e-10
3.39751e-07
2.11866e-10
3.39715e-07
2.37895e-10
3.39676e-07
2.65094e-10
3.39632e-07
2.92649e-10
3.39585e-07
3.19365e-10
3.39535e-07
3.43581e-10
3.39482e-07
3.63099e-10
3.39427e-07
3.75162e-10
3.39373e-07
3.76447e-10
3.39321e-07
3.63206e-10
3.39275e-07
3.31399e-10
3.39237e-07
2.77151e-10
3.39211e-07
1.96932e-10
3.39202e-07
8.86433e-11
3.39213e-07
-4.87781e-11
3.39249e-07
-2.12652e-10
3.39312e-07
-3.99735e-10
3.39405e-07
-5.98287e-10
3.3953e-07
-8.01095e-10
3.39684e-07
-9.81083e-10
3.39867e-07
-1.13345e-09
3.40068e-07
-1.21037e-09
3.40302e-07
-1.22991e-09
-1.20628e-09
3.5916e-07
1.39498e-09
3.58931e-07
1.45661e-09
3.58734e-07
1.41329e-09
3.58555e-07
1.32142e-09
3.58404e-07
1.14178e-09
3.58282e-07
9.33593e-10
3.58191e-07
6.99608e-10
3.58129e-07
4.70612e-10
3.58094e-07
2.54625e-10
3.58084e-07
6.49906e-11
3.58094e-07
-9.44e-11
3.5812e-07
-2.20397e-10
3.58158e-07
-3.14078e-10
3.58205e-07
-3.77787e-10
3.58257e-07
-4.15522e-10
3.58311e-07
-4.31722e-10
3.58366e-07
-4.31028e-10
3.58419e-07
-4.17761e-10
3.5847e-07
-3.9576e-10
3.58517e-07
-3.68221e-10
3.58561e-07
-3.37696e-10
3.58601e-07
-3.06117e-10
3.58637e-07
-2.74884e-10
3.58669e-07
-2.44949e-10
3.58697e-07
-2.16914e-10
3.58722e-07
-1.91113e-10
3.58744e-07
-1.67687e-10
3.58764e-07
-1.46643e-10
3.58781e-07
-1.27894e-10
3.58795e-07
-1.11302e-10
3.58808e-07
-9.66927e-11
3.58819e-07
-8.38819e-11
3.58829e-07
-7.26814e-11
3.58837e-07
-6.29094e-11
3.58845e-07
-5.43948e-11
3.58851e-07
-4.69795e-11
3.58856e-07
-4.05205e-11
3.58861e-07
-3.48889e-11
3.58865e-07
-2.99704e-11
3.58868e-07
-2.56638e-11
3.58871e-07
-2.18798e-11
3.58874e-07
-1.85399e-11
3.58876e-07
-1.55748e-11
3.58877e-07
-1.29234e-11
3.58879e-07
-1.05314e-11
3.5888e-07
-8.34993e-12
3.58881e-07
-6.33508e-12
3.58881e-07
-4.44636e-12
3.58882e-07
-2.64613e-12
3.58882e-07
-8.98645e-13
3.58882e-07
8.30661e-13
3.58881e-07
2.57597e-12
3.58881e-07
4.37182e-12
3.5888e-07
6.25388e-12
3.58879e-07
8.25971e-12
3.58877e-07
1.04296e-11
3.58876e-07
1.28075e-11
3.58874e-07
1.5442e-11
3.58871e-07
1.83872e-11
3.58868e-07
2.17042e-11
3.58865e-07
2.5462e-11
3.58861e-07
2.97391e-11
3.58857e-07
3.46246e-11
3.58851e-07
4.02196e-11
3.58845e-07
4.66385e-11
3.58838e-07
5.40096e-11
3.5883e-07
6.24762e-11
3.5882e-07
7.21957e-11
3.58809e-07
8.33389e-11
3.58796e-07
9.60873e-11
3.58782e-07
1.10628e-10
3.58765e-07
1.27146e-10
3.58745e-07
1.45811e-10
3.58723e-07
1.66765e-10
3.58698e-07
1.90092e-10
3.5867e-07
2.15786e-10
3.58638e-07
2.4371e-10
3.58603e-07
2.73533e-10
3.58563e-07
3.04661e-10
3.5852e-07
3.36154e-10
3.58472e-07
3.66629e-10
3.58422e-07
3.94177e-10
3.58369e-07
4.16277e-10
3.58314e-07
4.29768e-10
3.5826e-07
4.30856e-10
3.58208e-07
4.15261e-10
3.58162e-07
3.78379e-10
3.58123e-07
3.15792e-10
3.58097e-07
2.23482e-10
3.58086e-07
9.90332e-11
3.58096e-07
-5.87686e-11
3.5813e-07
-2.46967e-10
3.58191e-07
-4.61917e-10
3.58281e-07
-6.90487e-10
3.58403e-07
-9.24822e-10
3.58553e-07
-1.13412e-09
3.58731e-07
-1.31555e-09
3.58928e-07
-1.40947e-09
3.59156e-07
-1.45453e-09
-1.39356e-09
3.77453e-07
1.57663e-09
3.77232e-07
1.67436e-09
3.7704e-07
1.60708e-09
3.76866e-07
1.49856e-09
3.7672e-07
1.29043e-09
3.76602e-07
1.05356e-09
3.76515e-07
7.88749e-10
3.76456e-07
5.30393e-10
3.76424e-07
2.87128e-10
3.76416e-07
7.36536e-11
3.76427e-07
-1.05743e-10
3.76454e-07
-2.47631e-10
3.76493e-07
-3.53223e-10
3.7654e-07
-4.25159e-10
3.76593e-07
-4.67905e-10
3.76647e-07
-4.86426e-10
3.76702e-07
-4.85912e-10
3.76755e-07
-4.71207e-10
3.76806e-07
-4.46617e-10
3.76853e-07
-4.15737e-10
3.76897e-07
-3.8144e-10
3.76937e-07
-3.45912e-10
3.76973e-07
-3.10735e-10
3.77005e-07
-2.76991e-10
3.77033e-07
-2.45366e-10
3.77058e-07
-2.16243e-10
3.77081e-07
-1.89787e-10
3.771e-07
-1.66008e-10
3.77117e-07
-1.44814e-10
3.77132e-07
-1.26049e-10
3.77144e-07
-1.0952e-10
3.77156e-07
-9.50197e-11
3.77165e-07
-8.23375e-11
3.77174e-07
-7.12691e-11
3.77181e-07
-6.16219e-11
3.77187e-07
-5.32185e-11
3.77193e-07
-4.58974e-11
3.77197e-07
-3.95136e-11
3.77201e-07
-3.3938e-11
3.77205e-07
-2.90563e-11
3.77207e-07
-2.47676e-11
3.7721e-07
-2.09829e-11
3.77212e-07
-1.76238e-11
3.77214e-07
-1.4621e-11
3.77215e-07
-1.19128e-11
3.77216e-07
-9.44387e-12
3.77217e-07
-7.16423e-12
3.77217e-07
-5.02793e-12
3.77218e-07
-2.99218e-12
3.77218e-07
-1.01637e-12
3.77218e-07
9.38773e-13
3.77217e-07
2.9121e-12
3.77217e-07
4.94286e-12
3.77216e-07
7.07157e-12
3.77215e-07
9.34092e-12
3.77214e-07
1.17967e-11
3.77212e-07
1.44888e-11
3.7721e-07
1.74724e-11
3.77208e-07
2.08088e-11
3.77205e-07
2.45674e-11
3.77201e-07
2.88264e-11
3.77197e-07
3.36744e-11
3.77193e-07
3.92123e-11
3.77187e-07
4.55542e-11
3.77181e-07
5.28291e-11
3.77174e-07
6.11817e-11
3.77166e-07
7.07731e-11
3.77156e-07
8.17805e-11
3.77145e-07
9.43959e-11
3.77132e-07
1.08823e-10
3.77118e-07
1.25271e-10
3.77101e-07
1.43948e-10
3.77082e-07
1.65045e-10
3.7706e-07
1.88717e-10
3.77035e-07
2.15057e-10
3.77006e-07
2.44056e-10
3.76975e-07
2.75552e-10
3.76939e-07
3.09167e-10
3.76899e-07
3.44224e-10
3.76856e-07
3.79657e-10
3.76809e-07
4.13901e-10
3.76758e-07
4.448e-10
3.76705e-07
4.69512e-10
3.7665e-07
4.84483e-10
3.76596e-07
4.85452e-10
3.76544e-07
4.6762e-10
3.76497e-07
4.25832e-10
3.76457e-07
3.55135e-10
3.7643e-07
2.51039e-10
3.76418e-07
1.10822e-10
3.76426e-07
-6.68756e-11
3.76457e-07
-2.78826e-10
3.76515e-07
-5.20995e-10
3.76602e-07
-7.789e-10
3.76719e-07
-1.04408e-09
3.76864e-07
-1.28212e-09
3.77037e-07
-1.49213e-09
3.77229e-07
-1.60279e-09
3.7745e-07
-1.67197e-09
-1.57502e-09
3.95187e-07
1.75113e-09
3.94975e-07
1.88343e-09
3.9479e-07
1.79372e-09
3.94622e-07
1.66895e-09
3.94483e-07
1.43294e-09
3.9437e-07
1.16808e-09
3.94287e-07
8.7324e-10
3.94232e-07
5.86327e-10
3.94203e-07
3.16553e-10
3.94197e-07
7.99191e-11
3.94211e-07
-1.189e-10
3.94239e-07
-2.76201e-10
3.94279e-07
-3.93323e-10
3.94327e-07
-4.73194e-10
3.9438e-07
-5.20732e-10
3.94434e-07
-5.41414e-10
3.94489e-07
-5.40969e-10
3.94543e-07
-5.24751e-10
3.94594e-07
-4.97522e-10
3.94641e-07
-4.6327e-10
3.94685e-07
-4.25185e-10
3.94725e-07
-3.85698e-10
3.9476e-07
-3.46574e-10
3.94792e-07
-3.0902e-10
3.94821e-07
-2.73806e-10
3.94846e-07
-2.41364e-10
3.94868e-07
-2.1188e-10
3.94887e-07
-1.85369e-10
3.94904e-07
-1.6173e-10
3.94919e-07
-1.40794e-10
3.94932e-07
-1.22346e-10
3.94943e-07
-1.06157e-10
3.94953e-07
-9.19934e-11
3.94961e-07
-7.96286e-11
3.94968e-07
-6.88489e-11
3.94975e-07
-5.94571e-11
3.9498e-07
-5.12737e-11
3.94985e-07
-4.41374e-11
3.94989e-07
-3.79045e-11
3.94992e-07
-3.24475e-11
3.94995e-07
-2.76539e-11
3.94997e-07
-2.34243e-11
3.94999e-07
-1.96712e-11
3.95001e-07
-1.63171e-11
3.95002e-07
-1.32928e-11
3.95004e-07
-1.05366e-11
3.95004e-07
-7.99244e-12
3.95005e-07
-5.60882e-12
3.95005e-07
-3.33783e-12
3.95005e-07
-1.134e-12
3.95005e-07
1.04668e-12
3.95005e-07
3.24772e-12
3.95004e-07
5.5131e-12
3.95004e-07
7.8882e-12
3.95003e-07
1.04208e-11
3.95001e-07
1.31623e-11
3.94999e-07
1.61685e-11
3.94997e-07
1.9501e-11
3.94995e-07
2.32287e-11
3.94992e-07
2.7429e-11
3.94989e-07
3.21892e-11
3.94985e-07
3.76083e-11
3.9498e-07
4.37988e-11
3.94975e-07
5.08877e-11
3.94969e-07
5.90188e-11
3.94962e-07
6.83529e-11
3.94953e-07
7.90691e-11
3.94944e-07
9.13642e-11
3.94933e-07
1.05451e-10
3.9492e-07
1.21556e-10
3.94905e-07
1.39911e-10
3.94888e-07
1.60746e-10
3.94869e-07
1.84272e-10
3.94847e-07
2.1066e-10
3.94822e-07
2.4001e-10
3.94794e-07
2.7231e-10
3.94762e-07
3.07376e-10
3.94726e-07
3.44784e-10
3.94687e-07
3.83775e-10
3.94643e-07
4.23157e-10
3.94596e-07
4.61187e-10
3.94546e-07
4.95467e-10
3.94492e-07
5.2284e-10
3.94438e-07
5.39366e-10
3.94383e-07
5.40327e-10
3.9433e-07
5.20415e-10
3.94282e-07
4.73936e-10
3.94242e-07
3.9542e-10
3.94214e-07
2.79915e-10
3.942e-07
1.24403e-10
3.94206e-07
-7.26113e-11
3.94234e-07
-3.07639e-10
3.94288e-07
-5.76263e-10
3.9437e-07
-8.62701e-10
3.94482e-07
-1.15793e-09
3.94621e-07
-1.42401e-09
3.94788e-07
-1.66198e-09
3.94972e-07
-1.789e-09
3.95184e-07
-1.88074e-09
-1.74934e-09
4.12366e-07
1.91728e-09
4.12164e-07
2.08247e-09
4.11987e-07
1.97192e-09
4.11828e-07
1.83141e-09
4.11695e-07
1.56828e-09
4.11589e-07
1.27623e-09
4.11511e-07
9.52281e-10
4.1146e-07
6.37729e-10
4.11435e-07
3.42321e-10
4.11432e-07
8.33102e-11
4.11447e-07
-1.34256e-10
4.11478e-07
-3.06412e-10
4.11519e-07
-4.34615e-10
4.11567e-07
-5.22069e-10
4.11621e-07
-5.74132e-10
4.11676e-07
-5.96779e-10
4.11731e-07
-5.96261e-10
4.11785e-07
-5.78429e-10
4.11835e-07
-5.48496e-10
4.11883e-07
-5.10829e-10
4.11927e-07
-4.68929e-10
4.11966e-07
-4.25469e-10
4.12002e-07
-3.82389e-10
4.12034e-07
-3.41024e-10
4.12063e-07
-3.02222e-10
4.12088e-07
-2.66462e-10
4.1211e-07
-2.33952e-10
4.12129e-07
-2.04712e-10
4.12146e-07
-1.78633e-10
4.12161e-07
-1.55527e-10
4.12174e-07
-1.35162e-10
4.12185e-07
-1.17286e-10
4.12195e-07
-1.01643e-10
4.12203e-07
-8.79823e-11
4.1221e-07
-7.60708e-11
4.12216e-07
-6.5691e-11
4.12222e-07
-5.66457e-11
4.12226e-07
-4.87572e-11
4.1223e-07
-4.18671e-11
4.12234e-07
-3.5835e-11
4.12237e-07
-3.05367e-11
4.12239e-07
-2.58625e-11
4.12241e-07
-2.17157e-11
4.12243e-07
-1.80105e-11
4.12244e-07
-1.46705e-11
4.12245e-07
-1.16274e-11
4.12246e-07
-8.81911e-12
4.12247e-07
-6.1886e-12
4.12247e-07
-3.68283e-12
4.12247e-07
-1.25145e-12
4.12247e-07
1.15429e-12
4.12247e-07
3.58258e-12
4.12246e-07
6.08211e-12
4.12245e-07
8.70316e-12
4.12244e-07
1.14987e-11
4.12243e-07
1.45254e-11
4.12241e-07
1.78453e-11
4.12239e-07
2.15265e-11
4.12237e-07
2.56452e-11
4.12234e-07
3.02868e-11
4.12231e-07
3.55479e-11
4.12227e-07
4.15379e-11
4.12222e-07
4.83807e-11
4.12217e-07
5.62164e-11
4.12211e-07
6.52033e-11
4.12203e-07
7.55183e-11
4.12195e-07
8.73585e-11
4.12185e-07
1.0094e-10
4.12174e-07
1.16497e-10
4.12162e-07
1.34278e-10
4.12147e-07
1.54537e-10
4.1213e-07
1.77527e-10
4.12111e-07
2.03479e-10
4.12089e-07
2.32579e-10
4.12064e-07
2.64937e-10
4.12036e-07
3.00536e-10
4.12004e-07
3.39172e-10
4.11968e-07
3.80374e-10
4.11929e-07
4.23305e-10
4.11885e-07
4.6665e-10
4.11838e-07
5.08493e-10
4.11788e-07
5.46195e-10
4.11734e-07
5.76296e-10
4.11679e-07
5.94475e-10
4.11624e-07
5.95569e-10
4.11571e-07
5.73773e-10
4.11522e-07
5.22867e-10
4.11481e-07
4.3688e-10
4.11451e-07
3.10413e-10
4.11435e-07
1.40161e-10
4.11437e-07
-7.55016e-11
4.11462e-07
-3.32829e-10
4.11512e-07
-6.27036e-10
4.11589e-07
-9.41093e-10
4.11694e-07
-1.26544e-09
4.11826e-07
-1.55875e-09
4.11985e-07
-1.82394e-09
4.12162e-07
-1.96679e-09
4.12364e-07
-2.07951e-09
-1.91534e-09
4.28993e-07
2.07403e-09
4.28802e-07
2.27031e-09
4.28635e-07
2.14048e-09
4.28484e-07
1.98482e-09
4.2836e-07
1.69543e-09
4.28261e-07
1.37711e-09
4.28189e-07
1.0251e-09
4.28144e-07
6.83935e-10
4.28123e-07
3.63875e-10
4.28123e-07
8.33655e-11
4.28141e-07
-1.52187e-10
4.28173e-07
-3.38562e-10
4.28216e-07
-4.77328e-10
4.28265e-07
-5.71959e-10
4.28319e-07
-6.28233e-10
4.28375e-07
-6.52608e-10
4.2843e-07
-6.51846e-10
4.28484e-07
-6.32279e-10
4.28535e-07
-5.99557e-10
4.28583e-07
-5.5842e-10
4.28626e-07
-5.12672e-10
4.28666e-07
-4.65217e-10
4.28702e-07
-4.18172e-10
4.28734e-07
-3.72991e-10
4.28762e-07
-3.30601e-10
4.28787e-07
-2.91526e-10
4.28809e-07
-2.55994e-10
4.28829e-07
-2.24028e-10
4.28846e-07
-1.95511e-10
4.2886e-07
-1.7024e-10
4.28873e-07
-1.47962e-10
4.28884e-07
-1.28401e-10
4.28894e-07
-1.11279e-10
4.28902e-07
-9.6325e-11
4.28909e-07
-8.32829e-11
4.28916e-07
-7.19163e-11
4.28921e-07
-6.20098e-11
4.28926e-07
-5.33698e-11
4.2893e-07
-4.58232e-11
4.28933e-07
-3.92165e-11
4.28936e-07
-3.3414e-11
4.28938e-07
-2.82958e-11
4.2894e-07
-2.37557e-11
4.28942e-07
-1.97e-11
4.28943e-07
-1.6045e-11
4.28944e-07
-1.27156e-11
4.28945e-07
-9.64367e-12
4.28946e-07
-6.76687e-12
4.28946e-07
-4.02695e-12
4.28946e-07
-1.36864e-12
4.28946e-07
1.26154e-12
4.28946e-07
3.91644e-12
4.28945e-07
6.6495e-12
4.28945e-07
9.51588e-12
4.28943e-07
1.25737e-11
4.28942e-07
1.58851e-11
4.2894e-07
1.95181e-11
4.28938e-07
2.35474e-11
4.28936e-07
2.80564e-11
4.28933e-07
3.31389e-11
4.2893e-07
3.89004e-11
4.28926e-07
4.54606e-11
4.28921e-07
5.2955e-11
4.28916e-07
6.15367e-11
4.2891e-07
7.13784e-11
4.28903e-07
8.26732e-11
4.28894e-07
9.5636e-11
4.28885e-07
1.10502e-10
4.28874e-07
1.27528e-10
4.28861e-07
1.46981e-10
4.28846e-07
1.69142e-10
4.2883e-07
1.94283e-10
4.2881e-07
2.22656e-10
4.28789e-07
2.54465e-10
4.28764e-07
2.89827e-10
4.28735e-07
3.28723e-10
4.28704e-07
3.70928e-10
4.28668e-07
4.15927e-10
4.28629e-07
4.62808e-10
4.28585e-07
5.10137e-10
4.28538e-07
5.55826e-10
4.28487e-07
5.97006e-10
4.28434e-07
6.29916e-10
4.28378e-07
6.49869e-10
4.28323e-07
6.51265e-10
4.28269e-07
6.27818e-10
4.28219e-07
5.72798e-10
4.28176e-07
4.79744e-10
4.28144e-07
3.42826e-10
4.28126e-07
1.58465e-10
4.28125e-07
-7.50876e-11
4.28146e-07
-3.5384e-10
4.2819e-07
-6.72652e-10
4.28261e-07
-1.0133e-09
4.2836e-07
-1.36572e-09
4.28484e-07
-1.68536e-09
4.28634e-07
-1.97687e-09
4.28801e-07
-2.13495e-09
4.28992e-07
-2.26709e-09
-2.07196e-09
4.45073e-07
2.22043e-09
4.44895e-07
2.44585e-09
4.44738e-07
2.29825e-09
4.44597e-07
2.12807e-09
4.44481e-07
1.81344e-09
4.4439e-07
1.46987e-09
4.44326e-07
1.09095e-09
4.44286e-07
7.24307e-10
4.4427e-07
3.8068e-10
4.44274e-07
7.96407e-11
4.44295e-07
-1.73052e-10
4.44329e-07
-3.72937e-10
4.44373e-07
-5.21687e-10
4.44424e-07
-6.23032e-10
4.44479e-07
-6.83158e-10
4.44535e-07
-7.08991e-10
4.44591e-07
-7.07783e-10
4.44645e-07
-6.86338e-10
4.44696e-07
-6.50728e-10
4.44743e-07
-6.06053e-10
4.44787e-07
-5.56412e-10
4.44827e-07
-5.04938e-10
4.44863e-07
-4.53915e-10
4.44895e-07
-4.04912e-10
4.44923e-07
-3.58933e-10
4.44948e-07
-3.16544e-10
4.4497e-07
-2.77994e-10
4.44989e-07
-2.43307e-10
4.45006e-07
-2.12358e-10
4.45021e-07
-1.84925e-10
4.45034e-07
-1.60736e-10
4.45045e-07
-1.39494e-10
4.45054e-07
-1.20897e-10
4.45063e-07
-1.04652e-10
4.4507e-07
-9.0481e-11
4.45076e-07
-7.81291e-11
4.45081e-07
-6.73629e-11
4.45086e-07
-5.79725e-11
4.4509e-07
-4.97704e-11
4.45093e-07
-4.25901e-11
4.45096e-07
-3.62842e-11
4.45099e-07
-3.07226e-11
4.45101e-07
-2.57902e-11
4.45102e-07
-2.13847e-11
4.45104e-07
-1.74153e-11
4.45105e-07
-1.38003e-11
4.45106e-07
-1.04656e-11
4.45106e-07
-7.34328e-12
4.45107e-07
-4.36996e-12
4.45107e-07
-1.4855e-12
4.45107e-07
1.36833e-12
4.45106e-07
4.24908e-12
4.45106e-07
7.2149e-12
4.45105e-07
1.03258e-11
4.45104e-07
1.36451e-11
4.45102e-07
1.72405e-11
4.45101e-07
2.11858e-11
4.45099e-07
2.55624e-11
4.45096e-07
3.0461e-11
4.45094e-07
3.59835e-11
4.4509e-07
4.22445e-11
4.45086e-07
4.9374e-11
4.45082e-07
5.75189e-11
4.45076e-07
6.68454e-11
4.4507e-07
7.75404e-11
4.45063e-07
8.98133e-11
4.45055e-07
1.03897e-10
4.45045e-07
1.20045e-10
4.45034e-07
1.38535e-10
4.45022e-07
1.59659e-10
4.45007e-07
1.83717e-10
4.4499e-07
2.11005e-10
4.44971e-07
2.41795e-10
4.44949e-07
2.76307e-10
4.44924e-07
3.14669e-10
4.44896e-07
3.56858e-10
4.44864e-07
4.02633e-10
4.44829e-07
4.51435e-10
4.44789e-07
5.02279e-10
4.44746e-07
5.53617e-10
4.44699e-07
6.03194e-10
4.44648e-07
6.47917e-10
4.44594e-07
6.83737e-10
4.44539e-07
7.05605e-10
4.44482e-07
7.07502e-10
4.44428e-07
6.82673e-10
4.44377e-07
6.23894e-10
4.44333e-07
5.24231e-10
4.44298e-07
3.7744e-10
4.44277e-07
1.79674e-10
4.44272e-07
-7.09273e-11
4.44288e-07
-3.70139e-10
4.44327e-07
-7.12475e-10
4.44391e-07
-1.07859e-09
4.44482e-07
-1.45793e-09
4.44597e-07
-1.80286e-09
4.44737e-07
-2.11968e-09
4.44894e-07
-2.29236e-09
4.45072e-07
-2.4424e-09
-2.21824e-09
4.6061e-07
2.35563e-09
4.60445e-07
2.60811e-09
4.603e-07
2.44418e-09
4.6017e-07
2.26014e-09
4.60064e-07
1.92139e-09
4.59982e-07
1.55368e-09
4.59924e-07
1.14913e-09
4.59891e-07
7.58236e-10
4.5988e-07
3.92222e-10
4.59888e-07
7.17109e-11
4.59913e-07
-1.97197e-10
4.59949e-07
-4.09813e-10
4.59995e-07
-5.67905e-10
4.60048e-07
-6.75451e-10
4.60103e-07
-7.39027e-10
4.6016e-07
-7.66012e-10
4.60217e-07
-7.64131e-10
4.60271e-07
-7.40642e-10
4.60322e-07
-7.02028e-10
4.6037e-07
-6.53737e-10
4.60413e-07
-6.00154e-10
4.60453e-07
-5.44629e-10
4.60489e-07
-4.8961e-10
4.60521e-07
-4.36778e-10
4.60549e-07
-3.87208e-10
4.60574e-07
-3.41508e-10
4.60596e-07
-2.99944e-10
4.60615e-07
-2.62541e-10
4.60632e-07
-2.29164e-10
4.60647e-07
-1.99575e-10
4.60659e-07
-1.73481e-10
4.6067e-07
-1.50561e-10
4.6068e-07
-1.30492e-10
4.60688e-07
-1.12958e-10
4.60696e-07
-9.76613e-11
4.60702e-07
-8.43262e-11
4.60707e-07
-7.2702e-11
4.60712e-07
-6.25627e-11
4.60716e-07
-5.37064e-11
4.60719e-07
-4.59537e-11
4.60722e-07
-3.91456e-11
4.60724e-07
-3.31417e-11
4.60726e-07
-2.78178e-11
4.60728e-07
-2.30635e-11
4.60729e-07
-1.87807e-11
4.6073e-07
-1.4881e-11
4.60731e-07
-1.12844e-11
4.60732e-07
-7.91749e-12
4.60732e-07
-4.71168e-12
4.60732e-07
-1.60197e-12
4.60732e-07
1.47461e-12
4.60732e-07
4.58028e-12
4.60731e-07
7.77794e-12
4.6073e-07
1.11325e-11
4.60729e-07
1.47123e-11
4.60728e-07
1.85907e-11
4.60726e-07
2.28474e-11
4.60724e-07
2.75704e-11
4.60722e-07
3.28576e-11
4.60719e-07
3.88189e-11
4.60716e-07
4.55783e-11
4.60712e-07
5.32758e-11
4.60707e-07
6.20698e-11
4.60702e-07
7.21394e-11
4.60696e-07
8.3686e-11
4.60689e-07
9.69347e-11
4.6068e-07
1.12136e-10
4.60671e-07
1.29564e-10
4.6066e-07
1.49515e-10
4.60647e-07
1.72304e-10
4.60633e-07
1.98254e-10
4.60616e-07
2.27684e-10
4.60597e-07
2.60885e-10
4.60575e-07
2.98096e-10
4.6055e-07
3.39453e-10
4.60522e-07
3.84933e-10
4.60491e-07
4.34279e-10
4.60455e-07
4.86892e-10
4.60416e-07
5.41715e-10
4.60372e-07
5.97091e-10
4.60325e-07
6.50606e-10
4.60274e-07
6.98951e-10
4.6022e-07
7.37793e-10
4.60164e-07
7.6174e-10
4.60107e-07
7.64364e-10
4.60052e-07
7.38456e-10
4.59999e-07
6.76316e-10
4.59953e-07
5.70553e-10
4.59916e-07
4.14526e-10
4.59892e-07
2.04131e-10
4.59883e-07
-6.25979e-11
4.59894e-07
-3.81215e-10
4.59926e-07
-7.45897e-10
4.59983e-07
-1.13624e-09
4.60065e-07
-1.54124e-09
4.6017e-07
-1.91034e-09
4.603e-07
-2.25134e-09
4.60444e-07
-2.43795e-09
4.60609e-07
-2.60445e-09
-2.35333e-09
4.75608e-07
2.47884e-09
4.75458e-07
2.7562e-09
4.75325e-07
2.57727e-09
4.75207e-07
2.38004e-09
4.75112e-07
2.0184e-09
4.75039e-07
1.62777e-09
4.7499e-07
1.19895e-09
4.74964e-07
7.85143e-10
4.74959e-07
3.98013e-10
4.74971e-07
5.91721e-11
4.74999e-07
-2.2495e-10
4.75039e-07
-4.49452e-10
4.75087e-07
-6.16188e-10
4.75141e-07
-7.29373e-10
4.75198e-07
-7.95957e-10
4.75255e-07
-8.23754e-10
4.75312e-07
-8.20946e-10
4.75366e-07
-7.95228e-10
4.75418e-07
-7.53479e-10
4.75465e-07
-7.01484e-10
4.75509e-07
-6.43899e-10
4.75549e-07
-5.84288e-10
4.75584e-07
-5.25253e-10
4.75616e-07
-4.68582e-10
4.75644e-07
-4.15419e-10
4.75669e-07
-3.6641e-10
4.75691e-07
-3.21836e-10
4.7571e-07
-2.81723e-10
4.75727e-07
-2.45923e-10
4.75742e-07
-2.14183e-10
4.75755e-07
-1.86189e-10
4.75766e-07
-1.61597e-10
4.75775e-07
-1.4006e-10
4.75783e-07
-1.2124e-10
4.75791e-07
-1.0482e-10
4.75797e-07
-9.05045e-11
4.75802e-07
-7.80245e-11
4.75807e-07
-6.71382e-11
4.75811e-07
-5.76293e-11
4.75814e-07
-4.93056e-11
4.75817e-07
-4.19967e-11
4.75819e-07
-3.55518e-11
4.75821e-07
-2.98375e-11
4.75823e-07
-2.47356e-11
4.75824e-07
-2.01404e-11
4.75825e-07
-1.59571e-11
4.75826e-07
-1.20997e-11
4.75827e-07
-8.48918e-12
4.75827e-07
-5.05193e-12
4.75827e-07
-1.718e-12
4.75827e-07
1.5803e-12
4.75827e-07
4.90987e-12
4.75826e-07
8.33833e-12
4.75825e-07
1.19355e-11
4.75824e-07
1.57748e-11
4.75823e-07
1.99351e-11
4.75821e-07
2.4502e-11
4.75819e-07
2.95702e-11
4.75817e-07
3.52448e-11
4.75814e-07
4.16437e-11
4.75811e-07
4.89e-11
4.75807e-07
5.7164e-11
4.75802e-07
6.66055e-11
4.75797e-07
7.74162e-11
4.75791e-07
8.98119e-11
4.75784e-07
1.04034e-10
4.75776e-07
1.2035e-10
4.75766e-07
1.39053e-10
4.75755e-07
1.60462e-10
4.75743e-07
1.84911e-10
4.75728e-07
2.12748e-10
4.75711e-07
2.44313e-10
4.75692e-07
2.7992e-10
4.75671e-07
3.19824e-10
4.75646e-07
3.64171e-10
4.75618e-07
4.12941e-10
4.75586e-07
4.65859e-10
4.75551e-07
5.22291e-10
4.75511e-07
5.81113e-10
4.75468e-07
6.40563e-10
4.75421e-07
6.98074e-10
4.7537e-07
7.50127e-10
4.75315e-07
7.92121e-10
4.75259e-07
8.1833e-10
4.75201e-07
8.21932e-10
4.75145e-07
7.95281e-10
4.75091e-07
7.30218e-10
4.75043e-07
6.18914e-10
4.75003e-07
4.54346e-10
4.74975e-07
2.32162e-10
4.74962e-07
-4.96977e-11
4.74967e-07
-3.86582e-10
4.74993e-07
-7.72341e-10
4.75041e-07
-1.18559e-09
4.75113e-07
-1.61487e-09
4.75208e-07
-2.00692e-09
4.75325e-07
-2.37087e-09
4.75457e-07
-2.57074e-09
4.75608e-07
-2.75234e-09
-2.47645e-09
4.90073e-07
2.58935e-09
4.89938e-07
2.8893e-09
4.89819e-07
2.69662e-09
4.89714e-07
2.48686e-09
4.8963e-07
2.10365e-09
4.89567e-07
1.69141e-09
4.89528e-07
1.23979e-09
4.89509e-07
8.04482e-10
4.8951e-07
3.97596e-10
4.89527e-07
4.16434e-11
4.89559e-07
-2.56623e-10
4.89602e-07
-4.92102e-10
4.89652e-07
-6.66728e-10
4.89708e-07
-7.84944e-10
4.89766e-07
-8.54056e-10
4.89824e-07
-8.82296e-10
4.89881e-07
-8.78283e-10
4.89936e-07
-8.50133e-10
4.89988e-07
-8.05104e-10
4.90035e-07
-7.49304e-10
4.90079e-07
-6.87652e-10
4.90119e-07
-6.23915e-10
4.90154e-07
-5.6084e-10
4.90186e-07
-5.00319e-10
4.90214e-07
-4.4356e-10
4.90239e-07
-3.91243e-10
4.90261e-07
-3.43663e-10
4.9028e-07
-3.00845e-10
4.90297e-07
-2.6263e-10
4.90311e-07
-2.28745e-10
4.90324e-07
-1.98856e-10
4.90335e-07
-1.72596e-10
4.90345e-07
-1.49595e-10
4.90353e-07
-1.29495e-10
4.9036e-07
-1.11955e-10
4.90366e-07
-9.66614e-11
4.90371e-07
-8.3328e-11
4.90376e-07
-7.16969e-11
4.9038e-07
-6.15375e-11
4.90383e-07
-5.26445e-11
4.90386e-07
-4.48362e-11
4.90388e-07
-3.79516e-11
4.9039e-07
-3.18484e-11
4.90392e-07
-2.64001e-11
4.90393e-07
-2.14938e-11
4.90395e-07
-1.70281e-11
4.90395e-07
-1.2911e-11
4.90396e-07
-9.0581e-12
4.90396e-07
-5.39054e-12
4.90396e-07
-1.83353e-12
4.90396e-07
1.68535e-12
4.90396e-07
5.23767e-12
4.90395e-07
8.89578e-12
4.90395e-07
1.27343e-11
4.90394e-07
1.6832e-11
4.90392e-07
2.12729e-11
4.90391e-07
2.61489e-11
4.90389e-07
3.15609e-11
4.90386e-07
3.76215e-11
4.90383e-07
4.44566e-11
4.9038e-07
5.22082e-11
4.90376e-07
6.10369e-11
4.90372e-07
7.11237e-11
4.90366e-07
8.26733e-11
4.9036e-07
9.59156e-11
4.90353e-07
1.11108e-10
4.90345e-07
1.28535e-10
4.90336e-07
1.4851e-10
4.90325e-07
1.71371e-10
4.90312e-07
1.97476e-10
4.90298e-07
2.27193e-10
4.90281e-07
2.60888e-10
4.90262e-07
2.98894e-10
4.9024e-07
3.41483e-10
4.90216e-07
3.88816e-10
4.90188e-07
4.40873e-10
4.90156e-07
4.97367e-10
4.90121e-07
5.57629e-10
4.90082e-07
6.20473e-10
4.90038e-07
6.84035e-10
4.89991e-07
7.45606e-10
4.89939e-07
8.01467e-10
4.89885e-07
8.46756e-10
4.89828e-07
8.75427e-10
4.8977e-07
8.80283e-10
4.89712e-07
8.53255e-10
4.89656e-07
7.85746e-10
4.89606e-07
6.69504e-10
4.89563e-07
4.97143e-10
4.89531e-07
2.64075e-10
4.89513e-07
-3.18479e-11
4.89512e-07
-3.85783e-10
4.8953e-07
-7.91263e-10
4.8957e-07
-1.22601e-09
4.89632e-07
-1.67809e-09
4.89715e-07
-2.09178e-09
4.8982e-07
-2.47736e-09
4.89938e-07
-2.68981e-09
4.90074e-07
-2.88527e-09
-2.58689e-09
5.04011e-07
2.68653e-09
5.03891e-07
3.00667e-09
5.03787e-07
2.80139e-09
5.03695e-07
2.57974e-09
5.03624e-07
2.17636e-09
5.03572e-07
1.74389e-09
5.03542e-07
1.27105e-09
5.03531e-07
8.15744e-10
5.03538e-07
3.9054e-10
5.03561e-07
1.87686e-11
5.03597e-07
-2.92504e-10
5.03643e-07
-5.37996e-10
5.03696e-07
-7.19709e-10
5.03753e-07
-8.42306e-10
5.03813e-07
-9.1343e-10
5.03872e-07
-9.41713e-10
5.0393e-07
-9.36194e-10
5.03985e-07
-9.0539e-10
5.04037e-07
-8.56923e-10
5.04084e-07
-7.9721e-10
5.04128e-07
-7.31419e-10
5.04168e-07
-6.63509e-10
5.04203e-07
-5.96369e-10
5.04235e-07
-5.31985e-10
5.04263e-07
-4.71625e-10
5.04288e-07
-4.16001e-10
5.0431e-07
-3.65421e-10
5.04329e-07
-3.19903e-10
5.04345e-07
-2.79278e-10
5.0436e-07
-2.43256e-10
5.04373e-07
-2.11477e-10
5.04384e-07
-1.83555e-10
5.04393e-07
-1.59097e-10
5.04401e-07
-1.37719e-10
5.04408e-07
-1.19063e-10
5.04415e-07
-1.02795e-10
5.0442e-07
-8.86108e-11
5.04424e-07
-7.62373e-11
5.04428e-07
-6.54293e-11
5.04432e-07
-5.59689e-11
5.04434e-07
-4.7663e-11
5.04437e-07
-4.03404e-11
5.04439e-07
-3.38498e-11
5.0444e-07
-2.80564e-11
5.04442e-07
-2.28403e-11
5.04443e-07
-1.80935e-11
5.04444e-07
-1.37181e-11
5.04444e-07
-9.624e-12
5.04445e-07
-5.72737e-12
5.04445e-07
-1.94852e-12
5.04445e-07
1.7897e-12
5.04444e-07
5.56353e-12
5.04444e-07
9.45004e-12
5.04443e-07
1.35288e-11
5.04442e-07
1.78834e-11
5.0444e-07
2.26037e-11
5.04439e-07
2.77873e-11
5.04437e-07
3.35418e-11
5.04435e-07
3.99867e-11
5.04432e-07
4.72563e-11
5.04428e-07
5.55015e-11
5.04425e-07
6.48928e-11
5.0442e-07
7.56229e-11
5.04415e-07
8.79088e-11
5.04409e-07
1.01995e-10
5.04402e-07
1.18154e-10
5.04394e-07
1.36688e-10
5.04384e-07
1.5793e-10
5.04373e-07
1.82238e-10
5.04361e-07
2.09992e-10
5.04346e-07
2.41585e-10
5.0433e-07
2.77402e-10
5.04311e-07
3.178e-10
5.04289e-07
3.63069e-10
5.04265e-07
4.13384e-10
5.04237e-07
4.68726e-10
5.04205e-07
5.28799e-10
5.0417e-07
5.92903e-10
5.04131e-07
6.59794e-10
5.04087e-07
7.27514e-10
5.0404e-07
7.93216e-10
5.03988e-07
8.52991e-10
5.03933e-07
9.01732e-10
5.03876e-07
9.33084e-10
5.03817e-07
9.39491e-10
5.03758e-07
9.12482e-10
5.03701e-07
8.43038e-10
5.03648e-07
7.22505e-10
5.03602e-07
5.4315e-10
5.03566e-07
3.00159e-10
5.03542e-07
-8.69462e-12
5.03534e-07
-3.78392e-10
5.03545e-07
-8.02157e-10
5.03575e-07
-1.25688e-09
5.03626e-07
-1.7302e-09
5.03697e-07
-2.16416e-09
5.03788e-07
-2.56994e-09
5.03892e-07
-2.79434e-09
5.04012e-07
-3.00249e-09
-2.68399e-09
5.17426e-07
2.76977e-09
5.17323e-07
3.10762e-09
5.17234e-07
2.8908e-09
5.17157e-07
2.65788e-09
5.17098e-07
2.23583e-09
5.17058e-07
1.78459e-09
5.17038e-07
1.29218e-09
5.17035e-07
8.18458e-10
5.1705e-07
3.76451e-10
5.17079e-07
-9.78135e-12
5.17119e-07
-3.32864e-10
5.17168e-07
-5.87348e-10
5.17224e-07
-7.753e-10
5.17283e-07
-9.01587e-10
5.17344e-07
-9.74176e-10
5.17404e-07
-1.00208e-09
5.17462e-07
-9.94728e-10
5.17518e-07
-9.61034e-10
5.1757e-07
-9.08958e-10
5.17618e-07
-8.45214e-10
5.17662e-07
-7.75205e-10
5.17701e-07
-7.03073e-10
5.17737e-07
-6.31838e-10
5.17768e-07
-5.63577e-10
5.17796e-07
-4.99611e-10
5.17821e-07
-4.40682e-10
5.17843e-07
-3.87104e-10
5.17862e-07
-3.38893e-10
5.17878e-07
-2.95866e-10
5.17893e-07
-2.57712e-10
5.17905e-07
-2.24051e-10
5.17916e-07
-1.94473e-10
5.17926e-07
-1.6856e-10
5.17934e-07
-1.45911e-10
5.17941e-07
-1.26142e-10
5.17947e-07
-1.08903e-10
5.17952e-07
-9.38711e-11
5.17957e-07
-8.07578e-11
5.17961e-07
-6.93036e-11
5.17964e-07
-5.92779e-11
5.17967e-07
-5.04762e-11
5.17969e-07
-4.27173e-11
5.17971e-07
-3.58408e-11
5.17973e-07
-2.9704e-11
5.17974e-07
-2.41795e-11
5.17975e-07
-1.9153e-11
5.17976e-07
-1.45206e-11
5.17977e-07
-1.01867e-11
5.17977e-07
-6.06232e-12
5.17977e-07
-2.06294e-12
5.17977e-07
1.89331e-12
5.17977e-07
5.88733e-12
5.17976e-07
1.00009e-11
5.17975e-07
1.43184e-11
5.17974e-07
1.89287e-11
5.17973e-07
2.39269e-11
5.17971e-07
2.94167e-11
5.17969e-07
3.5512e-11
5.17967e-07
4.23397e-11
5.17964e-07
5.0042e-11
5.17961e-07
5.87788e-11
5.17957e-07
6.87307e-11
5.17953e-07
8.01015e-11
5.17948e-07
9.3121e-11
5.17941e-07
1.08048e-10
5.17934e-07
1.2517e-10
5.17926e-07
1.44807e-10
5.17917e-07
1.67311e-10
5.17906e-07
1.93061e-10
5.17894e-07
2.22459e-10
5.17879e-07
2.55919e-10
5.17863e-07
2.93851e-10
5.17844e-07
3.36634e-10
5.17822e-07
3.84578e-10
5.17798e-07
4.37868e-10
5.1777e-07
4.96495e-10
5.17739e-07
5.60152e-10
5.17704e-07
6.28112e-10
5.17664e-07
6.99078e-10
5.17621e-07
7.71004e-10
5.17573e-07
8.40914e-10
5.17521e-07
9.0472e-10
5.17466e-07
9.5708e-10
5.17408e-07
9.91349e-10
5.17348e-07
9.99626e-10
5.17288e-07
9.73057e-10
5.17229e-07
9.02223e-10
5.17173e-07
7.78083e-10
5.17124e-07
5.92578e-10
5.17083e-07
3.4068e-10
5.17054e-07
2.00894e-11
5.1704e-07
-3.64015e-10
5.17041e-07
-8.04552e-10
5.17061e-07
-1.27768e-09
5.17101e-07
-1.77058e-09
5.17159e-07
-2.22333e-09
5.17236e-07
-2.64784e-09
5.17325e-07
-2.88354e-09
5.17428e-07
-3.10331e-09
-2.76718e-09
5.30326e-07
2.83856e-09
5.3024e-07
3.19155e-09
5.30166e-07
2.96416e-09
5.30104e-07
2.72058e-09
5.30059e-07
2.2814e-09
5.30032e-07
1.81291e-09
5.30022e-07
1.30267e-09
5.30028e-07
8.12194e-10
5.3005e-07
3.54966e-10
5.30085e-07
-4.43077e-11
5.3013e-07
-3.77947e-10
5.30183e-07
-6.40358e-10
5.30241e-07
-8.33656e-10
5.30303e-07
-9.62907e-10
5.30365e-07
-1.03638e-09
5.30426e-07
-1.06345e-09
5.30485e-07
-1.05393e-09
5.30541e-07
-1.0171e-09
5.30593e-07
-9.6123e-10
5.30641e-07
-8.93328e-10
5.30685e-07
-8.19017e-10
5.30725e-07
-7.4261e-10
5.3076e-07
-6.6725e-10
5.30791e-07
-5.95095e-10
5.30819e-07
-5.27517e-10
5.30844e-07
-4.65281e-10
5.30866e-07
-4.0871e-10
5.30885e-07
-3.57813e-10
5.30901e-07
-3.12389e-10
5.30916e-07
-2.72111e-10
5.30928e-07
-2.36574e-10
5.30939e-07
-2.05345e-10
5.30948e-07
-1.77985e-10
5.30957e-07
-1.54068e-10
5.30964e-07
-1.33191e-10
5.3097e-07
-1.14984e-10
5.30975e-07
-9.91079e-11
5.30979e-07
-8.52575e-11
5.30983e-07
-7.31595e-11
5.30987e-07
-6.25706e-11
5.30989e-07
-5.32751e-11
5.30992e-07
-4.50818e-11
5.30994e-07
-3.78211e-11
5.30995e-07
-3.13424e-11
5.30997e-07
-2.55111e-11
5.30998e-07
-2.02064e-11
5.30999e-07
-1.53183e-11
5.30999e-07
-1.0746e-11
5.30999e-07
-6.39529e-12
5.31e-07
-2.17676e-12
5.30999e-07
1.99614e-12
5.30999e-07
6.20897e-12
5.30999e-07
1.05482e-11
5.30998e-07
1.51031e-11
5.30997e-07
1.99675e-11
5.30995e-07
2.52422e-11
5.30994e-07
3.10365e-11
5.30992e-07
3.74711e-11
5.30989e-07
4.46798e-11
5.30987e-07
5.28129e-11
5.30983e-07
6.20392e-11
5.3098e-07
7.25494e-11
5.30975e-07
8.45584e-11
5.3097e-07
9.83086e-11
5.30964e-07
1.14072e-10
5.30957e-07
1.32154e-10
5.30949e-07
1.5289e-10
5.3094e-07
1.76652e-10
5.30929e-07
2.03838e-10
5.30916e-07
2.34873e-10
5.30902e-07
2.70194e-10
5.30886e-07
3.10234e-10
5.30867e-07
3.55395e-10
5.30845e-07
4.06006e-10
5.30821e-07
4.62268e-10
5.30793e-07
5.24178e-10
5.30762e-07
5.91424e-10
5.30727e-07
6.63256e-10
5.30688e-07
7.38327e-10
5.30644e-07
8.14513e-10
5.30596e-07
8.88713e-10
5.30544e-07
9.56675e-10
5.30489e-07
1.01283e-09
5.3043e-07
1.05027e-09
5.30369e-07
1.06075e-09
5.30307e-07
1.03507e-09
5.30246e-07
9.63416e-10
5.30188e-07
8.36391e-10
5.30135e-07
6.45625e-10
5.3009e-07
3.85881e-10
5.30055e-07
5.48035e-11
5.30033e-07
-3.42291e-10
5.30026e-07
-7.98019e-10
5.30035e-07
-1.2879e-09
5.30063e-07
-1.79864e-09
5.30107e-07
-2.26866e-09
5.30169e-07
-2.71033e-09
5.30242e-07
-2.95673e-09
5.30328e-07
-3.18713e-09
-2.83592e-09
5.42715e-07
2.89242e-09
5.42647e-07
3.2579e-09
5.4259e-07
3.02084e-09
5.42544e-07
2.76718e-09
5.42513e-07
2.31248e-09
5.42498e-07
1.82834e-09
5.42499e-07
1.30207e-09
5.42515e-07
7.96562e-10
5.42544e-07
3.25758e-10
5.42585e-07
-8.50814e-11
5.42636e-07
-4.27976e-10
5.42692e-07
-6.97201e-10
5.42754e-07
-8.94916e-10
5.42817e-07
-1.02637e-09
5.42881e-07
-1.10013e-09
5.42943e-07
-1.1259e-09
5.43003e-07
-1.11385e-09
5.43059e-07
-1.0736e-09
5.43112e-07
-1.01376e-09
5.4316e-07
-9.41566e-10
5.43204e-07
-8.62864e-10
5.43243e-07
-7.82124e-10
5.43279e-07
-7.02604e-10
5.4331e-07
-6.26538e-10
5.43338e-07
-5.5534e-10
5.43362e-07
-4.89799e-10
5.43384e-07
-4.30238e-10
5.43403e-07
-3.7666e-10
5.43419e-07
-3.28847e-10
5.43434e-07
-2.86451e-10
5.43446e-07
-2.49046e-10
5.43457e-07
-2.16173e-10
5.43466e-07
-1.8737e-10
5.43474e-07
-1.62189e-10
5.43481e-07
-1.40209e-10
5.43488e-07
-1.21038e-10
5.43493e-07
-1.0432e-10
5.43497e-07
-8.97356e-11
5.43501e-07
-7.69963e-11
5.43504e-07
-6.58465e-11
5.43507e-07
-5.60593e-11
5.43509e-07
-4.74333e-11
5.43511e-07
-3.97902e-11
5.43513e-07
-3.29712e-11
5.43514e-07
-2.68347e-11
5.43515e-07
-2.12533e-11
5.43516e-07
-1.61111e-11
5.43517e-07
-1.13019e-11
5.43517e-07
-6.72623e-12
5.43517e-07
-2.28997e-12
5.43517e-07
2.09815e-12
5.43517e-07
6.52836e-12
5.43516e-07
1.10918e-11
5.43516e-07
1.58826e-11
5.43514e-07
2.09997e-11
5.43513e-07
2.65493e-11
5.43512e-07
3.26465e-11
5.4351e-07
3.94186e-11
5.43507e-07
4.70065e-11
5.43505e-07
5.55685e-11
5.43501e-07
6.52823e-11
5.43497e-07
7.63483e-11
5.43493e-07
8.89929e-11
5.43488e-07
1.03471e-10
5.43482e-07
1.20069e-10
5.43475e-07
1.39106e-10
5.43467e-07
1.60936e-10
5.43458e-07
1.8595e-10
5.43447e-07
2.14566e-10
5.43434e-07
2.47232e-10
5.4342e-07
2.84407e-10
5.43404e-07
3.26548e-10
5.43385e-07
3.74079e-10
5.43364e-07
4.27351e-10
5.4334e-07
4.86581e-10
5.43312e-07
5.51775e-10
5.43281e-07
6.22617e-10
5.43246e-07
6.98337e-10
5.43206e-07
7.77546e-10
5.43163e-07
8.58046e-10
5.43115e-07
9.36626e-10
5.43063e-07
1.00887e-09
5.43007e-07
1.06902e-09
5.42947e-07
1.10988e-09
5.42885e-07
1.12293e-09
5.42822e-07
1.0986e-09
5.42759e-07
1.02673e-09
5.42698e-07
8.97569e-10
5.42641e-07
7.02465e-10
5.42591e-07
4.35984e-10
5.42549e-07
9.57167e-11
5.4252e-07
-3.12895e-10
5.42504e-07
-7.82172e-10
5.42502e-07
-1.28708e-09
5.42517e-07
-1.81386e-09
5.42547e-07
-2.29954e-09
5.42593e-07
-2.75675e-09
5.4265e-07
-3.01327e-09
5.42718e-07
-3.25339e-09
-2.88974e-09
5.54601e-07
2.93095e-09
5.54551e-07
3.30617e-09
5.54512e-07
3.06028e-09
5.54482e-07
2.79709e-09
5.54466e-07
2.32855e-09
5.54464e-07
1.8304e-09
5.54476e-07
1.28999e-09
5.54502e-07
7.7122e-10
5.54539e-07
2.88539e-10
5.54586e-07
-1.32342e-10
5.54642e-07
-4.83147e-10
5.54703e-07
-7.58037e-10
5.54767e-07
-9.59206e-10
5.54833e-07
-1.09208e-09
5.54898e-07
-1.16549e-09
5.54961e-07
-1.18947e-09
5.55022e-07
-1.17452e-09
5.55079e-07
-1.13059e-09
5.55131e-07
-1.06656e-09
5.5518e-07
-9.89939e-10
5.55224e-07
-9.06753e-10
5.55263e-07
-8.21621e-10
5.55298e-07
-7.37906e-10
5.5533e-07
-6.57908e-10
5.55358e-07
-5.83084e-10
5.55382e-07
-5.14235e-10
5.55404e-07
-4.51689e-10
5.55422e-07
-3.95435e-10
5.55439e-07
-3.4524e-10
5.55453e-07
-3.00733e-10
5.55465e-07
-2.61465e-10
5.55476e-07
-2.26954e-10
5.55486e-07
-1.96714e-10
5.55494e-07
-1.70275e-10
5.55501e-07
-1.47195e-10
5.55507e-07
-1.27064e-10
5.55512e-07
-1.09508e-10
5.55516e-07
-9.41919e-11
5.5552e-07
-8.08138e-11
5.55523e-07
-6.91054e-11
5.55526e-07
-5.88284e-11
5.55529e-07
-4.97717e-11
5.55531e-07
-4.17479e-11
5.55532e-07
-3.45904e-11
5.55533e-07
-2.81503e-11
5.55534e-07
-2.22937e-11
5.55535e-07
-1.68989e-11
5.55536e-07
-1.18542e-11
5.55536e-07
-7.05509e-12
5.55536e-07
-2.40257e-12
5.55536e-07
2.19933e-12
5.55536e-07
6.84546e-12
5.55535e-07
1.16317e-11
5.55535e-07
1.66568e-11
5.55534e-07
2.20251e-11
5.55532e-07
2.78479e-11
5.55531e-07
3.42465e-11
5.55529e-07
4.13543e-11
5.55526e-07
4.93197e-11
5.55524e-07
5.83085e-11
5.5552e-07
6.85075e-11
5.55517e-07
8.01271e-11
5.55512e-07
9.34046e-11
5.55507e-07
1.08607e-10
5.55501e-07
1.26035e-10
5.55494e-07
1.46024e-10
5.55486e-07
1.68945e-10
5.55477e-07
1.95206e-10
5.55466e-07
2.25247e-10
5.55454e-07
2.59537e-10
5.5544e-07
2.98559e-10
5.55423e-07
3.42793e-10
5.55405e-07
3.92688e-10
5.55384e-07
4.48614e-10
5.55359e-07
5.10808e-10
5.55332e-07
5.79285e-10
5.55301e-07
6.5373e-10
5.55266e-07
7.33358e-10
5.55226e-07
8.1674e-10
5.55183e-07
9.01612e-10
5.55135e-07
9.84663e-10
5.55082e-07
1.06133e-09
5.55026e-07
1.12566e-09
5.54966e-07
1.17023e-09
5.54903e-07
1.1862e-09
5.54838e-07
1.16371e-09
5.54772e-07
1.09225e-09
5.54708e-07
9.61739e-10
5.54647e-07
7.63255e-10
5.54592e-07
4.91182e-10
5.54544e-07
1.43067e-10
5.54507e-07
-2.7554e-10
5.54481e-07
-7.56669e-10
5.54469e-07
-1.27483e-09
5.5447e-07
-1.81576e-09
5.54486e-07
-2.31546e-09
5.54515e-07
-2.78654e-09
5.54555e-07
-3.05261e-09
5.54605e-07
-3.3016e-09
-2.92824e-09
5.65991e-07
2.95378e-09
5.65959e-07
3.33593e-09
5.65937e-07
3.08199e-09
5.65924e-07
2.80981e-09
5.65923e-07
2.32913e-09
5.65935e-07
1.81868e-09
5.65959e-07
1.26606e-09
5.65994e-07
7.35871e-10
5.6604e-07
2.4306e-10
5.66094e-07
-1.86298e-10
5.66155e-07
-5.43628e-10
5.6622e-07
-8.23e-10
5.66287e-07
-1.02663e-09
5.66355e-07
-1.16012e-09
5.66422e-07
-1.23253e-09
5.66487e-07
-1.25421e-09
5.66548e-07
-1.23598e-09
5.66606e-07
-1.18807e-09
5.66659e-07
-1.11966e-09
5.66707e-07
-1.03846e-09
5.66751e-07
-9.50693e-10
5.6679e-07
-8.61107e-10
5.66826e-07
-7.73158e-10
5.66857e-07
-6.8921e-10
5.66885e-07
-6.10749e-10
5.66909e-07
-5.38593e-10
5.6693e-07
-4.73063e-10
5.66949e-07
-4.14139e-10
5.66966e-07
-3.61568e-10
5.6698e-07
-3.14957e-10
5.66992e-07
-2.73833e-10
5.67003e-07
-2.37689e-10
5.67012e-07
-2.06018e-10
5.6702e-07
-1.78326e-10
5.67027e-07
-1.5415e-10
5.67033e-07
-1.33062e-10
5.67038e-07
-1.14671e-10
5.67043e-07
-9.86264e-11
5.67047e-07
-8.4612e-11
5.6705e-07
-7.23471e-11
5.67053e-07
-6.15825e-11
5.67055e-07
-5.2097e-11
5.67057e-07
-4.36943e-11
5.67059e-07
-3.61999e-11
5.6706e-07
-2.94577e-11
5.67061e-07
-2.33275e-11
5.67062e-07
-1.76817e-11
5.67062e-07
-1.2403e-11
5.67063e-07
-7.38187e-12
5.67063e-07
-2.51454e-12
5.67063e-07
2.29967e-12
5.67062e-07
7.16023e-12
5.67062e-07
1.21677e-11
5.67061e-07
1.74257e-11
5.6706e-07
2.30436e-11
5.67059e-07
2.91381e-11
5.67057e-07
3.58363e-11
5.67055e-07
4.32782e-11
5.67053e-07
5.16191e-11
5.6705e-07
6.10328e-11
5.67047e-07
7.17149e-11
5.67043e-07
8.38856e-11
5.67039e-07
9.77934e-11
5.67034e-07
1.13718e-10
5.67028e-07
1.31973e-10
5.67021e-07
1.5291e-10
5.67013e-07
1.76916e-10
5.67004e-07
2.04419e-10
5.66993e-07
2.35879e-10
5.66981e-07
2.71787e-10
5.66967e-07
3.12649e-10
5.6695e-07
3.5897e-10
5.66932e-07
4.11221e-10
5.66911e-07
4.69797e-10
5.66886e-07
5.34951e-10
5.66859e-07
6.06712e-10
5.66828e-07
6.84768e-10
5.66793e-07
7.68322e-10
5.66754e-07
8.55913e-10
5.6671e-07
9.4522e-10
5.66662e-07
1.03284e-09
5.66609e-07
1.11407e-09
5.66552e-07
1.18279e-09
5.66491e-07
1.23134e-09
5.66427e-07
1.25063e-09
5.6636e-07
1.23047e-09
5.66293e-07
1.16006e-09
5.66225e-07
1.02901e-09
5.66161e-07
8.2813e-10
5.661e-07
5.51642e-10
5.66046e-07
1.97061e-10
5.66e-07
-2.29979e-10
5.65964e-07
-7.21213e-10
5.6594e-07
-1.25079e-09
5.65928e-07
-1.80393e-09
5.65929e-07
-2.31595e-09
5.65942e-07
-2.79918e-09
5.65964e-07
-3.07424e-09
5.65995e-07
-3.33131e-09
-2.95106e-09
5.7689e-07
2.96061e-09
5.76878e-07
3.34679e-09
5.76873e-07
3.08553e-09
5.76877e-07
2.80488e-09
5.76892e-07
2.31384e-09
5.76918e-07
1.79284e-09
5.76954e-07
1.23e-09
5.77e-07
6.90265e-10
5.77054e-07
1.89112e-10
5.77115e-07
-2.47121e-10
5.77181e-07
-6.09562e-10
5.7725e-07
-8.92206e-10
5.77321e-07
-1.09728e-09
5.77391e-07
-1.23055e-09
5.7746e-07
-1.30131e-09
5.77526e-07
-1.32016e-09
5.77588e-07
-1.29825e-09
5.77646e-07
-1.24608e-09
5.77699e-07
-1.17307e-09
5.77748e-07
-1.08714e-09
5.77792e-07
-9.94694e-10
5.77831e-07
-9.00588e-10
5.77866e-07
-8.08368e-10
5.77898e-07
-7.20447e-10
5.77925e-07
-6.38341e-10
5.7795e-07
-5.62874e-10
5.77971e-07
-4.94364e-10
5.7799e-07
-4.32775e-10
5.78006e-07
-3.77834e-10
5.7802e-07
-3.29125e-10
5.78032e-07
-2.86151e-10
5.78043e-07
-2.48381e-10
5.78052e-07
-2.15283e-10
5.7806e-07
-1.86342e-10
5.78067e-07
-1.61074e-10
5.78073e-07
-1.39033e-10
5.78078e-07
-1.1981e-10
5.78083e-07
-1.0304e-10
5.78087e-07
-8.83913e-11
5.7809e-07
-7.55722e-11
5.78093e-07
-6.43218e-11
5.78095e-07
-5.44093e-11
5.78097e-07
-4.56294e-11
5.78098e-07
-3.77998e-11
5.781e-07
-3.07572e-11
5.78101e-07
-2.43549e-11
5.78101e-07
-1.84595e-11
5.78102e-07
-1.29482e-11
5.78102e-07
-7.70661e-12
5.78102e-07
-2.62593e-12
5.78102e-07
2.39914e-12
5.78102e-07
7.4727e-12
5.78102e-07
1.26999e-11
5.78101e-07
1.81894e-11
5.781e-07
2.40553e-11
5.78098e-07
3.04199e-11
5.78097e-07
3.74162e-11
5.78095e-07
4.51903e-11
5.78093e-07
5.39049e-11
5.7809e-07
6.37416e-11
5.78087e-07
7.49047e-11
5.78083e-07
8.76243e-11
5.78079e-07
1.0216e-10
5.78074e-07
1.18803e-10
5.78068e-07
1.37882e-10
5.78061e-07
1.59763e-10
5.78053e-07
1.84851e-10
5.78044e-07
2.13591e-10
5.78033e-07
2.46464e-10
5.78021e-07
2.83984e-10
5.78007e-07
3.2668e-10
5.77991e-07
3.75081e-10
5.77972e-07
4.29682e-10
5.77951e-07
4.909e-10
5.77927e-07
5.59012e-10
5.779e-07
6.34058e-10
5.77869e-07
7.15734e-10
5.77834e-07
8.03235e-10
5.77795e-07
8.95074e-10
5.77751e-07
9.88878e-10
5.77703e-07
1.08116e-09
5.7765e-07
1.16711e-09
5.77592e-07
1.24042e-09
5.7753e-07
1.29324e-09
5.77465e-07
1.31624e-09
5.77396e-07
1.29894e-09
5.77326e-07
1.23023e-09
5.77256e-07
1.09946e-09
5.77187e-07
8.97201e-10
5.77121e-07
6.17506e-10
5.7706e-07
2.5787e-10
5.77006e-07
-1.76003e-10
5.7696e-07
-6.75555e-10
5.76924e-07
-1.21467e-09
5.76898e-07
-1.77803e-09
5.76883e-07
-2.3006e-09
5.76879e-07
-2.79421e-09
5.76883e-07
-3.07775e-09
5.76895e-07
-3.34215e-09
-2.9579e-09
5.87306e-07
2.95121e-09
5.87313e-07
3.33842e-09
5.87327e-07
3.07055e-09
5.87349e-07
2.78195e-09
5.8738e-07
2.28234e-09
5.87419e-07
1.75258e-09
5.87468e-07
1.18157e-09
5.87524e-07
6.34202e-10
5.87586e-07
1.26528e-10
5.87655e-07
-3.14949e-10
5.87726e-07
-6.81061e-10
5.878e-07
-9.65743e-10
5.87874e-07
-1.17123e-09
5.87947e-07
-1.30343e-09
5.88017e-07
-1.37185e-09
5.88084e-07
-1.38736e-09
5.88147e-07
-1.36136e-09
5.88206e-07
-1.30462e-09
5.88259e-07
-1.2268e-09
5.88308e-07
-1.136e-09
5.88352e-07
-1.03876e-09
5.88392e-07
-9.40074e-10
5.88427e-07
-8.43541e-10
5.88458e-07
-7.51627e-10
5.88486e-07
-6.65865e-10
5.8851e-07
-5.87085e-10
5.88531e-07
-5.15597e-10
5.8855e-07
-4.51347e-10
5.88566e-07
-3.94042e-10
5.8858e-07
-3.43241e-10
5.88592e-07
-2.98423e-10
5.88603e-07
-2.59031e-10
5.88612e-07
-2.24511e-10
5.8862e-07
-1.94325e-10
5.88627e-07
-1.6797e-10
5.88633e-07
-1.44978e-10
5.88638e-07
-1.24927e-10
5.88643e-07
-1.07433e-10
5.88646e-07
-9.21524e-11
5.88649e-07
-7.87811e-11
5.88652e-07
-6.70469e-11
5.88655e-07
-5.67091e-11
5.88656e-07
-4.75537e-11
5.88658e-07
-3.93903e-11
5.88659e-07
-3.20488e-11
5.8866e-07
-2.53759e-11
5.88661e-07
-1.92324e-11
5.88662e-07
-1.349e-11
5.88662e-07
-8.02935e-12
5.88662e-07
-2.73674e-12
5.88662e-07
2.49777e-12
5.88662e-07
7.78287e-12
5.88661e-07
1.32284e-11
5.8866e-07
1.89478e-11
5.88659e-07
2.50603e-11
5.88658e-07
3.16935e-11
5.88657e-07
3.89862e-11
5.88655e-07
4.70911e-11
5.88652e-07
5.61776e-11
5.8865e-07
6.64354e-11
5.88647e-07
7.80776e-11
5.88643e-07
9.13438e-11
5.88638e-07
1.06505e-10
5.88633e-07
1.23864e-10
5.88627e-07
1.43764e-10
5.88621e-07
1.66585e-10
5.88613e-07
1.92751e-10
5.88604e-07
2.22723e-10
5.88593e-07
2.57005e-10
5.88581e-07
2.96131e-10
5.88567e-07
3.40655e-10
5.88551e-07
3.91129e-10
5.88532e-07
4.48073e-10
5.88511e-07
5.1193e-10
5.88487e-07
5.82996e-10
5.8846e-07
6.6133e-10
5.88429e-07
7.46635e-10
5.88394e-07
8.38103e-10
5.88355e-07
9.34229e-10
5.88311e-07
1.03259e-09
5.88263e-07
1.12964e-09
5.8821e-07
1.22045e-09
5.88152e-07
1.29858e-09
5.88089e-07
1.35597e-09
5.88022e-07
1.38307e-09
5.87952e-07
1.36915e-09
5.8788e-07
1.30282e-09
5.87806e-07
1.17317e-09
5.87733e-07
9.70559e-10
5.87661e-07
6.88884e-10
5.87593e-07
3.25631e-10
5.87531e-07
-1.13447e-10
5.87474e-07
-6.19497e-10
5.87426e-07
-1.16624e-09
5.87386e-07
-1.73778e-09
5.87355e-07
-2.26911e-09
5.87333e-07
-2.77128e-09
5.87319e-07
-3.06277e-09
5.87311e-07
-3.33377e-09
-2.9485e-09
5.97245e-07
2.92539e-09
5.97273e-07
3.31053e-09
5.97305e-07
3.03675e-09
5.97345e-07
2.74069e-09
5.97392e-07
2.23439e-09
5.97446e-07
1.6977e-09
5.97507e-07
1.12059e-09
5.97573e-07
5.67531e-10
5.97645e-07
5.51828e-11
5.9772e-07
-3.89885e-10
5.97797e-07
-7.58207e-10
5.97875e-07
-1.04368e-09
5.97953e-07
-1.24853e-09
5.98028e-07
-1.37881e-09
5.981e-07
-1.4442e-09
5.98169e-07
-1.45582e-09
5.98233e-07
-1.42533e-09
5.98292e-07
-1.36372e-09
5.98346e-07
-1.28086e-09
5.98395e-07
-1.18504e-09
5.98439e-07
-1.08292e-09
5.98478e-07
-9.79573e-10
5.98513e-07
-8.78688e-10
5.98545e-07
-7.82756e-10
5.98572e-07
-6.93329e-10
5.98596e-07
-6.11233e-10
5.98617e-07
-5.36767e-10
5.98636e-07
-4.6986e-10
5.98652e-07
-4.10196e-10
5.98666e-07
-3.57309e-10
5.98678e-07
-3.10651e-10
5.98689e-07
-2.69643e-10
5.98698e-07
-2.33705e-10
5.98706e-07
-2.02279e-10
5.98713e-07
-1.74838e-10
5.98719e-07
-1.509e-10
5.98724e-07
-1.30022e-10
5.98728e-07
-1.11806e-10
5.98732e-07
-9.58966e-11
5.98735e-07
-8.19748e-11
5.98738e-07
-6.97585e-11
5.9874e-07
-5.8997e-11
5.98742e-07
-4.94676e-11
5.98744e-07
-4.0972e-11
5.98745e-07
-3.33331e-11
5.98746e-07
-2.6391e-11
5.98747e-07
-2.00007e-11
5.98747e-07
-1.40286e-11
5.98748e-07
-8.35019e-12
5.98748e-07
-2.84701e-12
5.98748e-07
2.59555e-12
5.98747e-07
8.09083e-12
5.98747e-07
1.37533e-11
5.98746e-07
1.97012e-11
5.98745e-07
2.60588e-11
5.98744e-07
3.29591e-11
5.98742e-07
4.05468e-11
5.9874e-07
4.89808e-11
5.98738e-07
5.84377e-11
5.98736e-07
6.9115e-11
5.98732e-07
8.12342e-11
5.98729e-07
9.50452e-11
5.98724e-07
1.10829e-10
5.98719e-07
1.28902e-10
5.98713e-07
1.4962e-10
5.98707e-07
1.73379e-10
5.98699e-07
2.00618e-10
5.9869e-07
2.31819e-10
5.98679e-07
2.67505e-10
5.98667e-07
3.08232e-10
5.98653e-07
3.54577e-10
5.98637e-07
4.07118e-10
5.98619e-07
4.66401e-10
5.98598e-07
5.32892e-10
5.98574e-07
6.0691e-10
5.98547e-07
6.88533e-10
5.98516e-07
7.77478e-10
5.98481e-07
8.72935e-10
5.98442e-07
9.73387e-10
5.98398e-07
1.07638e-09
5.98349e-07
1.17829e-09
5.98296e-07
1.27412e-09
5.98237e-07
1.35727e-09
5.98174e-07
1.41953e-09
5.98106e-07
1.45114e-09
5.98034e-07
1.44113e-09
5.97959e-07
1.37787e-09
5.97882e-07
1.25019e-09
5.97804e-07
1.04827e-09
5.97727e-07
7.65859e-10
5.97652e-07
4.00445e-10
5.97581e-07
-4.21858e-11
5.97514e-07
-5.52887e-10
5.97453e-07
-1.10531e-09
5.97399e-07
-1.68295e-09
5.97352e-07
-2.22121e-09
5.97312e-07
-2.73008e-09
5.97279e-07
-3.02899e-09
5.97252e-07
-3.30591e-09
-2.92269e-09
6.06716e-07
2.883e-09
6.06763e-07
3.2629e-09
6.06814e-07
2.98389e-09
6.06873e-07
2.6809e-09
6.06936e-07
2.16978e-09
6.07005e-07
1.62804e-09
6.07078e-07
1.04693e-09
6.07155e-07
4.90154e-10
6.07235e-07
-2.50027e-11
6.07318e-07
-4.71995e-10
6.07401e-07
-8.41054e-10
6.07483e-07
-1.12605e-09
6.07564e-07
-1.32921e-09
6.07642e-07
-1.4567e-09
6.07716e-07
-1.51837e-09
6.07786e-07
-1.52557e-09
6.0785e-07
-1.49017e-09
6.0791e-07
-1.42339e-09
6.07964e-07
-1.33528e-09
6.08013e-07
-1.23427e-09
6.08058e-07
-1.12716e-09
6.08097e-07
-1.0191e-09
6.08132e-07
-9.13817e-10
6.08163e-07
-8.13845e-10
6.08191e-07
-7.2074e-10
6.08215e-07
-6.35325e-10
6.08236e-07
-5.57883e-10
6.08255e-07
-4.88323e-10
6.08271e-07
-4.26304e-10
6.08285e-07
-3.71335e-10
6.08297e-07
-3.22842e-10
6.08308e-07
-2.80222e-10
6.08317e-07
-2.4287e-10
6.08325e-07
-2.10206e-10
6.08331e-07
-1.81683e-10
6.08337e-07
-1.568e-10
6.08342e-07
-1.35098e-10
6.08347e-07
-1.16163e-10
6.08351e-07
-9.96253e-11
6.08354e-07
-8.51547e-11
6.08356e-07
-7.24578e-11
6.08359e-07
-6.1274e-11
6.08361e-07
-5.13719e-11
6.08362e-07
-4.25455e-11
6.08363e-07
-3.46103e-11
6.08364e-07
-2.74003e-11
6.08365e-07
-2.07646e-11
6.08366e-07
-1.45641e-11
6.08366e-07
-8.66926e-12
6.08366e-07
-2.95681e-12
6.08366e-07
2.69252e-12
6.08366e-07
8.39667e-12
6.08365e-07
1.42748e-11
6.08365e-07
2.04499e-11
6.08364e-07
2.70513e-11
6.08362e-07
3.42174e-11
6.08361e-07
4.20986e-11
6.08359e-07
5.08603e-11
6.08357e-07
6.06861e-11
6.08354e-07
7.17812e-11
6.08351e-07
8.4376e-11
6.08347e-07
9.87298e-11
6.08343e-07
1.15135e-10
6.08338e-07
1.3392e-10
6.08332e-07
1.55453e-10
6.08325e-07
1.80146e-10
6.08317e-07
2.08456e-10
6.08308e-07
2.40882e-10
6.08298e-07
2.77967e-10
6.08286e-07
3.20291e-10
6.08272e-07
3.68452e-10
6.08256e-07
4.23055e-10
6.08238e-07
4.84671e-10
6.08217e-07
5.53792e-10
6.08193e-07
6.30761e-10
6.08166e-07
7.15678e-10
6.08135e-07
8.08271e-10
6.081e-07
9.07741e-10
6.08061e-07
1.01256e-09
6.08017e-07
1.12024e-09
6.07968e-07
1.22713e-09
6.07914e-07
1.32811e-09
6.07855e-07
1.41651e-09
6.07791e-07
1.48395e-09
6.07722e-07
1.52047e-09
6.07648e-07
1.5149e-09
6.0757e-07
1.45539e-09
6.0749e-07
1.33054e-09
6.07408e-07
1.13037e-09
6.07325e-07
8.48482e-10
6.07243e-07
4.82377e-10
6.07163e-07
3.78592e-11
6.07086e-07
-4.75627e-10
6.07013e-07
-1.03175e-09
6.06944e-07
-1.61339e-09
6.0688e-07
-2.15671e-09
6.06822e-07
-2.67037e-09
6.06771e-07
-2.9762e-09
6.06723e-07
-3.25831e-09
-2.88033e-09
6.15724e-07
2.82397e-09
6.15792e-07
3.19534e-09
6.15862e-07
2.91179e-09
6.15938e-07
2.6024e-09
6.16018e-07
2.08842e-09
6.16102e-07
1.54351e-09
6.16188e-07
9.60535e-10
6.16276e-07
4.02024e-10
6.16365e-07
-1.14065e-10
6.16454e-07
-5.61305e-10
6.16543e-07
-9.29623e-10
6.1663e-07
-1.21289e-09
6.16714e-07
-1.41329e-09
6.16794e-07
-1.53711e-09
6.1687e-07
-1.59437e-09
6.16941e-07
-1.59661e-09
6.17007e-07
-1.55589e-09
6.17067e-07
-1.48364e-09
6.17122e-07
-1.39005e-09
6.17171e-07
-1.28371e-09
6.17216e-07
-1.1715e-09
6.17255e-07
-1.05865e-09
6.1729e-07
-9.48939e-10
6.17321e-07
-8.44904e-10
6.17349e-07
-7.4811e-10
6.17373e-07
-6.59371e-10
6.17394e-07
-5.78953e-10
6.17412e-07
-5.06742e-10
6.17428e-07
-4.42372e-10
6.17442e-07
-3.85325e-10
6.17455e-07
-3.35002e-10
6.17465e-07
-2.90772e-10
6.17474e-07
-2.5201e-10
6.17482e-07
-2.1811e-10
6.17489e-07
-1.88508e-10
6.17495e-07
-1.62682e-10
6.175e-07
-1.40157e-10
6.17504e-07
-1.20505e-10
6.17508e-07
-1.03341e-10
6.17511e-07
-8.83224e-11
6.17514e-07
-7.5146e-11
6.17516e-07
-6.35412e-11
6.17518e-07
-5.32676e-11
6.1752e-07
-4.41115e-11
6.17521e-07
-3.58813e-11
6.17522e-07
-2.84046e-11
6.17523e-07
-2.15245e-11
6.17523e-07
-1.50968e-11
6.17523e-07
-8.98672e-12
6.17524e-07
-3.0662e-12
6.17523e-07
2.7887e-12
6.17523e-07
8.70052e-12
6.17523e-07
1.47931e-11
6.17522e-07
2.11942e-11
6.17521e-07
2.80381e-11
6.1752e-07
3.54687e-11
6.17518e-07
4.36423e-11
6.17516e-07
5.27305e-11
6.17514e-07
6.29239e-11
6.17511e-07
7.44354e-11
6.17508e-07
8.75043e-11
6.17505e-07
1.024e-10
6.175e-07
1.19424e-10
6.17495e-07
1.38919e-10
6.17489e-07
1.61266e-10
6.17483e-07
1.86891e-10
6.17475e-07
2.16268e-10
6.17466e-07
2.49916e-10
6.17455e-07
2.88398e-10
6.17443e-07
3.32313e-10
6.1743e-07
3.82287e-10
6.17414e-07
4.38948e-10
6.17395e-07
5.02893e-10
6.17375e-07
5.7464e-10
6.17351e-07
6.54559e-10
6.17324e-07
7.42772e-10
6.17293e-07
8.39026e-10
6.17258e-07
9.42529e-10
6.17219e-07
1.05175e-09
6.17175e-07
1.1642e-09
6.17126e-07
1.27615e-09
6.17072e-07
1.38245e-09
6.17012e-07
1.4763e-09
6.16947e-07
1.54921e-09
6.16876e-07
1.59106e-09
6.16801e-07
1.59047e-09
6.16721e-07
1.5354e-09
6.16637e-07
1.41425e-09
6.1655e-07
1.21688e-09
6.16462e-07
9.36774e-10
6.16373e-07
5.71455e-10
6.16284e-07
1.26725e-10
6.16196e-07
-3.8767e-10
6.1611e-07
-9.45521e-10
6.16027e-07
-1.52901e-09
6.15947e-07
-2.07549e-09
6.1587e-07
-2.592e-09
6.158e-07
-2.9042e-09
6.15732e-07
-3.19081e-09
-2.82134e-09
6.24277e-07
2.74827e-09
6.24365e-07
3.10771e-09
6.24455e-07
2.82036e-09
6.2455e-07
2.50511e-09
6.24646e-07
1.99025e-09
6.24744e-07
1.4441e-09
6.24843e-07
8.61403e-10
6.24941e-07
3.03148e-10
6.25039e-07
-2.11995e-10
6.25136e-07
-6.57806e-10
6.25231e-07
-1.0239e-09
6.25322e-07
-1.30416e-09
6.25409e-07
-1.50075e-09
6.25492e-07
-1.62005e-09
6.2557e-07
-1.6722e-09
6.25642e-07
-1.66894e-09
6.25709e-07
-1.62249e-09
6.2577e-07
-1.54446e-09
6.25825e-07
-1.44518e-09
6.25874e-07
-1.33336e-09
6.25919e-07
-1.21595e-09
6.25958e-07
-1.09825e-09
6.25994e-07
-9.84067e-10
6.26025e-07
-8.75946e-10
6.26052e-07
-7.75451e-10
6.26076e-07
-6.83384e-10
6.26097e-07
-5.99989e-10
6.26115e-07
-5.25128e-10
6.26132e-07
-4.5841e-10
6.26145e-07
-3.99288e-10
6.26158e-07
-3.47137e-10
6.26168e-07
-3.01301e-10
6.26177e-07
-2.6113e-10
6.26185e-07
-2.25997e-10
6.26192e-07
-1.95317e-10
6.26198e-07
-1.6855e-10
6.26203e-07
-1.45204e-10
6.26207e-07
-1.24834e-10
6.26211e-07
-1.07045e-10
6.26214e-07
-9.14798e-11
6.26217e-07
-7.7825e-11
6.26219e-07
-6.58e-11
6.26221e-07
-5.51559e-11
6.26222e-07
-4.5671e-11
6.26224e-07
-3.71467e-11
6.26225e-07
-2.94043e-11
6.26226e-07
-2.2281e-11
6.26226e-07
-1.56271e-11
6.26226e-07
-9.30277e-12
6.26226e-07
-3.17524e-12
6.26226e-07
2.88415e-12
6.26226e-07
9.00255e-12
6.26226e-07
1.53085e-11
6.26225e-07
2.19344e-11
6.26224e-07
2.90199e-11
6.26223e-07
3.6714e-11
6.26221e-07
4.51788e-11
6.26219e-07
5.45924e-11
6.26217e-07
6.51523e-11
6.26214e-07
7.70793e-11
6.26211e-07
9.06212e-11
6.26208e-07
1.06057e-10
6.26203e-07
1.23699e-10
6.26198e-07
1.43903e-10
6.26192e-07
1.67061e-10
6.26186e-07
1.93617e-10
6.26178e-07
2.2406e-10
6.26169e-07
2.58928e-10
6.26159e-07
2.98802e-10
6.26147e-07
3.44307e-10
6.26133e-07
3.9609e-10
6.26117e-07
4.54805e-10
6.26099e-07
5.21075e-10
6.26078e-07
5.95447e-10
6.26054e-07
6.78316e-10
6.26027e-07
7.69828e-10
6.25996e-07
8.69753e-10
6.25961e-07
9.77312e-10
6.25922e-07
1.09098e-09
6.25878e-07
1.20825e-09
6.25829e-07
1.32537e-09
6.25774e-07
1.43713e-09
6.25714e-07
1.53666e-09
6.25648e-07
1.61534e-09
6.25576e-07
1.66291e-09
6.25499e-07
1.66784e-09
6.25416e-07
1.61789e-09
6.25329e-07
1.5013e-09
6.25238e-07
1.30778e-09
6.25144e-07
1.03072e-09
6.25048e-07
6.67667e-10
6.2495e-07
2.24401e-10
6.24852e-07
-2.89022e-10
6.24754e-07
-8.46602e-10
6.24655e-07
-1.42981e-09
6.24559e-07
-1.97751e-09
6.24464e-07
-2.49488e-09
6.24374e-07
-2.8129e-09
6.24286e-07
-3.10325e-09
-2.74568e-09
6.32382e-07
2.65592e-09
6.32491e-07
2.99991e-09
6.326e-07
2.70953e-09
6.32713e-07
2.38902e-09
6.32826e-07
1.8753e-09
6.32939e-07
1.32986e-09
6.3305e-07
7.49592e-10
6.33159e-07
1.93584e-10
6.33266e-07
-3.18739e-10
6.3337e-07
-7.61448e-10
6.3347e-07
-1.12385e-09
6.33566e-07
-1.39985e-09
6.33657e-07
-1.59156e-09
6.33742e-07
-1.70547e-09
6.33822e-07
-1.75184e-09
6.33895e-07
-1.74255e-09
6.33963e-07
-1.68997e-09
6.34024e-07
-1.60586e-09
6.34079e-07
-1.50068e-09
6.34129e-07
-1.38323e-09
6.34174e-07
-1.26053e-09
6.34213e-07
-1.13792e-09
6.34249e-07
-1.01921e-09
6.3428e-07
-9.06984e-10
6.34307e-07
-8.02777e-10
6.34331e-07
-7.07376e-10
6.34352e-07
-6.21003e-10
6.3437e-07
-5.43494e-10
6.34386e-07
-4.74428e-10
6.344e-07
-4.13233e-10
6.34413e-07
-3.59256e-10
6.34423e-07
-3.11816e-10
6.34432e-07
-2.70237e-10
6.3444e-07
-2.33873e-10
6.34447e-07
-2.02116e-10
6.34453e-07
-1.74408e-10
6.34458e-07
-1.50241e-10
6.34462e-07
-1.29155e-10
6.34466e-07
-1.1074e-10
6.34469e-07
-9.46295e-11
6.34472e-07
-8.04967e-11
6.34474e-07
-6.80521e-11
6.34476e-07
-5.70381e-11
6.34477e-07
-4.72252e-11
6.34479e-07
-3.84076e-11
6.3448e-07
-3.04002e-11
6.3448e-07
-2.30345e-11
6.34481e-07
-1.61553e-11
6.34481e-07
-9.61766e-12
6.34481e-07
-3.28405e-12
6.34481e-07
2.9789e-12
6.34481e-07
9.30295e-12
6.3448e-07
1.58213e-11
6.3448e-07
2.26712e-11
6.34479e-07
2.99973e-11
6.34477e-07
3.7954e-11
6.34476e-07
4.67092e-11
6.34474e-07
5.64474e-11
6.34472e-07
6.7373e-11
6.34469e-07
7.97147e-11
6.34466e-07
9.37289e-11
6.34462e-07
1.09704e-10
6.34458e-07
1.27964e-10
6.34453e-07
1.48875e-10
6.34447e-07
1.72844e-10
6.34441e-07
2.0033e-10
6.34433e-07
2.31837e-10
6.34424e-07
2.67922e-10
6.34413e-07
3.09189e-10
6.34401e-07
3.5628e-10
6.34388e-07
4.0987e-10
6.34372e-07
4.70636e-10
6.34354e-07
5.39229e-10
6.34333e-07
6.16224e-10
6.34309e-07
7.02043e-10
6.34282e-07
7.9686e-10
6.34251e-07
9.00467e-10
6.34217e-07
1.0121e-09
6.34177e-07
1.13025e-09
6.34133e-07
1.2524e-09
6.34084e-07
1.37479e-09
6.34029e-07
1.49216e-09
6.33968e-07
1.59758e-09
6.33901e-07
1.68232e-09
6.33828e-07
1.73602e-09
6.33749e-07
1.74699e-09
6.33664e-07
1.70284e-09
6.33574e-07
1.59166e-09
6.33478e-07
1.40305e-09
6.33379e-07
1.13029e-09
6.33275e-07
7.70966e-10
6.33169e-07
3.30835e-10
6.3306e-07
-1.79741e-10
6.32949e-07
-7.35056e-10
6.32836e-07
-1.31581e-09
6.32723e-07
-1.86279e-09
6.3261e-07
-2.37899e-09
6.32501e-07
-2.70223e-09
6.32392e-07
-2.99554e-09
-2.65339e-09
6.40046e-07
2.547e-09
6.40175e-07
2.87187e-09
6.40303e-07
2.57932e-09
6.40435e-07
2.25417e-09
6.40565e-07
1.74368e-09
6.40692e-07
1.20091e-09
6.40816e-07
6.25223e-10
6.40936e-07
7.34463e-11
6.41051e-07
-4.34195e-10
6.41162e-07
-8.72144e-10
6.41268e-07
-1.22939e-09
6.41368e-07
-1.49988e-09
6.41462e-07
-1.68568e-09
6.4155e-07
-1.79336e-09
6.41631e-07
-1.83326e-09
6.41706e-07
-1.81741e-09
6.41774e-07
-1.75832e-09
6.41836e-07
-1.66784e-09
6.41892e-07
-1.55656e-09
6.41942e-07
-1.43333e-09
6.41987e-07
-1.30524e-09
6.42027e-07
-1.17765e-09
6.42062e-07
-1.0544e-09
6.42093e-07
-9.38035e-10
6.4212e-07
-8.30103e-10
6.42144e-07
-7.31363e-10
6.42165e-07
-6.4201e-10
6.42184e-07
-5.61852e-10
6.422e-07
-4.9044e-10
6.42214e-07
-4.27172e-10
6.42226e-07
-3.7137e-10
6.42236e-07
-3.22326e-10
6.42245e-07
-2.7934e-10
6.42253e-07
-2.41743e-10
6.4226e-07
-2.08909e-10
6.42266e-07
-1.80261e-10
6.42271e-07
-1.55273e-10
6.42275e-07
-1.33471e-10
6.42279e-07
-1.14431e-10
6.42282e-07
-9.7774e-11
6.42285e-07
-8.31635e-11
6.42287e-07
-7.02996e-11
6.42289e-07
-5.8916e-11
6.4229e-07
-4.87753e-11
6.42292e-07
-3.9665e-11
6.42293e-07
-3.13932e-11
6.42293e-07
-2.37857e-11
6.42294e-07
-1.66818e-11
6.42294e-07
-9.93168e-12
6.42294e-07
-3.39272e-12
6.42294e-07
3.07303e-12
6.42294e-07
9.60198e-12
6.42293e-07
1.6332e-11
6.42293e-07
2.34052e-11
6.42292e-07
3.09711e-11
6.4229e-07
3.91898e-11
6.42289e-07
4.82348e-11
6.42287e-07
5.8297e-11
6.42285e-07
6.9588e-11
6.42282e-07
8.23439e-11
6.42279e-07
9.68299e-11
6.42275e-07
1.13344e-10
6.42271e-07
1.32222e-10
6.42266e-07
1.53839e-10
6.4226e-07
1.7862e-10
6.42254e-07
2.07035e-10
6.42246e-07
2.39606e-10
6.42237e-07
2.76908e-10
6.42227e-07
3.19565e-10
6.42215e-07
3.68242e-10
6.42201e-07
4.23637e-10
6.42185e-07
4.86452e-10
6.42167e-07
5.57368e-10
6.42146e-07
6.36985e-10
6.42122e-07
7.25756e-10
6.42095e-07
8.23882e-10
6.42065e-07
9.31181e-10
6.4203e-07
1.04692e-09
6.4199e-07
1.16958e-09
6.41946e-07
1.29668e-09
6.41897e-07
1.42443e-09
6.41841e-07
1.54755e-09
6.4178e-07
1.65905e-09
6.41712e-07
1.75014e-09
6.41638e-07
1.81035e-09
6.41557e-07
1.82788e-09
6.4147e-07
1.79021e-09
6.41376e-07
1.68528e-09
6.41276e-07
1.50261e-09
6.41171e-07
1.2354e-09
6.41061e-07
8.81263e-10
6.40946e-07
4.45927e-10
6.40826e-07
-5.99385e-11
6.40703e-07
-6.11001e-10
6.40576e-07
-1.18715e-09
6.40446e-07
-1.73144e-09
6.40314e-07
-2.24438e-09
6.40186e-07
-2.57221e-09
6.40057e-07
-2.8676e-09
-2.54454e-09
6.47276e-07
2.42163e-09
6.47426e-07
2.72357e-09
6.47573e-07
2.42981e-09
6.47724e-07
2.10071e-09
6.47869e-07
1.59556e-09
6.48011e-07
1.05743e-09
6.48147e-07
4.88477e-10
6.48277e-07
-5.71006e-11
6.48401e-07
-5.58218e-10
6.48519e-07
-9.89767e-10
6.4863e-07
-1.34042e-09
6.48734e-07
-1.60417e-09
6.48832e-07
-1.78303e-09
6.48922e-07
-1.88364e-09
6.49005e-07
-1.91642e-09
6.49081e-07
-1.8935e-09
6.4915e-07
-1.82751e-09
6.49213e-07
-1.73039e-09
6.49269e-07
-1.6128e-09
6.49319e-07
-1.48366e-09
6.49364e-07
-1.35009e-09
6.49404e-07
-1.21747e-09
6.49439e-07
-1.08963e-09
6.4947e-07
-9.69114e-10
6.49498e-07
-8.57446e-10
6.49522e-07
-7.5536e-10
6.49543e-07
-6.63025e-10
6.49561e-07
-5.80217e-10
6.49577e-07
-5.06457e-10
6.49591e-07
-4.41117e-10
6.49603e-07
-3.83489e-10
6.49614e-07
-3.3284e-10
6.49623e-07
-2.88446e-10
6.49631e-07
-2.49617e-10
6.49638e-07
-2.15705e-10
6.49643e-07
-1.86115e-10
6.49648e-07
-1.60304e-10
6.49653e-07
-1.37786e-10
6.49656e-07
-1.1812e-10
6.4966e-07
-1.00917e-10
6.49662e-07
-8.5828e-11
6.49665e-07
-7.25445e-11
6.49666e-07
-6.07914e-11
6.49668e-07
-5.03231e-11
6.49669e-07
-4.09202e-11
6.4967e-07
-3.23843e-11
6.49671e-07
-2.45354e-11
6.49671e-07
-1.72074e-11
6.49672e-07
-1.02451e-11
6.49672e-07
-3.50138e-12
6.49672e-07
3.16661e-12
6.49671e-07
9.8999e-12
6.49671e-07
1.6841e-11
6.4967e-07
2.4137e-11
6.49669e-07
3.19424e-11
6.49668e-07
4.04226e-11
6.49667e-07
4.97571e-11
6.49665e-07
6.01431e-11
6.49662e-07
7.17992e-11
6.4966e-07
8.49694e-11
6.49657e-07
9.99275e-11
6.49653e-07
1.16981e-10
6.49649e-07
1.36476e-10
6.49644e-07
1.58802e-10
6.49638e-07
1.84393e-10
6.49631e-07
2.13738e-10
6.49624e-07
2.47373e-10
6.49615e-07
2.85893e-10
6.49604e-07
3.29941e-10
6.49592e-07
3.80204e-10
6.49579e-07
4.37403e-10
6.49563e-07
5.02268e-10
6.49545e-07
5.75506e-10
6.49524e-07
6.57746e-10
6.495e-07
7.4947e-10
6.49473e-07
8.5091e-10
6.49442e-07
9.61913e-10
6.49407e-07
1.08177e-09
6.49368e-07
1.20899e-09
6.49324e-07
1.34109e-09
6.49274e-07
1.47428e-09
6.49218e-07
1.60329e-09
6.49156e-07
1.72106e-09
6.49088e-07
1.81879e-09
6.49012e-07
1.88589e-09
6.4893e-07
1.91048e-09
6.4884e-07
1.87993e-09
6.48743e-07
1.78209e-09
6.48639e-07
1.60638e-09
6.48528e-07
1.34594e-09
6.48411e-07
9.98433e-10
6.48287e-07
5.69531e-10
6.48158e-07
7.02215e-11
6.48022e-07
-4.74616e-10
6.47881e-07
-1.04401e-09
6.47735e-07
-1.58363e-09
6.47585e-07
-2.09119e-09
6.47437e-07
-2.4229e-09
6.47287e-07
-2.71942e-09
-2.41923e-09
6.54078e-07
2.27997e-09
6.54249e-07
2.55501e-09
6.54415e-07
2.26112e-09
6.54584e-07
1.92884e-09
6.54746e-07
1.43119e-09
6.54901e-07
8.99698e-10
6.55049e-07
3.39597e-10
6.5519e-07
-1.97837e-10
6.55322e-07
-6.90617e-10
6.55447e-07
-1.11415e-09
6.55563e-07
-1.45679e-09
6.55672e-07
-1.71259e-09
6.55772e-07
-1.88351e-09
6.55865e-07
-1.97624e-09
6.5595e-07
-2.00126e-09
6.56027e-07
-1.97079e-09
6.56097e-07
-1.89752e-09
6.5616e-07
-1.79349e-09
6.56217e-07
-1.66941e-09
6.56267e-07
-1.53423e-09
6.56312e-07
-1.3951e-09
6.56352e-07
-1.25739e-09
6.56387e-07
-1.12492e-09
6.56418e-07
-1.00024e-09
6.56446e-07
-8.84826e-10
6.5647e-07
-7.79388e-10
6.56491e-07
-6.84066e-10
6.56509e-07
-5.98605e-10
6.56525e-07
-5.22497e-10
6.56539e-07
-4.55082e-10
6.56551e-07
-3.95626e-10
6.56562e-07
-3.4337e-10
6.56571e-07
-2.97566e-10
6.56579e-07
-2.57502e-10
6.56586e-07
-2.2251e-10
6.56592e-07
-1.91976e-10
6.56597e-07
-1.65342e-10
6.56601e-07
-1.42105e-10
6.56605e-07
-1.21812e-10
6.56608e-07
-1.04061e-10
6.56611e-07
-8.84932e-11
6.56613e-07
-7.47896e-11
6.56615e-07
-6.26664e-11
6.56616e-07
-5.18703e-11
6.56617e-07
-4.21746e-11
6.56618e-07
-3.33747e-11
6.56619e-07
-2.52845e-11
6.5662e-07
-1.77324e-11
6.5662e-07
-1.05584e-11
6.5662e-07
-3.61018e-12
6.5662e-07
3.25974e-12
6.5662e-07
1.0197e-11
6.56619e-07
1.7349e-11
6.56619e-07
2.48674e-11
6.56618e-07
3.29121e-11
6.56616e-07
4.16538e-11
6.56615e-07
5.12778e-11
6.56613e-07
6.19878e-11
6.56611e-07
7.40093e-11
6.56608e-07
8.75942e-11
6.56605e-07
1.03025e-10
6.56601e-07
1.20619e-10
6.56597e-07
1.40732e-10
6.56592e-07
1.63767e-10
6.56586e-07
1.90171e-10
6.5658e-07
2.20446e-10
6.56572e-07
2.55148e-10
6.56563e-07
2.94887e-10
6.56553e-07
3.40326e-10
6.56541e-07
3.92177e-10
6.56527e-07
4.51182e-10
6.56511e-07
5.18098e-10
6.56493e-07
5.93658e-10
6.56472e-07
6.78522e-10
6.56448e-07
7.73203e-10
6.56421e-07
8.77963e-10
6.5639e-07
9.9268e-10
6.56355e-07
1.11667e-09
6.56316e-07
1.24848e-09
6.56271e-07
1.38563e-09
6.56221e-07
1.52436e-09
6.56165e-07
1.65937e-09
6.56103e-07
1.78362e-09
6.56033e-07
1.88823e-09
6.55957e-07
1.96258e-09
6.55873e-07
1.99472e-09
6.55781e-07
1.97194e-09
6.55681e-07
1.88199e-09
6.55573e-07
1.71424e-09
6.55457e-07
1.46177e-09
6.55333e-07
1.12231e-09
6.55201e-07
7.01458e-10
6.55061e-07
2.10522e-10
6.54913e-07
-3.26139e-10
6.54758e-07
-8.8665e-10
6.54596e-07
-1.4196e-09
6.54428e-07
-1.9196e-09
6.54261e-07
-2.25445e-09
6.54091e-07
-2.551e-09
-2.27764e-09
6.60459e-07
2.12223e-09
6.60651e-07
2.36624e-09
6.60836e-07
2.07346e-09
6.61023e-07
1.73884e-09
6.612e-07
1.25089e-09
6.6137e-07
7.28029e-10
6.6153e-07
1.78883e-10
6.6168e-07
-3.48492e-10
6.6182e-07
-8.31154e-10
6.61952e-07
-1.24509e-09
6.62073e-07
-1.57833e-09
6.62186e-07
-1.82501e-09
6.62289e-07
-1.987e-09
6.62384e-07
-2.07107e-09
6.62471e-07
-2.08771e-09
6.62549e-07
-2.04921e-09
6.6262e-07
-1.96832e-09
6.62683e-07
-1.85714e-09
6.6274e-07
-1.72638e-09
6.62791e-07
-1.58505e-09
6.62836e-07
-1.44027e-09
6.62876e-07
-1.29742e-09
6.62912e-07
-1.16031e-09
6.62943e-07
-1.03143e-09
6.6297e-07
-9.12262e-10
6.62994e-07
-8.03465e-10
6.63016e-07
-7.05151e-10
6.63034e-07
-6.17034e-10
6.6305e-07
-5.38574e-10
6.63064e-07
-4.69081e-10
6.63076e-07
-4.07794e-10
6.63087e-07
-3.53927e-10
6.63096e-07
-3.0671e-10
6.63104e-07
-2.65407e-10
6.63111e-07
-2.29332e-10
6.63117e-07
-1.97851e-10
6.63122e-07
-1.70391e-10
6.63126e-07
-1.46433e-10
6.6313e-07
-1.25511e-10
6.63133e-07
-1.07211e-10
6.63136e-07
-9.11626e-11
6.63138e-07
-7.70377e-11
6.6314e-07
-6.45434e-11
6.63141e-07
-5.34187e-11
6.63142e-07
-4.34298e-11
6.63143e-07
-3.43655e-11
6.63144e-07
-2.60338e-11
6.63145e-07
-1.82578e-11
6.63145e-07
-1.08719e-11
6.63145e-07
-3.71926e-12
6.63145e-07
3.3525e-12
6.63145e-07
1.04937e-11
6.63144e-07
1.78564e-11
6.63144e-07
2.55974e-11
6.63143e-07
3.38815e-11
6.63141e-07
4.28848e-11
6.6314e-07
5.27988e-11
6.63138e-07
6.38332e-11
6.63136e-07
7.62209e-11
6.63133e-07
9.02215e-11
6.6313e-07
1.06126e-10
6.63126e-07
1.24261e-10
6.63122e-07
1.44995e-10
6.63117e-07
1.6874e-10
6.63111e-07
1.95959e-10
6.63105e-07
2.27168e-10
6.63097e-07
2.62938e-10
6.63088e-07
3.03899e-10
6.63077e-07
3.50734e-10
6.63065e-07
4.04174e-10
6.63052e-07
4.64988e-10
6.63036e-07
5.33957e-10
6.63018e-07
6.11842e-10
6.62997e-07
6.99334e-10
6.62973e-07
7.96975e-10
6.62946e-07
9.05061e-10
6.62915e-07
1.0235e-09
6.6288e-07
1.15165e-09
6.6284e-07
1.28807e-09
6.62796e-07
1.43032e-09
6.62745e-07
1.57466e-09
6.62689e-07
1.7158e-09
6.62626e-07
1.84669e-09
6.62556e-07
1.95843e-09
6.62478e-07
2.04039e-09
6.62392e-07
2.08055e-09
6.62298e-07
2.06614e-09
6.62195e-07
1.98486e-09
6.62083e-07
1.82605e-09
6.61962e-07
1.58272e-09
6.61832e-07
1.25269e-09
6.61692e-07
8.41472e-10
6.61542e-07
3.60693e-10
6.61383e-07
-1.65871e-10
6.61213e-07
-7.15385e-10
6.61036e-07
-1.23967e-09
6.6085e-07
-1.72991e-09
6.60664e-07
-2.06703e-09
6.60473e-07
-2.36237e-09
-2.11998e-09
6.66426e-07
1.94868e-09
6.66638e-07
2.1573e-09
6.66843e-07
1.86707e-09
6.67047e-07
1.53106e-09
6.6724e-07
1.05507e-09
6.67423e-07
5.42822e-10
6.67594e-07
6.69671e-12
6.67754e-07
-5.08743e-10
6.67902e-07
-9.79548e-10
6.6804e-07
-1.38234e-09
6.68166e-07
-1.70483e-09
6.68283e-07
-1.94125e-09
6.68389e-07
-2.09338e-09
6.68486e-07
-2.16801e-09
6.68574e-07
-2.17569e-09
6.68654e-07
-2.12871e-09
6.68725e-07
-2.03988e-09
6.68789e-07
-1.9213e-09
6.68847e-07
-1.78371e-09
6.68898e-07
-1.63611e-09
6.68943e-07
-1.48562e-09
6.68983e-07
-1.33759e-09
6.69019e-07
-1.1958e-09
6.6905e-07
-1.06272e-09
6.69077e-07
-9.39776e-10
6.69102e-07
-8.27614e-10
6.69123e-07
-7.26303e-10
6.69141e-07
-6.35525e-10
6.69157e-07
-5.54707e-10
6.69171e-07
-4.83132e-10
6.69184e-07
-4.20008e-10
6.69194e-07
-3.64526e-10
6.69203e-07
-3.1589e-10
6.69211e-07
-2.73344e-10
6.69218e-07
-2.36181e-10
6.69224e-07
-2.0375e-10
6.69229e-07
-1.75459e-10
6.69234e-07
-1.50777e-10
6.69237e-07
-1.29223e-10
6.6924e-07
-1.10371e-10
6.69243e-07
-9.38399e-11
6.69245e-07
-7.92918e-11
6.69247e-07
-6.64251e-11
6.69249e-07
-5.49708e-11
6.6925e-07
-4.46877e-11
6.69251e-07
-3.53583e-11
6.69252e-07
-2.67846e-11
6.69252e-07
-1.87841e-11
6.69253e-07
-1.11862e-11
6.69253e-07
-3.8288e-12
6.69253e-07
3.44502e-12
6.69252e-07
1.07904e-11
6.69252e-07
1.83642e-11
6.69251e-07
2.6328e-11
6.6925e-07
3.48519e-11
6.69249e-07
4.41175e-11
6.69247e-07
5.43221e-11
6.69246e-07
6.5682e-11
6.69243e-07
7.84371e-11
6.69241e-07
9.28548e-11
6.69238e-07
1.09235e-10
6.69234e-07
1.27914e-10
6.6923e-07
1.49271e-10
6.69225e-07
1.7373e-10
6.69219e-07
2.01767e-10
6.69212e-07
2.33912e-10
6.69204e-07
2.70755e-10
6.69195e-07
3.12942e-10
6.69185e-07
3.61176e-10
6.69173e-07
4.1621e-10
6.69159e-07
4.78837e-10
6.69143e-07
5.49863e-10
6.69125e-07
6.30078e-10
6.69104e-07
7.20201e-10
6.6908e-07
8.20806e-10
6.69053e-07
9.32224e-10
6.69022e-07
1.0544e-09
6.68987e-07
1.18671e-09
6.68947e-07
1.32778e-09
6.68902e-07
1.47518e-09
6.68852e-07
1.6252e-09
6.68795e-07
1.77257e-09
6.68731e-07
1.91025e-09
6.68661e-07
2.02937e-09
6.68582e-07
2.11926e-09
6.68495e-07
2.16787e-09
6.68398e-07
2.16243e-09
6.68292e-07
2.09057e-09
6.68177e-07
1.94163e-09
6.68051e-07
1.70859e-09
6.67914e-07
1.38934e-09
6.67766e-07
9.89293e-10
6.67607e-07
5.20414e-10
6.67436e-07
5.83053e-12
6.67254e-07
-5.30613e-10
6.67061e-07
-1.04423e-09
6.66857e-07
-1.52246e-09
6.66653e-07
-1.86091e-09
6.66441e-07
-2.15359e-09
-1.94651e-09
6.71985e-07
1.7596e-09
6.72218e-07
1.9283e-09
6.72441e-07
1.64229e-09
6.72662e-07
1.30594e-09
6.7287e-07
8.4419e-10
6.73066e-07
3.4454e-10
6.73248e-07
-1.76542e-10
6.73417e-07
-6.78214e-10
6.73573e-07
-1.13547e-09
6.73717e-07
-1.52563e-09
6.73848e-07
-1.83606e-09
6.73968e-07
-2.06111e-09
6.74077e-07
-2.20246e-09
6.74176e-07
-2.26695e-09
6.74266e-07
-2.2651e-09
6.74346e-07
-2.20923e-09
6.74418e-07
-2.11214e-09
6.74483e-07
-1.98595e-09
6.74541e-07
-1.84139e-09
6.74592e-07
-1.68743e-09
6.74637e-07
-1.53116e-09
6.74678e-07
-1.37791e-09
6.74713e-07
-1.23142e-09
6.74745e-07
-1.09411e-09
6.74772e-07
-9.67393e-10
6.74797e-07
-8.51858e-10
6.74818e-07
-7.47544e-10
6.74836e-07
-6.54098e-10
6.74853e-07
-5.70916e-10
6.74867e-07
-4.97251e-10
6.74879e-07
-4.32284e-10
6.7489e-07
-3.75179e-10
6.74899e-07
-3.25119e-10
6.74907e-07
-2.81323e-10
6.74914e-07
-2.43066e-10
6.7492e-07
-2.09679e-10
6.74925e-07
-1.80554e-10
6.74929e-07
-1.55142e-10
6.74933e-07
-1.32953e-10
6.74936e-07
-1.13545e-10
6.74939e-07
-9.65291e-11
6.74941e-07
-8.15556e-11
6.74943e-07
-6.83144e-11
6.74944e-07
-5.65287e-11
6.74946e-07
-4.59501e-11
6.74947e-07
-3.63546e-11
6.74948e-07
-2.7538e-11
6.74948e-07
-1.93122e-11
6.74948e-07
-1.15016e-11
6.74948e-07
-3.93899e-12
6.74948e-07
3.53742e-12
6.74948e-07
1.10875e-11
6.74948e-07
1.88729e-11
6.74947e-07
2.70602e-11
6.74946e-07
3.58247e-11
6.74945e-07
4.53536e-11
6.74943e-07
5.58501e-11
6.74941e-07
6.75369e-11
6.74939e-07
8.06612e-11
6.74936e-07
9.54982e-11
6.74933e-07
1.12357e-10
6.7493e-07
1.31582e-10
6.74925e-07
1.53565e-10
6.7492e-07
1.78742e-10
6.74914e-07
2.07601e-10
6.74908e-07
2.40689e-10
6.749e-07
2.78609e-10
6.74891e-07
3.22027e-10
6.7488e-07
3.71666e-10
6.74868e-07
4.28301e-10
6.74854e-07
4.92746e-10
6.74838e-07
5.65835e-10
6.7482e-07
6.48385e-10
6.74799e-07
7.41144e-10
6.74775e-07
8.44721e-10
6.74748e-07
9.59477e-10
6.74717e-07
1.08539e-09
6.74682e-07
1.22189e-09
6.74642e-07
1.36762e-09
6.74597e-07
1.5202e-09
6.74546e-07
1.67596e-09
6.74489e-07
1.82966e-09
6.74425e-07
1.97429e-09
6.74353e-07
2.10099e-09
6.74274e-07
2.1991e-09
6.74185e-07
2.25659e-09
6.74087e-07
2.26067e-09
6.73978e-07
2.19896e-09
6.73859e-07
2.06079e-09
6.73728e-07
1.83913e-09
6.73585e-07
1.53196e-09
6.7343e-07
1.1446e-09
6.73262e-07
6.89313e-10
6.7308e-07
1.8855e-10
6.72884e-07
-3.32792e-10
6.72677e-07
-8.33759e-10
6.72456e-07
-1.29768e-09
6.72233e-07
-1.6364e-09
6.72e-07
-1.92474e-09
-1.75752e-09
6.77142e-07
1.55537e-09
6.77395e-07
1.67935e-09
6.77636e-07
1.3995e-09
6.77874e-07
1.06401e-09
6.78097e-07
6.18803e-10
6.78305e-07
1.33715e-10
6.78498e-07
-3.70358e-10
6.78676e-07
-8.56485e-10
6.78839e-07
-1.29856e-09
6.78988e-07
-1.67462e-09
6.79124e-07
-1.97174e-09
6.79247e-07
-2.18436e-09
6.79359e-07
-2.31408e-09
6.7946e-07
-2.36774e-09
6.7955e-07
-2.35583e-09
6.79632e-07
-2.29068e-09
6.79705e-07
-2.18506e-09
6.7977e-07
-2.05107e-09
6.79828e-07
-1.8994e-09
6.79879e-07
-1.73899e-09
6.79925e-07
-1.5769e-09
6.79966e-07
-1.4184e-09
6.80001e-07
-1.26718e-09
6.80033e-07
-1.12565e-09
6.80061e-07
-9.95138e-10
6.80085e-07
-8.76222e-10
6.80106e-07
-7.68897e-10
6.80125e-07
-6.72775e-10
6.80141e-07
-5.87222e-10
6.80156e-07
-5.11458e-10
6.80168e-07
-4.44639e-10
6.80179e-07
-3.85903e-10
6.80188e-07
-3.34409e-10
6.80196e-07
-2.89357e-10
6.80203e-07
-2.49998e-10
6.80209e-07
-2.15648e-10
6.80214e-07
-1.85682e-10
6.80218e-07
-1.59537e-10
6.80222e-07
-1.36706e-10
6.80225e-07
-1.1674e-10
6.80228e-07
-9.92348e-11
6.8023e-07
-8.38327e-11
6.80232e-07
-7.02145e-11
6.80234e-07
-5.80953e-11
6.80235e-07
-4.72194e-11
6.80236e-07
-3.73561e-11
6.80237e-07
-2.82952e-11
6.80237e-07
-1.98432e-11
6.80238e-07
-1.18188e-11
6.80238e-07
-4.05005e-12
6.80238e-07
3.62983e-12
6.80237e-07
1.13855e-11
6.80237e-07
1.93835e-11
6.80236e-07
2.77954e-11
6.80235e-07
3.68017e-11
6.80234e-07
4.65953e-11
6.80232e-07
5.73853e-11
6.80231e-07
6.94011e-11
6.80228e-07
8.28969e-11
6.80226e-07
9.8156e-11
6.80223e-07
1.15496e-10
6.80219e-07
1.35272e-10
6.80215e-07
1.57885e-10
6.8021e-07
1.83784e-10
6.80204e-07
2.13471e-10
6.80197e-07
2.47507e-10
6.80189e-07
2.86512e-10
6.8018e-07
3.31168e-10
6.80169e-07
3.8222e-10
6.80157e-07
4.40462e-10
6.80143e-07
5.06734e-10
6.80127e-07
5.81894e-10
6.80109e-07
6.66786e-10
6.80088e-07
7.62189e-10
6.80063e-07
8.68742e-10
6.80036e-07
9.86843e-10
6.80005e-07
1.11651e-09
6.7997e-07
1.2572e-09
6.7993e-07
1.40762e-09
6.79884e-07
1.56541e-09
6.79833e-07
1.72696e-09
6.79776e-07
1.88707e-09
6.79712e-07
2.03877e-09
6.79639e-07
2.17324e-09
6.79559e-07
2.27986e-09
6.79469e-07
2.34661e-09
6.79369e-07
2.36072e-09
6.79258e-07
2.30983e-09
6.79135e-07
2.1833e-09
6.79e-07
1.97408e-09
6.78852e-07
1.68025e-09
6.78689e-07
1.30702e-09
6.78512e-07
8.6697e-10
6.7832e-07
3.81814e-10
6.78112e-07
-1.22448e-10
6.7789e-07
-6.0879e-10
6.77652e-07
-1.05609e-09
6.77411e-07
-1.39388e-09
6.77158e-07
-1.67595e-09
-1.55337e-09
6.81902e-07
1.33639e-09
6.82176e-07
1.41059e-09
6.82435e-07
1.13915e-09
6.82689e-07
8.05851e-10
6.82925e-07
3.79529e-10
6.83146e-07
-8.90616e-11
6.83349e-07
-5.7422e-10
6.83535e-07
-1.04308e-09
6.83705e-07
-1.4684e-09
6.83859e-07
-1.82897e-09
6.83999e-07
-2.11158e-09
6.84126e-07
-2.31075e-09
6.8424e-07
-2.42802e-09
6.84342e-07
-2.47021e-09
6.84434e-07
-2.44776e-09
6.84516e-07
-2.37298e-09
6.8459e-07
-2.25858e-09
6.84655e-07
-2.11662e-09
6.84714e-07
-1.95774e-09
6.84765e-07
-1.79081e-09
6.84811e-07
-1.62285e-09
6.84852e-07
-1.45907e-09
6.84888e-07
-1.30312e-09
6.8492e-07
-1.15734e-09
6.84948e-07
-1.02304e-09
6.84972e-07
-9.00734e-10
6.84994e-07
-7.90389e-10
6.85012e-07
-6.91582e-10
6.85029e-07
-6.03646e-10
6.85043e-07
-5.25774e-10
6.85056e-07
-4.57092e-10
6.85066e-07
-3.96715e-10
6.85076e-07
-3.43777e-10
6.85084e-07
-2.97457e-10
6.85091e-07
-2.56989e-10
6.85097e-07
-2.21668e-10
6.85102e-07
-1.90854e-10
6.85107e-07
-1.63968e-10
6.8511e-07
-1.40491e-10
6.85114e-07
-1.1996e-10
6.85116e-07
-1.01962e-10
6.85119e-07
-8.61273e-11
6.8512e-07
-7.21289e-11
6.85122e-07
-5.96733e-11
6.85123e-07
-4.84977e-11
6.85124e-07
-3.83646e-11
6.85125e-07
-2.90578e-11
6.85126e-07
-2.03779e-11
6.85126e-07
-1.21384e-11
6.85126e-07
-4.16219e-12
6.85126e-07
3.72241e-12
6.85126e-07
1.1685e-11
6.85125e-07
1.98968e-11
6.85124e-07
2.85348e-11
6.85123e-07
3.77846e-11
6.85122e-07
4.78448e-11
6.85121e-07
5.89305e-11
6.85119e-07
7.12778e-11
6.85117e-07
8.51481e-11
6.85114e-07
1.00833e-10
6.85111e-07
1.18658e-10
6.85107e-07
1.38989e-10
6.85103e-07
1.62238e-10
6.85098e-07
1.88866e-10
6.85092e-07
2.19387e-10
6.85085e-07
2.54378e-10
6.85077e-07
2.94476e-10
6.85068e-07
3.4038e-10
6.85057e-07
3.92853e-10
6.85045e-07
4.52713e-10
6.85031e-07
5.20821e-10
6.85014e-07
5.98061e-10
6.84996e-07
6.85304e-10
6.84975e-07
7.83359e-10
6.84951e-07
8.92896e-10
6.84923e-07
1.01435e-09
6.84892e-07
1.14777e-09
6.84856e-07
1.29267e-09
6.84816e-07
1.44778e-09
6.84771e-07
1.61081e-09
6.84719e-07
1.77819e-09
6.84662e-07
1.94478e-09
6.84597e-07
2.10366e-09
6.84524e-07
2.24607e-09
6.84443e-07
2.36144e-09
6.84351e-07
2.4378e-09
6.8425e-07
2.46243e-09
6.84137e-07
2.423e-09
6.84011e-07
2.30891e-09
6.83872e-07
2.11314e-09
6.83718e-07
1.83385e-09
6.83549e-07
1.47615e-09
6.83363e-07
1.05292e-09
6.83161e-07
5.85095e-10
6.82941e-07
9.98276e-11
6.82706e-07
-3.69943e-10
6.82451e-07
-7.98276e-10
6.82193e-07
-1.13382e-09
6.81919e-07
-1.40737e-09
-1.33448e-09
6.86272e-07
1.10317e-09
6.86566e-07
1.12222e-09
6.86842e-07
8.61793e-10
6.87112e-07
5.32163e-10
6.87361e-07
1.27062e-10
6.87593e-07
-3.23132e-10
6.87805e-07
-7.87547e-10
6.87999e-07
-1.23749e-09
6.88175e-07
-1.64454e-09
6.88335e-07
-1.98829e-09
6.88479e-07
-2.25522e-09
6.88608e-07
-2.44e-09
6.88724e-07
-2.54406e-09
6.88828e-07
-2.57418e-09
6.88921e-07
-2.54076e-09
6.89004e-07
-2.45602e-09
6.89078e-07
-2.33263e-09
6.89144e-07
-2.18256e-09
6.89203e-07
-2.01638e-09
6.89255e-07
-1.84289e-09
6.89301e-07
-1.66903e-09
6.89342e-07
-1.49995e-09
6.89378e-07
-1.33926e-09
6.8941e-07
-1.18923e-09
6.89438e-07
-1.05112e-09
6.89463e-07
-9.25422e-10
6.89484e-07
-8.12048e-10
6.89503e-07
-7.10545e-10
6.8952e-07
-6.20214e-10
6.89534e-07
-5.4022e-10
6.89547e-07
-4.69663e-10
6.89558e-07
-4.07632e-10
6.89567e-07
-3.53238e-10
6.89575e-07
-3.0564e-10
6.89583e-07
-2.64051e-10
6.89589e-07
-2.27749e-10
6.89594e-07
-1.96078e-10
6.89598e-07
-1.68443e-10
6.89602e-07
-1.44313e-10
6.89605e-07
-1.23212e-10
6.89608e-07
-1.04715e-10
6.8961e-07
-8.84439e-11
6.89612e-07
-7.40612e-11
6.89614e-07
-6.12659e-11
6.89615e-07
-4.97877e-11
6.89616e-07
-3.93823e-11
6.89617e-07
-2.98272e-11
6.89618e-07
-2.09174e-11
6.89618e-07
-1.24611e-11
6.89618e-07
-4.27568e-12
6.89618e-07
3.81531e-12
6.89618e-07
1.19864e-11
6.89617e-07
2.04139e-11
6.89616e-07
2.92799e-11
6.89615e-07
3.87753e-11
6.89614e-07
4.91045e-11
6.89613e-07
6.04886e-11
6.89611e-07
7.31706e-11
6.89608e-07
8.74191e-11
6.89606e-07
1.03534e-10
6.89603e-07
1.21849e-10
6.89599e-07
1.42741e-10
6.89594e-07
1.66632e-10
6.89589e-07
1.93995e-10
6.89583e-07
2.2536e-10
6.89576e-07
2.61315e-10
6.89568e-07
3.02515e-10
6.89559e-07
3.49677e-10
6.89548e-07
4.03583e-10
6.89536e-07
4.65072e-10
6.89522e-07
5.35028e-10
6.89505e-07
6.1436e-10
6.89487e-07
7.03965e-10
6.89465e-07
8.04681e-10
6.89441e-07
9.17212e-10
6.89413e-07
1.04202e-09
6.89382e-07
1.17921e-09
6.89346e-07
1.32832e-09
6.89306e-07
1.48813e-09
6.8926e-07
1.65642e-09
6.89209e-07
1.82966e-09
6.89151e-07
2.00277e-09
6.89086e-07
2.16892e-09
6.89012e-07
2.31941e-09
6.8893e-07
2.44374e-09
6.88838e-07
2.53002e-09
6.88735e-07
2.56561e-09
6.88619e-07
2.53822e-09
6.88491e-07
2.43735e-09
6.88348e-07
2.25597e-09
6.88189e-07
1.99237e-09
6.88014e-07
1.65154e-09
6.87821e-07
1.24664e-09
6.87609e-07
7.97814e-10
6.87378e-07
3.33382e-10
6.87129e-07
-1.17907e-10
6.86859e-07
-5.24925e-10
6.86584e-07
-8.56738e-10
6.86289e-07
-1.11915e-09
-1.10135e-09
6.90256e-07
8.563e-10
6.90571e-07
8.14435e-10
6.90863e-07
5.6803e-10
6.91148e-07
2.43719e-10
6.91409e-07
-1.3783e-10
6.91652e-07
-5.6778e-10
6.91873e-07
-1.00971e-09
6.92074e-07
-1.43915e-09
6.92256e-07
-1.82649e-09
6.9242e-07
-2.15214e-09
6.92567e-07
-2.40231e-09
6.92699e-07
-2.57181e-09
6.92817e-07
-2.66194e-09
6.92923e-07
-2.67946e-09
6.93016e-07
-2.63467e-09
6.931e-07
-2.53972e-09
6.93175e-07
-2.40715e-09
6.93241e-07
-2.24885e-09
6.933e-07
-2.0753e-09
6.93352e-07
-1.89521e-09
6.93399e-07
-1.71544e-09
6.9344e-07
-1.54107e-09
6.93476e-07
-1.37562e-09
6.93508e-07
-1.22134e-09
6.93536e-07
-1.07942e-09
6.93561e-07
-9.50316e-10
6.93583e-07
-8.33902e-10
6.93602e-07
-7.2969e-10
6.93619e-07
-6.36951e-10
6.93634e-07
-5.5482e-10
6.93646e-07
-4.82373e-10
6.93657e-07
-4.18672e-10
6.93667e-07
-3.62808e-10
6.93675e-07
-3.13918e-10
6.93682e-07
-2.71196e-10
6.93689e-07
-2.33903e-10
6.93694e-07
-2.01364e-10
6.93698e-07
-1.72972e-10
6.93702e-07
-1.48181e-10
6.93706e-07
-1.26503e-10
6.93708e-07
-1.07501e-10
6.93711e-07
-9.07871e-11
6.93713e-07
-7.60156e-11
6.93714e-07
-6.28765e-11
6.93716e-07
-5.1092e-11
6.93717e-07
-4.04112e-11
6.93717e-07
-3.06052e-11
6.93718e-07
-2.14631e-11
6.93718e-07
-1.27875e-11
6.93718e-07
-4.39077e-12
6.93718e-07
3.90871e-12
6.93718e-07
1.22905e-11
6.93717e-07
2.09359e-11
6.93717e-07
3.00322e-11
6.93716e-07
3.97759e-11
6.93714e-07
5.03769e-11
6.93713e-07
6.2063e-11
6.93711e-07
7.50835e-11
6.93709e-07
8.97146e-11
6.93706e-07
1.06264e-10
6.93703e-07
1.25075e-10
6.93699e-07
1.46535e-10
6.93694e-07
1.71076e-10
6.93689e-07
1.99183e-10
6.93683e-07
2.314e-10
6.93676e-07
2.6833e-10
6.93668e-07
3.10643e-10
6.93659e-07
3.59076e-10
6.93648e-07
4.14428e-10
6.93635e-07
4.7756e-10
6.93621e-07
5.49378e-10
6.93604e-07
6.30815e-10
6.93586e-07
7.22795e-10
6.93564e-07
8.26185e-10
6.9354e-07
9.41718e-10
6.93512e-07
1.0699e-09
6.9348e-07
1.21085e-09
6.93444e-07
1.36418e-09
6.93404e-07
1.5287e-09
6.93358e-07
1.70224e-09
6.93306e-07
1.88135e-09
6.93248e-07
2.06103e-09
6.93182e-07
2.23451e-09
6.93109e-07
2.39319e-09
6.93026e-07
2.52667e-09
6.92933e-07
2.62314e-09
6.92828e-07
2.67007e-09
6.92711e-07
2.65526e-09
6.9258e-07
2.5683e-09
6.92434e-07
2.40221e-09
6.9227e-07
2.15539e-09
6.92089e-07
1.83269e-09
6.91889e-07
1.44757e-09
6.91669e-07
1.01934e-09
6.91427e-07
5.77504e-10
6.91165e-07
1.46554e-10
6.90881e-07
-2.36808e-10
6.90589e-07
-5.6324e-10
6.90274e-07
-8.11529e-10
-8.5457e-10
6.93859e-07
5.96497e-10
6.94194e-07
4.87485e-10
6.94502e-07
2.58562e-10
6.94801e-07
-5.86112e-11
6.95074e-07
-4.14308e-10
6.95327e-07
-8.22235e-10
6.95556e-07
-1.24002e-09
6.95764e-07
-1.64745e-09
6.95951e-07
-2.01371e-09
6.96119e-07
-2.32006e-09
6.9627e-07
-2.55246e-09
6.96404e-07
-2.70584e-09
6.96523e-07
-2.7814e-09
6.9663e-07
-2.78584e-09
6.96724e-07
-2.72935e-09
6.96808e-07
-2.62394e-09
6.96883e-07
-2.48206e-09
6.9695e-07
-2.31546e-09
6.97009e-07
-2.1345e-09
6.97062e-07
-1.94779e-09
6.97108e-07
-1.7621e-09
6.9715e-07
-1.58243e-09
6.97186e-07
-1.41224e-09
6.97219e-07
-1.2537e-09
6.97247e-07
-1.10797e-09
6.97272e-07
-9.75449e-10
6.97294e-07
-8.55982e-10
6.97314e-07
-7.49047e-10
6.97331e-07
-6.53883e-10
6.97346e-07
-5.69599e-10
6.97358e-07
-4.95243e-10
6.9737e-07
-4.29856e-10
6.97379e-07
-3.72506e-10
6.97388e-07
-3.22309e-10
6.97395e-07
-2.7844e-10
6.97401e-07
-2.40141e-10
6.97407e-07
-2.06724e-10
6.97411e-07
-1.77564e-10
6.97415e-07
-1.52102e-10
6.97418e-07
-1.29838e-10
6.97421e-07
-1.10324e-10
6.97424e-07
-9.31621e-11
6.97426e-07
-7.79962e-11
6.97427e-07
-6.45085e-11
6.97429e-07
-5.24137e-11
6.9743e-07
-4.14537e-11
6.9743e-07
-3.13934e-11
6.97431e-07
-2.2016e-11
6.97431e-07
-1.31184e-11
6.97431e-07
-4.50775e-12
6.97431e-07
4.0028e-12
6.97431e-07
1.25978e-11
6.9743e-07
2.14639e-11
6.9743e-07
3.07934e-11
6.97429e-07
4.07885e-11
6.97427e-07
5.1665e-11
6.97426e-07
6.36569e-11
6.97424e-07
7.70205e-11
6.97422e-07
9.20394e-11
6.97419e-07
1.09029e-10
6.97415e-07
1.28344e-10
6.97412e-07
1.50379e-10
6.97407e-07
1.75578e-10
6.97402e-07
2.04439e-10
6.97396e-07
2.37519e-10
6.97389e-07
2.75436e-10
6.9738e-07
3.18876e-10
6.97371e-07
3.68594e-10
6.9736e-07
4.25407e-10
6.97347e-07
4.90198e-10
6.97333e-07
5.63894e-10
6.97316e-07
6.47453e-10
6.97297e-07
7.41823e-10
6.97275e-07
8.47899e-10
6.97251e-07
9.66445e-10
6.97223e-07
1.098e-09
6.97191e-07
1.24273e-09
6.97155e-07
1.40026e-09
6.97114e-07
1.56949e-09
6.97068e-07
1.74829e-09
6.97016e-07
1.93328e-09
6.96957e-07
2.11953e-09
6.96891e-07
2.30039e-09
6.96817e-07
2.46733e-09
6.96734e-07
2.61009e-09
6.9664e-07
2.71699e-09
6.96535e-07
2.7756e-09
6.96416e-07
2.77385e-09
6.96283e-07
2.70144e-09
6.96133e-07
2.55147e-09
6.95966e-07
2.32244e-09
6.9578e-07
2.01909e-09
6.95573e-07
1.65512e-09
6.95344e-07
1.249e-09
6.95092e-07
8.31423e-10
6.94819e-07
4.22605e-10
6.94521e-07
6.52094e-11
6.94214e-07
-2.54024e-10
6.93879e-07
-4.84731e-10
-5.94863e-10
6.97087e-07
3.24625e-10
6.97442e-07
1.41626e-10
6.97765e-07
-6.58152e-11
6.98076e-07
-3.73859e-10
6.98361e-07
-7.01465e-10
6.98622e-07
-1.08567e-09
6.98859e-07
-1.47776e-09
6.99073e-07
-1.86175e-09
6.99265e-07
-2.20565e-09
6.99436e-07
-2.49156e-09
6.99589e-07
-2.70524e-09
6.99725e-07
-2.84174e-09
6.99846e-07
-2.90214e-09
6.99953e-07
-2.89309e-09
7.00049e-07
-2.8246e-09
7.00133e-07
-2.70857e-09
7.00208e-07
-2.55727e-09
7.00275e-07
-2.38232e-09
7.00335e-07
-2.19394e-09
7.00387e-07
-2.00063e-09
7.00434e-07
-1.80903e-09
7.00476e-07
-1.62407e-09
7.00513e-07
-1.44914e-09
7.00546e-07
-1.28635e-09
7.00574e-07
-1.1368e-09
7.006e-07
-1.00085e-09
7.00622e-07
-8.78321e-10
7.00642e-07
-7.68646e-10
7.00659e-07
-6.71038e-10
7.00674e-07
-5.84581e-10
7.00687e-07
-5.08297e-10
7.00698e-07
-4.41205e-10
7.00708e-07
-3.8235e-10
7.00717e-07
-3.30828e-10
7.00724e-07
-2.85795e-10
7.0073e-07
-2.46477e-10
7.00736e-07
-2.12168e-10
7.00741e-07
-1.82228e-10
7.00744e-07
-1.56086e-10
7.00748e-07
-1.33226e-10
7.00751e-07
-1.13192e-10
7.00753e-07
-9.55743e-11
7.00755e-07
-8.00077e-11
7.00757e-07
-6.61659e-11
7.00758e-07
-5.37558e-11
7.00759e-07
-4.25123e-11
7.0076e-07
-3.21939e-11
7.00761e-07
-2.25775e-11
7.00761e-07
-1.34547e-11
7.00761e-07
-4.62693e-12
7.00761e-07
4.09779e-12
7.00761e-07
1.29092e-11
7.0076e-07
2.19991e-11
7.00759e-07
3.15653e-11
7.00758e-07
4.18156e-11
7.00757e-07
5.29718e-11
7.00755e-07
6.52741e-11
7.00753e-07
7.8986e-11
7.00751e-07
9.43987e-11
7.00748e-07
1.11836e-10
7.00745e-07
1.31661e-10
7.00741e-07
1.5428e-10
7.00736e-07
1.80148e-10
7.00731e-07
2.09774e-10
7.00725e-07
2.43729e-10
7.00718e-07
2.82647e-10
7.00709e-07
3.2723e-10
7.007e-07
3.78249e-10
7.00689e-07
4.36541e-10
7.00676e-07
5.03009e-10
7.00661e-07
5.78602e-10
7.00644e-07
6.643e-10
7.00625e-07
7.61077e-10
7.00603e-07
8.69855e-10
7.00578e-07
9.91427e-10
7.0055e-07
1.12636e-09
7.00517e-07
1.27486e-09
7.00481e-07
1.43661e-09
7.0044e-07
1.61054e-09
7.00394e-07
1.79459e-09
7.00342e-07
1.98544e-09
7.00283e-07
2.17827e-09
7.00217e-07
2.3665e-09
7.00142e-07
2.54177e-09
7.00059e-07
2.69391e-09
6.99964e-07
2.8114e-09
6.99858e-07
2.88197e-09
6.99738e-07
2.89369e-09
6.99603e-07
2.83642e-09
6.99451e-07
2.70332e-09
6.9928e-07
2.49304e-09
6.99089e-07
2.21017e-09
6.98876e-07
1.86865e-09
6.9864e-07
1.48607e-09
6.98379e-07
1.09432e-09
6.98095e-07
7.09338e-10
6.97784e-07
3.80162e-10
6.97462e-07
7.012e-11
6.97107e-07
-1.39015e-10
-3.23089e-10
6.99943e-07
4.16238e-11
7.00317e-07
-2.22912e-10
7.00654e-07
-4.0419e-10
7.00978e-07
-7.00956e-10
7.01272e-07
-9.98323e-10
7.01542e-07
-1.35723e-09
7.01785e-07
-1.72216e-09
7.02005e-07
-2.08137e-09
7.02201e-07
-2.40169e-09
7.02375e-07
-2.66611e-09
7.0253e-07
-2.86018e-09
7.02668e-07
-2.97912e-09
7.02789e-07
-3.02387e-09
7.02897e-07
-3.00096e-09
7.02993e-07
-2.92026e-09
7.03078e-07
-2.79347e-09
7.03153e-07
-2.63271e-09
7.0322e-07
-2.44939e-09
7.0328e-07
-2.25361e-09
7.03333e-07
-2.05371e-09
7.0338e-07
-1.85623e-09
7.03422e-07
-1.66601e-09
7.03459e-07
-1.48635e-09
7.03492e-07
-1.31931e-09
7.03522e-07
-1.16594e-09
7.03547e-07
-1.02657e-09
7.0357e-07
-9.00952e-10
7.0359e-07
-7.88518e-10
7.03607e-07
-6.88447e-10
7.03622e-07
-5.99794e-10
7.03636e-07
-5.2156e-10
7.03647e-07
-4.5274e-10
7.03657e-07
-3.92359e-10
7.03666e-07
-3.39493e-10
7.03673e-07
-2.93279e-10
7.0368e-07
-2.52925e-10
7.03685e-07
-2.17708e-10
7.0369e-07
-1.86975e-10
7.03694e-07
-1.6014e-10
7.03698e-07
-1.36675e-10
7.03701e-07
-1.16111e-10
7.03703e-07
-9.80295e-11
7.03705e-07
-8.20549e-11
7.03707e-07
-6.78526e-11
7.03708e-07
-5.51216e-11
7.03709e-07
-4.35897e-11
7.0371e-07
-3.30085e-11
7.03711e-07
-2.31492e-11
7.03711e-07
-1.37972e-11
7.03711e-07
-4.74864e-12
7.03711e-07
4.19388e-12
7.03711e-07
1.32253e-11
7.0371e-07
2.25429e-11
7.03709e-07
3.23498e-11
7.03708e-07
4.28597e-11
7.03707e-07
5.43003e-11
7.03705e-07
6.69185e-11
7.03703e-07
8.09848e-11
7.03701e-07
9.67981e-11
7.03698e-07
1.14691e-10
7.03695e-07
1.35036e-10
7.03691e-07
1.58248e-10
7.03686e-07
1.84796e-10
7.03681e-07
2.152e-10
7.03674e-07
2.50045e-10
7.03667e-07
2.8998e-10
7.03658e-07
3.35722e-10
7.03649e-07
3.8806e-10
7.03637e-07
4.47851e-10
7.03624e-07
5.16017e-10
7.03609e-07
5.93527e-10
7.03592e-07
6.81385e-10
7.03573e-07
7.8059e-10
7.03551e-07
8.92086e-10
7.03525e-07
1.0167e-09
7.03497e-07
1.15502e-09
7.03464e-07
1.3073e-09
7.03428e-07
1.47325e-09
7.03386e-07
1.65186e-09
7.0334e-07
1.84113e-09
7.03287e-07
2.03782e-09
7.03228e-07
2.2372e-09
7.03162e-07
2.43281e-09
7.03087e-07
2.61639e-09
7.03003e-07
2.77798e-09
7.02909e-07
2.90618e-09
7.02802e-07
2.98894e-09
7.02681e-07
3.01449e-09
7.02544e-07
2.97286e-09
7.0239e-07
2.85732e-09
7.02216e-07
2.66665e-09
7.02021e-07
2.40532e-09
7.01803e-07
2.08746e-09
7.0156e-07
1.72978e-09
7.01291e-07
1.36532e-09
7.00997e-07
1.00578e-09
7.00674e-07
7.06981e-10
7.00338e-07
4.08284e-10
6.99964e-07
2.25394e-10
-4.01866e-11
7.02432e-07
-2.51707e-10
7.02824e-07
-6.06006e-10
7.03174e-07
-7.55531e-10
7.03508e-07
-1.03873e-09
7.03812e-07
-1.30383e-09
7.04089e-07
-1.63597e-09
7.04339e-07
-1.97241e-09
7.04562e-07
-2.30558e-09
7.04762e-07
-2.60118e-09
7.04939e-07
-2.84313e-09
7.05096e-07
-3.01681e-09
7.05234e-07
-3.11757e-09
7.05357e-07
-3.14623e-09
7.05465e-07
-3.10919e-09
7.05561e-07
-3.01611e-09
7.05646e-07
-2.87851e-09
7.05721e-07
-2.70826e-09
7.05789e-07
-2.51662e-09
7.05848e-07
-2.31347e-09
7.05902e-07
-2.10703e-09
7.05949e-07
-1.90372e-09
7.05992e-07
-1.70827e-09
7.06029e-07
-1.52391e-09
7.06062e-07
-1.35263e-09
7.06092e-07
-1.19544e-09
7.06118e-07
-1.05262e-09
7.06141e-07
-9.23909e-10
7.06161e-07
-8.08696e-10
7.06179e-07
-7.06137e-10
7.06194e-07
-6.15264e-10
7.06208e-07
-5.35055e-10
7.0622e-07
-4.64484e-10
7.0623e-07
-4.02554e-10
7.06239e-07
-3.48321e-10
7.06246e-07
-3.00906e-10
7.06253e-07
-2.59497e-10
7.06258e-07
-2.23357e-10
7.06263e-07
-1.91816e-10
7.06267e-07
-1.64274e-10
7.06271e-07
-1.40192e-10
7.06274e-07
-1.19089e-10
7.06276e-07
-1.00534e-10
7.06278e-07
-8.4143e-11
7.0628e-07
-6.95731e-11
7.06282e-07
-5.65148e-11
7.06283e-07
-4.46886e-11
7.06284e-07
-3.38396e-11
7.06284e-07
-2.37324e-11
7.06284e-07
-1.41468e-11
7.06285e-07
-4.87323e-12
7.06284e-07
4.2913e-12
7.06284e-07
1.35471e-11
7.06284e-07
2.30966e-11
7.06283e-07
3.3149e-11
7.06282e-07
4.39234e-11
7.0628e-07
5.5654e-11
7.06279e-07
6.85943e-11
7.06277e-07
8.30218e-11
7.06274e-07
9.92436e-11
7.06271e-07
1.17601e-10
7.06268e-07
1.38475e-10
7.06264e-07
1.62293e-10
7.06259e-07
1.89532e-10
7.06254e-07
2.20729e-10
7.06247e-07
2.56479e-10
7.0624e-07
2.97448e-10
7.06231e-07
3.44368e-10
7.06221e-07
3.98047e-10
7.0621e-07
4.59359e-10
7.06196e-07
5.29245e-10
7.06181e-07
6.08696e-10
7.06164e-07
6.98738e-10
7.06144e-07
8.0039e-10
7.06121e-07
9.14625e-10
7.06096e-07
1.04229e-09
7.06067e-07
1.18401e-09
7.06034e-07
1.34007e-09
7.05997e-07
1.51022e-09
7.05955e-07
1.69349e-09
7.05909e-07
1.88794e-09
7.05856e-07
2.09043e-09
7.05797e-07
2.2963e-09
7.05731e-07
2.49924e-09
7.05656e-07
2.69112e-09
7.05572e-07
2.86215e-09
7.05477e-07
3.00115e-09
7.05369e-07
3.09625e-09
7.05248e-07
3.1359e-09
7.0511e-07
3.11035e-09
7.04955e-07
3.01298e-09
7.04778e-07
2.84271e-09
7.0458e-07
2.6039e-09
7.04357e-07
2.31084e-09
7.04108e-07
1.97932e-09
7.03832e-07
1.64349e-09
7.03529e-07
1.31086e-09
7.03195e-07
1.0445e-09
7.02846e-07
7.59437e-10
7.02454e-07
6.08383e-10
2.53047e-10
7.04557e-07
-5.55011e-10
7.04967e-07
-1.00773e-09
7.05328e-07
-1.11862e-09
7.05672e-07
-1.38592e-09
7.05983e-07
-1.61687e-09
7.06267e-07
-1.92091e-09
7.06522e-07
-2.22764e-09
7.0675e-07
-2.53361e-09
7.06952e-07
-2.80345e-09
7.07131e-07
-3.02203e-09
7.07289e-07
-3.17461e-09
7.07428e-07
-3.25667e-09
7.07551e-07
-3.26888e-09
7.07659e-07
-3.2175e-09
7.07755e-07
-3.11196e-09
7.0784e-07
-2.96352e-09
7.07916e-07
-2.78384e-09
7.07983e-07
-2.58393e-09
7.08043e-07
-2.3735e-09
7.08096e-07
-2.1606e-09
7.08144e-07
-1.95151e-09
7.08187e-07
-1.75087e-09
7.08225e-07
-1.56183e-09
7.08259e-07
-1.38633e-09
7.08288e-07
-1.22532e-09
7.08315e-07
-1.07905e-09
7.08338e-07
-9.47227e-10
7.08359e-07
-8.29212e-10
7.08377e-07
-7.24141e-10
7.08393e-07
-6.31021e-10
7.08406e-07
-5.48809e-10
7.08418e-07
-4.76459e-10
7.08429e-07
-4.12955e-10
7.08438e-07
-3.57332e-10
7.08445e-07
-3.08693e-10
7.08452e-07
-2.6621e-10
7.08458e-07
-2.29127e-10
7.08463e-07
-1.96762e-10
7.08467e-07
-1.68499e-10
7.08471e-07
-1.43787e-10
7.08474e-07
-1.22132e-10
7.08476e-07
-1.03093e-10
7.08478e-07
-8.62777e-11
7.0848e-07
-7.1332e-11
7.08482e-07
-5.79392e-11
7.08483e-07
-4.58123e-11
7.08484e-07
-3.46895e-11
7.08484e-07
-2.43291e-11
7.08485e-07
-1.45047e-11
7.08485e-07
-5.00108e-12
7.08485e-07
4.39032e-12
7.08484e-07
1.38753e-11
7.08484e-07
2.3662e-11
7.08483e-07
3.3965e-11
7.08482e-07
4.50098e-11
7.0848e-07
5.70367e-11
7.08479e-07
7.03059e-11
7.08477e-07
8.51026e-11
7.08474e-07
1.01741e-10
7.08471e-07
1.20573e-10
7.08468e-07
1.41987e-10
7.08464e-07
1.66423e-10
7.08459e-07
1.94368e-10
7.08453e-07
2.26373e-10
7.08446e-07
2.63046e-10
7.08439e-07
3.05068e-10
7.0843e-07
3.53188e-10
7.0842e-07
4.0823e-10
7.08408e-07
4.71087e-10
7.08395e-07
5.42718e-10
7.08379e-07
6.24137e-10
7.08362e-07
7.16387e-10
7.08341e-07
8.20512e-10
7.08318e-07
9.37504e-10
7.08293e-07
1.06824e-09
7.08263e-07
1.21337e-09
7.0823e-07
1.3732e-09
7.08193e-07
1.54752e-09
7.08151e-07
1.73543e-09
7.08104e-07
1.93503e-09
7.08051e-07
2.14325e-09
7.07992e-07
2.35555e-09
7.07925e-07
2.56573e-09
7.0785e-07
2.76585e-09
7.07766e-07
2.94629e-09
7.07671e-07
3.09608e-09
7.07564e-07
3.20362e-09
7.07442e-07
3.25759e-09
7.07304e-07
3.24845e-09
7.07147e-07
3.16977e-09
7.06969e-07
3.02063e-09
7.06768e-07
2.80523e-09
7.06541e-07
2.53801e-09
7.06287e-07
2.2338e-09
7.06004e-07
1.92785e-09
7.05693e-07
1.62347e-09
7.0535e-07
1.39143e-09
7.04989e-07
1.12236e-09
7.04579e-07
1.01003e-09
5.5627e-10
7.06322e-07
-8.69274e-10
7.06748e-07
-1.42828e-09
7.07119e-07
-1.49206e-09
7.07471e-07
-1.74116e-09
7.07789e-07
-1.93623e-09
7.08079e-07
-2.21103e-09
7.08338e-07
-2.48691e-09
7.08569e-07
-2.76463e-09
7.08773e-07
-3.00776e-09
7.08954e-07
-3.20218e-09
7.09112e-07
-3.33303e-09
7.09251e-07
-3.39595e-09
7.09374e-07
-3.39145e-09
7.09482e-07
-3.3256e-09
7.09578e-07
-3.20757e-09
7.09663e-07
-3.04835e-09
7.09738e-07
-2.85933e-09
7.09806e-07
-2.65127e-09
7.09866e-07
-2.43366e-09
7.0992e-07
-2.21439e-09
7.09968e-07
-1.99961e-09
7.10011e-07
-1.79384e-09
7.10049e-07
-1.60017e-09
7.10083e-07
-1.42045e-09
7.10113e-07
-1.25563e-09
7.1014e-07
-1.1059e-09
7.10164e-07
-9.70943e-10
7.10185e-07
-8.50104e-10
7.10203e-07
-7.42492e-10
7.10219e-07
-6.47096e-10
7.10233e-07
-5.62852e-10
7.10246e-07
-4.88694e-10
7.10256e-07
-4.23587e-10
7.10266e-07
-3.66548e-10
7.10274e-07
-3.16661e-10
7.1028e-07
-2.7308e-10
7.10286e-07
-2.35035e-10
7.10291e-07
-2.01827e-10
7.10296e-07
-1.72827e-10
7.10299e-07
-1.4747e-10
7.10302e-07
-1.2525e-10
7.10305e-07
-1.05717e-10
7.10307e-07
-8.84658e-11
7.10309e-07
-7.31352e-11
7.10311e-07
-5.93996e-11
7.10312e-07
-4.69646e-11
7.10313e-07
-3.55612e-11
7.10313e-07
-2.49412e-11
7.10314e-07
-1.48721e-11
7.10314e-07
-5.1327e-12
7.10314e-07
4.49123e-12
7.10313e-07
1.42111e-11
7.10313e-07
2.42407e-11
7.10312e-07
3.48007e-11
7.10311e-07
4.61224e-11
7.10309e-07
5.84528e-11
7.10308e-07
7.2059e-11
7.10305e-07
8.72336e-11
7.10303e-07
1.04299e-10
7.103e-07
1.23616e-10
7.10296e-07
1.45583e-10
7.10292e-07
1.7065e-10
7.10287e-07
1.99318e-10
7.10281e-07
2.32147e-10
7.10275e-07
2.69763e-10
7.10267e-07
3.12859e-10
7.10258e-07
3.62202e-10
7.10247e-07
4.18632e-10
7.10235e-07
4.83061e-10
7.10222e-07
5.56466e-10
7.10206e-07
6.3988e-10
7.10188e-07
7.34366e-10
7.10167e-07
8.40989e-10
7.10144e-07
9.60762e-10
7.10118e-07
1.09458e-09
7.10088e-07
1.24312e-09
7.10054e-07
1.40672e-09
7.10017e-07
1.58521e-09
7.09974e-07
1.77771e-09
7.09927e-07
1.9824e-09
7.09874e-07
2.19628e-09
7.09815e-07
2.41491e-09
7.09748e-07
2.63223e-09
7.09673e-07
2.84047e-09
7.09589e-07
3.03022e-09
7.09495e-07
3.19076e-09
7.09388e-07
3.31076e-09
7.09266e-07
3.37916e-09
7.09128e-07
3.38672e-09
7.0897e-07
3.32717e-09
7.08791e-07
3.19976e-09
7.08587e-07
3.00856e-09
7.08357e-07
2.76813e-09
7.08099e-07
2.49229e-09
7.0781e-07
2.21735e-09
7.07493e-07
1.94237e-09
7.07141e-07
1.7464e-09
7.06771e-07
1.49565e-09
7.06345e-07
1.43055e-09
8.70506e-10
7.07729e-07
-1.1972e-09
7.08171e-07
-1.86797e-09
7.08549e-07
-1.87406e-09
7.08909e-07
-2.10299e-09
7.09232e-07
-2.26066e-09
7.09527e-07
-2.50527e-09
7.09789e-07
-2.74929e-09
7.10023e-07
-2.99781e-09
7.10228e-07
-3.21339e-09
7.10409e-07
-3.38294e-09
7.10568e-07
-3.49154e-09
7.10707e-07
-3.53498e-09
7.10829e-07
-3.51357e-09
7.10937e-07
-3.43321e-09
7.11032e-07
-3.30273e-09
7.11116e-07
-3.13285e-09
7.11192e-07
-2.93463e-09
7.11259e-07
-2.71857e-09
7.11319e-07
-2.49393e-09
7.11374e-07
-2.26842e-09
7.11422e-07
-2.04804e-09
7.11465e-07
-1.83721e-09
7.11504e-07
-1.63894e-09
7.11539e-07
-1.45505e-09
7.1157e-07
-1.28641e-09
7.11597e-07
-1.13321e-09
7.11621e-07
-9.95103e-10
7.11642e-07
-8.71412e-10
7.11661e-07
-7.6123e-10
7.11678e-07
-6.63525e-10
7.11692e-07
-5.77216e-10
7.11705e-07
-5.01218e-10
7.11715e-07
-4.34478e-10
7.11725e-07
-3.75993e-10
7.11733e-07
-3.24831e-10
7.1174e-07
-2.80129e-10
7.11746e-07
-2.41099e-10
7.11751e-07
-2.07028e-10
7.11756e-07
-1.77272e-10
7.11759e-07
-1.51253e-10
7.11763e-07
-1.28455e-10
7.11765e-07
-1.08413e-10
7.11768e-07
-9.0715e-11
7.11769e-07
-7.4989e-11
7.11771e-07
-6.09013e-11
7.11772e-07
-4.81496e-11
7.11773e-07
-3.64578e-11
7.11774e-07
-2.5571e-11
7.11774e-07
-1.52504e-11
7.11774e-07
-5.26861e-12
7.11774e-07
4.59435e-12
7.11774e-07
1.45557e-11
7.11773e-07
2.4835e-11
7.11772e-07
3.5659e-11
7.11771e-07
4.72654e-11
7.1177e-07
5.99075e-11
7.11768e-07
7.38598e-11
7.11766e-07
8.94223e-11
7.11763e-07
1.06927e-10
7.1176e-07
1.26741e-10
7.11756e-07
1.49275e-10
7.11752e-07
1.74989e-10
7.11747e-07
2.04397e-10
7.11741e-07
2.3807e-10
7.11734e-07
2.7665e-10
7.11726e-07
3.20845e-10
7.11717e-07
3.71436e-10
7.11706e-07
4.29282e-10
7.11694e-07
4.95311e-10
7.1168e-07
5.70521e-10
7.11664e-07
6.55961e-10
7.11646e-07
7.52714e-10
7.11625e-07
8.61863e-10
7.11601e-07
9.84441e-10
7.11574e-07
1.12136e-09
7.11544e-07
1.27333e-09
7.1151e-07
1.44069e-09
7.11472e-07
1.62332e-09
7.11429e-07
1.82036e-09
7.11381e-07
2.03007e-09
7.11328e-07
2.24951e-09
7.11269e-07
2.47434e-09
7.11202e-07
2.69866e-09
7.11128e-07
2.91487e-09
7.11044e-07
3.11379e-09
7.1095e-07
3.28497e-09
7.10843e-07
3.41738e-09
7.10722e-07
3.50028e-09
7.10584e-07
3.52472e-09
7.10426e-07
3.48464e-09
7.10246e-07
3.37948e-09
7.10042e-07
3.21318e-09
7.09809e-07
3.00038e-09
7.09548e-07
2.75384e-09
7.09254e-07
2.51091e-09
7.08931e-07
2.26628e-09
7.08572e-07
2.10793e-09
7.08194e-07
1.8775e-09
7.07753e-07
1.87029e-09
1.19851e-09
7.08782e-07
-1.54051e-09
7.09235e-07
-2.32484e-09
7.09619e-07
-2.26228e-09
7.09985e-07
-2.47004e-09
7.10313e-07
-2.58901e-09
7.10611e-07
-2.80273e-09
7.10876e-07
-3.01392e-09
7.11111e-07
-3.2324e-09
7.11318e-07
-3.41962e-09
7.11499e-07
-3.56369e-09
7.11657e-07
-3.6496e-09
7.11795e-07
-3.67328e-09
7.11916e-07
-3.63487e-09
7.12023e-07
-3.54001e-09
7.12118e-07
-3.39722e-09
7.12202e-07
-3.21684e-09
7.12277e-07
-3.00961e-09
7.12344e-07
-2.78574e-09
7.12404e-07
-2.55426e-09
7.12459e-07
-2.32265e-09
7.12508e-07
-2.09678e-09
7.12551e-07
-1.88098e-09
7.12591e-07
-1.67817e-09
7.12626e-07
-1.49011e-09
7.12657e-07
-1.31767e-09
7.12685e-07
-1.16099e-09
7.1271e-07
-1.01972e-09
7.12731e-07
-8.93151e-10
7.12751e-07
-7.80367e-10
7.12767e-07
-6.80321e-10
7.12782e-07
-5.91914e-10
7.12795e-07
-5.14042e-10
7.12806e-07
-4.45636e-10
7.12816e-07
-3.85676e-10
7.12824e-07
-3.33211e-10
7.12831e-07
-2.87361e-10
7.12838e-07
-2.47323e-10
7.12843e-07
-2.12368e-10
7.12847e-07
-1.81837e-10
7.12851e-07
-1.55141e-10
7.12855e-07
-1.31748e-10
7.12857e-07
-1.11185e-10
7.1286e-07
-9.30272e-11
7.12862e-07
-7.68951e-11
7.12863e-07
-6.24455e-11
7.12864e-07
-4.93684e-11
7.12865e-07
-3.73801e-11
7.12866e-07
-2.6219e-11
7.12866e-07
-1.56398e-11
7.12866e-07
-5.40895e-12
7.12866e-07
4.69969e-12
7.12866e-07
1.49092e-11
7.12865e-07
2.54452e-11
7.12864e-07
3.65406e-11
7.12863e-07
4.84393e-11
7.12862e-07
6.14019e-11
7.1286e-07
7.57096e-11
7.12858e-07
9.16706e-11
7.12855e-07
1.09625e-10
7.12852e-07
1.29949e-10
7.12848e-07
1.53066e-10
7.12844e-07
1.79443e-10
7.12838e-07
2.09609e-10
7.12832e-07
2.44147e-10
7.12825e-07
2.83713e-10
7.12817e-07
3.2903e-10
7.12808e-07
3.80897e-10
7.12797e-07
4.40187e-10
7.12784e-07
5.07848e-10
7.1277e-07
5.84894e-10
7.12753e-07
6.72392e-10
7.12735e-07
7.71443e-10
7.12713e-07
8.83148e-10
7.12689e-07
1.00855e-09
7.12662e-07
1.1486e-09
7.12631e-07
1.30399e-09
7.12597e-07
1.47511e-09
7.12558e-07
1.66184e-09
7.12515e-07
1.86338e-09
7.12467e-07
2.07802e-09
7.12413e-07
2.3029e-09
7.12354e-07
2.5338e-09
7.12287e-07
2.76495e-09
7.12213e-07
2.98893e-09
7.1213e-07
3.19683e-09
7.12037e-07
3.37848e-09
7.11931e-07
3.52319e-09
7.1181e-07
3.62056e-09
7.11673e-07
3.66198e-09
7.11516e-07
3.64163e-09
7.11336e-07
3.55917e-09
7.11131e-07
3.41837e-09
7.10897e-07
3.23397e-09
7.10633e-07
3.01757e-09
7.10336e-07
2.8076e-09
7.10008e-07
2.59405e-09
7.09643e-07
2.47463e-09
7.09259e-07
2.26554e-09
7.08806e-07
2.3273e-09
1.54208e-09
7.09483e-07
-1.89708e-09
7.09947e-07
-2.79452e-09
7.10333e-07
-2.65255e-09
7.10704e-07
-2.84144e-09
7.11036e-07
-2.9205e-09
7.11337e-07
-3.10291e-09
7.11603e-07
-3.28016e-09
7.11839e-07
-3.4677e-09
7.12045e-07
-3.62573e-09
7.12226e-07
-3.74371e-09
7.12382e-07
-3.80652e-09
7.12519e-07
-3.81029e-09
7.12639e-07
-3.75488e-09
7.12745e-07
-3.64568e-09
7.12839e-07
-3.49078e-09
7.12922e-07
-3.30018e-09
7.12997e-07
-3.08422e-09
7.13064e-07
-2.8528e-09
7.13124e-07
-2.61468e-09
7.13179e-07
-2.37715e-09
7.13228e-07
-2.14593e-09
7.13273e-07
-1.92524e-09
7.13312e-07
-1.71794e-09
7.13348e-07
-1.52576e-09
7.1338e-07
-1.34952e-09
7.13408e-07
-1.18935e-09
7.13433e-07
-1.04488e-09
7.13456e-07
-9.15401e-10
7.13475e-07
-7.99978e-10
7.13492e-07
-6.9755e-10
7.13508e-07
-6.07003e-10
7.13521e-07
-5.2722e-10
7.13532e-07
-4.5711e-10
7.13542e-07
-3.9564e-10
7.13551e-07
-3.41839e-10
7.13558e-07
-2.94811e-10
7.13565e-07
-2.53738e-10
7.1357e-07
-2.17874e-10
7.13575e-07
-1.86547e-10
7.13579e-07
-1.59152e-10
7.13582e-07
-1.35147e-10
7.13585e-07
-1.14046e-10
7.13587e-07
-9.54153e-11
7.13589e-07
-7.88642e-11
7.13591e-07
-6.40413e-11
7.13592e-07
-5.06281e-11
7.13593e-07
-3.83337e-11
7.13594e-07
-2.68893e-11
7.13594e-07
-1.60429e-11
7.13594e-07
-5.55458e-12
7.13594e-07
4.80794e-12
7.13594e-07
1.52739e-11
7.13593e-07
2.60751e-11
7.13592e-07
3.74507e-11
7.13591e-07
4.96514e-11
7.1359e-07
6.29445e-11
7.13588e-07
7.7619e-11
7.13585e-07
9.39909e-11
7.13583e-07
1.12409e-10
7.13579e-07
1.3326e-10
7.13575e-07
1.56975e-10
7.13571e-07
1.84035e-10
7.13565e-07
2.14979e-10
7.13559e-07
2.50407e-10
7.13552e-07
2.90985e-10
7.13544e-07
3.37454e-10
7.13534e-07
3.90627e-10
7.13523e-07
4.51396e-10
7.1351e-07
5.20724e-10
7.13495e-07
5.99643e-10
7.13478e-07
6.89238e-10
7.13459e-07
7.90626e-10
7.13437e-07
9.04921e-10
7.13413e-07
1.03319e-09
7.13385e-07
1.17637e-09
7.13354e-07
1.3352e-09
7.13319e-07
1.51007e-09
7.13279e-07
1.70089e-09
7.13236e-07
1.90687e-09
7.13188e-07
2.12635e-09
7.13134e-07
2.35655e-09
7.13074e-07
2.59333e-09
7.13008e-07
2.83108e-09
7.12934e-07
3.0626e-09
7.12852e-07
3.2792e-09
7.12759e-07
3.47106e-09
7.12654e-07
3.62785e-09
7.12535e-07
3.73955e-09
7.12399e-07
3.79794e-09
7.12244e-07
3.7975e-09
7.12064e-07
3.73812e-09
7.11859e-07
3.62341e-09
7.11624e-07
3.46825e-09
7.11359e-07
3.28286e-09
7.11059e-07
3.10696e-09
7.10728e-07
2.92486e-09
7.10358e-07
2.84562e-09
7.09971e-07
2.65559e-09
7.09508e-07
2.79717e-09
1.89902e-09
7.09833e-07
-2.22844e-09
7.10302e-07
-3.25852e-09
7.10687e-07
-3.03867e-09
7.11062e-07
-3.21734e-09
7.11396e-07
-3.25528e-09
7.11699e-07
-3.40629e-09
7.11966e-07
-3.54789e-09
7.12202e-07
-3.70324e-09
7.12407e-07
-3.83088e-09
7.12586e-07
-3.92205e-09
7.12741e-07
-3.96138e-09
7.12876e-07
-3.94516e-09
7.12995e-07
-3.87292e-09
7.13099e-07
-3.74968e-09
7.13191e-07
-3.58309e-09
7.13274e-07
-3.38267e-09
7.13348e-07
-3.15837e-09
7.13415e-07
-2.91974e-09
7.13476e-07
-2.67526e-09
7.1353e-07
-2.43202e-09
7.1358e-07
-2.19561e-09
7.13625e-07
-1.97013e-09
7.13665e-07
-1.7584e-09
7.13701e-07
-1.5621e-09
7.13734e-07
-1.38205e-09
7.13763e-07
-1.21836e-09
7.13789e-07
-1.07066e-09
7.13811e-07
-9.38222e-10
7.13831e-07
-8.2011e-10
7.13849e-07
-7.1525e-10
7.13865e-07
-6.22515e-10
7.13878e-07
-5.40772e-10
7.1389e-07
-4.68916e-10
7.139e-07
-4.05895e-10
7.13909e-07
-3.50722e-10
7.13917e-07
-3.02485e-10
7.13923e-07
-2.60347e-10
7.13929e-07
-2.23548e-10
7.13934e-07
-1.91401e-10
7.13938e-07
-1.63288e-10
7.13941e-07
-1.38653e-10
7.13944e-07
-1.16999e-10
7.13947e-07
-9.78807e-11
7.13949e-07
-8.08978e-11
7.1395e-07
-6.56899e-11
7.13952e-07
-5.193e-11
7.13953e-07
-3.93196e-11
7.13953e-07
-2.75825e-11
7.13954e-07
-1.64599e-11
7.13954e-07
-5.70548e-12
7.13954e-07
4.91952e-12
7.13953e-07
1.56505e-11
7.13953e-07
2.67257e-11
7.13952e-07
3.83908e-11
7.13951e-07
5.09032e-11
7.13949e-07
6.45373e-11
7.13947e-07
7.95897e-11
7.13945e-07
9.63847e-11
7.13942e-07
1.1528e-10
7.13938e-07
1.36672e-10
7.13934e-07
1.61003e-10
7.1393e-07
1.88766e-10
7.13924e-07
2.20511e-10
7.13918e-07
2.56852e-10
7.1391e-07
2.9847e-10
7.13902e-07
3.46121e-10
7.13892e-07
4.00636e-10
7.1388e-07
4.62922e-10
7.13867e-07
5.33959e-10
7.13852e-07
6.14796e-10
7.13835e-07
7.06535e-10
7.13815e-07
8.10308e-10
7.13793e-07
9.27243e-10
7.13767e-07
1.05842e-09
7.13739e-07
1.20478e-09
7.13707e-07
1.36708e-09
7.13672e-07
1.54571e-09
7.13632e-07
1.74059e-09
7.13588e-07
1.95096e-09
7.13539e-07
2.17519e-09
7.13485e-07
2.41056e-09
7.13426e-07
2.65303e-09
7.1336e-07
2.89712e-09
7.13286e-07
3.13583e-09
7.13205e-07
3.36076e-09
7.13113e-07
3.56242e-09
7.1301e-07
3.7309e-09
7.12893e-07
3.85661e-09
7.12759e-07
3.93182e-09
7.12605e-07
3.95134e-09
7.12427e-07
3.91543e-09
7.12223e-07
3.82755e-09
7.11988e-07
3.70281e-09
7.11721e-07
3.54969e-09
7.11419e-07
3.40957e-09
7.11086e-07
3.25901e-09
7.10712e-07
3.22113e-09
7.10327e-07
3.04143e-09
7.09858e-07
3.26118e-09
2.23047e-09
7.09818e-07
-2.66187e-09
7.10297e-07
-3.76746e-09
7.10675e-07
-3.4249e-09
7.11054e-07
-3.59693e-09
7.11389e-07
-3.58845e-09
7.11694e-07
-3.70901e-09
7.11961e-07
-3.81447e-09
7.12196e-07
-3.93806e-09
7.124e-07
-4.0353e-09
7.12576e-07
-4.09967e-09
7.12729e-07
-4.11538e-09
7.12862e-07
-4.07907e-09
7.12978e-07
-3.98992e-09
7.13081e-07
-3.85264e-09
7.13172e-07
-3.67441e-09
7.13253e-07
-3.4643e-09
7.13327e-07
-3.23183e-09
7.13393e-07
-2.98617e-09
7.13454e-07
-2.73552e-09
7.13509e-07
-2.48674e-09
7.13559e-07
-2.24526e-09
7.13604e-07
-2.01511e-09
7.13645e-07
-1.79903e-09
7.13682e-07
-1.59869e-09
7.13715e-07
-1.41486e-09
7.13745e-07
-1.24768e-09
7.13771e-07
-1.09676e-09
7.13794e-07
-9.61362e-10
7.13815e-07
-8.40552e-10
7.13833e-07
-7.33245e-10
7.13849e-07
-6.38304e-10
7.13863e-07
-5.54581e-10
7.13875e-07
-4.80957e-10
7.13886e-07
-4.16362e-10
7.13895e-07
-3.59795e-10
7.13903e-07
-3.10326e-10
7.13909e-07
-2.67103e-10
7.13915e-07
-2.2935e-10
7.1392e-07
-1.96366e-10
7.13925e-07
-1.67517e-10
7.13928e-07
-1.42237e-10
7.13931e-07
-1.20016e-10
7.13934e-07
-1.00399e-10
7.13936e-07
-8.29736e-11
7.13938e-07
-6.73717e-11
7.13939e-07
-5.32574e-11
7.1394e-07
-4.03243e-11
7.13941e-07
-2.82886e-11
7.13941e-07
-1.68847e-11
7.13941e-07
-5.85965e-12
7.13941e-07
5.03165e-12
7.13941e-07
1.60321e-11
7.1394e-07
2.73866e-11
7.13939e-07
3.93469e-11
7.13938e-07
5.21775e-11
7.13936e-07
6.61603e-11
7.13934e-07
8.15997e-11
7.13932e-07
9.88283e-11
7.13929e-07
1.18213e-10
7.13925e-07
1.4016e-10
7.13921e-07
1.65122e-10
7.13916e-07
1.93603e-10
7.1391e-07
2.26167e-10
7.13904e-07
2.63441e-10
7.13896e-07
3.0612e-10
7.13887e-07
3.54975e-10
7.13877e-07
4.10853e-10
7.13865e-07
4.74677e-10
7.13852e-07
5.47444e-10
7.13836e-07
6.3022e-10
7.13818e-07
7.24119e-10
7.13798e-07
8.30289e-10
7.13775e-07
9.49869e-10
7.1375e-07
1.08395e-09
7.13721e-07
1.23348e-09
7.13688e-07
1.39921e-09
7.13652e-07
1.58156e-09
7.13612e-07
1.78043e-09
7.13567e-07
1.9951e-09
7.13518e-07
2.22396e-09
7.13464e-07
2.46434e-09
7.13404e-07
2.71231e-09
7.13339e-07
2.96255e-09
7.13266e-07
3.20826e-09
7.13186e-07
3.44135e-09
7.13096e-07
3.65268e-09
7.12994e-07
3.83277e-09
7.12879e-07
3.97251e-09
7.12747e-07
4.06461e-09
7.12595e-07
4.1042e-09
7.1242e-07
4.09188e-09
7.12217e-07
4.03077e-09
7.11983e-07
3.93642e-09
7.11717e-07
3.81507e-09
7.11413e-07
3.71119e-09
7.11079e-07
3.59126e-09
7.107e-07
3.60018e-09
7.10322e-07
3.42749e-09
7.09843e-07
3.7708e-09
2.66515e-09
1.05628e-07
-3.33183e-09
1.06259e-07
-4.43059e-09
1.06494e-07
-3.6684e-09
1.06588e-07
-3.69002e-09
1.06736e-07
-3.73343e-09
1.06752e-07
-3.72279e-09
1.06799e-07
-3.86003e-09
1.06788e-07
-3.92704e-09
1.06774e-07
-4.02175e-09
1.06739e-07
-4.06604e-09
1.06698e-07
-4.07581e-09
1.06652e-07
-4.03404e-09
1.06604e-07
-3.94313e-09
1.06561e-07
-3.81006e-09
1.06521e-07
-3.63505e-09
1.06487e-07
-3.42993e-09
1.06459e-07
-3.20361e-09
1.06437e-07
-2.96432e-09
1.06422e-07
-2.71994e-09
1.06412e-07
-2.47687e-09
1.06408e-07
-2.24047e-09
1.06408e-07
-2.01472e-09
1.06412e-07
-1.80233e-09
1.06418e-07
-1.60498e-09
1.06427e-07
-1.42347e-09
1.06438e-07
-1.25805e-09
1.0645e-07
-1.10836e-09
1.06462e-07
-9.73783e-10
1.06475e-07
-8.53427e-10
1.06489e-07
-7.46285e-10
1.06502e-07
-6.51268e-10
1.06514e-07
-5.67275e-10
1.06527e-07
-4.93239e-10
1.06539e-07
-4.28124e-10
1.0655e-07
-3.70953e-10
1.0656e-07
-3.20825e-10
1.0657e-07
-2.76869e-10
1.06579e-07
-2.38388e-10
1.06588e-07
-2.04659e-10
1.06595e-07
-1.75041e-10
1.06602e-07
-1.49001e-10
1.06608e-07
-1.26033e-10
1.06613e-07
-1.05665e-10
1.06618e-07
-8.75033e-11
1.06622e-07
-7.11748e-11
1.06625e-07
-5.63387e-11
1.06627e-07
-4.26979e-11
1.06629e-07
-2.99658e-11
1.0663e-07
-1.78571e-11
1.0663e-07
-6.16853e-12
1.0663e-07
5.3745e-12
1.06629e-07
1.70417e-11
1.06627e-07
2.90809e-11
1.06625e-07
4.17348e-11
1.06622e-07
5.5251e-11
1.06618e-07
6.99438e-11
1.06613e-07
8.60775e-11
1.06608e-07
1.04012e-10
1.06602e-07
1.24117e-10
1.06596e-07
1.46758e-10
1.06588e-07
1.7244e-10
1.0658e-07
2.01606e-10
1.06571e-07
2.34861e-10
1.06562e-07
2.72779e-10
1.06552e-07
3.16078e-10
1.06542e-07
3.65487e-10
1.0653e-07
4.21839e-10
1.06519e-07
4.86035e-10
1.06507e-07
5.59035e-10
1.06496e-07
6.41893e-10
1.06484e-07
7.35652e-10
1.06473e-07
8.41414e-10
1.06462e-07
9.60265e-10
1.06453e-07
1.09323e-09
1.06445e-07
1.24123e-09
1.06439e-07
1.40484e-09
1.06435e-07
1.58448e-09
1.06435e-07
1.78005e-09
1.06439e-07
1.99067e-09
1.06448e-07
2.21479e-09
1.06462e-07
2.44981e-09
1.06482e-07
2.69194e-09
1.06508e-07
2.93584e-09
1.06541e-07
3.17523e-09
1.0658e-07
3.4025e-09
1.06624e-07
3.60933e-09
1.0667e-07
3.787e-09
1.0672e-07
3.92356e-09
1.06767e-07
4.01853e-09
1.06808e-07
4.06473e-09
1.06841e-07
4.05936e-09
1.06855e-07
4.01783e-09
1.06865e-07
3.92494e-09
1.06821e-07
3.85828e-09
1.06812e-07
3.71703e-09
1.06677e-07
3.7228e-09
1.06601e-07
3.67587e-09
1.06394e-07
3.64218e-09
1.05763e-07
4.43578e-09
3.38017e-09
8.68568e-09
-3.99843e-09
9.33032e-09
-5.07558e-09
9.34831e-09
-3.68666e-09
9.41959e-09
-3.76148e-09
9.42559e-09
-3.73954e-09
9.41413e-09
-3.71138e-09
9.40468e-09
-3.85058e-09
9.36505e-09
-3.88736e-09
9.32763e-09
-3.98424e-09
9.27738e-09
-4.01568e-09
9.22386e-09
-4.02217e-09
9.16814e-09
-3.97822e-09
9.11357e-09
-3.88847e-09
9.06211e-09
-3.75852e-09
9.01585e-09
-3.58873e-09
8.97604e-09
-3.39006e-09
8.94315e-09
-3.17068e-09
8.91723e-09
-2.93837e-09
8.89816e-09
-2.70084e-09
8.88544e-09
-2.46412e-09
8.87834e-09
-2.23333e-09
8.87606e-09
-2.01241e-09
8.87786e-09
-1.8041e-09
8.88299e-09
-1.61007e-09
8.89068e-09
-1.43113e-09
8.90036e-09
-1.26771e-09
8.91147e-09
-1.11944e-09
8.92356e-09
-9.85845e-10
8.93623e-09
-8.66074e-10
8.94917e-09
-7.59208e-10
8.96212e-09
-6.64196e-10
8.97488e-09
-5.80012e-10
8.98727e-09
-5.05614e-10
8.99918e-09
-4.40018e-10
9.0105e-09
-3.82266e-10
9.02119e-09
-3.31495e-10
9.03116e-09
-2.86829e-10
9.0404e-09
-2.47625e-10
9.0489e-09
-2.13149e-10
9.05662e-09
-1.82759e-10
9.06358e-09
-1.55949e-10
9.06977e-09
-1.32218e-10
9.07519e-09
-1.11086e-10
9.07986e-09
-9.21666e-11
9.08378e-09
-7.50952e-11
9.08695e-09
-5.95089e-11
9.08939e-09
-4.51367e-11
9.09111e-09
-3.16826e-11
9.09209e-09
-1.88376e-11
9.09235e-09
-6.42828e-12
9.09188e-09
5.84969e-12
9.09068e-09
1.82457e-11
9.08875e-09
3.10075e-11
9.08609e-09
4.43948e-11
9.0827e-09
5.86372e-11
9.07856e-09
7.409e-11
9.07367e-09
9.09656e-11
9.06802e-09
1.09658e-10
9.06159e-09
1.3054e-10
9.05441e-09
1.53941e-10
9.04643e-09
1.80413e-10
9.0377e-09
2.10336e-10
9.02819e-09
2.44363e-10
9.01795e-09
2.83017e-10
9.00699e-09
3.2703e-10
8.99536e-09
3.77101e-10
8.98313e-09
4.34061e-10
8.9704e-09
4.98757e-10
8.95728e-09
5.72139e-10
8.94393e-09
6.55231e-10
8.93055e-09
7.49016e-10
8.91738e-09
8.54556e-10
8.90476e-09
9.72866e-10
8.89305e-09
1.10492e-09
8.88268e-09
1.25157e-09
8.87424e-09
1.41326e-09
8.86831e-09
1.59039e-09
8.86555e-09
1.78277e-09
8.86674e-09
1.98945e-09
8.87271e-09
2.20879e-09
8.88416e-09
2.43833e-09
8.90182e-09
2.67425e-09
8.92623e-09
2.91139e-09
8.95761e-09
3.14381e-09
8.9958e-09
3.36425e-09
9.04045e-09
3.56462e-09
9.09037e-09
3.737e-09
9.14348e-09
3.87035e-09
9.19787e-09
3.96401e-09
9.2502e-09
4.01226e-09
9.29909e-09
4.01034e-09
9.33591e-09
3.98087e-09
9.37481e-09
3.88595e-09
9.3822e-09
3.85086e-09
9.39264e-09
3.70664e-09
9.3826e-09
3.73299e-09
9.30818e-09
3.75053e-09
9.28212e-09
3.66858e-09
8.63763e-09
5.0806e-09
4.04687e-09
2.71158e-10
-4.4131e-09
6.14165e-10
-5.41885e-09
6.41834e-10
-3.71455e-09
7.08777e-10
-3.82858e-09
6.91123e-10
-3.72199e-09
6.83837e-10
-3.70413e-09
6.51582e-10
-3.81831e-09
6.10052e-10
-3.84577e-09
5.6136e-10
-3.93545e-09
5.04991e-10
-3.9592e-09
4.4569e-10
-3.96275e-09
3.86516e-10
-3.91893e-09
3.29682e-10
-3.83153e-09
2.76585e-10
-3.70534e-09
2.29099e-10
-3.54117e-09
1.88476e-10
-3.34939e-09
1.54696e-10
-3.13686e-09
1.28178e-10
-2.91182e-09
1.08306e-10
-2.68093e-09
9.45815e-11
-2.45036e-09
8.64697e-11
-2.22519e-09
8.32811e-11
-2.00919e-09
8.40673e-11
-1.80485e-09
8.80701e-11
-1.61404e-09
9.47996e-11
-1.43783e-09
1.0358e-10
-1.27646e-09
1.13872e-10
-1.12971e-09
1.25239e-10
-9.97185e-10
1.3723e-10
-8.7804e-10
1.49588e-10
-7.71544e-10
1.62026e-10
-6.76612e-10
1.74298e-10
-5.92265e-10
1.86287e-10
-5.17586e-10
1.97831e-10
-4.51547e-10
2.08841e-10
-3.93262e-10
2.19196e-10
-3.41838e-10
2.28977e-10
-2.96599e-10
2.38014e-10
-2.56653e-10
2.46285e-10
-2.21411e-10
2.5387e-10
-1.90337e-10
2.60722e-10
-1.62796e-10
2.66796e-10
-1.38287e-10
2.72134e-10
-1.1642e-10
2.76722e-10
-9.67507e-11
2.80555e-10
-7.89262e-11
2.83693e-10
-6.26439e-11
2.86092e-10
-4.75341e-11
2.87743e-10
-3.33323e-11
2.88743e-10
-1.98365e-11
2.88991e-10
-6.67628e-12
2.88525e-10
6.31676e-12
2.87342e-10
1.94287e-11
2.85434e-10
3.29157e-11
2.82822e-10
4.70068e-11
2.79441e-10
6.20171e-11
2.75395e-10
7.81353e-11
2.70565e-10
9.57944e-11
2.64985e-10
1.15237e-10
2.58708e-10
1.36815e-10
2.51605e-10
1.61041e-10
2.43828e-10
1.88186e-10
2.35235e-10
2.18924e-10
2.25961e-10
2.53632e-10
2.1594e-10
2.93032e-10
2.0526e-10
3.37702e-10
1.93911e-10
3.88441e-10
1.82085e-10
4.45875e-10
1.69759e-10
5.1107e-10
1.57089e-10
5.84795e-10
1.44256e-10
6.68047e-10
1.31446e-10
7.61807e-10
1.18995e-10
8.66987e-10
1.0706e-10
9.84779e-10
9.61727e-11
1.11578e-09
8.67869e-11
1.26093e-09
7.92918e-11
1.42073e-09
7.42765e-11
1.59537e-09
7.25988e-11
1.78442e-09
7.48475e-11
1.98717e-09
8.17057e-11
2.2019e-09
9.40526e-11
2.42595e-09
1.1266e-10
2.6556e-09
1.37817e-10
2.88619e-09
1.69888e-10
3.11169e-09
2.09034e-10
3.32505e-09
2.54852e-10
3.51873e-09
3.06361e-10
3.6854e-09
3.61895e-10
3.81471e-09
4.19745e-10
3.90604e-09
4.77964e-10
3.9539e-09
5.33089e-10
3.95507e-09
5.81151e-10
3.93268e-09
6.2235e-10
3.84466e-09
6.52876e-10
3.82031e-09
6.58649e-10
3.70092e-09
6.72253e-10
3.71951e-09
6.01352e-10
3.82163e-09
5.63915e-10
3.70632e-09
2.27153e-10
5.41762e-09
4.44764e-09
-3.52394e-11
-4.59356e-09
5.90585e-11
-5.51334e-09
7.12513e-11
-3.72691e-09
1.19435e-10
-3.87688e-09
9.73444e-11
-3.69997e-09
9.67861e-11
-3.70359e-09
6.47826e-11
-3.78628e-09
3.43326e-11
-3.81525e-09
-1.00538e-11
-3.89097e-09
-5.84266e-11
-3.91071e-09
-1.11625e-10
-3.90943e-09
-1.66049e-10
-3.86439e-09
-2.19425e-10
-3.77805e-09
-2.69677e-10
-3.655e-09
-3.15066e-10
-3.49571e-09
-3.54511e-10
-3.30988e-09
-3.87466e-10
-3.10385e-09
-4.13785e-10
-2.88546e-09
-4.33635e-10
-2.66105e-09
-4.47445e-10
-2.43652e-09
-4.55851e-10
-2.21675e-09
-4.59554e-10
-2.00546e-09
-4.59246e-10
-1.80513e-09
-4.55635e-10
-1.61762e-09
-4.49412e-10
-1.44402e-09
-4.41136e-10
-1.28471e-09
-4.31361e-10
-1.13946e-09
-4.20498e-10
-1.00802e-09
-4.08965e-10
-8.89549e-10
-3.97075e-10
-7.83411e-10
-3.85053e-10
-6.88613e-10
-3.73148e-10
-6.0415e-10
-3.61514e-10
-5.29202e-10
-3.50274e-10
-4.62771e-10
-3.39546e-10
-4.03977e-10
-3.2939e-10
-3.51981e-10
-3.1988e-10
-3.06099e-10
-3.11039e-10
-2.65484e-10
-3.02892e-10
-2.2955e-10
-2.95471e-10
-1.97751e-10
-2.88779e-10
-1.69482e-10
-2.82814e-10
-1.44248e-10
-2.77582e-10
-1.21648e-10
-2.73068e-10
-1.01262e-10
-2.69275e-10
-8.27165e-11
-2.66207e-10
-6.571e-11
-2.63848e-10
-4.9891e-11
-2.62192e-10
-3.49872e-11
-2.6125e-10
-2.07773e-11
-2.61006e-10
-6.92011e-12
-2.61466e-10
6.77804e-12
-2.62631e-10
2.0594e-11
-2.645e-10
3.47842e-11
-2.6708e-10
4.95874e-11
-2.7037e-10
6.53063e-11
-2.74382e-10
8.21464e-11
-2.79112e-10
1.00524e-10
-2.84573e-10
1.20696e-10
-2.90776e-10
1.43016e-10
-2.97702e-10
1.67964e-10
-3.05374e-10
1.95854e-10
-3.1376e-10
2.27305e-10
-3.22862e-10
2.62729e-10
-3.32645e-10
3.02807e-10
-3.43077e-10
3.48127e-10
-3.54099e-10
3.99454e-10
-3.65661e-10
4.57425e-10
-3.77623e-10
5.2302e-10
-3.89887e-10
5.97044e-10
-4.02313e-10
6.80456e-10
-4.14615e-10
7.7409e-10
-4.26623e-10
8.78974e-10
-4.37992e-10
9.96124e-10
-4.48343e-10
1.1261e-09
-4.57269e-10
1.26983e-09
-4.64212e-10
1.42764e-09
-4.68584e-10
1.59972e-09
-4.69787e-10
1.78559e-09
-4.67087e-10
1.98443e-09
-4.59749e-10
2.19453e-09
-4.47108e-10
2.41327e-09
-4.28557e-10
2.63701e-09
-4.03617e-10
2.86121e-09
-3.72064e-10
3.08009e-09
-3.34102e-10
3.28702e-09
-2.9017e-10
3.47472e-09
-2.41346e-10
3.63648e-09
-1.89345e-10
3.7626e-09
-1.36143e-10
3.85271e-09
-8.40653e-11
3.90168e-09
-3.64973e-11
3.90736e-09
6.86714e-12
3.88919e-09
3.59224e-11
3.81551e-09
6.67475e-11
3.78944e-09
6.49239e-11
3.70277e-09
8.43636e-11
3.70017e-09
3.16318e-11
3.87453e-09
1.33817e-11
3.72481e-09
-7.95566e-11
5.51076e-09
4.62523e-09
6.11911e-11
-4.68694e-09
7.91502e-11
-5.53144e-09
8.99396e-11
-3.73782e-09
1.27583e-10
-3.9146e-09
1.0501e-10
-3.67745e-09
9.63095e-11
-3.6949e-09
6.06436e-11
-3.75059e-09
2.39147e-11
-3.77846e-09
-2.44157e-11
-3.84254e-09
-7.60296e-11
-3.85898e-09
-1.3093e-10
-3.85441e-09
-1.85951e-10
-3.80925e-09
-2.39155e-10
-3.72475e-09
-2.88941e-10
-3.60513e-09
-3.33689e-10
-3.4509e-09
-3.72538e-10
-3.27098e-09
-4.05042e-10
-3.0713e-09
-4.31129e-10
-2.85933e-09
-4.50953e-10
-2.64119e-09
-4.64939e-10
-2.4225e-09
-4.73672e-10
-2.20798e-09
-4.77815e-10
-2.00128e-09
-4.78022e-10
-1.80489e-09
-4.75005e-10
-1.62061e-09
-4.69319e-10
-1.44968e-09
-4.61616e-10
-1.29238e-09
-4.52387e-10
-1.14866e-09
-4.4206e-10
-1.01832e-09
-4.31017e-10
-9.00567e-10
-4.19574e-10
-7.94831e-10
-4.07978e-10
-7.00188e-10
-3.96452e-10
-6.15657e-10
-3.85161e-10
-5.40475e-10
-3.74233e-10
-4.73683e-10
-3.63775e-10
-4.14421e-10
-3.53861e-10
-3.61883e-10
-3.44564e-10
-3.15385e-10
-3.35911e-10
-2.74128e-10
-3.27928e-10
-2.37525e-10
-3.20649e-10
-2.05024e-10
-3.14078e-10
-1.76047e-10
-3.08215e-10
-1.50106e-10
-3.03068e-10
-1.26791e-10
-2.98633e-10
-1.05694e-10
-2.94904e-10
-8.64427e-11
-2.91883e-10
-6.87284e-11
-2.89562e-10
-5.2211e-11
-2.87933e-10
-3.66146e-11
-2.87006e-10
-2.17036e-11
-2.86767e-10
-7.15792e-12
-2.87223e-10
7.23426e-12
-2.88373e-10
2.17438e-11
-2.90215e-10
3.66271e-11
-2.92758e-10
5.21299e-11
-2.95997e-10
6.85449e-11
-2.99951e-10
8.60998e-11
-3.04611e-10
1.05182e-10
-3.09985e-10
1.2607e-10
-3.16085e-10
1.49113e-10
-3.22891e-10
1.74768e-10
-3.3042e-10
2.0338e-10
-3.38645e-10
2.35525e-10
-3.47561e-10
2.7164e-10
-3.57132e-10
3.12372e-10
-3.67326e-10
3.58313e-10
-3.78077e-10
4.10195e-10
-3.89323e-10
4.68661e-10
-4.00953e-10
5.34637e-10
-4.12842e-10
6.08919e-10
-4.24825e-10
6.92423e-10
-4.36698e-10
7.85945e-10
-4.48214e-10
8.9047e-10
-4.59053e-10
1.00694e-09
-4.68853e-10
1.13588e-09
-4.77199e-10
1.27815e-09
-4.83595e-10
1.43401e-09
-4.87375e-10
1.60347e-09
-4.88047e-10
1.78624e-09
-4.84885e-10
1.98124e-09
-4.77206e-10
2.18682e-09
-4.6437e-10
2.4004e-09
-4.45813e-10
2.61842e-09
-4.21076e-10
2.83643e-09
-3.89952e-10
3.04891e-09
-3.52556e-10
3.24957e-09
-3.09247e-10
3.43134e-09
-2.6087e-10
3.58801e-09
-2.09028e-10
3.71064e-09
-1.55229e-10
3.79878e-09
-1.01435e-10
3.84774e-09
-5.06848e-11
3.85647e-09
-2.99889e-12
3.84138e-09
3.22782e-11
3.78014e-09
6.67659e-11
3.75491e-09
7.3416e-11
3.69614e-09
9.30857e-11
3.68057e-09
5.07958e-11
3.91694e-09
3.20685e-11
3.74373e-09
-3.28665e-11
5.57583e-09
4.74853e-09
1.9861e-10
-4.63691e-09
9.05984e-11
-5.42352e-09
8.71496e-11
-3.73443e-09
1.05193e-10
-3.93268e-09
8.20413e-11
-3.65432e-09
7.46809e-11
-3.68754e-09
4.17127e-11
-3.71759e-09
1.02068e-11
-3.74689e-09
-3.35653e-11
-3.79868e-09
-8.10129e-11
-3.81142e-09
-1.32347e-10
-3.80296e-09
-1.84608e-10
-3.75688e-09
-2.3572e-10
-3.67353e-09
-2.83926e-10
-3.55683e-09
-3.27536e-10
-3.40721e-09
-3.65607e-10
-3.23285e-09
-3.97607e-10
-3.03925e-09
-4.23444e-10
-2.83345e-09
-4.43252e-10
-2.62135e-09
-4.57386e-10
-2.40833e-09
-4.66424e-10
-2.19891e-09
-4.70977e-10
-1.9967e-09
-4.71668e-10
-1.80417e-09
-4.6918e-10
-1.62307e-09
-4.6404e-10
-1.45479e-09
-4.56884e-10
-1.29951e-09
-4.48185e-10
-1.15733e-09
-4.38366e-10
-1.02812e-09
-4.27801e-10
-9.11109e-10
-4.16799e-10
-8.05812e-10
-4.05614e-10
-7.11353e-10
-3.94457e-10
-6.26796e-10
-3.83502e-10
-5.51414e-10
-3.72891e-10
-4.8428e-10
-3.62688e-10
-4.2461e-10
-3.53015e-10
-3.71545e-10
-3.43929e-10
-3.24461e-10
-3.35461e-10
-2.82587e-10
-3.27643e-10
-2.45335e-10
-3.20505e-10
-2.12156e-10
-3.14056e-10
-1.82491e-10
-3.08298e-10
-1.55859e-10
-3.03239e-10
-1.31846e-10
-2.98878e-10
-1.10052e-10
-2.95211e-10
-9.01079e-11
-2.92238e-10
-7.16987e-11
-2.89954e-10
-5.44941e-11
-2.88352e-10
-3.82148e-11
-2.8744e-10
-2.2615e-11
-2.87207e-10
-7.38981e-12
-2.87659e-10
7.6859e-12
-2.88793e-10
2.28786e-11
-2.90611e-10
3.84451e-11
-2.93117e-10
5.46359e-11
-2.9631e-10
7.17372e-11
-3.00203e-10
8.9993e-11
-3.04791e-10
1.09769e-10
-3.10079e-10
1.31356e-10
-3.16073e-10
1.55105e-10
-3.2276e-10
1.81453e-10
-3.30149e-10
2.10766e-10
-3.38214e-10
2.43586e-10
-3.46946e-10
2.80367e-10
-3.56308e-10
3.21728e-10
-3.66269e-10
3.68266e-10
-3.7675e-10
4.20667e-10
-3.87697e-10
4.79597e-10
-3.98994e-10
5.45922e-10
-4.1053e-10
6.20441e-10
-4.22095e-10
7.03972e-10
-4.33528e-10
7.97361e-10
-4.44577e-10
9.01499e-10
-4.54904e-10
1.01725e-09
-4.64177e-10
1.14513e-09
-4.71975e-10
1.28592e-09
-4.77795e-10
1.4398e-09
-4.81079e-10
1.60672e-09
-4.8126e-10
1.78639e-09
-4.77678e-10
1.97763e-09
-4.69685e-10
2.1788e-09
-4.56687e-10
2.38737e-09
-4.38128e-10
2.59982e-09
-4.13612e-10
2.81187e-09
-3.82972e-10
3.01822e-09
-3.46321e-10
3.21285e-09
-3.04114e-10
3.38905e-09
-2.5728e-10
3.54108e-09
-2.07492e-10
3.66074e-09
-1.5644e-10
3.7476e-09
-1.06214e-10
3.79738e-09
-5.9724e-11
3.80984e-09
-1.71801e-11
3.79871e-09
1.30901e-11
3.74978e-09
4.4923e-11
3.72303e-09
4.99224e-11
3.69114e-09
7.06956e-11
3.65984e-09
4.83173e-11
3.9394e-09
4.68796e-11
3.74529e-09
1.48479e-10
5.47432e-09
4.70576e-09
2.21362e-10
-4.58272e-09
1.24241e-10
-5.32643e-09
1.15544e-10
-3.72576e-09
1.24712e-10
-3.94186e-09
9.92344e-11
-3.62885e-09
8.54325e-11
-3.67372e-09
4.99035e-11
-3.68202e-09
1.46552e-11
-3.71157e-09
-3.08254e-11
-3.7531e-09
-7.89574e-11
-3.76318e-09
-1.29968e-10
-3.75184e-09
-1.81255e-10
-3.70548e-09
-2.31094e-10
-3.6236e-09
-2.78064e-10
-3.50978e-09
-3.20637e-10
-3.36457e-09
-3.57943e-10
-3.19548e-09
-3.89442e-10
-3.00771e-09
-4.15013e-10
-2.80784e-09
-4.34774e-10
-2.60155e-09
-4.49098e-10
-2.39398e-09
-4.58381e-10
-2.1896e-09
-4.63313e-10
-1.99174e-09
-4.64461e-10
-1.803e-09
-4.62457e-10
-1.62504e-09
-4.57859e-10
-1.45936e-09
-4.5123e-10
-1.30611e-09
-4.43045e-10
-1.16549e-09
-4.33722e-10
-1.03742e-09
-4.23619e-10
-9.21189e-10
-4.13049e-10
-8.1636e-10
-4.02268e-10
-7.22115e-10
-3.91472e-10
-6.37573e-10
-3.80847e-10
-5.62023e-10
-3.70525e-10
-4.94587e-10
-3.60597e-10
-4.34526e-10
-3.51162e-10
-3.80968e-10
-3.42285e-10
-3.33329e-10
-3.34002e-10
-2.90862e-10
-3.26347e-10
-2.52983e-10
-3.1935e-10
-2.19147e-10
-3.13022e-10
-1.88813e-10
-3.0737e-10
-1.61507e-10
-3.024e-10
-1.36813e-10
-2.98113e-10
-1.14336e-10
-2.94507e-10
-9.37117e-11
-2.91583e-10
-7.46209e-11
-2.89335e-10
-5.67401e-11
-2.87761e-10
-3.97881e-11
-2.86863e-10
-2.35113e-11
-2.86637e-10
-7.61584e-12
-2.87083e-10
8.13289e-12
-2.88203e-10
2.39985e-11
-2.89996e-10
4.02381e-11
-2.92465e-10
5.71058e-11
-2.95611e-10
7.4883e-11
-2.99445e-10
9.38259e-11
-3.0396e-10
1.14283e-10
-3.0916e-10
1.36556e-10
-3.15051e-10
1.60994e-10
-3.21619e-10
1.88019e-10
-3.28868e-10
2.18012e-10
-3.36774e-10
2.51488e-10
-3.45323e-10
2.88911e-10
-3.54478e-10
3.30877e-10
-3.64213e-10
3.77994e-10
-3.74422e-10
4.30868e-10
-3.85074e-10
4.9024e-10
-3.96044e-10
5.56881e-10
-4.07227e-10
6.31611e-10
-4.18389e-10
7.15119e-10
-4.29393e-10
8.08348e-10
-4.40003e-10
9.1209e-10
-4.49817e-10
1.02704e-09
-4.58582e-10
1.15387e-09
-4.6585e-10
1.29317e-09
-4.71152e-10
1.44508e-09
-4.73929e-10
1.60947e-09
-4.73647e-10
1.78608e-09
-4.69675e-10
1.97362e-09
-4.61431e-10
2.17052e-09
-4.48232e-10
2.37414e-09
-4.29696e-10
2.58125e-09
-4.05424e-10
2.78755e-09
-3.75264e-10
2.98801e-09
-3.39348e-10
3.17687e-09
-2.98154e-10
3.34778e-09
-2.52536e-10
3.49537e-09
-2.0401e-10
3.61211e-09
-1.5394e-10
3.6974e-09
-1.04065e-10
3.74736e-09
-5.68758e-11
3.76251e-09
-1.24593e-11
3.75417e-09
2.15296e-11
3.7157e-09
5.57916e-11
3.68871e-09
6.75271e-11
3.67939e-09
9.02787e-11
3.6371e-09
7.73084e-11
3.95241e-09
8.05576e-11
3.7421e-09
1.75913e-10
5.37901e-09
4.65366e-09
2.70462e-10
-4.49614e-09
1.40151e-10
-5.19611e-09
1.22905e-10
-3.70848e-09
1.17606e-10
-3.93654e-09
9.23409e-11
-3.60357e-09
7.78875e-11
-3.65924e-09
4.40065e-11
-3.64809e-09
1.09086e-11
-3.6784e-09
-3.24411e-11
-3.70966e-09
-7.87013e-11
-3.71682e-09
-1.28109e-10
-3.70232e-09
-1.77996e-10
-3.65549e-09
-2.2653e-10
-3.57496e-09
-2.72331e-10
-3.46389e-09
-3.13914e-10
-3.32292e-09
-3.50478e-10
-3.15886e-09
-3.81483e-10
-2.97665e-09
-4.06787e-10
-2.78249e-09
-4.26489e-10
-2.58181e-09
-4.40894e-10
-2.37954e-09
-4.50469e-10
-2.17999e-09
-4.55765e-10
-1.98642e-09
-4.57346e-10
-1.80139e-09
-4.55809e-10
-1.62655e-09
-4.51727e-10
-1.46342e-09
-4.45607e-10
-1.3122e-09
-4.37918e-10
-1.17315e-09
-4.29098e-10
-1.04621e-09
-4.19424e-10
-9.30842e-10
-4.09277e-10
-8.26487e-10
-3.98905e-10
-7.32468e-10
-3.88448e-10
-6.48013e-10
-3.78148e-10
-5.72309e-10
-3.68114e-10
-5.04608e-10
-3.58455e-10
-4.44173e-10
-3.49256e-10
-3.90157e-10
-3.40586e-10
-3.4199e-10
-3.32486e-10
-2.98953e-10
-3.24993e-10
-2.6047e-10
-3.18136e-10
-2.25999e-10
-3.11929e-10
-1.95015e-10
-3.06382e-10
-1.6705e-10
-3.015e-10
-1.41691e-10
-2.97288e-10
-1.18546e-10
-2.93743e-10
-9.72543e-11
-2.90867e-10
-7.74947e-11
-2.88657e-10
-5.8949e-11
-2.8711e-10
-4.13345e-11
-2.86228e-10
-2.43921e-11
-2.86007e-10
-7.83609e-12
-2.86449e-10
8.57526e-12
-2.87553e-10
2.51035e-11
-2.89321e-10
4.2006e-11
-2.91755e-10
5.95394e-11
-2.94854e-10
7.79821e-11
-2.98626e-10
9.75984e-11
-3.03069e-10
1.18725e-10
-3.08183e-10
1.41669e-10
-3.1397e-10
1.66779e-10
-3.20419e-10
1.94467e-10
-3.27529e-10
2.25119e-10
-3.35276e-10
2.59232e-10
-3.43643e-10
2.97274e-10
-3.52593e-10
3.39822e-10
-3.62086e-10
3.87482e-10
-3.72045e-10
4.40819e-10
-3.82406e-10
5.00591e-10
-3.93054e-10
5.67518e-10
-4.03863e-10
6.42407e-10
-4.14658e-10
7.25899e-10
-4.25242e-10
8.18917e-10
-4.35382e-10
9.22213e-10
-4.44741e-10
1.03638e-09
-4.53038e-10
1.16215e-09
-4.59772e-10
1.29988e-09
-4.64558e-10
1.44984e-09
-4.66871e-10
1.61176e-09
-4.66148e-10
1.78533e-09
-4.61804e-10
1.96925e-09
-4.53255e-10
2.16194e-09
-4.39965e-10
2.36081e-09
-4.21469e-10
2.56271e-09
-3.97441e-10
2.76348e-09
-3.67753e-10
2.95827e-09
-3.32553e-10
3.14161e-09
-2.92324e-10
3.30748e-09
-2.47855e-10
3.45081e-09
-2.00616e-10
3.56476e-09
-1.51933e-10
3.64859e-09
-1.03645e-10
3.69894e-09
-5.83662e-11
3.7171e-09
-1.62291e-11
3.71192e-09
1.56002e-11
3.68377e-09
4.82292e-11
3.65602e-09
6.04789e-11
3.66711e-09
8.34814e-11
3.61408e-09
8.50478e-11
3.95084e-09
9.81923e-11
3.72897e-09
2.27456e-10
5.24974e-09
4.568e-09
2.96708e-10
-4.40082e-09
1.64701e-10
-5.06405e-09
1.41146e-10
-3.68486e-09
1.26862e-10
-3.9222e-09
9.92212e-11
-3.57589e-09
8.01483e-11
-3.64013e-09
4.49688e-11
-3.61286e-09
1.05411e-11
-3.6439e-09
-3.26132e-11
-3.66642e-09
-7.80666e-11
-3.67126e-09
-1.26238e-10
-3.65404e-09
-1.74803e-10
-3.60681e-09
-2.22086e-10
-3.52758e-09
-2.66752e-10
-3.41914e-09
-3.07389e-10
-3.28221e-09
-3.43231e-10
-3.12296e-09
-3.73749e-10
-2.94609e-09
-3.98785e-10
-2.75742e-09
-4.18417e-10
-2.56215e-09
-4.3292e-10
-2.36501e-09
-4.42731e-10
-2.17015e-09
-4.48362e-10
-1.98076e-09
-4.50357e-10
-1.79936e-09
-4.49276e-10
-1.62761e-09
-4.45676e-10
-1.46699e-09
-4.40055e-10
-1.3178e-09
-4.32836e-10
-1.18035e-09
-4.24482e-10
-1.05454e-09
-4.15247e-10
-9.40056e-10
-4.05513e-10
-8.36202e-10
-3.95513e-10
-7.42451e-10
-3.85418e-10
-6.58092e-10
-3.75438e-10
-5.82275e-10
-3.65692e-10
-5.14341e-10
-3.56295e-10
-4.53558e-10
-3.47327e-10
-3.99116e-10
-3.38862e-10
-3.50446e-10
-3.30945e-10
-3.06863e-10
-3.23613e-10
-2.67796e-10
-3.16895e-10
-2.32711e-10
-3.1081e-10
-2.01096e-10
-3.05366e-10
-1.7249e-10
-3.00574e-10
-1.46481e-10
-2.96435e-10
-1.22682e-10
-2.92952e-10
-1.00736e-10
-2.90125e-10
-8.03201e-11
-2.87952e-10
-6.11207e-11
-2.86431e-10
-4.28542e-11
-2.85565e-10
-2.52575e-11
-2.8535e-10
-8.05062e-12
-2.85787e-10
9.01299e-12
-2.86877e-10
2.61935e-11
-2.88619e-10
4.37487e-11
-2.91016e-10
6.19368e-11
-2.94068e-10
8.10341e-11
-2.97781e-10
1.01311e-10
-3.0215e-10
1.23094e-10
-3.07177e-10
1.46695e-10
-3.12861e-10
1.72462e-10
-3.19192e-10
2.00796e-10
-3.26163e-10
2.32088e-10
-3.33752e-10
2.66818e-10
-3.4194e-10
3.05458e-10
-3.50686e-10
3.48564e-10
-3.59946e-10
3.96736e-10
-3.69652e-10
4.50518e-10
-3.79727e-10
5.10657e-10
-3.90058e-10
5.7784e-10
-4.00516e-10
6.52853e-10
-4.10934e-10
7.36305e-10
-4.21109e-10
8.29076e-10
-4.308e-10
9.31886e-10
-4.39708e-10
1.04527e-09
-4.47524e-10
1.16994e-09
-4.53771e-10
1.3061e-09
-4.58076e-10
1.45412e-09
-4.59943e-10
1.6136e-09
-4.58789e-10
1.78415e-09
-4.541e-10
1.96453e-09
-4.45308e-10
2.15312e-09
-4.31907e-10
2.34738e-09
-4.13461e-10
2.54423e-09
-3.89681e-10
2.73966e-09
-3.60461e-10
2.929e-09
-3.25956e-10
3.10704e-09
-2.86653e-10
3.2681e-09
-2.43295e-10
3.40736e-09
-1.97288e-10
3.51864e-09
-1.49924e-10
3.6011e-09
-1.02892e-10
3.65178e-09
-5.84292e-11
3.67251e-09
-1.64965e-11
3.66987e-09
1.66793e-11
3.6505e-09
5.05634e-11
3.62207e-09
6.75874e-11
3.65004e-09
9.28734e-11
3.58875e-09
1.03857e-10
3.93982e-09
1.23452e-10
3.70934e-09
2.54703e-10
5.11843e-09
4.47319e-09
3.24755e-10
-4.29224e-09
1.8002e-10
-4.91921e-09
1.51532e-10
-3.65627e-09
1.28094e-10
-3.89868e-09
1.0002e-10
-3.54776e-09
7.89487e-11
-3.619e-09
4.4118e-11
-3.57797e-09
9.71648e-12
-3.60943e-09
-3.27445e-11
-3.62386e-09
-7.72968e-11
-3.6266e-09
-1.24301e-10
-3.60692e-09
-1.71681e-10
-3.55933e-09
-2.17762e-10
-3.48141e-09
-2.61323e-10
-3.37549e-09
-3.01054e-10
-3.24241e-09
-3.36196e-10
-3.08776e-09
-3.66234e-10
-2.916e-09
-3.90999e-10
-2.73261e-09
-4.1055e-10
-2.54256e-09
-4.25135e-10
-2.35039e-09
-4.35161e-10
-2.1601e-09
-4.41107e-10
-1.97478e-09
-4.43493e-10
-1.79695e-09
-4.42845e-10
-1.62823e-09
-4.39707e-10
-1.4701e-09
-4.34571e-10
-1.32291e-09
-4.27801e-10
-1.1871e-09
-4.19872e-10
-1.06245e-09
-4.11091e-10
-9.48817e-10
-4.0176e-10
-8.45515e-10
-3.92124e-10
-7.52071e-10
-3.82384e-10
-6.67817e-10
-3.72718e-10
-5.91928e-10
-3.63257e-10
-5.23791e-10
-3.54125e-10
-4.62679e-10
-3.45378e-10
-4.07854e-10
-3.37118e-10
-3.58699e-10
-3.29381e-10
-3.14593e-10
-3.22208e-10
-2.74963e-10
-3.15629e-10
-2.39285e-10
-3.09664e-10
-2.07057e-10
-3.04325e-10
-1.77826e-10
-2.99621e-10
-1.51183e-10
-2.95557e-10
-1.26744e-10
-2.92134e-10
-1.04156e-10
-2.89356e-10
-8.30968e-11
-2.87221e-10
-6.32552e-11
-2.85727e-10
-4.43472e-11
-2.84876e-10
-2.61072e-11
-2.84667e-10
-8.25946e-12
-2.85099e-10
9.44608e-12
-2.86174e-10
2.72687e-11
-2.87891e-10
4.54661e-11
-2.90252e-10
6.4298e-11
-2.93256e-10
8.4039e-11
-2.96908e-10
1.04963e-10
-3.01205e-10
1.27391e-10
-3.06145e-10
1.51635e-10
-3.11727e-10
1.78043e-10
-3.17939e-10
2.07006e-10
-3.24772e-10
2.3892e-10
-3.32205e-10
2.74249e-10
-3.40214e-10
3.13463e-10
-3.48761e-10
3.57107e-10
-3.57791e-10
4.05761e-10
-3.67244e-10
4.59965e-10
-3.77037e-10
5.20442e-10
-3.87057e-10
5.87851e-10
-3.97173e-10
6.62959e-10
-4.07221e-10
7.4634e-10
-4.16995e-10
8.38837e-10
-4.26257e-10
9.41132e-10
-4.34719e-10
1.05371e-09
-4.42046e-10
1.17725e-09
-4.4785e-10
1.31188e-09
-4.51692e-10
1.45794e-09
-4.53128e-10
1.61501e-09
-4.51575e-10
1.78257e-09
-4.46563e-10
1.95949e-09
-4.37546e-10
2.14407e-09
-4.2405e-10
2.33385e-09
-4.05668e-10
2.52581e-09
-3.82138e-10
2.71608e-09
-3.53377e-10
2.90018e-09
-3.19549e-10
3.07315e-09
-2.8113e-10
3.2296e-09
-2.3886e-10
3.36499e-09
-1.94037e-10
3.47371e-09
-1.47847e-10
3.55479e-09
-1.01981e-10
3.60578e-09
-5.84452e-11
3.62885e-09
-1.72336e-11
3.62854e-09
1.59042e-11
3.61727e-09
4.94308e-11
3.58846e-09
6.84556e-11
3.63095e-09
9.43847e-11
3.56276e-09
1.14695e-10
3.91943e-09
1.39913e-10
3.68404e-09
2.83953e-10
4.97429e-09
4.36481e-09
3.44483e-10
-4.17835e-09
1.96989e-10
-4.77158e-09
1.63882e-10
-3.62303e-09
1.32472e-10
-3.86717e-09
1.02789e-10
-3.518e-09
7.87368e-11
-3.59488e-09
4.37418e-11
-3.54291e-09
9.08346e-12
-3.5747e-09
-3.27425e-11
-3.58195e-09
-7.64606e-11
-3.58278e-09
-1.22408e-10
-3.56087e-09
-1.68575e-10
-3.51306e-09
-2.13533e-10
-3.43635e-09
-2.5603e-10
-3.33291e-09
-2.94892e-10
-3.20347e-09
-3.29362e-10
-3.05323e-09
-3.58929e-10
-2.88638e-09
-3.8342e-10
-2.70808e-09
-4.02881e-10
-2.52306e-09
-4.17534e-10
-2.33571e-09
-4.27756e-10
-2.14985e-09
-4.33995e-10
-1.96852e-09
-4.36761e-10
-1.79416e-09
-4.36515e-10
-1.62845e-09
-4.33819e-10
-1.47278e-09
-4.29117e-10
-1.32759e-09
-4.22814e-10
-1.19338e-09
-4.15317e-10
-1.06993e-09
-4.06958e-10
-9.57158e-10
-3.9802e-10
-8.54436e-10
-3.88748e-10
-7.61328e-10
-3.79348e-10
-6.77204e-10
-3.6999e-10
-6.01273e-10
-3.60809e-10
-5.3296e-10
-3.51934e-10
-4.71544e-10
-3.4341e-10
-4.16369e-10
-3.35352e-10
-3.6675e-10
-3.27794e-10
-3.22144e-10
-3.20779e-10
-2.81973e-10
-3.14339e-10
-2.45721e-10
-3.08494e-10
-2.12898e-10
-3.03258e-10
-1.83059e-10
-2.98642e-10
-1.55796e-10
-2.94652e-10
-1.30732e-10
-2.91291e-10
-1.07516e-10
-2.88562e-10
-8.5825e-11
-2.86464e-10
-6.53523e-11
-2.84996e-10
-4.58136e-11
-2.84162e-10
-2.69411e-11
-2.83958e-10
-8.46264e-12
-2.84386e-10
9.87454e-12
-2.85445e-10
2.83289e-11
-2.87137e-10
4.71582e-11
-2.89461e-10
6.6623e-11
-2.92418e-10
8.69965e-11
-2.96011e-10
1.08556e-10
-3.00234e-10
1.31615e-10
-3.05088e-10
1.56489e-10
-3.10567e-10
1.83522e-10
-3.16661e-10
2.13099e-10
-3.23358e-10
2.45615e-10
-3.30635e-10
2.81524e-10
-3.38466e-10
3.21291e-10
-3.46823e-10
3.6546e-10
-3.5562e-10
4.14553e-10
-3.64823e-10
4.69163e-10
-3.74338e-10
5.2995e-10
-3.84053e-10
5.97557e-10
-3.93834e-10
6.7273e-10
-4.03519e-10
7.56013e-10
-4.12902e-10
8.48207e-10
-4.21748e-10
9.49964e-10
-4.29777e-10
1.06173e-09
-4.3665e-10
1.18411e-09
-4.42006e-10
1.31722e-09
-4.45407e-10
1.46132e-09
-4.46417e-10
1.616e-09
-4.445e-10
1.78062e-09
-4.39187e-10
1.95415e-09
-4.29964e-10
2.13482e-09
-4.16389e-10
2.32024e-09
-3.9808e-10
2.50746e-09
-3.74804e-10
2.69276e-09
-3.46494e-10
2.87182e-09
-3.13313e-10
3.0399e-09
-2.75746e-10
3.19195e-09
-2.3452e-10
3.32367e-09
-1.90806e-10
3.42988e-09
-1.45825e-10
3.50969e-09
-1.01023e-10
3.56085e-09
-5.8328e-11
3.58603e-09
-1.77698e-11
3.58787e-09
1.56275e-11
3.58377e-09
4.9314e-11
3.5547e-09
7.13848e-11
3.6088e-09
9.89884e-11
3.53507e-09
1.2754e-10
3.89078e-09
1.57711e-10
3.65374e-09
3.04556e-10
4.82731e-09
4.25096e-09
3.60974e-10
-4.06042e-09
2.10508e-10
-4.62095e-09
1.73797e-10
-3.58616e-09
1.36117e-10
-3.82936e-09
1.05278e-10
-3.48707e-09
7.86811e-11
-3.56821e-09
4.35572e-11
-3.50771e-09
8.61231e-12
-3.53967e-09
-3.26146e-11
-3.54063e-09
-7.5563e-11
-3.53974e-09
-1.20435e-10
-3.51589e-09
-1.65527e-10
-3.46786e-09
-2.09393e-10
-3.39239e-09
-2.50906e-10
-3.29132e-09
-2.88914e-10
-3.16539e-09
-3.2272e-10
-3.01936e-09
-3.51825e-10
-2.85723e-09
-3.76043e-10
-2.68382e-09
-3.95405e-10
-2.50366e-09
-4.1011e-10
-2.32097e-09
-4.20509e-10
-2.13942e-09
-4.27022e-10
-1.96198e-09
-4.30135e-10
-1.79102e-09
-4.30285e-10
-1.62828e-09
-4.2801e-10
-1.47503e-09
-4.23734e-10
-1.33185e-09
-4.17874e-10
-1.19922e-09
-4.108e-10
-1.07699e-09
-4.02848e-10
-9.65092e-10
-3.94294e-10
-8.62974e-10
-3.85379e-10
-7.70228e-10
-3.7631e-10
-6.8626e-10
-3.67255e-10
-6.10315e-10
-3.58351e-10
-5.41855e-10
-3.49714e-10
-4.80172e-10
-3.41425e-10
-4.24651e-10
-3.33566e-10
-3.74602e-10
-3.26186e-10
-3.29518e-10
-3.19328e-10
-2.88826e-10
-3.13025e-10
-2.5202e-10
-3.07299e-10
-2.18621e-10
-3.02167e-10
-1.88189e-10
-2.97639e-10
-1.60322e-10
-2.93723e-10
-1.34646e-10
-2.90423e-10
-1.10814e-10
-2.87742e-10
-8.85044e-11
-2.85681e-10
-6.74122e-11
-2.84241e-10
-4.72534e-11
-2.83422e-10
-2.77593e-11
-2.83224e-10
-8.66018e-12
-2.83647e-10
1.02983e-11
-2.84691e-10
2.93742e-11
-2.86358e-10
4.88249e-11
-2.88646e-10
6.89117e-11
-2.91555e-10
8.99067e-11
-2.95087e-10
1.12088e-10
-2.99239e-10
1.35766e-10
-3.04006e-10
1.61256e-10
-3.09383e-10
1.88899e-10
-3.15359e-10
2.19075e-10
-3.2192e-10
2.52175e-10
-3.29043e-10
2.88646e-10
-3.36699e-10
3.28945e-10
-3.44858e-10
3.73617e-10
-3.53433e-10
4.23124e-10
-3.6239e-10
4.78116e-10
-3.71631e-10
5.39185e-10
-3.81048e-10
6.06966e-10
-3.90499e-10
6.82172e-10
-3.99829e-10
7.65332e-10
-4.08831e-10
8.57197e-10
-4.17274e-10
9.58392e-10
-4.2488e-10
1.06932e-09
-4.3132e-10
1.19053e-09
-4.36241e-10
1.32212e-09
-4.39218e-10
1.46428e-09
-4.39819e-10
1.61658e-09
-4.37562e-10
1.77834e-09
-4.31966e-10
1.94853e-09
-4.22557e-10
2.12538e-09
-4.08916e-10
2.30656e-09
-3.9069e-10
2.4892e-09
-3.6767e-10
2.6697e-09
-3.39803e-10
2.8439e-09
-3.07262e-10
3.00729e-09
-2.70523e-10
3.15513e-09
-2.30273e-10
3.28333e-09
-1.87625e-10
3.38712e-09
-1.43716e-10
3.46566e-09
-9.99979e-11
3.51701e-09
-5.80833e-11
3.54399e-09
-1.81333e-11
3.5478e-09
1.55496e-11
3.54999e-09
4.93636e-11
3.52079e-09
7.40377e-11
3.58404e-09
1.02887e-10
3.50612e-09
1.37921e-10
3.85561e-09
1.72032e-10
3.61947e-09
3.21867e-10
4.67731e-09
4.13299e-09
3.73091e-10
-3.9415e-09
2.22843e-10
-4.47051e-09
1.8279e-10
-3.54592e-09
1.39599e-10
-3.78603e-09
1.07673e-10
-3.45504e-09
7.87425e-11
-3.5392e-09
4.35253e-11
-3.47242e-09
8.29469e-12
-3.50436e-09
-3.2374e-11
-3.49988e-09
-7.45852e-11
-3.49743e-09
-1.18519e-10
-3.47186e-09
-1.62531e-10
-3.42375e-09
-2.05354e-10
-3.34947e-09
-2.45913e-10
-3.25067e-09
-2.83113e-10
-3.12812e-09
-3.16259e-10
-2.98615e-09
-3.44916e-10
-2.82852e-09
-3.68859e-10
-2.65983e-09
-3.88114e-10
-2.48437e-09
-4.02859e-10
-2.30619e-09
-4.13418e-10
-2.12884e-09
-4.20187e-10
-1.95518e-09
-4.23625e-10
-1.78756e-09
-4.24153e-10
-1.62772e-09
-4.22282e-10
-1.47688e-09
-4.18421e-10
-1.33569e-09
-4.12984e-10
-1.20464e-09
-4.0632e-10
-1.08363e-09
-3.98762e-10
-9.72634e-10
-3.90582e-10
-8.71138e-10
-3.82017e-10
-7.78779e-10
-3.73272e-10
-6.94992e-10
-3.64515e-10
-6.19061e-10
-3.55881e-10
-5.50478e-10
-3.47488e-10
-4.88557e-10
-3.39422e-10
-4.32708e-10
-3.31761e-10
-3.82258e-10
-3.24557e-10
-3.36717e-10
-3.17854e-10
-2.95524e-10
-3.11688e-10
-2.58183e-10
-3.06081e-10
-2.24225e-10
-3.01051e-10
-1.93216e-10
-2.96611e-10
-1.6476e-10
-2.92769e-10
-1.38487e-10
-2.8953e-10
-1.14052e-10
-2.86898e-10
-9.11353e-11
-2.84874e-10
-6.94347e-11
-2.8346e-10
-4.86666e-11
-2.82657e-10
-2.85617e-11
-2.82465e-10
-8.8521e-12
-2.82883e-10
1.07175e-11
-2.83913e-10
3.04045e-11
-2.85553e-10
5.04663e-11
-2.87805e-10
7.11642e-11
-2.90667e-10
9.27695e-11
-2.94139e-10
1.15561e-10
-2.98218e-10
1.39846e-10
-3.02899e-10
1.65937e-10
-3.08175e-10
1.94175e-10
-3.14034e-10
2.24933e-10
-3.2046e-10
2.58601e-10
-3.27429e-10
2.95614e-10
-3.34911e-10
3.36425e-10
-3.42865e-10
3.81568e-10
-3.51231e-10
4.31486e-10
-3.59945e-10
4.86825e-10
-3.68918e-10
5.48152e-10
-3.78056e-10
6.16097e-10
-3.8717e-10
6.91278e-10
-3.96152e-10
7.74304e-10
-4.04782e-10
8.65816e-10
-4.12833e-10
9.6643e-10
-4.2003e-10
1.0765e-09
-4.26051e-10
1.19653e-09
-4.30554e-10
1.3266e-09
-4.33125e-10
1.46683e-09
-4.33344e-10
1.61677e-09
-4.30758e-10
1.77573e-09
-4.24899e-10
1.94264e-09
-4.15319e-10
2.11577e-09
-4.01626e-10
2.29284e-09
-3.83492e-10
2.47102e-09
-3.60729e-10
2.64689e-09
-3.33288e-10
2.8164e-09
-3.01391e-10
2.97533e-09
-2.65441e-10
3.1191e-09
-2.26116e-10
3.24391e-09
-1.84512e-10
3.34541e-09
-1.41677e-10
3.4227e-09
-9.8873e-11
3.47408e-09
-5.77214e-11
3.50271e-09
-1.83334e-11
3.5083e-09
1.56317e-11
3.51593e-09
4.95397e-11
3.48679e-09
7.6606e-11
3.55688e-09
1.06634e-10
3.47597e-09
1.4737e-10
3.81472e-09
1.85089e-10
3.58157e-09
3.34708e-10
4.5275e-09
4.01398e-09
3.81684e-10
-3.82362e-09
2.33391e-10
-4.322e-09
1.9057e-10
-3.5029e-09
1.42885e-10
-3.73818e-09
1.09961e-10
-3.422e-09
7.89089e-11
-3.50806e-09
4.35963e-11
-3.43703e-09
8.09121e-12
-3.46878e-09
-3.20336e-11
-3.45967e-09
-7.35417e-11
-3.45582e-09
-1.16553e-10
-3.42874e-09
-1.59546e-10
-3.38066e-09
-2.0142e-10
-3.3075e-09
-2.41046e-10
-3.21096e-09
-2.77459e-10
-3.09163e-09
-3.09994e-10
-2.95356e-09
-3.38194e-10
-2.80027e-09
-3.61862e-10
-2.63612e-09
-3.81003e-10
-2.4652e-09
-3.95775e-10
-2.29139e-09
-4.06478e-10
-2.1181e-09
-4.13485e-10
-1.94815e-09
-4.17223e-10
-1.7838e-09
-4.18117e-10
-1.62681e-09
-4.16634e-10
-1.47834e-09
-4.13175e-10
-1.33913e-09
-4.08142e-10
-1.20965e-09
-4.01876e-10
-1.08988e-09
-3.94701e-10
-9.79793e-10
-3.86885e-10
-8.78939e-10
-3.78662e-10
-7.86989e-10
-3.70236e-10
-7.03407e-10
-3.6177e-10
-6.27517e-10
-3.53403e-10
-5.58836e-10
-3.4525e-10
-4.96701e-10
-3.37405e-10
-4.40547e-10
-3.29937e-10
-3.89719e-10
-3.22908e-10
-3.43742e-10
-3.16359e-10
-3.02068e-10
-3.10328e-10
-2.64211e-10
-3.04839e-10
-2.29711e-10
-2.99912e-10
-1.98142e-10
-2.95559e-10
-1.69111e-10
-2.9179e-10
-1.42254e-10
-2.88612e-10
-1.17229e-10
-2.86029e-10
-9.37175e-11
-2.84043e-10
-7.142e-11
-2.82656e-10
-5.00534e-11
-2.81868e-10
-2.93483e-11
-2.81681e-10
-9.03842e-12
-2.82095e-10
1.1132e-11
-2.8311e-10
3.14198e-11
-2.84725e-10
5.20822e-11
-2.8694e-10
7.33805e-11
-2.89755e-10
9.55848e-11
-2.93167e-10
1.18975e-10
-2.97174e-10
1.43853e-10
-3.01768e-10
1.70533e-10
-3.06944e-10
1.99351e-10
-3.12686e-10
2.30676e-10
-3.18978e-10
2.64893e-10
-3.25795e-10
3.0243e-10
-3.33105e-10
3.43733e-10
-3.40864e-10
3.89325e-10
-3.49016e-10
4.39635e-10
-3.5749e-10
4.95296e-10
-3.66199e-10
5.56855e-10
-3.75046e-10
6.24939e-10
-3.83847e-10
7.00071e-10
-3.92489e-10
7.82937e-10
-4.00758e-10
8.74074e-10
-4.08427e-10
9.74086e-10
-4.15228e-10
1.08328e-09
-4.20845e-10
1.20213e-09
-4.24944e-10
1.33069e-09
-4.27126e-10
1.46899e-09
-4.26984e-10
1.61661e-09
-4.24085e-10
1.77281e-09
-4.1798e-10
1.93651e-09
-4.08246e-10
2.106e-09
-3.94514e-10
2.27907e-09
-3.76479e-10
2.45295e-09
-3.53973e-10
2.62433e-09
-3.26967e-10
2.78934e-09
-2.95665e-10
2.94396e-09
-2.60483e-10
3.08384e-09
-2.22081e-10
3.20541e-09
-1.81403e-10
3.30462e-09
-1.39562e-10
3.38074e-09
-9.76928e-11
3.43209e-09
-5.72602e-11
3.46216e-09
-1.84152e-11
3.46935e-09
1.58274e-11
3.48158e-09
4.98344e-11
3.45269e-09
7.90798e-11
3.52752e-09
1.10187e-10
3.44473e-09
1.55595e-10
3.76914e-09
1.96316e-10
3.54063e-09
3.43952e-10
4.37964e-09
3.896e-09
3.87052e-10
-3.70848e-09
2.42268e-10
-4.17698e-09
1.97241e-10
-3.45765e-09
1.45926e-10
-3.6867e-09
1.12103e-10
-3.38805e-09
7.91456e-11
-3.475e-09
4.37557e-11
-3.40155e-09
7.998e-12
-3.43294e-09
-3.16059e-11
-3.41998e-09
-7.24624e-11
-3.41487e-09
-1.14561e-10
-3.38655e-09
-1.56662e-10
-3.33846e-09
-1.97553e-10
-3.26652e-09
-2.363e-10
-3.17213e-09
-2.71959e-10
-3.0559e-09
-3.03897e-10
-2.92156e-09
-3.31653e-10
-2.77246e-09
-3.55046e-10
-2.61269e-09
-3.74066e-10
-2.44614e-09
-3.88854e-10
-2.27657e-09
-3.99687e-10
-2.10724e-09
-4.06915e-10
-1.9409e-09
-4.10938e-10
-1.77975e-09
-4.12178e-10
-1.62555e-09
-4.11064e-10
-1.47943e-09
-4.07992e-10
-1.34218e-09
-4.0335e-10
-1.21428e-09
-3.97469e-10
-1.09574e-09
-3.90666e-10
-9.86582e-10
-3.83206e-10
-8.86386e-10
-3.75316e-10
-7.94866e-10
-3.67206e-10
-7.11506e-10
-3.5902e-10
-6.35693e-10
-3.50916e-10
-5.66932e-10
-3.43001e-10
-5.04608e-10
-3.35374e-10
-4.48168e-10
-3.28097e-10
-3.96991e-10
-3.21239e-10
-3.50594e-10
-3.14844e-10
-3.0846e-10
-3.08947e-10
-2.70105e-10
-3.03576e-10
-2.35079e-10
-2.9875e-10
-2.02966e-10
-2.94484e-10
-1.73376e-10
-2.90788e-10
-1.45948e-10
-2.87671e-10
-1.20345e-10
-2.85136e-10
-9.62513e-11
-2.83188e-10
-7.33681e-11
-2.81827e-10
-5.14137e-11
-2.81055e-10
-3.0119e-11
-2.80874e-10
-9.21915e-12
-2.81283e-10
1.15418e-11
-2.82283e-10
3.24203e-11
-2.83872e-10
5.36728e-11
-2.86051e-10
7.55606e-11
-2.88818e-10
9.83528e-11
-2.92171e-10
1.22329e-10
-2.96105e-10
1.47788e-10
-3.00615e-10
1.75043e-10
-3.05689e-10
2.04427e-10
-3.11316e-10
2.36303e-10
-3.17476e-10
2.71053e-10
-3.24142e-10
3.09096e-10
-3.31282e-10
3.50873e-10
-3.38848e-10
3.96889e-10
-3.46788e-10
4.47572e-10
-3.55026e-10
5.03531e-10
-3.63474e-10
5.65298e-10
-3.72023e-10
6.33482e-10
-3.8053e-10
7.08571e-10
-3.88842e-10
7.9124e-10
-3.96758e-10
8.8198e-10
-4.04056e-10
9.81373e-10
-4.10472e-10
1.08969e-09
-4.15699e-10
1.20734e-09
-4.1941e-10
1.33438e-09
-4.21221e-10
1.47078e-09
-4.20735e-10
1.6161e-09
-4.1754e-10
1.76959e-09
-4.11206e-10
1.93015e-09
-4.01334e-10
2.0961e-09
-3.87574e-10
2.26528e-09
-3.69644e-10
2.43498e-09
-3.47396e-10
2.60204e-09
-3.20821e-10
2.76271e-09
-2.90092e-10
2.91316e-09
-2.55649e-10
3.04931e-09
-2.18112e-10
3.16778e-09
-1.78401e-10
3.26481e-09
-1.37481e-10
3.33971e-09
-9.64811e-11
3.39097e-09
-5.67107e-11
3.42227e-09
-1.8382e-11
3.43091e-09
1.6119e-11
3.44698e-09
5.02103e-11
3.41849e-09
8.14172e-11
3.4962e-09
1.13501e-10
3.41249e-09
1.6269e-10
3.71976e-09
2.05816e-10
3.49727e-09
3.49929e-10
4.23529e-09
3.78075e-09
3.8961e-10
-3.59726e-09
2.4956e-10
-4.03668e-09
2.02839e-10
-3.4107e-09
1.48686e-10
-3.63236e-09
1.1407e-10
-3.3533e-09
7.94315e-11
-3.44026e-09
4.39845e-11
-3.36602e-09
7.99569e-12
-3.39687e-09
-3.11053e-11
-3.38079e-09
-7.13497e-11
-3.37454e-09
-1.12642e-10
-3.34516e-09
-1.53768e-10
-3.29723e-09
-1.93767e-10
-3.22642e-09
-2.3168e-10
-3.13413e-09
-2.66603e-10
-3.02091e-09
-2.97955e-10
-2.89014e-09
-3.25287e-10
-2.74508e-09
-3.48404e-10
-2.58952e-09
-3.67297e-10
-2.42721e-09
-3.82091e-10
-2.26174e-09
-3.9304e-10
-2.09626e-09
-4.00473e-10
-1.93344e-09
-4.04768e-10
-1.77543e-09
-4.06333e-10
-1.62396e-09
-4.05573e-10
-1.48017e-09
-4.02873e-10
-1.34486e-09
-3.98607e-10
-1.21852e-09
-3.931e-10
-1.10124e-09
-3.86657e-10
-9.93009e-10
-3.79543e-10
-8.93487e-10
-3.7198e-10
-8.02417e-10
-3.64183e-10
-7.19291e-10
-3.56268e-10
-6.43599e-10
-3.48421e-10
-5.74771e-10
-3.40742e-10
-5.1228e-10
-3.33334e-10
-4.5557e-10
-3.2624e-10
-4.0408e-10
-3.19553e-10
-3.57277e-10
-3.13308e-10
-3.14701e-10
-3.07545e-10
-2.75865e-10
-3.0229e-10
-2.40332e-10
-2.97565e-10
-2.07689e-10
-2.93386e-10
-1.77554e-10
-2.89763e-10
-1.49569e-10
-2.86706e-10
-1.23401e-10
-2.8422e-10
-9.87366e-11
-2.82309e-10
-7.5279e-11
-2.80974e-10
-5.27476e-11
-2.80219e-10
-3.08739e-11
-2.80043e-10
-9.39431e-12
-2.80447e-10
1.1947e-11
-2.81432e-10
3.34058e-11
-2.82996e-10
5.52381e-11
-2.85139e-10
7.77046e-11
-2.87858e-10
1.01074e-10
-2.91152e-10
1.25624e-10
-2.95014e-10
1.51651e-10
-2.99438e-10
1.79467e-10
-3.04413e-10
2.09403e-10
-3.09925e-10
2.41815e-10
-3.15953e-10
2.77081e-10
-3.22469e-10
3.15612e-10
-3.29444e-10
3.57847e-10
-3.36819e-10
4.04262e-10
-3.44548e-10
4.55299e-10
-3.52554e-10
5.11534e-10
-3.60746e-10
5.73486e-10
-3.69013e-10
6.41744e-10
-3.77222e-10
7.16773e-10
-3.8521e-10
7.99219e-10
-3.92784e-10
8.89544e-10
-3.99721e-10
9.88298e-10
-4.05764e-10
1.09572e-09
-4.10615e-10
1.21218e-09
-4.13953e-10
1.3377e-09
-4.15407e-10
1.47222e-09
-4.14595e-10
1.61527e-09
-4.11121e-10
1.76609e-09
-4.04574e-10
1.92357e-09
-3.94577e-10
2.08607e-09
-3.808e-10
2.25146e-09
-3.62983e-10
2.41712e-09
-3.40992e-10
2.58e-09
-3.14824e-10
2.73648e-09
-2.84665e-10
2.88293e-09
-2.50928e-10
3.01549e-09
-2.14207e-10
3.13096e-09
-1.75386e-10
3.22588e-09
-1.35411e-10
3.29962e-09
-9.52719e-11
3.35071e-09
-5.60854e-11
3.38297e-09
-1.82502e-11
3.39296e-09
1.64856e-11
3.41214e-09
5.06433e-11
3.38423e-09
8.35862e-11
3.46313e-09
1.16538e-10
3.37938e-09
1.68703e-10
3.66739e-09
2.13694e-10
3.45202e-09
3.53071e-10
4.09566e-09
3.66943e-09
3.89955e-10
-3.49061e-09
2.55398e-10
-3.90186e-09
2.07442e-10
-3.3625e-09
1.51146e-10
-3.57588e-09
1.15843e-10
-3.31786e-09
7.97421e-11
-3.40405e-09
4.42596e-11
-3.33045e-09
8.0739e-12
-3.3606e-09
-3.05424e-11
-3.34209e-09
-7.0212e-11
-3.33478e-09
-1.10648e-10
-3.30462e-09
-1.5098e-10
-3.25681e-09
-1.90089e-10
-3.18722e-09
-2.27186e-10
-3.09695e-09
-2.61393e-10
-2.98663e-09
-2.92173e-10
-2.8593e-09
-3.19075e-10
-2.71812e-09
-3.41932e-10
-2.56662e-09
-3.60693e-10
-2.40841e-09
-3.75482e-10
-2.24692e-09
-3.86533e-10
-2.08518e-09
-3.94156e-10
-1.92579e-09
-3.9871e-10
-1.77086e-09
-4.00581e-10
-1.62207e-09
-4.0016e-10
-1.48057e-09
-3.97817e-10
-1.34718e-09
-3.93914e-10
-1.22241e-09
-3.88768e-10
-1.10637e-09
-3.82676e-10
-9.99087e-10
-3.75898e-10
-9.00252e-10
-3.68653e-10
-8.0965e-10
-3.61146e-10
-7.26788e-10
-3.53514e-10
-6.51223e-10
-3.4592e-10
-5.82357e-10
-3.38471e-10
-5.19722e-10
-3.3127e-10
-4.62765e-10
-3.24367e-10
-4.10979e-10
-3.17848e-10
-3.63792e-10
-3.11754e-10
-3.20792e-10
-3.06122e-10
-2.81494e-10
-3.00983e-10
-2.45469e-10
-2.96359e-10
-2.12312e-10
-2.92265e-10
-1.81646e-10
-2.88716e-10
-1.53117e-10
-2.85719e-10
-1.26397e-10
-2.83281e-10
-1.01174e-10
-2.81407e-10
-7.71529e-11
-2.80099e-10
-5.40552e-11
-2.79359e-10
-3.16131e-11
-2.79189e-10
-9.56392e-12
-2.79588e-10
1.23475e-11
-2.80558e-10
3.43764e-11
-2.82097e-10
5.6778e-11
-2.84203e-10
7.98125e-11
-2.86876e-10
1.03747e-10
-2.9011e-10
1.28859e-10
-2.93901e-10
1.55444e-10
-2.9824e-10
1.83808e-10
-3.03116e-10
2.1428e-10
-3.08513e-10
2.47213e-10
-3.1441e-10
2.82979e-10
-3.20779e-10
3.21981e-10
-3.27593e-10
3.64661e-10
-3.34775e-10
4.11444e-10
-3.42297e-10
4.62819e-10
-3.50074e-10
5.19309e-10
-3.58015e-10
5.81423e-10
-3.66008e-10
6.49733e-10
-3.73923e-10
7.24681e-10
-3.81595e-10
8.06883e-10
-3.8884e-10
8.96779e-10
-3.95421e-10
9.94869e-10
-4.01105e-10
1.10139e-09
-4.05592e-10
1.21665e-09
-4.08572e-10
1.34066e-09
-4.09685e-10
1.47331e-09
-4.08562e-10
1.61412e-09
-4.04825e-10
1.76233e-09
-3.98081e-10
1.9168e-09
-3.87971e-10
2.07593e-09
-3.74187e-10
2.23764e-09
-3.56488e-10
2.39938e-09
-3.34745e-10
2.5582e-09
-3.08988e-10
2.71067e-09
-2.79368e-10
2.85324e-09
-2.46352e-10
2.98239e-09
-2.10433e-10
3.09494e-09
-1.72483e-10
3.18782e-09
-1.33275e-10
3.26029e-09
-9.39996e-11
3.31131e-09
-5.53963e-11
3.34425e-09
-1.80339e-11
3.35549e-09
1.69041e-11
3.3771e-09
5.11086e-11
3.34992e-09
8.55677e-11
3.42855e-09
1.19277e-10
3.34551e-09
1.73706e-10
3.61275e-09
2.2008e-10
3.40538e-09
3.5398e-10
3.96149e-09
3.56266e-09
3.88558e-10
-3.38879e-09
2.59908e-10
-3.77294e-09
2.11124e-10
-3.31347e-09
1.53288e-10
-3.51785e-09
1.17405e-10
-3.28183e-09
8.00625e-11
-3.3666e-09
4.45658e-11
-3.29486e-09
8.21968e-12
-3.32418e-09
-2.99287e-11
-3.30386e-09
-6.9033e-11
-3.29558e-09
-1.08705e-10
-3.26486e-09
-1.48176e-10
-3.21724e-09
-1.8645e-10
-3.14886e-09
-2.22797e-10
-3.06052e-09
-2.56328e-10
-2.95302e-09
-2.86544e-10
-2.82902e-09
-3.13047e-10
-2.69156e-09
-3.35624e-10
-2.544e-09
-3.54247e-10
-2.38975e-09
-3.69023e-10
-2.23211e-09
-3.80164e-10
-2.07401e-09
-3.87963e-10
-1.91796e-09
-3.9276e-10
-1.76603e-09
-3.94921e-10
-1.61988e-09
-3.94824e-10
-1.48065e-09
-3.92823e-10
-1.34917e-09
-3.89271e-10
-1.22595e-09
-3.84475e-10
-1.11115e-09
-3.78723e-10
-1.00483e-09
-3.72272e-10
-9.0669e-10
-3.65337e-10
-8.16574e-10
-3.58112e-10
-7.34002e-10
-3.50758e-10
-6.58568e-10
-3.43413e-10
-5.89694e-10
-3.36191e-10
-5.26937e-10
-3.29189e-10
-4.69761e-10
-3.22479e-10
-4.17685e-10
-3.16127e-10
-3.70139e-10
-3.10181e-10
-3.26735e-10
-3.0468e-10
-2.86992e-10
-2.99656e-10
-2.50491e-10
-2.95131e-10
-2.16835e-10
-2.91123e-10
-1.85652e-10
-2.87646e-10
-1.56594e-10
-2.84709e-10
-1.29333e-10
-2.8232e-10
-1.03563e-10
-2.80482e-10
-7.89898e-11
-2.792e-10
-5.53366e-11
-2.78476e-10
-3.23364e-11
-2.78311e-10
-9.72799e-12
-2.78706e-10
1.27434e-11
-2.79661e-10
3.53321e-11
-2.81175e-10
5.82927e-11
-2.83245e-10
8.18845e-11
-2.8587e-10
1.06374e-10
-2.89046e-10
1.32036e-10
-2.92765e-10
1.59164e-10
-2.9702e-10
1.88064e-10
-3.01798e-10
2.19059e-10
-3.07081e-10
2.52497e-10
-3.12849e-10
2.88748e-10
-3.19071e-10
3.28203e-10
-3.25717e-10
3.71307e-10
-3.32718e-10
4.18444e-10
-3.40036e-10
4.70135e-10
-3.47588e-10
5.26858e-10
-3.55282e-10
5.89113e-10
-3.63007e-10
6.57454e-10
-3.70633e-10
7.32301e-10
-3.77997e-10
8.1424e-10
-3.84927e-10
9.037e-10
-3.91158e-10
1.00109e-09
-3.96493e-10
1.10671e-09
-4.0063e-10
1.22078e-09
-4.03265e-10
1.34328e-09
-4.04052e-10
1.47408e-09
-4.02635e-10
1.61268e-09
-3.98649e-10
1.75832e-09
-3.91722e-10
1.90985e-09
-3.81513e-10
2.06569e-09
-3.67731e-10
2.22382e-09
-3.50156e-10
2.38176e-09
-3.28667e-10
2.53666e-09
-3.03303e-10
2.68524e-09
-2.7424e-10
2.82411e-09
-2.41874e-10
2.94994e-09
-2.06705e-10
3.05968e-09
-1.6956e-10
3.15057e-09
-1.31241e-10
3.22186e-09
-9.26843e-11
3.27264e-09
-5.46559e-11
3.30611e-09
-1.77463e-11
3.31848e-09
1.73601e-11
3.34189e-09
5.15908e-11
3.31558e-09
8.73394e-11
3.39267e-09
1.21693e-10
3.31099e-09
1.7778e-10
3.55644e-09
2.25112e-10
3.35777e-09
3.53126e-10
3.8332e-09
3.46069e-09
3.85615e-10
-3.29204e-09
2.63209e-10
-3.65026e-09
2.13953e-10
-3.26396e-09
1.55114e-10
-3.45881e-09
1.18753e-10
-3.24532e-09
8.0369e-11
-3.3281e-09
4.48823e-11
-3.25928e-09
8.42094e-12
-3.28763e-09
-2.92729e-11
-3.26608e-09
-6.78298e-11
-3.25694e-09
-1.06795e-10
-3.2258e-09
-1.45478e-10
-3.17846e-09
-1.82946e-10
-3.1113e-09
-2.18495e-10
-3.02489e-09
-2.5139e-10
-2.92005e-09
-2.8105e-10
-2.7993e-09
-3.07163e-10
-2.6654e-09
-3.29478e-10
-2.52164e-09
-3.47955e-10
-2.37123e-09
-3.62709e-10
-2.21732e-09
-3.73929e-10
-2.06276e-09
-3.81889e-10
-1.90998e-09
-3.86921e-10
-1.76098e-09
-3.89352e-10
-1.61743e-09
-3.89563e-10
-1.48042e-09
-3.87893e-10
-1.35082e-09
-3.84678e-10
-1.22914e-09
-3.80219e-10
-1.11559e-09
-3.74798e-10
-1.01023e-09
-3.68666e-10
-9.1281e-10
-3.62033e-10
-8.23196e-10
-3.5509e-10
-7.40935e-10
-3.48002e-10
-6.65648e-10
-3.40901e-10
-5.96788e-10
-3.33903e-10
-5.33929e-10
-3.27102e-10
-4.76556e-10
-3.20576e-10
-4.24206e-10
-3.14389e-10
-3.76323e-10
-3.0859e-10
-3.32532e-10
-3.03219e-10
-2.9236e-10
-2.98309e-10
-2.554e-10
-2.93883e-10
-2.21259e-10
-2.8996e-10
-1.89573e-10
-2.86555e-10
-1.59998e-10
-2.83678e-10
-1.3221e-10
-2.81336e-10
-1.05904e-10
-2.79536e-10
-8.07899e-11
-2.7828e-10
-5.65918e-11
-2.77571e-10
-3.30441e-11
-2.77412e-10
-9.88656e-12
-2.77802e-10
1.31346e-11
-2.78742e-10
3.62729e-11
-2.8023e-10
5.97821e-11
-2.82265e-10
8.39206e-11
-2.84843e-10
1.08953e-10
-2.8796e-10
1.35155e-10
-2.91609e-10
1.62814e-10
-2.95779e-10
1.92236e-10
-3.00459e-10
2.2374e-10
-3.0563e-10
2.5767e-10
-3.11269e-10
2.94388e-10
-3.17346e-10
3.3428e-10
-3.23824e-10
3.77785e-10
-3.30649e-10
4.25268e-10
-3.37765e-10
4.7725e-10
-3.45096e-10
5.34186e-10
-3.52547e-10
5.96561e-10
-3.60011e-10
6.64913e-10
-3.67354e-10
7.39639e-10
-3.74417e-10
8.21295e-10
-3.81029e-10
9.10304e-10
-3.86932e-10
1.00698e-09
-3.91929e-10
1.11169e-09
-3.95728e-10
1.22456e-09
-3.98032e-10
1.34557e-09
-3.98508e-10
1.47453e-09
-3.96811e-10
1.61096e-09
-3.92591e-10
1.75408e-09
-3.85494e-10
1.90272e-09
-3.75198e-10
2.05536e-09
-3.61426e-10
2.21002e-09
-3.43983e-10
2.36427e-09
-3.22747e-10
2.51537e-09
-2.97759e-10
2.66019e-09
-2.69229e-10
2.79551e-09
-2.37482e-10
2.91811e-09
-2.0308e-10
3.02518e-09
-1.66749e-10
3.11413e-09
-1.29189e-10
3.18419e-09
-9.1343e-11
3.23468e-09
-5.38721e-11
3.26853e-09
-1.73998e-11
3.2819e-09
1.78303e-11
3.30656e-09
5.20649e-11
3.28123e-09
8.89051e-11
3.35569e-09
1.23796e-10
3.27592e-09
1.80984e-10
3.49902e-09
2.28904e-10
3.30957e-09
3.50735e-10
3.71109e-09
3.36377e-09
3.81383e-10
-3.20053e-09
2.65421e-10
-3.53402e-09
2.15997e-10
-3.21428e-09
1.56611e-10
-3.39922e-09
1.19873e-10
-3.20843e-09
8.06603e-11
-3.28877e-09
4.52062e-11
-3.22374e-09
8.66539e-12
-3.25101e-09
-2.85854e-11
-3.22875e-09
-6.66096e-11
-3.21883e-09
-1.04859e-10
-3.18746e-09
-1.4276e-10
-3.14047e-09
-1.79492e-10
-3.07448e-09
-2.14339e-10
-2.98996e-09
-2.46575e-10
-2.88774e-09
-2.7573e-10
-2.77008e-09
-3.01427e-10
-2.63964e-09
-3.23494e-10
-2.49952e-09
-3.41813e-10
-2.35287e-09
-3.56536e-10
-2.20256e-09
-3.67824e-10
-2.05145e-09
-3.75934e-10
-1.90184e-09
-3.8118e-10
-1.75571e-09
-3.83873e-10
-1.61472e-09
-3.84379e-10
-1.47989e-09
-3.83024e-10
-1.35216e-09
-3.80134e-10
-1.23202e-09
-3.76003e-10
-1.11971e-09
-3.70903e-10
-1.01532e-09
-3.65079e-10
-9.18621e-10
-3.58741e-10
-8.29523e-10
-3.52076e-10
-7.4759e-10
-3.45247e-10
-6.72468e-10
-3.38385e-10
-6.03642e-10
-3.31607e-10
-5.40702e-10
-3.25005e-10
-4.83152e-10
-3.18661e-10
-4.30546e-10
-3.12636e-10
-3.82343e-10
-3.06982e-10
-3.38183e-10
-3.0174e-10
-2.976e-10
-2.96942e-10
-2.60196e-10
-2.92614e-10
-2.25585e-10
-2.88776e-10
-1.9341e-10
-2.85443e-10
-1.6333e-10
-2.82625e-10
-1.35027e-10
-2.80331e-10
-1.08197e-10
-2.78567e-10
-8.25533e-11
-2.77337e-10
-5.7821e-11
-2.76644e-10
-3.37361e-11
-2.7649e-10
-1.00396e-11
-2.76876e-10
1.35212e-11
-2.77801e-10
3.7199e-11
-2.79264e-10
6.12464e-11
-2.81263e-10
8.59209e-11
-2.83794e-10
1.11486e-10
-2.86853e-10
1.38215e-10
-2.90431e-10
1.66394e-10
-2.94518e-10
1.96325e-10
-2.99101e-10
2.28324e-10
-3.0416e-10
2.6273e-10
-3.09673e-10
2.99901e-10
-3.15605e-10
3.40213e-10
-3.21921e-10
3.84101e-10
-3.28568e-10
4.31915e-10
-3.35487e-10
4.84167e-10
-3.42599e-10
5.41297e-10
-3.49813e-10
6.03771e-10
-3.5702e-10
6.72115e-10
-3.64087e-10
7.467e-10
-3.70856e-10
8.28057e-10
-3.77148e-10
9.16587e-10
-3.82742e-10
1.01256e-09
-3.87412e-10
1.11635e-09
-3.90886e-10
1.22802e-09
-3.92873e-10
1.34754e-09
-3.93051e-10
1.47469e-09
-3.91089e-10
1.60898e-09
-3.86648e-10
1.74961e-09
-3.79395e-10
1.89544e-09
-3.69021e-10
2.04496e-09
-3.55269e-10
2.19622e-09
-3.37973e-10
2.34693e-09
-3.1697e-10
2.49432e-09
-2.92371e-10
2.63553e-09
-2.64342e-10
2.7674e-09
-2.33234e-10
2.88692e-09
-1.99526e-10
2.99138e-09
-1.63916e-10
3.07842e-09
-1.27092e-10
3.14725e-09
-8.99831e-11
3.19746e-09
-5.30538e-11
3.23149e-09
-1.70067e-11
3.24575e-09
1.8306e-11
3.27114e-09
5.25223e-11
3.2469e-09
9.025e-11
3.31782e-09
1.25574e-10
3.24042e-09
1.83392e-10
3.44097e-09
2.31578e-10
3.2611e-09
3.47019e-10
3.59537e-09
3.27205e-09
3.77076e-10
-3.11337e-09
2.66684e-10
-3.42336e-09
2.17337e-10
-3.16468e-09
1.57799e-10
-3.33948e-09
1.20778e-10
-3.17126e-09
8.09089e-11
-3.24878e-09
4.55104e-11
-3.18825e-09
8.94378e-12
-3.21437e-09
-2.78743e-11
-3.19185e-09
-6.53746e-11
-3.18125e-09
-1.02915e-10
-3.14984e-09
-1.40155e-10
-3.10314e-09
-1.76112e-10
-3.03844e-09
-2.10263e-10
-2.95573e-09
-2.41881e-10
-2.85605e-09
-2.70533e-10
-2.74136e-09
-2.9584e-10
-2.61428e-09
-3.17623e-10
-2.47769e-09
-3.35818e-10
-2.33464e-09
-3.50501e-10
-2.18784e-09
-3.61846e-10
-2.04007e-09
-3.70093e-10
-1.89356e-09
-3.75534e-10
-1.75024e-09
-3.78481e-10
-1.61175e-09
-3.79268e-10
-1.47909e-09
-3.78217e-10
-1.35319e-09
-3.75641e-10
-1.23458e-09
-3.71825e-10
-1.12351e-09
-3.67039e-10
-1.02009e-09
-3.61513e-10
-9.24135e-10
-3.55462e-10
-8.35563e-10
-3.49068e-10
-7.53975e-10
-3.42493e-10
-6.79035e-10
-3.35866e-10
-6.10261e-10
-3.29303e-10
-5.47259e-10
-3.22899e-10
-4.89551e-10
-3.16733e-10
-4.36708e-10
-3.10869e-10
-3.88204e-10
-3.05358e-10
-3.43691e-10
-3.00242e-10
-3.02713e-10
-2.95557e-10
-2.64879e-10
-2.91327e-10
-2.29814e-10
-2.87572e-10
-1.97163e-10
-2.8431e-10
-1.66592e-10
-2.81551e-10
-1.37785e-10
-2.79305e-10
-1.10443e-10
-2.77577e-10
-8.42801e-11
-2.76373e-10
-5.90242e-11
-2.75696e-10
-3.44125e-11
-2.75547e-10
-1.01873e-11
-2.75928e-10
1.39031e-11
-2.76839e-10
3.81103e-11
-2.78276e-10
6.26857e-11
-2.8024e-10
8.78857e-11
-2.82725e-10
1.13972e-10
-2.85725e-10
1.41217e-10
-2.89233e-10
1.69904e-10
-2.93237e-10
2.00331e-10
-2.97724e-10
2.32812e-10
-3.02673e-10
2.6768e-10
-3.08059e-10
3.05288e-10
-3.13849e-10
3.46005e-10
-3.20006e-10
3.90257e-10
-3.26477e-10
4.38386e-10
-3.332e-10
4.90889e-10
-3.40099e-10
5.48193e-10
-3.47079e-10
6.10748e-10
-3.54034e-10
6.79066e-10
-3.60831e-10
7.53491e-10
-3.67314e-10
8.34532e-10
-3.73301e-10
9.22565e-10
-3.78589e-10
1.01784e-09
-3.82944e-10
1.12069e-09
-3.86104e-10
1.23116e-09
-3.87786e-10
1.3492e-09
-3.8768e-10
1.47457e-09
-3.85466e-10
1.60675e-09
-3.80818e-10
1.74494e-09
-3.7342e-10
1.88801e-09
-3.6298e-10
2.03448e-09
-3.49257e-10
2.18246e-09
-3.32071e-10
2.3297e-09
-3.11338e-10
2.47353e-09
-2.87117e-10
2.61125e-09
-2.59561e-10
2.73977e-09
-2.29075e-10
2.85635e-09
-1.96023e-10
2.95823e-09
-1.61199e-10
3.04349e-09
-1.25065e-10
3.11101e-09
-8.86102e-11
3.1609e-09
-5.22101e-11
3.19499e-09
-1.65776e-11
3.21002e-09
1.87704e-11
3.23569e-09
5.29454e-11
3.21261e-09
9.13765e-11
3.27926e-09
1.27036e-10
3.20458e-09
1.85085e-10
3.38269e-09
2.33275e-10
3.21263e-09
3.43038e-10
3.48532e-09
3.18481e-09
3.7141e-10
-3.03102e-09
2.67072e-10
-3.31875e-09
2.18022e-10
-3.11538e-09
1.58679e-10
-3.27994e-09
1.21462e-10
-3.13389e-09
8.11127e-11
-3.20832e-09
4.57914e-11
-3.15283e-09
9.2471e-12
-3.17774e-09
-2.71471e-11
-3.15538e-09
-6.41289e-11
-3.14419e-09
-1.01079e-10
-3.1128e-09
-1.37519e-10
-3.06662e-09
-1.72822e-10
-3.00305e-09
-2.06259e-10
-2.92221e-09
-2.37322e-10
-2.82491e-09
-2.65466e-10
-2.71315e-09
-2.90392e-10
-2.5893e-09
-3.11909e-10
-2.45613e-09
-3.29969e-10
-2.31653e-09
-3.446e-10
-2.17318e-09
-3.55992e-10
-2.02865e-09
-3.64365e-10
-1.88516e-09
-3.69989e-10
-1.7446e-09
-3.73176e-10
-1.60854e-09
-3.74232e-10
-1.47801e-09
-3.73471e-10
-1.35393e-09
-3.71197e-10
-1.23683e-09
-3.67687e-10
-1.127e-09
-3.6321e-10
-1.02456e-09
-3.57969e-10
-9.29364e-10
-3.52198e-10
-8.41323e-10
-3.46069e-10
-7.60094e-10
-3.39741e-10
-6.85354e-10
-3.33345e-10
-6.16651e-10
-3.26994e-10
-5.53603e-10
-3.20783e-10
-4.95757e-10
-3.14794e-10
-4.42692e-10
-3.09087e-10
-3.93907e-10
-3.03717e-10
-3.49058e-10
-2.98728e-10
-3.077e-10
-2.94153e-10
-2.69452e-10
-2.9002e-10
-2.33946e-10
-2.86349e-10
-2.00833e-10
-2.83157e-10
-1.69783e-10
-2.80457e-10
-1.40485e-10
-2.78257e-10
-1.12641e-10
-2.76566e-10
-8.59706e-11
-2.75388e-10
-6.02017e-11
-2.74726e-10
-3.50733e-11
-2.74583e-10
-1.03294e-11
-2.74959e-10
1.42804e-11
-2.75855e-10
3.90069e-11
-2.77268e-10
6.41e-11
-2.79196e-10
8.9815e-11
-2.81634e-10
1.16412e-10
-2.84577e-10
1.44161e-10
-2.88015e-10
1.73344e-10
-2.91937e-10
2.04255e-10
-2.96328e-10
2.37204e-10
-3.01167e-10
2.72521e-10
-3.06429e-10
3.10551e-10
-3.1208e-10
3.51656e-10
-3.18079e-10
3.96256e-10
-3.24376e-10
4.44682e-10
-3.30907e-10
4.97419e-10
-3.37595e-10
5.5488e-10
-3.44347e-10
6.17497e-10
-3.51055e-10
6.85769e-10
-3.57588e-10
7.60018e-10
-3.63791e-10
8.40728e-10
-3.69485e-10
9.2825e-10
-3.74474e-10
1.02282e-09
-3.78524e-10
1.12473e-09
-3.81381e-10
1.23401e-09
-3.82771e-10
1.35058e-09
-3.82393e-10
1.47417e-09
-3.79946e-10
1.60428e-09
-3.75099e-10
1.74007e-09
-3.67568e-10
1.88045e-09
-3.57071e-10
2.02395e-09
-3.4339e-10
2.16874e-09
-3.26325e-10
2.31259e-09
-3.05846e-10
2.453e-09
-2.8199e-10
2.58733e-09
-2.54938e-10
2.71265e-09
-2.24979e-10
2.82631e-09
-1.92649e-10
2.9258e-09
-1.58445e-10
3.00918e-09
-1.2311e-10
3.07557e-09
-8.72229e-11
3.12491e-09
-5.13512e-11
3.15902e-09
-1.61222e-11
3.17469e-09
1.92148e-11
3.20026e-09
5.33265e-11
3.17839e-09
9.2284e-11
3.24016e-09
1.28186e-10
3.1685e-09
1.86115e-10
3.32454e-09
2.3408e-10
3.16438e-09
3.37766e-10
3.38135e-09
3.10245e-09
3.65124e-10
-2.95336e-09
2.66705e-10
-3.22006e-09
2.18122e-10
-3.06656e-09
1.59261e-10
-3.22089e-09
1.21934e-10
-3.09641e-09
8.12657e-11
-3.16754e-09
4.60411e-11
-3.11752e-09
9.56924e-12
-3.14119e-09
-2.64093e-11
-3.11933e-09
-6.28829e-11
-3.10763e-09
-9.92262e-11
-3.07638e-09
-1.35002e-10
-3.03076e-09
-1.69565e-10
-2.9684e-09
-2.02404e-10
-2.88929e-09
-2.32868e-10
-2.79437e-09
-2.60525e-10
-2.68543e-09
-2.85074e-10
-2.56469e-09
-3.06324e-10
-2.43483e-09
-3.24238e-10
-2.29858e-09
-3.38829e-10
-2.15855e-09
-3.50259e-10
-2.01718e-09
-3.58747e-10
-1.87665e-09
-3.64546e-10
-1.73877e-09
-3.67956e-10
-1.60511e-09
-3.69268e-10
-1.47668e-09
-3.68786e-10
-1.3544e-09
-3.66802e-10
-1.2388e-09
-3.63587e-10
-1.1302e-09
-3.594e-10
-1.02873e-09
-3.54446e-10
-9.34306e-10
-3.48947e-10
-8.46811e-10
-3.43077e-10
-7.65955e-10
-3.36992e-10
-6.9143e-10
-3.30822e-10
-6.22814e-10
-3.24679e-10
-5.5974e-10
-3.18659e-10
-5.01771e-10
-3.12848e-10
-4.48499e-10
-3.07292e-10
-3.9946e-10
-3.02062e-10
-3.54284e-10
-2.97197e-10
-3.12562e-10
-2.92732e-10
-2.73915e-10
-2.88694e-10
-2.37982e-10
-2.85106e-10
-2.0442e-10
-2.81984e-10
-1.72903e-10
-2.79342e-10
-1.43126e-10
-2.7719e-10
-1.14793e-10
-2.75535e-10
-8.7625e-11
-2.74382e-10
-6.13534e-11
-2.73736e-10
-3.57187e-11
-2.73598e-10
-1.04662e-11
-2.7397e-10
1.46531e-11
-2.7485e-10
3.98888e-11
-2.76239e-10
6.54894e-11
-2.78131e-10
9.17089e-11
-2.80523e-10
1.18806e-10
-2.83409e-10
1.47048e-10
-2.86778e-10
1.76714e-10
-2.90618e-10
2.08097e-10
-2.94915e-10
2.41502e-10
-2.99645e-10
2.77253e-10
-3.04784e-10
3.1569e-10
-3.10296e-10
3.57169e-10
-3.1614e-10
4.021e-10
-3.22265e-10
4.50807e-10
-3.28607e-10
5.03759e-10
-3.35089e-10
5.61359e-10
-3.41617e-10
6.24021e-10
-3.48084e-10
6.92231e-10
-3.54359e-10
7.66286e-10
-3.60289e-10
8.46651e-10
-3.65699e-10
9.3365e-10
-3.70397e-10
1.02751e-09
-3.74151e-10
1.12847e-09
-3.76717e-10
1.23656e-09
-3.77826e-10
1.35167e-09
-3.77189e-10
1.47351e-09
-3.74517e-10
1.60158e-09
-3.69487e-10
1.73501e-09
-3.61834e-10
1.87277e-09
-3.51291e-10
2.01337e-09
-3.37643e-10
2.15505e-09
-3.20717e-10
2.29562e-09
-3.00487e-10
2.43271e-09
-2.7699e-10
2.56376e-09
-2.5041e-10
2.68599e-09
-2.21034e-10
2.79685e-09
-1.89286e-10
2.89396e-09
-1.55825e-10
2.97562e-09
-1.21126e-10
3.04077e-09
-8.58348e-11
3.08951e-09
-5.04805e-11
3.12356e-09
-1.56477e-11
3.13977e-09
1.963e-11
3.16489e-09
5.36576e-11
3.14425e-09
9.29799e-11
3.2007e-09
1.29037e-10
3.13226e-09
1.8655e-10
3.2668e-09
2.34107e-10
3.11654e-09
3.31945e-10
3.28324e-09
3.02475e-09
3.58701e-10
-2.87985e-09
2.6568e-10
-3.12678e-09
2.177e-10
-3.01834e-09
1.59565e-10
-3.16256e-09
1.22193e-10
-3.05889e-09
8.13572e-11
-3.12659e-09
4.6254e-11
-3.08233e-09
9.89782e-12
-3.10476e-09
-2.56692e-11
-3.08369e-09
-6.16422e-11
-3.07159e-09
-9.73768e-11
-3.04056e-09
-1.32505e-10
-2.99554e-09
-1.6644e-10
-2.93438e-09
-1.98612e-10
-2.85704e-09
-2.28502e-10
-2.76441e-09
-2.55705e-10
-2.65816e-09
-2.799e-10
-2.54044e-09
-3.00897e-10
-2.41378e-09
-3.18641e-10
-2.28079e-09
-3.33189e-10
-2.14396e-09
-3.44645e-10
-2.0057e-09
-3.53237e-10
-1.86803e-09
-3.592e-10
-1.73278e-09
-3.6282e-10
-1.60146e-09
-3.64377e-10
-1.4751e-09
-3.64161e-10
-1.35459e-09
-3.62457e-10
-1.24049e-09
-3.59527e-10
-1.13312e-09
-3.55621e-10
-1.03262e-09
-3.50945e-10
-9.3897e-10
-3.45712e-10
-8.52032e-10
-3.40095e-10
-7.71562e-10
-3.34247e-10
-6.97269e-10
-3.28297e-10
-6.28756e-10
-3.22359e-10
-5.65672e-10
-3.16526e-10
-5.07598e-10
-3.10887e-10
-4.54133e-10
-3.05484e-10
-4.04859e-10
-3.00392e-10
-3.59373e-10
-2.9565e-10
-3.17301e-10
-2.91294e-10
-2.7827e-10
-2.87351e-10
-2.41923e-10
-2.83844e-10
-2.07925e-10
-2.80792e-10
-1.75954e-10
-2.78208e-10
-1.45709e-10
-2.76102e-10
-1.16897e-10
-2.74483e-10
-8.92433e-11
-2.73356e-10
-6.24795e-11
-2.72725e-10
-3.63487e-11
-2.72593e-10
-1.05977e-11
-2.7296e-10
1.50212e-11
-2.73826e-10
4.07561e-11
-2.75189e-10
6.68541e-11
-2.77047e-10
9.35678e-11
-2.79393e-10
1.21154e-10
-2.82221e-10
1.49878e-10
-2.85522e-10
1.80016e-10
-2.89281e-10
2.11858e-10
-2.93484e-10
2.45705e-10
-2.98107e-10
2.81877e-10
-3.03123e-10
3.20708e-10
-3.08502e-10
3.62548e-10
-3.1419e-10
4.07787e-10
-3.20146e-10
4.56762e-10
-3.26302e-10
5.09914e-10
-3.32581e-10
5.67636e-10
-3.38892e-10
6.30329e-10
-3.4512e-10
6.98454e-10
-3.51143e-10
7.72303e-10
-3.56808e-10
8.52309e-10
-3.61942e-10
9.38775e-10
-3.66357e-10
1.03191e-09
-3.69827e-10
1.13193e-09
-3.72112e-10
1.23883e-09
-3.72952e-10
1.35249e-09
-3.72068e-10
1.47261e-09
-3.69172e-10
1.59866e-09
-3.63981e-10
1.72979e-09
-3.56216e-10
1.86497e-09
-3.45639e-10
2.00276e-09
-3.32009e-10
2.14138e-09
-3.15242e-10
2.2788e-09
-2.95255e-10
2.41267e-09
-2.72096e-10
2.54054e-09
-2.45984e-10
2.65981e-09
-2.17158e-10
2.76793e-09
-1.86063e-10
2.86277e-09
-1.53199e-10
2.94266e-09
-1.19115e-10
3.00658e-09
-8.44555e-11
3.05475e-09
-4.96058e-11
3.08862e-09
-1.51654e-11
3.10523e-09
2.00103e-11
3.12962e-09
5.39301e-11
3.11023e-09
9.34635e-11
3.16103e-09
1.29603e-10
3.09595e-09
1.86453e-10
3.20973e-09
2.33456e-10
3.06927e-09
3.25886e-10
3.19054e-09
2.95125e-09
3.51542e-10
-2.81063e-09
2.64075e-10
-3.03906e-09
2.16801e-10
-2.97083e-09
1.59602e-10
-3.10518e-09
1.22246e-10
-3.02139e-09
8.13859e-11
-3.08562e-09
4.64248e-11
-3.04728e-09
1.02278e-11
-3.06849e-09
-2.49309e-11
-3.04846e-09
-6.04069e-11
-3.03604e-09
-9.55283e-11
-3.00536e-09
-1.30004e-10
-2.96099e-09
-1.63324e-10
-2.90098e-09
-1.94909e-10
-2.82537e-09
-2.24285e-10
-2.73496e-09
-2.5102e-10
-2.63136e-09
-2.7485e-10
-2.51655e-09
-2.9559e-10
-2.39299e-09
-3.1318e-10
-2.26316e-09
-3.27656e-10
-2.12945e-09
-3.39146e-10
-1.99417e-09
-3.47831e-10
-1.85931e-09
-3.53948e-10
-1.72664e-09
-3.57767e-10
-1.59762e-09
-3.59556e-10
-1.47329e-09
-3.59597e-10
-1.35453e-09
-3.58161e-10
-1.24191e-09
-3.55506e-10
-1.13576e-09
-3.51873e-10
-1.03624e-09
-3.47466e-10
-9.43364e-10
-3.42492e-10
-8.56994e-10
-3.37121e-10
-7.76922e-10
-3.31506e-10
-7.02876e-10
-3.25773e-10
-6.34481e-10
-3.20035e-10
-5.71403e-10
-3.14387e-10
-5.13241e-10
-3.08915e-10
-4.596e-10
-3.03663e-10
-4.10106e-10
-2.98708e-10
-3.64324e-10
-2.94088e-10
-3.21919e-10
-2.89839e-10
-2.82517e-10
-2.8599e-10
-2.4577e-10
-2.82565e-10
-2.11348e-10
-2.79582e-10
-1.78936e-10
-2.77055e-10
-1.48235e-10
-2.74996e-10
-1.18956e-10
-2.73412e-10
-9.08259e-11
-2.7231e-10
-6.35803e-11
-2.71695e-10
-3.69635e-11
-2.71567e-10
-1.07237e-11
-2.7193e-10
1.53848e-11
-2.72781e-10
4.16089e-11
-2.7412e-10
6.81942e-11
-2.75942e-10
9.53917e-11
-2.78243e-10
1.23456e-10
-2.81015e-10
1.52651e-10
-2.84247e-10
1.8325e-10
-2.87927e-10
2.15539e-10
-2.92036e-10
2.49816e-10
-2.96553e-10
2.86395e-10
-3.01449e-10
3.25604e-10
-3.06695e-10
3.67795e-10
-3.12229e-10
4.13321e-10
-3.18019e-10
4.6255e-10
-3.23992e-10
5.15885e-10
-3.30072e-10
5.73714e-10
-3.36174e-10
6.36427e-10
-3.42165e-10
7.04439e-10
-3.47942e-10
7.78073e-10
-3.53349e-10
8.57708e-10
-3.58215e-10
9.43631e-10
-3.62355e-10
1.03604e-09
-3.6555e-10
1.13511e-09
-3.67564e-10
1.24082e-09
-3.68147e-10
1.35305e-09
-3.67027e-10
1.47147e-09
-3.63927e-10
1.59554e-09
-3.58578e-10
1.72442e-09
-3.50712e-10
1.85707e-09
-3.40111e-10
1.99212e-09
-3.26532e-10
2.12776e-09
-3.09903e-10
2.26212e-09
-2.90161e-10
2.39287e-09
-2.67359e-10
2.51767e-09
-2.41656e-10
2.63403e-09
-2.13341e-10
2.73953e-09
-1.82843e-10
2.83218e-09
-1.50616e-10
2.91033e-09
-1.17181e-10
2.97305e-09
-8.30907e-11
3.02057e-09
-4.87317e-11
3.05417e-09
-1.46811e-11
3.0711e-09
2.03496e-11
3.09449e-09
5.41408e-11
3.07633e-09
9.37428e-11
3.1213e-09
1.29899e-10
3.05963e-09
1.85873e-10
3.15354e-09
2.32206e-10
3.02267e-09
3.19076e-10
3.10341e-09
2.8821e-09
3.44391e-10
-2.74515e-09
2.61996e-10
-2.95642e-09
2.15476e-10
-2.92409e-09
1.59393e-10
-3.04891e-09
1.22106e-10
-2.98397e-09
8.13449e-11
-3.04475e-09
4.65466e-11
-3.0124e-09
1.05562e-11
-3.03243e-09
-2.41995e-11
-3.01364e-09
-5.91838e-11
-3.00098e-09
-9.37625e-11
-2.97071e-09
-1.27648e-10
-2.92702e-09
-1.60338e-10
-2.86821e-09
-1.91312e-10
-2.79432e-09
-2.20154e-10
-2.70605e-09
-2.46444e-10
-2.605e-09
-2.69921e-10
-2.49301e-09
-2.90408e-10
-2.37245e-09
-3.07842e-10
-2.24568e-09
-3.22259e-10
-2.11499e-09
-3.33763e-10
-1.98263e-09
-3.42529e-10
-1.85052e-09
-3.48789e-10
-1.72035e-09
-3.52795e-10
-1.59359e-09
-3.54806e-10
-1.47126e-09
-3.55091e-10
-1.35423e-09
-3.53914e-10
-1.24306e-09
-3.51524e-10
-1.13813e-09
-3.48156e-10
-1.03959e-09
-3.4401e-10
-9.47497e-10
-3.39288e-10
-8.61703e-10
-3.34158e-10
-7.82042e-10
-3.2877e-10
-7.08255e-10
-3.23249e-10
-6.39994e-10
-3.17707e-10
-5.76937e-10
-3.1224e-10
-5.18702e-10
-3.06927e-10
-4.64908e-10
-3.01831e-10
-4.15198e-10
-2.97011e-10
-3.69141e-10
-2.92511e-10
-3.26416e-10
-2.88368e-10
-2.86657e-10
-2.84612e-10
-2.49523e-10
-2.81268e-10
-2.14691e-10
-2.78353e-10
-1.81849e-10
-2.75883e-10
-1.50703e-10
-2.7387e-10
-1.20968e-10
-2.72322e-10
-9.2373e-11
-2.71245e-10
-6.46558e-11
-2.70644e-10
-3.7563e-11
-2.70522e-10
-1.08445e-11
-2.7088e-10
1.57437e-11
-2.71717e-10
4.24472e-11
-2.73031e-10
6.95098e-11
-2.74819e-10
9.71809e-11
-2.77075e-10
1.25713e-10
-2.7979e-10
1.55368e-10
-2.82955e-10
1.86416e-10
-2.86555e-10
2.1914e-10
-2.90572e-10
2.53834e-10
-2.94983e-10
2.90807e-10
-2.9976e-10
3.30382e-10
-3.04873e-10
3.72907e-10
-3.10259e-10
4.18706e-10
-3.15884e-10
4.68174e-10
-3.21678e-10
5.21677e-10
-3.27563e-10
5.79595e-10
-3.33453e-10
6.42313e-10
-3.39218e-10
7.10199e-10
-3.44755e-10
7.83603e-10
-3.49911e-10
8.62855e-10
-3.54517e-10
9.48226e-10
-3.58391e-10
1.0399e-09
-3.6132e-10
1.13802e-09
-3.63075e-10
1.24256e-09
-3.6341e-10
1.35337e-09
-3.62066e-10
1.4701e-09
-3.58774e-10
1.59222e-09
-3.53276e-10
1.71889e-09
-3.45321e-10
1.84909e-09
-3.34676e-10
1.98144e-09
-3.21169e-10
2.11421e-09
-3.04683e-10
2.24559e-09
-2.85182e-10
2.37331e-09
-2.62721e-10
2.49514e-09
-2.37468e-10
2.6087e-09
-2.09676e-10
2.71166e-09
-1.79759e-10
2.80218e-09
-1.48126e-10
2.87861e-09
-1.15329e-10
2.94016e-09
-8.17512e-11
2.98689e-09
-4.78686e-11
3.0202e-09
-1.42e-11
3.03734e-09
2.06417e-11
3.05956e-09
5.42836e-11
3.04258e-09
9.38282e-11
3.08163e-09
1.29942e-10
3.02335e-09
1.84859e-10
3.09841e-09
2.30458e-10
2.97681e-09
3.12247e-10
3.02136e-09
2.81675e-09
3.36604e-10
-2.68356e-09
2.59577e-10
-2.87916e-09
2.13761e-10
-2.87805e-09
1.58956e-10
-2.99393e-09
1.21783e-10
-2.94666e-09
8.12349e-11
-3.0041e-09
4.66174e-11
-2.9777e-09
1.08743e-11
-2.99662e-09
-2.34797e-11
-2.97922e-09
-5.79785e-11
-2.96642e-09
-9.20339e-11
-2.93658e-09
-1.2528e-10
-2.8937e-09
-1.57355e-10
-2.83606e-09
-1.8776e-10
-2.76384e-09
-2.16108e-10
-2.67763e-09
-2.41977e-10
-2.57907e-09
-2.65109e-10
-2.46982e-09
-2.85348e-10
-2.35216e-09
-3.02624e-10
-2.22836e-09
-3.16969e-10
-2.10061e-09
-3.28498e-10
-1.97107e-09
-3.37328e-10
-1.84165e-09
-3.4372e-10
-1.71393e-09
-3.47903e-10
-1.58938e-09
-3.50124e-10
-1.46901e-09
-3.50644e-10
-1.35369e-09
-3.49716e-10
-1.24397e-09
-3.47581e-10
-1.14025e-09
-3.4447e-10
-1.04269e-09
-3.40577e-10
-9.51376e-10
-3.36101e-10
-8.66168e-10
-3.31205e-10
-7.86927e-10
-3.26039e-10
-7.13412e-10
-3.20725e-10
-6.45299e-10
-3.15377e-10
-5.82278e-10
-3.10087e-10
-5.23985e-10
-3.04935e-10
-4.70054e-10
-2.99989e-10
-4.20139e-10
-2.95301e-10
-3.73824e-10
-2.9092e-10
-3.30794e-10
-2.86882e-10
-2.90692e-10
-2.83218e-10
-2.53185e-10
-2.79953e-10
-2.17955e-10
-2.77106e-10
-1.84695e-10
-2.74693e-10
-1.53115e-10
-2.72725e-10
-1.22934e-10
-2.71212e-10
-9.38848e-11
-2.70161e-10
-6.57062e-11
-2.69575e-10
-3.81475e-11
-2.69458e-10
-1.096e-11
-2.69811e-10
1.60981e-11
-2.70634e-10
4.32712e-11
-2.71924e-10
7.0801e-11
-2.73677e-10
9.89356e-11
-2.75888e-10
1.27925e-10
-2.78548e-10
1.58029e-10
-2.81645e-10
1.89515e-10
-2.85166e-10
2.22662e-10
-2.89092e-10
2.57761e-10
-2.93399e-10
2.95115e-10
-2.98059e-10
3.35042e-10
-3.03036e-10
3.77885e-10
-3.08279e-10
4.23948e-10
-3.13743e-10
4.73637e-10
-3.1936e-10
5.27291e-10
-3.25053e-10
5.85285e-10
-3.30736e-10
6.47991e-10
-3.36281e-10
7.15738e-10
-3.41584e-10
7.88899e-10
-3.46495e-10
8.67758e-10
-3.50848e-10
9.52569e-10
-3.54466e-10
1.04351e-09
-3.57137e-10
1.14068e-09
-3.58642e-10
1.24405e-09
-3.5874e-10
1.35345e-09
-3.57182e-10
1.46852e-09
-3.53709e-10
1.58872e-09
-3.48073e-10
1.71322e-09
-3.40053e-10
1.84103e-09
-3.29371e-10
1.97072e-09
-3.15924e-10
2.10072e-09
-2.99584e-10
2.2292e-09
-2.80321e-10
2.35399e-09
-2.58192e-10
2.47295e-09
-2.33352e-10
2.58378e-09
-2.06055e-10
2.68428e-09
-1.76672e-10
2.7727e-09
-1.45597e-10
2.84744e-09
-1.13456e-10
2.90792e-09
-8.04257e-11
2.95377e-09
-4.70146e-11
2.9867e-09
-1.37289e-11
3.00397e-09
2.08837e-11
3.02487e-09
5.43579e-11
3.00901e-09
9.37294e-11
3.04213e-09
1.29749e-10
2.98717e-09
1.83451e-10
3.04451e-09
2.28322e-10
2.93169e-09
3.04853e-10
2.94459e-09
2.75528e-09
3.28742e-10
-2.62541e-09
2.57033e-10
-2.80723e-09
2.11674e-10
-2.83249e-09
1.58319e-10
-2.94041e-09
1.21284e-10
-2.90949e-09
8.10536e-11
-2.96377e-09
4.66358e-11
-2.9432e-09
1.11788e-11
-2.9611e-09
-2.27748e-11
-2.94521e-09
-5.67923e-11
-2.93234e-09
-9.03055e-11
-2.903e-09
-1.22936e-10
-2.861e-09
-1.54505e-10
-2.80442e-09
-1.84352e-10
-2.73392e-09
-2.12181e-10
-2.64973e-09
-2.37611e-10
-2.55357e-09
-2.60399e-10
-2.44698e-09
-2.80405e-10
-2.3321e-09
-2.97523e-10
-2.21119e-09
-3.11793e-10
-2.0863e-09
-3.23309e-10
-1.95952e-09
-3.32228e-10
-1.8327e-09
-3.3874e-10
-1.70739e-09
-3.4309e-10
-1.58501e-09
-3.45512e-10
-1.46657e-09
-3.46255e-10
-1.35292e-09
-3.45566e-10
-1.24464e-09
-3.43678e-10
-1.14212e-09
-3.40815e-10
-1.04553e-09
-3.37168e-10
-9.5501e-10
-3.3293e-10
-8.70393e-10
-3.28264e-10
-7.91583e-10
-3.23314e-10
-7.18352e-10
-3.18204e-10
-6.504e-10
-3.13044e-10
-5.8743e-10
-3.07929e-10
-5.29094e-10
-3.02936e-10
-4.75041e-10
-2.98135e-10
-4.24935e-10
-2.93579e-10
-3.78376e-10
-2.89315e-10
-3.35054e-10
-2.85381e-10
-2.94623e-10
-2.81808e-10
-2.56755e-10
-2.78622e-10
-2.21139e-10
-2.75842e-10
-1.87472e-10
-2.73485e-10
-1.55471e-10
-2.71563e-10
-1.24855e-10
-2.70084e-10
-9.53616e-11
-2.69058e-10
-6.67317e-11
-2.68487e-10
-3.87169e-11
-2.68375e-10
-1.10704e-11
-2.68724e-10
1.6448e-11
-2.69532e-10
4.40809e-11
-2.70798e-10
7.20681e-11
-2.72517e-10
1.00656e-10
-2.74683e-10
1.30092e-10
-2.77288e-10
1.60635e-10
-2.80319e-10
1.92547e-10
-2.83762e-10
2.26107e-10
-2.87597e-10
2.61597e-10
-2.91801e-10
2.9932e-10
-2.96344e-10
3.39585e-10
-3.01189e-10
3.82729e-10
-3.06291e-10
4.29049e-10
-3.11596e-10
4.7894e-10
-3.17039e-10
5.32732e-10
-3.22544e-10
5.90786e-10
-3.28021e-10
6.53463e-10
-3.33353e-10
7.21064e-10
-3.38429e-10
7.93967e-10
-3.43102e-10
8.72421e-10
-3.4721e-10
9.56666e-10
-3.50578e-10
1.04686e-09
-3.53001e-10
1.14309e-09
-3.54265e-10
1.2453e-09
-3.54137e-10
1.3533e-09
-3.52376e-10
1.46674e-09
-3.48731e-10
1.58505e-09
-3.42968e-10
1.70743e-09
-3.34852e-10
1.83288e-09
-3.24176e-10
1.96e-09
-3.10794e-10
2.08729e-09
-2.94602e-10
2.21295e-09
-2.75571e-10
2.3349e-09
-2.53752e-10
2.45106e-09
-2.29328e-10
2.55928e-09
-2.02534e-10
2.6574e-09
-1.73721e-10
2.7438e-09
-1.43232e-10
2.81686e-09
-1.1157e-10
2.87617e-09
-7.9118e-11
2.92124e-09
-4.61701e-11
2.95367e-09
-1.32723e-11
2.971e-09
2.10732e-11
2.99044e-09
5.43612e-11
2.97563e-09
9.34542e-11
3.00291e-09
1.29347e-10
2.95112e-09
1.81682e-10
2.99198e-09
2.25998e-10
2.88714e-09
2.97428e-10
2.87292e-09
2.69716e-09
3.20328e-10
-2.57006e-09
2.54262e-10
-2.74095e-09
2.09049e-10
-2.78708e-09
1.57581e-10
-2.88878e-09
1.20621e-10
-2.8724e-09
8.07992e-11
-2.92385e-09
4.66003e-11
-2.90893e-09
1.14689e-11
-2.92591e-09
-2.2088e-11
-2.91159e-09
-5.563e-11
-2.89874e-09
-8.85938e-11
-2.86997e-09
-1.2073e-10
-2.82879e-09
-1.51642e-10
-2.77343e-09
-1.80993e-10
-2.7045e-09
-2.08343e-10
-2.62231e-09
-2.3338e-10
-2.52847e-09
-2.5583e-10
-2.42447e-09
-2.75565e-10
-2.31231e-09
-2.92537e-10
-2.19418e-09
-3.06728e-10
-2.07207e-09
-3.18241e-10
-1.94797e-09
-3.27233e-10
-1.82368e-09
-3.33848e-10
-1.70075e-09
-3.38354e-10
-1.58047e-09
-3.40966e-10
-1.46393e-09
-3.41924e-10
-1.35194e-09
-3.41464e-10
-1.24509e-09
-3.39814e-10
-1.14375e-09
-3.37192e-10
-1.04814e-09
-3.33783e-10
-9.58405e-10
-3.29777e-10
-8.74385e-10
-3.25333e-10
-7.96015e-10
-3.20595e-10
-7.2308e-10
-3.15684e-10
-6.55302e-10
-3.1071e-10
-5.92396e-10
-3.05766e-10
-5.34031e-10
-3.0093e-10
-4.79871e-10
-2.96272e-10
-4.29588e-10
-2.91845e-10
-3.82799e-10
-2.87697e-10
-3.39199e-10
-2.83865e-10
-2.98451e-10
-2.80383e-10
-2.60234e-10
-2.77275e-10
-2.24244e-10
-2.74562e-10
-1.90183e-10
-2.7226e-10
-1.57771e-10
-2.70382e-10
-1.26731e-10
-2.68939e-10
-9.68037e-11
-2.67937e-10
-6.77325e-11
-2.67381e-10
-3.92715e-11
-2.67274e-10
-1.11755e-11
-2.67618e-10
1.67934e-11
-2.68412e-10
4.48764e-11
-2.69654e-10
7.33112e-11
-2.71339e-10
1.02342e-10
-2.73461e-10
1.32215e-10
-2.7601e-10
1.63186e-10
-2.78976e-10
1.95514e-10
-2.82341e-10
2.29473e-10
-2.86087e-10
2.65344e-10
-2.9019e-10
3.03423e-10
-2.94618e-10
3.44013e-10
-2.99334e-10
3.87445e-10
-3.04294e-10
4.34008e-10
-3.09443e-10
4.84087e-10
-3.14716e-10
5.38002e-10
-3.20036e-10
5.96102e-10
-3.25311e-10
6.58733e-10
-3.30436e-10
7.26183e-10
-3.35289e-10
7.98812e-10
-3.39731e-10
8.76853e-10
-3.43601e-10
9.60524e-10
-3.46728e-10
1.04997e-09
-3.48912e-10
1.14526e-09
-3.49945e-10
1.24631e-09
-3.496e-10
1.35293e-09
-3.47645e-10
1.46476e-09
-3.43838e-10
1.58122e-09
-3.37968e-10
1.70153e-09
-3.29766e-10
1.82465e-09
-3.1909e-10
1.94929e-09
-3.05777e-10
2.07393e-09
-2.89731e-10
2.19685e-09
-2.70931e-10
2.31604e-09
-2.4946e-10
2.42953e-09
-2.25424e-10
2.53517e-09
-1.99091e-10
2.63099e-09
-1.70757e-10
2.71538e-09
-1.40869e-10
2.78688e-09
-1.09729e-10
2.84494e-09
-7.78325e-11
2.88926e-09
-4.53471e-11
2.92111e-09
-1.28327e-11
2.93841e-09
2.12098e-11
2.95632e-09
5.42912e-11
2.94245e-09
9.30134e-11
2.96408e-09
1.2878e-10
2.91521e-09
1.7944e-10
2.94113e-09
2.23551e-10
2.8428e-09
2.89261e-10
2.80699e-09
2.64197e-09
3.13407e-10
-2.5169e-09
2.50993e-10
-2.67833e-09
2.06116e-10
-2.74202e-09
1.56844e-10
-2.83936e-09
1.19813e-10
-2.83525e-09
8.04724e-11
-2.88442e-09
4.65095e-11
-2.8749e-09
1.17337e-11
-2.89107e-09
-2.14223e-11
-2.87838e-09
-5.44927e-11
-2.86561e-09
-8.68971e-11
-2.83751e-09
-1.185e-10
-2.79712e-09
-1.48918e-10
-2.74294e-09
-1.77717e-10
-2.67563e-09
-2.04578e-10
-2.59538e-09
-2.29231e-10
-2.50375e-09
-2.51359e-10
-2.40228e-09
-2.7086e-10
-2.29276e-09
-2.87659e-10
-2.17733e-09
-3.01771e-10
-2.05791e-09
-3.13273e-10
-1.93643e-09
-3.22315e-10
-1.81461e-09
-3.29042e-10
-1.69399e-09
-3.33694e-10
-1.57579e-09
-3.36487e-10
-1.46112e-09
-3.37649e-10
-1.35076e-09
-3.3741e-10
-1.2453e-09
-3.3599e-10
-1.14515e-09
-3.336e-10
-1.05051e-09
-3.30421e-10
-9.61569e-10
-3.26641e-10
-8.78152e-10
-3.22415e-10
-8.00229e-10
-3.17883e-10
-7.276e-10
-3.13167e-10
-6.60009e-10
-3.08374e-10
-5.9718e-10
-3.03599e-10
-5.38799e-10
-2.98917e-10
-4.84545e-10
-2.944e-10
-4.34099e-10
-2.901e-10
-3.87094e-10
-2.86066e-10
-3.43229e-10
-2.82336e-10
-3.02177e-10
-2.78943e-10
-2.63624e-10
-2.75912e-10
-2.27272e-10
-2.73264e-10
-1.92828e-10
-2.71018e-10
-1.60015e-10
-2.69185e-10
-1.28562e-10
-2.67775e-10
-9.82113e-11
-2.66797e-10
-6.87087e-11
-2.66256e-10
-3.98113e-11
-2.66155e-10
-1.12755e-11
-2.66494e-10
1.71344e-11
-2.67274e-10
4.56578e-11
-2.68492e-10
7.45304e-11
-2.70143e-10
1.03995e-10
-2.72221e-10
1.34294e-10
-2.74717e-10
1.65682e-10
-2.77616e-10
1.98415e-10
-2.80906e-10
2.32763e-10
-2.84563e-10
2.69002e-10
-2.88565e-10
3.07425e-10
-2.9288e-10
3.48328e-10
-2.97469e-10
3.92033e-10
-3.0229e-10
4.38827e-10
-3.07286e-10
4.8908e-10
-3.12391e-10
5.43104e-10
-3.1753e-10
6.01236e-10
-3.2261e-10
6.63807e-10
-3.27531e-10
7.31096e-10
-3.32167e-10
8.03439e-10
-3.36383e-10
8.81058e-10
-3.40022e-10
9.6415e-10
-3.42916e-10
1.05285e-09
-3.4487e-10
1.14719e-09
-3.4568e-10
1.2471e-09
-3.45128e-10
1.35236e-09
-3.42988e-10
1.46259e-09
-3.39031e-10
1.57723e-09
-3.33045e-10
1.69551e-09
-3.24785e-10
1.81635e-09
-3.1411e-10
1.93857e-09
-3.00868e-10
2.06065e-09
-2.84967e-10
2.1809e-09
-2.6641e-10
2.29742e-09
-2.4525e-10
2.4083e-09
-2.21594e-10
2.51144e-09
-1.95696e-10
2.60501e-09
-1.67936e-10
2.68754e-09
-1.38491e-10
2.75735e-09
-1.0796e-10
2.81432e-09
-7.6569e-11
2.85778e-09
-4.45494e-11
2.88902e-09
-1.24151e-11
2.90621e-09
2.12907e-11
2.92254e-09
5.41507e-11
2.90951e-09
9.24226e-11
2.92569e-09
1.28199e-10
2.87929e-09
1.76749e-10
2.8924e-09
2.2062e-10
2.79871e-09
2.82587e-10
2.74481e-09
2.58909e-09
3.06204e-10
-2.46623e-09
2.47372e-10
-2.61931e-09
2.03291e-10
-2.69776e-09
1.55762e-10
-2.79168e-09
1.18871e-10
-2.79825e-09
8.00706e-11
-2.84553e-09
4.6364e-11
-2.84112e-09
1.19701e-11
-2.85662e-09
-2.0782e-11
-2.84558e-09
-5.33835e-11
-2.83296e-09
-8.52632e-11
-2.80557e-09
-1.16337e-10
-2.76599e-09
-1.46191e-10
-2.71302e-09
-1.74523e-10
-2.64723e-09
-2.00937e-10
-2.5689e-09
-2.2515e-10
-2.47948e-09
-2.46991e-10
-2.38038e-09
-2.66253e-10
-2.27344e-09
-2.82883e-10
-2.16065e-09
-2.96918e-10
-2.04384e-09
-3.08405e-10
-1.92491e-09
-3.17484e-10
-1.80549e-09
-3.24327e-10
-1.68712e-09
-3.2911e-10
-1.57098e-09
-3.32073e-10
-1.45813e-09
-3.33431e-10
-1.34938e-09
-3.33403e-10
-1.24531e-09
-3.32204e-10
-1.14633e-09
-3.30035e-10
-1.05266e-09
-3.27084e-10
-9.64505e-10
-3.23523e-10
-8.81698e-10
-3.19509e-10
-8.04231e-10
-3.15179e-10
-7.31919e-10
-3.10653e-10
-6.64525e-10
-3.06038e-10
-6.01785e-10
-3.01428e-10
-5.43402e-10
-2.96898e-10
-4.89068e-10
-2.9252e-10
-4.38471e-10
-2.88345e-10
-3.91263e-10
-2.84423e-10
-3.47146e-10
-2.80793e-10
-3.05803e-10
-2.77488e-10
-2.66926e-10
-2.74533e-10
-2.30224e-10
-2.71951e-10
-1.95408e-10
-2.69759e-10
-1.62205e-10
-2.6797e-10
-1.30349e-10
-2.66595e-10
-9.95847e-11
-2.65641e-10
-6.96607e-11
-2.65114e-10
-4.03365e-11
-2.65018e-10
-1.13704e-11
-2.65353e-10
1.74709e-11
-2.66119e-10
4.64252e-11
-2.67313e-10
7.5726e-11
-2.68931e-10
1.05614e-10
-2.70965e-10
1.3633e-10
-2.73407e-10
1.68125e-10
-2.76242e-10
2.01251e-10
-2.79455e-10
2.35977e-10
-2.83026e-10
2.72573e-10
-2.86928e-10
3.11327e-10
-2.91132e-10
3.5253e-10
-2.95596e-10
3.96496e-10
-3.00279e-10
4.43508e-10
-3.05124e-10
4.93922e-10
-3.10065e-10
5.48041e-10
-3.15027e-10
6.06193e-10
-3.19916e-10
6.6869e-10
-3.24636e-10
7.35809e-10
-3.29061e-10
8.07855e-10
-3.33058e-10
8.85045e-10
-3.36473e-10
9.67553e-10
-3.39141e-10
1.05551e-09
-3.40873e-10
1.14891e-09
-3.41469e-10
1.24768e-09
-3.40719e-10
1.35159e-09
-3.38404e-10
1.46025e-09
-3.34312e-10
1.57311e-09
-3.28203e-10
1.68937e-09
-3.199e-10
1.80801e-09
-3.09233e-10
1.92786e-09
-2.96061e-10
2.04743e-09
-2.80321e-10
2.16511e-09
-2.61987e-10
2.27903e-09
-2.41122e-10
2.38737e-09
-2.17852e-10
2.4881e-09
-1.92438e-10
2.57952e-09
-1.65094e-10
2.66011e-09
-1.36276e-10
2.72845e-09
-1.06246e-10
2.78421e-09
-7.53306e-11
2.82679e-09
-4.37725e-11
2.85739e-09
-1.20229e-11
2.87439e-09
2.13171e-11
2.88913e-09
5.39359e-11
2.8768e-09
9.16961e-11
2.88783e-09
1.2743e-10
2.84342e-09
1.74162e-10
2.8455e-09
2.17294e-10
2.75537e-09
2.75768e-10
2.68613e-09
2.53864e-09
2.99205e-10
-2.41782e-09
2.43509e-10
-2.56343e-09
2.00387e-10
-2.65447e-09
1.54392e-10
-2.74555e-09
1.17802e-10
-2.76155e-09
7.95945e-11
-2.80724e-09
4.61648e-11
-2.80763e-09
1.21859e-11
-2.82259e-09
-2.01655e-11
-2.81318e-09
-5.22969e-11
-2.80078e-09
-8.37185e-11
-2.77409e-09
-1.14248e-10
-2.7354e-09
-1.43586e-10
-2.68362e-09
-1.71371e-10
-2.61938e-09
-1.97369e-10
-2.54284e-09
-2.21216e-10
-2.45557e-09
-2.4272e-10
-2.35882e-09
-2.61749e-10
-2.25436e-09
-2.78227e-10
-2.14413e-09
-2.92166e-10
-2.02986e-09
-3.03633e-10
-1.9134e-09
-3.12743e-10
-1.79635e-09
-3.19689e-10
-1.68014e-09
-3.24599e-10
-1.56605e-09
-3.27724e-10
-1.45498e-09
-3.29269e-10
-1.34781e-09
-3.29444e-10
-1.24512e-09
-3.28457e-10
-1.1473e-09
-3.26502e-10
-1.0546e-09
-3.23771e-10
-9.6722e-10
-3.20424e-10
-8.85031e-10
-3.16615e-10
-8.08027e-10
-3.12482e-10
-7.3604e-10
-3.08142e-10
-6.68854e-10
-3.03702e-10
-6.06215e-10
-2.99253e-10
-5.47843e-10
-2.94873e-10
-4.93441e-10
-2.90631e-10
-4.42707e-10
-2.86579e-10
-3.95308e-10
-2.82769e-10
-3.50952e-10
-2.79237e-10
-3.0933e-10
-2.76019e-10
-2.70141e-10
-2.7314e-10
-2.331e-10
-2.70622e-10
-1.97922e-10
-2.68484e-10
-1.64341e-10
-2.66739e-10
-1.32092e-10
-2.65397e-10
-1.00924e-10
-2.64467e-10
-7.05885e-11
-2.63955e-10
-4.08471e-11
-2.63863e-10
-1.14603e-11
-2.64194e-10
1.78029e-11
-2.64946e-10
4.71787e-11
-2.66117e-10
7.68981e-11
-2.67702e-10
1.072e-10
-2.69693e-10
1.38322e-10
-2.72081e-10
1.70513e-10
-2.74852e-10
2.04023e-10
-2.77991e-10
2.39116e-10
-2.81475e-10
2.76058e-10
-2.8528e-10
3.15131e-10
-2.89372e-10
3.56622e-10
-2.93714e-10
4.00836e-10
-2.98262e-10
4.48053e-10
-3.02958e-10
4.98615e-10
-3.07738e-10
5.52817e-10
-3.12526e-10
6.10975e-10
-3.1723e-10
6.73387e-10
-3.21753e-10
7.40324e-10
-3.25973e-10
8.12065e-10
-3.29757e-10
8.88817e-10
-3.32955e-10
9.70737e-10
-3.35405e-10
1.05794e-09
-3.36921e-10
1.15041e-09
-3.37313e-10
1.24805e-09
-3.36373e-10
1.35063e-09
-3.33893e-10
1.45775e-09
-3.29671e-10
1.56886e-09
-3.23457e-10
1.68313e-09
-3.15111e-10
1.79963e-09
-3.04456e-10
1.91717e-09
-2.91365e-10
2.03429e-09
-2.75772e-10
2.14946e-09
-2.57664e-10
2.26087e-09
-2.37093e-10
2.36673e-09
-2.14213e-10
2.46515e-09
-1.89191e-10
2.55442e-09
-1.624e-10
2.63324e-09
-1.34049e-10
2.70002e-09
-1.04535e-10
2.75462e-09
-7.41131e-11
2.7963e-09
-4.30106e-11
2.82622e-09
-1.16543e-11
2.84297e-09
2.129e-11
2.85612e-09
5.3645e-11
2.84437e-09
9.08414e-11
2.85053e-09
1.26322e-10
2.80781e-09
1.71507e-10
2.80016e-09
2.13705e-10
2.71298e-09
2.68846e-10
2.63079e-09
2.49068e-09
2.91401e-10
-2.37238e-09
2.39441e-10
-2.5113e-09
1.97366e-10
-2.61224e-09
1.52831e-10
-2.70089e-09
1.16617e-10
-2.72523e-09
7.90457e-11
-2.76959e-09
4.59145e-11
-2.77444e-09
1.2381e-11
-2.78901e-09
-1.95757e-11
-2.78118e-09
-5.12388e-11
-2.76907e-09
-8.21692e-11
-2.74311e-09
-1.12162e-10
-2.70535e-09
-1.41006e-10
-2.65471e-09
-1.68352e-10
-2.59196e-09
-1.93855e-10
-2.51727e-09
-2.17356e-10
-2.43201e-09
-2.38554e-10
-2.33757e-09
-2.57346e-10
-2.23552e-09
-2.73666e-10
-2.12776e-09
-2.8751e-10
-2.01597e-09
-2.98955e-10
-1.90192e-09
-3.08104e-10
-1.78717e-09
-3.15113e-10
-1.6731e-09
-3.20166e-10
-1.56097e-09
-3.23438e-10
-1.45168e-09
-3.25162e-10
-1.34606e-09
-3.25531e-10
-1.24473e-09
-3.24749e-10
-1.14806e-09
-3.23003e-10
-1.05633e-09
-3.20483e-10
-9.69723e-10
-3.17343e-10
-8.88156e-10
-3.13735e-10
-8.11621e-10
-3.09794e-10
-7.39968e-10
-3.05636e-10
-6.73002e-10
-3.01367e-10
-6.10475e-10
-2.97077e-10
-5.52124e-10
-2.92843e-10
-4.97667e-10
-2.88734e-10
-4.46809e-10
-2.84804e-10
-3.99232e-10
-2.81103e-10
-3.54648e-10
-2.77669e-10
-3.12759e-10
-2.74537e-10
-2.7327e-10
-2.71732e-10
-2.359e-10
-2.69279e-10
-2.00372e-10
-2.67193e-10
-1.66423e-10
-2.65491e-10
-1.33791e-10
-2.64183e-10
-1.0223e-10
-2.63277e-10
-7.14924e-11
-2.62779e-10
-4.13434e-11
-2.62692e-10
-1.15452e-11
-2.63018e-10
1.81306e-11
-2.63757e-10
4.79185e-11
-2.64904e-10
7.80469e-11
-2.66456e-10
1.08753e-10
-2.68405e-10
1.40272e-10
-2.7074e-10
1.72849e-10
-2.73448e-10
2.06732e-10
-2.76512e-10
2.4218e-10
-2.79911e-10
2.79456e-10
-2.83619e-10
3.18838e-10
-2.87603e-10
3.60605e-10
-2.91824e-10
4.05056e-10
-2.96239e-10
4.52465e-10
-3.00789e-10
5.03162e-10
-3.05411e-10
5.57435e-10
-3.10029e-10
6.15587e-10
-3.14551e-10
6.77902e-10
-3.18883e-10
7.44647e-10
-3.22902e-10
8.16074e-10
-3.26479e-10
8.92382e-10
-3.29467e-10
9.73711e-10
-3.31705e-10
1.06016e-09
-3.33015e-10
1.1517e-09
-3.3321e-10
1.24822e-09
-3.32089e-10
1.34948e-09
-3.29456e-10
1.45509e-09
-3.25087e-10
1.56446e-09
-3.18796e-10
1.6768e-09
-3.10414e-10
1.79121e-09
-2.99775e-10
1.90649e-09
-2.86768e-10
2.02124e-09
-2.71323e-10
2.13396e-09
-2.53419e-10
2.2429e-09
-2.33173e-10
2.34642e-09
-2.10638e-10
2.44254e-09
-1.86084e-10
2.52979e-09
-1.59676e-10
2.60675e-09
-1.31818e-10
2.67208e-09
-1.02849e-10
2.72558e-09
-7.29231e-11
2.76631e-09
-4.22788e-11
2.79551e-09
-1.13147e-11
2.81195e-09
2.12116e-11
2.82353e-09
5.3285e-11
2.81222e-09
8.98644e-11
2.81385e-09
1.25002e-10
2.77255e-09
1.68736e-10
2.75627e-09
2.09907e-10
2.67162e-09
2.61366e-10
2.57915e-09
2.44566e-09
2.84453e-10
-2.32904e-09
2.35243e-10
-2.46193e-09
1.94244e-10
-2.57109e-09
1.5111e-10
-2.65763e-09
1.15304e-10
-2.68933e-09
7.84342e-11
-2.73264e-09
4.56133e-11
-2.74156e-09
1.25463e-11
-2.7559e-09
-1.90132e-11
-2.74958e-09
-5.02117e-11
-2.73783e-09
-8.06475e-11
-2.71263e-09
-1.10141e-10
-2.6758e-09
-1.38495e-10
-2.6263e-09
-1.65342e-10
-2.56506e-09
-1.90482e-10
-2.49207e-09
-2.13579e-10
-2.40885e-09
-2.34496e-10
-2.31659e-09
-2.53028e-10
-2.21694e-09
-2.69202e-10
-2.11154e-09
-2.82956e-10
-2.00217e-09
-2.9437e-10
-1.89047e-09
-3.03545e-10
-1.77796e-09
-3.10627e-10
-1.66599e-09
-3.15804e-10
-1.55576e-09
-3.19216e-10
-1.44824e-09
-3.21109e-10
-1.34415e-09
-3.21664e-10
-1.24415e-09
-3.21079e-10
-1.14863e-09
-3.19536e-10
-1.05786e-09
-3.1722e-10
-9.72022e-10
-3.14281e-10
-8.91081e-10
-3.10868e-10
-8.1502e-10
-3.07114e-10
-7.4371e-10
-3.03134e-10
-6.7697e-10
-2.99032e-10
-6.14567e-10
-2.94897e-10
-5.56249e-10
-2.90807e-10
-5.01748e-10
-2.86831e-10
-4.50779e-10
-2.8302e-10
-4.03035e-10
-2.79427e-10
-3.58236e-10
-2.76089e-10
-3.16092e-10
-2.73041e-10
-2.76313e-10
-2.7031e-10
-2.38627e-10
-2.6792e-10
-2.02759e-10
-2.65888e-10
-1.68452e-10
-2.64228e-10
-1.35448e-10
-2.62953e-10
-1.03503e-10
-2.62071e-10
-7.23727e-11
-2.61586e-10
-4.18254e-11
-2.61505e-10
-1.16251e-11
-2.61826e-10
1.84539e-11
-2.62551e-10
4.86446e-11
-2.63675e-10
7.91726e-11
-2.65195e-10
1.10274e-10
-2.67101e-10
1.42179e-10
-2.69384e-10
1.75133e-10
-2.72029e-10
2.09378e-10
-2.75021e-10
2.45171e-10
-2.78335e-10
2.82771e-10
-2.81948e-10
3.2245e-10
-2.85825e-10
3.6448e-10
-2.89927e-10
4.09156e-10
-2.9421e-10
4.56745e-10
-2.98618e-10
5.07565e-10
-3.03084e-10
5.61897e-10
-3.07536e-10
6.20031e-10
-3.1188e-10
6.82239e-10
-3.16025e-10
7.48783e-10
-3.19849e-10
8.19888e-10
-3.23225e-10
8.95746e-10
-3.26013e-10
9.76484e-10
-3.28043e-10
1.06218e-09
-3.29154e-10
1.15279e-09
-3.2916e-10
1.24821e-09
-3.27868e-10
1.34817e-09
-3.25091e-10
1.45229e-09
-3.20592e-10
1.55993e-09
-3.14226e-10
1.6704e-09
-3.05807e-10
1.78275e-09
-2.95178e-10
1.89582e-09
-2.82267e-10
2.00828e-09
-2.6697e-10
2.11861e-09
-2.49318e-10
2.22519e-09
-2.29331e-10
2.32637e-09
-2.07161e-10
2.4203e-09
-1.83007e-10
2.50556e-09
-1.57106e-10
2.58078e-09
-1.29747e-10
2.64465e-09
-1.01156e-10
2.69692e-09
-7.17635e-11
2.73685e-09
-4.15807e-11
2.76528e-09
-1.09837e-11
2.7813e-09
2.10816e-11
2.79141e-09
5.28594e-11
2.78037e-09
8.87594e-11
2.77787e-09
1.23515e-10
2.73768e-09
1.65858e-10
2.71379e-09
2.0597e-10
2.63134e-09
2.54658e-10
2.5303e-09
2.40277e-09
2.77588e-10
-2.28769e-09
2.3094e-10
-2.41513e-09
1.91031e-10
-2.53105e-09
1.49251e-10
-2.61574e-09
1.13776e-10
-2.65377e-09
7.77696e-11
-2.69657e-09
4.52641e-11
-2.709e-09
1.26812e-11
-2.72328e-09
-1.84784e-11
-2.71839e-09
-4.92159e-11
-2.70705e-09
-7.91428e-11
-2.68266e-09
-1.08197e-10
-2.6467e-09
-1.36045e-10
-2.5984e-09
-1.62467e-10
-2.53858e-09
-1.87157e-10
-2.46732e-09
-2.09896e-10
-2.38605e-09
-2.30517e-10
-2.29592e-09
-2.48835e-10
-2.19857e-09
-2.64833e-10
-2.0955e-09
-2.78495e-10
-1.98847e-09
-2.89873e-10
-1.87905e-09
-2.99069e-10
-1.76873e-09
-3.06219e-10
-1.65881e-09
-3.1149e-10
-1.55046e-09
-3.15061e-10
-1.44465e-09
-3.17108e-10
-1.34208e-09
-3.17843e-10
-1.24339e-09
-3.17448e-10
-1.149e-09
-3.16101e-10
-1.05918e-09
-3.13982e-10
-9.74124e-10
-3.11237e-10
-8.93809e-10
-3.08015e-10
-8.18229e-10
-3.04443e-10
-7.47268e-10
-3.00637e-10
-6.80765e-10
-2.96698e-10
-6.18495e-10
-2.92717e-10
-5.60222e-10
-2.88768e-10
-5.05688e-10
-2.8492e-10
-4.54619e-10
-2.81228e-10
-4.06721e-10
-2.7774e-10
-3.61718e-10
-2.74497e-10
-3.19329e-10
-2.71533e-10
-2.79273e-10
-2.68875e-10
-2.41281e-10
-2.66547e-10
-2.05084e-10
-2.64567e-10
-1.70429e-10
-2.6295e-10
-1.37062e-10
-2.61707e-10
-1.04743e-10
-2.60848e-10
-7.32296e-11
-2.60378e-10
-4.22933e-11
-2.60301e-10
-1.17002e-11
-2.60618e-10
1.8773e-11
-2.61329e-10
4.93571e-11
-2.62431e-10
8.02755e-11
-2.63918e-10
1.11762e-10
-2.65782e-10
1.44044e-10
-2.68013e-10
1.77364e-10
-2.70597e-10
2.11962e-10
-2.73516e-10
2.4809e-10
-2.76748e-10
2.86002e-10
-2.80266e-10
3.25966e-10
-2.84037e-10
3.6825e-10
-2.88022e-10
4.13138e-10
-2.92177e-10
4.60896e-10
-2.96444e-10
5.11828e-10
-3.00758e-10
5.66206e-10
-3.05047e-10
6.24313e-10
-3.09218e-10
6.86403e-10
-3.1318e-10
7.52735e-10
-3.16814e-10
8.23511e-10
-3.19995e-10
8.98914e-10
-3.22589e-10
9.79064e-10
-3.24418e-10
1.06399e-09
-3.25338e-10
1.15369e-09
-3.25163e-10
1.24801e-09
-3.23712e-10
1.34669e-09
-3.20774e-10
1.44932e-09
-3.16174e-10
1.5553e-09
-3.09735e-10
1.66393e-09
-3.01288e-10
1.77427e-09
-2.90697e-10
1.88518e-09
-2.7786e-10
1.99539e-09
-2.62706e-10
2.10341e-09
-2.45286e-10
2.20772e-09
-2.25551e-10
2.30657e-09
-2.03761e-10
2.39845e-09
-1.80015e-10
2.48174e-09
-1.54524e-10
2.55522e-09
-1.2766e-10
2.61771e-09
-9.95478e-11
2.66874e-09
-7.0632e-11
2.70788e-09
-4.09048e-11
2.7355e-09
-1.06879e-11
2.75103e-09
2.09053e-11
2.75977e-09
5.23544e-11
2.74886e-09
8.74192e-11
2.74272e-09
1.21885e-10
2.70311e-09
1.62885e-10
2.67266e-09
2.01922e-10
2.59214e-09
2.48024e-10
2.48403e-09
2.36191e-09
2.71478e-10
-2.24755e-09
2.26561e-10
-2.37008e-09
1.87743e-10
-2.4921e-09
1.47272e-10
-2.57516e-09
1.12226e-10
-2.61863e-09
7.70542e-11
-2.66133e-09
4.48705e-11
-2.67677e-09
1.27795e-11
-2.69115e-09
-1.79734e-11
-2.6876e-09
-4.82496e-11
-2.67674e-09
-7.76737e-11
-2.65319e-09
-1.06256e-10
-2.61807e-09
-1.33617e-10
-2.57098e-09
-1.59601e-10
-2.51254e-09
-1.83899e-10
-2.44297e-09
-2.06307e-10
-2.36359e-09
-2.26611e-10
-2.27556e-09
-2.44725e-10
-2.18041e-09
-2.60555e-10
-2.07962e-09
-2.74125e-10
-1.97486e-09
-2.85464e-10
-1.86767e-09
-2.94676e-10
-1.75948e-09
-3.01886e-10
-1.65157e-09
-3.07256e-10
-1.54507e-09
-3.10967e-10
-1.44091e-09
-3.13162e-10
-1.33986e-09
-3.14068e-10
-1.24246e-09
-3.13855e-10
-1.14919e-09
-3.12697e-10
-1.06032e-09
-3.10769e-10
-9.76036e-10
-3.08214e-10
-8.96348e-10
-3.05176e-10
-8.21252e-10
-3.01782e-10
-7.50648e-10
-2.98146e-10
-6.84389e-10
-2.94367e-10
-6.22262e-10
-2.90535e-10
-5.64044e-10
-2.86724e-10
-5.0949e-10
-2.83004e-10
-4.58331e-10
-2.79427e-10
-4.1029e-10
-2.76044e-10
-3.65095e-10
-2.72894e-10
-3.22473e-10
-2.70013e-10
-2.82149e-10
-2.67426e-10
-2.43862e-10
-2.6516e-10
-2.07346e-10
-2.63232e-10
-1.72354e-10
-2.61657e-10
-1.38634e-10
-2.60446e-10
-1.0595e-10
-2.5961e-10
-7.40633e-11
-2.59154e-10
-4.27472e-11
-2.59082e-10
-1.17705e-11
-2.59394e-10
1.90877e-11
-2.60092e-10
5.00562e-11
-2.61171e-10
8.13558e-11
-2.62626e-10
1.13218e-10
-2.64449e-10
1.45868e-10
-2.66629e-10
1.79545e-10
-2.69151e-10
2.14484e-10
-2.71999e-10
2.50937e-10
-2.75148e-10
2.89151e-10
-2.78574e-10
3.2939e-10
-2.82241e-10
3.71915e-10
-2.86111e-10
4.17005e-10
-2.90139e-10
4.64919e-10
-2.94268e-10
5.15952e-10
-2.98433e-10
5.70366e-10
-3.02562e-10
6.28434e-10
-3.06565e-10
6.90397e-10
-3.10349e-10
7.56509e-10
-3.13797e-10
8.26948e-10
-3.16789e-10
9.01891e-10
-3.19183e-10
9.81444e-10
-3.20829e-10
1.06562e-09
-3.21565e-10
1.15441e-09
-3.21217e-10
1.24764e-09
-3.19615e-10
1.34507e-09
-3.16533e-10
1.44621e-09
-3.11831e-10
1.55057e-09
-3.05325e-10
1.65739e-09
-2.96855e-10
1.76576e-09
-2.86296e-10
1.87458e-09
-2.73543e-10
1.9826e-09
-2.58554e-10
2.08837e-09
-2.41326e-10
2.19043e-09
-2.21914e-10
2.28709e-09
-2.00399e-10
2.37687e-09
-1.77085e-10
2.45836e-09
-1.52046e-10
2.53011e-09
-1.2557e-10
2.59117e-09
-9.80386e-11
2.64115e-09
-6.95228e-11
2.67931e-09
-4.02549e-11
2.70618e-09
-1.04188e-11
2.72115e-09
2.0682e-11
2.72862e-09
5.18072e-11
2.71768e-09
8.61053e-11
2.70834e-09
1.20132e-10
2.66898e-09
1.59834e-10
2.63283e-09
1.97794e-10
2.55403e-09
2.42194e-10
2.43948e-09
2.32225e-09
2.64546e-10
-2.20944e-09
2.22102e-10
-2.3275e-09
1.84383e-10
-2.45426e-09
1.45191e-10
-2.53587e-09
1.10684e-10
-2.58405e-09
7.62637e-11
-2.62685e-09
4.44378e-11
-2.6449e-09
1.28353e-11
-2.65952e-09
-1.74995e-11
-2.65724e-09
-4.73131e-11
-2.6469e-09
-7.63028e-11
-2.62417e-09
-1.0436e-10
-2.58997e-09
-1.31311e-10
-2.54398e-09
-1.56855e-10
-2.48694e-09
-1.80743e-10
-2.41902e-09
-2.02791e-10
-2.34149e-09
-2.22816e-10
-2.25549e-09
-2.40703e-10
-2.16247e-09
-2.56368e-10
-2.06391e-09
-2.69843e-10
-1.96135e-09
-2.81134e-10
-1.85635e-09
-2.90363e-10
-1.75022e-09
-2.97628e-10
-1.64427e-09
-3.0309e-10
-1.53958e-09
-3.06912e-10
-1.43706e-09
-3.09275e-10
-1.33747e-09
-3.10337e-10
-1.24138e-09
-3.103e-10
-1.14921e-09
-3.09325e-10
-1.06128e-09
-3.07581e-10
-9.77763e-10
-3.05209e-10
-8.98703e-10
-3.02351e-10
-8.24095e-10
-2.9913e-10
-7.53855e-10
-2.9566e-10
-6.87847e-10
-2.92038e-10
-6.25873e-10
-2.88352e-10
-5.6772e-10
-2.84677e-10
-5.13155e-10
-2.81082e-10
-4.61918e-10
-2.77618e-10
-4.13745e-10
-2.74338e-10
-3.68368e-10
-2.7128e-10
-3.25524e-10
-2.6848e-10
-2.84944e-10
-2.65965e-10
-2.46372e-10
-2.6376e-10
-2.09547e-10
-2.61882e-10
-1.74227e-10
-2.60349e-10
-1.40164e-10
-2.5917e-10
-1.07125e-10
-2.58357e-10
-7.4874e-11
-2.57914e-10
-4.31873e-11
-2.57847e-10
-1.1836e-11
-2.58155e-10
1.93982e-11
-2.58839e-10
5.07419e-11
-2.59896e-10
8.24136e-11
-2.61319e-10
1.14642e-10
-2.63101e-10
1.4765e-10
-2.65231e-10
1.81674e-10
-2.67692e-10
2.16946e-10
-2.70469e-10
2.53713e-10
-2.73538e-10
2.92219e-10
-2.76872e-10
3.32722e-10
-2.80437e-10
3.75478e-10
-2.84194e-10
4.20758e-10
-2.88097e-10
4.68818e-10
-2.9209e-10
5.1994e-10
-2.9611e-10
5.7438e-10
-3.00083e-10
6.32398e-10
-3.03922e-10
6.94227e-10
-3.0753e-10
7.60106e-10
-3.10799e-10
8.30205e-10
-3.13606e-10
9.04684e-10
-3.15813e-10
9.83635e-10
-3.17278e-10
1.06706e-09
-3.17836e-10
1.15495e-09
-3.17329e-10
1.24711e-09
-3.15556e-10
1.34327e-09
-3.12359e-10
1.44299e-09
-3.07559e-10
1.54574e-09
-3.00993e-10
1.65079e-09
-2.92505e-10
1.75724e-09
-2.81981e-10
1.86402e-09
-2.69301e-10
1.96987e-09
-2.54483e-10
2.0735e-09
-2.37439e-10
2.17333e-09
-2.1833e-10
2.26792e-09
-1.97182e-10
2.35566e-09
-1.74198e-10
2.43531e-09
-1.49599e-10
2.50545e-09
-1.23635e-10
2.56514e-09
-9.65158e-11
2.61398e-09
-6.84427e-11
2.65118e-09
-3.96268e-11
2.67732e-09
-1.02074e-11
2.69169e-09
2.04202e-11
2.69795e-09
5.11953e-11
2.68684e-09
8.47761e-11
2.67469e-09
1.18274e-10
2.63539e-09
1.56707e-10
2.59428e-09
1.93577e-10
2.51702e-09
2.35404e-10
2.39752e-09
2.28473e-09
2.5662e-10
-2.17434e-09
2.17583e-10
-2.28835e-09
1.80968e-10
-2.41754e-09
1.43018e-10
-2.49783e-09
1.09099e-10
-2.55005e-09
7.53866e-11
-2.59308e-09
4.39546e-11
-2.61343e-09
1.28469e-11
-2.62838e-09
-1.70555e-11
-2.62731e-09
-4.6409e-11
-2.61752e-09
-7.49503e-11
-2.5956e-09
-1.02566e-10
-2.56231e-09
-1.28981e-10
-2.51752e-09
-1.54137e-10
-2.46174e-09
-1.77632e-10
-2.39548e-09
-1.99352e-10
-2.31972e-09
-2.19104e-10
-2.23568e-09
-2.36767e-10
-2.14476e-09
-2.52278e-10
-2.04836e-09
-2.65647e-10
-1.94794e-09
-2.769e-10
-1.84506e-09
-2.86128e-10
-1.74096e-09
-2.93441e-10
-1.63693e-09
-2.9899e-10
-1.534e-09
-3.02927e-10
-1.4331e-09
-3.05434e-10
-1.33494e-09
-3.06652e-10
-1.24014e-09
-3.06783e-10
-1.14906e-09
-3.05983e-10
-1.06206e-09
-3.04418e-10
-9.79311e-10
-3.02224e-10
-9.0088e-10
-2.99541e-10
-8.26764e-10
-2.96489e-10
-7.56892e-10
-2.93181e-10
-6.91143e-10
-2.89711e-10
-6.2933e-10
-2.86168e-10
-5.71252e-10
-2.82627e-10
-5.16686e-10
-2.79154e-10
-4.65382e-10
-2.75803e-10
-4.17088e-10
-2.72624e-10
-3.7154e-10
-2.69657e-10
-3.28485e-10
-2.66937e-10
-2.87658e-10
-2.64492e-10
-2.48811e-10
-2.62346e-10
-2.11688e-10
-2.60519e-10
-1.7605e-10
-2.59026e-10
-1.41653e-10
-2.5788e-10
-1.08268e-10
-2.57089e-10
-7.56621e-11
-2.5666e-10
-4.36138e-11
-2.56597e-10
-1.18969e-11
-2.56901e-10
1.97045e-11
-2.57572e-10
5.14145e-11
-2.58606e-10
8.34493e-11
-2.59998e-10
1.16035e-10
-2.6174e-10
1.49392e-10
-2.63819e-10
1.83754e-10
-2.66221e-10
2.19348e-10
-2.68929e-10
2.56419e-10
-2.71917e-10
2.95206e-10
-2.75161e-10
3.35963e-10
-2.78625e-10
3.7894e-10
-2.8227e-10
4.244e-10
-2.86051e-10
4.72595e-10
-2.89912e-10
5.23795e-10
-2.93789e-10
5.7825e-10
-2.97609e-10
6.3621e-10
-3.01291e-10
6.97901e-10
-3.04726e-10
7.63529e-10
-3.07819e-10
8.33286e-10
-3.10447e-10
9.07298e-10
-3.12474e-10
9.85646e-10
-3.13762e-10
1.06833e-09
-3.14151e-10
1.15532e-09
-3.13485e-10
1.24642e-09
-3.11565e-10
1.34132e-09
-3.0825e-10
1.43964e-09
-3.03359e-10
1.54082e-09
-2.96738e-10
1.64413e-09
-2.88237e-10
1.7487e-09
-2.77751e-10
1.85349e-09
-2.65178e-10
1.95725e-09
-2.50497e-10
2.05877e-09
-2.33687e-10
2.15647e-09
-2.14797e-10
2.24898e-09
-1.94003e-10
2.3348e-09
-1.71423e-10
2.41267e-09
-1.4721e-10
2.48117e-09
-1.21686e-10
2.53956e-09
-9.50188e-11
2.58726e-09
-6.74047e-11
2.62352e-09
-3.90333e-11
2.64891e-09
-1.00349e-11
2.66266e-09
2.01132e-11
2.66776e-09
5.05209e-11
2.65639e-09
8.3398e-11
2.64174e-09
1.16322e-10
2.60238e-09
1.53521e-10
2.55697e-09
1.893e-10
2.48111e-09
2.2772e-10
2.35897e-09
2.25022e-09
2.50258e-10
-2.14074e-09
2.13072e-10
-2.25105e-09
1.77525e-10
-2.38189e-09
1.40768e-10
-2.46099e-09
1.0748e-10
-2.5167e-09
7.44395e-11
-2.55999e-09
4.34452e-11
-2.5824e-09
1.28358e-11
-2.59774e-09
-1.66404e-11
-2.59781e-09
-4.55376e-11
-2.5886e-09
-7.36219e-11
-2.56748e-09
-1.00768e-10
-2.53513e-09
-1.268e-10
-2.49145e-09
-1.51498e-10
-2.43699e-09
-1.74624e-10
-2.3723e-09
-1.96008e-10
-2.29829e-09
-2.15471e-10
-2.21617e-09
-2.32898e-10
-2.12729e-09
-2.48269e-10
-2.03294e-09
-2.61534e-10
-1.93464e-09
-2.72741e-10
-1.83381e-09
-2.81969e-10
-1.7317e-09
-2.89327e-10
-1.62954e-09
-2.94955e-10
-1.52835e-09
-2.99001e-10
-1.42902e-09
-3.01632e-10
-1.33229e-09
-3.03019e-10
-1.23873e-09
-3.03303e-10
-1.14876e-09
-3.02673e-10
-1.06267e-09
-3.0128e-10
-9.80686e-10
-2.99259e-10
-9.02883e-10
-2.96746e-10
-8.29263e-10
-2.93858e-10
-7.59764e-10
-2.90707e-10
-6.94281e-10
-2.87387e-10
-6.32638e-10
-2.83985e-10
-5.74643e-10
-2.80574e-10
-5.20086e-10
-2.77222e-10
-4.68726e-10
-2.7398e-10
-4.20321e-10
-2.70901e-10
-3.74612e-10
-2.68023e-10
-3.31355e-10
-2.65382e-10
-2.90293e-10
-2.63006e-10
-2.51181e-10
-2.6092e-10
-2.1377e-10
-2.59143e-10
-1.77823e-10
-2.5769e-10
-1.43102e-10
-2.56575e-10
-1.0938e-10
-2.55806e-10
-7.64278e-11
-2.5539e-10
-4.40267e-11
-2.55332e-10
-1.19531e-11
-2.55632e-10
2.00066e-11
-2.5629e-10
5.2074e-11
-2.57302e-10
8.4463e-11
-2.58664e-10
1.17397e-10
-2.60365e-10
1.51094e-10
-2.62395e-10
1.85783e-10
-2.64738e-10
2.21691e-10
-2.67376e-10
2.59057e-10
-2.70286e-10
2.98115e-10
-2.73441e-10
3.39115e-10
-2.76806e-10
3.82302e-10
-2.80342e-10
4.27931e-10
-2.84002e-10
4.7625e-10
-2.87733e-10
5.2752e-10
-2.9147e-10
5.8198e-10
-2.95141e-10
6.39872e-10
-2.98665e-10
7.01416e-10
-3.01935e-10
7.66787e-10
-3.04858e-10
8.36197e-10
-3.07313e-10
9.09737e-10
-3.09166e-10
9.87483e-10
-3.10284e-10
1.06943e-09
-3.10518e-10
1.15553e-09
-3.0968e-10
1.24556e-09
-3.07632e-10
1.33925e-09
-3.04204e-10
1.43619e-09
-2.99228e-10
1.53582e-09
-2.92558e-10
1.63743e-09
-2.84052e-10
1.74016e-09
-2.73604e-10
1.843e-09
-2.61126e-10
1.94473e-09
-2.46578e-10
2.04417e-09
-2.29993e-10
2.13983e-09
-2.11398e-10
2.23032e-09
-1.90887e-10
2.31423e-09
-1.68644e-10
2.39036e-09
-1.44888e-10
2.45736e-09
-1.19728e-10
2.51435e-09
-9.35107e-11
2.56099e-09
-6.63988e-11
2.59637e-09
-3.84793e-11
2.62096e-09
-9.90099e-12
2.63405e-09
1.9768e-11
2.63805e-09
4.97626e-11
2.62635e-09
8.19672e-11
2.60947e-09
1.14288e-10
2.56998e-09
1.50307e-10
2.52085e-09
1.85029e-10
2.44626e-09
2.21657e-10
2.32222e-09
2.21716e-09
2.4419e-10
-2.10839e-09
2.08573e-10
-2.21533e-09
1.74063e-10
-2.34728e-09
1.3845e-10
-2.42529e-09
1.0578e-10
-2.48397e-09
7.34347e-11
-2.5276e-09
4.28838e-11
-2.55181e-09
1.27973e-11
-2.56763e-09
-1.62559e-11
-2.56874e-09
-4.46984e-11
-2.56014e-09
-7.2319e-11
-2.53984e-09
-9.89856e-11
-2.50844e-09
-1.24601e-10
-2.4658e-09
-1.4891e-10
-2.41264e-09
-1.71673e-10
-2.34949e-09
-1.92727e-10
-2.27719e-09
-2.11894e-10
-2.19696e-09
-2.2916e-10
-2.10998e-09
-2.44343e-10
-2.01772e-09
-2.57492e-10
-1.92145e-09
-2.68661e-10
-1.82261e-09
-2.77885e-10
-1.72245e-09
-2.85282e-10
-1.62211e-09
-2.90983e-10
-1.52262e-09
-2.95132e-10
-1.42485e-09
-2.97888e-10
-1.32951e-09
-2.99416e-10
-1.23718e-09
-2.99862e-10
-1.14829e-09
-2.99394e-10
-1.06312e-09
-2.98168e-10
-9.81895e-10
-2.96314e-10
-9.0472e-10
-2.93965e-10
-8.31597e-10
-2.91238e-10
-7.62476e-10
-2.88241e-10
-6.97265e-10
-2.85067e-10
-6.35799e-10
-2.81802e-10
-5.77897e-10
-2.78519e-10
-5.23358e-10
-2.75284e-10
-4.71951e-10
-2.72151e-10
-4.23445e-10
-2.6917e-10
-3.77586e-10
-2.6638e-10
-3.34138e-10
-2.63817e-10
-2.9285e-10
-2.61509e-10
-2.53483e-10
-2.59482e-10
-2.15792e-10
-2.57753e-10
-1.79546e-10
-2.56341e-10
-1.4451e-10
-2.55256e-10
-1.10461e-10
-2.5451e-10
-7.71713e-11
-2.54107e-10
-4.44262e-11
-2.54053e-10
-1.20047e-11
-2.54349e-10
2.03046e-11
-2.54994e-10
5.27206e-11
-2.55984e-10
8.5455e-11
-2.57315e-10
1.18728e-10
-2.58976e-10
1.52756e-10
-2.60958e-10
1.87764e-10
-2.63243e-10
2.23976e-10
-2.65813e-10
2.61626e-10
-2.68646e-10
3.00946e-10
-2.71713e-10
3.42179e-10
-2.7498e-10
3.85566e-10
-2.78408e-10
4.31354e-10
-2.81951e-10
4.79788e-10
-2.85554e-10
5.31116e-10
-2.89154e-10
5.85572e-10
-2.92678e-10
6.43387e-10
-2.96049e-10
7.04778e-10
-2.99158e-10
7.69884e-10
-3.01916e-10
8.38942e-10
-3.04203e-10
9.12009e-10
-3.05887e-10
9.89152e-10
-3.06842e-10
1.07037e-09
-3.06911e-10
1.15558e-09
-3.0593e-10
1.24456e-09
-3.03754e-10
1.33705e-09
-3.0022e-10
1.43262e-09
-2.95166e-10
1.53074e-09
-2.88451e-10
1.63068e-09
-2.79943e-10
1.73162e-09
-2.69534e-10
1.83255e-09
-2.57156e-10
1.93231e-09
-2.42769e-10
2.02973e-09
-2.26373e-10
2.12339e-09
-2.08048e-10
2.21195e-09
-1.87864e-10
2.29399e-09
-1.66003e-10
2.36845e-09
-1.42559e-10
2.43386e-09
-1.17932e-10
2.48967e-09
-9.20886e-11
2.53511e-09
-6.54243e-11
2.56967e-09
-3.79463e-11
2.59345e-09
-9.80102e-12
2.60588e-09
1.939e-11
2.60883e-09
4.89529e-11
2.59674e-09
8.04838e-11
2.57789e-09
1.12185e-10
2.5382e-09
1.47068e-10
2.48588e-09
1.80763e-10
2.41246e-09
2.15813e-10
2.28706e-09
2.18537e-09
2.38138e-10
-2.07734e-09
2.04086e-10
-2.18119e-09
1.70589e-10
-2.3137e-09
1.36074e-10
-2.39071e-09
1.04052e-10
-2.45188e-09
7.23771e-11
-2.49588e-09
4.23037e-11
-2.52171e-09
1.2699e-11
-2.53801e-09
-1.59011e-11
-2.54013e-09
-4.38919e-11
-2.53213e-09
-7.10256e-11
-2.51269e-09
-9.73401e-11
-2.4821e-09
-1.225e-10
-2.44061e-09
-1.46388e-10
-2.38872e-09
-1.68767e-10
-2.32707e-09
-1.89515e-10
-2.2564e-09
-2.08449e-10
-2.17798e-09
-2.2547e-10
-2.09292e-09
-2.40497e-10
-2.00265e-09
-2.53556e-10
-1.90836e-09
-2.64658e-10
-1.81147e-09
-2.73873e-10
-1.7132e-09
-2.81304e-10
-1.61465e-09
-2.87074e-10
-1.51682e-09
-2.91319e-10
-1.42058e-09
-2.94194e-10
-1.32661e-09
-2.95854e-10
-1.23549e-09
-2.96471e-10
-1.14765e-09
-2.96145e-10
-1.06342e-09
-2.9508e-10
-9.82943e-10
-2.93388e-10
-9.06394e-10
-2.912e-10
-8.3377e-10
-2.88629e-10
-7.65032e-10
-2.85782e-10
-7.00099e-10
-2.8275e-10
-6.38817e-10
-2.7962e-10
-5.81017e-10
-2.76462e-10
-5.26505e-10
-2.73343e-10
-4.75061e-10
-2.70316e-10
-4.26462e-10
-2.67431e-10
-3.80463e-10
-2.64728e-10
-3.36833e-10
-2.62242e-10
-2.95329e-10
-2.60001e-10
-2.55717e-10
-2.58031e-10
-2.17757e-10
-2.56351e-10
-1.81221e-10
-2.54978e-10
-1.45879e-10
-2.53924e-10
-1.11511e-10
-2.53199e-10
-7.7893e-11
-2.5281e-10
-4.48126e-11
-2.5276e-10
-1.20519e-11
-2.53052e-10
2.05985e-11
-2.53684e-10
5.33544e-11
-2.54653e-10
8.64256e-11
-2.55953e-10
1.20029e-10
-2.57576e-10
1.54379e-10
-2.59509e-10
1.89697e-10
-2.61736e-10
2.26203e-10
-2.6424e-10
2.64128e-10
-2.66996e-10
3.037e-10
-2.69977e-10
3.45157e-10
-2.73148e-10
3.88734e-10
-2.7647e-10
4.34672e-10
-2.79897e-10
4.8321e-10
-2.83376e-10
5.34587e-10
-2.8684e-10
5.8903e-10
-2.90222e-10
6.4676e-10
-2.93437e-10
7.07982e-10
-2.96396e-10
7.7283e-10
-2.98993e-10
8.41527e-10
-3.01117e-10
9.14117e-10
-3.02639e-10
9.90658e-10
-3.03454e-10
1.07116e-09
-3.03346e-10
1.15546e-09
-3.0223e-10
1.24342e-09
-2.99932e-10
1.33473e-09
-2.96296e-10
1.42896e-09
-2.9117e-10
1.52558e-09
-2.84416e-10
1.62389e-09
-2.75909e-10
1.72308e-09
-2.65547e-10
1.82215e-09
-2.53266e-10
1.91999e-09
-2.39034e-10
2.01546e-09
-2.22837e-10
2.10714e-09
-2.0474e-10
2.1938e-09
-1.84871e-10
2.27407e-09
-1.63344e-10
2.34687e-09
-1.40385e-10
2.41085e-09
-1.16115e-10
2.46536e-09
-9.0765e-11
2.50972e-09
-6.44811e-11
2.54336e-09
-3.74421e-11
2.56639e-09
-9.73467e-12
2.57815e-09
1.89729e-11
2.5801e-09
4.80869e-11
2.56759e-09
7.89551e-11
2.54697e-09
1.10021e-10
2.50707e-09
1.43813e-10
2.452e-09
1.76507e-10
2.37966e-09
2.09973e-10
2.25349e-09
2.1549e-09
2.32123e-10
-2.04759e-09
1.99622e-10
-2.1486e-09
1.67111e-10
-2.28111e-09
1.33648e-10
-2.35718e-09
1.02283e-10
-2.42047e-09
7.12723e-11
-2.46483e-09
4.1678e-11
-2.49209e-09
1.2589e-11
-2.5089e-09
-1.55763e-11
-2.51195e-09
-4.30922e-11
-2.50461e-09
-6.98417e-11
-2.48592e-09
-9.56753e-11
-2.45624e-09
-1.20427e-10
-2.41583e-09
-1.43926e-10
-2.36519e-09
-1.65973e-10
-2.30499e-09
-1.86394e-10
-2.23594e-09
-2.05055e-10
-2.15928e-09
-2.21858e-10
-2.07608e-09
-2.36723e-10
-1.98775e-09
-2.49686e-10
-1.89536e-09
-2.60731e-10
-1.80039e-09
-2.69934e-10
-1.70397e-09
-2.77394e-10
-1.60716e-09
-2.83225e-10
-1.51097e-09
-2.87561e-10
-1.41622e-09
-2.9055e-10
-1.3236e-09
-2.9234e-10
-1.23368e-09
-2.93088e-10
-1.14689e-09
-2.92928e-10
-1.06356e-09
-2.92018e-10
-9.83836e-10
-2.90483e-10
-9.07912e-10
-2.8845e-10
-8.35789e-10
-2.86031e-10
-7.67436e-10
-2.8333e-10
-7.02787e-10
-2.80438e-10
-6.41696e-10
-2.77439e-10
-5.84005e-10
-2.74404e-10
-5.29528e-10
-2.71399e-10
-4.78057e-10
-2.68476e-10
-4.29375e-10
-2.65686e-10
-3.83245e-10
-2.63067e-10
-3.39444e-10
-2.60657e-10
-2.97733e-10
-2.58482e-10
-2.57884e-10
-2.56569e-10
-2.19664e-10
-2.54937e-10
-1.82847e-10
-2.53603e-10
-1.47209e-10
-2.52579e-10
-1.1253e-10
-2.51876e-10
-7.85932e-11
-2.51499e-10
-4.51859e-11
-2.51454e-10
-1.20946e-11
-2.51741e-10
2.08884e-11
-2.52361e-10
5.39754e-11
-2.53308e-10
8.73749e-11
-2.54579e-10
1.213e-10
-2.56162e-10
1.55963e-10
-2.58048e-10
1.91581e-10
-2.60219e-10
2.28373e-10
-2.62657e-10
2.66564e-10
-2.65337e-10
3.06379e-10
-2.68233e-10
3.48049e-10
-2.7131e-10
3.91807e-10
-2.74528e-10
4.37885e-10
-2.77842e-10
4.86518e-10
-2.81197e-10
5.37935e-10
-2.84531e-10
5.92356e-10
-2.87773e-10
6.49992e-10
-2.9084e-10
7.11039e-10
-2.93648e-10
7.75625e-10
-2.96089e-10
8.43956e-10
-2.98055e-10
9.16067e-10
-2.99421e-10
9.92009e-10
-3.00063e-10
1.07178e-09
-2.99826e-10
1.1552e-09
-2.98578e-10
1.24215e-09
-2.96162e-10
1.33229e-09
-2.92433e-10
1.4252e-09
-2.8724e-10
1.52036e-09
-2.80448e-10
1.61707e-09
-2.7195e-10
1.71455e-09
-2.6164e-10
1.8118e-09
-2.49447e-10
1.90776e-09
-2.35368e-10
2.00133e-09
-2.19384e-10
2.09112e-09
-2.01563e-10
2.17593e-09
-1.81993e-10
2.25446e-09
-1.60828e-10
2.32565e-09
-1.38155e-10
2.38814e-09
-1.14294e-10
2.44145e-09
-8.94243e-11
2.48482e-09
-6.36115e-11
2.51752e-09
-3.69607e-11
2.53972e-09
-9.69979e-12
2.55087e-09
1.85209e-11
2.55186e-09
4.71673e-11
2.53891e-09
7.73836e-11
2.5167e-09
1.07807e-10
2.47658e-09
1.4055e-10
2.41918e-09
1.72269e-10
2.34784e-09
2.04172e-10
2.22149e-09
2.12575e-09
2.26259e-10
-2.01907e-09
1.9519e-10
-2.11745e-09
1.63636e-10
-2.24948e-09
1.31182e-10
-2.32466e-09
1.00479e-10
-2.38971e-09
7.01245e-11
-2.43444e-09
4.10172e-11
-2.46296e-09
1.24292e-11
-2.4803e-09
-1.52802e-11
-2.48424e-09
-4.23528e-11
-2.47753e-09
-6.86752e-11
-2.45959e-09
-9.40187e-11
-2.43088e-09
-1.18398e-10
-2.39142e-09
-1.41515e-10
-2.34204e-09
-1.63204e-10
-2.28326e-09
-1.83328e-10
-2.21578e-09
-2.0173e-10
-2.14084e-09
-2.18303e-10
-2.05948e-09
-2.3305e-10
-1.97297e-09
-2.45891e-10
-1.88249e-09
-2.56876e-10
-1.78938e-09
-2.66067e-10
-1.69475e-09
-2.73548e-10
-1.59965e-09
-2.79437e-10
-1.50506e-09
-2.83857e-10
-1.41177e-09
-2.86953e-10
-1.32049e-09
-2.88867e-10
-1.23175e-09
-2.89751e-10
-1.14599e-09
-2.8977e-10
-1.06352e-09
-2.88982e-10
-9.84609e-10
-2.87598e-10
-9.09278e-10
-2.85716e-10
-8.37657e-10
-2.83444e-10
-7.69692e-10
-2.80886e-10
-7.05332e-10
-2.7813e-10
-6.44438e-10
-2.75259e-10
-5.86864e-10
-2.72345e-10
-5.32431e-10
-2.6945e-10
-4.80942e-10
-2.6663e-10
-4.32185e-10
-2.63933e-10
-3.85934e-10
-2.61398e-10
-3.4197e-10
-2.59062e-10
-3.00063e-10
-2.56953e-10
-2.59987e-10
-2.55096e-10
-2.21515e-10
-2.53511e-10
-1.84427e-10
-2.52215e-10
-1.485e-10
-2.51221e-10
-1.1352e-10
-2.50539e-10
-7.92722e-11
-2.50175e-10
-4.55464e-11
-2.50134e-10
-1.21331e-11
-2.50417e-10
2.11742e-11
-2.51024e-10
5.45839e-11
-2.51951e-10
8.83033e-11
-2.53192e-10
1.22542e-10
-2.54737e-10
1.57509e-10
-2.56576e-10
1.93419e-10
-2.5869e-10
2.30488e-10
-2.61063e-10
2.68935e-10
-2.6367e-10
3.08983e-10
-2.66482e-10
3.50858e-10
-2.69466e-10
3.94788e-10
-2.72582e-10
4.40996e-10
-2.75785e-10
4.89715e-10
-2.7902e-10
5.41163e-10
-2.82225e-10
5.95553e-10
-2.85331e-10
6.53088e-10
-2.88255e-10
7.13953e-10
-2.90914e-10
7.78271e-10
-2.93204e-10
8.46234e-10
-2.95018e-10
9.17865e-10
-2.9626e-10
9.93236e-10
-2.96722e-10
1.07223e-09
-2.96348e-10
1.15481e-09
-2.94972e-10
1.24075e-09
-2.92447e-10
1.32975e-09
-2.88628e-10
1.42136e-09
-2.83373e-10
1.51508e-09
-2.76554e-10
1.61022e-09
-2.68063e-10
1.70602e-09
-2.57805e-10
1.80151e-09
-2.45719e-10
1.89564e-09
-2.31772e-10
1.98734e-09
-2.15997e-10
2.0753e-09
-1.98427e-10
2.15831e-09
-1.79155e-10
2.23514e-09
-1.58284e-10
2.30474e-09
-1.36082e-10
2.3659e-09
-1.12625e-10
2.41796e-09
-8.81029e-11
2.46027e-09
-6.27312e-11
2.49213e-09
-3.65162e-11
2.51349e-09
-9.69679e-12
2.52404e-09
1.80348e-11
2.52411e-09
4.62006e-11
2.51072e-09
7.57741e-11
2.48709e-09
1.05549e-10
2.44675e-09
1.37288e-10
2.38736e-09
1.68061e-10
2.31698e-09
1.98544e-10
2.19092e-09
2.09781e-09
2.21007e-10
-1.99122e-09
1.90803e-10
-2.08717e-09
1.6017e-10
-2.21878e-09
1.28681e-10
-2.29311e-09
9.86433e-11
-2.35963e-09
6.89386e-11
-2.4047e-09
4.0332e-11
-2.43433e-09
1.22545e-11
-2.45222e-09
-1.50102e-11
-2.45697e-09
-4.16597e-11
-2.45087e-09
-6.75278e-11
-2.43371e-09
-9.25071e-11
-2.40589e-09
-1.16439e-10
-2.36747e-09
-1.39172e-10
-2.31929e-09
-1.60529e-10
-2.26188e-09
-1.8033e-10
-2.19595e-09
-1.98482e-10
-2.12266e-09
-2.1487e-10
-2.04306e-09
-2.29445e-10
-1.95836e-09
-2.4217e-10
-1.86974e-09
-2.53081e-10
-1.77844e-09
-2.62266e-10
-1.68554e-09
-2.69766e-10
-1.59213e-09
-2.75706e-10
-1.49909e-09
-2.80206e-10
-1.40725e-09
-2.83404e-10
-1.31727e-09
-2.85437e-10
-1.22969e-09
-2.86451e-10
-1.14496e-09
-2.86582e-10
-1.06337e-09
-2.85972e-10
-9.85203e-10
-2.84733e-10
-9.105e-10
-2.82997e-10
-8.39379e-10
-2.80869e-10
-7.71805e-10
-2.7845e-10
-7.07739e-10
-2.75826e-10
-6.47048e-10
-2.73082e-10
-5.89598e-10
-2.70284e-10
-5.35217e-10
-2.67499e-10
-4.83718e-10
-2.64779e-10
-4.34894e-10
-2.62174e-10
-3.88532e-10
-2.59721e-10
-3.44414e-10
-2.57459e-10
-3.02319e-10
-2.55413e-10
-2.62024e-10
-2.53612e-10
-2.23311e-10
-2.52074e-10
-1.85959e-10
-2.50816e-10
-1.49753e-10
-2.49851e-10
-1.1448e-10
-2.49189e-10
-7.99302e-11
-2.48838e-10
-4.58942e-11
-2.48801e-10
-1.21672e-11
-2.4908e-10
2.1456e-11
-2.49675e-10
5.51801e-11
-2.50581e-10
8.9211e-11
-2.51793e-10
1.23754e-10
-2.533e-10
1.59017e-10
-2.55092e-10
1.9521e-10
-2.57152e-10
2.32547e-10
-2.59461e-10
2.71242e-10
-2.61994e-10
3.11514e-10
-2.64725e-10
3.53585e-10
-2.67617e-10
3.97676e-10
-2.70633e-10
4.44006e-10
-2.73726e-10
4.92803e-10
-2.76844e-10
5.44272e-10
-2.79923e-10
5.98625e-10
-2.82896e-10
6.56051e-10
-2.85681e-10
7.16728e-10
-2.88196e-10
7.80773e-10
-2.90339e-10
8.48364e-10
-2.92007e-10
9.19517e-10
-2.93069e-10
9.94283e-10
-2.93418e-10
1.07256e-09
-2.9291e-10
1.15428e-09
-2.91413e-10
1.23923e-09
-2.88783e-10
1.32709e-09
-2.84881e-10
1.41743e-09
-2.79569e-10
1.50974e-09
-2.72726e-10
1.60334e-09
-2.64245e-10
1.69751e-09
-2.54043e-10
1.79127e-09
-2.42066e-10
1.88362e-09
-2.28259e-10
1.9735e-09
-2.12656e-10
2.05966e-09
-1.95325e-10
2.14094e-09
-1.76363e-10
2.21614e-09
-1.55883e-10
2.28422e-09
-1.33977e-10
2.34396e-09
-1.10933e-10
2.39489e-09
-8.67875e-11
2.4361e-09
-6.18783e-11
2.4672e-09
-3.61043e-11
2.48771e-09
-9.72176e-12
2.49765e-09
1.75133e-11
2.49686e-09
4.51994e-11
2.48301e-09
7.41307e-11
2.45811e-09
1.03254e-10
2.41757e-09
1.34033e-10
2.35652e-09
1.63895e-10
2.28704e-09
1.93637e-10
2.16109e-09
2.07042e-09
2.16117e-10
-1.96375e-09
1.86454e-10
-2.05744e-09
1.56716e-10
-2.18898e-09
1.26151e-10
-2.2625e-09
9.67802e-11
-2.33021e-09
6.77184e-11
-2.37561e-09
3.96256e-11
-2.40622e-09
1.20422e-11
-2.42462e-09
-1.477e-11
-2.43015e-09
-4.09829e-11
-2.42466e-09
-6.63705e-11
-2.40832e-09
-9.09679e-11
-2.38129e-09
-1.14465e-10
-2.34396e-09
-1.36866e-10
-2.29686e-09
-1.57902e-10
-2.24081e-09
-1.77412e-10
-2.17641e-09
-1.95309e-10
-2.10473e-09
-2.11487e-10
-2.02685e-09
-2.2591e-10
-1.94391e-09
-2.38518e-10
-1.8571e-09
-2.49383e-10
-1.76754e-09
-2.58532e-10
-1.67637e-09
-2.66047e-10
-1.58459e-09
-2.72032e-10
-1.49309e-09
-2.76608e-10
-1.40265e-09
-2.79901e-10
-1.31396e-09
-2.82047e-10
-1.22753e-09
-2.83187e-10
-1.1438e-09
-2.83452e-10
-1.06309e-09
-2.82991e-10
-9.8565e-10
-2.81888e-10
-9.11586e-10
-2.80294e-10
-8.40959e-10
-2.78306e-10
-7.73779e-10
-2.76022e-10
-7.10011e-10
-2.73528e-10
-6.49528e-10
-2.70906e-10
-5.92209e-10
-2.68224e-10
-5.37887e-10
-2.65546e-10
-4.86387e-10
-2.62924e-10
-4.37505e-10
-2.60409e-10
-3.9104e-10
-2.58037e-10
-3.46776e-10
-2.55846e-10
-3.04503e-10
-2.53864e-10
-2.63999e-10
-2.52117e-10
-2.25053e-10
-2.50625e-10
-1.87445e-10
-2.49404e-10
-1.50969e-10
-2.48468e-10
-1.15411e-10
-2.47827e-10
-8.05676e-11
-2.47488e-10
-4.62297e-11
-2.47456e-10
-1.21972e-11
-2.47731e-10
2.17338e-11
-2.48313e-10
5.57639e-11
-2.49199e-10
9.00982e-11
-2.50382e-10
1.24937e-10
-2.51852e-10
1.60488e-10
-2.53598e-10
1.96955e-10
-2.55604e-10
2.34551e-10
-2.5785e-10
2.73485e-10
-2.60311e-10
3.13974e-10
-2.6296e-10
3.5623e-10
-2.65763e-10
4.00475e-10
-2.68681e-10
4.46918e-10
-2.71667e-10
4.95783e-10
-2.74669e-10
5.47267e-10
-2.77625e-10
6.01573e-10
-2.80469e-10
6.58883e-10
-2.83118e-10
7.19368e-10
-2.85492e-10
7.83135e-10
-2.87493e-10
8.50353e-10
-2.89021e-10
9.21029e-10
-2.89936e-10
9.95183e-10
-2.90148e-10
1.07275e-09
-2.89512e-10
1.15363e-09
-2.87899e-10
1.23759e-09
-2.8517e-10
1.32435e-09
-2.81189e-10
1.41342e-09
-2.75827e-10
1.50436e-09
-2.68963e-10
1.59645e-09
-2.60494e-10
1.68902e-09
-2.50351e-10
1.78109e-09
-2.38488e-10
1.87173e-09
-2.24822e-10
1.95979e-09
-2.09437e-10
2.04423e-09
-1.92353e-10
2.12381e-09
-1.73668e-10
2.19742e-09
-1.53449e-10
2.26396e-09
-1.31972e-10
2.32245e-09
-1.09236e-10
2.37212e-09
-8.56085e-11
2.41246e-09
-6.10336e-11
2.44262e-09
-3.57241e-11
2.46239e-09
-9.77469e-12
2.47169e-09
1.69746e-11
2.4701e-09
4.41647e-11
2.45579e-09
7.24579e-11
2.42978e-09
1.00929e-10
2.38905e-09
1.30784e-10
2.3266e-09
1.59762e-10
2.25798e-09
1.88911e-10
2.13187e-09
2.04346e-09
2.10963e-10
-1.93696e-09
1.82131e-10
-2.02855e-09
1.5327e-10
-2.16006e-09
1.23598e-10
-2.23277e-09
9.4894e-11
-2.30147e-09
6.64669e-11
-2.34715e-09
3.8889e-11
-2.37863e-09
1.17989e-11
-2.39753e-09
-1.45582e-11
-2.40379e-09
-4.03327e-11
-2.39888e-09
-6.53392e-11
-2.38331e-09
-8.94648e-11
-2.35715e-09
-1.12639e-10
-2.32077e-09
-1.34639e-10
-2.27484e-09
-1.55303e-10
-2.22012e-09
-1.74543e-10
-2.15715e-09
-1.92198e-10
-2.08704e-09
-2.08173e-10
-2.01085e-09
-2.22425e-10
-1.92962e-09
-2.34938e-10
-1.84456e-09
-2.4574e-10
-1.75671e-09
-2.54863e-10
-1.66722e-09
-2.62388e-10
-1.57704e-09
-2.68418e-10
-1.48704e-09
-2.73061e-10
-1.39799e-09
-2.76444e-10
-1.31056e-09
-2.78698e-10
-1.22525e-09
-2.79959e-10
-1.14252e-09
-2.80353e-10
-1.06268e-09
-2.80018e-10
-9.85971e-10
-2.79069e-10
-9.12519e-10
-2.77608e-10
-8.42407e-10
-2.75754e-10
-7.75618e-10
-2.73602e-10
-7.12151e-10
-2.71235e-10
-6.51883e-10
-2.68733e-10
-5.947e-10
-2.66163e-10
-5.40445e-10
-2.6359e-10
-4.88952e-10
-2.61065e-10
-4.4002e-10
-2.58638e-10
-3.93459e-10
-2.56346e-10
-3.4906e-10
-2.54226e-10
-3.06616e-10
-2.52306e-10
-2.65911e-10
-2.50613e-10
-2.2674e-10
-2.49165e-10
-1.88887e-10
-2.47982e-10
-1.52149e-10
-2.47074e-10
-1.16314e-10
-2.46453e-10
-8.11846e-11
-2.46126e-10
-4.65529e-11
-2.46098e-10
-1.22231e-11
-2.46369e-10
2.20076e-11
-2.46939e-10
5.63356e-11
-2.47805e-10
9.09652e-11
-2.48959e-10
1.26092e-10
-2.50393e-10
1.61922e-10
-2.52094e-10
1.98656e-10
-2.54046e-10
2.36502e-10
-2.56229e-10
2.75666e-10
-2.5862e-10
3.16362e-10
-2.6119e-10
3.58796e-10
-2.63905e-10
4.03186e-10
-2.66726e-10
4.49733e-10
-2.69607e-10
4.98659e-10
-2.72497e-10
5.50148e-10
-2.75332e-10
6.04402e-10
-2.78049e-10
6.6159e-10
-2.80566e-10
7.21875e-10
-2.82804e-10
7.8536e-10
-2.84673e-10
8.52211e-10
-2.86047e-10
9.22388e-10
-2.86832e-10
9.95955e-10
-2.86913e-10
1.07281e-09
-2.86154e-10
1.15285e-09
-2.84429e-10
1.23585e-09
-2.81607e-10
1.3215e-09
-2.77551e-10
1.40934e-09
-2.72144e-10
1.49893e-09
-2.65263e-10
1.58954e-09
-2.56819e-10
1.68054e-09
-2.46715e-10
1.77096e-09
-2.34953e-10
1.85993e-09
-2.2145e-10
1.94625e-09
-2.0626e-10
2.02901e-09
-1.89414e-10
2.10693e-09
-1.70986e-10
2.17895e-09
-1.51157e-10
2.2441e-09
-1.29983e-10
2.30125e-09
-1.07692e-10
2.34981e-09
-8.44038e-11
2.38916e-09
-6.0241e-11
2.41845e-09
-3.53641e-11
2.43751e-09
-9.85463e-12
2.44618e-09
1.64054e-11
2.44383e-09
4.30921e-11
2.42909e-09
7.07598e-11
2.40208e-09
9.85796e-11
2.36118e-09
1.27541e-10
2.29758e-09
1.5565e-10
2.2298e-09
1.8391e-10
2.10354e-09
2.01725e-09
2.056e-10
-1.91111e-09
1.77832e-10
-2.00071e-09
1.49836e-10
-2.132e-09
1.21031e-10
-2.20391e-09
9.29963e-11
-2.27339e-09
6.51907e-11
-2.31932e-09
3.81247e-11
-2.35154e-09
1.15362e-11
-2.37093e-09
-1.43666e-11
-2.37789e-09
-3.97091e-11
-2.37354e-09
-6.43007e-11
-2.35872e-09
-8.80483e-11
-2.3334e-09
-1.10751e-10
-2.29805e-09
-1.32428e-10
-2.25315e-09
-1.52828e-10
-2.19969e-09
-1.71744e-10
-2.1382e-09
-1.89128e-10
-2.06962e-09
-2.04905e-10
-1.99504e-09
-2.19024e-10
-1.91547e-09
-2.31435e-10
-1.83212e-09
-2.42162e-10
-1.74596e-09
-2.51258e-10
-1.6581e-09
-2.58788e-10
-1.56948e-09
-2.64857e-10
-1.48095e-09
-2.69564e-10
-1.39326e-09
-2.73032e-10
-1.30707e-09
-2.75389e-10
-1.22287e-09
-2.76765e-10
-1.14113e-09
-2.77284e-10
-1.06214e-09
-2.77078e-10
-9.8616e-10
-2.7626e-10
-9.13319e-10
-2.74941e-10
-8.4371e-10
-2.73215e-10
-7.77328e-10
-2.71191e-10
-7.14161e-10
-2.68947e-10
-6.54112e-10
-2.66562e-10
-5.97073e-10
-2.64103e-10
-5.4289e-10
-2.61632e-10
-4.91413e-10
-2.59202e-10
-4.42438e-10
-2.56861e-10
-3.95791e-10
-2.54647e-10
-3.51263e-10
-2.52597e-10
-3.08658e-10
-2.50738e-10
-2.67761e-10
-2.49098e-10
-2.28374e-10
-2.47695e-10
-1.90283e-10
-2.46547e-10
-1.53291e-10
-2.45668e-10
-1.17188e-10
-2.45067e-10
-8.17811e-11
-2.44752e-10
-4.68636e-11
-2.44728e-10
-1.22445e-11
-2.44995e-10
2.22778e-11
-2.45553e-10
5.68956e-11
-2.46399e-10
9.18124e-11
-2.47525e-10
1.27218e-10
-2.48923e-10
1.6332e-10
-2.50579e-10
2.00311e-10
-2.52478e-10
2.38401e-10
-2.54601e-10
2.77786e-10
-2.56922e-10
3.18681e-10
-2.59414e-10
3.61284e-10
-2.62042e-10
4.0581e-10
-2.64768e-10
4.52453e-10
-2.67547e-10
5.01431e-10
-2.70326e-10
5.52918e-10
-2.73044e-10
6.07112e-10
-2.75637e-10
6.64171e-10
-2.78026e-10
7.24253e-10
-2.80131e-10
7.87451e-10
-2.81859e-10
8.53925e-10
-2.83102e-10
9.23613e-10
-2.83757e-10
9.96593e-10
-2.8371e-10
1.07274e-09
-2.82833e-10
1.15196e-09
-2.81003e-10
1.23399e-09
-2.78094e-10
1.31857e-09
-2.73971e-10
1.40519e-09
-2.6852e-10
1.49345e-09
-2.61626e-10
1.58262e-09
-2.53204e-10
1.67209e-09
-2.43176e-10
1.76089e-09
-2.31475e-10
1.8482e-09
-2.18139e-10
1.93288e-09
-2.0314e-10
2.01397e-09
-1.86502e-10
2.09025e-09
-1.68413e-10
2.16083e-09
-1.48854e-10
2.2245e-09
-1.28042e-10
2.28041e-09
-1.06097e-10
2.32784e-09
-8.31814e-11
2.36623e-09
-5.94778e-11
2.39473e-09
-3.50157e-11
2.41305e-09
-9.95933e-12
2.42112e-09
1.58058e-11
2.41805e-09
4.19992e-11
2.40287e-09
6.90429e-11
2.375e-09
9.62139e-11
2.33395e-09
1.24306e-10
2.26942e-09
1.51559e-10
2.20247e-09
1.7871e-10
2.0763e-09
1.99202e-09
2.00143e-10
-1.88635e-09
1.73581e-10
-1.97408e-09
1.46441e-10
-2.1048e-09
1.18482e-10
-2.1759e-09
9.11004e-11
-2.24596e-09
6.39263e-11
-2.29211e-09
3.73739e-11
-2.32497e-09
1.12837e-11
-2.34483e-09
-1.41725e-11
-2.35243e-09
-3.90854e-11
-2.34863e-09
-6.32495e-11
-2.33455e-09
-8.65543e-11
-2.31008e-09
-1.08994e-10
-2.27559e-09
-1.30296e-10
-2.23182e-09
-1.50316e-10
-2.17965e-09
-1.68999e-10
-2.11949e-09
-1.86163e-10
-2.05242e-09
-2.01743e-10
-1.97943e-09
-2.15689e-10
-1.90149e-09
-2.27989e-10
-1.81979e-09
-2.38645e-10
-1.73527e-09
-2.4771e-10
-1.64901e-09
-2.55246e-10
-1.56192e-09
-2.61348e-10
-1.47482e-09
-2.66114e-10
-1.38847e-09
-2.69663e-10
-1.3035e-09
-2.72117e-10
-1.2204e-09
-2.73604e-10
-1.13962e-09
-2.74243e-10
-1.06148e-09
-2.74163e-10
-9.86223e-10
-2.73472e-10
-9.13993e-10
-2.72285e-10
-8.44882e-10
-2.70687e-10
-7.7891e-10
-2.68788e-10
-7.16047e-10
-2.66664e-10
-6.56222e-10
-2.64394e-10
-5.99332e-10
-2.62043e-10
-5.45229e-10
-2.59671e-10
-4.93774e-10
-2.57335e-10
-4.44763e-10
-2.55078e-10
-3.98039e-10
-2.52941e-10
-3.53391e-10
-2.50959e-10
-3.10633e-10
-2.49161e-10
-2.69552e-10
-2.47573e-10
-2.29957e-10
-2.46214e-10
-1.91635e-10
-2.45102e-10
-1.54398e-10
-2.4425e-10
-1.18034e-10
-2.43669e-10
-8.23581e-11
-2.43366e-10
-4.71629e-11
-2.43345e-10
-1.22621e-11
-2.43608e-10
2.25438e-11
-2.44155e-10
5.74438e-11
-2.44981e-10
9.26398e-11
-2.46079e-10
1.28318e-10
-2.47441e-10
1.64683e-10
-2.49054e-10
2.01923e-10
-2.50901e-10
2.40247e-10
-2.52963e-10
2.79846e-10
-2.55216e-10
3.20931e-10
-2.57631e-10
3.63695e-10
-2.60174e-10
4.08349e-10
-2.62808e-10
4.55081e-10
-2.65485e-10
5.04103e-10
-2.68156e-10
5.55581e-10
-2.7076e-10
6.09708e-10
-2.73232e-10
6.66632e-10
-2.75496e-10
7.26506e-10
-2.77493e-10
7.89434e-10
-2.79067e-10
8.55486e-10
-2.80181e-10
9.2471e-10
-2.80708e-10
9.97105e-10
-2.8054e-10
1.07256e-09
-2.7955e-10
1.15095e-09
-2.77618e-10
1.23204e-09
-2.74626e-10
1.31556e-09
-2.7044e-10
1.40098e-09
-2.64946e-10
1.48793e-09
-2.58045e-10
1.57568e-09
-2.49648e-10
1.66366e-09
-2.39685e-10
1.75089e-09
-2.28103e-10
1.83658e-09
-2.14892e-10
1.91962e-09
-2.00082e-10
1.99912e-09
-1.83707e-10
2.07383e-09
-1.65853e-10
2.14293e-09
-1.46619e-10
2.20523e-09
-1.26133e-10
2.25989e-09
-1.04567e-10
2.30625e-09
-8.20652e-11
2.34371e-09
-5.87228e-11
2.37138e-09
-3.46738e-11
2.38899e-09
-1.00544e-11
2.39649e-09
1.52234e-11
2.39275e-09
4.09132e-11
2.37715e-09
6.73406e-11
2.34853e-09
9.38637e-11
2.30737e-09
1.21107e-10
2.24211e-09
1.47513e-10
2.17599e-09
1.73417e-10
2.05032e-09
1.96792e-09
1.94737e-10
-1.86277e-09
1.69506e-10
-1.94884e-09
1.43206e-10
-2.07849e-09
1.16137e-10
-2.14882e-09
8.94051e-11
-2.21922e-09
6.28765e-11
-2.26557e-09
3.68529e-11
-2.29894e-09
1.12383e-11
-2.31922e-09
-1.37942e-11
-2.3274e-09
-3.82986e-11
-2.32412e-09
-6.20505e-11
-2.31079e-09
-8.50641e-11
-2.28707e-09
-1.07103e-10
-2.25355e-09
-1.28068e-10
-2.21085e-09
-1.4786e-10
-2.15985e-09
-1.66229e-10
-2.10112e-09
-1.83194e-10
-2.03545e-09
-1.98594e-10
-1.96402e-09
-2.12397e-10
-1.88768e-09
-2.24601e-10
-1.80758e-09
-2.35189e-10
-1.72468e-09
-2.44214e-10
-1.63998e-09
-2.51768e-10
-1.55436e-09
-2.57902e-10
-1.46868e-09
-2.62725e-10
-1.38364e-09
-2.6635e-10
-1.29987e-09
-2.68898e-10
-1.21785e-09
-2.7049e-10
-1.13803e-09
-2.71245e-10
-1.06072e-09
-2.71285e-10
-9.86181e-10
-2.70718e-10
-9.14558e-10
-2.69652e-10
-8.45945e-10
-2.68183e-10
-7.80378e-10
-2.66403e-10
-7.17826e-10
-2.64395e-10
-6.58229e-10
-2.62235e-10
-6.0149e-10
-2.59988e-10
-5.47474e-10
-2.57714e-10
-4.96047e-10
-2.55468e-10
-4.47009e-10
-2.53294e-10
-4.00212e-10
-2.51232e-10
-3.55453e-10
-2.49316e-10
-3.12548e-10
-2.47577e-10
-2.71291e-10
-2.46039e-10
-2.31494e-10
-2.44722e-10
-1.92951e-10
-2.43645e-10
-1.55474e-10
-2.4282e-10
-1.18859e-10
-2.42259e-10
-8.29195e-11
-2.41966e-10
-4.74547e-11
-2.4195e-10
-1.22783e-11
-2.42209e-10
2.28031e-11
-2.42744e-10
5.79787e-11
-2.4355e-10
9.3446e-11
-2.44621e-10
1.29389e-10
-2.45948e-10
1.66009e-10
-2.47518e-10
2.03493e-10
-2.49314e-10
2.42043e-10
-2.51317e-10
2.81849e-10
-2.53502e-10
3.23116e-10
-2.55842e-10
3.66035e-10
-2.58302e-10
4.10809e-10
-2.60846e-10
4.57624e-10
-2.63425e-10
5.06682e-10
-2.65992e-10
5.58146e-10
-2.68484e-10
6.122e-10
-2.7084e-10
6.68987e-10
-2.72984e-10
7.2865e-10
-2.74834e-10
7.91283e-10
-2.76303e-10
8.56954e-10
-2.77291e-10
9.25696e-10
-2.77697e-10
9.97509e-10
-2.77411e-10
1.07227e-09
-2.76313e-10
1.14985e-09
-2.74285e-10
1.23001e-09
-2.71214e-10
1.31248e-09
-2.66967e-10
1.39673e-09
-2.6144e-10
1.4824e-09
-2.54524e-10
1.56876e-09
-2.46151e-10
1.65528e-09
-2.36251e-10
1.74099e-09
-2.24758e-10
1.82508e-09
-2.11686e-10
1.90654e-09
-1.97048e-10
1.98448e-09
-1.8088e-10
2.05765e-09
-1.63262e-10
2.12531e-09
-1.44316e-10
2.18627e-09
-1.24089e-10
2.23965e-09
-1.02925e-10
2.28508e-09
-8.07797e-11
2.32156e-09
-5.77893e-11
2.34838e-09
-3.41509e-11
2.36535e-09
-9.95698e-12
2.37229e-09
1.48489e-11
2.36794e-09
4.00391e-11
2.35195e-09
6.58298e-11
2.32273e-09
9.17106e-11
2.28149e-09
1.18067e-10
2.21574e-09
1.43635e-10
2.15041e-09
1.68182e-10
2.02576e-09
1.94503e-09
2.30141e-09
-1.61765e-09
2.03957e-09
-1.68696e-09
1.74141e-09
-1.78028e-09
1.43233e-09
-1.83972e-09
1.11046e-09
-1.89732e-09
7.84663e-10
-1.93975e-09
4.57862e-10
-1.97212e-09
1.32544e-10
-1.99388e-09
-1.88921e-10
-2.00591e-09
-5.0432e-10
-2.0087e-09
-8.12494e-10
-2.0026e-09
-1.1114e-09
-1.98814e-09
-1.39896e-09
-1.96596e-09
-1.67344e-09
-1.93634e-09
-1.93336e-09
-1.8999e-09
-2.17718e-09
-1.85727e-09
-2.40358e-09
-1.80903e-09
-2.61167e-09
-1.75591e-09
-2.80076e-09
-1.69857e-09
-2.9706e-09
-1.63772e-09
-3.12105e-09
-1.5742e-09
-3.25237e-09
-1.50864e-09
-3.36519e-09
-1.44153e-09
-3.46029e-09
-1.37357e-09
-3.53872e-09
-1.3052e-09
-3.60164e-09
-1.23694e-09
-3.6504e-09
-1.16909e-09
-3.68632e-09
-1.10209e-09
-3.7109e-09
-1.03613e-09
-3.72549e-09
-9.71585e-10
-3.73143e-09
-9.08615e-10
-3.73002e-09
-8.4735e-10
-3.72248e-09
-7.8791e-10
-3.70996e-09
-7.30336e-10
-3.69355e-09
-6.74641e-10
-3.67422e-09
-6.20814e-10
-3.65287e-09
-5.68818e-10
-3.63034e-09
-5.18583e-10
-3.60731e-09
-4.70028e-10
-3.58448e-09
-4.23046e-10
-3.5624e-09
-3.7753e-10
-3.54159e-09
-3.33359e-10
-3.52247e-09
-2.90405e-10
-3.50543e-09
-2.48535e-10
-3.49077e-09
-2.07608e-10
-3.47876e-09
-1.67483e-10
-3.46961e-09
-1.28013e-10
-3.46347e-09
-8.90559e-11
-3.46046e-09
-5.04611e-11
-3.46066e-09
-1.20812e-11
-3.46408e-09
2.62241e-11
-3.47071e-09
6.46153e-11
-3.4805e-09
1.03235e-10
-3.49334e-09
1.4223e-10
-3.50908e-09
1.81749e-10
-3.52752e-09
2.21937e-10
-3.54842e-09
2.62941e-10
-3.57147e-09
3.04903e-10
-3.59632e-09
3.47963e-10
-3.62254e-09
3.92255e-10
-3.64964e-09
4.37911e-10
-3.67707e-09
4.85052e-10
-3.70418e-09
5.33793e-10
-3.73027e-09
5.84234e-10
-3.75453e-09
6.36461e-10
-3.77609e-09
6.90541e-10
-3.79396e-09
7.46522e-10
-3.80711e-09
8.04424e-10
-3.8144e-09
8.6424e-10
-3.81463e-09
9.25916e-10
-3.80649e-09
9.89367e-10
-3.7887e-09
1.05447e-09
-3.75987e-09
1.121e-09
-3.71857e-09
1.1887e-09
-3.66346e-09
1.25736e-09
-3.59317e-09
1.32642e-09
-3.50661e-09
1.39583e-09
-3.40262e-09
1.46476e-09
-3.2805e-09
1.53314e-09
-3.13957e-09
1.60003e-09
-2.97952e-09
1.66501e-09
-2.80049e-09
1.72749e-09
-2.60273e-09
1.78669e-09
-2.38692e-09
1.84181e-09
-2.15387e-09
1.89223e-09
-1.90488e-09
1.93726e-09
-1.64156e-09
1.9763e-09
-1.36521e-09
2.0087e-09
-1.07759e-09
2.03391e-09
-7.80784e-10
2.05155e-09
-4.76586e-10
2.06112e-09
-1.66333e-10
2.06201e-09
1.4787e-10
2.05371e-09
4.63729e-10
2.03606e-09
7.78526e-10
2.0079e-09
1.08995e-09
1.97002e-09
1.38863e-09
1.91703e-09
1.6765e-09
1.86249e-09
1.92783e-09
1.77439e-09
1.70988e-09
1.45983e-09
-1.47274e-09
1.29826e-09
-1.52534e-09
1.10772e-09
-1.58969e-09
9.04822e-10
-1.63677e-09
6.87161e-10
-1.67961e-09
4.61031e-10
-1.71357e-09
2.28883e-10
-1.73993e-09
-6.42418e-12
-1.75853e-09
-2.425e-10
-1.7698e-09
-4.77379e-10
-1.77379e-09
-7.09022e-10
-1.77092e-09
-9.35677e-10
-1.76145e-09
-1.1559e-09
-1.7457e-09
-1.36813e-09
-1.72408e-09
-1.5709e-09
-1.69709e-09
-1.76318e-09
-1.66495e-09
-1.9439e-09
-1.62828e-09
-2.11232e-09
-1.58745e-09
-2.26787e-09
-1.54299e-09
-2.4101e-09
-1.49546e-09
-2.53916e-09
-1.44512e-09
-2.65504e-09
-1.39274e-09
-2.75791e-09
-1.33863e-09
-2.84813e-09
-1.28334e-09
-2.92628e-09
-1.22703e-09
-2.9929e-09
-1.17031e-09
-3.04869e-09
-1.11328e-09
-3.09463e-09
-1.05614e-09
-3.1313e-09
-9.99456e-10
-3.15961e-09
-9.43272e-10
-3.18053e-09
-8.87683e-10
-3.19501e-09
-8.32865e-10
-3.20385e-09
-7.79066e-10
-3.20785e-09
-7.26334e-10
-3.20784e-09
-6.74646e-10
-3.20459e-09
-6.24067e-10
-3.19881e-09
-5.74593e-10
-3.19113e-09
-5.26262e-10
-3.18214e-09
-4.79017e-10
-3.17237e-09
-4.32822e-10
-3.16229e-09
-3.87605e-10
-3.15235e-09
-3.43302e-10
-3.14292e-09
-2.99834e-10
-3.13434e-09
-2.57119e-10
-3.12687e-09
-2.15071e-10
-3.12077e-09
-1.7359e-10
-3.11621e-09
-1.32574e-10
-3.11334e-09
-9.19185e-11
-3.11228e-09
-5.15234e-11
-3.11308e-09
-1.12788e-11
-3.11578e-09
2.8923e-11
-3.12035e-09
6.91898e-11
-3.12675e-09
1.09631e-10
-3.13487e-09
1.50355e-10
-3.14459e-09
1.91464e-10
-3.15571e-09
2.33063e-10
-3.16802e-09
2.75253e-10
-3.18125e-09
3.18131e-10
-3.19507e-09
3.61791e-10
-3.20913e-09
4.06317e-10
-3.22301e-09
4.51789e-10
-3.23623e-09
4.98274e-10
-3.24827e-09
5.45833e-10
-3.25855e-09
5.94513e-10
-3.26643e-09
6.44338e-10
-3.27122e-09
6.95333e-10
-3.2722e-09
7.47502e-10
-3.26863e-09
8.00851e-10
-3.25966e-09
8.55267e-10
-3.24441e-09
9.10663e-10
-3.22191e-09
9.66851e-10
-3.19133e-09
1.02388e-09
-3.15193e-09
1.08159e-09
-3.10277e-09
1.13954e-09
-3.04289e-09
1.19745e-09
-2.972e-09
1.25551e-09
-2.88913e-09
1.31294e-09
-2.79397e-09
1.36957e-09
-2.68591e-09
1.42506e-09
-2.56497e-09
1.47906e-09
-2.43108e-09
1.53108e-09
-2.28413e-09
1.58051e-09
-2.12452e-09
1.62704e-09
-1.95273e-09
1.66997e-09
-1.76961e-09
1.70907e-09
-1.57603e-09
1.74363e-09
-1.37313e-09
1.77337e-09
-1.16233e-09
1.79786e-09
-9.45065e-10
1.8166e-09
-7.22916e-10
1.82936e-09
-4.9752e-10
1.83569e-09
-2.70902e-10
1.83535e-09
-4.51841e-11
1.82795e-09
1.77316e-10
1.81351e-09
3.93963e-10
1.7912e-09
6.02391e-10
1.76154e-09
7.96276e-10
1.72308e-09
9.77739e-10
1.68095e-09
1.13046e-09
1.62159e-09
1.57323e-09
8.69883e-10
-1.39137e-09
7.74938e-10
-1.43033e-09
6.57267e-10
-1.47196e-09
5.25231e-10
-1.50468e-09
3.79728e-10
-1.53406e-09
2.24147e-10
-1.55794e-09
6.05675e-11
-1.5763e-09
-1.08356e-10
-1.58956e-09
-2.80517e-10
-1.59759e-09
-4.54198e-10
-1.60006e-09
-6.27671e-10
-1.5974e-09
-7.99316e-10
-1.58976e-09
-9.67683e-10
-1.57729e-09
-1.1315e-09
-1.56021e-09
-1.28976e-09
-1.5388e-09
-1.44133e-09
-1.51334e-09
-1.58545e-09
-1.48412e-09
-1.72136e-09
-1.4515e-09
-1.84858e-09
-1.41575e-09
-1.96668e-09
-1.37732e-09
-2.07546e-09
-1.33632e-09
-2.17489e-09
-1.29328e-09
-2.26503e-09
-1.24847e-09
-2.3461e-09
-1.20225e-09
-2.41823e-09
-1.15488e-09
-2.48191e-09
-1.10661e-09
-2.5375e-09
-1.05769e-09
-2.5853e-09
-1.00832e-09
-2.62606e-09
-9.58692e-10
-2.66036e-09
-9.08963e-10
-2.68853e-09
-8.5951e-10
-2.71117e-09
-8.10214e-10
-2.72898e-09
-7.61255e-10
-2.74258e-09
-7.12732e-10
-2.75251e-09
-6.64722e-10
-2.7593e-09
-6.17276e-10
-2.76342e-09
-5.70475e-10
-2.76535e-09
-5.24324e-10
-2.76559e-09
-4.78787e-10
-2.76455e-09
-4.33864e-10
-2.76261e-09
-3.89538e-10
-2.76014e-09
-3.45779e-10
-2.75743e-09
-3.02544e-10
-2.75475e-09
-2.59802e-10
-2.75233e-09
-2.17488e-10
-2.75038e-09
-1.75544e-10
-2.74906e-09
-1.33898e-10
-2.74849e-09
-9.24874e-11
-2.74877e-09
-5.12422e-11
-2.74995e-09
-1.00928e-11
-2.75207e-09
3.10355e-11
-2.75509e-09
7.2215e-11
-2.75898e-09
1.13521e-10
-2.76365e-09
1.55031e-10
-2.76899e-09
1.96806e-10
-2.77485e-09
2.38917e-10
-2.78102e-09
2.81429e-10
-2.78729e-09
3.24402e-10
-2.79339e-09
3.67894e-10
-2.79902e-09
4.11953e-10
-2.80385e-09
4.56621e-10
-2.80751e-09
5.01933e-10
-2.80959e-09
5.47912e-10
-2.80964e-09
5.94569e-10
-2.8072e-09
6.41903e-10
-2.80177e-09
6.89895e-10
-2.79278e-09
7.38511e-10
-2.77961e-09
7.87686e-10
-2.7617e-09
8.37356e-10
-2.73857e-09
8.87527e-10
-2.70974e-09
9.38011e-10
-2.6745e-09
9.88631e-10
-2.63217e-09
1.03926e-09
-2.58238e-09
1.08973e-09
-2.52474e-09
1.13979e-09
-2.45869e-09
1.18945e-09
-2.38397e-09
1.2382e-09
-2.30035e-09
1.28593e-09
-2.20769e-09
1.33236e-09
-2.10588e-09
1.37722e-09
-1.99479e-09
1.41995e-09
-1.87477e-09
1.46046e-09
-1.74612e-09
1.49834e-09
-1.60949e-09
1.5333e-09
-1.46546e-09
1.565e-09
-1.31495e-09
1.59307e-09
-1.15885e-09
1.61722e-09
-9.98283e-10
1.63724e-09
-8.34555e-10
1.65282e-09
-6.68974e-10
1.66373e-09
-5.03116e-10
1.66977e-09
-3.3874e-10
1.67092e-09
-1.77644e-10
1.6668e-09
-2.19843e-11
1.6578e-09
1.26265e-10
1.64289e-09
2.64083e-10
1.62366e-09
3.87816e-10
1.59929e-09
4.9791e-10
1.57079e-09
5.85245e-10
1.53419e-09
1.50015e-09
5.39429e-10
-1.32854e-09
4.6337e-10
-1.35421e-09
3.75427e-10
-1.38396e-09
2.78306e-10
-1.4075e-09
1.72441e-10
-1.42814e-09
5.95356e-11
-1.44498e-09
-5.89168e-11
-1.4578e-09
-1.8199e-10
-1.46644e-09
-3.08367e-10
-1.47117e-09
-4.36442e-10
-1.47194e-09
-5.65313e-10
-1.46848e-09
-6.93708e-10
-1.46132e-09
-8.20796e-10
-1.45015e-09
-9.45525e-10
-1.43544e-09
-1.06697e-09
-1.41732e-09
-1.18439e-09
-1.39589e-09
-1.2971e-09
-1.37138e-09
-1.4046e-09
-1.34397e-09
-1.50642e-09
-1.3139e-09
-1.6023e-09
-1.28142e-09
-1.69185e-09
-1.24675e-09
-1.77499e-09
-1.21012e-09
-1.8516e-09
-1.17184e-09
-1.92172e-09
-1.1321e-09
-1.98545e-09
-1.09114e-09
-2.04293e-09
-1.04912e-09
-2.09435e-09
-1.00626e-09
-2.13998e-09
-9.62688e-10
-2.18009e-09
-9.18576e-10
-2.21498e-09
-8.74061e-10
-2.24527e-09
-8.29223e-10
-2.27114e-09
-7.84342e-10
-2.29295e-09
-7.39438e-10
-2.31112e-09
-6.94561e-10
-2.32603e-09
-6.49809e-10
-2.33807e-09
-6.05239e-10
-2.34765e-09
-5.60898e-10
-2.35515e-09
-5.16824e-10
-2.3609e-09
-4.73038e-10
-2.36521e-09
-4.2956e-10
-2.36834e-09
-3.86408e-10
-2.37056e-09
-3.43565e-10
-2.37209e-09
-3.0101e-10
-2.37318e-09
-2.58715e-10
-2.37402e-09
-2.16656e-10
-2.37476e-09
-1.74803e-10
-2.37554e-09
-1.33117e-10
-2.37645e-09
-9.15818e-11
-2.37756e-09
-5.01286e-11
-2.37893e-09
-8.72174e-12
-2.38057e-09
3.26779e-11
-2.38248e-09
7.41253e-11
-2.38462e-09
1.15658e-10
-2.38691e-09
1.57324e-10
-2.38926e-09
1.99159e-10
-2.39154e-09
2.41201e-10
-2.39361e-09
2.835e-10
-2.39529e-09
3.26083e-10
-2.39637e-09
3.68977e-10
-2.39662e-09
4.12204e-10
-2.39578e-09
4.55779e-10
-2.39356e-09
4.99711e-10
-2.38964e-09
5.43998e-10
-2.3837e-09
5.8863e-10
-2.37538e-09
6.33586e-10
-2.36436e-09
6.78872e-10
-2.35024e-09
7.24395e-10
-2.33266e-09
7.70104e-10
-2.31124e-09
8.15926e-10
-2.28549e-09
8.61773e-10
-2.25504e-09
9.07557e-10
-2.21957e-09
9.53152e-10
-2.17875e-09
9.98435e-10
-2.13228e-09
1.04324e-09
-2.07995e-09
1.08745e-09
-2.02143e-09
1.13092e-09
-1.95678e-09
1.17352e-09
-1.88577e-09
1.2149e-09
-1.80835e-09
1.25492e-09
-1.72445e-09
1.2933e-09
-1.63446e-09
1.32992e-09
-1.53853e-09
1.3645e-09
-1.43704e-09
1.39681e-09
-1.33039e-09
1.42661e-09
-1.21917e-09
1.45373e-09
-1.10397e-09
1.47783e-09
-9.85528e-10
1.49873e-09
-8.64683e-10
1.51634e-09
-7.42406e-10
1.53049e-09
-6.19865e-10
1.54114e-09
-4.97963e-10
1.54782e-09
-3.77899e-10
1.5508e-09
-2.61223e-10
1.55007e-09
-1.48797e-10
1.54532e-09
-4.2371e-11
1.53641e-09
5.6278e-11
1.52495e-09
1.47683e-10
1.50783e-09
2.27753e-10
1.49065e-09
2.96174e-10
1.4657e-09
1.44598e-09
2.28585e-10
-1.2996e-09
1.90177e-10
-1.31575e-09
1.40802e-10
-1.33453e-09
8.13275e-11
-1.34797e-09
1.3873e-11
-1.36063e-09
-6.10424e-11
-1.37002e-09
-1.41904e-10
-1.37689e-09
-2.27542e-10
-1.38075e-09
-3.16972e-10
-1.38169e-09
-4.09387e-10
-1.37948e-09
-5.03316e-10
-1.37451e-09
-5.98131e-10
-1.36646e-09
-6.9259e-10
-1.35566e-09
-7.86223e-10
-1.34177e-09
-8.78254e-10
-1.32525e-09
-9.68008e-10
-1.3061e-09
-1.05511e-09
-1.28425e-09
-1.13896e-09
-1.2601e-09
-1.21911e-09
-1.23372e-09
-1.29525e-09
-1.20526e-09
-1.36708e-09
-1.1749e-09
-1.43438e-09
-1.1428e-09
-1.49712e-09
-1.10909e-09
-1.5553e-09
-1.07392e-09
-1.60896e-09
-1.03747e-09
-1.65815e-09
-9.99922e-10
-1.70298e-09
-9.61415e-10
-1.74358e-09
-9.22081e-10
-1.7801e-09
-8.82052e-10
-1.81272e-09
-8.41434e-10
-1.84156e-09
-8.00378e-10
-1.86696e-09
-7.58944e-10
-1.88918e-09
-7.17218e-10
-1.90845e-09
-6.75281e-10
-1.92506e-09
-6.33203e-10
-1.93927e-09
-5.91026e-10
-1.95128e-09
-5.48885e-10
-1.96137e-09
-5.06737e-10
-1.96977e-09
-4.64637e-10
-1.97672e-09
-4.22611e-10
-1.98245e-09
-3.80677e-10
-1.98717e-09
-3.38845e-10
-1.99107e-09
-2.97118e-10
-1.99429e-09
-2.55495e-10
-1.99699e-09
-2.13958e-10
-1.99925e-09
-1.72537e-10
-2.00119e-09
-1.31183e-10
-2.0029e-09
-8.98724e-11
-2.00443e-09
-4.85955e-11
-2.00581e-09
-7.34366e-12
-2.00707e-09
3.39381e-11
-2.0082e-09
7.52495e-11
-2.00916e-09
1.16617e-10
-2.00989e-09
1.58057e-10
-2.01034e-09
1.99606e-10
-2.01041e-09
2.41278e-10
-2.00999e-09
2.83081e-10
-2.00894e-09
3.25029e-10
-2.0071e-09
3.67132e-10
-2.00429e-09
4.09394e-10
-2.00032e-09
4.51812e-10
-1.99499e-09
4.94378e-10
-1.98806e-09
5.37076e-10
-1.97932e-09
5.79882e-10
-1.96849e-09
6.22753e-10
-1.95527e-09
6.65658e-10
-1.93947e-09
7.08591e-10
-1.92081e-09
7.51438e-10
-1.89903e-09
7.94142e-10
-1.8739e-09
8.36633e-10
-1.84516e-09
8.78807e-10
-1.8126e-09
9.20583e-10
-1.77604e-09
9.61866e-10
-1.73535e-09
1.00254e-09
-1.6904e-09
1.04249e-09
-1.64106e-09
1.08157e-09
-1.58719e-09
1.11963e-09
-1.52881e-09
1.15651e-09
-1.466e-09
1.19208e-09
-1.39891e-09
1.22618e-09
-1.32769e-09
1.25867e-09
-1.25255e-09
1.28933e-09
-1.17369e-09
1.31791e-09
-1.09154e-09
1.34443e-09
-1.00656e-09
1.36871e-09
-9.1946e-10
1.39068e-09
-8.30741e-10
1.40997e-09
-7.41075e-10
1.42663e-09
-6.51416e-10
1.44079e-09
-5.62147e-10
1.45182e-09
-4.74799e-10
1.46042e-09
-3.89827e-10
1.46578e-09
-3.08211e-10
1.4684e-09
-2.31245e-10
1.4683e-09
-1.60386e-10
1.4655e-09
-9.59223e-11
1.46044e-09
-4.05712e-11
1.45242e-09
6.44819e-12
1.44357e-09
4.31995e-11
1.42888e-09
1.41834e-09
6.64105e-11
-1.28469e-09
4.38936e-11
-1.29318e-09
1.2651e-11
-1.30324e-09
-2.58776e-11
-1.30939e-09
-7.11459e-11
-1.31532e-09
-1.22067e-10
-1.31905e-09
-1.77945e-10
-1.32097e-09
-2.37851e-10
-1.32081e-09
-3.0096e-10
-1.31854e-09
-3.66199e-10
-1.3142e-09
-4.33526e-10
-1.30715e-09
-5.01905e-10
-1.29805e-09
-5.70914e-10
-1.28662e-09
-6.39723e-10
-1.27294e-09
-7.07976e-10
-1.25697e-09
-7.7504e-10
-1.23901e-09
-8.40525e-10
-1.21874e-09
-9.04037e-10
-1.19656e-09
-9.65228e-10
-1.17251e-09
-1.02378e-09
-1.14669e-09
-1.07969e-09
-1.11897e-09
-1.13271e-09
-1.08976e-09
-1.18268e-09
-1.05911e-09
-1.22946e-09
-1.02712e-09
-1.27301e-09
-9.93903e-10
-1.31335e-09
-9.59577e-10
-1.35051e-09
-9.24247e-10
-1.38456e-09
-8.88025e-10
-1.41559e-09
-8.51011e-10
-1.44371e-09
-8.13316e-10
-1.46905e-09
-7.75031e-10
-1.49179e-09
-7.36198e-10
-1.5121e-09
-6.96908e-10
-1.5301e-09
-6.5728e-10
-1.54595e-09
-6.17353e-10
-1.55981e-09
-5.77165e-10
-1.57192e-09
-5.36771e-10
-1.58245e-09
-4.9621e-10
-1.59154e-09
-4.55549e-10
-1.59934e-09
-4.14806e-10
-1.606e-09
-3.7402e-10
-1.61167e-09
-3.33182e-10
-1.61647e-09
-2.92318e-10
-1.62052e-09
-2.51439e-10
-1.62393e-09
-2.10553e-10
-1.62681e-09
-1.69663e-10
-1.62922e-09
-1.28769e-10
-1.63122e-09
-8.7869e-11
-1.63286e-09
-4.69638e-11
-1.63412e-09
-6.07658e-12
-1.63508e-09
3.48933e-11
-1.6357e-09
7.58679e-11
-1.63596e-09
1.16879e-10
-1.63584e-09
1.57931e-10
-1.63526e-09
1.99028e-10
-1.63415e-09
2.40171e-10
-1.63242e-09
2.81348e-10
-1.62999e-09
3.22597e-10
-1.62674e-09
3.63891e-10
-1.62256e-09
4.05209e-10
-1.61729e-09
4.46543e-10
-1.61079e-09
4.87875e-10
-1.6029e-09
5.29182e-10
-1.59345e-09
5.70433e-10
-1.58229e-09
6.11593e-10
-1.56925e-09
6.52618e-10
-1.55412e-09
6.93453e-10
-1.53673e-09
7.34049e-10
-1.51694e-09
7.74345e-10
-1.49458e-09
8.14272e-10
-1.46954e-09
8.53753e-10
-1.44169e-09
8.92726e-10
-1.41091e-09
9.3108e-10
-1.37712e-09
9.68739e-10
-1.34025e-09
1.0056e-09
-1.30033e-09
1.04164e-09
-1.25722e-09
1.07651e-09
-1.21097e-09
1.11024e-09
-1.16167e-09
1.14276e-09
-1.10943e-09
1.17392e-09
-1.0544e-09
1.20362e-09
-9.96853e-10
1.23176e-09
-9.37205e-10
1.25824e-09
-8.75495e-10
1.28269e-09
-8.12189e-10
1.30538e-09
-7.47774e-10
1.32624e-09
-6.82587e-10
1.34475e-09
-6.17381e-10
1.36139e-09
-5.52304e-10
1.37568e-09
-4.8862e-10
1.3881e-09
-4.2613e-10
1.3979e-09
-3.66154e-10
1.40576e-09
-3.09516e-10
1.41172e-09
-2.56783e-10
1.41552e-09
-2.08637e-10
1.41731e-09
-1.65548e-10
1.4173e-09
-1.282e-10
1.41503e-09
-9.66757e-11
1.41199e-09
-7.42175e-11
1.40637e-09
1.40213e-09
-1.35447e-11
-1.2761e-09
-2.7759e-11
-1.27893e-09
-4.85666e-11
-1.28239e-09
-7.36858e-11
-1.28423e-09
-1.03514e-10
-1.28545e-09
-1.37384e-10
-1.28515e-09
-1.75062e-10
-1.28326e-09
-2.15875e-10
-1.27996e-09
-2.59328e-10
-1.27506e-09
-3.04953e-10
-1.26855e-09
-3.51991e-10
-1.26009e-09
-4.00192e-10
-1.24983e-09
-4.48839e-10
-1.23795e-09
-4.97911e-10
-1.22384e-09
-5.46604e-10
-1.20826e-09
-5.95063e-10
-1.19053e-09
-6.42597e-10
-1.17119e-09
-6.88878e-10
-1.15027e-09
-7.33979e-10
-1.12739e-09
-7.77552e-10
-1.1031e-09
-8.19114e-10
-1.0774e-09
-8.58743e-10
-1.05012e-09
-8.96379e-10
-1.02146e-09
-9.31911e-10
-9.9158e-10
-9.65275e-10
-9.60531e-10
-9.96444e-10
-9.28401e-10
-1.02538e-09
-8.95301e-10
-1.05211e-09
-8.61295e-10
-1.07679e-09
-8.26326e-10
-1.09943e-09
-7.90673e-10
-1.12008e-09
-7.54369e-10
-1.13882e-09
-7.17456e-10
-1.15571e-09
-6.80014e-10
-1.17089e-09
-6.42101e-10
-1.18448e-09
-6.03763e-10
-1.19657e-09
-5.6507e-10
-1.20728e-09
-5.26066e-10
-1.21669e-09
-4.86793e-10
-1.22495e-09
-4.47293e-10
-1.23216e-09
-4.076e-10
-1.23843e-09
-3.67745e-10
-1.24386e-09
-3.27753e-10
-1.24853e-09
-2.87647e-10
-1.25252e-09
-2.47445e-10
-1.25591e-09
-2.07164e-10
-1.25876e-09
-1.66818e-10
-1.26112e-09
-1.26412e-10
-1.26302e-09
-8.59678e-11
-1.2645e-09
-4.54821e-11
-1.26557e-09
-5.00913e-12
-1.26627e-09
3.55908e-11
-1.26658e-09
7.6175e-11
-1.26647e-09
1.16775e-10
-1.26593e-09
1.57389e-10
-1.26491e-09
1.98009e-10
-1.26337e-09
2.38632e-10
-1.26127e-09
2.79243e-10
-1.25851e-09
3.19833e-10
-1.255e-09
3.60385e-10
-1.25068e-09
4.00883e-10
-1.24544e-09
4.41302e-10
-1.23918e-09
4.81618e-10
-1.23181e-09
5.21803e-10
-1.2232e-09
5.61821e-10
-1.21324e-09
6.01639e-10
-1.20188e-09
6.41248e-10
-1.18892e-09
6.80494e-10
-1.1743e-09
7.19426e-10
-1.15792e-09
7.57959e-10
-1.13969e-09
7.96032e-10
-1.11952e-09
8.33579e-10
-1.09733e-09
8.70529e-10
-1.07307e-09
9.06804e-10
-1.04667e-09
9.42338e-10
-1.01813e-09
9.77049e-10
-9.87448e-10
1.01095e-09
-9.54591e-10
1.04364e-09
-9.19673e-10
1.07531e-09
-8.82762e-10
1.10583e-09
-8.43963e-10
1.13511e-09
-8.03532e-10
1.16317e-09
-7.61293e-10
1.1895e-09
-7.17585e-10
1.21451e-09
-6.73039e-10
1.23812e-09
-6.27533e-10
1.25985e-09
-5.81319e-10
1.28e-09
-5.35139e-10
1.29855e-09
-4.88946e-10
1.31517e-09
-4.43497e-10
1.3302e-09
-3.98827e-10
1.3434e-09
-3.55825e-10
1.35486e-09
-3.14979e-10
1.36488e-09
-2.7626e-10
1.37297e-09
-2.40218e-10
1.37944e-09
-2.0752e-10
1.38457e-09
-1.78597e-10
1.38834e-09
-1.54379e-10
1.39077e-09
-1.34697e-10
1.39227e-09
-1.20892e-10
1.39252e-09
1.39332e-09
-4.71751e-11
-1.27219e-09
-5.45503e-11
-1.27152e-09
-6.6232e-11
-1.27068e-09
-8.157e-11
-1.26887e-09
-1.00319e-10
-1.26667e-09
-1.21703e-10
-1.26374e-09
-1.45648e-10
-1.25929e-09
-1.71804e-10
-1.25378e-09
-1.99797e-10
-1.24705e-09
-2.29262e-10
-1.23907e-09
-2.60102e-10
-1.22923e-09
-2.91756e-10
-1.21816e-09
-3.24255e-10
-1.20543e-09
-3.56879e-10
-1.19121e-09
-3.89742e-10
-1.17538e-09
-4.22206e-10
-1.15806e-09
-4.54307e-10
-1.13908e-09
-4.85787e-10
-1.11878e-09
-5.16442e-10
-1.09673e-09
-5.46185e-10
-1.07335e-09
-5.74864e-10
-1.04871e-09
-6.02426e-10
-1.02255e-09
-6.287e-10
-9.95184e-10
-6.53611e-10
-9.66664e-10
-6.77091e-10
-9.37045e-10
-6.99092e-10
-9.06395e-10
-7.19796e-10
-8.74594e-10
-7.39126e-10
-8.41962e-10
-7.5696e-10
-8.08489e-10
-7.73394e-10
-7.74237e-10
-7.88495e-10
-7.39266e-10
-8.023e-10
-7.0365e-10
-8.14863e-10
-6.67449e-10
-8.26202e-10
-6.30762e-10
-8.36449e-10
-5.93515e-10
-8.45686e-10
-5.55833e-10
-8.53949e-10
-5.17803e-10
-8.61304e-10
-4.79439e-10
-8.67819e-10
-4.40779e-10
-8.73561e-10
-4.01858e-10
-8.78597e-10
-3.62709e-10
-8.8299e-10
-3.23361e-10
-8.86795e-10
-2.83842e-10
-8.90067e-10
-2.44174e-10
-8.9285e-10
-2.04382e-10
-8.95187e-10
-1.64481e-10
-8.97108e-10
-1.24492e-10
-8.98646e-10
-8.44303e-11
-8.99814e-10
-4.43149e-11
-9.00623e-10
-4.20044e-12
-9.01099e-10
3.60667e-11
-9.01229e-10
7.63049e-11
-9.01001e-10
1.16546e-10
-9.00395e-10
1.56783e-10
-8.99389e-10
1.97002e-10
-8.97947e-10
2.37189e-10
-8.96031e-10
2.77327e-10
-8.93597e-10
3.17398e-10
-8.90595e-10
3.57382e-10
-8.8699e-10
3.97278e-10
-8.82684e-10
4.36995e-10
-8.77629e-10
4.76562e-10
-8.71762e-10
5.15934e-10
-8.65015e-10
5.55073e-10
-8.57318e-10
5.9394e-10
-8.48567e-10
6.32495e-10
-8.38766e-10
6.70691e-10
-8.27819e-10
7.08477e-10
-8.1567e-10
7.45807e-10
-8.02267e-10
7.82625e-10
-7.87624e-10
8.18932e-10
-7.71616e-10
8.54517e-10
-7.54185e-10
8.89368e-10
-7.35345e-10
9.23492e-10
-7.15089e-10
9.56788e-10
-6.93337e-10
9.89186e-10
-6.70418e-10
1.02071e-09
-6.46124e-10
1.05101e-09
-6.2051e-10
1.08021e-09
-5.93723e-10
1.10831e-09
-5.65892e-10
1.13533e-09
-5.37172e-10
1.16077e-09
-5.07651e-10
1.18498e-09
-4.77499e-10
1.20796e-09
-4.46858e-10
1.22919e-09
-4.1609e-10
1.24922e-09
-3.85161e-10
1.2676e-09
-3.54662e-10
1.28465e-09
-3.24564e-10
1.30008e-09
-2.95533e-10
1.31435e-09
-2.67424e-10
1.32673e-09
-2.40545e-10
1.33798e-09
-2.1572e-10
1.34812e-09
-1.92845e-10
1.35655e-09
-1.72333e-10
1.36403e-09
-1.54461e-10
1.37044e-09
-1.40048e-10
1.37633e-09
-1.28937e-10
1.38113e-09
-1.22045e-10
1.3856e-09
1.38962e-09
-3.51658e-11
-1.26837e-09
-4.09855e-11
-1.26568e-09
-4.84689e-11
-1.26317e-09
-5.74369e-11
-1.25988e-09
-6.81212e-11
-1.25597e-09
-8.06779e-11
-1.25116e-09
-9.43358e-11
-1.24562e-09
-1.09029e-10
-1.23908e-09
-1.25006e-10
-1.23106e-09
-1.42042e-10
-1.22202e-09
-1.59556e-10
-1.2117e-09
-1.77732e-10
-1.19997e-09
-1.96059e-10
-1.1871e-09
-2.14828e-10
-1.17243e-09
-2.33495e-10
-1.15671e-09
-2.52329e-10
-1.13921e-09
-2.7087e-10
-1.12053e-09
-2.89292e-10
-1.10035e-09
-3.07183e-10
-1.07883e-09
-3.24417e-10
-1.05611e-09
-3.4131e-10
-1.03181e-09
-3.57467e-10
-1.00639e-09
-3.72874e-10
-9.79772e-10
-3.87566e-10
-9.51968e-10
-4.0154e-10
-9.23068e-10
-4.14785e-10
-8.93147e-10
-4.27129e-10
-8.62247e-10
-4.38614e-10
-8.30476e-10
-4.49334e-10
-7.97767e-10
-4.59278e-10
-7.64291e-10
-4.68451e-10
-7.30093e-10
-4.76876e-10
-6.95223e-10
-4.84588e-10
-6.59737e-10
-4.91665e-10
-6.23684e-10
-4.98059e-10
-5.87121e-10
-5.03802e-10
-5.50089e-10
-5.08967e-10
-5.12638e-10
-5.13591e-10
-4.74814e-10
-5.17712e-10
-4.36657e-10
-5.21364e-10
-3.98206e-10
-5.24581e-10
-3.59493e-10
-5.27408e-10
-3.20534e-10
-5.29873e-10
-2.81376e-10
-5.32001e-10
-2.42047e-10
-5.33816e-10
-2.02567e-10
-5.35339e-10
-1.62958e-10
-5.3659e-10
-1.23241e-10
-5.37583e-10
-8.34371e-11
-5.38325e-10
-4.35732e-11
-5.38848e-10
-3.67816e-12
-5.39102e-10
3.63198e-11
-5.3914e-10
7.63424e-11
-5.38938e-10
1.16344e-10
-5.38486e-10
1.5633e-10
-5.37769e-10
1.96285e-10
-5.3677e-10
2.3619e-10
-5.35468e-10
2.76024e-10
-5.33841e-10
3.1577e-10
-5.31855e-10
3.55395e-10
-5.29459e-10
3.94882e-10
-5.26663e-10
4.34197e-10
-5.23414e-10
4.73312e-10
-5.19675e-10
5.12194e-10
-5.15411e-10
5.50807e-10
-5.10585e-10
5.89112e-10
-5.05161e-10
6.27069e-10
-4.99101e-10
6.64629e-10
-4.92385e-10
7.01759e-10
-4.84995e-10
7.38414e-10
-4.76841e-10
7.74469e-10
-4.67866e-10
8.09954e-10
-4.58134e-10
8.44781e-10
-4.47664e-10
8.78893e-10
-4.36415e-10
9.12239e-10
-4.24493e-10
9.44861e-10
-4.11677e-10
9.76365e-10
-3.97982e-10
1.00701e-09
-3.83592e-10
1.03661e-09
-3.68739e-10
1.06535e-09
-3.53146e-10
1.09271e-09
-3.36807e-10
1.11898e-09
-3.20133e-10
1.14409e-09
-3.03008e-10
1.16785e-09
-2.85415e-10
1.19035e-09
-2.67841e-10
1.21161e-09
-2.50037e-10
1.2314e-09
-2.32567e-10
1.25012e-09
-2.15025e-10
1.2671e-09
-1.98012e-10
1.28305e-09
-1.81176e-10
1.2975e-09
-1.65236e-10
1.31078e-09
-1.50144e-10
1.32288e-09
-1.35754e-10
1.33371e-09
-1.22736e-10
1.34351e-09
-1.11225e-10
1.35251e-09
-1.00996e-10
1.3602e-09
-9.20468e-11
1.36737e-09
-8.48578e-11
1.37392e-09
-7.90062e-11
1.37973e-09
1.38567e-09
-1.38697e-11
-1.59874e-11
-1.8502e-11
-2.1532e-11
-2.49997e-11
-2.88126e-11
-3.31607e-11
-3.8046e-11
-4.30823e-11
-4.8411e-11
-5.40157e-11
-5.97554e-11
-6.58212e-11
-7.17773e-11
-7.79409e-11
-8.3928e-11
-8.99204e-11
-9.5784e-11
-1.01535e-10
-1.07289e-10
-1.12738e-10
-1.17998e-10
-1.23068e-10
-1.27892e-10
-1.32465e-10
-1.36793e-10
-1.40877e-10
-1.44755e-10
-1.48345e-10
-1.51671e-10
-1.5475e-10
-1.57589e-10
-1.60198e-10
-1.62585e-10
-1.6476e-10
-1.66734e-10
-1.68517e-10
-1.70121e-10
-1.71559e-10
-1.72844e-10
-1.7399e-10
-1.74992e-10
-1.75865e-10
-1.76623e-10
-1.77274e-10
-1.77826e-10
-1.78288e-10
-1.78667e-10
-1.78961e-10
-1.79163e-10
-1.79272e-10
-1.79307e-10
-1.79244e-10
-1.79083e-10
-1.78823e-10
-1.7846e-10
-1.77986e-10
-1.77394e-10
-1.76681e-10
-1.75834e-10
-1.74845e-10
-1.73704e-10
-1.72401e-10
-1.70923e-10
-1.69262e-10
-1.67404e-10
-1.65339e-10
-1.6305e-10
-1.60511e-10
-1.5777e-10
-1.54794e-10
-1.51575e-10
-1.48109e-10
-1.4439e-10
-1.40309e-10
-1.36097e-10
-1.31669e-10
-1.27053e-10
-1.22063e-10
-1.16975e-10
-1.11732e-10
-1.06298e-10
-1.00789e-10
-9.52031e-11
-8.95042e-11
-8.38585e-11
-7.80433e-11
-7.24941e-11
-6.69549e-11
-6.16897e-11
-5.66245e-11
-5.17734e-11
-4.7297e-11
-4.31679e-11
-3.92439e-11
-3.59603e-11
-3.30926e-11
-3.06689e-11
-2.86097e-11
)
;

boundaryField
{
    inlet_water
    {
        type            calculated;
        value           nonuniform List<scalar> 
50
(
-7.00563e-08
-1.59995e-07
-2.17052e-07
-2.53949e-07
-2.79809e-07
-3.01094e-07
-3.21077e-07
-3.40493e-07
-3.59343e-07
-3.7763e-07
-3.95357e-07
-4.12528e-07
-4.29146e-07
-4.45216e-07
-4.60741e-07
-4.75728e-07
-4.90181e-07
-5.04106e-07
-5.17508e-07
-5.30393e-07
-5.42768e-07
-5.5464e-07
-5.66014e-07
-5.76898e-07
-5.87298e-07
-5.97222e-07
-6.06676e-07
-6.15668e-07
-6.24205e-07
-6.32294e-07
-6.39942e-07
-6.47155e-07
-6.53942e-07
-6.60307e-07
-6.66258e-07
-6.71802e-07
-6.76943e-07
-6.81688e-07
-6.86043e-07
-6.90012e-07
-6.93602e-07
-6.96816e-07
-6.99659e-07
-7.02135e-07
-7.04248e-07
-7.06002e-07
-7.074e-07
-7.08446e-07
-7.09143e-07
-7.09493e-07
)
;
    }
    inlet_air
    {
        type            calculated;
        value           nonuniform List<scalar> 
60
(
-7.09455e-07
-1.05121e-07
-8.03976e-09
1.36397e-10
2.12186e-10
3.05478e-11
-2.49059e-10
-2.75203e-10
-3.56189e-10
-3.90845e-10
-4.31956e-10
-4.56895e-10
-4.77367e-10
-4.90475e-10
-4.98035e-10
-5.00702e-10
-4.9937e-10
-4.95204e-10
-4.8902e-10
-4.81052e-10
-4.71637e-10
-4.63033e-10
-4.52593e-10
-4.41672e-10
-4.31139e-10
-4.19736e-10
-4.08878e-10
-3.97246e-10
-3.85973e-10
-3.74803e-10
-3.6572e-10
-3.56056e-10
-3.46831e-10
-3.36075e-10
-3.27062e-10
-3.18238e-10
-3.10928e-10
-3.01997e-10
-2.91084e-10
-2.83242e-10
-2.75936e-10
-2.68612e-10
-2.61307e-10
-2.5424e-10
-2.48326e-10
-2.43073e-10
-2.37246e-10
-2.30956e-10
-2.24417e-10
-2.17891e-10
-2.54136e-09
-1.60084e-09
-9.48252e-10
-5.9992e-10
-2.55733e-10
-7.99875e-11
5.86095e-12
4.39179e-11
3.1739e-11
1.23945e-11
)
;
    }
    outlet_water
    {
        type            calculated;
        value           nonuniform List<scalar> 
50
(
7.00529e-08
1.59989e-07
2.17046e-07
2.53944e-07
2.79804e-07
3.0109e-07
3.21074e-07
3.40489e-07
3.59339e-07
3.77627e-07
3.95354e-07
4.12525e-07
4.29144e-07
4.45214e-07
4.60741e-07
4.75728e-07
4.90181e-07
5.04107e-07
5.17509e-07
5.30395e-07
5.42771e-07
5.54643e-07
5.66018e-07
5.76903e-07
5.87304e-07
5.97228e-07
6.06683e-07
6.15676e-07
6.24214e-07
6.32304e-07
6.39953e-07
6.47167e-07
6.53954e-07
6.6032e-07
6.66273e-07
6.71817e-07
6.76959e-07
6.81705e-07
6.8606e-07
6.90031e-07
6.93621e-07
6.96835e-07
6.99679e-07
7.02156e-07
7.0427e-07
7.06025e-07
7.07424e-07
7.0847e-07
7.09167e-07
7.09518e-07
)
;
    }
    outlet_air
    {
        type            calculated;
        value           nonuniform List<scalar> 
60
(
7.0948e-07
1.05212e-07
7.99191e-09
-1.66228e-10
-2.53357e-10
-1.5421e-10
1.91927e-10
2.27918e-10
3.12501e-10
3.4856e-10
3.91186e-10
4.17134e-10
4.38516e-10
4.52391e-10
4.60603e-10
4.63875e-10
4.63128e-10
4.59536e-10
4.53912e-10
4.46527e-10
4.37653e-10
4.29231e-10
4.19123e-10
4.08691e-10
3.98462e-10
3.87349e-10
3.76743e-10
3.65513e-10
3.54773e-10
3.43705e-10
3.34752e-10
3.25523e-10
3.16149e-10
3.05749e-10
2.96932e-10
2.88294e-10
2.8128e-10
2.72377e-10
2.61695e-10
2.54203e-10
2.47104e-10
2.39967e-10
2.32857e-10
2.26033e-10
2.20584e-10
2.15441e-10
2.09706e-10
2.03531e-10
1.97116e-10
1.90722e-10
2.15893e-09
1.26409e-09
6.56017e-10
3.48549e-10
6.94583e-11
-5.90468e-11
-1.12852e-10
-1.18872e-10
-7.53614e-11
-2.71336e-11
)
;
    }
    lowerWall
    {
        type            calculated;
        value           uniform 0;
    }
    atmosphere
    {
        type            calculated;
        value           nonuniform List<scalar> 
100
(
-1.26676e-09
-1.26356e-09
-1.26065e-09
-1.25685e-09
-1.2525e-09
-1.24735e-09
-1.24126e-09
-1.23418e-09
-1.22602e-09
-1.21668e-09
-1.20609e-09
-1.19423e-09
-1.18103e-09
-1.16647e-09
-1.15054e-09
-1.13323e-09
-1.11453e-09
-1.09448e-09
-1.07307e-09
-1.05036e-09
-1.02636e-09
-1.00113e-09
-9.74701e-10
-9.47142e-10
-9.18494e-10
-8.88819e-10
-8.58162e-10
-8.26597e-10
-7.94177e-10
-7.60964e-10
-7.27014e-10
-6.92383e-10
-6.57128e-10
-6.21297e-10
-5.84945e-10
-5.48115e-10
-5.10855e-10
-4.7321e-10
-4.3522e-10
-3.96921e-10
-3.58347e-10
-3.19532e-10
-2.80504e-10
-2.4129e-10
-2.01916e-10
-1.62405e-10
-1.22779e-10
-8.30583e-11
-4.32798e-11
-3.47554e-12
3.64283e-11
7.63768e-11
1.16281e-10
1.5617e-10
1.96025e-10
2.35826e-10
2.75551e-10
3.15178e-10
3.54681e-10
3.94035e-10
4.33208e-10
4.72171e-10
5.1089e-10
5.4933e-10
5.8745e-10
6.2521e-10
6.62564e-10
6.99469e-10
7.35874e-10
7.71727e-10
8.06976e-10
8.41561e-10
8.75426e-10
9.08518e-10
9.40779e-10
9.72151e-10
1.00258e-09
1.03199e-09
1.06036e-09
1.08762e-09
1.11374e-09
1.13865e-09
1.16233e-09
1.18477e-09
1.2059e-09
1.22575e-09
1.2443e-09
1.26154e-09
1.27751e-09
1.29223e-09
1.3057e-09
1.31802e-09
1.32923e-09
1.33937e-09
1.34858e-09
1.35691e-09
1.36449e-09
1.37149e-09
1.37766e-09
1.38409e-09
)
;
    }
    defaultFaces
    {
        type            empty;
        value           nonuniform List<scalar> 0();
    }
}


// ************************************************************************* //
