# Wall shear stress
# Time        	patch         	min           	max           
0.000000e+00	lowerWall	(-2.109381e+00 0.000000e+00 0.000000e+00)	(-2.109381e+00 0.000000e+00 0.000000e+00)
1.000000e+01	lowerWall	(-1.675984e+00 0.000000e+00 -1.222177e-03)	(-1.666878e+00 0.000000e+00 1.179763e-03)
2.000000e+01	lowerWall	(-1.365665e+00 0.000000e+00 -9.334252e-04)	(-1.359642e+00 0.000000e+00 9.128199e-04)
3.000000e+01	lowerWall	(-1.145882e+00 0.000000e+00 -7.241874e-04)	(-1.141869e+00 0.000000e+00 7.242921e-04)
4.000000e+01	lowerWall	(-9.871310e-01 0.000000e+00 -5.680455e-04)	(-9.839225e-01 0.000000e+00 5.799724e-04)
5.000000e+01	lowerWall	(-8.700918e-01 0.000000e+00 -4.586937e-04)	(-8.672493e-01 0.000000e+00 4.765264e-04)
6.000000e+01	lowerWall	(-7.817121e-01 0.000000e+00 -3.838412e-04)	(-7.790989e-01 0.000000e+00 4.048403e-04)
7.000000e+01	lowerWall	(-7.138330e-01 0.000000e+00 -3.277870e-04)	(-7.109906e-01 0.000000e+00 3.492535e-04)
8.000000e+01	lowerWall	(-6.602283e-01 0.000000e+00 -2.842316e-04)	(-6.571883e-01 0.000000e+00 3.042612e-04)
9.000000e+01	lowerWall	(-6.169163e-01 0.000000e+00 -2.504798e-04)	(-6.137604e-01 0.000000e+00 2.683612e-04)
1.000000e+02	lowerWall	(-5.812219e-01 0.000000e+00 -2.241326e-04)	(-5.780004e-01 0.000000e+00 2.398074e-04)
1.100000e+02	lowerWall	(-5.512732e-01 0.000000e+00 -2.030819e-04)	(-5.480202e-01 0.000000e+00 2.167209e-04)
1.200000e+02	lowerWall	(-5.257403e-01 0.000000e+00 -1.859603e-04)	(-5.224871e-01 0.000000e+00 1.978348e-04)
1.300000e+02	lowerWall	(-5.036636e-01 0.000000e+00 -1.718312e-04)	(-5.004274e-01 0.000000e+00 1.822091e-04)
1.400000e+02	lowerWall	(-4.843391e-01 0.000000e+00 -1.599306e-04)	(-4.811296e-01 0.000000e+00 1.690561e-04)
1.500000e+02	lowerWall	(-4.672421e-01 0.000000e+00 -1.497292e-04)	(-4.640640e-01 0.000000e+00 1.578099e-04)
1.600000e+02	lowerWall	(-4.519747e-01 0.000000e+00 -1.407790e-04)	(-4.488313e-01 0.000000e+00 1.479812e-04)
1.700000e+02	lowerWall	(-4.382307e-01 0.000000e+00 -1.328695e-04)	(-4.351281e-01 0.000000e+00 1.393339e-04)
1.800000e+02	lowerWall	(-4.257705e-01 0.000000e+00 -1.258484e-04)	(-4.227113e-01 0.000000e+00 1.316981e-04)
1.900000e+02	lowerWall	(-4.144044e-01 0.000000e+00 -1.195579e-04)	(-4.113889e-01 0.000000e+00 1.248860e-04)
2.000000e+02	lowerWall	(-4.039797e-01 0.000000e+00 -1.138799e-04)	(-4.010073e-01 0.000000e+00 1.187677e-04)
2.100000e+02	lowerWall	(-3.943722e-01 0.000000e+00 -1.087215e-04)	(-3.914415e-01 0.000000e+00 1.132363e-04)
2.200000e+02	lowerWall	(-3.854797e-01 0.000000e+00 -1.039707e-04)	(-3.825891e-01 0.000000e+00 1.081548e-04)
2.300000e+02	lowerWall	(-3.772171e-01 0.000000e+00 -9.960230e-05)	(-3.743680e-01 0.000000e+00 1.034907e-04)
2.400000e+02	lowerWall	(-3.695132e-01 0.000000e+00 -9.557460e-05)	(-3.667052e-01 0.000000e+00 9.920447e-05)
2.500000e+02	lowerWall	(-3.623074e-01 0.000000e+00 -9.185229e-05)	(-3.595396e-01 0.000000e+00 9.525442e-05)
2.600000e+02	lowerWall	(-3.555482e-01 0.000000e+00 -8.840074e-05)	(-3.528193e-01 0.000000e+00 9.160003e-05)
2.700000e+02	lowerWall	(-3.491911e-01 0.000000e+00 -8.518903e-05)	(-3.464998e-01 0.000000e+00 8.820618e-05)
2.800000e+02	lowerWall	(-3.431977e-01 0.000000e+00 -8.221060e-05)	(-3.405425e-01 0.000000e+00 8.506489e-05)
2.900000e+02	lowerWall	(-3.375348e-01 0.000000e+00 -7.939289e-05)	(-3.349136e-01 0.000000e+00 8.209232e-05)
3.000000e+02	lowerWall	(-3.321730e-01 0.000000e+00 -7.674237e-05)	(-3.295859e-01 0.000000e+00 7.928930e-05)
3.100000e+02	lowerWall	(-3.270866e-01 0.000000e+00 -7.425552e-05)	(-3.245331e-01 0.000000e+00 7.666219e-05)
3.200000e+02	lowerWall	(-3.222528e-01 0.000000e+00 -7.191713e-05)	(-3.197322e-01 0.000000e+00 7.419366e-05)
3.300000e+02	lowerWall	(-3.176516e-01 0.000000e+00 -6.971402e-05)	(-3.151629e-01 0.000000e+00 7.186924e-05)
3.400000e+02	lowerWall	(-3.132649e-01 0.000000e+00 -6.763466e-05)	(-3.108070e-01 0.000000e+00 6.967647e-05)
3.500000e+02	lowerWall	(-3.090765e-01 0.000000e+00 -6.566809e-05)	(-3.066486e-01 0.000000e+00 6.760261e-05)
3.600000e+02	lowerWall	(-3.050721e-01 0.000000e+00 -6.380646e-05)	(-3.026730e-01 0.000000e+00 6.564125e-05)
3.700000e+02	lowerWall	(-3.012387e-01 0.000000e+00 -6.204733e-05)	(-2.988669e-01 0.000000e+00 6.378863e-05)
3.800000e+02	lowerWall	(-2.975644e-01 0.000000e+00 -6.036064e-05)	(-2.952196e-01 0.000000e+00 6.200022e-05)
3.900000e+02	lowerWall	(-2.940386e-01 0.000000e+00 -5.875772e-05)	(-2.917204e-01 0.000000e+00 6.030132e-05)
4.000000e+02	lowerWall	(-2.906516e-01 0.000000e+00 -5.723286e-05)	(-2.883596e-01 0.000000e+00 5.868530e-05)
4.100000e+02	lowerWall	(-2.873947e-01 0.000000e+00 -5.578065e-05)	(-2.851281e-01 0.000000e+00 5.714638e-05)
4.200000e+02	lowerWall	(-2.842597e-01 0.000000e+00 -5.439609e-05)	(-2.820180e-01 0.000000e+00 5.567933e-05)
4.300000e+02	lowerWall	(-2.812393e-01 0.000000e+00 -5.307453e-05)	(-2.790217e-01 0.000000e+00 5.427934e-05)
4.400000e+02	lowerWall	(-2.783268e-01 0.000000e+00 -5.181172e-05)	(-2.761326e-01 0.000000e+00 5.294193e-05)
4.500000e+02	lowerWall	(-2.755158e-01 0.000000e+00 -5.060372e-05)	(-2.733443e-01 0.000000e+00 5.166300e-05)
4.600000e+02	lowerWall	(-2.728007e-01 0.000000e+00 -4.945082e-05)	(-2.706508e-01 0.000000e+00 5.044897e-05)
4.700000e+02	lowerWall	(-2.701762e-01 0.000000e+00 -4.833713e-05)	(-2.680475e-01 0.000000e+00 4.926262e-05)
4.800000e+02	lowerWall	(-2.676374e-01 0.000000e+00 -4.726964e-05)	(-2.655297e-01 0.000000e+00 4.812518e-05)
4.900000e+02	lowerWall	(-2.651798e-01 0.000000e+00 -4.624561e-05)	(-2.630927e-01 0.000000e+00 4.703434e-05)
5.000000e+02	lowerWall	(-2.627992e-01 0.000000e+00 -4.526253e-05)	(-2.607323e-01 0.000000e+00 4.598741e-05)
5.100000e+02	lowerWall	(-2.604917e-01 0.000000e+00 -4.431804e-05)	(-2.584446e-01 0.000000e+00 4.498200e-05)
5.200000e+02	lowerWall	(-2.582537e-01 0.000000e+00 -4.340989e-05)	(-2.562258e-01 0.000000e+00 4.401580e-05)
5.300000e+02	lowerWall	(-2.560817e-01 0.000000e+00 -4.253602e-05)	(-2.540727e-01 0.000000e+00 4.308635e-05)
5.400000e+02	lowerWall	(-2.539726e-01 0.000000e+00 -4.169450e-05)	(-2.519820e-01 0.000000e+00 4.219205e-05)
5.500000e+02	lowerWall	(-2.519235e-01 0.000000e+00 -4.088347e-05)	(-2.499508e-01 0.000000e+00 4.133087e-05)
5.600000e+02	lowerWall	(-2.499317e-01 0.000000e+00 -4.010256e-05)	(-2.479763e-01 0.000000e+00 4.050307e-05)
5.700000e+02	lowerWall	(-2.479944e-01 0.000000e+00 -3.934833e-05)	(-2.460557e-01 0.000000e+00 3.970725e-05)
5.800000e+02	lowerWall	(-2.461094e-01 0.000000e+00 -3.861690e-05)	(-2.441871e-01 0.000000e+00 3.892604e-05)
5.900000e+02	lowerWall	(-2.442743e-01 0.000000e+00 -3.791051e-05)	(-2.423683e-01 0.000000e+00 3.817202e-05)
6.000000e+02	lowerWall	(-2.424869e-01 0.000000e+00 -3.722798e-05)	(-2.405970e-01 0.000000e+00 3.744388e-05)
6.100000e+02	lowerWall	(-2.407454e-01 0.000000e+00 -3.656817e-05)	(-2.388713e-01 0.000000e+00 3.674048e-05)
6.200000e+02	lowerWall	(-2.390477e-01 0.000000e+00 -3.592971e-05)	(-2.371891e-01 0.000000e+00 3.606071e-05)
6.300000e+02	lowerWall	(-2.373922e-01 0.000000e+00 -3.531193e-05)	(-2.355487e-01 0.000000e+00 3.540354e-05)
6.400000e+02	lowerWall	(-2.357770e-01 0.000000e+00 -3.471373e-05)	(-2.339484e-01 0.000000e+00 3.476796e-05)
6.500000e+02	lowerWall	(-2.342006e-01 0.000000e+00 -3.413417e-05)	(-2.323866e-01 0.000000e+00 3.415291e-05)
6.600000e+02	lowerWall	(-2.326615e-01 0.000000e+00 -3.357236e-05)	(-2.308617e-01 0.000000e+00 3.355747e-05)
6.700000e+02	lowerWall	(-2.311583e-01 0.000000e+00 -3.302746e-05)	(-2.293724e-01 0.000000e+00 3.298074e-05)
6.800000e+02	lowerWall	(-2.296897e-01 0.000000e+00 -3.250097e-05)	(-2.279172e-01 0.000000e+00 3.242426e-05)
6.900000e+02	lowerWall	(-2.282542e-01 0.000000e+00 -3.198700e-05)	(-2.264947e-01 0.000000e+00 3.188625e-05)
7.000000e+02	lowerWall	(-2.268508e-01 0.000000e+00 -3.148712e-05)	(-2.251042e-01 0.000000e+00 3.135468e-05)
7.100000e+02	lowerWall	(-2.254782e-01 0.000000e+00 -3.100152e-05)	(-2.237445e-01 0.000000e+00 3.083835e-05)
7.200000e+02	lowerWall	(-2.241354e-01 0.000000e+00 -3.052970e-05)	(-2.224143e-01 0.000000e+00 3.033737e-05)
7.300000e+02	lowerWall	(-2.228213e-01 0.000000e+00 -3.007105e-05)	(-2.211126e-01 0.000000e+00 2.985112e-05)
7.400000e+02	lowerWall	(-2.215349e-01 0.000000e+00 -2.962508e-05)	(-2.198385e-01 0.000000e+00 2.937905e-05)
7.500000e+02	lowerWall	(-2.202753e-01 0.000000e+00 -2.919127e-05)	(-2.185910e-01 0.000000e+00 2.892084e-05)
7.600000e+02	lowerWall	(-2.190416e-01 0.000000e+00 -2.876910e-05)	(-2.173691e-01 0.000000e+00 2.847565e-05)
7.700000e+02	lowerWall	(-2.178329e-01 0.000000e+00 -2.835810e-05)	(-2.161721e-01 0.000000e+00 2.804124e-05)
7.800000e+02	lowerWall	(-2.166484e-01 0.000000e+00 -2.795783e-05)	(-2.149990e-01 0.000000e+00 2.761878e-05)
7.900000e+02	lowerWall	(-2.154873e-01 0.000000e+00 -2.756779e-05)	(-2.138491e-01 0.000000e+00 2.720775e-05)
8.000000e+02	lowerWall	(-2.143489e-01 0.000000e+00 -2.718771e-05)	(-2.127216e-01 0.000000e+00 2.680771e-05)
8.100000e+02	lowerWall	(-2.132324e-01 0.000000e+00 -2.681775e-05)	(-2.116159e-01 0.000000e+00 2.641878e-05)
8.200000e+02	lowerWall	(-2.121372e-01 0.000000e+00 -2.645733e-05)	(-2.105311e-01 0.000000e+00 2.604561e-05)
8.300000e+02	lowerWall	(-2.110626e-01 0.000000e+00 -2.610395e-05)	(-2.094668e-01 0.000000e+00 2.567331e-05)
8.400000e+02	lowerWall	(-2.100079e-01 0.000000e+00 -2.575915e-05)	(-2.084224e-01 0.000000e+00 2.530894e-05)
8.500000e+02	lowerWall	(-2.089727e-01 0.000000e+00 -2.542264e-05)	(-2.073973e-01 0.000000e+00 2.495369e-05)
8.600000e+02	lowerWall	(-2.079563e-01 0.000000e+00 -2.509417e-05)	(-2.063908e-01 0.000000e+00 2.460741e-05)
8.700000e+02	lowerWall	(-2.069581e-01 0.000000e+00 -2.477344e-05)	(-2.054025e-01 0.000000e+00 2.426982e-05)
8.800000e+02	lowerWall	(-2.059776e-01 0.000000e+00 -2.446019e-05)	(-2.044318e-01 0.000000e+00 2.394075e-05)
8.900000e+02	lowerWall	(-2.050144e-01 0.000000e+00 -2.415416e-05)	(-2.034782e-01 0.000000e+00 2.361973e-05)
9.000000e+02	lowerWall	(-2.040679e-01 0.000000e+00 -2.385509e-05)	(-2.025411e-01 0.000000e+00 2.330668e-05)
9.100000e+02	lowerWall	(-2.031376e-01 0.000000e+00 -2.356273e-05)	(-2.016202e-01 0.000000e+00 2.300127e-05)
9.200000e+02	lowerWall	(-2.022232e-01 0.000000e+00 -2.327689e-05)	(-2.007149e-01 0.000000e+00 2.270322e-05)
9.300000e+02	lowerWall	(-2.013241e-01 0.000000e+00 -2.299728e-05)	(-1.998248e-01 0.000000e+00 2.241225e-05)
9.400000e+02	lowerWall	(-2.004400e-01 0.000000e+00 -2.272373e-05)	(-1.989495e-01 0.000000e+00 2.212812e-05)
9.500000e+02	lowerWall	(-1.995705e-01 0.000000e+00 -2.245602e-05)	(-1.980887e-01 0.000000e+00 2.185058e-05)
9.600000e+02	lowerWall	(-1.987151e-01 0.000000e+00 -2.219548e-05)	(-1.972418e-01 0.000000e+00 2.158107e-05)
9.700000e+02	lowerWall	(-1.978735e-01 0.000000e+00 -2.193863e-05)	(-1.964085e-01 0.000000e+00 2.132000e-05)
9.800000e+02	lowerWall	(-1.970453e-01 0.000000e+00 -2.168699e-05)	(-1.955886e-01 0.000000e+00 2.105813e-05)
9.900000e+02	lowerWall	(-1.962302e-01 0.000000e+00 -2.144057e-05)	(-1.947817e-01 0.000000e+00 2.080122e-05)
1.000000e+03	lowerWall	(-1.954279e-01 0.000000e+00 -2.119922e-05)	(-1.939876e-01 0.000000e+00 2.054978e-05)
1.010000e+03	lowerWall	(-1.946380e-01 0.000000e+00 -2.096276e-05)	(-1.932057e-01 0.000000e+00 2.030379e-05)
1.020000e+03	lowerWall	(-1.938602e-01 0.000000e+00 -2.073106e-05)	(-1.924359e-01 0.000000e+00 2.006316e-05)
1.030000e+03	lowerWall	(-1.930943e-01 0.000000e+00 -2.050399e-05)	(-1.916779e-01 0.000000e+00 1.982776e-05)
1.040000e+03	lowerWall	(-1.923399e-01 0.000000e+00 -2.028139e-05)	(-1.909312e-01 0.000000e+00 1.959745e-05)
1.050000e+03	lowerWall	(-1.915967e-01 0.000000e+00 -2.006315e-05)	(-1.901958e-01 0.000000e+00 1.937214e-05)
1.060000e+03	lowerWall	(-1.908646e-01 0.000000e+00 -1.984912e-05)	(-1.894712e-01 0.000000e+00 1.915157e-05)
1.070000e+03	lowerWall	(-1.901431e-01 0.000000e+00 -1.963918e-05)	(-1.887572e-01 0.000000e+00 1.893567e-05)
1.080000e+03	lowerWall	(-1.894321e-01 0.000000e+00 -1.943321e-05)	(-1.880536e-01 0.000000e+00 1.872429e-05)
1.090000e+03	lowerWall	(-1.887314e-01 0.000000e+00 -1.923109e-05)	(-1.873601e-01 0.000000e+00 1.851718e-05)
1.100000e+03	lowerWall	(-1.880406e-01 0.000000e+00 -1.903271e-05)	(-1.866765e-01 0.000000e+00 1.831434e-05)
1.110000e+03	lowerWall	(-1.873596e-01 0.000000e+00 -1.883800e-05)	(-1.860025e-01 0.000000e+00 1.811558e-05)
1.120000e+03	lowerWall	(-1.866881e-01 0.000000e+00 -1.864793e-05)	(-1.853379e-01 0.000000e+00 1.792150e-05)
1.130000e+03	lowerWall	(-1.860259e-01 0.000000e+00 -1.846005e-05)	(-1.846825e-01 0.000000e+00 1.773424e-05)
1.140000e+03	lowerWall	(-1.853729e-01 0.000000e+00 -1.827545e-05)	(-1.840362e-01 0.000000e+00 1.754644e-05)
1.150000e+03	lowerWall	(-1.847287e-01 0.000000e+00 -1.808915e-05)	(-1.833987e-01 0.000000e+00 1.735530e-05)
1.160000e+03	lowerWall	(-1.840933e-01 0.000000e+00 -1.790778e-05)	(-1.827699e-01 0.000000e+00 1.716917e-05)
1.170000e+03	lowerWall	(-1.834664e-01 0.000000e+00 -1.773253e-05)	(-1.821496e-01 0.000000e+00 1.698933e-05)
1.180000e+03	lowerWall	(-1.828479e-01 0.000000e+00 -1.755545e-05)	(-1.815371e-01 0.000000e+00 1.680167e-05)
1.190000e+03	lowerWall	(-1.822375e-01 0.000000e+00 -1.738653e-05)	(-1.809329e-01 0.000000e+00 1.662902e-05)
1.200000e+03	lowerWall	(-1.816351e-01 0.000000e+00 -1.722035e-05)	(-1.803367e-01 0.000000e+00 1.645955e-05)
1.210000e+03	lowerWall	(-1.810405e-01 0.000000e+00 -1.705688e-05)	(-1.797483e-01 0.000000e+00 1.629321e-05)
1.220000e+03	lowerWall	(-1.804536e-01 0.000000e+00 -1.689614e-05)	(-1.791675e-01 0.000000e+00 1.612999e-05)
1.230000e+03	lowerWall	(-1.798742e-01 0.000000e+00 -1.673810e-05)	(-1.785942e-01 0.000000e+00 1.596983e-05)
1.240000e+03	lowerWall	(-1.793021e-01 0.000000e+00 -1.658270e-05)	(-1.780281e-01 0.000000e+00 1.581265e-05)
1.250000e+03	lowerWall	(-1.787372e-01 0.000000e+00 -1.642987e-05)	(-1.774692e-01 0.000000e+00 1.565836e-05)
1.260000e+03	lowerWall	(-1.781794e-01 0.000000e+00 -1.627954e-05)	(-1.769172e-01 0.000000e+00 1.550689e-05)
1.270000e+03	lowerWall	(-1.776284e-01 0.000000e+00 -1.613165e-05)	(-1.763721e-01 0.000000e+00 1.535816e-05)
1.280000e+03	lowerWall	(-1.770843e-01 0.000000e+00 -1.598613e-05)	(-1.758337e-01 0.000000e+00 1.521210e-05)
1.290000e+03	lowerWall	(-1.765467e-01 0.000000e+00 -1.584298e-05)	(-1.753018e-01 0.000000e+00 1.506872e-05)
1.300000e+03	lowerWall	(-1.760157e-01 0.000000e+00 -1.570283e-05)	(-1.747764e-01 0.000000e+00 1.492891e-05)
1.310000e+03	lowerWall	(-1.754911e-01 0.000000e+00 -1.556398e-05)	(-1.742573e-01 0.000000e+00 1.479290e-05)
1.320000e+03	lowerWall	(-1.749727e-01 0.000000e+00 -1.542730e-05)	(-1.737444e-01 0.000000e+00 1.465566e-05)
1.330000e+03	lowerWall	(-1.744605e-01 0.000000e+00 -1.529276e-05)	(-1.732376e-01 0.000000e+00 1.451947e-05)
1.340000e+03	lowerWall	(-1.739542e-01 0.000000e+00 -1.516029e-05)	(-1.727368e-01 0.000000e+00 1.438539e-05)
1.350000e+03	lowerWall	(-1.734539e-01 0.000000e+00 -1.501931e-05)	(-1.722418e-01 0.000000e+00 1.424268e-05)
1.360000e+03	lowerWall	(-1.729593e-01 0.000000e+00 -1.489071e-05)	(-1.717529e-01 0.000000e+00 1.411276e-05)
1.370000e+03	lowerWall	(-1.724705e-01 0.000000e+00 -1.476458e-05)	(-1.712696e-01 0.000000e+00 1.398562e-05)
1.380000e+03	lowerWall	(-1.719872e-01 0.000000e+00 -1.464018e-05)	(-1.707918e-01 0.000000e+00 1.386052e-05)
1.390000e+03	lowerWall	(-1.715094e-01 0.000000e+00 -1.451753e-05)	(-1.703194e-01 0.000000e+00 1.373747e-05)
1.400000e+03	lowerWall	(-1.710370e-01 0.000000e+00 -1.439665e-05)	(-1.698522e-01 0.000000e+00 1.361644e-05)
1.410000e+03	lowerWall	(-1.705699e-01 0.000000e+00 -1.427744e-05)	(-1.693903e-01 0.000000e+00 1.349737e-05)
1.420000e+03	lowerWall	(-1.701080e-01 0.000000e+00 -1.415992e-05)	(-1.689336e-01 0.000000e+00 1.338025e-05)
1.430000e+03	lowerWall	(-1.696512e-01 0.000000e+00 -1.404410e-05)	(-1.684818e-01 0.000000e+00 1.326500e-05)
1.440000e+03	lowerWall	(-1.691993e-01 0.000000e+00 -1.392986e-05)	(-1.680351e-01 0.000000e+00 1.315159e-05)
1.450000e+03	lowerWall	(-1.687524e-01 0.000000e+00 -1.381728e-05)	(-1.675931e-01 0.000000e+00 1.303997e-05)
1.460000e+03	lowerWall	(-1.683104e-01 0.000000e+00 -1.370629e-05)	(-1.671560e-01 0.000000e+00 1.293009e-05)
1.470000e+03	lowerWall	(-1.678731e-01 0.000000e+00 -1.359686e-05)	(-1.667235e-01 0.000000e+00 1.282191e-05)
1.480000e+03	lowerWall	(-1.674404e-01 0.000000e+00 -1.348895e-05)	(-1.662957e-01 0.000000e+00 1.271539e-05)
1.490000e+03	lowerWall	(-1.670124e-01 0.000000e+00 -1.338314e-05)	(-1.658724e-01 0.000000e+00 1.261080e-05)
1.500000e+03	lowerWall	(-1.665889e-01 0.000000e+00 -1.327818e-05)	(-1.654535e-01 0.000000e+00 1.250995e-05)
1.510000e+03	lowerWall	(-1.661698e-01 0.000000e+00 -1.317461e-05)	(-1.650391e-01 0.000000e+00 1.240946e-05)
1.520000e+03	lowerWall	(-1.657550e-01 0.000000e+00 -1.307247e-05)	(-1.646289e-01 0.000000e+00 1.230776e-05)
1.530000e+03	lowerWall	(-1.653446e-01 0.000000e+00 -1.297173e-05)	(-1.642231e-01 0.000000e+00 1.220717e-05)
1.540000e+03	lowerWall	(-1.649383e-01 0.000000e+00 -1.287231e-05)	(-1.638214e-01 0.000000e+00 1.210795e-05)
1.550000e+03	lowerWall	(-1.645362e-01 0.000000e+00 -1.277423e-05)	(-1.634239e-01 0.000000e+00 1.201020e-05)
1.560000e+03	lowerWall	(-1.641382e-01 0.000000e+00 -1.267745e-05)	(-1.630304e-01 0.000000e+00 1.191391e-05)
1.570000e+03	lowerWall	(-1.637442e-01 0.000000e+00 -1.258192e-05)	(-1.626409e-01 0.000000e+00 1.181907e-05)
1.580000e+03	lowerWall	(-1.633542e-01 0.000000e+00 -1.248764e-05)	(-1.622553e-01 0.000000e+00 1.172565e-05)
1.590000e+03	lowerWall	(-1.629680e-01 0.000000e+00 -1.239457e-05)	(-1.618735e-01 0.000000e+00 1.163363e-05)
1.600000e+03	lowerWall	(-1.625857e-01 0.000000e+00 -1.230268e-05)	(-1.614955e-01 0.000000e+00 1.154296e-05)
1.610000e+03	lowerWall	(-1.622072e-01 0.000000e+00 -1.221197e-05)	(-1.611213e-01 0.000000e+00 1.145362e-05)
1.620000e+03	lowerWall	(-1.618323e-01 0.000000e+00 -1.212240e-05)	(-1.607507e-01 0.000000e+00 1.136557e-05)
1.630000e+03	lowerWall	(-1.614611e-01 0.000000e+00 -1.203396e-05)	(-1.603837e-01 0.000000e+00 1.127879e-05)
1.640000e+03	lowerWall	(-1.610935e-01 0.000000e+00 -1.194662e-05)	(-1.600203e-01 0.000000e+00 1.119324e-05)
1.650000e+03	lowerWall	(-1.607294e-01 0.000000e+00 -1.186036e-05)	(-1.596604e-01 0.000000e+00 1.110889e-05)
1.660000e+03	lowerWall	(-1.603688e-01 0.000000e+00 -1.177516e-05)	(-1.593039e-01 0.000000e+00 1.102571e-05)
1.670000e+03	lowerWall	(-1.600116e-01 0.000000e+00 -1.169101e-05)	(-1.589508e-01 0.000000e+00 1.094368e-05)
1.680000e+03	lowerWall	(-1.596578e-01 0.000000e+00 -1.160789e-05)	(-1.586010e-01 0.000000e+00 1.086277e-05)
1.690000e+03	lowerWall	(-1.593073e-01 0.000000e+00 -1.152577e-05)	(-1.582545e-01 0.000000e+00 1.078295e-05)
1.700000e+03	lowerWall	(-1.589601e-01 0.000000e+00 -1.144506e-05)	(-1.579112e-01 0.000000e+00 1.070420e-05)
1.710000e+03	lowerWall	(-1.586161e-01 0.000000e+00 -1.136495e-05)	(-1.575712e-01 0.000000e+00 1.062832e-05)
1.720000e+03	lowerWall	(-1.582753e-01 0.000000e+00 -1.128575e-05)	(-1.572343e-01 0.000000e+00 1.055348e-05)
1.730000e+03	lowerWall	(-1.579377e-01 0.000000e+00 -1.120754e-05)	(-1.569005e-01 0.000000e+00 1.047729e-05)
1.740000e+03	lowerWall	(-1.576031e-01 0.000000e+00 -1.113027e-05)	(-1.565698e-01 0.000000e+00 1.040119e-05)
1.750000e+03	lowerWall	(-1.572716e-01 0.000000e+00 -1.105392e-05)	(-1.562421e-01 0.000000e+00 1.032594e-05)
1.760000e+03	lowerWall	(-1.569430e-01 0.000000e+00 -1.097846e-05)	(-1.559174e-01 0.000000e+00 1.025164e-05)
1.770000e+03	lowerWall	(-1.566174e-01 0.000000e+00 -1.090387e-05)	(-1.555956e-01 0.000000e+00 1.017834e-05)
1.780000e+03	lowerWall	(-1.562948e-01 0.000000e+00 -1.083014e-05)	(-1.552767e-01 0.000000e+00 1.010602e-05)
1.790000e+03	lowerWall	(-1.559750e-01 0.000000e+00 -1.075726e-05)	(-1.549606e-01 0.000000e+00 1.003467e-05)
1.800000e+03	lowerWall	(-1.556580e-01 0.000000e+00 -1.068516e-05)	(-1.546473e-01 0.000000e+00 9.964292e-06)
1.810000e+03	lowerWall	(-1.553438e-01 0.000000e+00 -1.061389e-05)	(-1.543368e-01 0.000000e+00 9.894854e-06)
1.820000e+03	lowerWall	(-1.550324e-01 0.000000e+00 -1.054344e-05)	(-1.540290e-01 0.000000e+00 9.826331e-06)
1.830000e+03	lowerWall	(-1.547237e-01 0.000000e+00 -1.047378e-05)	(-1.537239e-01 0.000000e+00 9.758703e-06)
1.840000e+03	lowerWall	(-1.544176e-01 0.000000e+00 -1.040489e-05)	(-1.534215e-01 0.000000e+00 9.691942e-06)
1.850000e+03	lowerWall	(-1.541142e-01 0.000000e+00 -1.033677e-05)	(-1.531217e-01 0.000000e+00 9.626007e-06)
1.860000e+03	lowerWall	(-1.538134e-01 0.000000e+00 -1.026940e-05)	(-1.528244e-01 0.000000e+00 9.560921e-06)
1.870000e+03	lowerWall	(-1.535152e-01 0.000000e+00 -1.020276e-05)	(-1.525297e-01 0.000000e+00 9.510477e-06)
1.880000e+03	lowerWall	(-1.532195e-01 0.000000e+00 -1.013685e-05)	(-1.522374e-01 0.000000e+00 9.470269e-06)
1.890000e+03	lowerWall	(-1.529263e-01 0.000000e+00 -1.007166e-05)	(-1.519477e-01 0.000000e+00 9.430213e-06)
1.900000e+03	lowerWall	(-1.526356e-01 0.000000e+00 -1.000717e-05)	(-1.516603e-01 0.000000e+00 9.390313e-06)
1.910000e+03	lowerWall	(-1.523473e-01 0.000000e+00 -9.943369e-06)	(-1.513754e-01 0.000000e+00 9.350570e-06)
1.920000e+03	lowerWall	(-1.520614e-01 0.000000e+00 -9.885203e-06)	(-1.510929e-01 0.000000e+00 9.311787e-06)
1.930000e+03	lowerWall	(-1.517778e-01 0.000000e+00 -9.823884e-06)	(-1.508127e-01 0.000000e+00 9.273290e-06)
1.940000e+03	lowerWall	(-1.514966e-01 0.000000e+00 -9.762633e-06)	(-1.505348e-01 0.000000e+00 9.235267e-06)
1.950000e+03	lowerWall	(-1.512177e-01 0.000000e+00 -9.701834e-06)	(-1.502592e-01 0.000000e+00 9.197311e-06)
1.960000e+03	lowerWall	(-1.509411e-01 0.000000e+00 -9.641618e-06)	(-1.499859e-01 0.000000e+00 9.159150e-06)
1.970000e+03	lowerWall	(-1.506667e-01 0.000000e+00 -9.582012e-06)	(-1.497148e-01 0.000000e+00 9.120781e-06)
1.980000e+03	lowerWall	(-1.503946e-01 0.000000e+00 -9.523009e-06)	(-1.494459e-01 0.000000e+00 9.082303e-06)
1.990000e+03	lowerWall	(-1.501246e-01 0.000000e+00 -9.464601e-06)	(-1.491791e-01 0.000000e+00 9.043795e-06)
2.000000e+03	lowerWall	(-1.498568e-01 0.000000e+00 -9.406778e-06)	(-1.489145e-01 0.000000e+00 9.005307e-06)
2.010000e+03	lowerWall	(-1.495912e-01 0.000000e+00 -9.349531e-06)	(-1.486520e-01 0.000000e+00 8.966873e-06)
2.020000e+03	lowerWall	(-1.493276e-01 0.000000e+00 -9.292852e-06)	(-1.483917e-01 0.000000e+00 8.928516e-06)
2.030000e+03	lowerWall	(-1.490661e-01 0.000000e+00 -9.236733e-06)	(-1.481333e-01 0.000000e+00 8.895460e-06)
2.040000e+03	lowerWall	(-1.488067e-01 0.000000e+00 -9.181166e-06)	(-1.478770e-01 0.000000e+00 8.865032e-06)
2.050000e+03	lowerWall	(-1.485493e-01 0.000000e+00 -9.126145e-06)	(-1.476227e-01 0.000000e+00 8.834643e-06)
2.060000e+03	lowerWall	(-1.482939e-01 0.000000e+00 -9.071661e-06)	(-1.473704e-01 0.000000e+00 8.804299e-06)
2.070000e+03	lowerWall	(-1.480405e-01 0.000000e+00 -9.017708e-06)	(-1.471201e-01 0.000000e+00 8.774003e-06)
2.080000e+03	lowerWall	(-1.477891e-01 0.000000e+00 -8.964280e-06)	(-1.468716e-01 0.000000e+00 8.743761e-06)
2.090000e+03	lowerWall	(-1.475395e-01 0.000000e+00 -8.911369e-06)	(-1.466251e-01 0.000000e+00 8.713576e-06)
2.100000e+03	lowerWall	(-1.472919e-01 0.000000e+00 -8.858970e-06)	(-1.463805e-01 0.000000e+00 8.683452e-06)
2.110000e+03	lowerWall	(-1.470462e-01 0.000000e+00 -8.807076e-06)	(-1.461377e-01 0.000000e+00 8.653390e-06)
2.120000e+03	lowerWall	(-1.468023e-01 0.000000e+00 -8.755680e-06)	(-1.458968e-01 0.000000e+00 8.623394e-06)
2.130000e+03	lowerWall	(-1.465603e-01 0.000000e+00 -8.704777e-06)	(-1.456577e-01 0.000000e+00 8.593466e-06)
2.140000e+03	lowerWall	(-1.463201e-01 0.000000e+00 -8.654361e-06)	(-1.454204e-01 0.000000e+00 8.563608e-06)
2.150000e+03	lowerWall	(-1.460817e-01 0.000000e+00 -8.604424e-06)	(-1.451848e-01 0.000000e+00 8.533820e-06)
2.160000e+03	lowerWall	(-1.458451e-01 0.000000e+00 -8.554961e-06)	(-1.449510e-01 0.000000e+00 8.504106e-06)
2.170000e+03	lowerWall	(-1.456102e-01 0.000000e+00 -8.505970e-06)	(-1.447190e-01 0.000000e+00 8.474469e-06)
2.180000e+03	lowerWall	(-1.453770e-01 0.000000e+00 -8.457437e-06)	(-1.444887e-01 0.000000e+00 8.444907e-06)
2.190000e+03	lowerWall	(-1.451456e-01 0.000000e+00 -8.409481e-06)	(-1.442600e-01 0.000000e+00 8.415296e-06)
2.200000e+03	lowerWall	(-1.449159e-01 0.000000e+00 -8.361885e-06)	(-1.440330e-01 0.000000e+00 8.386121e-06)
2.210000e+03	lowerWall	(-1.446878e-01 0.000000e+00 -8.314749e-06)	(-1.438077e-01 0.000000e+00 8.357283e-06)
2.220000e+03	lowerWall	(-1.444614e-01 0.000000e+00 -8.268081e-06)	(-1.435841e-01 0.000000e+00 8.328430e-06)
2.230000e+03	lowerWall	(-1.442366e-01 0.000000e+00 -8.221869e-06)	(-1.433621e-01 0.000000e+00 8.299456e-06)
2.240000e+03	lowerWall	(-1.440135e-01 0.000000e+00 -8.176092e-06)	(-1.431417e-01 0.000000e+00 8.270390e-06)
2.250000e+03	lowerWall	(-1.437919e-01 0.000000e+00 -8.130735e-06)	(-1.429228e-01 0.000000e+00 8.241280e-06)
2.260000e+03	lowerWall	(-1.435720e-01 0.000000e+00 -8.085788e-06)	(-1.427055e-01 0.000000e+00 8.212160e-06)
2.270000e+03	lowerWall	(-1.433536e-01 0.000000e+00 -8.041244e-06)	(-1.424898e-01 0.000000e+00 8.183050e-06)
2.280000e+03	lowerWall	(-1.431367e-01 0.000000e+00 -7.997097e-06)	(-1.422756e-01 0.000000e+00 8.153966e-06)
2.290000e+03	lowerWall	(-1.429214e-01 0.000000e+00 -7.953340e-06)	(-1.420629e-01 0.000000e+00 8.124919e-06)
2.300000e+03	lowerWall	(-1.427076e-01 0.000000e+00 -7.909968e-06)	(-1.418518e-01 0.000000e+00 8.095917e-06)
2.310000e+03	lowerWall	(-1.424952e-01 0.000000e+00 -7.866978e-06)	(-1.416420e-01 0.000000e+00 8.066966e-06)
2.320000e+03	lowerWall	(-1.422844e-01 0.000000e+00 -7.824364e-06)	(-1.414338e-01 0.000000e+00 8.038070e-06)
2.330000e+03	lowerWall	(-1.420750e-01 0.000000e+00 -7.782124e-06)	(-1.412270e-01 0.000000e+00 8.009232e-06)
2.340000e+03	lowerWall	(-1.418671e-01 0.000000e+00 -7.740250e-06)	(-1.410216e-01 0.000000e+00 7.980462e-06)
2.350000e+03	lowerWall	(-1.416606e-01 0.000000e+00 -7.698742e-06)	(-1.408177e-01 0.000000e+00 7.951756e-06)
2.360000e+03	lowerWall	(-1.414555e-01 0.000000e+00 -7.657595e-06)	(-1.406151e-01 0.000000e+00 7.923119e-06)
2.370000e+03	lowerWall	(-1.412518e-01 0.000000e+00 -7.616805e-06)	(-1.404139e-01 0.000000e+00 7.894554e-06)
2.380000e+03	lowerWall	(-1.410495e-01 0.000000e+00 -7.576367e-06)	(-1.402141e-01 0.000000e+00 7.866062e-06)
2.390000e+03	lowerWall	(-1.408486e-01 0.000000e+00 -7.536278e-06)	(-1.400157e-01 0.000000e+00 7.837645e-06)
2.400000e+03	lowerWall	(-1.406490e-01 0.000000e+00 -7.496535e-06)	(-1.398186e-01 0.000000e+00 7.809305e-06)
2.410000e+03	lowerWall	(-1.404508e-01 0.000000e+00 -7.457133e-06)	(-1.396228e-01 0.000000e+00 7.781043e-06)
2.420000e+03	lowerWall	(-1.402539e-01 0.000000e+00 -7.418071e-06)	(-1.394283e-01 0.000000e+00 7.752863e-06)
2.430000e+03	lowerWall	(-1.400583e-01 0.000000e+00 -7.379341e-06)	(-1.392351e-01 0.000000e+00 7.728877e-06)
2.440000e+03	lowerWall	(-1.398640e-01 0.000000e+00 -7.340940e-06)	(-1.390432e-01 0.000000e+00 7.706421e-06)
2.450000e+03	lowerWall	(-1.396710e-01 0.000000e+00 -7.302868e-06)	(-1.388526e-01 0.000000e+00 7.683995e-06)
2.460000e+03	lowerWall	(-1.394793e-01 0.000000e+00 -7.265117e-06)	(-1.386632e-01 0.000000e+00 7.661602e-06)
2.470000e+03	lowerWall	(-1.392888e-01 0.000000e+00 -7.227684e-06)	(-1.384751e-01 0.000000e+00 7.639240e-06)
2.480000e+03	lowerWall	(-1.390996e-01 0.000000e+00 -7.190579e-06)	(-1.382882e-01 0.000000e+00 7.616731e-06)
2.490000e+03	lowerWall	(-1.389116e-01 0.000000e+00 -7.153791e-06)	(-1.381026e-01 0.000000e+00 7.594157e-06)
2.500000e+03	lowerWall	(-1.387248e-01 0.000000e+00 -7.117345e-06)	(-1.379181e-01 0.000000e+00 7.572066e-06)
2.510000e+03	lowerWall	(-1.385393e-01 0.000000e+00 -7.081230e-06)	(-1.377349e-01 0.000000e+00 7.550087e-06)
2.520000e+03	lowerWall	(-1.383549e-01 0.000000e+00 -7.045434e-06)	(-1.375528e-01 0.000000e+00 7.528053e-06)
2.530000e+03	lowerWall	(-1.381717e-01 0.000000e+00 -7.009942e-06)	(-1.373720e-01 0.000000e+00 7.505925e-06)
2.540000e+03	lowerWall	(-1.379897e-01 0.000000e+00 -6.974742e-06)	(-1.371922e-01 0.000000e+00 7.483739e-06)
2.550000e+03	lowerWall	(-1.378089e-01 0.000000e+00 -6.939823e-06)	(-1.370137e-01 0.000000e+00 7.461519e-06)
2.560000e+03	lowerWall	(-1.376292e-01 0.000000e+00 -6.905184e-06)	(-1.368362e-01 0.000000e+00 7.439284e-06)
2.570000e+03	lowerWall	(-1.374507e-01 0.000000e+00 -6.870818e-06)	(-1.366599e-01 0.000000e+00 7.417046e-06)
2.580000e+03	lowerWall	(-1.372732e-01 0.000000e+00 -6.836722e-06)	(-1.364847e-01 0.000000e+00 7.394812e-06)
2.590000e+03	lowerWall	(-1.370969e-01 0.000000e+00 -6.802893e-06)	(-1.363107e-01 0.000000e+00 7.372589e-06)
2.600000e+03	lowerWall	(-1.369217e-01 0.000000e+00 -6.769326e-06)	(-1.361377e-01 0.000000e+00 7.350386e-06)
2.610000e+03	lowerWall	(-1.367476e-01 0.000000e+00 -6.736030e-06)	(-1.359657e-01 0.000000e+00 7.328189e-06)
2.620000e+03	lowerWall	(-1.365746e-01 0.000000e+00 -6.702986e-06)	(-1.357949e-01 0.000000e+00 7.306020e-06)
2.630000e+03	lowerWall	(-1.364026e-01 0.000000e+00 -6.670200e-06)	(-1.356251e-01 0.000000e+00 7.283876e-06)
2.640000e+03	lowerWall	(-1.362317e-01 0.000000e+00 -6.637668e-06)	(-1.354564e-01 0.000000e+00 7.261758e-06)
2.650000e+03	lowerWall	(-1.360619e-01 0.000000e+00 -6.605390e-06)	(-1.352887e-01 0.000000e+00 7.239668e-06)
2.660000e+03	lowerWall	(-1.358931e-01 0.000000e+00 -6.573363e-06)	(-1.351220e-01 0.000000e+00 7.217609e-06)
2.670000e+03	lowerWall	(-1.357254e-01 0.000000e+00 -6.541584e-06)	(-1.349564e-01 0.000000e+00 7.195582e-06)
2.680000e+03	lowerWall	(-1.355586e-01 0.000000e+00 -6.510051e-06)	(-1.347917e-01 0.000000e+00 7.173588e-06)
2.690000e+03	lowerWall	(-1.353929e-01 0.000000e+00 -6.478761e-06)	(-1.346281e-01 0.000000e+00 7.151629e-06)
2.700000e+03	lowerWall	(-1.352282e-01 0.000000e+00 -6.447713e-06)	(-1.344654e-01 0.000000e+00 7.129705e-06)
2.710000e+03	lowerWall	(-1.350644e-01 0.000000e+00 -6.416903e-06)	(-1.343038e-01 0.000000e+00 7.107819e-06)
2.720000e+03	lowerWall	(-1.349017e-01 0.000000e+00 -6.386332e-06)	(-1.341431e-01 0.000000e+00 7.085970e-06)
2.730000e+03	lowerWall	(-1.347399e-01 0.000000e+00 -6.355994e-06)	(-1.339833e-01 0.000000e+00 7.064159e-06)
2.740000e+03	lowerWall	(-1.345791e-01 0.000000e+00 -6.325888e-06)	(-1.338246e-01 0.000000e+00 7.042389e-06)
2.750000e+03	lowerWall	(-1.344193e-01 0.000000e+00 -6.296012e-06)	(-1.336667e-01 0.000000e+00 7.020660e-06)
2.760000e+03	lowerWall	(-1.342604e-01 0.000000e+00 -6.266364e-06)	(-1.335098e-01 0.000000e+00 6.998972e-06)
2.770000e+03	lowerWall	(-1.341024e-01 0.000000e+00 -6.236941e-06)	(-1.333539e-01 0.000000e+00 6.977326e-06)
2.780000e+03	lowerWall	(-1.339454e-01 0.000000e+00 -6.207741e-06)	(-1.331988e-01 0.000000e+00 6.955724e-06)
2.790000e+03	lowerWall	(-1.337893e-01 0.000000e+00 -6.178761e-06)	(-1.330447e-01 0.000000e+00 6.934164e-06)
2.800000e+03	lowerWall	(-1.336341e-01 0.000000e+00 -6.149995e-06)	(-1.328914e-01 0.000000e+00 6.912649e-06)
2.810000e+03	lowerWall	(-1.334798e-01 0.000000e+00 -6.121366e-06)	(-1.327391e-01 0.000000e+00 6.891031e-06)
2.820000e+03	lowerWall	(-1.333264e-01 0.000000e+00 -6.093052e-06)	(-1.325877e-01 0.000000e+00 6.869385e-06)
2.830000e+03	lowerWall	(-1.331739e-01 0.000000e+00 -6.064989e-06)	(-1.324371e-01 0.000000e+00 6.848127e-06)
2.840000e+03	lowerWall	(-1.330223e-01 0.000000e+00 -6.037161e-06)	(-1.322875e-01 0.000000e+00 6.826986e-06)
2.850000e+03	lowerWall	(-1.328716e-01 0.000000e+00 -6.009554e-06)	(-1.321387e-01 0.000000e+00 6.805839e-06)
2.860000e+03	lowerWall	(-1.327217e-01 0.000000e+00 -5.982155e-06)	(-1.319907e-01 0.000000e+00 6.784768e-06)
2.870000e+03	lowerWall	(-1.325727e-01 0.000000e+00 -5.954953e-06)	(-1.318436e-01 0.000000e+00 6.767644e-06)
2.880000e+03	lowerWall	(-1.324245e-01 0.000000e+00 -5.927945e-06)	(-1.316973e-01 0.000000e+00 6.750483e-06)
2.890000e+03	lowerWall	(-1.322772e-01 0.000000e+00 -5.901127e-06)	(-1.315519e-01 0.000000e+00 6.733296e-06)
2.900000e+03	lowerWall	(-1.321307e-01 0.000000e+00 -5.874497e-06)	(-1.314073e-01 0.000000e+00 6.716092e-06)
2.910000e+03	lowerWall	(-1.319850e-01 0.000000e+00 -5.848053e-06)	(-1.312635e-01 0.000000e+00 6.698877e-06)
2.920000e+03	lowerWall	(-1.318402e-01 0.000000e+00 -5.821785e-06)	(-1.311205e-01 0.000000e+00 6.681659e-06)
2.930000e+03	lowerWall	(-1.316962e-01 0.000000e+00 -5.795706e-06)	(-1.309784e-01 0.000000e+00 6.664439e-06)
2.940000e+03	lowerWall	(-1.315529e-01 0.000000e+00 -5.769806e-06)	(-1.308370e-01 0.000000e+00 6.647217e-06)
2.950000e+03	lowerWall	(-1.314105e-01 0.000000e+00 -5.744086e-06)	(-1.306964e-01 0.000000e+00 6.629996e-06)
2.960000e+03	lowerWall	(-1.312689e-01 0.000000e+00 -5.718544e-06)	(-1.305566e-01 0.000000e+00 6.612779e-06)
2.970000e+03	lowerWall	(-1.311281e-01 0.000000e+00 -5.693178e-06)	(-1.304176e-01 0.000000e+00 6.595567e-06)
2.980000e+03	lowerWall	(-1.309880e-01 0.000000e+00 -5.667988e-06)	(-1.302793e-01 0.000000e+00 6.578361e-06)
2.990000e+03	lowerWall	(-1.308487e-01 0.000000e+00 -5.642973e-06)	(-1.301418e-01 0.000000e+00 6.561164e-06)
3.000000e+03	lowerWall	(-1.307102e-01 0.000000e+00 -5.618132e-06)	(-1.300051e-01 0.000000e+00 6.543974e-06)
3.010000e+03	lowerWall	(-1.305724e-01 0.000000e+00 -5.593458e-06)	(-1.298691e-01 0.000000e+00 6.526796e-06)
3.020000e+03	lowerWall	(-1.304354e-01 0.000000e+00 -5.568959e-06)	(-1.297338e-01 0.000000e+00 6.509630e-06)
3.030000e+03	lowerWall	(-1.302991e-01 0.000000e+00 -5.544629e-06)	(-1.295993e-01 0.000000e+00 6.492474e-06)
3.040000e+03	lowerWall	(-1.301636e-01 0.000000e+00 -5.520467e-06)	(-1.294655e-01 0.000000e+00 6.475331e-06)
3.050000e+03	lowerWall	(-1.300288e-01 0.000000e+00 -5.496472e-06)	(-1.293325e-01 0.000000e+00 6.458202e-06)
3.060000e+03	lowerWall	(-1.298948e-01 0.000000e+00 -5.472642e-06)	(-1.292002e-01 0.000000e+00 6.441087e-06)
3.070000e+03	lowerWall	(-1.297614e-01 0.000000e+00 -5.448977e-06)	(-1.290685e-01 0.000000e+00 6.423987e-06)
3.080000e+03	lowerWall	(-1.296288e-01 0.000000e+00 -5.425474e-06)	(-1.289376e-01 0.000000e+00 6.406904e-06)
3.090000e+03	lowerWall	(-1.294969e-01 0.000000e+00 -5.402131e-06)	(-1.288074e-01 0.000000e+00 6.389836e-06)
3.100000e+03	lowerWall	(-1.293657e-01 0.000000e+00 -5.378947e-06)	(-1.286779e-01 0.000000e+00 6.372783e-06)
3.110000e+03	lowerWall	(-1.292352e-01 0.000000e+00 -5.355921e-06)	(-1.285490e-01 0.000000e+00 6.355751e-06)
3.120000e+03	lowerWall	(-1.291053e-01 0.000000e+00 -5.333054e-06)	(-1.284209e-01 0.000000e+00 6.338735e-06)
3.130000e+03	lowerWall	(-1.289762e-01 0.000000e+00 -5.310342e-06)	(-1.282934e-01 0.000000e+00 6.321738e-06)
3.140000e+03	lowerWall	(-1.288478e-01 0.000000e+00 -5.287775e-06)	(-1.281666e-01 0.000000e+00 6.304758e-06)
3.150000e+03	lowerWall	(-1.287200e-01 0.000000e+00 -5.265345e-06)	(-1.280405e-01 0.000000e+00 6.287780e-06)
3.160000e+03	lowerWall	(-1.285929e-01 0.000000e+00 -5.243082e-06)	(-1.279150e-01 0.000000e+00 6.270817e-06)
3.170000e+03	lowerWall	(-1.284664e-01 0.000000e+00 -5.220977e-06)	(-1.277902e-01 0.000000e+00 6.253880e-06)
3.180000e+03	lowerWall	(-1.283407e-01 0.000000e+00 -5.198881e-06)	(-1.276661e-01 0.000000e+00 6.236983e-06)
3.190000e+03	lowerWall	(-1.282155e-01 0.000000e+00 -5.177049e-06)	(-1.275426e-01 0.000000e+00 6.219678e-06)
3.200000e+03	lowerWall	(-1.280911e-01 0.000000e+00 -5.155434e-06)	(-1.274198e-01 0.000000e+00 6.202471e-06)
3.210000e+03	lowerWall	(-1.279672e-01 0.000000e+00 -5.133986e-06)	(-1.272976e-01 0.000000e+00 6.185599e-06)
3.220000e+03	lowerWall	(-1.278440e-01 0.000000e+00 -5.112696e-06)	(-1.271760e-01 0.000000e+00 6.168846e-06)
3.230000e+03	lowerWall	(-1.277215e-01 0.000000e+00 -5.091553e-06)	(-1.270550e-01 0.000000e+00 6.152093e-06)
3.240000e+03	lowerWall	(-1.275995e-01 0.000000e+00 -5.070548e-06)	(-1.269347e-01 0.000000e+00 6.135298e-06)
3.250000e+03	lowerWall	(-1.274782e-01 0.000000e+00 -5.049675e-06)	(-1.268150e-01 0.000000e+00 6.118479e-06)
3.260000e+03	lowerWall	(-1.273575e-01 0.000000e+00 -5.028932e-06)	(-1.266959e-01 0.000000e+00 6.101649e-06)
3.270000e+03	lowerWall	(-1.272375e-01 0.000000e+00 -5.008317e-06)	(-1.265774e-01 0.000000e+00 6.084815e-06)
3.280000e+03	lowerWall	(-1.271180e-01 0.000000e+00 -4.987828e-06)	(-1.264595e-01 0.000000e+00 6.067985e-06)
3.290000e+03	lowerWall	(-1.269991e-01 0.000000e+00 -4.967465e-06)	(-1.263422e-01 0.000000e+00 6.051162e-06)
3.300000e+03	lowerWall	(-1.268809e-01 0.000000e+00 -4.947230e-06)	(-1.262255e-01 0.000000e+00 6.034350e-06)
3.310000e+03	lowerWall	(-1.267632e-01 0.000000e+00 -4.927115e-06)	(-1.261094e-01 0.000000e+00 6.017550e-06)
3.320000e+03	lowerWall	(-1.266461e-01 0.000000e+00 -4.907124e-06)	(-1.259939e-01 0.000000e+00 6.000765e-06)
3.330000e+03	lowerWall	(-1.265296e-01 0.000000e+00 -4.887255e-06)	(-1.258789e-01 0.000000e+00 5.984845e-06)
3.340000e+03	lowerWall	(-1.264137e-01 0.000000e+00 -4.867509e-06)	(-1.257645e-01 0.000000e+00 5.971253e-06)
3.350000e+03	lowerWall	(-1.262984e-01 0.000000e+00 -4.847884e-06)	(-1.256507e-01 0.000000e+00 5.957656e-06)
3.360000e+03	lowerWall	(-1.261836e-01 0.000000e+00 -4.828380e-06)	(-1.255375e-01 0.000000e+00 5.944055e-06)
3.370000e+03	lowerWall	(-1.260695e-01 0.000000e+00 -4.808997e-06)	(-1.254248e-01 0.000000e+00 5.930451e-06)
3.380000e+03	lowerWall	(-1.259558e-01 0.000000e+00 -4.789733e-06)	(-1.253126e-01 0.000000e+00 5.916844e-06)
3.390000e+03	lowerWall	(-1.258428e-01 0.000000e+00 -4.770589e-06)	(-1.252011e-01 0.000000e+00 5.903235e-06)
3.400000e+03	lowerWall	(-1.257303e-01 0.000000e+00 -4.751563e-06)	(-1.250900e-01 0.000000e+00 5.889626e-06)
3.410000e+03	lowerWall	(-1.256183e-01 0.000000e+00 -4.732655e-06)	(-1.249796e-01 0.000000e+00 5.876016e-06)
3.420000e+03	lowerWall	(-1.255069e-01 0.000000e+00 -4.713864e-06)	(-1.248696e-01 0.000000e+00 5.862406e-06)
3.430000e+03	lowerWall	(-1.253960e-01 0.000000e+00 -4.695189e-06)	(-1.247602e-01 0.000000e+00 5.848798e-06)
3.440000e+03	lowerWall	(-1.252857e-01 0.000000e+00 -4.676630e-06)	(-1.246513e-01 0.000000e+00 5.835190e-06)
3.450000e+03	lowerWall	(-1.251759e-01 0.000000e+00 -4.658185e-06)	(-1.245430e-01 0.000000e+00 5.821585e-06)
3.460000e+03	lowerWall	(-1.250666e-01 0.000000e+00 -4.639854e-06)	(-1.244352e-01 0.000000e+00 5.807981e-06)
3.470000e+03	lowerWall	(-1.249579e-01 0.000000e+00 -4.621635e-06)	(-1.243279e-01 0.000000e+00 5.794381e-06)
3.480000e+03	lowerWall	(-1.248497e-01 0.000000e+00 -4.603529e-06)	(-1.242211e-01 0.000000e+00 5.780785e-06)
3.490000e+03	lowerWall	(-1.247420e-01 0.000000e+00 -4.585534e-06)	(-1.241148e-01 0.000000e+00 5.767192e-06)
3.500000e+03	lowerWall	(-1.246348e-01 0.000000e+00 -4.567650e-06)	(-1.240090e-01 0.000000e+00 5.753603e-06)
3.510000e+03	lowerWall	(-1.245281e-01 0.000000e+00 -4.549874e-06)	(-1.239038e-01 0.000000e+00 5.740019e-06)
3.520000e+03	lowerWall	(-1.244220e-01 0.000000e+00 -4.532208e-06)	(-1.237990e-01 0.000000e+00 5.726440e-06)
3.530000e+03	lowerWall	(-1.243163e-01 0.000000e+00 -4.514649e-06)	(-1.236947e-01 0.000000e+00 5.712867e-06)
3.540000e+03	lowerWall	(-1.242112e-01 0.000000e+00 -4.497197e-06)	(-1.235910e-01 0.000000e+00 5.699300e-06)
3.550000e+03	lowerWall	(-1.241065e-01 0.000000e+00 -4.479852e-06)	(-1.234877e-01 0.000000e+00 5.685740e-06)
3.560000e+03	lowerWall	(-1.240023e-01 0.000000e+00 -4.462611e-06)	(-1.233849e-01 0.000000e+00 5.672186e-06)
3.570000e+03	lowerWall	(-1.238987e-01 0.000000e+00 -4.445475e-06)	(-1.232826e-01 0.000000e+00 5.658640e-06)
3.580000e+03	lowerWall	(-1.237955e-01 0.000000e+00 -4.428442e-06)	(-1.231808e-01 0.000000e+00 5.645101e-06)
3.590000e+03	lowerWall	(-1.236928e-01 0.000000e+00 -4.411511e-06)	(-1.230794e-01 0.000000e+00 5.631569e-06)
3.600000e+03	lowerWall	(-1.235906e-01 0.000000e+00 -4.394645e-06)	(-1.229785e-01 0.000000e+00 5.618044e-06)
3.610000e+03	lowerWall	(-1.234888e-01 0.000000e+00 -4.377743e-06)	(-1.228782e-01 0.000000e+00 5.604555e-06)
3.620000e+03	lowerWall	(-1.233875e-01 0.000000e+00 -4.361104e-06)	(-1.227782e-01 0.000000e+00 5.590776e-06)
3.630000e+03	lowerWall	(-1.232867e-01 0.000000e+00 -4.344621e-06)	(-1.226788e-01 0.000000e+00 5.576650e-06)
3.640000e+03	lowerWall	(-1.231864e-01 0.000000e+00 -4.328258e-06)	(-1.225798e-01 0.000000e+00 5.562902e-06)
3.650000e+03	lowerWall	(-1.230865e-01 0.000000e+00 -4.312002e-06)	(-1.224813e-01 0.000000e+00 5.549355e-06)
3.660000e+03	lowerWall	(-1.229871e-01 0.000000e+00 -4.295845e-06)	(-1.223832e-01 0.000000e+00 5.535862e-06)
3.670000e+03	lowerWall	(-1.228881e-01 0.000000e+00 -4.279783e-06)	(-1.222856e-01 0.000000e+00 5.522343e-06)
3.680000e+03	lowerWall	(-1.227896e-01 0.000000e+00 -4.263809e-06)	(-1.221884e-01 0.000000e+00 5.508801e-06)
3.690000e+03	lowerWall	(-1.226916e-01 0.000000e+00 -4.247922e-06)	(-1.220917e-01 0.000000e+00 5.495245e-06)
3.700000e+03	lowerWall	(-1.225940e-01 0.000000e+00 -4.232122e-06)	(-1.219954e-01 0.000000e+00 5.481682e-06)
3.710000e+03	lowerWall	(-1.224968e-01 0.000000e+00 -4.216406e-06)	(-1.218995e-01 0.000000e+00 5.468117e-06)
3.720000e+03	lowerWall	(-1.224001e-01 0.000000e+00 -4.200776e-06)	(-1.218041e-01 0.000000e+00 5.454552e-06)
3.730000e+03	lowerWall	(-1.223038e-01 0.000000e+00 -4.185230e-06)	(-1.217091e-01 0.000000e+00 5.440989e-06)
3.740000e+03	lowerWall	(-1.222079e-01 0.000000e+00 -4.169768e-06)	(-1.216146e-01 0.000000e+00 5.427430e-06)
3.750000e+03	lowerWall	(-1.221125e-01 0.000000e+00 -4.154390e-06)	(-1.215204e-01 0.000000e+00 5.413877e-06)
3.760000e+03	lowerWall	(-1.220175e-01 0.000000e+00 -4.139096e-06)	(-1.214267e-01 0.000000e+00 5.400330e-06)
3.770000e+03	lowerWall	(-1.219230e-01 0.000000e+00 -4.123885e-06)	(-1.213334e-01 0.000000e+00 5.386790e-06)
3.780000e+03	lowerWall	(-1.218288e-01 0.000000e+00 -4.108758e-06)	(-1.212406e-01 0.000000e+00 5.373258e-06)
3.790000e+03	lowerWall	(-1.217351e-01 0.000000e+00 -4.093714e-06)	(-1.211481e-01 0.000000e+00 5.359735e-06)
3.800000e+03	lowerWall	(-1.216418e-01 0.000000e+00 -4.078753e-06)	(-1.210560e-01 0.000000e+00 5.346221e-06)
3.810000e+03	lowerWall	(-1.215489e-01 0.000000e+00 -4.063874e-06)	(-1.209644e-01 0.000000e+00 5.332717e-06)
3.820000e+03	lowerWall	(-1.214564e-01 0.000000e+00 -4.049078e-06)	(-1.208732e-01 0.000000e+00 5.319223e-06)
3.830000e+03	lowerWall	(-1.213643e-01 0.000000e+00 -4.034364e-06)	(-1.207823e-01 0.000000e+00 5.307823e-06)
3.840000e+03	lowerWall	(-1.212727e-01 0.000000e+00 -4.019731e-06)	(-1.206919e-01 0.000000e+00 5.296824e-06)
3.850000e+03	lowerWall	(-1.211814e-01 0.000000e+00 -4.005180e-06)	(-1.206019e-01 0.000000e+00 5.285820e-06)
3.860000e+03	lowerWall	(-1.210906e-01 0.000000e+00 -3.990711e-06)	(-1.205123e-01 0.000000e+00 5.274810e-06)
3.870000e+03	lowerWall	(-1.210002e-01 0.000000e+00 -3.976322e-06)	(-1.204230e-01 0.000000e+00 5.263796e-06)
3.880000e+03	lowerWall	(-1.209102e-01 0.000000e+00 -3.962014e-06)	(-1.203342e-01 0.000000e+00 5.252778e-06)
3.890000e+03	lowerWall	(-1.208206e-01 0.000000e+00 -3.947786e-06)	(-1.202457e-01 0.000000e+00 5.241756e-06)
3.900000e+03	lowerWall	(-1.207313e-01 0.000000e+00 -3.933636e-06)	(-1.201576e-01 0.000000e+00 5.230733e-06)
3.910000e+03	lowerWall	(-1.206425e-01 0.000000e+00 -3.919564e-06)	(-1.200699e-01 0.000000e+00 5.219706e-06)
3.920000e+03	lowerWall	(-1.205540e-01 0.000000e+00 -3.905569e-06)	(-1.199826e-01 0.000000e+00 5.208677e-06)
3.930000e+03	lowerWall	(-1.204660e-01 0.000000e+00 -3.891650e-06)	(-1.198957e-01 0.000000e+00 5.197643e-06)
3.940000e+03	lowerWall	(-1.203783e-01 0.000000e+00 -3.877808e-06)	(-1.198091e-01 0.000000e+00 5.186606e-06)
3.950000e+03	lowerWall	(-1.202910e-01 0.000000e+00 -3.864042e-06)	(-1.197229e-01 0.000000e+00 5.175567e-06)
3.960000e+03	lowerWall	(-1.202040e-01 0.000000e+00 -3.850353e-06)	(-1.196371e-01 0.000000e+00 5.164525e-06)
3.970000e+03	lowerWall	(-1.201175e-01 0.000000e+00 -3.836739e-06)	(-1.195516e-01 0.000000e+00 5.153482e-06)
3.980000e+03	lowerWall	(-1.200313e-01 0.000000e+00 -3.823201e-06)	(-1.194665e-01 0.000000e+00 5.142437e-06)
3.990000e+03	lowerWall	(-1.199455e-01 0.000000e+00 -3.809737e-06)	(-1.193818e-01 0.000000e+00 5.131392e-06)
4.000000e+03	lowerWall	(-1.198600e-01 0.000000e+00 -3.796347e-06)	(-1.192974e-01 0.000000e+00 5.120345e-06)
4.010000e+03	lowerWall	(-1.197749e-01 0.000000e+00 -3.783032e-06)	(-1.192134e-01 0.000000e+00 5.109299e-06)
4.020000e+03	lowerWall	(-1.196902e-01 0.000000e+00 -3.769789e-06)	(-1.191298e-01 0.000000e+00 5.098252e-06)
4.030000e+03	lowerWall	(-1.196058e-01 0.000000e+00 -3.756620e-06)	(-1.190465e-01 0.000000e+00 5.087206e-06)
4.040000e+03	lowerWall	(-1.195218e-01 0.000000e+00 -3.743524e-06)	(-1.189635e-01 0.000000e+00 5.076160e-06)
4.050000e+03	lowerWall	(-1.194382e-01 0.000000e+00 -3.730501e-06)	(-1.188809e-01 0.000000e+00 5.065115e-06)
4.060000e+03	lowerWall	(-1.193549e-01 0.000000e+00 -3.717551e-06)	(-1.187987e-01 0.000000e+00 5.054071e-06)
4.070000e+03	lowerWall	(-1.192719e-01 0.000000e+00 -3.704677e-06)	(-1.187168e-01 0.000000e+00 5.043028e-06)
4.080000e+03	lowerWall	(-1.191893e-01 0.000000e+00 -3.691881e-06)	(-1.186352e-01 0.000000e+00 5.031986e-06)
4.090000e+03	lowerWall	(-1.191070e-01 0.000000e+00 -3.679123e-06)	(-1.185540e-01 0.000000e+00 5.020947e-06)
4.100000e+03	lowerWall	(-1.190251e-01 0.000000e+00 -3.666195e-06)	(-1.184731e-01 0.000000e+00 5.009894e-06)
4.110000e+03	lowerWall	(-1.189435e-01 0.000000e+00 -3.653497e-06)	(-1.183926e-01 0.000000e+00 4.998969e-06)
4.120000e+03	lowerWall	(-1.188623e-01 0.000000e+00 -3.640933e-06)	(-1.183124e-01 0.000000e+00 4.987609e-06)
4.130000e+03	lowerWall	(-1.187814e-01 0.000000e+00 -3.628465e-06)	(-1.182326e-01 0.000000e+00 4.975855e-06)
4.140000e+03	lowerWall	(-1.187008e-01 0.000000e+00 -3.616077e-06)	(-1.181531e-01 0.000000e+00 4.964439e-06)
4.150000e+03	lowerWall	(-1.186206e-01 0.000000e+00 -3.603758e-06)	(-1.180739e-01 0.000000e+00 4.953246e-06)
4.160000e+03	lowerWall	(-1.185407e-01 0.000000e+00 -3.591506e-06)	(-1.179950e-01 0.000000e+00 4.942127e-06)
4.170000e+03	lowerWall	(-1.184611e-01 0.000000e+00 -3.579317e-06)	(-1.179165e-01 0.000000e+00 4.930998e-06)
4.180000e+03	lowerWall	(-1.183818e-01 0.000000e+00 -3.567187e-06)	(-1.178383e-01 0.000000e+00 4.919855e-06)
4.190000e+03	lowerWall	(-1.183029e-01 0.000000e+00 -3.555117e-06)	(-1.177604e-01 0.000000e+00 4.908705e-06)
4.200000e+03	lowerWall	(-1.182243e-01 0.000000e+00 -3.543104e-06)	(-1.176828e-01 0.000000e+00 4.897550e-06)
4.210000e+03	lowerWall	(-1.181460e-01 0.000000e+00 -3.531149e-06)	(-1.176055e-01 0.000000e+00 4.886392e-06)
4.220000e+03	lowerWall	(-1.180680e-01 0.000000e+00 -3.519251e-06)	(-1.175286e-01 0.000000e+00 4.875235e-06)
4.230000e+03	lowerWall	(-1.179903e-01 0.000000e+00 -3.507410e-06)	(-1.174519e-01 0.000000e+00 4.864079e-06)
4.240000e+03	lowerWall	(-1.179130e-01 0.000000e+00 -3.495627e-06)	(-1.173756e-01 0.000000e+00 4.852924e-06)
4.250000e+03	lowerWall	(-1.178360e-01 0.000000e+00 -3.483900e-06)	(-1.172996e-01 0.000000e+00 4.841771e-06)
4.260000e+03	lowerWall	(-1.177593e-01 0.000000e+00 -3.472231e-06)	(-1.172238e-01 0.000000e+00 4.830622e-06)
4.270000e+03	lowerWall	(-1.176829e-01 0.000000e+00 -3.460618e-06)	(-1.171484e-01 0.000000e+00 4.819476e-06)
4.280000e+03	lowerWall	(-1.176068e-01 0.000000e+00 -3.449063e-06)	(-1.170733e-01 0.000000e+00 4.808334e-06)
4.290000e+03	lowerWall	(-1.175310e-01 0.000000e+00 -3.437564e-06)	(-1.169985e-01 0.000000e+00 4.797196e-06)
4.300000e+03	lowerWall	(-1.174555e-01 0.000000e+00 -3.426121e-06)	(-1.169240e-01 0.000000e+00 4.786062e-06)
4.310000e+03	lowerWall	(-1.173803e-01 0.000000e+00 -3.414735e-06)	(-1.168498e-01 0.000000e+00 4.774934e-06)
4.320000e+03	lowerWall	(-1.173054e-01 0.000000e+00 -3.403405e-06)	(-1.167758e-01 0.000000e+00 4.763810e-06)
4.330000e+03	lowerWall	(-1.172308e-01 0.000000e+00 -3.392132e-06)	(-1.167022e-01 0.000000e+00 4.752693e-06)
4.340000e+03	lowerWall	(-1.171565e-01 0.000000e+00 -3.380914e-06)	(-1.166289e-01 0.000000e+00 4.742165e-06)
4.350000e+03	lowerWall	(-1.170825e-01 0.000000e+00 -3.369752e-06)	(-1.165558e-01 0.000000e+00 4.733049e-06)
4.360000e+03	lowerWall	(-1.170088e-01 0.000000e+00 -3.359549e-06)	(-1.164831e-01 0.000000e+00 4.723846e-06)
4.370000e+03	lowerWall	(-1.169354e-01 0.000000e+00 -3.350776e-06)	(-1.164107e-01 0.000000e+00 4.714599e-06)
4.380000e+03	lowerWall	(-1.168623e-01 0.000000e+00 -3.340077e-06)	(-1.163385e-01 0.000000e+00 4.705577e-06)
4.390000e+03	lowerWall	(-1.167895e-01 0.000000e+00 -3.329293e-06)	(-1.162666e-01 0.000000e+00 4.696548e-06)
4.400000e+03	lowerWall	(-1.167169e-01 0.000000e+00 -3.318518e-06)	(-1.161950e-01 0.000000e+00 4.687499e-06)
4.410000e+03	lowerWall	(-1.166447e-01 0.000000e+00 -3.307769e-06)	(-1.161236e-01 0.000000e+00 4.678431e-06)
4.420000e+03	lowerWall	(-1.165727e-01 0.000000e+00 -3.297052e-06)	(-1.160526e-01 0.000000e+00 4.669345e-06)
4.430000e+03	lowerWall	(-1.165010e-01 0.000000e+00 -3.286373e-06)	(-1.159818e-01 0.000000e+00 4.660246e-06)
4.440000e+03	lowerWall	(-1.164296e-01 0.000000e+00 -3.275734e-06)	(-1.159113e-01 0.000000e+00 4.651135e-06)
4.450000e+03	lowerWall	(-1.163585e-01 0.000000e+00 -3.265138e-06)	(-1.158410e-01 0.000000e+00 4.642014e-06)
4.460000e+03	lowerWall	(-1.162876e-01 0.000000e+00 -3.254587e-06)	(-1.157711e-01 0.000000e+00 4.632883e-06)
4.470000e+03	lowerWall	(-1.162170e-01 0.000000e+00 -3.244083e-06)	(-1.157014e-01 0.000000e+00 4.623745e-06)
4.480000e+03	lowerWall	(-1.161467e-01 0.000000e+00 -3.233626e-06)	(-1.156319e-01 0.000000e+00 4.614599e-06)
4.490000e+03	lowerWall	(-1.160766e-01 0.000000e+00 -3.223217e-06)	(-1.155628e-01 0.000000e+00 4.605446e-06)
4.500000e+03	lowerWall	(-1.160069e-01 0.000000e+00 -3.212856e-06)	(-1.154939e-01 0.000000e+00 4.596287e-06)
4.510000e+03	lowerWall	(-1.159374e-01 0.000000e+00 -3.202544e-06)	(-1.154252e-01 0.000000e+00 4.587122e-06)
4.520000e+03	lowerWall	(-1.158681e-01 0.000000e+00 -3.192281e-06)	(-1.153569e-01 0.000000e+00 4.577952e-06)
4.530000e+03	lowerWall	(-1.157992e-01 0.000000e+00 -3.182066e-06)	(-1.152888e-01 0.000000e+00 4.568778e-06)
4.540000e+03	lowerWall	(-1.157304e-01 0.000000e+00 -3.171900e-06)	(-1.152209e-01 0.000000e+00 4.559599e-06)
4.550000e+03	lowerWall	(-1.156620e-01 0.000000e+00 -3.161782e-06)	(-1.151534e-01 0.000000e+00 4.550416e-06)
4.560000e+03	lowerWall	(-1.155938e-01 0.000000e+00 -3.151713e-06)	(-1.150860e-01 0.000000e+00 4.541230e-06)
4.570000e+03	lowerWall	(-1.155259e-01 0.000000e+00 -3.141692e-06)	(-1.150190e-01 0.000000e+00 4.532040e-06)
4.580000e+03	lowerWall	(-1.154582e-01 0.000000e+00 -3.131719e-06)	(-1.149521e-01 0.000000e+00 4.522847e-06)
4.590000e+03	lowerWall	(-1.153908e-01 0.000000e+00 -3.121794e-06)	(-1.148856e-01 0.000000e+00 4.513651e-06)
4.600000e+03	lowerWall	(-1.153236e-01 0.000000e+00 -3.111917e-06)	(-1.148193e-01 0.000000e+00 4.504453e-06)
4.610000e+03	lowerWall	(-1.152567e-01 0.000000e+00 -3.102086e-06)	(-1.147532e-01 0.000000e+00 4.495253e-06)
4.620000e+03	lowerWall	(-1.151901e-01 0.000000e+00 -3.092302e-06)	(-1.146874e-01 0.000000e+00 4.486051e-06)
4.630000e+03	lowerWall	(-1.151237e-01 0.000000e+00 -3.082566e-06)	(-1.146218e-01 0.000000e+00 4.476847e-06)
4.640000e+03	lowerWall	(-1.150575e-01 0.000000e+00 -3.072875e-06)	(-1.145565e-01 0.000000e+00 4.467642e-06)
4.650000e+03	lowerWall	(-1.149916e-01 0.000000e+00 -3.063231e-06)	(-1.144914e-01 0.000000e+00 4.458435e-06)
4.660000e+03	lowerWall	(-1.149259e-01 0.000000e+00 -3.053632e-06)	(-1.144266e-01 0.000000e+00 4.449228e-06)
4.670000e+03	lowerWall	(-1.148605e-01 0.000000e+00 -3.043870e-06)	(-1.143620e-01 0.000000e+00 4.439998e-06)
4.680000e+03	lowerWall	(-1.147953e-01 0.000000e+00 -3.034292e-06)	(-1.142977e-01 0.000000e+00 4.430836e-06)
4.690000e+03	lowerWall	(-1.147304e-01 0.000000e+00 -3.024833e-06)	(-1.142336e-01 0.000000e+00 4.421784e-06)
4.700000e+03	lowerWall	(-1.146657e-01 0.000000e+00 -3.015448e-06)	(-1.141698e-01 0.000000e+00 4.412295e-06)
4.710000e+03	lowerWall	(-1.146013e-01 0.000000e+00 -3.006123e-06)	(-1.141061e-01 0.000000e+00 4.402304e-06)
4.720000e+03	lowerWall	(-1.145371e-01 0.000000e+00 -2.996828e-06)	(-1.140428e-01 0.000000e+00 4.392549e-06)
4.730000e+03	lowerWall	(-1.144731e-01 0.000000e+00 -2.987579e-06)	(-1.139796e-01 0.000000e+00 4.383041e-06)
4.740000e+03	lowerWall	(-1.144093e-01 0.000000e+00 -2.978384e-06)	(-1.139167e-01 0.000000e+00 4.373643e-06)
4.750000e+03	lowerWall	(-1.143458e-01 0.000000e+00 -2.969233e-06)	(-1.138541e-01 0.000000e+00 4.364260e-06)
4.760000e+03	lowerWall	(-1.142825e-01 0.000000e+00 -2.960122e-06)	(-1.137916e-01 0.000000e+00 4.354877e-06)
4.770000e+03	lowerWall	(-1.142195e-01 0.000000e+00 -2.951048e-06)	(-1.137294e-01 0.000000e+00 4.345496e-06)
4.780000e+03	lowerWall	(-1.141567e-01 0.000000e+00 -2.942012e-06)	(-1.136674e-01 0.000000e+00 4.336116e-06)
4.790000e+03	lowerWall	(-1.140941e-01 0.000000e+00 -2.933012e-06)	(-1.136056e-01 0.000000e+00 4.326739e-06)
4.800000e+03	lowerWall	(-1.140317e-01 0.000000e+00 -2.924049e-06)	(-1.135441e-01 0.000000e+00 4.317364e-06)
4.810000e+03	lowerWall	(-1.139696e-01 0.000000e+00 -2.915124e-06)	(-1.134827e-01 0.000000e+00 4.307992e-06)
4.820000e+03	lowerWall	(-1.139077e-01 0.000000e+00 -2.906236e-06)	(-1.134216e-01 0.000000e+00 4.298622e-06)
4.830000e+03	lowerWall	(-1.138460e-01 0.000000e+00 -2.897386e-06)	(-1.133608e-01 0.000000e+00 4.289256e-06)
4.840000e+03	lowerWall	(-1.137845e-01 0.000000e+00 -2.888573e-06)	(-1.133001e-01 0.000000e+00 4.279892e-06)
4.850000e+03	lowerWall	(-1.137233e-01 0.000000e+00 -2.879798e-06)	(-1.132397e-01 0.000000e+00 4.270532e-06)
4.860000e+03	lowerWall	(-1.136623e-01 0.000000e+00 -2.871061e-06)	(-1.131794e-01 0.000000e+00 4.261174e-06)
4.870000e+03	lowerWall	(-1.136015e-01 0.000000e+00 -2.862361e-06)	(-1.131194e-01 0.000000e+00 4.252210e-06)
4.880000e+03	lowerWall	(-1.135409e-01 0.000000e+00 -2.853699e-06)	(-1.130596e-01 0.000000e+00 4.244483e-06)
4.890000e+03	lowerWall	(-1.134805e-01 0.000000e+00 -2.845075e-06)	(-1.130001e-01 0.000000e+00 4.236749e-06)
4.900000e+03	lowerWall	(-1.134204e-01 0.000000e+00 -2.836489e-06)	(-1.129407e-01 0.000000e+00 4.229008e-06)
4.910000e+03	lowerWall	(-1.133605e-01 0.000000e+00 -2.827940e-06)	(-1.128816e-01 0.000000e+00 4.221260e-06)
4.920000e+03	lowerWall	(-1.133008e-01 0.000000e+00 -2.819429e-06)	(-1.128226e-01 0.000000e+00 4.213505e-06)
4.930000e+03	lowerWall	(-1.132413e-01 0.000000e+00 -2.810955e-06)	(-1.127639e-01 0.000000e+00 4.205744e-06)
4.940000e+03	lowerWall	(-1.131820e-01 0.000000e+00 -2.802519e-06)	(-1.127054e-01 0.000000e+00 4.197977e-06)
4.950000e+03	lowerWall	(-1.131229e-01 0.000000e+00 -2.794119e-06)	(-1.126470e-01 0.000000e+00 4.190204e-06)
4.960000e+03	lowerWall	(-1.130640e-01 0.000000e+00 -2.785758e-06)	(-1.125889e-01 0.000000e+00 4.182425e-06)
4.970000e+03	lowerWall	(-1.130054e-01 0.000000e+00 -2.777432e-06)	(-1.125310e-01 0.000000e+00 4.174640e-06)
4.980000e+03	lowerWall	(-1.129469e-01 0.000000e+00 -2.769142e-06)	(-1.124733e-01 0.000000e+00 4.166850e-06)
4.990000e+03	lowerWall	(-1.128887e-01 0.000000e+00 -2.760888e-06)	(-1.124158e-01 0.000000e+00 4.159055e-06)
5.000000e+03	lowerWall	(-1.128306e-01 0.000000e+00 -2.752672e-06)	(-1.123586e-01 0.000000e+00 4.151255e-06)
5.010000e+03	lowerWall	(-1.127728e-01 0.000000e+00 -2.744492e-06)	(-1.123015e-01 0.000000e+00 4.143450e-06)
5.020000e+03	lowerWall	(-1.127151e-01 0.000000e+00 -2.736349e-06)	(-1.122446e-01 0.000000e+00 4.135640e-06)
5.030000e+03	lowerWall	(-1.126577e-01 0.000000e+00 -2.728240e-06)	(-1.121879e-01 0.000000e+00 4.127827e-06)
5.040000e+03	lowerWall	(-1.126005e-01 0.000000e+00 -2.720172e-06)	(-1.121314e-01 0.000000e+00 4.120005e-06)
5.050000e+03	lowerWall	(-1.125434e-01 0.000000e+00 -2.712136e-06)	(-1.120751e-01 0.000000e+00 4.112181e-06)
5.060000e+03	lowerWall	(-1.124866e-01 0.000000e+00 -2.704135e-06)	(-1.120190e-01 0.000000e+00 4.104353e-06)
5.070000e+03	lowerWall	(-1.124300e-01 0.000000e+00 -2.696170e-06)	(-1.119631e-01 0.000000e+00 4.096521e-06)
5.080000e+03	lowerWall	(-1.123735e-01 0.000000e+00 -2.688240e-06)	(-1.119074e-01 0.000000e+00 4.088685e-06)
5.090000e+03	lowerWall	(-1.123173e-01 0.000000e+00 -2.680344e-06)	(-1.118519e-01 0.000000e+00 4.080846e-06)
5.100000e+03	lowerWall	(-1.122612e-01 0.000000e+00 -2.672483e-06)	(-1.117965e-01 0.000000e+00 4.073003e-06)
5.110000e+03	lowerWall	(-1.122054e-01 0.000000e+00 -2.664657e-06)	(-1.117414e-01 0.000000e+00 4.065156e-06)
5.120000e+03	lowerWall	(-1.121497e-01 0.000000e+00 -2.656864e-06)	(-1.116864e-01 0.000000e+00 4.057305e-06)
5.130000e+03	lowerWall	(-1.120943e-01 0.000000e+00 -2.649105e-06)	(-1.116317e-01 0.000000e+00 4.049452e-06)
5.140000e+03	lowerWall	(-1.120390e-01 0.000000e+00 -2.641381e-06)	(-1.115771e-01 0.000000e+00 4.041596e-06)
5.150000e+03	lowerWall	(-1.119839e-01 0.000000e+00 -2.633689e-06)	(-1.115227e-01 0.000000e+00 4.033737e-06)
5.160000e+03	lowerWall	(-1.119290e-01 0.000000e+00 -2.626032e-06)	(-1.114686e-01 0.000000e+00 4.025875e-06)
5.170000e+03	lowerWall	(-1.118743e-01 0.000000e+00 -2.618408e-06)	(-1.114145e-01 0.000000e+00 4.018010e-06)
5.180000e+03	lowerWall	(-1.118197e-01 0.000000e+00 -2.610814e-06)	(-1.113607e-01 0.000000e+00 4.010145e-06)
5.190000e+03	lowerWall	(-1.117654e-01 0.000000e+00 -2.603256e-06)	(-1.113071e-01 0.000000e+00 4.002276e-06)
5.200000e+03	lowerWall	(-1.117113e-01 0.000000e+00 -2.595729e-06)	(-1.112536e-01 0.000000e+00 3.994406e-06)
5.210000e+03	lowerWall	(-1.116573e-01 0.000000e+00 -2.588235e-06)	(-1.112003e-01 0.000000e+00 3.986533e-06)
5.220000e+03	lowerWall	(-1.116035e-01 0.000000e+00 -2.580774e-06)	(-1.111473e-01 0.000000e+00 3.978658e-06)
5.230000e+03	lowerWall	(-1.115499e-01 0.000000e+00 -2.573342e-06)	(-1.110943e-01 0.000000e+00 3.970783e-06)
5.240000e+03	lowerWall	(-1.114966e-01 0.000000e+00 -2.635072e-06)	(-1.110400e-01 0.000000e+00 3.953065e-06)
5.250000e+03	lowerWall	(-1.114434e-01 0.000000e+00 -2.621586e-06)	(-1.109873e-01 0.000000e+00 3.943597e-06)
5.260000e+03	lowerWall	(-1.113904e-01 0.000000e+00 -2.610918e-06)	(-1.109349e-01 0.000000e+00 3.934358e-06)
5.270000e+03	lowerWall	(-1.113375e-01 0.000000e+00 -2.601221e-06)	(-1.108827e-01 0.000000e+00 3.925355e-06)
5.280000e+03	lowerWall	(-1.112849e-01 0.000000e+00 -2.592118e-06)	(-1.108306e-01 0.000000e+00 3.916519e-06)
5.290000e+03	lowerWall	(-1.112324e-01 0.000000e+00 -2.583418e-06)	(-1.107788e-01 0.000000e+00 3.907805e-06)
5.300000e+03	lowerWall	(-1.111801e-01 0.000000e+00 -2.575005e-06)	(-1.107271e-01 0.000000e+00 3.899183e-06)
5.310000e+03	lowerWall	(-1.111279e-01 0.000000e+00 -2.566807e-06)	(-1.106755e-01 0.000000e+00 3.890632e-06)
5.320000e+03	lowerWall	(-1.110759e-01 0.000000e+00 -2.558778e-06)	(-1.106242e-01 0.000000e+00 3.882138e-06)
5.330000e+03	lowerWall	(-1.110241e-01 0.000000e+00 -2.550888e-06)	(-1.105730e-01 0.000000e+00 3.873692e-06)
5.340000e+03	lowerWall	(-1.109725e-01 0.000000e+00 -2.542923e-06)	(-1.105220e-01 0.000000e+00 3.865268e-06)
5.350000e+03	lowerWall	(-1.109210e-01 0.000000e+00 -2.535171e-06)	(-1.104712e-01 0.000000e+00 3.856914e-06)
5.360000e+03	lowerWall	(-1.108697e-01 0.000000e+00 -2.527583e-06)	(-1.104205e-01 0.000000e+00 3.848712e-06)
5.370000e+03	lowerWall	(-1.108186e-01 0.000000e+00 -2.520101e-06)	(-1.103701e-01 0.000000e+00 3.840566e-06)
5.380000e+03	lowerWall	(-1.107677e-01 0.000000e+00 -2.512705e-06)	(-1.103198e-01 0.000000e+00 3.832061e-06)
5.390000e+03	lowerWall	(-1.107169e-01 0.000000e+00 -2.505381e-06)	(-1.102696e-01 0.000000e+00 3.823039e-06)
5.400000e+03	lowerWall	(-1.106662e-01 0.000000e+00 -2.498121e-06)	(-1.102197e-01 0.000000e+00 3.814106e-06)
5.410000e+03	lowerWall	(-1.106158e-01 0.000000e+00 -2.490919e-06)	(-1.101699e-01 0.000000e+00 3.805463e-06)
5.420000e+03	lowerWall	(-1.105655e-01 0.000000e+00 -2.483770e-06)	(-1.101202e-01 0.000000e+00 3.796997e-06)
5.430000e+03	lowerWall	(-1.105153e-01 0.000000e+00 -2.476671e-06)	(-1.100707e-01 0.000000e+00 3.788591e-06)
5.440000e+03	lowerWall	(-1.104654e-01 0.000000e+00 -2.469620e-06)	(-1.100214e-01 0.000000e+00 3.780209e-06)
5.450000e+03	lowerWall	(-1.104156e-01 0.000000e+00 -2.462612e-06)	(-1.099723e-01 0.000000e+00 3.771849e-06)
5.460000e+03	lowerWall	(-1.103659e-01 0.000000e+00 -2.455637e-06)	(-1.099233e-01 0.000000e+00 3.764332e-06)
5.470000e+03	lowerWall	(-1.103164e-01 0.000000e+00 -2.448703e-06)	(-1.098744e-01 0.000000e+00 3.757175e-06)
5.480000e+03	lowerWall	(-1.102671e-01 0.000000e+00 -2.441806e-06)	(-1.098257e-01 0.000000e+00 3.750030e-06)
5.490000e+03	lowerWall	(-1.102179e-01 0.000000e+00 -2.434946e-06)	(-1.097772e-01 0.000000e+00 3.742894e-06)
5.500000e+03	lowerWall	(-1.101689e-01 0.000000e+00 -2.428122e-06)	(-1.097289e-01 0.000000e+00 3.735766e-06)
5.510000e+03	lowerWall	(-1.101201e-01 0.000000e+00 -2.421333e-06)	(-1.096806e-01 0.000000e+00 3.728646e-06)
5.520000e+03	lowerWall	(-1.100714e-01 0.000000e+00 -2.414577e-06)	(-1.096326e-01 0.000000e+00 3.721533e-06)
5.530000e+03	lowerWall	(-1.100229e-01 0.000000e+00 -2.407856e-06)	(-1.095847e-01 0.000000e+00 3.714426e-06)
5.540000e+03	lowerWall	(-1.099745e-01 0.000000e+00 -2.401169e-06)	(-1.095370e-01 0.000000e+00 3.707324e-06)
5.550000e+03	lowerWall	(-1.099263e-01 0.000000e+00 -2.394514e-06)	(-1.094894e-01 0.000000e+00 3.700228e-06)
5.560000e+03	lowerWall	(-1.098782e-01 0.000000e+00 -2.387890e-06)	(-1.094419e-01 0.000000e+00 3.693138e-06)
5.570000e+03	lowerWall	(-1.098303e-01 0.000000e+00 -2.381299e-06)	(-1.093947e-01 0.000000e+00 3.686051e-06)
5.580000e+03	lowerWall	(-1.097826e-01 0.000000e+00 -2.374738e-06)	(-1.093475e-01 0.000000e+00 3.678970e-06)
5.590000e+03	lowerWall	(-1.097350e-01 0.000000e+00 -2.368207e-06)	(-1.093006e-01 0.000000e+00 3.671892e-06)
5.600000e+03	lowerWall	(-1.096875e-01 0.000000e+00 -2.361707e-06)	(-1.092537e-01 0.000000e+00 3.664818e-06)
5.610000e+03	lowerWall	(-1.096403e-01 0.000000e+00 -2.355236e-06)	(-1.092071e-01 0.000000e+00 3.657749e-06)
5.620000e+03	lowerWall	(-1.095931e-01 0.000000e+00 -2.348794e-06)	(-1.091605e-01 0.000000e+00 3.650682e-06)
5.630000e+03	lowerWall	(-1.095461e-01 0.000000e+00 -2.342381e-06)	(-1.091142e-01 0.000000e+00 3.643619e-06)
5.640000e+03	lowerWall	(-1.094993e-01 0.000000e+00 -2.335996e-06)	(-1.090679e-01 0.000000e+00 3.636559e-06)
5.650000e+03	lowerWall	(-1.094526e-01 0.000000e+00 -2.329639e-06)	(-1.090218e-01 0.000000e+00 3.629502e-06)
5.660000e+03	lowerWall	(-1.094061e-01 0.000000e+00 -2.323310e-06)	(-1.089759e-01 0.000000e+00 3.622449e-06)
5.670000e+03	lowerWall	(-1.093597e-01 0.000000e+00 -2.317008e-06)	(-1.089301e-01 0.000000e+00 3.615398e-06)
5.680000e+03	lowerWall	(-1.093134e-01 0.000000e+00 -2.310734e-06)	(-1.088845e-01 0.000000e+00 3.608350e-06)
5.690000e+03	lowerWall	(-1.092673e-01 0.000000e+00 -2.304486e-06)	(-1.088390e-01 0.000000e+00 3.601305e-06)
5.700000e+03	lowerWall	(-1.092214e-01 0.000000e+00 -2.298264e-06)	(-1.087936e-01 0.000000e+00 3.594263e-06)
5.710000e+03	lowerWall	(-1.091756e-01 0.000000e+00 -2.292069e-06)	(-1.087484e-01 0.000000e+00 3.587224e-06)
5.720000e+03	lowerWall	(-1.091299e-01 0.000000e+00 -2.285900e-06)	(-1.087033e-01 0.000000e+00 3.580187e-06)
5.730000e+03	lowerWall	(-1.090844e-01 0.000000e+00 -2.279756e-06)	(-1.086584e-01 0.000000e+00 3.573153e-06)
5.740000e+03	lowerWall	(-1.090390e-01 0.000000e+00 -2.273638e-06)	(-1.086136e-01 0.000000e+00 3.566122e-06)
5.750000e+03	lowerWall	(-1.089937e-01 0.000000e+00 -2.267545e-06)	(-1.085690e-01 0.000000e+00 3.559094e-06)
5.760000e+03	lowerWall	(-1.089485e-01 0.000000e+00 -2.170051e-06)	(-1.085250e-01 0.000000e+00 3.564579e-06)
5.770000e+03	lowerWall	(-1.089034e-01 0.000000e+00 -2.181442e-06)	(-1.084810e-01 0.000000e+00 3.563217e-06)
5.780000e+03	lowerWall	(-1.088585e-01 0.000000e+00 -2.185909e-06)	(-1.084371e-01 0.000000e+00 3.560422e-06)
5.790000e+03	lowerWall	(-1.088138e-01 0.000000e+00 -2.186604e-06)	(-1.083932e-01 0.000000e+00 3.556703e-06)
5.800000e+03	lowerWall	(-1.087691e-01 0.000000e+00 -2.185343e-06)	(-1.083494e-01 0.000000e+00 3.552371e-06)
5.810000e+03	lowerWall	(-1.087247e-01 0.000000e+00 -2.182987e-06)	(-1.083058e-01 0.000000e+00 3.547633e-06)
5.820000e+03	lowerWall	(-1.086803e-01 0.000000e+00 -2.179965e-06)	(-1.082622e-01 0.000000e+00 3.542612e-06)
5.830000e+03	lowerWall	(-1.086362e-01 0.000000e+00 -2.176500e-06)	(-1.082188e-01 0.000000e+00 3.537385e-06)
5.840000e+03	lowerWall	(-1.085921e-01 0.000000e+00 -2.172714e-06)	(-1.081755e-01 0.000000e+00 3.532004e-06)
5.850000e+03	lowerWall	(-1.085482e-01 0.000000e+00 -2.168661e-06)	(-1.081323e-01 0.000000e+00 3.526502e-06)
5.860000e+03	lowerWall	(-1.085045e-01 0.000000e+00 -2.164411e-06)	(-1.080892e-01 0.000000e+00 3.520901e-06)
5.870000e+03	lowerWall	(-1.084608e-01 0.000000e+00 -2.159993e-06)	(-1.080462e-01 0.000000e+00 3.515219e-06)
5.880000e+03	lowerWall	(-1.084173e-01 0.000000e+00 -2.155435e-06)	(-1.080034e-01 0.000000e+00 3.509467e-06)
5.890000e+03	lowerWall	(-1.083740e-01 0.000000e+00 -2.150760e-06)	(-1.079606e-01 0.000000e+00 3.503654e-06)
5.900000e+03	lowerWall	(-1.083308e-01 0.000000e+00 -2.145983e-06)	(-1.079181e-01 0.000000e+00 3.497790e-06)
5.910000e+03	lowerWall	(-1.082877e-01 0.000000e+00 -2.141121e-06)	(-1.078756e-01 0.000000e+00 3.491878e-06)
5.920000e+03	lowerWall	(-1.082447e-01 0.000000e+00 -2.136186e-06)	(-1.078333e-01 0.000000e+00 3.485925e-06)
5.930000e+03	lowerWall	(-1.082019e-01 0.000000e+00 -2.131190e-06)	(-1.077910e-01 0.000000e+00 3.479934e-06)
5.940000e+03	lowerWall	(-1.081592e-01 0.000000e+00 -2.126142e-06)	(-1.077489e-01 0.000000e+00 3.473908e-06)
5.950000e+03	lowerWall	(-1.081167e-01 0.000000e+00 -2.121050e-06)	(-1.077070e-01 0.000000e+00 3.467851e-06)
5.960000e+03	lowerWall	(-1.080742e-01 0.000000e+00 -2.115922e-06)	(-1.076651e-01 0.000000e+00 3.461766e-06)
5.970000e+03	lowerWall	(-1.080319e-01 0.000000e+00 -2.110764e-06)	(-1.076234e-01 0.000000e+00 3.456612e-06)
5.980000e+03	lowerWall	(-1.079898e-01 0.000000e+00 -2.105582e-06)	(-1.075818e-01 0.000000e+00 3.451689e-06)
5.990000e+03	lowerWall	(-1.079477e-01 0.000000e+00 -2.100380e-06)	(-1.075404e-01 0.000000e+00 3.446733e-06)
6.000000e+03	lowerWall	(-1.079058e-01 0.000000e+00 -2.095162e-06)	(-1.074990e-01 0.000000e+00 3.441744e-06)
6.010000e+03	lowerWall	(-1.078640e-01 0.000000e+00 -2.089934e-06)	(-1.074578e-01 0.000000e+00 3.436726e-06)
6.020000e+03	lowerWall	(-1.078224e-01 0.000000e+00 -2.084697e-06)	(-1.074167e-01 0.000000e+00 3.431679e-06)
6.030000e+03	lowerWall	(-1.077809e-01 0.000000e+00 -2.079456e-06)	(-1.073758e-01 0.000000e+00 3.426606e-06)
6.040000e+03	lowerWall	(-1.077394e-01 0.000000e+00 -2.074212e-06)	(-1.073349e-01 0.000000e+00 3.421506e-06)
6.050000e+03	lowerWall	(-1.076982e-01 0.000000e+00 -2.068967e-06)	(-1.072942e-01 0.000000e+00 3.416383e-06)
6.060000e+03	lowerWall	(-1.076570e-01 0.000000e+00 -2.063725e-06)	(-1.072536e-01 0.000000e+00 3.411236e-06)
6.070000e+03	lowerWall	(-1.076160e-01 0.000000e+00 -2.058487e-06)	(-1.072131e-01 0.000000e+00 3.406067e-06)
6.080000e+03	lowerWall	(-1.075751e-01 0.000000e+00 -2.053254e-06)	(-1.071727e-01 0.000000e+00 3.400877e-06)
6.090000e+03	lowerWall	(-1.075343e-01 0.000000e+00 -2.048027e-06)	(-1.071325e-01 0.000000e+00 3.395667e-06)
6.100000e+03	lowerWall	(-1.074936e-01 0.000000e+00 -2.042809e-06)	(-1.070924e-01 0.000000e+00 3.390437e-06)
6.110000e+03	lowerWall	(-1.074531e-01 0.000000e+00 -2.037600e-06)	(-1.070524e-01 0.000000e+00 3.385189e-06)
6.120000e+03	lowerWall	(-1.074126e-01 0.000000e+00 -2.032401e-06)	(-1.070125e-01 0.000000e+00 3.379922e-06)
6.130000e+03	lowerWall	(-1.073723e-01 0.000000e+00 -2.027211e-06)	(-1.069727e-01 0.000000e+00 3.374638e-06)
6.140000e+03	lowerWall	(-1.073321e-01 0.000000e+00 -2.021808e-06)	(-1.069331e-01 0.000000e+00 3.369320e-06)
6.150000e+03	lowerWall	(-1.072921e-01 0.000000e+00 -2.016600e-06)	(-1.068936e-01 0.000000e+00 3.364025e-06)
6.160000e+03	lowerWall	(-1.072521e-01 0.000000e+00 -2.011453e-06)	(-1.068542e-01 0.000000e+00 3.358809e-06)
6.170000e+03	lowerWall	(-1.072123e-01 0.000000e+00 -2.006336e-06)	(-1.068150e-01 0.000000e+00 3.353664e-06)
6.180000e+03	lowerWall	(-1.071726e-01 0.000000e+00 -2.001241e-06)	(-1.067758e-01 0.000000e+00 3.348487e-06)
6.190000e+03	lowerWall	(-1.071330e-01 0.000000e+00 -1.996165e-06)	(-1.067368e-01 0.000000e+00 3.343014e-06)
6.200000e+03	lowerWall	(-1.070935e-01 0.000000e+00 -1.991104e-06)	(-1.066979e-01 0.000000e+00 3.337044e-06)
6.210000e+03	lowerWall	(-1.070542e-01 0.000000e+00 -1.986058e-06)	(-1.066591e-01 0.000000e+00 3.330898e-06)
6.220000e+03	lowerWall	(-1.070149e-01 0.000000e+00 -1.981026e-06)	(-1.066204e-01 0.000000e+00 3.324940e-06)
6.230000e+03	lowerWall	(-1.069758e-01 0.000000e+00 -1.976008e-06)	(-1.065818e-01 0.000000e+00 3.319172e-06)
6.240000e+03	lowerWall	(-1.069368e-01 0.000000e+00 -1.971003e-06)	(-1.065433e-01 0.000000e+00 3.313479e-06)
6.250000e+03	lowerWall	(-1.068978e-01 0.000000e+00 -1.966012e-06)	(-1.065049e-01 0.000000e+00 3.307798e-06)
6.260000e+03	lowerWall	(-1.068591e-01 0.000000e+00 -2.050369e-06)	(-1.064654e-01 0.000000e+00 3.294361e-06)
6.270000e+03	lowerWall	(-1.068205e-01 0.000000e+00 -2.013692e-06)	(-1.064266e-01 0.000000e+00 3.289450e-06)
6.280000e+03	lowerWall	(-1.067820e-01 0.000000e+00 -2.003504e-06)	(-1.063884e-01 0.000000e+00 3.283207e-06)
6.290000e+03	lowerWall	(-1.067436e-01 0.000000e+00 -1.995366e-06)	(-1.063504e-01 0.000000e+00 3.277001e-06)
6.300000e+03	lowerWall	(-1.067053e-01 0.000000e+00 -1.988084e-06)	(-1.063125e-01 0.000000e+00 3.270864e-06)
6.310000e+03	lowerWall	(-1.066671e-01 0.000000e+00 -1.981350e-06)	(-1.062748e-01 0.000000e+00 3.264780e-06)
6.320000e+03	lowerWall	(-1.066291e-01 0.000000e+00 -1.974990e-06)	(-1.062371e-01 0.000000e+00 3.258738e-06)
6.330000e+03	lowerWall	(-1.065911e-01 0.000000e+00 -1.968900e-06)	(-1.061996e-01 0.000000e+00 3.252726e-06)
6.340000e+03	lowerWall	(-1.065532e-01 0.000000e+00 -1.963011e-06)	(-1.061621e-01 0.000000e+00 3.246739e-06)
6.350000e+03	lowerWall	(-1.065155e-01 0.000000e+00 -1.957280e-06)	(-1.061248e-01 0.000000e+00 3.240771e-06)
6.360000e+03	lowerWall	(-1.064779e-01 0.000000e+00 -1.951676e-06)	(-1.060876e-01 0.000000e+00 3.234819e-06)
6.370000e+03	lowerWall	(-1.064403e-01 0.000000e+00 -1.946178e-06)	(-1.060505e-01 0.000000e+00 3.228880e-06)
6.380000e+03	lowerWall	(-1.064029e-01 0.000000e+00 -1.940770e-06)	(-1.060135e-01 0.000000e+00 3.222952e-06)
6.390000e+03	lowerWall	(-1.063656e-01 0.000000e+00 -1.935442e-06)	(-1.059767e-01 0.000000e+00 3.217032e-06)
6.400000e+03	lowerWall	(-1.063284e-01 0.000000e+00 -1.930184e-06)	(-1.059399e-01 0.000000e+00 3.211120e-06)
6.410000e+03	lowerWall	(-1.062913e-01 0.000000e+00 -1.924979e-06)	(-1.059032e-01 0.000000e+00 3.205215e-06)
6.420000e+03	lowerWall	(-1.062543e-01 0.000000e+00 -1.919832e-06)	(-1.058667e-01 0.000000e+00 3.199316e-06)
6.430000e+03	lowerWall	(-1.062174e-01 0.000000e+00 -1.914736e-06)	(-1.058302e-01 0.000000e+00 3.193421e-06)
6.440000e+03	lowerWall	(-1.061806e-01 0.000000e+00 -1.909687e-06)	(-1.057939e-01 0.000000e+00 3.187531e-06)
6.450000e+03	lowerWall	(-1.061439e-01 0.000000e+00 -1.904682e-06)	(-1.057577e-01 0.000000e+00 3.181645e-06)
6.460000e+03	lowerWall	(-1.061073e-01 0.000000e+00 -1.899718e-06)	(-1.057215e-01 0.000000e+00 3.175762e-06)
6.470000e+03	lowerWall	(-1.060708e-01 0.000000e+00 -1.894793e-06)	(-1.056855e-01 0.000000e+00 3.169882e-06)
6.480000e+03	lowerWall	(-1.060344e-01 0.000000e+00 -1.889904e-06)	(-1.056496e-01 0.000000e+00 3.164005e-06)
6.490000e+03	lowerWall	(-1.059982e-01 0.000000e+00 -1.885049e-06)	(-1.056138e-01 0.000000e+00 3.158130e-06)
6.500000e+03	lowerWall	(-1.059620e-01 0.000000e+00 -1.880227e-06)	(-1.055781e-01 0.000000e+00 3.152257e-06)
6.510000e+03	lowerWall	(-1.059259e-01 0.000000e+00 -1.875436e-06)	(-1.055424e-01 0.000000e+00 3.146387e-06)
6.520000e+03	lowerWall	(-1.058900e-01 0.000000e+00 -1.870675e-06)	(-1.055069e-01 0.000000e+00 3.140518e-06)
6.530000e+03	lowerWall	(-1.058541e-01 0.000000e+00 -1.865942e-06)	(-1.054715e-01 0.000000e+00 3.134650e-06)
6.540000e+03	lowerWall	(-1.058183e-01 0.000000e+00 -1.861237e-06)	(-1.054362e-01 0.000000e+00 3.129285e-06)
6.550000e+03	lowerWall	(-1.057827e-01 0.000000e+00 -1.856557e-06)	(-1.054010e-01 0.000000e+00 3.124298e-06)
6.560000e+03	lowerWall	(-1.057471e-01 0.000000e+00 -1.851903e-06)	(-1.053659e-01 0.000000e+00 3.119307e-06)
6.570000e+03	lowerWall	(-1.057117e-01 0.000000e+00 -1.847274e-06)	(-1.053309e-01 0.000000e+00 3.114312e-06)
6.580000e+03	lowerWall	(-1.056763e-01 0.000000e+00 -1.842668e-06)	(-1.052960e-01 0.000000e+00 3.109313e-06)
6.590000e+03	lowerWall	(-1.056410e-01 0.000000e+00 -1.838085e-06)	(-1.052612e-01 0.000000e+00 3.104310e-06)
6.600000e+03	lowerWall	(-1.056059e-01 0.000000e+00 -1.833510e-06)	(-1.052264e-01 0.000000e+00 3.099297e-06)
6.610000e+03	lowerWall	(-1.055708e-01 0.000000e+00 -1.828960e-06)	(-1.051918e-01 0.000000e+00 3.094274e-06)
6.620000e+03	lowerWall	(-1.055358e-01 0.000000e+00 -1.824440e-06)	(-1.051573e-01 0.000000e+00 3.089248e-06)
6.630000e+03	lowerWall	(-1.055010e-01 0.000000e+00 -1.819943e-06)	(-1.051229e-01 0.000000e+00 3.084220e-06)
6.640000e+03	lowerWall	(-1.054662e-01 0.000000e+00 -1.815467e-06)	(-1.050886e-01 0.000000e+00 3.079190e-06)
6.650000e+03	lowerWall	(-1.054315e-01 0.000000e+00 -1.811012e-06)	(-1.050543e-01 0.000000e+00 3.074157e-06)
6.660000e+03	lowerWall	(-1.053969e-01 0.000000e+00 -1.806576e-06)	(-1.050202e-01 0.000000e+00 3.069122e-06)
6.670000e+03	lowerWall	(-1.053624e-01 0.000000e+00 -1.802159e-06)	(-1.049862e-01 0.000000e+00 3.064082e-06)
6.680000e+03	lowerWall	(-1.053280e-01 0.000000e+00 -1.797760e-06)	(-1.049522e-01 0.000000e+00 3.059039e-06)
6.690000e+03	lowerWall	(-1.052938e-01 0.000000e+00 -1.793380e-06)	(-1.049184e-01 0.000000e+00 3.053992e-06)
6.700000e+03	lowerWall	(-1.052596e-01 0.000000e+00 -1.789018e-06)	(-1.048846e-01 0.000000e+00 3.048941e-06)
6.710000e+03	lowerWall	(-1.052254e-01 0.000000e+00 -1.784673e-06)	(-1.048510e-01 0.000000e+00 3.043887e-06)
6.720000e+03	lowerWall	(-1.051914e-01 0.000000e+00 -1.780346e-06)	(-1.048174e-01 0.000000e+00 3.038828e-06)
6.730000e+03	lowerWall	(-1.051575e-01 0.000000e+00 -1.776036e-06)	(-1.047839e-01 0.000000e+00 3.033766e-06)
6.740000e+03	lowerWall	(-1.051237e-01 0.000000e+00 -1.771743e-06)	(-1.047505e-01 0.000000e+00 3.028700e-06)
6.750000e+03	lowerWall	(-1.050900e-01 0.000000e+00 -1.767467e-06)	(-1.047173e-01 0.000000e+00 3.023630e-06)
6.760000e+03	lowerWall	(-1.050563e-01 0.000000e+00 -1.763207e-06)	(-1.046841e-01 0.000000e+00 3.018556e-06)
6.770000e+03	lowerWall	(-1.050228e-01 0.000000e+00 -1.758964e-06)	(-1.046510e-01 0.000000e+00 3.013479e-06)
6.780000e+03	lowerWall	(-1.049893e-01 0.000000e+00 -1.754737e-06)	(-1.046179e-01 0.000000e+00 3.008398e-06)
6.790000e+03	lowerWall	(-1.049560e-01 0.000000e+00 -1.750525e-06)	(-1.045850e-01 0.000000e+00 3.003314e-06)
6.800000e+03	lowerWall	(-1.049227e-01 0.000000e+00 -1.746330e-06)	(-1.045522e-01 0.000000e+00 2.998227e-06)
6.810000e+03	lowerWall	(-1.048895e-01 0.000000e+00 -1.742150e-06)	(-1.045194e-01 0.000000e+00 2.993136e-06)
6.820000e+03	lowerWall	(-1.048564e-01 0.000000e+00 -1.737986e-06)	(-1.044868e-01 0.000000e+00 2.988042e-06)
6.830000e+03	lowerWall	(-1.048234e-01 0.000000e+00 -1.733836e-06)	(-1.044542e-01 0.000000e+00 2.982945e-06)
6.840000e+03	lowerWall	(-1.047905e-01 0.000000e+00 -1.729701e-06)	(-1.044218e-01 0.000000e+00 2.977845e-06)
6.850000e+03	lowerWall	(-1.047577e-01 0.000000e+00 -1.725582e-06)	(-1.043894e-01 0.000000e+00 2.972741e-06)
6.860000e+03	lowerWall	(-1.047249e-01 0.000000e+00 -1.721477e-06)	(-1.043571e-01 0.000000e+00 2.967635e-06)
6.870000e+03	lowerWall	(-1.046923e-01 0.000000e+00 -1.717387e-06)	(-1.043249e-01 0.000000e+00 2.962525e-06)
6.880000e+03	lowerWall	(-1.046597e-01 0.000000e+00 -1.713312e-06)	(-1.042927e-01 0.000000e+00 2.957413e-06)
6.890000e+03	lowerWall	(-1.046273e-01 0.000000e+00 -1.709251e-06)	(-1.042607e-01 0.000000e+00 2.952298e-06)
6.900000e+03	lowerWall	(-1.045949e-01 0.000000e+00 -1.705205e-06)	(-1.042288e-01 0.000000e+00 2.947180e-06)
6.910000e+03	lowerWall	(-1.045626e-01 0.000000e+00 -1.701173e-06)	(-1.041969e-01 0.000000e+00 2.942059e-06)
6.920000e+03	lowerWall	(-1.045304e-01 0.000000e+00 -1.697155e-06)	(-1.041651e-01 0.000000e+00 2.936936e-06)
6.930000e+03	lowerWall	(-1.044983e-01 0.000000e+00 -1.693151e-06)	(-1.041334e-01 0.000000e+00 2.931811e-06)
6.940000e+03	lowerWall	(-1.044662e-01 0.000000e+00 -1.689161e-06)	(-1.041018e-01 0.000000e+00 2.926683e-06)
6.950000e+03	lowerWall	(-1.044343e-01 0.000000e+00 -1.685184e-06)	(-1.040703e-01 0.000000e+00 2.921553e-06)
6.960000e+03	lowerWall	(-1.044024e-01 0.000000e+00 -1.681222e-06)	(-1.040389e-01 0.000000e+00 2.916421e-06)
6.970000e+03	lowerWall	(-1.043706e-01 0.000000e+00 -1.677273e-06)	(-1.040075e-01 0.000000e+00 2.911287e-06)
6.980000e+03	lowerWall	(-1.043390e-01 0.000000e+00 -1.673337e-06)	(-1.039763e-01 0.000000e+00 2.906151e-06)
6.990000e+03	lowerWall	(-1.043073e-01 0.000000e+00 -1.669415e-06)	(-1.039451e-01 0.000000e+00 2.901013e-06)
7.000000e+03	lowerWall	(-1.042758e-01 0.000000e+00 -1.665506e-06)	(-1.039140e-01 0.000000e+00 2.895873e-06)
7.010000e+03	lowerWall	(-1.042444e-01 0.000000e+00 -1.661610e-06)	(-1.038830e-01 0.000000e+00 2.890731e-06)
7.020000e+03	lowerWall	(-1.042130e-01 0.000000e+00 -1.657728e-06)	(-1.038521e-01 0.000000e+00 2.885588e-06)
7.030000e+03	lowerWall	(-1.041818e-01 0.000000e+00 -1.653858e-06)	(-1.038212e-01 0.000000e+00 2.880444e-06)
7.040000e+03	lowerWall	(-1.041506e-01 0.000000e+00 -1.650002e-06)	(-1.037905e-01 0.000000e+00 2.875298e-06)
7.050000e+03	lowerWall	(-1.041195e-01 0.000000e+00 -1.646158e-06)	(-1.037598e-01 0.000000e+00 2.870150e-06)
7.060000e+03	lowerWall	(-1.040885e-01 0.000000e+00 -1.642327e-06)	(-1.037292e-01 0.000000e+00 2.865001e-06)
7.070000e+03	lowerWall	(-1.040575e-01 0.000000e+00 -1.638509e-06)	(-1.036987e-01 0.000000e+00 2.859851e-06)
7.080000e+03	lowerWall	(-1.040267e-01 0.000000e+00 -1.634704e-06)	(-1.036682e-01 0.000000e+00 2.854700e-06)
7.090000e+03	lowerWall	(-1.039959e-01 0.000000e+00 -1.630911e-06)	(-1.036379e-01 0.000000e+00 2.849548e-06)
7.100000e+03	lowerWall	(-1.039652e-01 0.000000e+00 -1.627032e-06)	(-1.036076e-01 0.000000e+00 2.844391e-06)
7.110000e+03	lowerWall	(-1.039346e-01 0.000000e+00 -1.623128e-06)	(-1.035774e-01 0.000000e+00 2.839230e-06)
7.120000e+03	lowerWall	(-1.039041e-01 0.000000e+00 -1.619364e-06)	(-1.035474e-01 0.000000e+00 2.834129e-06)
7.130000e+03	lowerWall	(-1.038737e-01 0.000000e+00 -1.615632e-06)	(-1.035173e-01 0.000000e+00 2.829736e-06)
7.140000e+03	lowerWall	(-1.038433e-01 0.000000e+00 -1.611919e-06)	(-1.034874e-01 0.000000e+00 2.825501e-06)
7.150000e+03	lowerWall	(-1.038130e-01 0.000000e+00 -1.608223e-06)	(-1.034576e-01 0.000000e+00 2.821306e-06)
7.160000e+03	lowerWall	(-1.037828e-01 0.000000e+00 -1.604541e-06)	(-1.034278e-01 0.000000e+00 2.817076e-06)
7.170000e+03	lowerWall	(-1.037527e-01 0.000000e+00 -1.600870e-06)	(-1.033981e-01 0.000000e+00 2.812659e-06)
7.180000e+03	lowerWall	(-1.037227e-01 0.000000e+00 -1.597209e-06)	(-1.033685e-01 0.000000e+00 2.807884e-06)
7.190000e+03	lowerWall	(-1.036927e-01 0.000000e+00 -1.593560e-06)	(-1.033389e-01 0.000000e+00 2.802797e-06)
7.200000e+03	lowerWall	(-1.036628e-01 0.000000e+00 -1.589920e-06)	(-1.033094e-01 0.000000e+00 2.797704e-06)
7.210000e+03	lowerWall	(-1.036330e-01 0.000000e+00 -1.586291e-06)	(-1.032801e-01 0.000000e+00 2.792790e-06)
7.220000e+03	lowerWall	(-1.036032e-01 0.000000e+00 -1.582673e-06)	(-1.032507e-01 0.000000e+00 2.788023e-06)
7.230000e+03	lowerWall	(-1.035736e-01 0.000000e+00 -1.579065e-06)	(-1.032215e-01 0.000000e+00 2.783309e-06)
7.240000e+03	lowerWall	(-1.035440e-01 0.000000e+00 -1.575467e-06)	(-1.031923e-01 0.000000e+00 2.778614e-06)
7.250000e+03	lowerWall	(-1.035145e-01 0.000000e+00 -1.571879e-06)	(-1.031632e-01 0.000000e+00 2.773934e-06)
7.260000e+03	lowerWall	(-1.034850e-01 0.000000e+00 -1.568301e-06)	(-1.031342e-01 0.000000e+00 2.769264e-06)
7.270000e+03	lowerWall	(-1.034557e-01 0.000000e+00 -1.564734e-06)	(-1.031053e-01 0.000000e+00 2.764601e-06)
7.280000e+03	lowerWall	(-1.034264e-01 0.000000e+00 -1.561178e-06)	(-1.030764e-01 0.000000e+00 2.759945e-06)
7.290000e+03	lowerWall	(-1.033972e-01 0.000000e+00 -1.557631e-06)	(-1.030476e-01 0.000000e+00 2.755293e-06)
7.300000e+03	lowerWall	(-1.033681e-01 0.000000e+00 -1.554094e-06)	(-1.030189e-01 0.000000e+00 2.750645e-06)
7.310000e+03	lowerWall	(-1.033390e-01 0.000000e+00 -1.550568e-06)	(-1.029903e-01 0.000000e+00 2.745999e-06)
7.320000e+03	lowerWall	(-1.033101e-01 0.000000e+00 -1.547051e-06)	(-1.029617e-01 0.000000e+00 2.741355e-06)
7.330000e+03	lowerWall	(-1.032812e-01 0.000000e+00 -1.543546e-06)	(-1.029332e-01 0.000000e+00 2.736713e-06)
7.340000e+03	lowerWall	(-1.032523e-01 0.000000e+00 -1.540050e-06)	(-1.029048e-01 0.000000e+00 2.732073e-06)
7.350000e+03	lowerWall	(-1.032236e-01 0.000000e+00 -1.536566e-06)	(-1.028765e-01 0.000000e+00 2.727433e-06)
7.360000e+03	lowerWall	(-1.031949e-01 0.000000e+00 -1.533092e-06)	(-1.028482e-01 0.000000e+00 2.722794e-06)
7.370000e+03	lowerWall	(-1.031663e-01 0.000000e+00 -1.529629e-06)	(-1.028200e-01 0.000000e+00 2.718156e-06)
7.380000e+03	lowerWall	(-1.031378e-01 0.000000e+00 -1.526177e-06)	(-1.027919e-01 0.000000e+00 2.713518e-06)
7.390000e+03	lowerWall	(-1.031093e-01 0.000000e+00 -1.522735e-06)	(-1.027638e-01 0.000000e+00 2.708881e-06)
7.400000e+03	lowerWall	(-1.030809e-01 0.000000e+00 -1.519304e-06)	(-1.027359e-01 0.000000e+00 2.704244e-06)
7.410000e+03	lowerWall	(-1.030526e-01 0.000000e+00 -1.515883e-06)	(-1.027079e-01 0.000000e+00 2.699607e-06)
7.420000e+03	lowerWall	(-1.030244e-01 0.000000e+00 -1.512473e-06)	(-1.026801e-01 0.000000e+00 2.694970e-06)
7.430000e+03	lowerWall	(-1.029962e-01 0.000000e+00 -1.509073e-06)	(-1.026523e-01 0.000000e+00 2.690334e-06)
7.440000e+03	lowerWall	(-1.029681e-01 0.000000e+00 -1.505685e-06)	(-1.026246e-01 0.000000e+00 2.685696e-06)
7.450000e+03	lowerWall	(-1.029401e-01 0.000000e+00 -1.502307e-06)	(-1.025970e-01 0.000000e+00 2.681058e-06)
7.460000e+03	lowerWall	(-1.029121e-01 0.000000e+00 -1.498939e-06)	(-1.025695e-01 0.000000e+00 2.676420e-06)
7.470000e+03	lowerWall	(-1.028842e-01 0.000000e+00 -1.495582e-06)	(-1.025420e-01 0.000000e+00 2.671781e-06)
7.480000e+03	lowerWall	(-1.028564e-01 0.000000e+00 -1.492235e-06)	(-1.025146e-01 0.000000e+00 2.667143e-06)
7.490000e+03	lowerWall	(-1.028287e-01 0.000000e+00 -1.488898e-06)	(-1.024872e-01 0.000000e+00 2.662504e-06)
7.500000e+03	lowerWall	(-1.028010e-01 0.000000e+00 -1.485572e-06)	(-1.024600e-01 0.000000e+00 2.657865e-06)
7.510000e+03	lowerWall	(-1.027734e-01 0.000000e+00 -1.482256e-06)	(-1.024328e-01 0.000000e+00 2.653225e-06)
7.520000e+03	lowerWall	(-1.027459e-01 0.000000e+00 -1.478950e-06)	(-1.024056e-01 0.000000e+00 2.648586e-06)
7.530000e+03	lowerWall	(-1.027184e-01 0.000000e+00 -1.475655e-06)	(-1.023785e-01 0.000000e+00 2.643946e-06)
7.540000e+03	lowerWall	(-1.026910e-01 0.000000e+00 -1.472369e-06)	(-1.023516e-01 0.000000e+00 2.639305e-06)
7.550000e+03	lowerWall	(-1.026637e-01 0.000000e+00 -1.469094e-06)	(-1.023246e-01 0.000000e+00 2.634665e-06)
7.560000e+03	lowerWall	(-1.026364e-01 0.000000e+00 -1.465829e-06)	(-1.022978e-01 0.000000e+00 2.630023e-06)
7.570000e+03	lowerWall	(-1.026092e-01 0.000000e+00 -1.462574e-06)	(-1.022710e-01 0.000000e+00 2.625382e-06)
7.580000e+03	lowerWall	(-1.025821e-01 0.000000e+00 -1.459329e-06)	(-1.022442e-01 0.000000e+00 2.620740e-06)
7.590000e+03	lowerWall	(-1.025551e-01 0.000000e+00 -1.456094e-06)	(-1.022176e-01 0.000000e+00 2.616098e-06)
7.600000e+03	lowerWall	(-1.025281e-01 0.000000e+00 -1.452869e-06)	(-1.021910e-01 0.000000e+00 2.611456e-06)
7.610000e+03	lowerWall	(-1.025012e-01 0.000000e+00 -1.449654e-06)	(-1.021645e-01 0.000000e+00 2.606813e-06)
7.620000e+03	lowerWall	(-1.024743e-01 0.000000e+00 -1.446449e-06)	(-1.021380e-01 0.000000e+00 2.602171e-06)
7.630000e+03	lowerWall	(-1.024475e-01 0.000000e+00 -1.443253e-06)	(-1.021116e-01 0.000000e+00 2.597528e-06)
7.640000e+03	lowerWall	(-1.024208e-01 0.000000e+00 -1.440068e-06)	(-1.020853e-01 0.000000e+00 2.592885e-06)
7.650000e+03	lowerWall	(-1.023942e-01 0.000000e+00 -1.436892e-06)	(-1.020590e-01 0.000000e+00 2.588242e-06)
7.660000e+03	lowerWall	(-1.023676e-01 0.000000e+00 -1.433726e-06)	(-1.020328e-01 0.000000e+00 2.583598e-06)
7.670000e+03	lowerWall	(-1.023411e-01 0.000000e+00 -1.430569e-06)	(-1.020067e-01 0.000000e+00 2.578955e-06)
7.680000e+03	lowerWall	(-1.023147e-01 0.000000e+00 -1.427422e-06)	(-1.019806e-01 0.000000e+00 2.574311e-06)
7.690000e+03	lowerWall	(-1.022883e-01 0.000000e+00 -1.424285e-06)	(-1.019547e-01 0.000000e+00 2.569668e-06)
7.700000e+03	lowerWall	(-1.022620e-01 0.000000e+00 -1.421157e-06)	(-1.019287e-01 0.000000e+00 2.565355e-06)
7.710000e+03	lowerWall	(-1.022357e-01 0.000000e+00 -1.418039e-06)	(-1.019029e-01 0.000000e+00 2.561342e-06)
7.720000e+03	lowerWall	(-1.022096e-01 0.000000e+00 -1.414930e-06)	(-1.018770e-01 0.000000e+00 2.557324e-06)
7.730000e+03	lowerWall	(-1.021835e-01 0.000000e+00 -1.411830e-06)	(-1.018513e-01 0.000000e+00 2.553302e-06)
7.740000e+03	lowerWall	(-1.021574e-01 0.000000e+00 -1.408741e-06)	(-1.018256e-01 0.000000e+00 2.549277e-06)
7.750000e+03	lowerWall	(-1.021314e-01 0.000000e+00 -1.405660e-06)	(-1.018000e-01 0.000000e+00 2.545247e-06)
7.760000e+03	lowerWall	(-1.021055e-01 0.000000e+00 -1.402589e-06)	(-1.017745e-01 0.000000e+00 2.541213e-06)
7.770000e+03	lowerWall	(-1.020797e-01 0.000000e+00 -1.399526e-06)	(-1.017490e-01 0.000000e+00 2.537176e-06)
7.780000e+03	lowerWall	(-1.020539e-01 0.000000e+00 -1.396474e-06)	(-1.017236e-01 0.000000e+00 2.533135e-06)
7.790000e+03	lowerWall	(-1.020281e-01 0.000000e+00 -1.393430e-06)	(-1.016982e-01 0.000000e+00 2.529090e-06)
7.800000e+03	lowerWall	(-1.020025e-01 0.000000e+00 -1.390396e-06)	(-1.016729e-01 0.000000e+00 2.525042e-06)
7.810000e+03	lowerWall	(-1.019769e-01 0.000000e+00 -1.387371e-06)	(-1.016477e-01 0.000000e+00 2.520989e-06)
7.820000e+03	lowerWall	(-1.019513e-01 0.000000e+00 -1.384355e-06)	(-1.016225e-01 0.000000e+00 2.516934e-06)
7.830000e+03	lowerWall	(-1.019259e-01 0.000000e+00 -1.381348e-06)	(-1.015974e-01 0.000000e+00 2.512875e-06)
7.840000e+03	lowerWall	(-1.019005e-01 0.000000e+00 -1.378350e-06)	(-1.015724e-01 0.000000e+00 2.508813e-06)
7.850000e+03	lowerWall	(-1.018751e-01 0.000000e+00 -1.375362e-06)	(-1.015474e-01 0.000000e+00 2.504748e-06)
7.860000e+03	lowerWall	(-1.018498e-01 0.000000e+00 -1.372382e-06)	(-1.015224e-01 0.000000e+00 2.500679e-06)
7.870000e+03	lowerWall	(-1.018246e-01 0.000000e+00 -1.369412e-06)	(-1.014976e-01 0.000000e+00 2.496607e-06)
7.880000e+03	lowerWall	(-1.017994e-01 0.000000e+00 -1.366451e-06)	(-1.014728e-01 0.000000e+00 2.492533e-06)
7.890000e+03	lowerWall	(-1.017743e-01 0.000000e+00 -1.363500e-06)	(-1.014480e-01 0.000000e+00 2.488455e-06)
7.900000e+03	lowerWall	(-1.017493e-01 0.000000e+00 -1.360560e-06)	(-1.014234e-01 0.000000e+00 2.484374e-06)
7.910000e+03	lowerWall	(-1.017243e-01 0.000000e+00 -1.357622e-06)	(-1.013987e-01 0.000000e+00 2.480291e-06)
7.920000e+03	lowerWall	(-1.016994e-01 0.000000e+00 -1.354688e-06)	(-1.013742e-01 0.000000e+00 2.476205e-06)
7.930000e+03	lowerWall	(-1.016745e-01 0.000000e+00 -1.351764e-06)	(-1.013497e-01 0.000000e+00 2.472116e-06)
7.940000e+03	lowerWall	(-1.016497e-01 0.000000e+00 -1.348848e-06)	(-1.013252e-01 0.000000e+00 2.468024e-06)
7.950000e+03	lowerWall	(-1.016250e-01 0.000000e+00 -1.345942e-06)	(-1.013009e-01 0.000000e+00 2.463930e-06)
7.960000e+03	lowerWall	(-1.016003e-01 0.000000e+00 -1.343044e-06)	(-1.012765e-01 0.000000e+00 2.459834e-06)
7.970000e+03	lowerWall	(-1.015757e-01 0.000000e+00 -1.340156e-06)	(-1.012523e-01 0.000000e+00 2.455735e-06)
7.980000e+03	lowerWall	(-1.015511e-01 0.000000e+00 -1.337276e-06)	(-1.012281e-01 0.000000e+00 2.451634e-06)
7.990000e+03	lowerWall	(-1.015266e-01 0.000000e+00 -1.334404e-06)	(-1.012039e-01 0.000000e+00 2.447531e-06)
8.000000e+03	lowerWall	(-1.015022e-01 0.000000e+00 -1.331541e-06)	(-1.011798e-01 0.000000e+00 2.443425e-06)
8.010000e+03	lowerWall	(-1.014778e-01 0.000000e+00 -1.328687e-06)	(-1.011558e-01 0.000000e+00 2.439317e-06)
8.020000e+03	lowerWall	(-1.014535e-01 0.000000e+00 -1.325841e-06)	(-1.011318e-01 0.000000e+00 2.435207e-06)
8.030000e+03	lowerWall	(-1.014292e-01 0.000000e+00 -1.323004e-06)	(-1.011079e-01 0.000000e+00 2.431095e-06)
8.040000e+03	lowerWall	(-1.014050e-01 0.000000e+00 -1.320175e-06)	(-1.010841e-01 0.000000e+00 2.426982e-06)
8.050000e+03	lowerWall	(-1.013808e-01 0.000000e+00 -1.317354e-06)	(-1.010603e-01 0.000000e+00 2.422866e-06)
8.060000e+03	lowerWall	(-1.013567e-01 0.000000e+00 -1.314541e-06)	(-1.010365e-01 0.000000e+00 2.418749e-06)
8.070000e+03	lowerWall	(-1.013327e-01 0.000000e+00 -1.311737e-06)	(-1.010129e-01 0.000000e+00 2.414630e-06)
8.080000e+03	lowerWall	(-1.013087e-01 0.000000e+00 -1.308941e-06)	(-1.009892e-01 0.000000e+00 2.410510e-06)
8.090000e+03	lowerWall	(-1.012848e-01 0.000000e+00 -1.306153e-06)	(-1.009657e-01 0.000000e+00 2.406388e-06)
8.100000e+03	lowerWall	(-1.012609e-01 0.000000e+00 -1.303373e-06)	(-1.009422e-01 0.000000e+00 2.402265e-06)
8.110000e+03	lowerWall	(-1.012371e-01 0.000000e+00 -1.300601e-06)	(-1.009187e-01 0.000000e+00 2.398140e-06)
8.120000e+03	lowerWall	(-1.012134e-01 0.000000e+00 -1.297837e-06)	(-1.008953e-01 0.000000e+00 2.394014e-06)
8.130000e+03	lowerWall	(-1.011897e-01 0.000000e+00 -1.295081e-06)	(-1.008720e-01 0.000000e+00 2.389887e-06)
8.140000e+03	lowerWall	(-1.011660e-01 0.000000e+00 -1.292333e-06)	(-1.008487e-01 0.000000e+00 2.385758e-06)
8.150000e+03	lowerWall	(-1.011424e-01 0.000000e+00 -1.289593e-06)	(-1.008254e-01 0.000000e+00 2.381629e-06)
8.160000e+03	lowerWall	(-1.011189e-01 0.000000e+00 -1.286861e-06)	(-1.008023e-01 0.000000e+00 2.377498e-06)
8.170000e+03	lowerWall	(-1.010954e-01 0.000000e+00 -1.284136e-06)	(-1.007792e-01 0.000000e+00 2.373367e-06)
8.180000e+03	lowerWall	(-1.010720e-01 0.000000e+00 -1.281420e-06)	(-1.007561e-01 0.000000e+00 2.369235e-06)
8.190000e+03	lowerWall	(-1.010487e-01 0.000000e+00 -1.278711e-06)	(-1.007331e-01 0.000000e+00 2.365101e-06)
8.200000e+03	lowerWall	(-1.010254e-01 0.000000e+00 -1.276010e-06)	(-1.007101e-01 0.000000e+00 2.360968e-06)
8.210000e+03	lowerWall	(-1.010021e-01 0.000000e+00 -1.273316e-06)	(-1.006872e-01 0.000000e+00 2.356833e-06)
8.220000e+03	lowerWall	(-1.009789e-01 0.000000e+00 -1.270630e-06)	(-1.006644e-01 0.000000e+00 2.352698e-06)
8.230000e+03	lowerWall	(-1.009558e-01 0.000000e+00 -1.267953e-06)	(-1.006416e-01 0.000000e+00 2.348562e-06)
8.240000e+03	lowerWall	(-1.009327e-01 0.000000e+00 -1.265284e-06)	(-1.006188e-01 0.000000e+00 2.344426e-06)
8.250000e+03	lowerWall	(-1.009097e-01 0.000000e+00 -1.262622e-06)	(-1.005962e-01 0.000000e+00 2.340289e-06)
8.260000e+03	lowerWall	(-1.008867e-01 0.000000e+00 -1.259968e-06)	(-1.005735e-01 0.000000e+00 2.336153e-06)
8.270000e+03	lowerWall	(-1.008638e-01 0.000000e+00 -1.257321e-06)	(-1.005510e-01 0.000000e+00 2.332016e-06)
8.280000e+03	lowerWall	(-1.008409e-01 0.000000e+00 -1.254682e-06)	(-1.005284e-01 0.000000e+00 2.328081e-06)
8.290000e+03	lowerWall	(-1.008181e-01 0.000000e+00 -1.252051e-06)	(-1.005060e-01 0.000000e+00 2.324472e-06)
8.300000e+03	lowerWall	(-1.007954e-01 0.000000e+00 -1.249384e-06)	(-1.004836e-01 0.000000e+00 2.320857e-06)
8.310000e+03	lowerWall	(-1.007727e-01 0.000000e+00 -1.246616e-06)	(-1.004612e-01 0.000000e+00 2.317236e-06)
8.320000e+03	lowerWall	(-1.007500e-01 0.000000e+00 -1.243994e-06)	(-1.004389e-01 0.000000e+00 2.313641e-06)
8.330000e+03	lowerWall	(-1.007274e-01 0.000000e+00 -1.241399e-06)	(-1.004167e-01 0.000000e+00 2.310084e-06)
8.340000e+03	lowerWall	(-1.007049e-01 0.000000e+00 -1.238819e-06)	(-1.003945e-01 0.000000e+00 2.306571e-06)
8.350000e+03	lowerWall	(-1.006824e-01 0.000000e+00 -1.236249e-06)	(-1.003723e-01 0.000000e+00 2.303101e-06)
8.360000e+03	lowerWall	(-1.006600e-01 0.000000e+00 -1.233687e-06)	(-1.003503e-01 0.000000e+00 2.299666e-06)
8.370000e+03	lowerWall	(-1.006376e-01 0.000000e+00 -1.231132e-06)	(-1.003282e-01 0.000000e+00 2.296240e-06)
8.380000e+03	lowerWall	(-1.006153e-01 0.000000e+00 -1.228584e-06)	(-1.003062e-01 0.000000e+00 2.292765e-06)
8.390000e+03	lowerWall	(-1.005930e-01 0.000000e+00 -1.226041e-06)	(-1.002843e-01 0.000000e+00 2.289148e-06)
8.400000e+03	lowerWall	(-1.005708e-01 0.000000e+00 -1.223504e-06)	(-1.002624e-01 0.000000e+00 2.285284e-06)
8.410000e+03	lowerWall	(-1.005486e-01 0.000000e+00 -1.220973e-06)	(-1.002406e-01 0.000000e+00 2.281152e-06)
8.420000e+03	lowerWall	(-1.005265e-01 0.000000e+00 -1.218448e-06)	(-1.002188e-01 0.000000e+00 2.276891e-06)
8.430000e+03	lowerWall	(-1.005044e-01 0.000000e+00 -1.215929e-06)	(-1.001971e-01 0.000000e+00 2.272697e-06)
8.440000e+03	lowerWall	(-1.004824e-01 0.000000e+00 -1.213417e-06)	(-1.001754e-01 0.000000e+00 2.268651e-06)
8.450000e+03	lowerWall	(-1.004604e-01 0.000000e+00 -1.210910e-06)	(-1.001538e-01 0.000000e+00 2.264719e-06)
8.460000e+03	lowerWall	(-1.004385e-01 0.000000e+00 -1.208411e-06)	(-1.001322e-01 0.000000e+00 2.260827e-06)
8.470000e+03	lowerWall	(-1.004166e-01 0.000000e+00 -1.205917e-06)	(-1.001107e-01 0.000000e+00 2.256954e-06)
8.480000e+03	lowerWall	(-1.003947e-01 0.000000e+00 -1.203430e-06)	(-1.000892e-01 0.000000e+00 2.253095e-06)
8.490000e+03	lowerWall	(-1.003730e-01 0.000000e+00 -1.200949e-06)	(-1.000677e-01 0.000000e+00 2.249247e-06)
8.500000e+03	lowerWall	(-1.003512e-01 0.000000e+00 -1.198474e-06)	(-1.000464e-01 0.000000e+00 2.245408e-06)
8.510000e+03	lowerWall	(-1.003296e-01 0.000000e+00 -1.196006e-06)	(-1.000250e-01 0.000000e+00 2.241577e-06)
8.520000e+03	lowerWall	(-1.003080e-01 0.000000e+00 -1.193544e-06)	(-1.000037e-01 0.000000e+00 2.237751e-06)
8.530000e+03	lowerWall	(-1.002864e-01 0.000000e+00 -1.191088e-06)	(-9.998250e-02 0.000000e+00 2.233932e-06)
8.540000e+03	lowerWall	(-1.002649e-01 0.000000e+00 -1.188639e-06)	(-9.996131e-02 0.000000e+00 2.230117e-06)
8.550000e+03	lowerWall	(-1.002434e-01 0.000000e+00 -1.186197e-06)	(-9.994017e-02 0.000000e+00 2.226307e-06)
8.560000e+03	lowerWall	(-1.002220e-01 0.000000e+00 -1.183761e-06)	(-9.991908e-02 0.000000e+00 2.222500e-06)
8.570000e+03	lowerWall	(-1.002006e-01 0.000000e+00 -1.181332e-06)	(-9.989804e-02 0.000000e+00 2.218697e-06)
8.580000e+03	lowerWall	(-1.001792e-01 0.000000e+00 -1.178910e-06)	(-9.987705e-02 0.000000e+00 2.214898e-06)
8.590000e+03	lowerWall	(-1.001580e-01 0.000000e+00 -1.176494e-06)	(-9.985610e-02 0.000000e+00 2.211101e-06)
8.600000e+03	lowerWall	(-1.001367e-01 0.000000e+00 -1.174085e-06)	(-9.983521e-02 0.000000e+00 2.207308e-06)
8.610000e+03	lowerWall	(-1.001156e-01 0.000000e+00 -1.171682e-06)	(-9.981436e-02 0.000000e+00 2.203516e-06)
8.620000e+03	lowerWall	(-1.000944e-01 0.000000e+00 -1.169284e-06)	(-9.979356e-02 0.000000e+00 2.199727e-06)
8.630000e+03	lowerWall	(-1.000733e-01 0.000000e+00 -1.166894e-06)	(-9.977280e-02 0.000000e+00 2.195939e-06)
8.640000e+03	lowerWall	(-1.000523e-01 0.000000e+00 -1.164510e-06)	(-9.975210e-02 0.000000e+00 2.192153e-06)
8.650000e+03	lowerWall	(-1.000313e-01 0.000000e+00 -1.162130e-06)	(-9.973144e-02 0.000000e+00 2.188368e-06)
8.660000e+03	lowerWall	(-1.000104e-01 0.000000e+00 -1.159746e-06)	(-9.971083e-02 0.000000e+00 2.184580e-06)
8.670000e+03	lowerWall	(-9.998947e-02 0.000000e+00 -1.157376e-06)	(-9.969026e-02 0.000000e+00 2.180791e-06)
8.680000e+03	lowerWall	(-9.996863e-02 0.000000e+00 -1.155017e-06)	(-9.966975e-02 0.000000e+00 2.177004e-06)
8.690000e+03	lowerWall	(-9.994783e-02 0.000000e+00 -1.152668e-06)	(-9.964928e-02 0.000000e+00 2.173221e-06)
8.700000e+03	lowerWall	(-9.992708e-02 0.000000e+00 -1.150325e-06)	(-9.962886e-02 0.000000e+00 2.169441e-06)
8.710000e+03	lowerWall	(-9.990637e-02 0.000000e+00 -1.147988e-06)	(-9.960848e-02 0.000000e+00 2.165663e-06)
8.720000e+03	lowerWall	(-9.988571e-02 0.000000e+00 -1.145657e-06)	(-9.958815e-02 0.000000e+00 2.161887e-06)
8.730000e+03	lowerWall	(-9.986510e-02 0.000000e+00 -1.143332e-06)	(-9.956786e-02 0.000000e+00 2.158112e-06)
8.740000e+03	lowerWall	(-9.984453e-02 0.000000e+00 -1.141014e-06)	(-9.954762e-02 0.000000e+00 2.154338e-06)
8.750000e+03	lowerWall	(-9.982401e-02 0.000000e+00 -1.138702e-06)	(-9.952743e-02 0.000000e+00 2.150565e-06)
8.760000e+03	lowerWall	(-9.980354e-02 0.000000e+00 -1.136396e-06)	(-9.950729e-02 0.000000e+00 2.146793e-06)
8.770000e+03	lowerWall	(-9.978311e-02 0.000000e+00 -1.134097e-06)	(-9.948718e-02 0.000000e+00 2.143022e-06)
8.780000e+03	lowerWall	(-9.976273e-02 0.000000e+00 -1.131803e-06)	(-9.946713e-02 0.000000e+00 2.139253e-06)
8.790000e+03	lowerWall	(-9.974239e-02 0.000000e+00 -1.129515e-06)	(-9.944712e-02 0.000000e+00 2.135485e-06)
8.800000e+03	lowerWall	(-9.972210e-02 0.000000e+00 -1.127234e-06)	(-9.942715e-02 0.000000e+00 2.131718e-06)
8.810000e+03	lowerWall	(-9.970186e-02 0.000000e+00 -1.124959e-06)	(-9.940723e-02 0.000000e+00 2.127951e-06)
8.820000e+03	lowerWall	(-9.968167e-02 0.000000e+00 -1.122691e-06)	(-9.938736e-02 0.000000e+00 2.124186e-06)
8.830000e+03	lowerWall	(-9.966153e-02 0.000000e+00 -1.120428e-06)	(-9.936753e-02 0.000000e+00 2.120421e-06)
8.840000e+03	lowerWall	(-9.964144e-02 0.000000e+00 -1.118172e-06)	(-9.934774e-02 0.000000e+00 2.116657e-06)
8.850000e+03	lowerWall	(-9.962139e-02 0.000000e+00 -1.115921e-06)	(-9.932800e-02 0.000000e+00 2.113202e-06)
8.860000e+03	lowerWall	(-9.960138e-02 0.000000e+00 -1.113677e-06)	(-9.930830e-02 0.000000e+00 2.109890e-06)
8.870000e+03	lowerWall	(-9.958142e-02 0.000000e+00 -1.111439e-06)	(-9.928865e-02 0.000000e+00 2.106576e-06)
8.880000e+03	lowerWall	(-9.956151e-02 0.000000e+00 -1.109207e-06)	(-9.926904e-02 0.000000e+00 2.103260e-06)
8.890000e+03	lowerWall	(-9.954164e-02 0.000000e+00 -1.106981e-06)	(-9.924948e-02 0.000000e+00 2.099941e-06)
8.900000e+03	lowerWall	(-9.952181e-02 0.000000e+00 -1.104760e-06)	(-9.922996e-02 0.000000e+00 2.096620e-06)
8.910000e+03	lowerWall	(-9.950203e-02 0.000000e+00 -1.102546e-06)	(-9.921048e-02 0.000000e+00 2.093297e-06)
8.920000e+03	lowerWall	(-9.948229e-02 0.000000e+00 -1.100338e-06)	(-9.919105e-02 0.000000e+00 2.089971e-06)
8.930000e+03	lowerWall	(-9.946259e-02 0.000000e+00 -1.098136e-06)	(-9.917166e-02 0.000000e+00 2.086644e-06)
8.940000e+03	lowerWall	(-9.944294e-02 0.000000e+00 -1.095940e-06)	(-9.915231e-02 0.000000e+00 2.083314e-06)
8.950000e+03	lowerWall	(-9.942333e-02 0.000000e+00 -1.093749e-06)	(-9.913301e-02 0.000000e+00 2.079983e-06)
8.960000e+03	lowerWall	(-9.940377e-02 0.000000e+00 -1.091565e-06)	(-9.911375e-02 0.000000e+00 2.076649e-06)
8.970000e+03	lowerWall	(-9.938425e-02 0.000000e+00 -1.089386e-06)	(-9.909454e-02 0.000000e+00 2.073313e-06)
8.980000e+03	lowerWall	(-9.936477e-02 0.000000e+00 -1.087213e-06)	(-9.907536e-02 0.000000e+00 2.069975e-06)
8.990000e+03	lowerWall	(-9.934533e-02 0.000000e+00 -1.085046e-06)	(-9.905623e-02 0.000000e+00 2.066635e-06)
9.000000e+03	lowerWall	(-9.932594e-02 0.000000e+00 -1.082885e-06)	(-9.903714e-02 0.000000e+00 2.063294e-06)
9.010000e+03	lowerWall	(-9.930659e-02 0.000000e+00 -1.080729e-06)	(-9.901810e-02 0.000000e+00 2.059951e-06)
9.020000e+03	lowerWall	(-9.928728e-02 0.000000e+00 -1.078579e-06)	(-9.899909e-02 0.000000e+00 2.056606e-06)
9.030000e+03	lowerWall	(-9.926802e-02 0.000000e+00 -1.076435e-06)	(-9.898013e-02 0.000000e+00 2.053259e-06)
9.040000e+03	lowerWall	(-9.924880e-02 0.000000e+00 -1.074297e-06)	(-9.896121e-02 0.000000e+00 2.049911e-06)
9.050000e+03	lowerWall	(-9.922962e-02 0.000000e+00 -1.072164e-06)	(-9.894233e-02 0.000000e+00 2.046561e-06)
9.060000e+03	lowerWall	(-9.921048e-02 0.000000e+00 -1.070037e-06)	(-9.892350e-02 0.000000e+00 2.043209e-06)
9.070000e+03	lowerWall	(-9.919138e-02 0.000000e+00 -1.067916e-06)	(-9.890470e-02 0.000000e+00 2.039856e-06)
9.080000e+03	lowerWall	(-9.917233e-02 0.000000e+00 -1.065800e-06)	(-9.888595e-02 0.000000e+00 2.036501e-06)
9.090000e+03	lowerWall	(-9.915331e-02 0.000000e+00 -1.063689e-06)	(-9.886724e-02 0.000000e+00 2.033145e-06)
9.100000e+03	lowerWall	(-9.913434e-02 0.000000e+00 -1.061585e-06)	(-9.884857e-02 0.000000e+00 2.029788e-06)
9.110000e+03	lowerWall	(-9.911541e-02 0.000000e+00 -1.059486e-06)	(-9.882994e-02 0.000000e+00 2.026430e-06)
9.120000e+03	lowerWall	(-9.909652e-02 0.000000e+00 -1.057392e-06)	(-9.881135e-02 0.000000e+00 2.023070e-06)
9.130000e+03	lowerWall	(-9.907767e-02 0.000000e+00 -1.055304e-06)	(-9.879281e-02 0.000000e+00 2.019708e-06)
9.140000e+03	lowerWall	(-9.905887e-02 0.000000e+00 -1.053222e-06)	(-9.877430e-02 0.000000e+00 2.016346e-06)
9.150000e+03	lowerWall	(-9.904010e-02 0.000000e+00 -1.051145e-06)	(-9.875584e-02 0.000000e+00 2.012982e-06)
9.160000e+03	lowerWall	(-9.902138e-02 0.000000e+00 -1.049073e-06)	(-9.873741e-02 0.000000e+00 2.009618e-06)
9.170000e+03	lowerWall	(-9.900269e-02 0.000000e+00 -1.047007e-06)	(-9.871903e-02 0.000000e+00 2.006252e-06)
9.180000e+03	lowerWall	(-9.898405e-02 0.000000e+00 -1.044946e-06)	(-9.870069e-02 0.000000e+00 2.002886e-06)
9.190000e+03	lowerWall	(-9.896545e-02 0.000000e+00 -1.042891e-06)	(-9.868238e-02 0.000000e+00 1.999518e-06)
9.200000e+03	lowerWall	(-9.894688e-02 0.000000e+00 -1.040841e-06)	(-9.866412e-02 0.000000e+00 1.996150e-06)
9.210000e+03	lowerWall	(-9.892836e-02 0.000000e+00 -1.038796e-06)	(-9.864590e-02 0.000000e+00 1.992781e-06)
9.220000e+03	lowerWall	(-9.890988e-02 0.000000e+00 -1.036757e-06)	(-9.862771e-02 0.000000e+00 1.989411e-06)
9.230000e+03	lowerWall	(-9.889143e-02 0.000000e+00 -1.034723e-06)	(-9.860957e-02 0.000000e+00 1.986040e-06)
9.240000e+03	lowerWall	(-9.887303e-02 0.000000e+00 -1.032694e-06)	(-9.859147e-02 0.000000e+00 1.982669e-06)
9.250000e+03	lowerWall	(-9.885467e-02 0.000000e+00 -1.030671e-06)	(-9.857340e-02 0.000000e+00 1.979298e-06)
9.260000e+03	lowerWall	(-9.883634e-02 0.000000e+00 -1.028653e-06)	(-9.855538e-02 0.000000e+00 1.975925e-06)
9.270000e+03	lowerWall	(-9.881806e-02 0.000000e+00 -1.026640e-06)	(-9.853739e-02 0.000000e+00 1.972552e-06)
9.280000e+03	lowerWall	(-9.879982e-02 0.000000e+00 -1.024633e-06)	(-9.851945e-02 0.000000e+00 1.969179e-06)
9.290000e+03	lowerWall	(-9.878161e-02 0.000000e+00 -1.022630e-06)	(-9.850154e-02 0.000000e+00 1.965805e-06)
9.300000e+03	lowerWall	(-9.876344e-02 0.000000e+00 -1.020633e-06)	(-9.848367e-02 0.000000e+00 1.962431e-06)
9.310000e+03	lowerWall	(-9.874532e-02 0.000000e+00 -1.018642e-06)	(-9.846584e-02 0.000000e+00 1.959057e-06)
9.320000e+03	lowerWall	(-9.872723e-02 0.000000e+00 -1.016655e-06)	(-9.844805e-02 0.000000e+00 1.955683e-06)
9.330000e+03	lowerWall	(-9.870918e-02 0.000000e+00 -1.014674e-06)	(-9.843030e-02 0.000000e+00 1.952309e-06)
9.340000e+03	lowerWall	(-9.869117e-02 0.000000e+00 -1.012698e-06)	(-9.841258e-02 0.000000e+00 1.948935e-06)
9.350000e+03	lowerWall	(-9.867319e-02 0.000000e+00 -1.010727e-06)	(-9.839491e-02 0.000000e+00 1.945561e-06)
9.360000e+03	lowerWall	(-9.865527e-02 0.000000e+00 -1.008760e-06)	(-9.837727e-02 0.000000e+00 1.942187e-06)
9.370000e+03	lowerWall	(-9.863739e-02 0.000000e+00 -1.006799e-06)	(-9.835967e-02 0.000000e+00 1.938812e-06)
9.380000e+03	lowerWall	(-9.861954e-02 0.000000e+00 -1.004842e-06)	(-9.834211e-02 0.000000e+00 1.935438e-06)
9.390000e+03	lowerWall	(-9.860174e-02 0.000000e+00 -1.002891e-06)	(-9.832459e-02 0.000000e+00 1.932064e-06)
9.400000e+03	lowerWall	(-9.858397e-02 0.000000e+00 -1.000944e-06)	(-9.830710e-02 0.000000e+00 1.928690e-06)
9.410000e+03	lowerWall	(-9.856624e-02 0.000000e+00 -9.990026e-07)	(-9.828966e-02 0.000000e+00 1.925316e-06)
9.420000e+03	lowerWall	(-9.854855e-02 0.000000e+00 -9.970661e-07)	(-9.827225e-02 0.000000e+00 1.922018e-06)
9.430000e+03	lowerWall	(-9.853090e-02 0.000000e+00 -9.951347e-07)	(-9.825488e-02 0.000000e+00 1.919025e-06)
9.440000e+03	lowerWall	(-9.851329e-02 0.000000e+00 -9.932081e-07)	(-9.823754e-02 0.000000e+00 1.916030e-06)
9.450000e+03	lowerWall	(-9.849571e-02 0.000000e+00 -9.912865e-07)	(-9.822024e-02 0.000000e+00 1.913033e-06)
9.460000e+03	lowerWall	(-9.847817e-02 0.000000e+00 -9.893698e-07)	(-9.820298e-02 0.000000e+00 1.910033e-06)
9.470000e+03	lowerWall	(-9.846066e-02 0.000000e+00 -9.874579e-07)	(-9.818576e-02 0.000000e+00 1.907031e-06)
9.480000e+03	lowerWall	(-9.844320e-02 0.000000e+00 -9.855510e-07)	(-9.816857e-02 0.000000e+00 1.904026e-06)
9.490000e+03	lowerWall	(-9.842577e-02 0.000000e+00 -9.836490e-07)	(-9.815142e-02 0.000000e+00 1.901020e-06)
9.500000e+03	lowerWall	(-9.840838e-02 0.000000e+00 -9.817518e-07)	(-9.813431e-02 0.000000e+00 1.898012e-06)
9.510000e+03	lowerWall	(-9.839102e-02 0.000000e+00 -9.798594e-07)	(-9.811724e-02 0.000000e+00 1.895001e-06)
9.520000e+03	lowerWall	(-9.837370e-02 0.000000e+00 -9.779718e-07)	(-9.810020e-02 0.000000e+00 1.891989e-06)
9.530000e+03	lowerWall	(-9.835642e-02 0.000000e+00 -9.760891e-07)	(-9.808319e-02 0.000000e+00 1.888974e-06)
9.540000e+03	lowerWall	(-9.833917e-02 0.000000e+00 -9.742110e-07)	(-9.806623e-02 0.000000e+00 1.885958e-06)
9.550000e+03	lowerWall	(-9.832196e-02 0.000000e+00 -9.723378e-07)	(-9.804930e-02 0.000000e+00 1.882940e-06)
9.560000e+03	lowerWall	(-9.830479e-02 0.000000e+00 -9.704692e-07)	(-9.803240e-02 0.000000e+00 1.879920e-06)
9.570000e+03	lowerWall	(-9.828765e-02 0.000000e+00 -9.686055e-07)	(-9.801554e-02 0.000000e+00 1.876899e-06)
9.580000e+03	lowerWall	(-9.827055e-02 0.000000e+00 -9.667464e-07)	(-9.799872e-02 0.000000e+00 1.873876e-06)
9.590000e+03	lowerWall	(-9.825349e-02 0.000000e+00 -9.648920e-07)	(-9.798193e-02 0.000000e+00 1.870851e-06)
9.600000e+03	lowerWall	(-9.823646e-02 0.000000e+00 -9.630424e-07)	(-9.796518e-02 0.000000e+00 1.867825e-06)
9.610000e+03	lowerWall	(-9.821947e-02 0.000000e+00 -9.611972e-07)	(-9.794847e-02 0.000000e+00 1.864798e-06)
9.620000e+03	lowerWall	(-9.820251e-02 0.000000e+00 -9.593568e-07)	(-9.793179e-02 0.000000e+00 1.861769e-06)
9.630000e+03	lowerWall	(-9.818559e-02 0.000000e+00 -9.575210e-07)	(-9.791514e-02 0.000000e+00 1.858738e-06)
9.640000e+03	lowerWall	(-9.816870e-02 0.000000e+00 -9.556898e-07)	(-9.789854e-02 0.000000e+00 1.855707e-06)
9.650000e+03	lowerWall	(-9.815185e-02 0.000000e+00 -9.538633e-07)	(-9.788196e-02 0.000000e+00 1.852674e-06)
9.660000e+03	lowerWall	(-9.813503e-02 0.000000e+00 -9.520412e-07)	(-9.786542e-02 0.000000e+00 1.849639e-06)
9.670000e+03	lowerWall	(-9.811825e-02 0.000000e+00 -9.502237e-07)	(-9.784892e-02 0.000000e+00 1.846604e-06)
9.680000e+03	lowerWall	(-9.810150e-02 0.000000e+00 -9.484109e-07)	(-9.783245e-02 0.000000e+00 1.843568e-06)
9.690000e+03	lowerWall	(-9.808479e-02 0.000000e+00 -9.466026e-07)	(-9.781602e-02 0.000000e+00 1.840530e-06)
9.700000e+03	lowerWall	(-9.806812e-02 0.000000e+00 -9.447987e-07)	(-9.779962e-02 0.000000e+00 1.837492e-06)
9.710000e+03	lowerWall	(-9.805148e-02 0.000000e+00 -9.429994e-07)	(-9.778325e-02 0.000000e+00 1.834453e-06)
9.720000e+03	lowerWall	(-9.803487e-02 0.000000e+00 -9.412046e-07)	(-9.776692e-02 0.000000e+00 1.831412e-06)
9.730000e+03	lowerWall	(-9.801830e-02 0.000000e+00 -9.394143e-07)	(-9.775063e-02 0.000000e+00 1.828372e-06)
9.740000e+03	lowerWall	(-9.800176e-02 0.000000e+00 -9.376284e-07)	(-9.773437e-02 0.000000e+00 1.825330e-06)
9.750000e+03	lowerWall	(-9.798525e-02 0.000000e+00 -9.358469e-07)	(-9.771814e-02 0.000000e+00 1.822288e-06)
9.760000e+03	lowerWall	(-9.796878e-02 0.000000e+00 -9.340699e-07)	(-9.770195e-02 0.000000e+00 1.819244e-06)
9.770000e+03	lowerWall	(-9.795235e-02 0.000000e+00 -9.322974e-07)	(-9.768579e-02 0.000000e+00 1.816201e-06)
9.780000e+03	lowerWall	(-9.793595e-02 0.000000e+00 -9.305292e-07)	(-9.766966e-02 0.000000e+00 1.813156e-06)
9.790000e+03	lowerWall	(-9.791958e-02 0.000000e+00 -9.287654e-07)	(-9.765357e-02 0.000000e+00 1.810111e-06)
9.800000e+03	lowerWall	(-9.790325e-02 0.000000e+00 -9.270060e-07)	(-9.763751e-02 0.000000e+00 1.807066e-06)
9.810000e+03	lowerWall	(-9.788695e-02 0.000000e+00 -9.252509e-07)	(-9.762149e-02 0.000000e+00 1.804021e-06)
9.820000e+03	lowerWall	(-9.787068e-02 0.000000e+00 -9.235002e-07)	(-9.760550e-02 0.000000e+00 1.800974e-06)
9.830000e+03	lowerWall	(-9.785445e-02 0.000000e+00 -9.217538e-07)	(-9.758954e-02 0.000000e+00 1.797928e-06)
9.840000e+03	lowerWall	(-9.783825e-02 0.000000e+00 -9.200118e-07)	(-9.757362e-02 0.000000e+00 1.794881e-06)
9.850000e+03	lowerWall	(-9.782209e-02 0.000000e+00 -9.182739e-07)	(-9.755773e-02 0.000000e+00 1.791835e-06)
9.860000e+03	lowerWall	(-9.780595e-02 0.000000e+00 -9.165063e-07)	(-9.754187e-02 0.000000e+00 1.788787e-06)
9.870000e+03	lowerWall	(-9.778985e-02 0.000000e+00 -9.146618e-07)	(-9.752606e-02 0.000000e+00 1.785738e-06)
9.880000e+03	lowerWall	(-9.777379e-02 0.000000e+00 -9.129278e-07)	(-9.751028e-02 0.000000e+00 1.782707e-06)
9.890000e+03	lowerWall	(-9.775777e-02 0.000000e+00 -9.112129e-07)	(-9.749454e-02 0.000000e+00 1.779703e-06)
9.900000e+03	lowerWall	(-9.774178e-02 0.000000e+00 -9.095076e-07)	(-9.747883e-02 0.000000e+00 1.776727e-06)
9.910000e+03	lowerWall	(-9.772583e-02 0.000000e+00 -9.078088e-07)	(-9.746315e-02 0.000000e+00 1.773781e-06)
9.920000e+03	lowerWall	(-9.770991e-02 0.000000e+00 -9.061146e-07)	(-9.744750e-02 0.000000e+00 1.770867e-06)
9.930000e+03	lowerWall	(-9.769402e-02 0.000000e+00 -9.044244e-07)	(-9.743188e-02 0.000000e+00 1.767979e-06)
9.940000e+03	lowerWall	(-9.767817e-02 0.000000e+00 -9.027377e-07)	(-9.741630e-02 0.000000e+00 1.765108e-06)
9.950000e+03	lowerWall	(-9.766234e-02 0.000000e+00 -9.010543e-07)	(-9.740074e-02 0.000000e+00 1.762229e-06)
9.960000e+03	lowerWall	(-9.764655e-02 0.000000e+00 -8.993739e-07)	(-9.738522e-02 0.000000e+00 1.759303e-06)
9.970000e+03	lowerWall	(-9.763079e-02 0.000000e+00 -8.976967e-07)	(-9.736973e-02 0.000000e+00 1.756275e-06)
9.980000e+03	lowerWall	(-9.761507e-02 0.000000e+00 -8.960228e-07)	(-9.735428e-02 0.000000e+00 1.753086e-06)
9.990000e+03	lowerWall	(-9.759937e-02 0.000000e+00 -8.943521e-07)	(-9.733885e-02 0.000000e+00 1.750101e-06)
1.000000e+04	lowerWall	(-9.758371e-02 0.000000e+00 -8.926848e-07)	(-9.732345e-02 0.000000e+00 1.747035e-06)
1.001000e+04	lowerWall	(-9.756808e-02 0.000000e+00 -8.910211e-07)	(-9.730809e-02 0.000000e+00 1.743838e-06)
1.002000e+04	lowerWall	(-9.755248e-02 0.000000e+00 -8.893609e-07)	(-9.729276e-02 0.000000e+00 1.740633e-06)
1.003000e+04	lowerWall	(-9.753691e-02 0.000000e+00 -8.877043e-07)	(-9.727746e-02 0.000000e+00 1.737514e-06)
1.004000e+04	lowerWall	(-9.752137e-02 0.000000e+00 -8.860515e-07)	(-9.726219e-02 0.000000e+00 1.734503e-06)
1.005000e+04	lowerWall	(-9.750586e-02 0.000000e+00 -8.844026e-07)	(-9.724695e-02 0.000000e+00 1.731565e-06)
1.006000e+04	lowerWall	(-9.749038e-02 0.000000e+00 -8.827576e-07)	(-9.723174e-02 0.000000e+00 1.728652e-06)
1.007000e+04	lowerWall	(-9.747493e-02 0.000000e+00 -8.811164e-07)	(-9.721657e-02 0.000000e+00 1.725753e-06)
1.008000e+04	lowerWall	(-9.745952e-02 0.000000e+00 -8.794788e-07)	(-9.720142e-02 0.000000e+00 1.722865e-06)
1.009000e+04	lowerWall	(-9.744413e-02 0.000000e+00 -8.579190e-07)	(-9.718576e-02 0.000000e+00 1.720489e-06)
1.010000e+04	lowerWall	(-9.742876e-02 0.000000e+00 -8.490090e-07)	(-9.717072e-02 0.000000e+00 1.717276e-06)
1.011000e+04	lowerWall	(-9.741344e-02 0.000000e+00 -8.470140e-07)	(-9.715581e-02 0.000000e+00 1.714029e-06)
1.012000e+04	lowerWall	(-9.739814e-02 0.000000e+00 -8.453618e-07)	(-9.714090e-02 0.000000e+00 1.710884e-06)
1.013000e+04	lowerWall	(-9.738288e-02 0.000000e+00 -8.437795e-07)	(-9.712601e-02 0.000000e+00 1.707815e-06)
1.014000e+04	lowerWall	(-9.736764e-02 0.000000e+00 -8.422286e-07)	(-9.711112e-02 0.000000e+00 1.704798e-06)
1.015000e+04	lowerWall	(-9.735244e-02 0.000000e+00 -8.406932e-07)	(-9.709626e-02 0.000000e+00 1.701817e-06)
1.016000e+04	lowerWall	(-9.733727e-02 0.000000e+00 -8.391646e-07)	(-9.708142e-02 0.000000e+00 1.698863e-06)
1.017000e+04	lowerWall	(-9.732214e-02 0.000000e+00 -8.376386e-07)	(-9.706661e-02 0.000000e+00 1.695928e-06)
1.018000e+04	lowerWall	(-9.730703e-02 0.000000e+00 -8.361125e-07)	(-9.705182e-02 0.000000e+00 1.693008e-06)
1.019000e+04	lowerWall	(-9.729195e-02 0.000000e+00 -8.345860e-07)	(-9.703705e-02 0.000000e+00 1.690101e-06)
1.020000e+04	lowerWall	(-9.727691e-02 0.000000e+00 -8.330587e-07)	(-9.702231e-02 0.000000e+00 1.687204e-06)
1.021000e+04	lowerWall	(-9.726189e-02 0.000000e+00 -8.315309e-07)	(-9.700760e-02 0.000000e+00 1.684316e-06)
1.022000e+04	lowerWall	(-9.724691e-02 0.000000e+00 -8.300031e-07)	(-9.699292e-02 0.000000e+00 1.681435e-06)
1.023000e+04	lowerWall	(-9.723196e-02 0.000000e+00 -8.284758e-07)	(-9.697826e-02 0.000000e+00 1.678560e-06)
1.024000e+04	lowerWall	(-9.721703e-02 0.000000e+00 -8.269491e-07)	(-9.696364e-02 0.000000e+00 1.675691e-06)
1.025000e+04	lowerWall	(-9.720214e-02 0.000000e+00 -8.254234e-07)	(-9.694904e-02 0.000000e+00 1.672827e-06)
1.026000e+04	lowerWall	(-9.718727e-02 0.000000e+00 -8.238996e-07)	(-9.693447e-02 0.000000e+00 1.669967e-06)
1.027000e+04	lowerWall	(-9.717244e-02 0.000000e+00 -8.223781e-07)	(-9.691992e-02 0.000000e+00 1.667111e-06)
1.028000e+04	lowerWall	(-9.715764e-02 0.000000e+00 -8.208592e-07)	(-9.690541e-02 0.000000e+00 1.664259e-06)
1.029000e+04	lowerWall	(-9.714286e-02 0.000000e+00 -8.193431e-07)	(-9.689092e-02 0.000000e+00 1.661411e-06)
1.030000e+04	lowerWall	(-9.712812e-02 0.000000e+00 -8.178300e-07)	(-9.687646e-02 0.000000e+00 1.658565e-06)
1.031000e+04	lowerWall	(-9.711340e-02 0.000000e+00 -8.163201e-07)	(-9.686203e-02 0.000000e+00 1.655723e-06)
1.032000e+04	lowerWall	(-9.709872e-02 0.000000e+00 -8.148137e-07)	(-9.684763e-02 0.000000e+00 1.652883e-06)
1.033000e+04	lowerWall	(-9.708406e-02 0.000000e+00 -8.133107e-07)	(-9.683326e-02 0.000000e+00 1.650046e-06)
1.034000e+04	lowerWall	(-9.706943e-02 0.000000e+00 -8.118114e-07)	(-9.681892e-02 0.000000e+00 1.647210e-06)
1.035000e+04	lowerWall	(-9.705484e-02 0.000000e+00 -8.103159e-07)	(-9.680460e-02 0.000000e+00 1.644377e-06)
1.036000e+04	lowerWall	(-9.704027e-02 0.000000e+00 -8.088241e-07)	(-9.679031e-02 0.000000e+00 1.641547e-06)
1.037000e+04	lowerWall	(-9.702573e-02 0.000000e+00 -8.073362e-07)	(-9.677605e-02 0.000000e+00 1.638718e-06)
1.038000e+04	lowerWall	(-9.701122e-02 0.000000e+00 -8.058522e-07)	(-9.676182e-02 0.000000e+00 1.635891e-06)
1.039000e+04	lowerWall	(-9.699674e-02 0.000000e+00 -8.043721e-07)	(-9.674762e-02 0.000000e+00 1.633065e-06)
1.040000e+04	lowerWall	(-9.698230e-02 0.000000e+00 -8.028959e-07)	(-9.673345e-02 0.000000e+00 1.630242e-06)
1.041000e+04	lowerWall	(-9.696789e-02 0.000000e+00 -8.014237e-07)	(-9.671930e-02 0.000000e+00 1.627420e-06)
1.042000e+04	lowerWall	(-9.695351e-02 0.000000e+00 -7.999555e-07)	(-9.670518e-02 0.000000e+00 1.624599e-06)
1.043000e+04	lowerWall	(-9.693916e-02 0.000000e+00 -7.984912e-07)	(-9.669109e-02 0.000000e+00 1.621781e-06)
1.044000e+04	lowerWall	(-9.692483e-02 0.000000e+00 -7.970308e-07)	(-9.667703e-02 0.000000e+00 1.618963e-06)
1.045000e+04	lowerWall	(-9.691054e-02 0.000000e+00 -7.955741e-07)	(-9.666299e-02 0.000000e+00 1.616147e-06)
1.046000e+04	lowerWall	(-9.689627e-02 0.000000e+00 -7.941215e-07)	(-9.664899e-02 0.000000e+00 1.613333e-06)
1.047000e+04	lowerWall	(-9.688203e-02 0.000000e+00 -7.926728e-07)	(-9.663501e-02 0.000000e+00 1.610520e-06)
1.048000e+04	lowerWall	(-9.686782e-02 0.000000e+00 -7.912279e-07)	(-9.662106e-02 0.000000e+00 1.607709e-06)
1.049000e+04	lowerWall	(-9.685364e-02 0.000000e+00 -7.897869e-07)	(-9.660713e-02 0.000000e+00 1.604898e-06)
1.050000e+04	lowerWall	(-9.683949e-02 0.000000e+00 -7.883494e-07)	(-9.659324e-02 0.000000e+00 1.602090e-06)
1.051000e+04	lowerWall	(-9.682536e-02 0.000000e+00 -7.869160e-07)	(-9.657937e-02 0.000000e+00 1.599397e-06)
1.052000e+04	lowerWall	(-9.681126e-02 0.000000e+00 -7.854864e-07)	(-9.656553e-02 0.000000e+00 1.596886e-06)
1.053000e+04	lowerWall	(-9.679719e-02 0.000000e+00 -7.840606e-07)	(-9.655172e-02 0.000000e+00 1.594374e-06)
1.054000e+04	lowerWall	(-9.678315e-02 0.000000e+00 -7.826385e-07)	(-9.653793e-02 0.000000e+00 1.591862e-06)
1.055000e+04	lowerWall	(-9.676913e-02 0.000000e+00 -7.812200e-07)	(-9.652417e-02 0.000000e+00 1.589348e-06)
1.056000e+04	lowerWall	(-9.675514e-02 0.000000e+00 -7.798052e-07)	(-9.651044e-02 0.000000e+00 1.586833e-06)
1.057000e+04	lowerWall	(-9.674118e-02 0.000000e+00 -7.783940e-07)	(-9.649673e-02 0.000000e+00 1.584317e-06)
1.058000e+04	lowerWall	(-9.672725e-02 0.000000e+00 -7.769864e-07)	(-9.648306e-02 0.000000e+00 1.581801e-06)
1.059000e+04	lowerWall	(-9.671335e-02 0.000000e+00 -7.755824e-07)	(-9.646941e-02 0.000000e+00 1.579283e-06)
1.060000e+04	lowerWall	(-9.669947e-02 0.000000e+00 -7.741820e-07)	(-9.645578e-02 0.000000e+00 1.576765e-06)
1.061000e+04	lowerWall	(-9.668562e-02 0.000000e+00 -7.727852e-07)	(-9.644219e-02 0.000000e+00 1.574246e-06)
1.062000e+04	lowerWall	(-9.667179e-02 0.000000e+00 -7.713917e-07)	(-9.642862e-02 0.000000e+00 1.571726e-06)
1.063000e+04	lowerWall	(-9.665799e-02 0.000000e+00 -7.700017e-07)	(-9.641508e-02 0.000000e+00 1.569205e-06)
1.064000e+04	lowerWall	(-9.664422e-02 0.000000e+00 -7.686151e-07)	(-9.640156e-02 0.000000e+00 1.566683e-06)
1.065000e+04	lowerWall	(-9.663048e-02 0.000000e+00 -7.672322e-07)	(-9.638807e-02 0.000000e+00 1.564161e-06)
1.066000e+04	lowerWall	(-9.661676e-02 0.000000e+00 -7.658526e-07)	(-9.637461e-02 0.000000e+00 1.561638e-06)
1.067000e+04	lowerWall	(-9.660308e-02 0.000000e+00 -7.644764e-07)	(-9.636117e-02 0.000000e+00 1.559114e-06)
1.068000e+04	lowerWall	(-9.658941e-02 0.000000e+00 -7.631035e-07)	(-9.634776e-02 0.000000e+00 1.556590e-06)
1.069000e+04	lowerWall	(-9.657578e-02 0.000000e+00 -7.617338e-07)	(-9.633438e-02 0.000000e+00 1.554065e-06)
1.070000e+04	lowerWall	(-9.656217e-02 0.000000e+00 -7.603670e-07)	(-9.632102e-02 0.000000e+00 1.551540e-06)
1.071000e+04	lowerWall	(-9.654858e-02 0.000000e+00 -7.590046e-07)	(-9.630769e-02 0.000000e+00 1.549013e-06)
1.072000e+04	lowerWall	(-9.653503e-02 0.000000e+00 -7.576456e-07)	(-9.629439e-02 0.000000e+00 1.546487e-06)
1.073000e+04	lowerWall	(-9.652150e-02 0.000000e+00 -7.562900e-07)	(-9.628111e-02 0.000000e+00 1.543959e-06)
1.074000e+04	lowerWall	(-9.650799e-02 0.000000e+00 -7.549375e-07)	(-9.626786e-02 0.000000e+00 1.541432e-06)
1.075000e+04	lowerWall	(-9.649451e-02 0.000000e+00 -7.535883e-07)	(-9.625463e-02 0.000000e+00 1.538903e-06)
1.076000e+04	lowerWall	(-9.648106e-02 0.000000e+00 -7.522423e-07)	(-9.624143e-02 0.000000e+00 1.536375e-06)
1.077000e+04	lowerWall	(-9.646764e-02 0.000000e+00 -7.508959e-07)	(-9.622825e-02 0.000000e+00 1.533845e-06)
1.078000e+04	lowerWall	(-9.645424e-02 0.000000e+00 -7.495474e-07)	(-9.621511e-02 0.000000e+00 1.531312e-06)
1.079000e+04	lowerWall	(-9.644086e-02 0.000000e+00 -7.482081e-07)	(-9.620198e-02 0.000000e+00 1.528778e-06)
1.080000e+04	lowerWall	(-9.642752e-02 0.000000e+00 -7.468747e-07)	(-9.618889e-02 0.000000e+00 1.526244e-06)
1.081000e+04	lowerWall	(-9.641419e-02 0.000000e+00 -7.455449e-07)	(-9.617582e-02 0.000000e+00 1.523711e-06)
1.082000e+04	lowerWall	(-9.640090e-02 0.000000e+00 -7.442185e-07)	(-9.616277e-02 0.000000e+00 1.521178e-06)
1.083000e+04	lowerWall	(-9.638763e-02 0.000000e+00 -7.428954e-07)	(-9.614975e-02 0.000000e+00 1.518646e-06)
1.084000e+04	lowerWall	(-9.637438e-02 0.000000e+00 -7.415756e-07)	(-9.613676e-02 0.000000e+00 1.516114e-06)
1.085000e+04	lowerWall	(-9.636116e-02 0.000000e+00 -7.402586e-07)	(-9.612379e-02 0.000000e+00 1.513583e-06)
1.086000e+04	lowerWall	(-9.634797e-02 0.000000e+00 -7.389445e-07)	(-9.611085e-02 0.000000e+00 1.511051e-06)
1.087000e+04	lowerWall	(-9.633480e-02 0.000000e+00 -7.376334e-07)	(-9.609793e-02 0.000000e+00 1.508519e-06)
1.088000e+04	lowerWall	(-9.632165e-02 0.000000e+00 -7.363256e-07)	(-9.608503e-02 0.000000e+00 1.505988e-06)
1.089000e+04	lowerWall	(-9.630854e-02 0.000000e+00 -7.350205e-07)	(-9.607216e-02 0.000000e+00 1.503457e-06)
1.090000e+04	lowerWall	(-9.629546e-02 0.000000e+00 -7.337187e-07)	(-9.605932e-02 0.000000e+00 1.500927e-06)
1.091000e+04	lowerWall	(-9.628240e-02 0.000000e+00 -7.324196e-07)	(-9.604650e-02 0.000000e+00 1.498396e-06)
1.092000e+04	lowerWall	(-9.626937e-02 0.000000e+00 -7.311233e-07)	(-9.603371e-02 0.000000e+00 1.495865e-06)
1.093000e+04	lowerWall	(-9.625637e-02 0.000000e+00 -7.298302e-07)	(-9.602094e-02 0.000000e+00 1.493334e-06)
1.094000e+04	lowerWall	(-9.624339e-02 0.000000e+00 -7.285401e-07)	(-9.600820e-02 0.000000e+00 1.490804e-06)
1.095000e+04	lowerWall	(-9.623044e-02 0.000000e+00 -7.272531e-07)	(-9.599548e-02 0.000000e+00 1.488274e-06)
1.096000e+04	lowerWall	(-9.621751e-02 0.000000e+00 -7.259693e-07)	(-9.598278e-02 0.000000e+00 1.485744e-06)
1.097000e+04	lowerWall	(-9.620460e-02 0.000000e+00 -7.246880e-07)	(-9.597011e-02 0.000000e+00 1.483215e-06)
1.098000e+04	lowerWall	(-9.619172e-02 0.000000e+00 -7.234095e-07)	(-9.595747e-02 0.000000e+00 1.480685e-06)
1.099000e+04	lowerWall	(-9.617887e-02 0.000000e+00 -7.221341e-07)	(-9.594485e-02 0.000000e+00 1.478157e-06)
1.100000e+04	lowerWall	(-9.616604e-02 0.000000e+00 -7.208617e-07)	(-9.593225e-02 0.000000e+00 1.475628e-06)
1.101000e+04	lowerWall	(-9.615323e-02 0.000000e+00 -7.195921e-07)	(-9.591968e-02 0.000000e+00 1.473100e-06)
1.102000e+04	lowerWall	(-9.614045e-02 0.000000e+00 -7.183257e-07)	(-9.590713e-02 0.000000e+00 1.470573e-06)
1.103000e+04	lowerWall	(-9.612769e-02 0.000000e+00 -7.170617e-07)	(-9.589461e-02 0.000000e+00 1.468046e-06)
1.104000e+04	lowerWall	(-9.611496e-02 0.000000e+00 -7.158006e-07)	(-9.588211e-02 0.000000e+00 1.465520e-06)
1.105000e+04	lowerWall	(-9.610225e-02 0.000000e+00 -7.145424e-07)	(-9.586963e-02 0.000000e+00 1.462994e-06)
1.106000e+04	lowerWall	(-9.608957e-02 0.000000e+00 -7.132872e-07)	(-9.585718e-02 0.000000e+00 1.460689e-06)
1.107000e+04	lowerWall	(-9.607691e-02 0.000000e+00 -7.120349e-07)	(-9.584476e-02 0.000000e+00 1.458414e-06)
1.108000e+04	lowerWall	(-9.606427e-02 0.000000e+00 -7.107855e-07)	(-9.583235e-02 0.000000e+00 1.456139e-06)
1.109000e+04	lowerWall	(-9.605166e-02 0.000000e+00 -7.095388e-07)	(-9.581997e-02 0.000000e+00 1.453862e-06)
1.110000e+04	lowerWall	(-9.603907e-02 0.000000e+00 -7.082948e-07)	(-9.580762e-02 0.000000e+00 1.451584e-06)
1.111000e+04	lowerWall	(-9.602650e-02 0.000000e+00 -7.070536e-07)	(-9.579529e-02 0.000000e+00 1.449305e-06)
1.112000e+04	lowerWall	(-9.601396e-02 0.000000e+00 -7.058152e-07)	(-9.578298e-02 0.000000e+00 1.447024e-06)
1.113000e+04	lowerWall	(-9.600145e-02 0.000000e+00 -7.045797e-07)	(-9.577070e-02 0.000000e+00 1.444743e-06)
1.114000e+04	lowerWall	(-9.598895e-02 0.000000e+00 -7.033471e-07)	(-9.575844e-02 0.000000e+00 1.442461e-06)
1.115000e+04	lowerWall	(-9.597648e-02 0.000000e+00 -7.021172e-07)	(-9.574620e-02 0.000000e+00 1.440177e-06)
1.116000e+04	lowerWall	(-9.596404e-02 0.000000e+00 -7.008899e-07)	(-9.573399e-02 0.000000e+00 1.437893e-06)
1.117000e+04	lowerWall	(-9.595161e-02 0.000000e+00 -6.996652e-07)	(-9.572180e-02 0.000000e+00 1.435608e-06)
1.118000e+04	lowerWall	(-9.593922e-02 0.000000e+00 -6.984434e-07)	(-9.570963e-02 0.000000e+00 1.433322e-06)
1.119000e+04	lowerWall	(-9.592684e-02 0.000000e+00 -6.972244e-07)	(-9.569749e-02 0.000000e+00 1.431035e-06)
1.120000e+04	lowerWall	(-9.591449e-02 0.000000e+00 -6.960082e-07)	(-9.568537e-02 0.000000e+00 1.428747e-06)
1.121000e+04	lowerWall	(-9.590216e-02 0.000000e+00 -6.947948e-07)	(-9.567327e-02 0.000000e+00 1.426459e-06)
1.122000e+04	lowerWall	(-9.588985e-02 0.000000e+00 -6.935841e-07)	(-9.566119e-02 0.000000e+00 1.424170e-06)
1.123000e+04	lowerWall	(-9.587757e-02 0.000000e+00 -6.923759e-07)	(-9.564914e-02 0.000000e+00 1.421880e-06)
1.124000e+04	lowerWall	(-9.586531e-02 0.000000e+00 -6.911704e-07)	(-9.563712e-02 0.000000e+00 1.419590e-06)
1.125000e+04	lowerWall	(-9.585307e-02 0.000000e+00 -6.899676e-07)	(-9.562511e-02 0.000000e+00 1.417299e-06)
1.126000e+04	lowerWall	(-9.584086e-02 0.000000e+00 -6.887674e-07)	(-9.561313e-02 0.000000e+00 1.415007e-06)
1.127000e+04	lowerWall	(-9.582867e-02 0.000000e+00 -6.875699e-07)	(-9.560117e-02 0.000000e+00 1.412715e-06)
1.128000e+04	lowerWall	(-9.581650e-02 0.000000e+00 -6.863750e-07)	(-9.558923e-02 0.000000e+00 1.410423e-06)
1.129000e+04	lowerWall	(-9.580436e-02 0.000000e+00 -6.851828e-07)	(-9.557732e-02 0.000000e+00 1.408130e-06)
1.130000e+04	lowerWall	(-9.579223e-02 0.000000e+00 -6.839933e-07)	(-9.556543e-02 0.000000e+00 1.405836e-06)
1.131000e+04	lowerWall	(-9.578013e-02 0.000000e+00 -6.828064e-07)	(-9.555356e-02 0.000000e+00 1.403543e-06)
1.132000e+04	lowerWall	(-9.576806e-02 0.000000e+00 -6.816222e-07)	(-9.554172e-02 0.000000e+00 1.401249e-06)
1.133000e+04	lowerWall	(-9.575600e-02 0.000000e+00 -6.804406e-07)	(-9.552989e-02 0.000000e+00 1.398954e-06)
1.134000e+04	lowerWall	(-9.574397e-02 0.000000e+00 -6.792617e-07)	(-9.551809e-02 0.000000e+00 1.396660e-06)
1.135000e+04	lowerWall	(-9.573196e-02 0.000000e+00 -6.780854e-07)	(-9.550632e-02 0.000000e+00 1.394365e-06)
1.136000e+04	lowerWall	(-9.571997e-02 0.000000e+00 -6.769118e-07)	(-9.549456e-02 0.000000e+00 1.392070e-06)
1.137000e+04	lowerWall	(-9.570801e-02 0.000000e+00 -6.757408e-07)	(-9.548283e-02 0.000000e+00 1.389775e-06)
1.138000e+04	lowerWall	(-9.569607e-02 0.000000e+00 -6.745725e-07)	(-9.547111e-02 0.000000e+00 1.387480e-06)
1.139000e+04	lowerWall	(-9.568415e-02 0.000000e+00 -6.734067e-07)	(-9.545943e-02 0.000000e+00 1.385185e-06)
1.140000e+04	lowerWall	(-9.567226e-02 0.000000e+00 -6.722430e-07)	(-9.544776e-02 0.000000e+00 1.382889e-06)
1.141000e+04	lowerWall	(-9.566040e-02 0.000000e+00 -6.710819e-07)	(-9.543611e-02 0.000000e+00 1.380594e-06)
1.142000e+04	lowerWall	(-9.564856e-02 0.000000e+00 -6.699231e-07)	(-9.542449e-02 0.000000e+00 1.378298e-06)
1.143000e+04	lowerWall	(-9.563674e-02 0.000000e+00 -6.687671e-07)	(-9.541289e-02 0.000000e+00 1.376003e-06)
1.144000e+04	lowerWall	(-9.562494e-02 0.000000e+00 -6.676135e-07)	(-9.540131e-02 0.000000e+00 1.373708e-06)
1.145000e+04	lowerWall	(-9.561317e-02 0.000000e+00 -6.664625e-07)	(-9.538975e-02 0.000000e+00 1.371412e-06)
1.146000e+04	lowerWall	(-9.560142e-02 0.000000e+00 -6.653140e-07)	(-9.537822e-02 0.000000e+00 1.369117e-06)
1.147000e+04	lowerWall	(-9.558969e-02 0.000000e+00 -6.641681e-07)	(-9.536671e-02 0.000000e+00 1.366822e-06)
1.148000e+04	lowerWall	(-9.557798e-02 0.000000e+00 -6.630246e-07)	(-9.535521e-02 0.000000e+00 1.364527e-06)
1.149000e+04	lowerWall	(-9.556629e-02 0.000000e+00 -6.618837e-07)	(-9.534374e-02 0.000000e+00 1.362233e-06)
1.150000e+04	lowerWall	(-9.555463e-02 0.000000e+00 -6.607452e-07)	(-9.533230e-02 0.000000e+00 1.359938e-06)
1.151000e+04	lowerWall	(-9.554298e-02 0.000000e+00 -6.596093e-07)	(-9.532087e-02 0.000000e+00 1.357644e-06)
1.152000e+04	lowerWall	(-9.553136e-02 0.000000e+00 -6.584758e-07)	(-9.530946e-02 0.000000e+00 1.355351e-06)
1.153000e+04	lowerWall	(-9.551976e-02 0.000000e+00 -6.573448e-07)	(-9.529808e-02 0.000000e+00 1.353057e-06)
1.154000e+04	lowerWall	(-9.550818e-02 0.000000e+00 -6.562162e-07)	(-9.528672e-02 0.000000e+00 1.350764e-06)
1.155000e+04	lowerWall	(-9.549662e-02 0.000000e+00 -6.550901e-07)	(-9.527538e-02 0.000000e+00 1.348472e-06)
1.156000e+04	lowerWall	(-9.548508e-02 0.000000e+00 -6.539665e-07)	(-9.526406e-02 0.000000e+00 1.346180e-06)
1.157000e+04	lowerWall	(-9.547357e-02 0.000000e+00 -6.528453e-07)	(-9.525276e-02 0.000000e+00 1.343888e-06)
1.158000e+04	lowerWall	(-9.546207e-02 0.000000e+00 -6.517266e-07)	(-9.524148e-02 0.000000e+00 1.341597e-06)
1.159000e+04	lowerWall	(-9.545060e-02 0.000000e+00 -6.506102e-07)	(-9.523022e-02 0.000000e+00 1.339307e-06)
1.160000e+04	lowerWall	(-9.543915e-02 0.000000e+00 -6.494963e-07)	(-9.521899e-02 0.000000e+00 1.337045e-06)
1.161000e+04	lowerWall	(-9.542772e-02 0.000000e+00 -6.483848e-07)	(-9.520777e-02 0.000000e+00 1.334971e-06)
1.162000e+04	lowerWall	(-9.541631e-02 0.000000e+00 -6.472757e-07)	(-9.519658e-02 0.000000e+00 1.332897e-06)
1.163000e+04	lowerWall	(-9.540492e-02 0.000000e+00 -6.461690e-07)	(-9.518541e-02 0.000000e+00 1.330821e-06)
1.164000e+04	lowerWall	(-9.539355e-02 0.000000e+00 -6.450647e-07)	(-9.517426e-02 0.000000e+00 1.328744e-06)
1.165000e+04	lowerWall	(-9.538221e-02 0.000000e+00 -6.439629e-07)	(-9.516313e-02 0.000000e+00 1.326666e-06)
1.166000e+04	lowerWall	(-9.537088e-02 0.000000e+00 -6.428632e-07)	(-9.515202e-02 0.000000e+00 1.324587e-06)
1.167000e+04	lowerWall	(-9.535957e-02 0.000000e+00 -6.417661e-07)	(-9.514093e-02 0.000000e+00 1.322508e-06)
1.168000e+04	lowerWall	(-9.534829e-02 0.000000e+00 -6.406713e-07)	(-9.512986e-02 0.000000e+00 1.320427e-06)
1.169000e+04	lowerWall	(-9.533703e-02 0.000000e+00 -6.395789e-07)	(-9.511881e-02 0.000000e+00 1.318346e-06)
1.170000e+04	lowerWall	(-9.532578e-02 0.000000e+00 -6.384889e-07)	(-9.510778e-02 0.000000e+00 1.316264e-06)
1.171000e+04	lowerWall	(-9.531456e-02 0.000000e+00 -6.374011e-07)	(-9.509678e-02 0.000000e+00 1.314182e-06)
1.172000e+04	lowerWall	(-9.530336e-02 0.000000e+00 -6.363158e-07)	(-9.508579e-02 0.000000e+00 1.312098e-06)
1.173000e+04	lowerWall	(-9.529218e-02 0.000000e+00 -6.352328e-07)	(-9.507483e-02 0.000000e+00 1.310014e-06)
1.174000e+04	lowerWall	(-9.528102e-02 0.000000e+00 -6.341521e-07)	(-9.506388e-02 0.000000e+00 1.307930e-06)
1.175000e+04	lowerWall	(-9.526987e-02 0.000000e+00 -6.330737e-07)	(-9.505296e-02 0.000000e+00 1.305844e-06)
1.176000e+04	lowerWall	(-9.525875e-02 0.000000e+00 -6.319976e-07)	(-9.504205e-02 0.000000e+00 1.303759e-06)
1.177000e+04	lowerWall	(-9.524765e-02 0.000000e+00 -6.309239e-07)	(-9.503117e-02 0.000000e+00 1.301672e-06)
1.178000e+04	lowerWall	(-9.523657e-02 0.000000e+00 -6.298526e-07)	(-9.502030e-02 0.000000e+00 1.299586e-06)
1.179000e+04	lowerWall	(-9.522551e-02 0.000000e+00 -6.287833e-07)	(-9.500946e-02 0.000000e+00 1.297498e-06)
1.180000e+04	lowerWall	(-9.521447e-02 0.000000e+00 -6.277164e-07)	(-9.499863e-02 0.000000e+00 1.295411e-06)
1.181000e+04	lowerWall	(-9.520345e-02 0.000000e+00 -6.266517e-07)	(-9.498783e-02 0.000000e+00 1.293323e-06)
1.182000e+04	lowerWall	(-9.519245e-02 0.000000e+00 -6.255894e-07)	(-9.497705e-02 0.000000e+00 1.291234e-06)
1.183000e+04	lowerWall	(-9.518147e-02 0.000000e+00 -6.245295e-07)	(-9.496628e-02 0.000000e+00 1.289146e-06)
1.184000e+04	lowerWall	(-9.517052e-02 0.000000e+00 -6.234717e-07)	(-9.495554e-02 0.000000e+00 1.287057e-06)
1.185000e+04	lowerWall	(-9.515958e-02 0.000000e+00 -6.224163e-07)	(-9.494481e-02 0.000000e+00 1.284968e-06)
1.186000e+04	lowerWall	(-9.514866e-02 0.000000e+00 -6.213630e-07)	(-9.493411e-02 0.000000e+00 1.282878e-06)
1.187000e+04	lowerWall	(-9.513776e-02 0.000000e+00 -6.203120e-07)	(-9.492342e-02 0.000000e+00 1.280789e-06)
1.188000e+04	lowerWall	(-9.512687e-02 0.000000e+00 -6.192633e-07)	(-9.491276e-02 0.000000e+00 1.278699e-06)
1.189000e+04	lowerWall	(-9.511602e-02 0.000000e+00 -6.182168e-07)	(-9.490211e-02 0.000000e+00 1.276609e-06)
1.190000e+04	lowerWall	(-9.510519e-02 0.000000e+00 -6.171725e-07)	(-9.489149e-02 0.000000e+00 1.274519e-06)
1.191000e+04	lowerWall	(-9.509438e-02 0.000000e+00 -6.161305e-07)	(-9.488088e-02 0.000000e+00 1.272429e-06)
1.192000e+04	lowerWall	(-9.508359e-02 0.000000e+00 -6.150907e-07)	(-9.487030e-02 0.000000e+00 1.270339e-06)
1.193000e+04	lowerWall	(-9.507282e-02 0.000000e+00 -6.140531e-07)	(-9.485973e-02 0.000000e+00 1.268249e-06)
1.194000e+04	lowerWall	(-9.506207e-02 0.000000e+00 -6.130177e-07)	(-9.484918e-02 0.000000e+00 1.266159e-06)
1.195000e+04	lowerWall	(-9.505134e-02 0.000000e+00 -6.119845e-07)	(-9.483865e-02 0.000000e+00 1.264069e-06)
1.196000e+04	lowerWall	(-9.504063e-02 0.000000e+00 -6.109535e-07)	(-9.482814e-02 0.000000e+00 1.261979e-06)
1.197000e+04	lowerWall	(-9.502994e-02 0.000000e+00 -6.099247e-07)	(-9.481766e-02 0.000000e+00 1.259889e-06)
1.198000e+04	lowerWall	(-9.501926e-02 0.000000e+00 -6.088981e-07)	(-9.480719e-02 0.000000e+00 1.257799e-06)
1.199000e+04	lowerWall	(-9.500861e-02 0.000000e+00 -6.078737e-07)	(-9.479673e-02 0.000000e+00 1.255710e-06)
1.200000e+04	lowerWall	(-9.499797e-02 0.000000e+00 -6.068514e-07)	(-9.478630e-02 0.000000e+00 1.253621e-06)
1.201000e+04	lowerWall	(-9.498736e-02 0.000000e+00 -6.058313e-07)	(-9.477589e-02 0.000000e+00 1.251532e-06)
1.202000e+04	lowerWall	(-9.497676e-02 0.000000e+00 -6.048133e-07)	(-9.476550e-02 0.000000e+00 1.249443e-06)
1.203000e+04	lowerWall	(-9.496619e-02 0.000000e+00 -6.037975e-07)	(-9.475512e-02 0.000000e+00 1.247354e-06)
1.204000e+04	lowerWall	(-9.495563e-02 0.000000e+00 -6.027079e-07)	(-9.474477e-02 0.000000e+00 1.245265e-06)
1.205000e+04	lowerWall	(-9.494509e-02 0.000000e+00 -6.016776e-07)	(-9.473444e-02 0.000000e+00 1.243180e-06)
1.206000e+04	lowerWall	(-9.493457e-02 0.000000e+00 -6.006691e-07)	(-9.472413e-02 0.000000e+00 1.241104e-06)
1.207000e+04	lowerWall	(-9.492407e-02 0.000000e+00 -5.996679e-07)	(-9.471384e-02 0.000000e+00 1.239040e-06)
1.208000e+04	lowerWall	(-9.491358e-02 0.000000e+00 -5.986711e-07)	(-9.470357e-02 0.000000e+00 1.236988e-06)
1.209000e+04	lowerWall	(-9.490312e-02 0.000000e+00 -5.976772e-07)	(-9.469332e-02 0.000000e+00 1.234950e-06)
1.210000e+04	lowerWall	(-9.489267e-02 0.000000e+00 -5.966859e-07)	(-9.468308e-02 0.000000e+00 1.232928e-06)
1.211000e+04	lowerWall	(-9.488225e-02 0.000000e+00 -5.956966e-07)	(-9.467286e-02 0.000000e+00 1.230924e-06)
1.212000e+04	lowerWall	(-9.487184e-02 0.000000e+00 -5.947091e-07)	(-9.466266e-02 0.000000e+00 1.228937e-06)
1.213000e+04	lowerWall	(-9.486145e-02 0.000000e+00 -5.937233e-07)	(-9.465248e-02 0.000000e+00 1.226968e-06)
1.214000e+04	lowerWall	(-9.485108e-02 0.000000e+00 -5.927386e-07)	(-9.464232e-02 0.000000e+00 1.225014e-06)
1.215000e+04	lowerWall	(-9.484073e-02 0.000000e+00 -5.917553e-07)	(-9.463217e-02 0.000000e+00 1.223077e-06)
1.216000e+04	lowerWall	(-9.483039e-02 0.000000e+00 -5.907737e-07)	(-9.462205e-02 0.000000e+00 1.221321e-06)
1.217000e+04	lowerWall	(-9.482008e-02 0.000000e+00 -5.897935e-07)	(-9.461194e-02 0.000000e+00 1.219560e-06)
1.218000e+04	lowerWall	(-9.480978e-02 0.000000e+00 -5.888151e-07)	(-9.460185e-02 0.000000e+00 1.217775e-06)
1.219000e+04	lowerWall	(-9.479950e-02 0.000000e+00 -5.878383e-07)	(-9.459178e-02 0.000000e+00 1.215937e-06)
1.220000e+04	lowerWall	(-9.478924e-02 0.000000e+00 -5.868634e-07)	(-9.458172e-02 0.000000e+00 1.214012e-06)
1.221000e+04	lowerWall	(-9.477900e-02 0.000000e+00 -5.858902e-07)	(-9.457169e-02 0.000000e+00 1.211973e-06)
1.222000e+04	lowerWall	(-9.476877e-02 0.000000e+00 -5.849190e-07)	(-9.456167e-02 0.000000e+00 1.209813e-06)
1.223000e+04	lowerWall	(-9.475856e-02 0.000000e+00 -5.839495e-07)	(-9.455167e-02 0.000000e+00 1.207570e-06)
1.224000e+04	lowerWall	(-9.474838e-02 0.000000e+00 -5.829820e-07)	(-9.454168e-02 0.000000e+00 1.205313e-06)
1.225000e+04	lowerWall	(-9.473820e-02 0.000000e+00 -5.820164e-07)	(-9.453172e-02 0.000000e+00 1.203101e-06)
1.226000e+04	lowerWall	(-9.472805e-02 0.000000e+00 -5.810523e-07)	(-9.452177e-02 0.000000e+00 1.200960e-06)
1.227000e+04	lowerWall	(-9.471791e-02 0.000000e+00 -5.800906e-07)	(-9.451185e-02 0.000000e+00 1.198885e-06)
1.228000e+04	lowerWall	(-9.470779e-02 0.000000e+00 -5.791307e-07)	(-9.450193e-02 0.000000e+00 1.196852e-06)
1.229000e+04	lowerWall	(-9.469769e-02 0.000000e+00 -5.781730e-07)	(-9.449204e-02 0.000000e+00 1.194832e-06)
1.230000e+04	lowerWall	(-9.468760e-02 0.000000e+00 -5.772171e-07)	(-9.448217e-02 0.000000e+00 1.192818e-06)
1.231000e+04	lowerWall	(-9.467753e-02 0.000000e+00 -5.762632e-07)	(-9.447231e-02 0.000000e+00 1.190812e-06)
1.232000e+04	lowerWall	(-9.466749e-02 0.000000e+00 -5.753113e-07)	(-9.446247e-02 0.000000e+00 1.188811e-06)
1.233000e+04	lowerWall	(-9.465746e-02 0.000000e+00 -5.743613e-07)	(-9.445265e-02 0.000000e+00 1.186817e-06)
1.234000e+04	lowerWall	(-9.464744e-02 0.000000e+00 -5.734132e-07)	(-9.444284e-02 0.000000e+00 1.184828e-06)
1.235000e+04	lowerWall	(-9.463745e-02 0.000000e+00 -5.724671e-07)	(-9.443305e-02 0.000000e+00 1.182844e-06)
1.236000e+04	lowerWall	(-9.462747e-02 0.000000e+00 -5.715230e-07)	(-9.442328e-02 0.000000e+00 1.180865e-06)
1.237000e+04	lowerWall	(-9.461752e-02 0.000000e+00 -5.705809e-07)	(-9.441353e-02 0.000000e+00 1.178890e-06)
1.238000e+04	lowerWall	(-9.460758e-02 0.000000e+00 -5.696407e-07)	(-9.440380e-02 0.000000e+00 1.176919e-06)
1.239000e+04	lowerWall	(-9.459767e-02 0.000000e+00 -5.687024e-07)	(-9.439408e-02 0.000000e+00 1.174951e-06)
1.240000e+04	lowerWall	(-9.458777e-02 0.000000e+00 -5.677661e-07)	(-9.438438e-02 0.000000e+00 1.172987e-06)
1.241000e+04	lowerWall	(-9.457790e-02 0.000000e+00 -5.668317e-07)	(-9.437470e-02 0.000000e+00 1.171027e-06)
1.242000e+04	lowerWall	(-9.456804e-02 0.000000e+00 -5.658994e-07)	(-9.436503e-02 0.000000e+00 1.169069e-06)
1.243000e+04	lowerWall	(-9.455820e-02 0.000000e+00 -5.649687e-07)	(-9.435538e-02 0.000000e+00 1.167114e-06)
1.244000e+04	lowerWall	(-9.454838e-02 0.000000e+00 -5.640402e-07)	(-9.434575e-02 0.000000e+00 1.165161e-06)
1.245000e+04	lowerWall	(-9.453857e-02 0.000000e+00 -5.631135e-07)	(-9.433614e-02 0.000000e+00 1.163212e-06)
1.246000e+04	lowerWall	(-9.452878e-02 0.000000e+00 -5.621888e-07)	(-9.432654e-02 0.000000e+00 1.161264e-06)
1.247000e+04	lowerWall	(-9.451901e-02 0.000000e+00 -5.612660e-07)	(-9.431697e-02 0.000000e+00 1.159318e-06)
1.248000e+04	lowerWall	(-9.450926e-02 0.000000e+00 -5.603451e-07)	(-9.430740e-02 0.000000e+00 1.157375e-06)
1.249000e+04	lowerWall	(-9.449952e-02 0.000000e+00 -5.594262e-07)	(-9.429786e-02 0.000000e+00 1.155434e-06)
1.250000e+04	lowerWall	(-9.448980e-02 0.000000e+00 -5.585092e-07)	(-9.428833e-02 0.000000e+00 1.153494e-06)
1.251000e+04	lowerWall	(-9.448010e-02 0.000000e+00 -5.575940e-07)	(-9.427882e-02 0.000000e+00 1.151556e-06)
1.252000e+04	lowerWall	(-9.447041e-02 0.000000e+00 -5.566808e-07)	(-9.426933e-02 0.000000e+00 1.149620e-06)
1.253000e+04	lowerWall	(-9.446074e-02 0.000000e+00 -5.557694e-07)	(-9.425985e-02 0.000000e+00 1.147685e-06)
1.254000e+04	lowerWall	(-9.445109e-02 0.000000e+00 -5.548599e-07)	(-9.425039e-02 0.000000e+00 1.145752e-06)
1.255000e+04	lowerWall	(-9.444145e-02 0.000000e+00 -5.539522e-07)	(-9.424095e-02 0.000000e+00 1.143821e-06)
1.256000e+04	lowerWall	(-9.443184e-02 0.000000e+00 -5.530465e-07)	(-9.423152e-02 0.000000e+00 1.141891e-06)
1.257000e+04	lowerWall	(-9.442224e-02 0.000000e+00 -5.521427e-07)	(-9.422211e-02 0.000000e+00 1.139962e-06)
1.258000e+04	lowerWall	(-9.441265e-02 0.000000e+00 -5.512408e-07)	(-9.421272e-02 0.000000e+00 1.138035e-06)
1.259000e+04	lowerWall	(-9.440308e-02 0.000000e+00 -5.503404e-07)	(-9.420334e-02 0.000000e+00 1.136109e-06)
1.260000e+04	lowerWall	(-9.439353e-02 0.000000e+00 -5.494422e-07)	(-9.419398e-02 0.000000e+00 1.134184e-06)
1.261000e+04	lowerWall	(-9.438400e-02 0.000000e+00 -5.485459e-07)	(-9.418464e-02 0.000000e+00 1.132260e-06)
1.262000e+04	lowerWall	(-9.437448e-02 0.000000e+00 -5.476513e-07)	(-9.417531e-02 0.000000e+00 1.130338e-06)
1.263000e+04	lowerWall	(-9.436498e-02 0.000000e+00 -5.467586e-07)	(-9.416600e-02 0.000000e+00 1.128417e-06)
1.264000e+04	lowerWall	(-9.435550e-02 0.000000e+00 -5.458678e-07)	(-9.415671e-02 0.000000e+00 1.126497e-06)
1.265000e+04	lowerWall	(-9.434603e-02 0.000000e+00 -5.449787e-07)	(-9.414743e-02 0.000000e+00 1.124578e-06)
1.266000e+04	lowerWall	(-9.433658e-02 0.000000e+00 -5.440916e-07)	(-9.413817e-02 0.000000e+00 1.122661e-06)
1.267000e+04	lowerWall	(-9.432714e-02 0.000000e+00 -5.432062e-07)	(-9.412893e-02 0.000000e+00 1.120745e-06)
1.268000e+04	lowerWall	(-9.431773e-02 0.000000e+00 -5.423226e-07)	(-9.411970e-02 0.000000e+00 1.118910e-06)
1.269000e+04	lowerWall	(-9.430832e-02 0.000000e+00 -5.414409e-07)	(-9.411049e-02 0.000000e+00 1.117157e-06)
1.270000e+04	lowerWall	(-9.429894e-02 0.000000e+00 -5.405610e-07)	(-9.410130e-02 0.000000e+00 1.115404e-06)
1.271000e+04	lowerWall	(-9.428957e-02 0.000000e+00 -5.396830e-07)	(-9.409212e-02 0.000000e+00 1.113650e-06)
1.272000e+04	lowerWall	(-9.428022e-02 0.000000e+00 -5.388067e-07)	(-9.408296e-02 0.000000e+00 1.111897e-06)
1.273000e+04	lowerWall	(-9.427088e-02 0.000000e+00 -5.379322e-07)	(-9.407381e-02 0.000000e+00 1.110143e-06)
1.274000e+04	lowerWall	(-9.426156e-02 0.000000e+00 -5.370596e-07)	(-9.406468e-02 0.000000e+00 1.108389e-06)
1.275000e+04	lowerWall	(-9.425225e-02 0.000000e+00 -5.361885e-07)	(-9.405557e-02 0.000000e+00 1.106635e-06)
1.276000e+04	lowerWall	(-9.424297e-02 0.000000e+00 -5.353191e-07)	(-9.404647e-02 0.000000e+00 1.104881e-06)
1.277000e+04	lowerWall	(-9.423369e-02 0.000000e+00 -5.344518e-07)	(-9.403739e-02 0.000000e+00 1.103126e-06)
1.278000e+04	lowerWall	(-9.422444e-02 0.000000e+00 -5.335862e-07)	(-9.402832e-02 0.000000e+00 1.101372e-06)
1.279000e+04	lowerWall	(-9.421520e-02 0.000000e+00 -5.327224e-07)	(-9.401927e-02 0.000000e+00 1.099617e-06)
1.280000e+04	lowerWall	(-9.420597e-02 0.000000e+00 -5.318604e-07)	(-9.401024e-02 0.000000e+00 1.097863e-06)
1.281000e+04	lowerWall	(-9.419676e-02 0.000000e+00 -5.310001e-07)	(-9.400122e-02 0.000000e+00 1.096108e-06)
1.282000e+04	lowerWall	(-9.418757e-02 0.000000e+00 -5.301415e-07)	(-9.399222e-02 0.000000e+00 1.094354e-06)
1.283000e+04	lowerWall	(-9.417840e-02 0.000000e+00 -5.292847e-07)	(-9.398323e-02 0.000000e+00 1.092599e-06)
1.284000e+04	lowerWall	(-9.416923e-02 0.000000e+00 -5.284297e-07)	(-9.397426e-02 0.000000e+00 1.090844e-06)
1.285000e+04	lowerWall	(-9.416009e-02 0.000000e+00 -5.275764e-07)	(-9.396531e-02 0.000000e+00 1.089090e-06)
1.286000e+04	lowerWall	(-9.415096e-02 0.000000e+00 -5.267248e-07)	(-9.395637e-02 0.000000e+00 1.087335e-06)
1.287000e+04	lowerWall	(-9.414185e-02 0.000000e+00 -5.258749e-07)	(-9.394745e-02 0.000000e+00 1.085581e-06)
1.288000e+04	lowerWall	(-9.413277e-02 0.000000e+00 -5.250268e-07)	(-9.393854e-02 0.000000e+00 1.083826e-06)
1.289000e+04	lowerWall	(-9.412370e-02 0.000000e+00 -5.241803e-07)	(-9.392965e-02 0.000000e+00 1.082072e-06)
1.290000e+04	lowerWall	(-9.411464e-02 0.000000e+00 -5.233357e-07)	(-9.392077e-02 0.000000e+00 1.080318e-06)
1.291000e+04	lowerWall	(-9.410560e-02 0.000000e+00 -5.224927e-07)	(-9.391191e-02 0.000000e+00 1.078564e-06)
1.292000e+04	lowerWall	(-9.409658e-02 0.000000e+00 -5.216515e-07)	(-9.390306e-02 0.000000e+00 1.076810e-06)
1.293000e+04	lowerWall	(-9.408757e-02 0.000000e+00 -5.208120e-07)	(-9.389423e-02 0.000000e+00 1.075056e-06)
1.294000e+04	lowerWall	(-9.407858e-02 0.000000e+00 -5.199741e-07)	(-9.388542e-02 0.000000e+00 1.073303e-06)
1.295000e+04	lowerWall	(-9.406960e-02 0.000000e+00 -5.191381e-07)	(-9.387662e-02 0.000000e+00 1.071549e-06)
1.296000e+04	lowerWall	(-9.406064e-02 0.000000e+00 -5.183034e-07)	(-9.386784e-02 0.000000e+00 1.069796e-06)
1.297000e+04	lowerWall	(-9.405169e-02 0.000000e+00 -5.174707e-07)	(-9.385907e-02 0.000000e+00 1.068043e-06)
1.298000e+04	lowerWall	(-9.404276e-02 0.000000e+00 -5.166396e-07)	(-9.385032e-02 0.000000e+00 1.066291e-06)
1.299000e+04	lowerWall	(-9.403384e-02 0.000000e+00 -5.158103e-07)	(-9.384158e-02 0.000000e+00 1.064539e-06)
1.300000e+04	lowerWall	(-9.402494e-02 0.000000e+00 -5.149826e-07)	(-9.383286e-02 0.000000e+00 1.062787e-06)
1.301000e+04	lowerWall	(-9.401605e-02 0.000000e+00 -5.141565e-07)	(-9.382415e-02 0.000000e+00 1.061035e-06)
1.302000e+04	lowerWall	(-9.400718e-02 0.000000e+00 -5.133320e-07)	(-9.381546e-02 0.000000e+00 1.059283e-06)
1.303000e+04	lowerWall	(-9.399833e-02 0.000000e+00 -5.125092e-07)	(-9.380678e-02 0.000000e+00 1.057532e-06)
1.304000e+04	lowerWall	(-9.398949e-02 0.000000e+00 -5.116881e-07)	(-9.379812e-02 0.000000e+00 1.055782e-06)
1.305000e+04	lowerWall	(-9.398066e-02 0.000000e+00 -5.108685e-07)	(-9.378948e-02 0.000000e+00 1.054032e-06)
1.306000e+04	lowerWall	(-9.397185e-02 0.000000e+00 -5.100508e-07)	(-9.378085e-02 0.000000e+00 1.052282e-06)
1.307000e+04	lowerWall	(-9.396306e-02 0.000000e+00 -5.092347e-07)	(-9.377223e-02 0.000000e+00 1.050532e-06)
1.308000e+04	lowerWall	(-9.395427e-02 0.000000e+00 -5.084202e-07)	(-9.376363e-02 0.000000e+00 1.048784e-06)
1.309000e+04	lowerWall	(-9.394551e-02 0.000000e+00 -5.076074e-07)	(-9.375504e-02 0.000000e+00 1.047035e-06)
1.310000e+04	lowerWall	(-9.393676e-02 0.000000e+00 -5.067933e-07)	(-9.374647e-02 0.000000e+00 1.045287e-06)
1.311000e+04	lowerWall	(-9.392802e-02 0.000000e+00 -5.059766e-07)	(-9.373791e-02 0.000000e+00 1.043537e-06)
1.312000e+04	lowerWall	(-9.391930e-02 0.000000e+00 -5.051660e-07)	(-9.372937e-02 0.000000e+00 1.041787e-06)
1.313000e+04	lowerWall	(-9.391060e-02 0.000000e+00 -5.043593e-07)	(-9.372085e-02 0.000000e+00 1.040038e-06)
1.314000e+04	lowerWall	(-9.390191e-02 0.000000e+00 -5.035551e-07)	(-9.371234e-02 0.000000e+00 1.038291e-06)
1.315000e+04	lowerWall	(-9.389323e-02 0.000000e+00 -5.027525e-07)	(-9.370384e-02 0.000000e+00 1.036544e-06)
1.316000e+04	lowerWall	(-9.388457e-02 0.000000e+00 -5.019512e-07)	(-9.369536e-02 0.000000e+00 1.034799e-06)
1.317000e+04	lowerWall	(-9.387592e-02 0.000000e+00 -5.011516e-07)	(-9.368689e-02 0.000000e+00 1.033054e-06)
1.318000e+04	lowerWall	(-9.386729e-02 0.000000e+00 -5.003538e-07)	(-9.367844e-02 0.000000e+00 1.031310e-06)
1.319000e+04	lowerWall	(-9.385867e-02 0.000000e+00 -4.995575e-07)	(-9.367000e-02 0.000000e+00 1.029568e-06)
1.320000e+04	lowerWall	(-9.385007e-02 0.000000e+00 -4.987627e-07)	(-9.366158e-02 0.000000e+00 1.027826e-06)
1.321000e+04	lowerWall	(-9.384148e-02 0.000000e+00 -4.979699e-07)	(-9.365317e-02 0.000000e+00 1.026085e-06)
1.322000e+04	lowerWall	(-9.383291e-02 0.000000e+00 -4.971783e-07)	(-9.364477e-02 0.000000e+00 1.024415e-06)
1.323000e+04	lowerWall	(-9.382435e-02 0.000000e+00 -4.963881e-07)	(-9.363639e-02 0.000000e+00 1.022814e-06)
1.324000e+04	lowerWall	(-9.381580e-02 0.000000e+00 -4.955995e-07)	(-9.362803e-02 0.000000e+00 1.021213e-06)
1.325000e+04	lowerWall	(-9.380727e-02 0.000000e+00 -4.948125e-07)	(-9.361968e-02 0.000000e+00 1.019612e-06)
1.326000e+04	lowerWall	(-9.379875e-02 0.000000e+00 -4.940271e-07)	(-9.361134e-02 0.000000e+00 1.018010e-06)
1.327000e+04	lowerWall	(-9.379025e-02 0.000000e+00 -4.932431e-07)	(-9.360302e-02 0.000000e+00 1.016409e-06)
1.328000e+04	lowerWall	(-9.378176e-02 0.000000e+00 -4.924607e-07)	(-9.359471e-02 0.000000e+00 1.014807e-06)
1.329000e+04	lowerWall	(-9.377329e-02 0.000000e+00 -4.916800e-07)	(-9.358642e-02 0.000000e+00 1.013204e-06)
1.330000e+04	lowerWall	(-9.376483e-02 0.000000e+00 -4.909007e-07)	(-9.357814e-02 0.000000e+00 1.011602e-06)
1.331000e+04	lowerWall	(-9.375639e-02 0.000000e+00 -4.901231e-07)	(-9.356987e-02 0.000000e+00 1.009999e-06)
1.332000e+04	lowerWall	(-9.374796e-02 0.000000e+00 -4.893468e-07)	(-9.356162e-02 0.000000e+00 1.008396e-06)
1.333000e+04	lowerWall	(-9.373954e-02 0.000000e+00 -4.885721e-07)	(-9.355338e-02 0.000000e+00 1.006793e-06)
1.334000e+04	lowerWall	(-9.373114e-02 0.000000e+00 -4.877990e-07)	(-9.354516e-02 0.000000e+00 1.005190e-06)
1.335000e+04	lowerWall	(-9.372275e-02 0.000000e+00 -4.870274e-07)	(-9.353695e-02 0.000000e+00 1.003587e-06)
1.336000e+04	lowerWall	(-9.371439e-02 0.000000e+00 -4.862573e-07)	(-9.352876e-02 0.000000e+00 1.001984e-06)
1.337000e+04	lowerWall	(-9.370604e-02 0.000000e+00 -4.854887e-07)	(-9.352058e-02 0.000000e+00 1.000380e-06)
1.338000e+04	lowerWall	(-9.369770e-02 0.000000e+00 -4.847216e-07)	(-9.351241e-02 0.000000e+00 9.987771e-07)
1.339000e+04	lowerWall	(-9.368938e-02 0.000000e+00 -4.839561e-07)	(-9.350426e-02 0.000000e+00 9.971738e-07)
1.340000e+04	lowerWall	(-9.368108e-02 0.000000e+00 -4.831921e-07)	(-9.349612e-02 0.000000e+00 9.955705e-07)
1.341000e+04	lowerWall	(-9.367278e-02 0.000000e+00 -4.824296e-07)	(-9.348799e-02 0.000000e+00 9.939673e-07)
1.342000e+04	lowerWall	(-9.366450e-02 0.000000e+00 -4.816687e-07)	(-9.347988e-02 0.000000e+00 9.923641e-07)
1.343000e+04	lowerWall	(-9.365624e-02 0.000000e+00 -4.809093e-07)	(-9.347179e-02 0.000000e+00 9.907611e-07)
1.344000e+04	lowerWall	(-9.364799e-02 0.000000e+00 -4.801513e-07)	(-9.346370e-02 0.000000e+00 9.891582e-07)
1.345000e+04	lowerWall	(-9.363975e-02 0.000000e+00 -4.793948e-07)	(-9.345564e-02 0.000000e+00 9.875554e-07)
1.346000e+04	lowerWall	(-9.363152e-02 0.000000e+00 -4.786397e-07)	(-9.344758e-02 0.000000e+00 9.859527e-07)
1.347000e+04	lowerWall	(-9.362331e-02 0.000000e+00 -4.778862e-07)	(-9.343954e-02 0.000000e+00 9.843502e-07)
1.348000e+04	lowerWall	(-9.361512e-02 0.000000e+00 -4.771340e-07)	(-9.343151e-02 0.000000e+00 9.827479e-07)
1.349000e+04	lowerWall	(-9.360693e-02 0.000000e+00 -4.763836e-07)	(-9.342350e-02 0.000000e+00 9.811458e-07)
1.350000e+04	lowerWall	(-9.359876e-02 0.000000e+00 -4.756348e-07)	(-9.341550e-02 0.000000e+00 9.795439e-07)
1.351000e+04	lowerWall	(-9.359061e-02 0.000000e+00 -4.748871e-07)	(-9.340751e-02 0.000000e+00 9.779423e-07)
1.352000e+04	lowerWall	(-9.358247e-02 0.000000e+00 -4.741410e-07)	(-9.339954e-02 0.000000e+00 9.763411e-07)
1.353000e+04	lowerWall	(-9.357434e-02 0.000000e+00 -4.733963e-07)	(-9.339158e-02 0.000000e+00 9.747402e-07)
1.354000e+04	lowerWall	(-9.356622e-02 0.000000e+00 -4.726531e-07)	(-9.338363e-02 0.000000e+00 9.731393e-07)
1.355000e+04	lowerWall	(-9.355812e-02 0.000000e+00 -4.719113e-07)	(-9.337570e-02 0.000000e+00 9.715389e-07)
1.356000e+04	lowerWall	(-9.355003e-02 0.000000e+00 -4.711711e-07)	(-9.336778e-02 0.000000e+00 9.699390e-07)
1.357000e+04	lowerWall	(-9.354196e-02 0.000000e+00 -4.704323e-07)	(-9.335988e-02 0.000000e+00 9.683395e-07)
1.358000e+04	lowerWall	(-9.353390e-02 0.000000e+00 -4.696950e-07)	(-9.335198e-02 0.000000e+00 9.667404e-07)
1.359000e+04	lowerWall	(-9.352585e-02 0.000000e+00 -4.689591e-07)	(-9.334410e-02 0.000000e+00 9.651417e-07)
1.360000e+04	lowerWall	(-9.351781e-02 0.000000e+00 -4.682248e-07)	(-9.333624e-02 0.000000e+00 9.635435e-07)
1.361000e+04	lowerWall	(-9.350979e-02 0.000000e+00 -4.674919e-07)	(-9.332839e-02 0.000000e+00 9.619459e-07)
1.362000e+04	lowerWall	(-9.350179e-02 0.000000e+00 -4.667604e-07)	(-9.332055e-02 0.000000e+00 9.603487e-07)
1.363000e+04	lowerWall	(-9.349379e-02 0.000000e+00 -4.660303e-07)	(-9.331272e-02 0.000000e+00 9.587521e-07)
1.364000e+04	lowerWall	(-9.348581e-02 0.000000e+00 -4.654866e-07)	(-9.330491e-02 0.000000e+00 9.571559e-07)
1.365000e+04	lowerWall	(-9.347784e-02 0.000000e+00 -4.649828e-07)	(-9.329711e-02 0.000000e+00 9.555603e-07)
1.366000e+04	lowerWall	(-9.346989e-02 0.000000e+00 -4.644802e-07)	(-9.328933e-02 0.000000e+00 9.539651e-07)
1.367000e+04	lowerWall	(-9.346195e-02 0.000000e+00 -4.639789e-07)	(-9.328155e-02 0.000000e+00 9.523706e-07)
1.368000e+04	lowerWall	(-9.345402e-02 0.000000e+00 -4.634790e-07)	(-9.327380e-02 0.000000e+00 9.507766e-07)
1.369000e+04	lowerWall	(-9.344610e-02 0.000000e+00 -4.629806e-07)	(-9.326605e-02 0.000000e+00 9.491833e-07)
1.370000e+04	lowerWall	(-9.343820e-02 0.000000e+00 -4.624835e-07)	(-9.325832e-02 0.000000e+00 9.475905e-07)
1.371000e+04	lowerWall	(-9.343031e-02 0.000000e+00 -4.619886e-07)	(-9.325060e-02 0.000000e+00 9.459982e-07)
1.372000e+04	lowerWall	(-9.342243e-02 0.000000e+00 -4.614941e-07)	(-9.324289e-02 0.000000e+00 9.444067e-07)
1.373000e+04	lowerWall	(-9.341457e-02 0.000000e+00 -4.609989e-07)	(-9.323520e-02 0.000000e+00 9.428160e-07)
1.374000e+04	lowerWall	(-9.340672e-02 0.000000e+00 -4.605060e-07)	(-9.322752e-02 0.000000e+00 9.412259e-07)
1.375000e+04	lowerWall	(-9.339888e-02 0.000000e+00 -4.600150e-07)	(-9.321985e-02 0.000000e+00 9.396366e-07)
1.376000e+04	lowerWall	(-9.339106e-02 0.000000e+00 -4.595254e-07)	(-9.321219e-02 0.000000e+00 9.381298e-07)
1.377000e+04	lowerWall	(-9.338325e-02 0.000000e+00 -4.590366e-07)	(-9.320455e-02 0.000000e+00 9.366621e-07)
1.378000e+04	lowerWall	(-9.337545e-02 0.000000e+00 -4.585489e-07)	(-9.319692e-02 0.000000e+00 9.351942e-07)
1.379000e+04	lowerWall	(-9.336766e-02 0.000000e+00 -4.580631e-07)	(-9.318931e-02 0.000000e+00 9.337262e-07)
1.380000e+04	lowerWall	(-9.335989e-02 0.000000e+00 -4.575792e-07)	(-9.318170e-02 0.000000e+00 9.322579e-07)
1.381000e+04	lowerWall	(-9.335213e-02 0.000000e+00 -4.570956e-07)	(-9.317411e-02 0.000000e+00 9.307895e-07)
1.382000e+04	lowerWall	(-9.334438e-02 0.000000e+00 -4.566127e-07)	(-9.316653e-02 0.000000e+00 9.293209e-07)
1.383000e+04	lowerWall	(-9.333665e-02 0.000000e+00 -4.561293e-07)	(-9.315897e-02 0.000000e+00 9.278522e-07)
1.384000e+04	lowerWall	(-9.332894e-02 0.000000e+00 -4.556463e-07)	(-9.315142e-02 0.000000e+00 9.263834e-07)
1.385000e+04	lowerWall	(-9.332124e-02 0.000000e+00 -4.551658e-07)	(-9.314388e-02 0.000000e+00 9.249146e-07)
1.386000e+04	lowerWall	(-9.331355e-02 0.000000e+00 -4.546866e-07)	(-9.313635e-02 0.000000e+00 9.234457e-07)
1.387000e+04	lowerWall	(-9.330588e-02 0.000000e+00 -4.542087e-07)	(-9.312883e-02 0.000000e+00 9.219768e-07)
1.388000e+04	lowerWall	(-9.329822e-02 0.000000e+00 -4.537326e-07)	(-9.312133e-02 0.000000e+00 9.205078e-07)
1.389000e+04	lowerWall	(-9.329057e-02 0.000000e+00 -4.532575e-07)	(-9.311384e-02 0.000000e+00 9.190389e-07)
1.390000e+04	lowerWall	(-9.328293e-02 0.000000e+00 -4.527836e-07)	(-9.310637e-02 0.000000e+00 9.175699e-07)
1.391000e+04	lowerWall	(-9.327531e-02 0.000000e+00 -4.523110e-07)	(-9.309890e-02 0.000000e+00 9.161010e-07)
1.392000e+04	lowerWall	(-9.326770e-02 0.000000e+00 -4.518386e-07)	(-9.309145e-02 0.000000e+00 9.146322e-07)
1.393000e+04	lowerWall	(-9.326010e-02 0.000000e+00 -4.513672e-07)	(-9.308401e-02 0.000000e+00 9.131635e-07)
1.394000e+04	lowerWall	(-9.325251e-02 0.000000e+00 -4.508971e-07)	(-9.307658e-02 0.000000e+00 9.116949e-07)
1.395000e+04	lowerWall	(-9.324494e-02 0.000000e+00 -4.504281e-07)	(-9.306917e-02 0.000000e+00 9.102265e-07)
1.396000e+04	lowerWall	(-9.323737e-02 0.000000e+00 -4.499601e-07)	(-9.306177e-02 0.000000e+00 9.087582e-07)
1.397000e+04	lowerWall	(-9.322983e-02 0.000000e+00 -4.494929e-07)	(-9.305438e-02 0.000000e+00 9.072900e-07)
1.398000e+04	lowerWall	(-9.322229e-02 0.000000e+00 -4.490262e-07)	(-9.304700e-02 0.000000e+00 9.058220e-07)
1.399000e+04	lowerWall	(-9.321476e-02 0.000000e+00 -4.485626e-07)	(-9.303964e-02 0.000000e+00 9.043542e-07)
1.400000e+04	lowerWall	(-9.320725e-02 0.000000e+00 -4.480986e-07)	(-9.303228e-02 0.000000e+00 9.028867e-07)
1.401000e+04	lowerWall	(-9.319975e-02 0.000000e+00 -4.476376e-07)	(-9.302494e-02 0.000000e+00 9.014194e-07)
1.402000e+04	lowerWall	(-9.319226e-02 0.000000e+00 -4.471770e-07)	(-9.301762e-02 0.000000e+00 8.999522e-07)
1.403000e+04	lowerWall	(-9.318479e-02 0.000000e+00 -4.467166e-07)	(-9.301030e-02 0.000000e+00 8.984855e-07)
1.404000e+04	lowerWall	(-9.317732e-02 0.000000e+00 -4.462570e-07)	(-9.300300e-02 0.000000e+00 8.970190e-07)
1.405000e+04	lowerWall	(-9.316987e-02 0.000000e+00 -4.457983e-07)	(-9.299571e-02 0.000000e+00 8.955529e-07)
1.406000e+04	lowerWall	(-9.316243e-02 0.000000e+00 -4.453405e-07)	(-9.298843e-02 0.000000e+00 8.940871e-07)
1.407000e+04	lowerWall	(-9.315501e-02 0.000000e+00 -4.448835e-07)	(-9.298116e-02 0.000000e+00 8.926216e-07)
1.408000e+04	lowerWall	(-9.314759e-02 0.000000e+00 -4.444274e-07)	(-9.297390e-02 0.000000e+00 8.911566e-07)
1.409000e+04	lowerWall	(-9.314019e-02 0.000000e+00 -4.439717e-07)	(-9.296666e-02 0.000000e+00 8.896920e-07)
1.410000e+04	lowerWall	(-9.313280e-02 0.000000e+00 -4.435183e-07)	(-9.295943e-02 0.000000e+00 8.882277e-07)
1.411000e+04	lowerWall	(-9.312542e-02 0.000000e+00 -4.430653e-07)	(-9.295221e-02 0.000000e+00 8.867639e-07)
1.412000e+04	lowerWall	(-9.311805e-02 0.000000e+00 -4.426139e-07)	(-9.294500e-02 0.000000e+00 8.853005e-07)
1.413000e+04	lowerWall	(-9.311070e-02 0.000000e+00 -4.421624e-07)	(-9.293781e-02 0.000000e+00 8.838376e-07)
1.414000e+04	lowerWall	(-9.310336e-02 0.000000e+00 -4.417120e-07)	(-9.293063e-02 0.000000e+00 8.823752e-07)
1.415000e+04	lowerWall	(-9.309602e-02 0.000000e+00 -4.412618e-07)	(-9.292346e-02 0.000000e+00 8.809133e-07)
1.416000e+04	lowerWall	(-9.308870e-02 0.000000e+00 -4.408144e-07)	(-9.291630e-02 0.000000e+00 8.794520e-07)
1.417000e+04	lowerWall	(-9.308140e-02 0.000000e+00 -4.403672e-07)	(-9.290915e-02 0.000000e+00 8.779913e-07)
1.418000e+04	lowerWall	(-9.307410e-02 0.000000e+00 -4.399206e-07)	(-9.290201e-02 0.000000e+00 8.765308e-07)
1.419000e+04	lowerWall	(-9.306682e-02 0.000000e+00 -4.394746e-07)	(-9.289489e-02 0.000000e+00 8.750710e-07)
1.420000e+04	lowerWall	(-9.305955e-02 0.000000e+00 -4.390295e-07)	(-9.288778e-02 0.000000e+00 8.736118e-07)
1.421000e+04	lowerWall	(-9.305229e-02 0.000000e+00 -4.385853e-07)	(-9.288068e-02 0.000000e+00 8.721532e-07)
1.422000e+04	lowerWall	(-9.304504e-02 0.000000e+00 -4.381420e-07)	(-9.287359e-02 0.000000e+00 8.706953e-07)
1.423000e+04	lowerWall	(-9.303780e-02 0.000000e+00 -4.376996e-07)	(-9.286651e-02 0.000000e+00 8.692381e-07)
1.424000e+04	lowerWall	(-9.303058e-02 0.000000e+00 -4.372583e-07)	(-9.285945e-02 0.000000e+00 8.677815e-07)
1.425000e+04	lowerWall	(-9.302336e-02 0.000000e+00 -4.368182e-07)	(-9.285239e-02 0.000000e+00 8.663254e-07)
1.426000e+04	lowerWall	(-9.301616e-02 0.000000e+00 -4.363796e-07)	(-9.284535e-02 0.000000e+00 8.648700e-07)
1.427000e+04	lowerWall	(-9.300897e-02 0.000000e+00 -4.359417e-07)	(-9.283832e-02 0.000000e+00 8.634153e-07)
1.428000e+04	lowerWall	(-9.300179e-02 0.000000e+00 -4.355047e-07)	(-9.283130e-02 0.000000e+00 8.619613e-07)
1.429000e+04	lowerWall	(-9.299462e-02 0.000000e+00 -4.350689e-07)	(-9.282430e-02 0.000000e+00 8.605157e-07)
1.430000e+04	lowerWall	(-9.298747e-02 0.000000e+00 -4.346325e-07)	(-9.281730e-02 0.000000e+00 8.591681e-07)
1.431000e+04	lowerWall	(-9.298032e-02 0.000000e+00 -4.341945e-07)	(-9.281032e-02 0.000000e+00 8.578205e-07)
1.432000e+04	lowerWall	(-9.297320e-02 0.000000e+00 -4.337586e-07)	(-9.280335e-02 0.000000e+00 8.564728e-07)
1.433000e+04	lowerWall	(-9.296609e-02 0.000000e+00 -4.333237e-07)	(-9.279638e-02 0.000000e+00 8.551250e-07)
1.434000e+04	lowerWall	(-9.295899e-02 0.000000e+00 -4.328891e-07)	(-9.278944e-02 0.000000e+00 8.537772e-07)
1.435000e+04	lowerWall	(-9.295190e-02 0.000000e+00 -4.324574e-07)	(-9.278250e-02 0.000000e+00 8.524293e-07)
1.436000e+04	lowerWall	(-9.294482e-02 0.000000e+00 -4.320256e-07)	(-9.277557e-02 0.000000e+00 8.510814e-07)
1.437000e+04	lowerWall	(-9.293775e-02 0.000000e+00 -4.315942e-07)	(-9.276866e-02 0.000000e+00 8.497335e-07)
1.438000e+04	lowerWall	(-9.293070e-02 0.000000e+00 -4.311636e-07)	(-9.276175e-02 0.000000e+00 8.483856e-07)
1.439000e+04	lowerWall	(-9.292366e-02 0.000000e+00 -4.307337e-07)	(-9.275486e-02 0.000000e+00 8.470378e-07)
1.440000e+04	lowerWall	(-9.291662e-02 0.000000e+00 -4.303051e-07)	(-9.274798e-02 0.000000e+00 8.456900e-07)
1.441000e+04	lowerWall	(-9.290960e-02 0.000000e+00 -4.298764e-07)	(-9.274111e-02 0.000000e+00 8.443423e-07)
1.442000e+04	lowerWall	(-9.290259e-02 0.000000e+00 -4.294468e-07)	(-9.273425e-02 0.000000e+00 8.429946e-07)
1.443000e+04	lowerWall	(-9.289560e-02 0.000000e+00 -4.290170e-07)	(-9.272740e-02 0.000000e+00 8.416471e-07)
1.444000e+04	lowerWall	(-9.288861e-02 0.000000e+00 -4.285891e-07)	(-9.272057e-02 0.000000e+00 8.402997e-07)
1.445000e+04	lowerWall	(-9.288163e-02 0.000000e+00 -4.281622e-07)	(-9.271374e-02 0.000000e+00 8.389524e-07)
1.446000e+04	lowerWall	(-9.287467e-02 0.000000e+00 -4.277362e-07)	(-9.270693e-02 0.000000e+00 8.376053e-07)
1.447000e+04	lowerWall	(-9.286771e-02 0.000000e+00 -4.273108e-07)	(-9.270013e-02 0.000000e+00 8.362585e-07)
1.448000e+04	lowerWall	(-9.286077e-02 0.000000e+00 -4.268862e-07)	(-9.269334e-02 0.000000e+00 8.349118e-07)
1.449000e+04	lowerWall	(-9.285384e-02 0.000000e+00 -4.264623e-07)	(-9.268656e-02 0.000000e+00 8.335652e-07)
1.450000e+04	lowerWall	(-9.284692e-02 0.000000e+00 -4.260391e-07)	(-9.267979e-02 0.000000e+00 8.322188e-07)
1.451000e+04	lowerWall	(-9.284001e-02 0.000000e+00 -4.235258e-07)	(-9.267349e-02 0.000000e+00 8.306694e-07)
1.452000e+04	lowerWall	(-9.283312e-02 0.000000e+00 -4.207395e-07)	(-9.266694e-02 0.000000e+00 8.291893e-07)
1.453000e+04	lowerWall	(-9.282623e-02 0.000000e+00 -4.209942e-07)	(-9.266026e-02 0.000000e+00 8.278017e-07)
1.454000e+04	lowerWall	(-9.281935e-02 0.000000e+00 -4.244021e-07)	(-9.265344e-02 0.000000e+00 8.265024e-07)
1.455000e+04	lowerWall	(-9.281249e-02 0.000000e+00 -4.185870e-07)	(-9.264655e-02 0.000000e+00 8.252030e-07)
1.456000e+04	lowerWall	(-9.280563e-02 0.000000e+00 -4.194485e-07)	(-9.263977e-02 0.000000e+00 8.238807e-07)
1.457000e+04	lowerWall	(-9.279879e-02 0.000000e+00 -4.250688e-07)	(-9.263349e-02 0.000000e+00 8.223501e-07)
1.458000e+04	lowerWall	(-9.279196e-02 0.000000e+00 -4.170084e-07)	(-9.262654e-02 0.000000e+00 8.210999e-07)
1.459000e+04	lowerWall	(-9.278514e-02 0.000000e+00 -4.215966e-07)	(-9.262011e-02 0.000000e+00 8.196375e-07)
1.460000e+04	lowerWall	(-9.277833e-02 0.000000e+00 -4.231872e-07)	(-9.261381e-02 0.000000e+00 8.181103e-07)
1.461000e+04	lowerWall	(-9.277153e-02 0.000000e+00 -3.953140e-07)	(-9.260845e-02 0.000000e+00 8.164986e-07)
1.462000e+04	lowerWall	(-9.276475e-02 0.000000e+00 -3.942206e-07)	(-9.260188e-02 0.000000e+00 8.151088e-07)
1.463000e+04	lowerWall	(-9.275797e-02 0.000000e+00 -3.933627e-07)	(-9.259530e-02 0.000000e+00 8.137309e-07)
1.464000e+04	lowerWall	(-9.275120e-02 0.000000e+00 -3.925598e-07)	(-9.258873e-02 0.000000e+00 8.123588e-07)
1.465000e+04	lowerWall	(-9.274445e-02 0.000000e+00 -3.917925e-07)	(-9.258216e-02 0.000000e+00 8.109907e-07)
1.466000e+04	lowerWall	(-9.273770e-02 0.000000e+00 -3.910546e-07)	(-9.257561e-02 0.000000e+00 8.096254e-07)
1.467000e+04	lowerWall	(-9.273096e-02 0.000000e+00 -4.238844e-07)	(-9.256788e-02 0.000000e+00 8.084659e-07)
1.468000e+04	lowerWall	(-9.272424e-02 0.000000e+00 -4.220494e-07)	(-9.256106e-02 0.000000e+00 8.072371e-07)
1.469000e+04	lowerWall	(-9.271753e-02 0.000000e+00 -4.264904e-07)	(-9.255493e-02 0.000000e+00 8.056741e-07)
1.470000e+04	lowerWall	(-9.271082e-02 0.000000e+00 -4.217663e-07)	(-9.254806e-02 0.000000e+00 8.044816e-07)
1.471000e+04	lowerWall	(-9.270413e-02 0.000000e+00 -4.259124e-07)	(-9.254194e-02 0.000000e+00 8.029313e-07)
1.472000e+04	lowerWall	(-9.269745e-02 0.000000e+00 -4.210744e-07)	(-9.253508e-02 0.000000e+00 8.017468e-07)
1.473000e+04	lowerWall	(-9.269078e-02 0.000000e+00 -4.251033e-07)	(-9.252897e-02 0.000000e+00 8.002034e-07)
1.474000e+04	lowerWall	(-9.268412e-02 0.000000e+00 -4.202148e-07)	(-9.252213e-02 0.000000e+00 7.990236e-07)
1.475000e+04	lowerWall	(-9.267747e-02 0.000000e+00 -4.257664e-07)	(-9.251587e-02 0.000000e+00 7.975755e-07)
1.476000e+04	lowerWall	(-9.267083e-02 0.000000e+00 -4.278721e-07)	(-9.250949e-02 0.000000e+00 7.961753e-07)
1.477000e+04	lowerWall	(-9.266420e-02 0.000000e+00 -4.249677e-07)	(-9.250322e-02 0.000000e+00 7.947177e-07)
1.478000e+04	lowerWall	(-9.265758e-02 0.000000e+00 -4.285339e-07)	(-9.249668e-02 0.000000e+00 7.934175e-07)
1.479000e+04	lowerWall	(-9.265098e-02 0.000000e+00 -3.755012e-07)	(-9.249183e-02 0.000000e+00 7.916498e-07)
1.480000e+04	lowerWall	(-9.264438e-02 0.000000e+00 -4.295281e-07)	(-9.248416e-02 0.000000e+00 7.905271e-07)
1.481000e+04	lowerWall	(-9.263780e-02 0.000000e+00 -4.282147e-07)	(-9.247754e-02 0.000000e+00 7.893325e-07)
1.482000e+04	lowerWall	(-9.263124e-02 0.000000e+00 -3.728211e-07)	(-9.247270e-02 0.000000e+00 7.877340e-07)
1.483000e+04	lowerWall	(-9.262468e-02 0.000000e+00 -4.285078e-07)	(-9.246505e-02 0.000000e+00 7.866846e-07)
1.484000e+04	lowerWall	(-9.261813e-02 0.000000e+00 -4.270521e-07)	(-9.245845e-02 0.000000e+00 7.855341e-07)
1.485000e+04	lowerWall	(-9.261160e-02 0.000000e+00 -3.704294e-07)	(-9.245362e-02 0.000000e+00 7.839425e-07)
1.486000e+04	lowerWall	(-9.260507e-02 0.000000e+00 -4.271247e-07)	(-9.244601e-02 0.000000e+00 7.828971e-07)
1.487000e+04	lowerWall	(-9.259855e-02 0.000000e+00 -4.256118e-07)	(-9.243943e-02 0.000000e+00 7.817501e-07)
1.488000e+04	lowerWall	(-9.259205e-02 0.000000e+00 -3.682169e-07)	(-9.243462e-02 0.000000e+00 7.801632e-07)
1.489000e+04	lowerWall	(-9.258555e-02 0.000000e+00 -4.255662e-07)	(-9.242704e-02 0.000000e+00 7.791200e-07)
1.490000e+04	lowerWall	(-9.257906e-02 0.000000e+00 -4.240284e-07)	(-9.242049e-02 0.000000e+00 7.779754e-07)
1.491000e+04	lowerWall	(-9.257259e-02 0.000000e+00 -4.302835e-07)	(-9.241459e-02 0.000000e+00 7.765475e-07)
1.492000e+04	lowerWall	(-9.256613e-02 0.000000e+00 -3.639454e-07)	(-9.240954e-02 0.000000e+00 7.750779e-07)
1.493000e+04	lowerWall	(-9.255967e-02 0.000000e+00 -4.248645e-07)	(-9.240173e-02 0.000000e+00 7.741498e-07)
1.494000e+04	lowerWall	(-9.255322e-02 0.000000e+00 -4.280740e-07)	(-9.239557e-02 0.000000e+00 7.728464e-07)
1.495000e+04	lowerWall	(-9.254679e-02 0.000000e+00 -4.279937e-07)	(-9.238934e-02 0.000000e+00 7.715703e-07)
1.496000e+04	lowerWall	(-9.254036e-02 0.000000e+00 -4.276923e-07)	(-9.238312e-02 0.000000e+00 7.703005e-07)
1.497000e+04	lowerWall	(-9.253395e-02 0.000000e+00 -4.273188e-07)	(-9.237690e-02 0.000000e+00 7.690341e-07)
1.498000e+04	lowerWall	(-9.252754e-02 0.000000e+00 -4.268974e-07)	(-9.237069e-02 0.000000e+00 7.677704e-07)
1.499000e+04	lowerWall	(-9.252115e-02 0.000000e+00 -3.552607e-07)	(-9.236614e-02 0.000000e+00 7.661287e-07)
1.500000e+04	lowerWall	(-9.251477e-02 0.000000e+00 -4.319401e-07)	(-9.235868e-02 0.000000e+00 7.650705e-07)
1.501000e+04	lowerWall	(-9.250839e-02 0.000000e+00 -4.255179e-07)	(-9.235235e-02 0.000000e+00 7.638606e-07)
1.502000e+04	lowerWall	(-9.250203e-02 0.000000e+00 -3.524216e-07)	(-9.234763e-02 0.000000e+00 7.623141e-07)
1.503000e+04	lowerWall	(-9.249567e-02 0.000000e+00 -4.289245e-07)	(-9.234014e-02 0.000000e+00 7.612840e-07)
1.504000e+04	lowerWall	(-9.248933e-02 0.000000e+00 -4.255380e-07)	(-9.233370e-02 0.000000e+00 7.601514e-07)
1.505000e+04	lowerWall	(-9.248299e-02 0.000000e+00 -4.207238e-07)	(-9.232765e-02 0.000000e+00 7.588505e-07)
1.506000e+04	lowerWall	(-9.247667e-02 0.000000e+00 -3.535855e-07)	(-9.232271e-02 0.000000e+00 7.574151e-07)
1.507000e+04	lowerWall	(-9.247035e-02 0.000000e+00 -4.174389e-07)	(-9.231529e-02 0.000000e+00 7.564109e-07)
1.508000e+04	lowerWall	(-9.246405e-02 0.000000e+00 -3.525480e-07)	(-9.231041e-02 0.000000e+00 7.549484e-07)
1.509000e+04	lowerWall	(-9.245775e-02 0.000000e+00 -4.166679e-07)	(-9.230282e-02 0.000000e+00 7.540212e-07)
1.510000e+04	lowerWall	(-9.245146e-02 0.000000e+00 -4.196481e-07)	(-9.229680e-02 0.000000e+00 7.527361e-07)
1.511000e+04	lowerWall	(-9.244518e-02 0.000000e+00 -4.193803e-07)	(-9.229071e-02 0.000000e+00 7.514772e-07)
1.512000e+04	lowerWall	(-9.243892e-02 0.000000e+00 -4.189240e-07)	(-9.228463e-02 0.000000e+00 7.502235e-07)
1.513000e+04	lowerWall	(-9.243266e-02 0.000000e+00 -4.184210e-07)	(-9.227855e-02 0.000000e+00 7.489728e-07)
1.514000e+04	lowerWall	(-9.242642e-02 0.000000e+00 -3.451575e-07)	(-9.227411e-02 0.000000e+00 7.473505e-07)
1.515000e+04	lowerWall	(-9.242018e-02 0.000000e+00 -4.231539e-07)	(-9.226680e-02 0.000000e+00 7.463014e-07)
1.516000e+04	lowerWall	(-9.241395e-02 0.000000e+00 -4.167994e-07)	(-9.226061e-02 0.000000e+00 7.451033e-07)
1.517000e+04	lowerWall	(-9.240774e-02 0.000000e+00 -3.426524e-07)	(-9.225601e-02 0.000000e+00 7.435743e-07)
1.518000e+04	lowerWall	(-9.240152e-02 0.000000e+00 -4.130120e-07)	(-9.224828e-02 0.000000e+00 7.427383e-07)
1.519000e+04	lowerWall	(-9.239533e-02 0.000000e+00 -3.457826e-07)	(-9.224362e-02 0.000000e+00 7.412352e-07)
1.520000e+04	lowerWall	(-9.238914e-02 0.000000e+00 -4.094697e-07)	(-9.223635e-02 0.000000e+00 7.402325e-07)
1.521000e+04	lowerWall	(-9.238296e-02 0.000000e+00 -3.446548e-07)	(-9.223158e-02 0.000000e+00 7.387820e-07)
1.522000e+04	lowerWall	(-9.237679e-02 0.000000e+00 -4.088262e-07)	(-9.222413e-02 0.000000e+00 7.378594e-07)
1.523000e+04	lowerWall	(-9.237063e-02 0.000000e+00 -4.117671e-07)	(-9.221823e-02 0.000000e+00 7.365846e-07)
1.524000e+04	lowerWall	(-9.236448e-02 0.000000e+00 -4.115105e-07)	(-9.221226e-02 0.000000e+00 7.353360e-07)
1.525000e+04	lowerWall	(-9.235833e-02 0.000000e+00 -4.110641e-07)	(-9.220630e-02 0.000000e+00 7.340928e-07)
1.526000e+04	lowerWall	(-9.235220e-02 0.000000e+00 -4.105700e-07)	(-9.220035e-02 0.000000e+00 7.328525e-07)
1.527000e+04	lowerWall	(-9.234608e-02 0.000000e+00 -3.375485e-07)	(-9.219599e-02 0.000000e+00 7.312466e-07)
1.528000e+04	lowerWall	(-9.233998e-02 0.000000e+00 -4.151730e-07)	(-9.218883e-02 0.000000e+00 7.302054e-07)
1.529000e+04	lowerWall	(-9.233388e-02 0.000000e+00 -4.089357e-07)	(-9.218277e-02 0.000000e+00 7.290175e-07)
1.530000e+04	lowerWall	(-9.232780e-02 0.000000e+00 -3.351703e-07)	(-9.217826e-02 0.000000e+00 7.275036e-07)
1.531000e+04	lowerWall	(-9.232172e-02 0.000000e+00 -4.090250e-07)	(-9.217100e-02 0.000000e+00 7.265125e-07)
1.532000e+04	lowerWall	(-9.231565e-02 0.000000e+00 -4.160237e-07)	(-9.216530e-02 0.000000e+00 7.252060e-07)
1.533000e+04	lowerWall	(-9.230960e-02 0.000000e+00 -4.163037e-07)	(-9.215946e-02 0.000000e+00 7.240278e-07)
1.534000e+04	lowerWall	(-9.230355e-02 0.000000e+00 -4.161510e-07)	(-9.215361e-02 0.000000e+00 7.228584e-07)
1.535000e+04	lowerWall	(-9.229751e-02 0.000000e+00 -4.158846e-07)	(-9.214777e-02 0.000000e+00 7.216936e-07)
1.536000e+04	lowerWall	(-9.229148e-02 0.000000e+00 -4.155473e-07)	(-9.214193e-02 0.000000e+00 7.205319e-07)
1.537000e+04	lowerWall	(-9.228546e-02 0.000000e+00 -4.151597e-07)	(-9.213610e-02 0.000000e+00 7.193726e-07)
1.538000e+04	lowerWall	(-9.227945e-02 0.000000e+00 -4.147349e-07)	(-9.213028e-02 0.000000e+00 7.182149e-07)
1.539000e+04	lowerWall	(-9.227345e-02 0.000000e+00 -4.142819e-07)	(-9.212446e-02 0.000000e+00 7.170588e-07)
1.540000e+04	lowerWall	(-9.226746e-02 0.000000e+00 -4.138069e-07)	(-9.211865e-02 0.000000e+00 7.159038e-07)
1.541000e+04	lowerWall	(-9.226148e-02 0.000000e+00 -4.133150e-07)	(-9.211285e-02 0.000000e+00 7.147499e-07)
1.542000e+04	lowerWall	(-9.225550e-02 0.000000e+00 -4.128089e-07)	(-9.210705e-02 0.000000e+00 7.135970e-07)
1.543000e+04	lowerWall	(-9.224954e-02 0.000000e+00 -4.122925e-07)	(-9.210127e-02 0.000000e+00 7.124448e-07)
1.544000e+04	lowerWall	(-9.224358e-02 0.000000e+00 -4.117668e-07)	(-9.209549e-02 0.000000e+00 7.112935e-07)
1.545000e+04	lowerWall	(-9.223764e-02 0.000000e+00 -4.112328e-07)	(-9.208972e-02 0.000000e+00 7.101428e-07)
1.546000e+04	lowerWall	(-9.223170e-02 0.000000e+00 -4.106916e-07)	(-9.208395e-02 0.000000e+00 7.089928e-07)
1.547000e+04	lowerWall	(-9.222577e-02 0.000000e+00 -4.101451e-07)	(-9.207820e-02 0.000000e+00 7.078436e-07)
1.548000e+04	lowerWall	(-9.221985e-02 0.000000e+00 -4.095937e-07)	(-9.207246e-02 0.000000e+00 7.066951e-07)
1.549000e+04	lowerWall	(-9.221394e-02 0.000000e+00 -4.090384e-07)	(-9.206672e-02 0.000000e+00 7.055471e-07)
1.550000e+04	lowerWall	(-9.220804e-02 0.000000e+00 -4.084797e-07)	(-9.206099e-02 0.000000e+00 7.043998e-07)
1.551000e+04	lowerWall	(-9.220215e-02 0.000000e+00 -4.079181e-07)	(-9.205527e-02 0.000000e+00 7.032532e-07)
1.552000e+04	lowerWall	(-9.219627e-02 0.000000e+00 -4.073543e-07)	(-9.204956e-02 0.000000e+00 7.021072e-07)
1.553000e+04	lowerWall	(-9.219039e-02 0.000000e+00 -4.067848e-07)	(-9.204386e-02 0.000000e+00 7.009618e-07)
1.554000e+04	lowerWall	(-9.218453e-02 0.000000e+00 -4.061886e-07)	(-9.203816e-02 0.000000e+00 6.998170e-07)
1.555000e+04	lowerWall	(-9.217867e-02 0.000000e+00 -4.056112e-07)	(-9.203248e-02 0.000000e+00 6.986737e-07)
1.556000e+04	lowerWall	(-9.217283e-02 0.000000e+00 -4.050392e-07)	(-9.202681e-02 0.000000e+00 6.975322e-07)
1.557000e+04	lowerWall	(-9.216699e-02 0.000000e+00 -4.044694e-07)	(-9.202114e-02 0.000000e+00 6.963929e-07)
1.558000e+04	lowerWall	(-9.216116e-02 0.000000e+00 -4.038992e-07)	(-9.201549e-02 0.000000e+00 6.952561e-07)
1.559000e+04	lowerWall	(-9.215534e-02 0.000000e+00 -4.033304e-07)	(-9.200984e-02 0.000000e+00 6.941223e-07)
1.560000e+04	lowerWall	(-9.214953e-02 0.000000e+00 -4.027615e-07)	(-9.200420e-02 0.000000e+00 6.929917e-07)
1.561000e+04	lowerWall	(-9.214373e-02 0.000000e+00 -3.063876e-07)	(-9.200019e-02 0.000000e+00 6.915676e-07)
1.562000e+04	lowerWall	(-9.213793e-02 0.000000e+00 -3.103612e-07)	(-9.199427e-02 0.000000e+00 6.905003e-07)
1.563000e+04	lowerWall	(-9.213215e-02 0.000000e+00 -3.044442e-07)	(-9.198902e-02 0.000000e+00 6.892612e-07)
1.564000e+04	lowerWall	(-9.212637e-02 0.000000e+00 -4.106745e-07)	(-9.198207e-02 0.000000e+00 6.883220e-07)
1.565000e+04	lowerWall	(-9.212061e-02 0.000000e+00 -3.064668e-07)	(-9.197764e-02 0.000000e+00 6.870390e-07)
1.566000e+04	lowerWall	(-9.211485e-02 0.000000e+00 -3.017163e-07)	(-9.197232e-02 0.000000e+00 6.858567e-07)
1.567000e+04	lowerWall	(-9.210910e-02 0.000000e+00 -4.074502e-07)	(-9.196527e-02 0.000000e+00 6.849893e-07)
1.568000e+04	lowerWall	(-9.210336e-02 0.000000e+00 -4.114626e-07)	(-9.195988e-02 0.000000e+00 6.838237e-07)
1.569000e+04	lowerWall	(-9.209763e-02 0.000000e+00 -4.115839e-07)	(-9.195435e-02 0.000000e+00 6.827125e-07)
1.570000e+04	lowerWall	(-9.209190e-02 0.000000e+00 -4.113251e-07)	(-9.194883e-02 0.000000e+00 6.816187e-07)
1.571000e+04	lowerWall	(-9.208619e-02 0.000000e+00 -4.109842e-07)	(-9.194331e-02 0.000000e+00 6.805379e-07)
1.572000e+04	lowerWall	(-9.208048e-02 0.000000e+00 -4.105952e-07)	(-9.193779e-02 0.000000e+00 6.794664e-07)
1.573000e+04	lowerWall	(-9.207479e-02 0.000000e+00 -4.101713e-07)	(-9.193228e-02 0.000000e+00 6.783995e-07)
1.574000e+04	lowerWall	(-9.206910e-02 0.000000e+00 -4.097217e-07)	(-9.192678e-02 0.000000e+00 6.773298e-07)
1.575000e+04	lowerWall	(-9.206342e-02 0.000000e+00 -2.978724e-07)	(-9.192277e-02 0.000000e+00 6.759908e-07)
1.576000e+04	lowerWall	(-9.205776e-02 0.000000e+00 -2.984788e-07)	(-9.191708e-02 0.000000e+00 6.749121e-07)
1.577000e+04	lowerWall	(-9.205210e-02 0.000000e+00 -4.126542e-07)	(-9.191044e-02 0.000000e+00 6.738952e-07)
1.578000e+04	lowerWall	(-9.204645e-02 0.000000e+00 -2.987249e-07)	(-9.190639e-02 0.000000e+00 6.724532e-07)
1.579000e+04	lowerWall	(-9.204081e-02 0.000000e+00 -4.127439e-07)	(-9.189956e-02 0.000000e+00 6.713554e-07)
1.580000e+04	lowerWall	(-9.203519e-02 0.000000e+00 -2.992103e-07)	(-9.189530e-02 0.000000e+00 6.698728e-07)
1.581000e+04	lowerWall	(-9.202957e-02 0.000000e+00 -2.993446e-07)	(-9.189011e-02 0.000000e+00 6.685672e-07)
1.582000e+04	lowerWall	(-9.202395e-02 0.000000e+00 -4.119541e-07)	(-9.188328e-02 0.000000e+00 6.674686e-07)
1.583000e+04	lowerWall	(-9.201835e-02 0.000000e+00 -2.986409e-07)	(-9.187903e-02 0.000000e+00 6.660702e-07)
1.584000e+04	lowerWall	(-9.201275e-02 0.000000e+00 -2.986238e-07)	(-9.187385e-02 0.000000e+00 6.647973e-07)
1.585000e+04	lowerWall	(-9.200716e-02 0.000000e+00 -4.107041e-07)	(-9.186704e-02 0.000000e+00 6.637878e-07)
1.586000e+04	lowerWall	(-9.200158e-02 0.000000e+00 -2.977544e-07)	(-9.186281e-02 0.000000e+00 6.625009e-07)
1.587000e+04	lowerWall	(-9.199601e-02 0.000000e+00 -2.976665e-07)	(-9.185766e-02 0.000000e+00 6.613273e-07)
1.588000e+04	lowerWall	(-9.199045e-02 0.000000e+00 -4.092726e-07)	(-9.185087e-02 0.000000e+00 6.603834e-07)
1.589000e+04	lowerWall	(-9.198489e-02 0.000000e+00 -2.990827e-07)	(-9.184684e-02 0.000000e+00 6.591300e-07)
1.590000e+04	lowerWall	(-9.197935e-02 0.000000e+00 -2.949012e-07)	(-9.184105e-02 0.000000e+00 6.581089e-07)
1.591000e+04	lowerWall	(-9.197381e-02 0.000000e+00 -2.965756e-07)	(-9.183555e-02 0.000000e+00 6.570649e-07)
1.592000e+04	lowerWall	(-9.196828e-02 0.000000e+00 -2.942189e-07)	(-9.182999e-02 0.000000e+00 6.560213e-07)
1.593000e+04	lowerWall	(-9.196275e-02 0.000000e+00 -2.924900e-07)	(-9.182447e-02 0.000000e+00 6.549648e-07)
1.594000e+04	lowerWall	(-9.195724e-02 0.000000e+00 -2.925584e-07)	(-9.181905e-02 0.000000e+00 6.539838e-07)
1.595000e+04	lowerWall	(-9.195173e-02 0.000000e+00 -2.977906e-07)	(-9.181323e-02 0.000000e+00 6.530233e-07)
1.596000e+04	lowerWall	(-9.194624e-02 0.000000e+00 -2.954158e-07)	(-9.180799e-02 0.000000e+00 6.519705e-07)
1.597000e+04	lowerWall	(-9.194075e-02 0.000000e+00 -3.936760e-07)	(-9.180117e-02 0.000000e+00 6.510843e-07)
1.598000e+04	lowerWall	(-9.193527e-02 0.000000e+00 -2.985887e-07)	(-9.179696e-02 0.000000e+00 6.498566e-07)
1.599000e+04	lowerWall	(-9.192980e-02 0.000000e+00 -4.104239e-07)	(-9.179091e-02 0.000000e+00 6.487509e-07)
1.600000e+04	lowerWall	(-9.192434e-02 0.000000e+00 -2.993086e-07)	(-9.178617e-02 0.000000e+00 6.477372e-07)
1.601000e+04	lowerWall	(-9.191888e-02 0.000000e+00 -3.909986e-07)	(-9.177961e-02 0.000000e+00 6.468326e-07)
1.602000e+04	lowerWall	(-9.191344e-02 0.000000e+00 -2.964367e-07)	(-9.177568e-02 0.000000e+00 6.455850e-07)
1.603000e+04	lowerWall	(-9.190800e-02 0.000000e+00 -2.938424e-07)	(-9.177054e-02 0.000000e+00 6.444499e-07)
1.604000e+04	lowerWall	(-9.190257e-02 0.000000e+00 -4.084786e-07)	(-9.176409e-02 0.000000e+00 6.434336e-07)
1.605000e+04	lowerWall	(-9.189715e-02 0.000000e+00 -4.166799e-07)	(-9.175904e-02 0.000000e+00 6.423072e-07)
1.606000e+04	lowerWall	(-9.189173e-02 0.000000e+00 -2.995724e-07)	(-9.175415e-02 0.000000e+00 6.413353e-07)
1.607000e+04	lowerWall	(-9.188633e-02 0.000000e+00 -2.943354e-07)	(-9.174919e-02 0.000000e+00 6.402231e-07)
1.608000e+04	lowerWall	(-9.188093e-02 0.000000e+00 -3.918080e-07)	(-9.174246e-02 0.000000e+00 6.393504e-07)
1.609000e+04	lowerWall	(-9.187554e-02 0.000000e+00 -2.967048e-07)	(-9.173847e-02 0.000000e+00 6.381493e-07)
1.610000e+04	lowerWall	(-9.187016e-02 0.000000e+00 -2.936672e-07)	(-9.173343e-02 0.000000e+00 6.370282e-07)
1.611000e+04	lowerWall	(-9.186479e-02 0.000000e+00 -4.032654e-07)	(-9.172707e-02 0.000000e+00 6.360211e-07)
1.612000e+04	lowerWall	(-9.185942e-02 0.000000e+00 -3.000865e-07)	(-9.172244e-02 0.000000e+00 6.350842e-07)
1.613000e+04	lowerWall	(-9.185406e-02 0.000000e+00 -4.045465e-07)	(-9.171625e-02 0.000000e+00 6.342410e-07)
1.614000e+04	lowerWall	(-9.184871e-02 0.000000e+00 -3.114662e-07)	(-9.171112e-02 0.000000e+00 6.333736e-07)
1.615000e+04	lowerWall	(-9.184337e-02 0.000000e+00 -3.967935e-07)	(-9.170508e-02 0.000000e+00 6.324314e-07)
1.616000e+04	lowerWall	(-9.183804e-02 0.000000e+00 -3.179816e-07)	(-9.170009e-02 0.000000e+00 6.314931e-07)
1.617000e+04	lowerWall	(-9.183271e-02 0.000000e+00 -3.921901e-07)	(-9.169416e-02 0.000000e+00 6.305052e-07)
1.618000e+04	lowerWall	(-9.182739e-02 0.000000e+00 -3.219418e-07)	(-9.168926e-02 0.000000e+00 6.295368e-07)
1.619000e+04	lowerWall	(-9.182208e-02 0.000000e+00 -3.888194e-07)	(-9.168341e-02 0.000000e+00 6.285286e-07)
1.620000e+04	lowerWall	(-9.181678e-02 0.000000e+00 -3.737348e-07)	(-9.167751e-02 0.000000e+00 6.276952e-07)
1.621000e+04	lowerWall	(-9.181149e-02 0.000000e+00 -3.268531e-07)	(-9.167319e-02 0.000000e+00 6.265767e-07)
1.622000e+04	lowerWall	(-9.180620e-02 0.000000e+00 -3.296880e-07)	(-9.166777e-02 0.000000e+00 6.256095e-07)
1.623000e+04	lowerWall	(-9.180093e-02 0.000000e+00 -3.321184e-07)	(-9.166238e-02 0.000000e+00 6.246315e-07)
1.624000e+04	lowerWall	(-9.179567e-02 0.000000e+00 -3.340477e-07)	(-9.165702e-02 0.000000e+00 6.236433e-07)
1.625000e+04	lowerWall	(-9.179041e-02 0.000000e+00 -3.356179e-07)	(-9.165170e-02 0.000000e+00 6.226480e-07)
1.626000e+04	lowerWall	(-9.178517e-02 0.000000e+00 -3.661978e-07)	(-9.164535e-02 0.000000e+00 6.217950e-07)
1.627000e+04	lowerWall	(-9.177993e-02 0.000000e+00 -3.825347e-07)	(-9.164060e-02 0.000000e+00 6.206311e-07)
1.628000e+04	lowerWall	(-9.177470e-02 0.000000e+00 -3.708051e-07)	(-9.163498e-02 0.000000e+00 6.196529e-07)
1.629000e+04	lowerWall	(-9.176947e-02 0.000000e+00 -3.606668e-07)	(-9.162934e-02 0.000000e+00 6.188453e-07)
1.630000e+04	lowerWall	(-9.176426e-02 0.000000e+00 -3.773957e-07)	(-9.162468e-02 0.000000e+00 6.176597e-07)
1.631000e+04	lowerWall	(-9.175905e-02 0.000000e+00 -3.595869e-07)	(-9.161877e-02 0.000000e+00 6.168690e-07)
1.632000e+04	lowerWall	(-9.175385e-02 0.000000e+00 -3.682636e-07)	(-9.161398e-02 0.000000e+00 6.157270e-07)
1.633000e+04	lowerWall	(-9.174866e-02 0.000000e+00 -3.764405e-07)	(-9.160882e-02 0.000000e+00 6.147112e-07)
1.634000e+04	lowerWall	(-9.174347e-02 0.000000e+00 -3.795590e-07)	(-9.160358e-02 0.000000e+00 6.137301e-07)
1.635000e+04	lowerWall	(-9.173830e-02 0.000000e+00 -3.789374e-07)	(-9.159828e-02 0.000000e+00 6.127557e-07)
1.636000e+04	lowerWall	(-9.173313e-02 0.000000e+00 -3.750594e-07)	(-9.159294e-02 0.000000e+00 6.117832e-07)
1.637000e+04	lowerWall	(-9.172797e-02 0.000000e+00 -3.754994e-07)	(-9.158746e-02 0.000000e+00 6.108715e-07)
1.638000e+04	lowerWall	(-9.172281e-02 0.000000e+00 -3.724830e-07)	(-9.158192e-02 0.000000e+00 6.099545e-07)
1.639000e+04	lowerWall	(-9.171767e-02 0.000000e+00 -3.774727e-07)	(-9.157646e-02 0.000000e+00 6.090127e-07)
1.640000e+04	lowerWall	(-9.171253e-02 0.000000e+00 -3.813872e-07)	(-9.157108e-02 0.000000e+00 6.080533e-07)
1.641000e+04	lowerWall	(-9.170740e-02 0.000000e+00 -3.845669e-07)	(-9.156574e-02 0.000000e+00 6.070822e-07)
1.642000e+04	lowerWall	(-9.170227e-02 0.000000e+00 -3.872308e-07)	(-9.156045e-02 0.000000e+00 6.061032e-07)
1.643000e+04	lowerWall	(-9.169716e-02 0.000000e+00 -3.895207e-07)	(-9.155520e-02 0.000000e+00 6.051188e-07)
1.644000e+04	lowerWall	(-9.169205e-02 0.000000e+00 -3.915289e-07)	(-9.154997e-02 0.000000e+00 6.041304e-07)
1.645000e+04	lowerWall	(-9.168695e-02 0.000000e+00 -3.933171e-07)	(-9.154477e-02 0.000000e+00 6.031663e-07)
1.646000e+04	lowerWall	(-9.168186e-02 0.000000e+00 -3.949297e-07)	(-9.153960e-02 0.000000e+00 6.022213e-07)
1.647000e+04	lowerWall	(-9.167677e-02 0.000000e+00 -3.963980e-07)	(-9.153445e-02 0.000000e+00 6.012748e-07)
1.648000e+04	lowerWall	(-9.167169e-02 0.000000e+00 -3.977464e-07)	(-9.152931e-02 0.000000e+00 6.003269e-07)
1.649000e+04	lowerWall	(-9.166662e-02 0.000000e+00 -3.989915e-07)	(-9.152419e-02 0.000000e+00 5.993781e-07)
1.650000e+04	lowerWall	(-9.166156e-02 0.000000e+00 -4.001473e-07)	(-9.151909e-02 0.000000e+00 5.984286e-07)
1.651000e+04	lowerWall	(-9.165651e-02 0.000000e+00 -4.012268e-07)	(-9.151400e-02 0.000000e+00 5.974782e-07)
1.652000e+04	lowerWall	(-9.165146e-02 0.000000e+00 -4.022390e-07)	(-9.150893e-02 0.000000e+00 5.965273e-07)
1.653000e+04	lowerWall	(-9.164642e-02 0.000000e+00 -4.031917e-07)	(-9.150387e-02 0.000000e+00 5.955761e-07)
1.654000e+04	lowerWall	(-9.164138e-02 0.000000e+00 -4.040910e-07)	(-9.149882e-02 0.000000e+00 5.946246e-07)
1.655000e+04	lowerWall	(-9.163636e-02 0.000000e+00 -4.049424e-07)	(-9.149379e-02 0.000000e+00 5.936728e-07)
1.656000e+04	lowerWall	(-9.163134e-02 0.000000e+00 -4.057505e-07)	(-9.148876e-02 0.000000e+00 5.927209e-07)
1.657000e+04	lowerWall	(-9.162633e-02 0.000000e+00 -4.065183e-07)	(-9.148375e-02 0.000000e+00 5.917688e-07)
1.658000e+04	lowerWall	(-9.162133e-02 0.000000e+00 -4.072496e-07)	(-9.147875e-02 0.000000e+00 5.908167e-07)
1.659000e+04	lowerWall	(-9.161633e-02 0.000000e+00 -4.079478e-07)	(-9.147376e-02 0.000000e+00 5.898645e-07)
1.660000e+04	lowerWall	(-9.161134e-02 0.000000e+00 -4.086155e-07)	(-9.146878e-02 0.000000e+00 5.889123e-07)
1.661000e+04	lowerWall	(-9.160636e-02 0.000000e+00 -4.092550e-07)	(-9.146381e-02 0.000000e+00 5.879602e-07)
1.662000e+04	lowerWall	(-9.160139e-02 0.000000e+00 -4.098680e-07)	(-9.145885e-02 0.000000e+00 5.870083e-07)
1.663000e+04	lowerWall	(-9.159642e-02 0.000000e+00 -4.104563e-07)	(-9.145389e-02 0.000000e+00 5.860564e-07)
1.664000e+04	lowerWall	(-9.159146e-02 0.000000e+00 -4.110211e-07)	(-9.144895e-02 0.000000e+00 5.851045e-07)
1.665000e+04	lowerWall	(-9.158651e-02 0.000000e+00 -4.115649e-07)	(-9.144402e-02 0.000000e+00 5.841528e-07)
1.666000e+04	lowerWall	(-9.158156e-02 0.000000e+00 -4.120881e-07)	(-9.143910e-02 0.000000e+00 5.832013e-07)
1.667000e+04	lowerWall	(-9.157663e-02 0.000000e+00 -4.125918e-07)	(-9.143418e-02 0.000000e+00 5.822500e-07)
1.668000e+04	lowerWall	(-9.157170e-02 0.000000e+00 -4.130769e-07)	(-9.142927e-02 0.000000e+00 5.812989e-07)
1.669000e+04	lowerWall	(-9.156677e-02 0.000000e+00 -4.135432e-07)	(-9.142438e-02 0.000000e+00 5.803480e-07)
1.670000e+04	lowerWall	(-9.156186e-02 0.000000e+00 -4.139943e-07)	(-9.141949e-02 0.000000e+00 5.793973e-07)
1.671000e+04	lowerWall	(-9.155695e-02 0.000000e+00 -4.144324e-07)	(-9.141461e-02 0.000000e+00 5.784470e-07)
1.672000e+04	lowerWall	(-9.155206e-02 0.000000e+00 -4.148544e-07)	(-9.140974e-02 0.000000e+00 5.774969e-07)
1.673000e+04	lowerWall	(-9.154717e-02 0.000000e+00 -4.152608e-07)	(-9.140487e-02 0.000000e+00 5.765472e-07)
1.674000e+04	lowerWall	(-9.154229e-02 0.000000e+00 -4.156526e-07)	(-9.140002e-02 0.000000e+00 5.755977e-07)
1.675000e+04	lowerWall	(-9.153742e-02 0.000000e+00 -4.160306e-07)	(-9.139517e-02 0.000000e+00 5.746486e-07)
1.676000e+04	lowerWall	(-9.153255e-02 0.000000e+00 -4.163956e-07)	(-9.139034e-02 0.000000e+00 5.736998e-07)
1.677000e+04	lowerWall	(-9.152769e-02 0.000000e+00 -4.167480e-07)	(-9.138551e-02 0.000000e+00 5.727513e-07)
1.678000e+04	lowerWall	(-9.152284e-02 0.000000e+00 -4.170887e-07)	(-9.138068e-02 0.000000e+00 5.718033e-07)
1.679000e+04	lowerWall	(-9.151799e-02 0.000000e+00 -4.174176e-07)	(-9.137587e-02 0.000000e+00 5.708556e-07)
1.680000e+04	lowerWall	(-9.151316e-02 0.000000e+00 -4.177354e-07)	(-9.137107e-02 0.000000e+00 5.699083e-07)
1.681000e+04	lowerWall	(-9.150833e-02 0.000000e+00 -4.180423e-07)	(-9.136627e-02 0.000000e+00 5.689614e-07)
1.682000e+04	lowerWall	(-9.150350e-02 0.000000e+00 -4.183388e-07)	(-9.136148e-02 0.000000e+00 5.680149e-07)
1.683000e+04	lowerWall	(-9.149869e-02 0.000000e+00 -4.186251e-07)	(-9.135670e-02 0.000000e+00 5.670687e-07)
1.684000e+04	lowerWall	(-9.149388e-02 0.000000e+00 -4.189015e-07)	(-9.135192e-02 0.000000e+00 5.661231e-07)
1.685000e+04	lowerWall	(-9.148907e-02 0.000000e+00 -4.191684e-07)	(-9.134716e-02 0.000000e+00 5.651779e-07)
1.686000e+04	lowerWall	(-9.148428e-02 0.000000e+00 -4.194259e-07)	(-9.134240e-02 0.000000e+00 5.642331e-07)
1.687000e+04	lowerWall	(-9.147949e-02 0.000000e+00 -4.196733e-07)	(-9.133765e-02 0.000000e+00 5.632887e-07)
1.688000e+04	lowerWall	(-9.147471e-02 0.000000e+00 -4.199119e-07)	(-9.133291e-02 0.000000e+00 5.623449e-07)
1.689000e+04	lowerWall	(-9.146993e-02 0.000000e+00 -4.201410e-07)	(-9.132817e-02 0.000000e+00 5.614015e-07)
1.690000e+04	lowerWall	(-9.146517e-02 0.000000e+00 -4.203625e-07)	(-9.132344e-02 0.000000e+00 5.604587e-07)
1.691000e+04	lowerWall	(-9.146040e-02 0.000000e+00 -4.205763e-07)	(-9.131872e-02 0.000000e+00 5.595163e-07)
1.692000e+04	lowerWall	(-9.145565e-02 0.000000e+00 -4.207814e-07)	(-9.131401e-02 0.000000e+00 5.585745e-07)
1.693000e+04	lowerWall	(-9.145090e-02 0.000000e+00 -4.209780e-07)	(-9.130931e-02 0.000000e+00 5.576332e-07)
1.694000e+04	lowerWall	(-9.144616e-02 0.000000e+00 -4.211673e-07)	(-9.130461e-02 0.000000e+00 5.566925e-07)
1.695000e+04	lowerWall	(-9.144143e-02 0.000000e+00 -4.213491e-07)	(-9.129992e-02 0.000000e+00 5.557522e-07)
1.696000e+04	lowerWall	(-9.143670e-02 0.000000e+00 -4.215235e-07)	(-9.129524e-02 0.000000e+00 5.548124e-07)
1.697000e+04	lowerWall	(-9.143199e-02 0.000000e+00 -4.216905e-07)	(-9.129057e-02 0.000000e+00 5.538732e-07)
1.698000e+04	lowerWall	(-9.142727e-02 0.000000e+00 -4.218503e-07)	(-9.128590e-02 0.000000e+00 5.529347e-07)
1.699000e+04	lowerWall	(-9.142257e-02 0.000000e+00 -4.220031e-07)	(-9.128124e-02 0.000000e+00 5.519968e-07)
1.700000e+04	lowerWall	(-9.141787e-02 0.000000e+00 -4.221477e-07)	(-9.127659e-02 0.000000e+00 5.510594e-07)
1.701000e+04	lowerWall	(-9.141318e-02 0.000000e+00 -4.222891e-07)	(-9.127194e-02 0.000000e+00 5.501494e-07)
1.702000e+04	lowerWall	(-9.140849e-02 0.000000e+00 -4.224240e-07)	(-9.126731e-02 0.000000e+00 5.492604e-07)
1.703000e+04	lowerWall	(-9.140381e-02 0.000000e+00 -4.225511e-07)	(-9.126268e-02 0.000000e+00 5.483716e-07)
1.704000e+04	lowerWall	(-9.139914e-02 0.000000e+00 -4.226707e-07)	(-9.125805e-02 0.000000e+00 5.474830e-07)
1.705000e+04	lowerWall	(-9.139448e-02 0.000000e+00 -4.227835e-07)	(-9.125344e-02 0.000000e+00 5.465945e-07)
1.706000e+04	lowerWall	(-9.138982e-02 0.000000e+00 -4.228898e-07)	(-9.124883e-02 0.000000e+00 5.457063e-07)
1.707000e+04	lowerWall	(-9.138517e-02 0.000000e+00 -4.229899e-07)	(-9.124423e-02 0.000000e+00 5.448183e-07)
1.708000e+04	lowerWall	(-9.138052e-02 0.000000e+00 -4.230840e-07)	(-9.123964e-02 0.000000e+00 5.439305e-07)
1.709000e+04	lowerWall	(-9.137588e-02 0.000000e+00 -4.231722e-07)	(-9.123505e-02 0.000000e+00 5.430430e-07)
1.710000e+04	lowerWall	(-9.137125e-02 0.000000e+00 -4.232547e-07)	(-9.123047e-02 0.000000e+00 5.421557e-07)
1.711000e+04	lowerWall	(-9.136663e-02 0.000000e+00 -4.233316e-07)	(-9.122590e-02 0.000000e+00 5.412687e-07)
1.712000e+04	lowerWall	(-9.136201e-02 0.000000e+00 -4.234028e-07)	(-9.122134e-02 0.000000e+00 5.403819e-07)
1.713000e+04	lowerWall	(-9.135740e-02 0.000000e+00 -4.234682e-07)	(-9.121678e-02 0.000000e+00 5.394954e-07)
1.714000e+04	lowerWall	(-9.135279e-02 0.000000e+00 -4.235279e-07)	(-9.121223e-02 0.000000e+00 5.386092e-07)
1.715000e+04	lowerWall	(-9.134819e-02 0.000000e+00 -4.235826e-07)	(-9.120769e-02 0.000000e+00 5.377233e-07)
1.716000e+04	lowerWall	(-9.134360e-02 0.000000e+00 -4.236321e-07)	(-9.120315e-02 0.000000e+00 5.368378e-07)
1.717000e+04	lowerWall	(-9.133902e-02 0.000000e+00 -4.236766e-07)	(-9.119862e-02 0.000000e+00 5.359526e-07)
1.718000e+04	lowerWall	(-9.133444e-02 0.000000e+00 -4.237160e-07)	(-9.119410e-02 0.000000e+00 5.350675e-07)
1.719000e+04	lowerWall	(-9.132987e-02 0.000000e+00 -4.237503e-07)	(-9.118958e-02 0.000000e+00 5.341827e-07)
1.720000e+04	lowerWall	(-9.132531e-02 0.000000e+00 -4.237796e-07)	(-9.118508e-02 0.000000e+00 5.332983e-07)
1.721000e+04	lowerWall	(-9.132076e-02 0.000000e+00 -4.238038e-07)	(-9.118057e-02 0.000000e+00 5.324144e-07)
1.722000e+04	lowerWall	(-9.131622e-02 0.000000e+00 -4.238232e-07)	(-9.117608e-02 0.000000e+00 5.315307e-07)
1.723000e+04	lowerWall	(-9.131168e-02 0.000000e+00 -4.238378e-07)	(-9.117159e-02 0.000000e+00 5.306475e-07)
1.724000e+04	lowerWall	(-9.130714e-02 0.000000e+00 -4.238474e-07)	(-9.116711e-02 0.000000e+00 5.297646e-07)
1.725000e+04	lowerWall	(-9.130262e-02 0.000000e+00 -4.238526e-07)	(-9.116264e-02 0.000000e+00 5.288821e-07)
1.726000e+04	lowerWall	(-9.129810e-02 0.000000e+00 -4.238535e-07)	(-9.115817e-02 0.000000e+00 5.280000e-07)
1.727000e+04	lowerWall	(-9.129359e-02 0.000000e+00 -4.238498e-07)	(-9.115372e-02 0.000000e+00 5.271184e-07)
1.728000e+04	lowerWall	(-9.128908e-02 0.000000e+00 -4.238415e-07)	(-9.114926e-02 0.000000e+00 5.262371e-07)
1.729000e+04	lowerWall	(-9.128458e-02 0.000000e+00 -4.238286e-07)	(-9.114482e-02 0.000000e+00 5.253562e-07)
1.730000e+04	lowerWall	(-9.128009e-02 0.000000e+00 -4.238111e-07)	(-9.114038e-02 0.000000e+00 5.244757e-07)
1.731000e+04	lowerWall	(-9.127560e-02 0.000000e+00 -4.237892e-07)	(-9.113595e-02 0.000000e+00 5.235957e-07)
1.732000e+04	lowerWall	(-9.127112e-02 0.000000e+00 -4.237630e-07)	(-9.113152e-02 0.000000e+00 5.227161e-07)
1.733000e+04	lowerWall	(-9.126664e-02 0.000000e+00 -4.237326e-07)	(-9.112710e-02 0.000000e+00 5.218369e-07)
1.734000e+04	lowerWall	(-9.126218e-02 0.000000e+00 -4.236979e-07)	(-9.112269e-02 0.000000e+00 5.209582e-07)
1.735000e+04	lowerWall	(-9.125771e-02 0.000000e+00 -4.236591e-07)	(-9.111829e-02 0.000000e+00 5.200800e-07)
1.736000e+04	lowerWall	(-9.125326e-02 0.000000e+00 -4.236163e-07)	(-9.111389e-02 0.000000e+00 5.192022e-07)
1.737000e+04	lowerWall	(-9.124881e-02 0.000000e+00 -4.235693e-07)	(-9.110950e-02 0.000000e+00 5.183249e-07)
1.738000e+04	lowerWall	(-9.124437e-02 0.000000e+00 -4.235184e-07)	(-9.110511e-02 0.000000e+00 5.174481e-07)
1.739000e+04	lowerWall	(-9.123993e-02 0.000000e+00 -4.234635e-07)	(-9.110074e-02 0.000000e+00 5.165717e-07)
1.740000e+04	lowerWall	(-9.123550e-02 0.000000e+00 -4.234041e-07)	(-9.109637e-02 0.000000e+00 5.156959e-07)
1.741000e+04	lowerWall	(-9.123108e-02 0.000000e+00 -4.233421e-07)	(-9.109200e-02 0.000000e+00 5.148206e-07)
1.742000e+04	lowerWall	(-9.122666e-02 0.000000e+00 -4.232759e-07)	(-9.108764e-02 0.000000e+00 5.139459e-07)
1.743000e+04	lowerWall	(-9.122225e-02 0.000000e+00 -4.232056e-07)	(-9.108329e-02 0.000000e+00 5.130716e-07)
1.744000e+04	lowerWall	(-9.121785e-02 0.000000e+00 -4.231314e-07)	(-9.107895e-02 0.000000e+00 5.121979e-07)
1.745000e+04	lowerWall	(-9.121345e-02 0.000000e+00 -4.230533e-07)	(-9.107461e-02 0.000000e+00 5.113247e-07)
1.746000e+04	lowerWall	(-9.120906e-02 0.000000e+00 -4.229715e-07)	(-9.107028e-02 0.000000e+00 5.104520e-07)
1.747000e+04	lowerWall	(-9.120467e-02 0.000000e+00 -4.228867e-07)	(-9.106595e-02 0.000000e+00 5.095800e-07)
1.748000e+04	lowerWall	(-9.120029e-02 0.000000e+00 -4.227981e-07)	(-9.106164e-02 0.000000e+00 5.087084e-07)
1.749000e+04	lowerWall	(-9.119592e-02 0.000000e+00 -4.227060e-07)	(-9.105732e-02 0.000000e+00 5.078374e-07)
1.750000e+04	lowerWall	(-9.119155e-02 0.000000e+00 -4.226103e-07)	(-9.105302e-02 0.000000e+00 5.069670e-07)
1.751000e+04	lowerWall	(-9.118719e-02 0.000000e+00 -4.225111e-07)	(-9.104872e-02 0.000000e+00 5.060971e-07)
1.752000e+04	lowerWall	(-9.118284e-02 0.000000e+00 -4.224083e-07)	(-9.104443e-02 0.000000e+00 5.052366e-07)
1.753000e+04	lowerWall	(-9.117849e-02 0.000000e+00 -4.223021e-07)	(-9.104014e-02 0.000000e+00 5.044116e-07)
1.754000e+04	lowerWall	(-9.117415e-02 0.000000e+00 -4.221926e-07)	(-9.103586e-02 0.000000e+00 5.035867e-07)
1.755000e+04	lowerWall	(-9.116981e-02 0.000000e+00 -4.220797e-07)	(-9.103159e-02 0.000000e+00 5.027621e-07)
1.756000e+04	lowerWall	(-9.116548e-02 0.000000e+00 -4.219635e-07)	(-9.102733e-02 0.000000e+00 5.019377e-07)
1.757000e+04	lowerWall	(-9.116116e-02 0.000000e+00 -4.218440e-07)	(-9.102307e-02 0.000000e+00 5.011136e-07)
1.758000e+04	lowerWall	(-9.115684e-02 0.000000e+00 -4.217212e-07)	(-9.101881e-02 0.000000e+00 5.002897e-07)
1.759000e+04	lowerWall	(-9.115253e-02 0.000000e+00 -4.215953e-07)	(-9.101457e-02 0.000000e+00 4.994660e-07)
1.760000e+04	lowerWall	(-9.114822e-02 0.000000e+00 -4.214662e-07)	(-9.101033e-02 0.000000e+00 4.986425e-07)
1.761000e+04	lowerWall	(-9.114392e-02 0.000000e+00 -4.213339e-07)	(-9.100609e-02 0.000000e+00 4.978194e-07)
1.762000e+04	lowerWall	(-9.113963e-02 0.000000e+00 -4.211984e-07)	(-9.100186e-02 0.000000e+00 4.969965e-07)
1.763000e+04	lowerWall	(-9.113534e-02 0.000000e+00 -4.210598e-07)	(-9.099764e-02 0.000000e+00 4.961739e-07)
1.764000e+04	lowerWall	(-9.113106e-02 0.000000e+00 -4.209182e-07)	(-9.099343e-02 0.000000e+00 4.953515e-07)
1.765000e+04	lowerWall	(-9.112679e-02 0.000000e+00 -4.207736e-07)	(-9.098922e-02 0.000000e+00 4.945295e-07)
1.766000e+04	lowerWall	(-9.112252e-02 0.000000e+00 -4.206261e-07)	(-9.098502e-02 0.000000e+00 4.937077e-07)
1.767000e+04	lowerWall	(-9.111826e-02 0.000000e+00 -4.204757e-07)	(-9.098082e-02 0.000000e+00 4.928863e-07)
1.768000e+04	lowerWall	(-9.111401e-02 0.000000e+00 -4.203222e-07)	(-9.097663e-02 0.000000e+00 4.920652e-07)
1.769000e+04	lowerWall	(-9.110976e-02 0.000000e+00 -4.201657e-07)	(-9.097245e-02 0.000000e+00 4.912444e-07)
1.770000e+04	lowerWall	(-9.110553e-02 0.000000e+00 -4.200064e-07)	(-9.096827e-02 0.000000e+00 4.904239e-07)
1.771000e+04	lowerWall	(-9.110129e-02 0.000000e+00 -4.198441e-07)	(-9.096410e-02 0.000000e+00 4.896038e-07)
1.772000e+04	lowerWall	(-9.109707e-02 0.000000e+00 -4.196789e-07)	(-9.095994e-02 0.000000e+00 4.887840e-07)
1.773000e+04	lowerWall	(-9.109285e-02 0.000000e+00 -4.195105e-07)	(-9.095578e-02 0.000000e+00 4.879647e-07)
1.774000e+04	lowerWall	(-9.108863e-02 0.000000e+00 -4.193402e-07)	(-9.095162e-02 0.000000e+00 4.871457e-07)
1.775000e+04	lowerWall	(-9.108442e-02 0.000000e+00 -4.191674e-07)	(-9.094748e-02 0.000000e+00 4.863269e-07)
1.776000e+04	lowerWall	(-9.108022e-02 0.000000e+00 -4.189918e-07)	(-9.094334e-02 0.000000e+00 4.855086e-07)
1.777000e+04	lowerWall	(-9.107602e-02 0.000000e+00 -4.188131e-07)	(-9.093921e-02 0.000000e+00 4.846907e-07)
1.778000e+04	lowerWall	(-9.107183e-02 0.000000e+00 -4.186315e-07)	(-9.093508e-02 0.000000e+00 4.838732e-07)
1.779000e+04	lowerWall	(-9.106765e-02 0.000000e+00 -4.184471e-07)	(-9.093096e-02 0.000000e+00 4.830561e-07)
1.780000e+04	lowerWall	(-9.106347e-02 0.000000e+00 -4.182601e-07)	(-9.092684e-02 0.000000e+00 4.822394e-07)
1.781000e+04	lowerWall	(-9.105929e-02 0.000000e+00 -4.180703e-07)	(-9.092273e-02 0.000000e+00 4.814231e-07)
1.782000e+04	lowerWall	(-9.105513e-02 0.000000e+00 -4.178780e-07)	(-9.091863e-02 0.000000e+00 4.806072e-07)
1.783000e+04	lowerWall	(-9.105096e-02 0.000000e+00 -4.176832e-07)	(-9.091453e-02 0.000000e+00 4.797918e-07)
1.784000e+04	lowerWall	(-9.104681e-02 0.000000e+00 -4.174858e-07)	(-9.091044e-02 0.000000e+00 4.789768e-07)
1.785000e+04	lowerWall	(-9.104266e-02 0.000000e+00 -4.172859e-07)	(-9.090636e-02 0.000000e+00 4.781623e-07)
1.786000e+04	lowerWall	(-9.103851e-02 0.000000e+00 -4.170834e-07)	(-9.090228e-02 0.000000e+00 4.773482e-07)
1.787000e+04	lowerWall	(-9.103438e-02 0.000000e+00 -4.168785e-07)	(-9.089821e-02 0.000000e+00 4.765346e-07)
1.788000e+04	lowerWall	(-9.103024e-02 0.000000e+00 -4.166713e-07)	(-9.089414e-02 0.000000e+00 4.757214e-07)
1.789000e+04	lowerWall	(-9.102612e-02 0.000000e+00 -4.164615e-07)	(-9.089008e-02 0.000000e+00 4.749088e-07)
1.790000e+04	lowerWall	(-9.102200e-02 0.000000e+00 -4.162491e-07)	(-9.088602e-02 0.000000e+00 4.740966e-07)
1.791000e+04	lowerWall	(-9.101788e-02 0.000000e+00 -4.160344e-07)	(-9.088198e-02 0.000000e+00 4.732849e-07)
1.792000e+04	lowerWall	(-9.101377e-02 0.000000e+00 -4.158173e-07)	(-9.087793e-02 0.000000e+00 4.724737e-07)
1.793000e+04	lowerWall	(-9.100967e-02 0.000000e+00 -4.155978e-07)	(-9.087390e-02 0.000000e+00 4.716630e-07)
1.794000e+04	lowerWall	(-9.100557e-02 0.000000e+00 -4.153764e-07)	(-9.086987e-02 0.000000e+00 4.708529e-07)
1.795000e+04	lowerWall	(-9.100148e-02 0.000000e+00 -4.151526e-07)	(-9.086584e-02 0.000000e+00 4.700432e-07)
1.796000e+04	lowerWall	(-9.099739e-02 0.000000e+00 -4.149264e-07)	(-9.086182e-02 0.000000e+00 4.696742e-07)
1.797000e+04	lowerWall	(-9.099331e-02 0.000000e+00 -4.146978e-07)	(-9.085781e-02 0.000000e+00 4.696017e-07)
1.798000e+04	lowerWall	(-9.098924e-02 0.000000e+00 -4.144671e-07)	(-9.085380e-02 0.000000e+00 4.695297e-07)
1.799000e+04	lowerWall	(-9.098517e-02 0.000000e+00 -4.142351e-07)	(-9.084980e-02 0.000000e+00 4.694581e-07)
1.800000e+04	lowerWall	(-9.098111e-02 0.000000e+00 -4.140291e-07)	(-9.084581e-02 0.000000e+00 4.693871e-07)
1.801000e+04	lowerWall	(-9.097705e-02 0.000000e+00 -4.138210e-07)	(-9.084182e-02 0.000000e+00 4.693376e-07)
1.802000e+04	lowerWall	(-9.097300e-02 0.000000e+00 -4.136107e-07)	(-9.083783e-02 0.000000e+00 4.693328e-07)
1.803000e+04	lowerWall	(-9.096895e-02 0.000000e+00 -4.133983e-07)	(-9.083386e-02 0.000000e+00 4.693285e-07)
1.804000e+04	lowerWall	(-9.096491e-02 0.000000e+00 -4.131837e-07)	(-9.082988e-02 0.000000e+00 4.693246e-07)
1.805000e+04	lowerWall	(-9.096087e-02 0.000000e+00 -4.129671e-07)	(-9.082592e-02 0.000000e+00 4.693212e-07)
1.806000e+04	lowerWall	(-9.095685e-02 0.000000e+00 -4.127484e-07)	(-9.082196e-02 0.000000e+00 4.693181e-07)
1.807000e+04	lowerWall	(-9.095282e-02 0.000000e+00 -4.125276e-07)	(-9.081800e-02 0.000000e+00 4.693155e-07)
1.808000e+04	lowerWall	(-9.094880e-02 0.000000e+00 -4.123048e-07)	(-9.081406e-02 0.000000e+00 4.693134e-07)
1.809000e+04	lowerWall	(-9.094479e-02 0.000000e+00 -4.120799e-07)	(-9.081011e-02 0.000000e+00 4.693116e-07)
1.810000e+04	lowerWall	(-9.094078e-02 0.000000e+00 -4.118530e-07)	(-9.080618e-02 0.000000e+00 4.693104e-07)
1.811000e+04	lowerWall	(-9.093678e-02 0.000000e+00 -4.116243e-07)	(-9.080225e-02 0.000000e+00 4.693096e-07)
1.812000e+04	lowerWall	(-9.093279e-02 0.000000e+00 -4.113934e-07)	(-9.079832e-02 0.000000e+00 4.693093e-07)
1.813000e+04	lowerWall	(-9.092880e-02 0.000000e+00 -4.111607e-07)	(-9.079440e-02 0.000000e+00 4.693094e-07)
1.814000e+04	lowerWall	(-9.092481e-02 0.000000e+00 -4.109260e-07)	(-9.079049e-02 0.000000e+00 4.693101e-07)
1.815000e+04	lowerWall	(-9.092084e-02 0.000000e+00 -4.106893e-07)	(-9.078658e-02 0.000000e+00 4.693112e-07)
1.816000e+04	lowerWall	(-9.091687e-02 0.000000e+00 -4.104507e-07)	(-9.078268e-02 0.000000e+00 4.693129e-07)
1.817000e+04	lowerWall	(-9.091291e-02 0.000000e+00 -4.102101e-07)	(-9.077878e-02 0.000000e+00 4.693150e-07)
1.818000e+04	lowerWall	(-9.090895e-02 0.000000e+00 -4.099677e-07)	(-9.077489e-02 0.000000e+00 4.693176e-07)
1.819000e+04	lowerWall	(-9.090500e-02 0.000000e+00 -4.097234e-07)	(-9.077100e-02 0.000000e+00 4.693208e-07)
1.820000e+04	lowerWall	(-9.090105e-02 0.000000e+00 -4.094773e-07)	(-9.076712e-02 0.000000e+00 4.693244e-07)
1.821000e+04	lowerWall	(-9.089711e-02 0.000000e+00 -4.092293e-07)	(-9.076325e-02 0.000000e+00 4.693286e-07)
1.822000e+04	lowerWall	(-9.089318e-02 0.000000e+00 -4.089794e-07)	(-9.075938e-02 0.000000e+00 4.693333e-07)
1.823000e+04	lowerWall	(-9.088925e-02 0.000000e+00 -4.087277e-07)	(-9.075552e-02 0.000000e+00 4.693385e-07)
1.824000e+04	lowerWall	(-9.088532e-02 0.000000e+00 -4.084743e-07)	(-9.075166e-02 0.000000e+00 4.693443e-07)
1.825000e+04	lowerWall	(-9.088140e-02 0.000000e+00 -4.082190e-07)	(-9.074781e-02 0.000000e+00 4.693506e-07)
1.826000e+04	lowerWall	(-9.087749e-02 0.000000e+00 -4.079620e-07)	(-9.074397e-02 0.000000e+00 4.693574e-07)
1.827000e+04	lowerWall	(-9.087358e-02 0.000000e+00 -4.077031e-07)	(-9.074013e-02 0.000000e+00 4.693648e-07)
1.828000e+04	lowerWall	(-9.086968e-02 0.000000e+00 -4.074424e-07)	(-9.073629e-02 0.000000e+00 4.693727e-07)
1.829000e+04	lowerWall	(-9.086578e-02 0.000000e+00 -4.071801e-07)	(-9.073246e-02 0.000000e+00 4.693812e-07)
1.830000e+04	lowerWall	(-9.086189e-02 0.000000e+00 -4.069161e-07)	(-9.072864e-02 0.000000e+00 4.694068e-07)
1.831000e+04	lowerWall	(-9.085801e-02 0.000000e+00 -4.066504e-07)	(-9.072482e-02 0.000000e+00 4.694764e-07)
1.832000e+04	lowerWall	(-9.085413e-02 0.000000e+00 -4.063831e-07)	(-9.072101e-02 0.000000e+00 4.695465e-07)
1.833000e+04	lowerWall	(-9.085025e-02 0.000000e+00 -4.061137e-07)	(-9.071720e-02 0.000000e+00 4.696170e-07)
1.834000e+04	lowerWall	(-9.084638e-02 0.000000e+00 -4.058429e-07)	(-9.071340e-02 0.000000e+00 4.696879e-07)
1.835000e+04	lowerWall	(-9.084252e-02 0.000000e+00 -4.055703e-07)	(-9.070960e-02 0.000000e+00 4.697588e-07)
1.836000e+04	lowerWall	(-9.083866e-02 0.000000e+00 -4.052959e-07)	(-9.070581e-02 0.000000e+00 4.698299e-07)
1.837000e+04	lowerWall	(-9.083480e-02 0.000000e+00 -4.050205e-07)	(-9.070203e-02 0.000000e+00 4.699016e-07)
1.838000e+04	lowerWall	(-9.083096e-02 0.000000e+00 -4.047441e-07)	(-9.069825e-02 0.000000e+00 4.699736e-07)
1.839000e+04	lowerWall	(-9.082711e-02 0.000000e+00 -4.044660e-07)	(-9.069447e-02 0.000000e+00 4.700461e-07)
1.840000e+04	lowerWall	(-9.082327e-02 0.000000e+00 -4.041858e-07)	(-9.069071e-02 0.000000e+00 4.701188e-07)
1.841000e+04	lowerWall	(-9.081944e-02 0.000000e+00 -4.039035e-07)	(-9.068694e-02 0.000000e+00 4.701920e-07)
1.842000e+04	lowerWall	(-9.081562e-02 0.000000e+00 -4.036196e-07)	(-9.068318e-02 0.000000e+00 4.702654e-07)
1.843000e+04	lowerWall	(-9.081179e-02 0.000000e+00 -4.033341e-07)	(-9.067943e-02 0.000000e+00 4.703393e-07)
1.844000e+04	lowerWall	(-9.080798e-02 0.000000e+00 -4.030469e-07)	(-9.067569e-02 0.000000e+00 4.704134e-07)
1.845000e+04	lowerWall	(-9.080417e-02 0.000000e+00 -4.027582e-07)	(-9.067194e-02 0.000000e+00 4.704879e-07)
1.846000e+04	lowerWall	(-9.080036e-02 0.000000e+00 -4.024680e-07)	(-9.066821e-02 0.000000e+00 4.705628e-07)
1.847000e+04	lowerWall	(-9.079656e-02 0.000000e+00 -4.021764e-07)	(-9.066448e-02 0.000000e+00 4.706379e-07)
1.848000e+04	lowerWall	(-9.079276e-02 0.000000e+00 -4.018830e-07)	(-9.066075e-02 0.000000e+00 4.707134e-07)
1.849000e+04	lowerWall	(-9.078897e-02 0.000000e+00 -4.015882e-07)	(-9.065703e-02 0.000000e+00 4.707892e-07)
1.850000e+04	lowerWall	(-9.078519e-02 0.000000e+00 -4.012921e-07)	(-9.065332e-02 0.000000e+00 4.708654e-07)
1.851000e+04	lowerWall	(-9.078141e-02 0.000000e+00 -4.009946e-07)	(-9.064961e-02 0.000000e+00 4.709418e-07)
1.852000e+04	lowerWall	(-9.077763e-02 0.000000e+00 -4.006957e-07)	(-9.064590e-02 0.000000e+00 4.710187e-07)
1.853000e+04	lowerWall	(-9.077386e-02 0.000000e+00 -4.003953e-07)	(-9.064221e-02 0.000000e+00 4.710958e-07)
1.854000e+04	lowerWall	(-9.077010e-02 0.000000e+00 -4.000935e-07)	(-9.063851e-02 0.000000e+00 4.711732e-07)
1.855000e+04	lowerWall	(-9.076634e-02 0.000000e+00 -3.997902e-07)	(-9.063483e-02 0.000000e+00 4.712510e-07)
1.856000e+04	lowerWall	(-9.076259e-02 0.000000e+00 -3.994856e-07)	(-9.063114e-02 0.000000e+00 4.713290e-07)
1.857000e+04	lowerWall	(-9.075884e-02 0.000000e+00 -3.991795e-07)	(-9.062747e-02 0.000000e+00 4.714074e-07)
1.858000e+04	lowerWall	(-9.075509e-02 0.000000e+00 -3.988720e-07)	(-9.062379e-02 0.000000e+00 4.714860e-07)
1.859000e+04	lowerWall	(-9.075135e-02 0.000000e+00 -3.985632e-07)	(-9.062013e-02 0.000000e+00 4.715651e-07)
1.860000e+04	lowerWall	(-9.074762e-02 0.000000e+00 -3.982531e-07)	(-9.061646e-02 0.000000e+00 4.716443e-07)
1.861000e+04	lowerWall	(-9.074389e-02 0.000000e+00 -3.979415e-07)	(-9.061281e-02 0.000000e+00 4.717239e-07)
1.862000e+04	lowerWall	(-9.074017e-02 0.000000e+00 -3.976287e-07)	(-9.060916e-02 0.000000e+00 4.718037e-07)
1.863000e+04	lowerWall	(-9.073645e-02 0.000000e+00 -3.973145e-07)	(-9.060551e-02 0.000000e+00 4.718838e-07)
1.864000e+04	lowerWall	(-9.073274e-02 0.000000e+00 -3.969990e-07)	(-9.060187e-02 0.000000e+00 4.719641e-07)
1.865000e+04	lowerWall	(-9.072904e-02 0.000000e+00 -3.966822e-07)	(-9.059824e-02 0.000000e+00 4.720448e-07)
1.866000e+04	lowerWall	(-9.072534e-02 0.000000e+00 -3.963641e-07)	(-9.059461e-02 0.000000e+00 4.721257e-07)
1.867000e+04	lowerWall	(-9.072165e-02 0.000000e+00 -3.960447e-07)	(-9.059098e-02 0.000000e+00 4.722069e-07)
1.868000e+04	lowerWall	(-9.071796e-02 0.000000e+00 -3.957240e-07)	(-9.058736e-02 0.000000e+00 4.722884e-07)
1.869000e+04	lowerWall	(-9.071428e-02 0.000000e+00 -3.954017e-07)	(-9.058375e-02 0.000000e+00 4.723701e-07)
1.870000e+04	lowerWall	(-9.071060e-02 0.000000e+00 -3.950782e-07)	(-9.058014e-02 0.000000e+00 4.724520e-07)
1.871000e+04	lowerWall	(-9.070693e-02 0.000000e+00 -3.947537e-07)	(-9.057653e-02 0.000000e+00 4.725341e-07)
1.872000e+04	lowerWall	(-9.070326e-02 0.000000e+00 -3.944279e-07)	(-9.057293e-02 0.000000e+00 4.726168e-07)
1.873000e+04	lowerWall	(-9.069960e-02 0.000000e+00 -3.941008e-07)	(-9.056934e-02 0.000000e+00 4.726995e-07)
1.874000e+04	lowerWall	(-9.069594e-02 0.000000e+00 -3.937721e-07)	(-9.056575e-02 0.000000e+00 4.727824e-07)
1.875000e+04	lowerWall	(-9.069229e-02 0.000000e+00 -3.934424e-07)	(-9.056217e-02 0.000000e+00 4.728656e-07)
1.876000e+04	lowerWall	(-9.068864e-02 0.000000e+00 -3.931119e-07)	(-9.055859e-02 0.000000e+00 4.729490e-07)
1.877000e+04	lowerWall	(-9.068500e-02 0.000000e+00 -3.927795e-07)	(-9.055501e-02 0.000000e+00 4.730326e-07)
1.878000e+04	lowerWall	(-9.068136e-02 0.000000e+00 -3.924465e-07)	(-9.055144e-02 0.000000e+00 4.731172e-07)
1.879000e+04	lowerWall	(-9.067773e-02 0.000000e+00 -3.921123e-07)	(-9.054788e-02 0.000000e+00 4.732422e-07)
1.880000e+04	lowerWall	(-9.067410e-02 0.000000e+00 -3.917769e-07)	(-9.054432e-02 0.000000e+00 4.733664e-07)
1.881000e+04	lowerWall	(-9.067048e-02 0.000000e+00 -3.914404e-07)	(-9.054077e-02 0.000000e+00 4.734901e-07)
1.882000e+04	lowerWall	(-9.066686e-02 0.000000e+00 -3.911028e-07)	(-9.053722e-02 0.000000e+00 4.736133e-07)
1.883000e+04	lowerWall	(-9.066325e-02 0.000000e+00 -3.907641e-07)	(-9.053368e-02 0.000000e+00 4.737364e-07)
1.884000e+04	lowerWall	(-9.065964e-02 0.000000e+00 -3.904242e-07)	(-9.053014e-02 0.000000e+00 4.738593e-07)
1.885000e+04	lowerWall	(-9.065604e-02 0.000000e+00 -3.900832e-07)	(-9.052661e-02 0.000000e+00 4.739819e-07)
1.886000e+04	lowerWall	(-9.065244e-02 0.000000e+00 -3.897411e-07)	(-9.052308e-02 0.000000e+00 4.741044e-07)
1.887000e+04	lowerWall	(-9.064885e-02 0.000000e+00 -3.893980e-07)	(-9.051955e-02 0.000000e+00 4.742266e-07)
1.888000e+04	lowerWall	(-9.064526e-02 0.000000e+00 -3.890538e-07)	(-9.051604e-02 0.000000e+00 4.743485e-07)
1.889000e+04	lowerWall	(-9.064168e-02 0.000000e+00 -3.887085e-07)	(-9.051252e-02 0.000000e+00 4.744708e-07)
1.890000e+04	lowerWall	(-9.063810e-02 0.000000e+00 -3.883623e-07)	(-9.050901e-02 0.000000e+00 4.745925e-07)
1.891000e+04	lowerWall	(-9.063452e-02 0.000000e+00 -3.880158e-07)	(-9.050551e-02 0.000000e+00 4.747138e-07)
1.892000e+04	lowerWall	(-9.063096e-02 0.000000e+00 -3.876665e-07)	(-9.050201e-02 0.000000e+00 4.748347e-07)
1.893000e+04	lowerWall	(-9.062739e-02 0.000000e+00 -3.873168e-07)	(-9.049852e-02 0.000000e+00 4.749554e-07)
1.894000e+04	lowerWall	(-9.062383e-02 0.000000e+00 -3.869663e-07)	(-9.049503e-02 0.000000e+00 4.750758e-07)
1.895000e+04	lowerWall	(-9.062028e-02 0.000000e+00 -3.866147e-07)	(-9.049155e-02 0.000000e+00 4.751959e-07)
1.896000e+04	lowerWall	(-9.061673e-02 0.000000e+00 -3.862623e-07)	(-9.048807e-02 0.000000e+00 4.753157e-07)
1.897000e+04	lowerWall	(-9.061319e-02 0.000000e+00 -3.859088e-07)	(-9.048459e-02 0.000000e+00 4.754352e-07)
1.898000e+04	lowerWall	(-9.060965e-02 0.000000e+00 -3.855543e-07)	(-9.048113e-02 0.000000e+00 4.755544e-07)
1.899000e+04	lowerWall	(-9.060611e-02 0.000000e+00 -3.851988e-07)	(-9.047766e-02 0.000000e+00 4.756732e-07)
1.900000e+04	lowerWall	(-9.060258e-02 0.000000e+00 -3.848424e-07)	(-9.047420e-02 0.000000e+00 4.757916e-07)
1.901000e+04	lowerWall	(-9.059906e-02 0.000000e+00 -3.844852e-07)	(-9.047075e-02 0.000000e+00 4.759095e-07)
1.902000e+04	lowerWall	(-9.059554e-02 0.000000e+00 -3.841273e-07)	(-9.046730e-02 0.000000e+00 4.760276e-07)
1.903000e+04	lowerWall	(-9.059202e-02 0.000000e+00 -3.837642e-07)	(-9.046385e-02 0.000000e+00 4.761452e-07)
1.904000e+04	lowerWall	(-9.058851e-02 0.000000e+00 -3.833998e-07)	(-9.046041e-02 0.000000e+00 4.762623e-07)
1.905000e+04	lowerWall	(-9.058500e-02 0.000000e+00 -3.830349e-07)	(-9.045698e-02 0.000000e+00 4.763777e-07)
1.906000e+04	lowerWall	(-9.058150e-02 0.000000e+00 -3.826700e-07)	(-9.045355e-02 0.000000e+00 4.764897e-07)
1.907000e+04	lowerWall	(-9.057801e-02 0.000000e+00 -3.823049e-07)	(-9.045013e-02 0.000000e+00 4.766006e-07)
1.908000e+04	lowerWall	(-9.057451e-02 0.000000e+00 -3.819393e-07)	(-9.044671e-02 0.000000e+00 4.767118e-07)
1.909000e+04	lowerWall	(-9.057103e-02 0.000000e+00 -3.815730e-07)	(-9.044329e-02 0.000000e+00 4.768237e-07)
1.910000e+04	lowerWall	(-9.056754e-02 0.000000e+00 -3.812062e-07)	(-9.043988e-02 0.000000e+00 4.769359e-07)
1.911000e+04	lowerWall	(-9.056407e-02 0.000000e+00 -3.808385e-07)	(-9.043648e-02 0.000000e+00 4.770480e-07)
1.912000e+04	lowerWall	(-9.056059e-02 0.000000e+00 -3.804703e-07)	(-9.043308e-02 0.000000e+00 4.771601e-07)
1.913000e+04	lowerWall	(-9.055713e-02 0.000000e+00 -3.801014e-07)	(-9.042968e-02 0.000000e+00 4.772719e-07)
1.914000e+04	lowerWall	(-9.055367e-02 0.000000e+00 -3.797316e-07)	(-9.042629e-02 0.000000e+00 4.773835e-07)
1.915000e+04	lowerWall	(-9.055021e-02 0.000000e+00 -3.793611e-07)	(-9.042290e-02 0.000000e+00 4.774947e-07)
1.916000e+04	lowerWall	(-9.054676e-02 0.000000e+00 -3.789898e-07)	(-9.041952e-02 0.000000e+00 4.776055e-07)
1.917000e+04	lowerWall	(-9.054332e-02 0.000000e+00 -3.786175e-07)	(-9.041614e-02 0.000000e+00 4.777160e-07)
1.918000e+04	lowerWall	(-9.053988e-02 0.000000e+00 -3.782443e-07)	(-9.041277e-02 0.000000e+00 4.778260e-07)
1.919000e+04	lowerWall	(-9.053644e-02 0.000000e+00 -3.778719e-07)	(-9.040940e-02 0.000000e+00 4.779356e-07)
1.920000e+04	lowerWall	(-9.053301e-02 0.000000e+00 -3.774988e-07)	(-9.040604e-02 0.000000e+00 4.780446e-07)
1.921000e+04	lowerWall	(-9.052959e-02 0.000000e+00 -3.771244e-07)	(-9.040268e-02 0.000000e+00 4.781531e-07)
1.922000e+04	lowerWall	(-9.052616e-02 0.000000e+00 -3.767494e-07)	(-9.039933e-02 0.000000e+00 4.782612e-07)
1.923000e+04	lowerWall	(-9.052275e-02 0.000000e+00 -3.763733e-07)	(-9.039598e-02 0.000000e+00 4.783690e-07)
1.924000e+04	lowerWall	(-9.051933e-02 0.000000e+00 -3.759959e-07)	(-9.039263e-02 0.000000e+00 4.784761e-07)
1.925000e+04	lowerWall	(-9.051593e-02 0.000000e+00 -3.756176e-07)	(-9.038929e-02 0.000000e+00 4.785827e-07)
1.926000e+04	lowerWall	(-9.051252e-02 0.000000e+00 -3.752386e-07)	(-9.038596e-02 0.000000e+00 4.786887e-07)
1.927000e+04	lowerWall	(-9.050912e-02 0.000000e+00 -3.748588e-07)	(-9.038263e-02 0.000000e+00 4.787941e-07)
1.928000e+04	lowerWall	(-9.050573e-02 0.000000e+00 -3.744782e-07)	(-9.037930e-02 0.000000e+00 4.788989e-07)
1.929000e+04	lowerWall	(-9.050234e-02 0.000000e+00 -3.740972e-07)	(-9.037598e-02 0.000000e+00 4.790031e-07)
1.930000e+04	lowerWall	(-9.049895e-02 0.000000e+00 -3.737155e-07)	(-9.037266e-02 0.000000e+00 4.791068e-07)
1.931000e+04	lowerWall	(-9.049557e-02 0.000000e+00 -3.733331e-07)	(-9.036935e-02 0.000000e+00 4.792098e-07)
1.932000e+04	lowerWall	(-9.049220e-02 0.000000e+00 -3.729500e-07)	(-9.036605e-02 0.000000e+00 4.793122e-07)
1.933000e+04	lowerWall	(-9.048882e-02 0.000000e+00 -3.725659e-07)	(-9.036274e-02 0.000000e+00 4.794140e-07)
1.934000e+04	lowerWall	(-9.048546e-02 0.000000e+00 -3.721818e-07)	(-9.035945e-02 0.000000e+00 4.795152e-07)
1.935000e+04	lowerWall	(-9.048209e-02 0.000000e+00 -3.717971e-07)	(-9.035615e-02 0.000000e+00 4.796157e-07)
1.936000e+04	lowerWall	(-9.047874e-02 0.000000e+00 -3.714120e-07)	(-9.035286e-02 0.000000e+00 4.797155e-07)
1.937000e+04	lowerWall	(-9.047538e-02 0.000000e+00 -3.710262e-07)	(-9.034958e-02 0.000000e+00 4.798148e-07)
1.938000e+04	lowerWall	(-9.047203e-02 0.000000e+00 -3.706397e-07)	(-9.034630e-02 0.000000e+00 4.799133e-07)
1.939000e+04	lowerWall	(-9.046869e-02 0.000000e+00 -3.702525e-07)	(-9.034302e-02 0.000000e+00 4.800112e-07)
1.940000e+04	lowerWall	(-9.046535e-02 0.000000e+00 -3.698643e-07)	(-9.033975e-02 0.000000e+00 4.801084e-07)
1.941000e+04	lowerWall	(-9.046201e-02 0.000000e+00 -3.694760e-07)	(-9.033649e-02 0.000000e+00 4.802049e-07)
1.942000e+04	lowerWall	(-9.045868e-02 0.000000e+00 -3.690870e-07)	(-9.033323e-02 0.000000e+00 4.803008e-07)
1.943000e+04	lowerWall	(-9.045536e-02 0.000000e+00 -3.686976e-07)	(-9.032997e-02 0.000000e+00 4.803960e-07)
1.944000e+04	lowerWall	(-9.045203e-02 0.000000e+00 -3.683076e-07)	(-9.032672e-02 0.000000e+00 4.804906e-07)
1.945000e+04	lowerWall	(-9.044871e-02 0.000000e+00 -3.679169e-07)	(-9.032347e-02 0.000000e+00 4.805841e-07)
1.946000e+04	lowerWall	(-9.044540e-02 0.000000e+00 -3.675260e-07)	(-9.032022e-02 0.000000e+00 4.806767e-07)
1.947000e+04	lowerWall	(-9.044209e-02 0.000000e+00 -3.671345e-07)	(-9.031699e-02 0.000000e+00 4.807689e-07)
1.948000e+04	lowerWall	(-9.043879e-02 0.000000e+00 -3.667424e-07)	(-9.031375e-02 0.000000e+00 4.808605e-07)
1.949000e+04	lowerWall	(-9.043549e-02 0.000000e+00 -3.663496e-07)	(-9.031052e-02 0.000000e+00 4.809514e-07)
1.950000e+04	lowerWall	(-9.043219e-02 0.000000e+00 -3.659564e-07)	(-9.030730e-02 0.000000e+00 4.810415e-07)
1.951000e+04	lowerWall	(-9.042890e-02 0.000000e+00 -3.655629e-07)	(-9.030407e-02 0.000000e+00 4.811308e-07)
1.952000e+04	lowerWall	(-9.042561e-02 0.000000e+00 -3.651689e-07)	(-9.030086e-02 0.000000e+00 4.812194e-07)
1.953000e+04	lowerWall	(-9.042233e-02 0.000000e+00 -3.647745e-07)	(-9.029765e-02 0.000000e+00 4.813072e-07)
1.954000e+04	lowerWall	(-9.041905e-02 0.000000e+00 -3.643797e-07)	(-9.029444e-02 0.000000e+00 4.813942e-07)
1.955000e+04	lowerWall	(-9.041578e-02 0.000000e+00 -3.639836e-07)	(-9.029123e-02 0.000000e+00 4.814804e-07)
1.956000e+04	lowerWall	(-9.041251e-02 0.000000e+00 -3.635866e-07)	(-9.028803e-02 0.000000e+00 4.815659e-07)
1.957000e+04	lowerWall	(-9.040924e-02 0.000000e+00 -3.631911e-07)	(-9.028484e-02 0.000000e+00 4.816506e-07)
1.958000e+04	lowerWall	(-9.040598e-02 0.000000e+00 -3.627952e-07)	(-9.028165e-02 0.000000e+00 4.817345e-07)
1.959000e+04	lowerWall	(-9.040273e-02 0.000000e+00 -3.623972e-07)	(-9.027846e-02 0.000000e+00 4.818176e-07)
1.960000e+04	lowerWall	(-9.039947e-02 0.000000e+00 -3.619992e-07)	(-9.027528e-02 0.000000e+00 4.818998e-07)
1.961000e+04	lowerWall	(-9.039623e-02 0.000000e+00 -3.616011e-07)	(-9.027211e-02 0.000000e+00 4.819812e-07)
1.962000e+04	lowerWall	(-9.039298e-02 0.000000e+00 -3.612026e-07)	(-9.026893e-02 0.000000e+00 4.820617e-07)
1.963000e+04	lowerWall	(-9.038975e-02 0.000000e+00 -3.608038e-07)	(-9.026577e-02 0.000000e+00 4.821413e-07)
1.964000e+04	lowerWall	(-9.038652e-02 0.000000e+00 -3.604044e-07)	(-9.026260e-02 0.000000e+00 4.822201e-07)
1.965000e+04	lowerWall	(-9.038329e-02 0.000000e+00 -3.600050e-07)	(-9.025944e-02 0.000000e+00 4.822980e-07)
1.966000e+04	lowerWall	(-9.038007e-02 0.000000e+00 -3.596049e-07)	(-9.025629e-02 0.000000e+00 4.823749e-07)
1.967000e+04	lowerWall	(-9.037685e-02 0.000000e+00 -3.592042e-07)	(-9.025314e-02 0.000000e+00 4.824510e-07)
1.968000e+04	lowerWall	(-9.037364e-02 0.000000e+00 -3.588039e-07)	(-9.024999e-02 0.000000e+00 4.825263e-07)
1.969000e+04	lowerWall	(-9.037043e-02 0.000000e+00 -3.584030e-07)	(-9.024685e-02 0.000000e+00 4.826006e-07)
1.970000e+04	lowerWall	(-9.036722e-02 0.000000e+00 -3.580018e-07)	(-9.024371e-02 0.000000e+00 4.826740e-07)
1.971000e+04	lowerWall	(-9.036402e-02 0.000000e+00 -3.576003e-07)	(-9.024058e-02 0.000000e+00 4.827465e-07)
1.972000e+04	lowerWall	(-9.036083e-02 0.000000e+00 -3.571985e-07)	(-9.023745e-02 0.000000e+00 4.828182e-07)
1.973000e+04	lowerWall	(-9.035763e-02 0.000000e+00 -3.567963e-07)	(-9.023432e-02 0.000000e+00 4.828889e-07)
1.974000e+04	lowerWall	(-9.035444e-02 0.000000e+00 -3.563937e-07)	(-9.023120e-02 0.000000e+00 4.829587e-07)
1.975000e+04	lowerWall	(-9.035126e-02 0.000000e+00 -3.559908e-07)	(-9.022808e-02 0.000000e+00 4.830276e-07)
1.976000e+04	lowerWall	(-9.034808e-02 0.000000e+00 -3.555878e-07)	(-9.022497e-02 0.000000e+00 4.830957e-07)
1.977000e+04	lowerWall	(-9.034491e-02 0.000000e+00 -3.551846e-07)	(-9.022186e-02 0.000000e+00 4.831627e-07)
1.978000e+04	lowerWall	(-9.034173e-02 0.000000e+00 -3.547811e-07)	(-9.021876e-02 0.000000e+00 4.832285e-07)
1.979000e+04	lowerWall	(-9.033857e-02 0.000000e+00 -3.543774e-07)	(-9.021566e-02 0.000000e+00 4.832937e-07)
1.980000e+04	lowerWall	(-9.033540e-02 0.000000e+00 -3.539734e-07)	(-9.021257e-02 0.000000e+00 4.833579e-07)
1.981000e+04	lowerWall	(-9.033225e-02 0.000000e+00 -3.535693e-07)	(-9.020948e-02 0.000000e+00 4.834212e-07)
1.982000e+04	lowerWall	(-9.032909e-02 0.000000e+00 -3.531649e-07)	(-9.020639e-02 0.000000e+00 4.834835e-07)
1.983000e+04	lowerWall	(-9.032594e-02 0.000000e+00 -3.527604e-07)	(-9.020331e-02 0.000000e+00 4.835449e-07)
1.984000e+04	lowerWall	(-9.032280e-02 0.000000e+00 -3.523552e-07)	(-9.020023e-02 0.000000e+00 4.836052e-07)
1.985000e+04	lowerWall	(-9.031965e-02 0.000000e+00 -3.519514e-07)	(-9.019715e-02 0.000000e+00 4.836646e-07)
1.986000e+04	lowerWall	(-9.031652e-02 0.000000e+00 -3.515464e-07)	(-9.019408e-02 0.000000e+00 4.837230e-07)
1.987000e+04	lowerWall	(-9.031338e-02 0.000000e+00 -3.511418e-07)	(-9.019102e-02 0.000000e+00 4.837805e-07)
1.988000e+04	lowerWall	(-9.031025e-02 0.000000e+00 -3.507365e-07)	(-9.018796e-02 0.000000e+00 4.838370e-07)
1.989000e+04	lowerWall	(-9.030713e-02 0.000000e+00 -3.503310e-07)	(-9.018490e-02 0.000000e+00 4.838925e-07)
1.990000e+04	lowerWall	(-9.030400e-02 0.000000e+00 -3.499254e-07)	(-9.018185e-02 0.000000e+00 4.839470e-07)
1.991000e+04	lowerWall	(-9.030089e-02 0.000000e+00 -3.495194e-07)	(-9.017880e-02 0.000000e+00 4.840005e-07)
1.992000e+04	lowerWall	(-9.029777e-02 0.000000e+00 -3.491130e-07)	(-9.017575e-02 0.000000e+00 4.840530e-07)
1.993000e+04	lowerWall	(-9.029467e-02 0.000000e+00 -3.487068e-07)	(-9.017271e-02 0.000000e+00 4.841045e-07)
1.994000e+04	lowerWall	(-9.029156e-02 0.000000e+00 -3.483001e-07)	(-9.016968e-02 0.000000e+00 4.841551e-07)
1.995000e+04	lowerWall	(-9.028846e-02 0.000000e+00 -3.478929e-07)	(-9.016664e-02 0.000000e+00 4.842046e-07)
1.996000e+04	lowerWall	(-9.028536e-02 0.000000e+00 -3.474878e-07)	(-9.016361e-02 0.000000e+00 4.842531e-07)
1.997000e+04	lowerWall	(-9.028227e-02 0.000000e+00 -3.470811e-07)	(-9.016059e-02 0.000000e+00 4.843006e-07)
1.998000e+04	lowerWall	(-9.027918e-02 0.000000e+00 -3.466742e-07)	(-9.015757e-02 0.000000e+00 4.843471e-07)
1.999000e+04	lowerWall	(-9.027610e-02 0.000000e+00 -3.462672e-07)	(-9.015455e-02 0.000000e+00 4.843925e-07)
2.000000e+04	lowerWall	(-9.027302e-02 0.000000e+00 -3.458602e-07)	(-9.015154e-02 0.000000e+00 4.844370e-07)
2.001000e+04	lowerWall	(-9.026994e-02 0.000000e+00 -3.454532e-07)	(-9.014853e-02 0.000000e+00 4.844804e-07)
2.002000e+04	lowerWall	(-9.026687e-02 0.000000e+00 -3.450459e-07)	(-9.014553e-02 0.000000e+00 4.845228e-07)
2.003000e+04	lowerWall	(-9.026380e-02 0.000000e+00 -3.446388e-07)	(-9.014253e-02 0.000000e+00 4.845641e-07)
2.004000e+04	lowerWall	(-9.026073e-02 0.000000e+00 -3.442317e-07)	(-9.013954e-02 0.000000e+00 4.846045e-07)
2.005000e+04	lowerWall	(-9.025767e-02 0.000000e+00 -3.438241e-07)	(-9.013654e-02 0.000000e+00 4.846438e-07)
2.006000e+04	lowerWall	(-9.025462e-02 0.000000e+00 -3.434166e-07)	(-9.013356e-02 0.000000e+00 4.846820e-07)
2.007000e+04	lowerWall	(-9.025156e-02 0.000000e+00 -3.430092e-07)	(-9.013057e-02 0.000000e+00 4.847193e-07)
2.008000e+04	lowerWall	(-9.024852e-02 0.000000e+00 -3.426017e-07)	(-9.012759e-02 0.000000e+00 4.847554e-07)
2.009000e+04	lowerWall	(-9.024547e-02 0.000000e+00 -3.421940e-07)	(-9.012462e-02 0.000000e+00 4.847906e-07)
2.010000e+04	lowerWall	(-9.024243e-02 0.000000e+00 -3.417864e-07)	(-9.012165e-02 0.000000e+00 4.848247e-07)
2.011000e+04	lowerWall	(-9.023939e-02 0.000000e+00 -3.413797e-07)	(-9.011868e-02 0.000000e+00 4.848577e-07)
2.012000e+04	lowerWall	(-9.023636e-02 0.000000e+00 -3.409725e-07)	(-9.011572e-02 0.000000e+00 4.848897e-07)
2.013000e+04	lowerWall	(-9.023333e-02 0.000000e+00 -3.405648e-07)	(-9.011276e-02 0.000000e+00 4.849206e-07)
2.014000e+04	lowerWall	(-9.023031e-02 0.000000e+00 -3.401580e-07)	(-9.010980e-02 0.000000e+00 4.849505e-07)
2.015000e+04	lowerWall	(-9.022730e-02 0.000000e+00 -3.397509e-07)	(-9.010685e-02 0.000000e+00 4.849793e-07)
2.016000e+04	lowerWall	(-9.022428e-02 0.000000e+00 -3.393435e-07)	(-9.010390e-02 0.000000e+00 4.850070e-07)
2.017000e+04	lowerWall	(-9.022128e-02 0.000000e+00 -3.389370e-07)	(-9.010096e-02 0.000000e+00 4.850340e-07)
2.018000e+04	lowerWall	(-9.021827e-02 0.000000e+00 -3.385303e-07)	(-9.009802e-02 0.000000e+00 4.850596e-07)
2.019000e+04	lowerWall	(-9.021527e-02 0.000000e+00 -3.381237e-07)	(-9.009509e-02 0.000000e+00 4.850842e-07)
2.020000e+04	lowerWall	(-9.021227e-02 0.000000e+00 -3.377167e-07)	(-9.009216e-02 0.000000e+00 4.851078e-07)
2.021000e+04	lowerWall	(-9.020928e-02 0.000000e+00 -3.373086e-07)	(-9.008923e-02 0.000000e+00 4.851303e-07)
2.022000e+04	lowerWall	(-9.020629e-02 0.000000e+00 -3.369019e-07)	(-9.008630e-02 0.000000e+00 4.851517e-07)
2.023000e+04	lowerWall	(-9.020330e-02 0.000000e+00 -3.364949e-07)	(-9.008338e-02 0.000000e+00 4.851721e-07)
2.024000e+04	lowerWall	(-9.020032e-02 0.000000e+00 -3.360882e-07)	(-9.008047e-02 0.000000e+00 4.851914e-07)
2.025000e+04	lowerWall	(-9.019735e-02 0.000000e+00 -3.356817e-07)	(-9.007756e-02 0.000000e+00 4.852096e-07)
2.026000e+04	lowerWall	(-9.019437e-02 0.000000e+00 -3.352752e-07)	(-9.007465e-02 0.000000e+00 4.852268e-07)
2.027000e+04	lowerWall	(-9.019140e-02 0.000000e+00 -3.348694e-07)	(-9.007175e-02 0.000000e+00 4.852429e-07)
2.028000e+04	lowerWall	(-9.018844e-02 0.000000e+00 -3.344642e-07)	(-9.006885e-02 0.000000e+00 4.852580e-07)
2.029000e+04	lowerWall	(-9.018547e-02 0.000000e+00 -3.340576e-07)	(-9.006595e-02 0.000000e+00 4.852720e-07)
2.030000e+04	lowerWall	(-9.018252e-02 0.000000e+00 -3.336515e-07)	(-9.006306e-02 0.000000e+00 4.852849e-07)
2.031000e+04	lowerWall	(-9.017956e-02 0.000000e+00 -3.332451e-07)	(-9.006017e-02 0.000000e+00 4.852968e-07)
2.032000e+04	lowerWall	(-9.017661e-02 0.000000e+00 -3.328408e-07)	(-9.005728e-02 0.000000e+00 4.853076e-07)
2.033000e+04	lowerWall	(-9.017366e-02 0.000000e+00 -3.324362e-07)	(-9.005440e-02 0.000000e+00 4.853173e-07)
2.034000e+04	lowerWall	(-9.017072e-02 0.000000e+00 -3.320323e-07)	(-9.005153e-02 0.000000e+00 4.853260e-07)
2.035000e+04	lowerWall	(-9.016778e-02 0.000000e+00 -3.316291e-07)	(-9.004865e-02 0.000000e+00 4.853336e-07)
2.036000e+04	lowerWall	(-9.016485e-02 0.000000e+00 -3.312260e-07)	(-9.004579e-02 0.000000e+00 4.853401e-07)
2.037000e+04	lowerWall	(-9.016191e-02 0.000000e+00 -3.308222e-07)	(-9.004292e-02 0.000000e+00 4.853456e-07)
2.038000e+04	lowerWall	(-9.015899e-02 0.000000e+00 -3.304181e-07)	(-9.004006e-02 0.000000e+00 4.853501e-07)
2.039000e+04	lowerWall	(-9.015606e-02 0.000000e+00 -3.300141e-07)	(-9.003720e-02 0.000000e+00 4.853534e-07)
2.040000e+04	lowerWall	(-9.015314e-02 0.000000e+00 -3.296093e-07)	(-9.003435e-02 0.000000e+00 4.853557e-07)
2.041000e+04	lowerWall	(-9.015023e-02 0.000000e+00 -3.292050e-07)	(-9.003150e-02 0.000000e+00 4.853570e-07)
2.042000e+04	lowerWall	(-9.014731e-02 0.000000e+00 -3.288011e-07)	(-9.002865e-02 0.000000e+00 4.853572e-07)
2.043000e+04	lowerWall	(-9.014441e-02 0.000000e+00 -3.283971e-07)	(-9.002581e-02 0.000000e+00 4.853563e-07)
2.044000e+04	lowerWall	(-9.014150e-02 0.000000e+00 -3.279930e-07)	(-9.002297e-02 0.000000e+00 4.853544e-07)
2.045000e+04	lowerWall	(-9.013860e-02 0.000000e+00 -3.275894e-07)	(-9.002014e-02 0.000000e+00 4.853514e-07)
2.046000e+04	lowerWall	(-9.013570e-02 0.000000e+00 -3.271876e-07)	(-9.001731e-02 0.000000e+00 4.853474e-07)
2.047000e+04	lowerWall	(-9.013281e-02 0.000000e+00 -3.267868e-07)	(-9.001448e-02 0.000000e+00 4.853423e-07)
2.048000e+04	lowerWall	(-9.012992e-02 0.000000e+00 -3.263865e-07)	(-9.001166e-02 0.000000e+00 4.853362e-07)
2.049000e+04	lowerWall	(-9.012703e-02 0.000000e+00 -3.259856e-07)	(-9.000884e-02 0.000000e+00 4.853290e-07)
2.050000e+04	lowerWall	(-9.012415e-02 0.000000e+00 -3.255846e-07)	(-9.000602e-02 0.000000e+00 4.853208e-07)
2.051000e+04	lowerWall	(-9.012127e-02 0.000000e+00 -3.251841e-07)	(-9.000321e-02 0.000000e+00 4.853115e-07)
2.052000e+04	lowerWall	(-9.011839e-02 0.000000e+00 -3.247845e-07)	(-9.000040e-02 0.000000e+00 4.853012e-07)
2.053000e+04	lowerWall	(-9.011552e-02 0.000000e+00 -3.243836e-07)	(-8.999760e-02 0.000000e+00 4.852899e-07)
2.054000e+04	lowerWall	(-9.011266e-02 0.000000e+00 -3.239837e-07)	(-8.999480e-02 0.000000e+00 4.852775e-07)
2.055000e+04	lowerWall	(-9.010979e-02 0.000000e+00 -3.235840e-07)	(-8.999200e-02 0.000000e+00 4.852640e-07)
2.056000e+04	lowerWall	(-9.010693e-02 0.000000e+00 -3.231845e-07)	(-8.998921e-02 0.000000e+00 4.852496e-07)
2.057000e+04	lowerWall	(-9.010407e-02 0.000000e+00 -3.227863e-07)	(-8.998642e-02 0.000000e+00 4.852341e-07)
2.058000e+04	lowerWall	(-9.010122e-02 0.000000e+00 -3.223874e-07)	(-8.998363e-02 0.000000e+00 4.852175e-07)
2.059000e+04	lowerWall	(-9.009837e-02 0.000000e+00 -3.219890e-07)	(-8.998085e-02 0.000000e+00 4.852000e-07)
2.060000e+04	lowerWall	(-9.009553e-02 0.000000e+00 -3.215908e-07)	(-8.997807e-02 0.000000e+00 4.851814e-07)
2.061000e+04	lowerWall	(-9.009268e-02 0.000000e+00 -3.211928e-07)	(-8.997529e-02 0.000000e+00 4.851617e-07)
2.062000e+04	lowerWall	(-9.008985e-02 0.000000e+00 -3.207968e-07)	(-8.997252e-02 0.000000e+00 4.851410e-07)
2.063000e+04	lowerWall	(-9.008701e-02 0.000000e+00 -3.204020e-07)	(-8.996976e-02 0.000000e+00 4.851195e-07)
2.064000e+04	lowerWall	(-9.008418e-02 0.000000e+00 -3.200091e-07)	(-8.996699e-02 0.000000e+00 4.850969e-07)
2.065000e+04	lowerWall	(-9.008135e-02 0.000000e+00 -3.196135e-07)	(-8.996423e-02 0.000000e+00 4.850733e-07)
2.066000e+04	lowerWall	(-9.007853e-02 0.000000e+00 -3.192184e-07)	(-8.996148e-02 0.000000e+00 4.850486e-07)
2.067000e+04	lowerWall	(-9.007572e-02 0.000000e+00 -3.188242e-07)	(-8.995872e-02 0.000000e+00 4.850229e-07)
2.068000e+04	lowerWall	(-9.007291e-02 0.000000e+00 -3.184310e-07)	(-8.995597e-02 0.000000e+00 4.849962e-07)
2.069000e+04	lowerWall	(-9.007010e-02 0.000000e+00 -3.180374e-07)	(-8.995323e-02 0.000000e+00 4.849685e-07)
2.070000e+04	lowerWall	(-9.006729e-02 0.000000e+00 -3.176430e-07)	(-8.995049e-02 0.000000e+00 4.849398e-07)
2.071000e+04	lowerWall	(-9.006449e-02 0.000000e+00 -3.172504e-07)	(-8.994775e-02 0.000000e+00 4.849101e-07)
2.072000e+04	lowerWall	(-9.006169e-02 0.000000e+00 -3.168587e-07)	(-8.994501e-02 0.000000e+00 4.848794e-07)
2.073000e+04	lowerWall	(-9.005889e-02 0.000000e+00 -3.164667e-07)	(-8.994228e-02 0.000000e+00 4.848478e-07)
2.074000e+04	lowerWall	(-9.005610e-02 0.000000e+00 -3.160753e-07)	(-8.993956e-02 0.000000e+00 4.848151e-07)
2.075000e+04	lowerWall	(-9.005332e-02 0.000000e+00 -3.156847e-07)	(-8.993683e-02 0.000000e+00 4.847815e-07)
2.076000e+04	lowerWall	(-9.005053e-02 0.000000e+00 -3.152946e-07)	(-8.993411e-02 0.000000e+00 4.847469e-07)
2.077000e+04	lowerWall	(-9.004775e-02 0.000000e+00 -3.149053e-07)	(-8.993140e-02 0.000000e+00 4.847113e-07)
2.078000e+04	lowerWall	(-9.004497e-02 0.000000e+00 -3.145163e-07)	(-8.992868e-02 0.000000e+00 4.846747e-07)
2.079000e+04	lowerWall	(-9.004220e-02 0.000000e+00 -3.141286e-07)	(-8.992597e-02 0.000000e+00 4.846372e-07)
2.080000e+04	lowerWall	(-9.003943e-02 0.000000e+00 -3.137403e-07)	(-8.992327e-02 0.000000e+00 4.845987e-07)
2.081000e+04	lowerWall	(-9.003666e-02 0.000000e+00 -3.133526e-07)	(-8.992057e-02 0.000000e+00 4.845593e-07)
2.082000e+04	lowerWall	(-9.003390e-02 0.000000e+00 -3.129659e-07)	(-8.991787e-02 0.000000e+00 4.845189e-07)
2.083000e+04	lowerWall	(-9.003114e-02 0.000000e+00 -3.125805e-07)	(-8.991517e-02 0.000000e+00 4.844775e-07)
2.084000e+04	lowerWall	(-9.002839e-02 0.000000e+00 -3.121936e-07)	(-8.991248e-02 0.000000e+00 4.844352e-07)
2.085000e+04	lowerWall	(-9.002563e-02 0.000000e+00 -3.118078e-07)	(-8.990979e-02 0.000000e+00 4.843919e-07)
2.086000e+04	lowerWall	(-9.002288e-02 0.000000e+00 -3.114232e-07)	(-8.990711e-02 0.000000e+00 4.843477e-07)
2.087000e+04	lowerWall	(-9.002014e-02 0.000000e+00 -3.110395e-07)	(-8.990443e-02 0.000000e+00 4.843026e-07)
2.088000e+04	lowerWall	(-9.001740e-02 0.000000e+00 -3.106559e-07)	(-8.990175e-02 0.000000e+00 4.842565e-07)
2.089000e+04	lowerWall	(-9.001466e-02 0.000000e+00 -3.102725e-07)	(-8.989908e-02 0.000000e+00 4.842095e-07)
2.090000e+04	lowerWall	(-9.001192e-02 0.000000e+00 -3.098905e-07)	(-8.989641e-02 0.000000e+00 4.841616e-07)
2.091000e+04	lowerWall	(-9.000919e-02 0.000000e+00 -3.095098e-07)	(-8.989374e-02 0.000000e+00 4.841127e-07)
2.092000e+04	lowerWall	(-9.000647e-02 0.000000e+00 -3.091280e-07)	(-8.989108e-02 0.000000e+00 4.840630e-07)
2.093000e+04	lowerWall	(-9.000374e-02 0.000000e+00 -3.087462e-07)	(-8.988842e-02 0.000000e+00 4.840123e-07)
2.094000e+04	lowerWall	(-9.000102e-02 0.000000e+00 -3.083664e-07)	(-8.988576e-02 0.000000e+00 4.839607e-07)
2.095000e+04	lowerWall	(-8.999830e-02 0.000000e+00 -3.079861e-07)	(-8.988311e-02 0.000000e+00 4.839082e-07)
2.096000e+04	lowerWall	(-8.999559e-02 0.000000e+00 -3.076071e-07)	(-8.988046e-02 0.000000e+00 4.838548e-07)
2.097000e+04	lowerWall	(-8.999288e-02 0.000000e+00 -3.072287e-07)	(-8.987781e-02 0.000000e+00 4.838005e-07)
2.098000e+04	lowerWall	(-8.999017e-02 0.000000e+00 -3.068506e-07)	(-8.987517e-02 0.000000e+00 4.837453e-07)
2.099000e+04	lowerWall	(-8.998747e-02 0.000000e+00 -3.064741e-07)	(-8.987253e-02 0.000000e+00 4.836892e-07)
2.100000e+04	lowerWall	(-8.998477e-02 0.000000e+00 -3.060994e-07)	(-8.986990e-02 0.000000e+00 4.836323e-07)
2.101000e+04	lowerWall	(-8.998207e-02 0.000000e+00 -3.057257e-07)	(-8.986726e-02 0.000000e+00 4.835744e-07)
2.102000e+04	lowerWall	(-8.997938e-02 0.000000e+00 -3.053517e-07)	(-8.986463e-02 0.000000e+00 4.835157e-07)
2.103000e+04	lowerWall	(-8.997669e-02 0.000000e+00 -3.049777e-07)	(-8.986201e-02 0.000000e+00 4.834561e-07)
2.104000e+04	lowerWall	(-8.997400e-02 0.000000e+00 -3.046042e-07)	(-8.985939e-02 0.000000e+00 4.833957e-07)
2.105000e+04	lowerWall	(-8.997132e-02 0.000000e+00 -3.042316e-07)	(-8.985677e-02 0.000000e+00 4.833344e-07)
2.106000e+04	lowerWall	(-8.996864e-02 0.000000e+00 -3.038600e-07)	(-8.985415e-02 0.000000e+00 4.832723e-07)
2.107000e+04	lowerWall	(-8.996596e-02 0.000000e+00 -3.034883e-07)	(-8.985154e-02 0.000000e+00 4.832092e-07)
2.108000e+04	lowerWall	(-8.996329e-02 0.000000e+00 -3.031175e-07)	(-8.984894e-02 0.000000e+00 4.831454e-07)
2.109000e+04	lowerWall	(-8.996062e-02 0.000000e+00 -3.027469e-07)	(-8.984633e-02 0.000000e+00 4.830807e-07)
2.110000e+04	lowerWall	(-8.995795e-02 0.000000e+00 -3.023774e-07)	(-8.984373e-02 0.000000e+00 4.830151e-07)
2.111000e+04	lowerWall	(-8.995529e-02 0.000000e+00 -3.020086e-07)	(-8.984113e-02 0.000000e+00 4.829488e-07)
2.112000e+04	lowerWall	(-8.995263e-02 0.000000e+00 -3.016406e-07)	(-8.983854e-02 0.000000e+00 4.828816e-07)
2.113000e+04	lowerWall	(-8.994997e-02 0.000000e+00 -3.012726e-07)	(-8.983595e-02 0.000000e+00 4.828136e-07)
2.114000e+04	lowerWall	(-8.994732e-02 0.000000e+00 -3.009045e-07)	(-8.983336e-02 0.000000e+00 4.827447e-07)
2.115000e+04	lowerWall	(-8.994467e-02 0.000000e+00 -3.005378e-07)	(-8.983077e-02 0.000000e+00 4.826750e-07)
2.116000e+04	lowerWall	(-8.994203e-02 0.000000e+00 -3.001735e-07)	(-8.982819e-02 0.000000e+00 4.826046e-07)
2.117000e+04	lowerWall	(-8.993938e-02 0.000000e+00 -2.998118e-07)	(-8.982562e-02 0.000000e+00 4.825403e-07)
2.118000e+04	lowerWall	(-8.993675e-02 0.000000e+00 -2.994490e-07)	(-8.982304e-02 0.000000e+00 4.824885e-07)
2.119000e+04	lowerWall	(-8.993411e-02 0.000000e+00 -2.990871e-07)	(-8.982047e-02 0.000000e+00 4.824359e-07)
2.120000e+04	lowerWall	(-8.993148e-02 0.000000e+00 -2.987263e-07)	(-8.981790e-02 0.000000e+00 4.823824e-07)
2.121000e+04	lowerWall	(-8.992886e-02 0.000000e+00 -2.983670e-07)	(-8.981534e-02 0.000000e+00 4.823281e-07)
2.122000e+04	lowerWall	(-8.992623e-02 0.000000e+00 -2.980075e-07)	(-8.981278e-02 0.000000e+00 4.822730e-07)
2.123000e+04	lowerWall	(-8.992362e-02 0.000000e+00 -2.976484e-07)	(-8.981022e-02 0.000000e+00 4.822171e-07)
2.124000e+04	lowerWall	(-8.992100e-02 0.000000e+00 -2.972906e-07)	(-8.980767e-02 0.000000e+00 4.821604e-07)
2.125000e+04	lowerWall	(-8.991839e-02 0.000000e+00 -2.969357e-07)	(-8.980512e-02 0.000000e+00 4.821028e-07)
2.126000e+04	lowerWall	(-8.991578e-02 0.000000e+00 -2.965804e-07)	(-8.980257e-02 0.000000e+00 4.820445e-07)
2.127000e+04	lowerWall	(-8.991317e-02 0.000000e+00 -2.962249e-07)	(-8.980003e-02 0.000000e+00 4.819853e-07)
2.128000e+04	lowerWall	(-8.991057e-02 0.000000e+00 -2.958696e-07)	(-8.979748e-02 0.000000e+00 4.819253e-07)
2.129000e+04	lowerWall	(-8.990797e-02 0.000000e+00 -2.955153e-07)	(-8.979495e-02 0.000000e+00 4.818645e-07)
2.130000e+04	lowerWall	(-8.990537e-02 0.000000e+00 -2.951606e-07)	(-8.979241e-02 0.000000e+00 4.818029e-07)
2.131000e+04	lowerWall	(-8.990278e-02 0.000000e+00 -2.948099e-07)	(-8.978988e-02 0.000000e+00 4.817406e-07)
2.132000e+04	lowerWall	(-8.990019e-02 0.000000e+00 -2.944603e-07)	(-8.978735e-02 0.000000e+00 4.816774e-07)
2.133000e+04	lowerWall	(-8.989760e-02 0.000000e+00 -2.941110e-07)	(-8.978483e-02 0.000000e+00 4.816135e-07)
2.134000e+04	lowerWall	(-8.989502e-02 0.000000e+00 -2.937629e-07)	(-8.978231e-02 0.000000e+00 4.815487e-07)
2.135000e+04	lowerWall	(-8.989244e-02 0.000000e+00 -2.934150e-07)	(-8.977979e-02 0.000000e+00 4.814832e-07)
2.136000e+04	lowerWall	(-8.988986e-02 0.000000e+00 -2.930696e-07)	(-8.977728e-02 0.000000e+00 4.814169e-07)
2.137000e+04	lowerWall	(-8.988729e-02 0.000000e+00 -2.927255e-07)	(-8.977476e-02 0.000000e+00 4.813498e-07)
2.138000e+04	lowerWall	(-8.988472e-02 0.000000e+00 -2.923811e-07)	(-8.977226e-02 0.000000e+00 4.812820e-07)
2.139000e+04	lowerWall	(-8.988215e-02 0.000000e+00 -2.920374e-07)	(-8.976975e-02 0.000000e+00 4.812134e-07)
2.140000e+04	lowerWall	(-8.987959e-02 0.000000e+00 -2.916930e-07)	(-8.976725e-02 0.000000e+00 4.811440e-07)
2.141000e+04	lowerWall	(-8.987703e-02 0.000000e+00 -2.913499e-07)	(-8.976475e-02 0.000000e+00 4.810739e-07)
2.142000e+04	lowerWall	(-8.987447e-02 0.000000e+00 -2.910074e-07)	(-8.976226e-02 0.000000e+00 4.810030e-07)
2.143000e+04	lowerWall	(-8.987191e-02 0.000000e+00 -2.906664e-07)	(-8.975976e-02 0.000000e+00 4.809314e-07)
2.144000e+04	lowerWall	(-8.986936e-02 0.000000e+00 -2.903256e-07)	(-8.975727e-02 0.000000e+00 4.808590e-07)
2.145000e+04	lowerWall	(-8.986681e-02 0.000000e+00 -2.899869e-07)	(-8.975479e-02 0.000000e+00 4.807860e-07)
2.146000e+04	lowerWall	(-8.986427e-02 0.000000e+00 -2.896484e-07)	(-8.975231e-02 0.000000e+00 4.807121e-07)
2.147000e+04	lowerWall	(-8.986173e-02 0.000000e+00 -2.893107e-07)	(-8.974983e-02 0.000000e+00 4.806375e-07)
2.148000e+04	lowerWall	(-8.985919e-02 0.000000e+00 -2.889739e-07)	(-8.974735e-02 0.000000e+00 4.805622e-07)
2.149000e+04	lowerWall	(-8.985665e-02 0.000000e+00 -2.886380e-07)	(-8.974488e-02 0.000000e+00 4.804862e-07)
2.150000e+04	lowerWall	(-8.985412e-02 0.000000e+00 -2.883033e-07)	(-8.974241e-02 0.000000e+00 4.804094e-07)
2.151000e+04	lowerWall	(-8.985159e-02 0.000000e+00 -2.879690e-07)	(-8.973994e-02 0.000000e+00 4.803320e-07)
2.152000e+04	lowerWall	(-8.984907e-02 0.000000e+00 -2.876364e-07)	(-8.973748e-02 0.000000e+00 4.802538e-07)
2.153000e+04	lowerWall	(-8.984654e-02 0.000000e+00 -2.873050e-07)	(-8.973502e-02 0.000000e+00 4.801749e-07)
2.154000e+04	lowerWall	(-8.984403e-02 0.000000e+00 -2.869740e-07)	(-8.973256e-02 0.000000e+00 4.800953e-07)
2.155000e+04	lowerWall	(-8.984151e-02 0.000000e+00 -2.866439e-07)	(-8.973011e-02 0.000000e+00 4.800150e-07)
2.156000e+04	lowerWall	(-8.983900e-02 0.000000e+00 -2.863148e-07)	(-8.972766e-02 0.000000e+00 4.799339e-07)
2.157000e+04	lowerWall	(-8.983649e-02 0.000000e+00 -2.859867e-07)	(-8.972521e-02 0.000000e+00 4.798521e-07)
2.158000e+04	lowerWall	(-8.983398e-02 0.000000e+00 -2.856595e-07)	(-8.972277e-02 0.000000e+00 4.797698e-07)
2.159000e+04	lowerWall	(-8.983148e-02 0.000000e+00 -2.853333e-07)	(-8.972033e-02 0.000000e+00 4.796866e-07)
2.160000e+04	lowerWall	(-8.982897e-02 0.000000e+00 -2.850080e-07)	(-8.971789e-02 0.000000e+00 4.796029e-07)
2.161000e+04	lowerWall	(-8.982648e-02 0.000000e+00 -2.846838e-07)	(-8.971545e-02 0.000000e+00 4.795184e-07)
2.162000e+04	lowerWall	(-8.982398e-02 0.000000e+00 -2.843604e-07)	(-8.971302e-02 0.000000e+00 4.794333e-07)
2.163000e+04	lowerWall	(-8.982149e-02 0.000000e+00 -2.840380e-07)	(-8.971059e-02 0.000000e+00 4.793475e-07)
2.164000e+04	lowerWall	(-8.981900e-02 0.000000e+00 -2.837166e-07)	(-8.970817e-02 0.000000e+00 4.792611e-07)
2.165000e+04	lowerWall	(-8.981652e-02 0.000000e+00 -2.833961e-07)	(-8.970575e-02 0.000000e+00 4.791740e-07)
2.166000e+04	lowerWall	(-8.981404e-02 0.000000e+00 -2.830764e-07)	(-8.970333e-02 0.000000e+00 4.790862e-07)
2.167000e+04	lowerWall	(-8.981156e-02 0.000000e+00 -2.827577e-07)	(-8.970091e-02 0.000000e+00 4.789977e-07)
2.168000e+04	lowerWall	(-8.980908e-02 0.000000e+00 -2.824397e-07)	(-8.969850e-02 0.000000e+00 4.789087e-07)
2.169000e+04	lowerWall	(-8.980661e-02 0.000000e+00 -2.821224e-07)	(-8.969609e-02 0.000000e+00 4.788190e-07)
2.170000e+04	lowerWall	(-8.980414e-02 0.000000e+00 -2.818060e-07)	(-8.969368e-02 0.000000e+00 4.787287e-07)
2.171000e+04	lowerWall	(-8.980167e-02 0.000000e+00 -2.814909e-07)	(-8.969128e-02 0.000000e+00 4.786378e-07)
2.172000e+04	lowerWall	(-8.979921e-02 0.000000e+00 -2.811790e-07)	(-8.968888e-02 0.000000e+00 4.785462e-07)
2.173000e+04	lowerWall	(-8.979675e-02 0.000000e+00 -2.808684e-07)	(-8.968648e-02 0.000000e+00 4.784540e-07)
2.174000e+04	lowerWall	(-8.979430e-02 0.000000e+00 -2.805579e-07)	(-8.968408e-02 0.000000e+00 4.783611e-07)
2.175000e+04	lowerWall	(-8.979184e-02 0.000000e+00 -2.802511e-07)	(-8.968169e-02 0.000000e+00 4.782677e-07)
2.176000e+04	lowerWall	(-8.978940e-02 0.000000e+00 -2.799501e-07)	(-8.967930e-02 0.000000e+00 4.781735e-07)
2.177000e+04	lowerWall	(-8.978695e-02 0.000000e+00 -2.796475e-07)	(-8.967692e-02 0.000000e+00 4.780788e-07)
2.178000e+04	lowerWall	(-8.978451e-02 0.000000e+00 -2.793435e-07)	(-8.967453e-02 0.000000e+00 4.779835e-07)
2.179000e+04	lowerWall	(-8.978207e-02 0.000000e+00 -2.790395e-07)	(-8.967216e-02 0.000000e+00 4.778875e-07)
2.180000e+04	lowerWall	(-8.977963e-02 0.000000e+00 -2.787364e-07)	(-8.966978e-02 0.000000e+00 4.777910e-07)
2.181000e+04	lowerWall	(-8.977720e-02 0.000000e+00 -2.784344e-07)	(-8.966741e-02 0.000000e+00 4.776939e-07)
2.182000e+04	lowerWall	(-8.977477e-02 0.000000e+00 -2.781338e-07)	(-8.966504e-02 0.000000e+00 4.775961e-07)
2.183000e+04	lowerWall	(-8.977234e-02 0.000000e+00 -2.778323e-07)	(-8.966267e-02 0.000000e+00 4.774977e-07)
2.184000e+04	lowerWall	(-8.976992e-02 0.000000e+00 -2.775322e-07)	(-8.966030e-02 0.000000e+00 4.773990e-07)
2.185000e+04	lowerWall	(-8.976750e-02 0.000000e+00 -2.772328e-07)	(-8.965794e-02 0.000000e+00 4.772997e-07)
2.186000e+04	lowerWall	(-8.976508e-02 0.000000e+00 -2.769340e-07)	(-8.965558e-02 0.000000e+00 4.771998e-07)
2.187000e+04	lowerWall	(-8.976266e-02 0.000000e+00 -2.766375e-07)	(-8.965323e-02 0.000000e+00 4.770994e-07)
2.188000e+04	lowerWall	(-8.976025e-02 0.000000e+00 -2.763434e-07)	(-8.965088e-02 0.000000e+00 4.769985e-07)
2.189000e+04	lowerWall	(-8.975784e-02 0.000000e+00 -2.760475e-07)	(-8.964853e-02 0.000000e+00 4.768969e-07)
2.190000e+04	lowerWall	(-8.975543e-02 0.000000e+00 -2.757530e-07)	(-8.964618e-02 0.000000e+00 4.767947e-07)
2.191000e+04	lowerWall	(-8.975303e-02 0.000000e+00 -2.754589e-07)	(-8.964384e-02 0.000000e+00 4.766920e-07)
2.192000e+04	lowerWall	(-8.975063e-02 0.000000e+00 -2.751652e-07)	(-8.964150e-02 0.000000e+00 4.765886e-07)
2.193000e+04	lowerWall	(-8.974823e-02 0.000000e+00 -2.748740e-07)	(-8.963916e-02 0.000000e+00 4.764848e-07)
2.194000e+04	lowerWall	(-8.974584e-02 0.000000e+00 -2.745848e-07)	(-8.963683e-02 0.000000e+00 4.763804e-07)
2.195000e+04	lowerWall	(-8.974345e-02 0.000000e+00 -2.742972e-07)	(-8.963449e-02 0.000000e+00 4.762755e-07)
2.196000e+04	lowerWall	(-8.974106e-02 0.000000e+00 -2.740109e-07)	(-8.963217e-02 0.000000e+00 4.761703e-07)
2.197000e+04	lowerWall	(-8.973867e-02 0.000000e+00 -2.737261e-07)	(-8.962984e-02 0.000000e+00 4.760648e-07)
2.198000e+04	lowerWall	(-8.973629e-02 0.000000e+00 -2.734421e-07)	(-8.962752e-02 0.000000e+00 4.759582e-07)
2.199000e+04	lowerWall	(-8.973391e-02 0.000000e+00 -2.731595e-07)	(-8.962520e-02 0.000000e+00 4.758511e-07)
2.200000e+04	lowerWall	(-8.973153e-02 0.000000e+00 -2.728781e-07)	(-8.962288e-02 0.000000e+00 4.757434e-07)
2.201000e+04	lowerWall	(-8.972916e-02 0.000000e+00 -2.725978e-07)	(-8.962057e-02 0.000000e+00 4.756352e-07)
2.202000e+04	lowerWall	(-8.972679e-02 0.000000e+00 -2.723187e-07)	(-8.961826e-02 0.000000e+00 4.755265e-07)
2.203000e+04	lowerWall	(-8.972442e-02 0.000000e+00 -2.720408e-07)	(-8.961595e-02 0.000000e+00 4.754173e-07)
2.204000e+04	lowerWall	(-8.972205e-02 0.000000e+00 -2.717639e-07)	(-8.961364e-02 0.000000e+00 4.753076e-07)
2.205000e+04	lowerWall	(-8.971969e-02 0.000000e+00 -2.714884e-07)	(-8.961134e-02 0.000000e+00 4.751975e-07)
2.206000e+04	lowerWall	(-8.971733e-02 0.000000e+00 -2.712139e-07)	(-8.960904e-02 0.000000e+00 4.750868e-07)
2.207000e+04	lowerWall	(-8.971498e-02 0.000000e+00 -2.709405e-07)	(-8.960675e-02 0.000000e+00 4.749757e-07)
2.208000e+04	lowerWall	(-8.971262e-02 0.000000e+00 -2.706683e-07)	(-8.960445e-02 0.000000e+00 4.748641e-07)
2.208500e+04	lowerWall	(-8.971145e-02 0.000000e+00 -2.652553e-07)	(-8.960363e-02 0.000000e+00 4.724800e-07)
