/*--------------------------------*- C++ -*----------------------------------*\
  =========                 |
  \\      /  F ield         | OpenFOAM: The Open Source CFD Toolbox
   \\    /   O peration     | Website:  https://openfoam.org
    \\  /    A nd           | Version:  8
     \\/     M anipulation  |
\*---------------------------------------------------------------------------*/
FoamFile
{
    version     2.0;
    format      ascii;
    class       vectorField;
    location    "constant/polyMesh";
    object      points;
}
// * * * * * * * * * * * * * * * * * * * * * * * * * * * * * * * * * * * * * //


6222
(
(0 0 0)
(0.0067 0 0)
(0.0134 0 0)
(0.0201 0 0)
(0.0268 0 0)
(0.0335 0 0)
(0.0402 0 0)
(0.0469 0 0)
(0.0536 0 0)
(0.0603 0 0)
(0.067 0 0)
(0.0737 0 0)
(0.0804 0 0)
(0.0871 0 0)
(0.0938 0 0)
(0.1005 0 0)
(0.1072 0 0)
(0.1139 0 0)
(0.1206 0 0)
(0.1273 0 0)
(0.134 0 0)
(0.1407 0 0)
(0.1474 0 0)
(0.1541 0 0)
(0.1608 0 0)
(0.1675 0 0)
(0.1742 0 0)
(0.1809 0 0)
(0.1876 0 0)
(0.1943 0 0)
(0.201 0 0)
(0.2077 0 0)
(0.2144 0 0)
(0.2211 0 0)
(0.2278 0 0)
(0.2345 0 0)
(0.2412 0 0)
(0.2479 0 0)
(0.2546 0 0)
(0.2613 0 0)
(0.268 0 0)
(0.2747 0 0)
(0.2814 0 0)
(0.2881 0 0)
(0.2948 0 0)
(0.3015 0 0)
(0.3082 0 0)
(0.3149 0 0)
(0.3216 0 0)
(0.3283 0 0)
(0.335 0 0)
(0 0.0335 0)
(0.0067 0.0335 0)
(0.0134 0.0335 0)
(0.0201 0.0335 0)
(0.0268 0.0335 0)
(0.0335 0.0335 0)
(0.0402 0.0335 0)
(0.0469 0.0335 0)
(0.0536 0.0335 0)
(0.0603 0.0335 0)
(0.067 0.0335 0)
(0.0737 0.0335 0)
(0.0804 0.0335 0)
(0.0871 0.0335 0)
(0.0938 0.0335 0)
(0.1005 0.0335 0)
(0.1072 0.0335 0)
(0.1139 0.0335 0)
(0.1206 0.0335 0)
(0.1273 0.0335 0)
(0.134 0.0335 0)
(0.1407 0.0335 0)
(0.1474 0.0335 0)
(0.1541 0.0335 0)
(0.1608 0.0335 0)
(0.1675 0.0335 0)
(0.1742 0.0335 0)
(0.1809 0.0335 0)
(0.1876 0.0335 0)
(0.1943 0.0335 0)
(0.201 0.0335 0)
(0.2077 0.0335 0)
(0.2144 0.0335 0)
(0.2211 0.0335 0)
(0.2278 0.0335 0)
(0.2345 0.0335 0)
(0.2412 0.0335 0)
(0.2479 0.0335 0)
(0.2546 0.0335 0)
(0.2613 0.0335 0)
(0.268 0.0335 0)
(0.2747 0.0335 0)
(0.2814 0.0335 0)
(0.2881 0.0335 0)
(0.2948 0.0335 0)
(0.3015 0.0335 0)
(0.3082 0.0335 0)
(0.3149 0.0335 0)
(0.3216 0.0335 0)
(0.3283 0.0335 0)
(0.335 0.0335 0)
(0 0 0.00134)
(0.0067 0 0.00134)
(0.0134 0 0.00134)
(0.0201 0 0.00134)
(0.0268 0 0.00134)
(0.0335 0 0.00134)
(0.0402 0 0.00134)
(0.0469 0 0.00134)
(0.0536 0 0.00134)
(0.0603 0 0.00134)
(0.067 0 0.00134)
(0.0737 0 0.00134)
(0.0804 0 0.00134)
(0.0871 0 0.00134)
(0.0938 0 0.00134)
(0.1005 0 0.00134)
(0.1072 0 0.00134)
(0.1139 0 0.00134)
(0.1206 0 0.00134)
(0.1273 0 0.00134)
(0.134 0 0.00134)
(0.1407 0 0.00134)
(0.1474 0 0.00134)
(0.1541 0 0.00134)
(0.1608 0 0.00134)
(0.1675 0 0.00134)
(0.1742 0 0.00134)
(0.1809 0 0.00134)
(0.1876 0 0.00134)
(0.1943 0 0.00134)
(0.201 0 0.00134)
(0.2077 0 0.00134)
(0.2144 0 0.00134)
(0.2211 0 0.00134)
(0.2278 0 0.00134)
(0.2345 0 0.00134)
(0.2412 0 0.00134)
(0.2479 0 0.00134)
(0.2546 0 0.00134)
(0.2613 0 0.00134)
(0.268 0 0.00134)
(0.2747 0 0.00134)
(0.2814 0 0.00134)
(0.2881 0 0.00134)
(0.2948 0 0.00134)
(0.3015 0 0.00134)
(0.3082 0 0.00134)
(0.3149 0 0.00134)
(0.3216 0 0.00134)
(0.3283 0 0.00134)
(0.335 0 0.00134)
(0 0.0335 0.00134)
(0.0067 0.0335 0.00134)
(0.0134 0.0335 0.00134)
(0.0201 0.0335 0.00134)
(0.0268 0.0335 0.00134)
(0.0335 0.0335 0.00134)
(0.0402 0.0335 0.00134)
(0.0469 0.0335 0.00134)
(0.0536 0.0335 0.00134)
(0.0603 0.0335 0.00134)
(0.067 0.0335 0.00134)
(0.0737 0.0335 0.00134)
(0.0804 0.0335 0.00134)
(0.0871 0.0335 0.00134)
(0.0938 0.0335 0.00134)
(0.1005 0.0335 0.00134)
(0.1072 0.0335 0.00134)
(0.1139 0.0335 0.00134)
(0.1206 0.0335 0.00134)
(0.1273 0.0335 0.00134)
(0.134 0.0335 0.00134)
(0.1407 0.0335 0.00134)
(0.1474 0.0335 0.00134)
(0.1541 0.0335 0.00134)
(0.1608 0.0335 0.00134)
(0.1675 0.0335 0.00134)
(0.1742 0.0335 0.00134)
(0.1809 0.0335 0.00134)
(0.1876 0.0335 0.00134)
(0.1943 0.0335 0.00134)
(0.201 0.0335 0.00134)
(0.2077 0.0335 0.00134)
(0.2144 0.0335 0.00134)
(0.2211 0.0335 0.00134)
(0.2278 0.0335 0.00134)
(0.2345 0.0335 0.00134)
(0.2412 0.0335 0.00134)
(0.2479 0.0335 0.00134)
(0.2546 0.0335 0.00134)
(0.2613 0.0335 0.00134)
(0.268 0.0335 0.00134)
(0.2747 0.0335 0.00134)
(0.2814 0.0335 0.00134)
(0.2881 0.0335 0.00134)
(0.2948 0.0335 0.00134)
(0.3015 0.0335 0.00134)
(0.3082 0.0335 0.00134)
(0.3149 0.0335 0.00134)
(0.3216 0.0335 0.00134)
(0.3283 0.0335 0.00134)
(0.335 0.0335 0.00134)
(0 0 0.00268)
(0.0067 0 0.00268)
(0.0134 0 0.00268)
(0.0201 0 0.00268)
(0.0268 0 0.00268)
(0.0335 0 0.00268)
(0.0402 0 0.00268)
(0.0469 0 0.00268)
(0.0536 0 0.00268)
(0.0603 0 0.00268)
(0.067 0 0.00268)
(0.0737 0 0.00268)
(0.0804 0 0.00268)
(0.0871 0 0.00268)
(0.0938 0 0.00268)
(0.1005 0 0.00268)
(0.1072 0 0.00268)
(0.1139 0 0.00268)
(0.1206 0 0.00268)
(0.1273 0 0.00268)
(0.134 0 0.00268)
(0.1407 0 0.00268)
(0.1474 0 0.00268)
(0.1541 0 0.00268)
(0.1608 0 0.00268)
(0.1675 0 0.00268)
(0.1742 0 0.00268)
(0.1809 0 0.00268)
(0.1876 0 0.00268)
(0.1943 0 0.00268)
(0.201 0 0.00268)
(0.2077 0 0.00268)
(0.2144 0 0.00268)
(0.2211 0 0.00268)
(0.2278 0 0.00268)
(0.2345 0 0.00268)
(0.2412 0 0.00268)
(0.2479 0 0.00268)
(0.2546 0 0.00268)
(0.2613 0 0.00268)
(0.268 0 0.00268)
(0.2747 0 0.00268)
(0.2814 0 0.00268)
(0.2881 0 0.00268)
(0.2948 0 0.00268)
(0.3015 0 0.00268)
(0.3082 0 0.00268)
(0.3149 0 0.00268)
(0.3216 0 0.00268)
(0.3283 0 0.00268)
(0.335 0 0.00268)
(0 0.0335 0.00268)
(0.0067 0.0335 0.00268)
(0.0134 0.0335 0.00268)
(0.0201 0.0335 0.00268)
(0.0268 0.0335 0.00268)
(0.0335 0.0335 0.00268)
(0.0402 0.0335 0.00268)
(0.0469 0.0335 0.00268)
(0.0536 0.0335 0.00268)
(0.0603 0.0335 0.00268)
(0.067 0.0335 0.00268)
(0.0737 0.0335 0.00268)
(0.0804 0.0335 0.00268)
(0.0871 0.0335 0.00268)
(0.0938 0.0335 0.00268)
(0.1005 0.0335 0.00268)
(0.1072 0.0335 0.00268)
(0.1139 0.0335 0.00268)
(0.1206 0.0335 0.00268)
(0.1273 0.0335 0.00268)
(0.134 0.0335 0.00268)
(0.1407 0.0335 0.00268)
(0.1474 0.0335 0.00268)
(0.1541 0.0335 0.00268)
(0.1608 0.0335 0.00268)
(0.1675 0.0335 0.00268)
(0.1742 0.0335 0.00268)
(0.1809 0.0335 0.00268)
(0.1876 0.0335 0.00268)
(0.1943 0.0335 0.00268)
(0.201 0.0335 0.00268)
(0.2077 0.0335 0.00268)
(0.2144 0.0335 0.00268)
(0.2211 0.0335 0.00268)
(0.2278 0.0335 0.00268)
(0.2345 0.0335 0.00268)
(0.2412 0.0335 0.00268)
(0.2479 0.0335 0.00268)
(0.2546 0.0335 0.00268)
(0.2613 0.0335 0.00268)
(0.268 0.0335 0.00268)
(0.2747 0.0335 0.00268)
(0.2814 0.0335 0.00268)
(0.2881 0.0335 0.00268)
(0.2948 0.0335 0.00268)
(0.3015 0.0335 0.00268)
(0.3082 0.0335 0.00268)
(0.3149 0.0335 0.00268)
(0.3216 0.0335 0.00268)
(0.3283 0.0335 0.00268)
(0.335 0.0335 0.00268)
(0 0 0.00402)
(0.0067 0 0.00402)
(0.0134 0 0.00402)
(0.0201 0 0.00402)
(0.0268 0 0.00402)
(0.0335 0 0.00402)
(0.0402 0 0.00402)
(0.0469 0 0.00402)
(0.0536 0 0.00402)
(0.0603 0 0.00402)
(0.067 0 0.00402)
(0.0737 0 0.00402)
(0.0804 0 0.00402)
(0.0871 0 0.00402)
(0.0938 0 0.00402)
(0.1005 0 0.00402)
(0.1072 0 0.00402)
(0.1139 0 0.00402)
(0.1206 0 0.00402)
(0.1273 0 0.00402)
(0.134 0 0.00402)
(0.1407 0 0.00402)
(0.1474 0 0.00402)
(0.1541 0 0.00402)
(0.1608 0 0.00402)
(0.1675 0 0.00402)
(0.1742 0 0.00402)
(0.1809 0 0.00402)
(0.1876 0 0.00402)
(0.1943 0 0.00402)
(0.201 0 0.00402)
(0.2077 0 0.00402)
(0.2144 0 0.00402)
(0.2211 0 0.00402)
(0.2278 0 0.00402)
(0.2345 0 0.00402)
(0.2412 0 0.00402)
(0.2479 0 0.00402)
(0.2546 0 0.00402)
(0.2613 0 0.00402)
(0.268 0 0.00402)
(0.2747 0 0.00402)
(0.2814 0 0.00402)
(0.2881 0 0.00402)
(0.2948 0 0.00402)
(0.3015 0 0.00402)
(0.3082 0 0.00402)
(0.3149 0 0.00402)
(0.3216 0 0.00402)
(0.3283 0 0.00402)
(0.335 0 0.00402)
(0 0.0335 0.00402)
(0.0067 0.0335 0.00402)
(0.0134 0.0335 0.00402)
(0.0201 0.0335 0.00402)
(0.0268 0.0335 0.00402)
(0.0335 0.0335 0.00402)
(0.0402 0.0335 0.00402)
(0.0469 0.0335 0.00402)
(0.0536 0.0335 0.00402)
(0.0603 0.0335 0.00402)
(0.067 0.0335 0.00402)
(0.0737 0.0335 0.00402)
(0.0804 0.0335 0.00402)
(0.0871 0.0335 0.00402)
(0.0938 0.0335 0.00402)
(0.1005 0.0335 0.00402)
(0.1072 0.0335 0.00402)
(0.1139 0.0335 0.00402)
(0.1206 0.0335 0.00402)
(0.1273 0.0335 0.00402)
(0.134 0.0335 0.00402)
(0.1407 0.0335 0.00402)
(0.1474 0.0335 0.00402)
(0.1541 0.0335 0.00402)
(0.1608 0.0335 0.00402)
(0.1675 0.0335 0.00402)
(0.1742 0.0335 0.00402)
(0.1809 0.0335 0.00402)
(0.1876 0.0335 0.00402)
(0.1943 0.0335 0.00402)
(0.201 0.0335 0.00402)
(0.2077 0.0335 0.00402)
(0.2144 0.0335 0.00402)
(0.2211 0.0335 0.00402)
(0.2278 0.0335 0.00402)
(0.2345 0.0335 0.00402)
(0.2412 0.0335 0.00402)
(0.2479 0.0335 0.00402)
(0.2546 0.0335 0.00402)
(0.2613 0.0335 0.00402)
(0.268 0.0335 0.00402)
(0.2747 0.0335 0.00402)
(0.2814 0.0335 0.00402)
(0.2881 0.0335 0.00402)
(0.2948 0.0335 0.00402)
(0.3015 0.0335 0.00402)
(0.3082 0.0335 0.00402)
(0.3149 0.0335 0.00402)
(0.3216 0.0335 0.00402)
(0.3283 0.0335 0.00402)
(0.335 0.0335 0.00402)
(0 0 0.00536)
(0.0067 0 0.00536)
(0.0134 0 0.00536)
(0.0201 0 0.00536)
(0.0268 0 0.00536)
(0.0335 0 0.00536)
(0.0402 0 0.00536)
(0.0469 0 0.00536)
(0.0536 0 0.00536)
(0.0603 0 0.00536)
(0.067 0 0.00536)
(0.0737 0 0.00536)
(0.0804 0 0.00536)
(0.0871 0 0.00536)
(0.0938 0 0.00536)
(0.1005 0 0.00536)
(0.1072 0 0.00536)
(0.1139 0 0.00536)
(0.1206 0 0.00536)
(0.1273 0 0.00536)
(0.134 0 0.00536)
(0.1407 0 0.00536)
(0.1474 0 0.00536)
(0.1541 0 0.00536)
(0.1608 0 0.00536)
(0.1675 0 0.00536)
(0.1742 0 0.00536)
(0.1809 0 0.00536)
(0.1876 0 0.00536)
(0.1943 0 0.00536)
(0.201 0 0.00536)
(0.2077 0 0.00536)
(0.2144 0 0.00536)
(0.2211 0 0.00536)
(0.2278 0 0.00536)
(0.2345 0 0.00536)
(0.2412 0 0.00536)
(0.2479 0 0.00536)
(0.2546 0 0.00536)
(0.2613 0 0.00536)
(0.268 0 0.00536)
(0.2747 0 0.00536)
(0.2814 0 0.00536)
(0.2881 0 0.00536)
(0.2948 0 0.00536)
(0.3015 0 0.00536)
(0.3082 0 0.00536)
(0.3149 0 0.00536)
(0.3216 0 0.00536)
(0.3283 0 0.00536)
(0.335 0 0.00536)
(0 0.0335 0.00536)
(0.0067 0.0335 0.00536)
(0.0134 0.0335 0.00536)
(0.0201 0.0335 0.00536)
(0.0268 0.0335 0.00536)
(0.0335 0.0335 0.00536)
(0.0402 0.0335 0.00536)
(0.0469 0.0335 0.00536)
(0.0536 0.0335 0.00536)
(0.0603 0.0335 0.00536)
(0.067 0.0335 0.00536)
(0.0737 0.0335 0.00536)
(0.0804 0.0335 0.00536)
(0.0871 0.0335 0.00536)
(0.0938 0.0335 0.00536)
(0.1005 0.0335 0.00536)
(0.1072 0.0335 0.00536)
(0.1139 0.0335 0.00536)
(0.1206 0.0335 0.00536)
(0.1273 0.0335 0.00536)
(0.134 0.0335 0.00536)
(0.1407 0.0335 0.00536)
(0.1474 0.0335 0.00536)
(0.1541 0.0335 0.00536)
(0.1608 0.0335 0.00536)
(0.1675 0.0335 0.00536)
(0.1742 0.0335 0.00536)
(0.1809 0.0335 0.00536)
(0.1876 0.0335 0.00536)
(0.1943 0.0335 0.00536)
(0.201 0.0335 0.00536)
(0.2077 0.0335 0.00536)
(0.2144 0.0335 0.00536)
(0.2211 0.0335 0.00536)
(0.2278 0.0335 0.00536)
(0.2345 0.0335 0.00536)
(0.2412 0.0335 0.00536)
(0.2479 0.0335 0.00536)
(0.2546 0.0335 0.00536)
(0.2613 0.0335 0.00536)
(0.268 0.0335 0.00536)
(0.2747 0.0335 0.00536)
(0.2814 0.0335 0.00536)
(0.2881 0.0335 0.00536)
(0.2948 0.0335 0.00536)
(0.3015 0.0335 0.00536)
(0.3082 0.0335 0.00536)
(0.3149 0.0335 0.00536)
(0.3216 0.0335 0.00536)
(0.3283 0.0335 0.00536)
(0.335 0.0335 0.00536)
(0 0 0.0067)
(0.0067 0 0.0067)
(0.0134 0 0.0067)
(0.0201 0 0.0067)
(0.0268 0 0.0067)
(0.0335 0 0.0067)
(0.0402 0 0.0067)
(0.0469 0 0.0067)
(0.0536 0 0.0067)
(0.0603 0 0.0067)
(0.067 0 0.0067)
(0.0737 0 0.0067)
(0.0804 0 0.0067)
(0.0871 0 0.0067)
(0.0938 0 0.0067)
(0.1005 0 0.0067)
(0.1072 0 0.0067)
(0.1139 0 0.0067)
(0.1206 0 0.0067)
(0.1273 0 0.0067)
(0.134 0 0.0067)
(0.1407 0 0.0067)
(0.1474 0 0.0067)
(0.1541 0 0.0067)
(0.1608 0 0.0067)
(0.1675 0 0.0067)
(0.1742 0 0.0067)
(0.1809 0 0.0067)
(0.1876 0 0.0067)
(0.1943 0 0.0067)
(0.201 0 0.0067)
(0.2077 0 0.0067)
(0.2144 0 0.0067)
(0.2211 0 0.0067)
(0.2278 0 0.0067)
(0.2345 0 0.0067)
(0.2412 0 0.0067)
(0.2479 0 0.0067)
(0.2546 0 0.0067)
(0.2613 0 0.0067)
(0.268 0 0.0067)
(0.2747 0 0.0067)
(0.2814 0 0.0067)
(0.2881 0 0.0067)
(0.2948 0 0.0067)
(0.3015 0 0.0067)
(0.3082 0 0.0067)
(0.3149 0 0.0067)
(0.3216 0 0.0067)
(0.3283 0 0.0067)
(0.335 0 0.0067)
(0 0.0335 0.0067)
(0.0067 0.0335 0.0067)
(0.0134 0.0335 0.0067)
(0.0201 0.0335 0.0067)
(0.0268 0.0335 0.0067)
(0.0335 0.0335 0.0067)
(0.0402 0.0335 0.0067)
(0.0469 0.0335 0.0067)
(0.0536 0.0335 0.0067)
(0.0603 0.0335 0.0067)
(0.067 0.0335 0.0067)
(0.0737 0.0335 0.0067)
(0.0804 0.0335 0.0067)
(0.0871 0.0335 0.0067)
(0.0938 0.0335 0.0067)
(0.1005 0.0335 0.0067)
(0.1072 0.0335 0.0067)
(0.1139 0.0335 0.0067)
(0.1206 0.0335 0.0067)
(0.1273 0.0335 0.0067)
(0.134 0.0335 0.0067)
(0.1407 0.0335 0.0067)
(0.1474 0.0335 0.0067)
(0.1541 0.0335 0.0067)
(0.1608 0.0335 0.0067)
(0.1675 0.0335 0.0067)
(0.1742 0.0335 0.0067)
(0.1809 0.0335 0.0067)
(0.1876 0.0335 0.0067)
(0.1943 0.0335 0.0067)
(0.201 0.0335 0.0067)
(0.2077 0.0335 0.0067)
(0.2144 0.0335 0.0067)
(0.2211 0.0335 0.0067)
(0.2278 0.0335 0.0067)
(0.2345 0.0335 0.0067)
(0.2412 0.0335 0.0067)
(0.2479 0.0335 0.0067)
(0.2546 0.0335 0.0067)
(0.2613 0.0335 0.0067)
(0.268 0.0335 0.0067)
(0.2747 0.0335 0.0067)
(0.2814 0.0335 0.0067)
(0.2881 0.0335 0.0067)
(0.2948 0.0335 0.0067)
(0.3015 0.0335 0.0067)
(0.3082 0.0335 0.0067)
(0.3149 0.0335 0.0067)
(0.3216 0.0335 0.0067)
(0.3283 0.0335 0.0067)
(0.335 0.0335 0.0067)
(0 0 0.00804)
(0.0067 0 0.00804)
(0.0134 0 0.00804)
(0.0201 0 0.00804)
(0.0268 0 0.00804)
(0.0335 0 0.00804)
(0.0402 0 0.00804)
(0.0469 0 0.00804)
(0.0536 0 0.00804)
(0.0603 0 0.00804)
(0.067 0 0.00804)
(0.0737 0 0.00804)
(0.0804 0 0.00804)
(0.0871 0 0.00804)
(0.0938 0 0.00804)
(0.1005 0 0.00804)
(0.1072 0 0.00804)
(0.1139 0 0.00804)
(0.1206 0 0.00804)
(0.1273 0 0.00804)
(0.134 0 0.00804)
(0.1407 0 0.00804)
(0.1474 0 0.00804)
(0.1541 0 0.00804)
(0.1608 0 0.00804)
(0.1675 0 0.00804)
(0.1742 0 0.00804)
(0.1809 0 0.00804)
(0.1876 0 0.00804)
(0.1943 0 0.00804)
(0.201 0 0.00804)
(0.2077 0 0.00804)
(0.2144 0 0.00804)
(0.2211 0 0.00804)
(0.2278 0 0.00804)
(0.2345 0 0.00804)
(0.2412 0 0.00804)
(0.2479 0 0.00804)
(0.2546 0 0.00804)
(0.2613 0 0.00804)
(0.268 0 0.00804)
(0.2747 0 0.00804)
(0.2814 0 0.00804)
(0.2881 0 0.00804)
(0.2948 0 0.00804)
(0.3015 0 0.00804)
(0.3082 0 0.00804)
(0.3149 0 0.00804)
(0.3216 0 0.00804)
(0.3283 0 0.00804)
(0.335 0 0.00804)
(0 0.0335 0.00804)
(0.0067 0.0335 0.00804)
(0.0134 0.0335 0.00804)
(0.0201 0.0335 0.00804)
(0.0268 0.0335 0.00804)
(0.0335 0.0335 0.00804)
(0.0402 0.0335 0.00804)
(0.0469 0.0335 0.00804)
(0.0536 0.0335 0.00804)
(0.0603 0.0335 0.00804)
(0.067 0.0335 0.00804)
(0.0737 0.0335 0.00804)
(0.0804 0.0335 0.00804)
(0.0871 0.0335 0.00804)
(0.0938 0.0335 0.00804)
(0.1005 0.0335 0.00804)
(0.1072 0.0335 0.00804)
(0.1139 0.0335 0.00804)
(0.1206 0.0335 0.00804)
(0.1273 0.0335 0.00804)
(0.134 0.0335 0.00804)
(0.1407 0.0335 0.00804)
(0.1474 0.0335 0.00804)
(0.1541 0.0335 0.00804)
(0.1608 0.0335 0.00804)
(0.1675 0.0335 0.00804)
(0.1742 0.0335 0.00804)
(0.1809 0.0335 0.00804)
(0.1876 0.0335 0.00804)
(0.1943 0.0335 0.00804)
(0.201 0.0335 0.00804)
(0.2077 0.0335 0.00804)
(0.2144 0.0335 0.00804)
(0.2211 0.0335 0.00804)
(0.2278 0.0335 0.00804)
(0.2345 0.0335 0.00804)
(0.2412 0.0335 0.00804)
(0.2479 0.0335 0.00804)
(0.2546 0.0335 0.00804)
(0.2613 0.0335 0.00804)
(0.268 0.0335 0.00804)
(0.2747 0.0335 0.00804)
(0.2814 0.0335 0.00804)
(0.2881 0.0335 0.00804)
(0.2948 0.0335 0.00804)
(0.3015 0.0335 0.00804)
(0.3082 0.0335 0.00804)
(0.3149 0.0335 0.00804)
(0.3216 0.0335 0.00804)
(0.3283 0.0335 0.00804)
(0.335 0.0335 0.00804)
(0 0 0.00938)
(0.0067 0 0.00938)
(0.0134 0 0.00938)
(0.0201 0 0.00938)
(0.0268 0 0.00938)
(0.0335 0 0.00938)
(0.0402 0 0.00938)
(0.0469 0 0.00938)
(0.0536 0 0.00938)
(0.0603 0 0.00938)
(0.067 0 0.00938)
(0.0737 0 0.00938)
(0.0804 0 0.00938)
(0.0871 0 0.00938)
(0.0938 0 0.00938)
(0.1005 0 0.00938)
(0.1072 0 0.00938)
(0.1139 0 0.00938)
(0.1206 0 0.00938)
(0.1273 0 0.00938)
(0.134 0 0.00938)
(0.1407 0 0.00938)
(0.1474 0 0.00938)
(0.1541 0 0.00938)
(0.1608 0 0.00938)
(0.1675 0 0.00938)
(0.1742 0 0.00938)
(0.1809 0 0.00938)
(0.1876 0 0.00938)
(0.1943 0 0.00938)
(0.201 0 0.00938)
(0.2077 0 0.00938)
(0.2144 0 0.00938)
(0.2211 0 0.00938)
(0.2278 0 0.00938)
(0.2345 0 0.00938)
(0.2412 0 0.00938)
(0.2479 0 0.00938)
(0.2546 0 0.00938)
(0.2613 0 0.00938)
(0.268 0 0.00938)
(0.2747 0 0.00938)
(0.2814 0 0.00938)
(0.2881 0 0.00938)
(0.2948 0 0.00938)
(0.3015 0 0.00938)
(0.3082 0 0.00938)
(0.3149 0 0.00938)
(0.3216 0 0.00938)
(0.3283 0 0.00938)
(0.335 0 0.00938)
(0 0.0335 0.00938)
(0.0067 0.0335 0.00938)
(0.0134 0.0335 0.00938)
(0.0201 0.0335 0.00938)
(0.0268 0.0335 0.00938)
(0.0335 0.0335 0.00938)
(0.0402 0.0335 0.00938)
(0.0469 0.0335 0.00938)
(0.0536 0.0335 0.00938)
(0.0603 0.0335 0.00938)
(0.067 0.0335 0.00938)
(0.0737 0.0335 0.00938)
(0.0804 0.0335 0.00938)
(0.0871 0.0335 0.00938)
(0.0938 0.0335 0.00938)
(0.1005 0.0335 0.00938)
(0.1072 0.0335 0.00938)
(0.1139 0.0335 0.00938)
(0.1206 0.0335 0.00938)
(0.1273 0.0335 0.00938)
(0.134 0.0335 0.00938)
(0.1407 0.0335 0.00938)
(0.1474 0.0335 0.00938)
(0.1541 0.0335 0.00938)
(0.1608 0.0335 0.00938)
(0.1675 0.0335 0.00938)
(0.1742 0.0335 0.00938)
(0.1809 0.0335 0.00938)
(0.1876 0.0335 0.00938)
(0.1943 0.0335 0.00938)
(0.201 0.0335 0.00938)
(0.2077 0.0335 0.00938)
(0.2144 0.0335 0.00938)
(0.2211 0.0335 0.00938)
(0.2278 0.0335 0.00938)
(0.2345 0.0335 0.00938)
(0.2412 0.0335 0.00938)
(0.2479 0.0335 0.00938)
(0.2546 0.0335 0.00938)
(0.2613 0.0335 0.00938)
(0.268 0.0335 0.00938)
(0.2747 0.0335 0.00938)
(0.2814 0.0335 0.00938)
(0.2881 0.0335 0.00938)
(0.2948 0.0335 0.00938)
(0.3015 0.0335 0.00938)
(0.3082 0.0335 0.00938)
(0.3149 0.0335 0.00938)
(0.3216 0.0335 0.00938)
(0.3283 0.0335 0.00938)
(0.335 0.0335 0.00938)
(0 0 0.01072)
(0.0067 0 0.01072)
(0.0134 0 0.01072)
(0.0201 0 0.01072)
(0.0268 0 0.01072)
(0.0335 0 0.01072)
(0.0402 0 0.01072)
(0.0469 0 0.01072)
(0.0536 0 0.01072)
(0.0603 0 0.01072)
(0.067 0 0.01072)
(0.0737 0 0.01072)
(0.0804 0 0.01072)
(0.0871 0 0.01072)
(0.0938 0 0.01072)
(0.1005 0 0.01072)
(0.1072 0 0.01072)
(0.1139 0 0.01072)
(0.1206 0 0.01072)
(0.1273 0 0.01072)
(0.134 0 0.01072)
(0.1407 0 0.01072)
(0.1474 0 0.01072)
(0.1541 0 0.01072)
(0.1608 0 0.01072)
(0.1675 0 0.01072)
(0.1742 0 0.01072)
(0.1809 0 0.01072)
(0.1876 0 0.01072)
(0.1943 0 0.01072)
(0.201 0 0.01072)
(0.2077 0 0.01072)
(0.2144 0 0.01072)
(0.2211 0 0.01072)
(0.2278 0 0.01072)
(0.2345 0 0.01072)
(0.2412 0 0.01072)
(0.2479 0 0.01072)
(0.2546 0 0.01072)
(0.2613 0 0.01072)
(0.268 0 0.01072)
(0.2747 0 0.01072)
(0.2814 0 0.01072)
(0.2881 0 0.01072)
(0.2948 0 0.01072)
(0.3015 0 0.01072)
(0.3082 0 0.01072)
(0.3149 0 0.01072)
(0.3216 0 0.01072)
(0.3283 0 0.01072)
(0.335 0 0.01072)
(0 0.0335 0.01072)
(0.0067 0.0335 0.01072)
(0.0134 0.0335 0.01072)
(0.0201 0.0335 0.01072)
(0.0268 0.0335 0.01072)
(0.0335 0.0335 0.01072)
(0.0402 0.0335 0.01072)
(0.0469 0.0335 0.01072)
(0.0536 0.0335 0.01072)
(0.0603 0.0335 0.01072)
(0.067 0.0335 0.01072)
(0.0737 0.0335 0.01072)
(0.0804 0.0335 0.01072)
(0.0871 0.0335 0.01072)
(0.0938 0.0335 0.01072)
(0.1005 0.0335 0.01072)
(0.1072 0.0335 0.01072)
(0.1139 0.0335 0.01072)
(0.1206 0.0335 0.01072)
(0.1273 0.0335 0.01072)
(0.134 0.0335 0.01072)
(0.1407 0.0335 0.01072)
(0.1474 0.0335 0.01072)
(0.1541 0.0335 0.01072)
(0.1608 0.0335 0.01072)
(0.1675 0.0335 0.01072)
(0.1742 0.0335 0.01072)
(0.1809 0.0335 0.01072)
(0.1876 0.0335 0.01072)
(0.1943 0.0335 0.01072)
(0.201 0.0335 0.01072)
(0.2077 0.0335 0.01072)
(0.2144 0.0335 0.01072)
(0.2211 0.0335 0.01072)
(0.2278 0.0335 0.01072)
(0.2345 0.0335 0.01072)
(0.2412 0.0335 0.01072)
(0.2479 0.0335 0.01072)
(0.2546 0.0335 0.01072)
(0.2613 0.0335 0.01072)
(0.268 0.0335 0.01072)
(0.2747 0.0335 0.01072)
(0.2814 0.0335 0.01072)
(0.2881 0.0335 0.01072)
(0.2948 0.0335 0.01072)
(0.3015 0.0335 0.01072)
(0.3082 0.0335 0.01072)
(0.3149 0.0335 0.01072)
(0.3216 0.0335 0.01072)
(0.3283 0.0335 0.01072)
(0.335 0.0335 0.01072)
(0 0 0.01206)
(0.0067 0 0.01206)
(0.0134 0 0.01206)
(0.0201 0 0.01206)
(0.0268 0 0.01206)
(0.0335 0 0.01206)
(0.0402 0 0.01206)
(0.0469 0 0.01206)
(0.0536 0 0.01206)
(0.0603 0 0.01206)
(0.067 0 0.01206)
(0.0737 0 0.01206)
(0.0804 0 0.01206)
(0.0871 0 0.01206)
(0.0938 0 0.01206)
(0.1005 0 0.01206)
(0.1072 0 0.01206)
(0.1139 0 0.01206)
(0.1206 0 0.01206)
(0.1273 0 0.01206)
(0.134 0 0.01206)
(0.1407 0 0.01206)
(0.1474 0 0.01206)
(0.1541 0 0.01206)
(0.1608 0 0.01206)
(0.1675 0 0.01206)
(0.1742 0 0.01206)
(0.1809 0 0.01206)
(0.1876 0 0.01206)
(0.1943 0 0.01206)
(0.201 0 0.01206)
(0.2077 0 0.01206)
(0.2144 0 0.01206)
(0.2211 0 0.01206)
(0.2278 0 0.01206)
(0.2345 0 0.01206)
(0.2412 0 0.01206)
(0.2479 0 0.01206)
(0.2546 0 0.01206)
(0.2613 0 0.01206)
(0.268 0 0.01206)
(0.2747 0 0.01206)
(0.2814 0 0.01206)
(0.2881 0 0.01206)
(0.2948 0 0.01206)
(0.3015 0 0.01206)
(0.3082 0 0.01206)
(0.3149 0 0.01206)
(0.3216 0 0.01206)
(0.3283 0 0.01206)
(0.335 0 0.01206)
(0 0.0335 0.01206)
(0.0067 0.0335 0.01206)
(0.0134 0.0335 0.01206)
(0.0201 0.0335 0.01206)
(0.0268 0.0335 0.01206)
(0.0335 0.0335 0.01206)
(0.0402 0.0335 0.01206)
(0.0469 0.0335 0.01206)
(0.0536 0.0335 0.01206)
(0.0603 0.0335 0.01206)
(0.067 0.0335 0.01206)
(0.0737 0.0335 0.01206)
(0.0804 0.0335 0.01206)
(0.0871 0.0335 0.01206)
(0.0938 0.0335 0.01206)
(0.1005 0.0335 0.01206)
(0.1072 0.0335 0.01206)
(0.1139 0.0335 0.01206)
(0.1206 0.0335 0.01206)
(0.1273 0.0335 0.01206)
(0.134 0.0335 0.01206)
(0.1407 0.0335 0.01206)
(0.1474 0.0335 0.01206)
(0.1541 0.0335 0.01206)
(0.1608 0.0335 0.01206)
(0.1675 0.0335 0.01206)
(0.1742 0.0335 0.01206)
(0.1809 0.0335 0.01206)
(0.1876 0.0335 0.01206)
(0.1943 0.0335 0.01206)
(0.201 0.0335 0.01206)
(0.2077 0.0335 0.01206)
(0.2144 0.0335 0.01206)
(0.2211 0.0335 0.01206)
(0.2278 0.0335 0.01206)
(0.2345 0.0335 0.01206)
(0.2412 0.0335 0.01206)
(0.2479 0.0335 0.01206)
(0.2546 0.0335 0.01206)
(0.2613 0.0335 0.01206)
(0.268 0.0335 0.01206)
(0.2747 0.0335 0.01206)
(0.2814 0.0335 0.01206)
(0.2881 0.0335 0.01206)
(0.2948 0.0335 0.01206)
(0.3015 0.0335 0.01206)
(0.3082 0.0335 0.01206)
(0.3149 0.0335 0.01206)
(0.3216 0.0335 0.01206)
(0.3283 0.0335 0.01206)
(0.335 0.0335 0.01206)
(0 0 0.0134)
(0.0067 0 0.0134)
(0.0134 0 0.0134)
(0.0201 0 0.0134)
(0.0268 0 0.0134)
(0.0335 0 0.0134)
(0.0402 0 0.0134)
(0.0469 0 0.0134)
(0.0536 0 0.0134)
(0.0603 0 0.0134)
(0.067 0 0.0134)
(0.0737 0 0.0134)
(0.0804 0 0.0134)
(0.0871 0 0.0134)
(0.0938 0 0.0134)
(0.1005 0 0.0134)
(0.1072 0 0.0134)
(0.1139 0 0.0134)
(0.1206 0 0.0134)
(0.1273 0 0.0134)
(0.134 0 0.0134)
(0.1407 0 0.0134)
(0.1474 0 0.0134)
(0.1541 0 0.0134)
(0.1608 0 0.0134)
(0.1675 0 0.0134)
(0.1742 0 0.0134)
(0.1809 0 0.0134)
(0.1876 0 0.0134)
(0.1943 0 0.0134)
(0.201 0 0.0134)
(0.2077 0 0.0134)
(0.2144 0 0.0134)
(0.2211 0 0.0134)
(0.2278 0 0.0134)
(0.2345 0 0.0134)
(0.2412 0 0.0134)
(0.2479 0 0.0134)
(0.2546 0 0.0134)
(0.2613 0 0.0134)
(0.268 0 0.0134)
(0.2747 0 0.0134)
(0.2814 0 0.0134)
(0.2881 0 0.0134)
(0.2948 0 0.0134)
(0.3015 0 0.0134)
(0.3082 0 0.0134)
(0.3149 0 0.0134)
(0.3216 0 0.0134)
(0.3283 0 0.0134)
(0.335 0 0.0134)
(0 0.0335 0.0134)
(0.0067 0.0335 0.0134)
(0.0134 0.0335 0.0134)
(0.0201 0.0335 0.0134)
(0.0268 0.0335 0.0134)
(0.0335 0.0335 0.0134)
(0.0402 0.0335 0.0134)
(0.0469 0.0335 0.0134)
(0.0536 0.0335 0.0134)
(0.0603 0.0335 0.0134)
(0.067 0.0335 0.0134)
(0.0737 0.0335 0.0134)
(0.0804 0.0335 0.0134)
(0.0871 0.0335 0.0134)
(0.0938 0.0335 0.0134)
(0.1005 0.0335 0.0134)
(0.1072 0.0335 0.0134)
(0.1139 0.0335 0.0134)
(0.1206 0.0335 0.0134)
(0.1273 0.0335 0.0134)
(0.134 0.0335 0.0134)
(0.1407 0.0335 0.0134)
(0.1474 0.0335 0.0134)
(0.1541 0.0335 0.0134)
(0.1608 0.0335 0.0134)
(0.1675 0.0335 0.0134)
(0.1742 0.0335 0.0134)
(0.1809 0.0335 0.0134)
(0.1876 0.0335 0.0134)
(0.1943 0.0335 0.0134)
(0.201 0.0335 0.0134)
(0.2077 0.0335 0.0134)
(0.2144 0.0335 0.0134)
(0.2211 0.0335 0.0134)
(0.2278 0.0335 0.0134)
(0.2345 0.0335 0.0134)
(0.2412 0.0335 0.0134)
(0.2479 0.0335 0.0134)
(0.2546 0.0335 0.0134)
(0.2613 0.0335 0.0134)
(0.268 0.0335 0.0134)
(0.2747 0.0335 0.0134)
(0.2814 0.0335 0.0134)
(0.2881 0.0335 0.0134)
(0.2948 0.0335 0.0134)
(0.3015 0.0335 0.0134)
(0.3082 0.0335 0.0134)
(0.3149 0.0335 0.0134)
(0.3216 0.0335 0.0134)
(0.3283 0.0335 0.0134)
(0.335 0.0335 0.0134)
(0 0 0.01474)
(0.0067 0 0.01474)
(0.0134 0 0.01474)
(0.0201 0 0.01474)
(0.0268 0 0.01474)
(0.0335 0 0.01474)
(0.0402 0 0.01474)
(0.0469 0 0.01474)
(0.0536 0 0.01474)
(0.0603 0 0.01474)
(0.067 0 0.01474)
(0.0737 0 0.01474)
(0.0804 0 0.01474)
(0.0871 0 0.01474)
(0.0938 0 0.01474)
(0.1005 0 0.01474)
(0.1072 0 0.01474)
(0.1139 0 0.01474)
(0.1206 0 0.01474)
(0.1273 0 0.01474)
(0.134 0 0.01474)
(0.1407 0 0.01474)
(0.1474 0 0.01474)
(0.1541 0 0.01474)
(0.1608 0 0.01474)
(0.1675 0 0.01474)
(0.1742 0 0.01474)
(0.1809 0 0.01474)
(0.1876 0 0.01474)
(0.1943 0 0.01474)
(0.201 0 0.01474)
(0.2077 0 0.01474)
(0.2144 0 0.01474)
(0.2211 0 0.01474)
(0.2278 0 0.01474)
(0.2345 0 0.01474)
(0.2412 0 0.01474)
(0.2479 0 0.01474)
(0.2546 0 0.01474)
(0.2613 0 0.01474)
(0.268 0 0.01474)
(0.2747 0 0.01474)
(0.2814 0 0.01474)
(0.2881 0 0.01474)
(0.2948 0 0.01474)
(0.3015 0 0.01474)
(0.3082 0 0.01474)
(0.3149 0 0.01474)
(0.3216 0 0.01474)
(0.3283 0 0.01474)
(0.335 0 0.01474)
(0 0.0335 0.01474)
(0.0067 0.0335 0.01474)
(0.0134 0.0335 0.01474)
(0.0201 0.0335 0.01474)
(0.0268 0.0335 0.01474)
(0.0335 0.0335 0.01474)
(0.0402 0.0335 0.01474)
(0.0469 0.0335 0.01474)
(0.0536 0.0335 0.01474)
(0.0603 0.0335 0.01474)
(0.067 0.0335 0.01474)
(0.0737 0.0335 0.01474)
(0.0804 0.0335 0.01474)
(0.0871 0.0335 0.01474)
(0.0938 0.0335 0.01474)
(0.1005 0.0335 0.01474)
(0.1072 0.0335 0.01474)
(0.1139 0.0335 0.01474)
(0.1206 0.0335 0.01474)
(0.1273 0.0335 0.01474)
(0.134 0.0335 0.01474)
(0.1407 0.0335 0.01474)
(0.1474 0.0335 0.01474)
(0.1541 0.0335 0.01474)
(0.1608 0.0335 0.01474)
(0.1675 0.0335 0.01474)
(0.1742 0.0335 0.01474)
(0.1809 0.0335 0.01474)
(0.1876 0.0335 0.01474)
(0.1943 0.0335 0.01474)
(0.201 0.0335 0.01474)
(0.2077 0.0335 0.01474)
(0.2144 0.0335 0.01474)
(0.2211 0.0335 0.01474)
(0.2278 0.0335 0.01474)
(0.2345 0.0335 0.01474)
(0.2412 0.0335 0.01474)
(0.2479 0.0335 0.01474)
(0.2546 0.0335 0.01474)
(0.2613 0.0335 0.01474)
(0.268 0.0335 0.01474)
(0.2747 0.0335 0.01474)
(0.2814 0.0335 0.01474)
(0.2881 0.0335 0.01474)
(0.2948 0.0335 0.01474)
(0.3015 0.0335 0.01474)
(0.3082 0.0335 0.01474)
(0.3149 0.0335 0.01474)
(0.3216 0.0335 0.01474)
(0.3283 0.0335 0.01474)
(0.335 0.0335 0.01474)
(0 0 0.01608)
(0.0067 0 0.01608)
(0.0134 0 0.01608)
(0.0201 0 0.01608)
(0.0268 0 0.01608)
(0.0335 0 0.01608)
(0.0402 0 0.01608)
(0.0469 0 0.01608)
(0.0536 0 0.01608)
(0.0603 0 0.01608)
(0.067 0 0.01608)
(0.0737 0 0.01608)
(0.0804 0 0.01608)
(0.0871 0 0.01608)
(0.0938 0 0.01608)
(0.1005 0 0.01608)
(0.1072 0 0.01608)
(0.1139 0 0.01608)
(0.1206 0 0.01608)
(0.1273 0 0.01608)
(0.134 0 0.01608)
(0.1407 0 0.01608)
(0.1474 0 0.01608)
(0.1541 0 0.01608)
(0.1608 0 0.01608)
(0.1675 0 0.01608)
(0.1742 0 0.01608)
(0.1809 0 0.01608)
(0.1876 0 0.01608)
(0.1943 0 0.01608)
(0.201 0 0.01608)
(0.2077 0 0.01608)
(0.2144 0 0.01608)
(0.2211 0 0.01608)
(0.2278 0 0.01608)
(0.2345 0 0.01608)
(0.2412 0 0.01608)
(0.2479 0 0.01608)
(0.2546 0 0.01608)
(0.2613 0 0.01608)
(0.268 0 0.01608)
(0.2747 0 0.01608)
(0.2814 0 0.01608)
(0.2881 0 0.01608)
(0.2948 0 0.01608)
(0.3015 0 0.01608)
(0.3082 0 0.01608)
(0.3149 0 0.01608)
(0.3216 0 0.01608)
(0.3283 0 0.01608)
(0.335 0 0.01608)
(0 0.0335 0.01608)
(0.0067 0.0335 0.01608)
(0.0134 0.0335 0.01608)
(0.0201 0.0335 0.01608)
(0.0268 0.0335 0.01608)
(0.0335 0.0335 0.01608)
(0.0402 0.0335 0.01608)
(0.0469 0.0335 0.01608)
(0.0536 0.0335 0.01608)
(0.0603 0.0335 0.01608)
(0.067 0.0335 0.01608)
(0.0737 0.0335 0.01608)
(0.0804 0.0335 0.01608)
(0.0871 0.0335 0.01608)
(0.0938 0.0335 0.01608)
(0.1005 0.0335 0.01608)
(0.1072 0.0335 0.01608)
(0.1139 0.0335 0.01608)
(0.1206 0.0335 0.01608)
(0.1273 0.0335 0.01608)
(0.134 0.0335 0.01608)
(0.1407 0.0335 0.01608)
(0.1474 0.0335 0.01608)
(0.1541 0.0335 0.01608)
(0.1608 0.0335 0.01608)
(0.1675 0.0335 0.01608)
(0.1742 0.0335 0.01608)
(0.1809 0.0335 0.01608)
(0.1876 0.0335 0.01608)
(0.1943 0.0335 0.01608)
(0.201 0.0335 0.01608)
(0.2077 0.0335 0.01608)
(0.2144 0.0335 0.01608)
(0.2211 0.0335 0.01608)
(0.2278 0.0335 0.01608)
(0.2345 0.0335 0.01608)
(0.2412 0.0335 0.01608)
(0.2479 0.0335 0.01608)
(0.2546 0.0335 0.01608)
(0.2613 0.0335 0.01608)
(0.268 0.0335 0.01608)
(0.2747 0.0335 0.01608)
(0.2814 0.0335 0.01608)
(0.2881 0.0335 0.01608)
(0.2948 0.0335 0.01608)
(0.3015 0.0335 0.01608)
(0.3082 0.0335 0.01608)
(0.3149 0.0335 0.01608)
(0.3216 0.0335 0.01608)
(0.3283 0.0335 0.01608)
(0.335 0.0335 0.01608)
(0 0 0.01742)
(0.0067 0 0.01742)
(0.0134 0 0.01742)
(0.0201 0 0.01742)
(0.0268 0 0.01742)
(0.0335 0 0.01742)
(0.0402 0 0.01742)
(0.0469 0 0.01742)
(0.0536 0 0.01742)
(0.0603 0 0.01742)
(0.067 0 0.01742)
(0.0737 0 0.01742)
(0.0804 0 0.01742)
(0.0871 0 0.01742)
(0.0938 0 0.01742)
(0.1005 0 0.01742)
(0.1072 0 0.01742)
(0.1139 0 0.01742)
(0.1206 0 0.01742)
(0.1273 0 0.01742)
(0.134 0 0.01742)
(0.1407 0 0.01742)
(0.1474 0 0.01742)
(0.1541 0 0.01742)
(0.1608 0 0.01742)
(0.1675 0 0.01742)
(0.1742 0 0.01742)
(0.1809 0 0.01742)
(0.1876 0 0.01742)
(0.1943 0 0.01742)
(0.201 0 0.01742)
(0.2077 0 0.01742)
(0.2144 0 0.01742)
(0.2211 0 0.01742)
(0.2278 0 0.01742)
(0.2345 0 0.01742)
(0.2412 0 0.01742)
(0.2479 0 0.01742)
(0.2546 0 0.01742)
(0.2613 0 0.01742)
(0.268 0 0.01742)
(0.2747 0 0.01742)
(0.2814 0 0.01742)
(0.2881 0 0.01742)
(0.2948 0 0.01742)
(0.3015 0 0.01742)
(0.3082 0 0.01742)
(0.3149 0 0.01742)
(0.3216 0 0.01742)
(0.3283 0 0.01742)
(0.335 0 0.01742)
(0 0.0335 0.01742)
(0.0067 0.0335 0.01742)
(0.0134 0.0335 0.01742)
(0.0201 0.0335 0.01742)
(0.0268 0.0335 0.01742)
(0.0335 0.0335 0.01742)
(0.0402 0.0335 0.01742)
(0.0469 0.0335 0.01742)
(0.0536 0.0335 0.01742)
(0.0603 0.0335 0.01742)
(0.067 0.0335 0.01742)
(0.0737 0.0335 0.01742)
(0.0804 0.0335 0.01742)
(0.0871 0.0335 0.01742)
(0.0938 0.0335 0.01742)
(0.1005 0.0335 0.01742)
(0.1072 0.0335 0.01742)
(0.1139 0.0335 0.01742)
(0.1206 0.0335 0.01742)
(0.1273 0.0335 0.01742)
(0.134 0.0335 0.01742)
(0.1407 0.0335 0.01742)
(0.1474 0.0335 0.01742)
(0.1541 0.0335 0.01742)
(0.1608 0.0335 0.01742)
(0.1675 0.0335 0.01742)
(0.1742 0.0335 0.01742)
(0.1809 0.0335 0.01742)
(0.1876 0.0335 0.01742)
(0.1943 0.0335 0.01742)
(0.201 0.0335 0.01742)
(0.2077 0.0335 0.01742)
(0.2144 0.0335 0.01742)
(0.2211 0.0335 0.01742)
(0.2278 0.0335 0.01742)
(0.2345 0.0335 0.01742)
(0.2412 0.0335 0.01742)
(0.2479 0.0335 0.01742)
(0.2546 0.0335 0.01742)
(0.2613 0.0335 0.01742)
(0.268 0.0335 0.01742)
(0.2747 0.0335 0.01742)
(0.2814 0.0335 0.01742)
(0.2881 0.0335 0.01742)
(0.2948 0.0335 0.01742)
(0.3015 0.0335 0.01742)
(0.3082 0.0335 0.01742)
(0.3149 0.0335 0.01742)
(0.3216 0.0335 0.01742)
(0.3283 0.0335 0.01742)
(0.335 0.0335 0.01742)
(0 0 0.01876)
(0.0067 0 0.01876)
(0.0134 0 0.01876)
(0.0201 0 0.01876)
(0.0268 0 0.01876)
(0.0335 0 0.01876)
(0.0402 0 0.01876)
(0.0469 0 0.01876)
(0.0536 0 0.01876)
(0.0603 0 0.01876)
(0.067 0 0.01876)
(0.0737 0 0.01876)
(0.0804 0 0.01876)
(0.0871 0 0.01876)
(0.0938 0 0.01876)
(0.1005 0 0.01876)
(0.1072 0 0.01876)
(0.1139 0 0.01876)
(0.1206 0 0.01876)
(0.1273 0 0.01876)
(0.134 0 0.01876)
(0.1407 0 0.01876)
(0.1474 0 0.01876)
(0.1541 0 0.01876)
(0.1608 0 0.01876)
(0.1675 0 0.01876)
(0.1742 0 0.01876)
(0.1809 0 0.01876)
(0.1876 0 0.01876)
(0.1943 0 0.01876)
(0.201 0 0.01876)
(0.2077 0 0.01876)
(0.2144 0 0.01876)
(0.2211 0 0.01876)
(0.2278 0 0.01876)
(0.2345 0 0.01876)
(0.2412 0 0.01876)
(0.2479 0 0.01876)
(0.2546 0 0.01876)
(0.2613 0 0.01876)
(0.268 0 0.01876)
(0.2747 0 0.01876)
(0.2814 0 0.01876)
(0.2881 0 0.01876)
(0.2948 0 0.01876)
(0.3015 0 0.01876)
(0.3082 0 0.01876)
(0.3149 0 0.01876)
(0.3216 0 0.01876)
(0.3283 0 0.01876)
(0.335 0 0.01876)
(0 0.0335 0.01876)
(0.0067 0.0335 0.01876)
(0.0134 0.0335 0.01876)
(0.0201 0.0335 0.01876)
(0.0268 0.0335 0.01876)
(0.0335 0.0335 0.01876)
(0.0402 0.0335 0.01876)
(0.0469 0.0335 0.01876)
(0.0536 0.0335 0.01876)
(0.0603 0.0335 0.01876)
(0.067 0.0335 0.01876)
(0.0737 0.0335 0.01876)
(0.0804 0.0335 0.01876)
(0.0871 0.0335 0.01876)
(0.0938 0.0335 0.01876)
(0.1005 0.0335 0.01876)
(0.1072 0.0335 0.01876)
(0.1139 0.0335 0.01876)
(0.1206 0.0335 0.01876)
(0.1273 0.0335 0.01876)
(0.134 0.0335 0.01876)
(0.1407 0.0335 0.01876)
(0.1474 0.0335 0.01876)
(0.1541 0.0335 0.01876)
(0.1608 0.0335 0.01876)
(0.1675 0.0335 0.01876)
(0.1742 0.0335 0.01876)
(0.1809 0.0335 0.01876)
(0.1876 0.0335 0.01876)
(0.1943 0.0335 0.01876)
(0.201 0.0335 0.01876)
(0.2077 0.0335 0.01876)
(0.2144 0.0335 0.01876)
(0.2211 0.0335 0.01876)
(0.2278 0.0335 0.01876)
(0.2345 0.0335 0.01876)
(0.2412 0.0335 0.01876)
(0.2479 0.0335 0.01876)
(0.2546 0.0335 0.01876)
(0.2613 0.0335 0.01876)
(0.268 0.0335 0.01876)
(0.2747 0.0335 0.01876)
(0.2814 0.0335 0.01876)
(0.2881 0.0335 0.01876)
(0.2948 0.0335 0.01876)
(0.3015 0.0335 0.01876)
(0.3082 0.0335 0.01876)
(0.3149 0.0335 0.01876)
(0.3216 0.0335 0.01876)
(0.3283 0.0335 0.01876)
(0.335 0.0335 0.01876)
(0 0 0.0201)
(0.0067 0 0.0201)
(0.0134 0 0.0201)
(0.0201 0 0.0201)
(0.0268 0 0.0201)
(0.0335 0 0.0201)
(0.0402 0 0.0201)
(0.0469 0 0.0201)
(0.0536 0 0.0201)
(0.0603 0 0.0201)
(0.067 0 0.0201)
(0.0737 0 0.0201)
(0.0804 0 0.0201)
(0.0871 0 0.0201)
(0.0938 0 0.0201)
(0.1005 0 0.0201)
(0.1072 0 0.0201)
(0.1139 0 0.0201)
(0.1206 0 0.0201)
(0.1273 0 0.0201)
(0.134 0 0.0201)
(0.1407 0 0.0201)
(0.1474 0 0.0201)
(0.1541 0 0.0201)
(0.1608 0 0.0201)
(0.1675 0 0.0201)
(0.1742 0 0.0201)
(0.1809 0 0.0201)
(0.1876 0 0.0201)
(0.1943 0 0.0201)
(0.201 0 0.0201)
(0.2077 0 0.0201)
(0.2144 0 0.0201)
(0.2211 0 0.0201)
(0.2278 0 0.0201)
(0.2345 0 0.0201)
(0.2412 0 0.0201)
(0.2479 0 0.0201)
(0.2546 0 0.0201)
(0.2613 0 0.0201)
(0.268 0 0.0201)
(0.2747 0 0.0201)
(0.2814 0 0.0201)
(0.2881 0 0.0201)
(0.2948 0 0.0201)
(0.3015 0 0.0201)
(0.3082 0 0.0201)
(0.3149 0 0.0201)
(0.3216 0 0.0201)
(0.3283 0 0.0201)
(0.335 0 0.0201)
(0 0.0335 0.0201)
(0.0067 0.0335 0.0201)
(0.0134 0.0335 0.0201)
(0.0201 0.0335 0.0201)
(0.0268 0.0335 0.0201)
(0.0335 0.0335 0.0201)
(0.0402 0.0335 0.0201)
(0.0469 0.0335 0.0201)
(0.0536 0.0335 0.0201)
(0.0603 0.0335 0.0201)
(0.067 0.0335 0.0201)
(0.0737 0.0335 0.0201)
(0.0804 0.0335 0.0201)
(0.0871 0.0335 0.0201)
(0.0938 0.0335 0.0201)
(0.1005 0.0335 0.0201)
(0.1072 0.0335 0.0201)
(0.1139 0.0335 0.0201)
(0.1206 0.0335 0.0201)
(0.1273 0.0335 0.0201)
(0.134 0.0335 0.0201)
(0.1407 0.0335 0.0201)
(0.1474 0.0335 0.0201)
(0.1541 0.0335 0.0201)
(0.1608 0.0335 0.0201)
(0.1675 0.0335 0.0201)
(0.1742 0.0335 0.0201)
(0.1809 0.0335 0.0201)
(0.1876 0.0335 0.0201)
(0.1943 0.0335 0.0201)
(0.201 0.0335 0.0201)
(0.2077 0.0335 0.0201)
(0.2144 0.0335 0.0201)
(0.2211 0.0335 0.0201)
(0.2278 0.0335 0.0201)
(0.2345 0.0335 0.0201)
(0.2412 0.0335 0.0201)
(0.2479 0.0335 0.0201)
(0.2546 0.0335 0.0201)
(0.2613 0.0335 0.0201)
(0.268 0.0335 0.0201)
(0.2747 0.0335 0.0201)
(0.2814 0.0335 0.0201)
(0.2881 0.0335 0.0201)
(0.2948 0.0335 0.0201)
(0.3015 0.0335 0.0201)
(0.3082 0.0335 0.0201)
(0.3149 0.0335 0.0201)
(0.3216 0.0335 0.0201)
(0.3283 0.0335 0.0201)
(0.335 0.0335 0.0201)
(0 0 0.02144)
(0.0067 0 0.02144)
(0.0134 0 0.02144)
(0.0201 0 0.02144)
(0.0268 0 0.02144)
(0.0335 0 0.02144)
(0.0402 0 0.02144)
(0.0469 0 0.02144)
(0.0536 0 0.02144)
(0.0603 0 0.02144)
(0.067 0 0.02144)
(0.0737 0 0.02144)
(0.0804 0 0.02144)
(0.0871 0 0.02144)
(0.0938 0 0.02144)
(0.1005 0 0.02144)
(0.1072 0 0.02144)
(0.1139 0 0.02144)
(0.1206 0 0.02144)
(0.1273 0 0.02144)
(0.134 0 0.02144)
(0.1407 0 0.02144)
(0.1474 0 0.02144)
(0.1541 0 0.02144)
(0.1608 0 0.02144)
(0.1675 0 0.02144)
(0.1742 0 0.02144)
(0.1809 0 0.02144)
(0.1876 0 0.02144)
(0.1943 0 0.02144)
(0.201 0 0.02144)
(0.2077 0 0.02144)
(0.2144 0 0.02144)
(0.2211 0 0.02144)
(0.2278 0 0.02144)
(0.2345 0 0.02144)
(0.2412 0 0.02144)
(0.2479 0 0.02144)
(0.2546 0 0.02144)
(0.2613 0 0.02144)
(0.268 0 0.02144)
(0.2747 0 0.02144)
(0.2814 0 0.02144)
(0.2881 0 0.02144)
(0.2948 0 0.02144)
(0.3015 0 0.02144)
(0.3082 0 0.02144)
(0.3149 0 0.02144)
(0.3216 0 0.02144)
(0.3283 0 0.02144)
(0.335 0 0.02144)
(0 0.0335 0.02144)
(0.0067 0.0335 0.02144)
(0.0134 0.0335 0.02144)
(0.0201 0.0335 0.02144)
(0.0268 0.0335 0.02144)
(0.0335 0.0335 0.02144)
(0.0402 0.0335 0.02144)
(0.0469 0.0335 0.02144)
(0.0536 0.0335 0.02144)
(0.0603 0.0335 0.02144)
(0.067 0.0335 0.02144)
(0.0737 0.0335 0.02144)
(0.0804 0.0335 0.02144)
(0.0871 0.0335 0.02144)
(0.0938 0.0335 0.02144)
(0.1005 0.0335 0.02144)
(0.1072 0.0335 0.02144)
(0.1139 0.0335 0.02144)
(0.1206 0.0335 0.02144)
(0.1273 0.0335 0.02144)
(0.134 0.0335 0.02144)
(0.1407 0.0335 0.02144)
(0.1474 0.0335 0.02144)
(0.1541 0.0335 0.02144)
(0.1608 0.0335 0.02144)
(0.1675 0.0335 0.02144)
(0.1742 0.0335 0.02144)
(0.1809 0.0335 0.02144)
(0.1876 0.0335 0.02144)
(0.1943 0.0335 0.02144)
(0.201 0.0335 0.02144)
(0.2077 0.0335 0.02144)
(0.2144 0.0335 0.02144)
(0.2211 0.0335 0.02144)
(0.2278 0.0335 0.02144)
(0.2345 0.0335 0.02144)
(0.2412 0.0335 0.02144)
(0.2479 0.0335 0.02144)
(0.2546 0.0335 0.02144)
(0.2613 0.0335 0.02144)
(0.268 0.0335 0.02144)
(0.2747 0.0335 0.02144)
(0.2814 0.0335 0.02144)
(0.2881 0.0335 0.02144)
(0.2948 0.0335 0.02144)
(0.3015 0.0335 0.02144)
(0.3082 0.0335 0.02144)
(0.3149 0.0335 0.02144)
(0.3216 0.0335 0.02144)
(0.3283 0.0335 0.02144)
(0.335 0.0335 0.02144)
(0 0 0.02278)
(0.0067 0 0.02278)
(0.0134 0 0.02278)
(0.0201 0 0.02278)
(0.0268 0 0.02278)
(0.0335 0 0.02278)
(0.0402 0 0.02278)
(0.0469 0 0.02278)
(0.0536 0 0.02278)
(0.0603 0 0.02278)
(0.067 0 0.02278)
(0.0737 0 0.02278)
(0.0804 0 0.02278)
(0.0871 0 0.02278)
(0.0938 0 0.02278)
(0.1005 0 0.02278)
(0.1072 0 0.02278)
(0.1139 0 0.02278)
(0.1206 0 0.02278)
(0.1273 0 0.02278)
(0.134 0 0.02278)
(0.1407 0 0.02278)
(0.1474 0 0.02278)
(0.1541 0 0.02278)
(0.1608 0 0.02278)
(0.1675 0 0.02278)
(0.1742 0 0.02278)
(0.1809 0 0.02278)
(0.1876 0 0.02278)
(0.1943 0 0.02278)
(0.201 0 0.02278)
(0.2077 0 0.02278)
(0.2144 0 0.02278)
(0.2211 0 0.02278)
(0.2278 0 0.02278)
(0.2345 0 0.02278)
(0.2412 0 0.02278)
(0.2479 0 0.02278)
(0.2546 0 0.02278)
(0.2613 0 0.02278)
(0.268 0 0.02278)
(0.2747 0 0.02278)
(0.2814 0 0.02278)
(0.2881 0 0.02278)
(0.2948 0 0.02278)
(0.3015 0 0.02278)
(0.3082 0 0.02278)
(0.3149 0 0.02278)
(0.3216 0 0.02278)
(0.3283 0 0.02278)
(0.335 0 0.02278)
(0 0.0335 0.02278)
(0.0067 0.0335 0.02278)
(0.0134 0.0335 0.02278)
(0.0201 0.0335 0.02278)
(0.0268 0.0335 0.02278)
(0.0335 0.0335 0.02278)
(0.0402 0.0335 0.02278)
(0.0469 0.0335 0.02278)
(0.0536 0.0335 0.02278)
(0.0603 0.0335 0.02278)
(0.067 0.0335 0.02278)
(0.0737 0.0335 0.02278)
(0.0804 0.0335 0.02278)
(0.0871 0.0335 0.02278)
(0.0938 0.0335 0.02278)
(0.1005 0.0335 0.02278)
(0.1072 0.0335 0.02278)
(0.1139 0.0335 0.02278)
(0.1206 0.0335 0.02278)
(0.1273 0.0335 0.02278)
(0.134 0.0335 0.02278)
(0.1407 0.0335 0.02278)
(0.1474 0.0335 0.02278)
(0.1541 0.0335 0.02278)
(0.1608 0.0335 0.02278)
(0.1675 0.0335 0.02278)
(0.1742 0.0335 0.02278)
(0.1809 0.0335 0.02278)
(0.1876 0.0335 0.02278)
(0.1943 0.0335 0.02278)
(0.201 0.0335 0.02278)
(0.2077 0.0335 0.02278)
(0.2144 0.0335 0.02278)
(0.2211 0.0335 0.02278)
(0.2278 0.0335 0.02278)
(0.2345 0.0335 0.02278)
(0.2412 0.0335 0.02278)
(0.2479 0.0335 0.02278)
(0.2546 0.0335 0.02278)
(0.2613 0.0335 0.02278)
(0.268 0.0335 0.02278)
(0.2747 0.0335 0.02278)
(0.2814 0.0335 0.02278)
(0.2881 0.0335 0.02278)
(0.2948 0.0335 0.02278)
(0.3015 0.0335 0.02278)
(0.3082 0.0335 0.02278)
(0.3149 0.0335 0.02278)
(0.3216 0.0335 0.02278)
(0.3283 0.0335 0.02278)
(0.335 0.0335 0.02278)
(0 0 0.02412)
(0.0067 0 0.02412)
(0.0134 0 0.02412)
(0.0201 0 0.02412)
(0.0268 0 0.02412)
(0.0335 0 0.02412)
(0.0402 0 0.02412)
(0.0469 0 0.02412)
(0.0536 0 0.02412)
(0.0603 0 0.02412)
(0.067 0 0.02412)
(0.0737 0 0.02412)
(0.0804 0 0.02412)
(0.0871 0 0.02412)
(0.0938 0 0.02412)
(0.1005 0 0.02412)
(0.1072 0 0.02412)
(0.1139 0 0.02412)
(0.1206 0 0.02412)
(0.1273 0 0.02412)
(0.134 0 0.02412)
(0.1407 0 0.02412)
(0.1474 0 0.02412)
(0.1541 0 0.02412)
(0.1608 0 0.02412)
(0.1675 0 0.02412)
(0.1742 0 0.02412)
(0.1809 0 0.02412)
(0.1876 0 0.02412)
(0.1943 0 0.02412)
(0.201 0 0.02412)
(0.2077 0 0.02412)
(0.2144 0 0.02412)
(0.2211 0 0.02412)
(0.2278 0 0.02412)
(0.2345 0 0.02412)
(0.2412 0 0.02412)
(0.2479 0 0.02412)
(0.2546 0 0.02412)
(0.2613 0 0.02412)
(0.268 0 0.02412)
(0.2747 0 0.02412)
(0.2814 0 0.02412)
(0.2881 0 0.02412)
(0.2948 0 0.02412)
(0.3015 0 0.02412)
(0.3082 0 0.02412)
(0.3149 0 0.02412)
(0.3216 0 0.02412)
(0.3283 0 0.02412)
(0.335 0 0.02412)
(0 0.0335 0.02412)
(0.0067 0.0335 0.02412)
(0.0134 0.0335 0.02412)
(0.0201 0.0335 0.02412)
(0.0268 0.0335 0.02412)
(0.0335 0.0335 0.02412)
(0.0402 0.0335 0.02412)
(0.0469 0.0335 0.02412)
(0.0536 0.0335 0.02412)
(0.0603 0.0335 0.02412)
(0.067 0.0335 0.02412)
(0.0737 0.0335 0.02412)
(0.0804 0.0335 0.02412)
(0.0871 0.0335 0.02412)
(0.0938 0.0335 0.02412)
(0.1005 0.0335 0.02412)
(0.1072 0.0335 0.02412)
(0.1139 0.0335 0.02412)
(0.1206 0.0335 0.02412)
(0.1273 0.0335 0.02412)
(0.134 0.0335 0.02412)
(0.1407 0.0335 0.02412)
(0.1474 0.0335 0.02412)
(0.1541 0.0335 0.02412)
(0.1608 0.0335 0.02412)
(0.1675 0.0335 0.02412)
(0.1742 0.0335 0.02412)
(0.1809 0.0335 0.02412)
(0.1876 0.0335 0.02412)
(0.1943 0.0335 0.02412)
(0.201 0.0335 0.02412)
(0.2077 0.0335 0.02412)
(0.2144 0.0335 0.02412)
(0.2211 0.0335 0.02412)
(0.2278 0.0335 0.02412)
(0.2345 0.0335 0.02412)
(0.2412 0.0335 0.02412)
(0.2479 0.0335 0.02412)
(0.2546 0.0335 0.02412)
(0.2613 0.0335 0.02412)
(0.268 0.0335 0.02412)
(0.2747 0.0335 0.02412)
(0.2814 0.0335 0.02412)
(0.2881 0.0335 0.02412)
(0.2948 0.0335 0.02412)
(0.3015 0.0335 0.02412)
(0.3082 0.0335 0.02412)
(0.3149 0.0335 0.02412)
(0.3216 0.0335 0.02412)
(0.3283 0.0335 0.02412)
(0.335 0.0335 0.02412)
(0 0 0.02546)
(0.0067 0 0.02546)
(0.0134 0 0.02546)
(0.0201 0 0.02546)
(0.0268 0 0.02546)
(0.0335 0 0.02546)
(0.0402 0 0.02546)
(0.0469 0 0.02546)
(0.0536 0 0.02546)
(0.0603 0 0.02546)
(0.067 0 0.02546)
(0.0737 0 0.02546)
(0.0804 0 0.02546)
(0.0871 0 0.02546)
(0.0938 0 0.02546)
(0.1005 0 0.02546)
(0.1072 0 0.02546)
(0.1139 0 0.02546)
(0.1206 0 0.02546)
(0.1273 0 0.02546)
(0.134 0 0.02546)
(0.1407 0 0.02546)
(0.1474 0 0.02546)
(0.1541 0 0.02546)
(0.1608 0 0.02546)
(0.1675 0 0.02546)
(0.1742 0 0.02546)
(0.1809 0 0.02546)
(0.1876 0 0.02546)
(0.1943 0 0.02546)
(0.201 0 0.02546)
(0.2077 0 0.02546)
(0.2144 0 0.02546)
(0.2211 0 0.02546)
(0.2278 0 0.02546)
(0.2345 0 0.02546)
(0.2412 0 0.02546)
(0.2479 0 0.02546)
(0.2546 0 0.02546)
(0.2613 0 0.02546)
(0.268 0 0.02546)
(0.2747 0 0.02546)
(0.2814 0 0.02546)
(0.2881 0 0.02546)
(0.2948 0 0.02546)
(0.3015 0 0.02546)
(0.3082 0 0.02546)
(0.3149 0 0.02546)
(0.3216 0 0.02546)
(0.3283 0 0.02546)
(0.335 0 0.02546)
(0 0.0335 0.02546)
(0.0067 0.0335 0.02546)
(0.0134 0.0335 0.02546)
(0.0201 0.0335 0.02546)
(0.0268 0.0335 0.02546)
(0.0335 0.0335 0.02546)
(0.0402 0.0335 0.02546)
(0.0469 0.0335 0.02546)
(0.0536 0.0335 0.02546)
(0.0603 0.0335 0.02546)
(0.067 0.0335 0.02546)
(0.0737 0.0335 0.02546)
(0.0804 0.0335 0.02546)
(0.0871 0.0335 0.02546)
(0.0938 0.0335 0.02546)
(0.1005 0.0335 0.02546)
(0.1072 0.0335 0.02546)
(0.1139 0.0335 0.02546)
(0.1206 0.0335 0.02546)
(0.1273 0.0335 0.02546)
(0.134 0.0335 0.02546)
(0.1407 0.0335 0.02546)
(0.1474 0.0335 0.02546)
(0.1541 0.0335 0.02546)
(0.1608 0.0335 0.02546)
(0.1675 0.0335 0.02546)
(0.1742 0.0335 0.02546)
(0.1809 0.0335 0.02546)
(0.1876 0.0335 0.02546)
(0.1943 0.0335 0.02546)
(0.201 0.0335 0.02546)
(0.2077 0.0335 0.02546)
(0.2144 0.0335 0.02546)
(0.2211 0.0335 0.02546)
(0.2278 0.0335 0.02546)
(0.2345 0.0335 0.02546)
(0.2412 0.0335 0.02546)
(0.2479 0.0335 0.02546)
(0.2546 0.0335 0.02546)
(0.2613 0.0335 0.02546)
(0.268 0.0335 0.02546)
(0.2747 0.0335 0.02546)
(0.2814 0.0335 0.02546)
(0.2881 0.0335 0.02546)
(0.2948 0.0335 0.02546)
(0.3015 0.0335 0.02546)
(0.3082 0.0335 0.02546)
(0.3149 0.0335 0.02546)
(0.3216 0.0335 0.02546)
(0.3283 0.0335 0.02546)
(0.335 0.0335 0.02546)
(0 0 0.0268)
(0.0067 0 0.0268)
(0.0134 0 0.0268)
(0.0201 0 0.0268)
(0.0268 0 0.0268)
(0.0335 0 0.0268)
(0.0402 0 0.0268)
(0.0469 0 0.0268)
(0.0536 0 0.0268)
(0.0603 0 0.0268)
(0.067 0 0.0268)
(0.0737 0 0.0268)
(0.0804 0 0.0268)
(0.0871 0 0.0268)
(0.0938 0 0.0268)
(0.1005 0 0.0268)
(0.1072 0 0.0268)
(0.1139 0 0.0268)
(0.1206 0 0.0268)
(0.1273 0 0.0268)
(0.134 0 0.0268)
(0.1407 0 0.0268)
(0.1474 0 0.0268)
(0.1541 0 0.0268)
(0.1608 0 0.0268)
(0.1675 0 0.0268)
(0.1742 0 0.0268)
(0.1809 0 0.0268)
(0.1876 0 0.0268)
(0.1943 0 0.0268)
(0.201 0 0.0268)
(0.2077 0 0.0268)
(0.2144 0 0.0268)
(0.2211 0 0.0268)
(0.2278 0 0.0268)
(0.2345 0 0.0268)
(0.2412 0 0.0268)
(0.2479 0 0.0268)
(0.2546 0 0.0268)
(0.2613 0 0.0268)
(0.268 0 0.0268)
(0.2747 0 0.0268)
(0.2814 0 0.0268)
(0.2881 0 0.0268)
(0.2948 0 0.0268)
(0.3015 0 0.0268)
(0.3082 0 0.0268)
(0.3149 0 0.0268)
(0.3216 0 0.0268)
(0.3283 0 0.0268)
(0.335 0 0.0268)
(0 0.0335 0.0268)
(0.0067 0.0335 0.0268)
(0.0134 0.0335 0.0268)
(0.0201 0.0335 0.0268)
(0.0268 0.0335 0.0268)
(0.0335 0.0335 0.0268)
(0.0402 0.0335 0.0268)
(0.0469 0.0335 0.0268)
(0.0536 0.0335 0.0268)
(0.0603 0.0335 0.0268)
(0.067 0.0335 0.0268)
(0.0737 0.0335 0.0268)
(0.0804 0.0335 0.0268)
(0.0871 0.0335 0.0268)
(0.0938 0.0335 0.0268)
(0.1005 0.0335 0.0268)
(0.1072 0.0335 0.0268)
(0.1139 0.0335 0.0268)
(0.1206 0.0335 0.0268)
(0.1273 0.0335 0.0268)
(0.134 0.0335 0.0268)
(0.1407 0.0335 0.0268)
(0.1474 0.0335 0.0268)
(0.1541 0.0335 0.0268)
(0.1608 0.0335 0.0268)
(0.1675 0.0335 0.0268)
(0.1742 0.0335 0.0268)
(0.1809 0.0335 0.0268)
(0.1876 0.0335 0.0268)
(0.1943 0.0335 0.0268)
(0.201 0.0335 0.0268)
(0.2077 0.0335 0.0268)
(0.2144 0.0335 0.0268)
(0.2211 0.0335 0.0268)
(0.2278 0.0335 0.0268)
(0.2345 0.0335 0.0268)
(0.2412 0.0335 0.0268)
(0.2479 0.0335 0.0268)
(0.2546 0.0335 0.0268)
(0.2613 0.0335 0.0268)
(0.268 0.0335 0.0268)
(0.2747 0.0335 0.0268)
(0.2814 0.0335 0.0268)
(0.2881 0.0335 0.0268)
(0.2948 0.0335 0.0268)
(0.3015 0.0335 0.0268)
(0.3082 0.0335 0.0268)
(0.3149 0.0335 0.0268)
(0.3216 0.0335 0.0268)
(0.3283 0.0335 0.0268)
(0.335 0.0335 0.0268)
(0 0 0.02814)
(0.0067 0 0.02814)
(0.0134 0 0.02814)
(0.0201 0 0.02814)
(0.0268 0 0.02814)
(0.0335 0 0.02814)
(0.0402 0 0.02814)
(0.0469 0 0.02814)
(0.0536 0 0.02814)
(0.0603 0 0.02814)
(0.067 0 0.02814)
(0.0737 0 0.02814)
(0.0804 0 0.02814)
(0.0871 0 0.02814)
(0.0938 0 0.02814)
(0.1005 0 0.02814)
(0.1072 0 0.02814)
(0.1139 0 0.02814)
(0.1206 0 0.02814)
(0.1273 0 0.02814)
(0.134 0 0.02814)
(0.1407 0 0.02814)
(0.1474 0 0.02814)
(0.1541 0 0.02814)
(0.1608 0 0.02814)
(0.1675 0 0.02814)
(0.1742 0 0.02814)
(0.1809 0 0.02814)
(0.1876 0 0.02814)
(0.1943 0 0.02814)
(0.201 0 0.02814)
(0.2077 0 0.02814)
(0.2144 0 0.02814)
(0.2211 0 0.02814)
(0.2278 0 0.02814)
(0.2345 0 0.02814)
(0.2412 0 0.02814)
(0.2479 0 0.02814)
(0.2546 0 0.02814)
(0.2613 0 0.02814)
(0.268 0 0.02814)
(0.2747 0 0.02814)
(0.2814 0 0.02814)
(0.2881 0 0.02814)
(0.2948 0 0.02814)
(0.3015 0 0.02814)
(0.3082 0 0.02814)
(0.3149 0 0.02814)
(0.3216 0 0.02814)
(0.3283 0 0.02814)
(0.335 0 0.02814)
(0 0.0335 0.02814)
(0.0067 0.0335 0.02814)
(0.0134 0.0335 0.02814)
(0.0201 0.0335 0.02814)
(0.0268 0.0335 0.02814)
(0.0335 0.0335 0.02814)
(0.0402 0.0335 0.02814)
(0.0469 0.0335 0.02814)
(0.0536 0.0335 0.02814)
(0.0603 0.0335 0.02814)
(0.067 0.0335 0.02814)
(0.0737 0.0335 0.02814)
(0.0804 0.0335 0.02814)
(0.0871 0.0335 0.02814)
(0.0938 0.0335 0.02814)
(0.1005 0.0335 0.02814)
(0.1072 0.0335 0.02814)
(0.1139 0.0335 0.02814)
(0.1206 0.0335 0.02814)
(0.1273 0.0335 0.02814)
(0.134 0.0335 0.02814)
(0.1407 0.0335 0.02814)
(0.1474 0.0335 0.02814)
(0.1541 0.0335 0.02814)
(0.1608 0.0335 0.02814)
(0.1675 0.0335 0.02814)
(0.1742 0.0335 0.02814)
(0.1809 0.0335 0.02814)
(0.1876 0.0335 0.02814)
(0.1943 0.0335 0.02814)
(0.201 0.0335 0.02814)
(0.2077 0.0335 0.02814)
(0.2144 0.0335 0.02814)
(0.2211 0.0335 0.02814)
(0.2278 0.0335 0.02814)
(0.2345 0.0335 0.02814)
(0.2412 0.0335 0.02814)
(0.2479 0.0335 0.02814)
(0.2546 0.0335 0.02814)
(0.2613 0.0335 0.02814)
(0.268 0.0335 0.02814)
(0.2747 0.0335 0.02814)
(0.2814 0.0335 0.02814)
(0.2881 0.0335 0.02814)
(0.2948 0.0335 0.02814)
(0.3015 0.0335 0.02814)
(0.3082 0.0335 0.02814)
(0.3149 0.0335 0.02814)
(0.3216 0.0335 0.02814)
(0.3283 0.0335 0.02814)
(0.335 0.0335 0.02814)
(0 0 0.02948)
(0.0067 0 0.02948)
(0.0134 0 0.02948)
(0.0201 0 0.02948)
(0.0268 0 0.02948)
(0.0335 0 0.02948)
(0.0402 0 0.02948)
(0.0469 0 0.02948)
(0.0536 0 0.02948)
(0.0603 0 0.02948)
(0.067 0 0.02948)
(0.0737 0 0.02948)
(0.0804 0 0.02948)
(0.0871 0 0.02948)
(0.0938 0 0.02948)
(0.1005 0 0.02948)
(0.1072 0 0.02948)
(0.1139 0 0.02948)
(0.1206 0 0.02948)
(0.1273 0 0.02948)
(0.134 0 0.02948)
(0.1407 0 0.02948)
(0.1474 0 0.02948)
(0.1541 0 0.02948)
(0.1608 0 0.02948)
(0.1675 0 0.02948)
(0.1742 0 0.02948)
(0.1809 0 0.02948)
(0.1876 0 0.02948)
(0.1943 0 0.02948)
(0.201 0 0.02948)
(0.2077 0 0.02948)
(0.2144 0 0.02948)
(0.2211 0 0.02948)
(0.2278 0 0.02948)
(0.2345 0 0.02948)
(0.2412 0 0.02948)
(0.2479 0 0.02948)
(0.2546 0 0.02948)
(0.2613 0 0.02948)
(0.268 0 0.02948)
(0.2747 0 0.02948)
(0.2814 0 0.02948)
(0.2881 0 0.02948)
(0.2948 0 0.02948)
(0.3015 0 0.02948)
(0.3082 0 0.02948)
(0.3149 0 0.02948)
(0.3216 0 0.02948)
(0.3283 0 0.02948)
(0.335 0 0.02948)
(0 0.0335 0.02948)
(0.0067 0.0335 0.02948)
(0.0134 0.0335 0.02948)
(0.0201 0.0335 0.02948)
(0.0268 0.0335 0.02948)
(0.0335 0.0335 0.02948)
(0.0402 0.0335 0.02948)
(0.0469 0.0335 0.02948)
(0.0536 0.0335 0.02948)
(0.0603 0.0335 0.02948)
(0.067 0.0335 0.02948)
(0.0737 0.0335 0.02948)
(0.0804 0.0335 0.02948)
(0.0871 0.0335 0.02948)
(0.0938 0.0335 0.02948)
(0.1005 0.0335 0.02948)
(0.1072 0.0335 0.02948)
(0.1139 0.0335 0.02948)
(0.1206 0.0335 0.02948)
(0.1273 0.0335 0.02948)
(0.134 0.0335 0.02948)
(0.1407 0.0335 0.02948)
(0.1474 0.0335 0.02948)
(0.1541 0.0335 0.02948)
(0.1608 0.0335 0.02948)
(0.1675 0.0335 0.02948)
(0.1742 0.0335 0.02948)
(0.1809 0.0335 0.02948)
(0.1876 0.0335 0.02948)
(0.1943 0.0335 0.02948)
(0.201 0.0335 0.02948)
(0.2077 0.0335 0.02948)
(0.2144 0.0335 0.02948)
(0.2211 0.0335 0.02948)
(0.2278 0.0335 0.02948)
(0.2345 0.0335 0.02948)
(0.2412 0.0335 0.02948)
(0.2479 0.0335 0.02948)
(0.2546 0.0335 0.02948)
(0.2613 0.0335 0.02948)
(0.268 0.0335 0.02948)
(0.2747 0.0335 0.02948)
(0.2814 0.0335 0.02948)
(0.2881 0.0335 0.02948)
(0.2948 0.0335 0.02948)
(0.3015 0.0335 0.02948)
(0.3082 0.0335 0.02948)
(0.3149 0.0335 0.02948)
(0.3216 0.0335 0.02948)
(0.3283 0.0335 0.02948)
(0.335 0.0335 0.02948)
(0 0 0.03082)
(0.0067 0 0.03082)
(0.0134 0 0.03082)
(0.0201 0 0.03082)
(0.0268 0 0.03082)
(0.0335 0 0.03082)
(0.0402 0 0.03082)
(0.0469 0 0.03082)
(0.0536 0 0.03082)
(0.0603 0 0.03082)
(0.067 0 0.03082)
(0.0737 0 0.03082)
(0.0804 0 0.03082)
(0.0871 0 0.03082)
(0.0938 0 0.03082)
(0.1005 0 0.03082)
(0.1072 0 0.03082)
(0.1139 0 0.03082)
(0.1206 0 0.03082)
(0.1273 0 0.03082)
(0.134 0 0.03082)
(0.1407 0 0.03082)
(0.1474 0 0.03082)
(0.1541 0 0.03082)
(0.1608 0 0.03082)
(0.1675 0 0.03082)
(0.1742 0 0.03082)
(0.1809 0 0.03082)
(0.1876 0 0.03082)
(0.1943 0 0.03082)
(0.201 0 0.03082)
(0.2077 0 0.03082)
(0.2144 0 0.03082)
(0.2211 0 0.03082)
(0.2278 0 0.03082)
(0.2345 0 0.03082)
(0.2412 0 0.03082)
(0.2479 0 0.03082)
(0.2546 0 0.03082)
(0.2613 0 0.03082)
(0.268 0 0.03082)
(0.2747 0 0.03082)
(0.2814 0 0.03082)
(0.2881 0 0.03082)
(0.2948 0 0.03082)
(0.3015 0 0.03082)
(0.3082 0 0.03082)
(0.3149 0 0.03082)
(0.3216 0 0.03082)
(0.3283 0 0.03082)
(0.335 0 0.03082)
(0 0.0335 0.03082)
(0.0067 0.0335 0.03082)
(0.0134 0.0335 0.03082)
(0.0201 0.0335 0.03082)
(0.0268 0.0335 0.03082)
(0.0335 0.0335 0.03082)
(0.0402 0.0335 0.03082)
(0.0469 0.0335 0.03082)
(0.0536 0.0335 0.03082)
(0.0603 0.0335 0.03082)
(0.067 0.0335 0.03082)
(0.0737 0.0335 0.03082)
(0.0804 0.0335 0.03082)
(0.0871 0.0335 0.03082)
(0.0938 0.0335 0.03082)
(0.1005 0.0335 0.03082)
(0.1072 0.0335 0.03082)
(0.1139 0.0335 0.03082)
(0.1206 0.0335 0.03082)
(0.1273 0.0335 0.03082)
(0.134 0.0335 0.03082)
(0.1407 0.0335 0.03082)
(0.1474 0.0335 0.03082)
(0.1541 0.0335 0.03082)
(0.1608 0.0335 0.03082)
(0.1675 0.0335 0.03082)
(0.1742 0.0335 0.03082)
(0.1809 0.0335 0.03082)
(0.1876 0.0335 0.03082)
(0.1943 0.0335 0.03082)
(0.201 0.0335 0.03082)
(0.2077 0.0335 0.03082)
(0.2144 0.0335 0.03082)
(0.2211 0.0335 0.03082)
(0.2278 0.0335 0.03082)
(0.2345 0.0335 0.03082)
(0.2412 0.0335 0.03082)
(0.2479 0.0335 0.03082)
(0.2546 0.0335 0.03082)
(0.2613 0.0335 0.03082)
(0.268 0.0335 0.03082)
(0.2747 0.0335 0.03082)
(0.2814 0.0335 0.03082)
(0.2881 0.0335 0.03082)
(0.2948 0.0335 0.03082)
(0.3015 0.0335 0.03082)
(0.3082 0.0335 0.03082)
(0.3149 0.0335 0.03082)
(0.3216 0.0335 0.03082)
(0.3283 0.0335 0.03082)
(0.335 0.0335 0.03082)
(0 0 0.03216)
(0.0067 0 0.03216)
(0.0134 0 0.03216)
(0.0201 0 0.03216)
(0.0268 0 0.03216)
(0.0335 0 0.03216)
(0.0402 0 0.03216)
(0.0469 0 0.03216)
(0.0536 0 0.03216)
(0.0603 0 0.03216)
(0.067 0 0.03216)
(0.0737 0 0.03216)
(0.0804 0 0.03216)
(0.0871 0 0.03216)
(0.0938 0 0.03216)
(0.1005 0 0.03216)
(0.1072 0 0.03216)
(0.1139 0 0.03216)
(0.1206 0 0.03216)
(0.1273 0 0.03216)
(0.134 0 0.03216)
(0.1407 0 0.03216)
(0.1474 0 0.03216)
(0.1541 0 0.03216)
(0.1608 0 0.03216)
(0.1675 0 0.03216)
(0.1742 0 0.03216)
(0.1809 0 0.03216)
(0.1876 0 0.03216)
(0.1943 0 0.03216)
(0.201 0 0.03216)
(0.2077 0 0.03216)
(0.2144 0 0.03216)
(0.2211 0 0.03216)
(0.2278 0 0.03216)
(0.2345 0 0.03216)
(0.2412 0 0.03216)
(0.2479 0 0.03216)
(0.2546 0 0.03216)
(0.2613 0 0.03216)
(0.268 0 0.03216)
(0.2747 0 0.03216)
(0.2814 0 0.03216)
(0.2881 0 0.03216)
(0.2948 0 0.03216)
(0.3015 0 0.03216)
(0.3082 0 0.03216)
(0.3149 0 0.03216)
(0.3216 0 0.03216)
(0.3283 0 0.03216)
(0.335 0 0.03216)
(0 0.0335 0.03216)
(0.0067 0.0335 0.03216)
(0.0134 0.0335 0.03216)
(0.0201 0.0335 0.03216)
(0.0268 0.0335 0.03216)
(0.0335 0.0335 0.03216)
(0.0402 0.0335 0.03216)
(0.0469 0.0335 0.03216)
(0.0536 0.0335 0.03216)
(0.0603 0.0335 0.03216)
(0.067 0.0335 0.03216)
(0.0737 0.0335 0.03216)
(0.0804 0.0335 0.03216)
(0.0871 0.0335 0.03216)
(0.0938 0.0335 0.03216)
(0.1005 0.0335 0.03216)
(0.1072 0.0335 0.03216)
(0.1139 0.0335 0.03216)
(0.1206 0.0335 0.03216)
(0.1273 0.0335 0.03216)
(0.134 0.0335 0.03216)
(0.1407 0.0335 0.03216)
(0.1474 0.0335 0.03216)
(0.1541 0.0335 0.03216)
(0.1608 0.0335 0.03216)
(0.1675 0.0335 0.03216)
(0.1742 0.0335 0.03216)
(0.1809 0.0335 0.03216)
(0.1876 0.0335 0.03216)
(0.1943 0.0335 0.03216)
(0.201 0.0335 0.03216)
(0.2077 0.0335 0.03216)
(0.2144 0.0335 0.03216)
(0.2211 0.0335 0.03216)
(0.2278 0.0335 0.03216)
(0.2345 0.0335 0.03216)
(0.2412 0.0335 0.03216)
(0.2479 0.0335 0.03216)
(0.2546 0.0335 0.03216)
(0.2613 0.0335 0.03216)
(0.268 0.0335 0.03216)
(0.2747 0.0335 0.03216)
(0.2814 0.0335 0.03216)
(0.2881 0.0335 0.03216)
(0.2948 0.0335 0.03216)
(0.3015 0.0335 0.03216)
(0.3082 0.0335 0.03216)
(0.3149 0.0335 0.03216)
(0.3216 0.0335 0.03216)
(0.3283 0.0335 0.03216)
(0.335 0.0335 0.03216)
(0 0 0.0335)
(0.0067 0 0.0335)
(0.0134 0 0.0335)
(0.0201 0 0.0335)
(0.0268 0 0.0335)
(0.0335 0 0.0335)
(0.0402 0 0.0335)
(0.0469 0 0.0335)
(0.0536 0 0.0335)
(0.0603 0 0.0335)
(0.067 0 0.0335)
(0.0737 0 0.0335)
(0.0804 0 0.0335)
(0.0871 0 0.0335)
(0.0938 0 0.0335)
(0.1005 0 0.0335)
(0.1072 0 0.0335)
(0.1139 0 0.0335)
(0.1206 0 0.0335)
(0.1273 0 0.0335)
(0.134 0 0.0335)
(0.1407 0 0.0335)
(0.1474 0 0.0335)
(0.1541 0 0.0335)
(0.1608 0 0.0335)
(0.1675 0 0.0335)
(0.1742 0 0.0335)
(0.1809 0 0.0335)
(0.1876 0 0.0335)
(0.1943 0 0.0335)
(0.201 0 0.0335)
(0.2077 0 0.0335)
(0.2144 0 0.0335)
(0.2211 0 0.0335)
(0.2278 0 0.0335)
(0.2345 0 0.0335)
(0.2412 0 0.0335)
(0.2479 0 0.0335)
(0.2546 0 0.0335)
(0.2613 0 0.0335)
(0.268 0 0.0335)
(0.2747 0 0.0335)
(0.2814 0 0.0335)
(0.2881 0 0.0335)
(0.2948 0 0.0335)
(0.3015 0 0.0335)
(0.3082 0 0.0335)
(0.3149 0 0.0335)
(0.3216 0 0.0335)
(0.3283 0 0.0335)
(0.335 0 0.0335)
(0 0.0335 0.0335)
(0.0067 0.0335 0.0335)
(0.0134 0.0335 0.0335)
(0.0201 0.0335 0.0335)
(0.0268 0.0335 0.0335)
(0.0335 0.0335 0.0335)
(0.0402 0.0335 0.0335)
(0.0469 0.0335 0.0335)
(0.0536 0.0335 0.0335)
(0.0603 0.0335 0.0335)
(0.067 0.0335 0.0335)
(0.0737 0.0335 0.0335)
(0.0804 0.0335 0.0335)
(0.0871 0.0335 0.0335)
(0.0938 0.0335 0.0335)
(0.1005 0.0335 0.0335)
(0.1072 0.0335 0.0335)
(0.1139 0.0335 0.0335)
(0.1206 0.0335 0.0335)
(0.1273 0.0335 0.0335)
(0.134 0.0335 0.0335)
(0.1407 0.0335 0.0335)
(0.1474 0.0335 0.0335)
(0.1541 0.0335 0.0335)
(0.1608 0.0335 0.0335)
(0.1675 0.0335 0.0335)
(0.1742 0.0335 0.0335)
(0.1809 0.0335 0.0335)
(0.1876 0.0335 0.0335)
(0.1943 0.0335 0.0335)
(0.201 0.0335 0.0335)
(0.2077 0.0335 0.0335)
(0.2144 0.0335 0.0335)
(0.2211 0.0335 0.0335)
(0.2278 0.0335 0.0335)
(0.2345 0.0335 0.0335)
(0.2412 0.0335 0.0335)
(0.2479 0.0335 0.0335)
(0.2546 0.0335 0.0335)
(0.2613 0.0335 0.0335)
(0.268 0.0335 0.0335)
(0.2747 0.0335 0.0335)
(0.2814 0.0335 0.0335)
(0.2881 0.0335 0.0335)
(0.2948 0.0335 0.0335)
(0.3015 0.0335 0.0335)
(0.3082 0.0335 0.0335)
(0.3149 0.0335 0.0335)
(0.3216 0.0335 0.0335)
(0.3283 0.0335 0.0335)
(0.335 0.0335 0.0335)
(0 0 0.03484)
(0.0067 0 0.03484)
(0.0134 0 0.03484)
(0.0201 0 0.03484)
(0.0268 0 0.03484)
(0.0335 0 0.03484)
(0.0402 0 0.03484)
(0.0469 0 0.03484)
(0.0536 0 0.03484)
(0.0603 0 0.03484)
(0.067 0 0.03484)
(0.0737 0 0.03484)
(0.0804 0 0.03484)
(0.0871 0 0.03484)
(0.0938 0 0.03484)
(0.1005 0 0.03484)
(0.1072 0 0.03484)
(0.1139 0 0.03484)
(0.1206 0 0.03484)
(0.1273 0 0.03484)
(0.134 0 0.03484)
(0.1407 0 0.03484)
(0.1474 0 0.03484)
(0.1541 0 0.03484)
(0.1608 0 0.03484)
(0.1675 0 0.03484)
(0.1742 0 0.03484)
(0.1809 0 0.03484)
(0.1876 0 0.03484)
(0.1943 0 0.03484)
(0.201 0 0.03484)
(0.2077 0 0.03484)
(0.2144 0 0.03484)
(0.2211 0 0.03484)
(0.2278 0 0.03484)
(0.2345 0 0.03484)
(0.2412 0 0.03484)
(0.2479 0 0.03484)
(0.2546 0 0.03484)
(0.2613 0 0.03484)
(0.268 0 0.03484)
(0.2747 0 0.03484)
(0.2814 0 0.03484)
(0.2881 0 0.03484)
(0.2948 0 0.03484)
(0.3015 0 0.03484)
(0.3082 0 0.03484)
(0.3149 0 0.03484)
(0.3216 0 0.03484)
(0.3283 0 0.03484)
(0.335 0 0.03484)
(0 0.0335 0.03484)
(0.0067 0.0335 0.03484)
(0.0134 0.0335 0.03484)
(0.0201 0.0335 0.03484)
(0.0268 0.0335 0.03484)
(0.0335 0.0335 0.03484)
(0.0402 0.0335 0.03484)
(0.0469 0.0335 0.03484)
(0.0536 0.0335 0.03484)
(0.0603 0.0335 0.03484)
(0.067 0.0335 0.03484)
(0.0737 0.0335 0.03484)
(0.0804 0.0335 0.03484)
(0.0871 0.0335 0.03484)
(0.0938 0.0335 0.03484)
(0.1005 0.0335 0.03484)
(0.1072 0.0335 0.03484)
(0.1139 0.0335 0.03484)
(0.1206 0.0335 0.03484)
(0.1273 0.0335 0.03484)
(0.134 0.0335 0.03484)
(0.1407 0.0335 0.03484)
(0.1474 0.0335 0.03484)
(0.1541 0.0335 0.03484)
(0.1608 0.0335 0.03484)
(0.1675 0.0335 0.03484)
(0.1742 0.0335 0.03484)
(0.1809 0.0335 0.03484)
(0.1876 0.0335 0.03484)
(0.1943 0.0335 0.03484)
(0.201 0.0335 0.03484)
(0.2077 0.0335 0.03484)
(0.2144 0.0335 0.03484)
(0.2211 0.0335 0.03484)
(0.2278 0.0335 0.03484)
(0.2345 0.0335 0.03484)
(0.2412 0.0335 0.03484)
(0.2479 0.0335 0.03484)
(0.2546 0.0335 0.03484)
(0.2613 0.0335 0.03484)
(0.268 0.0335 0.03484)
(0.2747 0.0335 0.03484)
(0.2814 0.0335 0.03484)
(0.2881 0.0335 0.03484)
(0.2948 0.0335 0.03484)
(0.3015 0.0335 0.03484)
(0.3082 0.0335 0.03484)
(0.3149 0.0335 0.03484)
(0.3216 0.0335 0.03484)
(0.3283 0.0335 0.03484)
(0.335 0.0335 0.03484)
(0 0 0.03618)
(0.0067 0 0.03618)
(0.0134 0 0.03618)
(0.0201 0 0.03618)
(0.0268 0 0.03618)
(0.0335 0 0.03618)
(0.0402 0 0.03618)
(0.0469 0 0.03618)
(0.0536 0 0.03618)
(0.0603 0 0.03618)
(0.067 0 0.03618)
(0.0737 0 0.03618)
(0.0804 0 0.03618)
(0.0871 0 0.03618)
(0.0938 0 0.03618)
(0.1005 0 0.03618)
(0.1072 0 0.03618)
(0.1139 0 0.03618)
(0.1206 0 0.03618)
(0.1273 0 0.03618)
(0.134 0 0.03618)
(0.1407 0 0.03618)
(0.1474 0 0.03618)
(0.1541 0 0.03618)
(0.1608 0 0.03618)
(0.1675 0 0.03618)
(0.1742 0 0.03618)
(0.1809 0 0.03618)
(0.1876 0 0.03618)
(0.1943 0 0.03618)
(0.201 0 0.03618)
(0.2077 0 0.03618)
(0.2144 0 0.03618)
(0.2211 0 0.03618)
(0.2278 0 0.03618)
(0.2345 0 0.03618)
(0.2412 0 0.03618)
(0.2479 0 0.03618)
(0.2546 0 0.03618)
(0.2613 0 0.03618)
(0.268 0 0.03618)
(0.2747 0 0.03618)
(0.2814 0 0.03618)
(0.2881 0 0.03618)
(0.2948 0 0.03618)
(0.3015 0 0.03618)
(0.3082 0 0.03618)
(0.3149 0 0.03618)
(0.3216 0 0.03618)
(0.3283 0 0.03618)
(0.335 0 0.03618)
(0 0.0335 0.03618)
(0.0067 0.0335 0.03618)
(0.0134 0.0335 0.03618)
(0.0201 0.0335 0.03618)
(0.0268 0.0335 0.03618)
(0.0335 0.0335 0.03618)
(0.0402 0.0335 0.03618)
(0.0469 0.0335 0.03618)
(0.0536 0.0335 0.03618)
(0.0603 0.0335 0.03618)
(0.067 0.0335 0.03618)
(0.0737 0.0335 0.03618)
(0.0804 0.0335 0.03618)
(0.0871 0.0335 0.03618)
(0.0938 0.0335 0.03618)
(0.1005 0.0335 0.03618)
(0.1072 0.0335 0.03618)
(0.1139 0.0335 0.03618)
(0.1206 0.0335 0.03618)
(0.1273 0.0335 0.03618)
(0.134 0.0335 0.03618)
(0.1407 0.0335 0.03618)
(0.1474 0.0335 0.03618)
(0.1541 0.0335 0.03618)
(0.1608 0.0335 0.03618)
(0.1675 0.0335 0.03618)
(0.1742 0.0335 0.03618)
(0.1809 0.0335 0.03618)
(0.1876 0.0335 0.03618)
(0.1943 0.0335 0.03618)
(0.201 0.0335 0.03618)
(0.2077 0.0335 0.03618)
(0.2144 0.0335 0.03618)
(0.2211 0.0335 0.03618)
(0.2278 0.0335 0.03618)
(0.2345 0.0335 0.03618)
(0.2412 0.0335 0.03618)
(0.2479 0.0335 0.03618)
(0.2546 0.0335 0.03618)
(0.2613 0.0335 0.03618)
(0.268 0.0335 0.03618)
(0.2747 0.0335 0.03618)
(0.2814 0.0335 0.03618)
(0.2881 0.0335 0.03618)
(0.2948 0.0335 0.03618)
(0.3015 0.0335 0.03618)
(0.3082 0.0335 0.03618)
(0.3149 0.0335 0.03618)
(0.3216 0.0335 0.03618)
(0.3283 0.0335 0.03618)
(0.335 0.0335 0.03618)
(0 0 0.03752)
(0.0067 0 0.03752)
(0.0134 0 0.03752)
(0.0201 0 0.03752)
(0.0268 0 0.03752)
(0.0335 0 0.03752)
(0.0402 0 0.03752)
(0.0469 0 0.03752)
(0.0536 0 0.03752)
(0.0603 0 0.03752)
(0.067 0 0.03752)
(0.0737 0 0.03752)
(0.0804 0 0.03752)
(0.0871 0 0.03752)
(0.0938 0 0.03752)
(0.1005 0 0.03752)
(0.1072 0 0.03752)
(0.1139 0 0.03752)
(0.1206 0 0.03752)
(0.1273 0 0.03752)
(0.134 0 0.03752)
(0.1407 0 0.03752)
(0.1474 0 0.03752)
(0.1541 0 0.03752)
(0.1608 0 0.03752)
(0.1675 0 0.03752)
(0.1742 0 0.03752)
(0.1809 0 0.03752)
(0.1876 0 0.03752)
(0.1943 0 0.03752)
(0.201 0 0.03752)
(0.2077 0 0.03752)
(0.2144 0 0.03752)
(0.2211 0 0.03752)
(0.2278 0 0.03752)
(0.2345 0 0.03752)
(0.2412 0 0.03752)
(0.2479 0 0.03752)
(0.2546 0 0.03752)
(0.2613 0 0.03752)
(0.268 0 0.03752)
(0.2747 0 0.03752)
(0.2814 0 0.03752)
(0.2881 0 0.03752)
(0.2948 0 0.03752)
(0.3015 0 0.03752)
(0.3082 0 0.03752)
(0.3149 0 0.03752)
(0.3216 0 0.03752)
(0.3283 0 0.03752)
(0.335 0 0.03752)
(0 0.0335 0.03752)
(0.0067 0.0335 0.03752)
(0.0134 0.0335 0.03752)
(0.0201 0.0335 0.03752)
(0.0268 0.0335 0.03752)
(0.0335 0.0335 0.03752)
(0.0402 0.0335 0.03752)
(0.0469 0.0335 0.03752)
(0.0536 0.0335 0.03752)
(0.0603 0.0335 0.03752)
(0.067 0.0335 0.03752)
(0.0737 0.0335 0.03752)
(0.0804 0.0335 0.03752)
(0.0871 0.0335 0.03752)
(0.0938 0.0335 0.03752)
(0.1005 0.0335 0.03752)
(0.1072 0.0335 0.03752)
(0.1139 0.0335 0.03752)
(0.1206 0.0335 0.03752)
(0.1273 0.0335 0.03752)
(0.134 0.0335 0.03752)
(0.1407 0.0335 0.03752)
(0.1474 0.0335 0.03752)
(0.1541 0.0335 0.03752)
(0.1608 0.0335 0.03752)
(0.1675 0.0335 0.03752)
(0.1742 0.0335 0.03752)
(0.1809 0.0335 0.03752)
(0.1876 0.0335 0.03752)
(0.1943 0.0335 0.03752)
(0.201 0.0335 0.03752)
(0.2077 0.0335 0.03752)
(0.2144 0.0335 0.03752)
(0.2211 0.0335 0.03752)
(0.2278 0.0335 0.03752)
(0.2345 0.0335 0.03752)
(0.2412 0.0335 0.03752)
(0.2479 0.0335 0.03752)
(0.2546 0.0335 0.03752)
(0.2613 0.0335 0.03752)
(0.268 0.0335 0.03752)
(0.2747 0.0335 0.03752)
(0.2814 0.0335 0.03752)
(0.2881 0.0335 0.03752)
(0.2948 0.0335 0.03752)
(0.3015 0.0335 0.03752)
(0.3082 0.0335 0.03752)
(0.3149 0.0335 0.03752)
(0.3216 0.0335 0.03752)
(0.3283 0.0335 0.03752)
(0.335 0.0335 0.03752)
(0 0 0.03886)
(0.0067 0 0.03886)
(0.0134 0 0.03886)
(0.0201 0 0.03886)
(0.0268 0 0.03886)
(0.0335 0 0.03886)
(0.0402 0 0.03886)
(0.0469 0 0.03886)
(0.0536 0 0.03886)
(0.0603 0 0.03886)
(0.067 0 0.03886)
(0.0737 0 0.03886)
(0.0804 0 0.03886)
(0.0871 0 0.03886)
(0.0938 0 0.03886)
(0.1005 0 0.03886)
(0.1072 0 0.03886)
(0.1139 0 0.03886)
(0.1206 0 0.03886)
(0.1273 0 0.03886)
(0.134 0 0.03886)
(0.1407 0 0.03886)
(0.1474 0 0.03886)
(0.1541 0 0.03886)
(0.1608 0 0.03886)
(0.1675 0 0.03886)
(0.1742 0 0.03886)
(0.1809 0 0.03886)
(0.1876 0 0.03886)
(0.1943 0 0.03886)
(0.201 0 0.03886)
(0.2077 0 0.03886)
(0.2144 0 0.03886)
(0.2211 0 0.03886)
(0.2278 0 0.03886)
(0.2345 0 0.03886)
(0.2412 0 0.03886)
(0.2479 0 0.03886)
(0.2546 0 0.03886)
(0.2613 0 0.03886)
(0.268 0 0.03886)
(0.2747 0 0.03886)
(0.2814 0 0.03886)
(0.2881 0 0.03886)
(0.2948 0 0.03886)
(0.3015 0 0.03886)
(0.3082 0 0.03886)
(0.3149 0 0.03886)
(0.3216 0 0.03886)
(0.3283 0 0.03886)
(0.335 0 0.03886)
(0 0.0335 0.03886)
(0.0067 0.0335 0.03886)
(0.0134 0.0335 0.03886)
(0.0201 0.0335 0.03886)
(0.0268 0.0335 0.03886)
(0.0335 0.0335 0.03886)
(0.0402 0.0335 0.03886)
(0.0469 0.0335 0.03886)
(0.0536 0.0335 0.03886)
(0.0603 0.0335 0.03886)
(0.067 0.0335 0.03886)
(0.0737 0.0335 0.03886)
(0.0804 0.0335 0.03886)
(0.0871 0.0335 0.03886)
(0.0938 0.0335 0.03886)
(0.1005 0.0335 0.03886)
(0.1072 0.0335 0.03886)
(0.1139 0.0335 0.03886)
(0.1206 0.0335 0.03886)
(0.1273 0.0335 0.03886)
(0.134 0.0335 0.03886)
(0.1407 0.0335 0.03886)
(0.1474 0.0335 0.03886)
(0.1541 0.0335 0.03886)
(0.1608 0.0335 0.03886)
(0.1675 0.0335 0.03886)
(0.1742 0.0335 0.03886)
(0.1809 0.0335 0.03886)
(0.1876 0.0335 0.03886)
(0.1943 0.0335 0.03886)
(0.201 0.0335 0.03886)
(0.2077 0.0335 0.03886)
(0.2144 0.0335 0.03886)
(0.2211 0.0335 0.03886)
(0.2278 0.0335 0.03886)
(0.2345 0.0335 0.03886)
(0.2412 0.0335 0.03886)
(0.2479 0.0335 0.03886)
(0.2546 0.0335 0.03886)
(0.2613 0.0335 0.03886)
(0.268 0.0335 0.03886)
(0.2747 0.0335 0.03886)
(0.2814 0.0335 0.03886)
(0.2881 0.0335 0.03886)
(0.2948 0.0335 0.03886)
(0.3015 0.0335 0.03886)
(0.3082 0.0335 0.03886)
(0.3149 0.0335 0.03886)
(0.3216 0.0335 0.03886)
(0.3283 0.0335 0.03886)
(0.335 0.0335 0.03886)
(0 0 0.0402)
(0.0067 0 0.0402)
(0.0134 0 0.0402)
(0.0201 0 0.0402)
(0.0268 0 0.0402)
(0.0335 0 0.0402)
(0.0402 0 0.0402)
(0.0469 0 0.0402)
(0.0536 0 0.0402)
(0.0603 0 0.0402)
(0.067 0 0.0402)
(0.0737 0 0.0402)
(0.0804 0 0.0402)
(0.0871 0 0.0402)
(0.0938 0 0.0402)
(0.1005 0 0.0402)
(0.1072 0 0.0402)
(0.1139 0 0.0402)
(0.1206 0 0.0402)
(0.1273 0 0.0402)
(0.134 0 0.0402)
(0.1407 0 0.0402)
(0.1474 0 0.0402)
(0.1541 0 0.0402)
(0.1608 0 0.0402)
(0.1675 0 0.0402)
(0.1742 0 0.0402)
(0.1809 0 0.0402)
(0.1876 0 0.0402)
(0.1943 0 0.0402)
(0.201 0 0.0402)
(0.2077 0 0.0402)
(0.2144 0 0.0402)
(0.2211 0 0.0402)
(0.2278 0 0.0402)
(0.2345 0 0.0402)
(0.2412 0 0.0402)
(0.2479 0 0.0402)
(0.2546 0 0.0402)
(0.2613 0 0.0402)
(0.268 0 0.0402)
(0.2747 0 0.0402)
(0.2814 0 0.0402)
(0.2881 0 0.0402)
(0.2948 0 0.0402)
(0.3015 0 0.0402)
(0.3082 0 0.0402)
(0.3149 0 0.0402)
(0.3216 0 0.0402)
(0.3283 0 0.0402)
(0.335 0 0.0402)
(0 0.0335 0.0402)
(0.0067 0.0335 0.0402)
(0.0134 0.0335 0.0402)
(0.0201 0.0335 0.0402)
(0.0268 0.0335 0.0402)
(0.0335 0.0335 0.0402)
(0.0402 0.0335 0.0402)
(0.0469 0.0335 0.0402)
(0.0536 0.0335 0.0402)
(0.0603 0.0335 0.0402)
(0.067 0.0335 0.0402)
(0.0737 0.0335 0.0402)
(0.0804 0.0335 0.0402)
(0.0871 0.0335 0.0402)
(0.0938 0.0335 0.0402)
(0.1005 0.0335 0.0402)
(0.1072 0.0335 0.0402)
(0.1139 0.0335 0.0402)
(0.1206 0.0335 0.0402)
(0.1273 0.0335 0.0402)
(0.134 0.0335 0.0402)
(0.1407 0.0335 0.0402)
(0.1474 0.0335 0.0402)
(0.1541 0.0335 0.0402)
(0.1608 0.0335 0.0402)
(0.1675 0.0335 0.0402)
(0.1742 0.0335 0.0402)
(0.1809 0.0335 0.0402)
(0.1876 0.0335 0.0402)
(0.1943 0.0335 0.0402)
(0.201 0.0335 0.0402)
(0.2077 0.0335 0.0402)
(0.2144 0.0335 0.0402)
(0.2211 0.0335 0.0402)
(0.2278 0.0335 0.0402)
(0.2345 0.0335 0.0402)
(0.2412 0.0335 0.0402)
(0.2479 0.0335 0.0402)
(0.2546 0.0335 0.0402)
(0.2613 0.0335 0.0402)
(0.268 0.0335 0.0402)
(0.2747 0.0335 0.0402)
(0.2814 0.0335 0.0402)
(0.2881 0.0335 0.0402)
(0.2948 0.0335 0.0402)
(0.3015 0.0335 0.0402)
(0.3082 0.0335 0.0402)
(0.3149 0.0335 0.0402)
(0.3216 0.0335 0.0402)
(0.3283 0.0335 0.0402)
(0.335 0.0335 0.0402)
(0 0 0.04154)
(0.0067 0 0.04154)
(0.0134 0 0.04154)
(0.0201 0 0.04154)
(0.0268 0 0.04154)
(0.0335 0 0.04154)
(0.0402 0 0.04154)
(0.0469 0 0.04154)
(0.0536 0 0.04154)
(0.0603 0 0.04154)
(0.067 0 0.04154)
(0.0737 0 0.04154)
(0.0804 0 0.04154)
(0.0871 0 0.04154)
(0.0938 0 0.04154)
(0.1005 0 0.04154)
(0.1072 0 0.04154)
(0.1139 0 0.04154)
(0.1206 0 0.04154)
(0.1273 0 0.04154)
(0.134 0 0.04154)
(0.1407 0 0.04154)
(0.1474 0 0.04154)
(0.1541 0 0.04154)
(0.1608 0 0.04154)
(0.1675 0 0.04154)
(0.1742 0 0.04154)
(0.1809 0 0.04154)
(0.1876 0 0.04154)
(0.1943 0 0.04154)
(0.201 0 0.04154)
(0.2077 0 0.04154)
(0.2144 0 0.04154)
(0.2211 0 0.04154)
(0.2278 0 0.04154)
(0.2345 0 0.04154)
(0.2412 0 0.04154)
(0.2479 0 0.04154)
(0.2546 0 0.04154)
(0.2613 0 0.04154)
(0.268 0 0.04154)
(0.2747 0 0.04154)
(0.2814 0 0.04154)
(0.2881 0 0.04154)
(0.2948 0 0.04154)
(0.3015 0 0.04154)
(0.3082 0 0.04154)
(0.3149 0 0.04154)
(0.3216 0 0.04154)
(0.3283 0 0.04154)
(0.335 0 0.04154)
(0 0.0335 0.04154)
(0.0067 0.0335 0.04154)
(0.0134 0.0335 0.04154)
(0.0201 0.0335 0.04154)
(0.0268 0.0335 0.04154)
(0.0335 0.0335 0.04154)
(0.0402 0.0335 0.04154)
(0.0469 0.0335 0.04154)
(0.0536 0.0335 0.04154)
(0.0603 0.0335 0.04154)
(0.067 0.0335 0.04154)
(0.0737 0.0335 0.04154)
(0.0804 0.0335 0.04154)
(0.0871 0.0335 0.04154)
(0.0938 0.0335 0.04154)
(0.1005 0.0335 0.04154)
(0.1072 0.0335 0.04154)
(0.1139 0.0335 0.04154)
(0.1206 0.0335 0.04154)
(0.1273 0.0335 0.04154)
(0.134 0.0335 0.04154)
(0.1407 0.0335 0.04154)
(0.1474 0.0335 0.04154)
(0.1541 0.0335 0.04154)
(0.1608 0.0335 0.04154)
(0.1675 0.0335 0.04154)
(0.1742 0.0335 0.04154)
(0.1809 0.0335 0.04154)
(0.1876 0.0335 0.04154)
(0.1943 0.0335 0.04154)
(0.201 0.0335 0.04154)
(0.2077 0.0335 0.04154)
(0.2144 0.0335 0.04154)
(0.2211 0.0335 0.04154)
(0.2278 0.0335 0.04154)
(0.2345 0.0335 0.04154)
(0.2412 0.0335 0.04154)
(0.2479 0.0335 0.04154)
(0.2546 0.0335 0.04154)
(0.2613 0.0335 0.04154)
(0.268 0.0335 0.04154)
(0.2747 0.0335 0.04154)
(0.2814 0.0335 0.04154)
(0.2881 0.0335 0.04154)
(0.2948 0.0335 0.04154)
(0.3015 0.0335 0.04154)
(0.3082 0.0335 0.04154)
(0.3149 0.0335 0.04154)
(0.3216 0.0335 0.04154)
(0.3283 0.0335 0.04154)
(0.335 0.0335 0.04154)
(0 0 0.04288)
(0.0067 0 0.04288)
(0.0134 0 0.04288)
(0.0201 0 0.04288)
(0.0268 0 0.04288)
(0.0335 0 0.04288)
(0.0402 0 0.04288)
(0.0469 0 0.04288)
(0.0536 0 0.04288)
(0.0603 0 0.04288)
(0.067 0 0.04288)
(0.0737 0 0.04288)
(0.0804 0 0.04288)
(0.0871 0 0.04288)
(0.0938 0 0.04288)
(0.1005 0 0.04288)
(0.1072 0 0.04288)
(0.1139 0 0.04288)
(0.1206 0 0.04288)
(0.1273 0 0.04288)
(0.134 0 0.04288)
(0.1407 0 0.04288)
(0.1474 0 0.04288)
(0.1541 0 0.04288)
(0.1608 0 0.04288)
(0.1675 0 0.04288)
(0.1742 0 0.04288)
(0.1809 0 0.04288)
(0.1876 0 0.04288)
(0.1943 0 0.04288)
(0.201 0 0.04288)
(0.2077 0 0.04288)
(0.2144 0 0.04288)
(0.2211 0 0.04288)
(0.2278 0 0.04288)
(0.2345 0 0.04288)
(0.2412 0 0.04288)
(0.2479 0 0.04288)
(0.2546 0 0.04288)
(0.2613 0 0.04288)
(0.268 0 0.04288)
(0.2747 0 0.04288)
(0.2814 0 0.04288)
(0.2881 0 0.04288)
(0.2948 0 0.04288)
(0.3015 0 0.04288)
(0.3082 0 0.04288)
(0.3149 0 0.04288)
(0.3216 0 0.04288)
(0.3283 0 0.04288)
(0.335 0 0.04288)
(0 0.0335 0.04288)
(0.0067 0.0335 0.04288)
(0.0134 0.0335 0.04288)
(0.0201 0.0335 0.04288)
(0.0268 0.0335 0.04288)
(0.0335 0.0335 0.04288)
(0.0402 0.0335 0.04288)
(0.0469 0.0335 0.04288)
(0.0536 0.0335 0.04288)
(0.0603 0.0335 0.04288)
(0.067 0.0335 0.04288)
(0.0737 0.0335 0.04288)
(0.0804 0.0335 0.04288)
(0.0871 0.0335 0.04288)
(0.0938 0.0335 0.04288)
(0.1005 0.0335 0.04288)
(0.1072 0.0335 0.04288)
(0.1139 0.0335 0.04288)
(0.1206 0.0335 0.04288)
(0.1273 0.0335 0.04288)
(0.134 0.0335 0.04288)
(0.1407 0.0335 0.04288)
(0.1474 0.0335 0.04288)
(0.1541 0.0335 0.04288)
(0.1608 0.0335 0.04288)
(0.1675 0.0335 0.04288)
(0.1742 0.0335 0.04288)
(0.1809 0.0335 0.04288)
(0.1876 0.0335 0.04288)
(0.1943 0.0335 0.04288)
(0.201 0.0335 0.04288)
(0.2077 0.0335 0.04288)
(0.2144 0.0335 0.04288)
(0.2211 0.0335 0.04288)
(0.2278 0.0335 0.04288)
(0.2345 0.0335 0.04288)
(0.2412 0.0335 0.04288)
(0.2479 0.0335 0.04288)
(0.2546 0.0335 0.04288)
(0.2613 0.0335 0.04288)
(0.268 0.0335 0.04288)
(0.2747 0.0335 0.04288)
(0.2814 0.0335 0.04288)
(0.2881 0.0335 0.04288)
(0.2948 0.0335 0.04288)
(0.3015 0.0335 0.04288)
(0.3082 0.0335 0.04288)
(0.3149 0.0335 0.04288)
(0.3216 0.0335 0.04288)
(0.3283 0.0335 0.04288)
(0.335 0.0335 0.04288)
(0 0 0.04422)
(0.0067 0 0.04422)
(0.0134 0 0.04422)
(0.0201 0 0.04422)
(0.0268 0 0.04422)
(0.0335 0 0.04422)
(0.0402 0 0.04422)
(0.0469 0 0.04422)
(0.0536 0 0.04422)
(0.0603 0 0.04422)
(0.067 0 0.04422)
(0.0737 0 0.04422)
(0.0804 0 0.04422)
(0.0871 0 0.04422)
(0.0938 0 0.04422)
(0.1005 0 0.04422)
(0.1072 0 0.04422)
(0.1139 0 0.04422)
(0.1206 0 0.04422)
(0.1273 0 0.04422)
(0.134 0 0.04422)
(0.1407 0 0.04422)
(0.1474 0 0.04422)
(0.1541 0 0.04422)
(0.1608 0 0.04422)
(0.1675 0 0.04422)
(0.1742 0 0.04422)
(0.1809 0 0.04422)
(0.1876 0 0.04422)
(0.1943 0 0.04422)
(0.201 0 0.04422)
(0.2077 0 0.04422)
(0.2144 0 0.04422)
(0.2211 0 0.04422)
(0.2278 0 0.04422)
(0.2345 0 0.04422)
(0.2412 0 0.04422)
(0.2479 0 0.04422)
(0.2546 0 0.04422)
(0.2613 0 0.04422)
(0.268 0 0.04422)
(0.2747 0 0.04422)
(0.2814 0 0.04422)
(0.2881 0 0.04422)
(0.2948 0 0.04422)
(0.3015 0 0.04422)
(0.3082 0 0.04422)
(0.3149 0 0.04422)
(0.3216 0 0.04422)
(0.3283 0 0.04422)
(0.335 0 0.04422)
(0 0.0335 0.04422)
(0.0067 0.0335 0.04422)
(0.0134 0.0335 0.04422)
(0.0201 0.0335 0.04422)
(0.0268 0.0335 0.04422)
(0.0335 0.0335 0.04422)
(0.0402 0.0335 0.04422)
(0.0469 0.0335 0.04422)
(0.0536 0.0335 0.04422)
(0.0603 0.0335 0.04422)
(0.067 0.0335 0.04422)
(0.0737 0.0335 0.04422)
(0.0804 0.0335 0.04422)
(0.0871 0.0335 0.04422)
(0.0938 0.0335 0.04422)
(0.1005 0.0335 0.04422)
(0.1072 0.0335 0.04422)
(0.1139 0.0335 0.04422)
(0.1206 0.0335 0.04422)
(0.1273 0.0335 0.04422)
(0.134 0.0335 0.04422)
(0.1407 0.0335 0.04422)
(0.1474 0.0335 0.04422)
(0.1541 0.0335 0.04422)
(0.1608 0.0335 0.04422)
(0.1675 0.0335 0.04422)
(0.1742 0.0335 0.04422)
(0.1809 0.0335 0.04422)
(0.1876 0.0335 0.04422)
(0.1943 0.0335 0.04422)
(0.201 0.0335 0.04422)
(0.2077 0.0335 0.04422)
(0.2144 0.0335 0.04422)
(0.2211 0.0335 0.04422)
(0.2278 0.0335 0.04422)
(0.2345 0.0335 0.04422)
(0.2412 0.0335 0.04422)
(0.2479 0.0335 0.04422)
(0.2546 0.0335 0.04422)
(0.2613 0.0335 0.04422)
(0.268 0.0335 0.04422)
(0.2747 0.0335 0.04422)
(0.2814 0.0335 0.04422)
(0.2881 0.0335 0.04422)
(0.2948 0.0335 0.04422)
(0.3015 0.0335 0.04422)
(0.3082 0.0335 0.04422)
(0.3149 0.0335 0.04422)
(0.3216 0.0335 0.04422)
(0.3283 0.0335 0.04422)
(0.335 0.0335 0.04422)
(0 0 0.04556)
(0.0067 0 0.04556)
(0.0134 0 0.04556)
(0.0201 0 0.04556)
(0.0268 0 0.04556)
(0.0335 0 0.04556)
(0.0402 0 0.04556)
(0.0469 0 0.04556)
(0.0536 0 0.04556)
(0.0603 0 0.04556)
(0.067 0 0.04556)
(0.0737 0 0.04556)
(0.0804 0 0.04556)
(0.0871 0 0.04556)
(0.0938 0 0.04556)
(0.1005 0 0.04556)
(0.1072 0 0.04556)
(0.1139 0 0.04556)
(0.1206 0 0.04556)
(0.1273 0 0.04556)
(0.134 0 0.04556)
(0.1407 0 0.04556)
(0.1474 0 0.04556)
(0.1541 0 0.04556)
(0.1608 0 0.04556)
(0.1675 0 0.04556)
(0.1742 0 0.04556)
(0.1809 0 0.04556)
(0.1876 0 0.04556)
(0.1943 0 0.04556)
(0.201 0 0.04556)
(0.2077 0 0.04556)
(0.2144 0 0.04556)
(0.2211 0 0.04556)
(0.2278 0 0.04556)
(0.2345 0 0.04556)
(0.2412 0 0.04556)
(0.2479 0 0.04556)
(0.2546 0 0.04556)
(0.2613 0 0.04556)
(0.268 0 0.04556)
(0.2747 0 0.04556)
(0.2814 0 0.04556)
(0.2881 0 0.04556)
(0.2948 0 0.04556)
(0.3015 0 0.04556)
(0.3082 0 0.04556)
(0.3149 0 0.04556)
(0.3216 0 0.04556)
(0.3283 0 0.04556)
(0.335 0 0.04556)
(0 0.0335 0.04556)
(0.0067 0.0335 0.04556)
(0.0134 0.0335 0.04556)
(0.0201 0.0335 0.04556)
(0.0268 0.0335 0.04556)
(0.0335 0.0335 0.04556)
(0.0402 0.0335 0.04556)
(0.0469 0.0335 0.04556)
(0.0536 0.0335 0.04556)
(0.0603 0.0335 0.04556)
(0.067 0.0335 0.04556)
(0.0737 0.0335 0.04556)
(0.0804 0.0335 0.04556)
(0.0871 0.0335 0.04556)
(0.0938 0.0335 0.04556)
(0.1005 0.0335 0.04556)
(0.1072 0.0335 0.04556)
(0.1139 0.0335 0.04556)
(0.1206 0.0335 0.04556)
(0.1273 0.0335 0.04556)
(0.134 0.0335 0.04556)
(0.1407 0.0335 0.04556)
(0.1474 0.0335 0.04556)
(0.1541 0.0335 0.04556)
(0.1608 0.0335 0.04556)
(0.1675 0.0335 0.04556)
(0.1742 0.0335 0.04556)
(0.1809 0.0335 0.04556)
(0.1876 0.0335 0.04556)
(0.1943 0.0335 0.04556)
(0.201 0.0335 0.04556)
(0.2077 0.0335 0.04556)
(0.2144 0.0335 0.04556)
(0.2211 0.0335 0.04556)
(0.2278 0.0335 0.04556)
(0.2345 0.0335 0.04556)
(0.2412 0.0335 0.04556)
(0.2479 0.0335 0.04556)
(0.2546 0.0335 0.04556)
(0.2613 0.0335 0.04556)
(0.268 0.0335 0.04556)
(0.2747 0.0335 0.04556)
(0.2814 0.0335 0.04556)
(0.2881 0.0335 0.04556)
(0.2948 0.0335 0.04556)
(0.3015 0.0335 0.04556)
(0.3082 0.0335 0.04556)
(0.3149 0.0335 0.04556)
(0.3216 0.0335 0.04556)
(0.3283 0.0335 0.04556)
(0.335 0.0335 0.04556)
(0 0 0.0469)
(0.0067 0 0.0469)
(0.0134 0 0.0469)
(0.0201 0 0.0469)
(0.0268 0 0.0469)
(0.0335 0 0.0469)
(0.0402 0 0.0469)
(0.0469 0 0.0469)
(0.0536 0 0.0469)
(0.0603 0 0.0469)
(0.067 0 0.0469)
(0.0737 0 0.0469)
(0.0804 0 0.0469)
(0.0871 0 0.0469)
(0.0938 0 0.0469)
(0.1005 0 0.0469)
(0.1072 0 0.0469)
(0.1139 0 0.0469)
(0.1206 0 0.0469)
(0.1273 0 0.0469)
(0.134 0 0.0469)
(0.1407 0 0.0469)
(0.1474 0 0.0469)
(0.1541 0 0.0469)
(0.1608 0 0.0469)
(0.1675 0 0.0469)
(0.1742 0 0.0469)
(0.1809 0 0.0469)
(0.1876 0 0.0469)
(0.1943 0 0.0469)
(0.201 0 0.0469)
(0.2077 0 0.0469)
(0.2144 0 0.0469)
(0.2211 0 0.0469)
(0.2278 0 0.0469)
(0.2345 0 0.0469)
(0.2412 0 0.0469)
(0.2479 0 0.0469)
(0.2546 0 0.0469)
(0.2613 0 0.0469)
(0.268 0 0.0469)
(0.2747 0 0.0469)
(0.2814 0 0.0469)
(0.2881 0 0.0469)
(0.2948 0 0.0469)
(0.3015 0 0.0469)
(0.3082 0 0.0469)
(0.3149 0 0.0469)
(0.3216 0 0.0469)
(0.3283 0 0.0469)
(0.335 0 0.0469)
(0 0.0335 0.0469)
(0.0067 0.0335 0.0469)
(0.0134 0.0335 0.0469)
(0.0201 0.0335 0.0469)
(0.0268 0.0335 0.0469)
(0.0335 0.0335 0.0469)
(0.0402 0.0335 0.0469)
(0.0469 0.0335 0.0469)
(0.0536 0.0335 0.0469)
(0.0603 0.0335 0.0469)
(0.067 0.0335 0.0469)
(0.0737 0.0335 0.0469)
(0.0804 0.0335 0.0469)
(0.0871 0.0335 0.0469)
(0.0938 0.0335 0.0469)
(0.1005 0.0335 0.0469)
(0.1072 0.0335 0.0469)
(0.1139 0.0335 0.0469)
(0.1206 0.0335 0.0469)
(0.1273 0.0335 0.0469)
(0.134 0.0335 0.0469)
(0.1407 0.0335 0.0469)
(0.1474 0.0335 0.0469)
(0.1541 0.0335 0.0469)
(0.1608 0.0335 0.0469)
(0.1675 0.0335 0.0469)
(0.1742 0.0335 0.0469)
(0.1809 0.0335 0.0469)
(0.1876 0.0335 0.0469)
(0.1943 0.0335 0.0469)
(0.201 0.0335 0.0469)
(0.2077 0.0335 0.0469)
(0.2144 0.0335 0.0469)
(0.2211 0.0335 0.0469)
(0.2278 0.0335 0.0469)
(0.2345 0.0335 0.0469)
(0.2412 0.0335 0.0469)
(0.2479 0.0335 0.0469)
(0.2546 0.0335 0.0469)
(0.2613 0.0335 0.0469)
(0.268 0.0335 0.0469)
(0.2747 0.0335 0.0469)
(0.2814 0.0335 0.0469)
(0.2881 0.0335 0.0469)
(0.2948 0.0335 0.0469)
(0.3015 0.0335 0.0469)
(0.3082 0.0335 0.0469)
(0.3149 0.0335 0.0469)
(0.3216 0.0335 0.0469)
(0.3283 0.0335 0.0469)
(0.335 0.0335 0.0469)
(0 0 0.04824)
(0.0067 0 0.04824)
(0.0134 0 0.04824)
(0.0201 0 0.04824)
(0.0268 0 0.04824)
(0.0335 0 0.04824)
(0.0402 0 0.04824)
(0.0469 0 0.04824)
(0.0536 0 0.04824)
(0.0603 0 0.04824)
(0.067 0 0.04824)
(0.0737 0 0.04824)
(0.0804 0 0.04824)
(0.0871 0 0.04824)
(0.0938 0 0.04824)
(0.1005 0 0.04824)
(0.1072 0 0.04824)
(0.1139 0 0.04824)
(0.1206 0 0.04824)
(0.1273 0 0.04824)
(0.134 0 0.04824)
(0.1407 0 0.04824)
(0.1474 0 0.04824)
(0.1541 0 0.04824)
(0.1608 0 0.04824)
(0.1675 0 0.04824)
(0.1742 0 0.04824)
(0.1809 0 0.04824)
(0.1876 0 0.04824)
(0.1943 0 0.04824)
(0.201 0 0.04824)
(0.2077 0 0.04824)
(0.2144 0 0.04824)
(0.2211 0 0.04824)
(0.2278 0 0.04824)
(0.2345 0 0.04824)
(0.2412 0 0.04824)
(0.2479 0 0.04824)
(0.2546 0 0.04824)
(0.2613 0 0.04824)
(0.268 0 0.04824)
(0.2747 0 0.04824)
(0.2814 0 0.04824)
(0.2881 0 0.04824)
(0.2948 0 0.04824)
(0.3015 0 0.04824)
(0.3082 0 0.04824)
(0.3149 0 0.04824)
(0.3216 0 0.04824)
(0.3283 0 0.04824)
(0.335 0 0.04824)
(0 0.0335 0.04824)
(0.0067 0.0335 0.04824)
(0.0134 0.0335 0.04824)
(0.0201 0.0335 0.04824)
(0.0268 0.0335 0.04824)
(0.0335 0.0335 0.04824)
(0.0402 0.0335 0.04824)
(0.0469 0.0335 0.04824)
(0.0536 0.0335 0.04824)
(0.0603 0.0335 0.04824)
(0.067 0.0335 0.04824)
(0.0737 0.0335 0.04824)
(0.0804 0.0335 0.04824)
(0.0871 0.0335 0.04824)
(0.0938 0.0335 0.04824)
(0.1005 0.0335 0.04824)
(0.1072 0.0335 0.04824)
(0.1139 0.0335 0.04824)
(0.1206 0.0335 0.04824)
(0.1273 0.0335 0.04824)
(0.134 0.0335 0.04824)
(0.1407 0.0335 0.04824)
(0.1474 0.0335 0.04824)
(0.1541 0.0335 0.04824)
(0.1608 0.0335 0.04824)
(0.1675 0.0335 0.04824)
(0.1742 0.0335 0.04824)
(0.1809 0.0335 0.04824)
(0.1876 0.0335 0.04824)
(0.1943 0.0335 0.04824)
(0.201 0.0335 0.04824)
(0.2077 0.0335 0.04824)
(0.2144 0.0335 0.04824)
(0.2211 0.0335 0.04824)
(0.2278 0.0335 0.04824)
(0.2345 0.0335 0.04824)
(0.2412 0.0335 0.04824)
(0.2479 0.0335 0.04824)
(0.2546 0.0335 0.04824)
(0.2613 0.0335 0.04824)
(0.268 0.0335 0.04824)
(0.2747 0.0335 0.04824)
(0.2814 0.0335 0.04824)
(0.2881 0.0335 0.04824)
(0.2948 0.0335 0.04824)
(0.3015 0.0335 0.04824)
(0.3082 0.0335 0.04824)
(0.3149 0.0335 0.04824)
(0.3216 0.0335 0.04824)
(0.3283 0.0335 0.04824)
(0.335 0.0335 0.04824)
(0 0 0.04958)
(0.0067 0 0.04958)
(0.0134 0 0.04958)
(0.0201 0 0.04958)
(0.0268 0 0.04958)
(0.0335 0 0.04958)
(0.0402 0 0.04958)
(0.0469 0 0.04958)
(0.0536 0 0.04958)
(0.0603 0 0.04958)
(0.067 0 0.04958)
(0.0737 0 0.04958)
(0.0804 0 0.04958)
(0.0871 0 0.04958)
(0.0938 0 0.04958)
(0.1005 0 0.04958)
(0.1072 0 0.04958)
(0.1139 0 0.04958)
(0.1206 0 0.04958)
(0.1273 0 0.04958)
(0.134 0 0.04958)
(0.1407 0 0.04958)
(0.1474 0 0.04958)
(0.1541 0 0.04958)
(0.1608 0 0.04958)
(0.1675 0 0.04958)
(0.1742 0 0.04958)
(0.1809 0 0.04958)
(0.1876 0 0.04958)
(0.1943 0 0.04958)
(0.201 0 0.04958)
(0.2077 0 0.04958)
(0.2144 0 0.04958)
(0.2211 0 0.04958)
(0.2278 0 0.04958)
(0.2345 0 0.04958)
(0.2412 0 0.04958)
(0.2479 0 0.04958)
(0.2546 0 0.04958)
(0.2613 0 0.04958)
(0.268 0 0.04958)
(0.2747 0 0.04958)
(0.2814 0 0.04958)
(0.2881 0 0.04958)
(0.2948 0 0.04958)
(0.3015 0 0.04958)
(0.3082 0 0.04958)
(0.3149 0 0.04958)
(0.3216 0 0.04958)
(0.3283 0 0.04958)
(0.335 0 0.04958)
(0 0.0335 0.04958)
(0.0067 0.0335 0.04958)
(0.0134 0.0335 0.04958)
(0.0201 0.0335 0.04958)
(0.0268 0.0335 0.04958)
(0.0335 0.0335 0.04958)
(0.0402 0.0335 0.04958)
(0.0469 0.0335 0.04958)
(0.0536 0.0335 0.04958)
(0.0603 0.0335 0.04958)
(0.067 0.0335 0.04958)
(0.0737 0.0335 0.04958)
(0.0804 0.0335 0.04958)
(0.0871 0.0335 0.04958)
(0.0938 0.0335 0.04958)
(0.1005 0.0335 0.04958)
(0.1072 0.0335 0.04958)
(0.1139 0.0335 0.04958)
(0.1206 0.0335 0.04958)
(0.1273 0.0335 0.04958)
(0.134 0.0335 0.04958)
(0.1407 0.0335 0.04958)
(0.1474 0.0335 0.04958)
(0.1541 0.0335 0.04958)
(0.1608 0.0335 0.04958)
(0.1675 0.0335 0.04958)
(0.1742 0.0335 0.04958)
(0.1809 0.0335 0.04958)
(0.1876 0.0335 0.04958)
(0.1943 0.0335 0.04958)
(0.201 0.0335 0.04958)
(0.2077 0.0335 0.04958)
(0.2144 0.0335 0.04958)
(0.2211 0.0335 0.04958)
(0.2278 0.0335 0.04958)
(0.2345 0.0335 0.04958)
(0.2412 0.0335 0.04958)
(0.2479 0.0335 0.04958)
(0.2546 0.0335 0.04958)
(0.2613 0.0335 0.04958)
(0.268 0.0335 0.04958)
(0.2747 0.0335 0.04958)
(0.2814 0.0335 0.04958)
(0.2881 0.0335 0.04958)
(0.2948 0.0335 0.04958)
(0.3015 0.0335 0.04958)
(0.3082 0.0335 0.04958)
(0.3149 0.0335 0.04958)
(0.3216 0.0335 0.04958)
(0.3283 0.0335 0.04958)
(0.335 0.0335 0.04958)
(0 0 0.05092)
(0.0067 0 0.05092)
(0.0134 0 0.05092)
(0.0201 0 0.05092)
(0.0268 0 0.05092)
(0.0335 0 0.05092)
(0.0402 0 0.05092)
(0.0469 0 0.05092)
(0.0536 0 0.05092)
(0.0603 0 0.05092)
(0.067 0 0.05092)
(0.0737 0 0.05092)
(0.0804 0 0.05092)
(0.0871 0 0.05092)
(0.0938 0 0.05092)
(0.1005 0 0.05092)
(0.1072 0 0.05092)
(0.1139 0 0.05092)
(0.1206 0 0.05092)
(0.1273 0 0.05092)
(0.134 0 0.05092)
(0.1407 0 0.05092)
(0.1474 0 0.05092)
(0.1541 0 0.05092)
(0.1608 0 0.05092)
(0.1675 0 0.05092)
(0.1742 0 0.05092)
(0.1809 0 0.05092)
(0.1876 0 0.05092)
(0.1943 0 0.05092)
(0.201 0 0.05092)
(0.2077 0 0.05092)
(0.2144 0 0.05092)
(0.2211 0 0.05092)
(0.2278 0 0.05092)
(0.2345 0 0.05092)
(0.2412 0 0.05092)
(0.2479 0 0.05092)
(0.2546 0 0.05092)
(0.2613 0 0.05092)
(0.268 0 0.05092)
(0.2747 0 0.05092)
(0.2814 0 0.05092)
(0.2881 0 0.05092)
(0.2948 0 0.05092)
(0.3015 0 0.05092)
(0.3082 0 0.05092)
(0.3149 0 0.05092)
(0.3216 0 0.05092)
(0.3283 0 0.05092)
(0.335 0 0.05092)
(0 0.0335 0.05092)
(0.0067 0.0335 0.05092)
(0.0134 0.0335 0.05092)
(0.0201 0.0335 0.05092)
(0.0268 0.0335 0.05092)
(0.0335 0.0335 0.05092)
(0.0402 0.0335 0.05092)
(0.0469 0.0335 0.05092)
(0.0536 0.0335 0.05092)
(0.0603 0.0335 0.05092)
(0.067 0.0335 0.05092)
(0.0737 0.0335 0.05092)
(0.0804 0.0335 0.05092)
(0.0871 0.0335 0.05092)
(0.0938 0.0335 0.05092)
(0.1005 0.0335 0.05092)
(0.1072 0.0335 0.05092)
(0.1139 0.0335 0.05092)
(0.1206 0.0335 0.05092)
(0.1273 0.0335 0.05092)
(0.134 0.0335 0.05092)
(0.1407 0.0335 0.05092)
(0.1474 0.0335 0.05092)
(0.1541 0.0335 0.05092)
(0.1608 0.0335 0.05092)
(0.1675 0.0335 0.05092)
(0.1742 0.0335 0.05092)
(0.1809 0.0335 0.05092)
(0.1876 0.0335 0.05092)
(0.1943 0.0335 0.05092)
(0.201 0.0335 0.05092)
(0.2077 0.0335 0.05092)
(0.2144 0.0335 0.05092)
(0.2211 0.0335 0.05092)
(0.2278 0.0335 0.05092)
(0.2345 0.0335 0.05092)
(0.2412 0.0335 0.05092)
(0.2479 0.0335 0.05092)
(0.2546 0.0335 0.05092)
(0.2613 0.0335 0.05092)
(0.268 0.0335 0.05092)
(0.2747 0.0335 0.05092)
(0.2814 0.0335 0.05092)
(0.2881 0.0335 0.05092)
(0.2948 0.0335 0.05092)
(0.3015 0.0335 0.05092)
(0.3082 0.0335 0.05092)
(0.3149 0.0335 0.05092)
(0.3216 0.0335 0.05092)
(0.3283 0.0335 0.05092)
(0.335 0.0335 0.05092)
(0 0 0.05226)
(0.0067 0 0.05226)
(0.0134 0 0.05226)
(0.0201 0 0.05226)
(0.0268 0 0.05226)
(0.0335 0 0.05226)
(0.0402 0 0.05226)
(0.0469 0 0.05226)
(0.0536 0 0.05226)
(0.0603 0 0.05226)
(0.067 0 0.05226)
(0.0737 0 0.05226)
(0.0804 0 0.05226)
(0.0871 0 0.05226)
(0.0938 0 0.05226)
(0.1005 0 0.05226)
(0.1072 0 0.05226)
(0.1139 0 0.05226)
(0.1206 0 0.05226)
(0.1273 0 0.05226)
(0.134 0 0.05226)
(0.1407 0 0.05226)
(0.1474 0 0.05226)
(0.1541 0 0.05226)
(0.1608 0 0.05226)
(0.1675 0 0.05226)
(0.1742 0 0.05226)
(0.1809 0 0.05226)
(0.1876 0 0.05226)
(0.1943 0 0.05226)
(0.201 0 0.05226)
(0.2077 0 0.05226)
(0.2144 0 0.05226)
(0.2211 0 0.05226)
(0.2278 0 0.05226)
(0.2345 0 0.05226)
(0.2412 0 0.05226)
(0.2479 0 0.05226)
(0.2546 0 0.05226)
(0.2613 0 0.05226)
(0.268 0 0.05226)
(0.2747 0 0.05226)
(0.2814 0 0.05226)
(0.2881 0 0.05226)
(0.2948 0 0.05226)
(0.3015 0 0.05226)
(0.3082 0 0.05226)
(0.3149 0 0.05226)
(0.3216 0 0.05226)
(0.3283 0 0.05226)
(0.335 0 0.05226)
(0 0.0335 0.05226)
(0.0067 0.0335 0.05226)
(0.0134 0.0335 0.05226)
(0.0201 0.0335 0.05226)
(0.0268 0.0335 0.05226)
(0.0335 0.0335 0.05226)
(0.0402 0.0335 0.05226)
(0.0469 0.0335 0.05226)
(0.0536 0.0335 0.05226)
(0.0603 0.0335 0.05226)
(0.067 0.0335 0.05226)
(0.0737 0.0335 0.05226)
(0.0804 0.0335 0.05226)
(0.0871 0.0335 0.05226)
(0.0938 0.0335 0.05226)
(0.1005 0.0335 0.05226)
(0.1072 0.0335 0.05226)
(0.1139 0.0335 0.05226)
(0.1206 0.0335 0.05226)
(0.1273 0.0335 0.05226)
(0.134 0.0335 0.05226)
(0.1407 0.0335 0.05226)
(0.1474 0.0335 0.05226)
(0.1541 0.0335 0.05226)
(0.1608 0.0335 0.05226)
(0.1675 0.0335 0.05226)
(0.1742 0.0335 0.05226)
(0.1809 0.0335 0.05226)
(0.1876 0.0335 0.05226)
(0.1943 0.0335 0.05226)
(0.201 0.0335 0.05226)
(0.2077 0.0335 0.05226)
(0.2144 0.0335 0.05226)
(0.2211 0.0335 0.05226)
(0.2278 0.0335 0.05226)
(0.2345 0.0335 0.05226)
(0.2412 0.0335 0.05226)
(0.2479 0.0335 0.05226)
(0.2546 0.0335 0.05226)
(0.2613 0.0335 0.05226)
(0.268 0.0335 0.05226)
(0.2747 0.0335 0.05226)
(0.2814 0.0335 0.05226)
(0.2881 0.0335 0.05226)
(0.2948 0.0335 0.05226)
(0.3015 0.0335 0.05226)
(0.3082 0.0335 0.05226)
(0.3149 0.0335 0.05226)
(0.3216 0.0335 0.05226)
(0.3283 0.0335 0.05226)
(0.335 0.0335 0.05226)
(0 0 0.0536)
(0.0067 0 0.0536)
(0.0134 0 0.0536)
(0.0201 0 0.0536)
(0.0268 0 0.0536)
(0.0335 0 0.0536)
(0.0402 0 0.0536)
(0.0469 0 0.0536)
(0.0536 0 0.0536)
(0.0603 0 0.0536)
(0.067 0 0.0536)
(0.0737 0 0.0536)
(0.0804 0 0.0536)
(0.0871 0 0.0536)
(0.0938 0 0.0536)
(0.1005 0 0.0536)
(0.1072 0 0.0536)
(0.1139 0 0.0536)
(0.1206 0 0.0536)
(0.1273 0 0.0536)
(0.134 0 0.0536)
(0.1407 0 0.0536)
(0.1474 0 0.0536)
(0.1541 0 0.0536)
(0.1608 0 0.0536)
(0.1675 0 0.0536)
(0.1742 0 0.0536)
(0.1809 0 0.0536)
(0.1876 0 0.0536)
(0.1943 0 0.0536)
(0.201 0 0.0536)
(0.2077 0 0.0536)
(0.2144 0 0.0536)
(0.2211 0 0.0536)
(0.2278 0 0.0536)
(0.2345 0 0.0536)
(0.2412 0 0.0536)
(0.2479 0 0.0536)
(0.2546 0 0.0536)
(0.2613 0 0.0536)
(0.268 0 0.0536)
(0.2747 0 0.0536)
(0.2814 0 0.0536)
(0.2881 0 0.0536)
(0.2948 0 0.0536)
(0.3015 0 0.0536)
(0.3082 0 0.0536)
(0.3149 0 0.0536)
(0.3216 0 0.0536)
(0.3283 0 0.0536)
(0.335 0 0.0536)
(0 0.0335 0.0536)
(0.0067 0.0335 0.0536)
(0.0134 0.0335 0.0536)
(0.0201 0.0335 0.0536)
(0.0268 0.0335 0.0536)
(0.0335 0.0335 0.0536)
(0.0402 0.0335 0.0536)
(0.0469 0.0335 0.0536)
(0.0536 0.0335 0.0536)
(0.0603 0.0335 0.0536)
(0.067 0.0335 0.0536)
(0.0737 0.0335 0.0536)
(0.0804 0.0335 0.0536)
(0.0871 0.0335 0.0536)
(0.0938 0.0335 0.0536)
(0.1005 0.0335 0.0536)
(0.1072 0.0335 0.0536)
(0.1139 0.0335 0.0536)
(0.1206 0.0335 0.0536)
(0.1273 0.0335 0.0536)
(0.134 0.0335 0.0536)
(0.1407 0.0335 0.0536)
(0.1474 0.0335 0.0536)
(0.1541 0.0335 0.0536)
(0.1608 0.0335 0.0536)
(0.1675 0.0335 0.0536)
(0.1742 0.0335 0.0536)
(0.1809 0.0335 0.0536)
(0.1876 0.0335 0.0536)
(0.1943 0.0335 0.0536)
(0.201 0.0335 0.0536)
(0.2077 0.0335 0.0536)
(0.2144 0.0335 0.0536)
(0.2211 0.0335 0.0536)
(0.2278 0.0335 0.0536)
(0.2345 0.0335 0.0536)
(0.2412 0.0335 0.0536)
(0.2479 0.0335 0.0536)
(0.2546 0.0335 0.0536)
(0.2613 0.0335 0.0536)
(0.268 0.0335 0.0536)
(0.2747 0.0335 0.0536)
(0.2814 0.0335 0.0536)
(0.2881 0.0335 0.0536)
(0.2948 0.0335 0.0536)
(0.3015 0.0335 0.0536)
(0.3082 0.0335 0.0536)
(0.3149 0.0335 0.0536)
(0.3216 0.0335 0.0536)
(0.3283 0.0335 0.0536)
(0.335 0.0335 0.0536)
(0 0 0.05494)
(0.0067 0 0.05494)
(0.0134 0 0.05494)
(0.0201 0 0.05494)
(0.0268 0 0.05494)
(0.0335 0 0.05494)
(0.0402 0 0.05494)
(0.0469 0 0.05494)
(0.0536 0 0.05494)
(0.0603 0 0.05494)
(0.067 0 0.05494)
(0.0737 0 0.05494)
(0.0804 0 0.05494)
(0.0871 0 0.05494)
(0.0938 0 0.05494)
(0.1005 0 0.05494)
(0.1072 0 0.05494)
(0.1139 0 0.05494)
(0.1206 0 0.05494)
(0.1273 0 0.05494)
(0.134 0 0.05494)
(0.1407 0 0.05494)
(0.1474 0 0.05494)
(0.1541 0 0.05494)
(0.1608 0 0.05494)
(0.1675 0 0.05494)
(0.1742 0 0.05494)
(0.1809 0 0.05494)
(0.1876 0 0.05494)
(0.1943 0 0.05494)
(0.201 0 0.05494)
(0.2077 0 0.05494)
(0.2144 0 0.05494)
(0.2211 0 0.05494)
(0.2278 0 0.05494)
(0.2345 0 0.05494)
(0.2412 0 0.05494)
(0.2479 0 0.05494)
(0.2546 0 0.05494)
(0.2613 0 0.05494)
(0.268 0 0.05494)
(0.2747 0 0.05494)
(0.2814 0 0.05494)
(0.2881 0 0.05494)
(0.2948 0 0.05494)
(0.3015 0 0.05494)
(0.3082 0 0.05494)
(0.3149 0 0.05494)
(0.3216 0 0.05494)
(0.3283 0 0.05494)
(0.335 0 0.05494)
(0 0.0335 0.05494)
(0.0067 0.0335 0.05494)
(0.0134 0.0335 0.05494)
(0.0201 0.0335 0.05494)
(0.0268 0.0335 0.05494)
(0.0335 0.0335 0.05494)
(0.0402 0.0335 0.05494)
(0.0469 0.0335 0.05494)
(0.0536 0.0335 0.05494)
(0.0603 0.0335 0.05494)
(0.067 0.0335 0.05494)
(0.0737 0.0335 0.05494)
(0.0804 0.0335 0.05494)
(0.0871 0.0335 0.05494)
(0.0938 0.0335 0.05494)
(0.1005 0.0335 0.05494)
(0.1072 0.0335 0.05494)
(0.1139 0.0335 0.05494)
(0.1206 0.0335 0.05494)
(0.1273 0.0335 0.05494)
(0.134 0.0335 0.05494)
(0.1407 0.0335 0.05494)
(0.1474 0.0335 0.05494)
(0.1541 0.0335 0.05494)
(0.1608 0.0335 0.05494)
(0.1675 0.0335 0.05494)
(0.1742 0.0335 0.05494)
(0.1809 0.0335 0.05494)
(0.1876 0.0335 0.05494)
(0.1943 0.0335 0.05494)
(0.201 0.0335 0.05494)
(0.2077 0.0335 0.05494)
(0.2144 0.0335 0.05494)
(0.2211 0.0335 0.05494)
(0.2278 0.0335 0.05494)
(0.2345 0.0335 0.05494)
(0.2412 0.0335 0.05494)
(0.2479 0.0335 0.05494)
(0.2546 0.0335 0.05494)
(0.2613 0.0335 0.05494)
(0.268 0.0335 0.05494)
(0.2747 0.0335 0.05494)
(0.2814 0.0335 0.05494)
(0.2881 0.0335 0.05494)
(0.2948 0.0335 0.05494)
(0.3015 0.0335 0.05494)
(0.3082 0.0335 0.05494)
(0.3149 0.0335 0.05494)
(0.3216 0.0335 0.05494)
(0.3283 0.0335 0.05494)
(0.335 0.0335 0.05494)
(0 0 0.05628)
(0.0067 0 0.05628)
(0.0134 0 0.05628)
(0.0201 0 0.05628)
(0.0268 0 0.05628)
(0.0335 0 0.05628)
(0.0402 0 0.05628)
(0.0469 0 0.05628)
(0.0536 0 0.05628)
(0.0603 0 0.05628)
(0.067 0 0.05628)
(0.0737 0 0.05628)
(0.0804 0 0.05628)
(0.0871 0 0.05628)
(0.0938 0 0.05628)
(0.1005 0 0.05628)
(0.1072 0 0.05628)
(0.1139 0 0.05628)
(0.1206 0 0.05628)
(0.1273 0 0.05628)
(0.134 0 0.05628)
(0.1407 0 0.05628)
(0.1474 0 0.05628)
(0.1541 0 0.05628)
(0.1608 0 0.05628)
(0.1675 0 0.05628)
(0.1742 0 0.05628)
(0.1809 0 0.05628)
(0.1876 0 0.05628)
(0.1943 0 0.05628)
(0.201 0 0.05628)
(0.2077 0 0.05628)
(0.2144 0 0.05628)
(0.2211 0 0.05628)
(0.2278 0 0.05628)
(0.2345 0 0.05628)
(0.2412 0 0.05628)
(0.2479 0 0.05628)
(0.2546 0 0.05628)
(0.2613 0 0.05628)
(0.268 0 0.05628)
(0.2747 0 0.05628)
(0.2814 0 0.05628)
(0.2881 0 0.05628)
(0.2948 0 0.05628)
(0.3015 0 0.05628)
(0.3082 0 0.05628)
(0.3149 0 0.05628)
(0.3216 0 0.05628)
(0.3283 0 0.05628)
(0.335 0 0.05628)
(0 0.0335 0.05628)
(0.0067 0.0335 0.05628)
(0.0134 0.0335 0.05628)
(0.0201 0.0335 0.05628)
(0.0268 0.0335 0.05628)
(0.0335 0.0335 0.05628)
(0.0402 0.0335 0.05628)
(0.0469 0.0335 0.05628)
(0.0536 0.0335 0.05628)
(0.0603 0.0335 0.05628)
(0.067 0.0335 0.05628)
(0.0737 0.0335 0.05628)
(0.0804 0.0335 0.05628)
(0.0871 0.0335 0.05628)
(0.0938 0.0335 0.05628)
(0.1005 0.0335 0.05628)
(0.1072 0.0335 0.05628)
(0.1139 0.0335 0.05628)
(0.1206 0.0335 0.05628)
(0.1273 0.0335 0.05628)
(0.134 0.0335 0.05628)
(0.1407 0.0335 0.05628)
(0.1474 0.0335 0.05628)
(0.1541 0.0335 0.05628)
(0.1608 0.0335 0.05628)
(0.1675 0.0335 0.05628)
(0.1742 0.0335 0.05628)
(0.1809 0.0335 0.05628)
(0.1876 0.0335 0.05628)
(0.1943 0.0335 0.05628)
(0.201 0.0335 0.05628)
(0.2077 0.0335 0.05628)
(0.2144 0.0335 0.05628)
(0.2211 0.0335 0.05628)
(0.2278 0.0335 0.05628)
(0.2345 0.0335 0.05628)
(0.2412 0.0335 0.05628)
(0.2479 0.0335 0.05628)
(0.2546 0.0335 0.05628)
(0.2613 0.0335 0.05628)
(0.268 0.0335 0.05628)
(0.2747 0.0335 0.05628)
(0.2814 0.0335 0.05628)
(0.2881 0.0335 0.05628)
(0.2948 0.0335 0.05628)
(0.3015 0.0335 0.05628)
(0.3082 0.0335 0.05628)
(0.3149 0.0335 0.05628)
(0.3216 0.0335 0.05628)
(0.3283 0.0335 0.05628)
(0.335 0.0335 0.05628)
(0 0 0.05762)
(0.0067 0 0.05762)
(0.0134 0 0.05762)
(0.0201 0 0.05762)
(0.0268 0 0.05762)
(0.0335 0 0.05762)
(0.0402 0 0.05762)
(0.0469 0 0.05762)
(0.0536 0 0.05762)
(0.0603 0 0.05762)
(0.067 0 0.05762)
(0.0737 0 0.05762)
(0.0804 0 0.05762)
(0.0871 0 0.05762)
(0.0938 0 0.05762)
(0.1005 0 0.05762)
(0.1072 0 0.05762)
(0.1139 0 0.05762)
(0.1206 0 0.05762)
(0.1273 0 0.05762)
(0.134 0 0.05762)
(0.1407 0 0.05762)
(0.1474 0 0.05762)
(0.1541 0 0.05762)
(0.1608 0 0.05762)
(0.1675 0 0.05762)
(0.1742 0 0.05762)
(0.1809 0 0.05762)
(0.1876 0 0.05762)
(0.1943 0 0.05762)
(0.201 0 0.05762)
(0.2077 0 0.05762)
(0.2144 0 0.05762)
(0.2211 0 0.05762)
(0.2278 0 0.05762)
(0.2345 0 0.05762)
(0.2412 0 0.05762)
(0.2479 0 0.05762)
(0.2546 0 0.05762)
(0.2613 0 0.05762)
(0.268 0 0.05762)
(0.2747 0 0.05762)
(0.2814 0 0.05762)
(0.2881 0 0.05762)
(0.2948 0 0.05762)
(0.3015 0 0.05762)
(0.3082 0 0.05762)
(0.3149 0 0.05762)
(0.3216 0 0.05762)
(0.3283 0 0.05762)
(0.335 0 0.05762)
(0 0.0335 0.05762)
(0.0067 0.0335 0.05762)
(0.0134 0.0335 0.05762)
(0.0201 0.0335 0.05762)
(0.0268 0.0335 0.05762)
(0.0335 0.0335 0.05762)
(0.0402 0.0335 0.05762)
(0.0469 0.0335 0.05762)
(0.0536 0.0335 0.05762)
(0.0603 0.0335 0.05762)
(0.067 0.0335 0.05762)
(0.0737 0.0335 0.05762)
(0.0804 0.0335 0.05762)
(0.0871 0.0335 0.05762)
(0.0938 0.0335 0.05762)
(0.1005 0.0335 0.05762)
(0.1072 0.0335 0.05762)
(0.1139 0.0335 0.05762)
(0.1206 0.0335 0.05762)
(0.1273 0.0335 0.05762)
(0.134 0.0335 0.05762)
(0.1407 0.0335 0.05762)
(0.1474 0.0335 0.05762)
(0.1541 0.0335 0.05762)
(0.1608 0.0335 0.05762)
(0.1675 0.0335 0.05762)
(0.1742 0.0335 0.05762)
(0.1809 0.0335 0.05762)
(0.1876 0.0335 0.05762)
(0.1943 0.0335 0.05762)
(0.201 0.0335 0.05762)
(0.2077 0.0335 0.05762)
(0.2144 0.0335 0.05762)
(0.2211 0.0335 0.05762)
(0.2278 0.0335 0.05762)
(0.2345 0.0335 0.05762)
(0.2412 0.0335 0.05762)
(0.2479 0.0335 0.05762)
(0.2546 0.0335 0.05762)
(0.2613 0.0335 0.05762)
(0.268 0.0335 0.05762)
(0.2747 0.0335 0.05762)
(0.2814 0.0335 0.05762)
(0.2881 0.0335 0.05762)
(0.2948 0.0335 0.05762)
(0.3015 0.0335 0.05762)
(0.3082 0.0335 0.05762)
(0.3149 0.0335 0.05762)
(0.3216 0.0335 0.05762)
(0.3283 0.0335 0.05762)
(0.335 0.0335 0.05762)
(0 0 0.05896)
(0.0067 0 0.05896)
(0.0134 0 0.05896)
(0.0201 0 0.05896)
(0.0268 0 0.05896)
(0.0335 0 0.05896)
(0.0402 0 0.05896)
(0.0469 0 0.05896)
(0.0536 0 0.05896)
(0.0603 0 0.05896)
(0.067 0 0.05896)
(0.0737 0 0.05896)
(0.0804 0 0.05896)
(0.0871 0 0.05896)
(0.0938 0 0.05896)
(0.1005 0 0.05896)
(0.1072 0 0.05896)
(0.1139 0 0.05896)
(0.1206 0 0.05896)
(0.1273 0 0.05896)
(0.134 0 0.05896)
(0.1407 0 0.05896)
(0.1474 0 0.05896)
(0.1541 0 0.05896)
(0.1608 0 0.05896)
(0.1675 0 0.05896)
(0.1742 0 0.05896)
(0.1809 0 0.05896)
(0.1876 0 0.05896)
(0.1943 0 0.05896)
(0.201 0 0.05896)
(0.2077 0 0.05896)
(0.2144 0 0.05896)
(0.2211 0 0.05896)
(0.2278 0 0.05896)
(0.2345 0 0.05896)
(0.2412 0 0.05896)
(0.2479 0 0.05896)
(0.2546 0 0.05896)
(0.2613 0 0.05896)
(0.268 0 0.05896)
(0.2747 0 0.05896)
(0.2814 0 0.05896)
(0.2881 0 0.05896)
(0.2948 0 0.05896)
(0.3015 0 0.05896)
(0.3082 0 0.05896)
(0.3149 0 0.05896)
(0.3216 0 0.05896)
(0.3283 0 0.05896)
(0.335 0 0.05896)
(0 0.0335 0.05896)
(0.0067 0.0335 0.05896)
(0.0134 0.0335 0.05896)
(0.0201 0.0335 0.05896)
(0.0268 0.0335 0.05896)
(0.0335 0.0335 0.05896)
(0.0402 0.0335 0.05896)
(0.0469 0.0335 0.05896)
(0.0536 0.0335 0.05896)
(0.0603 0.0335 0.05896)
(0.067 0.0335 0.05896)
(0.0737 0.0335 0.05896)
(0.0804 0.0335 0.05896)
(0.0871 0.0335 0.05896)
(0.0938 0.0335 0.05896)
(0.1005 0.0335 0.05896)
(0.1072 0.0335 0.05896)
(0.1139 0.0335 0.05896)
(0.1206 0.0335 0.05896)
(0.1273 0.0335 0.05896)
(0.134 0.0335 0.05896)
(0.1407 0.0335 0.05896)
(0.1474 0.0335 0.05896)
(0.1541 0.0335 0.05896)
(0.1608 0.0335 0.05896)
(0.1675 0.0335 0.05896)
(0.1742 0.0335 0.05896)
(0.1809 0.0335 0.05896)
(0.1876 0.0335 0.05896)
(0.1943 0.0335 0.05896)
(0.201 0.0335 0.05896)
(0.2077 0.0335 0.05896)
(0.2144 0.0335 0.05896)
(0.2211 0.0335 0.05896)
(0.2278 0.0335 0.05896)
(0.2345 0.0335 0.05896)
(0.2412 0.0335 0.05896)
(0.2479 0.0335 0.05896)
(0.2546 0.0335 0.05896)
(0.2613 0.0335 0.05896)
(0.268 0.0335 0.05896)
(0.2747 0.0335 0.05896)
(0.2814 0.0335 0.05896)
(0.2881 0.0335 0.05896)
(0.2948 0.0335 0.05896)
(0.3015 0.0335 0.05896)
(0.3082 0.0335 0.05896)
(0.3149 0.0335 0.05896)
(0.3216 0.0335 0.05896)
(0.3283 0.0335 0.05896)
(0.335 0.0335 0.05896)
(0 0 0.0603)
(0.0067 0 0.0603)
(0.0134 0 0.0603)
(0.0201 0 0.0603)
(0.0268 0 0.0603)
(0.0335 0 0.0603)
(0.0402 0 0.0603)
(0.0469 0 0.0603)
(0.0536 0 0.0603)
(0.0603 0 0.0603)
(0.067 0 0.0603)
(0.0737 0 0.0603)
(0.0804 0 0.0603)
(0.0871 0 0.0603)
(0.0938 0 0.0603)
(0.1005 0 0.0603)
(0.1072 0 0.0603)
(0.1139 0 0.0603)
(0.1206 0 0.0603)
(0.1273 0 0.0603)
(0.134 0 0.0603)
(0.1407 0 0.0603)
(0.1474 0 0.0603)
(0.1541 0 0.0603)
(0.1608 0 0.0603)
(0.1675 0 0.0603)
(0.1742 0 0.0603)
(0.1809 0 0.0603)
(0.1876 0 0.0603)
(0.1943 0 0.0603)
(0.201 0 0.0603)
(0.2077 0 0.0603)
(0.2144 0 0.0603)
(0.2211 0 0.0603)
(0.2278 0 0.0603)
(0.2345 0 0.0603)
(0.2412 0 0.0603)
(0.2479 0 0.0603)
(0.2546 0 0.0603)
(0.2613 0 0.0603)
(0.268 0 0.0603)
(0.2747 0 0.0603)
(0.2814 0 0.0603)
(0.2881 0 0.0603)
(0.2948 0 0.0603)
(0.3015 0 0.0603)
(0.3082 0 0.0603)
(0.3149 0 0.0603)
(0.3216 0 0.0603)
(0.3283 0 0.0603)
(0.335 0 0.0603)
(0 0.0335 0.0603)
(0.0067 0.0335 0.0603)
(0.0134 0.0335 0.0603)
(0.0201 0.0335 0.0603)
(0.0268 0.0335 0.0603)
(0.0335 0.0335 0.0603)
(0.0402 0.0335 0.0603)
(0.0469 0.0335 0.0603)
(0.0536 0.0335 0.0603)
(0.0603 0.0335 0.0603)
(0.067 0.0335 0.0603)
(0.0737 0.0335 0.0603)
(0.0804 0.0335 0.0603)
(0.0871 0.0335 0.0603)
(0.0938 0.0335 0.0603)
(0.1005 0.0335 0.0603)
(0.1072 0.0335 0.0603)
(0.1139 0.0335 0.0603)
(0.1206 0.0335 0.0603)
(0.1273 0.0335 0.0603)
(0.134 0.0335 0.0603)
(0.1407 0.0335 0.0603)
(0.1474 0.0335 0.0603)
(0.1541 0.0335 0.0603)
(0.1608 0.0335 0.0603)
(0.1675 0.0335 0.0603)
(0.1742 0.0335 0.0603)
(0.1809 0.0335 0.0603)
(0.1876 0.0335 0.0603)
(0.1943 0.0335 0.0603)
(0.201 0.0335 0.0603)
(0.2077 0.0335 0.0603)
(0.2144 0.0335 0.0603)
(0.2211 0.0335 0.0603)
(0.2278 0.0335 0.0603)
(0.2345 0.0335 0.0603)
(0.2412 0.0335 0.0603)
(0.2479 0.0335 0.0603)
(0.2546 0.0335 0.0603)
(0.2613 0.0335 0.0603)
(0.268 0.0335 0.0603)
(0.2747 0.0335 0.0603)
(0.2814 0.0335 0.0603)
(0.2881 0.0335 0.0603)
(0.2948 0.0335 0.0603)
(0.3015 0.0335 0.0603)
(0.3082 0.0335 0.0603)
(0.3149 0.0335 0.0603)
(0.3216 0.0335 0.0603)
(0.3283 0.0335 0.0603)
(0.335 0.0335 0.0603)
(0 0 0.06164)
(0.0067 0 0.06164)
(0.0134 0 0.06164)
(0.0201 0 0.06164)
(0.0268 0 0.06164)
(0.0335 0 0.06164)
(0.0402 0 0.06164)
(0.0469 0 0.06164)
(0.0536 0 0.06164)
(0.0603 0 0.06164)
(0.067 0 0.06164)
(0.0737 0 0.06164)
(0.0804 0 0.06164)
(0.0871 0 0.06164)
(0.0938 0 0.06164)
(0.1005 0 0.06164)
(0.1072 0 0.06164)
(0.1139 0 0.06164)
(0.1206 0 0.06164)
(0.1273 0 0.06164)
(0.134 0 0.06164)
(0.1407 0 0.06164)
(0.1474 0 0.06164)
(0.1541 0 0.06164)
(0.1608 0 0.06164)
(0.1675 0 0.06164)
(0.1742 0 0.06164)
(0.1809 0 0.06164)
(0.1876 0 0.06164)
(0.1943 0 0.06164)
(0.201 0 0.06164)
(0.2077 0 0.06164)
(0.2144 0 0.06164)
(0.2211 0 0.06164)
(0.2278 0 0.06164)
(0.2345 0 0.06164)
(0.2412 0 0.06164)
(0.2479 0 0.06164)
(0.2546 0 0.06164)
(0.2613 0 0.06164)
(0.268 0 0.06164)
(0.2747 0 0.06164)
(0.2814 0 0.06164)
(0.2881 0 0.06164)
(0.2948 0 0.06164)
(0.3015 0 0.06164)
(0.3082 0 0.06164)
(0.3149 0 0.06164)
(0.3216 0 0.06164)
(0.3283 0 0.06164)
(0.335 0 0.06164)
(0 0.0335 0.06164)
(0.0067 0.0335 0.06164)
(0.0134 0.0335 0.06164)
(0.0201 0.0335 0.06164)
(0.0268 0.0335 0.06164)
(0.0335 0.0335 0.06164)
(0.0402 0.0335 0.06164)
(0.0469 0.0335 0.06164)
(0.0536 0.0335 0.06164)
(0.0603 0.0335 0.06164)
(0.067 0.0335 0.06164)
(0.0737 0.0335 0.06164)
(0.0804 0.0335 0.06164)
(0.0871 0.0335 0.06164)
(0.0938 0.0335 0.06164)
(0.1005 0.0335 0.06164)
(0.1072 0.0335 0.06164)
(0.1139 0.0335 0.06164)
(0.1206 0.0335 0.06164)
(0.1273 0.0335 0.06164)
(0.134 0.0335 0.06164)
(0.1407 0.0335 0.06164)
(0.1474 0.0335 0.06164)
(0.1541 0.0335 0.06164)
(0.1608 0.0335 0.06164)
(0.1675 0.0335 0.06164)
(0.1742 0.0335 0.06164)
(0.1809 0.0335 0.06164)
(0.1876 0.0335 0.06164)
(0.1943 0.0335 0.06164)
(0.201 0.0335 0.06164)
(0.2077 0.0335 0.06164)
(0.2144 0.0335 0.06164)
(0.2211 0.0335 0.06164)
(0.2278 0.0335 0.06164)
(0.2345 0.0335 0.06164)
(0.2412 0.0335 0.06164)
(0.2479 0.0335 0.06164)
(0.2546 0.0335 0.06164)
(0.2613 0.0335 0.06164)
(0.268 0.0335 0.06164)
(0.2747 0.0335 0.06164)
(0.2814 0.0335 0.06164)
(0.2881 0.0335 0.06164)
(0.2948 0.0335 0.06164)
(0.3015 0.0335 0.06164)
(0.3082 0.0335 0.06164)
(0.3149 0.0335 0.06164)
(0.3216 0.0335 0.06164)
(0.3283 0.0335 0.06164)
(0.335 0.0335 0.06164)
(0 0 0.06298)
(0.0067 0 0.06298)
(0.0134 0 0.06298)
(0.0201 0 0.06298)
(0.0268 0 0.06298)
(0.0335 0 0.06298)
(0.0402 0 0.06298)
(0.0469 0 0.06298)
(0.0536 0 0.06298)
(0.0603 0 0.06298)
(0.067 0 0.06298)
(0.0737 0 0.06298)
(0.0804 0 0.06298)
(0.0871 0 0.06298)
(0.0938 0 0.06298)
(0.1005 0 0.06298)
(0.1072 0 0.06298)
(0.1139 0 0.06298)
(0.1206 0 0.06298)
(0.1273 0 0.06298)
(0.134 0 0.06298)
(0.1407 0 0.06298)
(0.1474 0 0.06298)
(0.1541 0 0.06298)
(0.1608 0 0.06298)
(0.1675 0 0.06298)
(0.1742 0 0.06298)
(0.1809 0 0.06298)
(0.1876 0 0.06298)
(0.1943 0 0.06298)
(0.201 0 0.06298)
(0.2077 0 0.06298)
(0.2144 0 0.06298)
(0.2211 0 0.06298)
(0.2278 0 0.06298)
(0.2345 0 0.06298)
(0.2412 0 0.06298)
(0.2479 0 0.06298)
(0.2546 0 0.06298)
(0.2613 0 0.06298)
(0.268 0 0.06298)
(0.2747 0 0.06298)
(0.2814 0 0.06298)
(0.2881 0 0.06298)
(0.2948 0 0.06298)
(0.3015 0 0.06298)
(0.3082 0 0.06298)
(0.3149 0 0.06298)
(0.3216 0 0.06298)
(0.3283 0 0.06298)
(0.335 0 0.06298)
(0 0.0335 0.06298)
(0.0067 0.0335 0.06298)
(0.0134 0.0335 0.06298)
(0.0201 0.0335 0.06298)
(0.0268 0.0335 0.06298)
(0.0335 0.0335 0.06298)
(0.0402 0.0335 0.06298)
(0.0469 0.0335 0.06298)
(0.0536 0.0335 0.06298)
(0.0603 0.0335 0.06298)
(0.067 0.0335 0.06298)
(0.0737 0.0335 0.06298)
(0.0804 0.0335 0.06298)
(0.0871 0.0335 0.06298)
(0.0938 0.0335 0.06298)
(0.1005 0.0335 0.06298)
(0.1072 0.0335 0.06298)
(0.1139 0.0335 0.06298)
(0.1206 0.0335 0.06298)
(0.1273 0.0335 0.06298)
(0.134 0.0335 0.06298)
(0.1407 0.0335 0.06298)
(0.1474 0.0335 0.06298)
(0.1541 0.0335 0.06298)
(0.1608 0.0335 0.06298)
(0.1675 0.0335 0.06298)
(0.1742 0.0335 0.06298)
(0.1809 0.0335 0.06298)
(0.1876 0.0335 0.06298)
(0.1943 0.0335 0.06298)
(0.201 0.0335 0.06298)
(0.2077 0.0335 0.06298)
(0.2144 0.0335 0.06298)
(0.2211 0.0335 0.06298)
(0.2278 0.0335 0.06298)
(0.2345 0.0335 0.06298)
(0.2412 0.0335 0.06298)
(0.2479 0.0335 0.06298)
(0.2546 0.0335 0.06298)
(0.2613 0.0335 0.06298)
(0.268 0.0335 0.06298)
(0.2747 0.0335 0.06298)
(0.2814 0.0335 0.06298)
(0.2881 0.0335 0.06298)
(0.2948 0.0335 0.06298)
(0.3015 0.0335 0.06298)
(0.3082 0.0335 0.06298)
(0.3149 0.0335 0.06298)
(0.3216 0.0335 0.06298)
(0.3283 0.0335 0.06298)
(0.335 0.0335 0.06298)
(0 0 0.06432)
(0.0067 0 0.06432)
(0.0134 0 0.06432)
(0.0201 0 0.06432)
(0.0268 0 0.06432)
(0.0335 0 0.06432)
(0.0402 0 0.06432)
(0.0469 0 0.06432)
(0.0536 0 0.06432)
(0.0603 0 0.06432)
(0.067 0 0.06432)
(0.0737 0 0.06432)
(0.0804 0 0.06432)
(0.0871 0 0.06432)
(0.0938 0 0.06432)
(0.1005 0 0.06432)
(0.1072 0 0.06432)
(0.1139 0 0.06432)
(0.1206 0 0.06432)
(0.1273 0 0.06432)
(0.134 0 0.06432)
(0.1407 0 0.06432)
(0.1474 0 0.06432)
(0.1541 0 0.06432)
(0.1608 0 0.06432)
(0.1675 0 0.06432)
(0.1742 0 0.06432)
(0.1809 0 0.06432)
(0.1876 0 0.06432)
(0.1943 0 0.06432)
(0.201 0 0.06432)
(0.2077 0 0.06432)
(0.2144 0 0.06432)
(0.2211 0 0.06432)
(0.2278 0 0.06432)
(0.2345 0 0.06432)
(0.2412 0 0.06432)
(0.2479 0 0.06432)
(0.2546 0 0.06432)
(0.2613 0 0.06432)
(0.268 0 0.06432)
(0.2747 0 0.06432)
(0.2814 0 0.06432)
(0.2881 0 0.06432)
(0.2948 0 0.06432)
(0.3015 0 0.06432)
(0.3082 0 0.06432)
(0.3149 0 0.06432)
(0.3216 0 0.06432)
(0.3283 0 0.06432)
(0.335 0 0.06432)
(0 0.0335 0.06432)
(0.0067 0.0335 0.06432)
(0.0134 0.0335 0.06432)
(0.0201 0.0335 0.06432)
(0.0268 0.0335 0.06432)
(0.0335 0.0335 0.06432)
(0.0402 0.0335 0.06432)
(0.0469 0.0335 0.06432)
(0.0536 0.0335 0.06432)
(0.0603 0.0335 0.06432)
(0.067 0.0335 0.06432)
(0.0737 0.0335 0.06432)
(0.0804 0.0335 0.06432)
(0.0871 0.0335 0.06432)
(0.0938 0.0335 0.06432)
(0.1005 0.0335 0.06432)
(0.1072 0.0335 0.06432)
(0.1139 0.0335 0.06432)
(0.1206 0.0335 0.06432)
(0.1273 0.0335 0.06432)
(0.134 0.0335 0.06432)
(0.1407 0.0335 0.06432)
(0.1474 0.0335 0.06432)
(0.1541 0.0335 0.06432)
(0.1608 0.0335 0.06432)
(0.1675 0.0335 0.06432)
(0.1742 0.0335 0.06432)
(0.1809 0.0335 0.06432)
(0.1876 0.0335 0.06432)
(0.1943 0.0335 0.06432)
(0.201 0.0335 0.06432)
(0.2077 0.0335 0.06432)
(0.2144 0.0335 0.06432)
(0.2211 0.0335 0.06432)
(0.2278 0.0335 0.06432)
(0.2345 0.0335 0.06432)
(0.2412 0.0335 0.06432)
(0.2479 0.0335 0.06432)
(0.2546 0.0335 0.06432)
(0.2613 0.0335 0.06432)
(0.268 0.0335 0.06432)
(0.2747 0.0335 0.06432)
(0.2814 0.0335 0.06432)
(0.2881 0.0335 0.06432)
(0.2948 0.0335 0.06432)
(0.3015 0.0335 0.06432)
(0.3082 0.0335 0.06432)
(0.3149 0.0335 0.06432)
(0.3216 0.0335 0.06432)
(0.3283 0.0335 0.06432)
(0.335 0.0335 0.06432)
(0 0 0.06566)
(0.0067 0 0.06566)
(0.0134 0 0.06566)
(0.0201 0 0.06566)
(0.0268 0 0.06566)
(0.0335 0 0.06566)
(0.0402 0 0.06566)
(0.0469 0 0.06566)
(0.0536 0 0.06566)
(0.0603 0 0.06566)
(0.067 0 0.06566)
(0.0737 0 0.06566)
(0.0804 0 0.06566)
(0.0871 0 0.06566)
(0.0938 0 0.06566)
(0.1005 0 0.06566)
(0.1072 0 0.06566)
(0.1139 0 0.06566)
(0.1206 0 0.06566)
(0.1273 0 0.06566)
(0.134 0 0.06566)
(0.1407 0 0.06566)
(0.1474 0 0.06566)
(0.1541 0 0.06566)
(0.1608 0 0.06566)
(0.1675 0 0.06566)
(0.1742 0 0.06566)
(0.1809 0 0.06566)
(0.1876 0 0.06566)
(0.1943 0 0.06566)
(0.201 0 0.06566)
(0.2077 0 0.06566)
(0.2144 0 0.06566)
(0.2211 0 0.06566)
(0.2278 0 0.06566)
(0.2345 0 0.06566)
(0.2412 0 0.06566)
(0.2479 0 0.06566)
(0.2546 0 0.06566)
(0.2613 0 0.06566)
(0.268 0 0.06566)
(0.2747 0 0.06566)
(0.2814 0 0.06566)
(0.2881 0 0.06566)
(0.2948 0 0.06566)
(0.3015 0 0.06566)
(0.3082 0 0.06566)
(0.3149 0 0.06566)
(0.3216 0 0.06566)
(0.3283 0 0.06566)
(0.335 0 0.06566)
(0 0.0335 0.06566)
(0.0067 0.0335 0.06566)
(0.0134 0.0335 0.06566)
(0.0201 0.0335 0.06566)
(0.0268 0.0335 0.06566)
(0.0335 0.0335 0.06566)
(0.0402 0.0335 0.06566)
(0.0469 0.0335 0.06566)
(0.0536 0.0335 0.06566)
(0.0603 0.0335 0.06566)
(0.067 0.0335 0.06566)
(0.0737 0.0335 0.06566)
(0.0804 0.0335 0.06566)
(0.0871 0.0335 0.06566)
(0.0938 0.0335 0.06566)
(0.1005 0.0335 0.06566)
(0.1072 0.0335 0.06566)
(0.1139 0.0335 0.06566)
(0.1206 0.0335 0.06566)
(0.1273 0.0335 0.06566)
(0.134 0.0335 0.06566)
(0.1407 0.0335 0.06566)
(0.1474 0.0335 0.06566)
(0.1541 0.0335 0.06566)
(0.1608 0.0335 0.06566)
(0.1675 0.0335 0.06566)
(0.1742 0.0335 0.06566)
(0.1809 0.0335 0.06566)
(0.1876 0.0335 0.06566)
(0.1943 0.0335 0.06566)
(0.201 0.0335 0.06566)
(0.2077 0.0335 0.06566)
(0.2144 0.0335 0.06566)
(0.2211 0.0335 0.06566)
(0.2278 0.0335 0.06566)
(0.2345 0.0335 0.06566)
(0.2412 0.0335 0.06566)
(0.2479 0.0335 0.06566)
(0.2546 0.0335 0.06566)
(0.2613 0.0335 0.06566)
(0.268 0.0335 0.06566)
(0.2747 0.0335 0.06566)
(0.2814 0.0335 0.06566)
(0.2881 0.0335 0.06566)
(0.2948 0.0335 0.06566)
(0.3015 0.0335 0.06566)
(0.3082 0.0335 0.06566)
(0.3149 0.0335 0.06566)
(0.3216 0.0335 0.06566)
(0.3283 0.0335 0.06566)
(0.335 0.0335 0.06566)
(0 0 0.067)
(0.0067 0 0.067)
(0.0134 0 0.067)
(0.0201 0 0.067)
(0.0268 0 0.067)
(0.0335 0 0.067)
(0.0402 0 0.067)
(0.0469 0 0.067)
(0.0536 0 0.067)
(0.0603 0 0.067)
(0.067 0 0.067)
(0.0737 0 0.067)
(0.0804 0 0.067)
(0.0871 0 0.067)
(0.0938 0 0.067)
(0.1005 0 0.067)
(0.1072 0 0.067)
(0.1139 0 0.067)
(0.1206 0 0.067)
(0.1273 0 0.067)
(0.134 0 0.067)
(0.1407 0 0.067)
(0.1474 0 0.067)
(0.1541 0 0.067)
(0.1608 0 0.067)
(0.1675 0 0.067)
(0.1742 0 0.067)
(0.1809 0 0.067)
(0.1876 0 0.067)
(0.1943 0 0.067)
(0.201 0 0.067)
(0.2077 0 0.067)
(0.2144 0 0.067)
(0.2211 0 0.067)
(0.2278 0 0.067)
(0.2345 0 0.067)
(0.2412 0 0.067)
(0.2479 0 0.067)
(0.2546 0 0.067)
(0.2613 0 0.067)
(0.268 0 0.067)
(0.2747 0 0.067)
(0.2814 0 0.067)
(0.2881 0 0.067)
(0.2948 0 0.067)
(0.3015 0 0.067)
(0.3082 0 0.067)
(0.3149 0 0.067)
(0.3216 0 0.067)
(0.3283 0 0.067)
(0.335 0 0.067)
(0 0.0335 0.067)
(0.0067 0.0335 0.067)
(0.0134 0.0335 0.067)
(0.0201 0.0335 0.067)
(0.0268 0.0335 0.067)
(0.0335 0.0335 0.067)
(0.0402 0.0335 0.067)
(0.0469 0.0335 0.067)
(0.0536 0.0335 0.067)
(0.0603 0.0335 0.067)
(0.067 0.0335 0.067)
(0.0737 0.0335 0.067)
(0.0804 0.0335 0.067)
(0.0871 0.0335 0.067)
(0.0938 0.0335 0.067)
(0.1005 0.0335 0.067)
(0.1072 0.0335 0.067)
(0.1139 0.0335 0.067)
(0.1206 0.0335 0.067)
(0.1273 0.0335 0.067)
(0.134 0.0335 0.067)
(0.1407 0.0335 0.067)
(0.1474 0.0335 0.067)
(0.1541 0.0335 0.067)
(0.1608 0.0335 0.067)
(0.1675 0.0335 0.067)
(0.1742 0.0335 0.067)
(0.1809 0.0335 0.067)
(0.1876 0.0335 0.067)
(0.1943 0.0335 0.067)
(0.201 0.0335 0.067)
(0.2077 0.0335 0.067)
(0.2144 0.0335 0.067)
(0.2211 0.0335 0.067)
(0.2278 0.0335 0.067)
(0.2345 0.0335 0.067)
(0.2412 0.0335 0.067)
(0.2479 0.0335 0.067)
(0.2546 0.0335 0.067)
(0.2613 0.0335 0.067)
(0.268 0.0335 0.067)
(0.2747 0.0335 0.067)
(0.2814 0.0335 0.067)
(0.2881 0.0335 0.067)
(0.2948 0.0335 0.067)
(0.3015 0.0335 0.067)
(0.3082 0.0335 0.067)
(0.3149 0.0335 0.067)
(0.3216 0.0335 0.067)
(0.3283 0.0335 0.067)
(0.335 0.0335 0.067)
(0 0 0.07705)
(0.0067 0 0.07705)
(0.0134 0 0.07705)
(0.0201 0 0.07705)
(0.0268 0 0.07705)
(0.0335 0 0.07705)
(0.0402 0 0.07705)
(0.0469 0 0.07705)
(0.0536 0 0.07705)
(0.0603 0 0.07705)
(0.067 0 0.07705)
(0.0737 0 0.07705)
(0.0804 0 0.07705)
(0.0871 0 0.07705)
(0.0938 0 0.07705)
(0.1005 0 0.07705)
(0.1072 0 0.07705)
(0.1139 0 0.07705)
(0.1206 0 0.07705)
(0.1273 0 0.07705)
(0.134 0 0.07705)
(0.1407 0 0.07705)
(0.1474 0 0.07705)
(0.1541 0 0.07705)
(0.1608 0 0.07705)
(0.1675 0 0.07705)
(0.1742 0 0.07705)
(0.1809 0 0.07705)
(0.1876 0 0.07705)
(0.1943 0 0.07705)
(0.201 0 0.07705)
(0.2077 0 0.07705)
(0.2144 0 0.07705)
(0.2211 0 0.07705)
(0.2278 0 0.07705)
(0.2345 0 0.07705)
(0.2412 0 0.07705)
(0.2479 0 0.07705)
(0.2546 0 0.07705)
(0.2613 0 0.07705)
(0.268 0 0.07705)
(0.2747 0 0.07705)
(0.2814 0 0.07705)
(0.2881 0 0.07705)
(0.2948 0 0.07705)
(0.3015 0 0.07705)
(0.3082 0 0.07705)
(0.3149 0 0.07705)
(0.3216 0 0.07705)
(0.3283 0 0.07705)
(0.335 0 0.07705)
(0 0.0335 0.07705)
(0.0067 0.0335 0.07705)
(0.0134 0.0335 0.07705)
(0.0201 0.0335 0.07705)
(0.0268 0.0335 0.07705)
(0.0335 0.0335 0.07705)
(0.0402 0.0335 0.07705)
(0.0469 0.0335 0.07705)
(0.0536 0.0335 0.07705)
(0.0603 0.0335 0.07705)
(0.067 0.0335 0.07705)
(0.0737 0.0335 0.07705)
(0.0804 0.0335 0.07705)
(0.0871 0.0335 0.07705)
(0.0938 0.0335 0.07705)
(0.1005 0.0335 0.07705)
(0.1072 0.0335 0.07705)
(0.1139 0.0335 0.07705)
(0.1206 0.0335 0.07705)
(0.1273 0.0335 0.07705)
(0.134 0.0335 0.07705)
(0.1407 0.0335 0.07705)
(0.1474 0.0335 0.07705)
(0.1541 0.0335 0.07705)
(0.1608 0.0335 0.07705)
(0.1675 0.0335 0.07705)
(0.1742 0.0335 0.07705)
(0.1809 0.0335 0.07705)
(0.1876 0.0335 0.07705)
(0.1943 0.0335 0.07705)
(0.201 0.0335 0.07705)
(0.2077 0.0335 0.07705)
(0.2144 0.0335 0.07705)
(0.2211 0.0335 0.07705)
(0.2278 0.0335 0.07705)
(0.2345 0.0335 0.07705)
(0.2412 0.0335 0.07705)
(0.2479 0.0335 0.07705)
(0.2546 0.0335 0.07705)
(0.2613 0.0335 0.07705)
(0.268 0.0335 0.07705)
(0.2747 0.0335 0.07705)
(0.2814 0.0335 0.07705)
(0.2881 0.0335 0.07705)
(0.2948 0.0335 0.07705)
(0.3015 0.0335 0.07705)
(0.3082 0.0335 0.07705)
(0.3149 0.0335 0.07705)
(0.3216 0.0335 0.07705)
(0.3283 0.0335 0.07705)
(0.335 0.0335 0.07705)
(0 0 0.0871)
(0.0067 0 0.0871)
(0.0134 0 0.0871)
(0.0201 0 0.0871)
(0.0268 0 0.0871)
(0.0335 0 0.0871)
(0.0402 0 0.0871)
(0.0469 0 0.0871)
(0.0536 0 0.0871)
(0.0603 0 0.0871)
(0.067 0 0.0871)
(0.0737 0 0.0871)
(0.0804 0 0.0871)
(0.0871 0 0.0871)
(0.0938 0 0.0871)
(0.1005 0 0.0871)
(0.1072 0 0.0871)
(0.1139 0 0.0871)
(0.1206 0 0.0871)
(0.1273 0 0.0871)
(0.134 0 0.0871)
(0.1407 0 0.0871)
(0.1474 0 0.0871)
(0.1541 0 0.0871)
(0.1608 0 0.0871)
(0.1675 0 0.0871)
(0.1742 0 0.0871)
(0.1809 0 0.0871)
(0.1876 0 0.0871)
(0.1943 0 0.0871)
(0.201 0 0.0871)
(0.2077 0 0.0871)
(0.2144 0 0.0871)
(0.2211 0 0.0871)
(0.2278 0 0.0871)
(0.2345 0 0.0871)
(0.2412 0 0.0871)
(0.2479 0 0.0871)
(0.2546 0 0.0871)
(0.2613 0 0.0871)
(0.268 0 0.0871)
(0.2747 0 0.0871)
(0.2814 0 0.0871)
(0.2881 0 0.0871)
(0.2948 0 0.0871)
(0.3015 0 0.0871)
(0.3082 0 0.0871)
(0.3149 0 0.0871)
(0.3216 0 0.0871)
(0.3283 0 0.0871)
(0.335 0 0.0871)
(0 0.0335 0.0871)
(0.0067 0.0335 0.0871)
(0.0134 0.0335 0.0871)
(0.0201 0.0335 0.0871)
(0.0268 0.0335 0.0871)
(0.0335 0.0335 0.0871)
(0.0402 0.0335 0.0871)
(0.0469 0.0335 0.0871)
(0.0536 0.0335 0.0871)
(0.0603 0.0335 0.0871)
(0.067 0.0335 0.0871)
(0.0737 0.0335 0.0871)
(0.0804 0.0335 0.0871)
(0.0871 0.0335 0.0871)
(0.0938 0.0335 0.0871)
(0.1005 0.0335 0.0871)
(0.1072 0.0335 0.0871)
(0.1139 0.0335 0.0871)
(0.1206 0.0335 0.0871)
(0.1273 0.0335 0.0871)
(0.134 0.0335 0.0871)
(0.1407 0.0335 0.0871)
(0.1474 0.0335 0.0871)
(0.1541 0.0335 0.0871)
(0.1608 0.0335 0.0871)
(0.1675 0.0335 0.0871)
(0.1742 0.0335 0.0871)
(0.1809 0.0335 0.0871)
(0.1876 0.0335 0.0871)
(0.1943 0.0335 0.0871)
(0.201 0.0335 0.0871)
(0.2077 0.0335 0.0871)
(0.2144 0.0335 0.0871)
(0.2211 0.0335 0.0871)
(0.2278 0.0335 0.0871)
(0.2345 0.0335 0.0871)
(0.2412 0.0335 0.0871)
(0.2479 0.0335 0.0871)
(0.2546 0.0335 0.0871)
(0.2613 0.0335 0.0871)
(0.268 0.0335 0.0871)
(0.2747 0.0335 0.0871)
(0.2814 0.0335 0.0871)
(0.2881 0.0335 0.0871)
(0.2948 0.0335 0.0871)
(0.3015 0.0335 0.0871)
(0.3082 0.0335 0.0871)
(0.3149 0.0335 0.0871)
(0.3216 0.0335 0.0871)
(0.3283 0.0335 0.0871)
(0.335 0.0335 0.0871)
(0 0 0.09715)
(0.0067 0 0.09715)
(0.0134 0 0.09715)
(0.0201 0 0.09715)
(0.0268 0 0.09715)
(0.0335 0 0.09715)
(0.0402 0 0.09715)
(0.0469 0 0.09715)
(0.0536 0 0.09715)
(0.0603 0 0.09715)
(0.067 0 0.09715)
(0.0737 0 0.09715)
(0.0804 0 0.09715)
(0.0871 0 0.09715)
(0.0938 0 0.09715)
(0.1005 0 0.09715)
(0.1072 0 0.09715)
(0.1139 0 0.09715)
(0.1206 0 0.09715)
(0.1273 0 0.09715)
(0.134 0 0.09715)
(0.1407 0 0.09715)
(0.1474 0 0.09715)
(0.1541 0 0.09715)
(0.1608 0 0.09715)
(0.1675 0 0.09715)
(0.1742 0 0.09715)
(0.1809 0 0.09715)
(0.1876 0 0.09715)
(0.1943 0 0.09715)
(0.201 0 0.09715)
(0.2077 0 0.09715)
(0.2144 0 0.09715)
(0.2211 0 0.09715)
(0.2278 0 0.09715)
(0.2345 0 0.09715)
(0.2412 0 0.09715)
(0.2479 0 0.09715)
(0.2546 0 0.09715)
(0.2613 0 0.09715)
(0.268 0 0.09715)
(0.2747 0 0.09715)
(0.2814 0 0.09715)
(0.2881 0 0.09715)
(0.2948 0 0.09715)
(0.3015 0 0.09715)
(0.3082 0 0.09715)
(0.3149 0 0.09715)
(0.3216 0 0.09715)
(0.3283 0 0.09715)
(0.335 0 0.09715)
(0 0.0335 0.09715)
(0.0067 0.0335 0.09715)
(0.0134 0.0335 0.09715)
(0.0201 0.0335 0.09715)
(0.0268 0.0335 0.09715)
(0.0335 0.0335 0.09715)
(0.0402 0.0335 0.09715)
(0.0469 0.0335 0.09715)
(0.0536 0.0335 0.09715)
(0.0603 0.0335 0.09715)
(0.067 0.0335 0.09715)
(0.0737 0.0335 0.09715)
(0.0804 0.0335 0.09715)
(0.0871 0.0335 0.09715)
(0.0938 0.0335 0.09715)
(0.1005 0.0335 0.09715)
(0.1072 0.0335 0.09715)
(0.1139 0.0335 0.09715)
(0.1206 0.0335 0.09715)
(0.1273 0.0335 0.09715)
(0.134 0.0335 0.09715)
(0.1407 0.0335 0.09715)
(0.1474 0.0335 0.09715)
(0.1541 0.0335 0.09715)
(0.1608 0.0335 0.09715)
(0.1675 0.0335 0.09715)
(0.1742 0.0335 0.09715)
(0.1809 0.0335 0.09715)
(0.1876 0.0335 0.09715)
(0.1943 0.0335 0.09715)
(0.201 0.0335 0.09715)
(0.2077 0.0335 0.09715)
(0.2144 0.0335 0.09715)
(0.2211 0.0335 0.09715)
(0.2278 0.0335 0.09715)
(0.2345 0.0335 0.09715)
(0.2412 0.0335 0.09715)
(0.2479 0.0335 0.09715)
(0.2546 0.0335 0.09715)
(0.2613 0.0335 0.09715)
(0.268 0.0335 0.09715)
(0.2747 0.0335 0.09715)
(0.2814 0.0335 0.09715)
(0.2881 0.0335 0.09715)
(0.2948 0.0335 0.09715)
(0.3015 0.0335 0.09715)
(0.3082 0.0335 0.09715)
(0.3149 0.0335 0.09715)
(0.3216 0.0335 0.09715)
(0.3283 0.0335 0.09715)
(0.335 0.0335 0.09715)
(0 0 0.1072)
(0.0067 0 0.1072)
(0.0134 0 0.1072)
(0.0201 0 0.1072)
(0.0268 0 0.1072)
(0.0335 0 0.1072)
(0.0402 0 0.1072)
(0.0469 0 0.1072)
(0.0536 0 0.1072)
(0.0603 0 0.1072)
(0.067 0 0.1072)
(0.0737 0 0.1072)
(0.0804 0 0.1072)
(0.0871 0 0.1072)
(0.0938 0 0.1072)
(0.1005 0 0.1072)
(0.1072 0 0.1072)
(0.1139 0 0.1072)
(0.1206 0 0.1072)
(0.1273 0 0.1072)
(0.134 0 0.1072)
(0.1407 0 0.1072)
(0.1474 0 0.1072)
(0.1541 0 0.1072)
(0.1608 0 0.1072)
(0.1675 0 0.1072)
(0.1742 0 0.1072)
(0.1809 0 0.1072)
(0.1876 0 0.1072)
(0.1943 0 0.1072)
(0.201 0 0.1072)
(0.2077 0 0.1072)
(0.2144 0 0.1072)
(0.2211 0 0.1072)
(0.2278 0 0.1072)
(0.2345 0 0.1072)
(0.2412 0 0.1072)
(0.2479 0 0.1072)
(0.2546 0 0.1072)
(0.2613 0 0.1072)
(0.268 0 0.1072)
(0.2747 0 0.1072)
(0.2814 0 0.1072)
(0.2881 0 0.1072)
(0.2948 0 0.1072)
(0.3015 0 0.1072)
(0.3082 0 0.1072)
(0.3149 0 0.1072)
(0.3216 0 0.1072)
(0.3283 0 0.1072)
(0.335 0 0.1072)
(0 0.0335 0.1072)
(0.0067 0.0335 0.1072)
(0.0134 0.0335 0.1072)
(0.0201 0.0335 0.1072)
(0.0268 0.0335 0.1072)
(0.0335 0.0335 0.1072)
(0.0402 0.0335 0.1072)
(0.0469 0.0335 0.1072)
(0.0536 0.0335 0.1072)
(0.0603 0.0335 0.1072)
(0.067 0.0335 0.1072)
(0.0737 0.0335 0.1072)
(0.0804 0.0335 0.1072)
(0.0871 0.0335 0.1072)
(0.0938 0.0335 0.1072)
(0.1005 0.0335 0.1072)
(0.1072 0.0335 0.1072)
(0.1139 0.0335 0.1072)
(0.1206 0.0335 0.1072)
(0.1273 0.0335 0.1072)
(0.134 0.0335 0.1072)
(0.1407 0.0335 0.1072)
(0.1474 0.0335 0.1072)
(0.1541 0.0335 0.1072)
(0.1608 0.0335 0.1072)
(0.1675 0.0335 0.1072)
(0.1742 0.0335 0.1072)
(0.1809 0.0335 0.1072)
(0.1876 0.0335 0.1072)
(0.1943 0.0335 0.1072)
(0.201 0.0335 0.1072)
(0.2077 0.0335 0.1072)
(0.2144 0.0335 0.1072)
(0.2211 0.0335 0.1072)
(0.2278 0.0335 0.1072)
(0.2345 0.0335 0.1072)
(0.2412 0.0335 0.1072)
(0.2479 0.0335 0.1072)
(0.2546 0.0335 0.1072)
(0.2613 0.0335 0.1072)
(0.268 0.0335 0.1072)
(0.2747 0.0335 0.1072)
(0.2814 0.0335 0.1072)
(0.2881 0.0335 0.1072)
(0.2948 0.0335 0.1072)
(0.3015 0.0335 0.1072)
(0.3082 0.0335 0.1072)
(0.3149 0.0335 0.1072)
(0.3216 0.0335 0.1072)
(0.3283 0.0335 0.1072)
(0.335 0.0335 0.1072)
(0 0 0.11725)
(0.0067 0 0.11725)
(0.0134 0 0.11725)
(0.0201 0 0.11725)
(0.0268 0 0.11725)
(0.0335 0 0.11725)
(0.0402 0 0.11725)
(0.0469 0 0.11725)
(0.0536 0 0.11725)
(0.0603 0 0.11725)
(0.067 0 0.11725)
(0.0737 0 0.11725)
(0.0804 0 0.11725)
(0.0871 0 0.11725)
(0.0938 0 0.11725)
(0.1005 0 0.11725)
(0.1072 0 0.11725)
(0.1139 0 0.11725)
(0.1206 0 0.11725)
(0.1273 0 0.11725)
(0.134 0 0.11725)
(0.1407 0 0.11725)
(0.1474 0 0.11725)
(0.1541 0 0.11725)
(0.1608 0 0.11725)
(0.1675 0 0.11725)
(0.1742 0 0.11725)
(0.1809 0 0.11725)
(0.1876 0 0.11725)
(0.1943 0 0.11725)
(0.201 0 0.11725)
(0.2077 0 0.11725)
(0.2144 0 0.11725)
(0.2211 0 0.11725)
(0.2278 0 0.11725)
(0.2345 0 0.11725)
(0.2412 0 0.11725)
(0.2479 0 0.11725)
(0.2546 0 0.11725)
(0.2613 0 0.11725)
(0.268 0 0.11725)
(0.2747 0 0.11725)
(0.2814 0 0.11725)
(0.2881 0 0.11725)
(0.2948 0 0.11725)
(0.3015 0 0.11725)
(0.3082 0 0.11725)
(0.3149 0 0.11725)
(0.3216 0 0.11725)
(0.3283 0 0.11725)
(0.335 0 0.11725)
(0 0.0335 0.11725)
(0.0067 0.0335 0.11725)
(0.0134 0.0335 0.11725)
(0.0201 0.0335 0.11725)
(0.0268 0.0335 0.11725)
(0.0335 0.0335 0.11725)
(0.0402 0.0335 0.11725)
(0.0469 0.0335 0.11725)
(0.0536 0.0335 0.11725)
(0.0603 0.0335 0.11725)
(0.067 0.0335 0.11725)
(0.0737 0.0335 0.11725)
(0.0804 0.0335 0.11725)
(0.0871 0.0335 0.11725)
(0.0938 0.0335 0.11725)
(0.1005 0.0335 0.11725)
(0.1072 0.0335 0.11725)
(0.1139 0.0335 0.11725)
(0.1206 0.0335 0.11725)
(0.1273 0.0335 0.11725)
(0.134 0.0335 0.11725)
(0.1407 0.0335 0.11725)
(0.1474 0.0335 0.11725)
(0.1541 0.0335 0.11725)
(0.1608 0.0335 0.11725)
(0.1675 0.0335 0.11725)
(0.1742 0.0335 0.11725)
(0.1809 0.0335 0.11725)
(0.1876 0.0335 0.11725)
(0.1943 0.0335 0.11725)
(0.201 0.0335 0.11725)
(0.2077 0.0335 0.11725)
(0.2144 0.0335 0.11725)
(0.2211 0.0335 0.11725)
(0.2278 0.0335 0.11725)
(0.2345 0.0335 0.11725)
(0.2412 0.0335 0.11725)
(0.2479 0.0335 0.11725)
(0.2546 0.0335 0.11725)
(0.2613 0.0335 0.11725)
(0.268 0.0335 0.11725)
(0.2747 0.0335 0.11725)
(0.2814 0.0335 0.11725)
(0.2881 0.0335 0.11725)
(0.2948 0.0335 0.11725)
(0.3015 0.0335 0.11725)
(0.3082 0.0335 0.11725)
(0.3149 0.0335 0.11725)
(0.3216 0.0335 0.11725)
(0.3283 0.0335 0.11725)
(0.335 0.0335 0.11725)
(0 0 0.1273)
(0.0067 0 0.1273)
(0.0134 0 0.1273)
(0.0201 0 0.1273)
(0.0268 0 0.1273)
(0.0335 0 0.1273)
(0.0402 0 0.1273)
(0.0469 0 0.1273)
(0.0536 0 0.1273)
(0.0603 0 0.1273)
(0.067 0 0.1273)
(0.0737 0 0.1273)
(0.0804 0 0.1273)
(0.0871 0 0.1273)
(0.0938 0 0.1273)
(0.1005 0 0.1273)
(0.1072 0 0.1273)
(0.1139 0 0.1273)
(0.1206 0 0.1273)
(0.1273 0 0.1273)
(0.134 0 0.1273)
(0.1407 0 0.1273)
(0.1474 0 0.1273)
(0.1541 0 0.1273)
(0.1608 0 0.1273)
(0.1675 0 0.1273)
(0.1742 0 0.1273)
(0.1809 0 0.1273)
(0.1876 0 0.1273)
(0.1943 0 0.1273)
(0.201 0 0.1273)
(0.2077 0 0.1273)
(0.2144 0 0.1273)
(0.2211 0 0.1273)
(0.2278 0 0.1273)
(0.2345 0 0.1273)
(0.2412 0 0.1273)
(0.2479 0 0.1273)
(0.2546 0 0.1273)
(0.2613 0 0.1273)
(0.268 0 0.1273)
(0.2747 0 0.1273)
(0.2814 0 0.1273)
(0.2881 0 0.1273)
(0.2948 0 0.1273)
(0.3015 0 0.1273)
(0.3082 0 0.1273)
(0.3149 0 0.1273)
(0.3216 0 0.1273)
(0.3283 0 0.1273)
(0.335 0 0.1273)
(0 0.0335 0.1273)
(0.0067 0.0335 0.1273)
(0.0134 0.0335 0.1273)
(0.0201 0.0335 0.1273)
(0.0268 0.0335 0.1273)
(0.0335 0.0335 0.1273)
(0.0402 0.0335 0.1273)
(0.0469 0.0335 0.1273)
(0.0536 0.0335 0.1273)
(0.0603 0.0335 0.1273)
(0.067 0.0335 0.1273)
(0.0737 0.0335 0.1273)
(0.0804 0.0335 0.1273)
(0.0871 0.0335 0.1273)
(0.0938 0.0335 0.1273)
(0.1005 0.0335 0.1273)
(0.1072 0.0335 0.1273)
(0.1139 0.0335 0.1273)
(0.1206 0.0335 0.1273)
(0.1273 0.0335 0.1273)
(0.134 0.0335 0.1273)
(0.1407 0.0335 0.1273)
(0.1474 0.0335 0.1273)
(0.1541 0.0335 0.1273)
(0.1608 0.0335 0.1273)
(0.1675 0.0335 0.1273)
(0.1742 0.0335 0.1273)
(0.1809 0.0335 0.1273)
(0.1876 0.0335 0.1273)
(0.1943 0.0335 0.1273)
(0.201 0.0335 0.1273)
(0.2077 0.0335 0.1273)
(0.2144 0.0335 0.1273)
(0.2211 0.0335 0.1273)
(0.2278 0.0335 0.1273)
(0.2345 0.0335 0.1273)
(0.2412 0.0335 0.1273)
(0.2479 0.0335 0.1273)
(0.2546 0.0335 0.1273)
(0.2613 0.0335 0.1273)
(0.268 0.0335 0.1273)
(0.2747 0.0335 0.1273)
(0.2814 0.0335 0.1273)
(0.2881 0.0335 0.1273)
(0.2948 0.0335 0.1273)
(0.3015 0.0335 0.1273)
(0.3082 0.0335 0.1273)
(0.3149 0.0335 0.1273)
(0.3216 0.0335 0.1273)
(0.3283 0.0335 0.1273)
(0.335 0.0335 0.1273)
(0 0 0.13735)
(0.0067 0 0.13735)
(0.0134 0 0.13735)
(0.0201 0 0.13735)
(0.0268 0 0.13735)
(0.0335 0 0.13735)
(0.0402 0 0.13735)
(0.0469 0 0.13735)
(0.0536 0 0.13735)
(0.0603 0 0.13735)
(0.067 0 0.13735)
(0.0737 0 0.13735)
(0.0804 0 0.13735)
(0.0871 0 0.13735)
(0.0938 0 0.13735)
(0.1005 0 0.13735)
(0.1072 0 0.13735)
(0.1139 0 0.13735)
(0.1206 0 0.13735)
(0.1273 0 0.13735)
(0.134 0 0.13735)
(0.1407 0 0.13735)
(0.1474 0 0.13735)
(0.1541 0 0.13735)
(0.1608 0 0.13735)
(0.1675 0 0.13735)
(0.1742 0 0.13735)
(0.1809 0 0.13735)
(0.1876 0 0.13735)
(0.1943 0 0.13735)
(0.201 0 0.13735)
(0.2077 0 0.13735)
(0.2144 0 0.13735)
(0.2211 0 0.13735)
(0.2278 0 0.13735)
(0.2345 0 0.13735)
(0.2412 0 0.13735)
(0.2479 0 0.13735)
(0.2546 0 0.13735)
(0.2613 0 0.13735)
(0.268 0 0.13735)
(0.2747 0 0.13735)
(0.2814 0 0.13735)
(0.2881 0 0.13735)
(0.2948 0 0.13735)
(0.3015 0 0.13735)
(0.3082 0 0.13735)
(0.3149 0 0.13735)
(0.3216 0 0.13735)
(0.3283 0 0.13735)
(0.335 0 0.13735)
(0 0.0335 0.13735)
(0.0067 0.0335 0.13735)
(0.0134 0.0335 0.13735)
(0.0201 0.0335 0.13735)
(0.0268 0.0335 0.13735)
(0.0335 0.0335 0.13735)
(0.0402 0.0335 0.13735)
(0.0469 0.0335 0.13735)
(0.0536 0.0335 0.13735)
(0.0603 0.0335 0.13735)
(0.067 0.0335 0.13735)
(0.0737 0.0335 0.13735)
(0.0804 0.0335 0.13735)
(0.0871 0.0335 0.13735)
(0.0938 0.0335 0.13735)
(0.1005 0.0335 0.13735)
(0.1072 0.0335 0.13735)
(0.1139 0.0335 0.13735)
(0.1206 0.0335 0.13735)
(0.1273 0.0335 0.13735)
(0.134 0.0335 0.13735)
(0.1407 0.0335 0.13735)
(0.1474 0.0335 0.13735)
(0.1541 0.0335 0.13735)
(0.1608 0.0335 0.13735)
(0.1675 0.0335 0.13735)
(0.1742 0.0335 0.13735)
(0.1809 0.0335 0.13735)
(0.1876 0.0335 0.13735)
(0.1943 0.0335 0.13735)
(0.201 0.0335 0.13735)
(0.2077 0.0335 0.13735)
(0.2144 0.0335 0.13735)
(0.2211 0.0335 0.13735)
(0.2278 0.0335 0.13735)
(0.2345 0.0335 0.13735)
(0.2412 0.0335 0.13735)
(0.2479 0.0335 0.13735)
(0.2546 0.0335 0.13735)
(0.2613 0.0335 0.13735)
(0.268 0.0335 0.13735)
(0.2747 0.0335 0.13735)
(0.2814 0.0335 0.13735)
(0.2881 0.0335 0.13735)
(0.2948 0.0335 0.13735)
(0.3015 0.0335 0.13735)
(0.3082 0.0335 0.13735)
(0.3149 0.0335 0.13735)
(0.3216 0.0335 0.13735)
(0.3283 0.0335 0.13735)
(0.335 0.0335 0.13735)
(0 0 0.1474)
(0.0067 0 0.1474)
(0.0134 0 0.1474)
(0.0201 0 0.1474)
(0.0268 0 0.1474)
(0.0335 0 0.1474)
(0.0402 0 0.1474)
(0.0469 0 0.1474)
(0.0536 0 0.1474)
(0.0603 0 0.1474)
(0.067 0 0.1474)
(0.0737 0 0.1474)
(0.0804 0 0.1474)
(0.0871 0 0.1474)
(0.0938 0 0.1474)
(0.1005 0 0.1474)
(0.1072 0 0.1474)
(0.1139 0 0.1474)
(0.1206 0 0.1474)
(0.1273 0 0.1474)
(0.134 0 0.1474)
(0.1407 0 0.1474)
(0.1474 0 0.1474)
(0.1541 0 0.1474)
(0.1608 0 0.1474)
(0.1675 0 0.1474)
(0.1742 0 0.1474)
(0.1809 0 0.1474)
(0.1876 0 0.1474)
(0.1943 0 0.1474)
(0.201 0 0.1474)
(0.2077 0 0.1474)
(0.2144 0 0.1474)
(0.2211 0 0.1474)
(0.2278 0 0.1474)
(0.2345 0 0.1474)
(0.2412 0 0.1474)
(0.2479 0 0.1474)
(0.2546 0 0.1474)
(0.2613 0 0.1474)
(0.268 0 0.1474)
(0.2747 0 0.1474)
(0.2814 0 0.1474)
(0.2881 0 0.1474)
(0.2948 0 0.1474)
(0.3015 0 0.1474)
(0.3082 0 0.1474)
(0.3149 0 0.1474)
(0.3216 0 0.1474)
(0.3283 0 0.1474)
(0.335 0 0.1474)
(0 0.0335 0.1474)
(0.0067 0.0335 0.1474)
(0.0134 0.0335 0.1474)
(0.0201 0.0335 0.1474)
(0.0268 0.0335 0.1474)
(0.0335 0.0335 0.1474)
(0.0402 0.0335 0.1474)
(0.0469 0.0335 0.1474)
(0.0536 0.0335 0.1474)
(0.0603 0.0335 0.1474)
(0.067 0.0335 0.1474)
(0.0737 0.0335 0.1474)
(0.0804 0.0335 0.1474)
(0.0871 0.0335 0.1474)
(0.0938 0.0335 0.1474)
(0.1005 0.0335 0.1474)
(0.1072 0.0335 0.1474)
(0.1139 0.0335 0.1474)
(0.1206 0.0335 0.1474)
(0.1273 0.0335 0.1474)
(0.134 0.0335 0.1474)
(0.1407 0.0335 0.1474)
(0.1474 0.0335 0.1474)
(0.1541 0.0335 0.1474)
(0.1608 0.0335 0.1474)
(0.1675 0.0335 0.1474)
(0.1742 0.0335 0.1474)
(0.1809 0.0335 0.1474)
(0.1876 0.0335 0.1474)
(0.1943 0.0335 0.1474)
(0.201 0.0335 0.1474)
(0.2077 0.0335 0.1474)
(0.2144 0.0335 0.1474)
(0.2211 0.0335 0.1474)
(0.2278 0.0335 0.1474)
(0.2345 0.0335 0.1474)
(0.2412 0.0335 0.1474)
(0.2479 0.0335 0.1474)
(0.2546 0.0335 0.1474)
(0.2613 0.0335 0.1474)
(0.268 0.0335 0.1474)
(0.2747 0.0335 0.1474)
(0.2814 0.0335 0.1474)
(0.2881 0.0335 0.1474)
(0.2948 0.0335 0.1474)
(0.3015 0.0335 0.1474)
(0.3082 0.0335 0.1474)
(0.3149 0.0335 0.1474)
(0.3216 0.0335 0.1474)
(0.3283 0.0335 0.1474)
(0.335 0.0335 0.1474)
(0 0 0.15745)
(0.0067 0 0.15745)
(0.0134 0 0.15745)
(0.0201 0 0.15745)
(0.0268 0 0.15745)
(0.0335 0 0.15745)
(0.0402 0 0.15745)
(0.0469 0 0.15745)
(0.0536 0 0.15745)
(0.0603 0 0.15745)
(0.067 0 0.15745)
(0.0737 0 0.15745)
(0.0804 0 0.15745)
(0.0871 0 0.15745)
(0.0938 0 0.15745)
(0.1005 0 0.15745)
(0.1072 0 0.15745)
(0.1139 0 0.15745)
(0.1206 0 0.15745)
(0.1273 0 0.15745)
(0.134 0 0.15745)
(0.1407 0 0.15745)
(0.1474 0 0.15745)
(0.1541 0 0.15745)
(0.1608 0 0.15745)
(0.1675 0 0.15745)
(0.1742 0 0.15745)
(0.1809 0 0.15745)
(0.1876 0 0.15745)
(0.1943 0 0.15745)
(0.201 0 0.15745)
(0.2077 0 0.15745)
(0.2144 0 0.15745)
(0.2211 0 0.15745)
(0.2278 0 0.15745)
(0.2345 0 0.15745)
(0.2412 0 0.15745)
(0.2479 0 0.15745)
(0.2546 0 0.15745)
(0.2613 0 0.15745)
(0.268 0 0.15745)
(0.2747 0 0.15745)
(0.2814 0 0.15745)
(0.2881 0 0.15745)
(0.2948 0 0.15745)
(0.3015 0 0.15745)
(0.3082 0 0.15745)
(0.3149 0 0.15745)
(0.3216 0 0.15745)
(0.3283 0 0.15745)
(0.335 0 0.15745)
(0 0.0335 0.15745)
(0.0067 0.0335 0.15745)
(0.0134 0.0335 0.15745)
(0.0201 0.0335 0.15745)
(0.0268 0.0335 0.15745)
(0.0335 0.0335 0.15745)
(0.0402 0.0335 0.15745)
(0.0469 0.0335 0.15745)
(0.0536 0.0335 0.15745)
(0.0603 0.0335 0.15745)
(0.067 0.0335 0.15745)
(0.0737 0.0335 0.15745)
(0.0804 0.0335 0.15745)
(0.0871 0.0335 0.15745)
(0.0938 0.0335 0.15745)
(0.1005 0.0335 0.15745)
(0.1072 0.0335 0.15745)
(0.1139 0.0335 0.15745)
(0.1206 0.0335 0.15745)
(0.1273 0.0335 0.15745)
(0.134 0.0335 0.15745)
(0.1407 0.0335 0.15745)
(0.1474 0.0335 0.15745)
(0.1541 0.0335 0.15745)
(0.1608 0.0335 0.15745)
(0.1675 0.0335 0.15745)
(0.1742 0.0335 0.15745)
(0.1809 0.0335 0.15745)
(0.1876 0.0335 0.15745)
(0.1943 0.0335 0.15745)
(0.201 0.0335 0.15745)
(0.2077 0.0335 0.15745)
(0.2144 0.0335 0.15745)
(0.2211 0.0335 0.15745)
(0.2278 0.0335 0.15745)
(0.2345 0.0335 0.15745)
(0.2412 0.0335 0.15745)
(0.2479 0.0335 0.15745)
(0.2546 0.0335 0.15745)
(0.2613 0.0335 0.15745)
(0.268 0.0335 0.15745)
(0.2747 0.0335 0.15745)
(0.2814 0.0335 0.15745)
(0.2881 0.0335 0.15745)
(0.2948 0.0335 0.15745)
(0.3015 0.0335 0.15745)
(0.3082 0.0335 0.15745)
(0.3149 0.0335 0.15745)
(0.3216 0.0335 0.15745)
(0.3283 0.0335 0.15745)
(0.335 0.0335 0.15745)
(0 0 0.1675)
(0.0067 0 0.1675)
(0.0134 0 0.1675)
(0.0201 0 0.1675)
(0.0268 0 0.1675)
(0.0335 0 0.1675)
(0.0402 0 0.1675)
(0.0469 0 0.1675)
(0.0536 0 0.1675)
(0.0603 0 0.1675)
(0.067 0 0.1675)
(0.0737 0 0.1675)
(0.0804 0 0.1675)
(0.0871 0 0.1675)
(0.0938 0 0.1675)
(0.1005 0 0.1675)
(0.1072 0 0.1675)
(0.1139 0 0.1675)
(0.1206 0 0.1675)
(0.1273 0 0.1675)
(0.134 0 0.1675)
(0.1407 0 0.1675)
(0.1474 0 0.1675)
(0.1541 0 0.1675)
(0.1608 0 0.1675)
(0.1675 0 0.1675)
(0.1742 0 0.1675)
(0.1809 0 0.1675)
(0.1876 0 0.1675)
(0.1943 0 0.1675)
(0.201 0 0.1675)
(0.2077 0 0.1675)
(0.2144 0 0.1675)
(0.2211 0 0.1675)
(0.2278 0 0.1675)
(0.2345 0 0.1675)
(0.2412 0 0.1675)
(0.2479 0 0.1675)
(0.2546 0 0.1675)
(0.2613 0 0.1675)
(0.268 0 0.1675)
(0.2747 0 0.1675)
(0.2814 0 0.1675)
(0.2881 0 0.1675)
(0.2948 0 0.1675)
(0.3015 0 0.1675)
(0.3082 0 0.1675)
(0.3149 0 0.1675)
(0.3216 0 0.1675)
(0.3283 0 0.1675)
(0.335 0 0.1675)
(0 0.0335 0.1675)
(0.0067 0.0335 0.1675)
(0.0134 0.0335 0.1675)
(0.0201 0.0335 0.1675)
(0.0268 0.0335 0.1675)
(0.0335 0.0335 0.1675)
(0.0402 0.0335 0.1675)
(0.0469 0.0335 0.1675)
(0.0536 0.0335 0.1675)
(0.0603 0.0335 0.1675)
(0.067 0.0335 0.1675)
(0.0737 0.0335 0.1675)
(0.0804 0.0335 0.1675)
(0.0871 0.0335 0.1675)
(0.0938 0.0335 0.1675)
(0.1005 0.0335 0.1675)
(0.1072 0.0335 0.1675)
(0.1139 0.0335 0.1675)
(0.1206 0.0335 0.1675)
(0.1273 0.0335 0.1675)
(0.134 0.0335 0.1675)
(0.1407 0.0335 0.1675)
(0.1474 0.0335 0.1675)
(0.1541 0.0335 0.1675)
(0.1608 0.0335 0.1675)
(0.1675 0.0335 0.1675)
(0.1742 0.0335 0.1675)
(0.1809 0.0335 0.1675)
(0.1876 0.0335 0.1675)
(0.1943 0.0335 0.1675)
(0.201 0.0335 0.1675)
(0.2077 0.0335 0.1675)
(0.2144 0.0335 0.1675)
(0.2211 0.0335 0.1675)
(0.2278 0.0335 0.1675)
(0.2345 0.0335 0.1675)
(0.2412 0.0335 0.1675)
(0.2479 0.0335 0.1675)
(0.2546 0.0335 0.1675)
(0.2613 0.0335 0.1675)
(0.268 0.0335 0.1675)
(0.2747 0.0335 0.1675)
(0.2814 0.0335 0.1675)
(0.2881 0.0335 0.1675)
(0.2948 0.0335 0.1675)
(0.3015 0.0335 0.1675)
(0.3082 0.0335 0.1675)
(0.3149 0.0335 0.1675)
(0.3216 0.0335 0.1675)
(0.3283 0.0335 0.1675)
(0.335 0.0335 0.1675)
)


// ************************************************************************* //
