/*--------------------------------*- C++ -*----------------------------------*\
  =========                 |
  \\      /  F ield         | OpenFOAM: The Open Source CFD Toolbox
   \\    /   O peration     | Website:  https://openfoam.org
    \\  /    A nd           | Version:  8
     \\/     M anipulation  |
\*---------------------------------------------------------------------------*/
FoamFile
{
    version     2.0;
    format      ascii;
    class       volScalarField;
    location    "980";
    object      p_rgh;
}
// * * * * * * * * * * * * * * * * * * * * * * * * * * * * * * * * * * * * * //

dimensions      [1 -1 -2 0 0 0 0];

internalField   nonuniform List<scalar> 
42000
(
489.792
483.248
476.694
470.139
463.581
457.024
450.466
443.907
437.345
430.779
424.21
417.638
411.063
404.485
397.905
391.322
384.736
378.148
371.556
364.961
358.364
351.763
345.159
338.552
331.943
325.331
318.716
312.1
305.482
298.862
292.24
285.617
278.993
272.367
265.741
259.114
252.486
245.857
239.228
232.599
225.97
219.34
212.71
206.081
199.451
192.822
186.193
179.564
172.936
166.308
159.68
153.052
146.425
139.798
133.171
126.545
119.918
113.292
106.666
100.041
93.415
86.7895
80.164
73.5387
66.9134
60.2882
53.663
47.0379
40.4129
33.7879
27.1629
20.5379
13.913
7.28801
0.66307
-5.96189
-12.5869
-19.2119
-25.8369
-32.462
-39.0872
-45.7124
-52.3377
-58.963
-65.5885
-72.214
-78.8396
-85.4652
-92.091
-98.7168
-105.343
-111.969
-118.595
-125.221
-131.847
-138.474
-145.1
-151.727
-158.353
-164.98
-171.607
-178.234
-184.86
-191.487
-198.114
-204.742
-211.369
-217.996
-224.623
-231.25
-237.878
-244.505
-251.133
-257.76
-264.388
-271.015
-277.643
-284.271
-290.899
-297.526
-304.154
-310.782
-317.41
-324.038
-330.666
-337.295
-343.923
-350.551
-357.179
-363.808
-370.436
-377.065
-383.693
-390.322
-396.951
-403.58
-410.208
-416.837
-423.466
-430.095
-436.724
-443.353
-449.983
-456.612
-463.241
-469.871
-476.5
-483.13
-489.76
-496.39
-503.02
-509.65
-516.28
-522.91
-529.54
-536.171
-542.801
-549.432
-556.063
-562.694
-569.325
-575.957
-582.588
-589.22
-595.851
-602.483
-609.115
-615.748
-622.38
-629.013
-635.646
-642.279
-648.912
-655.545
-662.179
-668.813
-675.447
-682.082
-688.716
-695.351
-701.986
-708.621
-715.256
-721.892
-728.528
-735.163
-741.799
-748.436
-755.072
-761.708
-768.345
-774.981
-781.618
-788.254
-794.89
-801.527
-808.163
-814.799
-821.435
-828.071
489.792
483.248
476.694
470.139
463.581
457.024
450.466
443.906
437.343
430.778
424.208
417.636
411.061
404.483
397.903
391.32
384.734
378.146
371.554
364.96
358.362
351.761
345.157
338.551
331.941
325.33
318.715
312.099
305.481
298.861
292.239
285.616
278.992
272.367
265.741
259.113
252.485
245.857
239.228
232.599
225.969
219.34
212.71
206.081
199.451
192.822
186.193
179.564
172.936
166.308
159.68
153.052
146.425
139.798
133.171
126.545
119.918
113.292
106.666
100.041
93.4149
86.7894
80.1639
73.5386
66.9133
60.2881
53.6629
47.0378
40.4128
33.7878
27.1628
20.5378
13.9129
7.28793
0.662995
-5.96197
-12.5869
-19.212
-25.837
-32.4621
-39.0872
-45.7125
-52.3377
-58.9631
-65.5885
-72.214
-78.8396
-85.4653
-92.091
-98.7169
-105.343
-111.969
-118.595
-125.221
-131.847
-138.474
-145.1
-151.727
-158.353
-164.98
-171.607
-178.234
-184.86
-191.487
-198.114
-204.742
-211.369
-217.996
-224.623
-231.25
-237.878
-244.505
-251.133
-257.76
-264.388
-271.015
-277.643
-284.271
-290.899
-297.526
-304.154
-310.782
-317.41
-324.038
-330.666
-337.295
-343.923
-350.551
-357.179
-363.808
-370.436
-377.065
-383.693
-390.322
-396.951
-403.58
-410.208
-416.837
-423.466
-430.095
-436.724
-443.353
-449.983
-456.612
-463.241
-469.871
-476.5
-483.13
-489.76
-496.39
-503.02
-509.65
-516.28
-522.91
-529.54
-536.171
-542.801
-549.432
-556.063
-562.694
-569.325
-575.957
-582.588
-589.22
-595.851
-602.483
-609.115
-615.748
-622.38
-629.013
-635.646
-642.279
-648.912
-655.546
-662.179
-668.813
-675.447
-682.082
-688.716
-695.351
-701.986
-708.621
-715.256
-721.892
-728.528
-735.163
-741.799
-748.436
-755.072
-761.708
-768.345
-774.981
-781.618
-788.254
-794.89
-801.527
-808.163
-814.799
-821.435
-828.071
489.792
483.248
476.694
470.139
463.581
457.023
450.465
443.905
437.342
430.776
424.206
417.634
411.059
404.481
397.9
391.318
384.732
378.144
371.552
364.958
358.36
351.76
345.156
338.549
331.94
325.329
318.714
312.098
305.48
298.86
292.239
285.616
278.992
272.366
265.74
259.113
252.485
245.857
239.228
232.599
225.969
219.34
212.71
206.081
199.451
192.822
186.193
179.564
172.936
166.307
159.68
153.052
146.425
139.798
133.171
126.545
119.918
113.292
106.666
100.041
93.4149
86.7893
80.1639
73.5385
66.9133
60.2881
53.6629
47.0378
40.4128
33.7877
27.1628
20.5378
13.9129
7.28792
0.662978
-5.96198
-12.587
-19.212
-25.837
-32.4621
-39.0873
-45.7125
-52.3377
-58.9631
-65.5885
-72.214
-78.8396
-85.4653
-92.091
-98.7169
-105.343
-111.969
-118.595
-125.221
-131.847
-138.474
-145.1
-151.727
-158.353
-164.98
-171.607
-178.234
-184.86
-191.487
-198.114
-204.742
-211.369
-217.996
-224.623
-231.25
-237.878
-244.505
-251.133
-257.76
-264.388
-271.015
-277.643
-284.271
-290.899
-297.526
-304.154
-310.782
-317.41
-324.038
-330.666
-337.295
-343.923
-350.551
-357.179
-363.808
-370.436
-377.065
-383.693
-390.322
-396.951
-403.58
-410.208
-416.837
-423.466
-430.095
-436.724
-443.353
-449.983
-456.612
-463.241
-469.871
-476.5
-483.13
-489.76
-496.39
-503.02
-509.65
-516.28
-522.91
-529.54
-536.171
-542.802
-549.432
-556.063
-562.694
-569.325
-575.957
-582.588
-589.22
-595.851
-602.483
-609.115
-615.748
-622.38
-629.013
-635.646
-642.279
-648.912
-655.546
-662.179
-668.813
-675.447
-682.082
-688.716
-695.351
-701.986
-708.621
-715.256
-721.892
-728.528
-735.163
-741.799
-748.436
-755.072
-761.708
-768.345
-774.981
-781.618
-788.254
-794.89
-801.527
-808.163
-814.799
-821.435
-828.071
489.793
483.249
476.695
470.14
463.581
457.023
450.464
443.904
437.341
430.774
424.205
417.632
411.057
404.479
397.899
391.316
384.73
378.142
371.551
364.956
358.359
351.758
345.155
338.548
331.939
325.328
318.714
312.098
305.48
298.86
292.238
285.616
278.991
272.366
265.74
259.113
252.485
245.857
239.228
232.599
225.969
219.34
212.71
206.081
199.451
192.822
186.193
179.564
172.936
166.307
159.68
153.052
146.425
139.798
133.171
126.545
119.918
113.292
106.666
100.041
93.4149
86.7894
80.1639
73.5386
66.9133
60.2881
53.663
47.0379
40.4128
33.7878
27.1628
20.5379
13.9129
7.28797
0.663035
-5.96192
-12.5869
-19.2119
-25.837
-32.4621
-39.0872
-45.7124
-52.3377
-58.963
-65.5885
-72.214
-78.8396
-85.4652
-92.091
-98.7168
-105.343
-111.969
-118.595
-125.221
-131.847
-138.474
-145.1
-151.727
-158.353
-164.98
-171.607
-178.234
-184.86
-191.487
-198.114
-204.742
-211.369
-217.996
-224.623
-231.25
-237.878
-244.505
-251.133
-257.76
-264.388
-271.015
-277.643
-284.271
-290.899
-297.526
-304.154
-310.782
-317.41
-324.038
-330.666
-337.295
-343.923
-350.551
-357.179
-363.808
-370.436
-377.065
-383.693
-390.322
-396.951
-403.58
-410.208
-416.837
-423.466
-430.095
-436.724
-443.353
-449.983
-456.612
-463.241
-469.871
-476.5
-483.13
-489.76
-496.39
-503.02
-509.65
-516.28
-522.91
-529.54
-536.171
-542.802
-549.432
-556.063
-562.694
-569.325
-575.957
-582.588
-589.22
-595.851
-602.483
-609.115
-615.748
-622.38
-629.013
-635.646
-642.279
-648.912
-655.546
-662.179
-668.813
-675.447
-682.082
-688.716
-695.351
-701.986
-708.621
-715.256
-721.892
-728.527
-735.163
-741.799
-748.435
-755.072
-761.708
-768.345
-774.981
-781.618
-788.254
-794.89
-801.526
-808.163
-814.799
-821.435
-828.071
489.793
483.25
476.696
470.14
463.582
457.023
450.464
443.903
437.34
430.773
424.203
417.63
411.055
404.477
397.897
391.314
384.729
378.141
371.549
364.955
358.358
351.757
345.154
338.548
331.939
325.327
318.713
312.097
305.479
298.859
292.238
285.615
278.991
272.366
265.74
259.113
252.485
245.857
239.228
232.599
225.969
219.34
212.71
206.081
199.451
192.822
186.193
179.564
172.936
166.308
159.68
153.052
146.425
139.798
133.171
126.545
119.919
113.292
106.666
100.041
93.4151
86.7895
80.1641
73.5387
66.9135
60.2882
53.6631
47.038
40.413
33.7879
27.163
20.538
13.9131
7.28811
0.663167
-5.96179
-12.5868
-19.2118
-25.8368
-32.4619
-39.0871
-45.7123
-52.3376
-58.9629
-65.5884
-72.2139
-78.8395
-85.4651
-92.0909
-98.7168
-105.343
-111.969
-118.595
-125.221
-131.847
-138.474
-145.1
-151.727
-158.353
-164.98
-171.607
-178.233
-184.86
-191.487
-198.114
-204.741
-211.369
-217.996
-224.623
-231.25
-237.878
-244.505
-251.133
-257.76
-264.388
-271.015
-277.643
-284.271
-290.898
-297.526
-304.154
-310.782
-317.41
-324.038
-330.666
-337.295
-343.923
-350.551
-357.179
-363.808
-370.436
-377.065
-383.693
-390.322
-396.951
-403.579
-410.208
-416.837
-423.466
-430.095
-436.724
-443.353
-449.983
-456.612
-463.241
-469.871
-476.5
-483.13
-489.76
-496.39
-503.02
-509.65
-516.28
-522.91
-529.54
-536.171
-542.802
-549.432
-556.063
-562.694
-569.325
-575.957
-582.588
-589.22
-595.851
-602.483
-609.115
-615.748
-622.38
-629.013
-635.646
-642.279
-648.912
-655.546
-662.179
-668.813
-675.447
-682.082
-688.716
-695.351
-701.986
-708.621
-715.256
-721.892
-728.527
-735.163
-741.799
-748.435
-755.072
-761.708
-768.345
-774.981
-781.618
-788.254
-794.89
-801.526
-808.163
-814.799
-821.435
-828.071
489.794
483.251
476.697
470.141
463.583
457.024
450.464
443.903
437.339
430.772
424.202
417.629
411.054
404.476
397.895
391.313
384.727
378.139
371.548
364.954
358.357
351.756
345.153
338.547
331.938
325.327
318.713
312.097
305.479
298.859
292.238
285.615
278.991
272.366
265.74
259.113
252.485
245.857
239.228
232.599
225.969
219.34
212.71
206.081
199.451
192.822
186.193
179.564
172.936
166.308
159.68
153.052
146.425
139.798
133.172
126.545
119.919
113.293
106.667
100.041
93.4153
86.7898
80.1643
73.539
66.9137
60.2885
53.6633
47.0382
40.4132
33.7882
27.1632
20.5382
13.9133
7.28831
0.663368
-5.9616
-12.5866
-19.2116
-25.8366
-32.4617
-39.0869
-45.7121
-52.3374
-58.9628
-65.5882
-72.2137
-78.8393
-85.465
-92.0908
-98.7166
-105.343
-111.969
-118.595
-125.221
-131.847
-138.474
-145.1
-151.727
-158.353
-164.98
-171.607
-178.233
-184.86
-191.487
-198.114
-204.741
-211.368
-217.996
-224.623
-231.25
-237.878
-244.505
-251.132
-257.76
-264.388
-271.015
-277.643
-284.271
-290.898
-297.526
-304.154
-310.782
-317.41
-324.038
-330.666
-337.294
-343.923
-350.551
-357.179
-363.808
-370.436
-377.065
-383.693
-390.322
-396.951
-403.579
-410.208
-416.837
-423.466
-430.095
-436.724
-443.353
-449.983
-456.612
-463.241
-469.871
-476.5
-483.13
-489.76
-496.39
-503.02
-509.65
-516.28
-522.91
-529.54
-536.171
-542.801
-549.432
-556.063
-562.694
-569.325
-575.957
-582.588
-589.22
-595.851
-602.483
-609.115
-615.748
-622.38
-629.013
-635.646
-642.279
-648.912
-655.545
-662.179
-668.813
-675.447
-682.082
-688.716
-695.351
-701.986
-708.621
-715.256
-721.892
-728.527
-735.163
-741.799
-748.435
-755.072
-761.708
-768.344
-774.981
-781.617
-788.254
-794.89
-801.526
-808.163
-814.799
-821.435
-828.071
489.795
483.253
476.699
470.143
463.584
457.025
450.464
443.903
437.338
430.771
424.201
417.628
411.052
404.474
397.894
391.311
384.726
378.138
371.547
364.953
358.356
351.756
345.152
338.546
331.938
325.326
318.712
312.097
305.479
298.859
292.238
285.615
278.991
272.366
265.74
259.113
252.485
245.857
239.228
232.599
225.97
219.34
212.711
206.081
199.452
192.823
186.194
179.565
172.936
166.308
159.68
153.053
146.426
139.799
133.172
126.545
119.919
113.293
106.667
100.041
93.4156
86.7901
80.1646
73.5393
66.914
60.2888
53.6636
47.0385
40.4135
33.7884
27.1635
20.5385
13.9135
7.28859
0.663638
-5.96133
-12.5863
-19.2113
-25.8364
-32.4615
-39.0867
-45.7119
-52.3372
-58.9625
-65.588
-72.2135
-78.8391
-85.4648
-92.0906
-98.7164
-105.342
-111.968
-118.595
-125.221
-131.847
-138.473
-145.1
-151.726
-158.353
-164.98
-171.606
-178.233
-184.86
-191.487
-198.114
-204.741
-211.368
-217.996
-224.623
-231.25
-237.878
-244.505
-251.132
-257.76
-264.387
-271.015
-277.643
-284.271
-290.898
-297.526
-304.154
-310.782
-317.41
-324.038
-330.666
-337.294
-343.923
-350.551
-357.179
-363.808
-370.436
-377.065
-383.693
-390.322
-396.951
-403.579
-410.208
-416.837
-423.466
-430.095
-436.724
-443.353
-449.983
-456.612
-463.241
-469.871
-476.5
-483.13
-489.76
-496.39
-503.019
-509.65
-516.28
-522.91
-529.54
-536.171
-542.801
-549.432
-556.063
-562.694
-569.325
-575.957
-582.588
-589.22
-595.851
-602.483
-609.115
-615.748
-622.38
-629.013
-635.646
-642.279
-648.912
-655.545
-662.179
-668.813
-675.447
-682.082
-688.716
-695.351
-701.986
-708.621
-715.256
-721.892
-728.527
-735.163
-741.799
-748.435
-755.071
-761.708
-768.344
-774.981
-781.617
-788.254
-794.89
-801.526
-808.162
-814.799
-821.435
-828.071
489.797
483.255
476.7
470.145
463.585
457.026
450.465
443.903
437.338
430.771
424.2
417.627
411.051
404.473
397.893
391.31
384.725
378.137
371.546
364.952
358.355
351.755
345.152
338.546
331.937
325.326
318.712
312.097
305.479
298.859
292.238
285.615
278.992
272.366
265.74
259.113
252.486
245.857
239.229
232.6
225.97
219.341
212.711
206.082
199.452
192.823
186.194
179.565
172.937
166.309
159.681
153.053
146.426
139.799
133.172
126.546
119.92
113.293
106.667
100.042
93.416
86.7905
80.165
73.5397
66.9144
60.2892
53.664
47.0389
40.4138
33.7888
27.1638
20.5388
13.9139
7.28893
0.663977
-5.961
-12.586
-19.211
-25.8361
-32.4612
-39.0864
-45.7116
-52.3369
-58.9623
-65.5877
-72.2132
-78.8388
-85.4645
-92.0903
-98.7162
-105.342
-111.968
-118.594
-125.22
-131.847
-138.473
-145.1
-151.726
-158.353
-164.979
-171.606
-178.233
-184.86
-191.487
-198.114
-204.741
-211.368
-217.995
-224.623
-231.25
-237.877
-244.505
-251.132
-257.76
-264.387
-271.015
-277.643
-284.27
-290.898
-297.526
-304.154
-310.782
-317.41
-324.038
-330.666
-337.294
-343.923
-350.551
-357.179
-363.808
-370.436
-377.065
-383.693
-390.322
-396.951
-403.579
-410.208
-416.837
-423.466
-430.095
-436.724
-443.353
-449.983
-456.612
-463.241
-469.871
-476.5
-483.13
-489.76
-496.39
-503.019
-509.649
-516.28
-522.91
-529.54
-536.171
-542.801
-549.432
-556.063
-562.694
-569.325
-575.956
-582.588
-589.219
-595.851
-602.483
-609.115
-615.747
-622.38
-629.013
-635.645
-642.279
-648.912
-655.545
-662.179
-668.813
-675.447
-682.082
-688.716
-695.351
-701.986
-708.621
-715.256
-721.891
-728.527
-735.163
-741.799
-748.435
-755.071
-761.708
-768.344
-774.981
-781.617
-788.254
-794.89
-801.526
-808.162
-814.799
-821.435
-828.071
489.799
483.257
476.703
470.147
463.587
457.027
450.466
443.903
437.338
430.77
424.2
417.626
411.05
404.472
397.892
391.309
384.724
378.136
371.545
364.951
358.355
351.754
345.151
338.546
331.937
325.326
318.712
312.097
305.479
298.859
292.238
285.616
278.992
272.367
265.741
259.114
252.486
245.858
239.229
232.6
225.971
219.341
212.712
206.082
199.453
192.823
186.194
179.566
172.937
166.309
159.681
153.054
146.427
139.8
133.173
126.546
119.92
113.294
106.668
100.042
93.4165
86.791
80.1655
73.5401
66.9149
60.2896
53.6645
47.0394
40.4143
33.7893
27.1643
20.5393
13.9143
7.28935
0.664384
-5.9606
-12.5856
-19.2106
-25.8357
-32.4608
-39.086
-45.7113
-52.3366
-58.9619
-65.5874
-72.2129
-78.8385
-85.4642
-92.09
-98.7159
-105.342
-111.968
-118.594
-125.22
-131.847
-138.473
-145.099
-151.726
-158.353
-164.979
-171.606
-178.233
-184.86
-191.487
-198.114
-204.741
-211.368
-217.995
-224.623
-231.25
-237.877
-244.505
-251.132
-257.76
-264.387
-271.015
-277.643
-284.27
-290.898
-297.526
-304.154
-310.782
-317.41
-324.038
-330.666
-337.294
-343.922
-350.551
-357.179
-363.808
-370.436
-377.065
-383.693
-390.322
-396.95
-403.579
-410.208
-416.837
-423.466
-430.095
-436.724
-443.353
-449.982
-456.612
-463.241
-469.871
-476.5
-483.13
-489.76
-496.389
-503.019
-509.649
-516.28
-522.91
-529.54
-536.171
-542.801
-549.432
-556.063
-562.694
-569.325
-575.956
-582.588
-589.219
-595.851
-602.483
-609.115
-615.747
-622.38
-629.013
-635.645
-642.278
-648.912
-655.545
-662.179
-668.813
-675.447
-682.081
-688.716
-695.351
-701.986
-708.621
-715.256
-721.891
-728.527
-735.163
-741.799
-748.435
-755.071
-761.708
-768.344
-774.981
-781.617
-788.254
-794.89
-801.526
-808.162
-814.799
-821.435
-828.071
489.801
483.26
476.705
470.149
463.589
457.028
450.467
443.904
437.339
430.77
424.199
417.626
411.05
404.472
397.891
391.309
384.723
378.135
371.545
364.951
358.354
351.754
345.151
338.545
331.937
325.326
318.712
312.097
305.479
298.86
292.239
285.616
278.992
272.367
265.741
259.114
252.487
245.858
239.23
232.601
225.971
219.342
212.712
206.083
199.453
192.824
186.195
179.566
172.938
166.31
159.682
153.054
146.427
139.8
133.173
126.547
119.921
113.295
106.669
100.043
93.4171
86.7915
80.1661
73.5407
66.9154
60.2902
53.665
47.0399
40.4148
33.7898
27.1648
20.5398
13.9148
7.28983
0.664857
-5.96014
-12.5851
-19.2102
-25.8353
-32.4604
-39.0856
-45.7108
-52.3362
-58.9616
-65.587
-72.2126
-78.8382
-85.4639
-92.0897
-98.7156
-105.342
-111.968
-118.594
-125.22
-131.846
-138.473
-145.099
-151.726
-158.352
-164.979
-171.606
-178.233
-184.86
-191.487
-198.114
-204.741
-211.368
-217.995
-224.622
-231.25
-237.877
-244.504
-251.132
-257.759
-264.387
-271.015
-277.642
-284.27
-290.898
-297.526
-304.154
-310.782
-317.41
-324.038
-330.666
-337.294
-343.922
-350.551
-357.179
-363.807
-370.436
-377.064
-383.693
-390.322
-396.95
-403.579
-410.208
-416.837
-423.466
-430.095
-436.724
-443.353
-449.982
-456.612
-463.241
-469.871
-476.5
-483.13
-489.76
-496.389
-503.019
-509.649
-516.28
-522.91
-529.54
-536.171
-542.801
-549.432
-556.063
-562.694
-569.325
-575.956
-582.588
-589.219
-595.851
-602.483
-609.115
-615.747
-622.38
-629.012
-635.645
-642.278
-648.912
-655.545
-662.179
-668.813
-675.447
-682.081
-688.716
-695.351
-701.985
-708.62
-715.256
-721.891
-728.527
-735.163
-741.799
-748.435
-755.071
-761.707
-768.344
-774.98
-781.617
-788.253
-794.89
-801.526
-808.162
-814.799
-821.435
-828.071
489.803
483.263
476.708
470.152
463.592
457.03
450.468
443.905
437.339
430.771
424.199
417.625
411.049
404.471
397.891
391.308
384.723
378.135
371.544
364.95
358.354
351.754
345.151
338.545
331.937
325.326
318.712
312.097
305.479
298.86
292.239
285.617
278.993
272.368
265.742
259.115
252.487
245.859
239.23
232.601
225.972
219.342
212.713
206.083
199.454
192.825
186.196
179.567
172.939
166.311
159.683
153.055
146.428
139.801
133.174
126.548
119.921
113.295
106.669
100.043
93.4178
86.7922
80.1667
73.5413
66.916
60.2908
53.6656
47.0405
40.4154
33.7904
27.1653
20.5403
13.9154
7.29038
0.665396
-5.95961
-12.5846
-19.2097
-25.8348
-32.4599
-39.0851
-45.7104
-52.3357
-58.9611
-65.5866
-72.2121
-78.8378
-85.4635
-92.0893
-98.7152
-105.341
-111.967
-118.593
-125.22
-131.846
-138.472
-145.099
-151.725
-158.352
-164.979
-171.605
-178.232
-184.859
-191.486
-198.113
-204.74
-211.368
-217.995
-224.622
-231.249
-237.877
-244.504
-251.132
-257.759
-264.387
-271.015
-277.642
-284.27
-290.898
-297.526
-304.154
-310.782
-317.41
-324.038
-330.666
-337.294
-343.922
-350.55
-357.179
-363.807
-370.436
-377.064
-383.693
-390.322
-396.95
-403.579
-410.208
-416.837
-423.466
-430.095
-436.724
-443.353
-449.982
-456.612
-463.241
-469.87
-476.5
-483.13
-489.759
-496.389
-503.019
-509.649
-516.279
-522.91
-529.54
-536.171
-542.801
-549.432
-556.063
-562.694
-569.325
-575.956
-582.588
-589.219
-595.851
-602.483
-609.115
-615.747
-622.38
-629.012
-635.645
-642.278
-648.912
-655.545
-662.179
-668.813
-675.447
-682.081
-688.716
-695.35
-701.985
-708.62
-715.256
-721.891
-728.527
-735.162
-741.798
-748.434
-755.071
-761.707
-768.344
-774.98
-781.617
-788.253
-794.89
-801.526
-808.162
-814.799
-821.435
-828.071
489.807
483.266
476.712
470.155
463.594
457.033
450.47
443.906
437.34
430.771
424.2
417.625
411.049
404.471
397.89
391.307
384.722
378.134
371.544
364.95
358.353
351.754
345.151
338.545
331.937
325.326
318.713
312.097
305.48
298.86
292.24
285.617
278.993
272.368
265.742
259.116
252.488
245.86
239.231
232.602
225.973
219.343
212.714
206.084
199.455
192.826
186.197
179.568
172.939
166.311
159.684
153.056
146.429
139.802
133.175
126.548
119.922
113.296
106.67
100.044
93.4185
86.7929
80.1675
73.5421
66.9167
60.2915
53.6663
47.0412
40.4161
33.791
27.166
20.541
13.916
7.29099
0.666
-5.95902
-12.584
-19.2091
-25.8342
-32.4594
-39.0846
-45.7099
-52.3352
-58.9606
-65.5861
-72.2117
-78.8373
-85.4631
-92.0889
-98.7148
-105.341
-111.967
-118.593
-125.219
-131.846
-138.472
-145.098
-151.725
-158.352
-164.978
-171.605
-178.232
-184.859
-191.486
-198.113
-204.74
-211.367
-217.995
-224.622
-231.249
-237.877
-244.504
-251.132
-257.759
-264.387
-271.014
-277.642
-284.27
-290.898
-297.525
-304.153
-310.781
-317.409
-324.037
-330.666
-337.294
-343.922
-350.55
-357.179
-363.807
-370.436
-377.064
-383.693
-390.321
-396.95
-403.579
-410.208
-416.837
-423.466
-430.095
-436.724
-443.353
-449.982
-456.612
-463.241
-469.87
-476.5
-483.13
-489.759
-496.389
-503.019
-509.649
-516.279
-522.91
-529.54
-536.17
-542.801
-549.432
-556.063
-562.694
-569.325
-575.956
-582.588
-589.219
-595.851
-602.483
-609.115
-615.747
-622.38
-629.012
-635.645
-642.278
-648.911
-655.545
-662.179
-668.813
-675.447
-682.081
-688.716
-695.35
-701.985
-708.62
-715.255
-721.891
-728.526
-735.162
-741.798
-748.434
-755.071
-761.707
-768.343
-774.98
-781.617
-788.253
-794.89
-801.526
-808.162
-814.798
-821.435
-828.071
489.81
483.27
476.715
470.158
463.597
457.035
450.472
443.908
437.341
430.772
424.2
417.626
411.049
404.471
397.89
391.307
384.722
378.134
371.543
364.95
358.353
351.753
345.151
338.545
331.937
325.326
318.713
312.098
305.48
298.861
292.24
285.618
278.994
272.369
265.743
259.116
252.489
245.861
239.232
232.603
225.974
219.344
212.715
206.085
199.456
192.827
186.198
179.569
172.94
166.312
159.684
153.057
146.43
139.803
133.176
126.549
119.923
113.297
106.671
100.045
93.4194
86.7938
80.1683
73.5429
66.9175
60.2923
53.6671
47.0419
40.4168
33.7917
27.1667
20.5417
13.9167
7.29167
0.666669
-5.95836
-12.5834
-19.2085
-25.8336
-32.4588
-39.084
-45.7093
-52.3347
-58.9601
-65.5856
-72.2112
-78.8368
-85.4626
-92.0884
-98.7143
-105.34
-111.966
-118.593
-125.219
-131.845
-138.472
-145.098
-151.725
-158.351
-164.978
-171.605
-178.232
-184.859
-191.486
-198.113
-204.74
-211.367
-217.994
-224.622
-231.249
-237.876
-244.504
-251.131
-257.759
-264.386
-271.014
-277.642
-284.27
-290.897
-297.525
-304.153
-310.781
-317.409
-324.037
-330.665
-337.294
-343.922
-350.55
-357.179
-363.807
-370.435
-377.064
-383.693
-390.321
-396.95
-403.579
-410.208
-416.837
-423.466
-430.095
-436.724
-443.353
-449.982
-456.611
-463.241
-469.87
-476.5
-483.129
-489.759
-496.389
-503.019
-509.649
-516.279
-522.909
-529.54
-536.17
-542.801
-549.432
-556.063
-562.694
-569.325
-575.956
-582.587
-589.219
-595.851
-602.483
-609.115
-615.747
-622.379
-629.012
-635.645
-642.278
-648.911
-655.545
-662.178
-668.812
-675.447
-682.081
-688.715
-695.35
-701.985
-708.62
-715.255
-721.891
-728.526
-735.162
-741.798
-748.434
-755.07
-761.707
-768.343
-774.98
-781.616
-788.253
-794.889
-801.526
-808.162
-814.798
-821.435
-828.071
489.815
483.275
476.719
470.162
463.601
457.038
450.475
443.91
437.343
430.773
424.201
417.626
411.049
404.471
397.89
391.307
384.722
378.134
371.543
364.95
358.353
351.753
345.151
338.545
331.937
325.327
318.713
312.098
305.481
298.862
292.241
285.618
278.995
272.37
265.744
259.117
252.49
245.861
239.233
232.604
225.974
219.345
212.716
206.086
199.457
192.828
186.199
179.57
172.941
166.313
159.685
153.058
146.431
139.804
133.177
126.55
119.924
113.298
106.672
100.046
93.4203
86.7946
80.1691
73.5437
66.9184
60.2931
53.6679
47.0427
40.4176
33.7925
27.1675
20.5425
13.9174
7.29242
0.6674
-5.95764
-12.5827
-19.2078
-25.8329
-32.4581
-39.0834
-45.7087
-52.334
-58.9595
-65.585
-72.2106
-78.8363
-85.462
-92.0879
-98.7138
-105.34
-111.966
-118.592
-125.218
-131.845
-138.471
-145.098
-151.724
-158.351
-164.978
-171.604
-178.231
-184.858
-191.485
-198.112
-204.74
-211.367
-217.994
-224.621
-231.249
-237.876
-244.504
-251.131
-257.759
-264.386
-271.014
-277.642
-284.269
-290.897
-297.525
-304.153
-310.781
-317.409
-324.037
-330.665
-337.293
-343.922
-350.55
-357.178
-363.807
-370.435
-377.064
-383.692
-390.321
-396.95
-403.579
-410.207
-416.836
-423.465
-430.094
-436.724
-443.353
-449.982
-456.611
-463.241
-469.87
-476.5
-483.129
-489.759
-496.389
-503.019
-509.649
-516.279
-522.909
-529.54
-536.17
-542.801
-549.432
-556.062
-562.693
-569.325
-575.956
-582.587
-589.219
-595.851
-602.483
-609.115
-615.747
-622.379
-629.012
-635.645
-642.278
-648.911
-655.545
-662.178
-668.812
-675.446
-682.081
-688.715
-695.35
-701.985
-708.62
-715.255
-721.89
-728.526
-735.162
-741.798
-748.434
-755.07
-761.706
-768.343
-774.98
-781.616
-788.253
-794.889
-801.526
-808.162
-814.798
-821.435
-828.071
489.819
483.28
476.724
470.166
463.605
457.042
450.478
443.912
437.344
430.774
424.202
417.627
411.05
404.471
397.89
391.307
384.722
378.134
371.543
364.95
358.353
351.754
345.151
338.546
331.938
325.327
318.714
312.099
305.481
298.862
292.242
285.619
278.996
272.371
265.745
259.118
252.491
245.862
239.234
232.605
225.976
219.346
212.717
206.087
199.458
192.829
186.2
179.571
172.943
166.314
159.687
153.059
146.432
139.805
133.178
126.551
119.925
113.299
106.673
100.047
93.4212
86.7956
80.1701
73.5447
66.9193
60.294
53.6688
47.0436
40.4185
33.7934
27.1683
20.5433
13.9183
7.29323
0.668195
-5.95687
-12.5819
-19.2071
-25.8322
-32.4574
-39.0827
-45.708
-52.3334
-58.9589
-65.5844
-72.21
-78.8357
-85.4615
-92.0873
-98.7133
-105.339
-111.965
-118.592
-125.218
-131.844
-138.471
-145.097
-151.724
-158.35
-164.977
-171.604
-178.231
-184.858
-191.485
-198.112
-204.739
-211.366
-217.994
-224.621
-231.248
-237.876
-244.503
-251.131
-257.758
-264.386
-271.014
-277.641
-284.269
-290.897
-297.525
-304.153
-310.781
-317.409
-324.037
-330.665
-337.293
-343.921
-350.55
-357.178
-363.807
-370.435
-377.064
-383.692
-390.321
-396.95
-403.578
-410.207
-416.836
-423.465
-430.094
-436.723
-443.353
-449.982
-456.611
-463.241
-469.87
-476.5
-483.129
-489.759
-496.389
-503.019
-509.649
-516.279
-522.909
-529.54
-536.17
-542.801
-549.431
-556.062
-562.693
-569.324
-575.956
-582.587
-589.219
-595.85
-602.482
-609.114
-615.747
-622.379
-629.012
-635.645
-642.278
-648.911
-655.544
-662.178
-668.812
-675.446
-682.08
-688.715
-695.35
-701.984
-708.619
-715.255
-721.89
-728.526
-735.161
-741.797
-748.433
-755.07
-761.706
-768.343
-774.979
-781.616
-788.253
-794.889
-801.526
-808.162
-814.798
-821.435
-828.071
489.825
483.285
476.729
470.171
463.609
457.045
450.481
443.915
437.346
430.776
424.203
417.628
411.05
404.471
397.89
391.307
384.722
378.134
371.543
364.95
358.353
351.754
345.151
338.546
331.938
325.327
318.714
312.099
305.482
298.863
292.242
285.62
278.997
272.372
265.746
259.119
252.492
245.864
239.235
232.606
225.977
219.347
212.718
206.088
199.459
192.83
186.201
179.572
172.944
166.316
159.688
153.06
146.433
139.806
133.179
126.552
119.926
113.3
106.674
100.048
93.4223
86.7967
80.1711
73.5457
66.9203
60.295
53.6698
47.0446
40.4195
33.7943
27.1693
20.5442
13.9192
7.2941
0.669049
-5.95603
-12.5811
-19.2063
-25.8314
-32.4567
-39.0819
-45.7073
-52.3327
-58.9582
-65.5837
-72.2093
-78.8351
-85.4608
-92.0867
-98.7127
-105.339
-111.965
-118.591
-125.217
-131.844
-138.47
-145.097
-151.723
-158.35
-164.977
-171.604
-178.231
-184.858
-191.485
-198.112
-204.739
-211.366
-217.993
-224.621
-231.248
-237.875
-244.503
-251.13
-257.758
-264.386
-271.013
-277.641
-284.269
-290.897
-297.525
-304.152
-310.78
-317.409
-324.037
-330.665
-337.293
-343.921
-350.55
-357.178
-363.806
-370.435
-377.064
-383.692
-390.321
-396.95
-403.578
-410.207
-416.836
-423.465
-430.094
-436.723
-443.352
-449.982
-456.611
-463.24
-469.87
-476.499
-483.129
-489.759
-496.389
-503.019
-509.649
-516.279
-522.909
-529.539
-536.17
-542.801
-549.431
-556.062
-562.693
-569.324
-575.956
-582.587
-589.219
-595.85
-602.482
-609.114
-615.746
-622.379
-629.012
-635.644
-642.277
-648.911
-655.544
-662.178
-668.812
-675.446
-682.08
-688.715
-695.349
-701.984
-708.619
-715.254
-721.89
-728.525
-735.161
-741.797
-748.433
-755.069
-761.706
-768.342
-774.979
-781.616
-788.252
-794.889
-801.525
-808.162
-814.798
-821.435
-828.071
489.831
483.291
476.734
470.176
463.613
457.049
450.484
443.917
437.349
430.778
424.204
417.629
411.051
404.472
397.891
391.308
384.722
378.134
371.543
364.95
358.353
351.754
345.152
338.546
331.938
325.328
318.715
312.1
305.483
298.864
292.243
285.621
278.998
272.373
265.747
259.12
252.493
245.865
239.236
232.607
225.978
219.348
212.719
206.09
199.46
192.831
186.202
179.573
172.945
166.317
159.689
153.061
146.434
139.807
133.18
126.554
119.927
113.301
106.675
100.049
93.4234
86.7978
80.1722
73.5468
66.9214
60.2961
53.6708
47.0456
40.4205
33.7953
27.1703
20.5452
13.9201
7.29503
0.669963
-5.95513
-12.5802
-19.2054
-25.8306
-32.4558
-39.0811
-45.7065
-52.3319
-58.9574
-65.583
-72.2087
-78.8344
-85.4602
-92.0861
-98.7121
-105.338
-111.964
-118.59
-125.217
-131.843
-138.47
-145.096
-151.723
-158.35
-164.976
-171.603
-178.23
-184.857
-191.484
-198.111
-204.738
-211.366
-217.993
-224.62
-231.248
-237.875
-244.503
-251.13
-257.758
-264.385
-271.013
-277.641
-284.269
-290.896
-297.524
-304.152
-310.78
-317.408
-324.036
-330.665
-337.293
-343.921
-350.549
-357.178
-363.806
-370.435
-377.063
-383.692
-390.321
-396.949
-403.578
-410.207
-416.836
-423.465
-430.094
-436.723
-443.352
-449.981
-456.611
-463.24
-469.87
-476.499
-483.129
-489.759
-496.389
-503.018
-509.648
-516.279
-522.909
-529.539
-536.17
-542.8
-549.431
-556.062
-562.693
-569.324
-575.955
-582.587
-589.218
-595.85
-602.482
-609.114
-615.746
-622.379
-629.011
-635.644
-642.277
-648.91
-655.544
-662.178
-668.812
-675.446
-682.08
-688.714
-695.349
-701.984
-708.619
-715.254
-721.889
-728.525
-735.161
-741.797
-748.433
-755.069
-761.705
-768.342
-774.979
-781.615
-788.252
-794.889
-801.525
-808.162
-814.798
-821.435
-828.071
489.837
483.297
476.74
470.181
463.618
457.053
450.488
443.92
437.351
430.78
424.206
417.63
411.052
404.473
397.891
391.308
384.722
378.134
371.544
364.95
358.354
351.754
345.152
338.547
331.939
325.328
318.716
312.101
305.484
298.865
292.244
285.622
278.999
272.374
265.748
259.121
252.494
245.866
239.237
232.608
225.979
219.35
212.72
206.091
199.462
192.832
186.203
179.575
172.946
166.318
159.69
153.063
146.435
139.808
133.182
126.555
119.929
113.302
106.676
100.05
93.4247
86.799
80.1734
73.5479
66.9225
60.2972
53.6719
47.0467
40.4215
33.7964
27.1713
20.5462
13.9211
7.29602
0.670932
-5.95419
-12.5793
-19.2045
-25.8297
-32.455
-39.0803
-45.7057
-52.3311
-58.9567
-65.5822
-72.2079
-78.8337
-85.4595
-92.0854
-98.7114
-105.337
-111.964
-118.59
-125.216
-131.843
-138.469
-145.096
-151.722
-158.349
-164.976
-171.603
-178.23
-184.857
-191.484
-198.111
-204.738
-211.365
-217.993
-224.62
-231.247
-237.875
-244.502
-251.13
-257.757
-264.385
-271.013
-277.64
-284.268
-290.896
-297.524
-304.152
-310.78
-317.408
-324.036
-330.664
-337.293
-343.921
-350.549
-357.178
-363.806
-370.435
-377.063
-383.692
-390.32
-396.949
-403.578
-410.207
-416.836
-423.465
-430.094
-436.723
-443.352
-449.981
-456.611
-463.24
-469.87
-476.499
-483.129
-489.759
-496.388
-503.018
-509.648
-516.278
-522.909
-529.539
-536.17
-542.8
-549.431
-556.062
-562.693
-569.324
-575.955
-582.587
-589.218
-595.85
-602.482
-609.114
-615.746
-622.379
-629.011
-635.644
-642.277
-648.91
-655.544
-662.177
-668.811
-675.445
-682.08
-688.714
-695.349
-701.984
-708.619
-715.254
-721.889
-728.525
-735.16
-741.796
-748.432
-755.069
-761.705
-768.342
-774.978
-781.615
-788.252
-794.888
-801.525
-808.162
-814.798
-821.435
-828.071
489.844
483.303
476.746
470.187
463.623
457.058
450.491
443.924
437.354
430.782
424.208
417.632
411.054
404.474
397.892
391.309
384.723
378.135
371.544
364.951
358.354
351.755
345.152
338.547
331.939
325.329
318.716
312.101
305.485
298.866
292.245
285.623
279
272.375
265.749
259.123
252.495
245.867
239.239
232.61
225.98
219.351
212.722
206.092
199.463
192.834
186.205
179.576
172.948
166.32
159.692
153.064
146.437
139.81
133.183
126.556
119.93
113.304
106.678
100.052
93.4259
86.8002
80.1747
73.5492
66.9237
60.2984
53.6731
47.0479
40.4227
33.7975
27.1724
20.5473
13.9222
7.29707
0.671954
-5.95318
-12.5783
-19.2035
-25.8288
-32.4541
-39.0794
-45.7048
-52.3303
-58.9558
-65.5814
-72.2071
-78.8329
-85.4587
-92.0847
-98.7107
-105.337
-111.963
-118.589
-125.216
-131.842
-138.468
-145.095
-151.722
-158.348
-164.975
-171.602
-178.229
-184.856
-191.483
-198.11
-204.738
-211.365
-217.992
-224.619
-231.247
-237.874
-244.502
-251.129
-257.757
-264.385
-271.012
-277.64
-284.268
-290.896
-297.524
-304.152
-310.78
-317.408
-324.036
-330.664
-337.292
-343.921
-350.549
-357.177
-363.806
-370.434
-377.063
-383.691
-390.32
-396.949
-403.578
-410.207
-416.836
-423.465
-430.094
-436.723
-443.352
-449.981
-456.61
-463.24
-469.869
-476.499
-483.129
-489.758
-496.388
-503.018
-509.648
-516.278
-522.909
-529.539
-536.169
-542.8
-549.431
-556.062
-562.693
-569.324
-575.955
-582.586
-589.218
-595.85
-602.482
-609.114
-615.746
-622.378
-629.011
-635.644
-642.277
-648.91
-655.543
-662.177
-668.811
-675.445
-682.079
-688.714
-695.348
-701.983
-708.618
-715.253
-721.889
-728.524
-735.16
-741.796
-748.432
-755.068
-761.705
-768.341
-774.978
-781.615
-788.251
-794.888
-801.525
-808.161
-814.798
-821.435
-828.072
489.852
483.31
476.752
470.192
463.628
457.062
450.496
443.927
437.357
430.785
424.21
417.634
411.055
404.475
397.893
391.31
384.724
378.136
371.545
364.951
358.355
351.755
345.153
338.548
331.94
325.33
318.717
312.102
305.485
298.867
292.246
285.624
279.001
272.376
265.751
259.124
252.497
245.869
239.24
232.611
225.982
219.353
212.723
206.094
199.464
192.835
186.206
179.578
172.949
166.321
159.693
153.066
146.438
139.811
133.184
126.558
119.931
113.305
106.679
100.053
93.4273
86.8016
80.176
73.5504
66.925
60.2996
53.6743
47.0491
40.4239
33.7987
27.1735
20.5484
13.9233
7.29816
0.673024
-5.95214
-12.5773
-19.2025
-25.8278
-32.4531
-39.0785
-45.7039
-52.3294
-58.955
-65.5806
-72.2063
-78.8321
-85.458
-92.0839
-98.71
-105.336
-111.962
-118.589
-125.215
-131.841
-138.468
-145.094
-151.721
-158.348
-164.975
-171.602
-178.229
-184.856
-191.483
-198.11
-204.737
-211.364
-217.992
-224.619
-231.246
-237.874
-244.501
-251.129
-257.757
-264.384
-271.012
-277.64
-284.268
-290.895
-297.523
-304.151
-310.779
-317.407
-324.036
-330.664
-337.292
-343.92
-350.549
-357.177
-363.806
-370.434
-377.063
-383.691
-390.32
-396.949
-403.578
-410.206
-416.835
-423.464
-430.093
-436.722
-443.352
-449.981
-456.61
-463.24
-469.869
-476.499
-483.128
-489.758
-496.388
-503.018
-509.648
-516.278
-522.908
-529.539
-536.169
-542.8
-549.431
-556.061
-562.692
-569.324
-575.955
-582.586
-589.218
-595.85
-602.481
-609.113
-615.746
-622.378
-629.011
-635.643
-642.277
-648.91
-655.543
-662.177
-668.811
-675.445
-682.079
-688.714
-695.348
-701.983
-708.618
-715.253
-721.888
-728.524
-735.16
-741.795
-748.432
-755.068
-761.704
-768.341
-774.978
-781.614
-788.251
-794.888
-801.525
-808.161
-814.798
-821.435
-828.072
489.86
483.317
476.759
470.199
463.634
457.068
450.5
443.931
437.361
430.788
424.213
417.636
411.057
404.477
397.895
391.311
384.725
378.136
371.545
364.952
358.355
351.756
345.153
338.548
331.941
325.331
318.718
312.103
305.486
298.868
292.247
285.625
279.002
272.377
265.752
259.125
252.498
245.87
239.241
232.612
225.983
219.354
212.725
206.095
199.466
192.837
186.208
179.579
172.951
166.323
159.695
153.067
146.44
139.813
133.186
126.559
119.933
113.307
106.68
100.054
93.4287
86.8029
80.1773
73.5518
66.9263
60.3009
53.6756
47.0503
40.4251
33.7999
27.1747
20.5496
13.9244
7.29929
0.674137
-5.95105
-12.5763
-19.2015
-25.8268
-32.4521
-39.0775
-45.703
-52.3285
-58.9541
-65.5797
-72.2055
-78.8313
-85.4572
-92.0831
-98.7092
-105.335
-111.962
-118.588
-125.214
-131.841
-138.467
-145.094
-151.721
-158.347
-164.974
-171.601
-178.228
-184.855
-191.482
-198.109
-204.737
-211.364
-217.991
-224.619
-231.246
-237.873
-244.501
-251.129
-257.756
-264.384
-271.012
-277.639
-284.267
-290.895
-297.523
-304.151
-310.779
-317.407
-324.035
-330.664
-337.292
-343.92
-350.548
-357.177
-363.805
-370.434
-377.062
-383.691
-390.32
-396.948
-403.577
-410.206
-416.835
-423.464
-430.093
-436.722
-443.351
-449.981
-456.61
-463.239
-469.869
-476.499
-483.128
-489.758
-496.388
-503.018
-509.648
-516.278
-522.908
-529.539
-536.169
-542.8
-549.43
-556.061
-562.692
-569.323
-575.955
-582.586
-589.218
-595.849
-602.481
-609.113
-615.745
-622.378
-629.01
-635.643
-642.276
-648.909
-655.543
-662.177
-668.81
-675.444
-682.079
-688.713
-695.348
-701.983
-708.618
-715.253
-721.888
-728.523
-735.159
-741.795
-748.431
-755.067
-761.704
-768.34
-774.977
-781.614
-788.251
-794.888
-801.524
-808.161
-814.798
-821.435
-828.072
489.869
483.325
476.767
470.206
463.64
457.073
450.505
443.936
437.365
430.791
424.216
417.639
411.06
404.479
397.896
391.312
384.726
378.137
371.546
364.952
358.356
351.756
345.154
338.549
331.941
325.331
318.719
312.104
305.487
298.869
292.248
285.626
279.003
272.379
265.753
259.127
252.499
245.871
239.243
232.614
225.985
219.356
212.726
206.097
199.468
192.838
186.21
179.581
172.952
166.324
159.696
153.069
146.441
139.814
133.187
126.561
119.934
113.308
106.682
100.056
93.4301
86.8043
80.1787
73.5531
66.9277
60.3023
53.6769
47.0516
40.4264
33.8012
27.176
20.5508
13.9256
7.30047
0.675285
-5.94992
-12.5752
-19.2004
-25.8257
-32.4511
-39.0765
-45.702
-52.3275
-58.9532
-65.5788
-72.2046
-78.8304
-85.4563
-92.0823
-98.7084
-105.335
-111.961
-118.587
-125.214
-131.84
-138.467
-145.093
-151.72
-158.347
-164.974
-171.601
-178.228
-184.855
-191.482
-198.109
-204.736
-211.363
-217.991
-224.618
-231.246
-237.873
-244.501
-251.128
-257.756
-264.384
-271.011
-277.639
-284.267
-290.895
-297.523
-304.151
-310.779
-317.407
-324.035
-330.663
-337.291
-343.92
-350.548
-357.177
-363.805
-370.434
-377.062
-383.691
-390.319
-396.948
-403.577
-410.206
-416.835
-423.464
-430.093
-436.722
-443.351
-449.981
-456.61
-463.239
-469.869
-476.498
-483.128
-489.758
-496.388
-503.018
-509.648
-516.278
-522.908
-529.538
-536.169
-542.799
-549.43
-556.061
-562.692
-569.323
-575.954
-582.586
-589.217
-595.849
-602.481
-609.113
-615.745
-622.378
-629.01
-635.643
-642.276
-648.909
-655.543
-662.176
-668.81
-675.444
-682.078
-688.713
-695.347
-701.982
-708.617
-715.252
-721.887
-728.523
-735.159
-741.794
-748.431
-755.067
-761.703
-768.34
-774.977
-781.613
-788.25
-794.887
-801.524
-808.161
-814.798
-821.435
-828.072
489.879
483.334
476.775
470.213
463.647
457.079
450.511
443.941
437.369
430.795
424.219
417.642
411.062
404.481
397.898
391.314
384.727
378.139
371.547
364.953
358.357
351.757
345.155
338.55
331.942
325.332
318.72
312.105
305.488
298.87
292.249
285.628
279.004
272.38
265.754
259.128
252.501
245.873
239.244
232.615
225.986
219.357
212.728
206.098
199.469
192.84
186.211
179.583
172.954
166.326
159.698
153.07
146.443
139.816
133.189
126.562
119.936
113.31
106.683
100.057
93.4316
86.8058
80.1801
73.5546
66.9291
60.3036
53.6783
47.053
40.4277
33.8025
27.1772
20.552
13.9269
7.30166
0.676457
-5.94878
-12.574
-19.1993
-25.8247
-32.4501
-39.0755
-45.701
-52.3266
-58.9522
-65.5779
-72.2037
-78.8296
-85.4555
-92.0815
-98.7076
-105.334
-111.96
-118.586
-125.213
-131.839
-138.466
-145.093
-151.719
-158.346
-164.973
-171.6
-178.227
-184.854
-191.481
-198.108
-204.736
-211.363
-217.99
-224.618
-231.245
-237.873
-244.5
-251.128
-257.755
-264.383
-271.011
-277.639
-284.267
-290.894
-297.522
-304.15
-310.778
-317.407
-324.035
-330.663
-337.291
-343.919
-350.548
-357.176
-363.805
-370.433
-377.062
-383.691
-390.319
-396.948
-403.577
-410.206
-416.835
-423.464
-430.093
-436.722
-443.351
-449.98
-456.61
-463.239
-469.869
-476.498
-483.128
-489.758
-496.387
-503.017
-509.647
-516.278
-522.908
-529.538
-536.169
-542.799
-549.43
-556.061
-562.692
-569.323
-575.954
-582.586
-589.217
-595.849
-602.481
-609.113
-615.745
-622.377
-629.01
-635.643
-642.276
-648.909
-655.542
-662.176
-668.81
-675.444
-682.078
-688.712
-695.347
-701.982
-708.617
-715.252
-721.887
-728.522
-735.158
-741.794
-748.43
-755.066
-761.703
-768.339
-774.976
-781.613
-788.25
-794.887
-801.524
-808.161
-814.798
-821.435
-828.073
489.89
483.343
476.783
470.221
463.654
457.086
450.517
443.946
437.374
430.8
424.223
417.645
411.065
404.484
397.901
391.316
384.729
378.14
371.549
364.954
358.358
351.758
345.156
338.551
331.943
325.333
318.72
312.106
305.489
298.871
292.25
285.629
279.006
272.381
265.756
259.129
252.502
245.874
239.246
232.617
225.988
219.359
212.729
206.1
199.471
192.842
186.213
179.584
172.956
166.328
159.7
153.072
146.445
139.818
133.191
126.564
119.938
113.311
106.685
100.059
93.4331
86.8073
80.1816
73.556
66.9305
60.305
53.6796
47.0543
40.429
33.8038
27.1785
20.5533
13.9281
7.30287
0.677636
-5.94762
-12.5729
-19.1982
-25.8236
-32.449
-39.0745
-45.7
-52.3256
-58.9513
-65.577
-72.2028
-78.8287
-85.4547
-92.0807
-98.7068
-105.333
-111.959
-118.586
-125.212
-131.839
-138.465
-145.092
-151.719
-158.345
-164.972
-171.599
-178.226
-184.853
-191.481
-198.108
-204.735
-211.362
-217.99
-224.617
-231.245
-237.872
-244.5
-251.127
-257.755
-264.383
-271.01
-277.638
-284.266
-290.894
-297.522
-304.15
-310.778
-317.406
-324.034
-330.663
-337.291
-343.919
-350.548
-357.176
-363.804
-370.433
-377.062
-383.69
-390.319
-396.948
-403.577
-410.205
-416.834
-423.463
-430.092
-436.722
-443.351
-449.98
-456.609
-463.239
-469.868
-476.498
-483.128
-489.757
-496.387
-503.017
-509.647
-516.277
-522.908
-529.538
-536.168
-542.799
-549.43
-556.061
-562.692
-569.323
-575.954
-582.585
-589.217
-595.849
-602.48
-609.112
-615.745
-622.377
-629.01
-635.642
-642.275
-648.908
-655.542
-662.175
-668.809
-675.443
-682.078
-688.712
-695.346
-701.981
-708.616
-715.251
-721.886
-728.522
-735.157
-741.793
-748.429
-755.065
-761.702
-768.339
-774.975
-781.612
-788.249
-794.886
-801.524
-808.161
-814.798
-821.435
-828.073
489.901
483.353
476.793
470.229
463.662
457.093
450.523
443.952
437.379
430.805
424.228
417.649
411.069
404.487
397.903
391.318
384.731
378.142
371.55
364.956
358.359
351.759
345.157
338.551
331.944
325.334
318.721
312.107
305.49
298.872
292.251
285.63
279.007
272.382
265.757
259.131
252.503
245.876
239.247
232.619
225.989
219.36
212.731
206.102
199.473
192.843
186.215
179.586
172.958
166.329
159.701
153.074
146.446
139.819
133.192
126.566
119.939
113.313
106.687
100.06
93.4345
86.8087
80.183
73.5574
66.9318
60.3064
53.681
47.0556
40.4303
33.805
27.1798
20.5545
13.9293
7.30405
0.678797
-5.94649
-12.5718
-19.1972
-25.8225
-32.448
-39.0735
-45.699
-52.3247
-58.9504
-65.5761
-72.2019
-78.8278
-85.4538
-92.0799
-98.706
-105.332
-111.959
-118.585
-125.211
-131.838
-138.465
-145.091
-151.718
-158.345
-164.972
-171.599
-178.226
-184.853
-191.48
-198.107
-204.735
-211.362
-217.989
-224.617
-231.244
-237.872
-244.499
-251.127
-257.755
-264.382
-271.01
-277.638
-284.266
-290.894
-297.522
-304.15
-310.778
-317.406
-324.034
-330.662
-337.291
-343.919
-350.547
-357.176
-363.804
-370.433
-377.061
-383.69
-390.319
-396.948
-403.576
-410.205
-416.834
-423.463
-430.092
-436.721
-443.351
-449.98
-456.609
-463.239
-469.868
-476.498
-483.127
-489.757
-496.387
-503.017
-509.647
-516.277
-522.907
-529.538
-536.168
-542.799
-549.43
-556.06
-562.691
-569.322
-575.954
-582.585
-589.217
-595.848
-602.48
-609.112
-615.744
-622.377
-629.009
-635.642
-642.275
-648.908
-655.541
-662.175
-668.809
-675.443
-682.077
-688.711
-695.346
-701.981
-708.615
-715.25
-721.886
-728.521
-735.157
-741.792
-748.428
-755.065
-761.701
-768.338
-774.975
-781.612
-788.249
-794.886
-801.523
-808.16
-814.798
-821.436
-828.074
489.915
483.363
476.803
470.238
463.67
457.101
450.531
443.959
437.386
430.81
424.233
417.654
411.073
404.49
397.906
391.321
384.733
378.144
371.552
364.957
358.36
351.76
345.157
338.552
331.945
325.334
318.722
312.107
305.491
298.872
292.252
285.631
279.008
272.383
265.758
259.132
252.505
245.877
239.249
232.62
225.991
219.362
212.733
206.103
199.474
192.845
186.216
179.588
172.959
166.331
159.703
153.075
146.448
139.821
133.194
126.567
119.941
113.314
106.688
100.062
93.4359
86.8101
80.1843
73.5587
66.9332
60.3077
53.6822
47.0569
40.4315
33.8062
27.181
20.5557
13.9305
7.30518
0.679898
-5.94541
-12.5707
-19.1961
-25.8215
-32.447
-39.0725
-45.6981
-52.3238
-58.9495
-65.5753
-72.2011
-78.827
-85.453
-92.0791
-98.7052
-105.331
-111.958
-118.584
-125.211
-131.837
-138.464
-145.091
-151.717
-158.344
-164.971
-171.598
-178.225
-184.852
-191.48
-198.107
-204.734
-211.361
-217.989
-224.616
-231.244
-237.871
-244.499
-251.127
-257.754
-264.382
-271.01
-277.638
-284.265
-290.893
-297.521
-304.149
-310.777
-317.406
-324.034
-330.662
-337.29
-343.919
-350.547
-357.175
-363.804
-370.433
-377.061
-383.69
-390.318
-396.947
-403.576
-410.205
-416.834
-423.463
-430.092
-436.721
-443.35
-449.98
-456.609
-463.238
-469.868
-476.498
-483.127
-489.757
-496.387
-503.017
-509.647
-516.277
-522.907
-529.538
-536.168
-542.799
-549.429
-556.06
-562.691
-569.322
-575.953
-582.585
-589.216
-595.848
-602.48
-609.112
-615.744
-622.376
-629.009
-635.642
-642.274
-648.908
-655.541
-662.175
-668.808
-675.442
-682.076
-688.711
-695.345
-701.98
-708.615
-715.25
-721.885
-728.52
-735.156
-741.791
-748.427
-755.064
-761.7
-768.337
-774.974
-781.611
-788.248
-794.885
-801.523
-808.16
-814.799
-821.436
-828.075
489.93
483.375
476.814
470.249
463.68
457.11
450.539
443.967
437.393
430.816
424.238
417.658
411.077
404.494
397.91
391.324
384.736
378.146
371.553
364.958
358.361
351.761
345.158
338.553
331.945
325.335
318.723
312.108
305.492
298.873
292.253
285.632
279.009
272.384
265.759
259.133
252.506
245.878
239.25
232.621
225.992
219.363
212.734
206.105
199.476
192.847
186.218
179.589
172.961
166.332
159.705
153.077
146.449
139.822
133.195
126.568
119.942
113.315
106.689
100.063
93.4371
86.8113
80.1855
73.5599
66.9343
60.3088
53.6834
47.058
40.4327
33.8073
27.182
20.5568
13.9315
7.30618
0.680873
-5.94446
-12.5698
-19.1952
-25.8207
-32.4462
-39.0717
-45.6973
-52.323
-58.9487
-65.5745
-72.2004
-78.8263
-85.4523
-92.0784
-98.7046
-105.331
-111.957
-118.584
-125.21
-131.837
-138.463
-145.09
-151.717
-158.344
-164.971
-171.598
-178.225
-184.852
-191.479
-198.106
-204.734
-211.361
-217.988
-224.616
-231.243
-237.871
-244.498
-251.126
-257.754
-264.382
-271.009
-277.637
-284.265
-290.893
-297.521
-304.149
-310.777
-317.405
-324.033
-330.662
-337.29
-343.918
-350.547
-357.175
-363.804
-370.432
-377.061
-383.69
-390.318
-396.947
-403.576
-410.205
-416.834
-423.463
-430.092
-436.721
-443.35
-449.979
-456.609
-463.238
-469.868
-476.497
-483.127
-489.757
-496.387
-503.017
-509.647
-516.277
-522.907
-529.537
-536.168
-542.798
-549.429
-556.06
-562.691
-569.322
-575.953
-582.584
-589.216
-595.848
-602.479
-609.111
-615.744
-622.376
-629.008
-635.641
-642.274
-648.907
-655.54
-662.174
-668.808
-675.442
-682.076
-688.71
-695.344
-701.979
-708.614
-715.249
-721.884
-728.519
-735.155
-741.79
-748.426
-755.062
-761.699
-768.335
-774.972
-781.609
-788.247
-794.884
-801.522
-808.159
-814.798
-821.436
-828.076
489.948
483.388
476.827
470.261
463.692
457.121
450.549
443.975
437.4
430.823
424.244
417.664
411.081
404.498
397.913
391.326
384.738
378.147
371.555
364.96
358.362
351.762
345.159
338.553
331.946
325.335
318.723
312.108
305.492
298.874
292.254
285.632
279.009
272.385
265.76
259.134
252.507
245.879
239.251
232.623
225.994
219.365
212.735
206.106
199.477
192.848
186.219
179.59
172.962
166.334
159.706
153.078
146.451
139.823
133.196
126.569
119.943
113.316
106.69
100.064
93.438
86.8122
80.1864
73.5608
66.9352
60.3097
53.6843
47.0589
40.4335
33.8082
27.1829
20.5576
13.9323
7.30696
0.681625
-5.94374
-12.5691
-19.1946
-25.82
-32.4455
-39.0711
-45.6967
-52.3224
-58.9481
-65.5739
-72.1998
-78.8257
-85.4518
-92.0778
-98.704
-105.33
-111.957
-118.583
-125.21
-131.836
-138.463
-145.09
-151.716
-158.343
-164.97
-171.597
-178.224
-184.851
-191.479
-198.106
-204.733
-211.361
-217.988
-224.615
-231.243
-237.871
-244.498
-251.126
-257.753
-264.381
-271.009
-277.637
-284.265
-290.893
-297.521
-304.149
-310.777
-317.405
-324.033
-330.661
-337.29
-343.918
-350.547
-357.175
-363.803
-370.432
-377.061
-383.689
-390.318
-396.947
-403.576
-410.205
-416.834
-423.463
-430.092
-436.721
-443.35
-449.979
-456.609
-463.238
-469.868
-476.497
-483.127
-489.757
-496.386
-503.016
-509.646
-516.276
-522.907
-529.537
-536.168
-542.798
-549.429
-556.06
-562.691
-569.322
-575.953
-582.584
-589.216
-595.847
-602.479
-609.111
-615.743
-622.375
-629.008
-635.641
-642.273
-648.906
-655.54
-662.173
-668.807
-675.441
-682.075
-688.709
-695.344
-701.978
-708.613
-715.248
-721.883
-728.518
-735.153
-741.789
-748.424
-755.061
-761.697
-768.333
-774.97
-781.607
-788.245
-794.882
-801.521
-808.158
-814.798
-821.436
-828.077
489.968
483.404
476.844
470.276
463.706
457.134
450.561
443.986
437.409
430.831
424.251
417.669
411.086
404.502
397.916
391.329
384.74
378.149
371.556
364.96
358.363
351.762
345.159
338.554
331.946
325.335
318.723
312.108
305.492
298.874
292.254
285.632
279.009
272.385
265.76
259.134
252.507
245.88
239.252
232.623
225.995
219.366
212.736
206.107
199.478
192.849
186.22
179.592
172.963
166.335
159.707
153.079
146.451
139.824
133.197
126.57
119.943
113.317
106.69
100.064
93.4384
86.8125
80.1868
73.5612
66.9356
60.3101
53.6847
47.0594
40.434
33.8087
27.1834
20.5581
13.9327
7.3074
0.68204
-5.94335
-12.5688
-19.1942
-25.8197
-32.4452
-39.0708
-45.6964
-52.3221
-58.9478
-65.5736
-72.1995
-78.8254
-85.4514
-92.0775
-98.7037
-105.33
-111.956
-118.583
-125.209
-131.836
-138.463
-145.089
-151.716
-158.343
-164.97
-171.597
-178.224
-184.851
-191.478
-198.106
-204.733
-211.36
-217.988
-224.615
-231.243
-237.87
-244.498
-251.126
-257.753
-264.381
-271.009
-277.637
-284.265
-290.893
-297.521
-304.149
-310.777
-317.405
-324.033
-330.661
-337.29
-343.918
-350.546
-357.175
-363.803
-370.432
-377.06
-383.689
-390.318
-396.947
-403.575
-410.204
-416.833
-423.462
-430.091
-436.721
-443.35
-449.979
-456.608
-463.238
-469.867
-476.497
-483.127
-489.756
-496.386
-503.016
-509.646
-516.276
-522.907
-529.537
-536.167
-542.798
-549.429
-556.059
-562.69
-569.321
-575.952
-582.584
-589.215
-595.847
-602.479
-609.11
-615.743
-622.375
-629.007
-635.64
-642.273
-648.906
-655.539
-662.172
-668.806
-675.44
-682.074
-688.708
-695.342
-701.977
-708.611
-715.246
-721.881
-728.516
-735.151
-741.787
-748.422
-755.058
-761.694
-768.331
-774.968
-781.605
-788.242
-794.88
-801.518
-808.156
-814.797
-821.434
-828.078
489.994
483.424
476.866
470.296
463.725
457.15
450.575
443.998
437.419
430.839
424.258
417.675
411.09
404.505
397.919
391.331
384.741
378.15
371.557
364.961
358.363
351.762
345.159
338.553
331.945
325.335
318.723
312.108
305.492
298.873
292.253
285.632
279.009
272.385
265.76
259.134
252.507
245.88
239.252
232.624
225.995
219.366
212.737
206.108
199.479
192.85
186.221
179.592
172.964
166.335
159.707
153.079
146.451
139.824
133.197
126.57
119.943
113.316
106.69
100.064
93.438
86.8122
80.1865
73.5609
66.9355
60.3101
53.6847
47.0594
40.4341
33.8088
27.1835
20.5582
13.9328
7.30745
0.682056
-5.94337
-12.5688
-19.1943
-25.8198
-32.4454
-39.0709
-45.6966
-52.3222
-58.9479
-65.5737
-72.1995
-78.8254
-85.4514
-92.0775
-98.7036
-105.33
-111.956
-118.583
-125.209
-131.836
-138.462
-145.089
-151.716
-158.343
-164.97
-171.597
-178.224
-184.851
-191.478
-198.106
-204.733
-211.36
-217.988
-224.615
-231.243
-237.87
-244.498
-251.125
-257.753
-264.381
-271.009
-277.636
-284.264
-290.892
-297.52
-304.148
-310.777
-317.405
-324.033
-330.661
-337.289
-343.918
-350.546
-357.175
-363.803
-370.432
-377.06
-383.689
-390.318
-396.946
-403.575
-410.204
-416.833
-423.462
-430.091
-436.72
-443.35
-449.979
-456.608
-463.238
-469.867
-476.497
-483.126
-489.756
-496.386
-503.016
-509.646
-516.276
-522.906
-529.537
-536.167
-542.798
-549.428
-556.059
-562.69
-569.321
-575.952
-582.583
-589.215
-595.846
-602.478
-609.11
-615.742
-622.374
-629.006
-635.639
-642.272
-648.905
-655.538
-662.171
-668.805
-675.439
-682.073
-688.707
-695.341
-701.975
-708.61
-715.244
-721.879
-728.514
-735.149
-741.784
-748.419
-755.055
-761.691
-768.327
-774.964
-781.601
-788.239
-794.876
-801.515
-808.152
-814.794
-821.43
-828.078
490.025
483.451
476.895
470.321
463.748
457.17
450.592
444.012
437.431
430.849
424.265
417.681
411.095
404.509
397.922
391.333
384.743
378.152
371.558
364.962
358.363
351.763
345.159
338.553
331.945
325.335
318.722
312.107
305.491
298.872
292.252
285.631
279.008
272.384
265.759
259.133
252.507
245.88
239.252
232.624
225.996
219.367
212.738
206.109
199.48
192.851
186.222
179.594
172.965
166.336
159.708
153.08
146.452
139.824
133.196
126.569
119.942
113.315
106.689
100.063
93.437
86.8112
80.1857
73.5602
66.9349
60.3096
53.6844
47.0592
40.4339
33.8087
27.1834
20.5581
13.9327
7.30729
0.681847
-5.94364
-12.5691
-19.1947
-25.8202
-32.4458
-39.0714
-45.697
-52.3226
-58.9483
-65.574
-72.1998
-78.8257
-85.4516
-92.0776
-98.7037
-105.33
-111.956
-118.583
-125.209
-131.836
-138.462
-145.089
-151.716
-158.343
-164.97
-171.597
-178.224
-184.851
-191.478
-198.106
-204.733
-211.36
-217.988
-224.615
-231.242
-237.87
-244.498
-251.125
-257.753
-264.381
-271.008
-277.636
-284.264
-290.892
-297.52
-304.148
-310.776
-317.405
-324.033
-330.661
-337.289
-343.918
-350.546
-357.175
-363.803
-370.432
-377.06
-383.689
-390.318
-396.946
-403.575
-410.204
-416.833
-423.462
-430.091
-436.72
-443.349
-449.979
-456.608
-463.238
-469.867
-476.497
-483.126
-489.756
-496.386
-503.016
-509.646
-516.276
-522.906
-529.537
-536.167
-542.797
-549.428
-556.059
-562.69
-569.321
-575.952
-582.583
-589.214
-595.846
-602.477
-609.109
-615.741
-622.373
-629.006
-635.638
-642.271
-648.904
-655.537
-662.17
-668.804
-675.437
-682.071
-688.705
-695.339
-701.973
-708.608
-715.242
-721.877
-728.511
-735.146
-741.781
-748.416
-755.051
-761.687
-768.323
-774.96
-781.597
-788.234
-794.871
-801.511
-808.148
-814.791
-821.425
-828.078
490.061
483.482
476.927
470.349
463.773
457.191
450.61
444.027
437.444
430.86
424.275
417.689
411.103
404.515
397.927
391.338
384.747
378.155
371.561
364.964
358.366
351.764
345.161
338.554
331.946
325.335
318.722
312.107
305.49
298.871
292.251
285.629
279.006
272.382
265.758
259.132
252.506
245.879
239.252
232.624
225.996
219.368
212.74
206.111
199.483
192.854
186.225
179.596
172.967
166.338
159.709
153.081
146.452
139.824
133.196
126.569
119.942
113.315
106.688
100.062
93.4361
86.8104
80.185
73.5597
66.9345
60.3094
53.6844
47.0593
40.4342
33.809
27.1838
20.5584
13.933
7.30754
0.682005
-5.94358
-12.5692
-19.1948
-25.8205
-32.4461
-39.0717
-45.6973
-52.323
-58.9486
-65.5743
-72.2
-78.8257
-85.4516
-92.0775
-98.7036
-105.33
-111.956
-118.582
-125.209
-131.835
-138.462
-145.089
-151.716
-158.343
-164.97
-171.597
-178.224
-184.851
-191.478
-198.106
-204.733
-211.36
-217.987
-224.615
-231.242
-237.87
-244.497
-251.125
-257.753
-264.38
-271.008
-277.636
-284.264
-290.892
-297.52
-304.148
-310.776
-317.404
-324.033
-330.661
-337.289
-343.918
-350.546
-357.174
-363.803
-370.431
-377.06
-383.689
-390.317
-396.946
-403.575
-410.204
-416.833
-423.462
-430.091
-436.72
-443.349
-449.978
-456.608
-463.237
-469.867
-476.496
-483.126
-489.756
-496.386
-503.016
-509.646
-516.276
-522.906
-529.536
-536.167
-542.797
-549.428
-556.058
-562.689
-569.32
-575.951
-582.582
-589.213
-595.845
-602.476
-609.108
-615.74
-622.372
-629.004
-635.637
-642.27
-648.903
-655.536
-662.169
-668.802
-675.436
-682.07
-688.704
-695.337
-701.972
-708.606
-715.24
-721.874
-728.508
-735.143
-741.777
-748.412
-755.047
-761.683
-768.319
-774.955
-781.592
-788.229
-794.867
-801.506
-808.143
-814.789
-821.42
-828.078
490.101
483.511
476.955
470.373
463.795
457.21
450.628
444.043
437.459
430.873
424.287
417.701
411.113
404.526
397.937
391.347
384.755
378.162
371.567
364.97
358.371
351.769
345.164
338.557
331.948
325.336
318.722
312.107
305.489
298.87
292.249
285.627
279.004
272.38
265.755
259.13
252.504
245.878
239.252
232.625
225.998
219.37
212.743
206.115
199.487
192.858
186.229
179.601
172.972
166.342
159.713
153.084
146.455
139.827
133.198
126.57
119.942
113.315
106.689
100.062
93.4363
86.8107
80.1854
73.5603
66.9353
60.3105
53.6856
47.0607
40.4358
33.8107
27.1854
20.5601
13.9346
7.30899
0.683293
-5.94247
-12.5683
-19.1941
-25.8198
-32.4456
-39.0713
-45.697
-52.3226
-58.9482
-65.5738
-72.1995
-78.8252
-85.451
-92.0768
-98.7028
-105.329
-111.955
-118.582
-125.208
-131.835
-138.461
-145.088
-151.715
-158.342
-164.969
-171.596
-178.224
-184.851
-191.478
-198.105
-204.732
-211.36
-217.987
-224.614
-231.242
-237.869
-244.497
-251.124
-257.752
-264.38
-271.007
-277.635
-284.263
-290.891
-297.519
-304.148
-310.776
-317.404
-324.032
-330.66
-337.289
-343.917
-350.546
-357.174
-363.802
-370.431
-377.06
-383.688
-390.317
-396.946
-403.574
-410.203
-416.832
-423.461
-430.09
-436.719
-443.349
-449.978
-456.607
-463.237
-469.866
-476.496
-483.126
-489.756
-496.385
-503.015
-509.646
-516.276
-522.906
-529.536
-536.166
-542.797
-549.427
-556.058
-562.689
-569.319
-575.95
-582.581
-589.213
-595.844
-602.475
-609.107
-615.739
-622.371
-629.003
-635.636
-642.268
-648.901
-655.534
-662.168
-668.801
-675.435
-682.068
-688.702
-695.336
-701.97
-708.604
-715.238
-721.872
-728.506
-735.141
-741.775
-748.41
-755.044
-761.68
-768.315
-774.952
-781.588
-788.226
-794.864
-801.504
-808.141
-814.788
-821.418
-828.081
490.14
483.537
476.977
470.391
463.812
457.226
450.643
444.058
437.473
430.887
424.301
417.714
411.127
404.538
397.949
391.359
384.767
378.173
371.577
364.979
358.379
351.776
345.17
338.562
331.952
325.339
318.724
312.108
305.489
298.869
292.248
285.625
279.002
272.378
265.754
259.129
252.503
245.878
239.252
232.627
226
219.374
212.747
206.12
199.493
192.865
186.236
179.608
172.978
166.349
159.719
153.09
146.46
139.831
133.202
126.573
119.945
113.317
106.69
100.064
93.4377
86.8121
80.187
73.5621
66.9374
60.3128
53.6882
47.0635
40.4387
33.8137
27.1885
20.5631
13.9375
7.31176
0.685865
-5.94013
-12.5662
-19.1922
-25.8182
-32.4441
-39.07
-45.6958
-52.3214
-58.9471
-65.5727
-72.1983
-78.8239
-85.4496
-92.0754
-98.7013
-105.327
-111.954
-118.58
-125.207
-131.833
-138.46
-145.087
-151.714
-158.341
-164.968
-171.595
-178.223
-184.85
-191.477
-198.104
-204.731
-211.359
-217.986
-224.613
-231.241
-237.868
-244.496
-251.123
-257.751
-264.379
-271.007
-277.634
-284.262
-290.891
-297.519
-304.147
-310.775
-317.403
-324.032
-330.66
-337.288
-343.917
-350.545
-357.173
-363.802
-370.43
-377.059
-383.688
-390.316
-396.945
-403.574
-410.203
-416.832
-423.461
-430.09
-436.719
-443.348
-449.977
-456.607
-463.236
-469.866
-476.496
-483.125
-489.755
-496.385
-503.015
-509.645
-516.275
-522.906
-529.536
-536.166
-542.797
-549.427
-556.057
-562.688
-569.319
-575.95
-582.581
-589.212
-595.843
-602.474
-609.106
-615.738
-622.37
-629.002
-635.635
-642.267
-648.9
-655.533
-662.166
-668.8
-675.433
-682.067
-688.701
-695.335
-701.969
-708.603
-715.237
-721.871
-728.505
-735.139
-741.773
-748.408
-755.042
-761.678
-768.313
-774.95
-781.586
-788.225
-794.862
-801.503
-808.14
-814.789
-821.418
-828.087
490.176
483.56
476.997
470.407
463.827
457.241
450.657
444.072
437.487
430.901
424.315
417.728
411.14
404.552
397.962
391.371
384.779
378.185
371.588
364.989
358.388
351.784
345.178
338.569
331.958
325.344
318.728
312.11
305.491
298.87
292.247
285.624
279.001
272.376
265.752
259.127
252.503
245.878
239.253
232.628
226.003
219.378
212.753
206.127
199.5
192.873
186.245
179.616
172.987
166.357
159.727
153.097
146.467
139.836
133.207
126.577
119.948
113.32
106.693
100.066
93.4396
86.814
80.189
73.5643
66.9398
60.3155
53.6912
47.0668
40.4422
33.8174
27.1922
20.5668
13.9411
7.3152
0.689081
-5.93717
-12.5635
-19.1898
-25.816
-32.4422
-39.0682
-45.6941
-52.3199
-58.9456
-65.5712
-72.1967
-78.8223
-85.4479
-92.0736
-98.6995
-105.325
-111.952
-118.578
-125.205
-131.831
-138.458
-145.085
-151.712
-158.34
-164.967
-171.594
-178.221
-184.849
-191.476
-198.103
-204.73
-211.358
-217.985
-224.612
-231.239
-237.867
-244.494
-251.122
-257.75
-264.377
-271.005
-277.633
-284.261
-290.889
-297.518
-304.146
-310.774
-317.402
-324.031
-330.659
-337.287
-343.916
-350.544
-357.173
-363.801
-370.43
-377.058
-383.687
-390.316
-396.944
-403.573
-410.202
-416.831
-423.46
-430.089
-436.718
-443.347
-449.977
-456.606
-463.236
-469.865
-476.495
-483.125
-489.755
-496.385
-503.015
-509.645
-516.275
-522.905
-529.536
-536.166
-542.796
-549.427
-556.057
-562.688
-569.318
-575.949
-582.58
-589.211
-595.842
-602.473
-609.105
-615.737
-622.369
-629.001
-635.633
-642.266
-648.899
-655.532
-662.165
-668.799
-675.432
-682.066
-688.7
-695.334
-701.968
-708.602
-715.236
-721.87
-728.504
-735.138
-741.772
-748.406
-755.041
-761.676
-768.312
-774.948
-781.585
-788.223
-794.861
-801.502
-808.14
-814.79
-821.42
-828.093
490.211
483.584
477.016
470.423
463.842
457.255
450.671
444.085
437.5
430.914
424.328
417.741
411.153
404.565
397.975
391.384
384.791
378.197
371.6
365
358.398
351.793
345.186
338.576
331.964
325.349
318.732
312.113
305.493
298.871
292.247
285.623
278.999
272.375
265.75
259.126
252.501
245.877
239.254
232.63
226.006
219.382
212.758
206.133
199.507
192.88
186.253
179.625
172.995
166.366
159.735
153.104
146.473
139.842
133.212
126.581
119.952
113.323
106.695
100.068
93.4414
86.8158
80.1908
73.5663
66.9422
60.3181
53.6942
47.07
40.4457
33.821
27.196
20.5706
13.9449
7.31879
0.692461
-5.93404
-12.5606
-19.1872
-25.8138
-32.4402
-39.0664
-45.6925
-52.3183
-58.9441
-65.5697
-72.1952
-78.8207
-85.4462
-92.0718
-98.6976
-105.324
-111.95
-118.576
-125.203
-131.83
-138.456
-145.084
-151.711
-158.338
-164.966
-171.593
-178.22
-184.847
-191.475
-198.102
-204.729
-211.356
-217.984
-224.611
-231.238
-237.866
-244.493
-251.121
-257.748
-264.376
-271.004
-277.632
-284.26
-290.888
-297.517
-304.145
-310.773
-317.402
-324.03
-330.658
-337.287
-343.915
-350.544
-357.172
-363.8
-370.429
-377.057
-383.686
-390.315
-396.943
-403.572
-410.201
-416.83
-423.459
-430.088
-436.717
-443.347
-449.976
-456.605
-463.235
-469.865
-476.494
-483.124
-489.754
-496.384
-503.014
-509.644
-516.275
-522.905
-529.535
-536.165
-542.796
-549.426
-556.056
-562.687
-569.317
-575.948
-582.579
-589.21
-595.841
-602.472
-609.104
-615.735
-622.367
-628.999
-635.632
-642.265
-648.898
-655.531
-662.164
-668.798
-675.431
-682.065
-688.699
-695.333
-701.967
-708.601
-715.235
-721.869
-728.503
-735.137
-741.771
-748.405
-755.04
-761.675
-768.31
-774.947
-781.583
-788.222
-794.86
-801.502
-808.14
-814.791
-821.421
-828.099
490.244
483.607
477.035
470.439
463.857
457.269
450.685
444.099
437.514
430.928
424.341
417.754
411.167
404.578
397.988
391.397
384.804
378.208
371.611
365.011
358.408
351.803
345.195
338.584
331.971
325.355
318.737
312.117
305.495
298.872
292.248
285.623
278.998
272.373
265.748
259.124
252.5
245.877
239.254
232.631
226.008
219.386
212.762
206.139
199.514
192.888
186.261
179.633
173.004
166.374
159.743
153.112
146.48
139.849
133.217
126.586
119.956
113.326
106.698
100.07
93.4433
86.8176
80.1926
73.5683
66.9444
60.3206
53.697
47.0732
40.4491
33.8247
27.1998
20.5745
13.9487
7.32249
0.695984
-5.93076
-12.5576
-19.1845
-25.8113
-32.438
-39.0645
-45.6907
-52.3167
-58.9425
-65.5681
-72.1936
-78.819
-85.4445
-92.07
-98.6957
-105.322
-111.948
-118.574
-125.201
-131.828
-138.455
-145.082
-151.709
-158.337
-164.964
-171.591
-178.219
-184.846
-191.474
-198.101
-204.728
-211.355
-217.982
-224.61
-231.237
-237.864
-244.492
-251.119
-257.747
-264.375
-271.003
-277.631
-284.259
-290.887
-297.516
-304.144
-310.772
-317.401
-324.029
-330.658
-337.286
-343.914
-350.543
-357.171
-363.8
-370.428
-377.057
-383.685
-390.314
-396.943
-403.571
-410.2
-416.829
-423.458
-430.087
-436.716
-443.346
-449.975
-456.605
-463.234
-469.864
-476.494
-483.124
-489.754
-496.384
-503.014
-509.644
-516.274
-522.905
-529.535
-536.165
-542.795
-549.426
-556.056
-562.686
-569.317
-575.947
-582.578
-589.209
-595.84
-602.471
-609.102
-615.734
-622.366
-628.998
-635.631
-642.263
-648.896
-655.53
-662.163
-668.796
-675.43
-682.064
-688.698
-695.332
-701.966
-708.6
-715.234
-721.868
-728.502
-735.136
-741.77
-748.404
-755.038
-761.673
-768.309
-774.945
-781.582
-788.221
-794.859
-801.501
-808.139
-814.792
-821.422
-828.103
490.277
483.63
477.055
470.456
463.873
457.284
450.7
444.114
437.528
430.942
424.355
417.768
411.18
404.591
398.001
391.409
384.816
378.22
371.622
365.022
358.419
351.813
345.204
338.593
331.979
325.362
318.743
312.122
305.499
298.875
292.25
285.624
278.998
272.373
265.747
259.123
252.499
245.876
239.254
232.632
226.011
219.389
212.767
206.144
199.52
192.896
186.269
179.642
173.013
166.383
159.752
153.12
146.488
139.855
133.223
126.591
119.96
113.33
106.701
100.072
93.4455
86.8195
80.1945
73.5703
66.9465
60.3231
53.6997
47.0763
40.4525
33.8283
27.2036
20.5783
13.9526
7.32631
0.699654
-5.9273
-12.5544
-19.1816
-25.8087
-32.4356
-39.0623
-45.6888
-52.3149
-58.9408
-65.5665
-72.192
-78.8174
-85.4427
-92.0682
-98.6938
-105.32
-111.946
-118.572
-125.199
-131.826
-138.453
-145.08
-151.707
-158.335
-164.962
-171.59
-178.218
-184.845
-191.472
-198.1
-204.727
-211.354
-217.981
-224.608
-231.236
-237.863
-244.491
-251.118
-257.746
-264.374
-271.002
-277.63
-284.258
-290.886
-297.515
-304.143
-310.771
-317.4
-324.028
-330.657
-337.285
-343.914
-350.542
-357.17
-363.799
-370.427
-377.056
-383.684
-390.313
-396.942
-403.571
-410.199
-416.828
-423.457
-430.086
-436.716
-443.345
-449.974
-456.604
-463.233
-469.863
-476.493
-483.123
-489.753
-496.383
-503.013
-509.644
-516.274
-522.904
-529.534
-536.165
-542.795
-549.425
-556.055
-562.686
-569.316
-575.947
-582.577
-589.208
-595.839
-602.47
-609.101
-615.733
-622.365
-628.997
-635.629
-642.262
-648.895
-655.528
-662.162
-668.795
-675.429
-682.063
-688.697
-695.331
-701.965
-708.599
-715.233
-721.867
-728.501
-735.135
-741.769
-748.403
-755.037
-761.672
-768.307
-774.943
-781.58
-788.219
-794.857
-801.5
-808.138
-814.793
-821.423
-828.108
490.311
483.656
477.077
470.474
463.89
457.3
450.716
444.129
437.543
430.957
424.37
417.782
411.194
404.604
398.014
391.422
384.828
378.232
371.633
365.033
358.429
351.823
345.214
338.602
331.987
325.37
318.75
312.128
305.504
298.879
292.253
285.626
278.999
272.373
265.748
259.123
252.499
245.876
239.254
232.633
226.013
219.392
212.771
206.149
199.526
192.903
186.277
179.65
173.022
166.392
159.761
153.128
146.496
139.863
133.229
126.597
119.965
113.334
106.704
100.075
93.4479
86.8217
80.1966
73.5723
66.9487
60.3255
53.7024
47.0792
40.4557
33.8318
27.2073
20.5822
13.9565
7.33018
0.703417
-5.9237
-12.551
-19.1785
-25.8058
-32.433
-39.06
-45.6867
-52.313
-58.939
-65.5647
-72.1902
-78.8156
-85.441
-92.0664
-98.6919
-105.318
-111.944
-118.57
-125.197
-131.823
-138.451
-145.078
-151.705
-158.333
-164.961
-171.588
-178.216
-184.844
-191.471
-198.098
-204.726
-211.353
-217.98
-224.607
-231.234
-237.862
-244.489
-251.117
-257.744
-264.372
-271
-277.628
-284.257
-290.885
-297.513
-304.142
-310.77
-317.399
-324.027
-330.656
-337.284
-343.913
-350.541
-357.17
-363.798
-370.427
-377.055
-383.684
-390.312
-396.941
-403.57
-410.199
-416.827
-423.456
-430.086
-436.715
-443.344
-449.974
-456.603
-463.233
-469.862
-476.492
-483.122
-489.752
-496.383
-503.013
-509.643
-516.273
-522.904
-529.534
-536.164
-542.794
-549.425
-556.055
-562.685
-569.315
-575.946
-582.576
-589.207
-595.838
-602.469
-609.1
-615.731
-622.363
-628.995
-635.628
-642.261
-648.894
-655.527
-662.16
-668.794
-675.428
-682.061
-688.695
-695.329
-701.963
-708.597
-715.232
-721.866
-728.5
-735.134
-741.768
-748.402
-755.036
-761.671
-768.306
-774.942
-781.579
-788.218
-794.856
-801.499
-808.138
-814.793
-821.424
-828.112
490.345
483.682
477.1
470.494
463.908
457.317
450.732
444.145
437.559
430.972
424.384
417.796
411.207
404.617
398.026
391.434
384.839
378.243
371.644
365.043
358.439
351.832
345.223
338.611
331.996
325.378
318.757
312.135
305.51
298.884
292.257
285.63
279.002
272.375
265.749
259.124
252.5
245.877
239.255
232.634
226.014
219.394
212.774
206.153
199.532
192.909
186.284
179.658
173.03
166.4
159.769
153.137
146.503
139.87
133.236
126.603
119.97
113.338
106.708
100.079
93.4507
86.8242
80.1988
73.5745
66.9509
60.3278
53.7049
47.082
40.4588
33.8351
27.2108
20.5859
13.9603
7.33401
0.707197
-5.92004
-12.5476
-19.1752
-25.8028
-32.4303
-39.0575
-45.6844
-52.3109
-58.937
-65.5629
-72.1884
-78.8139
-85.4392
-92.0645
-98.69
-105.316
-111.942
-118.568
-125.195
-131.821
-138.449
-145.076
-151.704
-158.331
-164.959
-171.587
-178.215
-184.842
-191.47
-198.097
-204.724
-211.352
-217.979
-224.606
-231.233
-237.86
-244.488
-251.115
-257.743
-264.371
-270.999
-277.627
-284.255
-290.884
-297.512
-304.141
-310.769
-317.398
-324.026
-330.655
-337.283
-343.912
-350.54
-357.169
-363.797
-370.426
-377.054
-383.683
-390.311
-396.94
-403.569
-410.198
-416.827
-423.456
-430.085
-436.714
-443.343
-449.973
-456.602
-463.232
-469.862
-476.492
-483.122
-489.752
-496.382
-503.012
-509.642
-516.273
-522.903
-529.533
-536.164
-542.794
-549.424
-556.054
-562.685
-569.315
-575.945
-582.575
-589.206
-595.837
-602.468
-609.099
-615.73
-622.362
-628.994
-635.627
-642.259
-648.892
-655.525
-662.159
-668.792
-675.426
-682.06
-688.694
-695.328
-701.962
-708.596
-715.23
-721.864
-728.498
-735.132
-741.766
-748.4
-755.035
-761.669
-768.304
-774.941
-781.577
-788.217
-794.855
-801.499
-808.137
-814.794
-821.425
-828.116
490.381
483.711
477.125
470.516
463.929
457.336
450.75
444.162
437.575
430.987
424.399
417.81
411.221
404.63
398.038
391.445
384.85
378.252
371.653
365.052
358.448
351.841
345.232
338.619
332.004
325.386
318.765
312.142
305.517
298.89
292.263
285.634
279.006
272.378
265.751
259.126
252.501
245.878
239.256
232.636
226.016
219.396
212.777
206.157
199.536
192.914
186.29
179.664
173.037
166.408
159.777
153.144
146.511
139.877
133.243
126.609
119.976
113.343
106.712
100.082
93.4539
86.827
80.2013
73.5768
66.9531
60.3301
53.7073
47.0846
40.4616
33.8382
27.2141
20.5894
13.9639
7.33772
0.710921
-5.91638
-12.544
-19.1718
-25.7997
-32.4274
-39.0548
-45.6819
-52.3086
-58.935
-65.5609
-72.1866
-78.812
-85.4374
-92.0627
-98.6882
-105.314
-111.94
-118.566
-125.192
-131.819
-138.447
-145.074
-151.702
-158.329
-164.957
-171.585
-178.213
-184.841
-191.468
-198.096
-204.723
-211.35
-217.977
-224.605
-231.232
-237.859
-244.487
-251.114
-257.742
-264.37
-270.998
-277.626
-284.254
-290.883
-297.511
-304.14
-310.768
-317.397
-324.025
-330.654
-337.282
-343.911
-350.539
-357.168
-363.796
-370.425
-377.053
-383.682
-390.31
-396.939
-403.568
-410.197
-416.826
-423.455
-430.084
-436.713
-443.343
-449.972
-456.602
-463.231
-469.861
-476.491
-483.121
-489.751
-496.381
-503.011
-509.642
-516.272
-522.902
-529.533
-536.163
-542.793
-549.424
-556.054
-562.684
-569.314
-575.944
-582.575
-589.205
-595.836
-602.467
-609.098
-615.729
-622.361
-628.993
-635.625
-642.258
-648.891
-655.524
-662.157
-668.791
-675.425
-682.059
-688.693
-695.327
-701.961
-708.595
-715.229
-721.863
-728.497
-735.131
-741.765
-748.399
-755.033
-761.668
-768.303
-774.939
-781.576
-788.215
-794.854
-801.498
-808.137
-814.795
-821.426
-828.119
490.419
483.742
477.153
470.54
463.951
457.356
450.769
444.18
437.592
431.003
424.414
417.824
411.234
404.642
398.049
391.455
384.859
378.261
371.661
365.06
358.455
351.849
345.239
338.627
332.012
325.394
318.773
312.15
305.525
298.898
292.27
285.641
279.012
272.383
265.755
259.129
252.504
245.88
239.258
232.637
226.017
219.398
212.779
206.159
199.539
192.918
186.295
179.67
173.043
166.414
159.784
153.152
146.518
139.884
133.25
126.616
119.982
113.349
106.717
100.087
93.4576
86.8301
80.2041
73.5793
66.9554
60.3323
53.7096
47.087
40.4642
33.841
27.2171
20.5926
13.9673
7.34125
0.714521
-5.91277
-12.5405
-19.1684
-25.7964
-32.4243
-39.0519
-45.6793
-52.3062
-58.9327
-65.5589
-72.1847
-78.8102
-85.4356
-92.061
-98.6864
-105.312
-111.938
-118.564
-125.191
-131.817
-138.445
-145.072
-151.7
-158.328
-164.955
-171.583
-178.211
-184.839
-191.467
-198.094
-204.722
-211.349
-217.976
-224.603
-231.231
-237.858
-244.485
-251.113
-257.74
-264.368
-270.996
-277.625
-284.253
-290.881
-297.51
-304.139
-310.767
-317.396
-324.024
-330.653
-337.281
-343.91
-350.538
-357.167
-363.795
-370.424
-377.052
-383.681
-390.31
-396.938
-403.567
-410.196
-416.825
-423.454
-430.083
-436.712
-443.342
-449.971
-456.601
-463.23
-469.86
-476.49
-483.12
-489.75
-496.38
-503.011
-509.641
-516.271
-522.902
-529.532
-536.162
-542.793
-549.423
-556.053
-562.683
-569.314
-575.944
-582.574
-589.205
-595.835
-602.466
-609.097
-615.728
-622.36
-628.992
-635.624
-642.257
-648.889
-655.522
-662.156
-668.789
-675.423
-682.057
-688.691
-695.325
-701.959
-708.593
-715.227
-721.862
-728.496
-735.13
-741.764
-748.398
-755.032
-761.667
-768.302
-774.938
-781.575
-788.214
-794.853
-801.498
-808.137
-814.796
-821.427
-828.123
490.458
483.775
477.182
470.566
463.975
457.378
450.79
444.2
437.61
431.02
424.43
417.839
411.246
404.653
398.059
391.464
384.867
378.268
371.668
365.066
358.461
351.855
345.246
338.634
332.019
325.402
318.781
312.158
305.533
298.906
292.278
285.648
279.019
272.389
265.761
259.133
252.507
245.883
239.26
232.639
226.019
219.399
212.78
206.161
199.541
192.92
186.298
179.674
173.048
166.42
159.79
153.158
146.525
139.891
133.257
126.622
119.988
113.355
106.722
100.091
93.4617
86.8337
80.2072
73.582
66.9579
60.3346
53.7118
47.0892
40.4665
33.8434
27.2198
20.5955
13.9704
7.34454
0.717945
-5.90927
-12.537
-19.1649
-25.793
-32.4211
-39.0489
-45.6765
-52.3036
-58.9304
-65.5567
-72.1827
-78.8083
-85.4338
-92.0592
-98.6847
-105.31
-111.936
-118.562
-125.189
-131.815
-138.443
-145.07
-151.698
-158.326
-164.954
-171.582
-178.209
-184.837
-191.465
-198.093
-204.72
-211.347
-217.975
-224.602
-231.229
-237.857
-244.484
-251.111
-257.739
-264.367
-270.995
-277.623
-284.252
-290.88
-297.509
-304.137
-310.766
-317.395
-324.023
-330.652
-337.281
-343.909
-350.538
-357.166
-363.794
-370.423
-377.052
-383.68
-390.309
-396.937
-403.566
-410.195
-416.824
-423.453
-430.083
-436.712
-443.341
-449.971
-456.6
-463.23
-469.86
-476.489
-483.119
-489.749
-496.38
-503.01
-509.64
-516.27
-522.901
-529.531
-536.162
-542.792
-549.422
-556.053
-562.683
-569.313
-575.943
-582.574
-589.204
-595.835
-602.465
-609.096
-615.728
-622.359
-628.991
-635.623
-642.255
-648.888
-655.521
-662.154
-668.788
-675.421
-682.055
-688.689
-695.323
-701.957
-708.591
-715.226
-721.86
-728.494
-735.128
-741.762
-748.396
-755.031
-761.665
-768.3
-774.937
-781.574
-788.214
-794.852
-801.497
-808.137
-814.797
-821.429
-828.127
490.499
483.811
477.215
470.595
464.001
457.403
450.812
444.22
437.63
431.038
424.446
417.853
411.259
404.665
398.069
391.472
384.873
378.274
371.673
365.07
358.466
351.859
345.25
338.639
332.025
325.408
318.789
312.167
305.542
298.915
292.287
285.657
279.027
272.397
265.768
259.14
252.513
245.887
239.263
232.641
226.02
219.4
212.781
206.162
199.542
192.921
186.3
179.676
173.051
166.424
159.794
153.164
146.531
139.898
133.263
126.629
119.994
113.361
106.728
100.096
93.4663
86.8378
80.2107
73.585
66.9605
60.3369
53.7139
47.0912
40.4685
33.8456
27.2222
20.5981
13.9732
7.34756
0.721147
-5.90593
-12.5335
-19.1615
-25.7896
-32.4178
-39.0458
-45.6736
-52.3009
-58.9279
-65.5544
-72.1806
-78.8064
-85.432
-92.0575
-98.683
-105.309
-111.934
-118.561
-125.187
-131.814
-138.441
-145.068
-151.696
-158.324
-164.952
-171.58
-178.208
-184.836
-191.463
-198.091
-204.719
-211.346
-217.973
-224.601
-231.228
-237.855
-244.483
-251.11
-257.738
-264.366
-270.994
-277.622
-284.25
-290.879
-297.508
-304.136
-310.765
-317.394
-324.022
-330.651
-337.279
-343.908
-350.537
-357.165
-363.794
-370.422
-377.051
-383.679
-390.308
-396.937
-403.566
-410.194
-416.824
-423.453
-430.082
-436.711
-443.341
-449.97
-456.6
-463.229
-469.859
-476.489
-483.119
-489.749
-496.379
-503.009
-509.639
-516.269
-522.9
-529.53
-536.161
-542.791
-549.421
-556.052
-562.682
-569.312
-575.943
-582.573
-589.204
-595.834
-602.465
-609.096
-615.727
-622.358
-628.99
-635.622
-642.254
-648.887
-655.519
-662.153
-668.786
-675.419
-682.053
-688.687
-695.321
-701.955
-708.59
-715.224
-721.858
-728.492
-735.127
-741.761
-748.395
-755.029
-761.664
-768.299
-774.936
-781.573
-788.213
-794.852
-801.497
-808.137
-814.799
-821.43
-828.131
490.541
483.848
477.249
470.625
464.03
457.429
450.836
444.243
437.65
431.057
424.463
417.868
411.272
404.675
398.078
391.479
384.879
378.278
371.676
365.073
358.468
351.862
345.254
338.643
332.03
325.414
318.796
312.175
305.551
298.925
292.297
285.667
279.037
272.407
265.777
259.147
252.519
245.892
239.267
232.644
226.022
219.401
212.781
206.161
199.542
192.921
186.3
179.677
173.053
166.426
159.798
153.168
146.536
139.903
133.27
126.635
120.001
113.367
106.734
100.102
93.4715
86.8423
80.2146
73.5883
66.9633
60.3393
53.716
47.0931
40.4704
33.8475
27.2242
20.6003
13.9757
7.35027
0.724097
-5.90277
-12.5302
-19.1581
-25.7862
-32.4144
-39.0426
-45.6705
-52.2981
-58.9252
-65.552
-72.1784
-78.8044
-85.4302
-92.0558
-98.6814
-105.307
-111.933
-118.559
-125.185
-131.812
-138.439
-145.066
-151.694
-158.322
-164.95
-171.578
-178.206
-184.834
-191.462
-198.089
-204.717
-211.345
-217.972
-224.599
-231.227
-237.854
-244.482
-251.109
-257.737
-264.365
-270.993
-277.621
-284.249
-290.878
-297.506
-304.135
-310.764
-317.393
-324.021
-330.65
-337.278
-343.907
-350.536
-357.164
-363.793
-370.421
-377.05
-383.678
-390.307
-396.936
-403.565
-410.194
-416.823
-423.452
-430.081
-436.711
-443.34
-449.969
-456.599
-463.229
-469.858
-476.488
-483.118
-489.748
-496.378
-503.008
-509.638
-516.268
-522.899
-529.529
-536.16
-542.79
-549.421
-556.051
-562.682
-569.312
-575.942
-582.573
-589.203
-595.834
-602.465
-609.095
-615.726
-622.358
-628.989
-635.621
-642.253
-648.885
-655.518
-662.151
-668.784
-675.417
-682.051
-688.685
-695.319
-701.953
-708.587
-715.222
-721.856
-728.49
-735.125
-741.759
-748.393
-755.028
-761.663
-768.298
-774.935
-781.572
-788.212
-794.851
-801.498
-808.138
-814.8
-821.432
-828.135
490.585
483.888
477.285
470.658
464.06
457.456
450.862
444.266
437.672
431.077
424.48
417.883
411.285
404.686
398.086
391.485
384.883
378.281
371.678
365.074
358.469
351.863
345.255
338.645
332.034
325.419
318.802
312.182
305.56
298.935
292.307
285.678
279.048
272.417
265.787
259.156
252.527
245.899
239.272
232.647
226.024
219.402
212.781
206.161
199.54
192.92
186.299
179.677
173.053
166.428
159.8
153.171
146.541
139.909
133.276
126.642
120.008
113.374
106.741
100.108
93.4771
86.8473
80.219
73.592
66.9664
60.3418
53.7181
47.095
40.4721
33.8491
27.2259
20.6022
13.9778
7.35266
0.726776
-5.89983
-12.5271
-19.1548
-25.7828
-32.411
-39.0392
-45.6673
-52.295
-58.9224
-65.5495
-72.1761
-78.8023
-85.4283
-92.0541
-98.6798
-105.306
-111.931
-118.557
-125.184
-131.81
-138.437
-145.065
-151.692
-158.32
-164.948
-171.576
-178.204
-184.832
-191.46
-198.088
-204.716
-211.343
-217.971
-224.598
-231.225
-237.853
-244.48
-251.108
-257.736
-264.364
-270.992
-277.62
-284.248
-290.877
-297.505
-304.134
-310.763
-317.391
-324.02
-330.649
-337.277
-343.906
-350.534
-357.163
-363.792
-370.42
-377.049
-383.677
-390.306
-396.935
-403.564
-410.193
-416.822
-423.451
-430.081
-436.71
-443.339
-449.969
-456.598
-463.228
-469.858
-476.487
-483.117
-489.747
-496.377
-503.007
-509.637
-516.267
-522.898
-529.528
-536.159
-542.789
-549.42
-556.05
-562.681
-569.311
-575.942
-582.572
-589.203
-595.834
-602.464
-609.095
-615.726
-622.357
-628.988
-635.62
-642.252
-648.884
-655.517
-662.149
-668.782
-675.415
-682.049
-688.683
-695.317
-701.951
-708.585
-715.219
-721.854
-728.488
-735.123
-741.757
-748.392
-755.026
-761.661
-768.297
-774.934
-781.571
-788.212
-794.851
-801.498
-808.139
-814.802
-821.434
-828.139
490.63
483.928
477.323
470.693
464.092
457.486
450.89
444.292
437.695
431.097
424.499
417.899
411.298
404.697
398.094
391.491
384.887
378.283
371.678
365.073
358.468
351.862
345.255
338.646
332.036
325.423
318.808
312.189
305.568
298.945
292.319
285.69
279.06
272.429
265.798
259.167
252.536
245.906
239.278
232.651
226.026
219.403
212.78
206.159
199.538
192.918
186.297
179.675
173.052
166.428
159.802
153.174
146.544
139.913
133.281
126.648
120.014
113.381
106.747
100.115
93.4832
86.8528
80.2238
73.5961
66.9698
60.3446
53.7204
47.0968
40.4736
33.8506
27.2274
20.6038
13.9796
7.35475
0.729178
-5.89712
-12.5241
-19.1516
-25.7795
-32.4076
-39.0358
-45.6639
-52.2919
-58.9195
-65.5468
-72.1737
-78.8002
-85.4264
-92.0524
-98.6783
-105.304
-111.93
-118.556
-125.182
-131.809
-138.436
-145.063
-151.69
-158.318
-164.946
-171.574
-178.202
-184.83
-191.458
-198.086
-204.714
-211.342
-217.969
-224.597
-231.224
-237.852
-244.479
-251.107
-257.735
-264.363
-270.991
-277.619
-284.247
-290.876
-297.504
-304.133
-310.762
-317.39
-324.019
-330.648
-337.276
-343.905
-350.533
-357.162
-363.791
-370.419
-377.048
-383.677
-390.305
-396.934
-403.563
-410.192
-416.822
-423.451
-430.08
-436.71
-443.339
-449.968
-456.598
-463.227
-469.857
-476.486
-483.116
-489.746
-496.376
-503.006
-509.636
-516.266
-522.896
-529.527
-536.158
-542.788
-549.419
-556.05
-562.68
-569.311
-575.942
-582.572
-589.203
-595.833
-602.464
-609.095
-615.726
-622.357
-628.988
-635.619
-642.251
-648.883
-655.515
-662.148
-668.78
-675.413
-682.047
-688.68
-695.314
-701.948
-708.582
-715.217
-721.851
-728.486
-735.121
-741.755
-748.39
-755.024
-761.66
-768.295
-774.933
-781.57
-788.211
-794.851
-801.498
-808.14
-814.804
-821.437
-828.143
490.676
483.97
477.362
470.729
464.126
457.517
450.919
444.318
437.72
431.119
424.518
417.916
411.312
404.708
398.102
391.496
384.89
378.284
371.678
365.072
358.466
351.86
345.253
338.646
332.037
325.426
318.812
312.196
305.577
298.955
292.33
285.703
279.073
272.442
265.811
259.178
252.546
245.915
239.285
232.656
226.029
219.404
212.78
206.158
199.536
192.915
186.294
179.672
173.05
166.426
159.801
153.175
146.547
139.917
133.286
126.654
120.021
113.387
106.754
100.122
93.4896
86.8587
80.229
73.6006
66.9735
60.3476
53.7228
47.0987
40.4751
33.8519
27.2286
20.6051
13.9811
7.35655
0.731306
-5.89464
-12.5213
-19.1485
-25.7762
-32.4042
-39.0323
-45.6605
-52.2886
-58.9164
-65.5439
-72.1711
-78.7979
-85.4244
-92.0506
-98.6767
-105.303
-111.929
-118.555
-125.181
-131.808
-138.434
-145.061
-151.689
-158.316
-164.944
-171.572
-178.2
-184.828
-191.456
-198.084
-204.712
-211.34
-217.968
-224.595
-231.223
-237.85
-244.478
-251.106
-257.734
-264.361
-270.99
-277.618
-284.246
-290.875
-297.503
-304.132
-310.76
-317.389
-324.018
-330.647
-337.275
-343.904
-350.532
-357.161
-363.79
-370.418
-377.047
-383.676
-390.305
-396.934
-403.563
-410.192
-416.821
-423.45
-430.08
-436.709
-443.338
-449.968
-456.597
-463.227
-469.856
-476.486
-483.115
-489.745
-496.375
-503.005
-509.635
-516.265
-522.895
-529.526
-536.156
-542.787
-549.418
-556.049
-562.679
-569.31
-575.941
-582.572
-589.203
-595.833
-602.464
-609.095
-615.726
-622.357
-628.988
-635.619
-642.25
-648.882
-655.514
-662.146
-668.778
-675.411
-682.044
-688.678
-695.312
-701.946
-708.58
-715.214
-721.849
-728.483
-735.118
-741.753
-748.388
-755.023
-761.658
-768.294
-774.932
-781.57
-788.211
-794.851
-801.499
-808.141
-814.806
-821.439
-828.147
490.722
484.013
477.402
470.766
464.16
457.549
450.948
444.346
437.745
431.142
424.538
417.933
411.327
404.719
398.11
391.501
384.893
378.284
371.676
365.069
358.463
351.857
345.251
338.644
332.036
325.427
318.816
312.201
305.584
298.964
292.341
285.715
279.087
272.456
265.824
259.191
252.558
245.925
239.293
232.662
226.033
219.406
212.78
206.156
199.533
192.911
186.29
179.669
173.047
166.424
159.8
153.175
146.548
139.92
133.29
126.659
120.027
113.394
106.761
100.129
93.4964
86.865
80.2347
73.6056
66.9777
60.351
53.7254
47.1007
40.4767
33.8531
27.2297
20.6062
13.9824
7.35808
0.733177
-5.8924
-12.5186
-19.1455
-25.7729
-32.4008
-39.0288
-45.657
-52.2852
-58.9132
-65.541
-72.1684
-78.7955
-85.4223
-92.0488
-98.6751
-105.301
-111.927
-118.553
-125.18
-131.806
-138.433
-145.06
-151.687
-158.315
-164.942
-171.57
-178.198
-184.826
-191.454
-198.082
-204.71
-211.338
-217.966
-224.594
-231.222
-237.849
-244.477
-251.105
-257.733
-264.361
-270.989
-277.617
-284.245
-290.874
-297.502
-304.131
-310.759
-317.388
-324.017
-330.645
-337.274
-343.903
-350.531
-357.16
-363.788
-370.417
-377.046
-383.675
-390.304
-396.933
-403.562
-410.191
-416.82
-423.45
-430.079
-436.709
-443.338
-449.967
-456.597
-463.226
-469.856
-476.485
-483.115
-489.744
-496.374
-503.004
-509.634
-516.264
-522.894
-529.524
-536.155
-542.786
-549.417
-556.048
-562.679
-569.31
-575.941
-582.572
-589.203
-595.833
-602.464
-609.095
-615.726
-622.356
-628.987
-635.618
-642.249
-648.881
-655.512
-662.144
-668.777
-675.409
-682.042
-688.675
-695.309
-701.943
-708.577
-715.211
-721.846
-728.481
-735.116
-741.751
-748.386
-755.021
-761.657
-768.293
-774.931
-781.569
-788.211
-794.851
-801.5
-808.142
-814.808
-821.442
-828.151
490.768
484.055
477.443
470.803
464.196
457.582
450.979
444.374
437.771
431.166
424.559
417.951
411.342
404.731
398.119
391.507
384.896
378.285
371.675
365.067
358.459
351.853
345.247
338.641
332.035
325.427
318.818
312.206
305.591
298.973
292.352
285.728
279.1
272.47
265.838
259.204
252.57
245.936
239.302
232.669
226.038
219.408
212.781
206.155
199.531
192.908
186.286
179.664
173.043
166.421
159.798
153.174
146.549
139.922
133.293
126.663
120.032
113.401
106.768
100.136
93.5034
86.8716
80.2407
73.6108
66.9821
60.3546
53.7282
47.1028
40.4783
33.8543
27.2307
20.6072
13.9835
7.35939
0.734816
-5.89038
-12.5162
-19.1427
-25.7698
-32.3974
-39.0254
-45.6535
-52.2817
-58.9099
-65.5379
-72.1656
-78.793
-85.4201
-92.0469
-98.6735
-105.3
-111.926
-118.552
-125.179
-131.805
-138.432
-145.059
-151.686
-158.313
-164.941
-171.568
-178.196
-184.824
-191.453
-198.081
-204.709
-211.337
-217.965
-224.592
-231.22
-237.848
-244.476
-251.104
-257.732
-264.36
-270.988
-277.616
-284.244
-290.873
-297.501
-304.13
-310.758
-317.387
-324.016
-330.644
-337.273
-343.901
-350.53
-357.159
-363.787
-370.416
-377.045
-383.674
-390.303
-396.932
-403.561
-410.19
-416.82
-423.449
-430.079
-436.708
-443.338
-449.967
-456.596
-463.226
-469.855
-476.484
-483.114
-489.743
-496.373
-503.003
-509.632
-516.262
-522.893
-529.523
-536.154
-542.785
-549.416
-556.047
-562.678
-569.309
-575.94
-582.571
-589.202
-595.833
-602.464
-609.095
-615.726
-622.356
-628.987
-635.618
-642.249
-648.88
-655.511
-662.143
-668.775
-675.407
-682.04
-688.673
-695.306
-701.94
-708.574
-715.209
-721.843
-728.478
-735.113
-741.748
-748.383
-755.019
-761.655
-768.291
-774.93
-781.568
-788.21
-794.851
-801.5
-808.143
-814.81
-821.444
-828.155
490.814
484.098
477.483
470.841
464.231
457.615
451.01
444.403
437.798
431.19
424.581
417.97
411.357
404.743
398.128
391.513
384.899
378.286
371.674
365.064
358.455
351.849
345.243
338.638
332.033
325.427
318.82
312.21
305.597
298.982
292.362
285.739
279.113
272.484
265.852
259.218
252.583
245.947
239.312
232.677
226.043
219.412
212.782
206.154
199.528
192.904
186.281
179.66
173.038
166.417
159.795
153.172
146.548
139.923
133.296
126.668
120.038
113.407
106.775
100.143
93.5105
86.8785
80.247
73.6165
66.9869
60.3586
53.7314
47.1052
40.4801
33.8556
27.2317
20.6081
13.9844
7.36053
0.736257
-5.88857
-12.514
-19.1401
-25.7669
-32.3942
-39.0219
-45.65
-52.2782
-58.9065
-65.5347
-72.1627
-78.7904
-85.4178
-92.0449
-98.6717
-105.298
-111.925
-118.551
-125.177
-131.804
-138.43
-145.057
-151.684
-158.311
-164.939
-171.567
-178.194
-184.823
-191.451
-198.079
-204.707
-211.335
-217.963
-224.591
-231.219
-237.847
-244.475
-251.103
-257.731
-264.359
-270.987
-277.615
-284.243
-290.872
-297.5
-304.129
-310.757
-317.386
-324.014
-330.643
-337.272
-343.9
-350.529
-357.158
-363.786
-370.415
-377.044
-383.673
-390.302
-396.931
-403.56
-410.19
-416.819
-423.449
-430.078
-436.708
-443.337
-449.967
-456.596
-463.225
-469.855
-476.484
-483.113
-489.742
-496.372
-503.001
-509.631
-516.261
-522.891
-529.522
-536.153
-542.783
-549.415
-556.046
-562.677
-569.308
-575.94
-582.571
-589.202
-595.833
-602.464
-609.095
-615.726
-622.356
-628.987
-635.618
-642.248
-648.879
-655.51
-662.141
-668.773
-675.405
-682.037
-688.67
-695.303
-701.937
-708.571
-715.206
-721.84
-728.475
-735.11
-741.746
-748.381
-755.017
-761.653
-768.29
-774.928
-781.568
-788.21
-794.851
-801.501
-808.144
-814.812
-821.446
-828.159
490.858
484.139
477.522
470.877
464.266
457.648
451.041
444.432
437.824
431.215
424.603
417.989
411.374
404.756
398.139
391.521
384.903
378.287
371.673
365.061
358.452
351.844
345.239
338.634
332.03
325.426
318.82
312.213
305.602
298.989
292.372
285.75
279.126
272.497
265.866
259.232
252.596
245.959
239.322
232.685
226.05
219.416
212.784
206.154
199.526
192.901
186.277
179.655
173.034
166.413
159.792
153.17
146.548
139.924
133.298
126.671
120.043
113.413
106.782
100.15
93.5176
86.8854
80.2535
73.6224
66.9921
60.3629
53.7348
47.1079
40.4821
33.8571
27.2328
20.6089
13.9853
7.36155
0.737541
-5.88693
-12.512
-19.1377
-25.764
-32.391
-39.0185
-45.6465
-52.2747
-58.9031
-65.5314
-72.1596
-78.7877
-85.4154
-92.0428
-98.6699
-105.297
-111.923
-118.55
-125.176
-131.803
-138.429
-145.056
-151.683
-158.31
-164.937
-171.565
-178.193
-184.821
-191.449
-198.077
-204.705
-211.333
-217.961
-224.589
-231.218
-237.846
-244.474
-251.102
-257.73
-264.358
-270.986
-277.614
-284.242
-290.871
-297.499
-304.127
-310.756
-317.385
-324.013
-330.642
-337.271
-343.899
-350.528
-357.157
-363.785
-370.414
-377.043
-383.672
-390.301
-396.93
-403.56
-410.189
-416.819
-423.448
-430.078
-436.707
-443.337
-449.966
-456.596
-463.225
-469.854
-476.483
-483.112
-489.742
-496.371
-503
-509.63
-516.26
-522.89
-529.521
-536.151
-542.782
-549.413
-556.045
-562.676
-569.308
-575.939
-582.571
-589.202
-595.833
-602.464
-609.095
-615.726
-622.356
-628.987
-635.617
-642.248
-648.878
-655.509
-662.14
-668.771
-675.403
-682.035
-688.668
-695.301
-701.934
-708.568
-715.203
-721.837
-728.472
-735.108
-741.743
-748.379
-755.015
-761.651
-768.288
-774.927
-781.567
-788.21
-794.851
-801.502
-808.145
-814.814
-821.448
-828.162
490.9
484.178
477.56
470.913
464.3
457.68
451.071
444.46
437.851
431.239
424.625
418.009
411.391
404.771
398.15
391.529
384.909
378.29
371.674
365.06
358.449
351.841
345.235
338.631
332.027
325.424
318.82
312.215
305.606
298.995
292.38
285.76
279.137
272.51
265.879
259.245
252.609
245.971
239.333
232.694
226.057
219.421
212.787
206.155
199.525
192.899
186.274
179.651
173.029
166.409
159.788
153.168
146.546
139.924
133.3
126.674
120.047
113.418
106.788
100.157
93.5246
86.8923
80.2602
73.6285
66.9975
60.3675
53.7386
47.1109
40.4843
33.8588
27.234
20.6099
13.9862
7.36251
0.738717
-5.88544
-12.5101
-19.1354
-25.7614
-32.388
-39.0153
-45.643
-52.2712
-58.8996
-65.5281
-72.1565
-78.7848
-85.4129
-92.0406
-98.668
-105.295
-111.922
-118.549
-125.175
-131.802
-138.428
-145.055
-151.681
-158.308
-164.936
-171.563
-178.191
-184.819
-191.447
-198.075
-204.703
-211.331
-217.96
-224.588
-231.216
-237.844
-244.472
-251.1
-257.729
-264.357
-270.985
-277.613
-284.241
-290.87
-297.498
-304.126
-310.755
-317.384
-324.012
-330.641
-337.269
-343.898
-350.527
-357.155
-363.784
-370.413
-377.042
-383.671
-390.3
-396.93
-403.559
-410.188
-416.818
-423.448
-430.077
-436.707
-443.336
-449.966
-456.595
-463.224
-469.853
-476.483
-483.112
-489.741
-496.37
-503
-509.629
-516.259
-522.889
-529.519
-536.15
-542.781
-549.412
-556.044
-562.675
-569.307
-575.938
-582.57
-589.202
-595.833
-602.464
-609.095
-615.726
-622.356
-628.987
-635.617
-642.247
-648.878
-655.508
-662.139
-668.77
-675.401
-682.033
-688.665
-695.298
-701.932
-708.565
-715.2
-721.834
-728.47
-735.105
-741.74
-748.376
-755.012
-761.649
-768.287
-774.926
-781.566
-788.209
-794.851
-801.502
-808.146
-814.815
-821.45
-828.165
490.939
484.215
477.595
470.947
464.332
457.71
451.1
444.488
437.877
431.263
424.648
418.029
411.409
404.786
398.162
391.539
384.916
378.295
371.676
365.06
358.448
351.839
345.232
338.628
332.025
325.422
318.82
312.216
305.609
299
292.386
285.769
279.147
272.521
265.892
259.258
252.622
245.983
239.344
232.704
226.065
219.427
212.791
206.157
199.526
192.897
186.271
179.647
173.025
166.405
159.785
153.165
146.545
139.923
133.301
126.676
120.05
113.423
106.793
100.163
93.5314
86.8992
80.2669
73.6347
67.0031
60.3724
53.7427
47.1142
40.4869
33.8607
27.2355
20.611
13.9871
7.36348
0.739835
-5.88405
-12.5084
-19.1333
-25.7589
-32.3851
-39.0121
-45.6397
-52.2677
-58.8961
-65.5247
-72.1533
-78.7819
-85.4102
-92.0383
-98.666
-105.293
-111.92
-118.547
-125.174
-131.8
-138.427
-145.053
-151.68
-158.307
-164.934
-171.561
-178.189
-184.817
-191.445
-198.073
-204.701
-211.33
-217.958
-224.586
-231.215
-237.843
-244.471
-251.099
-257.728
-264.356
-270.984
-277.612
-284.24
-290.869
-297.497
-304.125
-310.754
-317.382
-324.011
-330.64
-337.268
-343.897
-350.526
-357.154
-363.783
-370.412
-377.041
-383.67
-390.299
-396.929
-403.558
-410.188
-416.817
-423.447
-430.077
-436.706
-443.336
-449.965
-456.594
-463.224
-469.853
-476.482
-483.111
-489.74
-496.369
-502.999
-509.628
-516.258
-522.888
-529.518
-536.149
-542.78
-549.411
-556.042
-562.674
-569.306
-575.938
-582.569
-589.201
-595.832
-602.464
-609.095
-615.726
-622.356
-628.986
-635.617
-642.247
-648.877
-655.507
-662.138
-668.768
-675.4
-682.031
-688.663
-695.296
-701.929
-708.563
-715.197
-721.832
-728.467
-735.102
-741.738
-748.374
-755.01
-761.647
-768.285
-774.924
-781.564
-788.208
-794.851
-801.502
-808.146
-814.817
-821.452
-828.168
490.976
484.25
477.629
470.978
464.362
457.739
451.128
444.514
437.902
431.287
424.67
418.05
411.427
404.802
398.176
391.55
384.924
378.301
371.68
365.063
358.448
351.838
345.23
338.625
332.023
325.421
318.819
312.216
305.611
299.003
292.392
285.776
279.156
272.532
265.903
259.27
252.634
245.995
239.355
232.714
226.074
219.434
212.796
206.16
199.527
192.897
186.27
179.645
173.022
166.401
159.782
153.162
146.543
139.923
133.301
126.678
120.053
113.427
106.799
100.169
93.5378
86.9058
80.2734
73.641
67.0089
60.3775
53.7471
47.1178
40.4898
33.8629
27.2372
20.6124
13.9882
7.36451
0.740951
-5.88273
-12.5068
-19.1313
-25.7565
-32.3824
-39.0091
-45.6364
-52.2643
-58.8927
-65.5213
-72.1501
-78.7789
-85.4075
-92.0358
-98.6638
-105.292
-111.919
-118.546
-125.173
-131.799
-138.426
-145.052
-151.679
-158.305
-164.932
-171.56
-178.187
-184.815
-191.443
-198.071
-204.699
-211.328
-217.956
-224.585
-231.213
-237.841
-244.47
-251.098
-257.726
-264.355
-270.983
-277.611
-284.239
-290.868
-297.496
-304.124
-310.753
-317.381
-324.01
-330.638
-337.267
-343.896
-350.524
-357.153
-363.782
-370.411
-377.04
-383.669
-390.299
-396.928
-403.557
-410.187
-416.817
-423.446
-430.076
-436.705
-443.335
-449.965
-456.594
-463.223
-469.852
-476.481
-483.111
-489.74
-496.369
-502.998
-509.627
-516.257
-522.887
-529.517
-536.148
-542.779
-549.41
-556.041
-562.673
-569.305
-575.937
-582.569
-589.2
-595.832
-602.463
-609.094
-615.725
-622.356
-628.986
-635.616
-642.246
-648.876
-655.506
-662.137
-668.767
-675.398
-682.029
-688.661
-695.294
-701.927
-708.56
-715.194
-721.829
-728.464
-735.099
-741.735
-748.371
-755.008
-761.645
-768.283
-774.923
-781.563
-788.207
-794.85
-801.502
-808.146
-814.817
-821.453
-828.17
491.01
484.282
477.659
471.007
464.39
457.765
451.153
444.539
437.926
431.31
424.692
418.07
411.446
404.819
398.191
391.562
384.935
378.309
371.687
365.067
358.451
351.839
345.23
338.625
332.021
325.419
318.818
312.216
305.612
299.005
292.395
285.781
279.163
272.54
265.912
259.28
252.645
246.006
239.366
232.724
226.083
219.442
212.802
206.165
199.53
192.899
186.27
179.644
173.02
166.399
159.779
153.16
146.541
139.922
133.301
126.68
120.056
113.431
106.803
100.174
93.5438
86.9122
80.2798
73.6472
67.0148
60.3829
53.7518
47.1218
40.4931
33.8655
27.2392
20.614
13.9895
7.36568
0.74212
-5.88143
-12.5052
-19.1295
-25.7543
-32.3799
-39.0062
-45.6333
-52.261
-58.8893
-65.518
-72.1468
-78.7758
-85.4046
-92.0332
-98.6616
-105.29
-111.917
-118.544
-125.171
-131.798
-138.424
-145.051
-151.677
-158.304
-164.931
-171.558
-178.185
-184.813
-191.441
-198.069
-204.697
-211.326
-217.954
-224.583
-231.211
-237.84
-244.469
-251.097
-257.725
-264.354
-270.982
-277.61
-284.238
-290.867
-297.495
-304.123
-310.752
-317.38
-324.009
-330.637
-337.266
-343.895
-350.523
-357.152
-363.781
-370.41
-377.039
-383.668
-390.298
-396.927
-403.557
-410.186
-416.816
-423.445
-430.075
-436.705
-443.334
-449.964
-456.593
-463.223
-469.852
-476.481
-483.11
-489.739
-496.368
-502.997
-509.627
-516.256
-522.886
-529.516
-536.147
-542.778
-549.409
-556.04
-562.672
-569.304
-575.936
-582.568
-589.199
-595.831
-602.463
-609.094
-615.725
-622.355
-628.986
-635.616
-642.246
-648.876
-655.506
-662.136
-668.766
-675.397
-682.028
-688.659
-695.292
-701.924
-708.558
-715.192
-721.826
-728.461
-735.097
-741.732
-748.369
-755.005
-761.643
-768.281
-774.921
-781.561
-788.206
-794.849
-801.501
-808.146
-814.818
-821.453
-828.172
491.039
484.309
477.686
471.032
464.414
457.789
451.176
444.561
437.948
431.331
424.713
418.09
411.465
404.836
398.207
391.577
384.948
378.32
371.695
365.074
358.456
351.842
345.232
338.625
332.021
325.419
318.817
312.215
305.612
299.006
292.398
285.785
279.168
272.546
265.92
259.289
252.655
246.017
239.376
232.735
226.092
219.45
212.81
206.171
199.535
192.902
186.272
179.644
173.02
166.398
159.778
153.158
146.54
139.921
133.301
126.68
120.058
113.434
106.807
100.179
93.5493
86.9181
80.286
73.6534
67.0207
60.3883
53.7567
47.1261
40.4967
33.8685
27.2416
20.6159
13.9911
7.36703
0.743397
-5.88009
-12.5037
-19.1277
-25.7523
-32.3775
-39.0035
-45.6304
-52.2579
-58.886
-65.5146
-72.1436
-78.7726
-85.4017
-92.0306
-98.6592
-105.287
-111.915
-118.543
-125.17
-131.797
-138.423
-145.05
-151.676
-158.303
-164.929
-171.556
-178.184
-184.811
-191.439
-198.067
-204.695
-211.324
-217.952
-224.581
-231.21
-237.838
-244.467
-251.096
-257.724
-264.352
-270.981
-277.609
-284.237
-290.866
-297.494
-304.122
-310.751
-317.379
-324.008
-330.636
-337.265
-343.893
-350.522
-357.151
-363.78
-370.409
-377.038
-383.667
-390.297
-396.926
-403.556
-410.185
-416.815
-423.445
-430.074
-436.704
-443.334
-449.963
-456.593
-463.222
-469.851
-476.48
-483.109
-489.738
-496.368
-502.997
-509.626
-516.255
-522.885
-529.515
-536.146
-542.777
-549.408
-556.039
-562.671
-569.303
-575.935
-582.567
-589.198
-595.83
-602.462
-609.093
-615.724
-622.355
-628.985
-635.615
-642.245
-648.875
-655.505
-662.135
-668.765
-675.396
-682.026
-688.658
-695.29
-701.922
-708.556
-715.189
-721.824
-728.459
-735.094
-741.73
-748.366
-755.003
-761.64
-768.279
-774.919
-781.56
-788.204
-794.847
-801.5
-808.145
-814.818
-821.453
-828.173
491.065
484.334
477.709
471.054
464.436
457.81
451.197
444.582
437.968
431.351
424.732
418.11
411.484
404.855
398.224
391.593
384.962
378.333
371.707
365.083
358.464
351.848
345.236
338.628
332.022
325.419
318.816
312.214
305.611
299.006
292.398
285.787
279.171
272.55
265.926
259.296
252.663
246.026
239.386
232.745
226.102
219.46
212.818
206.179
199.541
192.907
186.275
179.647
173.021
166.398
159.777
153.157
146.539
139.92
133.301
126.681
120.059
113.436
106.811
100.183
93.5541
86.9235
80.2918
73.6593
67.0265
60.3939
53.7619
47.1307
40.5007
33.8719
27.2444
20.6182
13.993
7.36862
0.744832
-5.87869
-12.5022
-19.126
-25.7503
-32.3753
-39.001
-45.6276
-52.2549
-58.8829
-65.5114
-72.1404
-78.7695
-85.3987
-92.0278
-98.6566
-105.285
-111.913
-118.541
-125.168
-131.795
-138.422
-145.048
-151.675
-158.301
-164.928
-171.555
-178.182
-184.809
-191.437
-198.065
-204.693
-211.322
-217.951
-224.579
-231.208
-237.837
-244.466
-251.094
-257.723
-264.351
-270.98
-277.608
-284.236
-290.865
-297.493
-304.121
-310.75
-317.378
-324.006
-330.635
-337.264
-343.892
-350.521
-357.15
-363.779
-370.408
-377.037
-383.666
-390.296
-396.925
-403.555
-410.184
-416.814
-423.444
-430.073
-436.703
-443.333
-449.962
-456.592
-463.221
-469.851
-476.48
-483.109
-489.738
-496.367
-502.996
-509.625
-516.255
-522.885
-529.515
-536.145
-542.776
-549.407
-556.038
-562.67
-569.301
-575.933
-582.565
-589.197
-595.829
-602.461
-609.092
-615.723
-622.354
-628.984
-635.615
-642.245
-648.874
-655.504
-662.134
-668.764
-675.395
-682.025
-688.657
-695.288
-701.921
-708.554
-715.187
-721.822
-728.456
-735.092
-741.727
-748.364
-755
-761.638
-768.276
-774.916
-781.557
-788.202
-794.846
-801.499
-808.144
-814.817
-821.453
-828.174
491.087
484.354
477.729
471.073
464.454
457.827
451.214
444.599
437.986
431.37
424.751
418.128
411.502
404.873
398.242
391.611
384.979
378.349
371.721
365.096
358.474
351.857
345.243
338.632
332.025
325.42
318.817
312.213
305.61
299.005
292.397
285.786
279.172
272.553
265.929
259.301
252.669
246.034
239.395
232.754
226.112
219.47
212.828
206.187
199.549
192.913
186.28
179.651
173.024
166.4
159.778
153.158
146.539
139.92
133.301
126.681
120.06
113.438
106.813
100.187
93.5584
86.9284
80.2971
73.6649
67.0322
60.3995
53.7671
47.1356
40.505
33.8757
27.2477
20.6209
13.9952
7.3705
0.746472
-5.87716
-12.5007
-19.1244
-25.7485
-32.3732
-38.9987
-45.625
-52.252
-58.8798
-65.5083
-72.1372
-78.7664
-85.3957
-92.0249
-98.654
-105.283
-111.911
-118.539
-125.166
-131.793
-138.42
-145.047
-151.673
-158.3
-164.926
-171.553
-178.18
-184.808
-191.435
-198.063
-204.692
-211.32
-217.949
-224.578
-231.206
-237.835
-244.464
-251.093
-257.721
-264.35
-270.978
-277.607
-284.235
-290.863
-297.492
-304.12
-310.748
-317.377
-324.005
-330.634
-337.263
-343.891
-350.52
-357.149
-363.778
-370.407
-377.036
-383.665
-390.295
-396.924
-403.554
-410.183
-416.813
-423.443
-430.072
-436.702
-443.332
-449.961
-456.591
-463.22
-469.85
-476.479
-483.108
-489.737
-496.367
-502.996
-509.625
-516.255
-522.884
-529.514
-536.144
-542.775
-549.406
-556.037
-562.668
-569.3
-575.932
-582.564
-589.196
-595.828
-602.459
-609.091
-615.722
-622.353
-628.984
-635.614
-642.244
-648.874
-655.504
-662.133
-668.763
-675.394
-682.024
-688.655
-695.287
-701.919
-708.552
-715.185
-721.819
-728.454
-735.089
-741.725
-748.361
-754.998
-761.635
-768.274
-774.914
-781.555
-788.2
-794.843
-801.497
-808.142
-814.816
-821.452
-828.174
491.105
484.371
477.745
471.088
464.468
457.842
451.229
444.614
438.002
431.386
424.768
418.146
411.521
404.892
398.261
391.629
384.997
378.366
371.737
365.111
358.487
351.868
345.252
338.639
332.03
325.423
318.817
312.213
305.608
299.003
292.395
285.784
279.17
272.553
265.931
259.304
252.674
246.04
239.403
232.763
226.122
219.48
212.838
206.197
199.558
192.922
186.287
179.656
173.028
166.403
159.78
153.159
146.539
139.92
133.301
126.682
120.061
113.439
106.815
100.19
93.562
86.9327
80.302
73.6702
67.0377
60.405
53.7725
47.1406
40.5097
33.8799
27.2513
20.6239
13.9978
7.37269
0.748356
-5.87546
-12.4991
-19.1227
-25.7467
-32.3713
-38.9965
-45.6225
-52.2493
-58.877
-65.5052
-72.1341
-78.7632
-85.3926
-92.022
-98.6512
-105.28
-111.909
-118.537
-125.165
-131.792
-138.419
-145.045
-151.672
-158.298
-164.925
-171.552
-178.179
-184.806
-191.434
-198.061
-204.69
-211.318
-217.947
-224.576
-231.205
-237.834
-244.462
-251.091
-257.72
-264.349
-270.977
-277.606
-284.234
-290.862
-297.491
-304.119
-310.747
-317.376
-324.004
-330.633
-337.262
-343.89
-350.519
-357.148
-363.777
-370.406
-377.035
-383.665
-390.294
-396.923
-403.553
-410.182
-416.812
-423.442
-430.071
-436.701
-443.331
-449.96
-456.59
-463.22
-469.849
-476.478
-483.108
-489.737
-496.366
-502.995
-509.625
-516.254
-522.884
-529.514
-536.144
-542.774
-549.405
-556.036
-562.667
-569.299
-575.931
-582.562
-589.194
-595.826
-602.458
-609.089
-615.721
-622.352
-628.982
-635.613
-642.243
-648.873
-655.503
-662.133
-668.763
-675.393
-682.024
-688.655
-695.286
-701.918
-708.551
-715.184
-721.818
-728.452
-735.087
-741.722
-748.359
-754.995
-761.633
-768.271
-774.911
-781.552
-788.197
-794.841
-801.494
-808.14
-814.814
-821.45
-828.173
491.12
484.384
477.757
471.1
464.48
457.853
451.241
444.627
438.015
431.401
424.784
418.164
411.539
404.911
398.281
391.649
385.017
378.386
371.756
365.128
358.503
351.882
345.263
338.649
332.037
325.427
318.819
312.213
305.607
299
292.391
285.781
279.167
272.551
265.93
259.305
252.677
246.045
239.409
232.771
226.131
219.49
212.849
206.208
199.569
192.931
186.296
179.664
173.034
166.408
159.783
153.161
146.541
139.921
133.302
126.682
120.062
113.44
106.817
100.192
93.565
86.9364
80.3063
73.675
67.0429
60.4104
53.7779
47.1459
40.5146
33.8844
27.2553
20.6274
14.0008
7.37522
0.750516
-5.87357
-12.4973
-19.121
-25.745
-32.3694
-38.9944
-45.6202
-52.2468
-58.8742
-65.5023
-72.131
-78.7602
-85.3896
-92.019
-98.6484
-105.277
-111.906
-118.535
-125.162
-131.79
-138.417
-145.044
-151.67
-158.297
-164.923
-171.55
-178.177
-184.804
-191.432
-198.06
-204.688
-211.316
-217.945
-224.574
-231.203
-237.832
-244.461
-251.09
-257.719
-264.347
-270.976
-277.604
-284.233
-290.861
-297.49
-304.118
-310.746
-317.375
-324.003
-330.632
-337.261
-343.889
-350.518
-357.147
-363.776
-370.405
-377.034
-383.664
-390.293
-396.922
-403.552
-410.181
-416.811
-423.44
-430.07
-436.7
-443.33
-449.959
-456.589
-463.219
-469.848
-476.478
-483.107
-489.737
-496.366
-502.995
-509.625
-516.254
-522.884
-529.513
-536.143
-542.774
-549.404
-556.035
-562.666
-569.297
-575.929
-582.561
-589.193
-595.824
-602.456
-609.088
-615.719
-622.35
-628.981
-635.612
-642.242
-648.872
-655.502
-662.132
-668.762
-675.393
-682.023
-688.654
-695.285
-701.917
-708.55
-715.183
-721.816
-728.45
-735.085
-741.72
-748.356
-754.993
-761.63
-768.268
-774.908
-781.549
-788.194
-794.838
-801.491
-808.137
-814.811
-821.447
-828.171
491.131
484.394
477.766
471.108
464.488
457.862
451.25
444.637
438.027
431.414
424.799
418.179
411.557
404.93
398.301
391.67
385.039
378.407
371.777
365.148
358.522
351.898
345.278
338.66
332.045
325.433
318.822
312.213
305.605
298.997
292.387
285.776
279.163
272.547
265.928
259.305
252.678
246.048
239.415
232.779
226.141
219.501
212.86
206.22
199.581
192.943
186.307
179.673
173.042
166.414
159.788
153.165
146.543
139.922
133.302
126.683
120.062
113.441
106.818
100.194
93.5674
86.9396
80.3102
73.6795
67.0479
60.4157
53.7833
47.1512
40.5198
33.8892
27.2596
20.6313
14.0042
7.3781
0.752976
-5.87146
-12.4955
-19.1193
-25.7433
-32.3676
-38.9925
-45.6181
-52.2445
-58.8717
-65.4996
-72.1281
-78.7571
-85.3865
-92.016
-98.6454
-105.275
-111.904
-118.532
-125.16
-131.788
-138.415
-145.042
-151.669
-158.295
-164.922
-171.549
-178.176
-184.803
-191.43
-198.058
-204.686
-211.314
-217.943
-224.572
-231.201
-237.83
-244.459
-251.088
-257.717
-264.346
-270.975
-277.603
-284.232
-290.86
-297.488
-304.117
-310.745
-317.374
-324.002
-330.631
-337.259
-343.888
-350.517
-357.146
-363.775
-370.404
-377.033
-383.663
-390.292
-396.921
-403.551
-410.18
-416.81
-423.439
-430.069
-436.699
-443.328
-449.958
-456.588
-463.218
-469.847
-476.477
-483.107
-489.736
-496.366
-502.995
-509.624
-516.254
-522.883
-529.513
-536.143
-542.773
-549.403
-556.034
-562.665
-569.296
-575.927
-582.559
-589.191
-595.823
-602.454
-609.086
-615.717
-622.349
-628.98
-635.611
-642.241
-648.871
-655.502
-662.132
-668.762
-675.392
-682.023
-688.654
-695.285
-701.916
-708.549
-715.181
-721.815
-728.449
-735.083
-741.718
-748.354
-754.99
-761.627
-768.265
-774.905
-781.546
-788.191
-794.834
-801.488
-808.134
-814.808
-821.444
-828.169
491.139
484.4
477.773
471.114
464.494
457.868
451.257
444.645
438.036
431.425
424.811
418.194
411.573
404.949
398.321
391.692
385.061
378.43
371.799
365.17
358.542
351.917
345.294
338.674
332.056
325.44
318.827
312.215
305.604
298.993
292.382
285.771
279.157
272.542
265.923
259.302
252.677
246.05
239.419
232.785
226.149
219.511
212.872
206.233
199.593
192.955
186.319
179.684
173.052
166.422
159.795
153.17
146.547
139.925
133.304
126.683
120.063
113.441
106.819
100.195
93.5693
86.9422
80.3135
73.6835
67.0525
60.4207
53.7887
47.1566
40.5251
33.8942
27.2644
20.6356
14.0079
7.38134
0.755747
-5.86908
-12.4934
-19.1174
-25.7415
-32.3658
-38.9906
-45.6161
-52.2423
-58.8692
-65.4969
-72.1253
-78.7542
-85.3835
-92.0129
-98.6425
-105.272
-111.901
-118.53
-125.158
-131.786
-138.413
-145.04
-151.667
-158.294
-164.92
-171.547
-178.174
-184.801
-191.428
-198.056
-204.684
-211.313
-217.941
-224.57
-231.199
-237.828
-244.457
-251.086
-257.715
-264.344
-270.973
-277.602
-284.23
-290.859
-297.487
-304.116
-310.744
-317.373
-324.001
-330.63
-337.258
-343.887
-350.516
-357.145
-363.774
-370.403
-377.032
-383.662
-390.291
-396.92
-403.549
-410.179
-416.808
-423.438
-430.068
-436.697
-443.327
-449.957
-456.587
-463.217
-469.847
-476.476
-483.106
-489.736
-496.365
-502.995
-509.624
-516.254
-522.883
-529.513
-536.143
-542.773
-549.403
-556.033
-562.664
-569.295
-575.926
-582.557
-589.189
-595.821
-602.452
-609.084
-615.715
-622.347
-628.978
-635.609
-642.24
-648.87
-655.501
-662.131
-668.762
-675.392
-682.022
-688.653
-695.284
-701.916
-708.548
-715.181
-721.814
-728.447
-735.081
-741.716
-748.352
-754.988
-761.624
-768.262
-774.902
-781.542
-788.187
-794.83
-801.484
-808.13
-814.805
-821.44
-828.167
491.144
484.405
477.777
471.117
464.497
457.872
451.261
444.65
438.043
431.434
424.823
418.208
411.589
404.967
398.341
391.713
385.084
378.453
371.823
365.193
358.565
351.938
345.312
338.689
332.068
325.449
318.833
312.217
305.603
298.99
292.378
285.765
279.151
272.535
265.918
259.298
252.675
246.05
239.422
232.79
226.157
219.521
212.883
206.245
199.607
192.969
186.332
179.696
173.063
166.432
159.803
153.176
146.551
139.928
133.306
126.684
120.063
113.441
106.819
100.196
93.5706
86.9442
80.3163
73.6871
67.0567
60.4255
53.7938
47.1621
40.5305
33.8995
27.2693
20.6401
14.012
7.38493
0.758834
-5.86645
-12.4911
-19.1155
-25.7397
-32.3641
-38.9888
-45.6142
-52.2402
-58.8669
-65.4944
-72.1226
-78.7513
-85.3805
-92.0099
-98.6394
-105.269
-111.898
-118.527
-125.155
-131.784
-138.411
-145.038
-151.665
-158.292
-164.919
-171.546
-178.172
-184.8
-191.427
-198.055
-204.683
-211.311
-217.939
-224.568
-231.197
-237.826
-244.456
-251.085
-257.714
-264.343
-270.972
-277.6
-284.229
-290.857
-297.486
-304.114
-310.743
-317.371
-324
-330.629
-337.257
-343.886
-350.515
-357.144
-363.773
-370.402
-377.032
-383.661
-390.29
-396.919
-403.548
-410.178
-416.807
-423.437
-430.066
-436.696
-443.326
-449.956
-456.586
-463.216
-469.846
-476.476
-483.106
-489.735
-496.365
-502.995
-509.624
-516.254
-522.883
-529.513
-536.143
-542.772
-549.402
-556.032
-562.663
-569.293
-575.924
-582.556
-589.187
-595.818
-602.45
-609.082
-615.713
-622.345
-628.976
-635.608
-642.239
-648.869
-655.5
-662.131
-668.761
-675.392
-682.022
-688.653
-695.284
-701.916
-708.548
-715.18
-721.813
-728.446
-735.08
-741.714
-748.349
-754.985
-761.622
-768.259
-774.899
-781.539
-788.183
-794.826
-801.48
-808.125
-814.8
-821.436
-828.163
491.148
484.408
477.779
471.119
464.499
457.874
451.264
444.655
438.049
431.441
424.832
418.22
411.604
404.984
398.361
391.735
385.107
378.478
371.848
365.218
358.588
351.96
345.332
338.707
332.082
325.46
318.84
312.221
305.604
298.988
292.373
285.758
279.143
272.528
265.911
259.293
252.672
246.049
239.423
232.794
226.163
219.53
212.895
206.258
199.62
192.983
186.346
179.71
173.075
166.442
159.812
153.183
146.557
139.932
133.308
126.686
120.064
113.442
106.819
100.196
93.5716
86.9459
80.3187
73.6903
67.0606
60.4301
53.7989
47.1674
40.536
33.9049
27.2745
20.645
14.0164
7.38884
0.762228
-5.86354
-12.4886
-19.1133
-25.7378
-32.3623
-38.9871
-45.6123
-52.2382
-58.8647
-65.492
-72.12
-78.7485
-85.3775
-92.0069
-98.6364
-105.266
-111.895
-118.524
-125.153
-131.781
-138.409
-145.036
-151.664
-158.291
-164.917
-171.544
-178.171
-184.798
-191.425
-198.053
-204.681
-211.309
-217.938
-224.566
-231.195
-237.825
-244.454
-251.083
-257.712
-264.341
-270.97
-277.599
-284.227
-290.856
-297.485
-304.113
-310.742
-317.37
-323.999
-330.628
-337.256
-343.885
-350.514
-357.143
-363.772
-370.401
-377.031
-383.66
-390.289
-396.918
-403.547
-410.177
-416.806
-423.435
-430.065
-436.695
-443.324
-449.954
-456.584
-463.215
-469.845
-476.475
-483.105
-489.735
-496.365
-502.995
-509.624
-516.254
-522.883
-529.513
-536.142
-542.772
-549.402
-556.032
-562.662
-569.292
-575.923
-582.554
-589.185
-595.816
-602.448
-609.08
-615.711
-622.343
-628.974
-635.606
-642.237
-648.868
-655.499
-662.13
-668.761
-675.391
-682.022
-688.653
-695.284
-701.915
-708.547
-715.179
-721.812
-728.445
-735.079
-741.713
-748.347
-754.983
-761.619
-768.256
-774.895
-781.535
-788.179
-794.822
-801.475
-808.121
-814.796
-821.432
-828.16
491.15
484.409
477.781
471.12
464.5
457.875
451.266
444.658
438.053
431.448
424.841
418.231
411.617
405
398.379
391.756
385.13
378.502
371.873
365.243
358.613
351.983
345.354
338.725
332.098
325.472
318.848
312.226
305.605
298.986
292.369
285.752
279.136
272.52
265.904
259.287
252.668
246.047
239.423
232.798
226.169
219.538
212.905
206.27
199.634
192.997
186.36
179.723
173.088
166.454
159.822
153.191
146.563
139.937
133.312
126.688
120.065
113.442
106.82
100.196
93.5723
86.9471
80.3207
73.693
67.0642
60.4343
53.8037
47.1726
40.5414
33.9104
27.2799
20.6501
14.0211
7.39303
0.765913
-5.86036
-12.4859
-19.111
-25.7357
-32.3604
-38.9853
-45.6105
-52.2363
-58.8627
-65.4897
-72.1175
-78.7458
-85.3747
-92.0039
-98.6333
-105.263
-111.892
-118.521
-125.15
-131.779
-138.407
-145.034
-151.662
-158.289
-164.916
-171.542
-178.169
-184.796
-191.424
-198.051
-204.679
-211.307
-217.936
-224.565
-231.194
-237.823
-244.452
-251.081
-257.71
-264.339
-270.968
-277.597
-284.226
-290.855
-297.483
-304.112
-310.741
-317.369
-323.998
-330.627
-337.255
-343.884
-350.513
-357.142
-363.771
-370.401
-377.03
-383.659
-390.288
-396.917
-403.546
-410.175
-416.805
-423.434
-430.064
-436.693
-443.323
-449.953
-456.583
-463.213
-469.844
-476.474
-483.104
-489.734
-496.364
-502.994
-509.624
-516.254
-522.884
-529.513
-536.142
-542.772
-549.401
-556.031
-562.661
-569.291
-575.921
-582.552
-589.183
-595.814
-602.446
-609.077
-615.709
-622.341
-628.972
-635.604
-642.236
-648.867
-655.498
-662.129
-668.76
-675.391
-682.022
-688.653
-695.284
-701.915
-708.547
-715.179
-721.811
-728.444
-735.077
-741.711
-748.345
-754.98
-761.616
-768.253
-774.892
-781.531
-788.175
-794.817
-801.471
-808.116
-814.791
-821.427
-828.155
491.153
484.411
477.782
471.12
464.501
457.876
451.267
444.66
438.057
431.453
424.849
418.241
411.63
405.015
398.397
391.776
385.152
378.526
371.898
365.268
358.638
352.007
345.376
338.745
332.115
325.486
318.858
312.232
305.608
298.986
292.365
285.747
279.129
272.513
265.897
259.28
252.663
246.044
239.423
232.8
226.174
219.546
212.915
206.282
199.647
193.011
186.374
179.738
173.101
166.466
159.832
153.2
146.57
139.942
133.315
126.69
120.066
113.443
106.82
100.197
93.5729
86.9482
80.3224
73.6955
67.0674
60.4383
53.8083
47.1777
40.5468
33.916
27.2854
20.6553
14.026
7.39749
0.769865
-5.85692
-12.483
-19.1084
-25.7335
-32.3584
-38.9834
-45.6087
-52.2344
-58.8606
-65.4875
-72.1151
-78.7432
-85.3719
-92.001
-98.6303
-105.26
-111.889
-118.518
-125.147
-131.776
-138.404
-145.032
-151.66
-158.287
-164.914
-171.541
-178.168
-184.795
-191.422
-198.05
-204.678
-211.306
-217.934
-224.563
-231.192
-237.821
-244.45
-251.079
-257.708
-264.338
-270.967
-277.596
-284.224
-290.853
-297.482
-304.111
-310.739
-317.368
-323.997
-330.626
-337.254
-343.883
-350.512
-357.141
-363.771
-370.4
-377.029
-383.658
-390.287
-396.916
-403.545
-410.174
-416.803
-423.433
-430.062
-436.692
-443.322
-449.952
-456.582
-463.212
-469.843
-476.473
-483.103
-489.734
-496.364
-502.994
-509.624
-516.254
-522.884
-529.513
-536.142
-542.772
-549.401
-556.03
-562.66
-569.29
-575.92
-582.55
-589.181
-595.812
-602.443
-609.075
-615.707
-622.338
-628.97
-635.602
-642.234
-648.866
-655.497
-662.128
-668.76
-675.391
-682.022
-688.653
-695.284
-701.915
-708.547
-715.178
-721.811
-728.443
-735.076
-741.709
-748.343
-754.978
-761.614
-768.25
-774.888
-781.527
-788.171
-794.813
-801.466
-808.11
-814.786
-821.421
-828.151
491.155
484.412
477.783
471.121
464.501
457.877
451.269
444.662
438.06
431.458
424.856
418.25
411.641
405.029
398.414
391.795
385.173
378.549
371.922
365.293
358.663
352.031
345.398
338.765
332.132
325.5
318.869
312.239
305.612
298.986
292.363
285.742
279.123
272.506
265.889
259.273
252.657
246.04
239.422
232.801
226.178
219.552
212.924
206.293
199.66
193.025
186.388
179.752
173.115
166.479
159.844
153.21
146.578
139.948
133.32
126.694
120.068
113.444
106.821
100.197
93.5734
86.9491
80.3239
73.6976
67.0703
60.4419
53.8126
47.1826
40.5521
33.9214
27.2909
20.6607
14.031
7.40214
0.77405
-5.85323
-12.4798
-19.1057
-25.7311
-32.3564
-38.9815
-45.6069
-52.2325
-58.8587
-65.4854
-72.1127
-78.7407
-85.3692
-91.9981
-98.6273
-105.257
-111.886
-118.515
-125.145
-131.773
-138.402
-145.03
-151.657
-158.285
-164.912
-171.539
-178.166
-184.793
-191.421
-198.048
-204.676
-211.304
-217.932
-224.561
-231.19
-237.819
-244.448
-251.077
-257.707
-264.336
-270.965
-277.594
-284.223
-290.852
-297.481
-304.109
-310.738
-317.367
-323.996
-330.624
-337.253
-343.882
-350.511
-357.141
-363.77
-370.399
-377.028
-383.657
-390.286
-396.915
-403.544
-410.173
-416.802
-423.431
-430.061
-436.691
-443.32
-449.95
-456.581
-463.211
-469.841
-476.472
-483.103
-489.733
-496.364
-502.994
-509.624
-516.254
-522.884
-529.513
-536.142
-542.771
-549.401
-556.03
-562.659
-569.289
-575.919
-582.549
-589.179
-595.81
-602.441
-609.073
-615.704
-622.336
-628.968
-635.6
-642.232
-648.864
-655.496
-662.128
-668.759
-675.39
-682.021
-688.653
-695.284
-701.915
-708.546
-715.178
-721.81
-728.442
-735.075
-741.708
-748.342
-754.976
-761.611
-768.247
-774.885
-781.524
-788.166
-794.808
-801.461
-808.105
-814.781
-821.416
-828.146
491.158
484.415
477.785
471.123
464.503
457.878
451.271
444.665
438.064
431.463
424.862
418.258
411.652
405.042
398.429
391.813
385.193
378.57
371.945
365.317
358.686
352.054
345.42
338.786
332.15
325.515
318.881
312.248
305.617
298.988
292.362
285.739
279.118
272.5
265.883
259.267
252.652
246.036
239.42
232.802
226.181
219.558
212.932
206.303
199.671
193.038
186.402
179.765
173.128
166.491
159.855
153.22
146.587
139.955
133.325
126.697
120.071
113.446
106.821
100.198
93.574
86.9499
80.3252
73.6996
67.073
60.4453
53.8167
47.1872
40.5572
33.9268
27.2963
20.6661
14.0362
7.40696
0.77843
-5.84933
-12.4764
-19.1027
-25.7286
-32.3541
-38.9795
-45.6049
-52.2306
-58.8567
-65.4833
-72.1105
-78.7382
-85.3665
-91.9952
-98.6243
-105.254
-111.883
-118.512
-125.142
-131.77
-138.399
-145.027
-151.655
-158.283
-164.91
-171.537
-178.164
-184.792
-191.419
-198.046
-204.674
-211.302
-217.931
-224.559
-231.188
-237.817
-244.446
-251.075
-257.705
-264.334
-270.963
-277.592
-284.221
-290.85
-297.479
-304.108
-310.737
-317.366
-323.994
-330.623
-337.252
-343.881
-350.51
-357.14
-363.769
-370.398
-377.027
-383.656
-390.285
-396.914
-403.543
-410.172
-416.801
-423.43
-430.06
-436.689
-443.319
-449.949
-456.579
-463.21
-469.84
-476.471
-483.102
-489.732
-496.363
-502.993
-509.624
-516.254
-522.883
-529.513
-536.142
-542.771
-549.4
-556.029
-562.658
-569.288
-575.917
-582.547
-589.177
-595.808
-602.439
-609.07
-615.702
-622.334
-628.966
-635.598
-642.231
-648.863
-655.495
-662.126
-668.758
-675.39
-682.021
-688.652
-695.283
-701.915
-708.546
-715.178
-721.809
-728.441
-735.074
-741.707
-748.34
-754.974
-761.608
-768.244
-774.882
-781.52
-788.162
-794.803
-801.455
-808.099
-814.775
-821.41
-828.141
491.163
484.419
477.789
471.126
464.506
457.881
451.274
444.668
438.068
431.468
424.868
418.266
411.662
405.054
398.443
391.829
385.211
378.59
371.966
365.339
358.709
352.077
345.442
338.806
332.169
325.531
318.894
312.258
305.624
298.992
292.363
285.737
279.115
272.495
265.877
259.262
252.647
246.033
239.418
232.801
226.183
219.562
212.938
206.312
199.682
193.049
186.415
179.778
173.141
166.504
159.866
153.23
146.595
139.962
133.331
126.701
120.074
113.448
106.823
100.199
93.5748
86.9508
80.3265
73.7014
67.0755
60.4485
53.8205
47.1917
40.5621
33.932
27.3017
20.6714
14.0414
7.41187
0.78296
-5.84525
-12.4727
-19.0996
-25.7258
-32.3517
-38.9773
-45.6029
-52.2287
-58.8547
-65.4812
-72.1083
-78.7358
-85.3639
-91.9925
-98.6214
-105.251
-111.88
-118.509
-125.139
-131.768
-138.396
-145.025
-151.653
-158.281
-164.908
-171.535
-178.163
-184.79
-191.417
-198.045
-204.673
-211.301
-217.929
-224.557
-231.186
-237.815
-244.444
-251.074
-257.703
-264.332
-270.961
-277.591
-284.22
-290.849
-297.478
-304.106
-310.735
-317.364
-323.993
-330.622
-337.251
-343.88
-350.509
-357.139
-363.768
-370.397
-377.026
-383.655
-390.284
-396.913
-403.542
-410.171
-416.8
-423.429
-430.058
-436.688
-443.318
-449.948
-456.578
-463.209
-469.839
-476.47
-483.101
-489.732
-496.362
-502.993
-509.623
-516.253
-522.883
-529.513
-536.142
-542.771
-549.4
-556.029
-562.658
-569.287
-575.916
-582.546
-589.176
-595.806
-602.437
-609.068
-615.7
-622.332
-628.964
-635.596
-642.229
-648.861
-655.493
-662.125
-668.757
-675.389
-682.02
-688.652
-695.283
-701.914
-708.546
-715.177
-721.809
-728.441
-735.073
-741.705
-748.338
-754.972
-761.606
-768.241
-774.878
-781.516
-788.158
-794.799
-801.45
-808.094
-814.77
-821.404
-828.136
491.171
484.426
477.795
471.132
464.511
457.886
451.279
444.673
438.073
431.474
424.875
418.274
411.671
405.065
398.456
391.844
385.228
378.608
371.986
365.36
358.73
352.098
345.463
338.825
332.186
325.547
318.907
312.269
305.632
298.997
292.366
285.738
279.113
272.492
265.873
259.257
252.643
246.029
239.416
232.801
226.185
219.566
212.944
206.319
199.691
193.06
186.426
179.79
173.153
166.515
159.877
153.24
146.604
139.97
133.337
126.706
120.077
113.45
106.825
100.2
93.5758
86.9519
80.3279
73.7032
67.0778
60.4515
53.8241
47.1958
40.5667
33.937
27.3069
20.6767
14.0466
7.41683
0.787597
-5.841
-12.4689
-19.0962
-25.7229
-32.3491
-38.975
-45.6008
-52.2266
-58.8527
-65.4792
-72.1061
-78.7335
-85.3614
-91.9898
-98.6186
-105.248
-111.877
-118.506
-125.136
-131.765
-138.394
-145.022
-151.65
-158.278
-164.906
-171.534
-178.161
-184.788
-191.416
-198.043
-204.671
-211.299
-217.927
-224.556
-231.185
-237.813
-244.443
-251.072
-257.701
-264.33
-270.96
-277.589
-284.218
-290.847
-297.476
-304.105
-310.734
-317.363
-323.992
-330.621
-337.25
-343.879
-350.508
-357.137
-363.767
-370.396
-377.025
-383.654
-390.283
-396.912
-403.541
-410.17
-416.799
-423.428
-430.057
-436.687
-443.317
-449.947
-456.577
-463.207
-469.838
-476.469
-483.1
-489.731
-496.362
-502.992
-509.623
-516.253
-522.883
-529.512
-536.142
-542.771
-549.4
-556.028
-562.657
-569.286
-575.915
-582.545
-589.174
-595.805
-602.435
-609.067
-615.698
-622.33
-628.962
-635.594
-642.227
-648.859
-655.492
-662.124
-668.756
-675.388
-682.02
-688.651
-695.282
-701.914
-708.545
-715.176
-721.808
-728.44
-735.071
-741.704
-748.336
-754.97
-761.604
-768.238
-774.875
-781.512
-788.154
-794.794
-801.445
-808.089
-814.764
-821.398
-828.131
491.18
484.435
477.804
471.14
464.519
457.893
451.285
444.679
438.079
431.48
424.881
418.281
411.68
405.075
398.467
391.856
385.242
378.624
372.003
365.378
358.749
352.117
345.482
338.844
332.204
325.563
318.921
312.28
305.641
299.004
292.37
285.74
279.113
272.49
265.871
259.254
252.64
246.027
239.414
232.8
226.185
219.568
212.948
206.325
199.698
193.069
186.436
179.801
173.164
166.526
159.888
153.25
146.613
139.977
133.343
126.711
120.081
113.453
106.827
100.202
93.5773
86.9533
80.3294
73.705
67.0801
60.4542
53.8275
47.1997
40.5711
33.9417
27.3119
20.6818
14.0517
7.42178
0.792294
-5.83665
-12.465
-19.0926
-25.7197
-32.3463
-38.9725
-45.5985
-52.2245
-58.8506
-65.4771
-72.1039
-78.7312
-85.3589
-91.9872
-98.6159
-105.245
-111.874
-118.503
-125.133
-131.762
-138.391
-145.02
-151.648
-158.276
-164.904
-171.532
-178.159
-184.787
-191.414
-198.042
-204.669
-211.297
-217.926
-224.554
-231.183
-237.812
-244.441
-251.07
-257.699
-264.329
-270.958
-277.587
-284.216
-290.845
-297.475
-304.104
-310.733
-317.362
-323.991
-330.62
-337.249
-343.878
-350.507
-357.136
-363.766
-370.395
-377.024
-383.653
-390.282
-396.911
-403.54
-410.169
-416.798
-423.427
-430.056
-436.686
-443.315
-449.945
-456.576
-463.206
-469.837
-476.468
-483.099
-489.73
-496.361
-502.992
-509.622
-516.252
-522.882
-529.512
-536.141
-542.77
-549.399
-556.028
-562.657
-569.285
-575.914
-582.544
-589.173
-595.803
-602.434
-609.065
-615.696
-622.328
-628.96
-635.593
-642.225
-648.858
-655.49
-662.123
-668.755
-675.387
-682.019
-688.65
-695.282
-701.913
-708.544
-715.176
-721.807
-728.438
-735.07
-741.702
-748.335
-754.968
-761.601
-768.236
-774.872
-781.509
-788.15
-794.79
-801.441
-808.083
-814.759
-821.392
-828.126
491.193
484.446
477.816
471.151
464.53
457.903
451.295
444.688
438.087
431.487
424.889
418.289
411.688
405.084
398.477
391.867
385.254
378.638
372.017
365.393
358.766
352.134
345.499
338.861
332.22
325.578
318.935
312.293
305.652
299.013
292.377
285.744
279.116
272.491
265.87
259.253
252.638
246.025
239.412
232.799
226.186
219.57
212.951
206.329
199.704
193.076
186.444
179.81
173.174
166.536
159.898
153.259
146.621
139.985
133.35
126.717
120.086
113.457
106.83
100.204
93.5792
86.955
80.3311
73.707
67.0823
60.4569
53.8306
47.2034
40.5752
33.9462
27.3167
20.6867
14.0567
7.42668
0.797006
-5.83221
-12.4609
-19.0889
-25.7164
-32.3433
-38.9698
-45.5961
-52.2222
-58.8485
-65.4749
-72.1017
-78.7289
-85.3565
-91.9846
-98.6132
-105.242
-111.871
-118.5
-125.13
-131.759
-138.388
-145.017
-151.645
-158.274
-164.902
-171.529
-178.157
-184.785
-191.412
-198.04
-204.668
-211.296
-217.924
-224.552
-231.181
-237.81
-244.439
-251.068
-257.697
-264.327
-270.956
-277.585
-284.215
-290.844
-297.473
-304.102
-310.731
-317.36
-323.989
-330.619
-337.248
-343.877
-350.506
-357.135
-363.764
-370.394
-377.023
-383.652
-390.281
-396.91
-403.539
-410.168
-416.797
-423.426
-430.055
-436.685
-443.314
-449.944
-456.574
-463.205
-469.836
-476.467
-483.098
-489.729
-496.36
-502.991
-509.621
-516.252
-522.882
-529.511
-536.141
-542.77
-549.399
-556.027
-562.656
-569.285
-575.914
-582.543
-589.172
-595.802
-602.433
-609.063
-615.695
-622.326
-628.959
-635.591
-642.223
-648.856
-655.489
-662.121
-668.753
-675.385
-682.017
-688.649
-695.28
-701.912
-708.543
-715.174
-721.806
-728.437
-735.069
-741.701
-748.333
-754.966
-761.599
-768.233
-774.869
-781.506
-788.146
-794.785
-801.436
-808.078
-814.753
-821.387
-828.121
491.208
484.461
477.83
471.165
464.543
457.916
451.306
444.699
438.097
431.496
424.897
418.297
411.696
405.092
398.486
391.877
385.265
378.649
372.03
365.407
358.78
352.149
345.514
338.876
332.235
325.593
318.949
312.306
305.663
299.023
292.385
285.751
279.12
272.494
265.872
259.253
252.638
246.024
239.411
232.799
226.186
219.571
212.953
206.333
199.709
193.082
186.451
179.818
173.182
166.545
159.906
153.268
146.63
139.993
133.357
126.723
120.091
113.461
106.833
100.207
93.5816
86.9572
80.3331
73.709
67.0846
60.4595
53.8336
47.2068
40.579
33.9504
27.3212
20.6915
14.0615
7.43149
0.801691
-5.82774
-12.4567
-19.085
-25.7128
-32.3401
-38.9669
-45.5934
-52.2198
-58.8462
-65.4727
-72.0995
-78.7266
-85.3542
-91.9822
-98.6106
-105.239
-111.868
-118.498
-125.127
-131.756
-138.385
-145.014
-151.643
-158.271
-164.899
-171.527
-178.155
-184.783
-191.41
-198.038
-204.666
-211.294
-217.922
-224.551
-231.179
-237.808
-244.437
-251.066
-257.696
-264.325
-270.954
-277.584
-284.213
-290.842
-297.471
-304.101
-310.73
-317.359
-323.988
-330.617
-337.246
-343.876
-350.505
-357.134
-363.763
-370.393
-377.022
-383.651
-390.28
-396.909
-403.538
-410.167
-416.796
-423.425
-430.054
-436.684
-443.313
-449.943
-456.573
-463.204
-469.835
-476.465
-483.097
-489.728
-496.359
-502.99
-509.62
-516.251
-522.881
-529.511
-536.14
-542.769
-549.398
-556.027
-562.656
-569.284
-575.913
-582.542
-589.171
-595.801
-602.431
-609.062
-615.693
-622.325
-628.957
-635.589
-642.222
-648.854
-655.487
-662.119
-668.752
-675.384
-682.016
-688.648
-695.279
-701.911
-708.542
-715.173
-721.804
-728.436
-735.067
-741.699
-748.331
-754.964
-761.597
-768.231
-774.866
-781.502
-788.143
-794.781
-801.431
-808.073
-814.748
-821.381
-828.116
491.227
484.479
477.848
471.183
464.56
457.932
451.321
444.712
438.109
431.507
424.907
418.306
411.704
405.1
398.494
391.885
385.273
378.658
372.039
365.417
358.791
352.161
345.527
338.89
332.249
325.607
318.963
312.319
305.676
299.034
292.395
285.759
279.127
272.5
265.876
259.256
252.639
246.024
239.411
232.799
226.185
219.571
212.954
206.334
199.711
193.085
186.456
179.824
173.189
166.552
159.914
153.276
146.637
140
133.364
126.729
120.097
113.466
106.838
100.21
93.5846
86.9598
80.3355
73.7114
67.087
60.4621
53.8365
47.21
40.5826
33.9544
27.3254
20.6959
14.0661
7.43616
0.806313
-5.82325
-12.4524
-19.081
-25.7091
-32.3367
-38.9639
-45.5907
-52.2172
-58.8438
-65.4704
-72.0972
-78.7243
-85.3518
-91.9797
-98.608
-105.237
-111.866
-118.495
-125.124
-131.753
-138.382
-145.011
-151.64
-158.269
-164.897
-171.525
-178.153
-184.781
-191.409
-198.036
-204.664
-211.292
-217.921
-224.549
-231.178
-237.807
-244.436
-251.065
-257.694
-264.323
-270.953
-277.582
-284.211
-290.841
-297.47
-304.099
-310.728
-317.358
-323.987
-330.616
-337.245
-343.874
-350.504
-357.133
-363.762
-370.391
-377.021
-383.65
-390.279
-396.908
-403.537
-410.166
-416.795
-423.424
-430.053
-436.683
-443.312
-449.942
-456.572
-463.203
-469.833
-476.464
-483.095
-489.726
-496.357
-502.988
-509.619
-516.25
-522.88
-529.51
-536.139
-542.769
-549.398
-556.026
-562.655
-569.284
-575.913
-582.541
-589.171
-595.8
-602.431
-609.061
-615.692
-622.324
-628.956
-635.588
-642.22
-648.853
-655.485
-662.118
-668.75
-675.382
-682.014
-688.646
-695.277
-701.909
-708.54
-715.172
-721.803
-728.434
-735.066
-741.697
-748.329
-754.962
-761.595
-768.228
-774.864
-781.499
-788.139
-794.778
-801.427
-808.069
-814.743
-821.376
-828.111
491.248
484.499
477.869
471.203
464.579
457.95
451.338
444.727
438.123
431.519
424.917
418.315
411.712
405.107
398.5
391.891
385.279
378.665
372.047
365.425
358.8
352.171
345.538
338.901
332.262
325.62
318.976
312.332
305.689
299.046
292.406
285.77
279.136
272.507
265.882
259.26
252.642
246.026
239.412
232.799
226.185
219.57
212.954
206.335
199.713
193.087
186.459
179.828
173.194
166.558
159.92
153.282
146.644
140.007
133.371
126.736
120.103
113.472
106.842
100.215
93.5882
86.9629
80.3383
73.714
67.0895
60.4647
53.8393
47.213
40.586
33.958
27.3294
20.7002
14.0705
7.44067
0.810842
-5.81879
-12.4481
-19.0769
-25.7053
-32.3332
-38.9606
-45.5877
-52.2145
-58.8412
-65.468
-72.0949
-78.722
-85.3495
-91.9773
-98.6055
-105.234
-111.863
-118.492
-125.121
-131.75
-138.379
-145.009
-151.637
-158.266
-164.895
-171.523
-178.151
-184.779
-191.407
-198.035
-204.663
-211.291
-217.919
-224.547
-231.176
-237.805
-244.434
-251.063
-257.692
-264.322
-270.951
-277.58
-284.21
-290.839
-297.468
-304.098
-310.727
-317.356
-323.985
-330.615
-337.244
-343.873
-350.502
-357.132
-363.761
-370.39
-377.02
-383.649
-390.278
-396.907
-403.536
-410.165
-416.794
-423.423
-430.053
-436.682
-443.312
-449.941
-456.571
-463.202
-469.832
-476.463
-483.094
-489.725
-496.356
-502.987
-509.618
-516.249
-522.879
-529.509
-536.139
-542.768
-549.397
-556.026
-562.655
-569.283
-575.912
-582.541
-589.17
-595.8
-602.43
-609.06
-615.691
-622.323
-628.954
-635.586
-642.219
-648.851
-655.483
-662.116
-668.748
-675.38
-682.012
-688.644
-695.276
-701.907
-708.538
-715.17
-721.801
-728.433
-735.064
-741.696
-748.327
-754.96
-761.593
-768.226
-774.861
-781.497
-788.136
-794.774
-801.423
-808.064
-814.738
-821.37
-828.107
491.272
484.522
477.892
471.226
464.601
457.971
451.358
444.745
438.139
431.533
424.929
418.325
411.721
405.114
398.507
391.897
385.284
378.669
372.052
365.431
358.806
352.178
345.546
338.911
332.272
325.632
318.989
312.345
305.702
299.06
292.419
285.782
279.147
272.517
265.89
259.267
252.647
246.029
239.414
232.799
226.185
219.57
212.953
206.334
199.713
193.088
186.461
179.83
173.197
166.562
159.926
153.288
146.651
140.014
133.377
126.742
120.109
113.477
106.847
100.219
93.5923
86.9665
80.3415
73.7169
67.0923
60.4674
53.842
47.216
40.5891
33.9615
27.3331
20.7041
14.0747
7.44501
0.815256
-5.81439
-12.4438
-19.0728
-25.7014
-32.3295
-38.9572
-45.5845
-52.2116
-58.8385
-65.4654
-72.0925
-78.7197
-85.3471
-91.9749
-98.6031
-105.232
-111.86
-118.489
-125.118
-131.748
-138.377
-145.006
-151.635
-158.263
-164.892
-171.52
-178.149
-184.777
-191.405
-198.033
-204.661
-211.289
-217.917
-224.546
-231.174
-237.803
-244.432
-251.061
-257.691
-264.32
-270.949
-277.579
-284.208
-290.837
-297.467
-304.096
-310.725
-317.355
-323.984
-330.613
-337.242
-343.872
-350.501
-357.13
-363.76
-370.389
-377.018
-383.648
-390.277
-396.906
-403.535
-410.164
-416.793
-423.423
-430.052
-436.681
-443.311
-449.941
-456.571
-463.201
-469.831
-476.462
-483.093
-489.724
-496.355
-502.986
-509.617
-516.247
-522.878
-529.508
-536.138
-542.767
-549.396
-556.025
-562.654
-569.283
-575.912
-582.541
-589.17
-595.8
-602.429
-609.06
-615.691
-622.322
-628.953
-635.585
-642.217
-648.849
-655.482
-662.114
-668.746
-675.378
-682.01
-688.642
-695.273
-701.905
-708.536
-715.168
-721.799
-728.431
-735.062
-741.694
-748.325
-754.958
-761.59
-768.224
-774.859
-781.494
-788.133
-794.771
-801.419
-808.06
-814.734
-821.365
-828.102
491.298
484.548
477.918
471.251
464.626
457.995
451.379
444.765
438.156
431.549
424.943
418.336
411.73
405.122
398.512
391.901
385.288
378.673
372.055
365.434
358.81
352.183
345.552
338.919
332.282
325.642
319.001
312.358
305.716
299.074
292.433
285.795
279.16
272.528
265.9
259.275
252.653
246.034
239.417
232.801
226.185
219.569
212.952
206.333
199.711
193.087
186.461
179.831
173.199
166.565
159.93
153.293
146.657
140.02
133.384
126.749
120.115
113.484
106.853
100.224
93.597
86.9707
80.3452
73.7201
67.0953
60.4702
53.8448
47.2188
40.5921
33.9647
27.3366
20.7079
14.0787
7.44917
0.819541
-5.81005
-12.4395
-19.0686
-25.6973
-32.3256
-38.9536
-45.5812
-52.2085
-58.8357
-65.4628
-72.09
-78.7173
-85.3448
-91.9726
-98.6007
-105.229
-111.858
-118.487
-125.116
-131.745
-138.374
-145.003
-151.632
-158.261
-164.889
-171.518
-178.146
-184.775
-191.403
-198.031
-204.659
-211.287
-217.916
-224.544
-231.173
-237.802
-244.431
-251.06
-257.689
-264.318
-270.948
-277.577
-284.206
-290.836
-297.465
-304.095
-310.724
-317.353
-323.982
-330.612
-337.241
-343.87
-350.5
-357.129
-363.758
-370.388
-377.017
-383.647
-390.276
-396.905
-403.534
-410.163
-416.793
-423.422
-430.051
-436.681
-443.31
-449.94
-456.57
-463.2
-469.83
-476.461
-483.092
-489.723
-496.353
-502.984
-509.615
-516.246
-522.876
-529.506
-536.136
-542.766
-549.395
-556.025
-562.654
-569.283
-575.911
-582.541
-589.17
-595.799
-602.429
-609.059
-615.69
-622.321
-628.952
-635.584
-642.216
-648.848
-655.48
-662.112
-668.744
-675.376
-682.008
-688.639
-695.271
-701.903
-708.534
-715.166
-721.797
-728.428
-735.06
-741.692
-748.323
-754.955
-761.588
-768.221
-774.856
-781.491
-788.13
-794.768
-801.416
-808.056
-814.729
-821.36
-828.097
491.325
484.575
477.945
471.278
464.653
458.02
451.403
444.787
438.176
431.566
424.957
418.349
411.739
405.129
398.518
391.905
385.291
378.675
372.056
365.436
358.812
352.186
345.557
338.925
332.289
325.652
319.012
312.371
305.729
299.088
292.448
285.81
279.174
272.541
265.912
259.285
252.661
246.04
239.421
232.803
226.186
219.569
212.95
206.331
199.709
193.086
186.459
179.831
173.2
166.567
159.933
153.297
146.661
140.026
133.39
126.755
120.122
113.49
106.859
100.23
93.6021
86.9753
80.3493
73.7238
67.0985
60.4732
53.8477
47.2216
40.595
33.9677
27.3398
20.7114
14.0824
7.45315
0.823694
-5.8058
-12.4352
-19.0643
-25.6932
-32.3217
-38.9499
-45.5777
-52.2053
-58.8327
-65.46
-72.0873
-78.7148
-85.3424
-91.9702
-98.5983
-105.227
-111.855
-118.484
-125.113
-131.742
-138.371
-145
-151.629
-158.258
-164.887
-171.515
-178.144
-184.772
-191.401
-198.029
-204.657
-211.286
-217.914
-224.543
-231.171
-237.8
-244.429
-251.058
-257.687
-264.317
-270.946
-277.575
-284.205
-290.834
-297.464
-304.093
-310.722
-317.352
-323.981
-330.61
-337.24
-343.869
-350.498
-357.128
-363.757
-370.387
-377.016
-383.645
-390.275
-396.904
-403.533
-410.163
-416.792
-423.421
-430.051
-436.68
-443.309
-449.939
-456.569
-463.199
-469.829
-476.46
-483.09
-489.721
-496.352
-502.983
-509.614
-516.244
-522.875
-529.505
-536.135
-542.765
-549.394
-556.024
-562.653
-569.282
-575.911
-582.54
-589.17
-595.799
-602.429
-609.059
-615.69
-622.321
-628.952
-635.583
-642.215
-648.846
-655.478
-662.11
-668.742
-675.374
-682.005
-688.637
-695.269
-701.9
-708.532
-715.163
-721.795
-728.426
-735.058
-741.689
-748.321
-754.953
-761.586
-768.219
-774.854
-781.489
-788.128
-794.764
-801.412
-808.051
-814.724
-821.354
-828.092
491.354
484.603
477.974
471.307
464.681
458.047
451.429
444.811
438.197
431.584
424.973
418.362
411.75
405.138
398.524
391.909
385.293
378.676
372.057
365.436
358.813
352.188
345.56
338.929
332.296
325.66
319.022
312.383
305.743
299.103
292.464
285.825
279.189
272.556
265.925
259.296
252.671
246.047
239.426
232.806
226.187
219.568
212.949
206.328
199.707
193.083
186.457
179.829
173.2
166.568
159.935
153.301
146.666
140.031
133.396
126.762
120.129
113.497
106.866
100.236
93.6078
86.9804
80.3538
73.7277
67.102
60.4764
53.8506
47.2245
40.5978
33.9707
27.343
20.7147
14.086
7.45698
0.827719
-5.80163
-12.4309
-19.0601
-25.689
-32.3177
-38.946
-45.5741
-52.2019
-58.8296
-65.4571
-72.0846
-78.7122
-85.3399
-91.9678
-98.5959
-105.224
-111.853
-118.482
-125.11
-131.739
-138.368
-144.998
-151.627
-158.255
-164.884
-171.513
-178.142
-184.77
-191.398
-198.027
-204.655
-211.284
-217.912
-224.541
-231.17
-237.798
-244.427
-251.057
-257.686
-264.315
-270.944
-277.574
-284.203
-290.833
-297.462
-304.091
-310.721
-317.35
-323.979
-330.609
-337.238
-343.868
-350.497
-357.126
-363.756
-370.385
-377.015
-383.644
-390.274
-396.903
-403.532
-410.162
-416.791
-423.421
-430.05
-436.679
-443.309
-449.939
-456.568
-463.198
-469.828
-476.459
-483.089
-489.72
-496.351
-502.981
-509.612
-516.243
-522.873
-529.503
-536.134
-542.764
-549.393
-556.023
-562.652
-569.282
-575.911
-582.54
-589.17
-595.799
-602.429
-609.059
-615.69
-622.32
-628.951
-635.582
-642.213
-648.845
-655.476
-662.108
-668.74
-675.371
-682.003
-688.634
-695.266
-701.897
-708.529
-715.16
-721.792
-728.424
-735.055
-741.687
-748.319
-754.951
-761.584
-768.217
-774.852
-781.487
-788.125
-794.761
-801.408
-808.047
-814.72
-821.349
-828.087
491.383
484.632
478.003
471.337
464.71
458.076
451.456
444.835
438.22
431.604
424.99
418.376
411.762
405.146
398.53
391.914
385.296
378.677
372.057
365.436
358.813
352.188
345.562
338.932
332.301
325.667
319.032
312.394
305.756
299.118
292.479
285.842
279.205
272.571
265.939
259.309
252.681
246.056
239.432
232.81
226.189
219.568
212.947
206.326
199.704
193.08
186.454
179.827
173.198
166.568
159.936
153.303
146.67
140.036
133.402
126.768
120.135
113.503
106.873
100.243
93.6138
86.9858
80.3587
73.7321
67.1059
60.4798
53.8537
47.2274
40.6007
33.9736
27.346
20.7179
14.0895
7.46067
0.831633
-5.79754
-12.4267
-19.0558
-25.6848
-32.3136
-38.9421
-45.5703
-52.1984
-58.8263
-65.4541
-72.0818
-78.7095
-85.3374
-91.9653
-98.5935
-105.222
-111.85
-118.479
-125.108
-131.737
-138.366
-144.995
-151.624
-158.253
-164.882
-171.51
-178.139
-184.768
-191.396
-198.025
-204.653
-211.282
-217.91
-224.539
-231.168
-237.797
-244.426
-251.055
-257.684
-264.314
-270.943
-277.572
-284.202
-290.831
-297.46
-304.09
-310.719
-317.349
-323.978
-330.607
-337.237
-343.866
-350.496
-357.125
-363.754
-370.384
-377.014
-383.643
-390.273
-396.902
-403.532
-410.161
-416.79
-423.42
-430.049
-436.679
-443.308
-449.938
-456.568
-463.198
-469.828
-476.458
-483.088
-489.718
-496.349
-502.98
-509.61
-516.241
-522.871
-529.502
-536.132
-542.762
-549.392
-556.022
-562.652
-569.281
-575.911
-582.54
-589.17
-595.799
-602.429
-609.059
-615.689
-622.32
-628.95
-635.581
-642.212
-648.844
-655.475
-662.106
-668.737
-675.369
-682
-688.632
-695.263
-701.895
-708.526
-715.158
-721.789
-728.421
-735.053
-741.685
-748.317
-754.949
-761.582
-768.215
-774.849
-781.484
-788.122
-794.758
-801.405
-808.043
-814.715
-821.343
-828.081
491.412
484.661
478.033
471.366
464.739
458.105
451.483
444.861
438.243
431.625
425.008
418.391
411.774
405.156
398.538
391.918
385.299
378.678
372.057
365.436
358.813
352.188
345.563
338.935
332.305
325.674
319.04
312.405
305.769
299.132
292.495
285.858
279.222
272.587
265.954
259.322
252.693
246.065
239.439
232.815
226.192
219.569
212.947
206.324
199.701
193.077
186.451
179.825
173.197
166.567
159.937
153.305
146.673
140.04
133.407
126.774
120.142
113.51
106.879
100.249
93.6201
86.9917
80.364
73.7368
67.11
60.4835
53.857
47.2304
40.6036
33.9765
27.349
20.7211
14.0928
7.46428
0.83546
-5.79352
-12.4226
-19.0516
-25.6806
-32.3094
-38.938
-45.5665
-52.1948
-58.8229
-65.4509
-72.0788
-78.7068
-85.3348
-91.9628
-98.591
-105.219
-111.848
-118.476
-125.105
-131.734
-138.363
-144.992
-151.621
-158.25
-164.879
-171.508
-178.137
-184.765
-191.394
-198.023
-204.651
-211.28
-217.909
-224.537
-231.166
-237.795
-244.424
-251.053
-257.683
-264.312
-270.941
-277.571
-284.2
-290.83
-297.459
-304.088
-310.718
-317.347
-323.976
-330.606
-337.235
-343.865
-350.494
-357.124
-363.753
-370.383
-377.012
-383.642
-390.272
-396.901
-403.531
-410.16
-416.79
-423.419
-430.049
-436.678
-443.308
-449.937
-456.567
-463.197
-469.827
-476.457
-483.087
-489.717
-496.348
-502.978
-509.609
-516.239
-522.87
-529.5
-536.131
-542.761
-549.391
-556.021
-562.651
-569.281
-575.91
-582.54
-589.17
-595.799
-602.429
-609.059
-615.689
-622.32
-628.95
-635.581
-642.211
-648.842
-655.473
-662.104
-668.735
-675.367
-681.998
-688.629
-695.26
-701.892
-708.523
-715.155
-721.787
-728.418
-735.05
-741.682
-748.314
-754.946
-761.579
-768.212
-774.847
-781.482
-788.119
-794.755
-801.401
-808.039
-814.71
-821.337
-828.075
491.44
484.689
478.062
471.396
464.769
458.133
451.511
444.887
438.267
431.646
425.027
418.407
411.787
405.167
398.546
391.924
385.302
378.68
372.058
365.435
358.812
352.188
345.563
338.937
332.309
325.68
319.048
312.415
305.781
299.146
292.51
285.874
279.238
272.603
265.969
259.336
252.705
246.075
239.447
232.821
226.195
219.57
212.946
206.322
199.698
193.074
186.448
179.822
173.195
166.566
159.937
153.307
146.676
140.044
133.412
126.78
120.149
113.517
106.887
100.256
93.6267
86.9978
80.3695
73.7418
67.1145
60.4874
53.8605
47.2336
40.6067
33.9795
27.352
20.7242
14.0962
7.46783
0.839232
-5.78955
-12.4184
-19.0474
-25.6763
-32.3052
-38.9339
-45.5625
-52.191
-58.8194
-65.4476
-72.0758
-78.7039
-85.332
-91.9602
-98.5885
-105.217
-111.845
-118.474
-125.103
-131.732
-138.36
-144.989
-151.618
-158.247
-164.876
-171.505
-178.134
-184.763
-191.392
-198.02
-204.649
-211.278
-217.907
-224.536
-231.165
-237.794
-244.423
-251.052
-257.681
-264.31
-270.94
-277.569
-284.199
-290.828
-297.457
-304.087
-310.716
-317.345
-323.975
-330.604
-337.234
-343.863
-350.493
-357.122
-363.752
-370.381
-377.011
-383.641
-390.27
-396.9
-403.53
-410.159
-416.789
-423.419
-430.048
-436.678
-443.307
-449.937
-456.566
-463.196
-469.826
-476.456
-483.086
-489.716
-496.346
-502.977
-509.607
-516.238
-522.868
-529.499
-536.129
-542.759
-549.39
-556.02
-562.65
-569.28
-575.91
-582.54
-589.17
-595.799
-602.429
-609.059
-615.689
-622.319
-628.95
-635.58
-642.21
-648.841
-655.472
-662.102
-668.733
-675.364
-681.995
-688.626
-695.258
-701.889
-708.52
-715.152
-721.784
-728.416
-735.047
-741.679
-748.312
-754.944
-761.577
-768.21
-774.845
-781.479
-788.117
-794.752
-801.397
-808.035
-814.704
-821.331
-828.069
491.467
484.716
478.09
471.424
464.797
458.162
451.538
444.913
438.291
431.668
425.046
418.424
411.802
405.179
398.555
391.931
385.307
378.683
372.06
365.436
358.813
352.189
345.565
338.939
332.313
325.685
319.056
312.425
305.793
299.159
292.525
285.89
279.254
272.619
265.984
259.35
252.718
246.086
239.456
232.827
226.199
219.573
212.947
206.321
199.696
193.071
186.446
179.82
173.193
166.565
159.937
153.308
146.678
140.048
133.417
126.786
120.155
113.524
106.894
100.263
93.6335
87.0042
80.3754
73.7471
67.1192
60.4917
53.8643
47.2371
40.6099
33.9826
27.3551
20.7274
14.0995
7.47137
0.842985
-5.7856
-12.4143
-19.0432
-25.6721
-32.3009
-38.9298
-45.5585
-52.1872
-58.8157
-65.4442
-72.0725
-78.7009
-85.3292
-91.9575
-98.5859
-105.214
-111.843
-118.471
-125.1
-131.729
-138.358
-144.987
-151.616
-158.245
-164.874
-171.502
-178.131
-184.76
-191.389
-198.018
-204.647
-211.276
-217.905
-224.534
-231.163
-237.792
-244.421
-251.05
-257.679
-264.309
-270.938
-277.568
-284.197
-290.826
-297.456
-304.085
-310.714
-317.344
-323.973
-330.603
-337.232
-343.862
-350.491
-357.121
-363.75
-370.38
-377.01
-383.639
-390.269
-396.899
-403.529
-410.158
-416.788
-423.418
-430.047
-436.677
-443.307
-449.936
-456.566
-463.195
-469.825
-476.455
-483.085
-489.715
-496.345
-502.975
-509.605
-516.236
-522.866
-529.497
-536.127
-542.758
-549.388
-556.019
-562.649
-569.279
-575.909
-582.539
-589.169
-595.799
-602.429
-609.059
-615.689
-622.319
-628.949
-635.579
-642.21
-648.84
-655.47
-662.101
-668.731
-675.362
-681.993
-688.624
-695.255
-701.886
-708.518
-715.149
-721.781
-728.413
-735.045
-741.677
-748.309
-754.941
-761.574
-768.207
-774.842
-781.476
-788.114
-794.749
-801.393
-808.03
-814.699
-821.325
-828.061
491.492
484.741
478.116
471.452
464.825
458.189
451.564
444.938
438.314
431.69
425.066
418.442
411.817
405.192
398.566
391.94
385.313
378.688
372.063
365.438
358.814
352.19
345.566
338.942
332.317
325.691
319.063
312.434
305.804
299.172
292.539
285.905
279.27
272.635
265.999
259.365
252.73
246.097
239.465
232.834
226.204
219.576
212.948
206.321
199.695
193.069
186.444
179.818
173.192
166.565
159.938
153.31
146.681
140.052
133.422
126.792
120.162
113.531
106.901
100.27
93.6404
87.0107
80.3815
73.7527
67.1243
60.4962
53.8684
47.2408
40.6134
33.9859
27.3584
20.7308
14.103
7.47497
0.846759
-5.78165
-12.4102
-19.039
-25.6678
-32.2966
-38.9255
-45.5544
-52.1832
-58.8119
-65.4406
-72.0692
-78.6977
-85.3262
-91.9547
-98.5831
-105.212
-111.84
-118.469
-125.097
-131.726
-138.355
-144.984
-151.613
-158.242
-164.871
-171.5
-178.129
-184.758
-191.387
-198.016
-204.645
-211.274
-217.903
-224.532
-231.161
-237.79
-244.419
-251.048
-257.678
-264.307
-270.936
-277.566
-284.195
-290.825
-297.454
-304.083
-310.713
-317.342
-323.972
-330.601
-337.231
-343.86
-350.49
-357.119
-363.749
-370.379
-377.008
-383.638
-390.268
-396.898
-403.528
-410.158
-416.787
-423.417
-430.047
-436.676
-443.306
-449.935
-456.565
-463.195
-469.824
-476.454
-483.084
-489.713
-496.343
-502.974
-509.604
-516.234
-522.865
-529.495
-536.126
-542.756
-549.387
-556.018
-562.648
-569.279
-575.909
-582.539
-589.169
-595.799
-602.429
-609.059
-615.689
-622.319
-628.949
-635.579
-642.209
-648.839
-655.469
-662.099
-668.729
-675.36
-681.99
-688.621
-695.252
-701.883
-708.515
-715.146
-721.778
-728.41
-735.042
-741.674
-748.306
-754.939
-761.572
-768.205
-774.839
-781.473
-788.11
-794.745
-801.389
-808.025
-814.693
-821.317
-828.054
491.514
484.765
478.14
471.477
464.85
458.215
451.59
444.963
438.338
431.712
425.086
418.46
411.834
405.206
398.578
391.95
385.322
378.694
372.068
365.442
358.817
352.193
345.569
338.946
332.321
325.696
319.07
312.443
305.814
299.184
292.552
285.919
279.285
272.649
266.014
259.378
252.743
246.109
239.475
232.842
226.21
219.58
212.951
206.322
199.695
193.069
186.443
179.817
173.191
166.565
159.939
153.312
146.684
140.056
133.427
126.798
120.168
113.538
106.908
100.277
93.6473
87.0174
80.3878
73.7585
67.1296
60.501
53.8728
47.2449
40.6171
33.9895
27.3619
20.7343
14.1065
7.47865
0.850592
-5.77766
-12.4061
-19.0347
-25.6635
-32.2923
-38.9213
-45.5502
-52.1792
-58.8081
-65.4369
-72.0657
-78.6944
-85.3231
-91.9517
-98.5803
-105.209
-111.837
-118.466
-125.095
-131.723
-138.352
-144.981
-151.61
-158.239
-164.868
-171.497
-178.126
-184.755
-191.384
-198.013
-204.642
-211.272
-217.901
-224.53
-231.159
-237.788
-244.417
-251.047
-257.676
-264.305
-270.935
-277.564
-284.194
-290.823
-297.452
-304.082
-310.711
-317.341
-323.97
-330.599
-337.229
-343.858
-350.488
-357.118
-363.747
-370.377
-377.007
-383.637
-390.267
-396.897
-403.527
-410.156
-416.786
-423.416
-430.046
-436.676
-443.305
-449.935
-456.564
-463.194
-469.823
-476.453
-483.082
-489.712
-496.342
-502.972
-509.602
-516.233
-522.863
-529.494
-536.124
-542.755
-549.386
-556.016
-562.647
-569.278
-575.908
-582.538
-589.169
-595.799
-602.429
-609.059
-615.689
-622.318
-628.948
-635.578
-642.208
-648.838
-655.467
-662.097
-668.728
-675.358
-681.988
-688.619
-695.25
-701.881
-708.512
-715.144
-721.775
-728.407
-735.039
-741.671
-748.303
-754.936
-761.569
-768.202
-774.836
-781.47
-788.107
-794.741
-801.384
-808.019
-814.686
-821.309
-828.045
491.533
484.785
478.162
471.5
464.874
458.239
451.614
444.986
438.36
431.733
425.107
418.479
411.851
405.221
398.592
391.962
385.332
378.703
372.075
365.448
358.822
352.198
345.574
338.95
332.327
325.703
319.078
312.452
305.824
299.195
292.564
285.932
279.298
272.663
266.028
259.392
252.756
246.12
239.485
232.85
226.217
219.585
212.954
206.325
199.697
193.069
186.443
179.817
173.191
166.566
159.94
153.314
146.687
140.06
133.432
126.803
120.174
113.545
106.915
100.284
93.6543
87.0241
80.3942
73.7645
67.1351
60.5062
53.8775
47.2492
40.6212
33.9934
27.3656
20.738
14.1103
7.48247
0.854518
-5.77362
-12.4019
-19.0305
-25.6592
-32.288
-38.917
-45.546
-52.1751
-58.8041
-65.4331
-72.0621
-78.691
-85.3198
-91.9485
-98.5772
-105.206
-111.835
-118.463
-125.092
-131.721
-138.349
-144.978
-151.607
-158.236
-164.865
-171.494
-178.123
-184.753
-191.382
-198.011
-204.64
-211.269
-217.899
-224.528
-231.157
-237.786
-244.416
-251.045
-257.674
-264.304
-270.933
-277.562
-284.192
-290.821
-297.451
-304.08
-310.71
-317.339
-323.968
-330.598
-337.227
-343.857
-350.486
-357.116
-363.746
-370.376
-377.006
-383.635
-390.265
-396.895
-403.525
-410.155
-416.785
-423.415
-430.045
-436.675
-443.304
-449.934
-456.563
-463.193
-469.822
-476.452
-483.081
-489.711
-496.341
-502.971
-509.601
-516.231
-522.862
-529.492
-536.123
-542.754
-549.384
-556.015
-562.646
-569.277
-575.907
-582.538
-589.168
-595.798
-602.428
-609.058
-615.688
-622.318
-628.948
-635.577
-642.207
-648.836
-655.466
-662.096
-668.726
-675.356
-681.986
-688.617
-695.247
-701.878
-708.509
-715.141
-721.773
-728.404
-735.036
-741.668
-748.301
-754.933
-761.566
-768.199
-774.833
-781.467
-788.103
-794.737
-801.379
-808.014
-814.679
-821.301
-828.035
491.55
484.803
478.181
471.521
464.895
458.261
451.636
445.008
438.381
431.754
425.127
418.498
411.868
405.238
398.607
391.975
385.344
378.714
372.084
365.456
358.83
352.204
345.58
338.956
332.333
325.71
319.085
312.46
305.834
299.205
292.576
285.944
279.311
272.676
266.041
259.404
252.768
246.131
239.494
232.859
226.224
219.591
212.959
206.328
199.699
193.071
186.444
179.818
173.193
166.567
159.942
153.317
146.691
140.064
133.437
126.809
120.18
113.551
106.921
100.291
93.6611
87.0308
80.4006
73.7706
67.1409
60.5115
53.8825
47.2539
40.6256
33.9975
27.3697
20.7419
14.1142
7.48645
0.858558
-5.7695
-12.3977
-19.0262
-25.6549
-32.2837
-38.9127
-45.5418
-52.1709
-58.8001
-65.4293
-72.0584
-78.6874
-85.3164
-91.9453
-98.5741
-105.203
-111.832
-118.46
-125.089
-131.718
-138.347
-144.975
-151.604
-158.233
-164.862
-171.491
-178.121
-184.75
-191.379
-198.008
-204.638
-211.267
-217.896
-224.526
-231.155
-237.784
-244.414
-251.043
-257.672
-264.302
-270.931
-277.561
-284.19
-290.819
-297.449
-304.078
-310.708
-317.337
-323.967
-330.596
-337.226
-343.855
-350.485
-357.115
-363.744
-370.374
-377.004
-383.634
-390.264
-396.894
-403.524
-410.154
-416.784
-423.414
-430.044
-436.674
-443.303
-449.933
-456.562
-463.192
-469.821
-476.451
-483.08
-489.71
-496.34
-502.97
-509.6
-516.23
-522.86
-529.491
-536.121
-542.752
-549.383
-556.014
-562.645
-569.276
-575.906
-582.537
-589.167
-595.798
-602.428
-609.058
-615.688
-622.317
-628.947
-635.576
-642.206
-648.835
-655.465
-662.094
-668.724
-675.354
-681.984
-688.615
-695.245
-701.876
-708.507
-715.138
-721.77
-728.402
-735.034
-741.666
-748.298
-754.93
-761.563
-768.196
-774.829
-781.463
-788.099
-794.733
-801.374
-808.007
-814.671
-821.292
-828.024
491.563
484.818
478.198
471.539
464.914
458.281
451.656
445.028
438.402
431.774
425.146
418.517
411.887
405.255
398.623
391.991
385.358
378.727
372.096
365.467
358.839
352.213
345.588
338.964
332.341
325.717
319.093
312.469
305.843
299.215
292.586
285.955
279.322
272.688
266.052
259.416
252.779
246.141
239.504
232.868
226.232
219.598
212.965
206.333
199.703
193.075
186.447
179.821
173.195
166.57
159.945
153.32
146.695
140.069
133.442
126.814
120.186
113.557
106.928
100.298
93.6678
87.0374
80.407
73.7768
67.1468
60.5171
53.8878
47.2588
40.6303
34.002
27.374
20.7462
14.1184
7.49059
0.86272
-5.7653
-12.3935
-19.0219
-25.6505
-32.2794
-38.9084
-45.5375
-52.1668
-58.7961
-65.4253
-72.0546
-78.6838
-85.3129
-91.9419
-98.5708
-105.2
-111.828
-118.457
-125.086
-131.715
-138.344
-144.972
-151.601
-158.23
-164.859
-171.489
-178.118
-184.747
-191.376
-198.006
-204.635
-211.265
-217.894
-224.523
-231.153
-237.782
-244.412
-251.041
-257.67
-264.3
-270.929
-277.559
-284.188
-290.818
-297.447
-304.077
-310.706
-317.336
-323.965
-330.595
-337.224
-343.854
-350.483
-357.113
-363.743
-370.373
-377.003
-383.633
-390.263
-396.893
-403.523
-410.153
-416.783
-423.413
-430.043
-436.673
-443.302
-449.932
-456.562
-463.191
-469.82
-476.45
-483.079
-489.709
-496.339
-502.968
-509.598
-516.228
-522.859
-529.489
-536.12
-542.751
-549.382
-556.012
-562.643
-569.274
-575.905
-582.536
-589.166
-595.797
-602.427
-609.057
-615.687
-622.316
-628.946
-635.575
-642.205
-648.834
-655.464
-662.093
-668.723
-675.352
-681.982
-688.613
-695.243
-701.874
-708.505
-715.136
-721.768
-728.399
-735.031
-741.663
-748.295
-754.927
-761.56
-768.192
-774.826
-781.459
-788.095
-794.728
-801.368
-808.001
-814.663
-821.282
-828.012
491.572
484.83
478.211
471.555
464.931
458.298
451.674
445.046
438.42
431.793
425.165
418.536
411.905
405.274
398.641
392.008
385.375
378.742
372.111
365.48
358.852
352.224
345.598
338.974
332.35
325.726
319.102
312.477
305.851
299.224
292.595
285.964
279.332
272.698
266.063
259.426
252.789
246.151
239.514
232.877
226.24
219.605
212.972
206.339
199.709
193.08
186.452
179.825
173.199
166.574
159.949
153.324
146.699
140.073
133.447
126.82
120.192
113.563
106.934
100.304
93.6743
87.0439
80.4134
73.7829
67.1527
60.5228
53.8932
47.264
40.6352
34.0068
27.3786
20.7506
14.1227
7.49489
0.86699
-5.76103
-12.3892
-19.0176
-25.6463
-32.2751
-38.9041
-45.5333
-52.1626
-58.792
-65.4214
-72.0507
-78.68
-85.3092
-91.9384
-98.5674
-105.196
-111.825
-118.454
-125.083
-131.712
-138.341
-144.969
-151.598
-158.227
-164.857
-171.486
-178.115
-184.744
-191.374
-198.003
-204.633
-211.262
-217.892
-224.521
-231.151
-237.78
-244.409
-251.039
-257.668
-264.298
-270.927
-277.557
-284.186
-290.816
-297.445
-304.075
-310.704
-317.334
-323.963
-330.593
-337.222
-343.852
-350.482
-357.112
-363.741
-370.371
-377.001
-383.631
-390.261
-396.891
-403.522
-410.152
-416.782
-423.412
-430.042
-436.672
-443.301
-449.931
-456.56
-463.19
-469.819
-476.449
-483.078
-489.708
-496.337
-502.967
-509.597
-516.227
-522.857
-529.488
-536.119
-542.749
-549.38
-556.011
-562.642
-569.273
-575.904
-582.535
-589.165
-595.796
-602.426
-609.056
-615.686
-622.315
-628.945
-635.574
-642.204
-648.833
-655.462
-662.092
-668.721
-675.351
-681.981
-688.611
-695.241
-701.872
-708.503
-715.134
-721.765
-728.397
-735.028
-741.66
-748.292
-754.924
-761.556
-768.189
-774.822
-781.455
-788.09
-794.723
-801.362
-807.994
-814.654
-821.272
-827.999
491.578
484.839
478.222
471.567
464.944
458.313
451.689
445.063
438.437
431.81
425.183
418.554
411.924
405.292
398.66
392.026
385.393
378.759
372.127
365.496
358.866
352.237
345.611
338.985
332.36
325.735
319.11
312.485
305.859
299.232
292.603
285.972
279.34
272.706
266.071
259.435
252.798
246.16
239.522
232.885
226.249
219.613
212.979
206.346
199.715
193.086
186.458
179.831
173.204
166.579
159.954
153.329
146.704
140.078
133.452
126.825
120.198
113.569
106.94
100.311
93.6804
87.05
80.4195
73.789
67.1586
60.5285
53.8988
47.2694
40.6404
34.0117
27.3834
20.7552
14.1272
7.4993
0.871332
-5.75674
-12.385
-19.0134
-25.642
-32.2709
-38.9
-45.5292
-52.1585
-58.788
-65.4174
-72.0469
-78.6762
-85.3056
-91.9348
-98.5639
-105.193
-111.822
-118.451
-125.08
-131.709
-138.338
-144.966
-151.596
-158.225
-164.854
-171.483
-178.112
-184.742
-191.371
-198.001
-204.63
-211.26
-217.889
-224.519
-231.148
-237.778
-244.407
-251.037
-257.666
-264.296
-270.925
-277.555
-284.184
-290.814
-297.444
-304.073
-310.703
-317.332
-323.962
-330.591
-337.221
-343.851
-350.48
-357.11
-363.74
-370.37
-377
-383.63
-390.26
-396.89
-403.52
-410.15
-416.78
-423.41
-430.04
-436.67
-443.3
-449.93
-456.559
-463.189
-469.818
-476.448
-483.077
-489.707
-496.336
-502.966
-509.596
-516.226
-522.856
-529.487
-536.117
-542.748
-549.379
-556.01
-562.641
-569.272
-575.903
-582.533
-589.164
-595.794
-602.425
-609.055
-615.685
-622.314
-628.944
-635.573
-642.203
-648.832
-655.461
-662.09
-668.72
-675.35
-681.979
-688.609
-695.24
-701.87
-708.501
-715.132
-721.763
-728.394
-735.026
-741.657
-748.289
-754.921
-761.553
-768.185
-774.818
-781.451
-788.085
-794.717
-801.355
-807.986
-814.644
-821.261
-827.985
491.58
484.846
478.229
471.577
464.955
458.325
451.702
445.077
438.452
431.826
425.2
418.572
411.942
405.311
398.679
392.045
385.412
378.778
372.145
365.513
358.882
352.252
345.624
338.997
332.371
325.745
319.119
312.493
305.866
299.239
292.61
285.979
279.347
272.713
266.078
259.442
252.805
246.168
239.53
232.893
226.257
219.621
212.987
206.354
199.723
193.093
186.464
179.837
173.21
166.585
159.959
153.334
146.709
140.083
133.457
126.83
120.203
113.575
106.946
100.316
93.6861
87.0558
80.4253
73.7948
67.1644
60.5342
53.9043
47.2748
40.6456
34.0168
27.3883
20.76
14.1318
7.50376
0.875684
-5.75247
-12.3808
-19.0093
-25.6379
-32.2668
-38.8959
-45.5252
-52.1546
-58.784
-65.4135
-72.043
-78.6725
-85.3019
-91.9312
-98.5604
-105.19
-111.819
-118.448
-125.077
-131.706
-138.335
-144.964
-151.593
-158.222
-164.851
-171.48
-178.11
-184.739
-191.369
-197.998
-204.628
-211.257
-217.887
-224.516
-231.146
-237.776
-244.405
-251.035
-257.664
-264.294
-270.923
-277.553
-284.183
-290.812
-297.442
-304.071
-310.701
-317.33
-323.96
-330.59
-337.219
-343.849
-350.479
-357.109
-363.738
-370.368
-376.998
-383.628
-390.258
-396.889
-403.519
-410.149
-416.779
-423.409
-430.039
-436.669
-443.299
-449.929
-456.558
-463.188
-469.817
-476.447
-483.076
-489.706
-496.335
-502.965
-509.595
-516.225
-522.855
-529.486
-536.116
-542.747
-549.378
-556.009
-562.639
-569.27
-575.901
-582.532
-589.163
-595.793
-602.423
-609.053
-615.683
-622.313
-628.943
-635.572
-642.201
-648.831
-655.46
-662.089
-668.719
-675.348
-681.978
-688.608
-695.238
-701.869
-708.499
-715.13
-721.761
-728.392
-735.024
-741.655
-748.286
-754.918
-761.55
-768.181
-774.814
-781.446
-788.08
-794.711
-801.349
-807.979
-814.634
-821.249
-827.97
491.579
484.849
478.234
471.585
464.963
458.335
451.713
445.089
438.465
431.841
425.215
418.588
411.96
405.33
398.698
392.065
385.431
378.798
372.164
365.531
358.899
352.268
345.639
339.01
332.382
325.755
319.128
312.501
305.873
299.244
292.615
285.984
279.352
272.718
266.083
259.448
252.811
246.174
239.537
232.901
226.264
219.629
212.995
206.362
199.731
193.1
186.472
179.844
173.217
166.591
159.965
153.34
146.714
140.089
133.462
126.835
120.208
113.58
106.951
100.321
93.6913
87.0611
80.4307
73.8002
67.1698
60.5396
53.9097
47.2801
40.6508
34.0218
27.3932
20.7647
14.1364
7.50818
0.879971
-5.74831
-12.3767
-19.0053
-25.634
-32.2629
-38.8921
-45.5213
-52.1508
-58.7803
-65.4098
-72.0393
-78.6688
-85.2983
-91.9277
-98.557
-105.186
-111.815
-118.444
-125.073
-131.703
-138.332
-144.961
-151.59
-158.219
-164.848
-171.478
-178.107
-184.737
-191.366
-197.996
-204.625
-211.255
-217.885
-224.514
-231.144
-237.773
-244.403
-251.033
-257.662
-264.292
-270.922
-277.551
-284.181
-290.81
-297.44
-304.07
-310.699
-317.329
-323.958
-330.588
-337.218
-343.848
-350.477
-357.107
-363.737
-370.367
-376.997
-383.627
-390.257
-396.887
-403.517
-410.148
-416.778
-423.408
-430.038
-436.668
-443.298
-449.927
-456.557
-463.187
-469.816
-476.446
-483.075
-489.705
-496.335
-502.964
-509.594
-516.224
-522.854
-529.485
-536.115
-542.746
-549.377
-556.007
-562.638
-569.269
-575.9
-582.53
-589.161
-595.791
-602.422
-609.052
-615.682
-622.312
-628.941
-635.571
-642.2
-648.829
-655.459
-662.088
-668.718
-675.347
-681.977
-688.607
-695.237
-701.867
-708.498
-715.129
-721.759
-728.39
-735.021
-741.652
-748.284
-754.915
-761.546
-768.178
-774.81
-781.441
-788.074
-794.705
-801.342
-807.971
-814.624
-821.237
-827.953
491.574
484.849
478.235
471.589
464.969
458.342
451.721
445.098
438.476
431.853
425.229
418.604
411.976
405.347
398.717
392.084
385.451
378.817
372.184
365.55
358.917
352.285
345.654
339.024
332.394
325.765
319.136
312.508
305.878
299.249
292.618
285.987
279.354
272.721
266.086
259.451
252.815
246.179
239.543
232.907
226.271
219.637
213.003
206.37
199.739
193.108
186.479
179.851
173.224
166.598
159.971
153.346
146.72
140.093
133.467
126.84
120.212
113.584
106.955
100.326
93.6959
87.0658
80.4355
73.8052
67.1749
60.5448
53.9148
47.2852
40.6558
34.0268
27.398
20.7693
14.1409
7.51249
0.884116
-5.74431
-12.3728
-19.0015
-25.6303
-32.2593
-38.8885
-45.5178
-52.1472
-58.7767
-65.4062
-72.0358
-78.6653
-85.2948
-91.9243
-98.5536
-105.183
-111.812
-118.441
-125.07
-131.7
-138.329
-144.958
-151.587
-158.216
-164.846
-171.475
-178.105
-184.734
-191.364
-197.993
-204.623
-211.253
-217.882
-224.512
-231.142
-237.771
-244.401
-251.031
-257.66
-264.29
-270.92
-277.549
-284.179
-290.809
-297.438
-304.068
-310.698
-317.327
-323.957
-330.587
-337.216
-343.846
-350.476
-357.106
-363.736
-370.366
-376.996
-383.626
-390.256
-396.886
-403.516
-410.146
-416.776
-423.406
-430.036
-436.666
-443.296
-449.926
-456.556
-463.186
-469.815
-476.445
-483.075
-489.704
-496.334
-502.964
-509.594
-516.224
-522.854
-529.484
-536.114
-542.745
-549.376
-556.006
-562.637
-569.268
-575.898
-582.529
-589.16
-595.79
-602.42
-609.05
-615.68
-622.31
-628.94
-635.569
-642.199
-648.828
-655.458
-662.087
-668.717
-675.346
-681.976
-688.606
-695.236
-701.866
-708.497
-715.127
-721.758
-728.389
-735.019
-741.65
-748.281
-754.912
-761.543
-768.174
-774.805
-781.437
-788.069
-794.699
-801.334
-807.962
-814.613
-821.225
-827.935
491.565
484.847
478.235
471.591
464.972
458.346
451.727
445.106
438.485
431.864
425.241
418.617
411.991
405.364
398.734
392.103
385.47
378.837
372.203
365.569
358.935
352.302
345.669
339.037
332.406
325.775
319.144
312.513
305.883
299.252
292.62
285.988
279.355
272.722
266.088
259.453
252.818
246.182
239.547
232.912
226.277
219.643
213.01
206.378
199.746
193.116
186.487
179.859
173.231
166.604
159.978
153.351
146.725
140.098
133.471
126.844
120.216
113.588
106.959
100.329
93.6998
87.0699
80.4398
73.8096
67.1795
60.5495
53.9197
47.29
40.6607
34.0315
27.4026
20.7738
14.1452
7.51661
0.888058
-5.74053
-12.3692
-18.998
-25.6269
-32.2559
-38.8851
-45.5145
-52.1439
-58.7734
-65.4029
-72.0325
-78.662
-85.2915
-91.921
-98.5504
-105.18
-111.809
-118.438
-125.068
-131.697
-138.326
-144.955
-151.585
-158.214
-164.843
-171.473
-178.102
-184.732
-191.361
-197.991
-204.621
-211.251
-217.88
-224.51
-231.14
-237.769
-244.399
-251.029
-257.658
-264.288
-270.918
-277.547
-284.177
-290.807
-297.437
-304.066
-310.696
-317.326
-323.956
-330.585
-337.215
-343.845
-350.475
-357.105
-363.735
-370.364
-376.994
-383.625
-390.255
-396.885
-403.515
-410.145
-416.775
-423.405
-430.035
-436.665
-443.295
-449.925
-456.555
-463.185
-469.814
-476.444
-483.074
-489.703
-496.333
-502.963
-509.593
-516.223
-522.853
-529.483
-536.114
-542.744
-549.375
-556.005
-562.636
-569.266
-575.897
-582.528
-589.158
-595.788
-602.419
-609.049
-615.679
-622.309
-628.938
-635.568
-642.198
-648.827
-655.457
-662.086
-668.716
-675.346
-681.975
-688.605
-695.235
-701.865
-708.496
-715.126
-721.757
-728.387
-735.018
-741.648
-748.279
-754.909
-761.54
-768.17
-774.801
-781.432
-788.064
-794.693
-801.327
-807.954
-814.602
-821.213
-827.916
491.552
484.842
478.231
471.591
464.972
458.349
451.73
445.111
438.492
431.872
425.252
418.629
412.005
405.379
398.751
392.12
385.489
378.856
372.222
365.587
358.953
352.318
345.684
339.05
332.416
325.783
319.151
312.518
305.886
299.253
292.621
285.988
279.354
272.721
266.087
259.453
252.818
246.184
239.549
232.915
226.282
219.648
213.016
206.384
199.754
193.124
186.494
179.866
173.238
166.61
159.983
153.356
146.729
140.102
133.475
126.847
120.219
113.591
106.962
100.332
93.703
87.0732
80.4434
73.8135
67.1835
60.5537
53.924
47.2944
40.6651
34.0359
27.4069
20.778
14.1492
7.52042
0.891688
-5.73707
-12.3659
-18.9948
-25.6238
-32.2529
-38.8822
-45.5115
-52.1409
-58.7704
-65.3999
-72.0295
-78.659
-85.2885
-91.918
-98.5474
-105.177
-111.806
-118.436
-125.065
-131.694
-138.323
-144.953
-151.582
-158.212
-164.841
-171.471
-178.1
-184.73
-191.359
-197.989
-204.619
-211.249
-217.878
-224.508
-231.138
-237.767
-244.397
-251.027
-257.657
-264.286
-270.916
-277.546
-284.176
-290.805
-297.435
-304.065
-310.695
-317.324
-323.954
-330.584
-337.214
-343.844
-350.474
-357.103
-363.733
-370.363
-376.993
-383.623
-390.253
-396.884
-403.514
-410.144
-416.774
-423.404
-430.034
-436.664
-443.294
-449.924
-456.554
-463.184
-469.813
-476.443
-483.073
-489.703
-496.333
-502.963
-509.593
-516.223
-522.853
-529.483
-536.113
-542.743
-549.374
-556.004
-562.635
-569.265
-575.896
-582.526
-589.157
-595.787
-602.417
-609.047
-615.677
-622.307
-628.937
-635.567
-642.196
-648.826
-655.456
-662.085
-668.715
-675.345
-681.975
-688.605
-695.235
-701.865
-708.495
-715.125
-721.755
-728.386
-735.016
-741.646
-748.277
-754.907
-761.537
-768.167
-774.797
-781.427
-788.058
-794.687
-801.32
-807.946
-814.59
-821.2
-827.896
491.535
484.834
478.224
471.588
464.97
458.349
451.732
445.115
438.498
431.88
425.261
418.641
412.018
405.394
398.767
392.138
385.507
378.875
372.241
365.606
358.97
352.334
345.698
339.062
332.427
325.791
319.156
312.522
305.887
299.253
292.619
285.985
279.351
272.718
266.084
259.45
252.816
246.183
239.55
232.917
226.284
219.652
213.021
206.39
199.759
193.13
186.5
179.872
173.244
166.616
159.988
153.36
146.733
140.105
133.477
126.849
120.221
113.592
106.964
100.334
93.7051
87.0756
80.446
73.8163
67.1867
60.557
53.9275
47.2981
40.6688
34.0396
27.4105
20.7815
14.1525
7.52362
0.894727
-5.73419
-12.3632
-18.9922
-25.6213
-32.2505
-38.8797
-45.5091
-52.1385
-58.768
-65.3974
-72.0269
-78.6564
-85.2859
-91.9154
-98.5449
-105.174
-111.804
-118.433
-125.063
-131.692
-138.321
-144.951
-151.58
-158.21
-164.839
-171.469
-178.098
-184.728
-191.358
-197.987
-204.617
-211.247
-217.877
-224.506
-231.136
-237.766
-244.396
-251.025
-257.655
-264.285
-270.915
-277.544
-284.174
-290.804
-297.434
-304.064
-310.693
-317.323
-323.953
-330.583
-337.213
-343.843
-350.473
-357.103
-363.732
-370.362
-376.992
-383.622
-390.253
-396.883
-403.513
-410.143
-416.773
-423.403
-430.033
-436.663
-443.293
-449.923
-456.553
-463.183
-469.813
-476.443
-483.072
-489.702
-496.332
-502.962
-509.592
-516.222
-522.852
-529.482
-536.113
-542.743
-549.373
-556.004
-562.634
-569.264
-575.895
-582.525
-589.155
-595.785
-602.416
-609.046
-615.676
-622.306
-628.936
-635.565
-642.195
-648.825
-655.455
-662.085
-668.714
-675.344
-681.974
-688.604
-695.234
-701.864
-708.494
-715.124
-721.754
-728.385
-735.015
-741.645
-748.274
-754.904
-761.534
-768.164
-774.793
-781.423
-788.053
-794.681
-801.312
-807.938
-814.578
-821.186
-827.873
491.515
484.824
478.217
471.584
464.968
458.349
451.734
445.119
438.505
431.889
425.273
418.654
412.034
405.411
398.785
392.157
385.527
378.895
372.261
365.625
358.989
352.351
345.714
339.075
332.437
325.8
319.162
312.525
305.889
299.253
292.617
285.982
279.348
272.714
266.08
259.447
252.814
246.181
239.549
232.917
226.286
219.655
213.024
206.394
199.764
193.135
186.506
179.877
173.248
166.62
159.992
153.364
146.736
140.108
133.479
126.851
120.223
113.594
106.965
100.336
93.7068
87.0775
80.4481
73.8187
67.1893
60.56
53.9306
47.3013
40.6721
34.0429
27.4137
20.7846
14.1556
7.52653
0.897478
-5.73159
-12.3607
-18.9898
-25.619
-32.2483
-38.8776
-45.5069
-52.1363
-58.7657
-65.3952
-72.0247
-78.6541
-85.2836
-91.9131
-98.5425
-105.172
-111.801
-118.431
-125.06
-131.69
-138.319
-144.949
-151.578
-158.208
-164.837
-171.467
-178.097
-184.726
-191.356
-197.986
-204.616
-211.245
-217.875
-224.505
-231.135
-237.764
-244.394
-251.024
-257.654
-264.283
-270.913
-277.543
-284.173
-290.803
-297.433
-304.062
-310.692
-317.322
-323.952
-330.582
-337.212
-343.842
-350.472
-357.102
-363.732
-370.362
-376.992
-383.622
-390.252
-396.882
-403.512
-410.142
-416.772
-423.402
-430.032
-436.662
-443.292
-449.922
-456.552
-463.182
-469.812
-476.442
-483.072
-489.702
-496.332
-502.962
-509.592
-516.222
-522.852
-529.482
-536.112
-542.742
-549.373
-556.003
-562.633
-569.263
-575.893
-582.524
-589.154
-595.784
-602.414
-609.044
-615.674
-622.304
-628.934
-635.564
-642.194
-648.824
-655.454
-662.084
-668.714
-675.344
-681.974
-688.604
-695.234
-701.864
-708.493
-715.123
-721.753
-728.383
-735.013
-741.643
-748.272
-754.902
-761.531
-768.16
-774.789
-781.418
-788.047
-794.674
-801.304
-807.929
-814.566
-821.172
-827.848
491.507
484.832
478.224
471.596
464.98
458.362
451.748
445.133
438.519
431.904
425.288
418.67
412.05
405.427
398.802
392.175
385.545
378.913
372.278
365.643
359.006
352.368
345.729
339.09
332.451
325.812
319.173
312.535
305.897
299.26
292.624
285.989
279.354
272.72
266.086
259.453
252.821
246.189
239.558
232.926
226.296
219.665
213.035
206.406
199.776
193.147
186.518
179.889
173.26
166.632
160.003
153.374
146.746
140.117
133.488
126.86
120.231
113.602
106.973
100.343
93.7143
87.085
80.4557
73.8264
67.197
60.5677
53.9384
47.309
40.6797
34.0504
27.4211
20.7918
14.1625
7.53325
0.903962
-5.72534
-12.3547
-18.984
-25.6134
-32.2428
-38.8722
-45.5017
-52.1312
-58.7607
-65.3902
-72.0197
-78.6492
-85.2788
-91.9084
-98.5379
-105.167
-111.797
-118.427
-125.056
-131.686
-138.315
-144.945
-151.575
-158.204
-164.834
-171.464
-178.094
-184.723
-191.353
-197.983
-204.613
-211.242
-217.872
-224.502
-231.132
-237.762
-244.391
-251.021
-257.651
-264.281
-270.911
-277.541
-284.171
-290.801
-297.43
-304.06
-310.69
-317.32
-323.95
-330.58
-337.21
-343.84
-350.47
-357.1
-363.73
-370.36
-376.99
-383.62
-390.25
-396.88
-403.51
-410.14
-416.77
-423.4
-430.03
-436.66
-443.29
-449.921
-456.551
-463.181
-469.811
-476.441
-483.071
-489.701
-496.331
-502.961
-509.591
-516.221
-522.851
-529.481
-536.111
-542.741
-549.371
-556.002
-562.632
-569.262
-575.892
-582.522
-589.152
-595.782
-602.412
-609.042
-615.672
-622.302
-628.932
-635.562
-642.192
-648.822
-655.452
-662.082
-668.713
-675.343
-681.973
-688.602
-695.232
-701.862
-708.492
-715.122
-721.752
-728.382
-735.011
-741.641
-748.27
-754.899
-761.528
-768.157
-774.786
-781.414
-788.042
-794.669
-801.298
-807.922
-814.555
-821.162
-827.824
491.533
484.884
478.266
471.639
465.016
458.394
451.772
445.151
438.53
431.908
425.286
418.663
412.038
405.412
398.785
392.156
385.526
378.895
372.263
365.629
358.995
352.36
345.725
339.089
332.454
325.818
319.183
312.548
305.913
299.279
292.646
286.012
279.379
272.747
266.115
259.483
252.852
246.221
239.59
232.96
226.33
219.7
213.07
206.44
199.81
193.18
186.551
179.921
173.292
166.662
160.033
153.403
146.774
140.144
133.515
126.885
120.256
113.626
106.996
100.367
93.7371
87.1074
80.4777
73.848
67.2183
60.5886
53.9588
47.3291
40.6993
34.0696
27.4398
20.8101
14.1803
7.55052
0.920747
-5.70903
-12.3388
-18.9686
-25.5984
-32.2282
-38.8581
-45.4879
-52.1177
-58.7476
-65.3774
-72.0073
-78.6371
-85.267
-91.8969
-98.5268
-105.157
-111.787
-118.416
-125.046
-131.676
-138.306
-144.936
-151.566
-158.196
-164.826
-171.456
-178.086
-184.716
-191.346
-197.976
-204.606
-211.236
-217.866
-224.496
-231.126
-237.756
-244.386
-251.016
-257.646
-264.276
-270.906
-277.536
-284.166
-290.796
-297.426
-304.056
-310.686
-317.316
-323.946
-330.576
-337.206
-343.837
-350.467
-357.097
-363.727
-370.357
-376.987
-383.617
-390.247
-396.877
-403.507
-410.138
-416.768
-423.398
-430.028
-436.658
-443.288
-449.918
-456.548
-463.178
-469.809
-476.439
-483.069
-489.699
-496.329
-502.959
-509.589
-516.219
-522.85
-529.48
-536.11
-542.74
-549.37
-556
-562.63
-569.26
-575.891
-582.521
-589.151
-595.781
-602.411
-609.041
-615.671
-622.301
-628.931
-635.561
-642.192
-648.822
-655.452
-662.082
-668.712
-675.342
-681.972
-688.602
-695.232
-701.862
-708.492
-715.122
-721.752
-728.382
-735.012
-741.642
-748.271
-754.901
-761.53
-768.16
-774.789
-781.418
-788.046
-794.675
-801.304
-807.931
-814.561
-821.179
-827.82
-0.000605775
-0.000605398
-0.000603975
-0.000601849
-0.000598159
-0.000594535
-0.000591071
-0.000588025
-0.000585267
-0.000582733
-0.000580351
-0.000578097
-0.000575937
-0.000573854
-0.000571848
-0.00056993
-0.000568107
-0.000566372
-0.000564706
-0.000563087
-0.000561471
-0.000559807
-0.000558031
-0.000556086
-0.000553917
-0.000551487
-0.000548769
-0.000545759
-0.000542461
-0.000538899
-0.000535108
-0.000531128
-0.000527008
-0.000522795
-0.00051854
-0.000514284
-0.000510066
-0.000505918
-0.000501866
-0.000497927
-0.000494116
-0.000490439
-0.000486898
-0.000483494
-0.000480221
-0.000477074
-0.000474045
-0.000471126
-0.000468307
-0.000465577
-0.000462926
-0.000460342
-0.000457813
-0.000455326
-0.000452868
-0.000450425
-0.000447983
-0.000445531
-0.000443053
-0.000440539
-0.000437976
-0.000435355
-0.000432665
-0.000429902
-0.000427057
-0.000424129
-0.00042111
-0.000418005
-0.000414808
-0.000411525
-0.000408152
-0.000404696
-0.000401155
-0.000397537
-0.000393839
-0.000390071
-0.000386229
-0.000382322
-0.000378348
-0.000374316
-0.000370224
-0.000366081
-0.000361885
-0.000357646
-0.000353362
-0.000349042
-0.000344686
-0.000340303
-0.000335894
-0.000331465
-0.000327018
-0.00032256
-0.00031809
-0.000313617
-0.000309139
-0.000304663
-0.000300188
-0.000295719
-0.000291257
-0.000286806
-0.000282367
-0.000277944
-0.000273538
-0.000269155
-0.000264794
-0.000260463
-0.000256162
-0.000251896
-0.000247668
-0.000243482
-0.00023934
-0.000235247
-0.000231204
-0.000227215
-0.000223282
-0.000219407
-0.000215591
-0.000211838
-0.000208148
-0.000204523
-0.000200965
-0.000197475
-0.000194055
-0.000190707
-0.000187433
-0.000184234
-0.000181111
-0.000178068
-0.000175104
-0.000172222
-0.000169421
-0.000166704
-0.00016407
-0.00016152
-0.000159052
-0.000156667
-0.000154365
-0.000152143
-0.000150002
-0.000147941
-0.00014596
-0.000144057
-0.000142233
-0.000140488
-0.000138821
-0.000137235
-0.000135728
-0.000134301
-0.000132956
-0.000131691
-0.000130508
-0.000129404
-0.00012838
-0.000127433
-0.000126561
-0.000125763
-0.000125034
-0.000124371
-0.000123771
-0.00012323
-0.000122744
-0.00012231
-0.000121924
-0.000121583
-0.000121286
-0.000121029
-0.000120811
-0.000120629
-0.000120483
-0.00012037
-0.00012029
-0.00012024
-0.000120218
-0.000120226
-0.000120273
-0.000120341
-0.000120325
-0.000120345
-0.000120503
-0.000120591
-0.000120656
-0.000120713
-0.000120772
-0.000120837
-0.000120917
-0.000121017
-0.000121141
-0.000121287
-0.000121452
-0.000121631
-0.000121823
-0.000122023
-0.000122205
-0.000122327
-0.000122276
-0.000122079
-0.000121722
-0.000121581
-0.000121737
-0.000123739
-0.000603295
-0.000601753
-0.000600627
-0.000597739
-0.000594012
-0.000590197
-0.000586679
-0.000583577
-0.000580832
-0.000578355
-0.000576079
-0.000573954
-0.000571952
-0.000570041
-0.000568208
-0.000566452
-0.00056477
-0.000563175
-0.000561655
-0.000560177
-0.000558695
-0.000557155
-0.000555491
-0.000553645
-0.000551561
-0.000549202
-0.00054654
-0.00054357
-0.000540298
-0.000536749
-0.000532957
-0.000528966
-0.000524823
-0.000520578
-0.000516276
-0.000511963
-0.000507681
-0.000503463
-0.00049934
-0.000495331
-0.000491453
-0.000487715
-0.000484122
-0.000480673
-0.000477365
-0.000474194
-0.000471151
-0.000468226
-0.00046541
-0.000462691
-0.000460056
-0.000457492
-0.000454986
-0.000452524
-0.00045009
-0.000447672
-0.000445255
-0.000442825
-0.000440369
-0.000437876
-0.000435334
-0.000432734
-0.000430066
-0.000427327
-0.000424508
-0.000421609
-0.000418623
-0.000415554
-0.000412396
-0.000409156
-0.000405829
-0.000402421
-0.000398931
-0.000395365
-0.000391721
-0.000388006
-0.000384218
-0.000380364
-0.000376443
-0.000372463
-0.000368422
-0.000364327
-0.00036018
-0.000355987
-0.000351749
-0.000347474
-0.000343163
-0.000338825
-0.000334459
-0.000330073
-0.000325669
-0.000321254
-0.000316827
-0.000312396
-0.00030796
-0.000303524
-0.000299089
-0.00029466
-0.000290236
-0.000285822
-0.000281419
-0.000277031
-0.000272658
-0.000268307
-0.000263978
-0.000259677
-0.000255405
-0.000251167
-0.000246965
-0.000242805
-0.000238688
-0.000234619
-0.000230599
-0.000226632
-0.00022272
-0.000218866
-0.00021507
-0.000211337
-0.000207665
-0.000204059
-0.000200518
-0.000197046
-0.000193642
-0.00019031
-0.00018705
-0.000183865
-0.000180756
-0.000177725
-0.000174773
-0.000171901
-0.00016911
-0.000166401
-0.000163775
-0.000161231
-0.00015877
-0.000156391
-0.000154093
-0.000151877
-0.000149741
-0.000147685
-0.000145709
-0.000143811
-0.000141993
-0.000140253
-0.000138593
-0.000137012
-0.000135511
-0.00013409
-0.000132749
-0.000131489
-0.000130308
-0.000129207
-0.000128184
-0.000127237
-0.000126364
-0.000125563
-0.000124831
-0.000124165
-0.000123561
-0.000123016
-0.000122527
-0.00012209
-0.000121703
-0.000121363
-0.000121068
-0.000120815
-0.000120603
-0.00012043
-0.000120295
-0.000120196
-0.000120133
-0.000120103
-0.000120106
-0.000120147
-0.000120241
-0.00012037
-0.000120529
-0.000120656
-0.000120713
-0.00012078
-0.000120855
-0.000120931
-0.000121012
-0.000121102
-0.00012121
-0.000121338
-0.000121491
-0.000121666
-0.000121861
-0.00012207
-0.000122291
-0.000122517
-0.000122724
-0.000122864
-0.000122843
-0.000122659
-0.000122325
-0.000122056
-0.000122323
-0.000122788
-0.000601133
-0.000599518
-0.000598097
-0.00059521
-0.000591538
-0.000587765
-0.00058427
-0.000581162
-0.000578389
-0.000575866
-0.000573535
-0.000571357
-0.000569288
-0.000567304
-0.000565404
-0.000563595
-0.000561886
-0.000560269
-0.000558728
-0.000557236
-0.000555748
-0.00055421
-0.000552558
-0.000550733
-0.000548676
-0.000546349
-0.000543724
-0.000540794
-0.000537564
-0.000534057
-0.000530305
-0.000526351
-0.000522241
-0.000518025
-0.000513752
-0.000509468
-0.000505214
-0.000501023
-0.000496924
-0.000492937
-0.000489078
-0.000485356
-0.000481777
-0.000478339
-0.000475042
-0.000471879
-0.000468842
-0.000465924
-0.000463114
-0.000460401
-0.000457771
-0.000455214
-0.000452715
-0.000450261
-0.000447836
-0.000445428
-0.000443021
-0.000440604
-0.000438161
-0.000435683
-0.000433156
-0.000430573
-0.000427924
-0.000425205
-0.000422407
-0.000419531
-0.00041657
-0.000413526
-0.000410397
-0.000407186
-0.00040389
-0.000400515
-0.000397059
-0.000393528
-0.00038992
-0.000386243
-0.000382493
-0.000378678
-0.000374795
-0.000370853
-0.00036685
-0.000362794
-0.000358683
-0.000354527
-0.000350325
-0.000346085
-0.000341808
-0.000337503
-0.00033317
-0.000328817
-0.000324445
-0.000320062
-0.000315667
-0.000311267
-0.000306863
-0.000302459
-0.000298055
-0.000293657
-0.000289264
-0.000284881
-0.000280507
-0.000276149
-0.000271805
-0.000267482
-0.00026318
-0.000258904
-0.000254656
-0.000250442
-0.000246263
-0.000242125
-0.000238028
-0.000233979
-0.000229978
-0.00022603
-0.000222136
-0.000218299
-0.000214521
-0.000210804
-0.000207149
-0.000203559
-0.000200034
-0.000196577
-0.000193188
-0.00018987
-0.000186624
-0.000183452
-0.000180356
-0.000177336
-0.000174394
-0.000171533
-0.000168751
-0.000166051
-0.000163433
-0.000160896
-0.000158442
-0.00015607
-0.000153778
-0.000151568
-0.000149438
-0.000147387
-0.000145416
-0.000143524
-0.00014171
-0.000139975
-0.000138319
-0.000136741
-0.000135243
-0.000133825
-0.000132487
-0.000131228
-0.000130048
-0.000128947
-0.000127923
-0.000126976
-0.000126102
-0.0001253
-0.000124567
-0.000123899
-0.000123294
-0.000122747
-0.000122256
-0.000121818
-0.000121429
-0.000121087
-0.000120789
-0.000120533
-0.000120319
-0.000120143
-0.000120005
-0.000119903
-0.000119835
-0.0001198
-0.000119797
-0.000119826
-0.000119894
-0.000119982
-0.000120023
-0.00012005
-0.000120222
-0.000120335
-0.000120426
-0.000120508
-0.00012059
-0.000120677
-0.000120778
-0.000120897
-0.000121038
-0.0001212
-0.000121379
-0.000121571
-0.000121772
-0.000121975
-0.000122155
-0.000122265
-0.000122215
-0.000122005
-0.000121647
-0.000121342
-0.000121471
-0.000121798
-0.000598258
-0.000596398
-0.000594758
-0.000591853
-0.000588287
-0.000584643
-0.000581286
-0.000578311
-0.000575663
-0.000573247
-0.000570994
-0.000568852
-0.000566796
-0.00056481
-0.000562892
-0.00056105
-0.000559296
-0.000557633
-0.00055605
-0.000554519
-0.000552998
-0.000551432
-0.000549758
-0.000547916
-0.00054585
-0.000543521
-0.000540898
-0.000537976
-0.000534757
-0.000531265
-0.000527533
-0.000523601
-0.000519517
-0.000515328
-0.000511084
-0.000506827
-0.000502599
-0.000498433
-0.000494358
-0.000490394
-0.000486556
-0.000482853
-0.00047929
-0.000475868
-0.000472584
-0.000469433
-0.000466408
-0.0004635
-0.000460699
-0.000457995
-0.000455375
-0.000452827
-0.000450337
-0.000447893
-0.00044548
-0.000443084
-0.00044069
-0.000438287
-0.000435859
-0.000433397
-0.000430888
-0.000428324
-0.000425695
-0.000422998
-0.000420223
-0.000417371
-0.000414436
-0.00041142
-0.00040832
-0.000405139
-0.000401876
-0.000398535
-0.000395114
-0.00039162
-0.00038805
-0.00038441
-0.000380699
-0.000376924
-0.000373081
-0.000369178
-0.000365215
-0.000361197
-0.000357125
-0.000353006
-0.000348841
-0.000344637
-0.000340396
-0.000336125
-0.000331827
-0.000327508
-0.00032317
-0.000318819
-0.000314458
-0.000310091
-0.000305719
-0.000301348
-0.000296976
-0.00029261
-0.000288249
-0.000283898
-0.000279555
-0.000275227
-0.000270913
-0.000266618
-0.000262344
-0.000258095
-0.000253873
-0.000249683
-0.000245528
-0.000241412
-0.000237337
-0.000233308
-0.000229328
-0.000225399
-0.000221524
-0.000217706
-0.000213946
-0.000210246
-0.000206609
-0.000203035
-0.000199527
-0.000196086
-0.000192712
-0.00018941
-0.000186178
-0.00018302
-0.000179936
-0.000176929
-0.000173998
-0.000171147
-0.000168376
-0.000165685
-0.000163075
-0.000160547
-0.0001581
-0.000155735
-0.000153451
-0.000151247
-0.000149123
-0.000147079
-0.000145113
-0.000143226
-0.000141418
-0.000139688
-0.000138036
-0.000136463
-0.000134968
-0.000133553
-0.000132217
-0.00013096
-0.000129781
-0.000128681
-0.000127658
-0.00012671
-0.000125836
-0.000125033
-0.000124298
-0.000123629
-0.000123023
-0.000122475
-0.000121982
-0.000121542
-0.000121152
-0.000120808
-0.000120508
-0.000120251
-0.000120035
-0.000119858
-0.00011972
-0.000119618
-0.000119551
-0.000119519
-0.000119521
-0.000119559
-0.000119639
-0.000119749
-0.00011988
-0.000120039
-0.000120092
-0.000120156
-0.000120231
-0.000120305
-0.000120383
-0.000120467
-0.000120566
-0.000120682
-0.000120822
-0.000120982
-0.00012116
-0.000121352
-0.000121555
-0.000121759
-0.000121941
-0.000122053
-0.000122009
-0.000121805
-0.00012146
-0.000121138
-0.000121219
-0.000121204
-0.000595625
-0.00059371
-0.000591834
-0.000588927
-0.000585439
-0.000581894
-0.000578633
-0.000575744
-0.000573169
-0.000570811
-0.000568602
-0.000566489
-0.00056444
-0.000562442
-0.000560498
-0.000558619
-0.00055682
-0.000555108
-0.000553474
-0.000551896
-0.000550329
-0.000548723
-0.000547014
-0.000545145
-0.000543058
-0.000540715
-0.000538085
-0.000535162
-0.000531949
-0.00052847
-0.000524754
-0.000520843
-0.000516783
-0.000512621
-0.000508404
-0.000504176
-0.000499978
-0.00049584
-0.000491791
-0.000487852
-0.000484038
-0.000480356
-0.000476813
-0.000473409
-0.00047014
-0.000467003
-0.000463991
-0.000461094
-0.000458304
-0.00045561
-0.000452999
-0.000450461
-0.000447982
-0.000445548
-0.000443145
-0.000440761
-0.00043838
-0.00043599
-0.000433577
-0.000431131
-0.000428639
-0.000426094
-0.000423484
-0.000420808
-0.000418056
-0.000415228
-0.000412318
-0.000409329
-0.000406257
-0.000403107
-0.000399875
-0.000396567
-0.000393181
-0.000389722
-0.000386189
-0.000382587
-0.000378914
-0.000375177
-0.000371373
-0.000367509
-0.000363584
-0.000359605
-0.00035557
-0.000351489
-0.00034736
-0.000343192
-0.000338986
-0.00033475
-0.000330486
-0.000326201
-0.000321896
-0.000317578
-0.000313249
-0.000308915
-0.000304576
-0.000300237
-0.000295897
-0.000291564
-0.000287234
-0.000282913
-0.000278602
-0.000274303
-0.000270019
-0.000265753
-0.000261506
-0.000257283
-0.000253087
-0.000248922
-0.00024479
-0.000240696
-0.000236643
-0.000232636
-0.000228675
-0.000224766
-0.00022091
-0.00021711
-0.000213368
-0.000209686
-0.000206066
-0.00020251
-0.000199018
-0.000195592
-0.000192235
-0.000188947
-0.00018573
-0.000182585
-0.000179514
-0.000176519
-0.000173601
-0.00017076
-0.000167999
-0.000165317
-0.000162717
-0.000160197
-0.000157758
-0.0001554
-0.000153122
-0.000150925
-0.000148807
-0.000146769
-0.000144809
-0.000142928
-0.000141125
-0.0001394
-0.000137752
-0.000136183
-0.000134692
-0.00013328
-0.000131946
-0.000130691
-0.000129514
-0.000128415
-0.000127392
-0.000126444
-0.000125569
-0.000124765
-0.00012403
-0.000123359
-0.000122751
-0.000122202
-0.000121708
-0.000121266
-0.000120874
-0.000120528
-0.000120227
-0.000119968
-0.00011975
-0.000119571
-0.000119431
-0.000119327
-0.000119259
-0.000119225
-0.000119224
-0.000119258
-0.000119328
-0.000119418
-0.000119508
-0.000119584
-0.00011968
-0.000119793
-0.000119884
-0.000119966
-0.000120046
-0.000120131
-0.000120228
-0.000120341
-0.000120476
-0.00012063
-0.000120802
-0.000120987
-0.000121182
-0.000121377
-0.000121549
-0.000121648
-0.000121594
-0.000121379
-0.000121029
-0.000120683
-0.000120667
-0.000120531
-0.000592824
-0.000590868
-0.00058883
-0.000585927
-0.000582524
-0.000579092
-0.000575948
-0.000573166
-0.000570683
-0.0005684
-0.000566243
-0.000564161
-0.000562121
-0.000560115
-0.000558148
-0.000556235
-0.000554394
-0.000552634
-0.000550951
-0.000549323
-0.00054771
-0.000546063
-0.000544318
-0.000542419
-0.000540309
-0.00053795
-0.000535312
-0.000532388
-0.000529181
-0.000525712
-0.000522013
-0.000518123
-0.000514087
-0.000509952
-0.000505763
-0.000501564
-0.000497394
-0.000493285
-0.000489264
-0.00048535
-0.000481559
-0.0004779
-0.000474376
-0.000470989
-0.000467737
-0.000464614
-0.000461614
-0.000458729
-0.000455949
-0.000453265
-0.000450664
-0.000448135
-0.000445665
-0.000443241
-0.000440849
-0.000438476
-0.000436106
-0.00043373
-0.000431331
-0.0004289
-0.000426424
-0.000423896
-0.000421305
-0.000418649
-0.000415919
-0.000413114
-0.000410229
-0.000407266
-0.000404222
-0.000401101
-0.0003979
-0.000394624
-0.000391271
-0.000387847
-0.000384349
-0.000380784
-0.000377148
-0.000373449
-0.000369683
-0.000365857
-0.000361969
-0.000358027
-0.00035403
-0.000349984
-0.000345891
-0.000341759
-0.000337587
-0.000333386
-0.000329155
-0.000324903
-0.00032063
-0.000316346
-0.000312049
-0.000307747
-0.000303439
-0.000299132
-0.000294825
-0.000290522
-0.000286223
-0.000281934
-0.000277652
-0.000273383
-0.000269128
-0.000264889
-0.00026067
-0.000256474
-0.000252302
-0.000248162
-0.000244053
-0.000239982
-0.000235951
-0.000231964
-0.000228024
-0.000224134
-0.000220297
-0.000216515
-0.000212791
-0.000209127
-0.000205524
-0.000201984
-0.000198508
-0.000195099
-0.000191757
-0.000188484
-0.000185281
-0.00018215
-0.000179092
-0.000176109
-0.000173202
-0.000170373
-0.000167622
-0.00016495
-0.000162358
-0.000159846
-0.000157415
-0.000155064
-0.000152794
-0.000150603
-0.000148492
-0.00014646
-0.000144506
-0.00014263
-0.000140832
-0.000139112
-0.000137469
-0.000135904
-0.000134417
-0.000133007
-0.000131676
-0.000130423
-0.000129247
-0.000128148
-0.000127126
-0.000126178
-0.000125303
-0.000124498
-0.000123761
-0.00012309
-0.00012248
-0.000121929
-0.000121434
-0.00012099
-0.000120596
-0.000120249
-0.000119946
-0.000119685
-0.000119465
-0.000119284
-0.000119141
-0.000119035
-0.000118966
-0.000118931
-0.000118931
-0.000118965
-0.000119036
-0.000119132
-0.000119237
-0.000119371
-0.000119443
-0.000119515
-0.000119593
-0.000119669
-0.000119744
-0.000119824
-0.000119916
-0.000120024
-0.000120152
-0.000120299
-0.000120464
-0.000120641
-0.000120829
-0.000121016
-0.000121177
-0.000121265
-0.000121203
-0.00012098
-0.000120622
-0.000120253
-0.000120156
-0.000119905
-0.00059
-0.00058805
-0.000585893
-0.000582995
-0.000579666
-0.000576332
-0.000573289
-0.000570603
-0.000568206
-0.000565994
-0.000563889
-0.000561837
-0.00055981
-0.0005578
-0.000555815
-0.000553872
-0.000551993
-0.00055019
-0.000548461
-0.000546787
-0.00054513
-0.000543443
-0.000541663
-0.000539735
-0.000537603
-0.00053523
-0.000532585
-0.00052966
-0.000526459
-0.000523002
-0.000519319
-0.00051545
-0.000511438
-0.00050733
-0.000503169
-0.000498999
-0.000494858
-0.000490776
-0.000486782
-0.000482894
-0.000479127
-0.000475489
-0.000471984
-0.000468615
-0.000465378
-0.000462269
-0.000459281
-0.000456407
-0.000453638
-0.000450963
-0.000448371
-0.000445851
-0.00044339
-0.000440975
-0.000438593
-0.00043623
-0.000433872
-0.000431508
-0.000429122
-0.000426705
-0.000424245
-0.000421734
-0.000419161
-0.000416524
-0.000413815
-0.000411032
-0.000408171
-0.000405233
-0.000402216
-0.000399123
-0.000395952
-0.000392707
-0.000389387
-0.000385996
-0.000382533
-0.000379003
-0.000375404
-0.000371741
-0.000368011
-0.000364222
-0.000360372
-0.000356466
-0.000352505
-0.000348495
-0.000344437
-0.000340339
-0.000336202
-0.000332033
-0.000327835
-0.000323616
-0.000319376
-0.000315123
-0.000310858
-0.000306587
-0.000302311
-0.000298035
-0.000293759
-0.000289487
-0.000285219
-0.00028096
-0.000276708
-0.000272468
-0.000268241
-0.00026403
-0.000259837
-0.000255667
-0.000251521
-0.000247404
-0.000243319
-0.00023927
-0.00023526
-0.000231294
-0.000227374
-0.000223503
-0.000219685
-0.000215922
-0.000212215
-0.000208568
-0.000204982
-0.000201459
-0.000198
-0.000194606
-0.000191279
-0.000188021
-0.000184832
-0.000181715
-0.00017867
-0.000175699
-0.000172804
-0.000169985
-0.000167244
-0.000164582
-0.000161999
-0.000159495
-0.000157072
-0.000154729
-0.000152465
-0.000150281
-0.000148177
-0.00014615
-0.000144202
-0.000142332
-0.000140539
-0.000138824
-0.000137186
-0.000135625
-0.000134141
-0.000132735
-0.000131406
-0.000130155
-0.00012898
-0.000127883
-0.00012686
-0.000125912
-0.000125037
-0.000124231
-0.000123494
-0.000122821
-0.00012221
-0.000121658
-0.000121161
-0.000120716
-0.00012032
-0.00011997
-0.000119665
-0.000119402
-0.00011918
-0.000118997
-0.000118852
-0.000118745
-0.000118674
-0.000118638
-0.000118636
-0.000118669
-0.000118735
-0.000118823
-0.000118917
-0.000118993
-0.000119106
-0.0001192
-0.000119282
-0.000119357
-0.00011943
-0.000119507
-0.000119594
-0.000119697
-0.000119819
-0.000119959
-0.000120116
-0.000120285
-0.000120463
-0.00012064
-0.00012079
-0.000120865
-0.000120792
-0.000120558
-0.000120192
-0.0001198
-0.000119632
-0.000119305
-0.000587137
-0.00058522
-0.000582987
-0.000580102
-0.000576843
-0.000573601
-0.000570652
-0.000568055
-0.000565737
-0.00056359
-0.000561534
-0.000559514
-0.000557501
-0.00055549
-0.000553491
-0.000551524
-0.000549612
-0.000547771
-0.000546
-0.000544284
-0.000542587
-0.000540862
-0.00053905
-0.000537095
-0.000534944
-0.000532557
-0.000529905
-0.000526981
-0.000523786
-0.000520341
-0.000516675
-0.000512827
-0.000508839
-0.000504757
-0.000500624
-0.000496482
-0.00049237
-0.000488316
-0.000484348
-0.000480485
-0.000476741
-0.000473124
-0.000469639
-0.000466287
-0.000463065
-0.000459969
-0.000456993
-0.00045413
-0.00045137
-0.000448705
-0.000446121
-0.00044361
-0.000441157
-0.000438751
-0.000436378
-0.000434025
-0.000431678
-0.000429325
-0.000426951
-0.000424548
-0.000422102
-0.000419607
-0.000417052
-0.000414433
-0.000411744
-0.000408982
-0.000406144
-0.000403231
-0.00040024
-0.000397174
-0.000394032
-0.000390817
-0.000387528
-0.00038417
-0.000380741
-0.000377245
-0.000373681
-0.000370053
-0.00036636
-0.000362607
-0.000358792
-0.000354922
-0.000350996
-0.000347021
-0.000342997
-0.000338933
-0.000334829
-0.000330693
-0.000326528
-0.00032234
-0.000318132
-0.000313911
-0.000309677
-0.000305437
-0.000301192
-0.000296947
-0.000292701
-0.00028846
-0.000284222
-0.000279992
-0.000275769
-0.000271558
-0.000267359
-0.000263175
-0.000259009
-0.000254864
-0.000250743
-0.00024665
-0.000242587
-0.00023856
-0.000234572
-0.000230626
-0.000226725
-0.000222874
-0.000219074
-0.000215329
-0.000211641
-0.000208011
-0.000204442
-0.000200935
-0.000197492
-0.000194114
-0.000190802
-0.000187559
-0.000184384
-0.00018128
-0.000178248
-0.00017529
-0.000172406
-0.000169598
-0.000166867
-0.000164214
-0.00016164
-0.000159145
-0.000156729
-0.000154394
-0.000152137
-0.00014996
-0.000147862
-0.000145841
-0.000143899
-0.000142035
-0.000140247
-0.000138536
-0.000136902
-0.000135345
-0.000133865
-0.000132462
-0.000131136
-0.000129887
-0.000128714
-0.000127617
-0.000126595
-0.000125647
-0.000124772
-0.000123966
-0.000123227
-0.000122553
-0.000121941
-0.000121387
-0.000120888
-0.000120442
-0.000120044
-0.000119693
-0.000119385
-0.00011912
-0.000118896
-0.000118711
-0.000118564
-0.000118455
-0.000118382
-0.000118344
-0.000118342
-0.000118373
-0.000118436
-0.000118522
-0.000118619
-0.000118743
-0.000118803
-0.000118889
-0.000118969
-0.000119042
-0.000119112
-0.000119185
-0.000119268
-0.000119364
-0.00011948
-0.000119612
-0.00011976
-0.00011992
-0.000120088
-0.000120253
-0.00012039
-0.000120451
-0.000120365
-0.000120118
-0.000119742
-0.000119327
-0.000119101
-0.000118725
-0.000584252
-0.000582388
-0.000580113
-0.000577246
-0.000574053
-0.000570897
-0.000568036
-0.00056552
-0.000563274
-0.000561189
-0.00055918
-0.000557191
-0.000555195
-0.000553186
-0.000551177
-0.00054919
-0.00054725
-0.000545375
-0.000543567
-0.000541814
-0.000540079
-0.00053832
-0.000536478
-0.000534499
-0.000532328
-0.000529929
-0.000527272
-0.000524349
-0.000521161
-0.000517728
-0.00051408
-0.000510252
-0.000506289
-0.000502234
-0.000498128
-0.000494015
-0.00048993
-0.000485903
-0.000481962
-0.000478123
-0.000474402
-0.000470806
-0.000467339
-0.000464003
-0.000460796
-0.000457714
-0.00045475
-0.000451897
-0.000449146
-0.000446489
-0.000443914
-0.000441411
-0.000438966
-0.000436568
-0.000434203
-0.000431859
-0.000429522
-0.000427179
-0.000424818
-0.000422427
-0.000419995
-0.000417515
-0.000414977
-0.000412376
-0.000409706
-0.000406965
-0.000404149
-0.000401259
-0.000398293
-0.000395254
-0.000392139
-0.000388954
-0.000385695
-0.000382369
-0.000378972
-0.00037551
-0.00037198
-0.000368387
-0.000364728
-0.00036101
-0.00035723
-0.000353394
-0.000349503
-0.000345562
-0.000341572
-0.000337541
-0.000333469
-0.000329366
-0.000325232
-0.000321076
-0.000316899
-0.000312709
-0.000308506
-0.000304297
-0.000300082
-0.000295867
-0.000291651
-0.000287439
-0.000283231
-0.00027903
-0.000274836
-0.000270653
-0.000266481
-0.000262324
-0.000258184
-0.000254064
-0.000249967
-0.000245898
-0.000241858
-0.000237853
-0.000233886
-0.00022996
-0.000226079
-0.000222247
-0.000218466
-0.000214739
-0.000211068
-0.000207455
-0.000203903
-0.000200412
-0.000196985
-0.000193622
-0.000190326
-0.000187097
-0.000183936
-0.000180846
-0.000177826
-0.00017488
-0.000172007
-0.00016921
-0.000166489
-0.000163846
-0.000161281
-0.000158794
-0.000156387
-0.000154059
-0.000151809
-0.000149639
-0.000147547
-0.000145533
-0.000143596
-0.000141737
-0.000139955
-0.000138249
-0.000136619
-0.000135066
-0.00013359
-0.00013219
-0.000130866
-0.000129619
-0.000128448
-0.000127352
-0.000126331
-0.000125383
-0.000124507
-0.0001237
-0.000122961
-0.000122286
-0.000121673
-0.000121117
-0.000120617
-0.000120169
-0.000119769
-0.000119416
-0.000119107
-0.000118839
-0.000118613
-0.000118426
-0.000118277
-0.000118166
-0.000118091
-0.000118052
-0.000118047
-0.000118076
-0.000118137
-0.000118218
-0.000118308
-0.000118382
-0.000118492
-0.000118577
-0.000118655
-0.000118724
-0.000118792
-0.00011886
-0.000118938
-0.000119028
-0.000119136
-0.000119259
-0.000119398
-0.000119547
-0.000119704
-0.000119856
-0.000119979
-0.000120024
-0.000119924
-0.000119664
-0.000119277
-0.000118839
-0.000118566
-0.000118157
-0.000581356
-0.00057956
-0.000577268
-0.000574426
-0.000571297
-0.000568221
-0.00056544
-0.000563
-0.000560821
-0.000558793
-0.000556829
-0.000554871
-0.000552893
-0.000550889
-0.000548873
-0.000546871
-0.000544907
-0.000543003
-0.000541163
-0.000539375
-0.000537607
-0.000535816
-0.000533946
-0.000531944
-0.000529756
-0.000527346
-0.000524685
-0.000521763
-0.000518583
-0.000515163
-0.000511532
-0.000507726
-0.000503787
-0.000499758
-0.000495679
-0.000491594
-0.000487537
-0.000483537
-0.000479621
-0.000475807
-0.000472108
-0.000468532
-0.000465084
-0.000461765
-0.000458572
-0.000455502
-0.000452549
-0.000449707
-0.000446965
-0.000444316
-0.000441748
-0.000439252
-0.000436815
-0.000434424
-0.000432068
-0.000429732
-0.000427404
-0.000425071
-0.000422721
-0.000420342
-0.000417923
-0.000415458
-0.000412935
-0.000410351
-0.000407699
-0.000404978
-0.000402183
-0.000399317
-0.000396375
-0.000393361
-0.000390273
-0.000387116
-0.000383888
-0.000380592
-0.000377226
-0.000373797
-0.000370299
-0.00036674
-0.000363115
-0.000359431
-0.000355685
-0.000351883
-0.000348025
-0.000344118
-0.000340161
-0.000336162
-0.000332123
-0.000328051
-0.000323949
-0.000319823
-0.000315677
-0.000311517
-0.000307344
-0.000303165
-0.00029898
-0.000294795
-0.000290608
-0.000286426
-0.000282246
-0.000278074
-0.000273908
-0.000269753
-0.000265608
-0.000261478
-0.000257363
-0.000253268
-0.000249195
-0.000245149
-0.000241132
-0.000237148
-0.000233202
-0.000229296
-0.000225435
-0.000221622
-0.000217859
-0.000214149
-0.000210496
-0.0002069
-0.000203364
-0.00019989
-0.000196479
-0.000193132
-0.00018985
-0.000186635
-0.000183488
-0.000180411
-0.000177404
-0.00017447
-0.000171609
-0.000168823
-0.000166112
-0.000163478
-0.000160922
-0.000158444
-0.000156045
-0.000153724
-0.000151482
-0.000149318
-0.000147232
-0.000145224
-0.000143294
-0.00014144
-0.000139663
-0.000137962
-0.000136337
-0.000134788
-0.000133315
-0.000131918
-0.000130597
-0.000129352
-0.000128182
-0.000127087
-0.000126067
-0.000125119
-0.000124243
-0.000123436
-0.000122696
-0.00012202
-0.000121405
-0.000120849
-0.000120347
-0.000119897
-0.000119495
-0.00011914
-0.000118829
-0.00011856
-0.000118331
-0.000118142
-0.000117991
-0.000117877
-0.000117801
-0.00011776
-0.000117753
-0.00011778
-0.000117837
-0.000117915
-0.000118003
-0.000118085
-0.00011818
-0.000118263
-0.000118338
-0.000118404
-0.000118468
-0.000118531
-0.000118603
-0.000118687
-0.000118787
-0.000118901
-0.00011903
-0.000119168
-0.000119312
-0.00011945
-0.000119557
-0.000119585
-0.00011947
-0.000119196
-0.000118796
-0.000118338
-0.000118028
-0.000117599
-0.000578459
-0.00057674
-0.000574453
-0.000571642
-0.000568574
-0.000565573
-0.000562867
-0.000560496
-0.000558379
-0.000556404
-0.000554483
-0.000552556
-0.000550596
-0.0005486
-0.000546581
-0.000544567
-0.000542584
-0.000540655
-0.000538786
-0.000536967
-0.000535169
-0.000533349
-0.000531453
-0.00052943
-0.000527227
-0.000524807
-0.000522142
-0.000519223
-0.000516051
-0.000512644
-0.00050903
-0.000505246
-0.000501331
-0.000497328
-0.000493276
-0.000489218
-0.000485189
-0.000481216
-0.000477326
-0.000473535
-0.000469858
-0.000466302
-0.000462872
-0.000459569
-0.00045639
-0.000453333
-0.000450391
-0.000447558
-0.000444825
-0.000442183
-0.000439623
-0.000437134
-0.000434703
-0.00043232
-0.00042997
-0.000427642
-0.000425322
-0.000422999
-0.000420659
-0.000418291
-0.000415885
-0.000413433
-0.000410925
-0.000408358
-0.000405724
-0.000403022
-0.000400248
-0.000397403
-0.000394484
-0.000391495
-0.000388434
-0.000385304
-0.000382104
-0.000378838
-0.000375503
-0.000372105
-0.000368639
-0.000365112
-0.000361521
-0.000357869
-0.000354156
-0.000350388
-0.000346563
-0.000342688
-0.000338763
-0.000334796
-0.000330788
-0.000326748
-0.000322676
-0.000318581
-0.000314465
-0.000310335
-0.000306192
-0.000302042
-0.000297887
-0.00029373
-0.000289573
-0.000285419
-0.000281268
-0.000277124
-0.000272986
-0.000268857
-0.000264739
-0.000260635
-0.000256545
-0.000252475
-0.000248426
-0.000244403
-0.000240408
-0.000236446
-0.00023252
-0.000228634
-0.000224792
-0.000220998
-0.000217253
-0.000213562
-0.000209925
-0.000206347
-0.000202827
-0.000199369
-0.000195973
-0.000192641
-0.000189374
-0.000186174
-0.000183041
-0.000179977
-0.000176983
-0.000174061
-0.000171211
-0.000168435
-0.000165735
-0.000163111
-0.000160564
-0.000158094
-0.000155702
-0.000153389
-0.000151154
-0.000148997
-0.000146918
-0.000144916
-0.000142991
-0.000141143
-0.000139371
-0.000137675
-0.000136054
-0.000134509
-0.00013304
-0.000131646
-0.000130328
-0.000129084
-0.000127916
-0.000126823
-0.000125803
-0.000124856
-0.00012398
-0.000123172
-0.000122431
-0.000121755
-0.000121139
-0.000120581
-0.000120077
-0.000119626
-0.000119223
-0.000118866
-0.000118552
-0.000118281
-0.00011805
-0.000117859
-0.000117706
-0.00011759
-0.000117511
-0.000117468
-0.00011746
-0.000117484
-0.000117537
-0.000117611
-0.000117695
-0.000117777
-0.000117867
-0.000117947
-0.000118019
-0.000118082
-0.000118141
-0.0001182
-0.000118266
-0.000118342
-0.000118433
-0.000118538
-0.000118656
-0.000118782
-0.000118913
-0.000119036
-0.000119126
-0.000119136
-0.000119005
-0.000118715
-0.000118303
-0.000117827
-0.000117486
-0.000117048
-0.000575569
-0.000573933
-0.000571667
-0.000568892
-0.000565885
-0.000562954
-0.000560317
-0.000558009
-0.00055595
-0.000554025
-0.000552144
-0.000550247
-0.000548307
-0.00054632
-0.000544302
-0.000542279
-0.000540281
-0.000538331
-0.000536437
-0.000534591
-0.000532765
-0.000530919
-0.000529
-0.000526957
-0.00052474
-0.000522311
-0.000519643
-0.000516727
-0.000513563
-0.00051017
-0.000506574
-0.00050281
-0.00049892
-0.000494943
-0.000490918
-0.000486888
-0.000482885
-0.000478939
-0.000475074
-0.000471306
-0.000467651
-0.000464115
-0.000460702
-0.000457415
-0.00045425
-0.000451205
-0.000448273
-0.000445449
-0.000442725
-0.00044009
-0.000437537
-0.000435054
-0.000432629
-0.000430252
-0.000427909
-0.000425589
-0.000423276
-0.000420962
-0.000418631
-0.000416274
-0.00041388
-0.000411441
-0.000408947
-0.000406395
-0.000403778
-0.000401095
-0.00039834
-0.000395517
-0.000392621
-0.000389656
-0.00038662
-0.000383516
-0.000380344
-0.000377106
-0.000373801
-0.000370433
-0.000366999
-0.000363504
-0.000359944
-0.000356325
-0.000352644
-0.000348908
-0.000345115
-0.000341272
-0.000337379
-0.000333443
-0.000329466
-0.000325456
-0.000321415
-0.00031735
-0.000313263
-0.000309163
-0.000305049
-0.000300928
-0.000296801
-0.000292674
-0.000288545
-0.000284419
-0.000280296
-0.000276179
-0.000272068
-0.000267967
-0.000263875
-0.000259796
-0.000255731
-0.000251686
-0.00024766
-0.000243659
-0.000239686
-0.000235745
-0.00023184
-0.000227975
-0.000224152
-0.000220376
-0.000216649
-0.000212975
-0.000209356
-0.000205794
-0.000202291
-0.000198849
-0.000195469
-0.000192152
-0.0001889
-0.000185713
-0.000182594
-0.000179543
-0.000176562
-0.000173651
-0.000170813
-0.000168048
-0.000165358
-0.000162743
-0.000160205
-0.000157744
-0.00015536
-0.000153055
-0.000150827
-0.000148677
-0.000146604
-0.000144608
-0.000142689
-0.000140847
-0.00013908
-0.000137388
-0.000135772
-0.000134231
-0.000132765
-0.000131374
-0.000130059
-0.000128818
-0.000127651
-0.000126559
-0.00012554
-0.000124593
-0.000123717
-0.000122909
-0.000122168
-0.00012149
-0.000120873
-0.000120314
-0.000119809
-0.000119356
-0.000118951
-0.000118592
-0.000118277
-0.000118003
-0.000117771
-0.000117577
-0.000117421
-0.000117303
-0.000117223
-0.000117177
-0.000117166
-0.000117188
-0.000117238
-0.000117307
-0.000117388
-0.000117467
-0.000117554
-0.00011763
-0.000117699
-0.000117758
-0.000117812
-0.000117865
-0.000117925
-0.000117993
-0.000118076
-0.000118171
-0.000118277
-0.000118391
-0.000118507
-0.000118614
-0.000118685
-0.000118676
-0.000118528
-0.000118223
-0.000117799
-0.000117306
-0.000116941
-0.000116502
-0.000572693
-0.000571143
-0.00056891
-0.000566176
-0.000563228
-0.000560363
-0.000557791
-0.000555541
-0.000553534
-0.000551655
-0.000549813
-0.000547945
-0.000546026
-0.000544051
-0.000542036
-0.000540008
-0.000537998
-0.000536031
-0.000534115
-0.000532245
-0.000530394
-0.000528524
-0.000526584
-0.000524523
-0.000522293
-0.000519857
-0.000517187
-0.000514274
-0.000511119
-0.00050774
-0.000504162
-0.000500419
-0.000496552
-0.000492602
-0.000488603
-0.0004846
-0.000480624
-0.000476703
-0.000472863
-0.000469119
-0.000465485
-0.000461968
-0.000458573
-0.000455301
-0.00045215
-0.000449116
-0.000446195
-0.00044338
-0.000440663
-0.000438035
-0.000435488
-0.000433011
-0.000430592
-0.000428221
-0.000425884
-0.00042357
-0.000421265
-0.000418958
-0.000416636
-0.000414289
-0.000411906
-0.000409479
-0.000406999
-0.000404462
-0.000401861
-0.000399196
-0.00039646
-0.000393657
-0.000390783
-0.000387841
-0.00038483
-0.000381752
-0.000378606
-0.000375397
-0.000372121
-0.000368782
-0.000365378
-0.000361914
-0.000358385
-0.000354797
-0.000351148
-0.000347444
-0.000343682
-0.00033987
-0.000336008
-0.000332103
-0.000328156
-0.000324176
-0.000320164
-0.000316129
-0.000312072
-0.000308
-0.000303914
-0.000299822
-0.000295724
-0.000291624
-0.000287523
-0.000283425
-0.00027933
-0.00027524
-0.000271156
-0.000267081
-0.000263014
-0.000258961
-0.000254921
-0.000250899
-0.000246897
-0.000242919
-0.000238967
-0.000235048
-0.000231162
-0.000227317
-0.000223513
-0.000219756
-0.000216047
-0.000212391
-0.000208788
-0.000205243
-0.000201756
-0.00019833
-0.000194965
-0.000191663
-0.000188425
-0.000185253
-0.000182147
-0.00017911
-0.000176141
-0.000173242
-0.000170415
-0.000167661
-0.000164981
-0.000162376
-0.000159847
-0.000157394
-0.000155019
-0.000152721
-0.0001505
-0.000148357
-0.000146291
-0.000144301
-0.000142388
-0.00014055
-0.000138789
-0.000137102
-0.00013549
-0.000133953
-0.000132491
-0.000131103
-0.00012979
-0.000128551
-0.000127387
-0.000126296
-0.000125277
-0.000124331
-0.000123455
-0.000122647
-0.000121905
-0.000121226
-0.000120608
-0.000120048
-0.000119542
-0.000119087
-0.00011868
-0.000118319
-0.000118002
-0.000117727
-0.000117492
-0.000117296
-0.000117138
-0.000117018
-0.000116935
-0.000116887
-0.000116874
-0.000116892
-0.000116938
-0.000117004
-0.000117079
-0.000117158
-0.000117239
-0.000117312
-0.000117376
-0.000117431
-0.000117481
-0.000117528
-0.000117581
-0.000117642
-0.000117715
-0.000117799
-0.000117894
-0.000117993
-0.000118095
-0.000118184
-0.000118237
-0.000118208
-0.000118042
-0.000117721
-0.000117284
-0.000116777
-0.000116393
-0.000115958
-0.000569836
-0.000568373
-0.000566182
-0.000563494
-0.000560604
-0.000557801
-0.000555289
-0.000553093
-0.000551135
-0.000549298
-0.000547492
-0.000545653
-0.000543755
-0.000541793
-0.000539783
-0.000537754
-0.000535736
-0.000533754
-0.00053182
-0.000529929
-0.000528056
-0.000526164
-0.000524204
-0.000522128
-0.000519886
-0.000517443
-0.000514772
-0.000511863
-0.000508717
-0.000505352
-0.000501791
-0.00049807
-0.000494226
-0.000490302
-0.000486329
-0.000482353
-0.000478404
-0.000474509
-0.000470693
-0.000466972
-0.000463358
-0.000459861
-0.000456483
-0.000453225
-0.000450088
-0.000447066
-0.000444154
-0.000441348
-0.000438638
-0.000436017
-0.000433476
-0.000431004
-0.00042859
-0.000426224
-0.000423892
-0.000421584
-0.000419286
-0.000416987
-0.000414673
-0.000412335
-0.000409963
-0.000407548
-0.000405081
-0.000402558
-0.000399973
-0.000397324
-0.000394607
-0.000391824
-0.000388971
-0.000386052
-0.000383063
-0.000380011
-0.000376891
-0.000373709
-0.00037046
-0.000367151
-0.000363776
-0.000360341
-0.000356843
-0.000353286
-0.000349667
-0.000345993
-0.000342262
-0.000338481
-0.000334649
-0.000330774
-0.000326857
-0.000322907
-0.000318924
-0.000314918
-0.000310889
-0.000306846
-0.000302789
-0.000298725
-0.000294654
-0.000290582
-0.000286509
-0.000282438
-0.000278369
-0.000274307
-0.000270249
-0.000266199
-0.000262158
-0.00025813
-0.000254114
-0.000250116
-0.000246136
-0.00024218
-0.000238251
-0.000234352
-0.000230487
-0.000226661
-0.000222876
-0.000219137
-0.000215446
-0.000211807
-0.000208222
-0.000204693
-0.000201222
-0.000197812
-0.000194462
-0.000191175
-0.000187952
-0.000184794
-0.000181701
-0.000178676
-0.00017572
-0.000172833
-0.000170018
-0.000167274
-0.000164604
-0.000162009
-0.000159489
-0.000157045
-0.000154677
-0.000152387
-0.000150174
-0.000148037
-0.000145977
-0.000143994
-0.000142086
-0.000140255
-0.000138498
-0.000136816
-0.000135209
-0.000133676
-0.000132217
-0.000130832
-0.000129522
-0.000128285
-0.000127122
-0.000126033
-0.000125015
-0.000124069
-0.000123193
-0.000122385
-0.000121643
-0.000120963
-0.000120344
-0.000119783
-0.000119275
-0.000118819
-0.000118411
-0.000118048
-0.000117729
-0.000117452
-0.000117214
-0.000117016
-0.000116856
-0.000116734
-0.000116648
-0.000116598
-0.000116581
-0.000116596
-0.000116639
-0.0001167
-0.000116772
-0.000116847
-0.000116924
-0.000116993
-0.000117053
-0.000117103
-0.000117148
-0.000117189
-0.000117235
-0.000117287
-0.000117351
-0.000117423
-0.000117505
-0.000117591
-0.000117676
-0.000117748
-0.000117781
-0.000117731
-0.000117547
-0.00011721
-0.000116761
-0.000116242
-0.000115843
-0.000115416
-0.000567002
-0.000565625
-0.000563484
-0.000560844
-0.000558012
-0.000555268
-0.000552811
-0.000550665
-0.000548751
-0.000546954
-0.000545182
-0.000543371
-0.000541494
-0.000539547
-0.000537545
-0.000535517
-0.000533493
-0.0005315
-0.000529551
-0.000527642
-0.000525749
-0.000523838
-0.00052186
-0.000519769
-0.000517517
-0.000515068
-0.000512396
-0.000509492
-0.000506356
-0.000503004
-0.000499462
-0.000495761
-0.000491941
-0.000488042
-0.000484096
-0.000480146
-0.000476223
-0.000472353
-0.000468561
-0.000464862
-0.00046127
-0.000457791
-0.00045443
-0.000451187
-0.000448062
-0.000445052
-0.00044215
-0.000439351
-0.000436649
-0.000434034
-0.000431498
-0.000429031
-0.000426622
-0.00042426
-0.000421934
-0.000419631
-0.000417339
-0.000415046
-0.00041274
-0.000410411
-0.000408048
-0.000405645
-0.00040319
-0.000400681
-0.000398111
-0.000395478
-0.000392779
-0.000390015
-0.000387183
-0.000384285
-0.00038132
-0.000378292
-0.000375197
-0.000372041
-0.00036882
-0.000365538
-0.000362192
-0.000358786
-0.000355317
-0.00035179
-0.000348201
-0.000344557
-0.000340856
-0.000337105
-0.000333303
-0.000329457
-0.00032557
-0.000321648
-0.000317694
-0.000313716
-0.000309716
-0.0003057
-0.000301671
-0.000297635
-0.000293592
-0.000289547
-0.000285501
-0.000281457
-0.000277415
-0.000273378
-0.000269346
-0.000265322
-0.000261307
-0.000257303
-0.000253311
-0.000249336
-0.000245379
-0.000241445
-0.000237537
-0.000233659
-0.000229814
-0.000226007
-0.000222241
-0.00021852
-0.000214847
-0.000211225
-0.000207657
-0.000204144
-0.00020069
-0.000197295
-0.00019396
-0.000190688
-0.000187479
-0.000184334
-0.000181256
-0.000178244
-0.0001753
-0.000172425
-0.00016962
-0.000166888
-0.000164228
-0.000161642
-0.000159131
-0.000156696
-0.000154336
-0.000152054
-0.000149847
-0.000147718
-0.000145664
-0.000143687
-0.000141786
-0.000139959
-0.000138208
-0.00013653
-0.000134927
-0.000133398
-0.000131943
-0.000130562
-0.000129254
-0.00012802
-0.000126859
-0.00012577
-0.000124754
-0.000123808
-0.000122933
-0.000122124
-0.000121381
-0.000120701
-0.000120081
-0.000119519
-0.00011901
-0.000118552
-0.000118142
-0.000117778
-0.000117457
-0.000117178
-0.000116938
-0.000116738
-0.000116575
-0.00011645
-0.000116362
-0.000116309
-0.00011629
-0.000116302
-0.00011634
-0.000116397
-0.000116465
-0.000116536
-0.000116608
-0.000116673
-0.000116729
-0.000116774
-0.000116813
-0.000116848
-0.000116886
-0.00011693
-0.000116983
-0.000117044
-0.000117113
-0.000117184
-0.000117253
-0.000117305
-0.000117318
-0.000117248
-0.000117045
-0.000116691
-0.000116231
-0.000115701
-0.000115292
-0.000114875
-0.000564196
-0.000562902
-0.000560816
-0.000558228
-0.000555451
-0.000552765
-0.00055036
-0.000548259
-0.000546386
-0.000544625
-0.000542885
-0.000541101
-0.000539246
-0.000537314
-0.000535321
-0.000533296
-0.00053127
-0.000529269
-0.000527307
-0.000525383
-0.000523473
-0.000521545
-0.000519551
-0.000517447
-0.000515185
-0.000512732
-0.00051006
-0.00050716
-0.000504034
-0.000500697
-0.000497172
-0.000493492
-0.000489696
-0.00048582
-0.000481902
-0.000477977
-0.000474079
-0.000470235
-0.000466467
-0.00046279
-0.000459218
-0.000455757
-0.000452412
-0.000449185
-0.000446072
-0.000443072
-0.00044018
-0.00043739
-0.000434693
-0.000432084
-0.000429553
-0.000427091
-0.000424686
-0.000422329
-0.000420007
-0.000417709
-0.000415422
-0.000413136
-0.000410837
-0.000408516
-0.000406163
-0.000403769
-0.000401326
-0.000398831
-0.000396275
-0.000393658
-0.000390976
-0.000388231
-0.000385418
-0.000382541
-0.000379599
-0.000376593
-0.000373523
-0.000370392
-0.000367198
-0.000363943
-0.000360625
-0.000357247
-0.000353807
-0.000350309
-0.00034675
-0.000343135
-0.000339463
-0.000335741
-0.000331968
-0.000328151
-0.000324293
-0.0003204
-0.000316474
-0.000312524
-0.000308552
-0.000304564
-0.000300562
-0.000296553
-0.000292537
-0.000288519
-0.000284499
-0.000280482
-0.000276466
-0.000272455
-0.000268449
-0.00026445
-0.000260459
-0.000256479
-0.000252511
-0.000248559
-0.000244624
-0.000240712
-0.000236825
-0.000232967
-0.000229142
-0.000225355
-0.000221607
-0.000217905
-0.000214249
-0.000210645
-0.000207093
-0.000203597
-0.000200158
-0.000196778
-0.000193459
-0.000190201
-0.000187007
-0.000183876
-0.00018081
-0.000177811
-0.00017488
-0.000172017
-0.000169223
-0.000166502
-0.000163852
-0.000161276
-0.000158774
-0.000156347
-0.000153996
-0.000151721
-0.000149522
-0.000147399
-0.000145352
-0.000143381
-0.000141485
-0.000139664
-0.000137918
-0.000136245
-0.000134647
-0.000133122
-0.00013167
-0.000130292
-0.000128987
-0.000127755
-0.000126595
-0.000125508
-0.000124493
-0.000123548
-0.000122673
-0.000121864
-0.000121121
-0.00012044
-0.000119819
-0.000119256
-0.000118745
-0.000118286
-0.000117875
-0.000117509
-0.000117186
-0.000116905
-0.000116663
-0.00011646
-0.000116296
-0.000116168
-0.000116077
-0.000116021
-0.000115999
-0.000116007
-0.000116041
-0.000116094
-0.000116158
-0.000116225
-0.000116292
-0.000116352
-0.000116403
-0.000116443
-0.000116476
-0.000116505
-0.000116535
-0.00011657
-0.000116613
-0.000116662
-0.000116718
-0.000116773
-0.000116825
-0.000116858
-0.00011685
-0.000116758
-0.000116536
-0.000116167
-0.000115695
-0.000115155
-0.00011474
-0.000114333
-0.000561419
-0.000560206
-0.000558178
-0.000555643
-0.000552923
-0.000550291
-0.000547934
-0.000545875
-0.000544039
-0.000542311
-0.000540601
-0.000538843
-0.000537009
-0.000535094
-0.000533113
-0.000531093
-0.000529066
-0.000527061
-0.000525089
-0.000523151
-0.000521226
-0.000519283
-0.000517275
-0.000515159
-0.000512889
-0.000510431
-0.00050776
-0.000504866
-0.00050175
-0.000498426
-0.00049492
-0.000491261
-0.000487487
-0.000483636
-0.000479744
-0.000475845
-0.000471972
-0.000468153
-0.000464407
-0.000460753
-0.0004572
-0.000453758
-0.00045043
-0.000447216
-0.000444116
-0.000441127
-0.000438243
-0.00043546
-0.000432771
-0.000430167
-0.00042764
-0.000425182
-0.000422781
-0.000420428
-0.00041811
-0.000415816
-0.000413534
-0.000411254
-0.000408961
-0.000406648
-0.000404304
-0.00040192
-0.000399489
-0.000397005
-0.000394463
-0.000391862
-0.000389197
-0.000386469
-0.000383675
-0.000380819
-0.000377898
-0.000374916
-0.000371869
-0.000368763
-0.000365594
-0.000362365
-0.000359074
-0.000355724
-0.000352312
-0.000348842
-0.000345312
-0.000341726
-0.000338083
-0.000334389
-0.000330645
-0.000326857
-0.000323026
-0.000319161
-0.000315264
-0.000311341
-0.000307396
-0.000303435
-0.00029946
-0.000295478
-0.000291488
-0.000287497
-0.000283504
-0.000279512
-0.000275522
-0.000271537
-0.000267555
-0.000263582
-0.000259615
-0.000255659
-0.000251714
-0.000247785
-0.000243872
-0.000239982
-0.000236116
-0.000232278
-0.000228473
-0.000224705
-0.000220976
-0.000217291
-0.000213653
-0.000210066
-0.000206531
-0.000203051
-0.000199628
-0.000196263
-0.000192959
-0.000189716
-0.000186535
-0.000183418
-0.000180366
-0.00017738
-0.00017446
-0.000171609
-0.000168827
-0.000166116
-0.000163476
-0.000160909
-0.000158417
-0.000155998
-0.000153655
-0.000151388
-0.000149196
-0.00014708
-0.00014504
-0.000143075
-0.000141185
-0.00013937
-0.000137628
-0.000135961
-0.000134366
-0.000132845
-0.000131397
-0.000130022
-0.00012872
-0.00012749
-0.000126333
-0.000125247
-0.000124233
-0.000123289
-0.000122413
-0.000121605
-0.000120861
-0.00012018
-0.000119558
-0.000118994
-0.000118482
-0.000118022
-0.000117609
-0.000117241
-0.000116916
-0.000116633
-0.000116389
-0.000116184
-0.000116017
-0.000115887
-0.000115793
-0.000115735
-0.000115709
-0.000115713
-0.000115743
-0.000115792
-0.000115851
-0.000115914
-0.000115976
-0.000116031
-0.000116077
-0.000116111
-0.000116138
-0.00011616
-0.000116183
-0.000116208
-0.00011624
-0.000116277
-0.000116319
-0.000116359
-0.000116393
-0.000116406
-0.000116376
-0.000116263
-0.000116022
-0.000115637
-0.000115154
-0.000114607
-0.000114186
-0.000113792
-0.000558674
-0.000557538
-0.00055557
-0.00055309
-0.000550426
-0.000547845
-0.000545534
-0.000543514
-0.000541711
-0.000540014
-0.000538331
-0.000536598
-0.000534786
-0.000532888
-0.000530919
-0.000528907
-0.000526882
-0.000524873
-0.000522894
-0.000520946
-0.000519008
-0.000517051
-0.000515031
-0.000512904
-0.000510627
-0.000508166
-0.000505496
-0.000502608
-0.000499502
-0.000496193
-0.000492704
-0.000489066
-0.000485315
-0.000481488
-0.000477622
-0.000473747
-0.0004699
-0.000466105
-0.000462382
-0.000458749
-0.000455216
-0.000451792
-0.000448479
-0.000445279
-0.000442192
-0.000439213
-0.000436338
-0.000433562
-0.000430879
-0.00042828
-0.000425758
-0.000423303
-0.000420906
-0.000418556
-0.000416241
-0.000413952
-0.000411674
-0.000409399
-0.000407113
-0.000404807
-0.00040247
-0.000400096
-0.000397676
-0.000395204
-0.000392676
-0.000390089
-0.00038744
-0.00038473
-0.000381955
-0.000379118
-0.000376218
-0.000373258
-0.000370234
-0.000367152
-0.000364008
-0.000360805
-0.00035754
-0.000354217
-0.000350832
-0.00034739
-0.000343887
-0.000340329
-0.000336714
-0.000333049
-0.000329332
-0.000325572
-0.00032177
-0.000317932
-0.000314062
-0.000310167
-0.000306249
-0.000302315
-0.000298366
-0.00029441
-0.000290447
-0.000286482
-0.000282514
-0.000278548
-0.000274584
-0.000270623
-0.000266667
-0.000262717
-0.000258775
-0.000254842
-0.00025092
-0.000247014
-0.000243123
-0.000239254
-0.000235409
-0.000231592
-0.000227806
-0.000224056
-0.000220346
-0.000216679
-0.000213059
-0.000209488
-0.00020597
-0.000202506
-0.000199098
-0.000195749
-0.000192459
-0.000189231
-0.000186064
-0.000182961
-0.000179922
-0.000176948
-0.000174041
-0.000171201
-0.000168431
-0.00016573
-0.000163101
-0.000160544
-0.00015806
-0.00015565
-0.000153315
-0.000151056
-0.000148871
-0.000146762
-0.000144729
-0.00014277
-0.000140886
-0.000139076
-0.000137339
-0.000135676
-0.000134086
-0.000132569
-0.000131125
-0.000129753
-0.000128453
-0.000127226
-0.000126071
-0.000124987
-0.000123973
-0.00012303
-0.000122155
-0.000121346
-0.000120603
-0.000119921
-0.000119298
-0.000118733
-0.00011822
-0.000117758
-0.000117344
-0.000116974
-0.000116648
-0.000116362
-0.000116116
-0.000115909
-0.00011574
-0.000115607
-0.000115511
-0.000115449
-0.00011542
-0.00011542
-0.000115446
-0.00011549
-0.000115544
-0.000115602
-0.00011566
-0.00011571
-0.00011575
-0.000115779
-0.000115799
-0.000115814
-0.000115828
-0.000115844
-0.000115866
-0.00011589
-0.000115917
-0.000115941
-0.000115957
-0.00011595
-0.000115899
-0.000115763
-0.000115503
-0.000115103
-0.00011461
-0.000114057
-0.000113633
-0.000113251
-0.000555961
-0.000554898
-0.000552992
-0.000550569
-0.000547959
-0.000545429
-0.00054316
-0.000541175
-0.000539402
-0.000537733
-0.000536076
-0.000534368
-0.000532576
-0.000530696
-0.00052874
-0.000526737
-0.000524717
-0.000522707
-0.000520723
-0.000518766
-0.000516817
-0.000514848
-0.000512817
-0.000510682
-0.000508398
-0.000505935
-0.000503267
-0.000500385
-0.000497289
-0.000493994
-0.000490523
-0.000486906
-0.000483177
-0.000479375
-0.000475533
-0.000471683
-0.000467861
-0.000464089
-0.00046039
-0.000456777
-0.000453264
-0.000449857
-0.00044656
-0.000443374
-0.000440298
-0.000437329
-0.000434463
-0.000431694
-0.000429016
-0.000426422
-0.000423904
-0.000421453
-0.000419059
-0.000416712
-0.0004144
-0.000412114
-0.000409841
-0.00040757
-0.00040529
-0.000402991
-0.000400662
-0.000398297
-0.000395886
-0.000393427
-0.000390911
-0.000388339
-0.000385705
-0.000383011
-0.000380254
-0.000377437
-0.000374557
-0.000371618
-0.000368618
-0.000365559
-0.000362438
-0.00035926
-0.000356021
-0.000352724
-0.000349366
-0.000345951
-0.000342475
-0.000338945
-0.000335358
-0.00033172
-0.000328031
-0.000324298
-0.000320523
-0.000316713
-0.000312869
-0.000309001
-0.000305109
-0.000301202
-0.00029728
-0.00029335
-0.000289413
-0.000285473
-0.000281531
-0.00027759
-0.00027365
-0.000269715
-0.000265783
-0.000261857
-0.000257938
-0.000254029
-0.00025013
-0.000246246
-0.000242377
-0.000238529
-0.000234704
-0.000230907
-0.000227141
-0.00022341
-0.000219718
-0.000216069
-0.000212466
-0.000208912
-0.00020541
-0.000201962
-0.00019857
-0.000195236
-0.000191961
-0.000188747
-0.000185594
-0.000182505
-0.000179479
-0.000176517
-0.000173622
-0.000170794
-0.000168035
-0.000165345
-0.000162726
-0.000160178
-0.000157704
-0.000155303
-0.000152976
-0.000150724
-0.000148547
-0.000146445
-0.000144418
-0.000142465
-0.000140587
-0.000138782
-0.000137051
-0.000135393
-0.000133807
-0.000132294
-0.000130853
-0.000129484
-0.000128188
-0.000126963
-0.000125809
-0.000124727
-0.000123714
-0.000122772
-0.000121897
-0.000121089
-0.000120345
-0.000119662
-0.000119039
-0.000118473
-0.000117959
-0.000117496
-0.00011708
-0.000116709
-0.00011638
-0.000116093
-0.000115845
-0.000115635
-0.000115463
-0.000115328
-0.000115229
-0.000115164
-0.000115132
-0.000115128
-0.000115149
-0.000115188
-0.000115238
-0.000115291
-0.000115343
-0.000115388
-0.000115423
-0.000115445
-0.00011546
-0.000115467
-0.000115473
-0.000115479
-0.000115489
-0.000115501
-0.000115513
-0.00011552
-0.000115518
-0.000115491
-0.000115417
-0.00011526
-0.000114981
-0.000114566
-0.000114063
-0.000113505
-0.00011308
-0.00011271
-0.000553283
-0.000552289
-0.000550445
-0.000548078
-0.000545522
-0.00054304
-0.000540811
-0.000538858
-0.000537113
-0.00053547
-0.000533837
-0.000532151
-0.00053038
-0.000528518
-0.000526577
-0.000524584
-0.000522569
-0.000520561
-0.000518574
-0.00051661
-0.000514652
-0.000512674
-0.000510633
-0.00050849
-0.000506201
-0.000503736
-0.00050107
-0.000498195
-0.00049511
-0.000491829
-0.000488375
-0.000484779
-0.000481072
-0.000477293
-0.000473477
-0.000469652
-0.000465853
-0.000462105
-0.000458427
-0.000454836
-0.000451341
-0.000447951
-0.000444669
-0.000441497
-0.000438432
-0.000435473
-0.000432615
-0.000429853
-0.000427181
-0.000424592
-0.000422077
-0.000419629
-0.000417238
-0.000414894
-0.000412585
-0.000410302
-0.000408032
-0.000405766
-0.000403491
-0.000401198
-0.000398877
-0.00039652
-0.00039412
-0.000391671
-0.000389168
-0.000386609
-0.000383991
-0.000381313
-0.000378574
-0.000375775
-0.000372915
-0.000369997
-0.000367018
-0.000363982
-0.000360885
-0.000357732
-0.000354517
-0.000351246
-0.000347914
-0.000344525
-0.000341076
-0.000337572
-0.000334012
-0.000330401
-0.000326739
-0.000323034
-0.000319286
-0.000315502
-0.000311685
-0.000307843
-0.000303978
-0.000300097
-0.0002962
-0.000292296
-0.000288384
-0.00028447
-0.000280553
-0.000276637
-0.000272722
-0.000268811
-0.000264903
-0.000261001
-0.000257105
-0.000253219
-0.000249343
-0.00024548
-0.000241633
-0.000237806
-0.000234002
-0.000230225
-0.000226478
-0.000222766
-0.000219092
-0.000215461
-0.000211875
-0.000208338
-0.000204852
-0.00020142
-0.000198043
-0.000194724
-0.000191464
-0.000188264
-0.000185125
-0.000182049
-0.000179036
-0.000176087
-0.000173204
-0.000170388
-0.000167639
-0.00016496
-0.000162351
-0.000159813
-0.000157348
-0.000154955
-0.000152637
-0.000150393
-0.000148223
-0.000146128
-0.000144107
-0.000142161
-0.000140288
-0.000138489
-0.000136763
-0.000135109
-0.000133528
-0.000132019
-0.000130582
-0.000129216
-0.000127922
-0.0001267
-0.000125548
-0.000124467
-0.000123456
-0.000122514
-0.00012164
-0.000120832
-0.000120088
-0.000119405
-0.000118781
-0.000118214
-0.000117699
-0.000117234
-0.000116817
-0.000116444
-0.000116114
-0.000115825
-0.000115575
-0.000115363
-0.000115188
-0.00011505
-0.000114948
-0.00011488
-0.000114844
-0.000114837
-0.000114853
-0.000114887
-0.000114932
-0.00011498
-0.000115027
-0.000115066
-0.000115095
-0.000115112
-0.000115119
-0.000115119
-0.000115116
-0.000115112
-0.000115111
-0.00011511
-0.000115107
-0.000115098
-0.000115077
-0.000115029
-0.000114934
-0.000114755
-0.000114457
-0.000114027
-0.000113515
-0.000112953
-0.000112528
-0.00011217
-0.000550638
-0.000549709
-0.000547927
-0.000545617
-0.000543115
-0.000540679
-0.000538488
-0.000536565
-0.000534845
-0.000533224
-0.000531613
-0.000529948
-0.000528198
-0.000526354
-0.000524428
-0.000522447
-0.00052044
-0.000518434
-0.000516446
-0.000514477
-0.000512513
-0.000510526
-0.000508477
-0.000506327
-0.000504034
-0.000501568
-0.000498905
-0.000496037
-0.000492962
-0.000489696
-0.00048626
-0.000482683
-0.000478999
-0.000475243
-0.000471451
-0.00046765
-0.000463876
-0.00046015
-0.000456494
-0.000452923
-0.000449447
-0.000446074
-0.000442807
-0.000439647
-0.000436594
-0.000433645
-0.000430795
-0.000428039
-0.000425373
-0.000422788
-0.000420277
-0.000417831
-0.000415442
-0.000413101
-0.000410794
-0.000408514
-0.000406248
-0.000403986
-0.000401716
-0.000399429
-0.000397114
-0.000394766
-0.000392375
-0.000389937
-0.000387446
-0.0003849
-0.000382296
-0.000379634
-0.000376912
-0.000374132
-0.000371291
-0.000368393
-0.000365435
-0.000362421
-0.000359347
-0.000356217
-0.000353028
-0.000349781
-0.000346474
-0.000343111
-0.000339688
-0.000336211
-0.000332677
-0.000329093
-0.000325458
-0.000321779
-0.000318057
-0.0003143
-0.00031051
-0.000306694
-0.000302854
-0.000298998
-0.000295128
-0.000291249
-0.000287362
-0.000283473
-0.00027958
-0.000275689
-0.000271798
-0.000267911
-0.000264027
-0.000260149
-0.000256276
-0.000252413
-0.000248559
-0.000244718
-0.000240892
-0.000237086
-0.000233302
-0.000229544
-0.000225816
-0.000222123
-0.000218468
-0.000214854
-0.000211285
-0.000207765
-0.000204295
-0.000200879
-0.000197517
-0.000194214
-0.000190968
-0.000187782
-0.000184657
-0.000181594
-0.000178594
-0.000175658
-0.000172787
-0.000169982
-0.000167245
-0.000164576
-0.000161977
-0.000159449
-0.000156992
-0.000154609
-0.000152298
-0.000150062
-0.000147899
-0.000145811
-0.000143797
-0.000141857
-0.00013999
-0.000138197
-0.000136476
-0.000134827
-0.00013325
-0.000131745
-0.000130311
-0.000128949
-0.000127658
-0.000126437
-0.000125288
-0.000124209
-0.000123199
-0.000122258
-0.000121384
-0.000120576
-0.000119832
-0.000119149
-0.000118524
-0.000117956
-0.00011744
-0.000116974
-0.000116555
-0.000116181
-0.000115849
-0.000115558
-0.000115306
-0.000115091
-0.000114914
-0.000114774
-0.000114669
-0.000114597
-0.000114557
-0.000114546
-0.000114558
-0.000114587
-0.000114627
-0.00011467
-0.000114711
-0.000114744
-0.000114767
-0.000114778
-0.000114778
-0.00011477
-0.000114759
-0.000114745
-0.000114732
-0.000114717
-0.0001147
-0.000114673
-0.000114633
-0.000114565
-0.000114448
-0.000114247
-0.000113931
-0.000113487
-0.000112967
-0.000112401
-0.000111977
-0.00011163
-0.000548028
-0.00054716
-0.000545439
-0.000543186
-0.000540736
-0.000538346
-0.000536189
-0.000534293
-0.000532596
-0.000530996
-0.000529405
-0.000527761
-0.00052603
-0.000524203
-0.000522294
-0.000520325
-0.000518327
-0.000516326
-0.000514338
-0.000512367
-0.000510397
-0.000508403
-0.000506347
-0.000504191
-0.000501895
-0.000499429
-0.00049677
-0.000493908
-0.000490845
-0.000487593
-0.000484174
-0.000480618
-0.000476955
-0.000473223
-0.000469454
-0.000465678
-0.000461926
-0.000458223
-0.000454589
-0.000451037
-0.000447579
-0.000444223
-0.00044097
-0.000437824
-0.000434781
-0.000431841
-0.000428999
-0.00042625
-0.000423589
-0.000421008
-0.0004185
-0.000416057
-0.000413671
-0.000411331
-0.000409027
-0.00040675
-0.000404486
-0.000402228
-0.000399962
-0.000397681
-0.000395373
-0.000393033
-0.00039065
-0.000388223
-0.000385743
-0.000383211
-0.000380621
-0.000377974
-0.000375268
-0.000372506
-0.000369683
-0.000366805
-0.000363868
-0.000360876
-0.000357825
-0.000354718
-0.000351552
-0.000348329
-0.000345047
-0.000341709
-0.000338312
-0.000334861
-0.000331353
-0.000327795
-0.000324186
-0.000320533
-0.000316837
-0.000313106
-0.000309342
-0.000305552
-0.000301738
-0.000297907
-0.000294062
-0.000290208
-0.000286346
-0.000282481
-0.000278613
-0.000274746
-0.00027088
-0.000267016
-0.000263156
-0.000259301
-0.000255451
-0.00025161
-0.000247777
-0.000243958
-0.000240154
-0.000236368
-0.000232604
-0.000228866
-0.000225157
-0.000221483
-0.000217845
-0.000214249
-0.000210697
-0.000207193
-0.000203739
-0.000200339
-0.000196993
-0.000193704
-0.000190473
-0.000187301
-0.00018419
-0.00018114
-0.000178153
-0.000175229
-0.00017237
-0.000169577
-0.00016685
-0.000164192
-0.000161603
-0.000159085
-0.000156637
-0.000154262
-0.00015196
-0.000149732
-0.000147576
-0.000145495
-0.000143488
-0.000141554
-0.000139693
-0.000137905
-0.000136189
-0.000134545
-0.000132972
-0.000131471
-0.000130041
-0.000128682
-0.000127394
-0.000126176
-0.000125028
-0.000123951
-0.000122942
-0.000122002
-0.000121129
-0.000120321
-0.000119577
-0.000118893
-0.000118268
-0.000117699
-0.000117182
-0.000116715
-0.000116295
-0.000115919
-0.000115585
-0.000115292
-0.000115038
-0.000114821
-0.000114642
-0.000114498
-0.00011439
-0.000114315
-0.000114272
-0.000114256
-0.000114263
-0.000114288
-0.000114322
-0.00011436
-0.000114395
-0.000114422
-0.000114439
-0.000114443
-0.000114437
-0.000114421
-0.0001144
-0.000114376
-0.000114352
-0.000114323
-0.000114291
-0.000114247
-0.000114188
-0.000114099
-0.00011396
-0.000113738
-0.000113404
-0.000112947
-0.000112418
-0.000111851
-0.000111428
-0.000111092
-0.000545451
-0.00054464
-0.00054298
-0.000540783
-0.000538386
-0.000536038
-0.000533915
-0.000532044
-0.000530367
-0.000528785
-0.000527213
-0.000525587
-0.000523875
-0.000522067
-0.000520174
-0.000518219
-0.000516231
-0.000514236
-0.00051225
-0.000510277
-0.000508303
-0.000506304
-0.000504242
-0.000502082
-0.000499784
-0.000497318
-0.000494663
-0.000491809
-0.000488756
-0.000485519
-0.000482118
-0.000478581
-0.00047494
-0.00047123
-0.000467484
-0.000463732
-0.000460003
-0.000456323
-0.000452709
-0.000449177
-0.000445737
-0.000442396
-0.000439158
-0.000436024
-0.000432993
-0.000430062
-0.000427227
-0.000424485
-0.000421828
-0.000419251
-0.000416746
-0.000414306
-0.000411922
-0.000409584
-0.000407282
-0.000405007
-0.000402746
-0.000400491
-0.00039823
-0.000395953
-0.000393652
-0.000391319
-0.000388945
-0.000386528
-0.000384059
-0.000381539
-0.000378963
-0.000376331
-0.000373642
-0.000370896
-0.000368092
-0.000365233
-0.000362317
-0.000359345
-0.000356316
-0.000353231
-0.000350089
-0.00034689
-0.000343633
-0.000340319
-0.000336947
-0.000333521
-0.000330039
-0.000326506
-0.000322923
-0.000319296
-0.000315626
-0.000311921
-0.000308182
-0.000304417
-0.000300628
-0.000296823
-0.000293002
-0.000289173
-0.000285336
-0.000281495
-0.000277651
-0.000273808
-0.000269965
-0.000266125
-0.000262288
-0.000258456
-0.000254628
-0.000250809
-0.000246999
-0.000243201
-0.000239418
-0.000235653
-0.000231908
-0.00022819
-0.0002245
-0.000220844
-0.000217224
-0.000213645
-0.00021011
-0.000206623
-0.000203185
-0.0001998
-0.00019647
-0.000193195
-0.000189978
-0.000186821
-0.000183723
-0.000180687
-0.000177712
-0.000174801
-0.000171954
-0.000169172
-0.000166457
-0.000163809
-0.00016123
-0.000158721
-0.000156283
-0.000153917
-0.000151623
-0.000149402
-0.000147254
-0.00014518
-0.000143179
-0.000141251
-0.000139396
-0.000137613
-0.000135902
-0.000134263
-0.000132695
-0.000131198
-0.000129772
-0.000128416
-0.00012713
-0.000125915
-0.000124769
-0.000123693
-0.000122686
-0.000121747
-0.000120874
-0.000120067
-0.000119322
-0.000118639
-0.000118013
-0.000117443
-0.000116925
-0.000116457
-0.000116035
-0.000115658
-0.000115322
-0.000115027
-0.000114771
-0.000114552
-0.00011437
-0.000114224
-0.000114113
-0.000114034
-0.000113987
-0.000113967
-0.00011397
-0.000113989
-0.000114018
-0.00011405
-0.00011408
-0.000114101
-0.000114112
-0.000114109
-0.000114095
-0.000114071
-0.000114042
-0.000114007
-0.00011397
-0.000113929
-0.000113881
-0.00011382
-0.000113742
-0.000113632
-0.000113472
-0.000113229
-0.000112877
-0.000112407
-0.000111871
-0.000111302
-0.000110881
-0.000110555
-0.000542908
-0.00054215
-0.000540549
-0.000538409
-0.000536062
-0.000533756
-0.000531665
-0.000529817
-0.000528157
-0.000526592
-0.000525037
-0.000523428
-0.000521735
-0.000519944
-0.000518068
-0.000516127
-0.00051415
-0.000512162
-0.00051018
-0.000508207
-0.000506231
-0.000504228
-0.000502162
-0.000499998
-0.000497698
-0.000495234
-0.000492582
-0.000489737
-0.000486695
-0.000483473
-0.000480089
-0.000476571
-0.000472952
-0.000469264
-0.000465541
-0.000461813
-0.000458106
-0.000454447
-0.000450854
-0.000447341
-0.000443918
-0.000440593
-0.00043737
-0.000434248
-0.000431227
-0.000428305
-0.000425477
-0.000422741
-0.000420089
-0.000417516
-0.000415014
-0.000412576
-0.000410194
-0.000407857
-0.000405557
-0.000403284
-0.000401026
-0.000398774
-0.000396517
-0.000394246
-0.00039195
-0.000389624
-0.000387259
-0.000384851
-0.000382394
-0.000379886
-0.000377323
-0.000374706
-0.000372031
-0.000369303
-0.000366517
-0.000363677
-0.00036078
-0.000357829
-0.000354821
-0.000351758
-0.000348638
-0.000345463
-0.000342229
-0.00033894
-0.000335593
-0.000332191
-0.000328734
-0.000325227
-0.000321669
-0.000318067
-0.000314423
-0.000310743
-0.000307029
-0.000303289
-0.000299525
-0.000295745
-0.000291949
-0.000288144
-0.000284331
-0.000280514
-0.000276695
-0.000272875
-0.000269056
-0.000265239
-0.000261424
-0.000257615
-0.00025381
-0.000250013
-0.000246224
-0.000242447
-0.000238684
-0.000234939
-0.000231215
-0.000227516
-0.000223845
-0.000220207
-0.000216605
-0.000213043
-0.000209525
-0.000206054
-0.000202632
-0.000199263
-0.000195947
-0.000192688
-0.000189485
-0.000186342
-0.000183257
-0.000180234
-0.000177272
-0.000174373
-0.000171538
-0.000168768
-0.000166063
-0.000163426
-0.000160857
-0.000158358
-0.000155929
-0.000153571
-0.000151286
-0.000149072
-0.000146932
-0.000144865
-0.00014287
-0.000140949
-0.0001391
-0.000137322
-0.000135617
-0.000133982
-0.000132419
-0.000130926
-0.000129503
-0.00012815
-0.000126867
-0.000125655
-0.000124511
-0.000123437
-0.000122431
-0.000121493
-0.000120621
-0.000119814
-0.000119069
-0.000118385
-0.000117759
-0.000117188
-0.000116669
-0.0001162
-0.000115777
-0.000115398
-0.000115061
-0.000114763
-0.000114505
-0.000114284
-0.000114099
-0.00011395
-0.000113836
-0.000113754
-0.000113703
-0.000113679
-0.000113677
-0.000113691
-0.000113714
-0.000113741
-0.000113765
-0.00011378
-0.000113784
-0.000113774
-0.000113753
-0.000113721
-0.000113683
-0.000113638
-0.000113589
-0.000113533
-0.00011347
-0.000113393
-0.000113296
-0.000113165
-0.000112983
-0.00011272
-0.00011235
-0.000111869
-0.000111326
-0.000110756
-0.000110337
-0.00011002
-0.000540397
-0.00053969
-0.000538145
-0.00053606
-0.000533763
-0.000531499
-0.000529437
-0.00052761
-0.000525967
-0.000524416
-0.000522876
-0.000521284
-0.000519607
-0.000517834
-0.000515974
-0.000514049
-0.000512084
-0.000510105
-0.000508127
-0.000506156
-0.000504178
-0.000502172
-0.000500103
-0.000497937
-0.000495636
-0.000493174
-0.000490528
-0.00048769
-0.00048466
-0.000481452
-0.000478085
-0.000474587
-0.000470989
-0.000467323
-0.000463622
-0.000459917
-0.000456232
-0.000452594
-0.000449021
-0.000445527
-0.000442122
-0.000438812
-0.000435602
-0.000432492
-0.000429482
-0.000426568
-0.000423748
-0.000421017
-0.00041837
-0.000415801
-0.000413302
-0.000410866
-0.000408485
-0.000406151
-0.000403852
-0.000401581
-0.000399325
-0.000397076
-0.000394823
-0.000392556
-0.000390266
-0.000387947
-0.00038559
-0.000383192
-0.000380745
-0.000378248
-0.000375698
-0.000373096
-0.000370437
-0.000367724
-0.000364956
-0.000362134
-0.000359256
-0.000356325
-0.000353338
-0.000350298
-0.0003472
-0.000344047
-0.000340837
-0.000337571
-0.000334248
-0.000330871
-0.000327439
-0.000323956
-0.000320424
-0.000316847
-0.000313227
-0.000309572
-0.000305883
-0.000302168
-0.000298429
-0.000294673
-0.000290901
-0.000287121
-0.000283331
-0.000279539
-0.000275742
-0.000271946
-0.00026815
-0.000264356
-0.000260564
-0.000256777
-0.000252994
-0.000249219
-0.000245451
-0.000241696
-0.000237953
-0.000234229
-0.000230524
-0.000226844
-0.000223191
-0.000219571
-0.000215987
-0.000212443
-0.000208942
-0.000205487
-0.000202081
-0.000198727
-0.000195426
-0.000192181
-0.000188993
-0.000185863
-0.000182793
-0.000179782
-0.000176833
-0.000173947
-0.000171123
-0.000168364
-0.000165671
-0.000163044
-0.000160485
-0.000157995
-0.000155575
-0.000153227
-0.000150949
-0.000148744
-0.000146611
-0.00014455
-0.000142563
-0.000140647
-0.000138804
-0.000137032
-0.000135332
-0.000133702
-0.000132143
-0.000130654
-0.000129234
-0.000127885
-0.000126605
-0.000125395
-0.000124254
-0.000123181
-0.000122177
-0.000121239
-0.000120368
-0.000119561
-0.000118817
-0.000118132
-0.000117506
-0.000116934
-0.000116414
-0.000115943
-0.000115519
-0.000115139
-0.0001148
-0.000114501
-0.00011424
-0.000114017
-0.00011383
-0.000113678
-0.000113561
-0.000113475
-0.00011342
-0.000113391
-0.000113385
-0.000113393
-0.000113411
-0.000113432
-0.00011345
-0.000113459
-0.000113457
-0.00011344
-0.000113412
-0.000113371
-0.000113323
-0.000113268
-0.000113207
-0.000113138
-0.000113059
-0.000112964
-0.000112848
-0.000112698
-0.000112495
-0.000112211
-0.000111825
-0.000111332
-0.000110783
-0.000110212
-0.000109796
-0.000109488
-0.000537918
-0.000537257
-0.000535769
-0.000533738
-0.00053149
-0.000529265
-0.000527232
-0.000525424
-0.000523795
-0.000522256
-0.00052073
-0.000519153
-0.000517493
-0.000515737
-0.000513894
-0.000511984
-0.000510031
-0.000508062
-0.00050609
-0.000504122
-0.000502144
-0.000500137
-0.000498066
-0.000495899
-0.000493598
-0.000491138
-0.000488497
-0.000485667
-0.000482649
-0.000479456
-0.000476106
-0.000472627
-0.00046905
-0.000465405
-0.000461727
-0.000458044
-0.000454381
-0.000450764
-0.00044721
-0.000443734
-0.000440346
-0.000437052
-0.000433855
-0.000430757
-0.000427756
-0.000424851
-0.000422039
-0.000419313
-0.000416671
-0.000414105
-0.000411608
-0.000409175
-0.000406796
-0.000404463
-0.000402166
-0.000399896
-0.000397643
-0.000395396
-0.000393146
-0.000390884
-0.0003886
-0.000386288
-0.000383938
-0.000381549
-0.000379112
-0.000376627
-0.00037409
-0.000371501
-0.000368857
-0.000366161
-0.000363409
-0.000360605
-0.000357746
-0.000354835
-0.000351868
-0.000348849
-0.000345773
-0.000342643
-0.000339455
-0.000336213
-0.000332913
-0.00032956
-0.000326152
-0.000322694
-0.000319186
-0.000315634
-0.000312039
-0.000308408
-0.000304744
-0.000301054
-0.000297339
-0.000293607
-0.00028986
-0.000286103
-0.000282337
-0.000278568
-0.000274795
-0.000271022
-0.000267248
-0.000263477
-0.000259708
-0.000255943
-0.000252181
-0.000248428
-0.000244681
-0.000240947
-0.000237225
-0.00023352
-0.000229834
-0.000226173
-0.00022254
-0.000218938
-0.000215371
-0.000211844
-0.000208359
-0.000204921
-0.000201531
-0.000198192
-0.000194907
-0.000191676
-0.000188502
-0.000185386
-0.000182329
-0.000179332
-0.000176395
-0.000173521
-0.000170709
-0.000167961
-0.000165279
-0.000162663
-0.000160114
-0.000157633
-0.000155223
-0.000152882
-0.000150613
-0.000148416
-0.00014629
-0.000144237
-0.000142255
-0.000140346
-0.000138509
-0.000136742
-0.000135047
-0.000133422
-0.000131867
-0.000130382
-0.000128967
-0.000127621
-0.000126344
-0.000125136
-0.000123997
-0.000122926
-0.000121923
-0.000120987
-0.000120116
-0.000119309
-0.000118565
-0.00011788
-0.000117253
-0.000116681
-0.00011616
-0.000115688
-0.000115263
-0.000114881
-0.00011454
-0.000114239
-0.000113977
-0.000113751
-0.000113561
-0.000113407
-0.000113286
-0.000113197
-0.000113138
-0.000113105
-0.000113093
-0.000113097
-0.000113109
-0.000113124
-0.000113136
-0.000113138
-0.00011313
-0.000113106
-0.00011307
-0.000113021
-0.000112964
-0.000112897
-0.000112825
-0.000112742
-0.000112648
-0.000112536
-0.000112401
-0.00011223
-0.000112007
-0.000111704
-0.000111302
-0.000110797
-0.000110242
-0.000109672
-0.000109259
-0.000108958
-0.000535469
-0.000534852
-0.000533418
-0.000531441
-0.00052924
-0.000527054
-0.000525048
-0.000523258
-0.000521641
-0.000520113
-0.000518599
-0.000517035
-0.000515391
-0.000513652
-0.000511826
-0.000509931
-0.000507992
-0.000506033
-0.000504069
-0.000502105
-0.000500128
-0.000498121
-0.000496048
-0.00049388
-0.000491581
-0.000489124
-0.000486488
-0.000483668
-0.000480661
-0.000477483
-0.00047415
-0.00047069
-0.000467133
-0.00046351
-0.000459854
-0.000456192
-0.000452551
-0.000448954
-0.00044542
-0.000441961
-0.00043859
-0.00043531
-0.000432126
-0.00042904
-0.000426049
-0.000423153
-0.000420347
-0.000417627
-0.000414989
-0.000412426
-0.000409933
-0.000407501
-0.000405124
-0.000402792
-0.000400496
-0.000398228
-0.000395977
-0.000393733
-0.000391487
-0.000389229
-0.00038695
-0.000384644
-0.000382302
-0.000379921
-0.000377494
-0.000375021
-0.000372496
-0.00036992
-0.000367291
-0.000364611
-0.000361876
-0.000359089
-0.000356249
-0.000353357
-0.00035041
-0.000347411
-0.000344357
-0.000341248
-0.000338083
-0.000334864
-0.000331588
-0.000328259
-0.000324874
-0.00032144
-0.000317956
-0.000314429
-0.000310858
-0.000307252
-0.000303612
-0.000299946
-0.000296255
-0.000292547
-0.000288823
-0.00028509
-0.000281348
-0.000277602
-0.000273852
-0.000270102
-0.000266351
-0.000262602
-0.000258855
-0.000255112
-0.000251372
-0.00024764
-0.000243914
-0.0002402
-0.000236498
-0.000232813
-0.000229147
-0.000225505
-0.00022189
-0.000218306
-0.000214757
-0.000211247
-0.000207779
-0.000204356
-0.000200982
-0.000197659
-0.000194388
-0.000191172
-0.000188012
-0.00018491
-0.000181866
-0.000178882
-0.000175958
-0.000173095
-0.000170295
-0.000167559
-0.000164887
-0.000162282
-0.000159743
-0.000157272
-0.00015487
-0.000152539
-0.000150278
-0.000148088
-0.00014597
-0.000143923
-0.000141949
-0.000140046
-0.000138214
-0.000136453
-0.000134763
-0.000133143
-0.000131592
-0.000130111
-0.0001287
-0.000127357
-0.000126083
-0.000124877
-0.00012374
-0.000122671
-0.00012167
-0.000120735
-0.000119865
-0.000119058
-0.000118314
-0.00011763
-0.000117002
-0.000116429
-0.000115907
-0.000115434
-0.000115007
-0.000114624
-0.000114282
-0.000113979
-0.000113714
-0.000113486
-0.000113294
-0.000113136
-0.000113013
-0.00011292
-0.000112857
-0.000112819
-0.000112803
-0.000112801
-0.000112808
-0.000112817
-0.000112822
-0.000112818
-0.000112803
-0.000112772
-0.000112729
-0.000112671
-0.000112604
-0.000112527
-0.000112442
-0.000112346
-0.000112236
-0.000112108
-0.000111954
-0.000111764
-0.00011152
-0.000111198
-0.00011078
-0.000110266
-0.000109705
-0.000109136
-0.000108725
-0.000108431
-0.00053305
-0.000532474
-0.000531092
-0.000529167
-0.000527014
-0.000524864
-0.000522884
-0.00052111
-0.000519504
-0.000517986
-0.000516482
-0.000514931
-0.000513301
-0.000511579
-0.000509769
-0.00050789
-0.000505965
-0.000504018
-0.000502062
-0.000500102
-0.000498128
-0.000496121
-0.000494049
-0.000491882
-0.000489583
-0.00048713
-0.000484501
-0.00048169
-0.000478695
-0.000475531
-0.000472215
-0.000468774
-0.000465237
-0.000461636
-0.000458
-0.00045436
-0.00045074
-0.000447163
-0.000443648
-0.000440207
-0.000436851
-0.000433586
-0.000430415
-0.00042734
-0.000424359
-0.000421471
-0.000418672
-0.000415958
-0.000413324
-0.000410764
-0.000408273
-0.000405844
-0.000403468
-0.000401138
-0.000398843
-0.000396577
-0.000394327
-0.000392086
-0.000389843
-0.000387589
-0.000385315
-0.000383015
-0.000380681
-0.000378308
-0.000375891
-0.000373429
-0.000370916
-0.000368354
-0.000365739
-0.000363074
-0.000360355
-0.000357586
-0.000354764
-0.000351891
-0.000348964
-0.000345985
-0.000342951
-0.000339864
-0.000336721
-0.000333525
-0.000330271
-0.000326965
-0.000323605
-0.000320194
-0.000316734
-0.00031323
-0.000309684
-0.000306102
-0.000302486
-0.000298844
-0.000295177
-0.000291493
-0.000287793
-0.000284083
-0.000280364
-0.000276641
-0.000272914
-0.000269186
-0.000265458
-0.000261731
-0.000258005
-0.000254284
-0.000250566
-0.000246854
-0.00024315
-0.000239456
-0.000235774
-0.000232109
-0.000228462
-0.000224839
-0.000221242
-0.000217676
-0.000214144
-0.000210651
-0.000207199
-0.000203793
-0.000200435
-0.000197126
-0.000193871
-0.000190669
-0.000187523
-0.000184435
-0.000181404
-0.000178432
-0.000175521
-0.000172671
-0.000169882
-0.000167157
-0.000164497
-0.000161901
-0.000159372
-0.000156911
-0.000154519
-0.000152195
-0.000149943
-0.000147761
-0.00014565
-0.000143611
-0.000141643
-0.000139746
-0.00013792
-0.000136165
-0.00013448
-0.000132864
-0.000131318
-0.000129841
-0.000128433
-0.000127094
-0.000125823
-0.00012462
-0.000123485
-0.000122418
-0.000121417
-0.000120483
-0.000119614
-0.000118808
-0.000118064
-0.000117379
-0.000116751
-0.000116178
-0.000115655
-0.000115181
-0.000114753
-0.000114368
-0.000114024
-0.000113719
-0.000113452
-0.000113222
-0.000113028
-0.000112867
-0.00011274
-0.000112644
-0.000112577
-0.000112535
-0.000112513
-0.000112506
-0.000112507
-0.00011251
-0.000112509
-0.000112499
-0.000112477
-0.000112439
-0.000112387
-0.000112322
-0.000112245
-0.000112157
-0.00011206
-0.00011195
-0.000111825
-0.00011168
-0.000111508
-0.000111298
-0.000111034
-0.000110694
-0.000110261
-0.000109737
-0.000109172
-0.000108603
-0.000108196
-0.000107907
-0.000530659
-0.000530121
-0.000528789
-0.000526916
-0.000524808
-0.000522695
-0.000520739
-0.00051898
-0.000517384
-0.000515874
-0.000514378
-0.000512839
-0.000511224
-0.000509517
-0.000507724
-0.000505861
-0.00050395
-0.000502015
-0.000500067
-0.000498114
-0.000496144
-0.000494138
-0.000492067
-0.000489901
-0.000487605
-0.000485156
-0.000482534
-0.000479731
-0.000476749
-0.000473599
-0.0004703
-0.000466878
-0.000463361
-0.00045978
-0.000456166
-0.000452547
-0.000448948
-0.00044539
-0.000441893
-0.00043847
-0.00043513
-0.000431879
-0.00042872
-0.000425656
-0.000422685
-0.000419805
-0.000417012
-0.000414304
-0.000411674
-0.000409118
-0.000406629
-0.000404202
-0.000401827
-0.000399498
-0.000397205
-0.00039494
-0.000392693
-0.000390454
-0.000388213
-0.000385964
-0.000383695
-0.000381401
-0.000379074
-0.00037671
-0.000374302
-0.00037185
-0.000369349
-0.0003668
-0.000364199
-0.000361549
-0.000358847
-0.000356094
-0.00035329
-0.000350435
-0.000347528
-0.000344569
-0.000341556
-0.00033849
-0.000335369
-0.000332194
-0.000328963
-0.00032568
-0.000322343
-0.000318956
-0.000315519
-0.000312039
-0.000308517
-0.000304958
-0.000301366
-0.000297748
-0.000294104
-0.000290444
-0.000286767
-0.00028308
-0.000279384
-0.000275684
-0.000271979
-0.000268274
-0.000264568
-0.000260863
-0.000257159
-0.000253459
-0.000249762
-0.000246072
-0.000242388
-0.000238714
-0.000235052
-0.000231406
-0.000227779
-0.000224174
-0.000220595
-0.000217047
-0.000213533
-0.000210057
-0.000206622
-0.000203231
-0.000199888
-0.000196595
-0.000193354
-0.000190167
-0.000187035
-0.00018396
-0.000180943
-0.000177984
-0.000175085
-0.000172247
-0.00016947
-0.000166756
-0.000164106
-0.000161521
-0.000159003
-0.000156551
-0.000154167
-0.000151853
-0.000149608
-0.000147434
-0.000145331
-0.000143298
-0.000141337
-0.000139447
-0.000137627
-0.000135877
-0.000134197
-0.000132586
-0.000131044
-0.000129572
-0.000128167
-0.000126831
-0.000125563
-0.000124363
-0.00012323
-0.000122165
-0.000121166
-0.000120233
-0.000119364
-0.000118559
-0.000117815
-0.00011713
-0.000116502
-0.000115927
-0.000115404
-0.000114929
-0.000114499
-0.000114113
-0.000113767
-0.000113461
-0.000113192
-0.000112959
-0.000112762
-0.000112599
-0.000112468
-0.000112369
-0.000112297
-0.000112251
-0.000112224
-0.000112211
-0.000112207
-0.000112204
-0.000112197
-0.00011218
-0.000112151
-0.000112106
-0.000112046
-0.000111972
-0.000111886
-0.000111787
-0.000111678
-0.000111554
-0.000111414
-0.000111252
-0.000111063
-0.000110833
-0.000110551
-0.000110192
-0.000109746
-0.000109213
-0.000108643
-0.000108075
-0.00010767
-0.000107388
-0.000528295
-0.000527793
-0.00052651
-0.000524686
-0.000522623
-0.000520545
-0.000518612
-0.000516867
-0.000515279
-0.000513776
-0.000512288
-0.00051076
-0.000509157
-0.000507465
-0.000505688
-0.000503842
-0.000501946
-0.000500023
-0.000498085
-0.000496139
-0.000494173
-0.000492171
-0.000490101
-0.000487937
-0.000485644
-0.0004832
-0.000480584
-0.000477792
-0.000474822
-0.000471687
-0.000468405
-0.000465001
-0.000461504
-0.000457944
-0.00045435
-0.000450752
-0.000447173
-0.000443634
-0.000440155
-0.000436749
-0.000433424
-0.000430187
-0.000427041
-0.000423987
-0.000421025
-0.000418153
-0.000415367
-0.000412664
-0.000410039
-0.000407486
-0.000405
-0.000402574
-0.000400201
-0.000397873
-0.000395582
-0.000393318
-0.000391072
-0.000388836
-0.000386598
-0.000384352
-0.000382088
-0.0003798
-0.00037748
-0.000375124
-0.000372726
-0.000370285
-0.000367795
-0.000365259
-0.000362672
-0.000360036
-0.00035735
-0.000354614
-0.000351827
-0.000348991
-0.000346102
-0.000343163
-0.00034017
-0.000337125
-0.000334025
-0.000330872
-0.000327664
-0.000324403
-0.000321088
-0.000317725
-0.000314311
-0.000310855
-0.000307356
-0.000303821
-0.000300252
-0.000296657
-0.000293037
-0.0002894
-0.000285746
-0.000282082
-0.000278409
-0.000274732
-0.000271049
-0.000267366
-0.000263682
-0.000259999
-0.000256316
-0.000252638
-0.000248962
-0.000245292
-0.000241628
-0.000237975
-0.000234333
-0.000230706
-0.000227098
-0.000223511
-0.000219951
-0.00021642
-0.000212923
-0.000209464
-0.000206045
-0.000202671
-0.000199343
-0.000196066
-0.000192839
-0.000189666
-0.000186548
-0.000183487
-0.000180482
-0.000177537
-0.00017465
-0.000171824
-0.000169059
-0.000166356
-0.000163717
-0.000161142
-0.000158633
-0.000156191
-0.000153817
-0.000151511
-0.000149274
-0.000147108
-0.000145012
-0.000142987
-0.000141032
-0.000139148
-0.000137334
-0.000135589
-0.000133914
-0.000132309
-0.000130771
-0.000129303
-0.000127902
-0.000126569
-0.000125304
-0.000124106
-0.000122976
-0.000121912
-0.000120915
-0.000119983
-0.000119116
-0.000118311
-0.000117567
-0.000116882
-0.000116253
-0.000115678
-0.000115153
-0.000114677
-0.000114246
-0.000113858
-0.000113511
-0.000113203
-0.000112932
-0.000112697
-0.000112497
-0.000112331
-0.000112198
-0.000112094
-0.000112019
-0.000111967
-0.000111936
-0.000111918
-0.000111907
-0.000111898
-0.000111885
-0.000111861
-0.000111825
-0.000111773
-0.000111706
-0.000111623
-0.000111527
-0.000111418
-0.000111296
-0.000111159
-0.000111004
-0.000110825
-0.000110618
-0.00011037
-0.000110069
-0.000109694
-0.000109233
-0.000108692
-0.000108119
-0.000107552
-0.00010715
-0.000106872
-0.000525957
-0.000525488
-0.000524251
-0.000522476
-0.000520457
-0.000518413
-0.000516503
-0.000514771
-0.00051319
-0.000511692
-0.000510211
-0.000508691
-0.000507101
-0.000505424
-0.000503663
-0.000501832
-0.000499952
-0.000498042
-0.000496115
-0.000494176
-0.000492215
-0.000490217
-0.00048815
-0.000485988
-0.000483699
-0.000481261
-0.000478653
-0.00047587
-0.000472913
-0.000469792
-0.000466527
-0.000463142
-0.000459664
-0.000456124
-0.000452551
-0.000448973
-0.000445414
-0.000441893
-0.000438432
-0.000435042
-0.000431732
-0.000428509
-0.000425375
-0.000422332
-0.000419379
-0.000416515
-0.000413735
-0.000411038
-0.000408416
-0.000405867
-0.000403384
-0.00040096
-0.000398588
-0.000396262
-0.000393971
-0.000391709
-0.000389465
-0.000387231
-0.000384996
-0.000382754
-0.000380495
-0.000378213
-0.000375899
-0.000373551
-0.000371162
-0.000368731
-0.000366253
-0.000363729
-0.000361156
-0.000358535
-0.000355864
-0.000353145
-0.000350375
-0.000347556
-0.000344686
-0.000341766
-0.000338793
-0.000335769
-0.00033269
-0.000329558
-0.000326372
-0.000323133
-0.000319841
-0.0003165
-0.00031311
-0.000309677
-0.000306201
-0.000302689
-0.000299144
-0.000295572
-0.000291975
-0.000288361
-0.00028473
-0.000281089
-0.000277439
-0.000273783
-0.000270123
-0.000266462
-0.000262799
-0.000259138
-0.000255477
-0.000251819
-0.000248164
-0.000244514
-0.000240871
-0.000237238
-0.000233615
-0.000230008
-0.000226418
-0.00022285
-0.000219308
-0.000215795
-0.000212315
-0.000208873
-0.00020547
-0.000202112
-0.0001988
-0.000195537
-0.000192325
-0.000189167
-0.000186062
-0.000183014
-0.000180023
-0.00017709
-0.000174216
-0.000171401
-0.000168648
-0.000165957
-0.000163328
-0.000160764
-0.000158265
-0.000155832
-0.000153467
-0.000151169
-0.000148941
-0.000146783
-0.000144694
-0.000142676
-0.000140728
-0.000138849
-0.000137041
-0.000135302
-0.000133633
-0.000132032
-0.000130499
-0.000129034
-0.000127637
-0.000126308
-0.000125045
-0.00012385
-0.000122722
-0.000121661
-0.000120665
-0.000119734
-0.000118867
-0.000118063
-0.000117319
-0.000116634
-0.000116005
-0.000115429
-0.000114904
-0.000114426
-0.000113994
-0.000113605
-0.000113256
-0.000112946
-0.000112673
-0.000112436
-0.000112234
-0.000112064
-0.000111928
-0.00011182
-0.000111741
-0.000111685
-0.000111648
-0.000111625
-0.000111609
-0.000111593
-0.000111574
-0.000111544
-0.0001115
-0.000111441
-0.000111366
-0.000111274
-0.000111169
-0.000111049
-0.000110915
-0.000110764
-0.000110594
-0.0001104
-0.000110175
-0.000109909
-0.000109589
-0.000109198
-0.000108725
-0.000108175
-0.000107599
-0.000107033
-0.000106634
-0.000106361
-0.000523644
-0.000523206
-0.000522014
-0.000520286
-0.000518309
-0.000516299
-0.00051441
-0.00051269
-0.000511115
-0.000509621
-0.000508146
-0.000506634
-0.000505055
-0.000503392
-0.000501646
-0.000499832
-0.000497967
-0.00049607
-0.000494154
-0.000492224
-0.00049027
-0.000488276
-0.000486213
-0.000484054
-0.00048177
-0.000479337
-0.000476737
-0.000473965
-0.00047102
-0.000467914
-0.000464666
-0.000461298
-0.00045784
-0.00045432
-0.000450767
-0.000447209
-0.000443669
-0.000440167
-0.000436724
-0.000433349
-0.000430054
-0.000426844
-0.000423722
-0.00042069
-0.000417746
-0.000414889
-0.000412116
-0.000409424
-0.000406807
-0.000404261
-0.00040178
-0.000399358
-0.000396988
-0.000394663
-0.000392374
-0.000390113
-0.00038787
-0.000385638
-0.000383407
-0.000381169
-0.000378914
-0.000376637
-0.000374331
-0.000371991
-0.000369611
-0.00036719
-0.000364723
-0.000362211
-0.000359651
-0.000357045
-0.000354389
-0.000351685
-0.000348932
-0.000346132
-0.00034328
-0.000340379
-0.000337425
-0.000334421
-0.000331363
-0.000328252
-0.000325087
-0.000321871
-0.000318601
-0.000315283
-0.000311915
-0.000308505
-0.000305052
-0.000301563
-0.000298041
-0.000294492
-0.000290919
-0.000287327
-0.000283719
-0.0002801
-0.000276472
-0.000272839
-0.000269201
-0.000265562
-0.00026192
-0.00025828
-0.00025464
-0.000251003
-0.000247369
-0.00024374
-0.000240117
-0.000236503
-0.0002329
-0.000229312
-0.000225741
-0.000222191
-0.000218667
-0.000215171
-0.000211709
-0.000208283
-0.000204896
-0.000201554
-0.000198257
-0.000195009
-0.000191812
-0.000188668
-0.000185577
-0.000182543
-0.000179565
-0.000176644
-0.000173782
-0.00017098
-0.000168238
-0.000165558
-0.00016294
-0.000160386
-0.000157897
-0.000155473
-0.000153117
-0.000150828
-0.000148608
-0.000146458
-0.000144377
-0.000142365
-0.000140424
-0.000138552
-0.000136749
-0.000135016
-0.000133351
-0.000131755
-0.000130227
-0.000128766
-0.000127373
-0.000126047
-0.000124788
-0.000123595
-0.000122469
-0.000121409
-0.000120415
-0.000119486
-0.00011862
-0.000117816
-0.000117072
-0.000116387
-0.000115757
-0.000115181
-0.000114655
-0.000114177
-0.000113743
-0.000113352
-0.000113002
-0.00011269
-0.000112415
-0.000112175
-0.000111971
-0.000111799
-0.000111658
-0.000111548
-0.000111464
-0.000111403
-0.000111361
-0.000111332
-0.000111311
-0.000111289
-0.000111263
-0.000111226
-0.000111176
-0.000111109
-0.000111026
-0.000110926
-0.000110811
-0.00011068
-0.000110534
-0.00011037
-0.000110186
-0.000109975
-0.000109733
-0.000109449
-0.000109112
-0.000108705
-0.00010822
-0.000107663
-0.000107083
-0.00010652
-0.000106123
-0.000105853
-0.000521353
-0.000520944
-0.000519796
-0.000518113
-0.000516179
-0.0005142
-0.000512332
-0.000510623
-0.000509053
-0.000507563
-0.000506092
-0.000504588
-0.000503019
-0.000501369
-0.000499639
-0.00049784
-0.00049599
-0.000494108
-0.000492204
-0.000490283
-0.000488336
-0.000486346
-0.000484288
-0.000482134
-0.000479854
-0.000477428
-0.000474836
-0.000472075
-0.000469142
-0.000466052
-0.00046282
-0.000459471
-0.000456031
-0.000452531
-0.000448998
-0.000445459
-0.000441939
-0.000438455
-0.000435028
-0.00043167
-0.000428389
-0.000425192
-0.000422082
-0.000419059
-0.000416125
-0.000413275
-0.000410509
-0.000407821
-0.000405209
-0.000402666
-0.000400187
-0.000397768
-0.000395399
-0.000393075
-0.000390788
-0.000388528
-0.000386287
-0.000384058
-0.000381829
-0.000379594
-0.000377344
-0.000375073
-0.000372774
-0.000370441
-0.00036807
-0.000365659
-0.000363203
-0.000360704
-0.000358157
-0.000355564
-0.000352923
-0.000350236
-0.0003475
-0.000344716
-0.000341882
-0.000339
-0.000336066
-0.000333082
-0.000330044
-0.000326954
-0.00032381
-0.000320615
-0.000317368
-0.000314072
-0.000310727
-0.000307339
-0.000303909
-0.000300443
-0.000296944
-0.000293418
-0.000289867
-0.000286298
-0.000282712
-0.000279116
-0.00027551
-0.000271899
-0.000268282
-0.000264664
-0.000261045
-0.000257426
-0.000253807
-0.00025019
-0.000246576
-0.000242967
-0.000239364
-0.00023577
-0.000232186
-0.000228617
-0.000225065
-0.000221534
-0.000218027
-0.000214549
-0.000211103
-0.000207694
-0.000204324
-0.000200997
-0.000197716
-0.000194483
-0.0001913
-0.00018817
-0.000185094
-0.000182072
-0.000179107
-0.000176199
-0.000173349
-0.000170559
-0.000167828
-0.000165159
-0.000162552
-0.000160008
-0.000157529
-0.000155115
-0.000152768
-0.000150488
-0.000148276
-0.000146133
-0.00014406
-0.000142055
-0.00014012
-0.000138255
-0.000136458
-0.00013473
-0.000133071
-0.000131479
-0.000129955
-0.000128499
-0.000127109
-0.000125786
-0.00012453
-0.000123341
-0.000122217
-0.000121159
-0.000120166
-0.000119238
-0.000118373
-0.00011757
-0.000116826
-0.000116141
-0.000115511
-0.000114934
-0.000114407
-0.000113928
-0.000113493
-0.000113101
-0.000112749
-0.000112435
-0.000112158
-0.000111916
-0.000111708
-0.000111533
-0.00011139
-0.000111275
-0.000111188
-0.000111122
-0.000111075
-0.000111041
-0.000111013
-0.000110986
-0.000110953
-0.000110909
-0.000110852
-0.000110778
-0.000110687
-0.000110578
-0.000110453
-0.000110311
-0.000110154
-0.000109976
-0.000109778
-0.000109551
-0.000109293
-0.000108992
-0.000108638
-0.000108215
-0.000107719
-0.000107155
-0.000106573
-0.000106011
-0.000105617
-0.000105351
-0.000519085
-0.000518703
-0.000517596
-0.000515958
-0.000514064
-0.000512117
-0.000510269
-0.00050857
-0.000507004
-0.000505516
-0.000504049
-0.000502551
-0.000500992
-0.000499354
-0.000497639
-0.000495856
-0.000494022
-0.000492154
-0.000490262
-0.000488351
-0.000486411
-0.000484428
-0.000482375
-0.000480226
-0.000477952
-0.000475533
-0.00047295
-0.000470199
-0.000467279
-0.000464204
-0.000460988
-0.000457657
-0.000454237
-0.000450756
-0.000447242
-0.000443722
-0.000440221
-0.000436755
-0.000433345
-0.000430002
-0.000426735
-0.000423551
-0.000420452
-0.00041744
-0.000414514
-0.000411672
-0.000408912
-0.00040623
-0.000403621
-0.000401082
-0.000398606
-0.000396188
-0.000393821
-0.000391499
-0.000389213
-0.000386955
-0.000384716
-0.000382488
-0.000380263
-0.000378032
-0.000375786
-0.000373521
-0.000371227
-0.000368902
-0.00036654
-0.000364139
-0.000361694
-0.000359207
-0.000356673
-0.000354094
-0.000351468
-0.000348796
-0.000346076
-0.00034331
-0.000340494
-0.00033763
-0.000334715
-0.00033175
-0.000328732
-0.000325663
-0.00032254
-0.000319367
-0.000316141
-0.000312867
-0.000309544
-0.000306179
-0.000302771
-0.000299328
-0.000295852
-0.000292348
-0.00028882
-0.000285273
-0.00028171
-0.000278136
-0.000274552
-0.000270962
-0.000267367
-0.000263771
-0.000260172
-0.000256574
-0.000252976
-0.00024938
-0.000245786
-0.000242198
-0.000238614
-0.00023504
-0.000231475
-0.000227925
-0.000224391
-0.000220878
-0.000217389
-0.000213929
-0.0002105
-0.000207107
-0.000203753
-0.000200442
-0.000197176
-0.000193958
-0.00019079
-0.000187674
-0.000184611
-0.000181603
-0.00017865
-0.000175755
-0.000172917
-0.000170139
-0.00016742
-0.000164762
-0.000162165
-0.000159632
-0.000157162
-0.000154758
-0.00015242
-0.000150148
-0.000147945
-0.000145809
-0.000143743
-0.000141746
-0.000139817
-0.000137958
-0.000136167
-0.000134445
-0.000132791
-0.000131204
-0.000129684
-0.000128232
-0.000126846
-0.000125527
-0.000124274
-0.000123086
-0.000121965
-0.000120909
-0.000119918
-0.000118991
-0.000118127
-0.000117324
-0.000116581
-0.000115895
-0.000115265
-0.000114687
-0.00011416
-0.000113679
-0.000113244
-0.00011285
-0.000112496
-0.00011218
-0.000111901
-0.000111657
-0.000111447
-0.000111269
-0.000111122
-0.000111004
-0.000110912
-0.000110842
-0.00011079
-0.00011075
-0.000110716
-0.000110682
-0.000110643
-0.000110593
-0.000110529
-0.000110447
-0.000110348
-0.00011023
-0.000110096
-0.000109944
-0.000109774
-0.000109584
-0.000109371
-0.000109129
-0.000108854
-0.000108537
-0.000108166
-0.000107729
-0.000107222
-0.000106652
-0.000106068
-0.000105508
-0.000105116
-0.000104853
-0.000516837
-0.000516481
-0.000515413
-0.000513819
-0.000511964
-0.000510048
-0.000508219
-0.000506529
-0.000504967
-0.000503481
-0.000502016
-0.000500523
-0.000498973
-0.000497348
-0.000495647
-0.00049388
-0.000492061
-0.000490208
-0.000488328
-0.000486428
-0.000484497
-0.00048252
-0.000480473
-0.000478329
-0.000476062
-0.00047365
-0.000471076
-0.000468336
-0.00046543
-0.000462369
-0.00045917
-0.000455857
-0.000452455
-0.000448993
-0.000445499
-0.000441998
-0.000438515
-0.000435067
-0.000431673
-0.000428345
-0.000425092
-0.000421921
-0.000418833
-0.000415831
-0.000412913
-0.000410079
-0.000407325
-0.000404648
-0.000402044
-0.000399508
-0.000397035
-0.000394619
-0.000392254
-0.000389933
-0.000387648
-0.000385392
-0.000383154
-0.000380929
-0.000378707
-0.000376479
-0.000374238
-0.000371978
-0.000369691
-0.000367374
-0.00036502
-0.000362629
-0.000360195
-0.000357719
-0.000355198
-0.000352633
-0.000350021
-0.000347365
-0.000344661
-0.000341912
-0.000339114
-0.000336268
-0.000333372
-0.000330426
-0.000327428
-0.000324379
-0.000321277
-0.000318125
-0.00031492
-0.000311668
-0.000308367
-0.000305024
-0.000301639
-0.000298218
-0.000294764
-0.000291283
-0.000287777
-0.000284253
-0.000280712
-0.00027716
-0.000273597
-0.000270029
-0.000266456
-0.000262881
-0.000259303
-0.000255726
-0.000252148
-0.000248573
-0.000244999
-0.00024143
-0.000237866
-0.000234311
-0.000230766
-0.000227234
-0.000223719
-0.000220224
-0.000216753
-0.000213309
-0.000209897
-0.000206521
-0.000203183
-0.000199888
-0.000196637
-0.000193434
-0.00019028
-0.000187178
-0.000184129
-0.000181134
-0.000178194
-0.000175312
-0.000172486
-0.000169719
-0.000167012
-0.000164365
-0.000161779
-0.000159256
-0.000156796
-0.000154401
-0.000152072
-0.000149809
-0.000147614
-0.000145486
-0.000143427
-0.000141437
-0.000139515
-0.000137662
-0.000135877
-0.00013416
-0.000132511
-0.000130929
-0.000129414
-0.000127966
-0.000126584
-0.000125268
-0.000124017
-0.000122833
-0.000121714
-0.00012066
-0.00011967
-0.000118745
-0.000117881
-0.000117079
-0.000116336
-0.000115651
-0.00011502
-0.000114442
-0.000113913
-0.000113432
-0.000112995
-0.0001126
-0.000112244
-0.000111927
-0.000111645
-0.000111399
-0.000111186
-0.000111005
-0.000110855
-0.000110733
-0.000110637
-0.000110562
-0.000110505
-0.000110459
-0.00011042
-0.00011038
-0.000110335
-0.000110277
-0.000110206
-0.000110116
-0.000110009
-0.000109883
-0.000109739
-0.000109577
-0.000109395
-0.000109192
-0.000108965
-0.000108708
-0.000108418
-0.000108084
-0.000107698
-0.000107247
-0.000106729
-0.000106154
-0.000105568
-0.00010501
-0.00010462
-0.00010436
-0.000514609
-0.000514277
-0.000513246
-0.000511694
-0.000509878
-0.000507992
-0.000506182
-0.000504501
-0.000502942
-0.000501456
-0.000499993
-0.000498505
-0.000496963
-0.000495349
-0.000493662
-0.000491911
-0.000490108
-0.000488269
-0.000486402
-0.000484513
-0.000482591
-0.000480622
-0.000478581
-0.000476444
-0.000474183
-0.000471779
-0.000469215
-0.000466486
-0.000463593
-0.000460547
-0.000457365
-0.000454069
-0.000450686
-0.000447243
-0.000443768
-0.000440285
-0.00043682
-0.00043339
-0.000430011
-0.000426698
-0.00042346
-0.0004203
-0.000417224
-0.000414231
-0.000411322
-0.000408495
-0.000405747
-0.000403075
-0.000400475
-0.000397943
-0.000395473
-0.000393059
-0.000390696
-0.000388377
-0.000386093
-0.000383838
-0.000381603
-0.00037938
-0.000377161
-0.000374937
-0.0003727
-0.000370446
-0.000368165
-0.000365856
-0.00036351
-0.000361129
-0.000358705
-0.000356241
-0.000353733
-0.000351181
-0.000348584
-0.000345943
-0.000343255
-0.000340523
-0.000337741
-0.000334914
-0.000332036
-0.00032911
-0.000326131
-0.000323102
-0.000320021
-0.000316889
-0.000313706
-0.000310475
-0.000307196
-0.000303875
-0.000300512
-0.000297114
-0.000293682
-0.000290223
-0.000286739
-0.000283237
-0.000279718
-0.000276187
-0.000272647
-0.0002691
-0.000265548
-0.000261994
-0.000258437
-0.00025488
-0.000251323
-0.000247768
-0.000244214
-0.000240665
-0.000237121
-0.000233585
-0.000230058
-0.000226545
-0.000223048
-0.000219571
-0.000216118
-0.000212692
-0.000209297
-0.000205937
-0.000202615
-0.000199335
-0.000196099
-0.000192911
-0.000189771
-0.000186683
-0.000183648
-0.000180666
-0.00017774
-0.000174869
-0.000172056
-0.000169301
-0.000166604
-0.000163968
-0.000161393
-0.00015888
-0.00015643
-0.000154045
-0.000151724
-0.00014947
-0.000147283
-0.000145163
-0.000143112
-0.000141128
-0.000139213
-0.000137366
-0.000135587
-0.000133876
-0.000132232
-0.000130655
-0.000129144
-0.0001277
-0.000126322
-0.000125009
-0.000123762
-0.00012258
-0.000121463
-0.000120411
-0.000119423
-0.000118499
-0.000117636
-0.000116835
-0.000116092
-0.000115406
-0.000114776
-0.000114197
-0.000113667
-0.000113185
-0.000112747
-0.00011235
-0.000111993
-0.000111674
-0.00011139
-0.000111142
-0.000110926
-0.000110742
-0.000110589
-0.000110463
-0.000110363
-0.000110283
-0.000110221
-0.00011017
-0.000110124
-0.000110078
-0.000110026
-0.000109962
-0.000109884
-0.000109787
-0.000109672
-0.000109537
-0.000109383
-0.00010921
-0.000109017
-0.000108801
-0.00010856
-0.000108289
-0.000107983
-0.000107633
-0.000107232
-0.000106769
-0.000106241
-0.00010566
-0.000105073
-0.000104518
-0.00010413
-0.000103872
-0.000512399
-0.000512089
-0.000511095
-0.000509584
-0.000507805
-0.000505948
-0.000504156
-0.000502484
-0.000500927
-0.000499441
-0.000497979
-0.000496495
-0.00049496
-0.000493357
-0.000491684
-0.000489948
-0.00048816
-0.000486336
-0.000484483
-0.000482605
-0.000480693
-0.000478732
-0.000476698
-0.000474568
-0.000472314
-0.000469919
-0.000467365
-0.000464647
-0.000461768
-0.000458737
-0.000455571
-0.000452293
-0.000448928
-0.000445504
-0.000442047
-0.000438584
-0.000435136
-0.000431722
-0.00042836
-0.000425061
-0.000421836
-0.000418689
-0.000415623
-0.00041264
-0.000409739
-0.00040692
-0.000404178
-0.000401511
-0.000398916
-0.000396387
-0.000393919
-0.000391508
-0.000389147
-0.000386829
-0.000384547
-0.000382294
-0.000380061
-0.000377841
-0.000375624
-0.000373404
-0.000371172
-0.000368923
-0.000366649
-0.000364346
-0.00036201
-0.000359637
-0.000357225
-0.000354772
-0.000352276
-0.000349738
-0.000347155
-0.000344529
-0.000341857
-0.000339141
-0.000336377
-0.000333567
-0.000330707
-0.0003278
-0.000324841
-0.000321832
-0.000318771
-0.00031566
-0.000312497
-0.000309288
-0.000306031
-0.000302731
-0.00029939
-0.000296014
-0.000292604
-0.000289167
-0.000285705
-0.000282225
-0.000278728
-0.000275219
-0.0002717
-0.000268175
-0.000264644
-0.00026111
-0.000257574
-0.000254038
-0.000250501
-0.000246966
-0.000243432
-0.000239902
-0.000236377
-0.000232861
-0.000229353
-0.000225858
-0.000222379
-0.000218921
-0.000215484
-0.000212075
-0.000208697
-0.000205354
-0.000202048
-0.000198783
-0.000195563
-0.000192389
-0.000189264
-0.00018619
-0.000183168
-0.000180199
-0.000177285
-0.000174428
-0.000171626
-0.000168883
-0.000166198
-0.000163573
-0.000161008
-0.000158505
-0.000156065
-0.000153689
-0.000151377
-0.000149132
-0.000146953
-0.000144841
-0.000142797
-0.00014082
-0.000138912
-0.000137071
-0.000135298
-0.000133592
-0.000131953
-0.000130381
-0.000128875
-0.000127435
-0.00012606
-0.000124751
-0.000123507
-0.000122328
-0.000121213
-0.000120163
-0.000119177
-0.000118254
-0.000117392
-0.000116591
-0.000115849
-0.000115163
-0.000114532
-0.000113952
-0.000113422
-0.000112939
-0.000112499
-0.000112101
-0.000111743
-0.000111421
-0.000111136
-0.000110885
-0.000110667
-0.00011048
-0.000110323
-0.000110193
-0.000110089
-0.000110005
-0.000109937
-0.000109881
-0.000109829
-0.000109777
-0.000109718
-0.000109648
-0.000109562
-0.000109457
-0.000109334
-0.000109191
-0.000109028
-0.000108844
-0.00010864
-0.000108411
-0.000108157
-0.000107871
-0.00010755
-0.000107185
-0.00010677
-0.000106294
-0.000105757
-0.000105172
-0.000104584
-0.00010403
-0.000103645
-0.000103389
-0.000510206
-0.000509917
-0.000508958
-0.000507486
-0.000505744
-0.000503915
-0.000502141
-0.000500477
-0.000498922
-0.000497436
-0.000495974
-0.000494493
-0.000492965
-0.000491372
-0.000489712
-0.000487991
-0.000486219
-0.00048441
-0.000482571
-0.000480705
-0.000478802
-0.00047685
-0.000474824
-0.000472701
-0.000470456
-0.000468069
-0.000465525
-0.00046282
-0.000459954
-0.000456938
-0.000453788
-0.000450528
-0.000447181
-0.000443776
-0.000440337
-0.000436892
-0.000433461
-0.000430065
-0.000426717
-0.000423433
-0.000420221
-0.000417086
-0.000414031
-0.000411057
-0.000408165
-0.000405353
-0.000402617
-0.000399956
-0.000397364
-0.000394839
-0.000392375
-0.000389966
-0.000387607
-0.000385291
-0.000383011
-0.000380759
-0.000378528
-0.00037631
-0.000374096
-0.00037188
-0.000369653
-0.000367409
-0.000365141
-0.000362846
-0.000360518
-0.000358155
-0.000355753
-0.000353312
-0.000350828
-0.000348303
-0.000345735
-0.000343123
-0.000340467
-0.000337767
-0.00033502
-0.000332228
-0.000329386
-0.000326497
-0.000323557
-0.000320568
-0.000317527
-0.000314436
-0.000311295
-0.000308106
-0.000304871
-0.000301593
-0.000298273
-0.000294919
-0.000291531
-0.000288116
-0.000284676
-0.000281217
-0.000277742
-0.000274254
-0.000270756
-0.000267252
-0.000263742
-0.00026023
-0.000256714
-0.000253198
-0.000249681
-0.000246166
-0.000242652
-0.000239142
-0.000235636
-0.000232138
-0.000228649
-0.000225173
-0.000221712
-0.000218271
-0.000214852
-0.000211461
-0.000208099
-0.000204772
-0.000201482
-0.000198233
-0.000195027
-0.000191868
-0.000188757
-0.000185697
-0.000182689
-0.000179733
-0.000176832
-0.000173987
-0.000171198
-0.000168466
-0.000165792
-0.000163178
-0.000160624
-0.000158131
-0.0001557
-0.000153334
-0.000151031
-0.000148794
-0.000146623
-0.000144519
-0.000142482
-0.000140513
-0.000138611
-0.000136776
-0.000135009
-0.000133309
-0.000131675
-0.000130108
-0.000128606
-0.00012717
-0.000125799
-0.000124493
-0.000123252
-0.000122076
-0.000120964
-0.000119916
-0.000118931
-0.000118009
-0.000117148
-0.000116348
-0.000115606
-0.00011492
-0.000114289
-0.000113709
-0.000113178
-0.000112693
-0.000112253
-0.000111853
-0.000111493
-0.00011117
-0.000110882
-0.000110629
-0.000110408
-0.000110218
-0.000110058
-0.000109925
-0.000109816
-0.000109727
-0.000109654
-0.000109592
-0.000109535
-0.000109476
-0.000109411
-0.000109333
-0.000109241
-0.000109129
-0.000108997
-0.000108845
-0.000108673
-0.000108479
-0.000108263
-0.000108022
-0.000107755
-0.000107455
-0.000107119
-0.00010674
-0.000106311
-0.000105823
-0.000105278
-0.000104688
-0.000104099
-0.000103548
-0.000103165
-0.000102911
-0.00050803
-0.000507761
-0.000506835
-0.000505401
-0.000503694
-0.000501893
-0.000500136
-0.000498479
-0.000496926
-0.000495439
-0.000493977
-0.000492498
-0.000490977
-0.000489394
-0.000487746
-0.000486039
-0.000484283
-0.000482489
-0.000480664
-0.00047881
-0.000476919
-0.000474976
-0.000472958
-0.000470843
-0.000468606
-0.000466229
-0.000463695
-0.000461002
-0.000458149
-0.000455149
-0.000452016
-0.000448773
-0.000445445
-0.000442057
-0.000438637
-0.000435209
-0.000431796
-0.000428416
-0.000425084
-0.000421814
-0.000418615
-0.000415491
-0.000412446
-0.000409482
-0.000406598
-0.000403793
-0.000401064
-0.000398408
-0.000395821
-0.000393299
-0.000390837
-0.000388431
-0.000386074
-0.00038376
-0.000381482
-0.000379233
-0.000377004
-0.000374788
-0.000372578
-0.000370365
-0.000368142
-0.000365904
-0.000363643
-0.000361355
-0.000359035
-0.000356681
-0.00035429
-0.00035186
-0.000349388
-0.000346877
-0.000344322
-0.000341726
-0.000339084
-0.000336401
-0.00033367
-0.000330895
-0.000328072
-0.000325201
-0.00032228
-0.00031931
-0.000316289
-0.000313219
-0.000310098
-0.00030693
-0.000303716
-0.000300459
-0.000297161
-0.000293829
-0.000290462
-0.000287069
-0.000283651
-0.000280214
-0.00027676
-0.000273294
-0.000269817
-0.000266334
-0.000262844
-0.000259352
-0.000255857
-0.000252361
-0.000248864
-0.000245369
-0.000241874
-0.000238384
-0.000234897
-0.000231418
-0.000227948
-0.00022449
-0.000221047
-0.000217624
-0.000214222
-0.000210847
-0.000207502
-0.000204191
-0.000200917
-0.000197684
-0.000194493
-0.000191349
-0.000188252
-0.000185206
-0.00018221
-0.000179268
-0.00017638
-0.000173547
-0.000170769
-0.000168049
-0.000165387
-0.000162783
-0.00016024
-0.000157757
-0.000155337
-0.000152979
-0.000150686
-0.000148457
-0.000146294
-0.000144198
-0.000142168
-0.000140206
-0.000138311
-0.000136482
-0.000134721
-0.000133026
-0.000131398
-0.000129835
-0.000128338
-0.000126906
-0.000125539
-0.000124236
-0.000122998
-0.000121825
-0.000120715
-0.000119669
-0.000118686
-0.000117765
-0.000116905
-0.000116106
-0.000115364
-0.000114678
-0.000114046
-0.000113466
-0.000112934
-0.000112448
-0.000112006
-0.000111605
-0.000111244
-0.000110919
-0.000110629
-0.000110373
-0.00011015
-0.000109957
-0.000109793
-0.000109656
-0.000109543
-0.00010945
-0.000109372
-0.000109304
-0.000109241
-0.000109176
-0.000109104
-0.00010902
-0.00010892
-0.0001088
-0.000108661
-0.0001085
-0.000108319
-0.000108114
-0.000107888
-0.000107634
-0.000107354
-0.00010704
-0.00010669
-0.000106297
-0.000105855
-0.000105356
-0.000104803
-0.00010421
-0.00010362
-0.000103072
-0.00010269
-0.000102437
-0.000505868
-0.000505618
-0.000504724
-0.000503327
-0.000501655
-0.000499881
-0.00049814
-0.000496491
-0.000494939
-0.000493451
-0.000491988
-0.000490511
-0.000488995
-0.000487421
-0.000485786
-0.000484094
-0.000482353
-0.000480574
-0.000478763
-0.000476922
-0.000475042
-0.000473108
-0.000471099
-0.000468993
-0.000466765
-0.000464397
-0.000461875
-0.000459194
-0.000456355
-0.00045337
-0.000450253
-0.000447028
-0.000443717
-0.000440348
-0.000436946
-0.000433536
-0.000430139
-0.000426776
-0.000423458
-0.000420202
-0.000417016
-0.000413903
-0.000410869
-0.000407915
-0.000405039
-0.000402241
-0.000399517
-0.000396867
-0.000394284
-0.000391766
-0.000389308
-0.000386904
-0.00038455
-0.000382238
-0.000379961
-0.000377714
-0.000375487
-0.000373275
-0.000371067
-0.000368858
-0.00036664
-0.000364407
-0.000362152
-0.000359872
-0.00035756
-0.000355216
-0.000352834
-0.000350416
-0.000347957
-0.000345458
-0.000342917
-0.000340335
-0.000337709
-0.000335041
-0.000332328
-0.00032957
-0.000326764
-0.000323912
-0.000321009
-0.000318059
-0.000315057
-0.000312007
-0.000308906
-0.000305759
-0.000302566
-0.00029933
-0.000296054
-0.000292743
-0.000289398
-0.000286026
-0.00028263
-0.000279214
-0.000275781
-0.000272336
-0.00026888
-0.000265418
-0.00026195
-0.000258478
-0.000255003
-0.000251527
-0.00024805
-0.000244574
-0.000241099
-0.000237627
-0.00023416
-0.0002307
-0.000227248
-0.000223808
-0.000220383
-0.000216978
-0.000213593
-0.000210236
-0.000206907
-0.000203612
-0.000200354
-0.000197136
-0.00019396
-0.00019083
-0.000187748
-0.000184715
-0.000181733
-0.000178804
-0.000175928
-0.000173108
-0.000170342
-0.000167634
-0.000164982
-0.00016239
-0.000159857
-0.000157384
-0.000154973
-0.000152625
-0.00015034
-0.000148121
-0.000145966
-0.000143877
-0.000141855
-0.0001399
-0.000138011
-0.000136189
-0.000134433
-0.000132744
-0.000131121
-0.000129563
-0.00012807
-0.000126642
-0.000125279
-0.00012398
-0.000122745
-0.000121574
-0.000120467
-0.000119423
-0.000118441
-0.000117522
-0.000116663
-0.000115864
-0.000115122
-0.000114437
-0.000113804
-0.000113223
-0.000112691
-0.000112204
-0.000111761
-0.000111359
-0.000110995
-0.000110668
-0.000110376
-0.000110118
-0.000109892
-0.000109696
-0.000109529
-0.000109388
-0.000109271
-0.000109173
-0.00010909
-0.000109016
-0.000108948
-0.000108876
-0.000108798
-0.000108707
-0.0001086
-0.000108473
-0.000108325
-0.000108156
-0.000107965
-0.000107751
-0.000107513
-0.000107248
-0.000106954
-0.000106627
-0.000106264
-0.000105857
-0.000105403
-0.000104893
-0.000104333
-0.000103736
-0.000103146
-0.0001026
-0.00010222
-0.000101969
-0.000503721
-0.000503488
-0.000502624
-0.000501263
-0.000499625
-0.000497877
-0.000496153
-0.000494511
-0.00049296
-0.00049147
-0.000490006
-0.000488531
-0.00048702
-0.000485454
-0.000483831
-0.000482153
-0.000480427
-0.000478663
-0.000476867
-0.000475039
-0.00047317
-0.000471247
-0.000469248
-0.000467151
-0.000464932
-0.000462574
-0.000460063
-0.000457394
-0.00045457
-0.0004516
-0.0004485
-0.000445292
-0.000441999
-0.000438647
-0.000435263
-0.00043187
-0.000428491
-0.000425143
-0.00042184
-0.000418598
-0.000415424
-0.000412323
-0.000409299
-0.000406354
-0.000403486
-0.000400695
-0.000397978
-0.000395332
-0.000392754
-0.00039024
-0.000387785
-0.000385384
-0.000383032
-0.000380722
-0.000378448
-0.000376203
-0.000373979
-0.000371769
-0.000369564
-0.000367359
-0.000365146
-0.000362918
-0.00036067
-0.000358397
-0.000356094
-0.000353759
-0.000351387
-0.00034898
-0.000346532
-0.000344047
-0.000341519
-0.000338952
-0.000336341
-0.000333689
-0.000330992
-0.000328251
-0.000325463
-0.000322628
-0.000319744
-0.000316813
-0.00031383
-0.0003108
-0.00030772
-0.000304594
-0.000301421
-0.000298207
-0.000294951
-0.000291661
-0.000288338
-0.000284988
-0.000281612
-0.000278218
-0.000274806
-0.000271383
-0.000267948
-0.000264506
-0.000261058
-0.000257606
-0.000254151
-0.000250696
-0.000247238
-0.000243782
-0.000240326
-0.000236874
-0.000233425
-0.000229983
-0.00022655
-0.000223128
-0.000219721
-0.000216333
-0.000212966
-0.000209625
-0.000206313
-0.000203034
-0.000199791
-0.000196589
-0.000193428
-0.000190313
-0.000187244
-0.000184225
-0.000181257
-0.000178341
-0.000175478
-0.000172669
-0.000169916
-0.000167219
-0.000164579
-0.000161997
-0.000159474
-0.000157012
-0.00015461
-0.000152272
-0.000149996
-0.000147785
-0.000145638
-0.000143557
-0.000141542
-0.000139594
-0.000137711
-0.000135896
-0.000134146
-0.000132462
-0.000130844
-0.000129291
-0.000127803
-0.000126379
-0.000125019
-0.000123724
-0.000122492
-0.000121324
-0.000120219
-0.000119177
-0.000118197
-0.000117279
-0.000116421
-0.000115622
-0.000114881
-0.000114196
-0.000113563
-0.000112982
-0.000112448
-0.000111961
-0.000111516
-0.000111112
-0.000110747
-0.000110418
-0.000110125
-0.000109864
-0.000109635
-0.000109436
-0.000109266
-0.000109121
-0.000108999
-0.000108896
-0.000108808
-0.000108729
-0.000108655
-0.000108577
-0.000108492
-0.000108394
-0.00010828
-0.000108145
-0.00010799
-0.000107812
-0.000107612
-0.000107388
-0.000107139
-0.000106862
-0.000106556
-0.000106216
-0.00010584
-0.00010542
-0.000104953
-0.000104434
-0.000103867
-0.000103267
-0.000102678
-0.000102134
-0.000101755
-0.000101505
-0.000501588
-0.000501371
-0.000500536
-0.00049921
-0.000497605
-0.000495883
-0.000494175
-0.00049254
-0.000490989
-0.000489497
-0.000488032
-0.000486557
-0.00048505
-0.000483493
-0.000481882
-0.000480217
-0.000478506
-0.000476758
-0.000474976
-0.000473162
-0.000471305
-0.000469392
-0.000467403
-0.000465315
-0.000463106
-0.000460759
-0.000458259
-0.000455603
-0.000452793
-0.000449839
-0.000446755
-0.000443564
-0.000440289
-0.000436955
-0.000433589
-0.000430213
-0.00042685
-0.000423518
-0.000420229
-0.000417001
-0.000413839
-0.00041075
-0.000407736
-0.000404799
-0.00040194
-0.000399156
-0.000396445
-0.000393805
-0.000391231
-0.000388721
-0.000386269
-0.000383871
-0.000381522
-0.000379214
-0.000376942
-0.000374699
-0.000372477
-0.00037027
-0.000368069
-0.000365868
-0.000363659
-0.000361437
-0.000359195
-0.00035693
-0.000354635
-0.000352309
-0.000349948
-0.000347551
-0.000345116
-0.000342643
-0.000340129
-0.000337576
-0.00033498
-0.000332344
-0.000329663
-0.000326939
-0.000324168
-0.000321351
-0.000318486
-0.000315573
-0.00031261
-0.000309599
-0.000306539
-0.000303433
-0.000300281
-0.000297087
-0.000293853
-0.000290584
-0.000287282
-0.000283953
-0.000280599
-0.000277226
-0.000273835
-0.000270432
-0.000267018
-0.000263597
-0.000260169
-0.000256738
-0.000253303
-0.000249867
-0.000246429
-0.000242992
-0.000239555
-0.000236122
-0.000232692
-0.000229269
-0.000225854
-0.00022245
-0.000219061
-0.00021569
-0.00021234
-0.000209016
-0.00020572
-0.000202458
-0.000199231
-0.000196043
-0.000192897
-0.000189796
-0.000186742
-0.000183737
-0.000180782
-0.000177878
-0.000175028
-0.000172232
-0.00016949
-0.000166804
-0.000164176
-0.000161605
-0.000159092
-0.00015664
-0.000154248
-0.000151919
-0.000149652
-0.000147449
-0.000145311
-0.000143238
-0.00014123
-0.000139288
-0.000137413
-0.000135603
-0.000133859
-0.000132181
-0.000130568
-0.00012902
-0.000127536
-0.000126116
-0.000124761
-0.000123468
-0.00012224
-0.000121074
-0.000119972
-0.000118932
-0.000117954
-0.000117037
-0.00011618
-0.000115382
-0.000114641
-0.000113955
-0.000113323
-0.00011274
-0.000112206
-0.000111718
-0.000111272
-0.000110867
-0.0001105
-0.000110169
-0.000109873
-0.00010961
-0.000109379
-0.000109177
-0.000109003
-0.000108854
-0.000108728
-0.000108621
-0.000108527
-0.000108443
-0.000108362
-0.000108278
-0.000108187
-0.000108082
-0.000107961
-0.000107819
-0.000107656
-0.000107469
-0.00010726
-0.000107025
-0.000106766
-0.000106478
-0.00010616
-0.000105807
-0.000105418
-0.000104986
-0.000104508
-0.000103979
-0.000103406
-0.000102803
-0.000102214
-0.000101672
-0.000101296
-0.000101046
-0.000499467
-0.000499265
-0.000498458
-0.000497166
-0.000495592
-0.000493896
-0.000492203
-0.000490575
-0.000489025
-0.000487531
-0.000486064
-0.00048459
-0.000483087
-0.000481538
-0.000479937
-0.000478286
-0.00047659
-0.000474857
-0.00047309
-0.000471289
-0.000469444
-0.000467543
-0.000465564
-0.000463486
-0.000461287
-0.000458951
-0.000456463
-0.00045382
-0.000451024
-0.000448085
-0.000445018
-0.000441844
-0.000438587
-0.000435271
-0.000431922
-0.000428563
-0.000425216
-0.000421899
-0.000418626
-0.00041541
-0.000412261
-0.000409182
-0.000406179
-0.000403251
-0.0004004
-0.000397622
-0.000394918
-0.000392283
-0.000389714
-0.000387208
-0.00038476
-0.000382365
-0.000380018
-0.000377713
-0.000375443
-0.000373203
-0.000370983
-0.000368779
-0.000366582
-0.000364385
-0.000362181
-0.000359964
-0.000357728
-0.00035547
-0.000353183
-0.000350867
-0.000348515
-0.00034613
-0.000343707
-0.000341246
-0.000338746
-0.000336207
-0.000333626
-0.000331005
-0.00032834
-0.000325633
-0.000322879
-0.00032008
-0.000317233
-0.000314339
-0.000311395
-0.000308404
-0.000305363
-0.000302277
-0.000299146
-0.000295973
-0.00029276
-0.000289512
-0.000286231
-0.000282923
-0.00027959
-0.000276238
-0.000272868
-0.000269486
-0.000266092
-0.000262691
-0.000259284
-0.000255872
-0.000252457
-0.000249041
-0.000245622
-0.000242204
-0.000238787
-0.000235372
-0.000231961
-0.000228556
-0.000225159
-0.000221774
-0.000218402
-0.000215049
-0.000211716
-0.000208408
-0.000205129
-0.000201882
-0.000198671
-0.000195498
-0.000192367
-0.000189281
-0.000186241
-0.000183249
-0.000180307
-0.000177417
-0.000174579
-0.000171795
-0.000169065
-0.000166391
-0.000163773
-0.000161213
-0.000158711
-0.000156269
-0.000153887
-0.000151566
-0.000149309
-0.000147114
-0.000144984
-0.000142918
-0.000140918
-0.000138984
-0.000137114
-0.000135311
-0.000133573
-0.0001319
-0.000130292
-0.000128749
-0.00012727
-0.000125854
-0.000124502
-0.000123213
-0.000121988
-0.000120825
-0.000119725
-0.000118687
-0.000117711
-0.000116795
-0.000115939
-0.000115142
-0.000114401
-0.000113715
-0.000113082
-0.0001125
-0.000111965
-0.000111475
-0.000111028
-0.000110621
-0.000110253
-0.00010992
-0.000109622
-0.000109357
-0.000109123
-0.000108918
-0.00010874
-0.000108588
-0.000108458
-0.000108345
-0.000108247
-0.000108157
-0.00010807
-0.00010798
-0.000107882
-0.00010777
-0.000107642
-0.000107493
-0.000107322
-0.000107127
-0.000106908
-0.000106664
-0.000106394
-0.000106094
-0.000105764
-0.0001054
-0.000104998
-0.000104554
-0.000104065
-0.000103528
-0.000102949
-0.000102344
-0.000101755
-0.000101216
-0.000100841
-0.000100592
-0.000497358
-0.00049717
-0.00049639
-0.00049513
-0.000493588
-0.000491916
-0.000490239
-0.000488618
-0.000487068
-0.000485572
-0.000484102
-0.000482629
-0.000481129
-0.000479587
-0.000477997
-0.000476359
-0.000474678
-0.00047296
-0.000471208
-0.000469421
-0.000467589
-0.000465699
-0.000463731
-0.000461664
-0.000459475
-0.00045715
-0.000454674
-0.000452045
-0.000449263
-0.00044634
-0.000443289
-0.000440132
-0.000436892
-0.000433594
-0.000430262
-0.00042692
-0.000423589
-0.000420287
-0.000417029
-0.000413826
-0.000410689
-0.000407621
-0.000404628
-0.000401709
-0.000398865
-0.000396095
-0.000393397
-0.000390767
-0.000388203
-0.000385701
-0.000383257
-0.000380865
-0.00037852
-0.000376218
-0.000373951
-0.000371713
-0.000369496
-0.000367295
-0.000365101
-0.000362909
-0.000360709
-0.000358498
-0.000356269
-0.000354018
-0.000351739
-0.000349432
-0.000347091
-0.000344716
-0.000342305
-0.000339857
-0.00033737
-0.000334845
-0.000332279
-0.000329673
-0.000327024
-0.000324333
-0.000321596
-0.000318815
-0.000315986
-0.00031311
-0.000310185
-0.000307213
-0.000304192
-0.000301127
-0.000298015
-0.000294863
-0.00029167
-0.000288443
-0.000285183
-0.000281896
-0.000278584
-0.000275253
-0.000271904
-0.000268542
-0.000265169
-0.000261789
-0.000258401
-0.00025501
-0.000251614
-0.000248217
-0.000244818
-0.000241419
-0.000238021
-0.000234625
-0.000231232
-0.000227846
-0.000224467
-0.000221099
-0.000217745
-0.000214409
-0.000211093
-0.000207802
-0.000204539
-0.000201308
-0.000198112
-0.000194955
-0.000191839
-0.000188767
-0.000185741
-0.000182763
-0.000179834
-0.000176957
-0.000174131
-0.000171359
-0.000168641
-0.000165978
-0.000163372
-0.000160822
-0.000158331
-0.000155898
-0.000153526
-0.000151215
-0.000148966
-0.00014678
-0.000144658
-0.0001426
-0.000140607
-0.000138679
-0.000136817
-0.00013502
-0.000133287
-0.00013162
-0.000130017
-0.000128479
-0.000127004
-0.000125592
-0.000124244
-0.000122959
-0.000121737
-0.000120577
-0.000119479
-0.000118443
-0.000117468
-0.000116554
-0.000115699
-0.000114902
-0.000114162
-0.000113476
-0.000112843
-0.00011226
-0.000111724
-0.000111233
-0.000110785
-0.000110377
-0.000110007
-0.000109672
-0.000109372
-0.000109104
-0.000108867
-0.000108659
-0.000108478
-0.000108322
-0.000108187
-0.00010807
-0.000107967
-0.000107871
-0.000107779
-0.000107682
-0.000107578
-0.000107459
-0.000107324
-0.000107167
-0.000106988
-0.000106785
-0.000106557
-0.000106303
-0.000106023
-0.000105712
-0.000105371
-0.000104994
-0.00010458
-0.000104125
-0.000103626
-0.000103081
-0.000102496
-0.000101889
-0.000101301
-0.000100765
-0.000100391
-0.000100143
-0.00049526
-0.000495086
-0.000494331
-0.000493103
-0.000491591
-0.000489943
-0.000488282
-0.000486667
-0.000485118
-0.000483619
-0.000482147
-0.000480673
-0.000479177
-0.000477642
-0.000476062
-0.000474437
-0.00047277
-0.000471067
-0.00046933
-0.000467557
-0.000465738
-0.000463861
-0.000461903
-0.000459847
-0.000457669
-0.000455356
-0.000452892
-0.000450277
-0.000447509
-0.000444602
-0.000441567
-0.000438428
-0.000435205
-0.000431924
-0.000428609
-0.000425284
-0.000421969
-0.000418682
-0.000415438
-0.000412248
-0.000409122
-0.000406066
-0.000403082
-0.000400172
-0.000397337
-0.000394574
-0.000391881
-0.000389257
-0.000386698
-0.0003842
-0.000381759
-0.000379371
-0.000377029
-0.000374729
-0.000372465
-0.00037023
-0.000368016
-0.000365818
-0.000363628
-0.000361439
-0.000359245
-0.000357039
-0.000354816
-0.000352573
-0.000350302
-0.000348004
-0.000345673
-0.000343309
-0.000340909
-0.000338474
-0.000336
-0.00033349
-0.000330938
-0.000328348
-0.000325714
-0.00032304
-0.00032032
-0.000317556
-0.000314745
-0.000311887
-0.000308981
-0.000306028
-0.000303027
-0.000299981
-0.00029689
-0.000293758
-0.000290586
-0.000287379
-0.00028414
-0.000280874
-0.000277582
-0.000274272
-0.000270943
-0.000267602
-0.000264249
-0.000260889
-0.000257521
-0.00025415
-0.000250774
-0.000247396
-0.000244016
-0.000240637
-0.000237257
-0.00023388
-0.000230505
-0.000227137
-0.000223776
-0.000220426
-0.00021709
-0.000213771
-0.000210472
-0.000207197
-0.00020395
-0.000200735
-0.000197555
-0.000194413
-0.000191311
-0.000188254
-0.000185241
-0.000182277
-0.000179362
-0.000176497
-0.000173684
-0.000170924
-0.000168218
-0.000165566
-0.000162971
-0.000160432
-0.000157951
-0.000155528
-0.000153166
-0.000150864
-0.000148624
-0.000146446
-0.000144332
-0.000142282
-0.000140296
-0.000138375
-0.00013652
-0.000134729
-0.000133002
-0.00013134
-0.000129743
-0.000128209
-0.000126738
-0.000125331
-0.000123987
-0.000122705
-0.000121486
-0.000120329
-0.000119233
-0.000118199
-0.000117226
-0.000116313
-0.000115459
-0.000114663
-0.000113923
-0.000113238
-0.000112604
-0.00011202
-0.000111484
-0.000110992
-0.000110543
-0.000110133
-0.000109761
-0.000109424
-0.000109122
-0.000108852
-0.000108612
-0.000108401
-0.000108217
-0.000108057
-0.000107918
-0.000107796
-0.000107687
-0.000107586
-0.000107488
-0.000107385
-0.000107274
-0.000107149
-0.000107006
-0.000106842
-0.000106655
-0.000106443
-0.000106207
-0.000105943
-0.000105653
-0.000105331
-0.000104979
-0.00010459
-0.000104165
-0.000103699
-0.00010319
-0.000102637
-0.000102048
-0.000101439
-0.000100852
-0.000100318
-9.99463e-05
-9.96987e-05
-0.000493173
-0.000493011
-0.000492281
-0.000491083
-0.000489601
-0.000487977
-0.00048633
-0.000484722
-0.000483174
-0.000481672
-0.000480198
-0.000478724
-0.00047723
-0.000475702
-0.000474132
-0.000472519
-0.000470867
-0.000469179
-0.000467457
-0.000465698
-0.000463892
-0.000462027
-0.000460081
-0.000458036
-0.00045587
-0.000453568
-0.000451117
-0.000448515
-0.000445763
-0.000442871
-0.000439853
-0.00043673
-0.000433525
-0.000430261
-0.000426963
-0.000423654
-0.000420355
-0.000417083
-0.000413853
-0.000410676
-0.000407562
-0.000404516
-0.000401542
-0.000398641
-0.000395813
-0.000393057
-0.000390372
-0.000387753
-0.000385199
-0.000382705
-0.000380268
-0.000377883
-0.000375544
-0.000373247
-0.000370985
-0.000368753
-0.000366542
-0.000364348
-0.000362161
-0.000359977
-0.000357787
-0.000355588
-0.000353371
-0.000351135
-0.000348873
-0.000346583
-0.000344262
-0.000341909
-0.000339521
-0.000337098
-0.000334638
-0.000332141
-0.000329604
-0.000327028
-0.000324411
-0.000321752
-0.000319049
-0.000316303
-0.000313509
-0.00031067
-0.000307782
-0.000304848
-0.000301866
-0.00029884
-0.000295768
-0.000292657
-0.000289505
-0.000286319
-0.000283101
-0.000279855
-0.000276584
-0.000273294
-0.000269986
-0.000266666
-0.000263333
-0.000259993
-0.000256645
-0.000253293
-0.000249936
-0.000246578
-0.000243217
-0.000239856
-0.000236495
-0.000233136
-0.00022978
-0.00022643
-0.000223087
-0.000219755
-0.000216436
-0.000213134
-0.000209852
-0.000206594
-0.000203363
-0.000200164
-0.000196999
-0.000193872
-0.000190785
-0.000187742
-0.000184743
-0.000181792
-0.00017889
-0.000176038
-0.000173238
-0.00017049
-0.000167795
-0.000165155
-0.000162571
-0.000160043
-0.000157572
-0.000155159
-0.000152806
-0.000150513
-0.000148282
-0.000146113
-0.000144007
-0.000141964
-0.000139986
-0.000138072
-0.000136223
-0.000134438
-0.000132718
-0.000131061
-0.000129469
-0.00012794
-0.000126474
-0.000125071
-0.00012373
-0.000122452
-0.000121235
-0.000120081
-0.000118988
-0.000117956
-0.000116985
-0.000116073
-0.00011522
-0.000114425
-0.000113685
-0.000113
-0.000112366
-0.000111781
-0.000111244
-0.000110751
-0.000110301
-0.000109889
-0.000109516
-0.000109177
-0.000108873
-0.0001086
-0.000108358
-0.000108143
-0.000107956
-0.000107792
-0.000107648
-0.000107522
-0.000107408
-0.000107301
-0.000107197
-0.000107088
-0.000106971
-0.000106839
-0.000106689
-0.000106517
-0.000106323
-0.000106103
-0.000105857
-0.000105584
-0.000105284
-0.000104952
-0.000104588
-0.000104188
-0.000103752
-0.000103276
-0.000102758
-0.000102197
-0.000101604
-0.000100994
-0.000100408
-9.98766e-05
-9.95059e-05
-9.92587e-05
-0.000491095
-0.000490945
-0.000490239
-0.000489071
-0.000487617
-0.000486017
-0.000484385
-0.000482783
-0.000481235
-0.000479732
-0.000478255
-0.00047678
-0.000475289
-0.000473766
-0.000472206
-0.000470606
-0.000468967
-0.000467295
-0.000465587
-0.000463843
-0.00046205
-0.000460198
-0.000458264
-0.000456231
-0.000454076
-0.000451786
-0.000449349
-0.00044676
-0.000444023
-0.000441146
-0.000438145
-0.00043504
-0.000431851
-0.000428605
-0.000425324
-0.000422031
-0.000418747
-0.00041549
-0.000412274
-0.00040911
-0.000406007
-0.000402972
-0.000400008
-0.000397116
-0.000394296
-0.000391547
-0.000388867
-0.000386254
-0.000383705
-0.000381215
-0.000378782
-0.0003764
-0.000374065
-0.000371771
-0.000369512
-0.000367283
-0.000365075
-0.000362884
-0.000360701
-0.000358521
-0.000356337
-0.000354143
-0.000351933
-0.000349704
-0.00034745
-0.000345169
-0.000342858
-0.000340516
-0.00033814
-0.000335729
-0.000333282
-0.000330798
-0.000328276
-0.000325715
-0.000323113
-0.000320471
-0.000317784
-0.000315055
-0.000312279
-0.000309457
-0.000306588
-0.000303673
-0.00030071
-0.000297703
-0.000294652
-0.00029156
-0.000288429
-0.000285264
-0.000282065
-0.00027884
-0.00027559
-0.00027232
-0.000269033
-0.000265732
-0.00026242
-0.000259099
-0.000255771
-0.000252439
-0.000249101
-0.000245762
-0.00024242
-0.000239078
-0.000235736
-0.000232395
-0.000229057
-0.000225725
-0.0002224
-0.000219085
-0.000215784
-0.000212499
-0.000209233
-0.000205992
-0.000202777
-0.000199594
-0.000196444
-0.000193332
-0.00019026
-0.000187231
-0.000184246
-0.000181309
-0.00017842
-0.00017558
-0.000172792
-0.000170056
-0.000167374
-0.000164745
-0.000162171
-0.000159654
-0.000157193
-0.000154791
-0.000152447
-0.000150163
-0.000147941
-0.00014578
-0.000143682
-0.000141648
-0.000139676
-0.00013777
-0.000135927
-0.000134148
-0.000132433
-0.000130783
-0.000129195
-0.000127671
-0.000126209
-0.00012481
-0.000123474
-0.000122199
-0.000120986
-0.000119834
-0.000118743
-0.000117714
-0.000116744
-0.000115834
-0.000114982
-0.000114187
-0.000113448
-0.000112762
-0.000112128
-0.000111543
-0.000111005
-0.000110511
-0.000110059
-0.000109646
-0.000109271
-0.000108931
-0.000108624
-0.000108349
-0.000108104
-0.000107886
-0.000107695
-0.000107527
-0.00010738
-0.000107248
-0.000107129
-0.000107017
-0.000106907
-0.000106792
-0.000106668
-0.000106529
-0.000106372
-0.000106193
-0.000105991
-0.000105763
-0.000105509
-0.000105226
-0.000104916
-0.000104573
-0.000104199
-0.000103789
-0.000103342
-0.000102855
-0.000102328
-0.000101762
-0.000101164
-0.000100553
-9.99679e-05
-9.94394e-05
-9.907e-05
-9.88231e-05
-0.000489028
-0.000488889
-0.000488204
-0.000487065
-0.00048564
-0.000484062
-0.000482445
-0.00048085
-0.000479303
-0.000477797
-0.000476317
-0.000474841
-0.000473352
-0.000471835
-0.000470285
-0.000468696
-0.000467072
-0.000465414
-0.000463722
-0.000461992
-0.000460213
-0.000458374
-0.000456452
-0.00045443
-0.000452288
-0.000450011
-0.000447586
-0.000445012
-0.000442289
-0.000439429
-0.000436444
-0.000433355
-0.000430184
-0.000426955
-0.000423691
-0.000420414
-0.000417146
-0.000413903
-0.000410701
-0.000407549
-0.000404458
-0.000401434
-0.000398479
-0.000395595
-0.000392783
-0.000390041
-0.000387368
-0.00038476
-0.000382216
-0.000379731
-0.000377302
-0.000374924
-0.000372592
-0.000370301
-0.000368045
-0.000365819
-0.000363615
-0.000361427
-0.000359248
-0.000357072
-0.000354893
-0.000352705
-0.000350501
-0.000348279
-0.000346034
-0.000343762
-0.000341461
-0.00033913
-0.000336765
-0.000334366
-0.000331932
-0.000329462
-0.000326954
-0.000324408
-0.000321822
-0.000319195
-0.000316525
-0.000313813
-0.000311054
-0.00030825
-0.000305399
-0.000302503
-0.000299559
-0.000296572
-0.00029354
-0.000290468
-0.000287357
-0.000284212
-0.000281034
-0.000277829
-0.000274599
-0.00027135
-0.000268083
-0.000264802
-0.000261509
-0.000258209
-0.0002549
-0.000251587
-0.000248269
-0.000244949
-0.000241626
-0.000238302
-0.000234978
-0.000231656
-0.000228337
-0.000225022
-0.000221715
-0.000218418
-0.000215133
-0.000211865
-0.000208616
-0.000205391
-0.000202193
-0.000199025
-0.000195891
-0.000192794
-0.000189736
-0.000186721
-0.00018375
-0.000180826
-0.00017795
-0.000175124
-0.000172348
-0.000169624
-0.000166953
-0.000164336
-0.000161773
-0.000159266
-0.000156815
-0.000154423
-0.000152089
-0.000149814
-0.0001476
-0.000145448
-0.000143358
-0.000141331
-0.000139367
-0.000137467
-0.000135631
-0.000133859
-0.00013215
-0.000130505
-0.000128922
-0.000127403
-0.000125946
-0.000124551
-0.000123218
-0.000121947
-0.000120736
-0.000119588
-0.000118499
-0.000117472
-0.000116504
-0.000115595
-0.000114744
-0.00011395
-0.000113211
-0.000112525
-0.000111891
-0.000111306
-0.000110767
-0.000110272
-0.000109818
-0.000109404
-0.000109027
-0.000108685
-0.000108376
-0.000108098
-0.00010785
-0.00010763
-0.000107435
-0.000107263
-0.000107111
-0.000106975
-0.000106851
-0.000106733
-0.000106617
-0.000106496
-0.000106365
-0.00010622
-0.000106056
-0.000105869
-0.00010566
-0.000105423
-0.000105161
-0.000104869
-0.000104549
-0.000104196
-0.000103811
-0.00010339
-0.000102934
-0.000102437
-0.000101902
-0.000101329
-0.000100728
-0.000100116
-9.95326e-05
-9.90067e-05
-9.86386e-05
-9.83919e-05
-0.000486969
-0.00048684
-0.000486177
-0.000485066
-0.000483668
-0.000482113
-0.00048051
-0.000478922
-0.000477376
-0.000475867
-0.000474385
-0.000472908
-0.000471421
-0.00046991
-0.000468368
-0.000466791
-0.000465181
-0.000463538
-0.00046186
-0.000460145
-0.00045838
-0.000456554
-0.000454645
-0.000452636
-0.000450505
-0.000448241
-0.00044583
-0.00044327
-0.000440562
-0.000437718
-0.00043475
-0.000431678
-0.000428524
-0.000425311
-0.000422064
-0.000418803
-0.00041555
-0.000412322
-0.000409133
-0.000405994
-0.000402914
-0.0003999
-0.000396955
-0.00039408
-0.000391276
-0.000388541
-0.000385874
-0.000383272
-0.000380733
-0.000378253
-0.000375827
-0.000373453
-0.000371124
-0.000368837
-0.000366584
-0.000364361
-0.00036216
-0.000359976
-0.000357801
-0.00035563
-0.000353456
-0.000351273
-0.000349076
-0.000346862
-0.000344624
-0.000342362
-0.000340071
-0.00033775
-0.000335396
-0.00033301
-0.000330589
-0.000328132
-0.000325638
-0.000323108
-0.000320536
-0.000317926
-0.000315272
-0.000312576
-0.000309834
-0.000307049
-0.000304216
-0.000301338
-0.000298413
-0.000295445
-0.000292433
-0.000289381
-0.000286289
-0.000283164
-0.000280007
-0.000276822
-0.000273612
-0.000270383
-0.000267136
-0.000263875
-0.000260603
-0.000257321
-0.000254032
-0.000250739
-0.00024744
-0.000244138
-0.000240834
-0.000237529
-0.000234223
-0.000230919
-0.000227618
-0.000224321
-0.000221031
-0.000217752
-0.000214484
-0.000211233
-0.000208001
-0.000204792
-0.00020161
-0.000198457
-0.000195338
-0.000192256
-0.000189213
-0.000186212
-0.000183255
-0.000180345
-0.000177482
-0.000174668
-0.000171904
-0.000169192
-0.000166533
-0.000163927
-0.000161375
-0.000158879
-0.000156438
-0.000154056
-0.000151731
-0.000149466
-0.000147261
-0.000145117
-0.000143035
-0.000141016
-0.000139059
-0.000137166
-0.000135336
-0.00013357
-0.000131867
-0.000130227
-0.00012865
-0.000127135
-0.000125683
-0.000124292
-0.000122963
-0.000121695
-0.000120488
-0.000119342
-0.000118256
-0.00011723
-0.000116264
-0.000115356
-0.000114507
-0.000113713
-0.000112975
-0.000112289
-0.000111654
-0.000111068
-0.000110529
-0.000110033
-0.000109578
-0.000109162
-0.000108784
-0.000108439
-0.000108128
-0.000107848
-0.000107597
-0.000107373
-0.000107175
-0.000106999
-0.000106843
-0.000106702
-0.000106573
-0.00010645
-0.000106328
-0.0001062
-0.000106063
-0.000105911
-0.00010574
-0.000105546
-0.000105329
-0.000105084
-0.000104813
-0.000104513
-0.000104183
-0.00010382
-0.000103425
-0.000102994
-0.000102528
-0.000102022
-0.00010148
-0.000100901
-0.000100297
-9.9684e-05
-9.91016e-05
-9.85783e-05
-9.82114e-05
-9.79648e-05
-0.000484919
-0.0004848
-0.000484157
-0.000483073
-0.000481703
-0.000480169
-0.000478581
-0.000476999
-0.000475454
-0.000473943
-0.000472458
-0.00047098
-0.000469495
-0.000467989
-0.000466456
-0.000464891
-0.000463294
-0.000461665
-0.000460003
-0.000458302
-0.000456552
-0.000454739
-0.000452842
-0.000450846
-0.000448728
-0.000446477
-0.000444079
-0.000441534
-0.000438842
-0.000436013
-0.000433061
-0.000430006
-0.000426869
-0.000423674
-0.000420443
-0.000417198
-0.00041396
-0.000410746
-0.000407571
-0.000404444
-0.000401376
-0.000398372
-0.000395436
-0.00039257
-0.000389773
-0.000387046
-0.000384385
-0.000381789
-0.000379255
-0.000376779
-0.000374358
-0.000371987
-0.000369662
-0.000367378
-0.000365129
-0.000362909
-0.000360712
-0.000358531
-0.000356361
-0.000354194
-0.000352025
-0.000349849
-0.000347658
-0.000345451
-0.000343222
-0.000340969
-0.000338687
-0.000336377
-0.000334035
-0.000331661
-0.000329252
-0.000326809
-0.000324329
-0.000321813
-0.000319257
-0.000316662
-0.000314024
-0.000311345
-0.00030862
-0.000305852
-0.000303037
-0.000300178
-0.000297272
-0.000294323
-0.00029133
-0.000288297
-0.000285226
-0.000282121
-0.000278983
-0.000275819
-0.000272629
-0.00026942
-0.000266193
-0.000262952
-0.000259699
-0.000256437
-0.000253167
-0.000249893
-0.000246613
-0.00024333
-0.000240044
-0.000236758
-0.000233471
-0.000230185
-0.000226901
-0.000223622
-0.00022035
-0.000217087
-0.000213837
-0.000210603
-0.000207387
-0.000204195
-0.000201028
-0.000197891
-0.000194787
-0.00019172
-0.000188691
-0.000185705
-0.000182761
-0.000179864
-0.000177014
-0.000174213
-0.000171462
-0.000168762
-0.000166114
-0.000163519
-0.000160978
-0.000158492
-0.000156062
-0.000153689
-0.000151374
-0.000149118
-0.000146922
-0.000144786
-0.000142712
-0.0001407
-0.000138751
-0.000136865
-0.000135042
-0.000133282
-0.000131584
-0.00012995
-0.000128378
-0.000126868
-0.00012542
-0.000124033
-0.000122708
-0.000121443
-0.00012024
-0.000119096
-0.000118013
-0.000116989
-0.000116025
-0.000115119
-0.00011427
-0.000113477
-0.000112739
-0.000112053
-0.000111418
-0.000110832
-0.000110291
-0.000109794
-0.000109338
-0.000108921
-0.000108541
-0.000108194
-0.000107881
-0.000107598
-0.000107344
-0.000107118
-0.000106916
-0.000106736
-0.000106576
-0.00010643
-0.000106296
-0.000106167
-0.000106039
-0.000105905
-0.000105762
-0.000105603
-0.000105425
-0.000105224
-0.000104999
-0.000104746
-0.000104467
-0.000104157
-0.000103818
-0.000103446
-0.000103041
-0.0001026
-0.000102124
-0.00010161
-0.00010106
-0.000100476
-9.98686e-05
-9.92558e-05
-9.86748e-05
-9.81541e-05
-9.77884e-05
-9.75419e-05
-0.000482877
-0.000482767
-0.000482144
-0.000481087
-0.000479742
-0.00047823
-0.000476656
-0.000475082
-0.000473537
-0.000472024
-0.000470537
-0.000469057
-0.000467574
-0.000466073
-0.000464548
-0.000462994
-0.000461411
-0.000459797
-0.000458149
-0.000456464
-0.000454728
-0.000452928
-0.000451045
-0.000449061
-0.000446957
-0.000444718
-0.000442335
-0.000439804
-0.000437127
-0.000434314
-0.000431379
-0.000428341
-0.000425221
-0.000422042
-0.000418828
-0.000415599
-0.000412376
-0.000409176
-0.000406014
-0.0004029
-0.000399843
-0.000396849
-0.000393923
-0.000391065
-0.000388276
-0.000385555
-0.000382901
-0.000380311
-0.000377782
-0.000375311
-0.000372894
-0.000370528
-0.000368206
-0.000365926
-0.00036368
-0.000361463
-0.00035927
-0.000357093
-0.000354927
-0.000352765
-0.000350601
-0.00034843
-0.000346247
-0.000344047
-0.000341826
-0.000339582
-0.00033731
-0.00033501
-0.000332679
-0.000330317
-0.000327921
-0.000325492
-0.000323026
-0.000320524
-0.000317983
-0.000315404
-0.000312782
-0.000310119
-0.000307412
-0.000304661
-0.000301864
-0.000299023
-0.000296135
-0.000293205
-0.000290231
-0.000287218
-0.000284166
-0.000281081
-0.000277963
-0.000274819
-0.000271649
-0.00026846
-0.000265253
-0.000262032
-0.000258798
-0.000255556
-0.000252305
-0.00024905
-0.000245789
-0.000242525
-0.000239257
-0.000235989
-0.00023272
-0.000229452
-0.000226186
-0.000222925
-0.00021967
-0.000216425
-0.000213191
-0.000209974
-0.000206775
-0.000203598
-0.000200448
-0.000197326
-0.000194238
-0.000191185
-0.000188171
-0.000185198
-0.000182269
-0.000179385
-0.000176548
-0.000173759
-0.00017102
-0.000168332
-0.000165695
-0.000163112
-0.000160582
-0.000158106
-0.000155687
-0.000153323
-0.000151018
-0.000148771
-0.000146583
-0.000144456
-0.00014239
-0.000140386
-0.000138444
-0.000136565
-0.000134748
-0.000132994
-0.000131303
-0.000129674
-0.000128107
-0.000126602
-0.000125158
-0.000123775
-0.000122454
-0.000121193
-0.000119992
-0.000118851
-0.000117771
-0.000116749
-0.000115786
-0.000114881
-0.000114034
-0.000113242
-0.000112504
-0.000111818
-0.000111183
-0.000110596
-0.000110055
-0.000109556
-0.000109099
-0.00010868
-0.000108298
-0.00010795
-0.000107634
-0.000107349
-0.000107092
-0.000106862
-0.000106657
-0.000106473
-0.000106309
-0.000106158
-0.000106019
-0.000105884
-0.00010575
-0.000105611
-0.000105461
-0.000105295
-0.00010511
-0.000104902
-0.000104669
-0.000104409
-0.000104121
-0.000103803
-0.000103454
-0.000103073
-0.000102658
-0.000102208
-0.000101723
-0.0001012
-0.000100643
-0.000100054
-9.94445e-05
-9.88316e-05
-9.82522e-05
-9.77341e-05
-9.73695e-05
-9.7123e-05
-0.000480843
-0.000480742
-0.000480138
-0.000479106
-0.000477787
-0.000476296
-0.000474736
-0.000473169
-0.000471626
-0.000470111
-0.000468621
-0.00046714
-0.000465658
-0.000464162
-0.000462645
-0.000461102
-0.000459532
-0.000457933
-0.0004563
-0.000454629
-0.000452908
-0.000451122
-0.000449252
-0.000447282
-0.00044519
-0.000442966
-0.000440596
-0.00043808
-0.000435418
-0.000432622
-0.000429703
-0.000426682
-0.000423579
-0.000420417
-0.000417218
-0.000414005
-0.000410797
-0.000407612
-0.000404462
-0.000401361
-0.000398314
-0.000395331
-0.000392415
-0.000389565
-0.000386784
-0.000384071
-0.000381423
-0.000378838
-0.000376315
-0.000373849
-0.000371436
-0.000369073
-0.000366756
-0.000364479
-0.000362236
-0.000360023
-0.000357833
-0.000355661
-0.000353499
-0.000351342
-0.000349183
-0.000347019
-0.000344842
-0.000342649
-0.000340436
-0.000338201
-0.000335939
-0.00033365
-0.00033133
-0.00032898
-0.000326597
-0.000324181
-0.000321728
-0.000319241
-0.000316715
-0.000314151
-0.000311545
-0.000308899
-0.000306209
-0.000303475
-0.000300696
-0.000297872
-0.000295003
-0.000292092
-0.000289137
-0.000286144
-0.000283111
-0.000280046
-0.000276948
-0.000273823
-0.000270673
-0.000267504
-0.000264316
-0.000261115
-0.0002579
-0.000254678
-0.000251446
-0.000248209
-0.000244967
-0.000241722
-0.000238473
-0.000235223
-0.000231972
-0.000228722
-0.000225474
-0.00022223
-0.000218992
-0.000215764
-0.000212548
-0.000209347
-0.000206164
-0.000203004
-0.000199869
-0.000196763
-0.000193689
-0.000190652
-0.000187652
-0.000184693
-0.000181777
-0.000178906
-0.000176082
-0.000173306
-0.000170579
-0.000167903
-0.000165278
-0.000162706
-0.000160186
-0.000157722
-0.000155312
-0.000152958
-0.000150662
-0.000148424
-0.000146245
-0.000144127
-0.000142069
-0.000140072
-0.000138137
-0.000136265
-0.000134455
-0.000132707
-0.000131021
-0.000129398
-0.000127836
-0.000126336
-0.000124896
-0.000123518
-0.0001222
-0.000120943
-0.000119745
-0.000118607
-0.000117529
-0.000116509
-0.000115548
-0.000114645
-0.000113798
-0.000113007
-0.000112269
-0.000111584
-0.000110948
-0.000110361
-0.000109818
-0.000109319
-0.000108861
-0.00010844
-0.000108056
-0.000107706
-0.000107388
-0.0001071
-0.000106841
-0.000106608
-0.000106399
-0.000106211
-0.000106042
-0.000105887
-0.000105742
-0.000105602
-0.000105462
-0.000105317
-0.00010516
-0.000104988
-0.000104796
-0.000104581
-0.00010434
-0.000104072
-0.000103776
-0.000103449
-0.000103092
-0.000102701
-0.000102277
-0.000101817
-0.000101323
-0.000100793
-0.00010023
-9.96362e-05
-9.90242e-05
-9.84113e-05
-9.78336e-05
-9.7318e-05
-9.69546e-05
-9.67079e-05
-0.000478817
-0.000478724
-0.000478138
-0.000477131
-0.000475836
-0.000474367
-0.000472821
-0.000471261
-0.000469719
-0.000468203
-0.00046671
-0.000465228
-0.000463748
-0.000462256
-0.000460747
-0.000459215
-0.000457658
-0.000456073
-0.000454455
-0.000452799
-0.000451092
-0.00044932
-0.000447464
-0.000445507
-0.000443429
-0.000441218
-0.000438863
-0.000436361
-0.000433715
-0.000430935
-0.000428033
-0.000425029
-0.000421942
-0.000418797
-0.000415615
-0.000412417
-0.000409224
-0.000406052
-0.000402916
-0.000399827
-0.000396792
-0.000393819
-0.000390911
-0.000388071
-0.000385297
-0.000382591
-0.000379949
-0.000377371
-0.000374853
-0.000372391
-0.000369983
-0.000367625
-0.000365311
-0.000363038
-0.000360799
-0.00035859
-0.000356403
-0.000354235
-0.000352077
-0.000349925
-0.000347772
-0.000345613
-0.000343443
-0.000341258
-0.000339053
-0.000336827
-0.000334575
-0.000332296
-0.000329988
-0.00032765
-0.000325279
-0.000322876
-0.000320437
-0.000317964
-0.000315453
-0.000312904
-0.000310314
-0.000307684
-0.000305011
-0.000302294
-0.000299532
-0.000296727
-0.000293876
-0.000290983
-0.000288048
-0.000285073
-0.00028206
-0.000279014
-0.000275936
-0.000272831
-0.000269701
-0.000266551
-0.000263383
-0.000260201
-0.000257006
-0.000253802
-0.00025059
-0.000247372
-0.000244148
-0.000240921
-0.000237691
-0.000234459
-0.000231226
-0.000227994
-0.000224763
-0.000221537
-0.000218316
-0.000215105
-0.000211906
-0.000208721
-0.000205555
-0.00020241
-0.000199291
-0.000196201
-0.000193142
-0.000190119
-0.000187134
-0.000184189
-0.000181287
-0.000178429
-0.000175618
-0.000172854
-0.00017014
-0.000167475
-0.000164862
-0.0001623
-0.000159792
-0.000157337
-0.000154938
-0.000152594
-0.000150307
-0.000148079
-0.000145908
-0.000143798
-0.000141748
-0.000139759
-0.000137832
-0.000135966
-0.000134162
-0.00013242
-0.000130741
-0.000129123
-0.000127566
-0.00012607
-0.000124636
-0.000123261
-0.000121947
-0.000120693
-0.000119499
-0.000118364
-0.000117288
-0.00011627
-0.000115311
-0.000114409
-0.000113563
-0.000112772
-0.000112035
-0.00011135
-0.000110714
-0.000110126
-0.000109583
-0.000109082
-0.000108623
-0.000108201
-0.000107815
-0.000107463
-0.000107142
-0.000106852
-0.00010659
-0.000106353
-0.000106141
-0.000105949
-0.000105776
-0.000105616
-0.000105466
-0.000105321
-0.000105175
-0.000105023
-0.00010486
-0.000104681
-0.000104483
-0.00010426
-0.000104012
-0.000103736
-0.000103432
-0.000103096
-0.00010273
-0.00010233
-0.000101897
-0.000101429
-0.000100927
-0.000100389
-9.98195e-05
-9.92215e-05
-9.86075e-05
-9.79948e-05
-9.74189e-05
-9.69059e-05
-9.65435e-05
-9.62966e-05
-0.000476799
-0.000476713
-0.000476144
-0.000475161
-0.000473891
-0.000472442
-0.00047091
-0.000469357
-0.000467817
-0.0004663
-0.000464805
-0.000463322
-0.000461842
-0.000460355
-0.000458854
-0.000457333
-0.000455788
-0.000454217
-0.000452614
-0.000450973
-0.000449281
-0.000447523
-0.000445681
-0.000443738
-0.000441673
-0.000439476
-0.000437135
-0.000434649
-0.000432018
-0.000429254
-0.000426369
-0.000423381
-0.000420312
-0.000417183
-0.000414017
-0.000410835
-0.000407657
-0.000404499
-0.000401376
-0.000398298
-0.000395274
-0.000392312
-0.000389413
-0.000386581
-0.000383816
-0.000381116
-0.000378481
-0.000375909
-0.000373396
-0.000370939
-0.000368536
-0.000366182
-0.000363872
-0.000361602
-0.000359367
-0.000357162
-0.00035498
-0.000352815
-0.000350662
-0.000348515
-0.000346367
-0.000344215
-0.000342051
-0.000339874
-0.000337677
-0.00033546
-0.000333217
-0.000330949
-0.000328651
-0.000326325
-0.000323967
-0.000321577
-0.000319152
-0.000316693
-0.000314197
-0.000311663
-0.000309089
-0.000306475
-0.000303818
-0.000301118
-0.000298374
-0.000295586
-0.000292754
-0.00028988
-0.000286963
-0.000284007
-0.000281014
-0.000277987
-0.000274928
-0.000271843
-0.000268732
-0.000265602
-0.000262453
-0.00025929
-0.000256115
-0.00025293
-0.000249736
-0.000246537
-0.000243332
-0.000240124
-0.000236911
-0.000233697
-0.000230482
-0.000227267
-0.000224054
-0.000220846
-0.000217642
-0.000214448
-0.000211265
-0.000208097
-0.000204947
-0.000201819
-0.000198715
-0.00019564
-0.000192597
-0.000189588
-0.000186617
-0.000183686
-0.000180797
-0.000177953
-0.000175154
-0.000172403
-0.000169701
-0.000167048
-0.000164446
-0.000161896
-0.000159398
-0.000156954
-0.000154565
-0.000152231
-0.000149953
-0.000147734
-0.000145572
-0.00014347
-0.000141428
-0.000139447
-0.000137526
-0.000135667
-0.00013387
-0.000132135
-0.000130461
-0.000128848
-0.000127296
-0.000125806
-0.000124375
-0.000123005
-0.000121695
-0.000120444
-0.000119253
-0.00011812
-0.000117047
-0.000116032
-0.000115074
-0.000114173
-0.000113329
-0.000112539
-0.000111802
-0.000111116
-0.00011048
-0.000109892
-0.000109348
-0.000108846
-0.000108385
-0.000107962
-0.000107574
-0.00010722
-0.000106897
-0.000106604
-0.000106339
-0.000106099
-0.000105883
-0.000105688
-0.00010551
-0.000105345
-0.00010519
-0.000105039
-0.000104888
-0.00010473
-0.000104561
-0.000104375
-0.000104169
-0.00010394
-0.000103685
-0.000103401
-0.000103088
-0.000102744
-0.00010237
-0.000101961
-0.000101519
-0.000101042
-0.000100532
-9.99872e-05
-9.9412e-05
-9.88102e-05
-9.81944e-05
-9.75821e-05
-9.70081e-05
-9.64975e-05
-9.61361e-05
-9.5889e-05
-0.000474787
-0.000474709
-0.000474157
-0.000473197
-0.000471951
-0.000470522
-0.000469004
-0.000467458
-0.00046592
-0.000464401
-0.000462904
-0.00046142
-0.000459942
-0.000458459
-0.000456966
-0.000455455
-0.000453922
-0.000452366
-0.000450778
-0.000449152
-0.000447474
-0.000445731
-0.000443903
-0.000441973
-0.000439923
-0.00043774
-0.000435413
-0.000432942
-0.000430327
-0.000427579
-0.000424711
-0.00042174
-0.000418687
-0.000415575
-0.000412425
-0.000409259
-0.000406095
-0.000402951
-0.000399841
-0.000396775
-0.000393762
-0.000390809
-0.00038792
-0.000385097
-0.000382339
-0.000379647
-0.000377018
-0.000374452
-0.000371944
-0.000369493
-0.000367094
-0.000364744
-0.000362438
-0.000360173
-0.000357942
-0.00035574
-0.000353562
-0.000351402
-0.000349253
-0.000347111
-0.000344969
-0.000342822
-0.000340666
-0.000338496
-0.000336307
-0.000334099
-0.000331866
-0.000329608
-0.000327321
-0.000325007
-0.000322661
-0.000320284
-0.000317873
-0.000315428
-0.000312946
-0.000310428
-0.000307869
-0.000305271
-0.00030263
-0.000299948
-0.000297221
-0.000294451
-0.000291636
-0.00028878
-0.000285882
-0.000282945
-0.000279971
-0.000276963
-0.000273924
-0.000270858
-0.000267767
-0.000264656
-0.000261526
-0.000258383
-0.000255226
-0.000252061
-0.000248886
-0.000245705
-0.000242519
-0.000239328
-0.000236134
-0.000232938
-0.00022974
-0.000226544
-0.000223348
-0.000220156
-0.00021697
-0.000213793
-0.000210627
-0.000207475
-0.000204341
-0.000201229
-0.000198141
-0.000195081
-0.000192052
-0.000189058
-0.000186101
-0.000183184
-0.000180309
-0.000177478
-0.000174692
-0.000171954
-0.000169263
-0.000166622
-0.000164032
-0.000161492
-0.000159005
-0.000156572
-0.000154192
-0.000151868
-0.0001496
-0.000147389
-0.000145237
-0.000143143
-0.000141109
-0.000139135
-0.000137222
-0.00013537
-0.000133579
-0.00013185
-0.000130181
-0.000128574
-0.000127028
-0.000125542
-0.000124116
-0.00012275
-0.000121443
-0.000120196
-0.000119008
-0.000117878
-0.000116807
-0.000115794
-0.000114838
-0.000113938
-0.000113095
-0.000112305
-0.000111569
-0.000110884
-0.000110247
-0.000109658
-0.000109113
-0.000108611
-0.000108148
-0.000107723
-0.000107334
-0.000106977
-0.000106652
-0.000106357
-0.000106089
-0.000105846
-0.000105626
-0.000105427
-0.000105244
-0.000105075
-0.000104915
-0.000104758
-0.000104601
-0.000104437
-0.000104262
-0.000104069
-0.000103857
-0.00010362
-0.000103358
-0.000103066
-0.000102746
-0.000102394
-0.00010201
-0.000101593
-0.000101143
-0.000100658
-0.00010014
-9.95881e-05
-9.90075e-05
-9.84021e-05
-9.77848e-05
-9.7173e-05
-9.66009e-05
-9.60927e-05
-9.57323e-05
-9.54848e-05
-0.000472783
-0.000472711
-0.000472175
-0.000471238
-0.000470015
-0.000468606
-0.000467102
-0.000465564
-0.000464028
-0.000462509
-0.00046101
-0.000459524
-0.000458048
-0.000456569
-0.000455082
-0.000453582
-0.000452062
-0.000450519
-0.000448946
-0.000447335
-0.000445672
-0.000443944
-0.000442129
-0.000440214
-0.000438177
-0.000436009
-0.000433697
-0.000431241
-0.000428642
-0.000425911
-0.000423058
-0.000420105
-0.000417069
-0.000413973
-0.000410839
-0.000407688
-0.000404539
-0.000401408
-0.000398311
-0.000395258
-0.000392255
-0.000389313
-0.000386433
-0.000383618
-0.000380868
-0.000378182
-0.000375561
-0.000373
-0.000370498
-0.000368052
-0.000365657
-0.000363312
-0.000361011
-0.000358749
-0.000356522
-0.000354324
-0.00035215
-0.000349994
-0.00034785
-0.000345713
-0.000343577
-0.000341436
-0.000339286
-0.000337124
-0.000334944
-0.000332744
-0.000330521
-0.000328273
-0.000325998
-0.000323695
-0.000321361
-0.000318997
-0.000316599
-0.000314169
-0.000311701
-0.000309198
-0.000306655
-0.000304073
-0.000301448
-0.000298782
-0.000296072
-0.00029332
-0.000290523
-0.000287686
-0.000284806
-0.000281888
-0.000278932
-0.000275944
-0.000272924
-0.000269877
-0.000266805
-0.000263714
-0.000260603
-0.000257479
-0.000254341
-0.000251194
-0.000248038
-0.000244876
-0.000241708
-0.000238536
-0.000235359
-0.000232181
-0.000229001
-0.000225822
-0.000222643
-0.000219469
-0.0002163
-0.000213139
-0.00020999
-0.000206855
-0.000203737
-0.00020064
-0.000197567
-0.000194523
-0.000191509
-0.00018853
-0.000185587
-0.000182684
-0.000179822
-0.000177004
-0.000174231
-0.000171505
-0.000168826
-0.000166197
-0.000163618
-0.00016109
-0.000158614
-0.00015619
-0.000153821
-0.000151506
-0.000149248
-0.000147046
-0.000144902
-0.000142816
-0.00014079
-0.000138824
-0.000136918
-0.000135073
-0.000133288
-0.000131565
-0.000129903
-0.000128301
-0.000126759
-0.000125278
-0.000123857
-0.000122495
-0.000121192
-0.000119948
-0.000118763
-0.000117636
-0.000116567
-0.000115556
-0.000114602
-0.000113704
-0.000112861
-0.000112073
-0.000111337
-0.000110651
-0.000110015
-0.000109425
-0.00010888
-0.000108376
-0.000107912
-0.000107485
-0.000107094
-0.000106736
-0.000106408
-0.00010611
-0.000105839
-0.000105593
-0.00010537
-0.000105166
-0.000104979
-0.000104805
-0.00010464
-0.000104478
-0.000104315
-0.000104145
-0.000103963
-0.000103764
-0.000103545
-0.000103301
-0.000103031
-0.000102732
-0.000102404
-0.000102044
-0.000101652
-0.000101227
-0.000100768
-0.000100275
-9.97496e-05
-9.91916e-05
-9.86059e-05
-9.79972e-05
-9.73786e-05
-9.67675e-05
-9.61973e-05
-9.56915e-05
-9.53321e-05
-9.50841e-05
-0.000470786
-0.00047072
-0.0004702
-0.000469284
-0.000468084
-0.000466695
-0.000465205
-0.000463674
-0.000462141
-0.000460621
-0.00045912
-0.000457634
-0.000456158
-0.000454684
-0.000453204
-0.000451714
-0.000450206
-0.000448677
-0.000447119
-0.000445523
-0.000443875
-0.000442161
-0.000440361
-0.00043846
-0.000436437
-0.000434283
-0.000431986
-0.000429546
-0.000426963
-0.000424248
-0.000421412
-0.000418475
-0.000415456
-0.000412376
-0.000409258
-0.000406122
-0.000402988
-0.000399871
-0.000396786
-0.000393745
-0.000390754
-0.000387821
-0.000384951
-0.000382144
-0.000379402
-0.000376723
-0.000374108
-0.000371553
-0.000369057
-0.000366616
-0.000364227
-0.000361886
-0.000359588
-0.000357331
-0.000355108
-0.000352914
-0.000350744
-0.000348593
-0.000346454
-0.000344322
-0.000342191
-0.000340057
-0.000337914
-0.000335759
-0.000333587
-0.000331396
-0.000329182
-0.000326945
-0.00032468
-0.000322389
-0.000320068
-0.000317716
-0.000315332
-0.000312915
-0.000310462
-0.000307974
-0.000305446
-0.00030288
-0.000300271
-0.000297622
-0.000294929
-0.000292194
-0.000289415
-0.000286596
-0.000283734
-0.000280835
-0.000277898
-0.000274929
-0.000271928
-0.0002689
-0.000265848
-0.000262775
-0.000259684
-0.000256578
-0.000253459
-0.000250331
-0.000247194
-0.00024405
-0.0002409
-0.000237745
-0.000234587
-0.000231427
-0.000228264
-0.000225102
-0.000221941
-0.000218784
-0.000215632
-0.000212488
-0.000209355
-0.000206236
-0.000203134
-0.000200053
-0.000196996
-0.000193967
-0.000190968
-0.000188003
-0.000185074
-0.000182185
-0.000179336
-0.000176531
-0.000173771
-0.000171057
-0.000168391
-0.000165773
-0.000163205
-0.000160688
-0.000158223
-0.00015581
-0.00015345
-0.000151145
-0.000148896
-0.000146703
-0.000144568
-0.00014249
-0.000140472
-0.000138513
-0.000136615
-0.000134776
-0.000132998
-0.000131281
-0.000129624
-0.000128028
-0.000126492
-0.000125015
-0.000123598
-0.00012224
-0.000120941
-0.000119701
-0.000118519
-0.000117395
-0.000116328
-0.000115319
-0.000114367
-0.00011347
-0.000112629
-0.000111841
-0.000111105
-0.00011042
-0.000109783
-0.000109193
-0.000108646
-0.000108142
-0.000107676
-0.000107248
-0.000106855
-0.000106494
-0.000106165
-0.000105864
-0.00010559
-0.00010534
-0.000105113
-0.000104906
-0.000104715
-0.000104536
-0.000104366
-0.000104198
-0.000104029
-0.000103853
-0.000103665
-0.000103459
-0.000103233
-0.000102983
-0.000102706
-0.000102399
-0.000102063
-0.000101695
-0.000101295
-0.000100862
-0.000100395
-9.98942e-05
-9.93616e-05
-9.87976e-05
-9.82071e-05
-9.75954e-05
-9.69757e-05
-9.63654e-05
-9.57972e-05
-9.52936e-05
-9.49352e-05
-9.46867e-05
-0.000468795
-0.000468735
-0.00046823
-0.000467336
-0.000466158
-0.000464788
-0.000463312
-0.000461789
-0.000460259
-0.000458738
-0.000457236
-0.000455749
-0.000454275
-0.000452804
-0.000451332
-0.000449851
-0.000448355
-0.00044684
-0.000445296
-0.000443715
-0.000442082
-0.000440383
-0.000438598
-0.000436711
-0.000434703
-0.000432563
-0.000430282
-0.000427857
-0.00042529
-0.000422591
-0.000419772
-0.000416851
-0.000413849
-0.000410786
-0.000407684
-0.000404563
-0.000401443
-0.00039834
-0.000395268
-0.000392238
-0.000389258
-0.000386335
-0.000383474
-0.000380675
-0.000377941
-0.00037527
-0.000372661
-0.000370113
-0.000367622
-0.000365186
-0.000362801
-0.000360465
-0.000358172
-0.000355919
-0.0003537
-0.000351511
-0.000349345
-0.000347198
-0.000345064
-0.000342937
-0.000340812
-0.000338684
-0.000336548
-0.0003344
-0.000332236
-0.000330054
-0.00032785
-0.000325623
-0.000323369
-0.00032109
-0.00031878
-0.000316442
-0.00031407
-0.000311667
-0.000309229
-0.000306755
-0.000304242
-0.000301692
-0.0002991
-0.000296467
-0.000293791
-0.000291073
-0.000288312
-0.00028551
-0.000282667
-0.000279786
-0.000276868
-0.000273917
-0.000270935
-0.000267927
-0.000264893
-0.00026184
-0.000258767
-0.000255681
-0.000252581
-0.000249471
-0.000246352
-0.000243226
-0.000240094
-0.000236958
-0.000233817
-0.000230675
-0.00022753
-0.000224385
-0.000221241
-0.000218101
-0.000214965
-0.000211838
-0.000208721
-0.000205619
-0.000202533
-0.000199467
-0.000196426
-0.000193412
-0.000190427
-0.000187477
-0.000184562
-0.000181687
-0.000178852
-0.00017606
-0.000173312
-0.000170611
-0.000167956
-0.00016535
-0.000162794
-0.000160287
-0.000157832
-0.00015543
-0.00015308
-0.000150785
-0.000148545
-0.000146361
-0.000144234
-0.000142165
-0.000140155
-0.000138204
-0.000136312
-0.000134481
-0.000132709
-0.000130998
-0.000129347
-0.000127756
-0.000126225
-0.000124753
-0.00012334
-0.000121987
-0.000120691
-0.000119454
-0.000118275
-0.000117154
-0.00011609
-0.000115083
-0.000114133
-0.000113237
-0.000112397
-0.00011161
-0.000110874
-0.000110189
-0.000109552
-0.000108961
-0.000108414
-0.000107908
-0.000107441
-0.000107011
-0.000106616
-0.000106254
-0.000105922
-0.000105618
-0.000105341
-0.000105088
-0.000104858
-0.000104646
-0.000104451
-0.000104267
-0.000104091
-0.000103919
-0.000103744
-0.000103561
-0.000103367
-0.000103155
-0.000102923
-0.000102665
-0.000102381
-0.000102067
-0.000101723
-0.000101347
-0.00010094
-0.000100498
-0.000100023
-9.95153e-05
-9.89759e-05
-9.8406e-05
-9.78112e-05
-9.71967e-05
-9.65761e-05
-9.59666e-05
-9.54004e-05
-9.48992e-05
-9.45417e-05
-9.42926e-05
-0.000466811
-0.000466757
-0.000466266
-0.000465392
-0.000464236
-0.000462885
-0.000461423
-0.000459908
-0.000458381
-0.000456861
-0.000455357
-0.00045387
-0.000452397
-0.00045093
-0.000449465
-0.000447993
-0.00044651
-0.000445008
-0.000443479
-0.000441912
-0.000440294
-0.00043861
-0.000436839
-0.000434967
-0.000432974
-0.000430849
-0.000428582
-0.000426173
-0.000423622
-0.000420939
-0.000418137
-0.000415234
-0.000412248
-0.000409201
-0.000406115
-0.000403009
-0.000399903
-0.000396814
-0.000393754
-0.000390736
-0.000387767
-0.000384855
-0.000382002
-0.000379212
-0.000376486
-0.000373822
-0.00037122
-0.000368677
-0.000366192
-0.000363761
-0.000361382
-0.00035905
-0.000356762
-0.000354513
-0.000352298
-0.000350113
-0.000347952
-0.000345809
-0.00034368
-0.000341558
-0.000339439
-0.000337317
-0.000335188
-0.000333048
-0.000330892
-0.000328719
-0.000326524
-0.000324307
-0.000322065
-0.000319796
-0.000317499
-0.000315173
-0.000312815
-0.000310426
-0.000308001
-0.000305542
-0.000303044
-0.000300509
-0.000297933
-0.000295317
-0.000292657
-0.000289957
-0.000287213
-0.000284429
-0.000281604
-0.000278741
-0.000275842
-0.00027291
-0.000269947
-0.000266957
-0.000263943
-0.000260908
-0.000257854
-0.000254787
-0.000251705
-0.000248614
-0.000245513
-0.000242406
-0.000239291
-0.000236173
-0.00023305
-0.000229925
-0.000226797
-0.00022367
-0.000220543
-0.000217419
-0.000214301
-0.00021119
-0.00020809
-0.000205003
-0.000201933
-0.000198884
-0.000195857
-0.000192858
-0.000189889
-0.000186952
-0.000184052
-0.00018119
-0.000178368
-0.000175589
-0.000172854
-0.000170165
-0.000167523
-0.000164928
-0.000162383
-0.000159888
-0.000157443
-0.000155051
-0.000152712
-0.000150426
-0.000148195
-0.00014602
-0.000143902
-0.000141841
-0.000139839
-0.000137895
-0.00013601
-0.000134186
-0.000132421
-0.000130716
-0.00012907
-0.000127485
-0.000125959
-0.000124492
-0.000123083
-0.000121734
-0.000120442
-0.000119209
-0.000118033
-0.000116914
-0.000115853
-0.000114848
-0.000113899
-0.000113005
-0.000112165
-0.000111379
-0.000110644
-0.000109959
-0.000109321
-0.00010873
-0.000108182
-0.000107675
-0.000107207
-0.000106775
-0.000106378
-0.000106013
-0.000105679
-0.000105373
-0.000105093
-0.000104837
-0.000104602
-0.000104387
-0.000104187
-0.000103999
-0.000103818
-0.000103639
-0.000103459
-0.000103271
-0.00010307
-0.000102852
-0.000102612
-0.000102348
-0.000102056
-0.000101735
-0.000101384
-0.000101
-0.000100585
-0.000100135
-9.96535e-05
-9.91382e-05
-9.85923e-05
-9.8017e-05
-9.74179e-05
-9.6801e-05
-9.61796e-05
-9.55711e-05
-9.5007e-05
-9.45079e-05
-9.41513e-05
-9.39015e-05
-0.000464834
-0.000464785
-0.000464308
-0.000463454
-0.000462319
-0.000460987
-0.000459539
-0.000458032
-0.000456509
-0.000454988
-0.000453484
-0.000451996
-0.000450524
-0.000449061
-0.000447603
-0.000446141
-0.000444669
-0.000443181
-0.000441666
-0.000440115
-0.000438512
-0.000436842
-0.000435086
-0.000433229
-0.00043125
-0.00042914
-0.000426889
-0.000424495
-0.00042196
-0.000419294
-0.000416509
-0.000413622
-0.000410652
-0.000407622
-0.000404551
-0.000401461
-0.00039837
-0.000395293
-0.000392247
-0.00038924
-0.000386282
-0.000383379
-0.000380536
-0.000377755
-0.000375036
-0.000372379
-0.000369784
-0.000367247
-0.000364768
-0.000362343
-0.000359968
-0.000357641
-0.000355357
-0.000353112
-0.000350902
-0.000348721
-0.000346565
-0.000344427
-0.000342302
-0.000340186
-0.000338072
-0.000335957
-0.000333834
-0.000331702
-0.000329554
-0.00032739
-0.000325205
-0.000322998
-0.000320766
-0.000318509
-0.000316224
-0.00031391
-0.000311565
-0.00030919
-0.000306779
-0.000304334
-0.000301852
-0.000299332
-0.000296772
-0.000294172
-0.000291529
-0.000288845
-0.000286119
-0.000283353
-0.000280545
-0.000277701
-0.00027482
-0.000271907
-0.000268962
-0.000265991
-0.000262996
-0.00025998
-0.000256945
-0.000253896
-0.000250833
-0.00024776
-0.000244677
-0.000241588
-0.000238492
-0.000235391
-0.000232285
-0.000229178
-0.000226067
-0.000222957
-0.000219847
-0.00021674
-0.000213638
-0.000210544
-0.00020746
-0.00020439
-0.000201335
-0.000198301
-0.00019529
-0.000192306
-0.000189351
-0.000186429
-0.000183543
-0.000180694
-0.000177886
-0.00017512
-0.000172398
-0.000169721
-0.00016709
-0.000164507
-0.000161973
-0.000159489
-0.000157055
-0.000154673
-0.000152344
-0.000150068
-0.000147846
-0.00014568
-0.00014357
-0.000141518
-0.000139523
-0.000137587
-0.000135709
-0.000133891
-0.000132133
-0.000130434
-0.000128794
-0.000127214
-0.000125693
-0.000124231
-0.000122827
-0.000121481
-0.000120194
-0.000118963
-0.000117791
-0.000116675
-0.000115616
-0.000114613
-0.000113666
-0.000112773
-0.000111935
-0.000111149
-0.000110414
-0.000109729
-0.000109091
-0.000108499
-0.00010795
-0.000107442
-0.000106973
-0.00010654
-0.000106141
-0.000105774
-0.000105437
-0.000105128
-0.000104845
-0.000104586
-0.000104348
-0.000104128
-0.000103924
-0.000103731
-0.000103545
-0.000103361
-0.000103175
-0.00010298
-0.000102773
-0.000102548
-0.000102302
-0.000102031
-0.000101733
-0.000101404
-0.000101046
-0.000100655
-0.000100231
-9.97745e-05
-9.92852e-05
-9.8763e-05
-9.82109e-05
-9.76304e-05
-9.70274e-05
-9.64082e-05
-9.57863e-05
-9.51788e-05
-9.46168e-05
-9.41198e-05
-9.3764e-05
-9.35136e-05
-0.000462864
-0.000462819
-0.000462356
-0.000461522
-0.000460407
-0.000459094
-0.000457659
-0.000456161
-0.000454641
-0.000453121
-0.000451616
-0.000450128
-0.000448657
-0.000447199
-0.000445747
-0.000444294
-0.000442834
-0.000441359
-0.000439858
-0.000438322
-0.000436734
-0.00043508
-0.000433339
-0.000431496
-0.000429532
-0.000427437
-0.000425201
-0.000422823
-0.000420305
-0.000417655
-0.000414886
-0.000412016
-0.000409063
-0.000406049
-0.000402994
-0.000399919
-0.000396842
-0.000393779
-0.000390745
-0.00038775
-0.000384803
-0.00038191
-0.000379076
-0.000376303
-0.000373592
-0.000370942
-0.000368353
-0.000365823
-0.000363349
-0.000360929
-0.00035856
-0.000356238
-0.000353958
-0.000351718
-0.000349512
-0.000347336
-0.000345184
-0.000343051
-0.000340931
-0.00033882
-0.000336712
-0.000334603
-0.000332488
-0.000330362
-0.000328223
-0.000326067
-0.000323891
-0.000321695
-0.000319474
-0.000317228
-0.000314955
-0.000312654
-0.000310322
-0.000307959
-0.000305563
-0.000303133
-0.000300665
-0.000298161
-0.000295616
-0.000293032
-0.000290405
-0.000287739
-0.00028503
-0.000282281
-0.000279491
-0.000276665
-0.000273803
-0.000270908
-0.000267982
-0.000265029
-0.000262052
-0.000259055
-0.000256039
-0.000253008
-0.000249963
-0.000246909
-0.000243844
-0.000240773
-0.000237694
-0.000234611
-0.000231523
-0.000228433
-0.00022534
-0.000222246
-0.000219153
-0.000216063
-0.000212978
-0.0002099
-0.000206832
-0.000203778
-0.000200739
-0.000197721
-0.000194725
-0.000191755
-0.000188815
-0.000185908
-0.000183035
-0.0001802
-0.000177405
-0.000174652
-0.000171942
-0.000169277
-0.000166659
-0.000164088
-0.000161565
-0.000159091
-0.000156668
-0.000154296
-0.000151977
-0.00014971
-0.000147498
-0.000145341
-0.000143239
-0.000141195
-0.000139208
-0.000137279
-0.000135409
-0.000133598
-0.000131846
-0.000130153
-0.000128519
-0.000126944
-0.000125428
-0.000123971
-0.000122571
-0.00012123
-0.000119946
-0.000118719
-0.000117549
-0.000116436
-0.000115379
-0.000114379
-0.000113433
-0.000112542
-0.000111705
-0.000110919
-0.000110185
-0.0001095
-0.000108862
-0.000108269
-0.000107719
-0.00010721
-0.000106739
-0.000106305
-0.000105904
-0.000105535
-0.000105195
-0.000104884
-0.000104598
-0.000104335
-0.000104093
-0.00010387
-0.000103661
-0.000103463
-0.000103272
-0.000103083
-0.000102891
-0.00010269
-0.000102477
-0.000102246
-0.000101993
-0.000101715
-0.00010141
-0.000101074
-0.000100708
-0.00010031
-9.98792e-05
-9.94149e-05
-9.89185e-05
-9.83896e-05
-9.78316e-05
-9.72461e-05
-9.66396e-05
-9.60182e-05
-9.5396e-05
-9.47896e-05
-9.42296e-05
-9.37348e-05
-9.33798e-05
-9.31285e-05
-0.0004609
-0.00046086
-0.000460409
-0.000459594
-0.0004585
-0.000457204
-0.000455784
-0.000454294
-0.000452778
-0.000451259
-0.000449754
-0.000448266
-0.000446797
-0.000445342
-0.000443896
-0.000442453
-0.000441004
-0.000439542
-0.000438056
-0.000436535
-0.000434962
-0.000433322
-0.000431596
-0.000429768
-0.000427819
-0.00042574
-0.00042352
-0.000421158
-0.000418655
-0.000416022
-0.00041327
-0.000410416
-0.00040748
-0.000404482
-0.000401443
-0.000398382
-0.00039532
-0.00039227
-0.000389248
-0.000386265
-0.000383329
-0.000380446
-0.000377621
-0.000374856
-0.000372153
-0.000369511
-0.000366929
-0.000364405
-0.000361937
-0.000359522
-0.000357158
-0.00035484
-0.000352566
-0.00035033
-0.000348128
-0.000345957
-0.000343809
-0.000341681
-0.000339566
-0.000337461
-0.000335359
-0.000333256
-0.000331147
-0.000329029
-0.000326898
-0.000324751
-0.000322585
-0.000320398
-0.000318188
-0.000315953
-0.000313692
-0.000311403
-0.000309084
-0.000306735
-0.000304352
-0.000301936
-0.000299483
-0.000296994
-0.000294465
-0.000291897
-0.000289287
-0.000286637
-0.000283945
-0.000281214
-0.000278442
-0.000275634
-0.000272789
-0.000269912
-0.000267005
-0.000264071
-0.000261112
-0.000258134
-0.000255136
-0.000252123
-0.000249097
-0.000246061
-0.000243014
-0.00023996
-0.0002369
-0.000233834
-0.000230764
-0.00022769
-0.000224614
-0.000221538
-0.000218462
-0.000215389
-0.00021232
-0.000209258
-0.000206206
-0.000203168
-0.000200145
-0.000197142
-0.000194161
-0.000191207
-0.000188281
-0.000185388
-0.000182529
-0.000179708
-0.000176926
-0.000174185
-0.000171488
-0.000168835
-0.000166229
-0.000163669
-0.000161157
-0.000158695
-0.000156282
-0.00015392
-0.000151611
-0.000149354
-0.000147151
-0.000145002
-0.00014291
-0.000140873
-0.000138894
-0.000136973
-0.00013511
-0.000133305
-0.00013156
-0.000129873
-0.000128245
-0.000126675
-0.000125164
-0.000123711
-0.000122316
-0.000120979
-0.000119698
-0.000118475
-0.000117308
-0.000116198
-0.000115144
-0.000114145
-0.000113201
-0.000112312
-0.000111475
-0.000110691
-0.000109957
-0.000109272
-0.000108633
-0.00010804
-0.000107489
-0.000106979
-0.000106507
-0.00010607
-0.000105667
-0.000105296
-0.000104954
-0.00010464
-0.000104351
-0.000104085
-0.000103839
-0.000103612
-0.000103398
-0.000103196
-0.000103
-0.000102805
-0.000102607
-0.000102401
-0.000102182
-0.000101944
-0.000101685
-0.0001014
-0.000101088
-0.000100745
-0.000100372
-9.99661e-05
-9.95282e-05
-9.90567e-05
-9.85534e-05
-9.80181e-05
-9.74544e-05
-9.68643e-05
-9.62543e-05
-9.56311e-05
-9.50086e-05
-9.44034e-05
-9.38455e-05
-9.33527e-05
-9.29985e-05
-9.27464e-05
-0.000458943
-0.000458906
-0.000458468
-0.000457672
-0.000456598
-0.00045532
-0.000453913
-0.000452432
-0.00045092
-0.000449403
-0.000447897
-0.000446409
-0.000444942
-0.000443491
-0.000442052
-0.000440618
-0.00043918
-0.000437731
-0.000436259
-0.000434753
-0.000433195
-0.00043157
-0.000429859
-0.000428046
-0.000426113
-0.000424048
-0.000421844
-0.000419498
-0.000417011
-0.000414395
-0.000411659
-0.000408822
-0.000405903
-0.000402921
-0.000399897
-0.000396852
-0.000393803
-0.000390767
-0.000387758
-0.000384786
-0.000381861
-0.000378988
-0.000376172
-0.000373416
-0.00037072
-0.000368085
-0.00036551
-0.000362992
-0.00036053
-0.000358121
-0.000355761
-0.000353449
-0.000351179
-0.000348948
-0.000346751
-0.000344583
-0.00034244
-0.000340317
-0.000338208
-0.000336108
-0.000334012
-0.000331915
-0.000329813
-0.000327703
-0.00032558
-0.000323441
-0.000321284
-0.000319108
-0.000316908
-0.000314685
-0.000312435
-0.000310158
-0.000307852
-0.000305516
-0.000303147
-0.000300746
-0.000298307
-0.000295833
-0.000293319
-0.000290767
-0.000288174
-0.00028554
-0.000282865
-0.000280151
-0.000277397
-0.000274606
-0.00027178
-0.000268921
-0.000266032
-0.000263117
-0.000260176
-0.000257216
-0.000254237
-0.000251242
-0.000248234
-0.000245216
-0.000242187
-0.000239151
-0.000236108
-0.00023306
-0.000230007
-0.00022695
-0.000223891
-0.000220832
-0.000217772
-0.000214716
-0.000211663
-0.000208618
-0.000205582
-0.000202559
-0.000199552
-0.000196564
-0.000193599
-0.000190659
-0.000187748
-0.000184869
-0.000182024
-0.000179216
-0.000176447
-0.00017372
-0.000171035
-0.000168395
-0.0001658
-0.000163251
-0.000160751
-0.000158299
-0.000155897
-0.000153545
-0.000151245
-0.000148998
-0.000146804
-0.000144665
-0.00014258
-0.000140552
-0.000138581
-0.000136667
-0.000134811
-0.000133014
-0.000131274
-0.000129593
-0.000127971
-0.000126407
-0.000124901
-0.000123453
-0.000122062
-0.000120728
-0.000119452
-0.000118232
-0.000117068
-0.000115961
-0.000114909
-0.000113912
-0.00011297
-0.000112082
-0.000111246
-0.000110462
-0.000109729
-0.000109044
-0.000108405
-0.000107811
-0.00010726
-0.000106748
-0.000106275
-0.000105836
-0.000105432
-0.000105058
-0.000104714
-0.000104396
-0.000104104
-0.000103835
-0.000103586
-0.000103354
-0.000103136
-0.000102929
-0.000102728
-0.000102528
-0.000102324
-0.000102112
-0.000101886
-0.000101642
-0.000101377
-0.000101085
-0.000100766
-0.000100417
-0.000100036
-9.96233e-05
-9.91783e-05
-9.86998e-05
-9.81899e-05
-9.76485e-05
-9.70794e-05
-9.64848e-05
-9.58717e-05
-9.52468e-05
-9.46241e-05
-9.40201e-05
-9.34644e-05
-9.29735e-05
-9.262e-05
-9.23671e-05
-0.000456992
-0.000456959
-0.000456533
-0.000455755
-0.0004547
-0.00045344
-0.000452046
-0.000450574
-0.000449067
-0.000447551
-0.000446046
-0.000444558
-0.000443093
-0.000441646
-0.000440213
-0.000438788
-0.000437362
-0.000435926
-0.000434468
-0.000432976
-0.000431433
-0.000429824
-0.000428128
-0.00042633
-0.000424412
-0.000422363
-0.000420174
-0.000417843
-0.000415374
-0.000412774
-0.000410055
-0.000407235
-0.000404331
-0.000401366
-0.000398358
-0.000395327
-0.000392293
-0.00038927
-0.000386273
-0.000383313
-0.000380399
-0.000377535
-0.000374729
-0.000371981
-0.000369293
-0.000366665
-0.000364097
-0.000361585
-0.000359129
-0.000356725
-0.000354371
-0.000352063
-0.000349798
-0.000347572
-0.000345379
-0.000343217
-0.000341078
-0.00033896
-0.000336856
-0.000334761
-0.000332671
-0.000330581
-0.000328486
-0.000326383
-0.000324268
-0.000322138
-0.00031999
-0.000317824
-0.000315634
-0.000313422
-0.000311184
-0.000308919
-0.000306626
-0.000304303
-0.000301948
-0.00029956
-0.000297137
-0.000294677
-0.000292179
-0.000289642
-0.000287065
-0.000284448
-0.00028179
-0.000279093
-0.000276356
-0.000273583
-0.000270775
-0.000267934
-0.000265063
-0.000262166
-0.000259244
-0.000256302
-0.000253341
-0.000250364
-0.000247374
-0.000244374
-0.000241363
-0.000238345
-0.000235319
-0.000232288
-0.000229252
-0.000226213
-0.000223171
-0.000220128
-0.000217085
-0.000214045
-0.000211009
-0.00020798
-0.00020496
-0.000201953
-0.000198961
-0.000195989
-0.000193038
-0.000190113
-0.000187216
-0.000184351
-0.00018152
-0.000178726
-0.00017597
-0.000173256
-0.000170583
-0.000167955
-0.000165372
-0.000162835
-0.000160345
-0.000157904
-0.000155513
-0.000153171
-0.000150881
-0.000148643
-0.000146459
-0.000144328
-0.000142252
-0.000140232
-0.000138269
-0.000136362
-0.000134513
-0.000132722
-0.000130989
-0.000129315
-0.000127698
-0.000126139
-0.000124638
-0.000123195
-0.000121808
-0.000120479
-0.000119206
-0.000117989
-0.000116829
-0.000115724
-0.000114675
-0.00011368
-0.00011274
-0.000111853
-0.000111018
-0.000110235
-0.000109502
-0.000108817
-0.000108178
-0.000107583
-0.000107031
-0.000106518
-0.000106043
-0.000105603
-0.000105196
-0.000104821
-0.000104474
-0.000104154
-0.000103859
-0.000103586
-0.000103333
-0.000103097
-0.000102875
-0.000102663
-0.000102456
-0.000102251
-0.000102042
-0.000101823
-0.000101592
-0.000101341
-0.000101069
-0.000100771
-0.000100445
-0.000100089
-9.97017e-05
-9.92817e-05
-9.88297e-05
-9.83444e-05
-9.7828e-05
-9.72807e-05
-9.67064e-05
-9.61076e-05
-9.54915e-05
-9.48651e-05
-9.42424e-05
-9.36397e-05
-9.30861e-05
-9.25971e-05
-9.22444e-05
-9.19905e-05
-0.000455048
-0.000455018
-0.000454604
-0.000453843
-0.000452807
-0.000451564
-0.000450184
-0.000448721
-0.000447219
-0.000445705
-0.0004442
-0.000442713
-0.00044125
-0.000439807
-0.000438381
-0.000436964
-0.000435549
-0.000434126
-0.000432682
-0.000431205
-0.000429677
-0.000428083
-0.000426402
-0.000424619
-0.000422716
-0.000420683
-0.00041851
-0.000416195
-0.000413742
-0.000411158
-0.000408457
-0.000405653
-0.000402766
-0.000399817
-0.000396824
-0.000393809
-0.000390788
-0.000387779
-0.000384794
-0.000381846
-0.000378942
-0.000376089
-0.000373291
-0.000370552
-0.000367872
-0.000365251
-0.000362689
-0.000360184
-0.000357734
-0.000355336
-0.000352987
-0.000350684
-0.000348424
-0.000346202
-0.000344014
-0.000341856
-0.000339723
-0.000337609
-0.00033551
-0.000333421
-0.000331337
-0.000329253
-0.000327165
-0.000325069
-0.000322962
-0.000320841
-0.000318703
-0.000316546
-0.000314367
-0.000312166
-0.000309939
-0.000307687
-0.000305406
-0.000303096
-0.000300754
-0.000298381
-0.000295971
-0.000293527
-0.000291044
-0.000288523
-0.000285961
-0.000283361
-0.000280719
-0.000278039
-0.00027532
-0.000272565
-0.000269774
-0.000266951
-0.000264098
-0.000261219
-0.000258315
-0.000255391
-0.000252448
-0.00024949
-0.000246518
-0.000243535
-0.000240542
-0.000237541
-0.000234533
-0.000231519
-0.0002285
-0.000225478
-0.000222453
-0.000219427
-0.0002164
-0.000213376
-0.000210356
-0.000207343
-0.00020434
-0.000201348
-0.000198372
-0.000195415
-0.000192479
-0.000189569
-0.000186686
-0.000183835
-0.000181018
-0.000178237
-0.000175495
-0.000172793
-0.000170133
-0.000167516
-0.000164945
-0.000162419
-0.000159941
-0.000157511
-0.00015513
-0.000152798
-0.000150518
-0.00014829
-0.000146114
-0.000143992
-0.000141925
-0.000139913
-0.000137957
-0.000136058
-0.000134216
-0.000132432
-0.000130706
-0.000129037
-0.000127426
-0.000125872
-0.000124376
-0.000122937
-0.000121555
-0.00012023
-0.000118961
-0.000117748
-0.00011659
-0.000115488
-0.000114441
-0.000113448
-0.00011251
-0.000111624
-0.000110791
-0.000110008
-0.000109275
-0.00010859
-0.000107951
-0.000107356
-0.000106802
-0.000106288
-0.000105812
-0.00010537
-0.000104962
-0.000104584
-0.000104234
-0.000103911
-0.000103613
-0.000103337
-0.00010308
-0.00010284
-0.000102614
-0.000102397
-0.000102185
-0.000101974
-0.00010176
-0.000101535
-0.000101298
-0.000101041
-0.000100762
-0.000100458
-0.000100125
-9.97619e-05
-9.93679e-05
-9.8941e-05
-9.84822e-05
-9.79903e-05
-9.74677e-05
-9.69147e-05
-9.63354e-05
-9.57327e-05
-9.51138e-05
-9.44861e-05
-9.38635e-05
-9.32621e-05
-9.27106e-05
-9.22234e-05
-9.18714e-05
-9.16166e-05
-0.00045311
-0.000453083
-0.000452681
-0.000451936
-0.000450919
-0.000449693
-0.000448327
-0.000446873
-0.000445376
-0.000443864
-0.00044236
-0.000440874
-0.000439413
-0.000437974
-0.000436554
-0.000435147
-0.000433743
-0.000432332
-0.000430902
-0.000429439
-0.000427927
-0.000426348
-0.000424682
-0.000422914
-0.000421027
-0.000419009
-0.000416851
-0.000414553
-0.000412116
-0.000409549
-0.000406864
-0.000404077
-0.000401207
-0.000398273
-0.000395297
-0.000392296
-0.00038929
-0.000386293
-0.000383321
-0.000380384
-0.000377492
-0.000374648
-0.000371859
-0.000369128
-0.000366457
-0.000363843
-0.000361288
-0.000358789
-0.000356345
-0.000353952
-0.000351609
-0.000349311
-0.000347055
-0.000344838
-0.000342655
-0.000340502
-0.000338373
-0.000336264
-0.000334171
-0.000332087
-0.000330009
-0.000327931
-0.00032585
-0.000323762
-0.000321663
-0.000319551
-0.000317422
-0.000315274
-0.000313106
-0.000310915
-0.0003087
-0.00030646
-0.000304192
-0.000301895
-0.000299567
-0.000297207
-0.000294812
-0.000292382
-0.000289914
-0.000287408
-0.000284863
-0.000282278
-0.000279653
-0.00027699
-0.000274288
-0.00027155
-0.000268777
-0.000265972
-0.000263137
-0.000260276
-0.00025739
-0.000254484
-0.000251559
-0.000248618
-0.000245664
-0.000242699
-0.000239723
-0.00023674
-0.000233749
-0.000230753
-0.000227751
-0.000224745
-0.000221737
-0.000218727
-0.000215717
-0.00021271
-0.000209706
-0.000206709
-0.000203721
-0.000200745
-0.000197785
-0.000194842
-0.000191922
-0.000189026
-0.000186158
-0.000183321
-0.000180517
-0.00017775
-0.00017502
-0.000172331
-0.000169683
-0.000167079
-0.000164519
-0.000162005
-0.000159538
-0.000157118
-0.000154747
-0.000152426
-0.000150156
-0.000147937
-0.00014577
-0.000143657
-0.000141598
-0.000139595
-0.000137647
-0.000135755
-0.00013392
-0.000132143
-0.000130422
-0.00012876
-0.000127154
-0.000125606
-0.000124115
-0.000122681
-0.000121303
-0.000119982
-0.000118716
-0.000117506
-0.000116352
-0.000115253
-0.000114208
-0.000113217
-0.00011228
-0.000111396
-0.000110564
-0.000109782
-0.000109049
-0.000108364
-0.000107725
-0.000107129
-0.000106574
-0.000106059
-0.000105581
-0.000105138
-0.000104727
-0.000104347
-0.000103995
-0.000103669
-0.000103368
-0.000103088
-0.000102828
-0.000102584
-0.000102353
-0.000102131
-0.000101915
-0.000101698
-0.000101478
-0.000101248
-0.000101004
-0.000100741
-0.000100456
-0.000100145
-9.98057e-05
-9.94358e-05
-9.9035e-05
-9.86014e-05
-9.81359e-05
-9.76377e-05
-9.7109e-05
-9.65505e-05
-9.59665e-05
-9.536e-05
-9.47386e-05
-9.41097e-05
-9.34873e-05
-9.28873e-05
-9.23378e-05
-9.18525e-05
-9.15011e-05
-9.12454e-05
-0.000451178
-0.000451155
-0.000450763
-0.000450035
-0.000449036
-0.000447827
-0.000446474
-0.00044503
-0.000443538
-0.000442029
-0.000440526
-0.000439041
-0.000437582
-0.000436147
-0.000434734
-0.000433335
-0.000431942
-0.000430544
-0.000429128
-0.00042768
-0.000426182
-0.000424618
-0.000422967
-0.000421215
-0.000419343
-0.000417341
-0.000415199
-0.000412917
-0.000410497
-0.000407946
-0.000405278
-0.000402508
-0.000399654
-0.000396736
-0.000393775
-0.000390789
-0.000387797
-0.000384814
-0.000381854
-0.000378929
-0.000376047
-0.000373214
-0.000370434
-0.000367711
-0.000365047
-0.000362441
-0.000359893
-0.0003574
-0.000354962
-0.000352575
-0.000350236
-0.000347944
-0.000345693
-0.000343481
-0.000341303
-0.000339154
-0.00033703
-0.000334926
-0.000332838
-0.00033076
-0.000328687
-0.000326617
-0.000324542
-0.000322462
-0.000320371
-0.000318267
-0.000316147
-0.000314009
-0.000311851
-0.000309671
-0.000307468
-0.000305239
-0.000302983
-0.000300699
-0.000298384
-0.000296038
-0.000293657
-0.000291242
-0.000288789
-0.000286299
-0.000283769
-0.000281201
-0.000278592
-0.000275946
-0.00027326
-0.00027054
-0.000267784
-0.000264997
-0.00026218
-0.000259336
-0.000256468
-0.00025358
-0.000250673
-0.00024775
-0.000244814
-0.000241866
-0.000238908
-0.000235942
-0.000232968
-0.000229989
-0.000227004
-0.000224015
-0.000221023
-0.00021803
-0.000215037
-0.000212046
-0.000209058
-0.000206077
-0.000203104
-0.000200144
-0.000197199
-0.000194272
-0.000191366
-0.000188485
-0.000185631
-0.000182808
-0.000180018
-0.000177264
-0.000174547
-0.000171871
-0.000169235
-0.000166643
-0.000164095
-0.000161592
-0.000159136
-0.000156727
-0.000154366
-0.000152055
-0.000149795
-0.000147585
-0.000145428
-0.000143323
-0.000141273
-0.000139277
-0.000137337
-0.000135453
-0.000133625
-0.000131854
-0.00013014
-0.000128483
-0.000126884
-0.000125341
-0.000123855
-0.000122425
-0.000121052
-0.000119734
-0.000118473
-0.000117266
-0.000116115
-0.000115018
-0.000113976
-0.000112987
-0.000112052
-0.000111169
-0.000110337
-0.000109556
-0.000108824
-0.000108139
-0.000107499
-0.000106902
-0.000106347
-0.000105831
-0.000105351
-0.000104906
-0.000104494
-0.000104111
-0.000103757
-0.000103428
-0.000103123
-0.00010284
-0.000102576
-0.000102328
-0.000102093
-0.000101866
-0.000101644
-0.000101423
-0.000101196
-0.00010096
-0.000100711
-0.000100442
-0.00010015
-9.98326e-05
-9.9487e-05
-9.91105e-05
-9.8703e-05
-9.82628e-05
-9.77909e-05
-9.72864e-05
-9.67518e-05
-9.6188e-05
-9.55995e-05
-9.49896e-05
-9.43658e-05
-9.37359e-05
-9.31138e-05
-9.25151e-05
-9.19676e-05
-9.14842e-05
-9.11334e-05
-9.08767e-05
-0.000449252
-0.000449232
-0.000448851
-0.000448139
-0.000447158
-0.000445966
-0.000444626
-0.000443191
-0.000441705
-0.000440199
-0.000438698
-0.000437214
-0.000435757
-0.000434326
-0.00043292
-0.00043153
-0.000430147
-0.000428762
-0.000427359
-0.000425925
-0.000424442
-0.000422894
-0.000421259
-0.000419521
-0.000417665
-0.000415678
-0.000413553
-0.000411287
-0.000408883
-0.00040635
-0.000403698
-0.000400944
-0.000398107
-0.000395205
-0.000392259
-0.000389288
-0.00038631
-0.000383341
-0.000380393
-0.00037748
-0.000374608
-0.000371785
-0.000369014
-0.0003663
-0.000363644
-0.000361045
-0.000358504
-0.000356017
-0.000353585
-0.000351203
-0.000348871
-0.000346583
-0.000344337
-0.00034213
-0.000339956
-0.000337812
-0.000335693
-0.000333595
-0.000331512
-0.000329439
-0.000327373
-0.000325308
-0.000323241
-0.000321168
-0.000319084
-0.000316989
-0.000314878
-0.00031275
-0.000310602
-0.000308433
-0.000306241
-0.000304024
-0.000301781
-0.000299509
-0.000297208
-0.000294875
-0.000292508
-0.000290107
-0.000287669
-0.000285194
-0.00028268
-0.000280128
-0.000277536
-0.000274906
-0.000272237
-0.000269534
-0.000266795
-0.000264026
-0.000261226
-0.0002584
-0.00025555
-0.00025268
-0.00024979
-0.000246886
-0.000243966
-0.000241036
-0.000238095
-0.000235147
-0.00023219
-0.000229227
-0.000226259
-0.000223287
-0.000220312
-0.000217335
-0.000214358
-0.000211383
-0.000208412
-0.000205446
-0.00020249
-0.000199545
-0.000196615
-0.000193703
-0.000190812
-0.000187945
-0.000185106
-0.000182296
-0.00017952
-0.000176779
-0.000174075
-0.000171411
-0.000168788
-0.000166208
-0.000163671
-0.00016118
-0.000158735
-0.000156337
-0.000153986
-0.000151685
-0.000149434
-0.000147234
-0.000145086
-0.00014299
-0.000140948
-0.00013896
-0.000137028
-0.000135151
-0.00013333
-0.000131566
-0.000129858
-0.000128208
-0.000126614
-0.000125076
-0.000123595
-0.00012217
-0.000120801
-0.000119488
-0.000118229
-0.000117026
-0.000115878
-0.000114784
-0.000113744
-0.000112757
-0.000111824
-0.000110942
-0.000110112
-0.000109331
-0.000108599
-0.000107914
-0.000107274
-0.000106677
-0.00010612
-0.000105603
-0.000105122
-0.000104675
-0.00010426
-0.000103875
-0.000103518
-0.000103187
-0.000102879
-0.000102593
-0.000102325
-0.000102072
-0.000101832
-0.000101601
-0.000101374
-0.000101147
-0.000100916
-0.000100674
-0.000100418
-0.000100143
-9.9845e-05
-9.9521e-05
-9.91689e-05
-9.87859e-05
-9.83719e-05
-9.79253e-05
-9.7447e-05
-9.69364e-05
-9.63963e-05
-9.58274e-05
-9.52346e-05
-9.46213e-05
-9.39954e-05
-9.33646e-05
-9.27428e-05
-9.21456e-05
-9.16001e-05
-9.11184e-05
-9.07683e-05
-9.05107e-05
-0.000447333
-0.000447316
-0.000446945
-0.000446249
-0.000445284
-0.000444109
-0.000442783
-0.000441357
-0.000439877
-0.000438374
-0.000436875
-0.000435393
-0.000433938
-0.000432512
-0.000431112
-0.00042973
-0.000428359
-0.000426985
-0.000425596
-0.000424177
-0.000422709
-0.000421175
-0.000419556
-0.000417834
-0.000415993
-0.000414022
-0.000411912
-0.000409663
-0.000407276
-0.000404759
-0.000402124
-0.000399387
-0.000396566
-0.00039368
-0.00039075
-0.000387794
-0.00038483
-0.000381873
-0.000378938
-0.000376036
-0.000373176
-0.000370362
-0.0003676
-0.000364895
-0.000362247
-0.000359655
-0.000357121
-0.000354641
-0.000352214
-0.000349838
-0.000347511
-0.000345228
-0.000342988
-0.000340785
-0.000338616
-0.000336477
-0.000334363
-0.00033227
-0.000330192
-0.000328125
-0.000326064
-0.000324006
-0.000321946
-0.00031988
-0.000317805
-0.000315718
-0.000313616
-0.000311498
-0.00030936
-0.000307202
-0.00030502
-0.000302815
-0.000300584
-0.000298325
-0.000296037
-0.000293717
-0.000291365
-0.000288978
-0.000286555
-0.000284095
-0.000281596
-0.00027906
-0.000276484
-0.00027387
-0.000271219
-0.000268532
-0.000265811
-0.000263059
-0.000260276
-0.000257468
-0.000254636
-0.000251783
-0.000248911
-0.000246024
-0.000243122
-0.000240209
-0.000237286
-0.000234354
-0.000231414
-0.000228469
-0.000225517
-0.000222562
-0.000219603
-0.000216643
-0.000213682
-0.000210723
-0.000207767
-0.000204818
-0.000201877
-0.000198947
-0.000196033
-0.000193135
-0.000190259
-0.000187407
-0.000184582
-0.000181786
-0.000179023
-0.000176296
-0.000173605
-0.000170953
-0.000168343
-0.000165774
-0.000163249
-0.000160769
-0.000158335
-0.000155947
-0.000153607
-0.000151316
-0.000149075
-0.000146884
-0.000144745
-0.000142658
-0.000140624
-0.000138645
-0.00013672
-0.00013485
-0.000133037
-0.000131279
-0.000129578
-0.000127933
-0.000126344
-0.000124812
-0.000123336
-0.000121916
-0.000120551
-0.000119241
-0.000117987
-0.000116787
-0.000115642
-0.00011455
-0.000113513
-0.000112528
-0.000111596
-0.000110716
-0.000109886
-0.000109106
-0.000108375
-0.00010769
-0.000107049
-0.000106451
-0.000105894
-0.000105375
-0.000104893
-0.000104444
-0.000104027
-0.00010364
-0.000103281
-0.000102946
-0.000102635
-0.000102345
-0.000102073
-0.000101817
-0.000101573
-0.000101336
-0.000101105
-0.000100872
-0.000100635
-0.000100387
-0.000100125
-9.98441e-05
-9.95403e-05
-9.921e-05
-9.88515e-05
-9.84621e-05
-9.80417e-05
-9.75887e-05
-9.71043e-05
-9.65879e-05
-9.60422e-05
-9.54685e-05
-9.48717e-05
-9.42553e-05
-9.36273e-05
-9.29957e-05
-9.23744e-05
-9.17786e-05
-9.12352e-05
-9.07552e-05
-9.04057e-05
-9.01472e-05
-0.00044542
-0.000445406
-0.000445045
-0.000444364
-0.000443416
-0.000442257
-0.000440944
-0.000439528
-0.000438054
-0.000436555
-0.000435058
-0.000433578
-0.000432126
-0.000430704
-0.00042931
-0.000427937
-0.000426576
-0.000425215
-0.000423839
-0.000422435
-0.000420981
-0.000419463
-0.000417858
-0.000416152
-0.000414326
-0.000412371
-0.000410278
-0.000408045
-0.000405674
-0.000403174
-0.000400556
-0.000397836
-0.000395031
-0.000392161
-0.000389247
-0.000386305
-0.000383355
-0.000380412
-0.000377489
-0.000374599
-0.000371749
-0.000368946
-0.000366192
-0.000363496
-0.000360855
-0.000358271
-0.000355744
-0.00035327
-0.00035085
-0.000348479
-0.000346158
-0.00034388
-0.000341645
-0.000339447
-0.000337283
-0.000335149
-0.00033304
-0.000330951
-0.000328878
-0.000326817
-0.000324763
-0.000322711
-0.000320657
-0.000318599
-0.000316532
-0.000314453
-0.00031236
-0.000310251
-0.000308123
-0.000305976
-0.000303806
-0.000301612
-0.000299393
-0.000297147
-0.000294871
-0.000292565
-0.000290226
-0.000287854
-0.000285445
-0.000283
-0.000280517
-0.000277996
-0.000275436
-0.000272839
-0.000270204
-0.000267535
-0.00026483
-0.000262095
-0.000259331
-0.00025654
-0.000253725
-0.00025089
-0.000248035
-0.000245165
-0.000242281
-0.000239386
-0.000236479
-0.000233564
-0.000230642
-0.000227713
-0.000224778
-0.000221839
-0.000218897
-0.000215953
-0.000213008
-0.000210065
-0.000207125
-0.000204191
-0.000201266
-0.000198352
-0.000195452
-0.00019257
-0.000189708
-0.00018687
-0.000184059
-0.000181277
-0.000178528
-0.000175814
-0.000173136
-0.000170497
-0.000167898
-0.000165342
-0.000162828
-0.000160359
-0.000157936
-0.000155559
-0.000153229
-0.000150948
-0.000148717
-0.000146535
-0.000144405
-0.000142327
-0.000140301
-0.00013833
-0.000136413
-0.00013455
-0.000132744
-0.000130993
-0.000129298
-0.000127659
-0.000126076
-0.000124549
-0.000123078
-0.000121662
-0.000120301
-0.000118996
-0.000117745
-0.000116549
-0.000115406
-0.000114318
-0.000113282
-0.0001123
-0.000111369
-0.00011049
-0.000109662
-0.000108882
-0.000108151
-0.000107466
-0.000106825
-0.000106227
-0.000105668
-0.000105148
-0.000104664
-0.000104214
-0.000103795
-0.000103405
-0.000103043
-0.000102706
-0.000102392
-0.000102098
-0.000101823
-0.000101562
-0.000101313
-0.000101072
-0.000100835
-0.000100598
-0.000100355
-0.000100101
-9.98335e-05
-9.95461e-05
-9.92361e-05
-9.88995e-05
-9.85347e-05
-9.81391e-05
-9.77124e-05
-9.72532e-05
-9.67627e-05
-9.62407e-05
-9.56898e-05
-9.51114e-05
-9.45106e-05
-9.38913e-05
-9.32615e-05
-9.26293e-05
-9.20085e-05
-9.14142e-05
-9.08728e-05
-9.03946e-05
-9.00456e-05
-8.97863e-05
-0.000443514
-0.000443502
-0.000443151
-0.000442484
-0.000441553
-0.000440409
-0.00043911
-0.000437704
-0.000436236
-0.000434741
-0.000433246
-0.000431768
-0.00043032
-0.000428902
-0.000427515
-0.000426151
-0.0004248
-0.000423451
-0.000422089
-0.000420698
-0.000419259
-0.000417756
-0.000416167
-0.000414476
-0.000412666
-0.000410727
-0.000408649
-0.000406433
-0.000404078
-0.000401595
-0.000398994
-0.00039629
-0.000393502
-0.000390648
-0.000387749
-0.000384822
-0.000381886
-0.000378956
-0.000376047
-0.000373167
-0.000370328
-0.000367536
-0.00036479
-0.000362103
-0.000359471
-0.000356894
-0.000354373
-0.000351906
-0.000349491
-0.000347127
-0.00034481
-0.000342538
-0.000340308
-0.000338115
-0.000335956
-0.000333826
-0.000331722
-0.000329639
-0.000327572
-0.000325516
-0.000323468
-0.000321422
-0.000319375
-0.000317324
-0.000315265
-0.000313195
-0.000311111
-0.000309011
-0.000306893
-0.000304756
-0.000302597
-0.000300415
-0.000298208
-0.000295974
-0.000293711
-0.000291419
-0.000289094
-0.000286735
-0.000284341
-0.000281911
-0.000279443
-0.000276937
-0.000274393
-0.000271812
-0.000269194
-0.000266541
-0.000263854
-0.000261136
-0.000258389
-0.000255615
-0.000252818
-0.00025
-0.000247163
-0.00024431
-0.000241443
-0.000238565
-0.000235675
-0.000232777
-0.000229871
-0.000226959
-0.000224041
-0.000221119
-0.000218193
-0.000215265
-0.000212336
-0.000209409
-0.000206485
-0.000203567
-0.000200657
-0.000197758
-0.000194873
-0.000192006
-0.000189159
-0.000186335
-0.000183538
-0.00018077
-0.000178034
-0.000175333
-0.000172668
-0.000170041
-0.000167455
-0.00016491
-0.000162408
-0.000159951
-0.000157538
-0.000155172
-0.000152853
-0.000150581
-0.000148359
-0.000146187
-0.000144066
-0.000141996
-0.000139979
-0.000138016
-0.000136106
-0.000134251
-0.000132451
-0.000130707
-0.000129018
-0.000127385
-0.000125808
-0.000124286
-0.00012282
-0.000121409
-0.000120053
-0.000118751
-0.000117504
-0.000116311
-0.000115171
-0.000114085
-0.000113052
-0.000112072
-0.000111143
-0.000110265
-0.000109438
-0.000108659
-0.000107928
-0.000107243
-0.000106601
-0.000106002
-0.000105443
-0.000104922
-0.000104436
-0.000103984
-0.000103563
-0.000103171
-0.000102806
-0.000102466
-0.000102149
-0.000101851
-0.000101572
-0.000101307
-0.000101054
-0.000100808
-0.000100566
-0.000100323
-0.000100075
-9.98156e-05
-9.95419e-05
-9.92485e-05
-9.89324e-05
-9.85896e-05
-9.82186e-05
-9.78168e-05
-9.73839e-05
-9.69187e-05
-9.64224e-05
-9.58948e-05
-9.53388e-05
-9.47561e-05
-9.41516e-05
-9.35295e-05
-9.2898e-05
-9.22653e-05
-9.16451e-05
-9.10523e-05
-9.05128e-05
-9.00364e-05
-8.9688e-05
-8.9428e-05
-0.000441614
-0.000441604
-0.000441263
-0.00044061
-0.000439695
-0.000438566
-0.00043728
-0.000435884
-0.000434423
-0.000432932
-0.00043144
-0.000429965
-0.00042852
-0.000427107
-0.000425726
-0.00042437
-0.00042303
-0.000421693
-0.000420344
-0.000418967
-0.000417543
-0.000416055
-0.000414481
-0.000412805
-0.000411011
-0.000409088
-0.000407027
-0.000404826
-0.000402489
-0.000400022
-0.000397438
-0.000394751
-0.000391979
-0.000389141
-0.000386258
-0.000383346
-0.000380424
-0.000377507
-0.00037461
-0.000371742
-0.000368914
-0.000366132
-0.000363394
-0.000360716
-0.000358092
-0.000355523
-0.000353009
-0.000350548
-0.00034814
-0.000345781
-0.00034347
-0.000341203
-0.000338978
-0.000336789
-0.000334635
-0.000332511
-0.000330412
-0.000328334
-0.000326272
-0.000324222
-0.000322179
-0.00032014
-0.0003181
-0.000316056
-0.000314004
-0.000311943
-0.000309867
-0.000307777
-0.000305669
-0.000303543
-0.000301395
-0.000299224
-0.000297028
-0.000294807
-0.000292557
-0.000290278
-0.000287966
-0.000285621
-0.000283242
-0.000280826
-0.000278373
-0.000275883
-0.000273355
-0.00027079
-0.000268188
-0.000265552
-0.000262882
-0.000260181
-0.00025745
-0.000254694
-0.000251914
-0.000249113
-0.000246293
-0.000243458
-0.000240608
-0.000237747
-0.000234874
-0.000231993
-0.000229104
-0.000226208
-0.000223307
-0.0002204
-0.000217491
-0.000214579
-0.000211666
-0.000208755
-0.000205846
-0.000202944
-0.000200049
-0.000197166
-0.000194296
-0.000191443
-0.000188611
-0.000185801
-0.000183018
-0.000180264
-0.000177542
-0.000174853
-0.000172201
-0.000169587
-0.000167013
-0.00016448
-0.00016199
-0.000159543
-0.000157141
-0.000154786
-0.000152477
-0.000150215
-0.000148003
-0.00014584
-0.000143728
-0.000141667
-0.000139658
-0.000137702
-0.0001358
-0.000133953
-0.00013216
-0.000130422
-0.00012874
-0.000127113
-0.000125541
-0.000124024
-0.000122563
-0.000121156
-0.000119805
-0.000118507
-0.000117263
-0.000116073
-0.000114937
-0.000113854
-0.000112823
-0.000111844
-0.000110917
-0.000110041
-0.000109214
-0.000108436
-0.000107705
-0.00010702
-0.000106378
-0.000105778
-0.000105218
-0.000104696
-0.000104208
-0.000103754
-0.000103331
-0.000102937
-0.000102569
-0.000102226
-0.000101906
-0.000101605
-0.000101322
-0.000101053
-0.000100795
-0.000100544
-0.000100297
-0.000100049
-9.9795e-05
-9.95302e-05
-9.92506e-05
-9.89512e-05
-9.86291e-05
-9.82803e-05
-9.79031e-05
-9.74952e-05
-9.70563e-05
-9.65852e-05
-9.60832e-05
-9.55503e-05
-9.49894e-05
-9.44025e-05
-9.37945e-05
-9.31699e-05
-9.25368e-05
-9.19037e-05
-9.12842e-05
-9.06929e-05
-9.01553e-05
-8.96807e-05
-8.93329e-05
-8.90723e-05
-0.00043972
-0.000439713
-0.00043938
-0.000438741
-0.000437841
-0.000436729
-0.000435455
-0.000434069
-0.000432615
-0.000431129
-0.00042964
-0.000428168
-0.000426726
-0.000425318
-0.000423943
-0.000422596
-0.000421266
-0.000419941
-0.000418605
-0.000417242
-0.000415833
-0.000414359
-0.000412801
-0.00041114
-0.000409362
-0.000407455
-0.00040541
-0.000403226
-0.000400905
-0.000398455
-0.000395887
-0.000393217
-0.000390462
-0.000387641
-0.000384772
-0.000381875
-0.000378967
-0.000376064
-0.000373179
-0.000370323
-0.000367506
-0.000364734
-0.000362005
-0.000359335
-0.000356719
-0.000354158
-0.000351651
-0.000349196
-0.000346794
-0.000344441
-0.000342136
-0.000339874
-0.000337654
-0.000335471
-0.000333322
-0.000331202
-0.000329108
-0.000327035
-0.000324978
-0.000322934
-0.000320897
-0.000318864
-0.000316831
-0.000314795
-0.000312751
-0.000310697
-0.000308631
-0.00030655
-0.000304452
-0.000302335
-0.000300198
-0.000298039
-0.000295855
-0.000293646
-0.000291408
-0.000289142
-0.000286844
-0.000284513
-0.000282148
-0.000279747
-0.000277309
-0.000274834
-0.000272322
-0.000269772
-0.000267187
-0.000264567
-0.000261913
-0.000259229
-0.000256516
-0.000253777
-0.000251014
-0.00024823
-0.000245427
-0.000242609
-0.000239776
-0.000236932
-0.000234076
-0.000231212
-0.000228339
-0.00022546
-0.000222574
-0.000219684
-0.000216791
-0.000213895
-0.000210998
-0.000208103
-0.00020521
-0.000202323
-0.000199443
-0.000196575
-0.00019372
-0.000190882
-0.000188064
-0.000185269
-0.0001825
-0.00017976
-0.000177051
-0.000174375
-0.000171736
-0.000169134
-0.000166572
-0.000164051
-0.000161572
-0.000159136
-0.000156746
-0.0001544
-0.000152102
-0.00014985
-0.000147647
-0.000145494
-0.00014339
-0.000141338
-0.000139337
-0.00013739
-0.000135495
-0.000133655
-0.000131869
-0.000130138
-0.000128462
-0.000126841
-0.000125274
-0.000123763
-0.000122307
-0.000120905
-0.000119557
-0.000118263
-0.000117023
-0.000115837
-0.000114703
-0.000113622
-0.000112594
-0.000111617
-0.000110692
-0.000109816
-0.000108991
-0.000108213
-0.000107483
-0.000106797
-0.000106155
-0.000105555
-0.000104994
-0.00010447
-0.000103981
-0.000103525
-0.0001031
-0.000102703
-0.000102333
-0.000101987
-0.000101663
-0.000101358
-0.000101071
-0.000100798
-0.000100536
-0.000100281
-0.000100029
-9.9775e-05
-9.95156e-05
-9.92451e-05
-9.89596e-05
-9.86544e-05
-9.83262e-05
-9.79714e-05
-9.75883e-05
-9.71743e-05
-9.67295e-05
-9.62527e-05
-9.57452e-05
-9.52071e-05
-9.46416e-05
-9.40506e-05
-9.34393e-05
-9.28123e-05
-9.21779e-05
-9.15445e-05
-9.09257e-05
-9.03359e-05
-8.98003e-05
-8.93275e-05
-8.89803e-05
-8.87192e-05
-0.000437833
-0.000437828
-0.000437504
-0.000436877
-0.000435993
-0.000434895
-0.000433635
-0.000432259
-0.000430813
-0.000429331
-0.000427846
-0.000426377
-0.000424938
-0.000423535
-0.000422167
-0.000420828
-0.000419508
-0.000418195
-0.000416872
-0.000415523
-0.000414128
-0.00041267
-0.000411126
-0.000409481
-0.000407719
-0.000405827
-0.000403799
-0.000401631
-0.000399327
-0.000396894
-0.000394343
-0.00039169
-0.000388951
-0.000386145
-0.000383293
-0.00038041
-0.000377517
-0.000374627
-0.000371754
-0.00036891
-0.000366104
-0.000363341
-0.000360623
-0.000357961
-0.000355353
-0.000352799
-0.000350299
-0.000347851
-0.000345455
-0.000343108
-0.000340808
-0.000338552
-0.000336337
-0.000334158
-0.000332014
-0.0003299
-0.000327811
-0.000325742
-0.000323691
-0.000321653
-0.000319622
-0.000317595
-0.000315569
-0.00031354
-0.000311503
-0.000309458
-0.0003074
-0.000305329
-0.00030324
-0.000301134
-0.000299008
-0.000296859
-0.000294687
-0.00029249
-0.000290265
-0.000288012
-0.000285727
-0.00028341
-0.000281058
-0.000278672
-0.000276249
-0.000273789
-0.000271292
-0.000268759
-0.00026619
-0.000263586
-0.000260949
-0.000258281
-0.000255585
-0.000252863
-0.000250117
-0.00024735
-0.000244565
-0.000241763
-0.000238947
-0.000236119
-0.000233281
-0.000230433
-0.000227577
-0.000224714
-0.000221845
-0.000218971
-0.000216093
-0.000213213
-0.000210332
-0.000207452
-0.000204575
-0.000201703
-0.00019884
-0.000195986
-0.000193146
-0.000190323
-0.000187519
-0.000184738
-0.000181983
-0.000179256
-0.000176561
-0.000173898
-0.000171272
-0.000168682
-0.000166132
-0.000163623
-0.000161155
-0.000158731
-0.000156351
-0.000154016
-0.000151727
-0.000149486
-0.000147293
-0.000145148
-0.000143054
-0.00014101
-0.000139018
-0.000137078
-0.000135191
-0.000133358
-0.000131579
-0.000129854
-0.000128184
-0.000126569
-0.000125008
-0.000123502
-0.000122051
-0.000120653
-0.00011931
-0.00011802
-0.000116784
-0.0001156
-0.00011447
-0.000113391
-0.000112365
-0.000111391
-0.000110467
-0.000109593
-0.000108768
-0.000107991
-0.000107261
-0.000106575
-0.000105933
-0.000105331
-0.000104769
-0.000104244
-0.000103754
-0.000103296
-0.000102868
-0.000102469
-0.000102096
-0.000101747
-0.00010142
-0.000101112
-0.000100821
-0.000100544
-0.000100277
-0.000100017
-9.97602e-05
-9.95012e-05
-9.92363e-05
-9.89602e-05
-9.8669e-05
-9.83579e-05
-9.80238e-05
-9.76631e-05
-9.7274e-05
-9.68542e-05
-9.64036e-05
-9.59212e-05
-9.54083e-05
-9.48653e-05
-9.42952e-05
-9.37004e-05
-9.3086e-05
-9.24569e-05
-9.18212e-05
-9.11877e-05
-9.05696e-05
-8.99815e-05
-8.94478e-05
-8.89768e-05
-8.86302e-05
-8.83687e-05
-0.000435952
-0.000435949
-0.000435633
-0.000435019
-0.00043415
-0.000433067
-0.00043182
-0.000430454
-0.000429015
-0.000427539
-0.000426057
-0.000424591
-0.000423157
-0.000421759
-0.000420397
-0.000419067
-0.000417757
-0.000416455
-0.000415145
-0.00041381
-0.00041243
-0.000410986
-0.000409458
-0.000407828
-0.000406081
-0.000404205
-0.000402193
-0.000400042
-0.000397755
-0.000395339
-0.000392805
-0.000390168
-0.000387446
-0.000384656
-0.000381819
-0.000378952
-0.000376072
-0.000373196
-0.000370336
-0.000367503
-0.000364707
-0.000361955
-0.000359247
-0.000356594
-0.000353994
-0.000351447
-0.000348954
-0.000346513
-0.000344123
-0.000341782
-0.000339487
-0.000337236
-0.000335026
-0.000332853
-0.000330714
-0.000328604
-0.00032652
-0.000324457
-0.000322411
-0.000320378
-0.000318354
-0.000316333
-0.000314314
-0.000312291
-0.000310263
-0.000308225
-0.000306176
-0.000304114
-0.000302035
-0.000299939
-0.000297823
-0.000295686
-0.000293525
-0.00029134
-0.000289128
-0.000286887
-0.000284615
-0.000282312
-0.000279974
-0.000277602
-0.000275194
-0.000272749
-0.000270268
-0.00026775
-0.000265197
-0.000262609
-0.000259989
-0.000257337
-0.000254658
-0.000251952
-0.000249223
-0.000246473
-0.000243705
-0.00024092
-0.000238121
-0.00023531
-0.000232488
-0.000229656
-0.000226817
-0.00022397
-0.000221117
-0.000218259
-0.000215398
-0.000212534
-0.000209668
-0.000206804
-0.000203942
-0.000201086
-0.000198237
-0.000195399
-0.000192574
-0.000189765
-0.000186976
-0.000184209
-0.000181468
-0.000178754
-0.000176072
-0.000173422
-0.000170808
-0.000168231
-0.000165693
-0.000163196
-0.00016074
-0.000158326
-0.000155957
-0.000153633
-0.000151354
-0.000149122
-0.000146939
-0.000144803
-0.000142718
-0.000140683
-0.000138699
-0.000136767
-0.000134888
-0.000133062
-0.00013129
-0.000129571
-0.000127908
-0.000126298
-0.000124743
-0.000123242
-0.000121796
-0.000120403
-0.000119063
-0.000117777
-0.000116545
-0.000115364
-0.000114237
-0.000113161
-0.000112137
-0.000111164
-0.000110242
-0.000109369
-0.000108545
-0.000107769
-0.000107039
-0.000106353
-0.00010571
-0.000105108
-0.000104545
-0.000104019
-0.000103527
-0.000103067
-0.000102637
-0.000102236
-0.00010186
-0.000101508
-0.000101177
-0.000100866
-0.000100571
-0.00010029
-0.000100019
-9.97538e-05
-9.94917e-05
-9.92275e-05
-9.89571e-05
-9.86755e-05
-9.83785e-05
-9.80617e-05
-9.77217e-05
-9.73552e-05
-9.69602e-05
-9.65347e-05
-9.60784e-05
-9.55907e-05
-9.50726e-05
-9.45248e-05
-9.39505e-05
-9.3352e-05
-9.27346e-05
-9.21035e-05
-9.14668e-05
-9.08333e-05
-9.0216e-05
-8.96295e-05
-8.90977e-05
-8.86286e-05
-8.82827e-05
-8.80209e-05
-0.000434078
-0.000434077
-0.000433768
-0.000433167
-0.000432312
-0.000431244
-0.000430009
-0.000428654
-0.000427222
-0.000425752
-0.000424274
-0.000422812
-0.000421381
-0.000419989
-0.000418634
-0.000417312
-0.000416012
-0.000414722
-0.000413424
-0.000412103
-0.000410737
-0.000409308
-0.000407795
-0.00040618
-0.000404449
-0.000402589
-0.000400593
-0.000398459
-0.000396188
-0.000393789
-0.000391272
-0.000388652
-0.000385947
-0.000383173
-0.000380352
-0.000377499
-0.000374634
-0.000371771
-0.000368923
-0.000366102
-0.000363318
-0.000360575
-0.000357877
-0.000355232
-0.000352641
-0.000350101
-0.000347615
-0.000345181
-0.000342797
-0.000340462
-0.000338173
-0.000335927
-0.000333722
-0.000331554
-0.00032942
-0.000327315
-0.000325236
-0.000323178
-0.000321138
-0.00031911
-0.000317092
-0.000315078
-0.000313065
-0.000311049
-0.000309029
-0.000306999
-0.000304959
-0.000302905
-0.000300836
-0.00029875
-0.000296645
-0.000294518
-0.000292369
-0.000290196
-0.000287996
-0.000285767
-0.000283509
-0.000281219
-0.000278895
-0.000276537
-0.000274144
-0.000271714
-0.000269248
-0.000266745
-0.000264208
-0.000261636
-0.000259032
-0.000256397
-0.000253734
-0.000251045
-0.000248333
-0.0002456
-0.000242848
-0.00024008
-0.000237298
-0.000234503
-0.000231697
-0.000228882
-0.000226059
-0.000223228
-0.000220392
-0.00021755
-0.000214704
-0.000211856
-0.000209006
-0.000206157
-0.000203311
-0.00020047
-0.000197637
-0.000194813
-0.000192003
-0.000189209
-0.000186434
-0.000183681
-0.000180953
-0.000178254
-0.000175584
-0.000172948
-0.000170346
-0.000167782
-0.000165256
-0.000162769
-0.000160325
-0.000157922
-0.000155564
-0.00015325
-0.000150982
-0.00014876
-0.000146585
-0.000144459
-0.000142383
-0.000140356
-0.00013838
-0.000136456
-0.000134585
-0.000132766
-0.000131001
-0.000129289
-0.000127632
-0.000126028
-0.000124478
-0.000122983
-0.000121541
-0.000120152
-0.000118817
-0.000117535
-0.000116306
-0.000115129
-0.000114004
-0.000112931
-0.000111909
-0.000110938
-0.000110018
-0.000109146
-0.000108323
-0.000107547
-0.000106817
-0.000106132
-0.000105488
-0.000104885
-0.000104321
-0.000103793
-0.0001033
-0.000102838
-0.000102406
-0.000102002
-0.000101624
-0.000101269
-0.000100935
-0.00010062
-0.000100321
-0.000100035
-9.97598e-05
-9.94903e-05
-9.92232e-05
-9.89539e-05
-9.8678e-05
-9.83909e-05
-9.80882e-05
-9.77657e-05
-9.742e-05
-9.70477e-05
-9.6647e-05
-9.62159e-05
-9.57541e-05
-9.52611e-05
-9.4738e-05
-9.41857e-05
-9.36072e-05
-9.30054e-05
-9.23853e-05
-9.17523e-05
-9.11146e-05
-9.04812e-05
-8.98649e-05
-8.92801e-05
-8.87502e-05
-8.8283e-05
-8.79378e-05
-8.76759e-05
-0.000432211
-0.000432211
-0.00043191
-0.00043132
-0.000430479
-0.000429425
-0.000428204
-0.000426859
-0.000425435
-0.00042397
-0.000422497
-0.000421039
-0.000419612
-0.000418225
-0.000416877
-0.000415563
-0.000414273
-0.000412995
-0.00041171
-0.000410402
-0.00040905
-0.000407635
-0.000406137
-0.000404538
-0.000402823
-0.000400979
-0.000398999
-0.000396881
-0.000394628
-0.000392245
-0.000389745
-0.000387142
-0.000384453
-0.000381696
-0.00037889
-0.000376052
-0.000373202
-0.000370352
-0.000367517
-0.000364708
-0.000361934
-0.000359202
-0.000356514
-0.000353878
-0.000351294
-0.000348762
-0.000346283
-0.000343855
-0.000341478
-0.000339149
-0.000336865
-0.000334625
-0.000332425
-0.000330262
-0.000328133
-0.000326033
-0.000323959
-0.000321907
-0.000319872
-0.00031785
-0.000315837
-0.000313829
-0.000311823
-0.000309814
-0.000307801
-0.00030578
-0.000303748
-0.000301703
-0.000299644
-0.000297567
-0.000295472
-0.000293357
-0.000291219
-0.000289057
-0.000286869
-0.000284653
-0.000282408
-0.000280131
-0.000277821
-0.000275477
-0.000273098
-0.000270683
-0.000268232
-0.000265745
-0.000263223
-0.000260667
-0.000258079
-0.000255461
-0.000252814
-0.000250142
-0.000247446
-0.000244729
-0.000241995
-0.000239243
-0.000236477
-0.000233699
-0.00023091
-0.000228111
-0.000225304
-0.000222489
-0.000219669
-0.000216843
-0.000214013
-0.00021118
-0.000208346
-0.000205513
-0.000202682
-0.000199856
-0.000197037
-0.000194229
-0.000191433
-0.000188653
-0.000185893
-0.000183154
-0.00018044
-0.000177754
-0.000175098
-0.000172474
-0.000169885
-0.000167333
-0.000164819
-0.000162344
-0.000159911
-0.00015752
-0.000155172
-0.000152868
-0.00015061
-0.000148398
-0.000146233
-0.000144116
-0.000142048
-0.00014003
-0.000138063
-0.000136146
-0.000134282
-0.000132471
-0.000130712
-0.000129007
-0.000127356
-0.000125758
-0.000124214
-0.000122723
-0.000121286
-0.000119902
-0.000118571
-0.000117293
-0.000116067
-0.000114894
-0.000113772
-0.000112701
-0.000111682
-0.000110713
-0.000109793
-0.000108923
-0.000108101
-0.000107326
-0.000106596
-0.00010591
-0.000105266
-0.000104663
-0.000104097
-0.000103568
-0.000103073
-0.000102609
-0.000102175
-0.000101768
-0.000101387
-0.000101029
-0.000100692
-0.000100373
-0.000100071
-9.9781e-05
-9.95009e-05
-9.92268e-05
-9.89547e-05
-9.86802e-05
-9.8399e-05
-9.81063e-05
-9.77981e-05
-9.74699e-05
-9.71185e-05
-9.67406e-05
-9.63343e-05
-9.58978e-05
-9.54306e-05
-9.49325e-05
-9.44045e-05
-9.38479e-05
-9.32655e-05
-9.26605e-05
-9.20378e-05
-9.14033e-05
-9.07648e-05
-9.01316e-05
-8.95163e-05
-8.89332e-05
-8.84052e-05
-8.794e-05
-8.75955e-05
-8.73337e-05
-0.00043035
-0.000430352
-0.000430057
-0.000429479
-0.000428652
-0.000427612
-0.000426403
-0.000425068
-0.000423653
-0.000422194
-0.000420725
-0.000419272
-0.00041785
-0.000416468
-0.000415127
-0.000413821
-0.000412541
-0.000411274
-0.000410001
-0.000408707
-0.000407369
-0.000405969
-0.000404485
-0.000402902
-0.000401202
-0.000399374
-0.00039741
-0.000395309
-0.000393072
-0.000390706
-0.000388224
-0.000385637
-0.000382965
-0.000380224
-0.000377434
-0.000374611
-0.000371775
-0.000368939
-0.000366117
-0.00036332
-0.000360557
-0.000357835
-0.000355157
-0.00035253
-0.000349954
-0.00034743
-0.000344958
-0.000342537
-0.000340166
-0.000337842
-0.000335565
-0.00033333
-0.000331136
-0.000328977
-0.000326853
-0.000324758
-0.00032269
-0.000320642
-0.000318613
-0.000316596
-0.000314589
-0.000312587
-0.000310588
-0.000308586
-0.000306581
-0.000304567
-0.000302544
-0.000300508
-0.000298458
-0.000296391
-0.000294306
-0.000292201
-0.000290075
-0.000287924
-0.000285748
-0.000283545
-0.000281312
-0.000279048
-0.000276752
-0.000274422
-0.000272057
-0.000269656
-0.00026722
-0.000264749
-0.000262242
-0.000259702
-0.00025713
-0.000254528
-0.000251898
-0.000249242
-0.000246563
-0.000243862
-0.000241144
-0.000238409
-0.00023566
-0.000232897
-0.000230125
-0.000227342
-0.000224551
-0.000221752
-0.000218948
-0.000216137
-0.000213323
-0.000210506
-0.000207688
-0.00020487
-0.000202054
-0.000199243
-0.00019644
-0.000193646
-0.000190865
-0.000188099
-0.000185353
-0.000182628
-0.000179928
-0.000177255
-0.000174612
-0.000172001
-0.000169425
-0.000166885
-0.000164383
-0.00016192
-0.000159498
-0.000157117
-0.00015478
-0.000152487
-0.000150239
-0.000148036
-0.000145881
-0.000143773
-0.000141714
-0.000139705
-0.000137745
-0.000135837
-0.00013398
-0.000132176
-0.000130424
-0.000128726
-0.00012708
-0.000125488
-0.00012395
-0.000122464
-0.000121032
-0.000119653
-0.000118326
-0.000117051
-0.000115829
-0.000114659
-0.00011354
-0.000112472
-0.000111454
-0.000110487
-0.000109569
-0.0001087
-0.000107879
-0.000107104
-0.000106374
-0.000105688
-0.000105044
-0.00010444
-0.000103873
-0.000103343
-0.000102846
-0.00010238
-0.000101944
-0.000101535
-0.000101151
-0.00010079
-0.000100449
-0.000100127
-9.98204e-05
-9.95265e-05
-9.92419e-05
-9.89631e-05
-9.8686e-05
-9.84064e-05
-9.81199e-05
-9.78218e-05
-9.7508e-05
-9.71743e-05
-9.68173e-05
-9.64339e-05
-9.60221e-05
-9.55802e-05
-9.51079e-05
-9.46049e-05
-9.40723e-05
-9.35115e-05
-9.29254e-05
-9.23174e-05
-9.16924e-05
-9.10564e-05
-9.04174e-05
-8.97845e-05
-8.91703e-05
-8.85889e-05
-8.80629e-05
-8.75996e-05
-8.72561e-05
-8.69945e-05
-0.000428496
-0.000428499
-0.000428211
-0.000427644
-0.000426829
-0.000425803
-0.000424607
-0.000423283
-0.000421875
-0.000420423
-0.00041896
-0.000417511
-0.000416094
-0.000414717
-0.000413383
-0.000412086
-0.000410816
-0.000409559
-0.000408299
-0.000407017
-0.000405694
-0.000404308
-0.000402839
-0.000401271
-0.000399586
-0.000397774
-0.000395827
-0.000393742
-0.000391522
-0.000389173
-0.000386708
-0.000384138
-0.000381483
-0.000378758
-0.000375984
-0.000373177
-0.000370355
-0.000367532
-0.000364723
-0.000361938
-0.000359187
-0.000356474
-0.000353807
-0.000351188
-0.000348621
-0.000346105
-0.00034364
-0.000341226
-0.000338861
-0.000336543
-0.000334272
-0.000332042
-0.000329853
-0.0003277
-0.000325581
-0.000323491
-0.000321427
-0.000319385
-0.000317361
-0.000315349
-0.000313348
-0.000311353
-0.00030936
-0.000307365
-0.000305367
-0.000303361
-0.000301346
-0.000299318
-0.000297278
-0.000295221
-0.000293146
-0.000291052
-0.000288936
-0.000286797
-0.000284633
-0.000282442
-0.000280222
-0.000277971
-0.000275688
-0.000273371
-0.000271021
-0.000268635
-0.000266214
-0.000263756
-0.000261266
-0.000258741
-0.000256185
-0.000253599
-0.000250985
-0.000248345
-0.000245682
-0.000242998
-0.000240296
-0.000237577
-0.000234844
-0.000232098
-0.000229342
-0.000226575
-0.0002238
-0.000221017
-0.000218229
-0.000215434
-0.000212636
-0.000209834
-0.000207031
-0.000204228
-0.000201428
-0.000198632
-0.000195843
-0.000193064
-0.000190298
-0.000187547
-0.000184815
-0.000182103
-0.000179417
-0.000176757
-0.000174128
-0.000171529
-0.000168966
-0.000166438
-0.000163947
-0.000161496
-0.000159085
-0.000156716
-0.000154389
-0.000152106
-0.000149868
-0.000147676
-0.00014553
-0.000143431
-0.000141381
-0.000139379
-0.000137428
-0.000135528
-0.000133679
-0.000131881
-0.000130137
-0.000128444
-0.000126805
-0.000125219
-0.000123686
-0.000122206
-0.000120778
-0.000119403
-0.000118081
-0.00011681
-0.000115591
-0.000114424
-0.000113307
-0.000112242
-0.000111227
-0.000110261
-0.000109345
-0.000108477
-0.000107657
-0.000106882
-0.000106153
-0.000105467
-0.000104822
-0.000104217
-0.000103649
-0.000103117
-0.000102618
-0.000102151
-0.000101712
-0.000101301
-0.000100914
-0.00010055
-0.000100206
-9.98802e-05
-9.95697e-05
-9.92716e-05
-9.89826e-05
-9.86991e-05
-9.84171e-05
-9.81325e-05
-9.78406e-05
-9.75373e-05
-9.72179e-05
-9.68788e-05
-9.65163e-05
-9.61275e-05
-9.57103e-05
-9.52633e-05
-9.47859e-05
-9.42783e-05
-9.37412e-05
-9.31765e-05
-9.25869e-05
-9.19761e-05
-9.13491e-05
-9.07119e-05
-9.00723e-05
-8.944e-05
-8.88269e-05
-8.82474e-05
-8.77233e-05
-8.72621e-05
-8.69195e-05
-8.66583e-05
-0.00042665
-0.000426653
-0.00042637
-0.000425814
-0.000425012
-0.000424
-0.000422816
-0.000421503
-0.000420104
-0.000418658
-0.0004172
-0.000415756
-0.000414344
-0.000412974
-0.000411646
-0.000410357
-0.000409097
-0.000407851
-0.000406603
-0.000405334
-0.000404024
-0.000402652
-0.000401199
-0.000399645
-0.000397977
-0.00039618
-0.000394249
-0.000392181
-0.000389978
-0.000387646
-0.000385198
-0.000382645
-0.000380006
-0.000377298
-0.00037454
-0.000371748
-0.000368941
-0.000366131
-0.000363336
-0.000360562
-0.000357822
-0.000355121
-0.000352463
-0.000349854
-0.000347295
-0.000344786
-0.000342329
-0.000339921
-0.000337563
-0.000335251
-0.000332986
-0.000330761
-0.000328577
-0.000326429
-0.000324316
-0.00032223
-0.000320172
-0.000318134
-0.000316116
-0.00031411
-0.000312115
-0.000310125
-0.000308139
-0.000306151
-0.00030416
-0.000302162
-0.000300155
-0.000298136
-0.000296105
-0.000294057
-0.000291993
-0.000289908
-0.000287804
-0.000285676
-0.000283524
-0.000281344
-0.000279137
-0.000276899
-0.000274629
-0.000272326
-0.00026999
-0.000267617
-0.000265211
-0.000262769
-0.000260293
-0.000257784
-0.000255244
-0.000252673
-0.000250075
-0.000247451
-0.000244805
-0.000242137
-0.000239451
-0.000236748
-0.000234032
-0.000231302
-0.000228561
-0.00022581
-0.000223052
-0.000220284
-0.000217512
-0.000214732
-0.00021195
-0.000209163
-0.000206376
-0.000203588
-0.000200803
-0.000198022
-0.000195248
-0.000192483
-0.000189732
-0.000186995
-0.000184277
-0.00018158
-0.000178907
-0.00017626
-0.000173644
-0.000171058
-0.000168507
-0.000165991
-0.000163513
-0.000161073
-0.000158673
-0.000156315
-0.000153999
-0.000151726
-0.000149498
-0.000147315
-0.000145179
-0.000143089
-0.000141048
-0.000139055
-0.000137112
-0.000135219
-0.000133377
-0.000131587
-0.000129849
-0.000128163
-0.00012653
-0.00012495
-0.000123422
-0.000121947
-0.000120524
-0.000119154
-0.000117835
-0.000116568
-0.000115353
-0.000114189
-0.000113075
-0.000112012
-0.000110999
-0.000110036
-0.000109121
-0.000108254
-0.000107435
-0.000106661
-0.000105931
-0.000105245
-0.0001046
-0.000103994
-0.000103425
-0.000102891
-0.000102391
-0.000101921
-0.00010148
-0.000101066
-0.000100677
-0.00010031
-9.99624e-05
-9.9633e-05
-9.93186e-05
-9.90164e-05
-9.87229e-05
-9.84348e-05
-9.81479e-05
-9.78583e-05
-9.75612e-05
-9.72526e-05
-9.69278e-05
-9.65834e-05
-9.62154e-05
-9.58214e-05
-9.5399e-05
-9.49471e-05
-9.44648e-05
-9.39526e-05
-9.34113e-05
-9.2843e-05
-9.22501e-05
-9.16368e-05
-9.10078e-05
-9.03696e-05
-8.97298e-05
-8.90981e-05
-8.84863e-05
-8.79087e-05
-8.73865e-05
-8.69276e-05
-8.6586e-05
-8.63254e-05
-0.00042481
-0.000424814
-0.000424536
-0.00042399
-0.000423201
-0.000422202
-0.00042103
-0.000419728
-0.000418338
-0.000416899
-0.000415447
-0.000414008
-0.000412601
-0.000411237
-0.000409916
-0.000408636
-0.000407385
-0.00040615
-0.000404914
-0.000403658
-0.000402361
-0.000401003
-0.000399564
-0.000398025
-0.000396372
-0.000394591
-0.000392677
-0.000390625
-0.000388439
-0.000386124
-0.000383693
-0.000381157
-0.000378536
-0.000375844
-0.000373102
-0.000370325
-0.000367532
-0.000364737
-0.000361955
-0.000359193
-0.000356465
-0.000353774
-0.000351127
-0.000348526
-0.000345976
-0.000343475
-0.000341025
-0.000338624
-0.000336273
-0.000333967
-0.000331707
-0.000329488
-0.00032731
-0.000325167
-0.000323058
-0.000320978
-0.000318924
-0.000316892
-0.000314879
-0.000312878
-0.000310889
-0.000308905
-0.000306925
-0.000304944
-0.000302961
-0.00030097
-0.000298971
-0.000296961
-0.000294938
-0.0002929
-0.000290846
-0.000288771
-0.000286678
-0.000284561
-0.00028242
-0.000280252
-0.000278058
-0.000275832
-0.000273576
-0.000271285
-0.000268963
-0.000266604
-0.000264213
-0.000261785
-0.000259325
-0.00025683
-0.000254306
-0.000251751
-0.000249169
-0.000246561
-0.000243931
-0.000241278
-0.000238609
-0.000235922
-0.000233222
-0.000230507
-0.000227783
-0.000225048
-0.000222305
-0.000219553
-0.000216796
-0.000214032
-0.000211265
-0.000208494
-0.000205722
-0.000202949
-0.000200179
-0.000197413
-0.000194654
-0.000191904
-0.000189167
-0.000186444
-0.00018374
-0.000181056
-0.000178397
-0.000175764
-0.000173161
-0.000170588
-0.000168049
-0.000165545
-0.000163079
-0.00016065
-0.000158262
-0.000155914
-0.000153609
-0.000151347
-0.000149129
-0.000146955
-0.000144828
-0.000142747
-0.000140715
-0.00013873
-0.000136795
-0.00013491
-0.000133076
-0.000131293
-0.000129562
-0.000127882
-0.000126255
-0.000124681
-0.000123158
-0.000121688
-0.00012027
-0.000118904
-0.00011759
-0.000116327
-0.000115115
-0.000113954
-0.000112843
-0.000111782
-0.000110772
-0.00010981
-0.000108897
-0.000108031
-0.000107212
-0.000106438
-0.000105709
-0.000105023
-0.000104377
-0.00010377
-0.0001032
-0.000102665
-0.000102163
-0.000101691
-0.000101248
-0.000100831
-0.000100439
-0.000100069
-9.97182e-05
-9.93853e-05
-9.9067e-05
-9.87607e-05
-9.84628e-05
-9.81701e-05
-9.78783e-05
-9.75837e-05
-9.72814e-05
-9.69677e-05
-9.66376e-05
-9.62879e-05
-9.59147e-05
-9.55156e-05
-9.50881e-05
-9.46314e-05
-9.41444e-05
-9.3628e-05
-9.30826e-05
-9.25109e-05
-9.1915e-05
-9.12994e-05
-9.06687e-05
-9.00298e-05
-8.93898e-05
-8.87589e-05
-8.81485e-05
-8.75729e-05
-8.70528e-05
-8.65961e-05
-8.62557e-05
-8.59959e-05
-0.000422978
-0.000422981
-0.000422709
-0.000422172
-0.000421395
-0.000420409
-0.00041925
-0.000417959
-0.000416577
-0.000415146
-0.0004137
-0.000412267
-0.000410865
-0.000409507
-0.000408193
-0.000406921
-0.00040568
-0.000404456
-0.000403231
-0.000401987
-0.000400704
-0.00039936
-0.000397935
-0.000396411
-0.000394773
-0.000393008
-0.00039111
-0.000389074
-0.000386905
-0.000384607
-0.000382193
-0.000379675
-0.00037707
-0.000374395
-0.000371669
-0.000368908
-0.000366131
-0.000363349
-0.00036058
-0.000357831
-0.000355114
-0.000352434
-0.000349797
-0.000347206
-0.000344664
-0.000342171
-0.000339729
-0.000337335
-0.00033499
-0.00033269
-0.000330436
-0.000328223
-0.00032605
-0.000323912
-0.000321808
-0.000319733
-0.000317685
-0.000315657
-0.000313649
-0.000311654
-0.000309671
-0.000307693
-0.00030572
-0.000303745
-0.000301768
-0.000299785
-0.000297795
-0.000295792
-0.000293779
-0.000291749
-0.000289705
-0.000287641
-0.000285558
-0.000283451
-0.000281323
-0.000279166
-0.000276984
-0.00027477
-0.000272527
-0.00027025
-0.000267941
-0.000265596
-0.000263219
-0.000260806
-0.000258361
-0.000255881
-0.000253372
-0.000250832
-0.000248266
-0.000245673
-0.000243059
-0.000240423
-0.000237769
-0.000235098
-0.000232414
-0.000229715
-0.000227007
-0.000224287
-0.00022156
-0.000218824
-0.000216082
-0.000213334
-0.000210582
-0.000207826
-0.000205069
-0.000202311
-0.000199556
-0.000196805
-0.000194061
-0.000191325
-0.000188602
-0.000185894
-0.000183204
-0.000180534
-0.000177889
-0.000175268
-0.000172678
-0.000170118
-0.000167591
-0.000165099
-0.000162645
-0.000160228
-0.000157851
-0.000155514
-0.000153219
-0.000150967
-0.000148759
-0.000146595
-0.000144477
-0.000142406
-0.000140382
-0.000138406
-0.000136479
-0.000134602
-0.000132775
-0.000130999
-0.000129274
-0.000127601
-0.00012598
-0.000124411
-0.000122895
-0.000121429
-0.000120016
-0.000118654
-0.000117344
-0.000116085
-0.000114876
-0.000113718
-0.00011261
-0.000111552
-0.000110543
-0.000109583
-0.000108672
-0.000107807
-0.000106989
-0.000106216
-0.000105487
-0.0001048
-0.000104153
-0.000103546
-0.000102975
-0.000102438
-0.000101934
-0.000101461
-0.000101015
-0.000100596
-0.000100201
-9.98274e-05
-9.94734e-05
-9.91369e-05
-9.88147e-05
-9.85043e-05
-9.8202e-05
-9.79048e-05
-9.76082e-05
-9.73088e-05
-9.70013e-05
-9.66825e-05
-9.63472e-05
-9.59925e-05
-9.5614e-05
-9.521e-05
-9.47775e-05
-9.43163e-05
-9.38248e-05
-9.33044e-05
-9.27552e-05
-9.21803e-05
-9.15816e-05
-9.09641e-05
-9.03319e-05
-8.96925e-05
-8.90526e-05
-8.84227e-05
-8.78138e-05
-8.72402e-05
-8.67222e-05
-8.62678e-05
-8.59289e-05
-8.56701e-05
-0.000421154
-0.000421156
-0.000420888
-0.000420361
-0.000419595
-0.000418623
-0.000417475
-0.000416195
-0.000414823
-0.0004134
-0.00041196
-0.000410533
-0.000409137
-0.000407785
-0.000406478
-0.000405214
-0.000403982
-0.000402768
-0.000401555
-0.000400324
-0.000399054
-0.000397723
-0.000396312
-0.000394803
-0.00039318
-0.00039143
-0.000389548
-0.000387529
-0.000385377
-0.000383096
-0.0003807
-0.000378198
-0.000375611
-0.000372952
-0.000370243
-0.000367497
-0.000364735
-0.000361968
-0.000359212
-0.000356476
-0.000353771
-0.000351101
-0.000348475
-0.000345893
-0.00034336
-0.000340875
-0.000338441
-0.000336054
-0.000333715
-0.000331422
-0.000329174
-0.000326966
-0.000324798
-0.000322665
-0.000320567
-0.000318496
-0.000316453
-0.000314431
-0.000312428
-0.000310438
-0.000308461
-0.000306488
-0.000304522
-0.000302553
-0.000300584
-0.000298608
-0.000296625
-0.000294631
-0.000292627
-0.000290606
-0.000288571
-0.000286517
-0.000284444
-0.000282348
-0.000280231
-0.000278086
-0.000275915
-0.000273714
-0.000271484
-0.000269219
-0.000266924
-0.000264593
-0.00026223
-0.00025983
-0.0002574
-0.000254935
-0.000252442
-0.000249917
-0.000247366
-0.000244789
-0.000242191
-0.00023957
-0.000236933
-0.000234277
-0.000231608
-0.000228925
-0.000226233
-0.000223528
-0.000220817
-0.000218096
-0.00021537
-0.000212636
-0.0002099
-0.000207159
-0.000204417
-0.000201674
-0.000198935
-0.000196197
-0.000193468
-0.000190747
-0.000188039
-0.000185344
-0.000182668
-0.000180012
-0.00017738
-0.000174773
-0.000172196
-0.000169648
-0.000167134
-0.000164654
-0.000162211
-0.000159805
-0.00015744
-0.000155114
-0.00015283
-0.000150587
-0.000148389
-0.000146235
-0.000144127
-0.000142064
-0.000140049
-0.000138081
-0.000136162
-0.000134293
-0.000132473
-0.000130704
-0.000128987
-0.00012732
-0.000125705
-0.000124142
-0.00012263
-0.00012117
-0.000119762
-0.000118404
-0.000117098
-0.000115842
-0.000114637
-0.000113482
-0.000112377
-0.000111321
-0.000110315
-0.000109357
-0.000108446
-0.000107583
-0.000106765
-0.000105993
-0.000105263
-0.000104576
-0.000103929
-0.000103321
-0.000102748
-0.000102211
-0.000101705
-0.000101229
-0.000100781
-0.00010036
-9.99615e-05
-9.95852e-05
-9.92278e-05
-9.88878e-05
-9.85616e-05
-9.82472e-05
-9.79405e-05
-9.76389e-05
-9.73375e-05
-9.70332e-05
-9.67208e-05
-9.6397e-05
-9.60565e-05
-9.56968e-05
-9.53133e-05
-9.49046e-05
-9.44674e-05
-9.40018e-05
-9.3506e-05
-9.29818e-05
-9.24291e-05
-9.18513e-05
-9.12501e-05
-9.06309e-05
-8.99976e-05
-8.93578e-05
-8.87183e-05
-8.80895e-05
-8.74822e-05
-8.69109e-05
-8.63951e-05
-8.59431e-05
-8.56058e-05
-8.53481e-05
-0.000419338
-0.000419339
-0.000419074
-0.000418556
-0.000417802
-0.000416842
-0.000415707
-0.000414438
-0.000413075
-0.00041166
-0.000410227
-0.000408806
-0.000407416
-0.000406071
-0.000404771
-0.000403515
-0.000402292
-0.000401089
-0.000399887
-0.000398667
-0.00039741
-0.000396092
-0.000394696
-0.0003932
-0.000391592
-0.000389858
-0.000387992
-0.000385989
-0.000383854
-0.00038159
-0.000379211
-0.000376727
-0.000374157
-0.000371515
-0.000368823
-0.000366093
-0.000363346
-0.000360593
-0.000357851
-0.000355128
-0.000352435
-0.000349776
-0.00034716
-0.000344588
-0.000342064
-0.000339587
-0.00033716
-0.000334781
-0.000332449
-0.000330162
-0.000327919
-0.000325717
-0.000323555
-0.000321427
-0.000319334
-0.000317268
-0.00031523
-0.000313213
-0.000311215
-0.000309231
-0.000307259
-0.000305292
-0.000303332
-0.00030137
-0.000299408
-0.000297438
-0.000295464
-0.000293477
-0.000291482
-0.00028947
-0.000287445
-0.000285399
-0.000283338
-0.000281252
-0.000279145
-0.000277011
-0.000274853
-0.000272663
-0.000270446
-0.000268194
-0.000265912
-0.000263594
-0.000261245
-0.000258859
-0.000256444
-0.000253993
-0.000251515
-0.000249005
-0.00024647
-0.000243908
-0.000241325
-0.000238719
-0.000236098
-0.000233458
-0.000230805
-0.000228137
-0.000225461
-0.000222771
-0.000220076
-0.00021737
-0.000214659
-0.00021194
-0.000209219
-0.000206493
-0.000203767
-0.000201038
-0.000198313
-0.000195591
-0.000192876
-0.000190169
-0.000187475
-0.000184795
-0.000182133
-0.00017949
-0.000176872
-0.000174278
-0.000171713
-0.000169178
-0.000166677
-0.000164208
-0.000161777
-0.000159383
-0.000157028
-0.000154713
-0.00015244
-0.000150208
-0.00014802
-0.000145875
-0.000143776
-0.000141722
-0.000139716
-0.000137756
-0.000135845
-0.000133983
-0.000132172
-0.000130409
-0.000128699
-0.000127038
-0.000125429
-0.000123872
-0.000122366
-0.00012091
-0.000119507
-0.000118154
-0.000116851
-0.000115599
-0.000114398
-0.000113246
-0.000112143
-0.00011109
-0.000110085
-0.000109129
-0.00010822
-0.000107357
-0.000106541
-0.000105768
-0.000105039
-0.000104352
-0.000103704
-0.000103095
-0.000102521
-0.000101982
-0.000101474
-0.000100997
-0.000100547
-0.000100122
-9.97213e-05
-9.9342e-05
-9.89813e-05
-9.86377e-05
-9.83076e-05
-9.79893e-05
-9.76782e-05
-9.73722e-05
-9.7066e-05
-9.67571e-05
-9.64396e-05
-9.6111e-05
-9.57655e-05
-9.54011e-05
-9.50127e-05
-9.45994e-05
-9.41576e-05
-9.36879e-05
-9.3188e-05
-9.26604e-05
-9.21044e-05
-9.15241e-05
-9.09206e-05
-9.03e-05
-8.96657e-05
-8.9026e-05
-8.8387e-05
-8.77596e-05
-8.71541e-05
-8.65851e-05
-8.60716e-05
-8.56222e-05
-8.52866e-05
-8.50304e-05
-0.00041753
-0.000417529
-0.000417268
-0.000416757
-0.000416015
-0.000415067
-0.000413944
-0.000412687
-0.000411334
-0.000409927
-0.000408501
-0.000407087
-0.000405704
-0.000404365
-0.000403073
-0.000401825
-0.000400611
-0.000399417
-0.000398226
-0.000397018
-0.000395773
-0.000394468
-0.000393085
-0.000391604
-0.000390011
-0.000388291
-0.000386442
-0.000384455
-0.000382337
-0.00038009
-0.000377729
-0.000375262
-0.000372709
-0.000370084
-0.000367408
-0.000364695
-0.000361963
-0.000359225
-0.000356497
-0.000353787
-0.000351106
-0.000348459
-0.000345853
-0.000343291
-0.000340776
-0.000338308
-0.000335889
-0.000333516
-0.000331191
-0.000328911
-0.000326674
-0.000324478
-0.000322321
-0.000320198
-0.00031811
-0.00031605
-0.000314017
-0.000312004
-0.000310012
-0.000308032
-0.000306066
-0.000304105
-0.000302151
-0.000300195
-0.00029824
-0.000296277
-0.00029431
-0.000292332
-0.000290344
-0.000288341
-0.000286325
-0.000284289
-0.000282238
-0.000280162
-0.000278066
-0.000275943
-0.000273796
-0.000271618
-0.000269413
-0.000267173
-0.000264905
-0.0002626
-0.000260265
-0.000257893
-0.000255492
-0.000253055
-0.000250592
-0.000248096
-0.000245577
-0.000243029
-0.000240462
-0.000237872
-0.000235266
-0.000232641
-0.000230004
-0.000227351
-0.00022469
-0.000222016
-0.000219335
-0.000216644
-0.000213949
-0.000211245
-0.00020854
-0.000205828
-0.000203116
-0.000200403
-0.000197693
-0.000194985
-0.000192285
-0.000189592
-0.000186912
-0.000184246
-0.000181598
-0.000178968
-0.000176363
-0.000173782
-0.000171231
-0.000168708
-0.000166219
-0.000163763
-0.000161344
-0.00015896
-0.000156617
-0.000154312
-0.000152049
-0.000149828
-0.000147649
-0.000145514
-0.000143425
-0.00014138
-0.000139382
-0.000137431
-0.000135528
-0.000133674
-0.000131869
-0.000130114
-0.00012841
-0.000126756
-0.000125153
-0.000123601
-0.0001221
-0.00012065
-0.000119251
-0.000117902
-0.000116604
-0.000115356
-0.000114157
-0.000113008
-0.000111909
-0.000110858
-0.000109855
-0.0001089
-0.000107993
-0.000107131
-0.000106315
-0.000105543
-0.000104814
-0.000104127
-0.000103478
-0.000102868
-0.000102293
-0.000101752
-0.000101243
-0.000100763
-0.000100311
-9.98839e-05
-9.948e-05
-9.90976e-05
-9.87335e-05
-9.83865e-05
-9.80525e-05
-9.77302e-05
-9.74148e-05
-9.71045e-05
-9.67937e-05
-9.64801e-05
-9.61578e-05
-9.58245e-05
-9.54741e-05
-9.51051e-05
-9.47119e-05
-9.42944e-05
-9.38482e-05
-9.33746e-05
-9.2871e-05
-9.23402e-05
-9.17812e-05
-9.11986e-05
-9.05932e-05
-8.99716e-05
-8.93366e-05
-8.86972e-05
-8.8059e-05
-8.74332e-05
-8.68297e-05
-8.62631e-05
-8.5752e-05
-8.53053e-05
-8.49717e-05
-8.47172e-05
-0.000415731
-0.000415728
-0.000415469
-0.000414966
-0.000414234
-0.000413299
-0.000412189
-0.000410943
-0.0004096
-0.000408202
-0.000406784
-0.000405377
-0.000404
-0.000402669
-0.000401383
-0.000400144
-0.000398938
-0.000397754
-0.000396574
-0.000395377
-0.000394144
-0.000392851
-0.000391482
-0.000390014
-0.000388435
-0.000386731
-0.000384897
-0.000382926
-0.000380825
-0.000378595
-0.000376252
-0.000373802
-0.000371268
-0.00036866
-0.000366001
-0.000363303
-0.000360588
-0.000357865
-0.000355151
-0.000352453
-0.000349785
-0.000347149
-0.000344555
-0.000342002
-0.000339497
-0.000337037
-0.000334626
-0.000332261
-0.000329943
-0.000327669
-0.000325438
-0.000323248
-0.000321096
-0.000318979
-0.000316896
-0.00031484
-0.000312812
-0.000310805
-0.000308818
-0.000306843
-0.000304883
-0.000302927
-0.000300979
-0.000299029
-0.00029708
-0.000295125
-0.000293166
-0.000291194
-0.000289215
-0.00028722
-0.000285214
-0.000283187
-0.000281145
-0.000279079
-0.000276994
-0.000274881
-0.000272746
-0.000270579
-0.000268386
-0.000266158
-0.000263903
-0.00026161
-0.000259289
-0.00025693
-0.000254543
-0.000252121
-0.000249672
-0.000247191
-0.000244687
-0.000242154
-0.000239602
-0.000237026
-0.000234436
-0.000231826
-0.000229204
-0.000226567
-0.000223921
-0.000221262
-0.000218596
-0.00021592
-0.00021324
-0.000210551
-0.00020786
-0.000205163
-0.000202467
-0.000199767
-0.000197072
-0.000194378
-0.000191693
-0.000189014
-0.000186349
-0.000183696
-0.000181062
-0.000178446
-0.000175855
-0.000173287
-0.000170748
-0.000168238
-0.000165761
-0.000163317
-0.000160909
-0.000158537
-0.000156205
-0.000153911
-0.000151659
-0.000149447
-0.000147279
-0.000145153
-0.000143072
-0.000141036
-0.000139047
-0.000137104
-0.00013521
-0.000133363
-0.000131566
-0.000129818
-0.00012812
-0.000126472
-0.000124876
-0.000123329
-0.000121834
-0.000120388
-0.000118994
-0.00011765
-0.000116355
-0.000115111
-0.000113916
-0.00011277
-0.000111673
-0.000110624
-0.000109624
-0.00010867
-0.000107764
-0.000106904
-0.000106088
-0.000105317
-0.000104588
-0.0001039
-0.000103251
-0.00010264
-0.000102063
-0.000101521
-0.00010101
-0.000100528
-0.000100073
-9.96441e-05
-9.92372e-05
-9.88519e-05
-9.84845e-05
-9.8134e-05
-9.77962e-05
-9.747e-05
-9.71503e-05
-9.68357e-05
-9.65203e-05
-9.62023e-05
-9.58752e-05
-9.55373e-05
-9.51822e-05
-9.48087e-05
-9.4411e-05
-9.39894e-05
-9.35391e-05
-9.3062e-05
-9.25548e-05
-9.20212e-05
-9.14595e-05
-9.0875e-05
-9.0268e-05
-8.96457e-05
-8.90105e-05
-8.83717e-05
-8.77345e-05
-8.71106e-05
-8.65092e-05
-8.59453e-05
-8.54367e-05
-8.49929e-05
-8.46614e-05
-8.4409e-05
-0.000413942
-0.000413935
-0.000413678
-0.000413183
-0.000412461
-0.000411538
-0.00041044
-0.000409206
-0.000407873
-0.000406486
-0.000405075
-0.000403676
-0.000402306
-0.000400982
-0.000399704
-0.000398472
-0.000397276
-0.000396101
-0.000394931
-0.000393744
-0.000392523
-0.000391242
-0.000389885
-0.000388431
-0.000386867
-0.000385177
-0.000383359
-0.000381404
-0.00037932
-0.000377107
-0.000374781
-0.000372349
-0.000369832
-0.000367242
-0.0003646
-0.000361919
-0.000359219
-0.000356511
-0.000353812
-0.000351128
-0.000348472
-0.000345849
-0.000343265
-0.000340723
-0.000338227
-0.000335776
-0.000333373
-0.000331016
-0.000328705
-0.000326437
-0.000324213
-0.000322028
-0.000319882
-0.00031777
-0.000315692
-0.000313641
-0.000311619
-0.000309616
-0.000307634
-0.000305664
-0.000303709
-0.000301759
-0.000299817
-0.000297873
-0.000295931
-0.000293982
-0.00029203
-0.000290066
-0.000288095
-0.000286108
-0.00028411
-0.000282092
-0.00028006
-0.000278003
-0.000275929
-0.000273826
-0.000271702
-0.000269546
-0.000267365
-0.000265149
-0.000262906
-0.000260626
-0.000258318
-0.000255972
-0.000253599
-0.00025119
-0.000248756
-0.000246289
-0.0002438
-0.000241281
-0.000238745
-0.000236184
-0.000233609
-0.000231013
-0.000228407
-0.000225784
-0.000223153
-0.000220508
-0.000217859
-0.000215197
-0.000212532
-0.000209857
-0.000207182
-0.000204499
-0.000201817
-0.000199132
-0.000196452
-0.000193772
-0.000191101
-0.000188437
-0.000185786
-0.000183146
-0.000180526
-0.000177924
-0.000175345
-0.00017279
-0.000170264
-0.000167767
-0.000165302
-0.00016287
-0.000160474
-0.000158113
-0.000155792
-0.000153509
-0.000151267
-0.000149065
-0.000146907
-0.000144791
-0.000142719
-0.000140692
-0.000138712
-0.000136777
-0.00013489
-0.000133051
-0.000131261
-0.00012952
-0.000127829
-0.000126188
-0.000124597
-0.000123056
-0.000121566
-0.000120126
-0.000118736
-0.000117396
-0.000116105
-0.000114864
-0.000113673
-0.00011253
-0.000111436
-0.000110389
-0.000109391
-0.000108439
-0.000107534
-0.000106675
-0.00010586
-0.000105089
-0.00010436
-0.000103671
-0.000103022
-0.00010241
-0.000101832
-0.000101289
-0.000100775
-0.000100292
-9.98344e-05
-9.94027e-05
-9.89929e-05
-9.86047e-05
-9.82338e-05
-9.788e-05
-9.75383e-05
-9.72083e-05
-9.68844e-05
-9.65657e-05
-9.62458e-05
-9.59234e-05
-9.55917e-05
-9.52495e-05
-9.48897e-05
-9.45121e-05
-9.411e-05
-9.36846e-05
-9.32304e-05
-9.275e-05
-9.22396e-05
-9.17035e-05
-9.11395e-05
-9.05536e-05
-8.99453e-05
-8.93227e-05
-8.86875e-05
-8.80497e-05
-8.74138e-05
-8.67922e-05
-8.61931e-05
-8.56321e-05
-8.51261e-05
-8.46853e-05
-8.43563e-05
-8.41061e-05
-0.000412161
-0.000412151
-0.000411895
-0.000411408
-0.000410696
-0.000409786
-0.0004087
-0.000407478
-0.000406156
-0.000404778
-0.000403377
-0.000401986
-0.000400623
-0.000399306
-0.000398036
-0.000396812
-0.000395624
-0.000394458
-0.000393297
-0.000392121
-0.00039091
-0.000389641
-0.000388297
-0.000386855
-0.000385305
-0.000383629
-0.000381827
-0.000379888
-0.00037782
-0.000375625
-0.000373316
-0.000370902
-0.000368403
-0.00036583
-0.000363206
-0.000360542
-0.000357858
-0.000355166
-0.000352481
-0.000349812
-0.000347169
-0.000344558
-0.000341985
-0.000339454
-0.000336967
-0.000334525
-0.000332131
-0.000329781
-0.000327477
-0.000325216
-0.000322998
-0.000320819
-0.000318679
-0.000316572
-0.000314499
-0.000312454
-0.000310436
-0.000308438
-0.000306461
-0.000304496
-0.000302546
-0.000300601
-0.000298665
-0.000296727
-0.000294791
-0.000292848
-0.000290904
-0.000288947
-0.000286984
-0.000285004
-0.000283015
-0.000281006
-0.000278983
-0.000276935
-0.000274871
-0.000272778
-0.000270665
-0.000268519
-0.00026635
-0.000264145
-0.000261915
-0.000259647
-0.000257352
-0.000255019
-0.00025266
-0.000250264
-0.000247844
-0.00024539
-0.000242916
-0.000240411
-0.00023789
-0.000235343
-0.000232783
-0.000230202
-0.000227611
-0.000225002
-0.000222387
-0.000219756
-0.000217121
-0.000214474
-0.000211824
-0.000209164
-0.000206503
-0.000203834
-0.000201168
-0.000198497
-0.000195831
-0.000193165
-0.000190509
-0.000187858
-0.000185221
-0.000182596
-0.000179989
-0.0001774
-0.000174835
-0.000172293
-0.00016978
-0.000167294
-0.000164842
-0.000162421
-0.000160037
-0.000157688
-0.000155378
-0.000153105
-0.000150874
-0.000148682
-0.000146534
-0.000144427
-0.000142365
-0.000140347
-0.000138375
-0.000136448
-0.00013457
-0.000132738
-0.000130955
-0.000129221
-0.000127537
-0.000125902
-0.000124317
-0.000122782
-0.000121297
-0.000119861
-0.000118476
-0.00011714
-0.000115854
-0.000114617
-0.000113428
-0.000112288
-0.000111197
-0.000110153
-0.000109156
-0.000108206
-0.000107302
-0.000106444
-0.00010563
-0.000104859
-0.00010413
-0.000103441
-0.000102791
-0.000102178
-0.000101599
-0.000101054
-0.000100539
-0.000100053
-9.95936e-05
-9.91594e-05
-9.87467e-05
-9.83556e-05
-9.79814e-05
-9.76242e-05
-9.72788e-05
-9.69451e-05
-9.6617e-05
-9.62943e-05
-9.59699e-05
-9.56434e-05
-9.53071e-05
-9.49607e-05
-9.45965e-05
-9.4215e-05
-9.38088e-05
-9.33799e-05
-9.2922e-05
-9.24388e-05
-9.19254e-05
-9.13873e-05
-9.08213e-05
-9.02343e-05
-8.96252e-05
-8.90027e-05
-8.83679e-05
-8.77315e-05
-8.70973e-05
-8.64782e-05
-8.58817e-05
-8.53238e-05
-8.48207e-05
-8.4383e-05
-8.40567e-05
-8.3809e-05
-0.000410391
-0.000410377
-0.000410122
-0.000409641
-0.00040894
-0.000408042
-0.000406968
-0.000405759
-0.000404448
-0.000403081
-0.000401689
-0.000400306
-0.000398952
-0.000397642
-0.000396379
-0.000395163
-0.000393983
-0.000392826
-0.000391675
-0.000390508
-0.000389308
-0.000388049
-0.000386717
-0.000385287
-0.000383751
-0.000382089
-0.000380301
-0.000378378
-0.000376328
-0.000374149
-0.000371858
-0.000369462
-0.000366981
-0.000364426
-0.00036182
-0.000359173
-0.000356506
-0.00035383
-0.00035116
-0.000348504
-0.000345875
-0.000343276
-0.000340715
-0.000338195
-0.000335718
-0.000333286
-0.000330899
-0.000328558
-0.000326261
-0.000324007
-0.000321795
-0.000319622
-0.000317488
-0.000315386
-0.000313319
-0.000311278
-0.000309265
-0.000307272
-0.0003053
-0.00030334
-0.000301395
-0.000299455
-0.000297525
-0.000295592
-0.000293663
-0.000291726
-0.000289788
-0.000287838
-0.000285883
-0.00028391
-0.00028193
-0.000279928
-0.000277915
-0.000275876
-0.000273821
-0.000271738
-0.000269635
-0.0002675
-0.000265342
-0.000263148
-0.000260929
-0.000258673
-0.00025639
-0.00025407
-0.000251724
-0.000249341
-0.000246935
-0.000244495
-0.000242035
-0.000239544
-0.000237037
-0.000234504
-0.000231959
-0.000229392
-0.000226816
-0.000224222
-0.000221621
-0.000219005
-0.000216385
-0.000213752
-0.000211116
-0.00020847
-0.000205824
-0.00020317
-0.000200517
-0.000197861
-0.000195209
-0.000192558
-0.000189916
-0.000187279
-0.000184656
-0.000182044
-0.000179451
-0.000176875
-0.000174324
-0.000171794
-0.000169294
-0.000166821
-0.000164381
-0.000161972
-0.000159599
-0.000157261
-0.000154962
-0.0001527
-0.000150479
-0.000148298
-0.000146159
-0.000144062
-0.000142009
-0.000139999
-0.000138036
-0.000136118
-0.000134247
-0.000132423
-0.000130648
-0.000128921
-0.000127243
-0.000125614
-0.000124035
-0.000122505
-0.000121026
-0.000119595
-0.000118215
-0.000116883
-0.000115601
-0.000114367
-0.000113182
-0.000112045
-0.000110956
-0.000109914
-0.000108919
-0.000107971
-0.000107069
-0.000106211
-0.000105398
-0.000104627
-0.000103898
-0.000103209
-0.000102558
-0.000101944
-0.000101364
-0.000100817
-0.0001003
-9.98128e-05
-9.93506e-05
-9.8914e-05
-9.84985e-05
-9.81045e-05
-9.7727e-05
-9.73665e-05
-9.70174e-05
-9.668e-05
-9.63479e-05
-9.60213e-05
-9.56926e-05
-9.5362e-05
-9.50213e-05
-9.4671e-05
-9.43026e-05
-9.39173e-05
-9.35073e-05
-9.30752e-05
-9.2614e-05
-9.21283e-05
-9.16124e-05
-9.10727e-05
-9.0505e-05
-8.99175e-05
-8.93079e-05
-8.86861e-05
-8.80521e-05
-8.74176e-05
-8.67854e-05
-8.61691e-05
-8.55755e-05
-8.5021e-05
-8.45209e-05
-8.40865e-05
-8.37631e-05
-8.35182e-05
-0.000408632
-0.000408613
-0.000408359
-0.000407885
-0.000407193
-0.000406307
-0.000405246
-0.00040405
-0.000402751
-0.000401395
-0.000400013
-0.00039864
-0.000397293
-0.000395992
-0.000394737
-0.000393528
-0.000392356
-0.000391207
-0.000390064
-0.000388906
-0.000387716
-0.000386468
-0.000385147
-0.000383729
-0.000382205
-0.000380557
-0.000378784
-0.000376876
-0.000374842
-0.00037268
-0.000370407
-0.000368029
-0.000365567
-0.00036303
-0.000360441
-0.000357812
-0.000355162
-0.000352502
-0.000349848
-0.000347207
-0.000344591
-0.000342005
-0.000339456
-0.000336947
-0.00033448
-0.000332058
-0.00032968
-0.000327347
-0.000325058
-0.00032281
-0.000320605
-0.000318438
-0.00031631
-0.000314214
-0.000312151
-0.000310115
-0.000308107
-0.000306118
-0.000304152
-0.000302196
-0.000300257
-0.000298322
-0.000296396
-0.000294469
-0.000292546
-0.000290615
-0.000288684
-0.00028674
-0.000284792
-0.000282827
-0.000280854
-0.00027886
-0.000276855
-0.000274825
-0.00027278
-0.000270705
-0.000268613
-0.000266487
-0.00026434
-0.000262157
-0.00025995
-0.000257704
-0.000255435
-0.000253126
-0.000250793
-0.000248423
-0.00024603
-0.000243603
-0.000241157
-0.00023868
-0.000236187
-0.000233668
-0.000231137
-0.000228584
-0.000226023
-0.000223442
-0.000220856
-0.000218254
-0.000215649
-0.000213029
-0.000210409
-0.000207777
-0.000205145
-0.000202504
-0.000199867
-0.000197224
-0.000194587
-0.000191949
-0.000189321
-0.000186698
-0.000184089
-0.000181491
-0.000178912
-0.000176349
-0.00017381
-0.000171294
-0.000168806
-0.000166345
-0.000163918
-0.00016152
-0.000159159
-0.000156832
-0.000154544
-0.000152293
-0.000150082
-0.000147911
-0.000145782
-0.000143694
-0.000141651
-0.00013965
-0.000137695
-0.000135785
-0.000133922
-0.000132106
-0.000130338
-0.000128618
-0.000126947
-0.000125324
-0.000123751
-0.000122227
-0.000120752
-0.000119327
-0.000117951
-0.000116623
-0.000115345
-0.000114115
-0.000112933
-0.000111799
-0.000110712
-0.000109673
-0.00010868
-0.000107734
-0.000106832
-0.000105976
-0.000105163
-0.000104393
-0.000103663
-0.000102974
-0.000102322
-0.000101708
-0.000101126
-0.000100578
-0.000100059
-9.95697e-05
-9.91052e-05
-9.86661e-05
-9.82478e-05
-9.7851e-05
-9.74703e-05
-9.71066e-05
-9.67538e-05
-9.6413e-05
-9.60769e-05
-9.57465e-05
-9.54136e-05
-9.50792e-05
-9.47343e-05
-9.43802e-05
-9.40078e-05
-9.36192e-05
-9.32055e-05
-9.27706e-05
-9.23065e-05
-9.18187e-05
-9.13007e-05
-9.07598e-05
-9.0191e-05
-8.96034e-05
-8.89939e-05
-8.83731e-05
-8.77404e-05
-8.71082e-05
-8.64784e-05
-8.58654e-05
-8.52751e-05
-8.47242e-05
-8.42273e-05
-8.37965e-05
-8.34762e-05
-8.32343e-05
-0.000406884
-0.00040686
-0.000406606
-0.000406138
-0.000405457
-0.000404583
-0.000403535
-0.000402352
-0.000401066
-0.000399722
-0.00039835
-0.000396987
-0.000395649
-0.000394356
-0.000393109
-0.000391908
-0.000390743
-0.000389602
-0.000388467
-0.000387318
-0.000386137
-0.000384898
-0.000383587
-0.00038218
-0.000380668
-0.000379033
-0.000377275
-0.000375381
-0.000373364
-0.000371219
-0.000368964
-0.000366604
-0.00036416
-0.000361642
-0.000359071
-0.00035646
-0.000353827
-0.000351184
-0.000348546
-0.00034592
-0.000343319
-0.000340746
-0.000338209
-0.000335712
-0.000333256
-0.000330843
-0.000328474
-0.000326149
-0.000323868
-0.000321628
-0.000319429
-0.000317268
-0.000315146
-0.000313055
-0.000310998
-0.000308967
-0.000306964
-0.000304979
-0.000303017
-0.000301067
-0.000299132
-0.000297202
-0.000295282
-0.000293359
-0.000291442
-0.000289517
-0.000287592
-0.000285654
-0.000283713
-0.000281754
-0.00027979
-0.000277803
-0.000275806
-0.000273784
-0.000271748
-0.000269682
-0.000267599
-0.000265482
-0.000263346
-0.000261172
-0.000258977
-0.000256742
-0.000254484
-0.000252187
-0.000249867
-0.000247508
-0.000245129
-0.000242715
-0.000240282
-0.000237818
-0.00023534
-0.000232834
-0.000230317
-0.000227778
-0.00022523
-0.000222664
-0.000220092
-0.000217503
-0.000214912
-0.000212307
-0.0002097
-0.000207082
-0.000204464
-0.000201838
-0.000199214
-0.000196585
-0.000193963
-0.000191339
-0.000188725
-0.000186115
-0.00018352
-0.000180935
-0.00017837
-0.00017582
-0.000173295
-0.000170791
-0.000168316
-0.000165868
-0.000163452
-0.000161066
-0.000158717
-0.000156401
-0.000154124
-0.000151883
-0.000149683
-0.000147522
-0.000145403
-0.000143324
-0.00014129
-0.000139298
-0.000137352
-0.00013545
-0.000133595
-0.000131786
-0.000130026
-0.000128312
-0.000126648
-0.000125031
-0.000123464
-0.000121946
-0.000120476
-0.000119056
-0.000117684
-0.000116361
-0.000115087
-0.00011386
-0.000112681
-0.00011155
-0.000110466
-0.000109429
-0.000108438
-0.000107494
-0.000106593
-0.000105738
-0.000104926
-0.000104156
-0.000103426
-0.000102737
-0.000102084
-0.000101468
-0.000100886
-0.000100336
-9.98153e-05
-9.93239e-05
-9.8857e-05
-9.84156e-05
-9.79945e-05
-9.75949e-05
-9.7211e-05
-9.68442e-05
-9.64879e-05
-9.61436e-05
-9.58036e-05
-9.54696e-05
-9.51327e-05
-9.47947e-05
-9.44458e-05
-9.40883e-05
-9.37121e-05
-9.33204e-05
-9.29035e-05
-9.24661e-05
-9.19994e-05
-9.151e-05
-9.09903e-05
-9.04487e-05
-8.98793e-05
-8.92921e-05
-8.86832e-05
-8.80641e-05
-8.74332e-05
-8.68038e-05
-8.6177e-05
-8.55676e-05
-8.49809e-05
-8.4434e-05
-8.39406e-05
-8.35135e-05
-8.31966e-05
-8.29578e-05
-0.000405149
-0.000405119
-0.000404865
-0.000404404
-0.000403732
-0.00040287
-0.000401836
-0.000400667
-0.000399394
-0.000398063
-0.000396702
-0.00039535
-0.000394022
-0.000392737
-0.000391498
-0.000390304
-0.000389147
-0.000388013
-0.000386886
-0.000385744
-0.000384571
-0.00038334
-0.000382039
-0.000380642
-0.000379142
-0.000377519
-0.000375774
-0.000373896
-0.000371894
-0.000369766
-0.000367529
-0.000365187
-0.000362762
-0.000360263
-0.000357711
-0.000355118
-0.000352503
-0.000349877
-0.000347255
-0.000344645
-0.000342058
-0.000339499
-0.000336976
-0.00033449
-0.000332044
-0.000329642
-0.000327283
-0.000324966
-0.000322693
-0.00032046
-0.000318269
-0.000316114
-0.000313997
-0.000311912
-0.00030986
-0.000307834
-0.000305835
-0.000303856
-0.000301898
-0.000299952
-0.000298022
-0.000296097
-0.000294182
-0.000292264
-0.000290352
-0.000288432
-0.000286513
-0.000284581
-0.000282647
-0.000280694
-0.000278737
-0.000276757
-0.000274768
-0.000272753
-0.000270725
-0.000268667
-0.000266594
-0.000264486
-0.00026236
-0.000260196
-0.000258011
-0.000255786
-0.00025354
-0.000251253
-0.000248945
-0.000246599
-0.000244232
-0.00024183
-0.000239411
-0.000236959
-0.000234494
-0.000232002
-0.000229499
-0.000226972
-0.000224439
-0.000221886
-0.000219328
-0.000216753
-0.000214176
-0.000211584
-0.000208991
-0.000206387
-0.000203783
-0.00020117
-0.000198561
-0.000195945
-0.000193337
-0.000190726
-0.000188126
-0.00018553
-0.000182949
-0.000180377
-0.000177826
-0.000175289
-0.000172777
-0.000170286
-0.000167824
-0.000165387
-0.000162984
-0.00016061
-0.000158272
-0.000155967
-0.000153701
-0.000151471
-0.000149281
-0.00014713
-0.000145021
-0.000142951
-0.000140926
-0.000138943
-0.000137006
-0.000135112
-0.000133265
-0.000131464
-0.00012971
-0.000128004
-0.000126346
-0.000124736
-0.000123174
-0.000121661
-0.000120197
-0.000118782
-0.000117415
-0.000116096
-0.000114825
-0.000113602
-0.000112427
-0.000111298
-0.000110217
-0.000109182
-0.000108193
-0.00010725
-0.000106351
-0.000105497
-0.000104685
-0.000103915
-0.000103186
-0.000102496
-0.000101842
-0.000101226
-0.000100642
-0.000100091
-9.95683e-05
-9.90749e-05
-9.86057e-05
-9.8162e-05
-9.77381e-05
-9.73359e-05
-9.69489e-05
-9.65791e-05
-9.62193e-05
-9.58717e-05
-9.5528e-05
-9.51906e-05
-9.48498e-05
-9.45083e-05
-9.41557e-05
-9.37949e-05
-9.34153e-05
-9.30208e-05
-9.26011e-05
-9.21616e-05
-9.16929e-05
-9.12022e-05
-9.06814e-05
-9.01397e-05
-8.95703e-05
-8.89841e-05
-8.83764e-05
-8.77595e-05
-8.7131e-05
-8.65049e-05
-8.58815e-05
-8.52763e-05
-8.46937e-05
-8.4151e-05
-8.36615e-05
-8.32383e-05
-8.2925e-05
-8.26894e-05
-0.000403426
-0.000403391
-0.000403137
-0.000402682
-0.00040202
-0.00040117
-0.00040015
-0.000398995
-0.000397736
-0.000396419
-0.000395071
-0.00039373
-0.000392412
-0.000391137
-0.000389906
-0.000388719
-0.000387569
-0.000386441
-0.000385321
-0.000384185
-0.00038302
-0.000381796
-0.000380504
-0.000379116
-0.000377627
-0.000376015
-0.000374284
-0.00037242
-0.000370434
-0.000368323
-0.000366103
-0.00036378
-0.000361373
-0.000358893
-0.00035636
-0.000353787
-0.00035119
-0.000348582
-0.000345977
-0.000343383
-0.000340811
-0.000338267
-0.000335756
-0.000333282
-0.000330848
-0.000328456
-0.000326107
-0.000323799
-0.000321534
-0.000319309
-0.000317125
-0.000314976
-0.000312865
-0.000310786
-0.000308739
-0.000306718
-0.000304724
-0.000302749
-0.000300796
-0.000298854
-0.000296929
-0.000295008
-0.000293097
-0.000291184
-0.000289277
-0.000287362
-0.000285449
-0.000283522
-0.000281594
-0.000279647
-0.000277696
-0.000275723
-0.000273741
-0.000271733
-0.000269714
-0.000267663
-0.000265599
-0.000263499
-0.000261382
-0.000259227
-0.000257052
-0.000254837
-0.000252601
-0.000250325
-0.000248029
-0.000245694
-0.000243339
-0.000240949
-0.000238542
-0.000236103
-0.000233651
-0.000231171
-0.000228682
-0.000226168
-0.000223649
-0.000221108
-0.000218564
-0.000216002
-0.000213439
-0.00021086
-0.000208281
-0.00020569
-0.0002031
-0.0002005
-0.000197905
-0.000195303
-0.000192708
-0.000190111
-0.000187525
-0.000184943
-0.000182375
-0.000179817
-0.000177278
-0.000174755
-0.000172256
-0.000169777
-0.000167328
-0.000164903
-0.000162512
-0.00016015
-0.000157824
-0.00015553
-0.000153275
-0.000151055
-0.000148876
-0.000146734
-0.000144635
-0.000142575
-0.000140559
-0.000138585
-0.000136656
-0.000134771
-0.000132932
-0.000131138
-0.000129392
-0.000127692
-0.000126041
-0.000124436
-0.000122881
-0.000121374
-0.000119915
-0.000118504
-0.000117142
-0.000115827
-0.00011456
-0.000113341
-0.000112168
-0.000111043
-0.000109964
-0.000108932
-0.000107945
-0.000107003
-0.000106106
-0.000105252
-0.000104441
-0.000103671
-0.000102942
-0.000102251
-0.000101597
-0.00010098
-0.000100394
-9.98421e-05
-9.93177e-05
-9.88225e-05
-9.8351e-05
-9.7905e-05
-9.74785e-05
-9.70736e-05
-9.66836e-05
-9.63109e-05
-9.59478e-05
-9.5597e-05
-9.52498e-05
-9.49091e-05
-9.45647e-05
-9.422e-05
-9.38639e-05
-9.35002e-05
-9.31174e-05
-9.27206e-05
-9.22983e-05
-9.18572e-05
-9.13869e-05
-9.08956e-05
-9.03742e-05
-8.98329e-05
-8.92641e-05
-8.86796e-05
-8.80737e-05
-8.74596e-05
-8.68342e-05
-8.6212e-05
-8.55927e-05
-8.49921e-05
-8.44141e-05
-8.38761e-05
-8.33907e-05
-8.29715e-05
-8.26619e-05
-8.24295e-05
-0.000401716
-0.000401677
-0.000401422
-0.000400973
-0.000400321
-0.000399485
-0.000398478
-0.000397339
-0.000396096
-0.000394793
-0.000393459
-0.00039213
-0.000390823
-0.000389557
-0.000388334
-0.000387156
-0.000386012
-0.00038489
-0.000383775
-0.000382645
-0.000381486
-0.000380269
-0.000378984
-0.000377604
-0.000376125
-0.000374524
-0.000372805
-0.000370955
-0.000368984
-0.000366889
-0.000364688
-0.000362383
-0.000359995
-0.000357535
-0.000355021
-0.000352467
-0.000349889
-0.000347299
-0.000344711
-0.000342135
-0.000339578
-0.000337049
-0.000334551
-0.000332091
-0.000329669
-0.000327288
-0.000324948
-0.00032265
-0.000320393
-0.000318176
-0.000315999
-0.000313857
-0.000311752
-0.000309678
-0.000307637
-0.00030562
-0.000303632
-0.000301661
-0.000299712
-0.000297775
-0.000295853
-0.000293936
-0.00029203
-0.000290121
-0.000288219
-0.000286309
-0.000284401
-0.000282479
-0.000280556
-0.000278615
-0.00027667
-0.000274702
-0.000272728
-0.000270726
-0.000268714
-0.00026667
-0.000264613
-0.000262521
-0.000260413
-0.000258266
-0.000256101
-0.000253895
-0.00025167
-0.000249404
-0.000247118
-0.000244793
-0.000242451
-0.000240072
-0.000237677
-0.00023525
-0.000232811
-0.000230343
-0.000227866
-0.000225365
-0.000222859
-0.000220331
-0.0002178
-0.000215251
-0.000212701
-0.000210135
-0.000207569
-0.000204991
-0.000202415
-0.000199828
-0.000197246
-0.000194658
-0.000192077
-0.000189493
-0.000186921
-0.000184352
-0.000181798
-0.000179252
-0.000176727
-0.000174217
-0.000171731
-0.000169265
-0.000166828
-0.000164416
-0.000162036
-0.000159686
-0.000157371
-0.000155089
-0.000152845
-0.000150636
-0.000148467
-0.000146335
-0.000144245
-0.000142195
-0.000140188
-0.000138223
-0.000136302
-0.000134425
-0.000132594
-0.000130808
-0.000129069
-0.000127376
-0.000125731
-0.000124133
-0.000122584
-0.000121082
-0.000119629
-0.000118223
-0.000116865
-0.000115554
-0.000114291
-0.000113075
-0.000111906
-0.000110784
-0.000109708
-0.000108677
-0.000107692
-0.000106752
-0.000105856
-0.000105003
-0.000104192
-0.000103423
-0.000102693
-0.000102003
-0.000101348
-0.00010073
-0.000100143
-9.95893e-05
-9.90632e-05
-9.85662e-05
-9.80925e-05
-9.76442e-05
-9.72152e-05
-9.68078e-05
-9.64149e-05
-9.60394e-05
-9.56731e-05
-9.53193e-05
-9.49687e-05
-9.46249e-05
-9.42772e-05
-9.39295e-05
-9.35702e-05
-9.32038e-05
-9.28184e-05
-9.24195e-05
-9.19953e-05
-9.1553e-05
-9.10816e-05
-9.05901e-05
-9.00688e-05
-8.95286e-05
-8.89611e-05
-8.83788e-05
-8.77755e-05
-8.71649e-05
-8.65433e-05
-8.59256e-05
-8.5311e-05
-8.47157e-05
-8.41427e-05
-8.36098e-05
-8.31289e-05
-8.27141e-05
-8.24083e-05
-8.21789e-05
-0.000400021
-0.000399977
-0.000399723
-0.00039928
-0.000398638
-0.000397815
-0.000396823
-0.0003957
-0.000394473
-0.000393187
-0.000391867
-0.000390552
-0.000389257
-0.000388001
-0.000386787
-0.000385615
-0.000384477
-0.00038336
-0.000382251
-0.000381125
-0.000379971
-0.000378759
-0.00037748
-0.000376107
-0.000374637
-0.000373046
-0.000371339
-0.000369501
-0.000367546
-0.000365467
-0.000363283
-0.000360997
-0.000358629
-0.000356188
-0.000353694
-0.000351159
-0.000348601
-0.00034603
-0.000343461
-0.000340901
-0.000338361
-0.000335847
-0.000333364
-0.000330917
-0.000328507
-0.000326138
-0.000323808
-0.00032152
-0.000319272
-0.000317063
-0.000314893
-0.000312758
-0.000310659
-0.000308591
-0.000306555
-0.000304543
-0.000302559
-0.000300593
-0.000298648
-0.000296714
-0.000294797
-0.000292884
-0.000290982
-0.000289077
-0.000287179
-0.000285273
-0.000283369
-0.000281452
-0.000279534
-0.000277598
-0.000275659
-0.000273696
-0.000271727
-0.000269731
-0.000267726
-0.000265689
-0.000263639
-0.000261554
-0.000259453
-0.000257315
-0.000255158
-0.000252961
-0.000250745
-0.000248488
-0.000246213
-0.000243899
-0.000241567
-0.000239199
-0.000236816
-0.0002344
-0.000231973
-0.000229517
-0.000227052
-0.000224563
-0.000222069
-0.000219554
-0.000217035
-0.000214499
-0.000211961
-0.000209408
-0.000206856
-0.00020429
-0.000201727
-0.000199154
-0.000196585
-0.00019401
-0.000191442
-0.000188872
-0.000186313
-0.000183757
-0.000181216
-0.000178684
-0.000176172
-0.000173675
-0.000171202
-0.000168748
-0.000166324
-0.000163924
-0.000161557
-0.000159218
-0.000156915
-0.000154643
-0.00015241
-0.000150211
-0.000148053
-0.000145931
-0.000143851
-0.00014181
-0.000139813
-0.000137856
-0.000135944
-0.000134075
-0.000132252
-0.000130473
-0.000128742
-0.000127056
-0.000125418
-0.000123826
-0.000122282
-0.000120786
-0.000119338
-0.000117937
-0.000116583
-0.000115277
-0.000114018
-0.000112805
-0.00011164
-0.00011052
-0.000109447
-0.000108419
-0.000107435
-0.000106497
-0.000105602
-0.00010475
-0.00010394
-0.000103171
-0.000102441
-0.00010175
-0.000101095
-0.000100475
-9.98875e-05
-9.93324e-05
-9.88045e-05
-9.83057e-05
-9.78299e-05
-9.73794e-05
-9.69479e-05
-9.65381e-05
-9.61425e-05
-9.57642e-05
-9.53949e-05
-9.50383e-05
-9.46846e-05
-9.43378e-05
-9.39871e-05
-9.36366e-05
-9.32745e-05
-9.29058e-05
-9.25181e-05
-9.21175e-05
-9.16918e-05
-9.12488e-05
-9.0777e-05
-9.0286e-05
-8.97655e-05
-8.92269e-05
-8.86615e-05
-8.80822e-05
-8.74822e-05
-8.68759e-05
-8.62588e-05
-8.56463e-05
-8.50372e-05
-8.44476e-05
-8.38803e-05
-8.3353e-05
-8.2877e-05
-8.24666e-05
-8.21647e-05
-8.19381e-05
-0.000398341
-0.000398293
-0.00039804
-0.000397603
-0.000396972
-0.000396162
-0.000395186
-0.00039408
-0.00039287
-0.000391601
-0.000390298
-0.000388998
-0.000387715
-0.00038647
-0.000385264
-0.0003841
-0.000382968
-0.000381855
-0.00038075
-0.000379628
-0.000378477
-0.000377268
-0.000375995
-0.000374627
-0.000373164
-0.000371582
-0.000369885
-0.000368061
-0.00036612
-0.000364057
-0.00036189
-0.000359623
-0.000357274
-0.000354853
-0.00035238
-0.000349866
-0.000347328
-0.000344777
-0.000342225
-0.000339684
-0.000337161
-0.000334663
-0.000332195
-0.000329762
-0.000327365
-0.000325007
-0.000322689
-0.00032041
-0.000318171
-0.000315971
-0.000313808
-0.00031168
-0.000309588
-0.000307525
-0.000305495
-0.000303488
-0.000301508
-0.000299546
-0.000297605
-0.000295676
-0.000293762
-0.000291852
-0.000289954
-0.000288053
-0.000286159
-0.000284256
-0.000282356
-0.000280443
-0.00027853
-0.000276598
-0.000274663
-0.000272706
-0.000270742
-0.000268751
-0.000266751
-0.00026472
-0.000262677
-0.000260598
-0.000258505
-0.000256373
-0.000254224
-0.000252035
-0.000249827
-0.00024758
-0.000245314
-0.000243009
-0.000240688
-0.00023833
-0.000235958
-0.000233553
-0.000231137
-0.000228692
-0.00022624
-0.000223762
-0.00022128
-0.000218777
-0.00021627
-0.000213746
-0.000211221
-0.00020868
-0.00020614
-0.000203587
-0.000201037
-0.000198477
-0.000195921
-0.000193358
-0.000190803
-0.000188247
-0.000185701
-0.000183158
-0.000180631
-0.000178112
-0.000175613
-0.000173128
-0.000170668
-0.000168227
-0.000165815
-0.000163427
-0.000161072
-0.000158745
-0.000156453
-0.000154193
-0.000151971
-0.000149783
-0.000147634
-0.000145523
-0.000143452
-0.000141421
-0.000139432
-0.000137485
-0.000135581
-0.00013372
-0.000131905
-0.000130134
-0.00012841
-0.000126731
-0.000125099
-0.000123514
-0.000121976
-0.000120485
-0.000119042
-0.000117646
-0.000116297
-0.000114995
-0.00011374
-0.000112531
-0.000111368
-0.000110252
-0.000109181
-0.000108155
-0.000107173
-0.000106237
-0.000105343
-0.000104492
-0.000103682
-0.000102914
-0.000102184
-0.000101493
-0.000100836
-0.000100216
-9.96272e-05
-9.90707e-05
-9.85413e-05
-9.80407e-05
-9.75628e-05
-9.71102e-05
-9.66765e-05
-9.62643e-05
-9.58661e-05
-9.54852e-05
-9.51132e-05
-9.47538e-05
-9.43973e-05
-9.40478e-05
-9.36942e-05
-9.33412e-05
-9.29767e-05
-9.26059e-05
-9.22164e-05
-9.18146e-05
-9.13881e-05
-9.09449e-05
-9.04733e-05
-8.99833e-05
-8.94644e-05
-8.89281e-05
-8.83656e-05
-8.779e-05
-8.71943e-05
-8.65928e-05
-8.59812e-05
-8.53746e-05
-8.47717e-05
-8.41886e-05
-8.36276e-05
-8.31064e-05
-8.26357e-05
-8.22299e-05
-8.19317e-05
-8.17076e-05
-0.000396677
-0.000396626
-0.000396375
-0.000395944
-0.000395323
-0.000394527
-0.000393568
-0.00039248
-0.00039129
-0.000390039
-0.000388753
-0.000387469
-0.0003862
-0.000384966
-0.00038377
-0.000382612
-0.000381486
-0.000380377
-0.000379274
-0.000378154
-0.000377005
-0.000375799
-0.000374528
-0.000373165
-0.000371708
-0.000370134
-0.000368447
-0.000366634
-0.000364707
-0.00036266
-0.000360511
-0.000358262
-0.000355933
-0.000353533
-0.000351081
-0.000348587
-0.00034607
-0.000343539
-0.000341007
-0.000338485
-0.000335979
-0.000333498
-0.000331045
-0.000328626
-0.000326243
-0.000323898
-0.00032159
-0.000319322
-0.000317093
-0.000314901
-0.000312746
-0.000310626
-0.00030854
-0.000306483
-0.000304457
-0.000302456
-0.00030048
-0.000298522
-0.000296585
-0.000294659
-0.000292749
-0.000290843
-0.000288948
-0.00028705
-0.000285159
-0.000283259
-0.000281363
-0.000279454
-0.000277544
-0.000275616
-0.000273685
-0.000271732
-0.000269772
-0.000267786
-0.000265791
-0.000263765
-0.000261727
-0.000259654
-0.000257567
-0.000255442
-0.000253299
-0.000251118
-0.000248918
-0.000246679
-0.000244421
-0.000242126
-0.000239814
-0.000237466
-0.000235103
-0.000232709
-0.000230304
-0.00022787
-0.000225428
-0.000222962
-0.000220491
-0.000218
-0.000215505
-0.000212992
-0.000210479
-0.00020795
-0.000205423
-0.000202882
-0.000200344
-0.000197796
-0.000195253
-0.000192703
-0.000190161
-0.000187617
-0.000185084
-0.000182555
-0.00018004
-0.000177534
-0.000175048
-0.000172577
-0.000170129
-0.000167701
-0.000165301
-0.000162926
-0.000160582
-0.000158267
-0.000155986
-0.000153737
-0.000151526
-0.000149348
-0.00014721
-0.000145109
-0.000143048
-0.000141026
-0.000139047
-0.000137108
-0.000135213
-0.00013336
-0.000131553
-0.00012979
-0.000128072
-0.0001264
-0.000124775
-0.000123196
-0.000121664
-0.000120179
-0.000118741
-0.00011735
-0.000116005
-0.000114708
-0.000113456
-0.000112251
-0.000111092
-0.000109978
-0.00010891
-0.000107886
-0.000106907
-0.000105971
-0.000105079
-0.000104229
-0.00010342
-0.000102652
-0.000101921
-0.00010123
-0.000100573
-9.99522e-05
-9.93621e-05
-9.88043e-05
-9.82733e-05
-9.7771e-05
-9.72912e-05
-9.68365e-05
-9.64006e-05
-9.59862e-05
-9.55856e-05
-9.52023e-05
-9.48277e-05
-9.44657e-05
-9.41066e-05
-9.37545e-05
-9.33986e-05
-9.30432e-05
-9.26768e-05
-9.23043e-05
-9.19135e-05
-9.15108e-05
-9.10841e-05
-9.06411e-05
-9.01706e-05
-8.96821e-05
-8.91656e-05
-8.86323e-05
-8.80737e-05
-8.75025e-05
-8.69119e-05
-8.63162e-05
-8.57108e-05
-8.51109e-05
-8.45151e-05
-8.39389e-05
-8.3385e-05
-8.28704e-05
-8.24055e-05
-8.20045e-05
-8.17098e-05
-8.14876e-05
-0.00039503
-0.000394976
-0.000394728
-0.000394304
-0.000393694
-0.000392912
-0.00039197
-0.000390902
-0.000389732
-0.000388501
-0.000387235
-0.000385967
-0.000384713
-0.000383491
-0.000382304
-0.000381154
-0.000380032
-0.000378926
-0.000377824
-0.000376705
-0.000375557
-0.000374352
-0.000373083
-0.000371723
-0.00037027
-0.000368702
-0.000367024
-0.000365223
-0.000363309
-0.000361277
-0.000359145
-0.000356915
-0.000354606
-0.000352227
-0.000349796
-0.000347325
-0.000344828
-0.000342318
-0.000339807
-0.000337304
-0.000334816
-0.000332352
-0.000329916
-0.000327512
-0.000325143
-0.00032281
-0.000320515
-0.000318258
-0.000316038
-0.000313855
-0.000311708
-0.000309595
-0.000307515
-0.000305465
-0.000303445
-0.000301448
-0.000299476
-0.000297522
-0.000295589
-0.000293666
-0.000291759
-0.000289856
-0.000287964
-0.000286069
-0.00028418
-0.000282284
-0.00028039
-0.000278484
-0.000276577
-0.000274652
-0.000272725
-0.000270775
-0.000268819
-0.000266837
-0.000264845
-0.000262824
-0.00026079
-0.000258723
-0.00025664
-0.000254521
-0.000252385
-0.00025021
-0.000248017
-0.000245785
-0.000243536
-0.000241249
-0.000238945
-0.000236606
-0.000234253
-0.000231869
-0.000229473
-0.00022705
-0.000224619
-0.000222164
-0.000219703
-0.000217223
-0.000214739
-0.000212238
-0.000209736
-0.000207219
-0.000204702
-0.000202174
-0.000199648
-0.000197112
-0.000194581
-0.000192044
-0.000189514
-0.000186984
-0.000184463
-0.000181947
-0.000179445
-0.000176952
-0.000174479
-0.00017202
-0.000169585
-0.000167169
-0.000164782
-0.000162419
-0.000160087
-0.000157783
-0.000155514
-0.000153276
-0.000151076
-0.000148909
-0.000146781
-0.000144689
-0.000142638
-0.000140626
-0.000138656
-0.000136726
-0.000134839
-0.000132995
-0.000131196
-0.00012944
-0.00012773
-0.000126065
-0.000124446
-0.000122873
-0.000121347
-0.000119868
-0.000118435
-0.000117048
-0.000115709
-0.000114415
-0.000113168
-0.000111966
-0.00011081
-0.000109699
-0.000108633
-0.000107612
-0.000106634
-0.000105701
-0.000104809
-0.000103961
-0.000103152
-0.000102384
-0.000101654
-0.000100962
-0.000100305
-9.96831e-05
-9.9092e-05
-9.85328e-05
-9.80004e-05
-9.74964e-05
-9.70149e-05
-9.65581e-05
-9.61203e-05
-9.57037e-05
-9.53009e-05
-9.49152e-05
-9.45383e-05
-9.41739e-05
-9.38125e-05
-9.34581e-05
-9.31001e-05
-9.27427e-05
-9.23747e-05
-9.20008e-05
-9.16093e-05
-9.12062e-05
-9.07798e-05
-9.03377e-05
-8.98689e-05
-8.93827e-05
-8.88693e-05
-8.83398e-05
-8.77859e-05
-8.72198e-05
-8.66354e-05
-8.60461e-05
-8.5448e-05
-8.48555e-05
-8.42675e-05
-8.36991e-05
-8.3153e-05
-8.26454e-05
-8.21867e-05
-8.17908e-05
-8.14993e-05
-8.12782e-05
-0.000393402
-0.000393347
-0.000393103
-0.000392686
-0.000392087
-0.000391321
-0.000390398
-0.000389351
-0.000388203
-0.000386995
-0.00038575
-0.0003845
-0.000383262
-0.000382053
-0.000380876
-0.000379732
-0.000378614
-0.000377509
-0.000376408
-0.000375288
-0.000374138
-0.000372932
-0.000371662
-0.000370304
-0.000368853
-0.000367291
-0.000365621
-0.00036383
-0.000361928
-0.000359912
-0.000357797
-0.000355586
-0.000353297
-0.00035094
-0.000348531
-0.000346082
-0.000343608
-0.00034112
-0.00033863
-0.000336147
-0.000333679
-0.000331233
-0.000328813
-0.000326426
-0.00032407
-0.000321751
-0.000319468
-0.000317222
-0.000315013
-0.000312839
-0.0003107
-0.000308595
-0.000306522
-0.000304477
-0.000302462
-0.00030047
-0.000298503
-0.000296553
-0.000294622
-0.000292703
-0.000290798
-0.000288897
-0.000287007
-0.000285115
-0.000283228
-0.000281334
-0.000279443
-0.000277539
-0.000275634
-0.000273712
-0.000271786
-0.000269839
-0.000267885
-0.000265907
-0.000263918
-0.0002619
-0.00025987
-0.000257807
-0.000255728
-0.000253614
-0.000251482
-0.000249314
-0.000247126
-0.000244902
-0.000242658
-0.000240379
-0.000238083
-0.000235753
-0.000233408
-0.000231033
-0.000228646
-0.000226233
-0.000223811
-0.000221367
-0.000218916
-0.000216446
-0.000213973
-0.000211483
-0.000208991
-0.000206486
-0.00020398
-0.000201464
-0.000198948
-0.000196425
-0.000193905
-0.000191381
-0.000188864
-0.000186345
-0.000183838
-0.000181334
-0.000178845
-0.000176365
-0.000173904
-0.000171458
-0.000169036
-0.000166633
-0.000164257
-0.000161906
-0.000159586
-0.000157294
-0.000155036
-0.00015281
-0.000150619
-0.000148463
-0.000146346
-0.000144264
-0.000142223
-0.00014022
-0.000138259
-0.000136338
-0.00013446
-0.000132624
-0.000130832
-0.000129084
-0.000127381
-0.000125723
-0.000124111
-0.000122544
-0.000121025
-0.00011955
-0.000118123
-0.000116741
-0.000115406
-0.000114117
-0.000112873
-0.000111675
-0.000110522
-0.000109415
-0.000108351
-0.000107332
-0.000106357
-0.000105425
-0.000104535
-0.000103687
-0.000102879
-0.000102111
-0.000101381
-0.000100689
-0.000100031
-9.94085e-05
-9.88164e-05
-9.8256e-05
-9.77223e-05
-9.72166e-05
-9.67335e-05
-9.62745e-05
-9.58351e-05
-9.54163e-05
-9.50117e-05
-9.46237e-05
-9.42448e-05
-9.3878e-05
-9.35148e-05
-9.31581e-05
-9.27985e-05
-9.24394e-05
-9.20704e-05
-9.16954e-05
-9.13039e-05
-9.09007e-05
-9.04755e-05
-9.00347e-05
-8.95686e-05
-8.90853e-05
-8.85763e-05
-8.80513e-05
-8.75033e-05
-8.69433e-05
-8.63662e-05
-8.57843e-05
-8.51946e-05
-8.46104e-05
-8.40314e-05
-8.34716e-05
-8.29342e-05
-8.24344e-05
-8.19827e-05
-8.15922e-05
-8.13028e-05
-8.10795e-05
-0.000391795
-0.000391741
-0.000391501
-0.000391091
-0.000390505
-0.000389755
-0.000388853
-0.000387828
-0.000386705
-0.00038552
-0.000384298
-0.000383069
-0.000381848
-0.000380653
-0.000379486
-0.000378347
-0.000377232
-0.000376128
-0.000375025
-0.000373902
-0.000372748
-0.00037154
-0.000370268
-0.000368909
-0.00036746
-0.000365902
-0.000364237
-0.000362456
-0.000360566
-0.000358565
-0.000356467
-0.000354276
-0.000352008
-0.000349673
-0.000347286
-0.000344861
-0.00034241
-0.000339944
-0.000337476
-0.000335014
-0.000332566
-0.000330139
-0.000327737
-0.000325366
-0.000323026
-0.00032072
-0.00031845
-0.000316215
-0.000314016
-0.000311852
-0.000309722
-0.000307624
-0.000305558
-0.000303519
-0.000301509
-0.000299522
-0.000297558
-0.000295612
-0.000293684
-0.000291767
-0.000289865
-0.000287966
-0.000286077
-0.000284187
-0.000282302
-0.00028041
-0.000278519
-0.000276617
-0.000274713
-0.000272794
-0.000270868
-0.000268924
-0.000266971
-0.000264995
-0.000263008
-0.000260994
-0.000258965
-0.000256906
-0.000254829
-0.00025272
-0.000250591
-0.000248429
-0.000246245
-0.000244027
-0.000241789
-0.000239518
-0.000237228
-0.000234906
-0.000232569
-0.000230203
-0.000227824
-0.000225421
-0.000223007
-0.000220573
-0.000218131
-0.000215672
-0.000213207
-0.000210728
-0.000208246
-0.000205752
-0.000203257
-0.000200751
-0.000198247
-0.000195736
-0.000193227
-0.000190715
-0.000188209
-0.000185704
-0.000183208
-0.000180717
-0.00017824
-0.000175774
-0.000173325
-0.000170892
-0.000168481
-0.000166091
-0.000163728
-0.000161389
-0.00015908
-0.0001568
-0.000154553
-0.000152338
-0.000150158
-0.000148013
-0.000145905
-0.000143834
-0.000141802
-0.000139809
-0.000137857
-0.000135945
-0.000134075
-0.000132247
-0.000130464
-0.000128723
-0.000127028
-0.000125376
-0.000123771
-0.000122211
-0.000120697
-0.000119228
-0.000117806
-0.000116429
-0.000115099
-0.000113813
-0.000112574
-0.000111379
-0.00011023
-0.000109125
-0.000108064
-0.000107048
-0.000106074
-0.000105144
-0.000104255
-0.000103408
-0.000102601
-0.000101833
-0.000101103
-0.000100411
-9.97527e-05
-9.91291e-05
-9.85362e-05
-9.79744e-05
-9.74395e-05
-9.69322e-05
-9.64477e-05
-9.59866e-05
-9.55457e-05
-9.5125e-05
-9.47186e-05
-9.43284e-05
-9.39479e-05
-9.35789e-05
-9.32141e-05
-9.28554e-05
-9.24946e-05
-9.21339e-05
-9.17644e-05
-9.13887e-05
-9.09977e-05
-9.0595e-05
-9.01717e-05
-8.97328e-05
-8.92703e-05
-8.87906e-05
-8.82868e-05
-8.77671e-05
-8.72261e-05
-8.6673e-05
-8.61044e-05
-8.55307e-05
-8.49506e-05
-8.43756e-05
-8.38066e-05
-8.32562e-05
-8.27283e-05
-8.2237e-05
-8.17928e-05
-8.14082e-05
-8.11196e-05
-8.08911e-05
-0.000367053
-0.000366981
-0.0003668
-0.000366509
-0.000366109
-0.000365606
-0.000365007
-0.000364321
-0.000363559
-0.000362732
-0.000361851
-0.000360926
-0.000359965
-0.000358975
-0.00035796
-0.000356922
-0.000355859
-0.00035477
-0.00035365
-0.000352494
-0.000351296
-0.00035005
-0.000348749
-0.000347389
-0.000345963
-0.00034447
-0.000342905
-0.00034127
-0.000339564
-0.000337789
-0.000335951
-0.000334052
-0.000332099
-0.000330098
-0.000328057
-0.000325982
-0.000323881
-0.000321761
-0.000319627
-0.000317486
-0.000315344
-0.000313205
-0.000311074
-0.000308953
-0.000306845
-0.000304753
-0.000302678
-0.000300622
-0.000298584
-0.000296566
-0.000294567
-0.000292586
-0.000290624
-0.000288678
-0.000286748
-0.000284833
-0.000282931
-0.000281039
-0.000279158
-0.000277284
-0.000275416
-0.000273552
-0.00027169
-0.000269829
-0.000267967
-0.000266102
-0.000264232
-0.000262356
-0.000260472
-0.00025858
-0.000256677
-0.000254762
-0.000252835
-0.000250893
-0.000248936
-0.000246963
-0.000244972
-0.000242963
-0.000240936
-0.000238889
-0.000236823
-0.000234736
-0.000232629
-0.000230502
-0.000228356
-0.00022619
-0.000224006
-0.000221804
-0.000219586
-0.000217351
-0.000215101
-0.000212838
-0.000210563
-0.000208276
-0.00020598
-0.000203674
-0.000201361
-0.000199041
-0.000196717
-0.000194388
-0.000192056
-0.000189722
-0.000187389
-0.000185056
-0.000182725
-0.000180398
-0.000178076
-0.000175761
-0.000173455
-0.000171158
-0.000168874
-0.000166603
-0.000164347
-0.000162109
-0.000159889
-0.00015769
-0.000155513
-0.00015336
-0.000151232
-0.000149131
-0.000147057
-0.000145013
-0.000142999
-0.000141016
-0.000139066
-0.000137149
-0.000135267
-0.000133419
-0.000131607
-0.000129832
-0.000128094
-0.000126394
-0.000124732
-0.000123109
-0.000121526
-0.000119982
-0.000118478
-0.000117015
-0.000115592
-0.00011421
-0.000112869
-0.000111568
-0.000110309
-0.000109089
-0.00010791
-0.000106772
-0.000105673
-0.000104614
-0.000103595
-0.000102614
-0.000101671
-0.000100766
-9.98981e-05
-9.90665e-05
-9.82703e-05
-9.75087e-05
-9.67805e-05
-9.60848e-05
-9.54202e-05
-9.47855e-05
-9.41794e-05
-9.36005e-05
-9.30472e-05
-9.2518e-05
-9.20113e-05
-9.15255e-05
-9.10586e-05
-9.06091e-05
-9.01752e-05
-8.9755e-05
-8.93468e-05
-8.89484e-05
-8.85579e-05
-8.81733e-05
-8.77924e-05
-8.74134e-05
-8.70341e-05
-8.66528e-05
-8.62678e-05
-8.58777e-05
-8.54812e-05
-8.50775e-05
-8.4666e-05
-8.42468e-05
-8.382e-05
-8.33865e-05
-8.29474e-05
-8.25046e-05
-8.206e-05
-8.16162e-05
-8.11763e-05
-8.07436e-05
-8.03218e-05
-7.99149e-05
-7.95269e-05
-7.91619e-05
-7.88238e-05
-7.85148e-05
-7.82398e-05
-7.79877e-05
-0.000323319
-0.000323309
-0.00032323
-0.000323082
-0.000322866
-0.00032258
-0.000322228
-0.000321811
-0.000321333
-0.000320797
-0.000320205
-0.00031956
-0.000318867
-0.000318125
-0.000317339
-0.000316508
-0.000315635
-0.000314718
-0.000313758
-0.000312755
-0.000311708
-0.000310616
-0.00030948
-0.000308297
-0.000307068
-0.000305794
-0.000304473
-0.000303108
-0.000301699
-0.000300247
-0.000298756
-0.000297226
-0.000295662
-0.000294066
-0.00029244
-0.000290789
-0.000289115
-0.000287422
-0.000285712
-0.000283989
-0.000282255
-0.000280513
-0.000278766
-0.000277014
-0.00027526
-0.000273505
-0.000271751
-0.000269998
-0.000268247
-0.000266498
-0.000264752
-0.000263009
-0.000261269
-0.00025953
-0.000257794
-0.00025606
-0.000254326
-0.000252593
-0.000250859
-0.000249123
-0.000247386
-0.000245646
-0.000243902
-0.000242153
-0.000240399
-0.000238638
-0.000236871
-0.000235096
-0.000233312
-0.00023152
-0.000229717
-0.000227905
-0.000226081
-0.000224246
-0.0002224
-0.000220541
-0.000218671
-0.000216788
-0.000214892
-0.000212984
-0.000211063
-0.00020913
-0.000207185
-0.000205227
-0.000203259
-0.000201279
-0.000199289
-0.000197289
-0.00019528
-0.000193262
-0.000191237
-0.000189205
-0.000187167
-0.000185124
-0.000183077
-0.000181026
-0.000178974
-0.00017692
-0.000174866
-0.000172813
-0.000170761
-0.000168712
-0.000166667
-0.000164627
-0.000162594
-0.000160567
-0.000158548
-0.000156539
-0.00015454
-0.000152553
-0.000150579
-0.000148619
-0.000146674
-0.000144745
-0.000142834
-0.000140941
-0.000139068
-0.000137215
-0.000135384
-0.000133576
-0.000131791
-0.00013003
-0.000128295
-0.000126586
-0.000124903
-0.000123248
-0.000121621
-0.000120023
-0.000118454
-0.000116915
-0.000115407
-0.000113929
-0.000112483
-0.000111068
-0.000109685
-0.000108335
-0.000107017
-0.000105732
-0.000104479
-0.00010326
-0.000102073
-0.00010092
-9.97999e-05
-9.87126e-05
-9.76582e-05
-9.66364e-05
-9.56472e-05
-9.46902e-05
-9.37652e-05
-9.28717e-05
-9.20095e-05
-9.1178e-05
-9.03767e-05
-8.96052e-05
-8.88629e-05
-8.81489e-05
-8.74628e-05
-8.68036e-05
-8.61707e-05
-8.55631e-05
-8.49801e-05
-8.44206e-05
-8.38839e-05
-8.33689e-05
-8.28732e-05
-8.23964e-05
-8.19375e-05
-8.14956e-05
-8.10694e-05
-8.06579e-05
-8.02599e-05
-7.98742e-05
-7.94995e-05
-7.91346e-05
-7.87784e-05
-7.84296e-05
-7.80874e-05
-7.77505e-05
-7.74182e-05
-7.70896e-05
-7.67642e-05
-7.64413e-05
-7.61206e-05
-7.58019e-05
-7.54852e-05
-7.51706e-05
-7.48584e-05
-7.45491e-05
-7.42432e-05
-7.39416e-05
-7.36451e-05
-7.33547e-05
-7.30714e-05
-7.27964e-05
-7.25306e-05
-7.2275e-05
-7.20304e-05
-7.17962e-05
-7.15763e-05
-7.13587e-05
-0.000281641
-0.000281719
-0.000281741
-0.000281707
-0.000281618
-0.000281474
-0.000281276
-0.000281024
-0.00028072
-0.000280364
-0.000279957
-0.0002795
-0.000278995
-0.000278442
-0.000277842
-0.000277196
-0.000276506
-0.000275772
-0.000274995
-0.000274175
-0.000273314
-0.000272413
-0.000271472
-0.000270493
-0.000269476
-0.000268422
-0.000267334
-0.000266211
-0.000265057
-0.000263871
-0.000262655
-0.000261412
-0.000260143
-0.000258849
-0.000257533
-0.000256195
-0.000254837
-0.000253462
-0.00025207
-0.000250664
-0.000249244
-0.000247811
-0.000246367
-0.000244913
-0.000243449
-0.000241978
-0.000240498
-0.000239011
-0.000237517
-0.000236017
-0.00023451
-0.000232997
-0.000231478
-0.000229953
-0.000228422
-0.000226885
-0.000225342
-0.000223792
-0.000222235
-0.000220671
-0.000219099
-0.000217521
-0.000215934
-0.000214339
-0.000212735
-0.000211123
-0.000209502
-0.000207872
-0.000206233
-0.000204584
-0.000202926
-0.000201258
-0.000199581
-0.000197894
-0.000196198
-0.000194492
-0.000192777
-0.000191053
-0.00018932
-0.000187578
-0.000185828
-0.00018407
-0.000182305
-0.000180532
-0.000178753
-0.000176967
-0.000175176
-0.000173381
-0.00017158
-0.000169776
-0.000167969
-0.00016616
-0.000164349
-0.000162537
-0.000160725
-0.000158914
-0.000157105
-0.000155297
-0.000153493
-0.000151693
-0.000149897
-0.000148107
-0.000146323
-0.000144546
-0.000142778
-0.000141018
-0.000139268
-0.000137529
-0.000135801
-0.000134085
-0.000132382
-0.000130692
-0.000129017
-0.000127358
-0.000125714
-0.000124088
-0.000122479
-0.000120888
-0.000119316
-0.000117764
-0.000116232
-0.00011472
-0.000113231
-0.000111763
-0.000110317
-0.000108895
-0.000107496
-0.000106121
-0.000104771
-0.000103445
-0.000102144
-0.000100869
-9.96197e-05
-9.83962e-05
-9.71991e-05
-9.60284e-05
-9.48844e-05
-9.37671e-05
-9.26768e-05
-9.16136e-05
-9.05774e-05
-8.95682e-05
-8.85862e-05
-8.76312e-05
-8.67032e-05
-8.58021e-05
-8.49277e-05
-8.40799e-05
-8.32584e-05
-8.2463e-05
-8.16935e-05
-8.09495e-05
-8.02307e-05
-7.95366e-05
-7.8867e-05
-7.82214e-05
-7.75992e-05
-7.69999e-05
-7.6423e-05
-7.5868e-05
-7.5334e-05
-7.48205e-05
-7.43267e-05
-7.38519e-05
-7.33967e-05
-7.29599e-05
-7.25403e-05
-7.21371e-05
-7.17494e-05
-7.13765e-05
-7.10175e-05
-7.06717e-05
-7.03382e-05
-7.00164e-05
-6.97054e-05
-6.94046e-05
-6.91131e-05
-6.88304e-05
-6.85557e-05
-6.82884e-05
-6.80278e-05
-6.77735e-05
-6.75251e-05
-6.7282e-05
-6.7044e-05
-6.68107e-05
-6.6582e-05
-6.63578e-05
-6.61379e-05
-6.59224e-05
-6.57112e-05
-6.55045e-05
-6.53023e-05
-6.51048e-05
-6.49122e-05
-6.47246e-05
-6.4542e-05
-6.43644e-05
-6.41926e-05
-6.40212e-05
-0.000241644
-0.000241819
-0.000241937
-0.000242004
-0.000242018
-0.000241982
-0.000241894
-0.000241757
-0.000241572
-0.000241339
-0.000241059
-0.000240734
-0.000240364
-0.000239952
-0.000239496
-0.000239
-0.000238463
-0.000237888
-0.000237274
-0.000236623
-0.000235936
-0.000235215
-0.000234459
-0.000233671
-0.000232851
-0.000232001
-0.000231121
-0.000230214
-0.00022928
-0.000228319
-0.000227335
-0.000226327
-0.000225297
-0.000224246
-0.000223175
-0.000222084
-0.000220976
-0.000219851
-0.000218709
-0.000217552
-0.000216381
-0.000215195
-0.000213996
-0.000212784
-0.000211561
-0.000210325
-0.000209079
-0.000207821
-0.000206553
-0.000205274
-0.000203985
-0.000202687
-0.000201378
-0.000200059
-0.000198731
-0.000197394
-0.000196046
-0.000194689
-0.000193323
-0.000191947
-0.000190561
-0.000189166
-0.000187761
-0.000186346
-0.000184922
-0.000183489
-0.000182046
-0.000180594
-0.000179132
-0.000177662
-0.000176182
-0.000174694
-0.000173198
-0.000171693
-0.00017018
-0.00016866
-0.000167132
-0.000165598
-0.000164056
-0.000162509
-0.000160956
-0.000159397
-0.000157833
-0.000156265
-0.000154694
-0.000153119
-0.000151541
-0.00014996
-0.000148379
-0.000146796
-0.000145213
-0.000143629
-0.000142047
-0.000140466
-0.000138888
-0.000137312
-0.000135739
-0.000134171
-0.000132607
-0.000131048
-0.000129496
-0.00012795
-0.000126412
-0.000124882
-0.00012336
-0.000121847
-0.000120344
-0.000118852
-0.000117371
-0.000115902
-0.000114445
-0.000113
-0.000111569
-0.000110152
-0.00010875
-0.000107363
-0.000105991
-0.000104635
-0.000103296
-0.000101973
-0.000100669
-9.93817e-05
-9.81131e-05
-9.68631e-05
-9.56322e-05
-9.44207e-05
-9.3229e-05
-9.20573e-05
-9.0906e-05
-8.97753e-05
-8.86656e-05
-8.7577e-05
-8.65098e-05
-8.54641e-05
-8.44402e-05
-8.34382e-05
-8.24582e-05
-8.15004e-05
-8.05648e-05
-7.96516e-05
-7.87607e-05
-7.78921e-05
-7.7046e-05
-7.62222e-05
-7.54207e-05
-7.46414e-05
-7.38843e-05
-7.31493e-05
-7.24361e-05
-7.17447e-05
-7.10749e-05
-7.04264e-05
-6.9799e-05
-6.91925e-05
-6.86065e-05
-6.80408e-05
-6.74951e-05
-6.6969e-05
-6.64622e-05
-6.59742e-05
-6.55047e-05
-6.50532e-05
-6.46194e-05
-6.42026e-05
-6.38021e-05
-6.34175e-05
-6.30486e-05
-6.26948e-05
-6.23556e-05
-6.20303e-05
-6.17184e-05
-6.14193e-05
-6.11324e-05
-6.08571e-05
-6.05929e-05
-6.0339e-05
-6.00951e-05
-5.98606e-05
-5.96348e-05
-5.94174e-05
-5.92079e-05
-5.90057e-05
-5.88105e-05
-5.86217e-05
-5.84391e-05
-5.82621e-05
-5.80904e-05
-5.79239e-05
-5.7762e-05
-5.76047e-05
-5.74517e-05
-5.73029e-05
-5.71581e-05
-5.70172e-05
-5.68803e-05
-5.67474e-05
-5.66187e-05
-5.64939e-05
-5.63745e-05
-5.62563e-05
-0.000202499
-0.00020273
-0.000202905
-0.000203038
-0.000203122
-0.00020316
-0.000203154
-0.000203104
-0.000203012
-0.000202879
-0.000202705
-0.000202492
-0.00020224
-0.00020195
-0.000201624
-0.000201261
-0.000200863
-0.000200431
-0.000199966
-0.000199469
-0.00019894
-0.000198381
-0.000197794
-0.000197178
-0.000196535
-0.000195866
-0.000195172
-0.000194453
-0.000193712
-0.000192948
-0.000192163
-0.000191358
-0.000190532
-0.000189688
-0.000188826
-0.000187946
-0.000187049
-0.000186136
-0.000185208
-0.000184265
-0.000183308
-0.000182337
-0.000181352
-0.000180354
-0.000179344
-0.000178321
-0.000177286
-0.00017624
-0.000175182
-0.000174112
-0.000173031
-0.00017194
-0.000170837
-0.000169724
-0.0001686
-0.000167466
-0.000166322
-0.000165167
-0.000164003
-0.000162828
-0.000161644
-0.00016045
-0.000159247
-0.000158034
-0.000156813
-0.000155582
-0.000154342
-0.000153094
-0.000151838
-0.000150573
-0.000149301
-0.000148021
-0.000146734
-0.00014544
-0.000144139
-0.000142832
-0.00014152
-0.000140202
-0.000138878
-0.00013755
-0.000136218
-0.000134882
-0.000133543
-0.000132201
-0.000130856
-0.00012951
-0.000128162
-0.000126814
-0.000125465
-0.000124116
-0.000122768
-0.000121421
-0.000120076
-0.000118733
-0.000117393
-0.000116056
-0.000114724
-0.000113395
-0.000112072
-0.000110754
-0.000109442
-0.000108137
-0.000106839
-0.000105548
-0.000104265
-0.000102991
-0.000101726
-0.000100471
-9.92254e-05
-9.79904e-05
-9.67662e-05
-9.55533e-05
-9.43522e-05
-9.31633e-05
-9.19869e-05
-9.08235e-05
-8.96734e-05
-8.8537e-05
-8.74147e-05
-8.63068e-05
-8.52137e-05
-8.41355e-05
-8.30728e-05
-8.20257e-05
-8.09945e-05
-7.99795e-05
-7.89809e-05
-7.79991e-05
-7.70341e-05
-7.60861e-05
-7.51555e-05
-7.42424e-05
-7.33468e-05
-7.24691e-05
-7.16092e-05
-7.07674e-05
-6.99437e-05
-6.91382e-05
-6.83509e-05
-6.7582e-05
-6.68315e-05
-6.60993e-05
-6.53855e-05
-6.46901e-05
-6.40131e-05
-6.33543e-05
-6.27138e-05
-6.20914e-05
-6.14871e-05
-6.09008e-05
-6.03322e-05
-5.97814e-05
-5.9248e-05
-5.87319e-05
-5.8233e-05
-5.7751e-05
-5.72856e-05
-5.68366e-05
-5.64038e-05
-5.59868e-05
-5.55853e-05
-5.51991e-05
-5.48277e-05
-5.44709e-05
-5.41287e-05
-5.38005e-05
-5.34858e-05
-5.31842e-05
-5.28952e-05
-5.26184e-05
-5.23534e-05
-5.20999e-05
-5.18573e-05
-5.16252e-05
-5.14032e-05
-5.11909e-05
-5.09877e-05
-5.07933e-05
-5.06072e-05
-5.04289e-05
-5.02581e-05
-5.00944e-05
-4.99372e-05
-4.97864e-05
-4.96415e-05
-4.95023e-05
-4.93684e-05
-4.92396e-05
-4.91155e-05
-4.89961e-05
-4.8881e-05
-4.87703e-05
-4.86637e-05
-4.85612e-05
-4.84628e-05
-4.83684e-05
-4.82782e-05
-4.81921e-05
-4.81117e-05
-4.80344e-05
-0.000164545
-0.000164769
-0.000164946
-0.000165088
-0.00016519
-0.000165254
-0.000165281
-0.000165272
-0.000165229
-0.000165152
-0.000165041
-0.000164899
-0.000164725
-0.00016452
-0.000164286
-0.000164022
-0.000163731
-0.000163411
-0.000163065
-0.000162692
-0.000162295
-0.000161872
-0.000161426
-0.000160957
-0.000160465
-0.000159952
-0.000159418
-0.000158863
-0.000158289
-0.000157696
-0.000157085
-0.000156456
-0.000155811
-0.000155148
-0.000154471
-0.000153777
-0.000153069
-0.000152347
-0.00015161
-0.00015086
-0.000150097
-0.000149321
-0.000148532
-0.000147731
-0.000146919
-0.000146095
-0.000145259
-0.000144413
-0.000143555
-0.000142687
-0.000141809
-0.00014092
-0.000140022
-0.000139113
-0.000138195
-0.000137267
-0.000136329
-0.000135383
-0.000134427
-0.000133463
-0.000132489
-0.000131507
-0.000130517
-0.000129519
-0.000128512
-0.000127498
-0.000126476
-0.000125447
-0.000124411
-0.000123369
-0.000122319
-0.000121264
-0.000120202
-0.000119135
-0.000118063
-0.000116986
-0.000115904
-0.000114818
-0.000113728
-0.000112634
-0.000111538
-0.000110438
-0.000109337
-0.000108233
-0.000107128
-0.000106022
-0.000104915
-0.000103807
-0.0001027
-0.000101594
-0.000100488
-9.93843e-05
-9.82821e-05
-9.71822e-05
-9.60851e-05
-9.49912e-05
-9.39008e-05
-9.28144e-05
-9.17325e-05
-9.06555e-05
-8.95837e-05
-8.85177e-05
-8.74577e-05
-8.64042e-05
-8.53575e-05
-8.43182e-05
-8.32864e-05
-8.22627e-05
-8.12473e-05
-8.02407e-05
-7.92432e-05
-7.8255e-05
-7.72766e-05
-7.63082e-05
-7.53502e-05
-7.44028e-05
-7.34664e-05
-7.25412e-05
-7.16276e-05
-7.07257e-05
-6.98358e-05
-6.89581e-05
-6.80929e-05
-6.72405e-05
-6.64009e-05
-6.55745e-05
-6.47613e-05
-6.39617e-05
-6.31756e-05
-6.24034e-05
-6.16451e-05
-6.09009e-05
-6.01709e-05
-5.94552e-05
-5.87539e-05
-5.80671e-05
-5.73949e-05
-5.67373e-05
-5.60944e-05
-5.54662e-05
-5.48527e-05
-5.42541e-05
-5.36702e-05
-5.31011e-05
-5.25467e-05
-5.20071e-05
-5.14821e-05
-5.09717e-05
-5.04759e-05
-4.99945e-05
-4.95275e-05
-4.90747e-05
-4.86361e-05
-4.82114e-05
-4.78006e-05
-4.74034e-05
-4.70198e-05
-4.66495e-05
-4.62923e-05
-4.5948e-05
-4.56164e-05
-4.52972e-05
-4.49903e-05
-4.46954e-05
-4.44119e-05
-4.41398e-05
-4.38787e-05
-4.36285e-05
-4.33889e-05
-4.31595e-05
-4.29401e-05
-4.27303e-05
-4.25298e-05
-4.23383e-05
-4.21555e-05
-4.1981e-05
-4.18145e-05
-4.16557e-05
-4.15043e-05
-4.13601e-05
-4.12226e-05
-4.10917e-05
-4.0967e-05
-4.08485e-05
-4.07357e-05
-4.06284e-05
-4.05265e-05
-4.043e-05
-4.03388e-05
-4.02524e-05
-4.01707e-05
-4.00936e-05
-4.00211e-05
-3.99532e-05
-3.98901e-05
-3.98314e-05
-3.97773e-05
-3.97279e-05
-3.96843e-05
-3.96455e-05
-0.000127176
-0.000127361
-0.000127515
-0.000127641
-0.000127738
-0.000127806
-0.000127847
-0.000127861
-0.000127849
-0.000127811
-0.000127747
-0.000127659
-0.000127546
-0.00012741
-0.000127251
-0.000127069
-0.000126865
-0.00012664
-0.000126394
-0.000126127
-0.000125841
-0.000125535
-0.000125211
-0.000124869
-0.000124509
-0.000124131
-0.000123738
-0.000123328
-0.000122902
-0.000122461
-0.000122006
-0.000121536
-0.000121052
-0.000120555
-0.000120045
-0.000119522
-0.000118987
-0.00011844
-0.000117881
-0.000117311
-0.00011673
-0.000116139
-0.000115537
-0.000114924
-0.000114301
-0.000113669
-0.000113027
-0.000112376
-0.000111715
-0.000111045
-0.000110367
-0.00010968
-0.000108984
-0.00010828
-0.000107568
-0.000106849
-0.000106121
-0.000105385
-0.000104643
-0.000103893
-0.000103135
-0.000102371
-0.0001016
-0.000100822
-0.000100039
-9.92484e-05
-9.84523e-05
-9.76504e-05
-9.6843e-05
-9.60303e-05
-9.52126e-05
-9.439e-05
-9.35629e-05
-9.27314e-05
-9.1896e-05
-9.10567e-05
-9.0214e-05
-8.93681e-05
-8.85193e-05
-8.76678e-05
-8.68141e-05
-8.59584e-05
-8.51011e-05
-8.42423e-05
-8.33826e-05
-8.25221e-05
-8.16612e-05
-8.08003e-05
-7.99396e-05
-7.90795e-05
-7.82204e-05
-7.73625e-05
-7.65062e-05
-7.56519e-05
-7.47998e-05
-7.39503e-05
-7.31037e-05
-7.22604e-05
-7.14205e-05
-7.05846e-05
-6.97528e-05
-6.89255e-05
-6.81031e-05
-6.72857e-05
-6.64737e-05
-6.56674e-05
-6.4867e-05
-6.40729e-05
-6.32853e-05
-6.25046e-05
-6.17308e-05
-6.09644e-05
-6.02055e-05
-5.94544e-05
-5.87114e-05
-5.79765e-05
-5.72502e-05
-5.65325e-05
-5.58238e-05
-5.51241e-05
-5.44337e-05
-5.37527e-05
-5.30814e-05
-5.24198e-05
-5.17682e-05
-5.11268e-05
-5.04955e-05
-4.98746e-05
-4.92643e-05
-4.86645e-05
-4.80755e-05
-4.74973e-05
-4.693e-05
-4.63738e-05
-4.58286e-05
-4.52945e-05
-4.47717e-05
-4.426e-05
-4.37597e-05
-4.32707e-05
-4.2793e-05
-4.23267e-05
-4.18718e-05
-4.14281e-05
-4.09959e-05
-4.05749e-05
-4.01652e-05
-3.97667e-05
-3.93794e-05
-3.90033e-05
-3.86381e-05
-3.8284e-05
-3.79406e-05
-3.76081e-05
-3.72862e-05
-3.69748e-05
-3.66738e-05
-3.6383e-05
-3.61023e-05
-3.58316e-05
-3.55706e-05
-3.53192e-05
-3.50772e-05
-3.48443e-05
-3.46213e-05
-3.44071e-05
-3.42016e-05
-3.40046e-05
-3.38157e-05
-3.36347e-05
-3.34615e-05
-3.32958e-05
-3.31374e-05
-3.2986e-05
-3.28415e-05
-3.27036e-05
-3.25721e-05
-3.24468e-05
-3.23273e-05
-3.22136e-05
-3.21053e-05
-3.20024e-05
-3.19046e-05
-3.18117e-05
-3.17236e-05
-3.16401e-05
-3.1561e-05
-3.14862e-05
-3.14154e-05
-3.1349e-05
-3.12869e-05
-3.12292e-05
-3.11759e-05
-3.11268e-05
-3.10823e-05
-3.10425e-05
-3.10078e-05
-3.09783e-05
-3.09548e-05
-3.0938e-05
-9.0407e-05
-9.05486e-05
-9.06676e-05
-9.0767e-05
-9.08459e-05
-9.0905e-05
-9.09446e-05
-9.09651e-05
-9.09668e-05
-9.09503e-05
-9.09158e-05
-9.08637e-05
-9.07945e-05
-9.07085e-05
-9.0606e-05
-9.04875e-05
-9.03533e-05
-9.02038e-05
-9.00394e-05
-8.98605e-05
-8.96674e-05
-8.94606e-05
-8.92403e-05
-8.9007e-05
-8.8761e-05
-8.85027e-05
-8.82323e-05
-8.79502e-05
-8.76567e-05
-8.73522e-05
-8.70369e-05
-8.67111e-05
-8.63752e-05
-8.60294e-05
-8.5674e-05
-8.53091e-05
-8.49351e-05
-8.45523e-05
-8.41607e-05
-8.37607e-05
-8.33524e-05
-8.29361e-05
-8.25119e-05
-8.208e-05
-8.16406e-05
-8.11938e-05
-8.07399e-05
-8.02788e-05
-7.98109e-05
-7.93362e-05
-7.88549e-05
-7.83669e-05
-7.78727e-05
-7.73723e-05
-7.68658e-05
-7.63532e-05
-7.5835e-05
-7.5311e-05
-7.47816e-05
-7.42468e-05
-7.37068e-05
-7.31617e-05
-7.26116e-05
-7.20568e-05
-7.14973e-05
-7.09334e-05
-7.03652e-05
-6.97929e-05
-6.92166e-05
-6.86365e-05
-6.80528e-05
-6.74657e-05
-6.68753e-05
-6.62819e-05
-6.56856e-05
-6.50867e-05
-6.44853e-05
-6.38816e-05
-6.3276e-05
-6.26685e-05
-6.20594e-05
-6.1449e-05
-6.08374e-05
-6.0225e-05
-5.96118e-05
-5.89982e-05
-5.83843e-05
-5.77705e-05
-5.71569e-05
-5.65437e-05
-5.59313e-05
-5.53198e-05
-5.47094e-05
-5.41005e-05
-5.34932e-05
-5.28877e-05
-5.22844e-05
-5.16833e-05
-5.10848e-05
-5.0489e-05
-4.98962e-05
-4.93066e-05
-4.87204e-05
-4.81379e-05
-4.75591e-05
-4.69844e-05
-4.6414e-05
-4.58479e-05
-4.52865e-05
-4.47299e-05
-4.41783e-05
-4.36318e-05
-4.30907e-05
-4.25552e-05
-4.20253e-05
-4.15012e-05
-4.09832e-05
-4.04713e-05
-3.99657e-05
-3.94665e-05
-3.89739e-05
-3.8488e-05
-3.80089e-05
-3.75367e-05
-3.70716e-05
-3.66137e-05
-3.6163e-05
-3.57196e-05
-3.52837e-05
-3.48553e-05
-3.44345e-05
-3.40214e-05
-3.3616e-05
-3.32184e-05
-3.28286e-05
-3.24467e-05
-3.20728e-05
-3.17068e-05
-3.13489e-05
-3.09989e-05
-3.0657e-05
-3.03231e-05
-2.99972e-05
-2.96794e-05
-2.93696e-05
-2.90679e-05
-2.87741e-05
-2.84882e-05
-2.82103e-05
-2.79403e-05
-2.76781e-05
-2.74236e-05
-2.71769e-05
-2.69378e-05
-2.67063e-05
-2.64822e-05
-2.62656e-05
-2.60563e-05
-2.58542e-05
-2.56593e-05
-2.54715e-05
-2.52906e-05
-2.51165e-05
-2.49492e-05
-2.47873e-05
-2.46317e-05
-2.44824e-05
-2.43392e-05
-2.42021e-05
-2.40707e-05
-2.39451e-05
-2.3825e-05
-2.37103e-05
-2.36008e-05
-2.34962e-05
-2.33966e-05
-2.33018e-05
-2.32117e-05
-2.31262e-05
-2.30451e-05
-2.29682e-05
-2.28955e-05
-2.28269e-05
-2.27624e-05
-2.27019e-05
-2.26452e-05
-2.25922e-05
-2.25429e-05
-2.24971e-05
-2.24548e-05
-2.2416e-05
-2.23807e-05
-2.23488e-05
-2.23203e-05
-2.22953e-05
-2.22737e-05
-2.22556e-05
-2.2241e-05
-2.22308e-05
-2.22241e-05
-5.40145e-05
-5.41037e-05
-5.41799e-05
-5.42445e-05
-5.42971e-05
-5.43381e-05
-5.43677e-05
-5.43859e-05
-5.43931e-05
-5.43894e-05
-5.43749e-05
-5.43499e-05
-5.43146e-05
-5.42692e-05
-5.42138e-05
-5.41488e-05
-5.40743e-05
-5.39906e-05
-5.38978e-05
-5.37961e-05
-5.36859e-05
-5.35673e-05
-5.34406e-05
-5.33059e-05
-5.31634e-05
-5.30134e-05
-5.28561e-05
-5.26917e-05
-5.25203e-05
-5.23422e-05
-5.21575e-05
-5.19663e-05
-5.17688e-05
-5.15653e-05
-5.13558e-05
-5.11406e-05
-5.09197e-05
-5.06933e-05
-5.04615e-05
-5.02245e-05
-4.99823e-05
-4.97352e-05
-4.94831e-05
-4.92263e-05
-4.89649e-05
-4.86989e-05
-4.84284e-05
-4.81535e-05
-4.78744e-05
-4.75912e-05
-4.73039e-05
-4.70126e-05
-4.67174e-05
-4.64184e-05
-4.61156e-05
-4.58092e-05
-4.54992e-05
-4.51857e-05
-4.48689e-05
-4.45488e-05
-4.42254e-05
-4.3899e-05
-4.35697e-05
-4.32374e-05
-4.29023e-05
-4.25645e-05
-4.2224e-05
-4.1881e-05
-4.15357e-05
-4.1188e-05
-4.08382e-05
-4.04864e-05
-4.01326e-05
-3.9777e-05
-3.94197e-05
-3.90608e-05
-3.87005e-05
-3.83389e-05
-3.79761e-05
-3.76122e-05
-3.72474e-05
-3.68817e-05
-3.65154e-05
-3.61486e-05
-3.57813e-05
-3.54138e-05
-3.50461e-05
-3.46785e-05
-3.4311e-05
-3.39438e-05
-3.35771e-05
-3.32109e-05
-3.28454e-05
-3.24808e-05
-3.21171e-05
-3.17546e-05
-3.13933e-05
-3.10334e-05
-3.0675e-05
-3.03182e-05
-2.99633e-05
-2.96102e-05
-2.92592e-05
-2.89103e-05
-2.85637e-05
-2.82195e-05
-2.78778e-05
-2.75388e-05
-2.72025e-05
-2.68691e-05
-2.65386e-05
-2.62112e-05
-2.5887e-05
-2.5566e-05
-2.52485e-05
-2.49344e-05
-2.46239e-05
-2.4317e-05
-2.40139e-05
-2.37147e-05
-2.34193e-05
-2.31279e-05
-2.28406e-05
-2.25574e-05
-2.22784e-05
-2.20037e-05
-2.17333e-05
-2.14673e-05
-2.12057e-05
-2.09486e-05
-2.0696e-05
-2.0448e-05
-2.02046e-05
-1.99659e-05
-1.97318e-05
-1.95024e-05
-1.92778e-05
-1.90579e-05
-1.88428e-05
-1.86325e-05
-1.8427e-05
-1.82263e-05
-1.80304e-05
-1.78392e-05
-1.76529e-05
-1.74713e-05
-1.72945e-05
-1.71225e-05
-1.69552e-05
-1.67925e-05
-1.66346e-05
-1.64813e-05
-1.63326e-05
-1.61884e-05
-1.60488e-05
-1.59136e-05
-1.57828e-05
-1.56565e-05
-1.55343e-05
-1.54165e-05
-1.53027e-05
-1.5193e-05
-1.50874e-05
-1.49856e-05
-1.48881e-05
-1.47944e-05
-1.47043e-05
-1.46179e-05
-1.4535e-05
-1.44556e-05
-1.43795e-05
-1.43068e-05
-1.42372e-05
-1.41708e-05
-1.41075e-05
-1.40471e-05
-1.39896e-05
-1.39349e-05
-1.38828e-05
-1.38334e-05
-1.37867e-05
-1.37424e-05
-1.37004e-05
-1.36607e-05
-1.36231e-05
-1.35875e-05
-1.35541e-05
-1.35226e-05
-1.34932e-05
-1.34658e-05
-1.34404e-05
-1.34169e-05
-1.33955e-05
-1.33761e-05
-1.33588e-05
-1.33437e-05
-1.33309e-05
-1.33204e-05
-1.33126e-05
-1.33071e-05
-1.79759e-05
-1.80065e-05
-1.80326e-05
-1.80548e-05
-1.8073e-05
-1.80872e-05
-1.80975e-05
-1.81041e-05
-1.8107e-05
-1.81062e-05
-1.81018e-05
-1.8094e-05
-1.80827e-05
-1.80681e-05
-1.80502e-05
-1.80291e-05
-1.80049e-05
-1.79776e-05
-1.79474e-05
-1.79143e-05
-1.78782e-05
-1.78394e-05
-1.77979e-05
-1.77536e-05
-1.77068e-05
-1.76575e-05
-1.76057e-05
-1.75516e-05
-1.74951e-05
-1.74363e-05
-1.73754e-05
-1.73123e-05
-1.7247e-05
-1.71797e-05
-1.71104e-05
-1.70392e-05
-1.6966e-05
-1.6891e-05
-1.68141e-05
-1.67354e-05
-1.66551e-05
-1.6573e-05
-1.64892e-05
-1.64038e-05
-1.63169e-05
-1.62284e-05
-1.61384e-05
-1.60469e-05
-1.5954e-05
-1.58596e-05
-1.57639e-05
-1.56669e-05
-1.55685e-05
-1.54689e-05
-1.5368e-05
-1.5266e-05
-1.51627e-05
-1.50582e-05
-1.49526e-05
-1.4846e-05
-1.47382e-05
-1.46295e-05
-1.45197e-05
-1.44089e-05
-1.42972e-05
-1.41846e-05
-1.40711e-05
-1.39568e-05
-1.38417e-05
-1.37259e-05
-1.36093e-05
-1.3492e-05
-1.33741e-05
-1.32556e-05
-1.31366e-05
-1.3017e-05
-1.28969e-05
-1.27764e-05
-1.26555e-05
-1.25342e-05
-1.24127e-05
-1.22909e-05
-1.21689e-05
-1.20467e-05
-1.19243e-05
-1.18019e-05
-1.16795e-05
-1.15571e-05
-1.14347e-05
-1.13125e-05
-1.11903e-05
-1.10684e-05
-1.09467e-05
-1.08253e-05
-1.07042e-05
-1.05835e-05
-1.04633e-05
-1.03434e-05
-1.02241e-05
-1.01054e-05
-9.98724e-06
-9.86972e-06
-9.75288e-06
-9.63676e-06
-9.52139e-06
-9.40683e-06
-9.2931e-06
-9.18024e-06
-9.0683e-06
-8.95731e-06
-8.8473e-06
-8.73832e-06
-8.63038e-06
-8.52354e-06
-8.41783e-06
-8.31326e-06
-8.20988e-06
-8.10772e-06
-8.0068e-06
-7.90715e-06
-7.80879e-06
-7.71176e-06
-7.61608e-06
-7.52177e-06
-7.42885e-06
-7.33735e-06
-7.24728e-06
-7.15867e-06
-7.07153e-06
-6.98588e-06
-6.90174e-06
-6.81911e-06
-6.73802e-06
-6.65848e-06
-6.58048e-06
-6.50406e-06
-6.4292e-06
-6.35592e-06
-6.28423e-06
-6.21413e-06
-6.14562e-06
-6.0787e-06
-6.01338e-06
-5.94965e-06
-5.8875e-06
-5.82695e-06
-5.76798e-06
-5.71058e-06
-5.65475e-06
-5.60047e-06
-5.54775e-06
-5.49656e-06
-5.4469e-06
-5.39875e-06
-5.35208e-06
-5.30689e-06
-5.26315e-06
-5.22085e-06
-5.17996e-06
-5.14048e-06
-5.10238e-06
-5.06564e-06
-5.03022e-06
-4.9961e-06
-4.96367e-06
-4.93266e-06
-4.90287e-06
-4.87428e-06
-4.84687e-06
-4.8206e-06
-4.79547e-06
-4.77144e-06
-4.7485e-06
-4.72662e-06
-4.70578e-06
-4.68593e-06
-4.66709e-06
-4.64922e-06
-4.63228e-06
-4.6162e-06
-4.60091e-06
-4.58649e-06
-4.57295e-06
-4.56031e-06
-4.54856e-06
-4.53771e-06
-4.52777e-06
-4.51876e-06
-4.51068e-06
-4.50355e-06
-4.49739e-06
-4.4922e-06
-4.48798e-06
-4.48473e-06
-4.48244e-06
-4.48108e-06
-4.48065e-06
-4.48116e-06
-4.48265e-06
-4.48498e-06
)
;

boundaryField
{
    inlet_water
    {
        type            fixedFluxPressure;
        gradient        nonuniform List<scalar> 
100
(
3918.49
3916.12
3916.34
3916.64
3917.01
3917.41
3917.83
3918.24
3918.62
3918.97
3919.27
3919.53
3919.74
3919.91
3920.06
3920.19
3920.34
3920.52
3920.78
3921.13
3921.65
3922.39
3923.44
3924.92
3927.01
3929.84
3933.4
3937
3938.24
3932.3
3914.45
3890.49
3882.13
3892.33
3903.34
3909.59
3913.39
3916.13
3918.32
3920.16
3921.7
3922.99
3924.07
3924.95
3925.66
3926.22
3926.64
3926.95
3927.15
3927.25
3927.27
3927.21
3927.07
3926.87
3926.61
3926.29
3925.91
3925.48
3925.01
3924.49
3923.93
3923.35
3922.73
3922.1
3921.46
3920.82
3920.17
3919.54
3918.93
3918.33
3917.77
3917.24
3916.74
3916.28
3915.85
3915.46
3915.1
3914.76
3914.44
3914.14
3913.83
3913.51
3913.17
3912.8
3912.38
3911.9
3911.34
3910.68
3909.91
3908.99
3907.91
3906.62
3905.08
3903.21
3900.9
3897.97
3894.03
3887.47
3871.68
3871.43
)
;
        value           nonuniform List<scalar> 
100
(
493.073
493.072
493.072
493.073
493.074
493.075
493.076
493.078
493.08
493.083
493.086
493.089
493.093
493.098
493.102
493.108
493.114
493.121
493.128
493.136
493.144
493.154
493.165
493.177
493.19
493.206
493.224
493.245
493.267
493.287
493.303
493.32
493.352
493.399
493.445
493.485
493.521
493.557
493.592
493.629
493.666
493.704
493.745
493.786
493.829
493.874
493.919
493.965
494.011
494.057
494.103
494.147
494.189
494.228
494.265
494.298
494.327
494.353
494.374
494.392
494.406
494.416
494.424
494.429
494.432
494.434
494.436
494.438
494.441
494.445
494.452
494.461
494.473
494.488
494.506
494.527
494.551
494.576
494.604
494.632
494.661
494.69
494.718
494.744
494.768
494.79
494.809
494.825
494.837
494.846
494.851
494.852
494.849
494.843
494.832
494.816
494.796
494.771
494.75
494.775
)
;
    }
    inlet_air
    {
        type            fixedFluxPressure;
        gradient        nonuniform List<scalar> 
110
(
-45.1646
-0.00313439
-0.00277162
-0.00253783
-0.00223398
-0.00196057
-0.00169842
-0.00145799
-0.00124098
-0.0010459
-0.000872111
-0.000719092
-0.000585312
-0.00046904
-0.000368428
-0.000281759
-0.000207376
-0.000143766
-8.9551e-05
-4.34933e-05
-4.48671e-06
2.84444e-05
5.61603e-05
7.94114e-05
9.88531e-05
0.000115052
0.000128499
0.000139615
0.000148763
0.000156251
0.000162343
0.000167264
0.000171203
0.00017432
0.000176749
0.000178606
0.000179982
0.000180959
0.000181601
0.000181963
0.000182091
0.000182022
0.000181787
0.000181413
0.000180919
0.000180325
0.000179645
0.000178894
0.00017808
0.000177215
0.000176306
0.000175361
0.000174384
0.000173383
0.000172357
0.000171306
0.000170217
0.000169074
0.000167854
0.000166548
0.000165159
0.000163714
0.000162252
0.000160815
0.000159429
0.000158116
0.000156884
0.000155747
0.000154708
0.000153778
0.000152956
0.000152246
0.000151645
0.00015115
0.000150752
0.000150442
0.000150203
0.000150018
0.000149862
0.00014971
0.000149526
0.000149277
0.000148919
0.00014841
0.0001477
0.000146744
0.000145491
0.000143896
0.000141917
0.000139522
0.00013669
0.000133417
0.00012972
0.000125647
0.000121274
0.000116722
0.000112146
0.000107759
0.000103651
9.99743e-05
2.51113e-05
3.50664e-05
8.06194e-05
0.000137238
0.000168487
0.000159254
0.000131287
9.91665e-05
6.21207e-05
2.13454e-05
)
;
        value           nonuniform List<scalar> 
110
(
-0.0384311
-0.00060592
-0.000603455
-0.000600383
-0.000597496
-0.000594466
-0.000591422
-0.000588358
-0.000585291
-0.000582232
-0.000579189
-0.000576171
-0.000573183
-0.000570228
-0.000567311
-0.000564432
-0.000561593
-0.000558794
-0.000556036
-0.000553319
-0.000550642
-0.000548004
-0.000545404
-0.000542841
-0.000540314
-0.000537821
-0.000535362
-0.000532933
-0.000530535
-0.000528165
-0.000525821
-0.000523504
-0.00052121
-0.000518939
-0.000516689
-0.000514459
-0.000512248
-0.000510054
-0.000507877
-0.000505716
-0.000503569
-0.000501435
-0.000499314
-0.000497206
-0.000495108
-0.000493022
-0.000490945
-0.000488878
-0.00048682
-0.00048477
-0.000482729
-0.000480696
-0.000478671
-0.000476653
-0.000474643
-0.000472639
-0.000470643
-0.000468653
-0.000466671
-0.000464695
-0.000462726
-0.000460763
-0.000458807
-0.000456857
-0.000454914
-0.000452977
-0.000451046
-0.000449122
-0.000447204
-0.000445292
-0.000443386
-0.000441486
-0.000439593
-0.000437706
-0.000435826
-0.000433952
-0.000432085
-0.000430224
-0.000428371
-0.000426524
-0.000424685
-0.000422853
-0.00042103
-0.000419214
-0.000417407
-0.000415609
-0.00041382
-0.000412041
-0.000410273
-0.000408515
-0.00040677
-0.000405037
-0.000403317
-0.000401611
-0.00039992
-0.000398244
-0.000396583
-0.000394939
-0.000393315
-0.000391711
-0.000367032
-0.000323289
-0.000281574
-0.000241529
-0.000202358
-0.000164412
-0.000127066
-9.0324e-05
-5.39624e-05
-1.7958e-05
)
;
    }
    outlet_water
    {
        type            fixedFluxPressure;
        gradient        nonuniform List<scalar> 
100
(
-3962.04
-3962.03
-3962.03
-3962.03
-3962.03
-3962.03
-3962.03
-3962.03
-3962.04
-3962.05
-3962.05
-3962.06
-3962.08
-3962.1
-3962.12
-3962.15
-3962.18
-3962.22
-3962.27
-3962.33
-3962.4
-3962.5
-3962.63
-3962.82
-3963.11
-3963.57
-3964.15
-3964.38
-3962.41
-3954.36
-3936.43
-3914.43
-3907.48
-3916.34
-3924.59
-3928.27
-3929.86
-3930.61
-3931.01
-3931.22
-3931.32
-3931.33
-3931.27
-3931.15
-3930.99
-3930.77
-3930.52
-3930.23
-3929.92
-3929.58
-3929.22
-3928.85
-3928.47
-3928.07
-3927.67
-3927.25
-3926.84
-3926.42
-3926
-3925.57
-3925.15
-3924.73
-3924.31
-3923.89
-3923.48
-3923.07
-3922.66
-3922.26
-3921.87
-3921.48
-3921.1
-3920.73
-3920.36
-3919.99
-3919.63
-3919.26
-3918.9
-3918.53
-3918.15
-3917.76
-3917.35
-3916.91
-3916.44
-3915.91
-3915.34
-3914.68
-3913.95
-3913.1
-3912.13
-3911
-3909.7
-3908.18
-3906.4
-3904.3
-3901.78
-3898.64
-3894.47
-3887.78
-3873.63
-3877.22
)
;
        value           nonuniform List<scalar> 
100
(
-831.389
-831.389
-831.389
-831.389
-831.389
-831.389
-831.389
-831.389
-831.389
-831.389
-831.389
-831.389
-831.389
-831.389
-831.39
-831.39
-831.39
-831.39
-831.39
-831.39
-831.391
-831.391
-831.391
-831.392
-831.393
-831.395
-831.396
-831.398
-831.397
-831.39
-831.375
-831.356
-831.354
-831.367
-831.38
-831.389
-831.395
-831.4
-831.404
-831.408
-831.412
-831.416
-831.42
-831.423
-831.427
-831.431
-831.435
-831.439
-831.442
-831.446
-831.449
-831.453
-831.455
-831.458
-831.46
-831.461
-831.462
-831.462
-831.462
-831.46
-831.459
-831.456
-831.453
-831.45
-831.445
-831.441
-831.436
-831.431
-831.426
-831.421
-831.415
-831.41
-831.404
-831.399
-831.394
-831.389
-831.384
-831.379
-831.373
-831.368
-831.362
-831.356
-831.349
-831.341
-831.333
-831.323
-831.313
-831.301
-831.289
-831.275
-831.259
-831.243
-831.225
-831.205
-831.184
-831.161
-831.135
-831.104
-831.068
-831.068
)
;
    }
    outlet_air
    {
        type            fixedFluxPressure;
        gradient        nonuniform List<scalar> 
110
(
40.3104
0.00105472
0.000802997
0.000750231
0.00062136
0.00053241
0.000452632
0.000384096
0.000327051
0.000279323
0.000238349
0.000204391
0.000176231
0.000153002
0.000133973
0.000118498
0.000106028
9.60816e-05
8.82452e-05
8.21547e-05
7.75092e-05
7.40515e-05
7.15759e-05
6.99035e-05
6.88886e-05
6.83992e-05
6.8328e-05
6.85734e-05
6.90562e-05
6.97066e-05
7.04796e-05
7.13368e-05
7.22572e-05
7.32191e-05
7.42107e-05
7.52166e-05
7.62299e-05
7.7238e-05
7.82378e-05
7.9221e-05
8.01863e-05
8.11257e-05
8.20371e-05
8.29139e-05
8.37586e-05
8.45728e-05
8.53671e-05
8.61476e-05
8.69267e-05
8.77096e-05
8.85055e-05
8.93173e-05
9.01521e-05
9.10098e-05
9.18955e-05
9.28088e-05
9.37544e-05
9.47318e-05
9.57453e-05
9.6794e-05
9.78814e-05
9.90061e-05
0.000100171
0.000101373
0.000102613
0.000103886
0.000105189
0.000106512
0.000107853
0.000109204
0.000110564
0.000111929
0.0001133
0.000114676
0.000116064
0.000117466
0.000118887
0.000120327
0.000121788
0.000123266
0.00012476
0.000126263
0.00012777
0.00012927
0.000130752
0.000132202
0.000133603
0.000134939
0.000136191
0.000137341
0.00013837
0.000139259
0.000139992
0.000140552
0.000140927
0.000141106
0.000141087
0.000140875
0.000140225
0.000139173
0.000123171
0.0001123
8.85894e-05
5.94031e-05
3.81278e-05
1.73071e-05
6.05112e-06
1.25991e-06
1.73271e-06
-1.79018e-06
)
;
        value           nonuniform List<scalar> 
110
(
0.0336362
-0.000121905
-0.000121126
-0.000120575
-0.000120011
-0.000119459
-0.000118926
-0.000118403
-0.000117883
-0.000117365
-0.000116849
-0.000116331
-0.000115811
-0.000115288
-0.000114762
-0.000114234
-0.000113704
-0.000113171
-0.000112636
-0.000112101
-0.000111565
-0.00011103
-0.000110495
-0.000109962
-0.00010943
-0.0001089
-0.000108374
-0.00010785
-0.00010733
-0.000106814
-0.000106302
-0.000105794
-0.00010529
-0.000104792
-0.000104298
-0.000103809
-0.000103325
-0.000102846
-0.000102372
-0.000101902
-0.000101438
-0.000100978
-0.000100524
-0.000100074
-9.96285e-05
-9.91878e-05
-9.87516e-05
-9.83197e-05
-9.7892e-05
-9.74685e-05
-9.70489e-05
-9.66331e-05
-9.62211e-05
-9.58127e-05
-9.54079e-05
-9.50064e-05
-9.46082e-05
-9.42132e-05
-9.38214e-05
-9.34325e-05
-9.30466e-05
-9.26635e-05
-9.22832e-05
-9.19056e-05
-9.15307e-05
-9.11584e-05
-9.07886e-05
-9.04215e-05
-9.00569e-05
-8.96949e-05
-8.93354e-05
-8.89786e-05
-8.86243e-05
-8.82727e-05
-8.79237e-05
-8.75775e-05
-8.72341e-05
-8.68937e-05
-8.65563e-05
-8.62222e-05
-8.58914e-05
-8.55643e-05
-8.52411e-05
-8.49221e-05
-8.46077e-05
-8.42983e-05
-8.39942e-05
-8.3696e-05
-8.34042e-05
-8.31193e-05
-8.28419e-05
-8.25727e-05
-8.23123e-05
-8.20612e-05
-8.18201e-05
-8.15894e-05
-8.13694e-05
-8.11602e-05
-8.09621e-05
-8.07746e-05
-7.78845e-05
-7.12647e-05
-6.39471e-05
-5.62066e-05
-4.80024e-05
-3.9631e-05
-3.09329e-05
-2.22231e-05
-1.33057e-05
-4.48647e-06
)
;
    }
    lowerWall
    {
        type            fixedFluxPressure;
        gradient        uniform 0;
        value           nonuniform List<scalar> 
200
(
489.792
483.248
476.694
470.139
463.581
457.024
450.466
443.907
437.345
430.779
424.21
417.638
411.063
404.485
397.905
391.322
384.736
378.148
371.556
364.961
358.364
351.763
345.159
338.552
331.943
325.331
318.716
312.1
305.482
298.862
292.24
285.617
278.993
272.367
265.741
259.114
252.486
245.857
239.228
232.599
225.97
219.34
212.71
206.081
199.451
192.822
186.193
179.564
172.936
166.308
159.68
153.052
146.425
139.798
133.171
126.545
119.918
113.292
106.666
100.041
93.415
86.7895
80.164
73.5387
66.9134
60.2882
53.663
47.0379
40.4129
33.7879
27.1629
20.5379
13.913
7.28801
0.66307
-5.96189
-12.5869
-19.2119
-25.8369
-32.462
-39.0872
-45.7124
-52.3377
-58.963
-65.5885
-72.214
-78.8396
-85.4652
-92.091
-98.7168
-105.343
-111.969
-118.595
-125.221
-131.847
-138.474
-145.1
-151.727
-158.353
-164.98
-171.607
-178.234
-184.86
-191.487
-198.114
-204.742
-211.369
-217.996
-224.623
-231.25
-237.878
-244.505
-251.133
-257.76
-264.388
-271.015
-277.643
-284.271
-290.899
-297.526
-304.154
-310.782
-317.41
-324.038
-330.666
-337.295
-343.923
-350.551
-357.179
-363.808
-370.436
-377.065
-383.693
-390.322
-396.951
-403.58
-410.208
-416.837
-423.466
-430.095
-436.724
-443.353
-449.983
-456.612
-463.241
-469.871
-476.5
-483.13
-489.76
-496.39
-503.02
-509.65
-516.28
-522.91
-529.54
-536.171
-542.801
-549.432
-556.063
-562.694
-569.325
-575.957
-582.588
-589.22
-595.851
-602.483
-609.115
-615.748
-622.38
-629.013
-635.646
-642.279
-648.912
-655.545
-662.179
-668.813
-675.447
-682.082
-688.716
-695.351
-701.986
-708.621
-715.256
-721.892
-728.528
-735.163
-741.799
-748.436
-755.072
-761.708
-768.345
-774.981
-781.618
-788.254
-794.89
-801.527
-808.163
-814.799
-821.435
-828.071
)
;
    }
    atmosphere
    {
        type            totalPressure;
        rho             rho;
        psi             none;
        gamma           1;
        p0              uniform 0;
        value           nonuniform List<scalar> 
200
(
-8.80728e-12
-9.38211e-12
-1.00158e-11
-1.06796e-11
-1.13703e-11
-1.20872e-11
-1.28297e-11
-1.35969e-11
-1.43878e-11
-1.52012e-11
-1.60358e-11
-1.68902e-11
-1.77628e-11
-1.86522e-11
-1.95566e-11
-2.04743e-11
-2.14034e-11
-2.23417e-11
-2.32874e-11
-2.42382e-11
-2.5192e-11
-2.61467e-11
-2.70997e-11
-2.80493e-11
-2.89925e-11
-2.99275e-11
-3.08519e-11
-3.17636e-11
-3.26603e-11
-3.354e-11
-3.44007e-11
-3.52405e-11
-3.60574e-11
-3.68497e-11
-3.76157e-11
-3.83537e-11
-3.90622e-11
-3.97398e-11
-4.03852e-11
-4.09973e-11
-4.15749e-11
-4.21173e-11
-4.26233e-11
-4.30923e-11
-4.35238e-11
-4.39171e-11
-4.4272e-11
-4.45881e-11
-4.48653e-11
-4.51035e-11
-4.53027e-11
-4.54629e-11
-4.55846e-11
-4.5668e-11
-4.57137e-11
-4.5722e-11
-4.56936e-11
-4.56291e-11
-4.55293e-11
-4.53948e-11
-4.52265e-11
-4.50251e-11
-4.47918e-11
-4.45274e-11
-4.4233e-11
-4.39096e-11
-4.35582e-11
-4.31801e-11
-4.27762e-11
-4.23477e-11
-4.18956e-11
-4.14212e-11
-4.09253e-11
-4.04095e-11
-3.98747e-11
-3.93222e-11
-3.8753e-11
-3.81683e-11
-3.75692e-11
-3.69568e-11
-3.63321e-11
-3.56963e-11
-3.50505e-11
-3.43957e-11
-3.37328e-11
-3.30629e-11
-3.23869e-11
-3.17058e-11
-3.10203e-11
-3.03314e-11
-2.964e-11
-2.89469e-11
-2.82529e-11
-2.75589e-11
-2.68654e-11
-2.61732e-11
-2.54831e-11
-2.47956e-11
-2.41112e-11
-2.34306e-11
-2.27544e-11
-2.20831e-11
-2.14174e-11
-2.07575e-11
-2.0104e-11
-1.94574e-11
-1.8818e-11
-1.81863e-11
-1.75627e-11
-1.69474e-11
-1.63408e-11
-1.57431e-11
-1.51546e-11
-1.45757e-11
-1.40065e-11
-1.34473e-11
-1.28983e-11
-1.23596e-11
-1.18315e-11
-1.1314e-11
-1.08074e-11
-1.03118e-11
-9.82717e-12
-9.3538e-12
-8.89174e-12
-8.44105e-12
-8.0018e-12
-7.57409e-12
-7.15798e-12
-6.75348e-12
-6.36066e-12
-5.97957e-12
-5.61024e-12
-5.25266e-12
-4.9069e-12
-4.57298e-12
-4.25085e-12
-3.94054e-12
-3.64208e-12
-3.35546e-12
-3.0807e-12
-2.81779e-12
-2.56669e-12
-2.32744e-12
-2.10003e-12
-1.8844e-12
-1.68058e-12
-1.48856e-12
-1.30828e-12
-1.13978e-12
-9.82982e-13
-8.379e-13
-7.04529e-13
-5.82788e-13
-4.7269e-13
-3.74217e-13
-2.87307e-13
-2.11944e-13
-1.48102e-13
-9.57305e-14
-5.47886e-14
-2.5231e-14
-7.01106e-15
-7.61062e-17
0
0
0
0
0
0
0
0
0
0
0
0
0
0
0
0
0
0
0
0
0
0
0
0
0
0
0
0
0
0
0
0
0
0
0
0
)
;
    }
    defaultFaces
    {
        type            empty;
    }
}


// ************************************************************************* //
