/*--------------------------------*- C++ -*----------------------------------*\
  =========                 |
  \\      /  F ield         | OpenFOAM: The Open Source CFD Toolbox
   \\    /   O peration     | Website:  https://openfoam.org
    \\  /    A nd           | Version:  8
     \\/     M anipulation  |
\*---------------------------------------------------------------------------*/
FoamFile
{
    version     2.0;
    format      ascii;
    class       volScalarField;
    location    "25881";
    object      p_rgh;
}
// * * * * * * * * * * * * * * * * * * * * * * * * * * * * * * * * * * * * * //

dimensions      [1 -1 -2 0 0 0 0];

internalField   nonuniform List<scalar> 
11000
(
488.392
475.103
461.816
448.532
435.253
421.979
408.71
395.445
382.185
368.928
355.675
342.424
329.173
315.924
302.675
289.425
276.174
262.922
249.669
236.414
223.158
209.9
196.64
183.38
170.118
156.856
143.592
130.328
117.064
103.799
90.5335
77.2683
64.0031
50.7381
37.4732
24.2085
10.9441
-2.31989
-15.5836
-28.8469
-42.1099
-55.3725
-68.6348
-81.8967
-95.1583
-108.42
-121.681
-134.941
-148.202
-161.462
-174.722
-187.982
-201.242
-214.502
-227.761
-241.021
-254.281
-267.541
-280.801
-294.062
-307.322
-320.584
-333.845
-347.107
-360.37
-373.633
-386.897
-400.161
-413.426
-426.691
-439.958
-453.224
-466.491
-479.758
-493.026
-506.293
-519.56
-532.827
-546.094
-559.36
-572.625
-585.89
-599.154
-612.417
-625.68
-638.943
-652.206
-665.47
-678.736
-692.003
-705.274
-718.548
-731.826
-745.109
-758.398
-771.692
-784.991
-798.295
-811.604
-824.914
488.392
475.103
461.815
448.531
435.252
421.978
408.708
395.444
382.183
368.927
355.673
342.421
329.171
315.922
302.672
289.422
276.172
262.92
249.666
236.412
223.155
209.897
196.638
183.378
170.116
156.854
143.59
130.326
117.062
103.797
90.532
77.2668
64.0017
50.7367
37.4718
24.2072
10.9429
-2.32112
-15.5848
-28.8481
-42.1111
-55.3737
-68.6359
-81.8979
-95.1595
-108.421
-121.682
-134.942
-148.203
-161.463
-174.723
-187.983
-201.243
-214.503
-227.763
-241.022
-254.282
-267.542
-280.802
-294.063
-307.324
-320.585
-333.846
-347.108
-360.371
-373.634
-386.897
-400.162
-413.426
-426.692
-439.958
-453.224
-466.491
-479.758
-493.025
-506.293
-519.56
-532.827
-546.093
-559.359
-572.624
-585.889
-599.153
-612.416
-625.679
-638.942
-652.205
-665.469
-678.734
-692.001
-705.272
-718.546
-731.824
-745.108
-758.396
-771.69
-784.99
-798.294
-811.604
-824.914
488.392
475.102
461.814
448.53
435.251
421.976
408.707
395.442
382.182
368.925
355.671
342.419
329.169
315.919
302.67
289.42
276.169
262.917
249.664
236.409
223.153
209.895
196.636
183.376
170.114
156.852
143.588
130.325
117.06
103.795
90.5304
77.2653
64.0003
50.7353
37.4705
24.2059
10.9416
-2.32237
-15.586
-28.8493
-42.1123
-55.3749
-68.6371
-81.8991
-95.1607
-108.422
-121.683
-134.944
-148.204
-161.465
-174.725
-187.985
-201.244
-214.504
-227.764
-241.024
-254.284
-267.544
-280.804
-294.064
-307.325
-320.586
-333.847
-347.109
-360.372
-373.635
-386.898
-400.162
-413.427
-426.692
-439.958
-453.224
-466.491
-479.758
-493.025
-506.292
-519.559
-532.826
-546.092
-559.358
-572.623
-585.888
-599.151
-612.415
-625.677
-638.94
-652.203
-665.467
-678.732
-692
-705.27
-718.544
-731.822
-745.106
-758.395
-771.689
-784.989
-798.293
-811.603
-824.913
488.391
475.102
461.814
448.529
435.25
421.975
408.705
395.44
382.18
368.923
355.669
342.417
329.167
315.917
302.668
289.418
276.167
262.915
249.662
236.407
223.151
209.893
196.634
183.374
170.112
156.85
143.587
130.323
117.058
103.794
90.5288
77.2638
63.9988
50.7339
37.4691
24.2046
10.9403
-2.32362
-15.5873
-28.8505
-42.1135
-55.3761
-68.6383
-81.9003
-95.1619
-108.423
-121.684
-134.945
-148.205
-161.466
-174.726
-187.986
-201.246
-214.505
-227.765
-241.025
-254.285
-267.545
-280.805
-294.065
-307.326
-320.587
-333.848
-347.11
-360.372
-373.635
-386.899
-400.163
-413.427
-426.693
-439.958
-453.224
-466.491
-479.758
-493.025
-506.292
-519.559
-532.825
-546.091
-559.357
-572.622
-585.886
-599.15
-612.413
-625.676
-638.939
-652.201
-665.465
-678.73
-691.998
-705.268
-718.542
-731.82
-745.104
-758.392
-771.687
-784.987
-798.292
-811.602
-824.913
488.391
475.101
461.812
448.528
435.248
421.973
408.703
395.438
382.178
368.921
355.667
342.415
329.165
315.915
302.665
289.415
276.165
262.913
249.659
236.405
223.148
209.891
196.632
183.372
170.11
156.848
143.585
130.321
117.057
103.792
90.5273
77.2623
63.9974
50.7325
37.4678
24.2033
10.939
-2.32489
-15.5885
-28.8518
-42.1147
-55.3773
-68.6396
-81.9015
-95.1631
-108.424
-121.685
-134.946
-148.207
-161.467
-174.727
-187.987
-201.247
-214.507
-227.767
-241.026
-254.286
-267.546
-280.806
-294.066
-307.327
-320.588
-333.849
-347.111
-360.373
-373.636
-386.899
-400.163
-413.428
-426.693
-439.959
-453.225
-466.491
-479.758
-493.025
-506.291
-519.558
-532.825
-546.091
-559.356
-572.621
-585.885
-599.149
-612.412
-625.674
-638.937
-652.2
-665.463
-678.728
-691.996
-705.266
-718.54
-731.818
-745.101
-758.39
-771.685
-784.985
-798.29
-811.6
-824.912
488.39
475.1
461.811
448.526
435.246
421.971
408.702
395.436
382.176
368.919
355.665
342.413
329.162
315.913
302.663
289.413
276.162
262.91
249.657
236.402
223.146
209.889
196.63
183.37
170.108
156.846
143.583
130.319
117.055
103.79
90.5257
77.2608
63.9959
50.7311
37.4664
24.2019
10.9377
-2.32619
-15.5898
-28.853
-42.116
-55.3786
-68.6408
-81.9027
-95.1643
-108.426
-121.687
-134.947
-148.208
-161.468
-174.728
-187.988
-201.248
-214.508
-227.768
-241.028
-254.287
-267.547
-280.807
-294.068
-307.328
-320.589
-333.85
-347.112
-360.374
-373.637
-386.9
-400.164
-413.428
-426.693
-439.959
-453.225
-466.491
-479.758
-493.024
-506.291
-519.558
-532.824
-546.09
-559.355
-572.62
-585.884
-599.148
-612.41
-625.673
-638.935
-652.198
-665.461
-678.726
-691.993
-705.264
-718.537
-731.816
-745.099
-758.388
-771.682
-784.983
-798.288
-811.599
-824.91
488.389
475.098
461.809
448.524
435.245
421.97
408.7
395.434
382.173
368.916
355.662
342.41
329.16
315.91
302.661
289.411
276.16
262.908
249.655
236.4
223.144
209.886
196.628
183.367
170.106
156.844
143.581
130.317
117.053
103.789
90.5241
77.2593
63.9944
50.7296
37.465
24.2006
10.9364
-2.32751
-15.5911
-28.8543
-42.1172
-55.3798
-68.6421
-81.904
-95.1656
-108.427
-121.688
-134.949
-148.209
-161.47
-174.73
-187.99
-201.25
-214.509
-227.769
-241.029
-254.289
-267.548
-280.809
-294.069
-307.329
-320.59
-333.851
-347.113
-360.375
-373.638
-386.901
-400.165
-413.429
-426.694
-439.959
-453.225
-466.491
-479.757
-493.024
-506.291
-519.557
-532.823
-546.089
-559.354
-572.619
-585.883
-599.146
-612.409
-625.671
-638.934
-652.196
-665.459
-678.724
-691.991
-705.261
-718.535
-731.813
-745.096
-758.385
-771.679
-784.98
-798.285
-811.597
-824.909
488.387
475.097
461.807
448.522
435.242
421.967
408.697
395.432
382.171
368.914
355.66
342.408
329.158
315.908
302.658
289.408
276.157
262.905
249.652
236.398
223.142
209.884
196.625
183.365
170.104
156.842
143.579
130.316
117.052
103.787
90.5225
77.2577
63.9929
50.7282
37.4636
24.1992
10.935
-2.32885
-15.5924
-28.8556
-42.1185
-55.3811
-68.6433
-81.9053
-95.1669
-108.428
-121.689
-134.95
-148.211
-161.471
-174.731
-187.991
-201.251
-214.511
-227.77
-241.03
-254.29
-267.55
-280.81
-294.07
-307.33
-320.591
-333.852
-347.114
-360.376
-373.639
-386.902
-400.165
-413.429
-426.694
-439.959
-453.225
-466.491
-479.757
-493.024
-506.29
-519.557
-532.823
-546.088
-559.354
-572.618
-585.882
-599.145
-612.408
-625.67
-638.932
-652.194
-665.457
-678.722
-691.989
-705.259
-718.532
-731.81
-745.093
-758.382
-771.676
-784.977
-798.282
-811.594
-824.907
488.386
475.095
461.805
448.52
435.24
421.965
408.695
395.43
382.169
368.912
355.658
342.406
329.155
315.905
302.656
289.406
276.155
262.903
249.65
236.395
223.139
209.882
196.623
183.363
170.102
156.84
143.577
130.314
117.05
103.785
90.5208
77.2561
63.9913
50.7267
37.4621
24.1977
10.9336
-2.33021
-15.5937
-28.857
-42.1198
-55.3824
-68.6446
-81.9066
-95.1682
-108.429
-121.691
-134.951
-148.212
-161.472
-174.732
-187.992
-201.252
-214.512
-227.772
-241.031
-254.291
-267.551
-280.811
-294.071
-307.332
-320.592
-333.853
-347.115
-360.377
-373.639
-386.902
-400.166
-413.43
-426.695
-439.96
-453.225
-466.491
-479.757
-493.024
-506.29
-519.556
-532.822
-546.088
-559.353
-572.617
-585.881
-599.144
-612.406
-625.668
-638.93
-652.192
-665.455
-678.72
-691.986
-705.256
-718.529
-731.807
-745.09
-758.379
-771.673
-784.973
-798.279
-811.591
-824.905
488.384
475.093
461.803
448.518
435.238
421.963
408.693
395.427
382.167
368.909
355.655
342.403
329.153
315.903
302.653
289.403
276.153
262.901
249.648
236.393
223.137
209.88
196.621
183.361
170.1
156.838
143.575
130.312
117.048
103.784
90.5192
77.2545
63.9898
50.7251
37.4606
24.1963
10.9322
-2.33158
-15.5951
-28.8583
-42.1212
-55.3837
-68.6459
-81.9078
-95.1694
-108.431
-121.692
-134.953
-148.213
-161.474
-174.734
-187.994
-201.254
-214.513
-227.773
-241.033
-254.293
-267.552
-280.812
-294.072
-307.333
-320.594
-333.855
-347.116
-360.378
-373.64
-386.903
-400.167
-413.431
-426.695
-439.96
-453.226
-466.491
-479.757
-493.024
-506.29
-519.556
-532.822
-546.087
-559.352
-572.616
-585.88
-599.142
-612.405
-625.667
-638.928
-652.19
-665.453
-678.717
-691.984
-705.253
-718.526
-731.804
-745.086
-758.375
-771.669
-784.97
-798.275
-811.588
-824.902
488.382
475.091
461.801
448.516
435.235
421.96
408.69
395.425
382.164
368.907
355.653
342.401
329.15
315.901
302.651
289.401
276.15
262.898
249.645
236.391
223.135
209.877
196.619
183.359
170.098
156.836
143.573
130.31
117.046
103.782
90.5175
77.2529
63.9882
50.7236
37.4591
24.1949
10.9308
-2.33296
-15.5964
-28.8596
-42.1225
-55.385
-68.6472
-81.9091
-95.1707
-108.432
-121.693
-134.954
-148.214
-161.475
-174.735
-187.995
-201.255
-214.515
-227.774
-241.034
-254.294
-267.554
-280.814
-294.074
-307.334
-320.595
-333.856
-347.117
-360.379
-373.641
-386.904
-400.167
-413.431
-426.696
-439.961
-453.226
-466.492
-479.757
-493.023
-506.29
-519.555
-532.821
-546.086
-559.351
-572.615
-585.878
-599.141
-612.403
-625.665
-638.926
-652.188
-665.451
-678.715
-691.981
-705.25
-718.523
-731.8
-745.083
-758.371
-771.665
-784.966
-798.271
-811.585
-824.899
488.38
475.089
461.798
448.513
435.233
421.958
408.688
395.423
382.162
368.905
355.65
342.398
329.148
315.898
302.649
289.399
276.148
262.896
249.643
236.388
223.132
209.875
196.617
183.357
170.096
156.834
143.571
130.308
117.044
103.78
90.5157
77.2512
63.9866
50.7221
37.4576
24.1934
10.9294
-2.33435
-15.5978
-28.861
-42.1238
-55.3863
-68.6485
-81.9104
-95.172
-108.433
-121.694
-134.955
-148.216
-161.476
-174.736
-187.996
-201.256
-214.516
-227.776
-241.035
-254.295
-267.555
-280.815
-294.075
-307.335
-320.596
-333.857
-347.118
-360.38
-373.642
-386.905
-400.168
-413.432
-426.696
-439.961
-453.226
-466.492
-479.758
-493.023
-506.289
-519.555
-532.821
-546.086
-559.35
-572.614
-585.877
-599.14
-612.402
-625.663
-638.925
-652.186
-665.449
-678.712
-691.978
-705.247
-718.52
-731.797
-745.079
-758.367
-771.661
-784.961
-798.267
-811.581
-824.896
488.378
475.086
461.796
448.51
435.23
421.955
408.685
395.42
382.159
368.902
355.648
342.396
329.146
315.896
302.646
289.396
276.145
262.894
249.64
236.386
223.13
209.873
196.614
183.355
170.094
156.832
143.569
130.306
117.042
103.778
90.514
77.2495
63.985
50.7205
37.4561
24.1919
10.928
-2.33574
-15.5992
-28.8623
-42.1251
-55.3876
-68.6498
-81.9117
-95.1733
-108.435
-121.696
-134.956
-148.217
-161.477
-174.738
-187.998
-201.258
-214.517
-227.777
-241.037
-254.296
-267.556
-280.816
-294.076
-307.337
-320.597
-333.858
-347.119
-360.381
-373.643
-386.906
-400.169
-413.433
-426.697
-439.962
-453.227
-466.492
-479.758
-493.024
-506.289
-519.555
-532.82
-546.085
-559.35
-572.613
-585.876
-599.139
-612.4
-625.662
-638.923
-652.184
-665.446
-678.71
-691.975
-705.244
-718.516
-731.793
-745.075
-758.363
-771.656
-784.957
-798.262
-811.577
-824.892
488.375
475.084
461.793
448.508
435.228
421.953
408.683
395.418
382.157
368.9
355.646
342.394
329.143
315.893
302.644
289.394
276.143
262.891
249.638
236.384
223.128
209.871
196.612
183.352
170.092
156.83
143.567
130.304
117.041
103.777
90.5122
77.2478
63.9833
50.7189
37.4546
24.1905
10.9265
-2.33714
-15.6005
-28.8636
-42.1264
-55.3889
-68.651
-81.9129
-95.1745
-108.436
-121.697
-134.958
-148.218
-161.479
-174.739
-187.999
-201.259
-214.519
-227.778
-241.038
-254.298
-267.558
-280.818
-294.078
-307.338
-320.598
-333.859
-347.121
-360.382
-373.644
-386.907
-400.17
-413.434
-426.698
-439.962
-453.227
-466.493
-479.758
-493.024
-506.289
-519.555
-532.82
-546.085
-559.349
-572.612
-585.875
-599.137
-612.399
-625.66
-638.921
-652.182
-665.444
-678.707
-691.972
-705.241
-718.513
-731.789
-745.07
-758.358
-771.651
-784.952
-798.257
-811.572
-824.887
488.372
475.081
461.79
448.505
435.225
421.95
408.68
395.415
382.154
368.897
355.643
342.391
329.141
315.891
302.641
289.391
276.141
262.889
249.636
236.381
223.125
209.868
196.61
183.35
170.089
156.828
143.565
130.302
117.039
103.775
90.5104
77.2461
63.9817
50.7173
37.4531
24.189
10.9251
-2.33852
-15.6019
-28.8649
-42.1277
-55.3901
-68.6523
-81.9141
-95.1757
-108.437
-121.698
-134.959
-148.219
-161.48
-174.74
-188
-201.26
-214.52
-227.78
-241.039
-254.299
-267.559
-280.819
-294.079
-307.339
-320.6
-333.861
-347.122
-360.383
-373.646
-386.908
-400.171
-413.435
-426.699
-439.963
-453.228
-466.493
-479.758
-493.024
-506.289
-519.555
-532.82
-546.084
-559.348
-572.612
-585.874
-599.136
-612.397
-625.658
-638.919
-652.18
-665.441
-678.704
-691.969
-705.237
-718.509
-731.785
-745.066
-758.353
-771.646
-784.946
-798.252
-811.567
-824.882
488.369
475.078
461.787
448.502
435.222
421.947
408.678
395.413
382.152
368.895
355.641
342.389
329.138
315.889
302.639
289.389
276.138
262.886
249.633
236.379
223.123
209.866
196.607
183.348
170.087
156.826
143.563
130.3
117.037
103.773
90.5086
77.2443
63.98
50.7157
37.4515
24.1875
10.9237
-2.3399
-15.6032
-28.8662
-42.1289
-55.3914
-68.6535
-81.9153
-95.1769
-108.438
-121.699
-134.96
-148.221
-161.481
-174.741
-188.001
-201.261
-214.521
-227.781
-241.041
-254.3
-267.56
-280.82
-294.08
-307.34
-320.601
-333.862
-347.123
-360.385
-373.647
-386.909
-400.172
-413.436
-426.7
-439.964
-453.229
-466.494
-479.759
-493.024
-506.29
-519.555
-532.82
-546.084
-559.348
-572.611
-585.873
-599.135
-612.396
-625.657
-638.917
-652.178
-665.439
-678.702
-691.966
-705.234
-718.505
-731.781
-745.061
-758.348
-771.641
-784.94
-798.246
-811.561
-824.876
488.366
475.075
461.784
448.499
435.22
421.945
408.675
395.41
382.15
368.893
355.638
342.387
329.136
315.886
302.637
289.387
276.136
262.884
249.631
236.376
223.121
209.864
196.605
183.346
170.085
156.823
143.561
130.298
117.035
103.771
90.5068
77.2426
63.9783
50.7141
37.45
24.186
10.9222
-2.34127
-15.6045
-28.8675
-42.1302
-55.3926
-68.6547
-81.9165
-95.178
-108.439
-121.7
-134.961
-148.222
-161.482
-174.742
-188.002
-201.262
-214.522
-227.782
-241.042
-254.302
-267.561
-280.821
-294.081
-307.342
-320.602
-333.863
-347.124
-360.386
-373.648
-386.91
-400.173
-413.437
-426.701
-439.965
-453.229
-466.494
-479.76
-493.025
-506.29
-519.555
-532.82
-546.084
-559.347
-572.61
-585.873
-599.134
-612.395
-625.655
-638.915
-652.176
-665.437
-678.699
-691.963
-705.23
-718.501
-731.776
-745.056
-758.343
-771.635
-784.934
-798.24
-811.555
-824.87
488.363
475.072
461.781
448.497
435.217
421.942
408.673
395.408
382.147
368.89
355.636
342.384
329.134
315.884
302.634
289.384
276.133
262.882
249.629
236.374
223.118
209.861
196.603
183.343
170.083
156.821
143.559
130.296
117.033
103.769
90.505
77.2408
63.9766
50.7125
37.4484
24.1845
10.9208
-2.34262
-15.6058
-28.8687
-42.1314
-55.3937
-68.6558
-81.9176
-95.1791
-108.44
-121.701
-134.962
-148.223
-161.483
-174.743
-188.004
-201.264
-214.523
-227.783
-241.043
-254.303
-267.563
-280.823
-294.083
-307.343
-320.604
-333.865
-347.126
-360.387
-373.649
-386.912
-400.175
-413.438
-426.702
-439.966
-453.23
-466.495
-479.76
-493.025
-506.29
-519.555
-532.82
-546.084
-559.347
-572.61
-585.872
-599.133
-612.394
-625.654
-638.914
-652.174
-665.434
-678.696
-691.96
-705.227
-718.497
-731.772
-745.051
-758.337
-771.629
-784.928
-798.233
-811.549
-824.864
488.359
475.069
461.778
448.494
435.214
421.94
408.67
395.405
382.145
368.888
355.634
342.382
329.132
315.882
302.632
289.382
276.131
262.879
249.626
236.372
223.116
209.859
196.601
183.341
170.08
156.819
143.557
130.294
117.031
103.767
90.5031
77.2391
63.9749
50.7109
37.4469
24.1831
10.9194
-2.34395
-15.6071
-28.87
-42.1326
-55.3949
-68.6569
-81.9187
-95.1802
-108.441
-121.702
-134.963
-148.224
-161.484
-174.744
-188.005
-201.265
-214.524
-227.784
-241.044
-254.304
-267.564
-280.824
-294.084
-307.344
-320.605
-333.866
-347.127
-360.389
-373.651
-386.913
-400.176
-413.439
-426.703
-439.967
-453.231
-466.496
-479.761
-493.026
-506.291
-519.555
-532.82
-546.084
-559.347
-572.609
-585.871
-599.132
-612.392
-625.652
-638.912
-652.171
-665.432
-678.693
-691.957
-705.223
-718.493
-731.767
-745.046
-758.331
-771.623
-784.922
-798.226
-811.542
-824.856
488.355
475.066
461.776
448.491
435.212
421.937
408.668
395.403
382.143
368.886
355.632
342.38
329.129
315.88
302.63
289.38
276.129
262.877
249.624
236.369
223.114
209.856
196.598
183.339
170.078
156.817
143.555
130.292
117.029
103.765
90.5013
77.2373
63.9733
50.7093
37.4454
24.1816
10.9181
-2.34525
-15.6083
-28.8711
-42.1337
-55.3959
-68.6579
-81.9197
-95.1811
-108.442
-121.703
-134.964
-148.225
-161.485
-174.745
-188.006
-201.266
-214.526
-227.785
-241.045
-254.305
-267.565
-280.825
-294.085
-307.346
-320.606
-333.867
-347.128
-360.39
-373.652
-386.914
-400.177
-413.441
-426.704
-439.968
-453.233
-466.497
-479.762
-493.027
-506.291
-519.556
-532.82
-546.084
-559.347
-572.609
-585.87
-599.131
-612.391
-625.651
-638.91
-652.169
-665.429
-678.691
-691.954
-705.219
-718.488
-731.762
-745.041
-758.325
-771.616
-784.915
-798.219
-811.535
-824.849
488.351
475.063
461.773
448.488
435.209
421.935
408.665
395.401
382.14
368.884
355.63
342.378
329.127
315.877
302.628
289.377
276.127
262.875
249.621
236.367
223.111
209.854
196.596
183.336
170.076
156.815
143.552
130.29
117.027
103.763
90.4994
77.2355
63.9716
50.7077
37.4439
24.1802
10.9167
-2.34651
-15.6095
-28.8723
-42.1348
-55.397
-68.6589
-81.9206
-95.1821
-108.443
-121.704
-134.965
-148.226
-161.486
-174.746
-188.007
-201.267
-214.527
-227.786
-241.046
-254.306
-267.566
-280.826
-294.087
-307.347
-320.608
-333.869
-347.13
-360.391
-373.653
-386.916
-400.179
-413.442
-426.706
-439.969
-453.234
-466.498
-479.763
-493.027
-506.292
-519.556
-532.82
-546.084
-559.347
-572.609
-585.87
-599.13
-612.39
-625.649
-638.908
-652.167
-665.427
-678.688
-691.95
-705.215
-718.484
-731.757
-745.035
-758.319
-771.609
-784.908
-798.212
-811.527
-824.84
488.347
475.06
461.77
448.486
435.207
421.932
408.663
395.399
382.138
368.881
355.627
342.376
329.125
315.875
302.625
289.375
276.124
262.872
249.619
236.365
223.109
209.852
196.593
183.334
170.074
156.812
143.55
130.288
117.025
103.761
90.4976
77.2338
63.9699
50.7061
37.4424
24.1788
10.9154
-2.34773
-15.6107
-28.8733
-42.1358
-55.3979
-68.6598
-81.9215
-95.1829
-108.444
-121.705
-134.966
-148.226
-161.487
-174.747
-188.007
-201.267
-214.527
-227.787
-241.047
-254.307
-267.567
-280.828
-294.088
-307.348
-320.609
-333.87
-347.131
-360.393
-373.655
-386.917
-400.18
-413.443
-426.707
-439.971
-453.235
-466.499
-479.764
-493.028
-506.293
-519.557
-532.821
-546.084
-559.347
-572.608
-585.87
-599.13
-612.389
-625.648
-638.907
-652.166
-665.425
-678.685
-691.947
-705.212
-718.48
-731.752
-745.03
-758.313
-771.603
-784.901
-798.204
-811.52
-824.832
488.343
475.057
461.767
448.483
435.204
421.93
408.661
395.396
382.136
368.879
355.626
342.374
329.123
315.873
302.623
289.373
276.122
262.87
249.617
236.362
223.107
209.849
196.591
183.332
170.071
156.81
143.548
130.286
117.023
103.759
90.4957
77.2321
63.9683
50.7046
37.441
24.1775
10.9142
-2.34889
-15.6117
-28.8744
-42.1367
-55.3988
-68.6607
-81.9223
-95.1837
-108.445
-121.706
-134.967
-148.227
-161.488
-174.748
-188.008
-201.268
-214.528
-227.788
-241.048
-254.308
-267.568
-280.829
-294.089
-307.35
-320.61
-333.871
-347.133
-360.394
-373.657
-386.919
-400.182
-413.445
-426.709
-439.972
-453.236
-466.501
-479.765
-493.03
-506.294
-519.558
-532.821
-546.084
-559.347
-572.608
-585.869
-599.129
-612.388
-625.647
-638.905
-652.164
-665.422
-678.682
-691.944
-705.208
-718.476
-731.747
-745.024
-758.307
-771.596
-784.893
-798.196
-811.512
-824.823
488.339
475.055
461.765
448.481
435.202
421.928
408.659
395.395
382.134
368.878
355.624
342.372
329.121
315.871
302.621
289.371
276.12
262.868
249.615
236.36
223.104
209.847
196.589
183.33
170.069
156.808
143.546
130.284
117.021
103.757
90.494
77.2304
63.9667
50.7031
37.4396
24.1762
10.913
-2.34998
-15.6127
-28.8753
-42.1376
-55.3996
-68.6614
-81.923
-95.1843
-108.445
-121.706
-134.967
-148.228
-161.488
-174.749
-188.009
-201.269
-214.529
-227.789
-241.049
-254.309
-267.569
-280.83
-294.09
-307.351
-320.612
-333.873
-347.134
-360.396
-373.658
-386.921
-400.183
-413.447
-426.71
-439.974
-453.238
-466.502
-479.767
-493.031
-506.295
-519.559
-532.822
-546.085
-559.347
-572.609
-585.869
-599.129
-612.388
-625.646
-638.904
-652.162
-665.42
-678.68
-691.941
-705.204
-718.471
-731.742
-745.018
-758.301
-771.589
-784.886
-798.188
-811.504
-824.814
488.335
475.052
461.762
448.479
435.2
421.926
408.657
395.393
382.132
368.876
355.622
342.37
329.119
315.869
302.619
289.369
276.118
262.866
249.613
236.358
223.102
209.845
196.587
183.327
170.067
156.806
143.544
130.282
117.019
103.756
90.4923
77.2288
63.9652
50.7017
37.4383
24.175
10.9119
-2.35098
-15.6137
-28.8761
-42.1383
-55.4003
-68.6621
-81.9236
-95.1849
-108.446
-121.707
-134.968
-148.228
-161.489
-174.749
-188.009
-201.27
-214.53
-227.79
-241.05
-254.31
-267.57
-280.831
-294.091
-307.352
-320.613
-333.874
-347.136
-360.398
-373.66
-386.922
-400.185
-413.448
-426.712
-439.976
-453.24
-466.504
-479.768
-493.032
-506.296
-519.56
-532.823
-546.086
-559.348
-572.609
-585.869
-599.129
-612.387
-625.645
-638.903
-652.16
-665.418
-678.677
-691.938
-705.201
-718.467
-731.738
-745.013
-758.294
-771.582
-784.878
-798.18
-811.496
-824.805
488.331
475.05
461.76
448.477
435.198
421.924
408.655
395.391
382.131
368.874
355.62
342.368
329.118
315.868
302.618
289.367
276.116
262.864
249.611
236.356
223.1
209.843
196.585
183.325
170.065
156.804
143.542
130.28
117.017
103.754
90.4906
77.2272
63.9638
50.7004
37.4371
24.1739
10.9109
-2.35188
-15.6145
-28.8768
-42.139
-55.4009
-68.6626
-81.9241
-95.1853
-108.446
-121.707
-134.968
-148.229
-161.489
-174.749
-188.01
-201.27
-214.53
-227.79
-241.051
-254.311
-267.571
-280.832
-294.092
-307.353
-320.614
-333.876
-347.137
-360.399
-373.662
-386.924
-400.187
-413.45
-426.714
-439.978
-453.242
-466.506
-479.77
-493.034
-506.298
-519.561
-532.824
-546.087
-559.349
-572.609
-585.869
-599.129
-612.387
-625.645
-638.902
-652.159
-665.417
-678.675
-691.935
-705.197
-718.463
-731.733
-745.007
-758.288
-771.575
-784.871
-798.172
-811.488
-824.797
488.328
475.048
461.758
448.475
435.197
421.923
408.654
395.39
382.13
368.873
355.619
342.367
329.116
315.866
302.616
289.366
276.114
262.862
249.609
236.354
223.098
209.841
196.583
183.323
170.063
156.802
143.54
130.278
117.015
103.752
90.4891
77.2259
63.9625
50.6992
37.436
24.173
10.9101
-2.35264
-15.6151
-28.8774
-42.1395
-55.4013
-68.663
-81.9244
-95.1856
-108.447
-121.708
-134.968
-148.229
-161.489
-174.75
-188.01
-201.27
-214.531
-227.791
-241.051
-254.312
-267.572
-280.833
-294.094
-307.354
-320.616
-333.877
-347.139
-360.401
-373.663
-386.926
-400.189
-413.452
-426.716
-439.98
-453.244
-466.508
-479.772
-493.036
-506.3
-519.563
-532.826
-546.088
-559.35
-572.61
-585.87
-599.129
-612.387
-625.644
-638.901
-652.158
-665.415
-678.673
-691.933
-705.194
-718.459
-731.728
-745.002
-758.282
-771.568
-784.864
-798.165
-811.481
-824.788
488.325
475.047
461.757
448.474
435.195
421.922
408.653
395.389
382.129
368.872
355.618
342.366
329.115
315.865
302.615
289.364
276.113
262.861
249.607
236.352
223.096
209.839
196.581
183.322
170.061
156.8
143.539
130.276
117.014
103.751
90.4878
77.2246
63.9614
50.6982
37.4351
24.1722
10.9094
-2.35323
-15.6156
-28.8778
-42.1398
-55.4016
-68.6632
-81.9245
-95.1857
-108.447
-121.708
-134.968
-148.229
-161.489
-174.75
-188.01
-201.271
-214.531
-227.791
-241.052
-254.312
-267.573
-280.834
-294.095
-307.356
-320.617
-333.879
-347.141
-360.403
-373.665
-386.928
-400.191
-413.455
-426.718
-439.982
-453.246
-466.51
-479.774
-493.038
-506.302
-519.565
-532.828
-546.09
-559.351
-572.612
-585.871
-599.13
-612.388
-625.645
-638.901
-652.158
-665.414
-678.672
-691.931
-705.192
-718.456
-731.724
-744.997
-758.276
-771.562
-784.857
-798.157
-811.474
-824.78
488.322
475.046
461.755
448.473
435.194
421.921
408.652
395.388
382.128
368.871
355.617
342.365
329.114
315.864
302.614
289.363
276.112
262.86
249.606
236.351
223.095
209.838
196.58
183.32
170.06
156.799
143.537
130.275
117.013
103.75
90.4868
77.2237
63.9605
50.6975
37.4345
24.1716
10.9089
-2.35358
-15.6159
-28.878
-42.1399
-55.4016
-68.6631
-81.9244
-95.1856
-108.447
-121.707
-134.968
-148.229
-161.489
-174.75
-188.01
-201.271
-214.531
-227.792
-241.052
-254.313
-267.574
-280.834
-294.096
-307.357
-320.618
-333.88
-347.142
-360.405
-373.667
-386.93
-400.194
-413.457
-426.721
-439.985
-453.249
-466.513
-479.777
-493.041
-506.305
-519.568
-532.83
-546.092
-559.353
-572.614
-585.873
-599.131
-612.389
-625.646
-638.902
-652.158
-665.414
-678.671
-691.929
-705.19
-718.453
-731.721
-744.993
-758.271
-771.556
-784.85
-798.15
-811.467
-824.773
488.32
475.045
461.755
448.473
435.194
421.921
408.652
395.388
382.128
368.872
355.617
342.365
329.115
315.864
302.614
289.363
276.112
262.859
249.606
236.351
223.094
209.837
196.579
183.319
170.059
156.798
143.536
130.274
117.012
103.749
90.4861
77.2231
63.9601
50.6971
37.4342
24.1714
10.9088
-2.35358
-15.6158
-28.8778
-42.1396
-55.4013
-68.6627
-81.924
-95.1851
-108.446
-121.707
-134.968
-148.228
-161.489
-174.749
-188.01
-201.27
-214.531
-227.792
-241.052
-254.313
-267.574
-280.835
-294.097
-307.358
-320.62
-333.882
-347.144
-360.407
-373.67
-386.933
-400.197
-413.46
-426.724
-439.988
-453.253
-466.517
-479.781
-493.045
-506.308
-519.571
-532.834
-546.096
-559.357
-572.617
-585.876
-599.134
-612.391
-625.648
-638.903
-652.159
-665.415
-678.671
-691.929
-705.189
-718.451
-731.718
-744.989
-758.267
-771.551
-784.845
-798.144
-811.461
-824.767
488.319
475.046
461.755
448.474
435.195
421.923
408.654
395.39
382.13
368.873
355.619
342.367
329.116
315.865
302.615
289.364
276.113
262.86
249.606
236.351
223.095
209.837
196.579
183.319
170.059
156.798
143.536
130.274
117.012
103.749
90.4861
77.2231
63.9602
50.6973
37.4345
24.1718
10.9093
-2.35302
-15.6152
-28.8771
-42.1388
-55.4004
-68.6618
-81.923
-95.1841
-108.445
-121.706
-134.967
-148.227
-161.488
-174.749
-188.009
-201.27
-214.531
-227.791
-241.052
-254.313
-267.575
-280.836
-294.098
-307.36
-320.622
-333.884
-347.147
-360.41
-373.673
-386.937
-400.201
-413.465
-426.729
-439.993
-453.257
-466.522
-479.786
-493.05
-506.313
-519.577
-532.839
-546.101
-559.362
-572.622
-585.881
-599.138
-612.395
-625.652
-638.907
-652.162
-665.417
-678.673
-691.93
-705.189
-718.451
-731.717
-744.987
-758.264
-771.547
-784.84
-798.139
-811.457
-824.761
488.319
475.049
461.757
448.477
435.199
421.926
408.658
395.394
382.134
368.877
355.623
342.371
329.12
315.869
302.618
289.367
276.116
262.863
249.609
236.353
223.097
209.839
196.581
183.321
170.06
156.799
143.538
130.275
117.013
103.75
90.4873
77.2244
63.9615
50.6986
37.4359
24.1733
10.9108
-2.3514
-15.6135
-28.8753
-42.137
-55.3985
-68.6599
-81.921
-95.1821
-108.443
-121.704
-134.965
-148.225
-161.486
-174.747
-188.008
-201.269
-214.53
-227.791
-241.052
-254.313
-267.575
-280.837
-294.099
-307.361
-320.624
-333.887
-347.15
-360.414
-373.678
-386.942
-400.206
-413.471
-426.735
-440
-453.265
-466.529
-479.794
-493.058
-506.322
-519.585
-532.848
-546.109
-559.371
-572.63
-585.889
-599.147
-612.404
-625.659
-638.914
-652.169
-665.424
-678.679
-691.935
-705.193
-718.454
-731.719
-744.988
-758.264
-771.545
-784.838
-798.135
-811.454
-824.757
488.322
475.055
461.764
448.485
435.207
421.935
408.667
395.403
382.143
368.886
355.632
342.38
329.129
315.878
302.627
289.376
276.124
262.87
249.616
236.36
223.103
209.845
196.586
183.326
170.066
156.804
143.542
130.28
117.017
103.754
90.4912
77.2282
63.9652
50.7024
37.4396
24.177
10.9146
-2.34761
-15.6096
-28.8714
-42.1331
-55.3945
-68.6558
-81.917
-95.178
-108.439
-121.7
-134.961
-148.222
-161.483
-174.744
-188.005
-201.266
-214.527
-227.789
-241.051
-254.313
-267.575
-280.838
-294.101
-307.364
-320.628
-333.892
-347.156
-360.42
-373.685
-386.95
-400.215
-413.481
-426.746
-440.012
-453.277
-466.543
-479.808
-493.072
-506.337
-519.6
-532.863
-546.125
-559.386
-572.647
-585.906
-599.164
-612.42
-625.676
-638.931
-652.185
-665.439
-678.693
-691.948
-705.205
-718.464
-731.727
-744.995
-758.268
-771.548
-784.84
-798.136
-811.456
-824.756
488.328
475.069
461.778
448.501
435.225
421.954
408.686
395.423
382.163
368.906
355.652
342.4
329.149
315.898
302.646
289.394
276.142
262.888
249.633
236.376
223.118
209.86
196.6
183.339
170.078
156.815
143.553
130.29
117.027
103.764
90.5003
77.237
63.9738
50.7107
37.4478
24.1852
10.9227
-2.33955
-15.6016
-28.8634
-42.125
-55.3864
-68.6477
-81.9089
-95.1699
-108.431
-121.692
-134.953
-148.214
-161.476
-174.737
-187.999
-201.261
-214.523
-227.785
-241.048
-254.312
-267.575
-280.839
-294.104
-307.369
-320.634
-333.9
-347.166
-360.432
-373.699
-386.966
-400.233
-413.5
-426.767
-440.034
-453.301
-466.568
-479.835
-493.101
-506.366
-519.631
-532.895
-546.158
-559.419
-572.68
-585.94
-599.198
-612.455
-625.71
-638.965
-652.218
-665.471
-678.724
-691.977
-705.231
-718.488
-731.748
-745.012
-758.283
-771.56
-784.85
-798.145
-811.467
-824.761
488.341
475.094
461.804
448.531
435.256
421.987
408.721
395.458
382.199
368.943
355.69
342.437
329.186
315.934
302.683
289.43
276.176
262.921
249.664
236.406
223.147
209.887
196.626
183.363
170.101
156.837
143.573
130.309
117.045
103.781
90.5171
77.2532
63.9895
50.726
37.4627
24.1998
10.9371
-2.32523
-15.5873
-28.8492
-42.1108
-55.3722
-68.6335
-81.8947
-95.1558
-108.417
-121.678
-134.94
-148.201
-161.463
-174.725
-187.988
-201.251
-214.515
-227.779
-241.044
-254.309
-267.575
-280.842
-294.109
-307.376
-320.645
-333.913
-347.183
-360.452
-373.722
-386.992
-400.262
-413.533
-426.803
-440.073
-453.343
-466.613
-479.882
-493.15
-506.418
-519.685
-532.951
-546.216
-559.479
-572.741
-586.001
-599.26
-612.517
-625.773
-639.027
-652.28
-665.531
-678.782
-692.032
-705.282
-718.534
-731.789
-745.048
-758.314
-771.586
-784.874
-798.165
-811.491
-824.774
488.357
475.125
461.838
448.57
435.298
422.032
408.768
395.507
382.25
368.995
355.742
342.49
329.238
315.986
302.733
289.479
276.223
262.966
249.708
236.448
223.187
209.924
196.661
183.396
170.132
156.866
143.601
130.335
117.07
103.804
90.5391
77.2743
64.0098
50.7456
37.4819
24.2185
10.9556
-2.30695
-15.5691
-28.831
-42.0927
-55.3541
-68.6153
-81.8765
-95.1378
-108.399
-121.661
-134.922
-148.185
-161.447
-174.711
-187.975
-201.239
-214.505
-227.771
-241.038
-254.306
-267.575
-280.844
-294.115
-307.386
-320.658
-333.931
-347.204
-360.478
-373.752
-387.027
-400.301
-413.576
-426.851
-440.125
-453.399
-466.672
-479.945
-493.216
-506.487
-519.757
-533.025
-546.293
-559.558
-572.822
-586.084
-599.344
-612.602
-625.858
-639.112
-652.363
-665.613
-678.861
-692.107
-705.353
-718.599
-731.847
-745.099
-758.359
-771.625
-784.909
-798.196
-811.524
-824.79
488.364
475.144
461.86
448.598
435.329
422.067
408.805
395.547
382.291
369.037
355.785
342.533
329.281
316.028
302.774
289.519
276.262
263.003
249.743
236.481
223.218
209.953
196.688
183.421
170.155
156.888
143.621
130.354
117.087
103.821
90.5544
77.2888
64.0236
50.7589
37.4948
24.2312
10.9681
-2.29455
-15.5568
-28.8186
-42.0802
-55.3415
-68.6027
-81.8639
-95.1252
-108.387
-121.648
-134.91
-148.173
-161.436
-174.7
-187.965
-201.231
-214.497
-227.765
-241.034
-254.304
-267.575
-280.847
-294.12
-307.394
-320.669
-333.945
-347.221
-360.498
-373.776
-387.054
-400.332
-413.61
-426.887
-440.165
-453.442
-466.718
-479.993
-493.268
-506.541
-519.813
-533.083
-546.352
-559.62
-572.885
-586.149
-599.41
-612.668
-625.925
-639.178
-652.43
-665.678
-678.924
-692.168
-705.411
-718.653
-731.897
-745.144
-758.398
-771.659
-784.938
-798.218
-811.543
-824.79
488.357
475.143
461.86
448.602
435.337
422.077
408.818
395.562
382.307
369.054
355.802
342.551
329.298
316.045
302.79
289.534
276.276
263.016
249.755
236.492
223.227
209.962
196.695
183.428
170.161
156.893
143.625
130.357
117.09
103.823
90.5564
77.2904
64.025
50.7602
37.496
24.2324
10.9693
-2.29325
-15.5554
-28.8171
-42.0785
-55.3397
-68.6008
-81.8618
-95.123
-108.384
-121.646
-134.908
-148.171
-161.434
-174.698
-187.963
-201.229
-214.496
-227.764
-241.033
-254.304
-267.575
-280.848
-294.122
-307.396
-320.672
-333.949
-347.226
-360.504
-373.783
-387.062
-400.34
-413.619
-426.898
-440.177
-453.455
-466.732
-480.008
-493.283
-506.558
-519.83
-533.102
-546.371
-559.639
-572.905
-586.169
-599.43
-612.69
-625.946
-639.2
-652.452
-665.7
-678.946
-692.19
-705.432
-718.674
-731.917
-745.163
-758.415
-771.672
-784.945
-798.218
-811.535
-824.768
488.345
475.133
461.851
448.596
435.334
422.077
408.82
395.565
382.312
369.06
355.808
342.556
329.304
316.05
302.795
289.538
276.279
263.019
249.757
236.493
223.228
209.961
196.694
183.427
170.158
156.89
143.622
130.354
117.086
103.819
90.5525
77.2865
64.021
50.7563
37.4921
24.2286
10.9657
-2.29672
-15.5587
-28.8202
-42.0815
-55.3425
-68.6034
-81.8643
-95.1252
-108.386
-121.648
-134.91
-148.172
-161.435
-174.699
-187.964
-201.23
-214.497
-227.764
-241.033
-254.303
-267.575
-280.847
-294.121
-307.395
-320.671
-333.947
-347.225
-360.503
-373.781
-387.06
-400.339
-413.618
-426.896
-440.175
-453.453
-466.73
-480.006
-493.282
-506.556
-519.829
-533.1
-546.37
-559.638
-572.904
-586.168
-599.429
-612.689
-625.946
-639.2
-652.452
-665.701
-678.948
-692.193
-705.436
-718.678
-731.922
-745.167
-758.418
-771.672
-784.94
-798.206
-811.515
-824.74
488.335
475.123
461.843
448.591
435.331
422.077
408.822
395.569
382.317
369.065
355.814
342.562
329.31
316.055
302.8
289.542
276.283
263.021
249.758
236.494
223.228
209.961
196.693
183.425
170.157
156.888
143.619
130.351
117.083
103.816
90.5488
77.2826
64.0172
50.7525
37.4884
24.225
10.9622
-2.30006
-15.5618
-28.8232
-42.0843
-55.3451
-68.6059
-81.8666
-95.1274
-108.388
-121.65
-134.911
-148.174
-161.437
-174.7
-187.965
-201.23
-214.497
-227.765
-241.033
-254.303
-267.574
-280.846
-294.12
-307.394
-320.67
-333.946
-347.223
-360.501
-373.779
-387.058
-400.337
-413.616
-426.894
-440.173
-453.451
-466.728
-480.005
-493.28
-506.554
-519.827
-533.099
-546.369
-559.637
-572.903
-586.167
-599.429
-612.688
-625.946
-639.201
-652.453
-665.703
-678.951
-692.196
-705.44
-718.683
-731.927
-745.171
-758.42
-771.671
-784.935
-798.194
-811.496
-824.715
488.326
475.114
461.836
448.587
435.33
422.078
408.826
395.574
382.323
369.073
355.822
342.57
329.317
316.062
302.806
289.548
276.287
263.025
249.761
236.496
223.23
209.962
196.694
183.425
170.155
156.886
143.617
130.348
117.08
103.813
90.5456
77.2794
64.0139
50.7492
37.4852
24.2219
10.9592
-2.3029
-15.5645
-28.8257
-42.0866
-55.3473
-68.6078
-81.8684
-95.129
-108.39
-121.651
-134.913
-148.175
-161.437
-174.701
-187.965
-201.231
-214.497
-227.764
-241.033
-254.303
-267.574
-280.846
-294.119
-307.393
-320.669
-333.945
-347.222
-360.5
-373.778
-387.057
-400.336
-413.615
-426.894
-440.173
-453.451
-466.728
-480.005
-493.28
-506.555
-519.828
-533.099
-546.369
-559.638
-572.904
-586.168
-599.43
-612.691
-625.948
-639.204
-652.457
-665.707
-678.956
-692.202
-705.447
-718.69
-731.933
-745.177
-758.424
-771.672
-784.93
-798.183
-811.478
-824.692
488.318
475.107
461.83
448.584
435.33
422.081
408.83
395.581
382.331
369.081
355.83
342.578
329.325
316.07
302.813
289.554
276.293
263.03
249.765
236.499
223.231
209.963
196.694
183.424
170.154
156.885
143.615
130.346
117.078
103.81
90.5426
77.2763
64.0108
50.746
37.4821
24.2189
10.9563
-2.30563
-15.5671
-28.8281
-42.0888
-55.3493
-68.6097
-81.87
-95.1305
-108.391
-121.652
-134.914
-148.176
-161.438
-174.701
-187.966
-201.231
-214.497
-227.764
-241.033
-254.302
-267.573
-280.845
-294.118
-307.392
-320.668
-333.944
-347.221
-360.499
-373.777
-387.056
-400.335
-413.615
-426.894
-440.172
-453.451
-466.728
-480.005
-493.281
-506.556
-519.829
-533.101
-546.371
-559.639
-572.906
-586.17
-599.433
-612.693
-625.951
-639.207
-652.461
-665.712
-678.962
-692.209
-705.454
-718.697
-731.941
-745.185
-758.43
-771.674
-784.927
-798.174
-811.461
-824.672
488.312
475.099
461.825
448.581
435.331
422.084
408.836
395.588
382.339
369.09
355.839
342.587
329.333
316.078
302.82
289.56
276.298
263.034
249.768
236.501
223.233
209.964
196.694
183.424
170.153
156.883
143.613
130.344
117.075
103.807
90.5395
77.2731
64.0075
50.7428
37.4789
24.2158
10.9534
-2.3084
-15.5697
-28.8305
-42.091
-55.3513
-68.6115
-81.8717
-95.132
-108.392
-121.653
-134.915
-148.176
-161.439
-174.702
-187.966
-201.231
-214.497
-227.764
-241.032
-254.302
-267.572
-280.844
-294.117
-307.392
-320.667
-333.943
-347.22
-360.498
-373.777
-387.056
-400.335
-413.614
-426.893
-440.172
-453.451
-466.729
-480.006
-493.282
-506.556
-519.83
-533.102
-546.372
-559.641
-572.908
-586.172
-599.435
-612.696
-625.955
-639.211
-652.466
-665.718
-678.968
-692.216
-705.462
-718.706
-731.95
-745.192
-758.435
-771.676
-784.924
-798.165
-811.445
-824.653
488.306
475.092
461.82
448.58
435.332
422.088
408.841
395.595
382.347
369.099
355.848
342.596
329.342
316.085
302.827
289.566
276.303
263.038
249.772
236.504
223.235
209.965
196.694
183.423
170.152
156.882
143.611
130.341
117.072
103.804
90.5363
77.2698
64.0042
50.7395
37.4757
24.2127
10.9504
-2.31123
-15.5723
-28.833
-42.0933
-55.3534
-68.6134
-81.8734
-95.1335
-108.394
-121.654
-134.916
-148.177
-161.439
-174.702
-187.966
-201.231
-214.497
-227.764
-241.032
-254.301
-267.572
-280.843
-294.116
-307.391
-320.666
-333.942
-347.219
-360.497
-373.776
-387.055
-400.334
-413.614
-426.893
-440.172
-453.451
-466.729
-480.006
-493.282
-506.557
-519.831
-533.103
-546.373
-559.642
-572.909
-586.174
-599.438
-612.699
-625.958
-639.215
-652.47
-665.723
-678.974
-692.223
-705.47
-718.714
-731.959
-745.201
-758.442
-771.679
-784.921
-798.157
-811.429
-824.637
488.302
475.085
461.816
448.578
435.334
422.092
408.847
395.602
382.356
369.108
355.857
342.605
329.35
316.093
302.833
289.572
276.308
263.042
249.775
236.506
223.236
209.965
196.694
183.423
170.151
156.88
143.609
130.339
117.069
103.801
90.533
77.2664
64.0008
50.7361
37.4724
24.2095
10.9473
-2.31413
-15.575
-28.8355
-42.0956
-55.3555
-68.6153
-81.8751
-95.1351
-108.395
-121.656
-134.917
-148.178
-161.44
-174.703
-187.967
-201.231
-214.497
-227.764
-241.031
-254.301
-267.571
-280.843
-294.115
-307.389
-320.665
-333.941
-347.218
-360.496
-373.775
-387.054
-400.333
-413.613
-426.892
-440.172
-453.45
-466.729
-480.006
-493.282
-506.557
-519.831
-533.103
-546.374
-559.643
-572.91
-586.176
-599.44
-612.701
-625.961
-639.219
-652.474
-665.728
-678.98
-692.231
-705.479
-718.723
-731.968
-745.209
-758.448
-771.683
-784.919
-798.149
-811.414
-824.621
488.297
475.078
461.814
448.578
435.336
422.097
408.854
395.611
382.365
369.118
355.867
342.614
329.359
316.101
302.841
289.578
276.313
263.047
249.778
236.509
223.238
209.966
196.694
183.422
170.15
156.878
143.607
130.336
117.066
103.798
90.5298
77.2631
63.9974
50.7328
37.4691
24.2064
10.9444
-2.31692
-15.5776
-28.8379
-42.0978
-55.3575
-68.6171
-81.8767
-95.1365
-108.396
-121.657
-134.917
-148.179
-161.441
-174.703
-187.967
-201.231
-214.497
-227.763
-241.031
-254.3
-267.57
-280.842
-294.114
-307.388
-320.664
-333.94
-347.217
-360.495
-373.774
-387.053
-400.333
-413.612
-426.892
-440.172
-453.451
-466.729
-480.006
-493.283
-506.558
-519.832
-533.105
-546.376
-559.645
-572.913
-586.178
-599.442
-612.704
-625.965
-639.223
-652.48
-665.734
-678.988
-692.239
-705.488
-718.733
-731.978
-745.219
-758.456
-771.688
-784.918
-798.142
-811.399
-824.607
488.295
475.073
461.813
448.58
435.342
422.105
408.865
395.623
382.379
369.132
355.881
342.628
329.372
316.114
302.852
289.588
276.323
263.055
249.785
236.514
223.243
209.97
196.697
183.424
170.151
156.878
143.606
130.335
117.065
103.796
90.5276
77.2607
63.995
50.7303
37.4667
24.204
10.9421
-2.31898
-15.5795
-28.8395
-42.0992
-55.3587
-68.6181
-81.8774
-95.1369
-108.397
-121.657
-134.917
-148.178
-161.44
-174.703
-187.966
-201.23
-214.496
-227.762
-241.03
-254.299
-267.569
-280.84
-294.113
-307.387
-320.663
-333.939
-347.217
-360.495
-373.774
-387.054
-400.334
-413.614
-426.895
-440.175
-453.454
-466.733
-480.011
-493.288
-506.564
-519.838
-533.111
-546.382
-559.652
-572.92
-586.186
-599.45
-612.713
-625.974
-639.233
-652.49
-665.746
-679
-692.251
-705.502
-718.747
-731.993
-745.234
-758.469
-771.697
-784.92
-798.139
-811.385
-824.595
488.294
475.069
461.815
448.585
435.351
422.117
408.879
395.639
382.396
369.15
355.9
342.647
329.39
316.13
302.868
289.603
276.336
263.067
249.796
236.524
223.251
209.977
196.702
183.428
170.154
156.88
143.608
130.336
117.065
103.795
90.5265
77.2593
63.9933
50.7286
37.4649
24.2023
10.9406
-2.32032
-15.5806
-28.8404
-42.0999
-55.3591
-68.6181
-81.8773
-95.1365
-108.396
-121.656
-134.916
-148.177
-161.439
-174.701
-187.964
-201.228
-214.494
-227.76
-241.028
-254.297
-267.567
-280.839
-294.112
-307.387
-320.663
-333.94
-347.218
-360.497
-373.777
-387.057
-400.338
-413.619
-426.9
-440.181
-453.461
-466.741
-480.019
-493.297
-506.574
-519.849
-533.122
-546.394
-559.664
-572.933
-586.199
-599.464
-612.727
-625.989
-639.249
-652.507
-665.763
-679.019
-692.27
-705.524
-718.769
-732.015
-745.255
-758.487
-771.712
-784.926
-798.139
-811.374
-824.585
488.291
475.06
461.809
448.58
435.347
422.113
408.875
395.634
382.391
369.144
355.893
342.638
329.381
316.121
302.857
289.592
276.324
263.055
249.784
236.512
223.238
209.965
196.691
183.417
170.143
156.87
143.597
130.326
117.055
103.786
90.5177
77.2509
63.9853
50.7208
37.4575
24.1952
10.9337
-2.32699
-15.5871
-28.8467
-42.106
-55.3651
-68.6241
-81.883
-95.1422
-108.402
-121.661
-134.921
-148.182
-161.443
-174.705
-187.968
-201.232
-214.497
-227.763
-241.03
-254.298
-267.568
-280.838
-294.111
-307.384
-320.659
-333.935
-347.212
-360.49
-373.768
-387.048
-400.327
-413.607
-426.887
-440.167
-453.446
-466.725
-480.002
-493.279
-506.555
-519.829
-533.102
-546.373
-559.643
-572.911
-586.178
-599.443
-612.706
-625.968
-639.229
-652.488
-665.746
-679.004
-692.262
-705.52
-718.764
-732.009
-745.248
-758.481
-771.708
-784.925
-798.127
-811.354
-824.571
488.272
475.024
461.771
448.527
435.284
422.039
408.788
395.538
382.287
369.033
355.777
342.52
329.26
316
302.737
289.474
276.21
262.944
249.678
236.411
223.144
209.877
196.609
183.342
170.074
156.807
143.54
130.274
117.009
103.744
90.4793
77.2156
63.9526
50.6902
37.4284
24.1671
10.9063
-2.3542
-15.6143
-28.8742
-42.134
-55.3936
-68.6531
-81.9127
-95.1723
-108.432
-121.692
-134.952
-148.213
-161.473
-174.734
-187.996
-201.258
-214.52
-227.783
-241.047
-254.311
-267.576
-280.842
-294.108
-307.375
-320.643
-333.911
-347.18
-360.449
-373.719
-386.989
-400.259
-413.529
-426.8
-440.07
-453.34
-466.61
-479.879
-493.148
-506.416
-519.683
-532.95
-546.216
-559.482
-572.746
-586.01
-599.273
-612.535
-625.797
-639.058
-652.318
-665.578
-678.839
-692.1
-705.362
-718.625
-731.87
-745.116
-758.362
-771.61
-784.836
-798.063
-811.302
-824.542
-0.000771916
-0.000637317
-0.000539298
-0.000459705
-0.000396948
-0.000360581
-0.000308784
-0.000276821
-0.000251098
-0.000230253
-0.000213226
-0.000199199
-0.000187614
-0.000178056
-0.000170266
-0.000164086
-0.000159458
-0.000156375
-0.000154848
-0.000154873
-0.000156403
-0.000159338
-0.000163525
-0.000168772
-0.000174853
-0.000181543
-0.000188604
-0.000195823
-0.000202993
-0.000209941
-0.000216516
-0.000222606
-0.000228117
-0.000233007
-0.000237232
-0.000240785
-0.000243632
-0.000245764
-0.000247132
-0.00024767
-0.000247237
-0.000245667
-0.000242735
-0.000238186
-0.00023165
-0.000222738
-0.00021098
-0.000195858
-0.000176859
-0.000153485
-0.000125438
-9.24826e-05
-5.45522e-05
-1.17583e-05
3.55926e-05
8.69791e-05
0.000141679
0.00019878
0.00025722
0.00031582
0.00037334
0.000428528
0.000480175
0.000527177
0.000568614
0.000603403
0.000631867
0.000652777
0.000665348
0.000670623
0.000668277
0.000658723
0.000642562
0.000620559
0.00059364
0.00056285
0.000529323
0.000494229
0.00045875
0.000424035
0.000391176
0.000361172
0.000334908
0.000313137
0.000296478
0.000285396
0.000280234
0.000281216
0.000288545
0.0003029
0.000324839
0.000342699
0.00038465
0.000441234
0.00049591
0.000535635
0.000597357
0.00069149
0.000799774
0.000943151
-0.000798137
-0.000662107
-0.000558839
-0.000476617
-0.000411187
-0.000360273
-0.000319642
-0.000286388
-0.000259563
-0.000237846
-0.000220073
-0.000205413
-0.000193298
-0.000183301
-0.000175144
-0.000168656
-0.000163767
-0.000160459
-0.000158734
-0.00015858
-0.00015994
-0.000162713
-0.000166737
-0.000171819
-0.000177733
-0.000184252
-0.000191139
-0.00019818
-0.00020517
-0.000211938
-0.000218334
-0.000224246
-0.000229583
-0.000234301
-0.00023836
-0.000241752
-0.000244443
-0.00024642
-0.000247614
-0.000247954
-0.000247301
-0.00024549
-0.000242281
-0.000237402
-0.000230479
-0.000221105
-0.000208798
-0.000192994
-0.000173368
-0.000149357
-0.000120614
-8.69334e-05
-4.82673e-05
-4.74775e-06
4.32957e-05
9.53187e-05
0.000150577
0.00020814
0.000266929
0.000325756
0.000383381
0.000438553
0.000490088
0.000536906
0.000578054
0.000612725
0.000640292
0.000660727
0.000672042
0.000676038
0.000672769
0.000662493
0.000645746
0.000623279
0.000596014
0.000564988
0.000531331
0.000496206
0.000460783
0.000426202
0.000393545
0.0003638
0.000337842
0.000316414
0.000300126
0.000289441
0.000284702
0.000286142
0.000293982
0.000308654
0.000330448
0.000356152
0.000390231
0.000432455
0.000483178
0.00054507
0.000617182
0.000711425
0.000824035
0.00097202
-0.00079555
-0.000662035
-0.00055924
-0.000476832
-0.000411343
-0.000359458
-0.000318162
-0.000286191
-0.000259965
-0.000238551
-0.000221005
-0.000206531
-0.000194557
-0.000184659
-0.000176565
-0.00017011
-0.000165227
-0.000161904
-0.000160147
-0.000159949
-0.000161257
-0.00016397
-0.00016793
-0.000172946
-0.000178792
-0.000185242
-0.000192062
-0.000199036
-0.000205961
-0.000212667
-0.000219002
-0.000224856
-0.000230137
-0.000234802
-0.000238809
-0.00024215
-0.000244789
-0.000246716
-0.000247881
-0.000248212
-0.000247565
-0.000245771
-0.000242605
-0.000237805
-0.000231002
-0.000221803
-0.000209737
-0.000194284
-0.000174934
-0.000151189
-0.000122764
-8.94295e-05
-5.11274e-05
-7.97975e-06
3.96956e-05
9.13664e-05
0.0001463
0.000203575
0.000262121
0.000320755
0.000378236
0.000433312
0.00048478
0.000531543
0.000572683
0.000607125
0.000635257
0.000655788
0.000668022
0.000672978
0.000670332
0.000660519
0.000644154
0.000622013
0.000595032
0.000564258
0.000530828
0.00049591
0.000460681
0.000426279
0.000393791
0.000364202
0.000338388
0.000317087
0.00030091
0.00029032
0.000285668
0.000287197
0.00029516
0.000309949
0.000331819
0.000358539
0.000392571
0.000434231
0.000485228
0.000547872
0.000620457
0.000714468
0.000826063
0.000970411
-0.00079344
-0.000663196
-0.000561454
-0.000479974
-0.00041515
-0.000363811
-0.000323615
-0.000290756
-0.000264255
-0.000242707
-0.000225011
-0.000210372
-0.000198223
-0.000188145
-0.000179865
-0.000173224
-0.000168156
-0.00016465
-0.000162713
-0.000162336
-0.000163468
-0.000166006
-0.000169795
-0.000174641
-0.000180323
-0.000186613
-0.000193279
-0.000200108
-0.000206896
-0.000213472
-0.000219688
-0.000225432
-0.000230612
-0.000235185
-0.000239107
-0.000242372
-0.000244939
-0.000246802
-0.0002479
-0.000248158
-0.000247431
-0.000245555
-0.000242273
-0.000237345
-0.000230383
-0.000220987
-0.000208676
-0.000192936
-0.000173277
-0.000149288
-0.000120583
-8.69614e-05
-4.83661e-05
-4.93025e-06
4.30173e-05
9.49338e-05
0.000150077
0.000207516
0.000266176
0.000324871
0.000382364
0.000437408
0.000488819
0.000535521
0.000576557
0.000611355
0.000638684
0.000659752
0.000670447
0.000674503
0.00067131
0.000661143
0.000644551
0.000622282
0.000595255
0.000564509
0.000531167
0.000496391
0.000461347
0.000427167
0.000394929
0.00036561
0.000340079
0.000319068
0.00030318
0.000292869
0.000288483
0.000290256
0.000298425
0.000313272
0.000334885
0.000361727
0.000395787
0.000437681
0.000488686
0.000551011
0.000623898
0.000716911
0.000827187
0.000967109
-0.00079117
-0.000663464
-0.000562738
-0.000481889
-0.00041739
-0.000366062
-0.000325622
-0.000293005
-0.000266862
-0.000245478
-0.000227882
-0.000213302
-0.000201166
-0.000191065
-0.000182733
-0.000176014
-0.000170846
-0.000167221
-0.000165148
-0.00016462
-0.000165586
-0.000167948
-0.000171552
-0.000176209
-0.000181699
-0.000187801
-0.000194285
-0.000200938
-0.000207561
-0.000213984
-0.000220058
-0.000225672
-0.000230733
-0.000235198
-0.000239019
-0.000242191
-0.000244669
-0.000246447
-0.000247458
-0.000247635
-0.000246823
-0.000244857
-0.000241522
-0.0002365
-0.00022947
-0.000220024
-0.000207695
-0.000192006
-0.000172351
-0.000148373
-0.000119729
-8.62167e-05
-4.7778e-05
-4.54768e-06
4.31466e-05
9.47655e-05
0.000149572
0.000206644
0.000264916
0.000323211
0.0003803
0.000434945
0.000485963
0.000532271
0.000572916
0.000607191
0.000634509
0.000653366
0.000666444
0.000671299
0.000668554
0.000658744
0.00064248
0.000620546
0.000593877
0.000563513
0.000530577
0.000496226
0.000461619
0.000427879
0.000396074
0.000367172
0.000342032
0.000321376
0.000305799
0.000295751
0.000291573
0.000293498
0.000301762
0.000316581
0.000338025
0.000365021
0.000399105
0.000440955
0.000491762
0.000553809
0.000626558
0.000718463
0.000827523
0.000962925
-0.000788918
-0.000663386
-0.000564079
-0.000484342
-0.00042063
-0.000369873
-0.000329641
-0.000297183
-0.000270867
-0.000249394
-0.0002317
-0.000217014
-0.000204762
-0.00019454
-0.00018608
-0.000179227
-0.000173919
-0.000170144
-0.000167906
-0.000167195
-0.000167961
-0.000170107
-0.000173481
-0.0001779
-0.000183149
-0.00018901
-0.000195258
-0.000201685
-0.000208092
-0.000214314
-0.000220202
-0.000225645
-0.000230547
-0.000234869
-0.000238556
-0.000241607
-0.000243957
-0.000245609
-0.000246502
-0.000246531
-0.000245576
-0.000243458
-0.000239957
-0.000234768
-0.000227561
-0.000217929
-0.000205412
-0.000189524
-0.000169742
-0.000145681
-0.000116997
-8.34994e-05
-4.51415e-05
-2.06459e-06
4.54003e-05
9.67145e-05
0.000151146
0.000207781
0.000265568
0.000323345
0.000379903
0.000434028
0.000484563
0.000530453
0.000570803
0.000604818
0.000631804
0.000651198
0.000663744
0.000667789
0.000664906
0.00065519
0.000639192
0.000617652
0.000591472
0.000561666
0.00052934
0.00049563
0.000461679
0.000428591
0.000397418
0.000369113
0.000344523
0.000324357
0.000309204
0.000299505
0.000295602
0.000297718
0.000306085
0.000320859
0.000342103
0.000369053
0.000402961
0.000444576
0.000495001
0.00055657
0.000628837
0.000719405
0.000827167
0.000958089
-0.000786477
-0.000662806
-0.000565026
-0.000486344
-0.000423248
-0.0003727
-0.000332463
-0.000300213
-0.000274085
-0.00025271
-0.000235055
-0.000220373
-0.000208095
-0.000197826
-0.0001893
-0.000182367
-0.000176959
-0.000173062
-0.000170677
-0.000169794
-0.00017036
-0.00017228
-0.000175408
-0.000179565
-0.000184544
-0.000190132
-0.00019611
-0.000202273
-0.000208428
-0.000214412
-0.000220077
-0.000225316
-0.000230028
-0.000234173
-0.000237688
-0.000240547
-0.000242752
-0.000244242
-0.000244964
-0.000244819
-0.000243677
-0.000241364
-0.000237655
-0.000232257
-0.000224838
-0.000215004
-0.000202304
-0.000186261
-0.00016638
-0.000142283
-0.000113647
-8.02923e-05
-4.21821e-05
5.36645e-07
4.75318e-05
9.82697e-05
0.00015203
0.000207916
0.000264895
0.000321833
0.000377546
0.000430846
0.000480599
0.000525766
0.000565445
0.000598926
0.000625532
0.000644654
0.000656809
0.000661619
0.000659126
0.000649837
0.000634354
0.00061343
0.000587956
0.000558933
0.000527441
0.000494594
0.000461509
0.00042927
0.000398907
0.000371354
0.00034744
0.000327861
0.000313194
0.000303873
0.000300237
0.000302505
0.000310911
0.000325569
0.00034656
0.000373342
0.000406984
0.000448256
0.000498182
0.000559138
0.000630672
0.000719692
0.000825999
0.000952839
-0.000783567
-0.00066177
-0.000565812
-0.000488393
-0.000426082
-0.000376021
-0.000336031
-0.000303824
-0.000277649
-0.000256228
-0.000238519
-0.00022378
-0.000211438
-0.000201103
-0.000192504
-0.000185491
-0.000179989
-0.000175978
-0.000173452
-0.000172395
-0.000172755
-0.000174438
-0.000177302
-0.000181177
-0.000185861
-0.00019115
-0.000196831
-0.000202702
-0.000208576
-0.000214291
-0.000219708
-0.000224715
-0.000229202
-0.000233122
-0.000236445
-0.00023912
-0.000241131
-0.000242426
-0.000242945
-0.000242588
-0.000241223
-0.000238676
-0.000234724
-0.000229079
-0.000221414
-0.000211345
-0.000198437
-0.000182231
-0.000162258
-0.000138152
-0.00010961
-7.6464e-05
-3.86879e-05
3.56522e-06
4.99644e-05
9.99856e-05
0.000152924
0.000207905
0.00026392
0.000319866
0.000374592
0.000426942
0.000475815
0.000520204
0.000559232
0.000592186
0.000618434
0.000637453
0.000649644
0.000654318
0.000652076
0.000643244
0.000628378
0.000608204
0.000583593
0.000555516
0.000525027
0.000493206
0.000461144
0.0004299
0.00040048
0.000373793
0.000350649
0.000331728
0.000317597
0.000308683
0.000305324
0.000307733
0.000316146
0.00033065
0.000351356
0.00037788
0.000411171
0.000451995
0.000501321
0.000561538
0.000632148
0.000719425
0.000824031
0.000947191
-0.000779901
-0.000660332
-0.000566403
-0.000490252
-0.00042867
-0.000378985
-0.000339108
-0.000306983
-0.000280865
-0.000259466
-0.000241747
-0.000226984
-0.000214604
-0.000204224
-0.000195572
-0.000188496
-0.000182915
-0.000178801
-0.000176142
-0.000174917
-0.000175072
-0.000176517
-0.000179113
-0.000182698
-0.000187078
-0.000192054
-0.00019742
-0.000202982
-0.000208556
-0.00021399
-0.000219135
-0.000223866
-0.000228125
-0.000231823
-0.000234926
-0.000237391
-0.00023919
-0.000240271
-0.000240567
-0.000239977
-0.000238369
-0.000235568
-0.000231354
-0.000225445
-0.000217521
-0.000207211
-0.000194093
-0.00017773
-0.000157681
-0.000133594
-0.000105188
-7.23097e-05
-3.49404e-05
6.7619e-06
5.24709e-05
0.000101673
0.000153676
0.000207628
0.000262552
0.000317377
0.00037099
0.00042227
0.000470153
0.000513659
0.000551938
0.000584289
0.000610106
0.000628935
0.000640963
0.000645953
0.000644093
0.000635803
0.000621639
0.00060231
0.00057866
0.000551634
0.00052225
0.000491558
0.000460618
0.000430461
0.000402064
0.000376311
0.000353992
0.000335771
0.000322202
0.000313705
0.000310619
0.000313154
0.00032155
0.000335874
0.000356273
0.000382481
0.000415367
0.000455687
0.000504362
0.000563741
0.000633298
0.000718684
0.000821313
0.000941017
-0.000775483
-0.000658514
-0.000566776
-0.000491908
-0.000431072
-0.000381804
-0.000342112
-0.000310062
-0.000283956
-0.00026255
-0.000244809
-0.000230019
-0.000217605
-0.000207189
-0.000198494
-0.000191365
-0.000185713
-0.000181505
-0.000178719
-0.000177332
-0.000177286
-0.000178495
-0.000180824
-0.000184117
-0.000188188
-0.000192847
-0.000197893
-0.000203139
-0.000208409
-0.000213546
-0.000218402
-0.000222875
-0.00022688
-0.000230343
-0.000233218
-0.000235462
-0.00023704
-0.000237895
-0.000237957
-0.000237124
-0.000235263
-0.0002322
-0.000227717
-0.000221539
-0.000213355
-0.000202805
-0.000189486
-0.00017298
-0.000152874
-0.000128833
-0.000100597
-6.80249e-05
-3.11071e-05
9.99428e-06
5.49571e-05
0.000103276
0.000154277
0.000207135
0.000260904
0.000314549
0.000366994
0.000417157
0.00046401
0.000506605
0.00054412
0.000575871
0.000601286
0.000619952
0.00063193
0.000637072
0.0006356
0.000627885
0.000614466
0.000596028
0.000573389
0.000547464
0.000519237
0.000489724
0.000459955
0.000430929
0.000403594
0.000378808
0.00035734
0.000339835
0.000326838
0.000318761
0.000315944
0.000318595
0.000326958
0.000341092
0.000361179
0.000387042
0.000419495
0.000459279
0.000507272
0.000565744
0.000634169
0.000717547
0.000817964
0.000934117
-0.000770122
-0.000656281
-0.000566836
-0.000493268
-0.00043321
-0.000384382
-0.000344884
-0.00031292
-0.000286844
-0.00026544
-0.000247684
-0.000232874
-0.000220434
-0.000209989
-0.000201258
-0.000194084
-0.00018837
-0.000184075
-0.00018117
-0.000179626
-0.000179387
-0.000180364
-0.000182431
-0.000185436
-0.000189201
-0.000193544
-0.000198272
-0.000203203
-0.000208164
-0.000213001
-0.000217573
-0.000221779
-0.00022553
-0.000228753
-0.000231396
-0.000233414
-0.000234765
-0.00023539
-0.000235215
-0.000234137
-0.00023202
-0.000228695
-0.000223944
-0.000217501
-0.000209062
-0.000198282
-0.000184774
-0.00016814
-0.000147994
-0.00012402
-9.59756e-05
-6.37335e-05
-2.72916e-05
1.3183e-05
5.73718e-05
0.00010478
0.000154754
0.000206494
0.000259086
0.00031153
0.000362788
0.000411819
0.000457626
0.000499297
0.000536035
0.000567176
0.000592175
0.000610652
0.000622585
0.00062795
0.000626882
0.000619755
0.000607093
0.00058956
0.000567947
0.000543137
0.000516081
0.000487761
0.000459175
0.000431291
0.000405026
0.000381212
0.000360597
0.000343809
0.000331383
0.000323722
0.000321168
0.000323928
0.000332252
0.000346196
0.000365975
0.000391485
0.000423494
0.000462732
0.000510031
0.000567549
0.000634795
0.000716071
0.000814143
0.000926623
-0.000763726
-0.000653575
-0.000566495
-0.000494295
-0.000435069
-0.000386717
-0.000347442
-0.000315578
-0.000289538
-0.000268141
-0.000250375
-0.000235551
-0.00022309
-0.000212624
-0.000203865
-0.000196653
-0.000190883
-0.000186507
-0.00018349
-0.000181797
-0.00018137
-0.000182124
-0.000183935
-0.00018666
-0.000190127
-0.000194159
-0.000198575
-0.000203193
-0.000207849
-0.000212389
-0.000216681
-0.000220621
-0.000224118
-0.000227101
-0.000229511
-0.000231302
-0.000232426
-0.000232821
-0.000232409
-0.000231087
-0.000228718
-0.000225134
-0.000220121
-0.00021342
-0.000204737
-0.000193739
-0.000180055
-0.00016331
-0.000143139
-0.000119247
-9.14093e-05
-5.95106e-05
-2.35558e-05
1.62822e-05
5.96891e-05
0.000106182
0.000155128
0.00020575
0.000257169
0.000308418
0.000358497
0.000406402
0.000451174
0.000491929
0.000527899
0.00055844
0.000583033
0.000601324
0.000613233
0.000618794
0.000618126
0.000611584
0.000599675
0.00058304
0.000562444
0.000538738
0.000512842
0.000485705
0.000458292
0.000431537
0.000406331
0.000383478
0.000363706
0.000347625
0.000335759
0.000328507
0.00032621
0.000329074
0.000337358
0.000351119
0.0003706
0.00039576
0.000427328
0.000466019
0.000512622
0.000569154
0.00063519
0.000714284
0.000809429
0.000916956
-0.000756304
-0.00065034
-0.00056571
-0.000494981
-0.000436648
-0.000388814
-0.000349789
-0.000318041
-0.000292044
-0.000270659
-0.00025289
-0.000238055
-0.000225581
-0.000215098
-0.000206317
-0.000199073
-0.000193253
-0.000188803
-0.000185679
-0.000183845
-0.000183239
-0.000183778
-0.000185343
-0.000187796
-0.000190972
-0.000194704
-0.000198814
-0.000203126
-0.000207481
-0.000211732
-0.000215749
-0.000219426
-0.000222673
-0.000225417
-0.000227596
-0.000229161
-0.00023006
-0.000230227
-0.000229581
-0.000228019
-0.000225403
-0.000221566
-0.000216301
-0.000209353
-0.000200437
-0.000189233
-0.000175389
-0.000158547
-0.000138366
-0.000114568
-8.69459e-05
-5.53981e-05
-1.99334e-05
1.92678e-05
6.18972e-05
0.000107484
0.000155413
0.000204935
0.000255198
0.000305273
0.000354194
0.000400994
0.000444749
0.000484606
0.000519821
0.000549774
0.000573967
0.000592065
0.000603963
0.000609721
0.000609444
0.000603475
0.000592302
0.000576546
0.000556945
0.000534319
0.000509559
0.00048358
0.000457314
0.000431666
0.000407494
0.000385581
0.000366632
0.000351242
0.000339923
0.00033307
0.000331022
0.000333989
0.000342234
0.000355822
0.000375019
0.000399838
0.00043097
0.00046912
0.000515029
0.000570556
0.000635354
0.000712224
0.000805961
0.000909172
-0.000747935
-0.000646554
-0.000564481
-0.000495334
-0.000437955
-0.000390679
-0.000351929
-0.000320313
-0.000294368
-0.000273
-0.000255231
-0.000240392
-0.00022791
-0.000217417
-0.000208619
-0.000201348
-0.000195483
-0.000190964
-0.000187741
-0.000185772
-0.000184995
-0.000185328
-0.000186657
-0.000188848
-0.000191744
-0.000195184
-0.00019899
-0.00020301
-0.000207074
-0.000211044
-0.00021479
-0.000218209
-0.000221209
-0.000223717
-0.000225669
-0.00022701
-0.000227688
-0.000227631
-0.000226755
-0.000224958
-0.000222101
-0.000218021
-0.000212513
-0.000205327
-0.000196191
-0.000184796
-0.000170806
-0.000153881
-0.000133702
-0.000110008
-8.26097e-05
-5.14164e-05
-1.64405e-05
2.21295e-05
6.39922e-05
0.000108688
0.000155621
0.000204066
0.000253201
0.00030213
0.000349921
0.000395644
0.000438407
0.000477387
0.000511867
0.000541246
0.000565049
0.000582955
0.000594848
0.000600794
0.000600895
0.000595481
0.000585024
0.000570121
0.000551486
0.000529911
0.000506254
0.000481401
0.000456251
0.000431677
0.000408511
0.00038751
0.000369362
0.000354642
0.000343855
0.000337389
0.000335583
0.00033865
0.000346858
0.000360284
0.000379212
0.0004037
0.000434407
0.000472022
0.00051724
0.000571747
0.000635284
0.000709831
0.000798484
0.000895346
-0.00073874
-0.000642225
-0.000562825
-0.000495368
-0.000438995
-0.000392312
-0.000353863
-0.000322394
-0.000296511
-0.000275167
-0.000257405
-0.000242566
-0.00023008
-0.000219582
-0.000210773
-0.00020348
-0.000197576
-0.000192994
-0.000189678
-0.000187581
-0.000186641
-0.000186778
-0.00018788
-0.000189819
-0.000192446
-0.000195603
-0.000199123
-0.000202854
-0.000206634
-0.000210329
-0.000213811
-0.000216977
-0.000219736
-0.000222012
-0.000223739
-0.00022486
-0.00022532
-0.000225043
-0.000223943
-0.000221917
-0.000218827
-0.000214511
-0.000208771
-0.000201359
-0.000192015
-0.000180443
-0.00016632
-0.000149327
-0.00012916
-0.00010558
-7.84107e-05
-4.7574e-05
-1.30823e-05
2.4865e-05
6.5975e-05
0.0001098
0.00015576
0.000203156
0.000251192
0.000299006
0.0003457
0.000390376
0.000432174
0.000470303
0.000504067
0.000532888
0.000556311
0.000574028
0.000585918
0.000592042
0.000592508
0.000587629
0.000577863
0.000563787
0.000546087
0.000525528
0.00050294
0.000479176
0.000455106
0.000431572
0.00040938
0.000389262
0.000371889
0.000357818
0.000347545
0.000341454
0.000339883
0.000343048
0.000351223
0.000364497
0.000383169
0.000407336
0.000437628
0.000474715
0.000519241
0.00057272
0.000634969
0.000707256
0.000797613
0.000885952
-0.00072885
-0.000637385
-0.00056077
-0.00049509
-0.00043977
-0.000393716
-0.00035559
-0.000324287
-0.000298475
-0.000277163
-0.000259412
-0.000244579
-0.000232095
-0.000221597
-0.000212782
-0.000205472
-0.000199534
-0.000194895
-0.000191491
-0.000189274
-0.00018818
-0.000188129
-0.000189014
-0.000190712
-0.000193079
-0.000195964
-0.000199206
-0.000202658
-0.000206164
-0.000209591
-0.000212815
-0.000215734
-0.000218256
-0.000220305
-0.000221812
-0.000222716
-0.000222963
-0.00022247
-0.000221152
-0.000218903
-0.000215587
-0.000211044
-0.000205083
-0.000197455
-0.000187917
-0.00017618
-0.000161939
-0.000144889
-0.000124746
-0.000101288
-7.43516e-05
-4.38723e-05
-9.85882e-06
2.74755e-05
6.78484e-05
0.000110822
0.000155835
0.00020221
0.000249179
0.00029591
0.000341539
0.000385199
0.000426063
0.000463364
0.000496434
0.000524712
0.000547765
0.000565295
0.000577182
0.000583476
0.000584292
0.00057993
0.000570831
0.000557552
0.000540754
0.000521178
0.000499621
0.000476909
0.000453883
0.000431354
0.000410103
0.000390839
0.000374213
0.00036077
0.000350992
0.000345265
0.000343921
0.000347182
0.000355325
0.000368456
0.000386885
0.000410743
0.000440628
0.000477191
0.000521025
0.000573466
0.00063435
0.000704321
0.000786837
0.000871638
-0.000718401
-0.000632081
-0.000558343
-0.000494506
-0.000440281
-0.000394888
-0.00035711
-0.000325989
-0.00030026
-0.000278988
-0.000261254
-0.000246433
-0.000233958
-0.000223465
-0.000214648
-0.000207326
-0.000201359
-0.000196667
-0.000193183
-0.000190853
-0.000189612
-0.000189383
-0.00019006
-0.000191528
-0.000193645
-0.000196268
-0.000199242
-0.000202424
-0.000205663
-0.00020883
-0.000211803
-0.000214481
-0.000216771
-0.000218598
-0.000219888
-0.000220579
-0.000220619
-0.000219915
-0.000218383
-0.000215919
-0.000212385
-0.000207624
-0.000201452
-0.000193619
-0.000183898
-0.00017201
-0.000157663
-0.000140568
-0.00012046
-9.71301e-05
-7.04307e-05
-4.03093e-05
-6.76694e-06
2.99646e-05
6.96162e-05
0.00011176
0.00015585
0.000201232
0.000247166
0.000292847
0.000337442
0.000380118
0.000420075
0.000456574
0.00048897
0.000516722
0.000539414
0.00055676
0.00056864
0.000575098
0.00057625
0.000572385
0.000563929
0.000551418
0.000535491
0.000516861
0.0004963
0.000474605
0.000452584
0.000431025
0.000410683
0.000392242
0.000376338
0.0003635
0.000354201
0.000348824
0.000347699
0.000351053
0.000359168
0.000372163
0.00039036
0.000413916
0.000443403
0.000479446
0.000522583
0.00057398
0.000633461
0.000701238
0.000782057
0.000863405
-0.000707534
-0.000626362
-0.000555566
-0.000493622
-0.000440527
-0.000395828
-0.000358422
-0.000327501
-0.000301867
-0.000280644
-0.000262935
-0.000248132
-0.000235669
-0.000225187
-0.000216373
-0.000209045
-0.000203053
-0.000198315
-0.000194756
-0.00019232
-0.00019094
-0.000190541
-0.000191021
-0.000192267
-0.000194145
-0.000196516
-0.000199231
-0.000202152
-0.000205133
-0.000208047
-0.000210776
-0.000213219
-0.000215282
-0.000216891
-0.00021797
-0.000218456
-0.000218288
-0.000217378
-0.00021564
-0.000212966
-0.000209222
-0.000204252
-0.000197874
-0.000189853
-0.00017996
-0.000167933
-0.000153491
-0.000136363
-0.000116299
-9.31046e-05
-6.66446e-05
-3.68815e-05
-3.80237e-06
3.23364e-05
7.12824e-05
0.000112616
0.000155809
0.000200227
0.000245155
0.000289817
0.000333411
0.000375132
0.00041421
0.000449932
0.000481674
0.000508915
0.000531255
0.000548421
0.000560292
0.000566906
0.00056838
0.000564993
0.000557156
0.000545384
0.000530297
0.00051258
0.000492979
0.000472262
0.000451213
0.000430589
0.000411122
0.000393475
0.000378267
0.000366013
0.000357173
0.000352135
0.000351222
0.000354666
0.000362754
0.000375621
0.000393594
0.000416856
0.000445952
0.000481474
0.000523912
0.000574258
0.000632293
0.000697897
0.00077392
0.000850856
-0.000696384
-0.000620284
-0.000552459
-0.000492444
-0.000440511
-0.000396536
-0.000359524
-0.000328824
-0.000303297
-0.000282132
-0.000264456
-0.000249676
-0.000237231
-0.000226765
-0.00021796
-0.000210629
-0.000204619
-0.000199839
-0.000196211
-0.000193676
-0.000192166
-0.000191605
-0.000191897
-0.000192931
-0.000194579
-0.000196708
-0.000199174
-0.000201842
-0.000204573
-0.000207242
-0.000209733
-0.000211947
-0.00021379
-0.000215185
-0.000216057
-0.000216341
-0.000215971
-0.000214861
-0.000212921
-0.000210045
-0.000206099
-0.000200929
-0.000194355
-0.000186154
-0.000176102
-0.000163947
-0.000149423
-0.000132272
-0.00011226
-8.92061e-05
-6.29899e-05
-3.35848e-05
-9.60405e-07
3.45954e-05
7.28514e-05
0.000113396
0.000155715
0.000199196
0.000243147
0.000286822
0.000329444
0.00037024
0.000408466
0.000443433
0.000474541
0.000501286
0.000523285
0.000540273
0.000552133
0.000558895
0.000560677
0.00055775
0.000550507
0.000539449
0.000525169
0.000508332
0.000489656
0.000469883
0.00044977
0.000430047
0.000411425
0.000394543
0.000380006
0.000368315
0.000359916
0.000355205
0.000354495
0.000358026
0.000366089
0.000378833
0.00039659
0.000419564
0.000448272
0.000483274
0.000525007
0.000574298
0.000630866
0.000694321
0.000767076
0.000839953
-0.000685073
-0.000613899
-0.000549046
-0.00049098
-0.000440236
-0.000397012
-0.000360418
-0.000329956
-0.000304551
-0.000283454
-0.000265819
-0.000251069
-0.000238648
-0.000228202
-0.00021941
-0.000212082
-0.000206057
-0.000201241
-0.000197551
-0.000194923
-0.00019329
-0.000192577
-0.000192689
-0.00019352
-0.000194948
-0.000196844
-0.00019907
-0.000201495
-0.000203983
-0.000206415
-0.000208675
-0.000210665
-0.000212292
-0.000213479
-0.000214149
-0.000214236
-0.000213669
-0.000212363
-0.000210228
-0.000207155
-0.000203014
-0.000197652
-0.000190892
-0.000182522
-0.000172322
-0.00016005
-0.000145455
-0.000128291
-0.00010834
-8.54324e-05
-5.9462e-05
-3.0413e-05
1.7632e-06
3.67458e-05
7.43271e-05
0.000114101
0.00015557
0.00019814
0.000241144
0.00028386
0.000325541
0.00036544
0.000402839
0.000437075
0.000467568
0.000493831
0.000515497
0.000532311
0.000544155
0.000551059
0.000553137
0.000550651
0.00054398
0.000533607
0.000520106
0.000504117
0.000486332
0.000467468
0.000448256
0.000429403
0.000411594
0.000395449
0.000381558
0.000370406
0.00036244
0.00035804
0.000357525
0.000361139
0.000369177
0.000381803
0.000399351
0.000422041
0.000450365
0.000484845
0.000525865
0.000574098
0.000629185
0.000690509
0.000759598
0.000828275
-0.000673702
-0.000607258
-0.000545347
-0.000489238
-0.000439705
-0.000397256
-0.000361105
-0.0003309
-0.000305631
-0.000284613
-0.000267027
-0.000252312
-0.000239922
-0.0002295
-0.000220727
-0.000213406
-0.000207372
-0.000202525
-0.000198777
-0.000196064
-0.000194315
-0.000193457
-0.000193398
-0.000194036
-0.000195253
-0.000196925
-0.00019892
-0.00020111
-0.000203364
-0.000205566
-0.000207601
-0.000209373
-0.00021079
-0.000211774
-0.000212246
-0.000212139
-0.00021138
-0.000209885
-0.00020756
-0.000204298
-0.000199968
-0.000194423
-0.000187487
-0.000178956
-0.000168618
-0.000156241
-0.000141585
-0.000124418
-0.000104535
-8.17793e-05
-5.60564e-05
-2.73512e-05
4.36242e-06
3.8792e-05
7.57134e-05
0.000114736
0.000155378
0.000197063
0.000239147
0.000280932
0.0003217
0.000360729
0.000397327
0.000430854
0.000460748
0.000486544
0.000507886
0.000524528
0.000536355
0.000543392
0.000545753
0.00054369
0.00053757
0.000527857
0.000515105
0.000499931
0.000483005
0.000465018
0.000446674
0.000428658
0.000411633
0.000396199
0.000382929
0.000372297
0.000364746
0.000360645
0.000360317
0.000364012
0.000372025
0.000384535
0.000401879
0.000424289
0.00045223
0.000486188
0.000526487
0.000573659
0.000627259
0.000686476
0.000752158
0.000816765
-0.000662352
-0.00060041
-0.000541384
-0.000487229
-0.000438925
-0.000397273
-0.000361588
-0.000331657
-0.00030654
-0.000285612
-0.000268083
-0.00025341
-0.000241055
-0.000230663
-0.000221912
-0.000214603
-0.000208564
-0.000203691
-0.000199891
-0.000197099
-0.000195241
-0.000194247
-0.000194025
-0.000194479
-0.000195494
-0.000196951
-0.000198723
-0.000200687
-0.000202715
-0.000204693
-0.00020651
-0.000208071
-0.000209283
-0.000210068
-0.000210348
-0.000210052
-0.000209106
-0.000207426
-0.000204916
-0.000201471
-0.000196961
-0.00019124
-0.000184137
-0.000175456
-0.000164991
-0.000152518
-0.000137811
-0.00012065
-0.000100842
-7.82429e-05
-5.2769e-05
-2.44092e-05
6.85576e-06
4.07384e-05
7.70141e-05
0.000115304
0.00015514
0.000195964
0.000237154
0.000278038
0.00031792
0.000356104
0.000391925
0.000424763
0.000454078
0.00047942
0.000500445
0.000516918
0.000528726
0.000535889
0.00053852
0.000536864
0.000531272
0.000522194
0.000510163
0.000495775
0.000479676
0.000462533
0.000445026
0.000427816
0.000411545
0.000396795
0.000384124
0.000373992
0.000366839
0.000363026
0.000362878
0.000366649
0.000374638
0.000387036
0.00040418
0.000426311
0.000453871
0.000487303
0.000526875
0.000572983
0.000625095
0.000682235
0.000744624
0.000805305
-0.000651087
-0.000593397
-0.000537177
-0.000484966
-0.000437902
-0.000397067
-0.000361868
-0.000332231
-0.000307281
-0.000286452
-0.000268989
-0.000254366
-0.000242051
-0.000231694
-0.00022297
-0.000215676
-0.000209636
-0.000204742
-0.000200896
-0.00019803
-0.000196071
-0.000194947
-0.000194572
-0.00019485
-0.000195672
-0.000196923
-0.000198481
-0.000200226
-0.000202035
-0.000203797
-0.000205403
-0.000206757
-0.00020777
-0.000208362
-0.000208454
-0.000207974
-0.000206846
-0.000204985
-0.000202298
-0.000198676
-0.000193992
-0.000188103
-0.000180842
-0.00017202
-0.000161436
-0.000148879
-0.00013413
-0.000116983
-9.72568e-05
-7.48194e-05
-4.95959e-05
-2.15825e-05
9.24716e-06
4.25892e-05
7.82328e-05
0.000115808
0.000154858
0.000194846
0.000235169
0.000275176
0.000314198
0.000351564
0.00038663
0.000418801
0.000447553
0.000472452
0.000493169
0.000509475
0.000521263
0.000528543
0.000531433
0.000530167
0.000525083
0.000516615
0.000505279
0.000491647
0.000476343
0.000460012
0.000443311
0.000426877
0.000411333
0.000397242
0.000385148
0.000375497
0.000368727
0.000365191
0.000365215
0.000369058
0.000377023
0.000389309
0.000406256
0.00042811
0.000455289
0.000488193
0.000527031
0.000572075
0.000622704
0.000677799
0.000737033
0.000793966
-0.000639955
-0.000586258
-0.000532749
-0.000482462
-0.000436645
-0.000396642
-0.00036195
-0.000332624
-0.000307856
-0.000287139
-0.000269751
-0.000255182
-0.000242914
-0.000232595
-0.000223902
-0.000216627
-0.000210592
-0.00020568
-0.000201794
-0.00019886
-0.000196806
-0.000195561
-0.000195039
-0.000195149
-0.000195786
-0.00019684
-0.000198192
-0.000199727
-0.000201325
-0.000202877
-0.000204278
-0.000205433
-0.000206252
-0.000206654
-0.000206563
-0.000205903
-0.000204599
-0.000202563
-0.000199703
-0.000195911
-0.000191061
-0.000185012
-0.000177601
-0.000168647
-0.000157955
-0.000145321
-0.00013054
-0.000113414
-9.37771e-05
-7.15049e-05
-4.65331e-05
-1.88674e-05
1.15408e-05
4.43481e-05
7.93731e-05
0.00011625
0.000154537
0.000193711
0.00023319
0.000272347
0.000310534
0.000347106
0.00038144
0.000412962
0.000441167
0.000465636
0.000486051
0.000502195
0.000513963
0.00052135
0.000524487
0.000523594
0.000518998
0.000511117
0.000500448
0.000487544
0.000473007
0.000457458
0.000441532
0.000425846
0.000411001
0.000397544
0.000386005
0.000376818
0.000370414
0.000367144
0.000367334
0.000371244
0.000379184
0.00039136
0.000408114
0.000429691
0.000456487
0.000488859
0.000526958
0.000570939
0.000620096
0.000673184
0.000729408
0.000782795
-0.000628992
-0.000579026
-0.000528123
-0.000479731
-0.000435161
-0.000396006
-0.00036184
-0.000332841
-0.00030827
-0.000287676
-0.00027037
-0.000255864
-0.000243646
-0.000233371
-0.000224712
-0.000217461
-0.000211432
-0.000206508
-0.000202586
-0.00019959
-0.000197447
-0.000196088
-0.000195427
-0.000195378
-0.000195839
-0.000196704
-0.000197858
-0.00019919
-0.000200584
-0.000201934
-0.000203136
-0.000204096
-0.000204727
-0.000204946
-0.000204676
-0.000203841
-0.000202365
-0.00020016
-0.000197133
-0.000193176
-0.000188167
-0.000181965
-0.000174413
-0.000165335
-0.000154543
-0.000141843
-0.000127038
-0.000109942
-9.03992e-05
-6.82959e-05
-4.35764e-05
-1.62611e-05
1.37416e-05
4.60187e-05
8.04381e-05
0.000116634
0.000154176
0.000192559
0.000231218
0.000269549
0.000306927
0.000342727
0.000376351
0.000407243
0.000434916
0.000458966
0.000479088
0.000495069
0.000506813
0.000514304
0.000517676
0.000517141
0.000513014
0.000505697
0.000495669
0.000483465
0.000469665
0.000454869
0.00043969
0.000424723
0.000410552
0.000397706
0.0003867
0.000377959
0.000371908
0.000368893
0.000369241
0.000373216
0.000381129
0.000393196
0.000409758
0.000431059
0.00045747
0.000489306
0.000526662
0.000569582
0.00061728
0.000668405
0.000721765
0.000771818
-0.00061822
-0.000571732
-0.000523321
-0.000476788
-0.000433462
-0.000395166
-0.000361542
-0.000332888
-0.000308528
-0.000288068
-0.000270853
-0.000256414
-0.000244252
-0.000234024
-0.000225404
-0.000218179
-0.000212161
-0.000207229
-0.000203275
-0.000200223
-0.000197997
-0.00019653
-0.000195738
-0.000195538
-0.00019583
-0.000196514
-0.000197478
-0.000198615
-0.000199812
-0.000200966
-0.000201976
-0.000202748
-0.000203195
-0.000203235
-0.000202792
-0.000201787
-0.000200144
-0.000197775
-0.000194586
-0.000190471
-0.000185309
-0.000178962
-0.000171277
-0.000162084
-0.000151201
-0.000138443
-0.000123622
-0.000106563
-8.712e-05
-6.51888e-05
-4.07218e-05
-1.37408e-05
1.58343e-05
4.7604e-05
8.14311e-05
0.000116962
0.000153778
0.000191391
0.000229253
0.000266782
0.000303373
0.000338426
0.000371359
0.000401639
0.000428795
0.000452439
0.000472273
0.000488095
0.000499807
0.000507399
0.000510996
0.000510803
0.000507125
0.00050035
0.00049094
0.00047941
0.000466319
0.000452247
0.000437787
0.000423512
0.000409989
0.00039773
0.000387238
0.000378926
0.000373213
0.000370443
0.000370943
0.000374978
0.000382865
0.000394823
0.000411194
0.000432218
0.000458243
0.00048954
0.000526148
0.000568011
0.000614268
0.000663478
0.00071412
0.000761052
-0.000607658
-0.000564401
-0.000518363
-0.000473647
-0.000431558
-0.00039413
-0.000361063
-0.000332769
-0.000308635
-0.000288319
-0.000271203
-0.000256839
-0.000244737
-0.000234559
-0.00022598
-0.000218785
-0.000212781
-0.000207844
-0.000203863
-0.00020076
-0.000198458
-0.000196889
-0.000195973
-0.000195629
-0.000195761
-0.000196271
-0.000197053
-0.000198001
-0.00019901
-0.000199974
-0.000200797
-0.000201387
-0.000201656
-0.000201523
-0.00020091
-0.000199741
-0.000197935
-0.000195407
-0.000192062
-0.000187795
-0.000182487
-0.000176002
-0.000168192
-0.000158892
-0.000147927
-0.000135119
-0.00012029
-0.000103274
-8.39364e-05
-6.21804e-05
-3.79657e-05
-1.13147e-05
1.78344e-05
4.91075e-05
8.2355e-05
0.000117237
0.000153346
0.000190209
0.000227297
0.000264046
0.000299873
0.000334199
0.000366462
0.000396147
0.000422801
0.000446048
0.000465601
0.000481265
0.000492944
0.000500631
0.000504441
0.000504577
0.00050133
0.000495075
0.000486258
0.000475375
0.000462967
0.000449592
0.000435823
0.000422215
0.000409316
0.000397622
0.000387624
0.000379725
0.000374336
0.000371802
0.000372446
0.000376539
0.000384397
0.000396247
0.000412427
0.000433174
0.00045881
0.000489564
0.000525423
0.000566235
0.000611072
0.000658418
0.000706486
0.000750509
-0.000597315
-0.000557057
-0.000513268
-0.000470326
-0.00042946
-0.000392905
-0.000360411
-0.000332491
-0.000308595
-0.000288435
-0.000271426
-0.000257142
-0.000245104
-0.000234981
-0.000226445
-0.000219283
-0.000213296
-0.000208358
-0.000204353
-0.000201203
-0.00019883
-0.000197166
-0.000196133
-0.000195652
-0.000195631
-0.000195975
-0.000196582
-0.00019735
-0.000198176
-0.000198958
-0.000199601
-0.000200013
-0.000200109
-0.000199808
-0.000199031
-0.000197701
-0.000195739
-0.000193056
-0.000189562
-0.000185148
-0.000179701
-0.000173085
-0.000165158
-0.000155757
-0.000144719
-0.000131868
-0.000117039
-0.000100073
-8.08454e-05
-5.92672e-05
-3.5305e-05
-8.98101e-06
1.97468e-05
5.05324e-05
8.32127e-05
0.000117461
0.00015288
0.000189014
0.000225348
0.00026134
0.000296425
0.000330044
0.000361656
0.000390764
0.000416929
0.000439789
0.000459068
0.000474576
0.000486219
0.000493993
0.000498008
0.000498457
0.000495623
0.000489869
0.000481621
0.000471361
0.000459609
0.000446905
0.0004338
0.000420834
0.000408534
0.000397385
0.000387862
0.000380361
0.000375283
0.000372975
0.000373758
0.000377904
0.000385734
0.000397475
0.000413465
0.000433933
0.000459179
0.000489386
0.000524494
0.000564261
0.000607704
0.00065324
0.000698875
0.000740191
-0.000587195
-0.00054972
-0.000508055
-0.000466837
-0.000427181
-0.000391503
-0.000359592
-0.00033206
-0.000308416
-0.000288421
-0.000271527
-0.000257328
-0.000245359
-0.000235293
-0.000226804
-0.000219676
-0.000213709
-0.000208772
-0.000204747
-0.000201556
-0.000199117
-0.000197364
-0.00019622
-0.000195608
-0.000195441
-0.000195627
-0.000196067
-0.000196661
-0.000197311
-0.000197917
-0.000198386
-0.000198626
-0.000198555
-0.00019809
-0.000197154
-0.000195668
-0.000193554
-0.000190723
-0.000187083
-0.00018253
-0.000176949
-0.00017021
-0.000162172
-0.00015268
-0.000141575
-0.00012869
-0.000113867
-9.69571e-05
-7.78442e-05
-5.64462e-05
-3.27363e-05
-6.73687e-06
2.15756e-05
5.1882e-05
8.4007e-05
0.000117636
0.000152383
0.000187806
0.000223407
0.000258663
0.000293027
0.00032596
0.000356939
0.000385486
0.000411174
0.000433658
0.000452668
0.000468022
0.000479627
0.000487483
0.000491691
0.000492441
0.000490002
0.000484728
0.000477027
0.000467366
0.000456244
0.000444186
0.000431721
0.000419371
0.000407649
0.000397023
0.000387957
0.000380839
0.00037606
0.00037397
0.000374886
0.000379082
0.000386881
0.000398514
0.000414315
0.000434502
0.000459355
0.000489013
0.000523369
0.000562101
0.000604174
0.000647956
0.000691297
0.000730098
-0.000577301
-0.000542408
-0.000502742
-0.000463197
-0.000424733
-0.000389932
-0.000358614
-0.000331483
-0.000308102
-0.000288283
-0.000271511
-0.000257403
-0.000245506
-0.0002355
-0.000227059
-0.000219968
-0.000214023
-0.00020909
-0.000205049
-0.000201819
-0.000199319
-0.000197483
-0.000196235
-0.000195499
-0.000195194
-0.000195227
-0.000195507
-0.000195935
-0.000196416
-0.000196851
-0.000197151
-0.000197225
-0.000196993
-0.000196369
-0.000195279
-0.000193642
-0.000191381
-0.000188405
-0.000184627
-0.000179939
-0.000174232
-0.000167375
-0.000159235
-0.000149658
-0.000138494
-0.000125582
-0.000110772
-9.39239e-05
-7.493e-05
-5.37144e-05
-3.02566e-05
-4.57926e-06
2.3324e-05
5.31592e-05
8.47405e-05
0.000117765
0.000151857
0.000186587
0.000221475
0.000256015
0.000289678
0.000321944
0.000352308
0.000380308
0.000405533
0.00042765
0.000446396
0.000461599
0.000473164
0.000481095
0.000485486
0.000486523
0.000484464
0.000479649
0.000472474
0.000463388
0.000452873
0.000441435
0.000429585
0.000417829
0.000406662
0.00039654
0.000387915
0.000381165
0.000376674
0.000374793
0.000375837
0.00038008
0.000387847
0.000399372
0.000414982
0.000434889
0.000459346
0.000488452
0.000522056
0.000559764
0.000600496
0.000642582
0.000683758
0.000720227
-0.00056763
-0.000535137
-0.000497345
-0.000459419
-0.000422127
-0.000388202
-0.000357487
-0.000330767
-0.000307662
-0.000288028
-0.000271385
-0.000257373
-0.000245551
-0.000235607
-0.000227216
-0.000220164
-0.000214241
-0.000209315
-0.000205261
-0.000201997
-0.000199441
-0.000197525
-0.000196179
-0.000195326
-0.000194888
-0.000194777
-0.000194904
-0.000195171
-0.000195489
-0.00019576
-0.000195898
-0.000195812
-0.000195422
-0.000194644
-0.000193405
-0.000191622
-0.000189219
-0.000186104
-0.000182193
-0.000177376
-0.000171548
-0.000164581
-0.000156345
-0.000146691
-0.000135475
-0.000122542
-0.000107753
-9.0971e-05
-7.20999e-05
-5.10688e-05
-2.7863e-05
-2.50516e-06
2.49951e-05
5.4367e-05
8.54158e-05
0.00011785
0.000151301
0.000185358
0.000219552
0.000253396
0.000286376
0.000317995
0.00034776
0.000375229
0.000400003
0.000421761
0.00044025
0.000455302
0.000466826
0.000474825
0.00047939
0.0004807
0.000479004
0.000474631
0.00046796
0.000459428
0.000449495
0.000438654
0.000427395
0.000416211
0.000405578
0.00039594
0.000387739
0.000381344
0.000377132
0.000375451
0.000376617
0.000380904
0.00038864
0.000400055
0.000415475
0.000435099
0.000459158
0.000487711
0.000520566
0.00055726
0.000596681
0.000637128
0.000676267
0.000710573
-0.000558179
-0.000527922
-0.000491879
-0.000455519
-0.000419376
-0.000386323
-0.000356218
-0.00032992
-0.000307101
-0.000287661
-0.000271153
-0.000257243
-0.000245498
-0.000235619
-0.00022728
-0.000220267
-0.000214369
-0.000209452
-0.000205387
-0.000202091
-0.000199483
-0.000197494
-0.000196054
-0.00019509
-0.000194527
-0.000194277
-0.000194257
-0.00019437
-0.000194532
-0.000194645
-0.000194626
-0.000194384
-0.000193843
-0.000192916
-0.000191533
-0.000189607
-0.000187067
-0.000183819
-0.000179779
-0.00017484
-0.000168898
-0.000161826
-0.0001535
-0.000143776
-0.000132516
-0.000119569
-0.000104806
-8.80959e-05
-6.93515e-05
-4.85066e-05
-2.55524e-05
-5.11601e-07
2.6592e-05
5.55081e-05
8.60352e-05
0.000117892
0.000150719
0.000184119
0.000217637
0.000250803
0.000283121
0.000314109
0.000343292
0.000370245
0.000394579
0.000415987
0.000434223
0.000449126
0.000460606
0.000468669
0.000473398
0.00047497
0.000473621
0.000469671
0.000463484
0.000455483
0.00044611
0.000435842
0.000425153
0.000414518
0.0004044
0.000395229
0.000387435
0.000381381
0.000377439
0.00037595
0.000377235
0.000381563
0.000389266
0.000400571
0.000415802
0.00043514
0.000458801
0.000486799
0.000518906
0.000554599
0.00059274
0.000631608
0.000668827
0.00070113
-0.00054894
-0.000520773
-0.000486357
-0.000451507
-0.000416492
-0.000384306
-0.000354817
-0.00032895
-0.000306426
-0.000287189
-0.000270824
-0.000257019
-0.000245355
-0.000235542
-0.000227254
-0.000220282
-0.00021441
-0.000209503
-0.000205429
-0.000202105
-0.000199448
-0.00019739
-0.000195862
-0.000194793
-0.00019411
-0.000193727
-0.000193567
-0.000193533
-0.000193545
-0.000193505
-0.000193335
-0.000192943
-0.000192255
-0.000191184
-0.000189661
-0.000187599
-0.000184926
-0.000181549
-0.000177387
-0.000172329
-0.000166279
-0.000159109
-0.000150701
-0.000140913
-0.000129615
-0.000116661
-0.000101929
-8.52964e-05
-6.66822e-05
-4.60251e-05
-2.33221e-05
1.40437e-06
2.81174e-05
5.65852e-05
8.6601e-05
0.000117893
0.000150111
0.000182871
0.000215731
0.000248238
0.000279911
0.000310286
0.000338902
0.000365352
0.000389257
0.000410324
0.000428312
0.000443068
0.000454502
0.000462622
0.000467506
0.000469327
0.00046831
0.000464766
0.000459044
0.000451553
0.000442718
0.000433002
0.00042286
0.000412754
0.00040313
0.000394409
0.000387008
0.000381283
0.000377603
0.000376299
0.000377697
0.000382065
0.000389734
0.000400928
0.000415969
0.000435022
0.000458281
0.000485723
0.000517086
0.000551793
0.000588685
0.000626031
0.000661445
0.000691889
-0.000539884
-0.000513691
-0.000480792
-0.000447398
-0.000413486
-0.00038216
-0.000353291
-0.000327865
-0.000305645
-0.00028662
-0.000270402
-0.000256708
-0.000245127
-0.000235381
-0.000227146
-0.000220215
-0.000214369
-0.000209472
-0.000205392
-0.000202042
-0.00019934
-0.000197216
-0.000195606
-0.000194436
-0.000193639
-0.00019313
-0.000192835
-0.000192659
-0.000192527
-0.00019234
-0.000192026
-0.000191488
-0.000190659
-0.000189448
-0.00018779
-0.000185595
-0.000182796
-0.000179294
-0.000175014
-0.000169845
-0.000163692
-0.00015643
-0.000147947
-0.000138101
-0.000126772
-0.000113816
-9.9122e-05
-8.25701e-05
-6.40895e-05
-4.36216e-05
-2.11695e-05
3.24561e-06
2.95739e-05
5.76009e-05
8.71154e-05
0.000117855
0.000149479
0.000181615
0.000213834
0.000245699
0.000276744
0.000306523
0.000334588
0.000360547
0.000384035
0.000404768
0.000422513
0.000437123
0.000448509
0.000456681
0.000461712
0.00046377
0.00046307
0.000459915
0.000454638
0.000447637
0.000439319
0.000430134
0.000420518
0.000410921
0.000401774
0.000393486
0.000386464
0.000381056
0.000377628
0.000376503
0.000378012
0.000382416
0.000390051
0.000401135
0.000415986
0.000434751
0.000457608
0.000484492
0.000515116
0.00054885
0.000584527
0.000620408
0.000654121
0.000682845
-0.000531143
-0.000506793
-0.000475198
-0.000443201
-0.000410369
-0.000379895
-0.000351651
-0.000326672
-0.000304766
-0.000285961
-0.000269896
-0.000256316
-0.000244819
-0.000235143
-0.000226959
-0.00022007
-0.000214249
-0.000209365
-0.000205278
-0.000201905
-0.00019916
-0.000196975
-0.000195287
-0.000194021
-0.000193116
-0.000192486
-0.000192063
-0.000191751
-0.000191481
-0.000191152
-0.000190697
-0.000190019
-0.000189054
-0.000187707
-0.00018592
-0.000183597
-0.000180675
-0.000177054
-0.000172662
-0.000167385
-0.000161137
-0.000153788
-0.000145235
-0.000135338
-0.000123984
-0.000111033
-9.63815e-05
-7.99149e-05
-6.15709e-05
-4.12936e-05
-1.90919e-05
5.0148e-06
3.09641e-05
5.85574e-05
8.75806e-05
0.000117781
0.000148824
0.000180351
0.000211945
0.000243186
0.00027362
0.000302818
0.000330346
0.000355829
0.000378908
0.000399316
0.000416821
0.000431288
0.000442623
0.000450842
0.00045601
0.000458294
0.000457897
0.000455116
0.000450265
0.000443735
0.000435914
0.000427238
0.000418128
0.000409022
0.000400334
0.000392464
0.000385808
0.000380707
0.000377523
0.000376571
0.000378187
0.000382626
0.000390227
0.0004012
0.00041586
0.000434335
0.000456788
0.000483115
0.000513004
0.000545782
0.000580274
0.000614748
0.00064686
0.000673988
-0.000522459
-0.000499702
-0.000469587
-0.000438925
-0.000407153
-0.000377521
-0.000349903
-0.00032538
-0.000303795
-0.000285217
-0.000269311
-0.000255849
-0.000244438
-0.000234832
-0.000226701
-0.000219852
-0.000214057
-0.000209185
-0.000205093
-0.000201698
-0.000198913
-0.00019667
-0.000194907
-0.00019355
-0.000192542
-0.000191796
-0.000191251
-0.000190808
-0.000190405
-0.000189939
-0.00018935
-0.000188536
-0.00018744
-0.000185963
-0.00018405
-0.000181603
-0.000178564
-0.000174829
-0.000170329
-0.000164951
-0.000158611
-0.000151182
-0.000142566
-0.000132624
-0.00012125
-0.000108309
-9.37058e-05
-7.73286e-05
-5.91241e-05
-3.90386e-05
-1.70869e-05
6.71467e-06
3.22904e-05
5.94573e-05
8.79985e-05
0.000117671
0.000148146
0.000179081
0.000210065
0.000240698
0.000270537
0.00029917
0.000326176
0.000351193
0.000373875
0.000393964
0.000411235
0.000425558
0.00043684
0.000445101
0.000450398
0.000452898
0.00045279
0.000450366
0.000445925
0.000439847
0.000432502
0.000424318
0.000415694
0.00040706
0.000398814
0.000391348
0.000385045
0.000380241
0.000377294
0.00037651
0.000378229
0.000382703
0.000390269
0.00040113
0.0004156
0.000433784
0.000455832
0.000481602
0.000510761
0.000542597
0.000575937
0.000609058
0.000639661
0.000665309
-0.000514052
-0.000492718
-0.000463964
-0.000434582
-0.000403846
-0.000375046
-0.000348057
-0.000323995
-0.000302739
-0.000284397
-0.000268654
-0.000255315
-0.000243992
-0.000234456
-0.000226376
-0.000219568
-0.000213798
-0.000208937
-0.000204841
-0.000201424
-0.000198602
-0.000196303
-0.00019447
-0.000193026
-0.00019192
-0.000191062
-0.0001904
-0.000189831
-0.000189302
-0.000188704
-0.000187986
-0.000187041
-0.000185818
-0.000184214
-0.000182181
-0.000179615
-0.000176463
-0.000172617
-0.000168016
-0.000162541
-0.000156116
-0.000148612
-0.000139938
-0.000129956
-0.00011857
-0.000105644
-9.10934e-05
-7.48093e-05
-5.6747e-05
-3.68542e-05
-1.5152e-05
8.34783e-06
3.35552e-05
6.03025e-05
8.83711e-05
0.000117527
0.000147448
0.000177803
0.000208195
0.000238235
0.000267493
0.000295577
0.000322073
0.000346637
0.00036893
0.000388709
0.000405748
0.00041993
0.000431157
0.000439455
0.000444874
0.000447577
0.000447746
0.000445664
0.000441615
0.000435971
0.000429085
0.000421373
0.000413218
0.000405039
0.000397219
0.000390143
0.000384181
0.000379665
0.000376948
0.000376328
0.000378149
0.000382654
0.000390186
0.000400935
0.000415213
0.000433104
0.000454747
0.000479959
0.000508395
0.000539306
0.000571524
0.000603346
0.000632526
0.000656799
-0.000505823
-0.000485773
-0.000458338
-0.000430179
-0.000400459
-0.000372479
-0.000346121
-0.000322526
-0.000301607
-0.000283507
-0.000267933
-0.00025472
-0.000243486
-0.000234022
-0.000225992
-0.000219223
-0.000213476
-0.000208626
-0.000204526
-0.000201089
-0.000198231
-0.000195878
-0.000193978
-0.00019245
-0.000191251
-0.000190287
-0.000189513
-0.000188823
-0.000188171
-0.000187447
-0.000186604
-0.000185532
-0.000184188
-0.000182462
-0.000180313
-0.000177631
-0.000174371
-0.00017042
-0.000165721
-0.000160154
-0.00015365
-0.000146076
-0.000137351
-0.000127335
-0.000115941
-0.000103035
-8.85422e-05
-7.23548e-05
-5.44372e-05
-3.47381e-05
-1.3285e-05
9.91681e-06
3.47609e-05
6.10954e-05
8.87002e-05
0.000117351
0.00014673
0.000176521
0.000206333
0.000235796
0.000264489
0.000292037
0.000318036
0.000342159
0.000364073
0.000383547
0.000400359
0.0004144
0.000425571
0.000433901
0.000439433
0.000442331
0.000442763
0.000441008
0.000437336
0.000432109
0.000425663
0.000418405
0.000410701
0.000402961
0.000395553
0.000388853
0.000383223
0.000378986
0.000376492
0.000376032
0.000377953
0.00038249
0.000389986
0.000400623
0.000414709
0.000432306
0.000453541
0.000478196
0.000505915
0.000535915
0.000567044
0.000597617
0.000625454
0.000648449
-0.000497716
-0.000478928
-0.000452715
-0.000425725
-0.000396999
-0.000369829
-0.000344102
-0.00032098
-0.000300404
-0.000282555
-0.000267155
-0.000254072
-0.000242928
-0.000233535
-0.000225555
-0.000218824
-0.000213099
-0.000208258
-0.000204153
-0.000200696
-0.000197803
-0.000195399
-0.000193435
-0.000191827
-0.000190538
-0.000189472
-0.00018859
-0.000187784
-0.000187015
-0.000186168
-0.000185206
-0.000184012
-0.00018255
-0.000180706
-0.000178445
-0.000175653
-0.000172289
-0.000168236
-0.000163446
-0.000157792
-0.000151213
-0.000143575
-0.000134803
-0.000124758
-0.000113362
-0.000100482
-8.60506e-05
-6.99632e-05
-5.21927e-05
-3.2688e-05
-1.14838e-05
1.1424e-05
3.59095e-05
6.18378e-05
8.89875e-05
0.000117143
0.000145993
0.000175233
0.00020448
0.000233381
0.000261523
0.000288549
0.000314064
0.000337756
0.000359299
0.000378475
0.000395065
0.000408966
0.000420079
0.000428435
0.000434073
0.000437156
0.000437839
0.000436399
0.000433086
0.000428261
0.000422237
0.000415417
0.000408147
0.000400831
0.00039382
0.000387485
0.000382175
0.00037821
0.000375935
0.000375631
0.00037765
0.000382217
0.000389679
0.000400202
0.000414096
0.000431396
0.000452222
0.000476321
0.000503329
0.000532433
0.000562503
0.000591876
0.000618443
0.000640248
-0.000489774
-0.00047214
-0.0004471
-0.000421226
-0.000393474
-0.000367102
-0.000342007
-0.000319364
-0.000299139
-0.000281548
-0.000266327
-0.000253378
-0.000242325
-0.000233003
-0.000225071
-0.000218376
-0.000212672
-0.000207839
-0.000203728
-0.00020025
-0.000197324
-0.000194869
-0.000192843
-0.000191158
-0.000189784
-0.000188619
-0.000187634
-0.000186716
-0.000185834
-0.00018487
-0.000183792
-0.00018248
-0.000180905
-0.000178948
-0.000176579
-0.00017368
-0.000170216
-0.000166067
-0.000161189
-0.000155453
-0.000148804
-0.000141107
-0.000132294
-0.000122226
-0.000110833
-9.79822e-05
-8.3617e-05
-6.76327e-05
-5.00114e-05
-3.07019e-05
-9.74637e-06
1.2872e-05
3.70031e-05
6.25318e-05
8.92348e-05
0.000116906
0.000145238
0.00017394
0.000202636
0.000230989
0.000258594
0.000285111
0.000310154
0.000333426
0.000354606
0.000373491
0.000389861
0.000403624
0.000414676
0.000423056
0.000428792
0.000432051
0.000432973
0.000431833
0.000428866
0.000424426
0.000418809
0.000412411
0.000405559
0.000398652
0.000392025
0.000386044
0.000381046
0.000377345
0.000375284
0.000375133
0.000377248
0.000381846
0.000389273
0.000399682
0.000413383
0.000430383
0.000450799
0.000474341
0.000500643
0.000528868
0.000557907
0.000586126
0.000611493
0.000632188
-0.000481988
-0.000465408
-0.000441495
-0.000416689
-0.000389891
-0.000364306
-0.000339844
-0.000317685
-0.000297817
-0.000280492
-0.000265455
-0.000252644
-0.000241685
-0.000232434
-0.000224549
-0.000217888
-0.000212201
-0.000207375
-0.000203256
-0.000199757
-0.000196797
-0.000194294
-0.000192208
-0.000190448
-0.000188991
-0.00018773
-0.000186647
-0.000185621
-0.000184631
-0.000183553
-0.000182364
-0.000180938
-0.000179254
-0.000177186
-0.000174714
-0.000171712
-0.000168154
-0.000163912
-0.00015895
-0.000153137
-0.000146424
-0.000138672
-0.000129823
-0.000119737
-0.000108352
-9.55349e-05
-8.12397e-05
-6.53616e-05
-4.78913e-05
-2.87776e-05
-8.07107e-06
1.42634e-05
3.80438e-05
6.3179e-05
8.94438e-05
0.000116641
0.000144466
0.000172642
0.000200801
0.000228619
0.000255701
0.000281722
0.000306304
0.000329166
0.000349992
0.000368592
0.000384746
0.000398372
0.000409362
0.000417759
0.000423588
0.000427013
0.000428163
0.000427311
0.000424676
0.000420606
0.00041538
0.000409388
0.00040294
0.000396429
0.000390173
0.000384535
0.000379841
0.000376399
0.000374547
0.000374547
0.000376758
0.000381384
0.000388777
0.000399071
0.000412576
0.000429275
0.000449279
0.000472264
0.000497866
0.000525226
0.000553261
0.000580372
0.000604601
0.000624258
-0.00047435
-0.000458729
-0.000435904
-0.000412119
-0.000386255
-0.000361446
-0.000337618
-0.000315948
-0.000296446
-0.000279394
-0.000264548
-0.000251878
-0.000241014
-0.000231834
-0.000223995
-0.000217365
-0.000211695
-0.000206871
-0.000202744
-0.000199222
-0.000196229
-0.000193676
-0.000191532
-0.000189699
-0.000188163
-0.00018681
-0.000185631
-0.000184501
-0.000183407
-0.000182218
-0.000180922
-0.000179386
-0.000177597
-0.000175424
-0.000172852
-0.000169751
-0.000166101
-0.000161771
-0.00015673
-0.000150844
-0.000144071
-0.000136269
-0.00012739
-0.00011729
-0.000105917
-9.31388e-05
-7.89171e-05
-6.3148e-05
-4.58305e-05
-2.69129e-05
-6.45638e-06
1.56008e-05
3.90334e-05
6.37815e-05
8.96159e-05
0.000116349
0.000143678
0.000171342
0.000198975
0.000226271
0.000252843
0.00027838
0.000302513
0.000324975
0.000345455
0.000363774
0.000379716
0.000393206
0.000404132
0.000412544
0.000418458
0.000422041
0.000423409
0.000422833
0.000420515
0.000416801
0.000411952
0.000406351
0.000400293
0.000394165
0.000388269
0.000382966
0.000378567
0.000375378
0.000373732
0.00037388
0.000376187
0.000380842
0.0003882
0.000398378
0.000411686
0.000428079
0.000447668
0.000470097
0.000495002
0.000521511
0.000548571
0.000574613
0.000597763
0.000616448
-0.00046685
-0.000452104
-0.000430326
-0.000407519
-0.000382572
-0.000358529
-0.000335336
-0.00031416
-0.000295032
-0.00027826
-0.000263612
-0.000251087
-0.000240321
-0.000231211
-0.000223416
-0.000216816
-0.000211158
-0.000206335
-0.000202197
-0.000198651
-0.000195623
-0.000193022
-0.000190821
-0.000188917
-0.000187302
-0.000185861
-0.00018459
-0.000183358
-0.000182164
-0.000180869
-0.000179469
-0.000177827
-0.000175936
-0.000173661
-0.000170993
-0.000167797
-0.000164059
-0.000159644
-0.000154529
-0.000148574
-0.000141745
-0.000133899
-0.000124993
-0.000114884
-0.000103528
-9.07926e-05
-7.66478e-05
-6.09905e-05
-4.38271e-05
-2.51059e-05
-4.89332e-06
1.68792e-05
3.99735e-05
6.43407e-05
8.97528e-05
0.00011603
0.000142876
0.000170037
0.000197158
0.000223946
0.000250019
0.000275085
0.000298779
0.00032085
0.000340992
0.000359037
0.00037477
0.000388125
0.000398986
0.000407407
0.000413401
0.000417134
0.000418709
0.000418397
0.000416385
0.000413013
0.000408526
0.000403304
0.000397622
0.000391864
0.000386319
0.000381341
0.000377231
0.00037429
0.000372848
0.000373143
0.000375544
0.000380228
0.000387551
0.000397611
0.000410719
0.000426805
0.000445975
0.000467845
0.000492059
0.00051773
0.000543837
0.000568852
0.000590977
0.000608748
-0.000459477
-0.000445529
-0.000424763
-0.000402892
-0.000378846
-0.000355557
-0.000333002
-0.000312326
-0.000293581
-0.000277097
-0.000262654
-0.000250279
-0.000239612
-0.000230573
-0.000222821
-0.000216247
-0.000210599
-0.000205774
-0.000201622
-0.00019805
-0.000194986
-0.000192336
-0.000190078
-0.000188104
-0.000186414
-0.000184886
-0.000183525
-0.000182197
-0.000180904
-0.000179507
-0.000178007
-0.000176262
-0.000174272
-0.000171898
-0.000169137
-0.00016585
-0.000162029
-0.000157533
-0.000152347
-0.000146327
-0.000139447
-0.00013156
-0.000122633
-0.000112519
-0.000101184
-8.84952e-05
-7.44304e-05
-5.88874e-05
-4.18794e-05
-2.33547e-05
-3.38303e-06
1.81035e-05
4.08659e-05
6.48583e-05
8.98559e-05
0.000115687
0.000142059
0.00016873
0.00019535
0.000221641
0.000247229
0.000271834
0.0002951
0.000316789
0.000336601
0.000354377
0.000369905
0.000383126
0.000393921
0.000402347
0.000408416
0.00041229
0.000414063
0.000414003
0.000412285
0.000409243
0.000405106
0.000400248
0.000394931
0.000389533
0.000384328
0.000379667
0.00037584
0.000373144
0.000371902
0.000372344
0.000374838
0.000379552
0.000386838
0.000396778
0.000409683
0.000425457
0.000444204
0.000465516
0.00048904
0.000513886
0.000539065
0.000563089
0.000584238
0.000601149
-0.000452224
-0.000439
-0.000419216
-0.000398242
-0.00037508
-0.000352537
-0.000330621
-0.000310451
-0.000292098
-0.000275911
-0.000261681
-0.000249458
-0.000238896
-0.000229926
-0.000222216
-0.000215665
-0.000210025
-0.000205193
-0.000201024
-0.000197424
-0.000194323
-0.000191624
-0.000189308
-0.000187266
-0.000185501
-0.000183889
-0.00018244
-0.000181018
-0.00017963
-0.000178134
-0.000176536
-0.000174692
-0.000172607
-0.000170138
-0.000167287
-0.000163912
-0.00016001
-0.000155438
-0.000150184
-0.000144104
-0.000137176
-0.000129254
-0.000120308
-0.000110195
-9.88838e-05
-8.62456e-05
-7.22635e-05
-5.68375e-05
-3.99856e-05
-2.16576e-05
-1.92469e-06
1.92766e-05
4.17125e-05
6.53358e-05
8.99267e-05
0.000115321
0.000141229
0.00016742
0.000193552
0.000219358
0.000244472
0.000268628
0.000291476
0.000312792
0.00033228
0.000349793
0.000365119
0.000378206
0.000388934
0.000397362
0.0004035
0.000407508
0.000409471
0.000409653
0.000408216
0.000405491
0.000401692
0.000397187
0.000392224
0.000387174
0.000382302
0.00037795
0.000374401
0.000371946
0.000370902
0.00037149
0.000374078
0.000378821
0.000386068
0.000395889
0.000408585
0.000424044
0.000442361
0.000463113
0.00048595
0.000509983
0.000534254
0.000557323
0.000577543
0.000593641
-0.000445081
-0.000432513
-0.000413683
-0.000393571
-0.000371278
-0.000349472
-0.000328198
-0.000308539
-0.000290589
-0.000274706
-0.000260699
-0.000248632
-0.000238177
-0.000229276
-0.000221609
-0.000215077
-0.000209442
-0.0002046
-0.000200411
-0.000196779
-0.000193639
-0.00019089
-0.000188516
-0.000186407
-0.000184567
-0.000182874
-0.000181338
-0.000179825
-0.000178344
-0.000176752
-0.000175058
-0.000173119
-0.000170941
-0.000168381
-0.000165442
-0.000161984
-0.000158003
-0.000153359
-0.00014804
-0.000141905
-0.000134932
-0.000126979
-0.000118018
-0.00010791
-9.66266e-05
-8.40428e-05
-7.01458e-05
-5.48392e-05
-3.81443e-05
-2.0013e-05
-5.17033e-07
2.04008e-05
4.25148e-05
6.57749e-05
8.99666e-05
0.000114931
0.000140386
0.000166109
0.000191764
0.000217096
0.000241747
0.000265464
0.000287905
0.000308856
0.000328028
0.000345283
0.000360411
0.000373365
0.000384026
0.00039245
0.000398654
0.000402787
0.000404931
0.000405345
0.000404181
0.000401761
0.000398289
0.000394124
0.000389504
0.000384793
0.000380246
0.000376197
0.000372922
0.000370704
0.000369857
0.000370591
0.000373272
0.000378044
0.000385251
0.000394949
0.000407432
0.000422571
0.000440453
0.000460643
0.000482792
0.000506024
0.000529407
0.000551555
0.000570889
0.000586216
-0.000438042
-0.000426062
-0.000408166
-0.000388882
-0.000367444
-0.000346365
-0.000325737
-0.000306595
-0.000289059
-0.000273487
-0.000259712
-0.000247806
-0.000237463
-0.00022863
-0.000221005
-0.000214488
-0.000208854
-0.000203999
-0.000199787
-0.000196121
-0.000192938
-0.000190138
-0.000187705
-0.000185529
-0.000183616
-0.000181843
-0.000180222
-0.000178621
-0.000177048
-0.000175364
-0.000173577
-0.000171546
-0.000169276
-0.000166629
-0.000163605
-0.000160066
-0.00015601
-0.000151297
-0.000145917
-0.00013973
-0.000132716
-0.000124736
-0.000115764
-0.000105664
-9.44116e-05
-8.18859e-05
-6.80762e-05
-5.28914e-05
-3.63539e-05
-1.84196e-05
8.41274e-07
2.14777e-05
4.32746e-05
6.61767e-05
8.99769e-05
0.00011452
0.000139532
0.000164796
0.000189986
0.000214854
0.000239055
0.000262342
0.000284386
0.000304979
0.000323844
0.000340844
0.000355778
0.0003686
0.000379193
0.00038761
0.000393875
0.000398127
0.000400445
0.00040108
0.000400179
0.000398052
0.000394897
0.000391061
0.000386776
0.000382394
0.000378165
0.000374412
0.000371407
0.000369424
0.000368772
0.000369653
0.000372426
0.000377227
0.000384391
0.000393965
0.000406228
0.000421043
0.000438482
0.000458108
0.00047957
0.000502011
0.000524525
0.000545783
0.000564272
0.000578867
-0.000431103
-0.000419645
-0.000402664
-0.000384177
-0.000363581
-0.000343222
-0.000323242
-0.000304623
-0.000287512
-0.000272259
-0.000258726
-0.000246985
-0.000236757
-0.000227992
-0.000220407
-0.000213903
-0.000208268
-0.000203394
-0.000199153
-0.000195452
-0.000192225
-0.000189372
-0.000186879
-0.000184637
-0.00018265
-0.000180799
-0.000179094
-0.000177407
-0.000175744
-0.000173971
-0.000172092
-0.000169973
-0.000167614
-0.000164882
-0.000161775
-0.00015816
-0.00015403
-0.000149253
-0.000143813
-0.000137579
-0.000130527
-0.000122524
-0.000113544
-0.000103457
-9.22384e-05
-7.97742e-05
-6.60539e-05
-5.0993e-05
-3.46132e-05
-1.6876e-05
2.15144e-06
2.2509e-05
4.39932e-05
6.65425e-05
8.99584e-05
0.000114088
0.000138667
0.000163481
0.000188217
0.000212632
0.000236394
0.000259262
0.000280918
0.000301162
0.000319725
0.000336475
0.00035122
0.000363911
0.000374436
0.00038284
0.000389163
0.000393527
0.000396012
0.000396858
0.000396211
0.000394368
0.000391519
0.000388002
0.000384042
0.000379981
0.000376063
0.000372601
0.000369862
0.000368113
0.000367654
0.000368682
0.000371545
0.000376377
0.000383494
0.000392942
0.000404978
0.000419465
0.000436452
0.000455513
0.000476287
0.000497947
0.000519609
0.000540009
0.000557693
0.000571588
-0.00042423
-0.000413275
-0.000397169
-0.000379453
-0.000359692
-0.000340049
-0.000320728
-0.000302638
-0.000285966
-0.000271039
-0.000257757
-0.000246183
-0.000236074
-0.000227374
-0.000219827
-0.00021333
-0.000207688
-0.000202792
-0.000198521
-0.000194777
-0.000191499
-0.000188594
-0.000186038
-0.000183731
-0.000181668
-0.000179743
-0.000177953
-0.000176184
-0.000174432
-0.000172574
-0.000170604
-0.0001684
-0.000165953
-0.000163141
-0.000159952
-0.000156264
-0.000152063
-0.000147225
-0.000141729
-0.000135451
-0.000128363
-0.000120343
-0.000111357
-0.000101287
-9.01047e-05
-7.77059e-05
-6.40765e-05
-4.91421e-05
-3.29201e-05
-1.53804e-05
3.41548e-06
2.34963e-05
4.46723e-05
6.68736e-05
8.99124e-05
0.000113636
0.000137791
0.000162165
0.000186458
0.000210429
0.000233763
0.00025622
0.000277499
0.000297399
0.000315668
0.000332173
0.000346732
0.000359291
0.00036975
0.000378136
0.000384515
0.000388983
0.000391629
0.000392677
0.000392275
0.000390704
0.000388155
0.000384945
0.000381304
0.000377555
0.000373943
0.000370768
0.000368294
0.000366777
0.000366512
0.00036769
0.000370644
0.000375507
0.000382574
0.000391895
0.000403694
0.000417847
0.00043437
0.00045286
0.000472939
0.000493823
0.000514644
0.000534207
0.000551129
0.00056438
-0.00041743
-0.00040696
-0.000391689
-0.000374721
-0.000355788
-0.000336856
-0.000318198
-0.000300644
-0.000284423
-0.000269827
-0.000256804
-0.000245398
-0.000235409
-0.00022677
-0.000219257
-0.000212763
-0.000207107
-0.000202181
-0.000197872
-0.000194086
-0.000190758
-0.000187799
-0.000185179
-0.000182808
-0.00018067
-0.000178672
-0.0001768
-0.000174952
-0.000173112
-0.000171171
-0.000169113
-0.000166828
-0.000164295
-0.000161406
-0.000158137
-0.000154381
-0.00015011
-0.000145216
-0.000139665
-0.000133348
-0.000126228
-0.000118193
-0.000109204
-9.91556e-05
-8.80117e-05
-7.56812e-05
-6.21444e-05
-4.7338e-05
-3.12739e-05
-1.39314e-05
4.63502e-06
2.44422e-05
4.53144e-05
6.7173e-05
8.9842e-05
0.000113167
0.000136908
0.000160851
0.000184711
0.000208249
0.000231164
0.000253219
0.000274129
0.000293693
0.000311675
0.000327937
0.000342313
0.000354742
0.000365134
0.000373506
0.00037993
0.000384494
0.000387293
0.000388533
0.000388369
0.000387059
0.000384799
0.000381887
0.000378556
0.000375112
0.0003718
0.000368909
0.000366697
0.000365414
0.000365342
0.000366673
0.000369717
0.000374615
0.000381629
0.000390822
0.000402377
0.000416191
0.00043224
0.000450153
0.000469534
0.000489647
0.000509639
0.000528389
0.000544588
0.000557058
-0.000364627
-0.000358126
-0.000348777
-0.000337522
-0.00032484
-0.000311442
-0.000297854
-0.000284518
-0.000271774
-0.000259831
-0.000248831
-0.000238821
-0.000229796
-0.00022171
-0.000214493
-0.000208062
-0.000202326
-0.000197205
-0.000192619
-0.000188493
-0.000184764
-0.00018137
-0.000178258
-0.000175374
-0.000172666
-0.000170084
-0.000167583
-0.000165107
-0.000162602
-0.000160011
-0.00015728
-0.00015435
-0.000151166
-0.000147669
-0.000143801
-0.000139502
-0.000134714
-0.000129375
-0.000123427
-0.000116808
-0.000109461
-0.000101325
-9.23474e-05
-8.2476e-05
-7.16679e-05
-5.98859e-05
-4.71062e-05
-3.33143e-05
-1.85137e-05
-2.72309e-06
1.40225e-05
3.16865e-05
5.0164e-05
6.93464e-05
8.91153e-05
0.000109338
0.000129843
0.000150436
0.000170916
0.000191082
0.000210728
0.000229654
0.000247673
0.000264615
0.000280332
0.000294701
0.000307618
0.000319012
0.000328843
0.000337105
0.000343791
0.000349088
0.000353039
0.000355763
0.000357401
0.000358116
0.000358067
0.000357459
0.000356509
0.000355431
0.000354438
0.000353742
0.000353553
0.000354069
0.00035549
0.000357977
0.000361713
0.000366823
0.000373408
0.000381527
0.000391176
0.000402283
0.000414672
0.000428087
0.000442129
0.000456324
0.000470067
0.000482721
0.000493627
0.000502242
-0.000293684
-0.000290556
-0.000285854
-0.000279865
-0.000272883
-0.000265191
-0.000257094
-0.000248802
-0.000240556
-0.000232485
-0.000224733
-0.000217362
-0.000210427
-0.00020394
-0.000197904
-0.0001923
-0.00018711
-0.000182296
-0.000177823
-0.000173654
-0.000169751
-0.000166076
-0.000162591
-0.000159258
-0.000156039
-0.000152893
-0.000149777
-0.000146651
-0.000143475
-0.000140209
-0.000136809
-0.000133234
-0.000129437
-0.000125376
-0.000121004
-0.000116278
-0.000111153
-0.000105586
-9.95318e-05
-9.29508e-05
-8.58022e-05
-7.80491e-05
-6.96576e-05
-6.0599e-05
-5.08498e-05
-4.03937e-05
-2.92219e-05
-1.7336e-05
-4.74868e-06
8.51629e-06
2.24547e-05
3.69811e-05
5.20378e-05
6.75442e-05
8.33992e-05
9.94858e-05
0.000115696
0.000131922
0.000148035
0.000163899
0.000179382
0.000194352
0.00020869
0.000222287
0.000235051
0.000246899
0.000257769
0.000267618
0.000276423
0.00028419
0.000290948
0.000296629
0.000301378
0.000305269
0.000308401
0.000310889
0.000312878
0.000314489
0.000315839
0.000317057
0.000318278
0.000319637
0.000321268
0.000323296
0.000325835
0.000328984
0.000332815
0.000337402
0.000342763
0.000348906
0.000355777
0.00036331
0.000371346
0.000379732
0.000388198
0.000396513
0.000404339
0.000411402
0.000417384
0.000422048
-0.000239622
-0.000238151
-0.000235736
-0.00023249
-0.000228553
-0.000224058
-0.000219156
-0.000213965
-0.000208618
-0.000203203
-0.000197814
-0.000192507
-0.000187336
-0.00018233
-0.000177514
-0.000172893
-0.000168467
-0.000164228
-0.000160167
-0.000156265
-0.000152507
-0.000148871
-0.000145337
-0.000141883
-0.000138483
-0.00013511
-0.000131734
-0.000128326
-0.000124856
-0.000121293
-0.000117605
-0.000113761
-0.000109727
-0.000105471
-0.000100961
-9.61636e-05
-9.10473e-05
-8.55819e-05
-7.97377e-05
-7.34879e-05
-6.68069e-05
-5.96729e-05
-5.20668e-05
-4.39743e-05
-3.53848e-05
-2.62938e-05
-1.67024e-05
-6.61906e-06
3.94152e-06
1.496e-05
2.6413e-05
3.82567e-05
5.04417e-05
6.29129e-05
7.56013e-05
8.84278e-05
0.00010131
0.000114164
0.000126908
0.000139457
0.000151728
0.000163639
0.000175115
0.000186089
0.0001965
0.000206299
0.000215443
0.000223905
0.000231669
0.000238732
0.000245106
0.000250809
0.000255835
0.000260368
0.000264365
0.000267882
0.000271
0.000273803
0.000276378
0.000278814
0.000281197
0.000283606
0.000286116
0.000288796
0.000291708
0.000294907
0.000298428
0.000302304
0.000306532
0.000311111
0.000316
0.000321156
0.000326484
0.000331903
0.000337278
0.000342491
0.000347372
0.000351797
0.000355624
0.000358747
-0.000195618
-0.000194885
-0.000193576
-0.000191731
-0.000189424
-0.000186708
-0.00018367
-0.00018036
-0.000176857
-0.000173219
-0.000169494
-0.000165718
-0.000161932
-0.00015816
-0.000154426
-0.000150744
-0.000147125
-0.000143571
-0.000140084
-0.00013666
-0.000133293
-0.000129974
-0.000126689
-0.000123425
-0.000120164
-0.000116893
-0.000113592
-0.000110243
-0.000106824
-0.000103314
-9.96894e-05
-9.59284e-05
-9.20069e-05
-8.79021e-05
-8.35901e-05
-7.90487e-05
-7.42551e-05
-6.9189e-05
-6.38302e-05
-5.81613e-05
-5.21658e-05
-4.58309e-05
-3.91454e-05
-3.21022e-05
-2.46972e-05
-1.69314e-05
-8.80935e-06
-3.41812e-07
8.45715e-06
1.75841e-05
2.6993e-05
3.66538e-05
4.65275e-05
5.6571e-05
6.67427e-05
7.69961e-05
8.72787e-05
9.7532e-05
0.000107698
0.000117718
0.000127536
0.000137097
0.000146353
0.000155259
0.000163777
0.000171872
0.000179518
0.000186696
0.000193398
0.000199621
0.000205375
0.000210678
0.000215562
0.00021993
0.000223911
0.000227595
0.000231011
0.000234198
0.000237197
0.000240054
0.000242814
0.000245525
0.000248233
0.00025098
0.000253801
0.000256726
0.000259772
0.000262951
0.000266255
0.000269687
0.000273209
0.000276802
0.000280409
0.000283991
0.000287463
0.00029077
0.000293816
0.000296543
0.000298873
0.000300764
-0.000158169
-0.000157913
-0.000157268
-0.000156254
-0.000154906
-0.000153253
-0.000151335
-0.000149188
-0.000146856
-0.000144356
-0.000141737
-0.000139023
-0.00013624
-0.000133407
-0.000130542
-0.000127657
-0.000124761
-0.000121863
-0.000118964
-0.000116068
-0.000113172
-0.000110274
-0.000107368
-0.000104448
-0.000101504
-9.85269e-05
-9.5504e-05
-9.24229e-05
-8.92694e-05
-8.60296e-05
-8.26877e-05
-7.92287e-05
-7.56362e-05
-7.18949e-05
-6.79886e-05
-6.39024e-05
-5.96214e-05
-5.51323e-05
-5.04224e-05
-4.54808e-05
-4.02976e-05
-3.48655e-05
-2.91787e-05
-2.32344e-05
-1.70319e-05
-1.0574e-05
-3.86603e-06
3.08308e-06
1.02635e-05
1.76646e-05
2.52615e-05
3.30295e-05
4.09425e-05
4.89684e-05
5.70721e-05
6.52161e-05
7.33639e-05
8.14794e-05
8.95255e-05
9.74641e-05
0.000105259
0.000112874
0.000120277
0.00012744
0.000134337
0.000140944
0.000147245
0.000153226
0.000158881
0.000164206
0.000169204
0.000173882
0.000178252
0.00018233
0.000186146
0.000189693
0.000193011
0.000196122
0.000199065
0.000201876
0.00020459
0.000207233
0.000209828
0.000212396
0.000214956
0.000217522
0.000220105
0.00022271
0.000225338
0.000227999
0.000230656
0.000233308
0.000235924
0.000238484
0.000240951
0.000243302
0.000245495
0.000247508
0.000249305
0.000250857
-0.000124913
-0.000124847
-0.000124513
-0.000123927
-0.000123105
-0.000122066
-0.000120832
-0.00011943
-0.000117865
-0.000116158
-0.000114331
-0.0001124
-0.000110383
-0.000108294
-0.000106144
-0.000103945
-0.000101704
-9.94274e-05
-9.712e-05
-9.47846e-05
-9.24218e-05
-9.00312e-05
-8.76103e-05
-8.5155e-05
-8.26601e-05
-8.01205e-05
-7.75289e-05
-7.48777e-05
-7.21579e-05
-6.93605e-05
-6.64751e-05
-6.34917e-05
-6.03995e-05
-5.71884e-05
-5.38475e-05
-5.03674e-05
-4.67383e-05
-4.29519e-05
-3.9e-05
-3.48762e-05
-3.05748e-05
-2.60919e-05
-2.14249e-05
-1.65735e-05
-1.15388e-05
-6.32489e-06
-9.37391e-07
4.61531e-06
1.03436e-05
1.62027e-05
2.21905e-05
2.82892e-05
3.44803e-05
4.07438e-05
4.70584e-05
5.33994e-05
5.97408e-05
6.60559e-05
7.23186e-05
7.85028e-05
8.45839e-05
9.0538e-05
9.6344e-05
0.000101982
0.000107435
0.000112686
0.000117726
0.000122542
0.000127132
0.00013149
0.000135619
0.000139521
0.000143205
0.000146678
0.000149953
0.000153039
0.000155948
0.000158704
0.000161314
0.000163833
0.000166259
0.000168598
0.00017086
0.000173059
0.000175205
0.000177311
0.000179385
0.000181431
0.000183449
0.000185437
0.000187385
0.000189286
0.000191126
0.000192891
0.000194562
0.000196123
0.000197551
0.000198832
0.000199951
0.000200902
-9.49752e-05
-9.49961e-05
-9.48352e-05
-9.44968e-05
-9.39911e-05
-9.33246e-05
-9.25116e-05
-9.15553e-05
-9.04819e-05
-8.93003e-05
-8.80221e-05
-8.66566e-05
-8.5214e-05
-8.37028e-05
-8.2131e-05
-8.05053e-05
-7.88315e-05
-7.71142e-05
-7.53568e-05
-7.35619e-05
-7.17306e-05
-6.98632e-05
-6.79588e-05
-6.60159e-05
-6.40316e-05
-6.20027e-05
-5.99249e-05
-5.77935e-05
-5.56032e-05
-5.33482e-05
-5.10216e-05
-4.86175e-05
-4.61291e-05
-4.355e-05
-4.08736e-05
-3.80939e-05
-3.52049e-05
-3.22016e-05
-2.90791e-05
-2.58337e-05
-2.24621e-05
-1.89625e-05
-1.53337e-05
-1.15764e-05
-7.6919e-06
-3.68362e-06
4.44163e-07
4.68568e-06
9.04141e-06
1.34914e-05
1.80273e-05
2.26371e-05
2.73071e-05
3.20212e-05
3.67632e-05
4.15168e-05
4.62662e-05
5.09946e-05
5.56851e-05
6.03206e-05
6.4885e-05
6.93627e-05
7.37397e-05
7.80029e-05
8.21407e-05
8.61428e-05
9.0001e-05
9.37088e-05
9.7262e-05
0.000100658
0.000103897
0.000106981
0.000109913
0.000112699
0.000115345
0.000117863
0.000120263
0.000122561
0.000124779
0.000126896
0.00012895
0.000130874
0.000132722
0.000134505
0.000136238
0.000137928
0.000139577
0.000141187
0.000142758
0.00014429
0.000145779
0.00014722
0.000148611
0.000149945
0.000151218
0.000152424
0.000153558
0.000154611
0.000155577
0.000156437
-6.63438e-05
-6.64021e-05
-6.63391e-05
-6.61621e-05
-6.58755e-05
-6.54873e-05
-6.50034e-05
-6.44223e-05
-6.3751e-05
-6.29977e-05
-6.21695e-05
-6.12734e-05
-6.03155e-05
-5.93015e-05
-5.82366e-05
-5.71253e-05
-5.59715e-05
-5.47784e-05
-5.35486e-05
-5.2284e-05
-5.09858e-05
-4.96546e-05
-4.82901e-05
-4.68918e-05
-4.54583e-05
-4.39878e-05
-4.24778e-05
-4.09257e-05
-3.9328e-05
-3.76816e-05
-3.59829e-05
-3.42281e-05
-3.24129e-05
-3.05337e-05
-2.85864e-05
-2.65676e-05
-2.44739e-05
-2.23023e-05
-2.00502e-05
-1.77156e-05
-1.52968e-05
-1.27933e-05
-1.02048e-05
-7.53218e-06
-4.77688e-06
-1.94159e-06
9.70482e-07
3.95522e-06
7.01078e-06
1.0127e-05
1.32968e-05
1.6512e-05
1.97642e-05
2.30444e-05
2.63432e-05
2.96497e-05
3.29529e-05
3.62413e-05
3.9504e-05
4.273e-05
4.59091e-05
4.90315e-05
5.20881e-05
5.50707e-05
5.79719e-05
6.0785e-05
6.35046e-05
6.61263e-05
6.86472e-05
7.10653e-05
7.33801e-05
7.55918e-05
7.77023e-05
7.97135e-05
8.16288e-05
8.34507e-05
8.5182e-05
8.68255e-05
8.83825e-05
8.98484e-05
9.12133e-05
9.25632e-05
9.38516e-05
9.50505e-05
9.62613e-05
9.74499e-05
9.86051e-05
9.97215e-05
0.000100796
0.000101827
0.000102814
0.000103754
0.000104644
0.000105483
0.000106266
0.00010699
0.000107652
0.000108252
0.000108792
0.00010928
-3.95334e-05
-3.95776e-05
-3.95507e-05
-3.94556e-05
-3.9293e-05
-3.90655e-05
-3.87751e-05
-3.84341e-05
-3.80448e-05
-3.76101e-05
-3.71328e-05
-3.66156e-05
-3.60616e-05
-3.54734e-05
-3.48536e-05
-3.42045e-05
-3.3528e-05
-3.28259e-05
-3.20993e-05
-3.13495e-05
-3.05768e-05
-2.97818e-05
-2.89642e-05
-2.81239e-05
-2.726e-05
-2.63718e-05
-2.54579e-05
-2.4517e-05
-2.35475e-05
-2.25476e-05
-2.15153e-05
-2.04488e-05
-1.9346e-05
-1.82049e-05
-1.70233e-05
-1.57995e-05
-1.45316e-05
-1.32181e-05
-1.18576e-05
-1.04492e-05
-8.99207e-06
-7.48613e-06
-5.93133e-06
-4.32834e-06
-2.6781e-06
-9.82248e-07
7.57292e-07
2.53806e-06
4.35871e-06
6.21367e-06
8.0984e-06
1.00079e-05
1.19367e-05
1.38788e-05
1.58286e-05
1.77804e-05
1.97291e-05
2.16688e-05
2.35937e-05
2.54978e-05
2.73755e-05
2.92213e-05
3.10303e-05
3.27978e-05
3.45196e-05
3.61921e-05
3.78122e-05
3.93773e-05
4.08859e-05
4.23366e-05
4.37293e-05
4.5064e-05
4.63419e-05
4.75645e-05
4.87345e-05
4.98556e-05
5.09314e-05
5.19653e-05
5.29623e-05
5.39284e-05
5.48725e-05
5.581e-05
5.67609e-05
5.77711e-05
5.87754e-05
5.95435e-05
6.02477e-05
6.09118e-05
6.15476e-05
6.21607e-05
6.2754e-05
6.33275e-05
6.38805e-05
6.44118e-05
6.49207e-05
6.54046e-05
6.58615e-05
6.62856e-05
6.66711e-05
6.701e-05
-1.27595e-05
-1.27816e-05
-1.27834e-05
-1.27664e-05
-1.27315e-05
-1.26802e-05
-1.26139e-05
-1.25298e-05
-1.24269e-05
-1.23068e-05
-1.21708e-05
-1.20199e-05
-1.18551e-05
-1.16774e-05
-1.14876e-05
-1.12865e-05
-1.10746e-05
-1.08527e-05
-1.0621e-05
-1.03802e-05
-1.01303e-05
-9.8717e-06
-9.60437e-06
-9.32834e-06
-9.04344e-06
-8.74949e-06
-8.44613e-06
-8.133e-06
-7.80959e-06
-7.47541e-06
-7.12984e-06
-6.77233e-06
-6.40221e-06
-6.01894e-06
-5.62197e-06
-5.21092e-06
-4.78532e-06
-4.34483e-06
-3.88901e-06
-3.41768e-06
-2.93061e-06
-2.42784e-06
-1.90942e-06
-1.37566e-06
-8.26934e-07
-2.63891e-07
3.12787e-07
9.04094e-07
1.50597e-06
2.11846e-06
2.74016e-06
3.3697e-06
4.0054e-06
4.64569e-06
5.28871e-06
5.93258e-06
6.57547e-06
7.21536e-06
7.85035e-06
8.4785e-06
9.09803e-06
9.70711e-06
1.03042e-05
1.08878e-05
1.14565e-05
1.2009e-05
1.25445e-05
1.30619e-05
1.35607e-05
1.40402e-05
1.45002e-05
1.49405e-05
1.53608e-05
1.5761e-05
1.61404e-05
1.64978e-05
1.68324e-05
1.71438e-05
1.74311e-05
1.76926e-05
1.79261e-05
1.81279e-05
1.82912e-05
1.84032e-05
1.84246e-05
1.86129e-05
1.88166e-05
1.90224e-05
1.92236e-05
1.9416e-05
1.95974e-05
1.97665e-05
1.99229e-05
2.00662e-05
2.01969e-05
2.03154e-05
2.04236e-05
2.05234e-05
2.06181e-05
2.07097e-05
)
;

boundaryField
{
    inlet_water
    {
        type            fixedFluxPressure;
        gradient        nonuniform List<scalar> 
50
(
3967.49
3967.53
3967.81
3968.14
3968.51
3968.9
3969.32
3969.74
3970.16
3970.57
3970.95
3971.29
3971.59
3971.82
3972
3972.11
3972.14
3972.1
3971.97
3971.77
3971.5
3971.15
3970.72
3970.24
3969.71
3969.13
3968.52
3967.9
3967.29
3966.72
3966.25
3965.95
3965.98
3966.75
3969.18
3973.59
3977.55
3978.14
3977.17
3976.37
3975.7
3975.24
3975
3975
3975.22
3975.63
3976.17
3976.82
3978.11
3974.86
)
;
        value           nonuniform List<scalar> 
50
(
495.038
495.038
495.038
495.038
495.038
495.038
495.037
495.037
495.036
495.035
495.034
495.032
495.03
495.028
495.026
495.023
495.019
495.016
495.012
495.008
495.003
494.999
494.994
494.989
494.984
494.98
494.975
494.971
494.967
494.964
494.962
494.962
494.965
494.973
494.989
495.012
495.026
495.02
495.007
494.995
494.985
494.977
494.97
494.964
494.96
494.957
494.955
494.955
494.954
494.929
)
;
    }
    inlet_air
    {
        type            fixedFluxPressure;
        gradient        nonuniform List<scalar> 
60
(
10.9768
-0.0480607
-0.0480444
-0.0474697
-0.0467839
-0.0459191
-0.0449069
-0.0437013
-0.0422572
-0.0406168
-0.0387847
-0.0368006
-0.0347194
-0.0325976
-0.0304834
-0.0284119
-0.0264053
-0.0244834
-0.0226624
-0.0209526
-0.0193585
-0.0178803
-0.0165148
-0.0152575
-0.0141022
-0.013042
-0.0120696
-0.0111777
-0.0103591
-0.00960678
-0.00891402
-0.00827447
-0.00768204
-0.00712803
-0.00691518
-0.0062891
-0.00588664
-0.00552375
-0.005174
-0.00485491
-0.0045644
-0.00429982
-0.00405869
-0.00383876
-0.00363813
-0.00345524
-0.00328853
-0.0030906
-0.00290384
-0.00276214
-0.00167133
-0.000784419
-0.000351153
-0.000163196
-3.97707e-05
5.80191e-06
2.37357e-05
2.88811e-05
1.97259e-05
8.58959e-06
)
;
        value           nonuniform List<scalar> 
60
(
0.0176142
-0.000878639
-0.000876024
-0.000872951
-0.000869533
-0.000865832
-0.000861696
-0.000856767
-0.000850682
-0.000843516
-0.000835086
-0.000825367
-0.000814459
-0.000802536
-0.0007898
-0.00077644
-0.00076263
-0.000748544
-0.000734344
-0.000720169
-0.000706127
-0.000692301
-0.000678749
-0.000665512
-0.000652613
-0.000640066
-0.000627875
-0.000616037
-0.000604547
-0.000593392
-0.000582561
-0.000572039
-0.000561808
-0.000551824
-0.000542726
-0.000532993
-0.000523913
-0.000515075
-0.000506383
-0.000497906
-0.000489634
-0.000481552
-0.000473648
-0.000465907
-0.000458318
-0.000450869
-0.000443551
-0.000436279
-0.000429094
-0.000422056
-0.000367427
-0.000294998
-0.000240211
-0.000195891
-0.000158236
-0.000124903
-9.49354e-05
-6.62954e-05
-3.95004e-05
-1.27451e-05
)
;
    }
    outlet_water
    {
        type            fixedFluxPressure;
        gradient        nonuniform List<scalar> 
50
(
-3973.68
-3973.77
-3974.12
-3974.52
-3974.97
-3975.46
-3975.97
-3976.5
-3977.03
-3977.54
-3978.03
-3978.48
-3978.87
-3979.21
-3979.47
-3979.66
-3979.76
-3979.79
-3979.73
-3979.59
-3979.38
-3979.1
-3978.77
-3978.37
-3977.96
-3977.53
-3977.1
-3976.7
-3976.34
-3976.06
-3975.9
-3975.97
-3976.44
-3977.71
-3980.53
-3984.49
-3986.26
-3984.28
-3981.36
-3978.97
-3976.96
-3975.34
-3974.12
-3973.3
-3972.86
-3972.74
-3972.84
-3973.22
-3974.79
-3972.93
)
;
        value           nonuniform List<scalar> 
50
(
-831.57
-831.57
-831.57
-831.57
-831.57
-831.569
-831.569
-831.568
-831.566
-831.565
-831.562
-831.56
-831.556
-831.552
-831.548
-831.542
-831.536
-831.53
-831.522
-831.514
-831.506
-831.497
-831.488
-831.478
-831.469
-831.459
-831.45
-831.441
-831.433
-831.426
-831.421
-831.417
-831.417
-831.424
-831.441
-831.464
-831.467
-831.442
-831.409
-831.379
-831.353
-831.33
-831.31
-831.292
-831.276
-831.261
-831.249
-831.24
-831.229
-831.197
)
;
    }
    outlet_air
    {
        type            fixedFluxPressure;
        gradient        nonuniform List<scalar> 
60
(
-11.5655
0.0525115
0.0522387
0.0510553
0.049469
0.0476645
0.045829
0.044001
0.0421528
0.0402192
0.0382285
0.0358754
0.0337578
0.0311182
0.0284924
0.0263931
0.0248946
0.0232016
0.0216934
0.0202097
0.0188213
0.0175219
0.0163129
0.0151934
0.0141601
0.0132086
0.0123336
0.0115294
0.0107902
0.0101107
0.00948582
0.00891073
0.00838119
0.00789319
0.00744315
0.00702771
0.00664373
0.00628825
0.00595869
0.00565252
0.00536744
0.00510132
0.00485217
0.00461809
0.0043973
0.00418809
0.00398881
0.00379789
0.0036169
0.00339369
0.00231796
0.00125769
0.000853491
0.000516923
0.000432693
0.000265488
0.000244279
0.000138392
9.69725e-05
2.61266e-05
)
;
        value           nonuniform List<scalar> 
60
(
-0.018429
0.00105998
0.00105791
0.00105263
0.00104579
0.00103793
0.0010296
0.00102089
0.00101162
0.00100148
0.000990655
0.000977047
0.000965716
0.000947469
0.000933677
0.000915846
0.000905104
0.000889719
0.000876289
0.000862126
0.000848291
0.000834654
0.000821291
0.000808244
0.000795536
0.000783177
0.000771167
0.000759502
0.000748172
0.000737162
0.000726462
0.000716055
0.000705928
0.000696066
0.000686455
0.00067708
0.000667927
0.000658981
0.000650229
0.000641656
0.000633249
0.000624993
0.000616876
0.000608885
0.000601007
0.000593231
0.000585548
0.000577949
0.000570438
0.000562742
0.000506124
0.000424154
0.000360177
0.00030163
0.000251581
0.000201347
0.000156847
0.000109512
6.71724e-05
2.07534e-05
)
;
    }
    lowerWall
    {
        type            fixedFluxPressure;
        gradient        uniform 0;
        value           nonuniform List<scalar> 
100
(
488.392
475.103
461.816
448.532
435.253
421.979
408.71
395.445
382.185
368.928
355.675
342.424
329.173
315.924
302.675
289.425
276.174
262.922
249.669
236.414
223.158
209.9
196.64
183.38
170.118
156.856
143.592
130.328
117.064
103.799
90.5335
77.2683
64.0031
50.7381
37.4732
24.2085
10.9441
-2.31989
-15.5836
-28.8469
-42.1099
-55.3725
-68.6348
-81.8967
-95.1583
-108.42
-121.681
-134.941
-148.202
-161.462
-174.722
-187.982
-201.242
-214.502
-227.761
-241.021
-254.281
-267.541
-280.801
-294.062
-307.322
-320.584
-333.845
-347.107
-360.37
-373.633
-386.897
-400.161
-413.426
-426.691
-439.958
-453.224
-466.491
-479.758
-493.026
-506.293
-519.56
-532.827
-546.094
-559.36
-572.625
-585.89
-599.154
-612.417
-625.68
-638.943
-652.206
-665.47
-678.736
-692.003
-705.274
-718.548
-731.826
-745.109
-758.398
-771.692
-784.991
-798.295
-811.604
-824.914
)
;
    }
    atmosphere
    {
        type            totalPressure;
        rho             rho;
        psi             none;
        gamma           1;
        p0              uniform 0;
        value           nonuniform List<scalar> 
100
(
-7.42419e-11
-4.47531e-11
-2.48366e-11
-1.18673e-11
-3.66066e-12
-1.54982e-13
0
0
0
0
0
0
0
0
0
0
0
0
0
0
0
0
0
0
0
0
0
0
0
0
0
0
0
0
0
0
0
0
0
0
0
0
0
0
0
0
0
0
0
0
0
0
0
0
0
0
0
0
0
0
0
0
0
0
0
0
0
0
0
0
0
0
0
0
0
0
0
0
0
0
0
0
0
0
0
-1.16702e-13
-1.05825e-12
-2.54092e-12
-4.17245e-12
-5.66214e-12
-6.81087e-12
-7.50136e-12
-7.705e-12
-7.47346e-12
-6.84565e-12
-5.96005e-12
-4.8606e-12
-3.82369e-12
-3.14602e-12
-4.09033e-12
)
;
    }
    defaultFaces
    {
        type            empty;
    }
}


// ************************************************************************* //
