/*--------------------------------*- C++ -*----------------------------------*\
  =========                 |
  \\      /  F ield         | OpenFOAM: The Open Source CFD Toolbox
   \\    /   O peration     | Website:  https://openfoam.org
    \\  /    A nd           | Version:  8
     \\/     M anipulation  |
\*---------------------------------------------------------------------------*/
FoamFile
{
    version     2.0;
    format      ascii;
    class       surfaceScalarField;
    location    "25881";
    object      phi;
}
// * * * * * * * * * * * * * * * * * * * * * * * * * * * * * * * * * * * * * //

dimensions      [0 3 -1 0 0 0 0];

internalField   nonuniform List<scalar> 
21790
(
8.1525e-07
2.25905e-12
8.15254e-07
-3.47067e-12
8.15259e-07
-4.78354e-12
8.15268e-07
-8.55153e-12
8.15281e-07
-1.32331e-11
8.153e-07
-1.82752e-11
8.15323e-07
-2.33381e-11
8.15352e-07
-2.82005e-11
8.15385e-07
-3.27471e-11
8.15422e-07
-3.68953e-11
8.15463e-07
-4.05866e-11
8.15507e-07
-4.37816e-11
8.15553e-07
-4.64616e-11
8.15602e-07
-4.86211e-11
8.15653e-07
-5.02684e-11
8.15704e-07
-5.14194e-11
8.15756e-07
-5.20976e-11
8.15809e-07
-5.23307e-11
8.15861e-07
-5.21518e-11
8.15913e-07
-5.15973e-11
8.15963e-07
-5.07082e-11
8.16013e-07
-4.95284e-11
8.16061e-07
-4.81057e-11
8.16108e-07
-4.64892e-11
8.16152e-07
-4.47296e-11
8.16195e-07
-4.28766e-11
8.16236e-07
-4.09787e-11
8.16275e-07
-3.90808e-11
8.16312e-07
-3.72235e-11
8.16348e-07
-3.54421e-11
8.16382e-07
-3.37658e-11
8.16414e-07
-3.22176e-11
8.16445e-07
-3.0814e-11
8.16474e-07
-2.95653e-11
8.16503e-07
-2.84764e-11
8.1653e-07
-2.75472e-11
8.16557e-07
-2.67734e-11
8.16583e-07
-2.61477e-11
8.16609e-07
-2.56605e-11
8.16634e-07
-2.53005e-11
8.16659e-07
-2.50558e-11
8.16684e-07
-2.4914e-11
8.16709e-07
-2.48628e-11
8.16734e-07
-2.489e-11
8.16759e-07
-2.49839e-11
8.16784e-07
-2.51327e-11
8.16809e-07
-2.53247e-11
8.16835e-07
-2.55481e-11
8.16861e-07
-2.57905e-11
8.16887e-07
-2.60388e-11
8.16913e-07
-2.62789e-11
8.16939e-07
-2.64959e-11
8.16966e-07
-2.66737e-11
8.16993e-07
-2.67953e-11
8.1702e-07
-2.68428e-11
8.17047e-07
-2.67977e-11
8.17073e-07
-2.66416e-11
8.171e-07
-2.63561e-11
8.17125e-07
-2.59237e-11
8.17151e-07
-2.53283e-11
8.17175e-07
-2.45557e-11
8.17199e-07
-2.35941e-11
8.17221e-07
-2.2435e-11
8.17242e-07
-2.10732e-11
8.17262e-07
-1.95073e-11
8.1728e-07
-1.77404e-11
8.17296e-07
-1.57795e-11
8.17309e-07
-1.36358e-11
8.17321e-07
-1.1325e-11
8.17329e-07
-8.86584e-12
8.17336e-07
-6.2808e-12
8.17339e-07
-3.59461e-12
8.1734e-07
-8.34255e-13
8.17338e-07
1.97307e-12
8.17333e-07
4.79838e-12
8.17326e-07
7.61503e-12
8.17315e-07
1.03963e-11
8.17302e-07
1.31182e-11
8.17286e-07
1.57584e-11
8.17268e-07
1.82985e-11
8.17247e-07
2.07198e-11
8.17224e-07
2.30097e-11
8.17199e-07
2.51546e-11
8.17172e-07
2.71408e-11
8.17143e-07
2.89534e-11
8.17112e-07
3.05722e-11
8.1708e-07
3.19715e-11
8.17047e-07
3.31111e-11
8.17012e-07
3.39469e-11
8.16978e-07
3.44015e-11
8.16943e-07
3.44208e-11
8.16909e-07
3.38619e-11
8.16876e-07
3.2725e-11
8.16845e-07
3.07084e-11
8.16817e-07
2.81098e-11
8.16793e-07
2.41446e-11
8.16772e-07
2.04017e-11
8.16757e-07
1.45491e-11
8.16745e-07
1.22852e-11
1.1453e-12
2.40179e-06
7.33579e-12
2.4018e-06
-9.33721e-12
2.40181e-06
-1.8218e-11
2.40184e-06
-3.25473e-11
2.40187e-06
-5.04371e-11
2.40193e-06
-6.9577e-11
2.40199e-06
-8.88826e-11
2.40207e-06
-1.0752e-10
2.40216e-06
-1.24999e-10
2.40227e-06
-1.40988e-10
2.40238e-06
-1.55258e-10
2.40251e-06
-1.67664e-10
2.40264e-06
-1.78129e-10
2.40278e-06
-1.8663e-10
2.40292e-06
-1.93187e-10
2.40307e-06
-1.97852e-10
2.40322e-06
-2.00707e-10
2.40336e-06
-2.01852e-10
2.40351e-06
-2.01408e-10
2.40366e-06
-1.99512e-10
2.40381e-06
-1.9632e-10
2.40395e-06
-1.92002e-10
2.40409e-06
-1.86739e-10
2.40422e-06
-1.80723e-10
2.40435e-06
-1.74148e-10
2.40448e-06
-1.67208e-10
2.4046e-06
-1.60087e-10
2.40471e-06
-1.52959e-10
2.40482e-06
-1.45979e-10
2.40492e-06
-1.39283e-10
2.40502e-06
-1.32981e-10
2.40512e-06
-1.27161e-10
2.40521e-06
-1.21887e-10
2.4053e-06
-1.17196e-10
2.40538e-06
-1.13108e-10
2.40546e-06
-1.09622e-10
2.40554e-06
-1.06722e-10
2.40562e-06
-1.04383e-10
2.4057e-06
-1.02566e-10
2.40577e-06
-1.01232e-10
2.40585e-06
-1.00335e-10
2.40592e-06
-9.98282e-11
2.406e-06
-9.96662e-11
2.40607e-06
-9.98028e-11
2.40615e-06
-1.00193e-10
2.40622e-06
-1.00791e-10
2.4063e-06
-1.01553e-10
2.40638e-06
-1.0243e-10
2.40645e-06
-1.03375e-10
2.40653e-06
-1.04335e-10
2.40661e-06
-1.05254e-10
2.40669e-06
-1.06074e-10
2.40677e-06
-1.06729e-10
2.40685e-06
-1.07152e-10
2.40693e-06
-1.07274e-10
2.40701e-06
-1.07022e-10
2.40709e-06
-1.06324e-10
2.40717e-06
-1.0511e-10
2.40725e-06
-1.03312e-10
2.40732e-06
-1.0087e-10
2.4074e-06
-9.77297e-11
2.40747e-06
-9.38493e-11
2.40753e-06
-8.91981e-11
2.4076e-06
-8.37597e-11
2.40766e-06
-7.7533e-11
2.40771e-06
-7.05329e-11
2.40775e-06
-6.27911e-11
2.4078e-06
-5.43553e-11
2.40783e-06
-4.52886e-11
2.40786e-06
-3.5668e-11
2.40788e-06
-2.55822e-11
2.40789e-06
-1.51293e-11
2.40789e-06
-4.41333e-12
2.40789e-06
6.45806e-12
2.40787e-06
1.73758e-11
2.40785e-06
2.82374e-11
2.40782e-06
3.89434e-11
2.40779e-06
4.94041e-11
2.40774e-06
5.95387e-11
2.40769e-06
6.92798e-11
2.40764e-06
7.85648e-11
2.40757e-06
8.7348e-11
2.4075e-06
9.55855e-11
2.40742e-06
1.03231e-10
2.40734e-06
1.10236e-10
2.40726e-06
1.16528e-10
2.40717e-06
1.22014e-10
2.40707e-06
1.26551e-10
2.40698e-06
1.29959e-10
2.40688e-06
1.31966e-10
2.40678e-06
1.32307e-10
2.40668e-06
1.30519e-10
2.40659e-06
1.26398e-10
2.4065e-06
1.19153e-10
2.40642e-06
1.09208e-10
2.40635e-06
9.49003e-11
2.40629e-06
7.96067e-11
2.40625e-06
5.8646e-11
2.40621e-06
4.4104e-11
6.47982e-12
3.94422e-06
1.63988e-11
3.94423e-06
-1.4923e-11
3.94425e-06
-3.76444e-11
3.94428e-06
-6.8925e-11
3.94434e-06
-1.07572e-10
3.94442e-06
-1.48891e-10
3.94452e-06
-1.90692e-10
3.94465e-06
-2.31216e-10
3.94479e-06
-2.69355e-10
3.94495e-06
-3.04363e-10
3.94513e-06
-3.35725e-10
3.94533e-06
-3.6311e-10
3.94554e-06
-3.86334e-10
3.94576e-06
-4.05329e-10
3.94598e-06
-4.20122e-10
3.94622e-06
-4.30812e-10
3.94645e-06
-4.37559e-10
3.94669e-06
-4.4057e-10
3.94693e-06
-4.40102e-10
3.94717e-06
-4.36449e-10
3.9474e-06
-4.29946e-10
3.94763e-06
-4.20963e-10
3.94786e-06
-4.09899e-10
3.94807e-06
-3.9717e-10
3.94828e-06
-3.83201e-10
3.94848e-06
-3.68414e-10
3.94868e-06
-3.53215e-10
3.94886e-06
-3.37979e-10
3.94904e-06
-3.23047e-10
3.94921e-06
-3.08711e-10
3.94937e-06
-2.95216e-10
3.94952e-06
-2.82749e-10
3.94967e-06
-2.71449e-10
3.94982e-06
-2.614e-10
3.94996e-06
-2.52643e-10
3.95009e-06
-2.4518e-10
3.95023e-06
-2.38977e-10
3.95036e-06
-2.33977e-10
3.95048e-06
-2.30105e-10
3.95061e-06
-2.27272e-10
3.95073e-06
-2.25382e-10
3.95086e-06
-2.24337e-10
3.95098e-06
-2.24038e-10
3.95111e-06
-2.24386e-10
3.95123e-06
-2.25283e-10
3.95136e-06
-2.2663e-10
3.95148e-06
-2.28328e-10
3.95161e-06
-2.30273e-10
3.95174e-06
-2.32357e-10
3.95187e-06
-2.34463e-10
3.952e-06
-2.36467e-10
3.95214e-06
-2.38235e-10
3.95227e-06
-2.39626e-10
3.9524e-06
-2.4049e-10
3.95253e-06
-2.40671e-10
3.95267e-06
-2.40011e-10
3.9528e-06
-2.38349e-10
3.95293e-06
-2.35533e-10
3.95306e-06
-2.31417e-10
3.95318e-06
-2.25868e-10
3.9533e-06
-2.18774e-10
3.95342e-06
-2.10044e-10
3.95353e-06
-1.99618e-10
3.95363e-06
-1.87463e-10
3.95373e-06
-1.73583e-10
3.95382e-06
-1.58017e-10
3.9539e-06
-1.4084e-10
3.95396e-06
-1.22163e-10
3.95402e-06
-1.02129e-10
3.95407e-06
-8.09107e-11
3.9541e-06
-5.87076e-11
3.95412e-06
-3.5737e-11
3.95413e-06
-1.22286e-11
3.95412e-06
1.15813e-11
3.9541e-06
3.54562e-11
3.95407e-06
5.91726e-11
3.95403e-06
8.25174e-11
3.95397e-06
1.05299e-10
3.95391e-06
1.27348e-10
3.95383e-06
1.48523e-10
3.95374e-06
1.68698e-10
3.95364e-06
1.87781e-10
3.95353e-06
2.05684e-10
3.95341e-06
2.2232e-10
3.95328e-06
2.37588e-10
3.95314e-06
2.51346e-10
3.953e-06
2.63398e-10
3.95286e-06
2.73445e-10
3.9527e-06
2.81098e-10
3.95255e-06
2.85785e-10
3.9524e-06
2.8689e-10
3.95224e-06
2.83491e-10
3.95209e-06
2.74956e-10
3.95195e-06
2.59908e-10
3.95182e-06
2.38581e-10
3.95171e-06
2.08605e-10
3.95161e-06
1.7465e-10
3.95154e-06
1.30484e-10
3.95149e-06
9.28989e-11
1.47428e-11
5.44225e-06
3.00832e-11
5.44226e-06
-1.83281e-11
5.44228e-06
-6.04968e-11
5.44233e-06
-1.14676e-10
5.4424e-06
-1.80708e-10
5.4425e-06
-2.51357e-10
5.44264e-06
-3.23014e-10
5.4428e-06
-3.92746e-10
5.44299e-06
-4.58612e-10
5.4432e-06
-5.19288e-10
5.44344e-06
-5.73854e-10
5.4437e-06
-6.21708e-10
5.44398e-06
-6.62501e-10
5.44427e-06
-6.96084e-10
5.44457e-06
-7.22473e-10
5.44488e-06
-7.41813e-10
5.4452e-06
-7.54353e-10
5.44552e-06
-7.60438e-10
5.44584e-06
-7.60493e-10
5.44616e-06
-7.55018e-10
5.44647e-06
-7.44587e-10
5.44678e-06
-7.29835e-10
5.44708e-06
-7.11446e-10
5.44737e-06
-6.90142e-10
5.44766e-06
-6.66657e-10
5.44793e-06
-6.41719e-10
5.44819e-06
-6.16028e-10
5.44845e-06
-5.90234e-10
5.44869e-06
-5.64924e-10
5.44892e-06
-5.40605e-10
5.44914e-06
-5.17695e-10
5.44936e-06
-4.96523e-10
5.44956e-06
-4.77324e-10
5.44976e-06
-4.60249e-10
5.44995e-06
-4.45368e-10
5.45014e-06
-4.32687e-10
5.45032e-06
-4.22153e-10
5.4505e-06
-4.1367e-10
5.45068e-06
-4.07111e-10
5.45086e-06
-4.02328e-10
5.45103e-06
-3.9916e-10
5.4512e-06
-3.97441e-10
5.45138e-06
-3.97001e-10
5.45155e-06
-3.97673e-10
5.45172e-06
-3.99288e-10
5.4519e-06
-4.01677e-10
5.45207e-06
-4.04665e-10
5.45225e-06
-4.08073e-10
5.45243e-06
-4.11709e-10
5.45261e-06
-4.1537e-10
5.45279e-06
-4.18836e-10
5.45298e-06
-4.21874e-10
5.45316e-06
-4.24235e-10
5.45335e-06
-4.25655e-10
5.45353e-06
-4.25862e-10
5.45372e-06
-4.2458e-10
5.4539e-06
-4.21532e-10
5.45408e-06
-4.16451e-10
5.45426e-06
-4.09087e-10
5.45443e-06
-3.99215e-10
5.4546e-06
-3.86641e-10
5.45476e-06
-3.71216e-10
5.45492e-06
-3.52838e-10
5.45506e-06
-3.31461e-10
5.45519e-06
-3.07098e-10
5.45531e-06
-2.79824e-10
5.45542e-06
-2.49778e-10
5.45552e-06
-2.17159e-10
5.4556e-06
-1.82223e-10
5.45566e-06
-1.45278e-10
5.45571e-06
-1.06671e-10
5.45574e-06
-6.67856e-11
5.45576e-06
-2.60213e-11
5.45575e-06
1.52127e-11
5.45573e-06
5.65077e-11
5.45569e-06
9.7479e-11
5.45564e-06
1.37764e-10
5.45557e-06
1.77036e-10
5.45548e-06
2.15013e-10
5.45537e-06
2.51458e-10
5.45526e-06
2.86167e-10
5.45513e-06
3.1899e-10
5.45498e-06
3.49792e-10
5.45483e-06
3.78435e-10
5.45466e-06
4.04758e-10
5.45448e-06
4.28536e-10
5.45429e-06
4.49442e-10
5.4541e-06
4.66984e-10
5.4539e-06
4.80492e-10
5.4537e-06
4.89016e-10
5.45349e-06
4.91464e-10
5.45329e-06
4.86327e-10
5.45309e-06
4.72364e-10
5.4529e-06
4.47485e-10
5.45273e-06
4.11498e-10
5.45258e-06
3.61344e-10
5.45245e-06
3.02626e-10
5.45235e-06
2.27879e-10
5.45229e-06
1.56981e-10
2.52151e-11
6.89561e-06
4.87052e-11
6.89561e-06
-1.82251e-11
6.89563e-06
-8.45602e-11
6.89568e-06
-1.67008e-10
6.89577e-06
-2.66215e-10
6.89589e-06
-3.72462e-10
6.89605e-06
-4.80475e-10
6.89624e-06
-5.85956e-10
6.89647e-06
-6.85942e-10
6.89673e-06
-7.78381e-10
6.89702e-06
-8.61828e-10
6.89733e-06
-9.35323e-10
6.89767e-06
-9.98286e-10
6.89802e-06
-1.05045e-09
6.89839e-06
-1.09178e-09
6.89877e-06
-1.12246e-09
6.89916e-06
-1.14285e-09
6.89955e-06
-1.15343e-09
6.89995e-06
-1.15483e-09
6.90034e-06
-1.14779e-09
6.90073e-06
-1.13317e-09
6.90111e-06
-1.11194e-09
6.90148e-06
-1.08511e-09
6.90185e-06
-1.0538e-09
6.9022e-06
-1.01911e-09
6.90254e-06
-9.82138e-10
6.90287e-06
-9.43957e-10
6.90318e-06
-9.05554e-10
6.90349e-06
-8.67817e-10
6.90378e-06
-8.31517e-10
6.90406e-06
-7.97292e-10
6.90433e-06
-7.65641e-10
6.90459e-06
-7.36925e-10
6.90484e-06
-7.11374e-10
6.90508e-06
-6.89104e-10
6.90532e-06
-6.70123e-10
6.90555e-06
-6.54359e-10
6.90578e-06
-6.41673e-10
6.906e-06
-6.31878e-10
6.90623e-06
-6.24755e-10
6.90645e-06
-6.20067e-10
6.90667e-06
-6.17564e-10
6.90689e-06
-6.16995e-10
6.90711e-06
-6.18108e-10
6.90733e-06
-6.20648e-10
6.90755e-06
-6.24358e-10
6.90778e-06
-6.28974e-10
6.908e-06
-6.34219e-10
6.90823e-06
-6.39799e-10
6.90846e-06
-6.45402e-10
6.90869e-06
-6.50688e-10
6.90893e-06
-6.55299e-10
6.90916e-06
-6.58849e-10
6.9094e-06
-6.60935e-10
6.90963e-06
-6.6114e-10
6.90987e-06
-6.59038e-10
6.9101e-06
-6.54209e-10
6.91033e-06
-6.46246e-10
6.91055e-06
-6.3477e-10
6.91077e-06
-6.1944e-10
6.91099e-06
-5.99968e-10
6.91119e-06
-5.76132e-10
6.91139e-06
-5.47784e-10
6.91157e-06
-5.14862e-10
6.91174e-06
-4.77396e-10
6.9119e-06
-4.35511e-10
6.91204e-06
-3.89427e-10
6.91216e-06
-3.39457e-10
6.91226e-06
-2.86001e-10
6.91235e-06
-2.29535e-10
6.91241e-06
-1.70595e-10
6.91245e-06
-1.09769e-10
6.91247e-06
-4.76701e-11
6.91247e-06
1.50794e-11
6.91245e-06
7.78587e-11
6.91241e-06
1.40085e-10
6.91235e-06
2.01213e-10
6.91226e-06
2.60755e-10
6.91216e-06
3.1829e-10
6.91204e-06
3.73473e-10
6.9119e-06
4.26006e-10
6.91174e-06
4.75679e-10
6.91157e-06
5.22302e-10
6.91138e-06
5.65685e-10
6.91118e-06
6.05604e-10
6.91097e-06
6.4174e-10
6.91074e-06
6.73616e-10
6.91051e-06
7.00513e-10
6.91027e-06
7.21434e-10
6.91002e-06
7.34977e-10
6.90977e-06
7.3947e-10
6.90953e-06
7.32705e-10
6.90929e-06
7.12674e-10
6.90906e-06
6.76447e-10
6.90885e-06
6.23207e-10
6.90866e-06
5.49135e-10
6.9085e-06
4.60477e-10
6.90838e-06
3.486e-10
6.9083e-06
2.34968e-10
3.74426e-11
8.304e-06
7.23312e-11
8.304e-06
-1.37747e-11
8.30402e-06
-1.08034e-10
8.30408e-06
-2.23457e-10
8.30417e-06
-3.60845e-10
8.30431e-06
-5.08117e-10
8.30448e-06
-6.58157e-10
8.3047e-06
-8.05158e-10
8.30496e-06
-9.44976e-10
8.30526e-06
-1.07469e-09
8.30559e-06
-1.19223e-09
8.30595e-06
-1.29618e-09
8.30634e-06
-1.38566e-09
8.30675e-06
-1.46023e-09
8.30718e-06
-1.51979e-09
8.30762e-06
-1.56454e-09
8.30807e-06
-1.59493e-09
8.30853e-06
-1.6116e-09
8.30899e-06
-1.61539e-09
8.30945e-06
-1.60732e-09
8.30991e-06
-1.58859e-09
8.31035e-06
-1.56051e-09
8.31079e-06
-1.52453e-09
8.31122e-06
-1.48216e-09
8.31164e-06
-1.43496e-09
8.31204e-06
-1.38448e-09
8.31243e-06
-1.3322e-09
8.3128e-06
-1.2795e-09
8.31316e-06
-1.22763e-09
8.31351e-06
-1.17768e-09
8.31384e-06
-1.13052e-09
8.31416e-06
-1.08688e-09
8.31447e-06
-1.04726e-09
8.31477e-06
-1.01198e-09
8.31507e-06
-9.8122e-10
8.31535e-06
-9.54998e-10
8.31563e-06
-9.33219e-10
8.3159e-06
-9.157e-10
8.31617e-06
-9.02187e-10
8.31644e-06
-8.92383e-10
8.31671e-06
-8.85963e-10
8.31697e-06
-8.82586e-10
8.31724e-06
-8.81907e-10
8.3175e-06
-8.83574e-10
8.31777e-06
-8.87237e-10
8.31804e-06
-8.92534e-10
8.31831e-06
-8.99095e-10
8.31858e-06
-9.0653e-10
8.31885e-06
-9.14425e-10
8.31913e-06
-9.22336e-10
8.31941e-06
-9.29785e-10
8.31969e-06
-9.3626e-10
8.31997e-06
-9.41219e-10
8.32026e-06
-9.4409e-10
8.32054e-06
-9.44283e-10
8.32082e-06
-9.412e-10
8.3211e-06
-9.34249e-10
8.32138e-06
-9.2286e-10
8.32165e-06
-9.06502e-10
8.32192e-06
-8.84699e-10
8.32217e-06
-8.57055e-10
8.32242e-06
-8.23262e-10
8.32266e-06
-7.83123e-10
8.32288e-06
-7.3656e-10
8.32308e-06
-6.83624e-10
8.32327e-06
-6.24502e-10
8.32344e-06
-5.59513e-10
8.32359e-06
-4.89109e-10
8.32372e-06
-4.1386e-10
8.32383e-06
-3.34442e-10
8.32391e-06
-2.51617e-10
8.32396e-06
-1.66213e-10
8.32399e-06
-7.90938e-11
8.324e-06
8.86574e-12
8.32398e-06
9.6797e-11
8.32394e-06
1.83886e-10
8.32387e-06
2.69376e-10
8.32378e-06
3.52592e-10
8.32366e-06
4.32957e-10
8.32353e-06
5.09999e-10
8.32337e-06
5.83322e-10
8.32319e-06
6.52645e-10
8.323e-06
7.17727e-10
8.32278e-06
7.78323e-10
8.32256e-06
8.34147e-10
8.32231e-06
8.84778e-10
8.32206e-06
9.29581e-10
8.32179e-06
9.67585e-10
8.32151e-06
9.97423e-10
8.32123e-06
1.01718e-09
8.32094e-06
1.02453e-09
8.32066e-06
1.01645e-09
8.32038e-06
9.90047e-10
8.32012e-06
9.4141e-10
8.31987e-06
8.68935e-10
8.31965e-06
7.67921e-10
8.31947e-06
6.45e-10
8.31933e-06
4.90314e-10
8.31924e-06
3.25574e-10
5.11141e-11
9.66717e-06
1.00841e-10
9.66716e-06
-4.5495e-12
9.66718e-06
-1.29557e-10
9.66724e-06
-2.81944e-10
9.66734e-06
-4.61778e-10
9.66749e-06
-6.54707e-10
9.66768e-06
-8.5165e-10
9.66792e-06
-1.04518e-09
9.66821e-06
-1.22986e-09
9.66853e-06
-1.40178e-09
9.6689e-06
-1.55812e-09
9.6693e-06
-1.69693e-09
9.66973e-06
-1.81698e-09
9.67019e-06
-1.91758e-09
9.67067e-06
-1.99854e-09
9.67116e-06
-2.06006e-09
9.67167e-06
-2.10264e-09
9.67219e-06
-2.12711e-09
9.67271e-06
-2.13453e-09
9.67322e-06
-2.12622e-09
9.67374e-06
-2.10371e-09
9.67425e-06
-2.06875e-09
9.67475e-06
-2.02321e-09
9.67523e-06
-1.96911e-09
9.67571e-06
-1.90848e-09
9.67617e-06
-1.84336e-09
9.67661e-06
-1.77572e-09
9.67704e-06
-1.70738e-09
9.67745e-06
-1.63999e-09
9.67785e-06
-1.57499e-09
9.67823e-06
-1.51357e-09
9.6786e-06
-1.45665e-09
9.67896e-06
-1.40494e-09
9.6793e-06
-1.35886e-09
9.67964e-06
-1.31866e-09
9.67997e-06
-1.28438e-09
9.68029e-06
-1.2559e-09
9.68061e-06
-1.23299e-09
9.68092e-06
-1.21533e-09
9.68123e-06
-1.20255e-09
9.68154e-06
-1.19421e-09
9.68185e-06
-1.18988e-09
9.68216e-06
-1.18911e-09
9.68247e-06
-1.19144e-09
9.68277e-06
-1.1964e-09
9.68309e-06
-1.20353e-09
9.6834e-06
-1.21234e-09
9.68371e-06
-1.22229e-09
9.68403e-06
-1.23285e-09
9.68435e-06
-1.24342e-09
9.68468e-06
-1.25336e-09
9.685e-06
-1.26199e-09
9.68533e-06
-1.26858e-09
9.68566e-06
-1.27237e-09
9.68599e-06
-1.27258e-09
9.68631e-06
-1.26841e-09
9.68664e-06
-1.25907e-09
9.68696e-06
-1.24381e-09
9.68728e-06
-1.22191e-09
9.68758e-06
-1.19277e-09
9.68788e-06
-1.15585e-09
9.68817e-06
-1.11076e-09
9.68844e-06
-1.05724e-09
9.6887e-06
-9.95195e-10
9.68894e-06
-9.24706e-10
9.68917e-06
-8.4603e-10
9.68937e-06
-7.59604e-10
9.68954e-06
-6.66036e-10
9.68969e-06
-5.66091e-10
9.68982e-06
-4.60674e-10
9.68992e-06
-3.50805e-10
9.68999e-06
-2.37585e-10
9.69003e-06
-1.22163e-10
9.69005e-06
-5.69884e-12
9.69004e-06
1.10657e-10
9.68999e-06
2.25831e-10
9.68992e-06
3.38827e-10
9.68983e-06
4.48762e-10
9.68971e-06
5.54882e-10
9.68956e-06
6.5658e-10
9.68939e-06
7.53349e-10
9.6892e-06
8.4484e-10
9.68898e-06
9.30754e-10
9.68875e-06
1.0108e-09
9.6885e-06
1.08462e-09
9.68823e-06
1.1517e-09
9.68795e-06
1.21123e-09
9.68766e-06
1.26199e-09
9.68735e-06
1.30219e-09
9.68704e-06
1.32937e-09
9.68672e-06
1.34046e-09
9.68641e-06
1.33156e-09
9.6861e-06
1.29877e-09
9.6858e-06
1.23706e-09
9.68553e-06
1.14391e-09
9.68528e-06
1.01357e-09
9.68507e-06
8.5285e-10
9.68491e-06
6.50552e-10
9.68481e-06
4.27489e-10
6.59645e-11
1.09849e-05
1.33978e-10
1.09848e-05
9.55161e-12
1.09849e-05
-1.48202e-10
1.09849e-05
-3.40817e-10
1.0985e-05
-5.66652e-10
1.09852e-05
-8.09117e-10
1.09854e-05
-1.05708e-09
1.09856e-05
-1.30143e-09
1.09859e-05
-1.53531e-09
1.09863e-05
-1.75374e-09
1.09867e-05
-1.95306e-09
1.09871e-05
-2.13072e-09
1.09876e-05
-2.28503e-09
1.09881e-05
-2.41504e-09
1.09886e-05
-2.52041e-09
1.09892e-05
-2.6013e-09
1.09897e-05
-2.65828e-09
1.09903e-05
-2.69233e-09
1.09908e-05
-2.70473e-09
1.09914e-05
-2.69714e-09
1.0992e-05
-2.67144e-09
1.09925e-05
-2.62982e-09
1.09931e-05
-2.57465e-09
1.09936e-05
-2.50843e-09
1.09942e-05
-2.43377e-09
1.09947e-05
-2.35322e-09
1.09952e-05
-2.26927e-09
1.09956e-05
-2.18425e-09
1.09961e-05
-2.10025e-09
1.09965e-05
-2.01908e-09
1.0997e-05
-1.94227e-09
1.09974e-05
-1.87103e-09
1.09978e-05
-1.80622e-09
1.09982e-05
-1.74843e-09
1.09986e-05
-1.69797e-09
1.09989e-05
-1.65491e-09
1.09993e-05
-1.61913e-09
1.09996e-05
-1.59035e-09
1.1e-05
-1.56817e-09
1.10004e-05
-1.55213e-09
1.10007e-05
-1.5417e-09
1.1001e-05
-1.53635e-09
1.10014e-05
-1.5355e-09
1.10017e-05
-1.53858e-09
1.10021e-05
-1.54502e-09
1.10024e-05
-1.55421e-09
1.10028e-05
-1.56552e-09
1.10031e-05
-1.5783e-09
1.10035e-05
-1.59185e-09
1.10039e-05
-1.60541e-09
1.10042e-05
-1.61816e-09
1.10046e-05
-1.62923e-09
1.1005e-05
-1.63769e-09
1.10053e-05
-1.64257e-09
1.10057e-05
-1.64287e-09
1.10061e-05
-1.63756e-09
1.10064e-05
-1.62565e-09
1.10068e-05
-1.60618e-09
1.10072e-05
-1.57824e-09
1.10075e-05
-1.54106e-09
1.10079e-05
-1.49396e-09
1.10082e-05
-1.43645e-09
1.10085e-05
-1.36821e-09
1.10088e-05
-1.28912e-09
1.10091e-05
-1.19931e-09
1.10093e-05
-1.0991e-09
1.10095e-05
-9.89053e-10
1.10097e-05
-8.69964e-10
1.10099e-05
-7.42809e-10
1.10101e-05
-6.08749e-10
1.10102e-05
-4.69084e-10
1.10103e-05
-3.2522e-10
1.10103e-05
-1.7862e-10
1.10104e-05
-3.07638e-11
1.10103e-05
1.16897e-10
1.10103e-05
2.62995e-10
1.10102e-05
4.06273e-10
1.10101e-05
5.4562e-10
1.101e-05
6.80091e-10
1.10099e-05
8.08929e-10
1.10097e-05
9.31512e-10
1.10095e-05
1.04741e-09
1.10093e-05
1.15629e-09
1.1009e-05
1.25778e-09
1.10087e-05
1.3515e-09
1.10085e-05
1.4368e-09
1.10082e-05
1.51273e-09
1.10078e-05
1.57777e-09
1.10075e-05
1.62972e-09
1.10072e-05
1.66552e-09
1.10068e-05
1.68132e-09
1.10065e-05
1.67223e-09
1.10062e-05
1.63327e-09
1.10058e-05
1.55818e-09
1.10055e-05
1.44337e-09
1.10053e-05
1.28191e-09
1.1005e-05
1.08056e-09
1.10049e-05
8.26689e-10
1.10048e-05
5.39276e-10
8.17075e-11
1.22568e-05
1.71393e-10
1.22568e-05
2.83572e-11
1.22568e-05
-1.63431e-10
1.22569e-05
-3.98844e-10
1.2257e-05
-6.73564e-10
1.22571e-05
-9.68737e-10
1.22573e-05
-1.27111e-09
1.22576e-05
-1.56984e-09
1.22579e-05
-1.8566e-09
1.22583e-05
-2.12524e-09
1.22587e-05
-2.37119e-09
1.22592e-05
-2.5912e-09
1.22597e-05
-2.7831e-09
1.22602e-05
-2.9456e-09
1.22608e-05
-3.07817e-09
1.22614e-05
-3.1809e-09
1.2262e-05
-3.25441e-09
1.22626e-05
-3.29982e-09
1.22632e-05
-3.31866e-09
1.22638e-05
-3.31287e-09
1.22644e-05
-3.28475e-09
1.2265e-05
-3.23693e-09
1.22656e-05
-3.17227e-09
1.22662e-05
-3.09386e-09
1.22668e-05
-3.00483e-09
1.22673e-05
-2.90835e-09
1.22679e-05
-2.80744e-09
1.22684e-05
-2.70497e-09
1.22689e-05
-2.6035e-09
1.22694e-05
-2.50529e-09
1.22698e-05
-2.41221e-09
1.22703e-05
-2.32576e-09
1.22707e-05
-2.24702e-09
1.22712e-05
-2.17675e-09
1.22716e-05
-2.11533e-09
1.2272e-05
-2.06288e-09
1.22724e-05
-2.01927e-09
1.22728e-05
-1.98418e-09
1.22732e-05
-1.95714e-09
1.22736e-05
-1.9376e-09
1.22739e-05
-1.92493e-09
1.22743e-05
-1.91848e-09
1.22747e-05
-1.91756e-09
1.22751e-05
-1.92147e-09
1.22755e-05
-1.92952e-09
1.22759e-05
-1.94096e-09
1.22762e-05
-1.95503e-09
1.22766e-05
-1.97092e-09
1.2277e-05
-1.98776e-09
1.22774e-05
-2.00462e-09
1.22778e-05
-2.02049e-09
1.22782e-05
-2.0343e-09
1.22786e-05
-2.04488e-09
1.22791e-05
-2.05104e-09
1.22795e-05
-2.05155e-09
1.22799e-05
-2.04513e-09
1.22803e-05
-2.03057e-09
1.22807e-05
-2.00667e-09
1.22811e-05
-1.97233e-09
1.22815e-05
-1.92658e-09
1.22818e-05
-1.86861e-09
1.22822e-05
-1.7978e-09
1.22825e-05
-1.71377e-09
1.22829e-05
-1.61639e-09
1.22832e-05
-1.5058e-09
1.22835e-05
-1.38242e-09
1.22837e-05
-1.24696e-09
1.22839e-05
-1.10038e-09
1.22841e-05
-9.43904e-10
1.22843e-05
-7.78966e-10
1.22845e-05
-6.07172e-10
1.22846e-05
-4.30255e-10
1.22846e-05
-2.5002e-10
1.22847e-05
-6.82863e-11
1.22847e-05
1.13161e-10
1.22846e-05
2.92642e-10
1.22846e-05
4.68616e-10
1.22845e-05
6.39725e-10
1.22844e-05
8.04819e-10
1.22842e-05
9.62979e-10
1.2284e-05
1.11346e-09
1.22838e-05
1.25576e-09
1.22836e-05
1.38948e-09
1.22833e-05
1.51422e-09
1.2283e-05
1.62953e-09
1.22828e-05
1.73468e-09
1.22824e-05
1.82853e-09
1.22821e-05
1.90927e-09
1.22818e-05
1.9743e-09
1.22814e-05
2.01989e-09
1.2281e-05
2.04139e-09
1.22807e-05
2.03287e-09
1.22803e-05
1.98815e-09
1.228e-05
1.89966e-09
1.22797e-05
1.7626e-09
1.22794e-05
1.56873e-09
1.22791e-05
1.32458e-09
1.22789e-05
1.01595e-09
1.22788e-05
6.59327e-10
9.79912e-11
1.34828e-05
2.12674e-10
1.34828e-05
5.15099e-11
1.34828e-05
-1.75049e-10
1.34829e-05
-4.55197e-10
1.3483e-05
-7.81055e-10
1.34831e-05
-1.13145e-09
1.34834e-05
-1.49095e-09
1.34836e-05
-1.84695e-09
1.3484e-05
-2.1896e-09
1.34844e-05
-2.51154e-09
1.34848e-05
-2.8072e-09
1.34853e-05
-3.07259e-09
1.34858e-05
-3.30497e-09
1.34864e-05
-3.50269e-09
1.34869e-05
-3.66499e-09
1.34876e-05
-3.79185e-09
1.34882e-05
-3.88393e-09
1.34888e-05
-3.94245e-09
1.34895e-05
-3.96919e-09
1.34901e-05
-3.96638e-09
1.34908e-05
-3.93672e-09
1.34914e-05
-3.88331e-09
1.34921e-05
-3.80954e-09
1.34927e-05
-3.71906e-09
1.34933e-05
-3.6156e-09
1.34939e-05
-3.50292e-09
1.34945e-05
-3.38466e-09
1.3495e-05
-3.26421e-09
1.34956e-05
-3.14467e-09
1.34961e-05
-3.02874e-09
1.34966e-05
-2.91869e-09
1.34971e-05
-2.81633e-09
1.34976e-05
-2.72298e-09
1.3498e-05
-2.63958e-09
1.34985e-05
-2.56661e-09
1.34989e-05
-2.50424e-09
1.34994e-05
-2.45234e-09
1.34998e-05
-2.41055e-09
1.35002e-05
-2.37834e-09
1.35006e-05
-2.35507e-09
1.3501e-05
-2.34001e-09
1.35015e-05
-2.33237e-09
1.35019e-05
-2.33137e-09
1.35023e-05
-2.33618e-09
1.35027e-05
-2.34595e-09
1.35031e-05
-2.35982e-09
1.35035e-05
-2.37686e-09
1.3504e-05
-2.39611e-09
1.35044e-05
-2.41653e-09
1.35048e-05
-2.43699e-09
1.35053e-05
-2.45628e-09
1.35057e-05
-2.4731e-09
1.35061e-05
-2.48607e-09
1.35066e-05
-2.49375e-09
1.3507e-05
-2.49463e-09
1.35075e-05
-2.48722e-09
1.35079e-05
-2.47002e-09
1.35083e-05
-2.44161e-09
1.35088e-05
-2.40066e-09
1.35092e-05
-2.34602e-09
1.35096e-05
-2.27669e-09
1.351e-05
-2.19196e-09
1.35104e-05
-2.09135e-09
1.35107e-05
-1.97473e-09
1.35111e-05
-1.84225e-09
1.35114e-05
-1.69443e-09
1.35117e-05
-1.53212e-09
1.35119e-05
-1.35648e-09
1.35121e-05
-1.16899e-09
1.35123e-05
-9.71363e-10
1.35125e-05
-7.65531e-10
1.35126e-05
-5.53576e-10
1.35127e-05
-3.37665e-10
1.35128e-05
-1.19981e-10
1.35128e-05
9.73398e-11
1.35128e-05
3.12282e-10
1.35127e-05
5.23003e-10
1.35126e-05
7.27883e-10
1.35125e-05
9.25552e-10
1.35123e-05
1.11492e-09
1.35122e-05
1.29511e-09
1.35119e-05
1.46555e-09
1.35117e-05
1.62578e-09
1.35114e-05
1.77535e-09
1.35112e-05
1.91376e-09
1.35109e-05
2.0402e-09
1.35105e-05
2.15336e-09
1.35102e-05
2.25114e-09
1.35098e-05
2.33048e-09
1.35095e-05
2.38703e-09
1.35091e-05
2.41525e-09
1.35087e-05
2.40813e-09
1.35083e-05
2.35823e-09
1.3508e-05
2.25654e-09
1.35077e-05
2.09699e-09
1.35074e-05
1.86984e-09
1.35071e-05
1.58127e-09
1.35069e-05
1.21544e-09
1.35068e-05
7.85836e-10
1.14372e-10
1.46627e-05
2.57365e-10
1.46627e-05
7.85147e-11
1.46627e-05
-1.83147e-10
1.46627e-05
-5.09412e-10
1.46628e-05
-8.88086e-10
1.4663e-05
-1.2956e-09
1.46632e-05
-1.7143e-09
1.46635e-05
-2.12981e-09
1.46638e-05
-2.53074e-09
1.46642e-05
-2.90845e-09
1.46647e-05
-3.25635e-09
1.46652e-05
-3.56963e-09
1.46657e-05
-3.84497e-09
1.46663e-05
-4.08027e-09
1.46669e-05
-4.27451e-09
1.46675e-05
-4.42756e-09
1.46682e-05
-4.54007e-09
1.46689e-05
-4.61336e-09
1.46695e-05
-4.64942e-09
1.46702e-05
-4.65079e-09
1.46709e-05
-4.62057e-09
1.46716e-05
-4.56231e-09
1.46723e-05
-4.47996e-09
1.46729e-05
-4.37772e-09
1.46736e-05
-4.25996e-09
1.46742e-05
-4.13104e-09
1.46748e-05
-3.99522e-09
1.46754e-05
-3.85648e-09
1.4676e-05
-3.71846e-09
1.46765e-05
-3.58434e-09
1.46771e-05
-3.4568e-09
1.46776e-05
-3.33797e-09
1.46781e-05
-3.22948e-09
1.46786e-05
-3.1324e-09
1.46791e-05
-3.04738e-09
1.46795e-05
-2.97464e-09
1.468e-05
-2.91404e-09
1.46805e-05
-2.86521e-09
1.46809e-05
-2.82756e-09
1.46814e-05
-2.80034e-09
1.46818e-05
-2.78273e-09
1.46822e-05
-2.77383e-09
1.46827e-05
-2.77273e-09
1.46831e-05
-2.77846e-09
1.46836e-05
-2.79005e-09
1.4684e-05
-2.80648e-09
1.46845e-05
-2.82668e-09
1.46849e-05
-2.84951e-09
1.46854e-05
-2.87375e-09
1.46858e-05
-2.89808e-09
1.46863e-05
-2.92108e-09
1.46868e-05
-2.94122e-09
1.46872e-05
-2.95686e-09
1.46877e-05
-2.96631e-09
1.46882e-05
-2.96781e-09
1.46887e-05
-2.95957e-09
1.46891e-05
-2.93985e-09
1.46896e-05
-2.90698e-09
1.469e-05
-2.85938e-09
1.46905e-05
-2.79569e-09
1.46909e-05
-2.71476e-09
1.46914e-05
-2.61572e-09
1.46918e-05
-2.49804e-09
1.46922e-05
-2.36153e-09
1.46925e-05
-2.20639e-09
1.46929e-05
-2.03322e-09
1.46932e-05
-1.84302e-09
1.46934e-05
-1.63717e-09
1.46937e-05
-1.41738e-09
1.46939e-05
-1.18567e-09
1.46941e-05
-9.44324e-10
1.46942e-05
-6.95775e-10
1.46943e-05
-4.42569e-10
1.46944e-05
-1.87273e-10
1.46944e-05
6.76082e-11
1.46944e-05
3.19709e-10
1.46944e-05
5.66867e-10
1.46943e-05
8.07188e-10
1.46942e-05
1.03907e-09
1.4694e-05
1.26124e-09
1.46939e-05
1.47269e-09
1.46937e-05
1.67275e-09
1.46934e-05
1.86091e-09
1.46932e-05
2.0367e-09
1.46929e-05
2.19956e-09
1.46926e-05
2.34858e-09
1.46922e-05
2.4823e-09
1.46919e-05
2.59834e-09
1.46915e-05
2.69317e-09
1.46912e-05
2.76178e-09
1.46908e-05
2.79774e-09
1.46904e-05
2.7929e-09
1.469e-05
2.73852e-09
1.46896e-05
2.62404e-09
1.46893e-05
2.44201e-09
1.4689e-05
2.18109e-09
1.46887e-05
1.84697e-09
1.46885e-05
1.42212e-09
1.46884e-05
9.16805e-10
1.30306e-10
1.57962e-05
3.04991e-10
1.57962e-05
1.08784e-10
1.57962e-05
-1.88037e-10
1.57962e-05
-5.61337e-10
1.57963e-05
-9.93986e-10
1.57965e-05
-1.45996e-09
1.57967e-05
-1.93934e-09
1.5797e-05
-2.41599e-09
1.57973e-05
-2.87698e-09
1.57978e-05
-3.31234e-09
1.57982e-05
-3.71444e-09
1.57987e-05
-4.07762e-09
1.57993e-05
-4.39791e-09
1.57999e-05
-4.67276e-09
1.58005e-05
-4.90084e-09
1.58011e-05
-5.08186e-09
1.58018e-05
-5.21644e-09
1.58025e-05
-5.30602e-09
1.58032e-05
-5.35274e-09
1.58039e-05
-5.35948e-09
1.58046e-05
-5.32969e-09
1.58053e-05
-5.2674e-09
1.5806e-05
-5.17709e-09
1.58067e-05
-5.06355e-09
1.58074e-05
-4.93177e-09
1.5808e-05
-4.78675e-09
1.58087e-05
-4.63336e-09
1.58093e-05
-4.47621e-09
1.58099e-05
-4.31947e-09
1.58105e-05
-4.16685e-09
1.58111e-05
-4.02143e-09
1.58116e-05
-3.88574e-09
1.58121e-05
-3.76166e-09
1.58127e-05
-3.65049e-09
1.58132e-05
-3.553e-09
1.58137e-05
-3.46949e-09
1.58141e-05
-3.39985e-09
1.58146e-05
-3.34368e-09
1.58151e-05
-3.30031e-09
1.58156e-05
-3.26894e-09
1.5816e-05
-3.24863e-09
1.58165e-05
-3.23838e-09
1.5817e-05
-3.23713e-09
1.58174e-05
-3.2438e-09
1.58179e-05
-3.25726e-09
1.58184e-05
-3.27637e-09
1.58188e-05
-3.29987e-09
1.58193e-05
-3.32647e-09
1.58198e-05
-3.35477e-09
1.58203e-05
-3.38323e-09
1.58208e-05
-3.41021e-09
1.58213e-05
-3.43394e-09
1.58218e-05
-3.45256e-09
1.58222e-05
-3.46407e-09
1.58227e-05
-3.46645e-09
1.58232e-05
-3.45765e-09
1.58237e-05
-3.43563e-09
1.58242e-05
-3.39846e-09
1.58247e-05
-3.34432e-09
1.58252e-05
-3.27163e-09
1.58257e-05
-3.17905e-09
1.58261e-05
-3.06559e-09
1.58265e-05
-2.9306e-09
1.5827e-05
-2.77388e-09
1.58273e-05
-2.59564e-09
1.58277e-05
-2.39658e-09
1.5828e-05
-2.17785e-09
1.58283e-05
-1.94101e-09
1.58286e-05
-1.68805e-09
1.58289e-05
-1.42131e-09
1.5829e-05
-1.14339e-09
1.58292e-05
-8.57119e-10
1.58293e-05
-5.65425e-10
1.58294e-05
-2.71267e-10
1.58295e-05
2.24633e-11
1.58295e-05
3.13037e-10
1.58294e-05
5.97962e-10
1.58294e-05
8.75052e-10
1.58293e-05
1.14246e-09
1.58291e-05
1.39874e-09
1.5829e-05
1.64271e-09
1.58288e-05
1.87364e-09
1.58285e-05
2.09096e-09
1.58283e-05
2.29415e-09
1.5828e-05
2.4826e-09
1.58277e-05
2.65535e-09
1.58274e-05
2.81075e-09
1.5827e-05
2.94614e-09
1.58266e-05
3.05755e-09
1.58263e-05
3.13929e-09
1.58259e-05
3.18401e-09
1.58255e-05
3.18238e-09
1.58251e-05
3.12429e-09
1.58247e-05
2.99757e-09
1.58244e-05
2.79329e-09
1.58241e-05
2.4984e-09
1.58238e-05
2.11803e-09
1.58236e-05
1.63292e-09
1.58234e-05
1.05006e-09
1.45146e-10
1.68832e-05
3.55059e-10
1.68832e-05
1.4167e-10
1.68832e-05
-1.90204e-10
1.68832e-05
-6.11086e-10
1.68833e-05
-1.09841e-09
1.68835e-05
-1.62366e-09
1.68837e-05
-2.16467e-09
1.6884e-05
-2.70352e-09
1.68843e-05
-3.22575e-09
1.68848e-05
-3.72008e-09
1.68852e-05
-4.1778e-09
1.68857e-05
-4.59236e-09
1.68863e-05
-4.95913e-09
1.68869e-05
-5.27506e-09
1.68875e-05
-5.5385e-09
1.68882e-05
-5.74897e-09
1.68889e-05
-5.90705e-09
1.68896e-05
-6.01423e-09
1.68903e-05
-6.07285e-09
1.6891e-05
-6.08604e-09
1.68918e-05
-6.05766e-09
1.68925e-05
-5.99218e-09
1.68932e-05
-5.89461e-09
1.68939e-05
-5.77033e-09
1.68946e-05
-5.62494e-09
1.68953e-05
-5.46408e-09
1.6896e-05
-5.29327e-09
1.68966e-05
-5.11772e-09
1.68972e-05
-4.94219e-09
1.68978e-05
-4.77089e-09
1.68984e-05
-4.60737e-09
1.6899e-05
-4.45453e-09
1.68995e-05
-4.31454e-09
1.69001e-05
-4.18894e-09
1.69006e-05
-4.07864e-09
1.69011e-05
-3.98403e-09
1.69016e-05
-3.90504e-09
1.69021e-05
-3.84124e-09
1.69026e-05
-3.79193e-09
1.69031e-05
-3.75621e-09
1.69036e-05
-3.73305e-09
1.69041e-05
-3.72132e-09
1.69045e-05
-3.71987e-09
1.6905e-05
-3.72746e-09
1.69055e-05
-3.74283e-09
1.6906e-05
-3.76468e-09
1.69065e-05
-3.79161e-09
1.6907e-05
-3.82214e-09
1.69075e-05
-3.85468e-09
1.6908e-05
-3.8875e-09
1.69085e-05
-3.91872e-09
1.6909e-05
-3.94634e-09
1.69095e-05
-3.96823e-09
1.691e-05
-3.98212e-09
1.69106e-05
-3.98571e-09
1.69111e-05
-3.97666e-09
1.69116e-05
-3.95265e-09
1.69121e-05
-3.91147e-09
1.69126e-05
-3.85106e-09
1.69131e-05
-3.76959e-09
1.69136e-05
-3.66554e-09
1.69141e-05
-3.53776e-09
1.69145e-05
-3.38552e-09
1.6915e-05
-3.20856e-09
1.69154e-05
-3.00712e-09
1.69158e-05
-2.78199e-09
1.69161e-05
-2.53443e-09
1.69164e-05
-2.26625e-09
1.69167e-05
-1.97967e-09
1.6917e-05
-1.67735e-09
1.69172e-05
-1.36224e-09
1.69174e-05
-1.03754e-09
1.69175e-05
-7.06579e-10
1.69176e-05
-3.72724e-10
1.69177e-05
-3.92553e-11
1.69177e-05
2.90724e-10
1.69177e-05
6.1438e-10
1.69176e-05
9.29228e-10
1.69176e-05
1.23317e-09
1.69174e-05
1.52455e-09
1.69173e-05
1.80206e-09
1.69171e-05
2.06485e-09
1.69169e-05
2.31232e-09
1.69166e-05
2.54388e-09
1.69163e-05
2.75891e-09
1.6916e-05
2.95635e-09
1.69157e-05
3.13442e-09
1.69154e-05
3.29016e-09
1.6915e-05
3.41916e-09
1.69146e-05
3.51503e-09
1.69142e-05
3.56951e-09
1.69138e-05
3.57202e-09
1.69135e-05
3.51106e-09
1.69131e-05
3.37276e-09
1.69127e-05
3.14663e-09
1.69124e-05
2.81781e-09
1.69121e-05
2.39083e-09
1.69119e-05
1.84468e-09
1.69118e-05
1.18327e-09
1.58156e-10
1.79235e-05
4.07073e-10
1.79235e-05
1.76492e-10
1.79235e-05
-1.90255e-10
1.79236e-05
-6.58972e-10
1.79237e-05
-1.20128e-09
1.79238e-05
-1.78618e-09
1.7924e-05
-2.38923e-09
1.79243e-05
-2.99081e-09
1.79247e-05
-3.57492e-09
1.79251e-05
-4.129e-09
1.79256e-05
-4.64321e-09
1.79261e-05
-5.11013e-09
1.79266e-05
-5.52442e-09
1.79272e-05
-5.88254e-09
1.79279e-05
-6.18247e-09
1.79286e-05
-6.42354e-09
1.79293e-05
-6.60625e-09
1.793e-05
-6.73213e-09
1.79307e-05
-6.8037e-09
1.79315e-05
-6.82435e-09
1.79322e-05
-6.79829e-09
1.79329e-05
-6.73044e-09
1.79337e-05
-6.62633e-09
1.79344e-05
-6.49191e-09
1.79351e-05
-6.3334e-09
1.79358e-05
-6.15708e-09
1.79365e-05
-5.96911e-09
1.79371e-05
-5.77531e-09
1.79378e-05
-5.58103e-09
1.79384e-05
-5.39101e-09
1.7939e-05
-5.20928e-09
1.79396e-05
-5.0391e-09
1.79401e-05
-4.88298e-09
1.79407e-05
-4.74269e-09
1.79412e-05
-4.61931e-09
1.79418e-05
-4.51333e-09
1.79423e-05
-4.42472e-09
1.79428e-05
-4.35305e-09
1.79433e-05
-4.29757e-09
1.79438e-05
-4.2573e-09
1.79443e-05
-4.23113e-09
1.79448e-05
-4.21782e-09
1.79453e-05
-4.21608e-09
1.79458e-05
-4.22455e-09
1.79463e-05
-4.24183e-09
1.79468e-05
-4.26647e-09
1.79473e-05
-4.29691e-09
1.79478e-05
-4.3315e-09
1.79483e-05
-4.36844e-09
1.79488e-05
-4.40582e-09
1.79494e-05
-4.44153e-09
1.79499e-05
-4.47331e-09
1.79504e-05
-4.49877e-09
1.79509e-05
-4.51539e-09
1.79515e-05
-4.52055e-09
1.7952e-05
-4.51164e-09
1.79525e-05
-4.48603e-09
1.79531e-05
-4.44124e-09
1.79536e-05
-4.37495e-09
1.79541e-05
-4.28509e-09
1.79546e-05
-4.16994e-09
1.79551e-05
-4.02819e-09
1.79556e-05
-3.85901e-09
1.7956e-05
-3.66208e-09
1.79565e-05
-3.43766e-09
1.79569e-05
-3.1866e-09
1.79572e-05
-2.91032e-09
1.79576e-05
-2.61081e-09
1.79579e-05
-2.29056e-09
1.79582e-05
-1.95253e-09
1.79584e-05
-1.60002e-09
1.79586e-05
-1.23661e-09
1.79588e-05
-8.6603e-10
1.79589e-05
-4.92051e-10
1.7959e-05
-1.18353e-10
1.7959e-05
2.51582e-10
1.7959e-05
6.14571e-10
1.7959e-05
9.6782e-10
1.79589e-05
1.30897e-09
1.79588e-05
1.63617e-09
1.79586e-05
1.94794e-09
1.79585e-05
2.24335e-09
1.79583e-05
2.52171e-09
1.7958e-05
2.78244e-09
1.79577e-05
3.02484e-09
1.79575e-05
3.24779e-09
1.79571e-05
3.44936e-09
1.79568e-05
3.62634e-09
1.79565e-05
3.77384e-09
1.79561e-05
3.88479e-09
1.79557e-05
3.94997e-09
1.79553e-05
3.95756e-09
1.79549e-05
3.8946e-09
1.79546e-05
3.74545e-09
1.79542e-05
3.498e-09
1.79539e-05
3.13547e-09
1.79536e-05
2.6618e-09
1.79534e-05
2.05426e-09
1.79533e-05
1.31401e-09
1.68521e-10
1.89171e-05
4.60537e-10
1.89171e-05
2.12547e-10
1.89171e-05
-1.88881e-10
1.89171e-05
-7.05466e-10
1.89172e-05
-1.30272e-09
1.89174e-05
-1.94722e-09
1.89176e-05
-2.61229e-09
1.89179e-05
-3.27663e-09
1.89182e-05
-3.92275e-09
1.89186e-05
-4.5368e-09
1.89191e-05
-5.10786e-09
1.89196e-05
-5.62761e-09
1.89202e-05
-6.09001e-09
1.89208e-05
-6.49098e-09
1.89215e-05
-6.82814e-09
1.89221e-05
-7.10059e-09
1.89228e-05
-7.30876e-09
1.89236e-05
-7.4542e-09
1.89243e-05
-7.53957e-09
1.8925e-05
-7.56852e-09
1.89258e-05
-7.54559e-09
1.89265e-05
-7.47614e-09
1.89273e-05
-7.36619e-09
1.8928e-05
-7.22226e-09
1.89287e-05
-7.05117e-09
1.89294e-05
-6.85984e-09
1.89301e-05
-6.65506e-09
1.89308e-05
-6.44326e-09
1.89314e-05
-6.23039e-09
1.89321e-05
-6.02172e-09
1.89327e-05
-5.82175e-09
1.89333e-05
-5.63416e-09
1.89338e-05
-5.46177e-09
1.89344e-05
-5.30661e-09
1.8935e-05
-5.16995e-09
1.89355e-05
-5.05238e-09
1.8936e-05
-4.95392e-09
1.89365e-05
-4.87415e-09
1.89371e-05
-4.81229e-09
1.89376e-05
-4.7673e-09
1.89381e-05
-4.73796e-09
1.89386e-05
-4.72293e-09
1.89391e-05
-4.7208e-09
1.89396e-05
-4.73008e-09
1.89401e-05
-4.74925e-09
1.89406e-05
-4.77668e-09
1.89411e-05
-4.81068e-09
1.89416e-05
-4.84941e-09
1.89422e-05
-4.8909e-09
1.89427e-05
-4.93302e-09
1.89432e-05
-4.97343e-09
1.89438e-05
-5.00964e-09
1.89443e-05
-5.03899e-09
1.89448e-05
-5.05868e-09
1.89454e-05
-5.06581e-09
1.89459e-05
-5.05747e-09
1.89465e-05
-5.03074e-09
1.8947e-05
-4.98284e-09
1.89476e-05
-4.9112e-09
1.89481e-05
-4.81349e-09
1.89486e-05
-4.6878e-09
1.89491e-05
-4.53265e-09
1.89496e-05
-4.34707e-09
1.89501e-05
-4.13072e-09
1.89505e-05
-3.88384e-09
1.89509e-05
-3.60734e-09
1.89513e-05
-3.30278e-09
1.89517e-05
-2.97233e-09
1.8952e-05
-2.61875e-09
1.89523e-05
-2.24527e-09
1.89526e-05
-1.85556e-09
1.89528e-05
-1.45357e-09
1.8953e-05
-1.04343e-09
1.89531e-05
-6.29303e-10
1.89532e-05
-2.15277e-10
1.89532e-05
1.94782e-10
1.89533e-05
5.97341e-10
1.89532e-05
9.89291e-10
1.89532e-05
1.36801e-09
1.89531e-05
1.73144e-09
1.8953e-05
2.07791e-09
1.89528e-05
2.40643e-09
1.89526e-05
2.71623e-09
1.89524e-05
3.00668e-09
1.89521e-05
3.27706e-09
1.89518e-05
3.52618e-09
1.89515e-05
3.75197e-09
1.89512e-05
3.95094e-09
1.89509e-05
4.11776e-09
1.89505e-05
4.24465e-09
1.89501e-05
4.32144e-09
1.89498e-05
4.33503e-09
1.89494e-05
4.27096e-09
1.8949e-05
4.11174e-09
1.89487e-05
3.84356e-09
1.89484e-05
3.4477e-09
1.89481e-05
2.92748e-09
1.89479e-05
2.25851e-09
1.89478e-05
1.43974e-09
1.75365e-10
1.98638e-05
5.14957e-10
1.98638e-05
2.4913e-10
1.98638e-05
-1.8682e-10
1.98638e-05
-7.5114e-10
1.98639e-05
-1.40301e-09
1.98641e-05
-2.10669e-09
1.98643e-05
-2.83333e-09
1.98646e-05
-3.55999e-09
1.98649e-05
-4.26776e-09
1.98653e-05
-4.94152e-09
1.98658e-05
-5.56929e-09
1.98663e-05
-6.14185e-09
1.98669e-05
-6.65245e-09
1.98675e-05
-7.09649e-09
1.98681e-05
-7.47121e-09
1.98688e-05
-7.77549e-09
1.98695e-05
-8.00962e-09
1.98702e-05
-8.1752e-09
1.98709e-05
-8.27501e-09
1.98717e-05
-8.31292e-09
1.98724e-05
-8.29381e-09
1.98732e-05
-8.22343e-09
1.98739e-05
-8.1083e-09
1.98747e-05
-7.95547e-09
1.98754e-05
-7.77237e-09
1.98761e-05
-7.56652e-09
1.98768e-05
-7.34534e-09
1.98775e-05
-7.11588e-09
1.98781e-05
-6.88466e-09
1.98787e-05
-6.6575e-09
1.98794e-05
-6.43937e-09
1.988e-05
-6.23436e-09
1.98805e-05
-6.04565e-09
1.98811e-05
-5.87552e-09
1.98817e-05
-5.72543e-09
1.98822e-05
-5.59609e-09
1.98827e-05
-5.4876e-09
1.98833e-05
-5.39955e-09
1.98838e-05
-5.33112e-09
1.98843e-05
-5.28122e-09
1.98848e-05
-5.24854e-09
1.98853e-05
-5.23165e-09
1.98858e-05
-5.22901e-09
1.98863e-05
-5.23903e-09
1.98868e-05
-5.26002e-09
1.98874e-05
-5.29023e-09
1.98879e-05
-5.3278e-09
1.98884e-05
-5.37073e-09
1.98889e-05
-5.41687e-09
1.98895e-05
-5.46387e-09
1.989e-05
-5.50918e-09
1.98905e-05
-5.55007e-09
1.98911e-05
-5.58362e-09
1.98916e-05
-5.60675e-09
1.98922e-05
-5.61627e-09
1.98927e-05
-5.60897e-09
1.98933e-05
-5.58165e-09
1.98938e-05
-5.53124e-09
1.98944e-05
-5.45489e-09
1.98949e-05
-5.35003e-09
1.98954e-05
-5.21453e-09
1.98959e-05
-5.04672e-09
1.98964e-05
-4.84555e-09
1.98969e-05
-4.61056e-09
1.98974e-05
-4.34202e-09
1.98978e-05
-4.04088e-09
1.98982e-05
-3.70881e-09
1.98986e-05
-3.34818e-09
1.98989e-05
-2.96197e-09
1.98993e-05
-2.55371e-09
1.98995e-05
-2.12739e-09
1.98998e-05
-1.68735e-09
1.99e-05
-1.23809e-09
1.99001e-05
-7.84193e-10
1.99002e-05
-3.30131e-10
1.99003e-05
1.19847e-10
1.99003e-05
5.6185e-10
1.99003e-05
9.92458e-10
1.99003e-05
1.40878e-09
1.99002e-05
1.80854e-09
1.99001e-05
2.18989e-09
1.99e-05
2.55175e-09
1.98998e-05
2.89329e-09
1.98996e-05
3.21382e-09
1.98993e-05
3.5126e-09
1.98991e-05
3.78837e-09
1.98988e-05
4.03893e-09
1.98985e-05
4.26052e-09
1.98981e-05
4.44738e-09
1.98978e-05
4.591e-09
1.98974e-05
4.68026e-09
1.98971e-05
4.70074e-09
1.98967e-05
4.63643e-09
1.98964e-05
4.46794e-09
1.9896e-05
4.1797e-09
1.98957e-05
3.75096e-09
1.98955e-05
3.1845e-09
1.98953e-05
2.45433e-09
1.98951e-05
1.55791e-09
1.7777e-10
2.07635e-05
5.69844e-10
2.07635e-05
2.85536e-10
2.07635e-05
-1.84837e-10
2.07635e-05
-7.96628e-10
2.07636e-05
-1.50252e-09
2.07638e-05
-2.26463e-09
2.0764e-05
-3.05197e-09
2.07643e-05
-3.8401e-09
2.07646e-05
-4.60869e-09
2.0765e-05
-5.34144e-09
2.07655e-05
-6.02529e-09
2.0766e-05
-6.65017e-09
2.07666e-05
-7.20863e-09
2.07672e-05
-7.69553e-09
2.07678e-05
-8.10773e-09
2.07685e-05
-8.44388e-09
2.07692e-05
-8.70416e-09
2.07699e-05
-8.89017e-09
2.07706e-05
-9.00481e-09
2.07713e-05
-9.05215e-09
2.07721e-05
-9.03737e-09
2.07728e-05
-8.96664e-09
2.07736e-05
-8.84691e-09
2.07743e-05
-8.68577e-09
2.0775e-05
-8.49122e-09
2.07757e-05
-8.27137e-09
2.07764e-05
-8.03424e-09
2.07771e-05
-7.78751e-09
2.07777e-05
-7.53826e-09
2.07784e-05
-7.29284e-09
2.0779e-05
-7.05671e-09
2.07796e-05
-6.83438e-09
2.07802e-05
-6.62937e-09
2.07807e-05
-6.44423e-09
2.07813e-05
-6.28062e-09
2.07818e-05
-6.13939e-09
2.07824e-05
-6.02073e-09
2.07829e-05
-5.92422e-09
2.07834e-05
-5.84906e-09
2.07839e-05
-5.79407e-09
2.07844e-05
-5.7579e-09
2.0785e-05
-5.739e-09
2.07855e-05
-5.73572e-09
2.0786e-05
-5.74636e-09
2.07865e-05
-5.76909e-09
2.0787e-05
-5.80203e-09
2.07875e-05
-5.84316e-09
2.0788e-05
-5.89032e-09
2.07885e-05
-5.94117e-09
2.07891e-05
-5.99318e-09
2.07896e-05
-6.04357e-09
2.07901e-05
-6.08937e-09
2.07907e-05
-6.12741e-09
2.07912e-05
-6.15435e-09
2.07918e-05
-6.1667e-09
2.07923e-05
-6.16096e-09
2.07929e-05
-6.13365e-09
2.07934e-05
-6.08139e-09
2.0794e-05
-6.00107e-09
2.07945e-05
-5.88987e-09
2.07951e-05
-5.74543e-09
2.07956e-05
-5.56592e-09
2.07961e-05
-5.35014e-09
2.07966e-05
-5.09756e-09
2.0797e-05
-4.80842e-09
2.07975e-05
-4.48372e-09
2.07979e-05
-4.12524e-09
2.07983e-05
-3.7355e-09
2.07986e-05
-3.31771e-09
2.0799e-05
-2.87569e-09
2.07992e-05
-2.41375e-09
2.07995e-05
-1.93656e-09
2.07997e-05
-1.44903e-09
2.07999e-05
-9.56115e-10
2.08e-05
-4.62685e-10
2.08001e-05
2.66331e-11
2.08002e-05
5.076e-10
2.08002e-05
9.76479e-10
2.08002e-05
1.43011e-09
2.08001e-05
1.866e-09
2.08e-05
2.28212e-09
2.07999e-05
2.6773e-09
2.07997e-05
3.05063e-09
2.07995e-05
3.40138e-09
2.07993e-05
3.72878e-09
2.07991e-05
4.03151e-09
2.07988e-05
4.30725e-09
2.07985e-05
4.55197e-09
2.07982e-05
4.75947e-09
2.07979e-05
4.92054e-09
2.07975e-05
5.02305e-09
2.07972e-05
5.05126e-09
2.07968e-05
4.98756e-09
2.07965e-05
4.81061e-09
2.07962e-05
4.50297e-09
2.07959e-05
4.04187e-09
2.07956e-05
3.42959e-09
2.07954e-05
2.63867e-09
2.07953e-05
1.66594e-09
1.74795e-10
2.16163e-05
6.24718e-10
2.16162e-05
3.21066e-10
2.16162e-05
-1.83695e-10
2.16163e-05
-8.42582e-10
2.16164e-05
-1.60166e-09
2.16165e-05
-2.42112e-09
2.16167e-05
-3.26795e-09
2.1617e-05
-4.11627e-09
2.16174e-05
-4.94444e-09
2.16178e-05
-5.73499e-09
2.16182e-05
-6.47384e-09
2.16187e-05
-7.15009e-09
2.16192e-05
-7.75561e-09
2.16198e-05
-8.28473e-09
2.16205e-05
-8.73396e-09
2.16211e-05
-9.10167e-09
2.16218e-05
-9.38795e-09
2.16225e-05
-9.59439e-09
2.16232e-05
-9.72398e-09
2.1624e-05
-9.781e-09
2.16247e-05
-9.77093e-09
2.16254e-05
-9.70027e-09
2.16262e-05
-9.57643e-09
2.16269e-05
-9.40751e-09
2.16276e-05
-9.20203e-09
2.16283e-05
-8.9687e-09
2.1629e-05
-8.71613e-09
2.16296e-05
-8.45256e-09
2.16303e-05
-8.18565e-09
2.16309e-05
-7.92229e-09
2.16315e-05
-7.6684e-09
2.16321e-05
-7.4289e-09
2.16327e-05
-7.20768e-09
2.16333e-05
-7.00756e-09
2.16338e-05
-6.83041e-09
2.16343e-05
-6.67723e-09
2.16349e-05
-6.54828e-09
2.16354e-05
-6.4432e-09
2.16359e-05
-6.36115e-09
2.16364e-05
-6.30093e-09
2.16369e-05
-6.2611e-09
2.16374e-05
-6.24004e-09
2.16379e-05
-6.23599e-09
2.16384e-05
-6.24712e-09
2.16389e-05
-6.27149e-09
2.16394e-05
-6.30708e-09
2.16399e-05
-6.35173e-09
2.16404e-05
-6.40311e-09
2.1641e-05
-6.45872e-09
2.16415e-05
-6.51582e-09
2.1642e-05
-6.57144e-09
2.16425e-05
-6.62237e-09
2.16431e-05
-6.6652e-09
2.16436e-05
-6.6963e-09
2.16442e-05
-6.71194e-09
2.16447e-05
-6.70831e-09
2.16453e-05
-6.68164e-09
2.16458e-05
-6.62827e-09
2.16464e-05
-6.54481e-09
2.16469e-05
-6.42819e-09
2.16474e-05
-6.27583e-09
2.16479e-05
-6.08572e-09
2.16485e-05
-5.8565e-09
2.16489e-05
-5.58757e-09
2.16494e-05
-5.27914e-09
2.16499e-05
-4.93223e-09
2.16503e-05
-4.54872e-09
2.16507e-05
-4.13126e-09
2.1651e-05
-3.68329e-09
2.16514e-05
-3.20887e-09
2.16517e-05
-2.71263e-09
2.16519e-05
-2.19958e-09
2.16522e-05
-1.67498e-09
2.16524e-05
-1.14417e-09
2.16525e-05
-6.12413e-10
2.16526e-05
-8.46916e-11
2.16527e-05
4.34407e-10
2.16527e-05
9.40833e-10
2.16527e-05
1.43116e-09
2.16527e-05
1.90268e-09
2.16526e-05
2.35317e-09
2.16525e-05
2.78137e-09
2.16524e-05
3.18631e-09
2.16522e-05
3.56719e-09
2.1652e-05
3.92323e-09
2.16518e-05
4.25305e-09
2.16515e-05
4.55421e-09
2.16513e-05
4.82244e-09
2.1651e-05
5.05108e-09
2.16507e-05
5.2302e-09
2.16503e-05
5.34668e-09
2.165e-05
5.38342e-09
2.16497e-05
5.32116e-09
2.16494e-05
5.13651e-09
2.1649e-05
4.81016e-09
2.16488e-05
4.31723e-09
2.16485e-05
3.65963e-09
2.16484e-05
2.80856e-09
2.16483e-05
1.76127e-09
1.65494e-10
2.24219e-05
6.79109e-10
2.24219e-05
3.55034e-10
2.24219e-05
-1.84139e-10
2.2422e-05
-8.89631e-10
2.24221e-05
-1.70082e-09
2.24222e-05
-2.57625e-09
2.24224e-05
-3.48098e-09
2.24227e-05
-4.38784e-09
2.2423e-05
-5.27392e-09
2.24234e-05
-6.12066e-09
2.24239e-05
-6.91302e-09
2.24243e-05
-7.63926e-09
2.24249e-05
-8.29062e-09
2.24255e-05
-8.86093e-09
2.24261e-05
-9.34631e-09
2.24267e-05
-9.74493e-09
2.24274e-05
-1.00567e-08
2.24281e-05
-1.02833e-08
2.24288e-05
-1.04277e-08
2.24295e-05
-1.04945e-08
2.24302e-05
-1.04893e-08
2.24309e-05
-1.0419e-08
2.24316e-05
-1.02914e-08
2.24323e-05
-1.01152e-08
2.2433e-05
-9.89927e-09
2.24337e-05
-9.65298e-09
2.24344e-05
-9.38545e-09
2.24351e-05
-9.10553e-09
2.24357e-05
-8.8214e-09
2.24363e-05
-8.54046e-09
2.24369e-05
-8.26911e-09
2.24375e-05
-8.01269e-09
2.24381e-05
-7.77542e-09
2.24386e-05
-7.56042e-09
2.24392e-05
-7.36978e-09
2.24397e-05
-7.20463e-09
2.24402e-05
-7.06534e-09
2.24407e-05
-6.95159e-09
2.24412e-05
-6.86253e-09
2.24417e-05
-6.79695e-09
2.24422e-05
-6.75332e-09
2.24427e-05
-6.72994e-09
2.24432e-05
-6.72497e-09
2.24437e-05
-6.73646e-09
2.24442e-05
-6.76236e-09
2.24446e-05
-6.80051e-09
2.24451e-05
-6.8486e-09
2.24456e-05
-6.90418e-09
2.24461e-05
-6.96456e-09
2.24467e-05
-7.02682e-09
2.24472e-05
-7.08779e-09
2.24477e-05
-7.14405e-09
2.24482e-05
-7.19194e-09
2.24488e-05
-7.22758e-09
2.24493e-05
-7.24696e-09
2.24498e-05
-7.246e-09
2.24504e-05
-7.22063e-09
2.24509e-05
-7.16694e-09
2.24514e-05
-7.08124e-09
2.2452e-05
-6.96022e-09
2.24525e-05
-6.80108e-09
2.2453e-05
-6.6016e-09
2.24535e-05
-6.3603e-09
2.2454e-05
-6.07646e-09
2.24545e-05
-5.75026e-09
2.24549e-05
-5.38273e-09
2.24554e-05
-4.97581e-09
2.24558e-05
-4.53232e-09
2.24561e-05
-4.05585e-09
2.24565e-05
-3.55072e-09
2.24568e-05
-3.02184e-09
2.24571e-05
-2.47454e-09
2.24573e-05
-1.91443e-09
2.24575e-05
-1.34722e-09
2.24577e-05
-7.78522e-10
2.24578e-05
-2.13685e-10
2.24579e-05
3.4237e-10
2.24579e-05
8.85288e-10
2.2458e-05
1.41138e-09
2.24579e-05
1.91772e-09
2.24579e-05
2.4019e-09
2.24578e-05
2.86256e-09
2.24577e-05
3.29866e-09
2.24576e-05
3.70937e-09
2.24574e-05
4.09386e-09
2.24572e-05
4.45073e-09
2.2457e-05
4.7774e-09
2.24567e-05
5.06936e-09
2.24565e-05
5.31951e-09
2.24562e-05
5.5172e-09
2.24559e-05
5.64829e-09
2.24556e-05
5.69427e-09
2.24552e-05
5.63422e-09
2.24549e-05
5.44263e-09
2.24546e-05
5.0982e-09
2.24544e-05
4.57397e-09
2.24542e-05
3.87158e-09
2.2454e-05
2.96109e-09
2.24539e-05
1.84138e-09
1.48939e-10
2.31806e-05
7.32558e-10
2.31805e-05
3.86771e-10
2.31805e-05
-1.86868e-10
2.31806e-05
-9.3834e-10
2.31807e-05
-1.80032e-09
2.31808e-05
-2.73002e-09
2.31811e-05
-3.69073e-09
2.31813e-05
-4.6541e-09
2.31816e-05
-5.59604e-09
2.3182e-05
-6.49696e-09
2.31825e-05
-7.34089e-09
2.31829e-05
-8.11535e-09
2.31834e-05
-8.81093e-09
2.3184e-05
-9.421e-09
2.31846e-05
-9.94132e-09
2.31852e-05
-1.03698e-08
2.31859e-05
-1.07064e-08
2.31865e-05
-1.09525e-08
2.31872e-05
-1.11114e-08
2.31879e-05
-1.11877e-08
2.31886e-05
-1.11873e-08
2.31893e-05
-1.11176e-08
2.319e-05
-1.09866e-08
2.31907e-05
-1.08034e-08
2.31914e-05
-1.05775e-08
2.3192e-05
-1.03187e-08
2.31927e-05
-1.00368e-08
2.31933e-05
-9.74101e-09
2.3194e-05
-9.44014e-09
2.31946e-05
-9.14206e-09
2.31951e-05
-8.85363e-09
2.31957e-05
-8.5806e-09
2.31963e-05
-8.32753e-09
2.31968e-05
-8.09783e-09
2.31973e-05
-7.89379e-09
2.31978e-05
-7.71673e-09
2.31983e-05
-7.56709e-09
2.31988e-05
-7.44462e-09
2.31993e-05
-7.34849e-09
2.31998e-05
-7.27742e-09
2.32003e-05
-7.22987e-09
2.32007e-05
-7.20405e-09
2.32012e-05
-7.19801e-09
2.32017e-05
-7.20972e-09
2.32022e-05
-7.23701e-09
2.32026e-05
-7.2776e-09
2.32031e-05
-7.32906e-09
2.32036e-05
-7.38878e-09
2.32041e-05
-7.45391e-09
2.32046e-05
-7.52137e-09
2.32051e-05
-7.58781e-09
2.32056e-05
-7.64957e-09
2.32061e-05
-7.70278e-09
2.32066e-05
-7.74331e-09
2.32071e-05
-7.7669e-09
2.32077e-05
-7.76918e-09
2.32082e-05
-7.74583e-09
2.32087e-05
-7.69263e-09
2.32092e-05
-7.60565e-09
2.32098e-05
-7.48133e-09
2.32103e-05
-7.31663e-09
2.32108e-05
-7.10915e-09
2.32113e-05
-6.85725e-09
2.32118e-05
-6.56012e-09
2.32122e-05
-6.21785e-09
2.32127e-05
-5.8315e-09
2.32131e-05
-5.40307e-09
2.32135e-05
-4.93546e-09
2.32139e-05
-4.43247e-09
2.32142e-05
-3.89861e-09
2.32146e-05
-3.33906e-09
2.32148e-05
-2.75945e-09
2.32151e-05
-2.16572e-09
2.32153e-05
-1.56392e-09
2.32155e-05
-9.60004e-10
2.32156e-05
-3.59671e-10
2.32157e-05
2.31837e-10
2.32158e-05
8.0987e-10
2.32159e-05
1.37048e-09
2.32159e-05
1.91053e-09
2.32158e-05
2.42743e-09
2.32158e-05
2.91973e-09
2.32157e-05
3.38631e-09
2.32156e-05
3.8263e-09
2.32154e-05
4.23885e-09
2.32153e-05
4.62252e-09
2.32151e-05
4.97462e-09
2.32148e-05
5.29039e-09
2.32146e-05
5.56231e-09
2.32143e-05
5.77898e-09
2.32141e-05
5.92522e-09
2.32138e-05
5.9811e-09
2.32135e-05
5.92396e-09
2.32132e-05
5.7261e-09
2.32129e-05
5.3642e-09
2.32127e-05
4.80917e-09
2.32125e-05
4.06255e-09
2.32124e-05
3.09345e-09
2.32123e-05
1.90383e-09
1.24238e-10
2.38922e-05
7.8462e-10
2.38921e-05
4.15634e-10
2.38921e-05
-1.92515e-10
2.38922e-05
-9.89168e-10
2.38923e-05
-1.90033e-09
2.38924e-05
-2.88229e-09
2.38926e-05
-3.8967e-09
2.38929e-05
-4.91417e-09
2.38932e-05
-5.90953e-09
2.38936e-05
-6.86223e-09
2.3894e-05
-7.75544e-09
2.38945e-05
-8.57595e-09
2.3895e-05
-9.31377e-09
2.38955e-05
-9.9618e-09
2.38961e-05
-1.05155e-08
2.38967e-05
-1.09726e-08
2.38973e-05
-1.13327e-08
2.38979e-05
-1.15976e-08
2.38986e-05
-1.17703e-08
2.38993e-05
-1.18558e-08
2.38999e-05
-1.18601e-08
2.39006e-05
-1.17909e-08
2.39013e-05
-1.16567e-08
2.3902e-05
-1.14668e-08
2.39026e-05
-1.12314e-08
2.39033e-05
-1.09607e-08
2.39039e-05
-1.06648e-08
2.39045e-05
-1.03537e-08
2.39051e-05
-1.00367e-08
2.39057e-05
-9.72193e-09
2.39062e-05
-9.41687e-09
2.39068e-05
-9.12762e-09
2.39073e-05
-8.85907e-09
2.39078e-05
-8.61491e-09
2.39083e-05
-8.39767e-09
2.39088e-05
-8.20881e-09
2.39093e-05
-8.0489e-09
2.39098e-05
-7.91772e-09
2.39102e-05
-7.81446e-09
2.39107e-05
-7.73785e-09
2.39112e-05
-7.68627e-09
2.39116e-05
-7.65787e-09
2.39121e-05
-7.65065e-09
2.39125e-05
-7.66244e-09
2.3913e-05
-7.69099e-09
2.39134e-05
-7.7339e-09
2.39139e-05
-7.78862e-09
2.39144e-05
-7.8524e-09
2.39148e-05
-7.92226e-09
2.39153e-05
-7.99494e-09
2.39158e-05
-8.06692e-09
2.39163e-05
-8.13435e-09
2.39168e-05
-8.19312e-09
2.39172e-05
-8.23889e-09
2.39177e-05
-8.26714e-09
2.39183e-05
-8.27325e-09
2.39188e-05
-8.25262e-09
2.39193e-05
-8.20079e-09
2.39198e-05
-8.11354e-09
2.39203e-05
-7.98707e-09
2.39208e-05
-7.81813e-09
2.39213e-05
-7.60411e-09
2.39218e-05
-7.34323e-09
2.39222e-05
-7.03454e-09
2.39227e-05
-6.67809e-09
2.39231e-05
-6.27492e-09
2.39236e-05
-5.82705e-09
2.3924e-05
-5.3375e-09
2.39243e-05
-4.81019e-09
2.39247e-05
-4.24984e-09
2.3925e-05
-3.66187e-09
2.39253e-05
-3.05219e-09
2.39256e-05
-2.42703e-09
2.39258e-05
-1.79277e-09
2.3926e-05
-1.15568e-09
2.39262e-05
-5.21791e-10
2.39263e-05
1.03352e-10
2.39264e-05
7.14811e-10
2.39264e-05
1.30839e-09
2.39265e-05
1.88077e-09
2.39265e-05
2.42912e-09
2.39264e-05
2.95197e-09
2.39264e-05
3.4481e-09
2.39263e-05
3.91659e-09
2.39262e-05
4.3566e-09
2.3926e-05
4.76662e-09
2.39259e-05
5.1439e-09
2.39257e-05
5.48342e-09
2.39254e-05
5.77722e-09
2.39252e-05
6.01316e-09
2.3925e-05
6.17501e-09
2.39247e-05
6.24135e-09
2.39244e-05
6.18775e-09
2.39242e-05
5.98425e-09
2.39239e-05
5.60541e-09
2.39237e-05
5.02005e-09
2.39236e-05
4.22974e-09
2.39235e-05
3.20295e-09
2.39234e-05
1.94632e-09
9.05655e-11
2.45567e-05
8.34873e-10
2.45567e-05
4.41021e-10
2.45567e-05
-2.01607e-10
2.45567e-05
-1.04241e-09
2.45568e-05
-2.00083e-09
2.4557e-05
-3.03267e-09
2.45572e-05
-4.09813e-09
2.45575e-05
-5.16694e-09
2.45578e-05
-6.21293e-09
2.45581e-05
-7.21465e-09
2.45585e-05
-8.15447e-09
2.4559e-05
-9.01851e-09
2.45594e-05
-9.79623e-09
2.456e-05
-1.04801e-08
2.45605e-05
-1.10653e-08
2.45611e-05
-1.15493e-08
2.45617e-05
-1.19318e-08
2.45623e-05
-1.22143e-08
2.45629e-05
-1.24001e-08
2.45636e-05
-1.24941e-08
2.45642e-05
-1.25028e-08
2.45648e-05
-1.2434e-08
2.45655e-05
-1.22966e-08
2.45661e-05
-1.21004e-08
2.45667e-05
-1.18558e-08
2.45674e-05
-1.15735e-08
2.4568e-05
-1.12643e-08
2.45685e-05
-1.09385e-08
2.45691e-05
-1.06058e-08
2.45697e-05
-1.0275e-08
2.45702e-05
-9.95388e-09
2.45707e-05
-9.64888e-09
2.45712e-05
-9.36527e-09
2.45717e-05
-9.107e-09
2.45722e-05
-8.87682e-09
2.45727e-05
-8.67637e-09
2.45731e-05
-8.5063e-09
2.45736e-05
-8.36649e-09
2.4574e-05
-8.25613e-09
2.45745e-05
-8.17394e-09
2.45749e-05
-8.11827e-09
2.45753e-05
-8.08721e-09
2.45757e-05
-8.07867e-09
2.45762e-05
-8.09041e-09
2.45766e-05
-8.12009e-09
2.4577e-05
-8.16519e-09
2.45775e-05
-8.22306e-09
2.45779e-05
-8.29082e-09
2.45783e-05
-8.36536e-09
2.45788e-05
-8.44327e-09
2.45792e-05
-8.52085e-09
2.45797e-05
-8.59408e-09
2.45802e-05
-8.65866e-09
2.45806e-05
-8.71001e-09
2.45811e-05
-8.74337e-09
2.45816e-05
-8.7539e-09
2.45821e-05
-8.73672e-09
2.45826e-05
-8.68712e-09
2.45831e-05
-8.60064e-09
2.45835e-05
-8.47324e-09
2.4584e-05
-8.30144e-09
2.45845e-05
-8.08244e-09
2.4585e-05
-7.81428e-09
2.45854e-05
-7.49592e-09
2.45859e-05
-7.12731e-09
2.45863e-05
-6.70946e-09
2.45867e-05
-6.24442e-09
2.45871e-05
-5.73529e-09
2.45875e-05
-5.1861e-09
2.45879e-05
-4.60176e-09
2.45882e-05
-3.98788e-09
2.45885e-05
-3.35062e-09
2.45888e-05
-2.6965e-09
2.4589e-05
-2.03219e-09
2.45892e-05
-1.36426e-09
2.45894e-05
-6.99054e-10
2.45895e-05
-4.23937e-11
2.45896e-05
6.00508e-10
2.45897e-05
1.22522e-09
2.45898e-05
1.82824e-09
2.45898e-05
2.40653e-09
2.45898e-05
2.95857e-09
2.45898e-05
3.48306e-09
2.45897e-05
3.97904e-09
2.45896e-05
4.44568e-09
2.45895e-05
4.88144e-09
2.45894e-05
5.28346e-09
2.45892e-05
5.64651e-09
2.4589e-05
5.96217e-09
2.45888e-05
6.21755e-09
2.45886e-05
6.39534e-09
2.45884e-05
6.47262e-09
2.45881e-05
6.4231e-09
2.45879e-05
6.21451e-09
2.45877e-05
5.81918e-09
2.45875e-05
5.20392e-09
2.45873e-05
4.37045e-09
2.45873e-05
3.287e-09
2.45872e-05
1.96668e-09
4.71908e-11
2.51743e-05
8.82918e-10
2.51743e-05
4.62389e-10
2.51743e-05
-2.14526e-10
2.51743e-05
-1.09811e-09
2.51744e-05
-2.10147e-09
2.51746e-05
-3.18046e-09
2.51748e-05
-4.29395e-09
2.5175e-05
-5.41098e-09
2.51753e-05
-6.50443e-09
2.51756e-05
-7.55207e-09
2.5176e-05
-8.5355e-09
2.51764e-05
-9.44022e-09
2.51769e-05
-1.02552e-08
2.51774e-05
-1.09725e-08
2.51779e-05
-1.15871e-08
2.51785e-05
-1.20962e-08
2.5179e-05
-1.24993e-08
2.51796e-05
-1.27981e-08
2.51802e-05
-1.2996e-08
2.51808e-05
-1.30979e-08
2.51814e-05
-1.31105e-08
2.5182e-05
-1.30419e-08
2.51826e-05
-1.29014e-08
2.51832e-05
-1.2699e-08
2.51838e-05
-1.24456e-08
2.51844e-05
-1.21523e-08
2.5185e-05
-1.18303e-08
2.51855e-05
-1.14904e-08
2.51861e-05
-1.11427e-08
2.51866e-05
-1.07965e-08
2.51871e-05
-1.04599e-08
2.51876e-05
-1.01397e-08
2.51881e-05
-9.84155e-09
2.51885e-05
-9.56962e-09
2.5189e-05
-9.32687e-09
2.51894e-05
-9.11511e-09
2.51898e-05
-8.93511e-09
2.51903e-05
-8.7868e-09
2.51907e-05
-8.66942e-09
2.51911e-05
-8.58168e-09
2.51915e-05
-8.52189e-09
2.51919e-05
-8.48811e-09
2.51923e-05
-8.47816e-09
2.51927e-05
-8.48975e-09
2.51931e-05
-8.52043e-09
2.51935e-05
-8.5676e-09
2.51939e-05
-8.62851e-09
2.51943e-05
-8.70016e-09
2.51947e-05
-8.77932e-09
2.51951e-05
-8.86244e-09
2.51956e-05
-8.94568e-09
2.5196e-05
-9.02484e-09
2.51964e-05
-9.09543e-09
2.51969e-05
-9.15268e-09
2.51973e-05
-9.19161e-09
2.51978e-05
-9.20713e-09
2.51982e-05
-9.19415e-09
2.51987e-05
-9.14768e-09
2.51991e-05
-9.06304e-09
2.51996e-05
-8.93596e-09
2.52001e-05
-8.76272e-09
2.52005e-05
-8.54035e-09
2.5201e-05
-8.26672e-09
2.52014e-05
-7.94066e-09
2.52019e-05
-7.56203e-09
2.52023e-05
-7.1318e-09
2.52027e-05
-6.65202e-09
2.52031e-05
-6.12585e-09
2.52035e-05
-5.55741e-09
2.52038e-05
-4.95177e-09
2.52041e-05
-4.31471e-09
2.52044e-05
-3.65262e-09
2.52047e-05
-2.97227e-09
2.5205e-05
-2.28058e-09
2.52052e-05
-1.58442e-09
2.52054e-05
-8.90404e-10
2.52055e-05
-2.04623e-10
2.52057e-05
4.67458e-10
2.52058e-05
1.12119e-09
2.52058e-05
1.75289e-09
2.52059e-05
2.35933e-09
2.52059e-05
2.93895e-09
2.52059e-05
3.49038e-09
2.52059e-05
4.01262e-09
2.52058e-05
4.50484e-09
2.52057e-05
4.96551e-09
2.52056e-05
5.39167e-09
2.52055e-05
5.77786e-09
2.52053e-05
6.11523e-09
2.52052e-05
6.3901e-09
2.5205e-05
6.58406e-09
2.52048e-05
6.67263e-09
2.52046e-05
6.62766e-09
2.52044e-05
6.41442e-09
2.52042e-05
6.00299e-09
2.5204e-05
5.35819e-09
2.52039e-05
4.48212e-09
2.52039e-05
3.34316e-09
2.52039e-05
1.96299e-09
-6.48741e-12
2.57449e-05
9.28389e-10
2.57449e-05
4.79294e-10
2.57449e-05
-2.31442e-10
2.5745e-05
-1.15603e-09
2.57451e-05
-2.20155e-09
2.57452e-05
-3.32451e-09
2.57454e-05
-4.48262e-09
2.57456e-05
-5.64437e-09
2.57459e-05
-6.7818e-09
2.57462e-05
-7.87193e-09
2.57466e-05
-8.89566e-09
2.5747e-05
-9.83795e-09
2.57474e-05
-1.06873e-08
2.57479e-05
-1.14354e-08
2.57484e-05
-1.20769e-08
2.57489e-05
-1.2609e-08
2.57494e-05
-1.30311e-08
2.575e-05
-1.33447e-08
2.57505e-05
-1.35534e-08
2.57511e-05
-1.36624e-08
2.57517e-05
-1.36784e-08
2.57522e-05
-1.36097e-08
2.57528e-05
-1.3466e-08
2.57533e-05
-1.32576e-08
2.57539e-05
-1.29957e-08
2.57544e-05
-1.2692e-08
2.5755e-05
-1.23579e-08
2.57555e-05
-1.20046e-08
2.5756e-05
-1.16426e-08
2.57565e-05
-1.12817e-08
2.57569e-05
-1.09304e-08
2.57574e-05
-1.05957e-08
2.57578e-05
-1.02836e-08
2.57583e-05
-9.99853e-09
2.57587e-05
-9.74369e-09
2.57591e-05
-9.52101e-09
2.57595e-05
-9.33138e-09
2.57599e-05
-9.17481e-09
2.57602e-05
-9.05057e-09
2.57606e-05
-8.95737e-09
2.5761e-05
-8.8935e-09
2.57614e-05
-8.85697e-09
2.57617e-05
-8.84557e-09
2.57621e-05
-8.85691e-09
2.57625e-05
-8.88849e-09
2.57628e-05
-8.93762e-09
2.57632e-05
-9.00145e-09
2.57636e-05
-9.07689e-09
2.5764e-05
-9.1606e-09
2.57644e-05
-9.24892e-09
2.57647e-05
-9.33785e-09
2.57651e-05
-9.42306e-09
2.57656e-05
-9.49987e-09
2.5766e-05
-9.56334e-09
2.57664e-05
-9.60827e-09
2.57668e-05
-9.62937e-09
2.57672e-05
-9.62131e-09
2.57677e-05
-9.57889e-09
2.57681e-05
-9.49718e-09
2.57685e-05
-9.37169e-09
2.5769e-05
-9.19849e-09
2.57694e-05
-8.97443e-09
2.57698e-05
-8.6972e-09
2.57703e-05
-8.36549e-09
2.57707e-05
-7.97908e-09
2.57711e-05
-7.53887e-09
2.57715e-05
-7.04692e-09
2.57719e-05
-6.50639e-09
2.57722e-05
-5.92151e-09
2.57726e-05
-5.29743e-09
2.57729e-05
-4.64013e-09
2.57732e-05
-3.95616e-09
2.57735e-05
-3.25252e-09
2.57737e-05
-2.53637e-09
2.5774e-05
-1.81484e-09
2.57742e-05
-1.09478e-09
2.57743e-05
-3.82534e-10
2.57745e-05
3.16201e-10
2.57746e-05
9.96579e-10
2.57747e-05
1.65475e-09
2.57748e-05
2.28729e-09
2.57748e-05
2.89263e-09
2.57749e-05
3.46933e-09
2.57748e-05
4.01636e-09
2.57748e-05
4.53293e-09
2.57748e-05
5.01748e-09
2.57747e-05
5.46699e-09
2.57746e-05
5.87578e-09
2.57745e-05
6.23455e-09
2.57743e-05
6.52882e-09
2.57742e-05
6.73906e-09
2.5774e-05
6.83919e-09
2.57738e-05
6.7991e-09
2.57737e-05
6.58158e-09
2.57735e-05
6.15436e-09
2.57734e-05
5.48038e-09
2.57733e-05
4.56229e-09
2.57733e-05
3.36923e-09
2.57733e-05
1.93366e-09
-7.08465e-11
2.62686e-05
9.70973e-10
2.62686e-05
4.91436e-10
2.62687e-05
-2.52225e-10
2.62687e-05
-1.21547e-09
2.62688e-05
-2.29985e-09
2.6269e-05
-3.46314e-09
2.62691e-05
-4.66205e-09
2.62694e-05
-5.86468e-09
2.62696e-05
-7.04228e-09
2.62699e-05
-8.17117e-09
2.62703e-05
-9.23165e-09
2.62706e-05
-1.02081e-08
2.6271e-05
-1.10886e-08
2.62715e-05
-1.18646e-08
2.62719e-05
-1.25305e-08
2.62724e-05
-1.30833e-08
2.62729e-05
-1.35224e-08
2.62734e-05
-1.38494e-08
2.62739e-05
-1.40677e-08
2.62744e-05
-1.41828e-08
2.62749e-05
-1.42015e-08
2.62755e-05
-1.41325e-08
2.6276e-05
-1.39855e-08
2.62765e-05
-1.37714e-08
2.6277e-05
-1.35015e-08
2.62775e-05
-1.31878e-08
2.6278e-05
-1.28422e-08
2.62784e-05
-1.24763e-08
2.62789e-05
-1.2101e-08
2.62794e-05
-1.17263e-08
2.62798e-05
-1.1361e-08
2.62802e-05
-1.10126e-08
2.62806e-05
-1.06873e-08
2.6281e-05
-1.03898e-08
2.62814e-05
-1.01234e-08
2.62817e-05
-9.89035e-09
2.62821e-05
-9.69152e-09
2.62825e-05
-9.52701e-09
2.62828e-05
-9.39615e-09
2.62831e-05
-9.29765e-09
2.62835e-05
-9.22979e-09
2.62838e-05
-9.19056e-09
2.62841e-05
-9.17768e-09
2.62845e-05
-9.18873e-09
2.62848e-05
-9.22112e-09
2.62851e-05
-9.27211e-09
2.62855e-05
-9.33876e-09
2.62858e-05
-9.41791e-09
2.62862e-05
-9.50611e-09
2.62865e-05
-9.59959e-09
2.62869e-05
-9.69425e-09
2.62872e-05
-9.7856e-09
2.62876e-05
-9.86884e-09
2.6288e-05
-9.93882e-09
2.62884e-05
-9.99019e-09
2.62887e-05
-1.00174e-08
2.62891e-05
-1.00151e-08
2.62895e-05
-9.97759e-09
2.62899e-05
-9.89991e-09
2.62904e-05
-9.77731e-09
2.62908e-05
-9.60567e-09
2.62912e-05
-9.38162e-09
2.62916e-05
-9.1027e-09
2.6292e-05
-8.76748e-09
2.62924e-05
-8.37561e-09
2.62928e-05
-7.92793e-09
2.62931e-05
-7.42647e-09
2.62935e-05
-6.87441e-09
2.62939e-05
-6.27601e-09
2.62942e-05
-5.63654e-09
2.62945e-05
-4.96209e-09
2.62948e-05
-4.25939e-09
2.62951e-05
-3.53561e-09
2.62954e-05
-2.79813e-09
2.62956e-05
-2.0543e-09
2.62958e-05
-1.31119e-09
2.6296e-05
-5.75371e-10
2.62962e-05
1.47252e-10
2.62963e-05
8.51652e-10
2.62965e-05
1.53384e-09
2.62965e-05
2.19018e-09
2.62966e-05
2.81915e-09
2.62967e-05
3.41923e-09
2.62967e-05
3.98938e-09
2.62967e-05
4.52884e-09
2.62967e-05
5.03606e-09
2.62966e-05
5.50796e-09
2.62966e-05
5.93864e-09
2.62965e-05
6.31837e-09
2.62964e-05
6.63181e-09
2.62963e-05
6.85829e-09
2.62961e-05
6.97013e-09
2.6296e-05
6.93517e-09
2.62959e-05
6.71363e-09
2.62958e-05
6.27089e-09
2.62957e-05
5.56809e-09
2.62956e-05
4.6087e-09
2.62956e-05
3.36326e-09
2.62957e-05
1.8775e-09
-1.46064e-10
2.67455e-05
1.01042e-09
2.67455e-05
4.98744e-10
2.67456e-05
-2.76317e-10
2.67456e-05
-1.27515e-09
2.67457e-05
-2.39446e-09
2.67458e-05
-3.59395e-09
2.6746e-05
-4.82945e-09
2.67462e-05
-6.06878e-09
2.67465e-05
-7.28244e-09
2.67467e-05
-8.44614e-09
2.6747e-05
-9.53956e-09
2.67474e-05
-1.05466e-08
2.67477e-05
-1.1455e-08
2.67481e-05
-1.22559e-08
2.67485e-05
-1.29435e-08
2.6749e-05
-1.35146e-08
2.67494e-05
-1.39687e-08
2.67499e-05
-1.43073e-08
2.67504e-05
-1.4534e-08
2.67508e-05
-1.46542e-08
2.67513e-05
-1.46751e-08
2.67518e-05
-1.46054e-08
2.67522e-05
-1.44552e-08
2.67527e-05
-1.42355e-08
2.67532e-05
-1.39581e-08
2.67536e-05
-1.36351e-08
2.6754e-05
-1.32788e-08
2.67545e-05
-1.29012e-08
2.67549e-05
-1.25134e-08
2.67553e-05
-1.21259e-08
2.67557e-05
-1.17476e-08
2.6756e-05
-1.13865e-08
2.67564e-05
-1.10489e-08
2.67568e-05
-1.07398e-08
2.67571e-05
-1.04627e-08
2.67574e-05
-1.02198e-08
2.67577e-05
-1.00122e-08
2.67581e-05
-9.84024e-09
2.67584e-05
-9.70309e-09
2.67587e-05
-9.59954e-09
2.6759e-05
-9.52787e-09
2.67593e-05
-9.48602e-09
2.67596e-05
-9.4717e-09
2.67598e-05
-9.48244e-09
2.67601e-05
-9.5156e-09
2.67604e-05
-9.56837e-09
2.67607e-05
-9.63776e-09
2.6761e-05
-9.72053e-09
2.67613e-05
-9.81315e-09
2.67617e-05
-9.91178e-09
2.6762e-05
-1.00122e-08
2.67623e-05
-1.01098e-08
2.67626e-05
-1.01996e-08
2.6763e-05
-1.02764e-08
2.67633e-05
-1.03347e-08
2.67637e-05
-1.03687e-08
2.6764e-05
-1.03727e-08
2.67644e-05
-1.03411e-08
2.67648e-05
-1.02685e-08
2.67651e-05
-1.01502e-08
2.67655e-05
-9.98159e-09
2.67659e-05
-9.7593e-09
2.67663e-05
-9.48067e-09
2.67666e-05
-9.1441e-09
2.6767e-05
-8.74916e-09
2.67674e-05
-8.2966e-09
2.67677e-05
-7.78839e-09
2.67681e-05
-7.22771e-09
2.67684e-05
-6.61886e-09
2.67688e-05
-5.96717e-09
2.67691e-05
-5.27882e-09
2.67694e-05
-4.56069e-09
2.67697e-05
-3.82009e-09
2.67699e-05
-3.0646e-09
2.67702e-05
-2.30173e-09
2.67704e-05
-1.53878e-09
2.67706e-05
-7.825e-10
2.67708e-05
-3.89778e-11
2.6771e-05
6.86597e-10
2.67711e-05
1.39012e-09
2.67712e-05
2.06775e-09
2.67713e-05
2.71802e-09
2.67714e-05
3.33937e-09
2.67715e-05
3.93073e-09
2.67715e-05
4.49144e-09
2.67715e-05
5.01993e-09
2.67715e-05
5.51309e-09
2.67715e-05
5.9648e-09
2.67714e-05
6.36487e-09
2.67714e-05
6.69713e-09
2.67713e-05
6.93971e-09
2.67712e-05
7.06327e-09
2.67711e-05
7.03358e-09
2.6771e-05
6.80825e-09
2.67709e-05
6.35021e-09
2.67709e-05
5.61907e-09
2.67709e-05
4.61932e-09
2.67709e-05
3.32372e-09
2.6771e-05
1.79391e-09
-2.31943e-10
2.71756e-05
1.0466e-09
2.71756e-05
5.01502e-10
2.71756e-05
-3.02546e-10
2.71757e-05
-1.33301e-09
2.71758e-05
-2.48266e-09
2.71759e-05
-3.71371e-09
2.7176e-05
-4.98118e-09
2.71762e-05
-6.25273e-09
2.71764e-05
-7.49811e-09
2.71767e-05
-8.69245e-09
2.7177e-05
-9.81484e-09
2.71773e-05
-1.08488e-08
2.71776e-05
-1.17816e-08
2.71779e-05
-1.26043e-08
2.71783e-05
-1.33107e-08
2.71787e-05
-1.38978e-08
2.71791e-05
-1.43648e-08
2.71795e-05
-1.47134e-08
2.71799e-05
-1.49471e-08
2.71803e-05
-1.50716e-08
2.71807e-05
-1.50941e-08
2.71812e-05
-1.50235e-08
2.71816e-05
-1.48702e-08
2.7182e-05
-1.46452e-08
2.71824e-05
-1.43608e-08
2.71828e-05
-1.40294e-08
2.71832e-05
-1.36634e-08
2.71835e-05
-1.32751e-08
2.71839e-05
-1.2876e-08
2.71843e-05
-1.24767e-08
2.71846e-05
-1.20866e-08
2.71849e-05
-1.17139e-08
2.71852e-05
-1.1365e-08
2.71855e-05
-1.10452e-08
2.71858e-05
-1.07581e-08
2.71861e-05
-1.05062e-08
2.71864e-05
-1.02907e-08
2.71867e-05
-1.01117e-08
2.71869e-05
-9.96873e-09
2.71872e-05
-9.86047e-09
2.71875e-05
-9.78523e-09
2.71877e-05
-9.74093e-09
2.7188e-05
-9.72527e-09
2.71882e-05
-9.73572e-09
2.71885e-05
-9.76963e-09
2.71887e-05
-9.82413e-09
2.7189e-05
-9.8962e-09
2.71893e-05
-9.98252e-09
2.71895e-05
-1.00795e-08
2.71898e-05
-1.01833e-08
2.71901e-05
-1.02895e-08
2.71904e-05
-1.03934e-08
2.71906e-05
-1.049e-08
2.71909e-05
-1.0574e-08
2.71912e-05
-1.06395e-08
2.71916e-05
-1.06808e-08
2.71919e-05
-1.06919e-08
2.71922e-05
-1.06671e-08
2.71925e-05
-1.06009e-08
2.71929e-05
-1.0488e-08
2.71932e-05
-1.03241e-08
2.71936e-05
-1.01053e-08
2.71939e-05
-9.82897e-09
2.71943e-05
-9.49329e-09
2.71946e-05
-9.09772e-09
2.7195e-05
-8.64292e-09
2.71953e-05
-8.1308e-09
2.71956e-05
-7.56451e-09
2.7196e-05
-6.94837e-09
2.71963e-05
-6.28774e-09
2.71966e-05
-5.58887e-09
2.71969e-05
-4.85874e-09
2.71972e-05
-4.10481e-09
2.71974e-05
-3.33477e-09
2.71977e-05
-2.55632e-09
2.71979e-05
-1.77692e-09
2.71982e-05
-1.00349e-09
2.71984e-05
-2.4227e-10
2.71985e-05
5.01431e-10
2.71987e-05
1.22339e-09
2.71989e-05
1.91957e-09
2.7199e-05
2.58861e-09
2.71991e-05
3.2289e-09
2.71992e-05
3.8394e-09
2.71993e-05
4.4195e-09
2.71993e-05
4.9677e-09
2.71993e-05
5.48082e-09
2.71994e-05
5.95254e-09
2.71994e-05
6.37221e-09
2.71993e-05
6.72278e-09
2.71993e-05
6.98118e-09
2.71992e-05
7.11638e-09
2.71992e-05
7.09204e-09
2.71991e-05
6.8631e-09
2.71991e-05
6.39006e-09
2.71991e-05
5.63122e-09
2.71991e-05
4.59243e-09
2.71992e-05
3.24962e-09
2.71993e-05
1.68304e-09
-3.2786e-10
2.75588e-05
1.07955e-09
2.75588e-05
5.00569e-10
2.75588e-05
-3.28842e-10
2.75589e-05
-1.38592e-09
2.75589e-05
-2.56059e-09
2.7559e-05
-3.81808e-09
2.75592e-05
-5.11258e-09
2.75593e-05
-6.41163e-09
2.75595e-05
-7.68421e-09
2.75597e-05
-8.90486e-09
2.756e-05
-1.00522e-08
2.75602e-05
-1.11092e-08
2.75605e-05
-1.2063e-08
2.75608e-05
-1.29042e-08
2.75611e-05
-1.36267e-08
2.75615e-05
-1.42273e-08
2.75618e-05
-1.47053e-08
2.75621e-05
-1.50622e-08
2.75625e-05
-1.53018e-08
2.75629e-05
-1.54297e-08
2.75632e-05
-1.54533e-08
2.75636e-05
-1.53818e-08
2.75639e-05
-1.52255e-08
2.75643e-05
-1.49959e-08
2.75646e-05
-1.47053e-08
2.7565e-05
-1.43663e-08
2.75653e-05
-1.39917e-08
2.75656e-05
-1.35939e-08
2.75659e-05
-1.31847e-08
2.75662e-05
-1.2775e-08
2.75665e-05
-1.23745e-08
2.75668e-05
-1.19914e-08
2.7567e-05
-1.16324e-08
2.75673e-05
-1.13031e-08
2.75676e-05
-1.10071e-08
2.75678e-05
-1.07471e-08
2.7568e-05
-1.05243e-08
2.75683e-05
-1.03391e-08
2.75685e-05
-1.01908e-08
2.75687e-05
-1.00783e-08
2.75689e-05
-9.99978e-09
2.75691e-05
-9.95328e-09
2.75693e-05
-9.93642e-09
2.75695e-05
-9.94667e-09
2.75698e-05
-9.98135e-09
2.757e-05
-1.00376e-08
2.75702e-05
-1.01123e-08
2.75704e-05
-1.02021e-08
2.75706e-05
-1.03034e-08
2.75709e-05
-1.04123e-08
2.75711e-05
-1.05243e-08
2.75713e-05
-1.06347e-08
2.75716e-05
-1.07383e-08
2.75718e-05
-1.08296e-08
2.75721e-05
-1.09029e-08
2.75724e-05
-1.0952e-08
2.75727e-05
-1.09711e-08
2.75729e-05
-1.0954e-08
2.75732e-05
-1.08951e-08
2.75735e-05
-1.07892e-08
2.75738e-05
-1.06314e-08
2.75742e-05
-1.0418e-08
2.75745e-05
-1.0146e-08
2.75748e-05
-9.81345e-09
2.75751e-05
-9.41974e-09
2.75754e-05
-8.9654e-09
2.75758e-05
-8.45228e-09
2.75761e-05
-7.88347e-09
2.75764e-05
-7.26329e-09
2.75767e-05
-6.59709e-09
2.7577e-05
-5.89119e-09
2.75773e-05
-5.15264e-09
2.75776e-05
-4.38897e-09
2.75779e-05
-3.60802e-09
2.75781e-05
-2.81761e-09
2.75784e-05
-2.02532e-09
2.75786e-05
-1.23822e-09
2.75788e-05
-4.62693e-10
2.7579e-05
2.95897e-10
2.75792e-05
1.0332e-09
2.75794e-05
1.74499e-09
2.75795e-05
2.43005e-09
2.75797e-05
3.08677e-09
2.75798e-05
3.71412e-09
2.75799e-05
4.3116e-09
2.758e-05
4.87775e-09
2.75801e-05
5.40938e-09
2.75801e-05
5.89994e-09
2.75802e-05
6.33833e-09
2.75802e-05
6.7066e-09
2.75802e-05
6.98044e-09
2.75802e-05
7.12714e-09
2.75802e-05
7.10818e-09
2.75801e-05
6.87587e-09
2.75801e-05
6.38829e-09
2.75802e-05
5.60279e-09
2.75802e-05
4.52689e-09
2.75804e-05
3.14081e-09
2.75805e-05
1.54608e-09
-4.32639e-10
2.78949e-05
1.10961e-09
2.78949e-05
4.97753e-10
2.78949e-05
-3.51808e-10
2.78949e-05
-1.42928e-09
2.7895e-05
-2.62301e-09
2.78951e-05
-3.9014e-09
2.78952e-05
-5.21773e-09
2.78953e-05
-6.53939e-09
2.78955e-05
-7.83452e-09
2.78956e-05
-9.07711e-09
2.78958e-05
-1.02452e-08
2.7896e-05
-1.13215e-08
2.78963e-05
-1.22927e-08
2.78965e-05
-1.31494e-08
2.78968e-05
-1.38853e-08
2.7897e-05
-1.44971e-08
2.78973e-05
-1.49841e-08
2.78976e-05
-1.53479e-08
2.78979e-05
-1.55923e-08
2.78982e-05
-1.5723e-08
2.78985e-05
-1.57476e-08
2.78988e-05
-1.56752e-08
2.78991e-05
-1.55164e-08
2.78994e-05
-1.52829e-08
2.78996e-05
-1.49869e-08
2.78999e-05
-1.46415e-08
2.79002e-05
-1.42596e-08
2.79004e-05
-1.38538e-08
2.79007e-05
-1.34361e-08
2.79009e-05
-1.30175e-08
2.79012e-05
-1.2608e-08
2.79014e-05
-1.2216e-08
2.79016e-05
-1.18484e-08
2.79018e-05
-1.15108e-08
2.7902e-05
-1.12072e-08
2.79022e-05
-1.09401e-08
2.79024e-05
-1.0711e-08
2.79026e-05
-1.05203e-08
2.79028e-05
-1.03674e-08
2.79029e-05
-1.02511e-08
2.79031e-05
-1.01698e-08
2.79033e-05
-1.01214e-08
2.79034e-05
-1.01036e-08
2.79036e-05
-1.01138e-08
2.79038e-05
-1.01493e-08
2.79039e-05
-1.02072e-08
2.79041e-05
-1.02845e-08
2.79043e-05
-1.03778e-08
2.79045e-05
-1.04834e-08
2.79047e-05
-1.05974e-08
2.79048e-05
-1.07153e-08
2.7905e-05
-1.08322e-08
2.79052e-05
-1.0943e-08
2.79055e-05
-1.10421e-08
2.79057e-05
-1.11235e-08
2.79059e-05
-1.11811e-08
2.79061e-05
-1.12088e-08
2.79064e-05
-1.12004e-08
2.79067e-05
-1.11501e-08
2.79069e-05
-1.10524e-08
2.79072e-05
-1.09024e-08
2.79075e-05
-1.06962e-08
2.79077e-05
-1.04305e-08
2.7908e-05
-1.01035e-08
2.79083e-05
-9.71416e-09
2.79086e-05
-9.26305e-09
2.79089e-05
-8.7519e-09
2.79092e-05
-8.18375e-09
2.79095e-05
-7.56285e-09
2.79098e-05
-6.89457e-09
2.79101e-05
-6.18524e-09
2.79104e-05
-5.44194e-09
2.79107e-05
-4.67228e-09
2.7911e-05
-3.88418e-09
2.79112e-05
-3.08556e-09
2.79115e-05
-2.28412e-09
2.79117e-05
-1.48702e-09
2.7912e-05
-7.00763e-10
2.79122e-05
6.93067e-11
2.79124e-05
8.18664e-10
2.79126e-05
1.54293e-09
2.79128e-05
2.24106e-09
2.7913e-05
2.9115e-09
2.79132e-05
3.55325e-09
2.79133e-05
4.16592e-09
2.79134e-05
4.74813e-09
2.79135e-05
5.29665e-09
2.79136e-05
5.80476e-09
2.79137e-05
6.26088e-09
2.79138e-05
6.64614e-09
2.79138e-05
6.935e-09
2.79139e-05
7.09306e-09
2.79139e-05
7.07961e-09
2.79139e-05
6.84435e-09
2.7914e-05
6.34304e-09
2.7914e-05
5.53252e-09
2.79141e-05
4.42233e-09
2.79143e-05
2.99826e-09
2.79144e-05
1.38546e-09
-5.44455e-10
2.81834e-05
1.13772e-09
2.81834e-05
4.96453e-10
2.81835e-05
-3.66126e-10
2.81835e-05
-1.4566e-09
2.81835e-05
-2.6629e-09
2.81836e-05
-3.95637e-09
2.81837e-05
-5.28924e-09
2.81837e-05
-6.62855e-09
2.81839e-05
-7.94157e-09
2.8184e-05
-9.20169e-09
2.81841e-05
-1.03864e-08
2.81843e-05
-1.14782e-08
2.81844e-05
-1.24635e-08
2.81846e-05
-1.33326e-08
2.81848e-05
-1.40793e-08
2.8185e-05
-1.47002e-08
2.81852e-05
-1.51946e-08
2.81855e-05
-1.5564e-08
2.81857e-05
-1.58125e-08
2.81859e-05
-1.59456e-08
2.81861e-05
-1.59712e-08
2.81863e-05
-1.58983e-08
2.81866e-05
-1.57378e-08
2.81868e-05
-1.55012e-08
2.8187e-05
-1.52013e-08
2.81872e-05
-1.48509e-08
2.81874e-05
-1.44633e-08
2.81876e-05
-1.40511e-08
2.81878e-05
-1.36266e-08
2.8188e-05
-1.3201e-08
2.81882e-05
-1.27842e-08
2.81883e-05
-1.2385e-08
2.81885e-05
-1.20104e-08
2.81886e-05
-1.16661e-08
2.81888e-05
-1.13561e-08
2.81889e-05
-1.10833e-08
2.81891e-05
-1.0849e-08
2.81892e-05
-1.06537e-08
2.81893e-05
-1.0497e-08
2.81895e-05
-1.03776e-08
2.81896e-05
-1.0294e-08
2.81897e-05
-1.02441e-08
2.81898e-05
-1.02256e-08
2.819e-05
-1.02358e-08
2.81901e-05
-1.02723e-08
2.81902e-05
-1.0332e-08
2.81903e-05
-1.04119e-08
2.81905e-05
-1.05087e-08
2.81906e-05
-1.06186e-08
2.81907e-05
-1.07376e-08
2.81909e-05
-1.08614e-08
2.8191e-05
-1.0985e-08
2.81912e-05
-1.11032e-08
2.81914e-05
-1.12103e-08
2.81915e-05
-1.13003e-08
2.81917e-05
-1.1367e-08
2.81919e-05
-1.14042e-08
2.81921e-05
-1.14054e-08
2.81923e-05
-1.13649e-08
2.81926e-05
-1.12768e-08
2.81928e-05
-1.11363e-08
2.8193e-05
-1.09391e-08
2.81933e-05
-1.0682e-08
2.81936e-05
-1.03628e-08
2.81938e-05
-9.98048e-09
2.81941e-05
-9.53544e-09
2.81944e-05
-9.02931e-09
2.81947e-05
-8.46506e-09
2.81949e-05
-7.84688e-09
2.81952e-05
-7.1801e-09
2.81955e-05
-6.47104e-09
2.81958e-05
-5.72681e-09
2.81961e-05
-4.95504e-09
2.81964e-05
-4.1637e-09
2.81966e-05
-3.36078e-09
2.81969e-05
-2.55406e-09
2.81972e-05
-1.7508e-09
2.81974e-05
-9.57593e-10
2.81977e-05
-1.79668e-10
2.81979e-05
5.7837e-10
2.81981e-05
1.3117e-09
2.81984e-05
2.01973e-09
2.81986e-05
2.70104e-09
2.81988e-05
3.35455e-09
2.8199e-05
3.98006e-09
2.81991e-05
4.57626e-09
2.81993e-05
5.13995e-09
2.81994e-05
5.66422e-09
2.81995e-05
6.13702e-09
2.81997e-05
6.53857e-09
2.81997e-05
6.84211e-09
2.81998e-05
7.01155e-09
2.81999e-05
7.00403e-09
2.82e-05
6.76671e-09
2.82001e-05
6.25314e-09
2.82002e-05
5.42018e-09
2.82003e-05
4.27972e-09
2.82005e-05
2.82457e-09
2.82007e-05
1.2051e-09
-6.60833e-10
2.84237e-05
1.16589e-09
2.84237e-05
5.02532e-10
2.84237e-05
-3.63993e-10
2.84237e-05
-1.45916e-09
2.84238e-05
-2.6714e-09
2.84238e-05
-3.9741e-09
2.84238e-05
-5.31825e-09
2.84238e-05
-6.67032e-09
2.84239e-05
-7.99662e-09
2.8424e-05
-9.26996e-09
2.8424e-05
-1.04674e-08
2.84241e-05
-1.1571e-08
2.84242e-05
-1.25671e-08
2.84244e-05
-1.34459e-08
2.84245e-05
-1.4201e-08
2.84246e-05
-1.48291e-08
2.84247e-05
-1.53295e-08
2.84249e-05
-1.57037e-08
2.8425e-05
-1.59557e-08
2.84252e-05
-1.60914e-08
2.84253e-05
-1.61183e-08
2.84255e-05
-1.60458e-08
2.84256e-05
-1.58845e-08
2.84258e-05
-1.56464e-08
2.84259e-05
-1.53441e-08
2.8426e-05
-1.49906e-08
2.84262e-05
-1.45991e-08
2.84263e-05
-1.41826e-08
2.84264e-05
-1.37533e-08
2.84266e-05
-1.33227e-08
2.84267e-05
-1.29007e-08
2.84268e-05
-1.24962e-08
2.84269e-05
-1.21164e-08
2.8427e-05
-1.17671e-08
2.84271e-05
-1.14524e-08
2.84272e-05
-1.11751e-08
2.84273e-05
-1.09369e-08
2.84273e-05
-1.07382e-08
2.84274e-05
-1.05785e-08
2.84275e-05
-1.04568e-08
2.84276e-05
-1.03715e-08
2.84277e-05
-1.03205e-08
2.84277e-05
-1.03016e-08
2.84278e-05
-1.03122e-08
2.84279e-05
-1.03497e-08
2.8428e-05
-1.04112e-08
2.84281e-05
-1.04938e-08
2.84281e-05
-1.05939e-08
2.84282e-05
-1.07081e-08
2.84283e-05
-1.08323e-08
2.84284e-05
-1.0962e-08
2.84285e-05
-1.10924e-08
2.84286e-05
-1.12183e-08
2.84288e-05
-1.13337e-08
2.84289e-05
-1.14329e-08
2.8429e-05
-1.15093e-08
2.84292e-05
-1.15567e-08
2.84294e-05
-1.15687e-08
2.84295e-05
-1.15391e-08
2.84297e-05
-1.14622e-08
2.84299e-05
-1.13328e-08
2.84301e-05
-1.11467e-08
2.84303e-05
-1.09003e-08
2.84306e-05
-1.05914e-08
2.84308e-05
-1.02188e-08
2.84311e-05
-9.78277e-09
2.84313e-05
-9.28483e-09
2.84316e-05
-8.72784e-09
2.84318e-05
-8.11591e-09
2.84321e-05
-7.45434e-09
2.84324e-05
-6.74939e-09
2.84327e-05
-6.00814e-09
2.8433e-05
-5.23827e-09
2.84332e-05
-4.44774e-09
2.84335e-05
-3.64459e-09
2.84338e-05
-2.83665e-09
2.84341e-05
-2.03121e-09
2.84344e-05
-1.23499e-09
2.84346e-05
-4.53108e-10
2.84349e-05
3.10172e-10
2.84352e-05
1.04884e-09
2.84354e-05
1.76352e-09
2.84357e-05
2.45263e-09
2.84359e-05
3.11511e-09
2.84361e-05
3.75094e-09
2.84364e-05
4.35894e-09
2.84366e-05
4.93597e-09
2.84368e-05
5.47497e-09
2.84369e-05
5.96344e-09
2.84371e-05
6.38075e-09
2.84372e-05
6.69891e-09
2.84374e-05
6.88023e-09
2.84375e-05
6.87971e-09
2.84376e-05
6.64209e-09
2.84377e-05
6.11887e-09
2.84379e-05
5.26742e-09
2.84381e-05
4.10218e-09
2.84383e-05
2.62454e-09
2.84385e-05
1.01029e-09
-7.78969e-10
2.86149e-05
1.19777e-09
2.86149e-05
5.24845e-10
2.86149e-05
-3.35387e-10
2.86148e-05
-1.42676e-09
2.86148e-05
-2.63869e-09
2.86148e-05
-3.9451e-09
2.86147e-05
-5.29557e-09
2.86147e-05
-6.65571e-09
2.86147e-05
-7.99086e-09
2.86147e-05
-9.27326e-09
2.86147e-05
-1.04795e-08
2.86148e-05
-1.15915e-08
2.86148e-05
-1.25954e-08
2.86148e-05
-1.34814e-08
2.86149e-05
-1.4243e-08
2.86149e-05
-1.48769e-08
2.8615e-05
-1.53823e-08
2.8615e-05
-1.57609e-08
2.86151e-05
-1.60166e-08
2.86151e-05
-1.61552e-08
2.86152e-05
-1.61844e-08
2.86153e-05
-1.61134e-08
2.86153e-05
-1.59531e-08
2.86154e-05
-1.57152e-08
2.86155e-05
-1.54124e-08
2.86155e-05
-1.50579e-08
2.86156e-05
-1.46649e-08
2.86157e-05
-1.42463e-08
2.86157e-05
-1.38146e-08
2.86158e-05
-1.33812e-08
2.86159e-05
-1.29563e-08
2.86159e-05
-1.25487e-08
2.8616e-05
-1.21658e-08
2.8616e-05
-1.18133e-08
2.8616e-05
-1.14956e-08
2.86161e-05
-1.12156e-08
2.86161e-05
-1.09747e-08
2.86162e-05
-1.07737e-08
2.86162e-05
-1.06121e-08
2.86162e-05
-1.04889e-08
2.86163e-05
-1.04025e-08
2.86163e-05
-1.03509e-08
2.86163e-05
-1.0332e-08
2.86163e-05
-1.03431e-08
2.86164e-05
-1.03818e-08
2.86164e-05
-1.04452e-08
2.86165e-05
-1.05304e-08
2.86165e-05
-1.0634e-08
2.86165e-05
-1.07524e-08
2.86166e-05
-1.08817e-08
2.86166e-05
-1.10174e-08
2.86167e-05
-1.11548e-08
2.86168e-05
-1.12885e-08
2.86169e-05
-1.14127e-08
2.86169e-05
-1.15214e-08
2.8617e-05
-1.16083e-08
2.86171e-05
-1.16668e-08
2.86173e-05
-1.16906e-08
2.86174e-05
-1.16733e-08
2.86176e-05
-1.16091e-08
2.86177e-05
-1.14928e-08
2.86179e-05
-1.13197e-08
2.86181e-05
-1.10863e-08
2.86183e-05
-1.07903e-08
2.86185e-05
-1.04302e-08
2.86187e-05
-1.00062e-08
2.86189e-05
-9.51972e-09
2.86192e-05
-8.97343e-09
2.86194e-05
-8.3714e-09
2.86197e-05
-7.71881e-09
2.862e-05
-7.02189e-09
2.86203e-05
-6.28766e-09
2.86205e-05
-5.52378e-09
2.86208e-05
-4.73821e-09
2.86211e-05
-3.93898e-09
2.86214e-05
-3.13395e-09
2.86217e-05
-2.33043e-09
2.8622e-05
-1.53516e-09
2.86223e-05
-7.53452e-10
2.86226e-05
1.12947e-11
2.86229e-05
7.51598e-10
2.86232e-05
1.46968e-09
2.86235e-05
2.16336e-09
2.86238e-05
2.83185e-09
2.86241e-05
3.47535e-09
2.86243e-05
4.09288e-09
2.86246e-05
4.68139e-09
2.86248e-05
5.23375e-09
2.8625e-05
5.73708e-09
2.86253e-05
6.16996e-09
2.86255e-05
6.50332e-09
2.86256e-05
6.69792e-09
2.86258e-05
6.70666e-09
2.8626e-05
6.47198e-09
2.86262e-05
5.94337e-09
2.86263e-05
5.07912e-09
2.86266e-05
3.89597e-09
2.86268e-05
2.40559e-09
2.8627e-05
8.06924e-10
-8.96637e-10
2.8757e-05
1.23852e-09
2.8757e-05
5.73704e-10
2.87569e-05
-2.70783e-10
2.87569e-05
-1.35087e-09
2.87568e-05
-2.55737e-09
2.87567e-05
-3.86268e-09
2.87566e-05
-5.21507e-09
2.87565e-05
-6.579e-09
2.87565e-05
-7.91891e-09
2.87564e-05
-9.20651e-09
2.87563e-05
-1.04181e-08
2.87563e-05
-1.15354e-08
2.87562e-05
-1.25445e-08
2.87562e-05
-1.34356e-08
2.87561e-05
-1.42022e-08
2.87561e-05
-1.48409e-08
2.87561e-05
-1.5351e-08
2.8756e-05
-1.57341e-08
2.8756e-05
-1.5994e-08
2.8756e-05
-1.61365e-08
2.8756e-05
-1.61693e-08
2.8756e-05
-1.61016e-08
2.8756e-05
-1.59441e-08
2.8756e-05
-1.57086e-08
2.8756e-05
-1.54077e-08
2.8756e-05
-1.50546e-08
2.8756e-05
-1.46625e-08
2.8756e-05
-1.42445e-08
2.87559e-05
-1.38129e-08
2.87559e-05
-1.33792e-08
2.87559e-05
-1.29537e-08
2.87559e-05
-1.25453e-08
2.87559e-05
-1.21613e-08
2.87559e-05
-1.18077e-08
2.87559e-05
-1.14888e-08
2.87559e-05
-1.12075e-08
2.87559e-05
-1.09655e-08
2.87559e-05
-1.07634e-08
2.87559e-05
-1.06009e-08
2.87559e-05
-1.04769e-08
2.87559e-05
-1.03901e-08
2.87558e-05
-1.03384e-08
2.87558e-05
-1.03197e-08
2.87558e-05
-1.03316e-08
2.87558e-05
-1.03716e-08
2.87558e-05
-1.04369e-08
2.87558e-05
-1.05246e-08
2.87558e-05
-1.06315e-08
2.87558e-05
-1.07541e-08
2.87558e-05
-1.08885e-08
2.87558e-05
-1.10303e-08
2.87558e-05
-1.11748e-08
2.87559e-05
-1.13165e-08
2.87559e-05
-1.14499e-08
2.8756e-05
-1.15687e-08
2.8756e-05
-1.16667e-08
2.87561e-05
-1.17373e-08
2.87562e-05
-1.17739e-08
2.87563e-05
-1.17703e-08
2.87564e-05
-1.17204e-08
2.87565e-05
-1.16188e-08
2.87566e-05
-1.14608e-08
2.87568e-05
-1.12428e-08
2.8757e-05
-1.09622e-08
2.87572e-05
-1.06174e-08
2.87574e-05
-1.02085e-08
2.87576e-05
-9.73659e-09
2.87578e-05
-9.20442e-09
2.87581e-05
-8.61585e-09
2.87583e-05
-7.97596e-09
2.87586e-05
-7.2909e-09
2.87589e-05
-6.56763e-09
2.87591e-05
-5.81374e-09
2.87594e-05
-5.03716e-09
2.87598e-05
-4.24591e-09
2.87601e-05
-3.44783e-09
2.87604e-05
-2.65021e-09
2.87607e-05
-1.85975e-09
2.8761e-05
-1.08178e-09
2.87614e-05
-3.20459e-10
2.87617e-05
4.18987e-10
2.8762e-05
1.13687e-09
2.87624e-05
1.83193e-09
2.87627e-05
2.50349e-09
2.8763e-05
3.15202e-09
2.87633e-05
3.77684e-09
2.87636e-05
4.37506e-09
2.87639e-05
4.93959e-09
2.87642e-05
5.45731e-09
2.87645e-05
5.90617e-09
2.87647e-05
6.25615e-09
2.8765e-05
6.46662e-09
2.87652e-05
6.48844e-09
2.87654e-05
6.26181e-09
2.87656e-05
5.73403e-09
2.87658e-05
4.86434e-09
2.8766e-05
3.67097e-09
2.87663e-05
2.17721e-09
2.87665e-05
5.99757e-10
-1.01357e-09
2.88536e-05
1.29257e-09
2.88535e-05
6.55614e-10
2.88534e-05
-1.66831e-10
2.88533e-05
-1.23031e-09
2.88532e-05
-2.4279e-09
2.88531e-05
-3.7284e-09
2.88529e-05
-5.07913e-09
2.88528e-05
-6.44316e-09
2.88527e-05
-7.78428e-09
2.88525e-05
-9.07376e-09
2.88524e-05
-1.02877e-08
2.88523e-05
-1.14078e-08
2.88521e-05
-1.24201e-08
2.8852e-05
-1.33147e-08
2.88519e-05
-1.40853e-08
2.88518e-05
-1.47284e-08
2.88517e-05
-1.52433e-08
2.88516e-05
-1.56314e-08
2.88515e-05
-1.58965e-08
2.88514e-05
-1.60443e-08
2.88513e-05
-1.60824e-08
2.88512e-05
-1.60199e-08
2.88511e-05
-1.58673e-08
2.88511e-05
-1.56364e-08
2.8851e-05
-1.53398e-08
2.88509e-05
-1.49905e-08
2.88509e-05
-1.46019e-08
2.88508e-05
-1.41868e-08
2.88508e-05
-1.37577e-08
2.88507e-05
-1.3326e-08
2.88507e-05
-1.29022e-08
2.88506e-05
-1.2495e-08
2.88506e-05
-1.2112e-08
2.88505e-05
-1.1759e-08
2.88505e-05
-1.14404e-08
2.88504e-05
-1.11593e-08
2.88504e-05
-1.09174e-08
2.88503e-05
-1.07152e-08
2.88503e-05
-1.05527e-08
2.88502e-05
-1.04287e-08
2.88502e-05
-1.03419e-08
2.88501e-05
-1.02904e-08
2.88501e-05
-1.02722e-08
2.885e-05
-1.0285e-08
2.885e-05
-1.03262e-08
2.88499e-05
-1.03933e-08
2.88499e-05
-1.04835e-08
2.88499e-05
-1.05937e-08
2.88498e-05
-1.07204e-08
2.88498e-05
-1.08598e-08
2.88498e-05
-1.10076e-08
2.88498e-05
-1.11591e-08
2.88498e-05
-1.13091e-08
2.88498e-05
-1.14519e-08
2.88498e-05
-1.15813e-08
2.88498e-05
-1.1691e-08
2.88498e-05
-1.17744e-08
2.88499e-05
-1.18249e-08
2.88499e-05
-1.18361e-08
2.885e-05
-1.18019e-08
2.88501e-05
-1.17167e-08
2.88502e-05
-1.15757e-08
2.88504e-05
-1.13751e-08
2.88505e-05
-1.11121e-08
2.88507e-05
-1.07851e-08
2.88509e-05
-1.03939e-08
2.88511e-05
-9.93956e-09
2.88513e-05
-9.42452e-09
2.88515e-05
-8.85257e-09
2.88518e-05
-8.22867e-09
2.88521e-05
-7.55884e-09
2.88523e-05
-6.84998e-09
2.88526e-05
-6.10958e-09
2.88529e-05
-5.34553e-09
2.88533e-05
-4.56579e-09
2.88536e-05
-3.77817e-09
2.88539e-05
-2.98994e-09
2.88543e-05
-2.20769e-09
2.88546e-05
-1.43691e-09
2.8855e-05
-6.81855e-10
2.88554e-05
5.32184e-11
2.88557e-05
7.68075e-10
2.88561e-05
1.46171e-09
2.88565e-05
2.13377e-09
2.88568e-05
2.785e-09
2.88572e-05
3.41511e-09
2.88576e-05
4.02153e-09
2.88579e-05
4.59729e-09
2.88582e-05
5.12927e-09
2.88585e-05
5.59497e-09
2.88588e-05
5.96364e-09
2.88591e-05
6.19346e-09
2.88594e-05
6.23336e-09
2.88596e-05
6.02122e-09
2.88598e-05
5.50179e-09
2.88601e-05
4.6348e-09
2.88603e-05
3.43854e-09
2.88605e-05
1.94843e-09
2.88607e-05
3.90932e-10
-1.1318e-09
2.89134e-05
1.35999e-09
2.89133e-05
7.67104e-10
2.89132e-05
-3.10861e-11
2.8913e-05
-1.07493e-09
2.89129e-05
-2.26155e-09
2.89127e-05
-3.55459e-09
2.89125e-05
-4.90087e-09
2.89123e-05
-6.2621e-09
2.89121e-05
-7.60161e-09
2.8912e-05
-8.89035e-09
2.89118e-05
-1.01044e-08
2.89116e-05
-1.12254e-08
2.89114e-05
-1.22394e-08
2.89112e-05
-1.31367e-08
2.89111e-05
-1.39108e-08
2.89109e-05
-1.45583e-08
2.89107e-05
-1.50782e-08
2.89106e-05
-1.54721e-08
2.89104e-05
-1.57434e-08
2.89103e-05
-1.58979e-08
2.89101e-05
-1.59428e-08
2.891e-05
-1.58872e-08
2.89099e-05
-1.57414e-08
2.89098e-05
-1.55171e-08
2.89096e-05
-1.52268e-08
2.89095e-05
-1.48834e-08
2.89094e-05
-1.45002e-08
2.89093e-05
-1.40901e-08
2.89092e-05
-1.36654e-08
2.89092e-05
-1.32376e-08
2.89091e-05
-1.28171e-08
2.8909e-05
-1.24128e-08
2.89089e-05
-1.20322e-08
2.89088e-05
-1.16812e-08
2.89088e-05
-1.13642e-08
2.89087e-05
-1.10844e-08
2.89086e-05
-1.08433e-08
2.89085e-05
-1.06419e-08
2.89085e-05
-1.04798e-08
2.89084e-05
-1.03562e-08
2.89083e-05
-1.02698e-08
2.89082e-05
-1.02188e-08
2.89082e-05
-1.02011e-08
2.89081e-05
-1.02147e-08
2.8908e-05
-1.02571e-08
2.8908e-05
-1.0326e-08
2.89079e-05
-1.04185e-08
2.89078e-05
-1.05317e-08
2.89078e-05
-1.06622e-08
2.89077e-05
-1.08065e-08
2.89077e-05
-1.09602e-08
2.89076e-05
-1.11188e-08
2.89076e-05
-1.12771e-08
2.89076e-05
-1.14294e-08
2.89076e-05
-1.15696e-08
2.89076e-05
-1.16914e-08
2.89076e-05
-1.17881e-08
2.89076e-05
-1.18532e-08
2.89077e-05
-1.188e-08
2.89077e-05
-1.18624e-08
2.89078e-05
-1.17948e-08
2.89079e-05
-1.16722e-08
2.8908e-05
-1.14905e-08
2.89081e-05
-1.12469e-08
2.89083e-05
-1.09395e-08
2.89085e-05
-1.0568e-08
2.89087e-05
-1.01333e-08
2.89089e-05
-9.63765e-09
2.89091e-05
-9.08467e-09
2.89094e-05
-8.47919e-09
2.89096e-05
-7.82712e-09
2.89099e-05
-7.13522e-09
2.89102e-05
-6.41091e-09
2.89105e-05
-5.66198e-09
2.89109e-05
-4.89636e-09
2.89112e-05
-4.12177e-09
2.89116e-05
-3.34545e-09
2.89119e-05
-2.57394e-09
2.89123e-05
-1.81275e-09
2.89127e-05
-1.06602e-09
2.89131e-05
-3.37633e-10
2.89135e-05
3.71874e-10
2.89139e-05
1.0621e-09
2.89143e-05
1.73274e-09
2.89147e-05
2.38495e-09
2.89151e-05
3.01887e-09
2.89155e-05
3.6323e-09
2.89158e-05
4.21863e-09
2.89162e-05
4.76481e-09
2.89166e-05
5.24814e-09
2.89169e-05
5.63739e-09
2.89172e-05
5.88978e-09
2.89175e-05
5.95244e-09
2.89177e-05
5.76082e-09
2.8918e-05
5.25671e-09
2.89182e-05
4.39967e-09
2.89184e-05
3.2066e-09
2.89187e-05
1.72438e-09
2.89189e-05
1.81097e-10
-1.25306e-09
2.8949e-05
1.43537e-09
2.89489e-05
8.95104e-10
2.89488e-05
1.21505e-10
2.89486e-05
-9.01146e-10
2.89484e-05
-2.07541e-09
2.89482e-05
-3.35895e-09
2.8948e-05
-4.6986e-09
2.89478e-05
-6.05478e-09
2.89476e-05
-7.39059e-09
2.89474e-05
-8.67671e-09
2.89472e-05
-9.88926e-09
2.89469e-05
-1.10099e-08
2.89467e-05
-1.20248e-08
2.89465e-05
-1.29242e-08
2.89463e-05
-1.37016e-08
2.89461e-05
-1.43534e-08
2.89459e-05
-1.48789e-08
2.89457e-05
-1.52791e-08
2.89455e-05
-1.55576e-08
2.89453e-05
-1.57197e-08
2.89452e-05
-1.57726e-08
2.8945e-05
-1.57251e-08
2.89448e-05
-1.55875e-08
2.89447e-05
-1.53713e-08
2.89446e-05
-1.50887e-08
2.89444e-05
-1.47526e-08
2.89443e-05
-1.43762e-08
2.89442e-05
-1.39724e-08
2.89441e-05
-1.35534e-08
2.8944e-05
-1.31307e-08
2.89439e-05
-1.27148e-08
2.89438e-05
-1.23144e-08
2.89437e-05
-1.19371e-08
2.89436e-05
-1.15889e-08
2.89435e-05
-1.12742e-08
2.89434e-05
-1.09962e-08
2.89433e-05
-1.07566e-08
2.89432e-05
-1.05562e-08
2.89432e-05
-1.03949e-08
2.89431e-05
-1.02719e-08
2.8943e-05
-1.01859e-08
2.89429e-05
-1.01353e-08
2.89428e-05
-1.01182e-08
2.89427e-05
-1.01325e-08
2.89427e-05
-1.0176e-08
2.89426e-05
-1.02464e-08
2.89425e-05
-1.0341e-08
2.89424e-05
-1.0457e-08
2.89424e-05
-1.05913e-08
2.89423e-05
-1.07402e-08
2.89422e-05
-1.08997e-08
2.89422e-05
-1.10652e-08
2.89421e-05
-1.12316e-08
2.89421e-05
-1.13934e-08
2.89421e-05
-1.15445e-08
2.89421e-05
-1.16784e-08
2.89421e-05
-1.17887e-08
2.89421e-05
-1.18686e-08
2.89421e-05
-1.19114e-08
2.89421e-05
-1.1911e-08
2.89422e-05
-1.18616e-08
2.89423e-05
-1.1758e-08
2.89424e-05
-1.15961e-08
2.89425e-05
-1.13728e-08
2.89427e-05
-1.10861e-08
2.89428e-05
-1.07355e-08
2.8943e-05
-1.03216e-08
2.89432e-05
-9.84667e-09
2.89435e-05
-9.31408e-09
2.89437e-05
-8.7285e-09
2.8944e-05
-8.09569e-09
2.89443e-05
-7.42231e-09
2.89446e-05
-6.71564e-09
2.89449e-05
-5.98341e-09
2.89452e-05
-5.23345e-09
2.89456e-05
-4.47342e-09
2.8946e-05
-3.71052e-09
2.89463e-05
-2.95121e-09
2.89467e-05
-2.20096e-09
2.89471e-05
-1.46384e-09
2.89475e-05
-7.43373e-10
2.89479e-05
-4.04459e-11
2.89484e-05
6.45175e-10
2.89488e-05
1.31327e-09
2.89492e-05
1.96546e-09
2.89496e-05
2.60226e-09
2.895e-05
3.22192e-09
2.89504e-05
3.81822e-09
2.89508e-05
4.37835e-09
2.89512e-05
4.8795e-09
2.89515e-05
5.29013e-09
2.89519e-05
5.56673e-09
2.89521e-05
5.65482e-09
2.89524e-05
5.48743e-09
2.89527e-05
5.0032e-09
2.89529e-05
4.16119e-09
2.89531e-05
2.97606e-09
2.89534e-05
1.50503e-09
2.89536e-05
-2.71832e-11
-1.37526e-09
2.89724e-05
1.50991e-09
2.89722e-05
1.02234e-09
2.89721e-05
2.74584e-10
2.89719e-05
-7.25251e-10
2.89717e-05
-1.88537e-09
2.89715e-05
-3.15751e-09
2.89713e-05
-4.48868e-09
2.89711e-05
-5.8381e-09
2.89709e-05
-7.16868e-09
2.89706e-05
-8.4509e-09
2.89704e-05
-9.66091e-09
2.89702e-05
-1.07804e-08
2.897e-05
-1.17956e-08
2.89697e-05
-1.26968e-08
2.89695e-05
-1.34773e-08
2.89693e-05
-1.41337e-08
2.89691e-05
-1.46648e-08
2.89689e-05
-1.50718e-08
2.89687e-05
-1.53579e-08
2.89685e-05
-1.55282e-08
2.89683e-05
-1.55898e-08
2.89681e-05
-1.55513e-08
2.89679e-05
-1.54226e-08
2.89678e-05
-1.52152e-08
2.89676e-05
-1.49412e-08
2.89675e-05
-1.46133e-08
2.89674e-05
-1.42446e-08
2.89672e-05
-1.38478e-08
2.89671e-05
-1.34352e-08
2.8967e-05
-1.30184e-08
2.89669e-05
-1.26075e-08
2.89668e-05
-1.22116e-08
2.89667e-05
-1.18381e-08
2.89666e-05
-1.1493e-08
2.89665e-05
-1.1181e-08
2.89664e-05
-1.0905e-08
2.89663e-05
-1.0667e-08
2.89663e-05
-1.04677e-08
2.89662e-05
-1.03073e-08
2.89661e-05
-1.01849e-08
2.8966e-05
-1.00993e-08
2.89659e-05
-1.00491e-08
2.89658e-05
-1.00325e-08
2.89657e-05
-1.00474e-08
2.89656e-05
-1.00918e-08
2.89656e-05
-1.01636e-08
2.89655e-05
-1.02601e-08
2.89654e-05
-1.03788e-08
2.89653e-05
-1.05166e-08
2.89653e-05
-1.067e-08
2.89652e-05
-1.0835e-08
2.89651e-05
-1.10073e-08
2.89651e-05
-1.11817e-08
2.89651e-05
-1.13527e-08
2.8965e-05
-1.15145e-08
2.8965e-05
-1.16605e-08
2.8965e-05
-1.17842e-08
2.8965e-05
-1.18788e-08
2.8965e-05
-1.19377e-08
2.89651e-05
-1.19545e-08
2.89651e-05
-1.19233e-08
2.89652e-05
-1.18389e-08
2.89653e-05
-1.16969e-08
2.89654e-05
-1.14942e-08
2.89656e-05
-1.12285e-08
2.89657e-05
-1.08992e-08
2.89659e-05
-1.05067e-08
2.89661e-05
-1.0053e-08
2.89664e-05
-9.54144e-09
2.89666e-05
-8.97641e-09
2.89669e-05
-8.36355e-09
2.89672e-05
-7.70939e-09
2.89675e-05
-7.0211e-09
2.89678e-05
-6.30629e-09
2.89681e-05
-5.5727e-09
2.89685e-05
-4.82793e-09
2.89689e-05
-4.0791e-09
2.89692e-05
-3.33261e-09
2.89696e-05
-2.59387e-09
2.897e-05
-1.86684e-09
2.89704e-05
-1.15488e-09
2.89709e-05
-4.58748e-10
2.89713e-05
2.21685e-10
2.89717e-05
8.86887e-10
2.89721e-05
1.53867e-09
2.89726e-05
2.17793e-09
2.8973e-05
2.80334e-09
2.89734e-05
3.40906e-09
2.89738e-05
3.98249e-09
2.89742e-05
4.50077e-09
2.89745e-05
4.93212e-09
2.89749e-05
5.23237e-09
2.89752e-05
5.34565e-09
2.89755e-05
5.2028e-09
2.89757e-05
4.7397e-09
2.8976e-05
3.91513e-09
2.89762e-05
2.74185e-09
2.89764e-05
1.28717e-09
2.89766e-05
-2.26927e-10
-1.49093e-09
2.89914e-05
1.58027e-09
2.89912e-05
1.14252e-09
2.89911e-05
4.22329e-10
2.89909e-05
-5.53159e-10
2.89907e-05
-1.69716e-09
2.89905e-05
-2.95603e-09
2.89903e-05
-4.27691e-09
2.89901e-05
-5.61797e-09
2.89899e-05
-6.94195e-09
2.89896e-05
-8.21915e-09
2.89894e-05
-9.42576e-09
2.89892e-05
-1.05435e-08
2.89889e-05
-1.15586e-08
2.89887e-05
-1.24612e-08
2.89885e-05
-1.32449e-08
2.89882e-05
-1.39058e-08
2.8988e-05
-1.44428e-08
2.89878e-05
-1.48567e-08
2.89876e-05
-1.51508e-08
2.89874e-05
-1.53298e-08
2.89872e-05
-1.54006e-08
2.8987e-05
-1.53715e-08
2.89868e-05
-1.52524e-08
2.89867e-05
-1.50545e-08
2.89865e-05
-1.47897e-08
2.89864e-05
-1.44706e-08
2.89863e-05
-1.41102e-08
2.89861e-05
-1.37211e-08
2.8986e-05
-1.33155e-08
2.89859e-05
-1.29049e-08
2.89858e-05
-1.24996e-08
2.89857e-05
-1.21085e-08
2.89856e-05
-1.17391e-08
2.89855e-05
-1.13975e-08
2.89854e-05
-1.10882e-08
2.89853e-05
-1.08143e-08
2.89852e-05
-1.0578e-08
2.89851e-05
-1.03799e-08
2.8985e-05
-1.02203e-08
2.8985e-05
-1.00984e-08
2.89849e-05
-1.00133e-08
2.89848e-05
-9.96333e-09
2.89847e-05
-9.94699e-09
2.89846e-05
-9.96243e-09
2.89845e-05
-1.00077e-08
2.89844e-05
-1.00806e-08
2.89844e-05
-1.0179e-08
2.89843e-05
-1.03002e-08
2.89842e-05
-1.04413e-08
2.89841e-05
-1.0599e-08
2.89841e-05
-1.07693e-08
2.8984e-05
-1.09481e-08
2.8984e-05
-1.11303e-08
2.89839e-05
-1.13104e-08
2.89839e-05
-1.14826e-08
2.89839e-05
-1.16404e-08
2.89839e-05
-1.17773e-08
2.89839e-05
-1.18865e-08
2.89839e-05
-1.19612e-08
2.89839e-05
-1.1995e-08
2.8984e-05
-1.1982e-08
2.89841e-05
-1.19167e-08
2.89842e-05
-1.17948e-08
2.89843e-05
-1.16127e-08
2.89844e-05
-1.13681e-08
2.89846e-05
-1.10603e-08
2.89848e-05
-1.06894e-08
2.8985e-05
-1.02573e-08
2.89852e-05
-9.76696e-09
2.89854e-05
-9.22285e-09
2.89857e-05
-8.63035e-09
2.8986e-05
-7.99583e-09
2.89863e-05
-7.32635e-09
2.89866e-05
-6.6294e-09
2.8987e-05
-5.91261e-09
2.89873e-05
-5.1835e-09
2.89877e-05
-4.44912e-09
2.89881e-05
-3.71579e-09
2.89885e-05
-2.98883e-09
2.89889e-05
-2.27215e-09
2.89893e-05
-1.56888e-09
2.89897e-05
-8.79759e-10
2.89901e-05
-2.0457e-10
2.89906e-05
4.57601e-10
2.8991e-05
1.10881e-09
2.89914e-05
1.75029e-09
2.89918e-05
2.38107e-09
2.89923e-05
2.99567e-09
2.89927e-05
3.58165e-09
2.8993e-05
4.11607e-09
2.89934e-05
4.56696e-09
2.89938e-05
4.88957e-09
2.89941e-05
5.02681e-09
2.89944e-05
4.90772e-09
2.89946e-05
4.46591e-09
2.89949e-05
3.66035e-09
2.89951e-05
2.50261e-09
2.89954e-05
1.07015e-09
2.89955e-05
-4.15834e-10
-1.59757e-09
2.90089e-05
1.64689e-09
2.90088e-05
1.25645e-09
2.90086e-05
5.64923e-10
2.90085e-05
-3.84838e-10
2.90083e-05
-1.51088e-09
2.90081e-05
-2.75456e-09
2.90079e-05
-4.0633e-09
2.90076e-05
-5.39437e-09
2.90074e-05
-6.71033e-09
2.90072e-05
-7.98136e-09
2.90069e-05
-9.18366e-09
2.90067e-05
-1.02989e-08
2.90064e-05
-1.13135e-08
2.90062e-05
-1.22174e-08
2.90059e-05
-1.3004e-08
2.90057e-05
-1.36696e-08
2.90055e-05
-1.42126e-08
2.90053e-05
-1.46339e-08
2.9005e-05
-1.49362e-08
2.90048e-05
-1.51244e-08
2.90046e-05
-1.52049e-08
2.90045e-05
-1.51859e-08
2.90043e-05
-1.50771e-08
2.90041e-05
-1.48893e-08
2.9004e-05
-1.46343e-08
2.90038e-05
-1.43247e-08
2.90037e-05
-1.39732e-08
2.90035e-05
-1.35924e-08
2.90034e-05
-1.31944e-08
2.90033e-05
-1.27906e-08
2.90032e-05
-1.23913e-08
2.90031e-05
-1.20053e-08
2.9003e-05
-1.16403e-08
2.90029e-05
-1.13023e-08
2.90028e-05
-1.09959e-08
2.90027e-05
-1.07244e-08
2.90026e-05
-1.04897e-08
2.90025e-05
-1.02929e-08
2.90025e-05
-1.0134e-08
2.90024e-05
-1.00126e-08
2.90023e-05
-9.92774e-09
2.90022e-05
-9.87799e-09
2.90021e-05
-9.86187e-09
2.9002e-05
-9.87768e-09
2.9002e-05
-9.92359e-09
2.90019e-05
-9.99763e-09
2.90018e-05
-1.00976e-08
2.90017e-05
-1.02211e-08
2.90016e-05
-1.03654e-08
2.90016e-05
-1.05271e-08
2.90015e-05
-1.07026e-08
2.90014e-05
-1.08877e-08
2.90014e-05
-1.10774e-08
2.90013e-05
-1.12664e-08
2.90013e-05
-1.14488e-08
2.90013e-05
-1.16182e-08
2.90013e-05
-1.17681e-08
2.90013e-05
-1.18916e-08
2.90013e-05
-1.1982e-08
2.90013e-05
-1.20327e-08
2.90014e-05
-1.20377e-08
2.90015e-05
-1.19916e-08
2.90016e-05
-1.18896e-08
2.90017e-05
-1.17282e-08
2.90018e-05
-1.1505e-08
2.9002e-05
-1.12188e-08
2.90022e-05
-1.08697e-08
2.90024e-05
-1.04595e-08
2.90026e-05
-9.99083e-09
2.90028e-05
-9.46801e-09
2.90031e-05
-8.89629e-09
2.90034e-05
-8.28185e-09
2.90037e-05
-7.63162e-09
2.9004e-05
-6.95296e-09
2.90043e-05
-6.25341e-09
2.90047e-05
-5.54037e-09
2.90051e-05
-4.82081e-09
2.90055e-05
-4.10096e-09
2.90059e-05
-3.38607e-09
2.90063e-05
-2.67996e-09
2.90067e-05
-1.9856e-09
2.90071e-05
-1.30366e-09
2.90075e-05
-6.33819e-10
2.9008e-05
2.51961e-11
2.90084e-05
6.75662e-10
2.90088e-05
1.31911e-09
2.90093e-05
1.9549e-09
2.90097e-05
2.57783e-09
2.90101e-05
3.17563e-09
2.90105e-05
3.72529e-09
2.90108e-05
4.19468e-09
2.90112e-05
4.53857e-09
2.90115e-05
4.69886e-09
2.90118e-05
4.60309e-09
2.90121e-05
4.18307e-09
2.90124e-05
3.39838e-09
2.90126e-05
2.25986e-09
2.90128e-05
8.54884e-10
2.9013e-05
-5.95488e-10
-1.69682e-09
2.9025e-05
1.71068e-09
2.90248e-05
1.36541e-09
2.90247e-05
7.0304e-10
2.90245e-05
-2.19876e-10
2.90244e-05
-1.32624e-09
2.90242e-05
-2.55287e-09
2.90239e-05
-3.84764e-09
2.90237e-05
-5.16705e-09
2.90235e-05
-6.47358e-09
2.90232e-05
-7.73729e-09
2.9023e-05
-8.93439e-09
2.90227e-05
-1.00466e-08
2.90225e-05
-1.10601e-08
2.90222e-05
-1.19651e-08
2.9022e-05
-1.27546e-08
2.90217e-05
-1.34249e-08
2.90215e-05
-1.39742e-08
2.90213e-05
-1.44031e-08
2.9021e-05
-1.47143e-08
2.90208e-05
-1.49121e-08
2.90206e-05
-1.50029e-08
2.90204e-05
-1.49946e-08
2.90202e-05
-1.48967e-08
2.90201e-05
-1.47197e-08
2.90199e-05
-1.44753e-08
2.90198e-05
-1.41758e-08
2.90196e-05
-1.38339e-08
2.90195e-05
-1.3462e-08
2.90194e-05
-1.30721e-08
2.90193e-05
-1.26756e-08
2.90192e-05
-1.22827e-08
2.90191e-05
-1.19023e-08
2.9019e-05
-1.15419e-08
2.90189e-05
-1.12078e-08
2.90188e-05
-1.09045e-08
2.90187e-05
-1.06353e-08
2.90186e-05
-1.04024e-08
2.90185e-05
-1.02067e-08
2.90184e-05
-1.00486e-08
2.90183e-05
-9.92763e-09
2.90182e-05
-9.8429e-09
2.90182e-05
-9.79322e-09
2.90181e-05
-9.77717e-09
2.9018e-05
-9.7932e-09
2.90179e-05
-9.83961e-09
2.90178e-05
-9.91456e-09
2.90177e-05
-1.0016e-08
2.90177e-05
-1.01416e-08
2.90176e-05
-1.02888e-08
2.90175e-05
-1.04544e-08
2.90174e-05
-1.06348e-08
2.90174e-05
-1.08259e-08
2.90173e-05
-1.10229e-08
2.90173e-05
-1.12205e-08
2.90173e-05
-1.14129e-08
2.90172e-05
-1.15937e-08
2.90172e-05
-1.17563e-08
2.90172e-05
-1.1894e-08
2.90172e-05
-1.2e-08
2.90173e-05
-1.20675e-08
2.90173e-05
-1.20906e-08
2.90174e-05
-1.20635e-08
2.90175e-05
-1.19815e-08
2.90176e-05
-1.1841e-08
2.90177e-05
-1.16392e-08
2.90179e-05
-1.13748e-08
2.90181e-05
-1.10479e-08
2.90183e-05
-1.06598e-08
2.90185e-05
-1.02132e-08
2.90187e-05
-9.71206e-09
2.9019e-05
-9.16154e-09
2.90193e-05
-8.56763e-09
2.90196e-05
-7.93711e-09
2.90199e-05
-7.2772e-09
2.90203e-05
-6.59532e-09
2.90206e-05
-5.89875e-09
2.9021e-05
-5.19438e-09
2.90214e-05
-4.48833e-09
2.90218e-05
-3.7858e-09
2.90222e-05
-3.09049e-09
2.90226e-05
-2.40523e-09
2.9023e-05
-1.73064e-09
2.90235e-05
-1.06626e-09
2.90239e-05
-4.10542e-10
2.90243e-05
2.39e-10
2.90248e-05
8.84155e-10
2.90252e-05
1.52457e-09
2.90256e-05
2.1553e-09
2.9026e-05
2.76422e-09
2.90264e-05
3.32826e-09
2.90268e-05
3.81523e-09
2.90272e-05
4.17945e-09
2.90275e-05
4.3621e-09
2.90278e-05
4.28947e-09
2.90281e-05
3.89202e-09
2.90284e-05
3.13022e-09
2.90286e-05
2.0145e-09
2.90288e-05
6.41655e-10
2.9029e-05
-7.67653e-10
-1.7904e-09
2.90396e-05
1.77247e-09
2.90395e-05
1.47053e-09
2.90393e-05
8.37328e-10
2.90392e-05
-5.78622e-11
2.9039e-05
-1.14297e-09
2.90388e-05
-2.35068e-09
2.90386e-05
-3.62962e-09
2.90383e-05
-4.93572e-09
2.90381e-05
-6.23141e-09
2.90378e-05
-7.48663e-09
2.90376e-05
-8.67766e-09
2.90373e-05
-9.78615e-09
2.90371e-05
-1.07983e-08
2.90368e-05
-1.17041e-08
2.90365e-05
-1.24966e-08
2.90363e-05
-1.31716e-08
2.9036e-05
-1.37275e-08
2.90358e-05
-1.41644e-08
2.90356e-05
-1.44848e-08
2.90353e-05
-1.46929e-08
2.90351e-05
-1.47946e-08
2.90349e-05
-1.47977e-08
2.90348e-05
-1.47113e-08
2.90346e-05
-1.45458e-08
2.90344e-05
-1.43127e-08
2.90343e-05
-1.40241e-08
2.90341e-05
-1.36924e-08
2.9034e-05
-1.333e-08
2.90339e-05
-1.29488e-08
2.90338e-05
-1.25601e-08
2.90336e-05
-1.2174e-08
2.90335e-05
-1.17995e-08
2.90334e-05
-1.14442e-08
2.90334e-05
-1.11141e-08
2.90333e-05
-1.0814e-08
2.90332e-05
-1.05473e-08
2.90331e-05
-1.03161e-08
2.9033e-05
-1.01216e-08
2.90329e-05
-9.96421e-09
2.90328e-05
-9.84354e-09
2.90327e-05
-9.75886e-09
2.90327e-05
-9.70911e-09
2.90326e-05
-9.69299e-09
2.90325e-05
-9.70907e-09
2.90324e-05
-9.7558e-09
2.90323e-05
-9.83147e-09
2.90322e-05
-9.93416e-09
2.90322e-05
-1.00617e-08
2.90321e-05
-1.02116e-08
2.9032e-05
-1.03808e-08
2.90319e-05
-1.05659e-08
2.90319e-05
-1.07628e-08
2.90318e-05
-1.09669e-08
2.90318e-05
-1.11729e-08
2.90317e-05
-1.1375e-08
2.90317e-05
-1.15669e-08
2.90317e-05
-1.17421e-08
2.90317e-05
-1.18938e-08
2.90317e-05
-1.20151e-08
2.90317e-05
-1.20994e-08
2.90318e-05
-1.21404e-08
2.90319e-05
-1.21324e-08
2.9032e-05
-1.20705e-08
2.90321e-05
-1.19509e-08
2.90322e-05
-1.17707e-08
2.90324e-05
-1.15285e-08
2.90325e-05
-1.12239e-08
2.90327e-05
-1.08583e-08
2.90329e-05
-1.04341e-08
2.90332e-05
-9.95516e-09
2.90335e-05
-9.42628e-09
2.90337e-05
-8.85336e-09
2.9034e-05
-8.24302e-09
2.90344e-05
-7.60231e-09
2.90347e-05
-6.93853e-09
2.90351e-05
-6.25884e-09
2.90355e-05
-5.57003e-09
2.90358e-05
-4.87812e-09
2.90362e-05
-4.18821e-09
2.90367e-05
-3.50394e-09
2.90371e-05
-2.82796e-09
2.90375e-05
-2.16088e-09
2.90379e-05
-1.50208e-09
2.90384e-05
-8.49813e-10
2.90388e-05
-2.01386e-10
2.90393e-05
4.45204e-10
2.90397e-05
1.08985e-09
2.90401e-05
1.72785e-09
2.90405e-05
2.34721e-09
2.90409e-05
2.92482e-09
2.90413e-05
3.42851e-09
2.90417e-05
3.81227e-09
2.9042e-05
4.01674e-09
2.90424e-05
3.9673e-09
2.90427e-05
3.59339e-09
2.90429e-05
2.85668e-09
2.90432e-05
1.76723e-09
2.90434e-05
4.30624e-10
2.90436e-05
-9.3378e-10
-1.87972e-09
2.90527e-05
1.83282e-09
2.90526e-05
1.57269e-09
2.90525e-05
9.68262e-10
2.90523e-05
1.01519e-10
2.90521e-05
-9.60777e-10
2.90519e-05
-2.14771e-09
2.90517e-05
-3.40895e-09
2.90515e-05
-4.70006e-09
2.90512e-05
-5.98347e-09
2.9051e-05
-7.22907e-09
2.90507e-05
-8.41314e-09
2.90504e-05
-9.51731e-09
2.90502e-05
-1.05277e-08
2.90499e-05
-1.14341e-08
2.90496e-05
-1.22296e-08
2.90494e-05
-1.29096e-08
2.90491e-05
-1.34723e-08
2.90489e-05
-1.39177e-08
2.90486e-05
-1.42478e-08
2.90484e-05
-1.44667e-08
2.90482e-05
-1.458e-08
2.9048e-05
-1.45952e-08
2.90478e-05
-1.45211e-08
2.90476e-05
-1.43679e-08
2.90475e-05
-1.41468e-08
2.90473e-05
-1.38697e-08
2.90472e-05
-1.3549e-08
2.9047e-05
-1.31967e-08
2.90469e-05
-1.28248e-08
2.90468e-05
-1.24444e-08
2.90467e-05
-1.20656e-08
2.90466e-05
-1.16974e-08
2.90465e-05
-1.13472e-08
2.90464e-05
-1.10214e-08
2.90463e-05
-1.07247e-08
2.90462e-05
-1.04605e-08
2.90461e-05
-1.02311e-08
2.9046e-05
-1.00378e-08
2.9046e-05
-9.88095e-09
2.90459e-05
-9.76049e-09
2.90458e-05
-9.67574e-09
2.90457e-05
-9.62576e-09
2.90456e-05
-9.6094e-09
2.90455e-05
-9.62536e-09
2.90455e-05
-9.67221e-09
2.90454e-05
-9.74839e-09
2.90453e-05
-9.85213e-09
2.90452e-05
-9.98138e-09
2.90451e-05
-1.01337e-08
2.90451e-05
-1.03064e-08
2.9045e-05
-1.04959e-08
2.90449e-05
-1.06984e-08
2.90449e-05
-1.09092e-08
2.90448e-05
-1.11233e-08
2.90448e-05
-1.13349e-08
2.90447e-05
-1.15378e-08
2.90447e-05
-1.17254e-08
2.90447e-05
-1.18909e-08
2.90447e-05
-1.20275e-08
2.90448e-05
-1.21284e-08
2.90448e-05
-1.21873e-08
2.90449e-05
-1.21984e-08
2.9045e-05
-1.21567e-08
2.90451e-05
-1.20581e-08
2.90452e-05
-1.18997e-08
2.90454e-05
-1.16798e-08
2.90455e-05
-1.1398e-08
2.90457e-05
-1.10553e-08
2.90459e-05
-1.06539e-08
2.90462e-05
-1.01975e-08
2.90465e-05
-9.69068e-09
2.90467e-05
-9.13923e-09
2.9047e-05
-8.54953e-09
2.90474e-05
-7.92849e-09
2.90477e-05
-7.28326e-09
2.90481e-05
-6.62086e-09
2.90485e-05
-5.94798e-09
2.90488e-05
-5.27053e-09
2.90493e-05
-4.59352e-09
2.90497e-05
-3.9205e-09
2.90501e-05
-3.25401e-09
2.90505e-05
-2.59459e-09
2.9051e-05
-1.9415e-09
2.90514e-05
-1.29282e-09
2.90519e-05
-6.45706e-10
2.90523e-05
2.04215e-12
2.90527e-05
6.50518e-10
2.90532e-05
1.29526e-09
2.90536e-05
1.92438e-09
2.9054e-05
2.51478e-09
2.90544e-05
3.03445e-09
2.90548e-05
3.43705e-09
2.90551e-05
3.66294e-09
2.90555e-05
3.6369e-09
2.90558e-05
3.2877e-09
2.9056e-05
2.57843e-09
2.90563e-05
1.5187e-09
2.90565e-05
2.22016e-10
2.90567e-05
-1.09488e-09
-1.96572e-09
2.90644e-05
1.89215e-09
2.90643e-05
1.67254e-09
2.90642e-05
1.09619e-09
2.9064e-05
2.58531e-10
2.90638e-05
-7.79408e-10
2.90636e-05
-1.94366e-09
2.90634e-05
-3.18529e-09
2.90632e-05
-4.45969e-09
2.90629e-05
-5.72939e-09
2.90627e-05
-6.96421e-09
2.90624e-05
-8.14048e-09
2.90621e-05
-9.23974e-09
2.90618e-05
-1.0248e-08
2.90615e-05
-1.1155e-08
2.90613e-05
-1.19534e-08
2.9061e-05
-1.26387e-08
2.90607e-05
-1.32086e-08
2.90605e-05
-1.36629e-08
2.90602e-05
-1.40033e-08
2.906e-05
-1.42336e-08
2.90598e-05
-1.43592e-08
2.90596e-05
-1.43872e-08
2.90594e-05
-1.43262e-08
2.90592e-05
-1.4186e-08
2.9059e-05
-1.39777e-08
2.90589e-05
-1.3713e-08
2.90587e-05
-1.34038e-08
2.90586e-05
-1.30624e-08
2.90585e-05
-1.27003e-08
2.90584e-05
-1.23287e-08
2.90582e-05
-1.19576e-08
2.90581e-05
-1.1596e-08
2.9058e-05
-1.12514e-08
2.9058e-05
-1.09301e-08
2.90579e-05
-1.06368e-08
2.90578e-05
-1.03752e-08
2.90577e-05
-1.01476e-08
2.90576e-05
-9.9553e-09
2.90575e-05
-9.79901e-09
2.90575e-05
-9.67863e-09
2.90574e-05
-9.59365e-09
2.90573e-05
-9.54328e-09
2.90572e-05
-9.52649e-09
2.90571e-05
-9.54213e-09
2.9057e-05
-9.5889e-09
2.9057e-05
-9.66538e-09
2.90569e-05
-9.76993e-09
2.90568e-05
-9.90064e-09
2.90567e-05
-1.00552e-08
2.90566e-05
-1.0231e-08
2.90566e-05
-1.04247e-08
2.90565e-05
-1.06325e-08
2.90564e-05
-1.08499e-08
2.90564e-05
-1.10718e-08
2.90563e-05
-1.12927e-08
2.90563e-05
-1.15063e-08
2.90563e-05
-1.17061e-08
2.90563e-05
-1.18852e-08
2.90563e-05
-1.20369e-08
2.90563e-05
-1.21544e-08
2.90564e-05
-1.22311e-08
2.90564e-05
-1.22614e-08
2.90565e-05
-1.22399e-08
2.90566e-05
-1.21626e-08
2.90567e-05
-1.20262e-08
2.90569e-05
-1.18289e-08
2.90571e-05
-1.15701e-08
2.90573e-05
-1.12507e-08
2.90575e-05
-1.08725e-08
2.90577e-05
-1.04391e-08
2.9058e-05
-9.95493e-09
2.90583e-05
-9.42543e-09
2.90586e-05
-8.85686e-09
2.90589e-05
-8.25597e-09
2.90593e-05
-7.62972e-09
2.90596e-05
-6.98504e-09
2.906e-05
-6.32845e-09
2.90604e-05
-5.66579e-09
2.90608e-05
-5.00194e-09
2.90612e-05
-4.34041e-09
2.90617e-05
-3.68358e-09
2.90621e-05
-3.03197e-09
2.90625e-05
-2.38472e-09
2.9063e-05
-1.73978e-09
2.90634e-05
-1.09417e-09
2.90639e-05
-4.45546e-10
2.90643e-05
2.06364e-10
2.90648e-05
8.57306e-10
2.90652e-05
1.49553e-09
2.90656e-05
2.09798e-09
2.9066e-05
2.63293e-09
2.90664e-05
3.05375e-09
2.90668e-05
3.30077e-09
2.90671e-05
3.29846e-09
2.90674e-05
2.97533e-09
2.90677e-05
2.29603e-09
2.90679e-05
1.26946e-09
2.90681e-05
1.61116e-11
2.90683e-05
-1.25157e-09
-2.049e-09
2.90746e-05
1.95071e-09
2.90745e-05
1.77052e-09
2.90744e-05
1.22132e-09
2.90743e-05
4.13396e-10
2.90741e-05
-5.98579e-10
2.90739e-05
-1.73818e-09
2.90737e-05
-2.95822e-09
2.90734e-05
-4.21418e-09
2.90731e-05
-5.46872e-09
2.90729e-05
-6.69164e-09
2.90726e-05
-7.85926e-09
2.90723e-05
-8.95308e-09
2.9072e-05
-9.95895e-09
2.90717e-05
-1.08664e-08
2.90714e-05
-1.16679e-08
2.90712e-05
-1.23587e-08
2.90709e-05
-1.29362e-08
2.90706e-05
-1.33999e-08
2.90704e-05
-1.37513e-08
2.90701e-05
-1.39937e-08
2.90699e-05
-1.41323e-08
2.90697e-05
-1.41739e-08
2.90695e-05
-1.41267e-08
2.90693e-05
-1.40004e-08
2.90691e-05
-1.38057e-08
2.9069e-05
-1.3554e-08
2.90688e-05
-1.32572e-08
2.90687e-05
-1.29272e-08
2.90686e-05
-1.25756e-08
2.90685e-05
-1.22133e-08
2.90684e-05
-1.18504e-08
2.90683e-05
-1.14957e-08
2.90682e-05
-1.11569e-08
2.90681e-05
-1.08402e-08
2.9068e-05
-1.05505e-08
2.90679e-05
-1.02915e-08
2.90678e-05
-1.00656e-08
2.90677e-05
-9.87442e-09
2.90677e-05
-9.71854e-09
2.90676e-05
-9.59809e-09
2.90675e-05
-9.51273e-09
2.90674e-05
-9.46178e-09
2.90673e-05
-9.44436e-09
2.90672e-05
-9.45947e-09
2.90672e-05
-9.50594e-09
2.90671e-05
-9.58248e-09
2.9067e-05
-9.68759e-09
2.90669e-05
-9.81951e-09
2.90668e-05
-9.97609e-09
2.90668e-05
-1.01547e-08
2.90667e-05
-1.03523e-08
2.90666e-05
-1.05651e-08
2.90666e-05
-1.07888e-08
2.90665e-05
-1.10184e-08
2.90665e-05
-1.12482e-08
2.90664e-05
-1.14723e-08
2.90664e-05
-1.16841e-08
2.90664e-05
-1.18768e-08
2.90664e-05
-1.20434e-08
2.90664e-05
-1.21774e-08
2.90665e-05
-1.2272e-08
2.90665e-05
-1.23214e-08
2.90666e-05
-1.23203e-08
2.90667e-05
-1.22643e-08
2.90668e-05
-1.21502e-08
2.9067e-05
-1.19759e-08
2.90672e-05
-1.17405e-08
2.90673e-05
-1.14447e-08
2.90676e-05
-1.10902e-08
2.90678e-05
-1.06803e-08
2.90681e-05
-1.02192e-08
2.90684e-05
-9.71214e-09
2.90687e-05
-9.16521e-09
2.9069e-05
-8.58494e-09
2.90693e-05
-7.97815e-09
2.90697e-05
-7.35159e-09
2.90701e-05
-6.71168e-09
2.90705e-05
-6.06412e-09
2.90709e-05
-5.41372e-09
2.90713e-05
-4.76387e-09
2.90718e-05
-4.1169e-09
2.90722e-05
-3.47323e-09
2.90726e-05
-2.83195e-09
2.90731e-05
-2.19089e-09
2.90735e-05
-1.54699e-09
2.9074e-05
-8.97769e-10
2.90745e-05
-2.42828e-10
2.90749e-05
4.13781e-10
2.90753e-05
1.06043e-09
2.90758e-05
1.6742e-09
2.90762e-05
2.22383e-09
2.90766e-05
2.66233e-09
2.90769e-05
2.9302e-09
2.90773e-05
2.95204e-09
2.90776e-05
2.65649e-09
2.90779e-05
2.00988e-09
2.90781e-05
1.01998e-09
2.90783e-05
-1.86712e-10
2.90785e-05
-1.4041e-09
-2.12987e-09
2.90834e-05
2.00857e-09
2.90833e-05
1.86679e-09
2.90832e-05
1.34369e-09
2.90831e-05
5.66287e-10
2.90829e-05
-4.17988e-10
2.90827e-05
-1.53088e-09
2.90824e-05
-2.72728e-09
2.90822e-05
-3.96303e-09
2.90819e-05
-5.20096e-09
2.90816e-05
-6.41084e-09
2.90813e-05
-7.56904e-09
2.9081e-05
-8.65689e-09
2.90807e-05
-9.66011e-09
2.90804e-05
-1.0568e-08
2.90802e-05
-1.13728e-08
2.90799e-05
-1.20694e-08
2.90796e-05
-1.26549e-08
2.90793e-05
-1.31286e-08
2.90791e-05
-1.34916e-08
2.90788e-05
-1.37469e-08
2.90786e-05
-1.38993e-08
2.90784e-05
-1.39553e-08
2.90782e-05
-1.39228e-08
2.9078e-05
-1.38112e-08
2.90778e-05
-1.36309e-08
2.90776e-05
-1.33931e-08
2.90775e-05
-1.31094e-08
2.90773e-05
-1.27915e-08
2.90772e-05
-1.24509e-08
2.90771e-05
-1.20985e-08
2.9077e-05
-1.17441e-08
2.90769e-05
-1.13968e-08
2.90768e-05
-1.1064e-08
2.90767e-05
-1.07521e-08
2.90766e-05
-1.04661e-08
2.90766e-05
-1.02097e-08
2.90765e-05
-9.98559e-09
2.90764e-05
-9.79529e-09
2.90763e-05
-9.63969e-09
2.90762e-05
-9.51903e-09
2.90762e-05
-9.4331e-09
2.90761e-05
-9.38136e-09
2.9076e-05
-9.36311e-09
2.90759e-05
-9.37744e-09
2.90758e-05
-9.42337e-09
2.90757e-05
-9.49972e-09
2.90757e-05
-9.60515e-09
2.90756e-05
-9.73801e-09
2.90755e-05
-9.8963e-09
2.90754e-05
-1.00775e-08
2.90754e-05
-1.02787e-08
2.90753e-05
-1.04963e-08
2.90752e-05
-1.0726e-08
2.90752e-05
-1.09629e-08
2.90751e-05
-1.12015e-08
2.90751e-05
-1.14358e-08
2.90751e-05
-1.16594e-08
2.9075e-05
-1.18654e-08
2.9075e-05
-1.2047e-08
2.90751e-05
-1.21973e-08
2.90751e-05
-1.23098e-08
2.90752e-05
-1.23785e-08
2.90752e-05
-1.23978e-08
2.90753e-05
-1.23635e-08
2.90755e-05
-1.22718e-08
2.90756e-05
-1.21207e-08
2.90758e-05
-1.19091e-08
2.9076e-05
-1.16374e-08
2.90762e-05
-1.13071e-08
2.90764e-05
-1.09212e-08
2.90767e-05
-1.04836e-08
2.9077e-05
-9.99958e-09
2.90773e-05
-9.47479e-09
2.90776e-05
-8.91564e-09
2.9078e-05
-8.32877e-09
2.90783e-05
-7.72077e-09
2.90787e-05
-7.0979e-09
2.90791e-05
-6.46578e-09
2.90795e-05
-5.82908e-09
2.908e-05
-5.19115e-09
2.90804e-05
-4.55419e-09
2.90808e-05
-3.91861e-09
2.90813e-05
-3.28342e-09
2.90818e-05
-2.64638e-09
2.90822e-05
-2.00437e-09
2.90827e-05
-1.35484e-09
2.90831e-05
-6.97275e-10
2.90836e-05
-3.55345e-11
2.9084e-05
6.18841e-10
2.90844e-05
1.24324e-09
2.90849e-05
1.80701e-09
2.90853e-05
2.26267e-09
2.90856e-05
2.55111e-09
2.9086e-05
2.59756e-09
2.90863e-05
2.33123e-09
2.90866e-05
1.72023e-09
2.90869e-05
7.7073e-10
2.90871e-05
-3.85932e-10
2.90872e-05
-1.55225e-09
-2.20829e-09
2.90907e-05
2.06539e-09
2.90907e-05
1.9611e-09
2.90905e-05
1.4631e-09
2.90904e-05
7.17259e-10
2.90902e-05
-2.37341e-10
2.909e-05
-1.32136e-09
2.90898e-05
-2.49198e-09
2.90895e-05
-3.70569e-09
2.90892e-05
-4.92555e-09
2.90889e-05
-6.1213e-09
2.90886e-05
-7.26929e-09
2.90883e-05
-8.35072e-09
2.9088e-05
-9.3511e-09
2.90877e-05
-1.02594e-08
2.90874e-05
-1.10677e-08
2.90871e-05
-1.17705e-08
2.90868e-05
-1.23646e-08
2.90865e-05
-1.28489e-08
2.90863e-05
-1.32242e-08
2.9086e-05
-1.34932e-08
2.90858e-05
-1.36603e-08
2.90855e-05
-1.37315e-08
2.90853e-05
-1.37147e-08
2.90851e-05
-1.36186e-08
2.9085e-05
-1.34536e-08
2.90848e-05
-1.32305e-08
2.90847e-05
-1.29606e-08
2.90845e-05
-1.26556e-08
2.90844e-05
-1.23266e-08
2.90843e-05
-1.19845e-08
2.90842e-05
-1.16392e-08
2.90841e-05
-1.12994e-08
2.9084e-05
-1.09729e-08
2.90839e-05
-1.0666e-08
2.90838e-05
-1.03838e-08
2.90837e-05
-1.01301e-08
2.90837e-05
-9.90757e-09
2.90836e-05
-9.7181e-09
2.90835e-05
-9.56265e-09
2.90834e-05
-9.44159e-09
2.90834e-05
-9.35488e-09
2.90833e-05
-9.30214e-09
2.90832e-05
-9.2828e-09
2.90831e-05
-9.29613e-09
2.9083e-05
-9.34125e-09
2.9083e-05
-9.41716e-09
2.90829e-05
-9.52263e-09
2.90828e-05
-9.65616e-09
2.90827e-05
-9.81586e-09
2.90826e-05
-9.99942e-09
2.90826e-05
-1.0204e-08
2.90825e-05
-1.0426e-08
2.90824e-05
-1.06614e-08
2.90824e-05
-1.09053e-08
2.90823e-05
-1.11525e-08
2.90823e-05
-1.13968e-08
2.90822e-05
-1.1632e-08
2.90822e-05
-1.18512e-08
2.90822e-05
-1.20475e-08
2.90822e-05
-1.22142e-08
2.90823e-05
-1.23446e-08
2.90823e-05
-1.24325e-08
2.90824e-05
-1.24725e-08
2.90825e-05
-1.24599e-08
2.90826e-05
-1.23911e-08
2.90828e-05
-1.22636e-08
2.90829e-05
-1.20762e-08
2.90831e-05
-1.18289e-08
2.90833e-05
-1.15233e-08
2.90836e-05
-1.11618e-08
2.90839e-05
-1.07485e-08
2.90841e-05
-1.02879e-08
2.90845e-05
-9.78581e-09
2.90848e-05
-9.2483e-09
2.90851e-05
-8.68182e-09
2.90855e-05
-8.09281e-09
2.90859e-05
-7.48738e-09
2.90863e-05
-6.87101e-09
2.90867e-05
-6.24828e-09
2.90872e-05
-5.62247e-09
2.90876e-05
-4.9957e-09
2.9088e-05
-4.36833e-09
2.90885e-05
-3.73936e-09
2.9089e-05
-3.10647e-09
2.90894e-05
-2.46655e-09
2.90899e-05
-1.81698e-09
2.90903e-05
-1.15719e-09
2.90908e-05
-4.90871e-10
2.90912e-05
1.70534e-10
2.90917e-05
8.04765e-10
2.90921e-05
1.38224e-09
2.90925e-05
1.85461e-09
2.90929e-05
2.16329e-09
2.90933e-05
2.2348e-09
2.90936e-05
1.99948e-09
2.90939e-05
1.42727e-09
2.90941e-05
5.22254e-10
2.90943e-05
-5.80741e-10
2.90945e-05
-1.69518e-09
-2.28363e-09
2.90966e-05
2.12113e-09
2.90965e-05
2.05322e-09
2.90964e-05
1.57944e-09
2.90962e-05
8.66574e-10
2.90961e-05
-5.61546e-11
2.90959e-05
-1.109e-09
2.90956e-05
-2.25162e-09
2.90953e-05
-3.44145e-09
2.90951e-05
-4.64179e-09
2.90948e-05
-5.82235e-09
2.90945e-05
-6.95943e-09
2.90941e-05
-8.03404e-09
2.90938e-05
-9.03144e-09
2.90935e-05
-9.94034e-09
2.90932e-05
-1.07524e-08
2.90929e-05
-1.14619e-08
2.90926e-05
-1.20652e-08
2.90923e-05
-1.25608e-08
2.9092e-05
-1.29492e-08
2.90918e-05
-1.32327e-08
2.90915e-05
-1.34153e-08
2.90913e-05
-1.35028e-08
2.90911e-05
-1.35024e-08
2.90909e-05
-1.34229e-08
2.90907e-05
-1.3274e-08
2.90905e-05
-1.30664e-08
2.90904e-05
-1.28112e-08
2.90902e-05
-1.25196e-08
2.90901e-05
-1.2203e-08
2.909e-05
-1.18718e-08
2.90899e-05
-1.15358e-08
2.90898e-05
-1.12041e-08
2.90897e-05
-1.08841e-08
2.90896e-05
-1.05823e-08
2.90896e-05
-1.03038e-08
2.90895e-05
-1.00527e-08
2.90894e-05
-9.83183e-09
2.90893e-05
-9.64305e-09
2.90893e-05
-9.48757e-09
2.90892e-05
-9.36592e-09
2.90891e-05
-9.27821e-09
2.9089e-05
-9.22423e-09
2.90889e-05
-9.20356e-09
2.90889e-05
-9.21561e-09
2.90888e-05
-9.25966e-09
2.90887e-05
-9.33484e-09
2.90886e-05
-9.44006e-09
2.90885e-05
-9.57396e-09
2.90885e-05
-9.73479e-09
2.90884e-05
-9.92036e-09
2.90883e-05
-1.01279e-08
2.90882e-05
-1.03541e-08
2.90882e-05
-1.05949e-08
2.90881e-05
-1.08456e-08
2.9088e-05
-1.1101e-08
2.9088e-05
-1.13552e-08
2.9088e-05
-1.16017e-08
2.9088e-05
-1.18339e-08
2.9088e-05
-1.2045e-08
2.9088e-05
-1.2228e-08
2.9088e-05
-1.23763e-08
2.90881e-05
-1.24836e-08
2.90881e-05
-1.25444e-08
2.90882e-05
-1.25538e-08
2.90883e-05
-1.2508e-08
2.90885e-05
-1.24045e-08
2.90886e-05
-1.22416e-08
2.90888e-05
-1.20194e-08
2.9089e-05
-1.17389e-08
2.90893e-05
-1.14025e-08
2.90896e-05
-1.10138e-08
2.90898e-05
-1.05774e-08
2.90902e-05
-1.00985e-08
2.90905e-05
-9.58313e-09
2.90908e-05
-9.03753e-09
2.90912e-05
-8.46795e-09
2.90916e-05
-7.88034e-09
2.9092e-05
-7.28005e-09
2.90924e-05
-6.67158e-09
2.90929e-05
-6.05809e-09
2.90933e-05
-5.44167e-09
2.90938e-05
-4.82264e-09
2.90942e-05
-4.19998e-09
2.90947e-05
-3.57138e-09
2.90952e-05
-2.93372e-09
2.90956e-05
-2.28439e-09
2.90961e-05
-1.62279e-09
2.90966e-05
-9.52467e-10
2.9097e-05
-2.84747e-10
2.90975e-05
3.58484e-10
2.90979e-05
9.49194e-10
2.90983e-05
1.43785e-09
2.90987e-05
1.76627e-09
2.90991e-05
1.86322e-09
2.90994e-05
1.6608e-09
2.90997e-05
1.13075e-09
2.91e-05
2.74341e-10
2.91002e-05
-7.7043e-10
2.91003e-05
-1.83186e-09
-2.3554e-09
2.9101e-05
2.17676e-09
2.91009e-05
2.1436e-09
2.91008e-05
1.69323e-09
2.91007e-05
1.01519e-09
2.91005e-05
1.26728e-10
2.91003e-05
-8.92582e-10
2.91e-05
-2.00505e-09
2.90997e-05
-3.16918e-09
2.90994e-05
-4.34868e-09
2.90991e-05
-5.51308e-09
2.90988e-05
-6.63865e-09
2.90985e-05
-7.70616e-09
2.90982e-05
-8.70057e-09
2.90978e-05
-9.61025e-09
2.90975e-05
-1.04265e-08
2.90972e-05
-1.11432e-08
2.90969e-05
-1.17563e-08
2.90966e-05
-1.2264e-08
2.90963e-05
-1.26664e-08
2.9096e-05
-1.29653e-08
2.90958e-05
-1.31644e-08
2.90955e-05
-1.32691e-08
2.90953e-05
-1.32863e-08
2.90951e-05
-1.32242e-08
2.9095e-05
-1.30924e-08
2.90948e-05
-1.29012e-08
2.90946e-05
-1.26614e-08
2.90945e-05
-1.23841e-08
2.90944e-05
-1.20803e-08
2.90943e-05
-1.17605e-08
2.90942e-05
-1.14345e-08
2.90941e-05
-1.11109e-08
2.9094e-05
-1.07977e-08
2.90939e-05
-1.05011e-08
2.90938e-05
-1.02265e-08
2.90938e-05
-9.97799e-09
2.90937e-05
-9.75857e-09
2.90936e-05
-9.57035e-09
2.90935e-05
-9.41464e-09
2.90935e-05
-9.29217e-09
2.90934e-05
-9.20322e-09
2.90933e-05
-9.14773e-09
2.90932e-05
-9.12545e-09
2.90932e-05
-9.13594e-09
2.90931e-05
-9.17864e-09
2.9093e-05
-9.25279e-09
2.90929e-05
-9.35747e-09
2.90928e-05
-9.49143e-09
2.90927e-05
-9.65308e-09
2.90927e-05
-9.84034e-09
2.90926e-05
-1.00506e-08
2.90925e-05
-1.02806e-08
2.90924e-05
-1.05266e-08
2.90924e-05
-1.07838e-08
2.90923e-05
-1.10472e-08
2.90923e-05
-1.13109e-08
2.90922e-05
-1.15686e-08
2.90922e-05
-1.18137e-08
2.90922e-05
-1.20393e-08
2.90922e-05
-1.22386e-08
2.90923e-05
-1.24048e-08
2.90923e-05
-1.25316e-08
2.90924e-05
-1.26133e-08
2.90925e-05
-1.2645e-08
2.90926e-05
-1.26227e-08
2.90927e-05
-1.25434e-08
2.90929e-05
-1.24056e-08
2.90931e-05
-1.22089e-08
2.90933e-05
-1.19541e-08
2.90935e-05
-1.16433e-08
2.90938e-05
-1.12799e-08
2.90941e-05
-1.08681e-08
2.90944e-05
-1.0413e-08
2.90947e-05
-9.92035e-09
2.90951e-05
-9.39613e-09
2.90955e-05
-8.84642e-09
2.90959e-05
-8.27703e-09
2.90963e-05
-7.69316e-09
2.90967e-05
-7.09919e-09
2.90972e-05
-6.49824e-09
2.90976e-05
-5.89233e-09
2.90981e-05
-5.28177e-09
2.90985e-05
-4.66554e-09
2.9099e-05
-4.04134e-09
2.90995e-05
-3.40613e-09
2.90999e-05
-2.75733e-09
2.91004e-05
-2.09437e-09
2.91009e-05
-1.42069e-09
2.91013e-05
-7.47359e-10
2.91018e-05
-9.62968e-11
2.91022e-05
5.07782e-10
2.91027e-05
1.01176e-09
2.91031e-05
1.35907e-09
2.91035e-05
1.48164e-09
2.91038e-05
1.31398e-09
2.91041e-05
8.29445e-10
2.91044e-05
2.67576e-11
2.91045e-05
-9.54921e-10
2.91047e-05
-1.96169e-09
-2.424e-09
2.9104e-05
2.23243e-09
2.91039e-05
2.23166e-09
2.91038e-05
1.80406e-09
2.91036e-05
1.16359e-09
2.91034e-05
3.11683e-10
2.91032e-05
-6.71378e-10
2.9103e-05
-1.75144e-09
2.91027e-05
-2.88812e-09
2.91024e-05
-4.04547e-09
2.91021e-05
-5.19284e-09
2.91017e-05
-6.30639e-09
2.91014e-05
-7.36658e-09
2.9101e-05
-8.35806e-09
2.91007e-05
-9.26881e-09
2.91004e-05
-1.00897e-08
2.91e-05
-1.08142e-08
2.90997e-05
-1.14379e-08
2.90994e-05
-1.19586e-08
2.90991e-05
-1.23758e-08
2.90988e-05
-1.26912e-08
2.90986e-05
-1.29078e-08
2.90984e-05
-1.30307e-08
2.90981e-05
-1.30664e-08
2.90979e-05
-1.30228e-08
2.90977e-05
-1.29091e-08
2.90976e-05
-1.27351e-08
2.90974e-05
-1.25116e-08
2.90973e-05
-1.22493e-08
2.90972e-05
-1.1959e-08
2.90971e-05
-1.16512e-08
2.9097e-05
-1.13353e-08
2.90969e-05
-1.10204e-08
2.90968e-05
-1.0714e-08
2.90967e-05
-1.04228e-08
2.90966e-05
-1.0152e-08
2.90966e-05
-9.90606e-09
2.90965e-05
-9.688e-09
2.90964e-05
-9.50015e-09
2.90964e-05
-9.344e-09
2.90963e-05
-9.22047e-09
2.90962e-05
-9.13001e-09
2.90961e-05
-9.07274e-09
2.90961e-05
-9.04855e-09
2.9096e-05
-9.05719e-09
2.90959e-05
-9.09821e-09
2.90958e-05
-9.17103e-09
2.90957e-05
-9.27484e-09
2.90957e-05
-9.40855e-09
2.90956e-05
-9.57068e-09
2.90955e-05
-9.75931e-09
2.90954e-05
-9.97194e-09
2.90953e-05
-1.02055e-08
2.90953e-05
-1.04562e-08
2.90952e-05
-1.07197e-08
2.90951e-05
-1.09907e-08
2.90951e-05
-1.12637e-08
2.90951e-05
-1.15324e-08
2.9095e-05
-1.17903e-08
2.9095e-05
-1.20304e-08
2.9095e-05
-1.22459e-08
2.90951e-05
-1.24301e-08
2.90951e-05
-1.25765e-08
2.90952e-05
-1.26794e-08
2.90953e-05
-1.27336e-08
2.90954e-05
-1.2735e-08
2.90955e-05
-1.26805e-08
2.90957e-05
-1.25682e-08
2.90959e-05
-1.23975e-08
2.90961e-05
-1.2169e-08
2.90963e-05
-1.18844e-08
2.90966e-05
-1.15469e-08
2.90969e-05
-1.11603e-08
2.90972e-05
-1.07296e-08
2.90975e-05
-1.02602e-08
2.90979e-05
-9.75791e-09
2.90983e-05
-9.22854e-09
2.90987e-05
-8.67775e-09
2.90991e-05
-8.11063e-09
2.90995e-05
-7.53143e-09
2.91e-05
-6.94322e-09
2.91004e-05
-6.34795e-09
2.91009e-05
-5.74595e-09
2.91014e-05
-5.13623e-09
2.91018e-05
-4.51654e-09
2.91023e-05
-3.88392e-09
2.91028e-05
-3.2359e-09
2.91033e-05
-2.572e-09
2.91037e-05
-1.89561e-09
2.91042e-05
-1.2178e-09
2.91047e-05
-5.58798e-10
2.91051e-05
5.72188e-11
2.91056e-05
5.76295e-10
2.9106e-05
9.41046e-10
2.91064e-05
1.08923e-09
2.91067e-05
9.58154e-10
2.9107e-05
5.22753e-10
2.91073e-05
-2.2169e-10
2.91075e-05
-1.13343e-09
2.91076e-05
-2.08255e-09
-2.48879e-09
2.91054e-05
2.28027e-09
2.91054e-05
2.31004e-09
2.91053e-05
1.90664e-09
2.91051e-05
1.30832e-09
2.91049e-05
4.96398e-10
2.91047e-05
-4.47436e-10
2.91044e-05
-1.49246e-09
2.91041e-05
-2.59965e-09
2.91038e-05
-3.73334e-09
2.91035e-05
-4.86259e-09
2.91032e-05
-5.96342e-09
2.91028e-05
-7.01593e-09
2.91025e-05
-8.00439e-09
2.91021e-05
-8.91633e-09
2.91018e-05
-9.74223e-09
2.91014e-05
-1.04751e-08
2.91011e-05
-1.111e-08
2.91008e-05
-1.16444e-08
2.91005e-05
-1.20774e-08
2.91002e-05
-1.24101e-08
2.90999e-05
-1.26453e-08
2.90997e-05
-1.27874e-08
2.90995e-05
-1.28427e-08
2.90993e-05
-1.28187e-08
2.90991e-05
-1.27239e-08
2.90989e-05
-1.25682e-08
2.90988e-05
-1.23618e-08
2.90986e-05
-1.21153e-08
2.90985e-05
-1.18392e-08
2.90984e-05
-1.15438e-08
2.90983e-05
-1.12387e-08
2.90982e-05
-1.09326e-08
2.90981e-05
-1.06333e-08
2.90981e-05
-1.03475e-08
2.9098e-05
-1.00806e-08
2.90979e-05
-9.83709e-09
2.90979e-05
-9.62025e-09
2.90978e-05
-9.43257e-09
2.90977e-05
-9.27575e-09
2.90977e-05
-9.1509e-09
2.90976e-05
-9.05864e-09
2.90975e-05
-8.99928e-09
2.90974e-05
-8.97289e-09
2.90974e-05
-8.97935e-09
2.90973e-05
-9.01839e-09
2.90972e-05
-9.08955e-09
2.90971e-05
-9.19216e-09
2.9097e-05
-9.32528e-09
2.90969e-05
-9.48755e-09
2.90969e-05
-9.6772e-09
2.90968e-05
-9.89187e-09
2.90967e-05
-1.01286e-08
2.90966e-05
-1.03838e-08
2.90966e-05
-1.06531e-08
2.90965e-05
-1.09316e-08
2.90965e-05
-1.12137e-08
2.90964e-05
-1.14932e-08
2.90964e-05
-1.17636e-08
2.90964e-05
-1.20181e-08
2.90964e-05
-1.22498e-08
2.90964e-05
-1.2452e-08
2.90964e-05
-1.26182e-08
2.90965e-05
-1.27425e-08
2.90966e-05
-1.28196e-08
2.90967e-05
-1.28451e-08
2.90968e-05
-1.28159e-08
2.9097e-05
-1.27297e-08
2.90972e-05
-1.25855e-08
2.90974e-05
-1.23839e-08
2.90976e-05
-1.21262e-08
2.90979e-05
-1.18152e-08
2.90982e-05
-1.14546e-08
2.90985e-05
-1.10489e-08
2.90989e-05
-1.06033e-08
2.90992e-05
-1.01234e-08
2.90996e-05
-9.61487e-09
2.91e-05
-9.08309e-09
2.91004e-05
-8.53301e-09
2.91009e-05
-7.96881e-09
2.91013e-05
-7.39347e-09
2.91018e-05
-6.8089e-09
2.91023e-05
-6.21545e-09
2.91027e-05
-5.61217e-09
2.91032e-05
-4.99692e-09
2.91037e-05
-4.36686e-09
2.91042e-05
-3.71966e-09
2.91047e-05
-3.055e-09
2.91052e-05
-2.37631e-09
2.91056e-05
-1.6946e-09
2.91061e-05
-1.02866e-09
2.91066e-05
-4.00582e-10
2.9107e-05
1.33874e-10
2.91074e-05
5.13358e-10
2.91078e-05
6.87636e-10
2.91082e-05
5.95073e-10
2.91085e-05
2.13226e-10
2.91087e-05
-4.66658e-10
2.91089e-05
-1.29931e-09
2.9109e-05
-2.18477e-09
-2.54075e-09
2.91055e-05
2.32812e-09
2.91054e-05
2.38812e-09
2.91053e-05
2.01025e-09
2.91052e-05
1.46128e-09
2.9105e-05
6.8968e-10
2.91047e-05
-2.23031e-10
2.91045e-05
-1.23468e-09
2.91042e-05
-2.31065e-09
2.91039e-05
-3.41957e-09
2.91035e-05
-4.52987e-09
2.91032e-05
-5.61736e-09
2.91028e-05
-6.66178e-09
2.91025e-05
-7.64694e-09
2.91021e-05
-8.55994e-09
2.91018e-05
-9.39077e-09
2.91014e-05
-1.01319e-08
2.91011e-05
-1.07782e-08
2.91008e-05
-1.13265e-08
2.91005e-05
-1.17754e-08
2.91002e-05
-1.21256e-08
2.90999e-05
-1.23796e-08
2.90997e-05
-1.25413e-08
2.90995e-05
-1.26165e-08
2.90993e-05
-1.26123e-08
2.90991e-05
-1.2537e-08
2.90989e-05
-1.23999e-08
2.90987e-05
-1.2211e-08
2.90986e-05
-1.19806e-08
2.90985e-05
-1.17191e-08
2.90984e-05
-1.14365e-08
2.90983e-05
-1.11423e-08
2.90982e-05
-1.08454e-08
2.90981e-05
-1.05535e-08
2.9098e-05
-1.02733e-08
2.9098e-05
-1.00104e-08
2.90979e-05
-9.76944e-09
2.90978e-05
-9.5539e-09
2.90978e-05
-9.36644e-09
2.90977e-05
-9.20898e-09
2.90976e-05
-9.0828e-09
2.90976e-05
-8.98875e-09
2.90975e-05
-8.9273e-09
2.90974e-05
-8.89869e-09
2.90974e-05
-8.90296e-09
2.90973e-05
-8.93999e-09
2.90972e-05
-9.00946e-09
2.90971e-05
-9.11084e-09
2.9097e-05
-9.24331e-09
2.90969e-05
-9.40566e-09
2.90969e-05
-9.59623e-09
2.90968e-05
-9.81282e-09
2.90967e-05
-1.00526e-08
2.90966e-05
-1.03121e-08
2.90966e-05
-1.05871e-08
2.90965e-05
-1.08728e-08
2.90965e-05
-1.11637e-08
2.90964e-05
-1.14537e-08
2.90964e-05
-1.17364e-08
2.90964e-05
-1.2005e-08
2.90964e-05
-1.22527e-08
2.90964e-05
-1.24727e-08
2.90964e-05
-1.26584e-08
2.90965e-05
-1.28038e-08
2.90966e-05
-1.29035e-08
2.90967e-05
-1.2953e-08
2.90968e-05
-1.29489e-08
2.9097e-05
-1.28886e-08
2.90972e-05
-1.27711e-08
2.90974e-05
-1.25963e-08
2.90976e-05
-1.23655e-08
2.90979e-05
-1.20812e-08
2.90982e-05
-1.17466e-08
2.90985e-05
-1.13661e-08
2.90988e-05
-1.09445e-08
2.90992e-05
-1.04873e-08
2.90996e-05
-9.99973e-09
2.91e-05
-9.48714e-09
2.91004e-05
-8.95429e-09
2.91009e-05
-8.40523e-09
2.91013e-05
-7.84287e-09
2.91018e-05
-7.2691e-09
2.91022e-05
-6.68427e-09
2.91027e-05
-6.08749e-09
2.91032e-05
-5.47672e-09
2.91037e-05
-4.84932e-09
2.91042e-05
-4.20315e-09
2.91046e-05
-3.53814e-09
2.91051e-05
-2.85785e-09
2.91056e-05
-2.17332e-09
2.91061e-05
-1.5016e-09
2.91065e-05
-8.64135e-10
2.9107e-05
-3.21523e-10
2.91074e-05
7.23363e-11
2.91078e-05
2.75878e-10
2.91082e-05
2.27477e-10
2.91085e-05
-9.84366e-11
2.91088e-05
-7.18443e-10
2.91089e-05
-1.46432e-09
2.9109e-05
-2.27919e-09
-2.5882e-09
2.3511e-05
2.19719e-09
2.35111e-05
2.23516e-09
2.35112e-05
1.95231e-09
2.35111e-05
1.53929e-09
2.35108e-05
9.60296e-10
2.35104e-05
2.40418e-10
2.35097e-05
-5.71607e-10
2.35089e-05
-1.46925e-09
2.35079e-05
-2.39717e-09
2.35067e-05
-3.33683e-09
2.35053e-05
-4.26946e-09
2.35038e-05
-5.17785e-09
2.35022e-05
-6.04963e-09
2.35006e-05
-6.875e-09
2.34988e-05
-7.64664e-09
2.3497e-05
-8.35879e-09
2.34953e-05
-9.00686e-09
2.34935e-05
-9.58674e-09
2.34919e-05
-1.00946e-08
2.34903e-05
-1.05269e-08
2.34888e-05
-1.08809e-08
2.34874e-05
-1.11548e-08
2.34861e-05
-1.13485e-08
2.3485e-05
-1.14635e-08
2.34839e-05
-1.15036e-08
2.3483e-05
-1.1474e-08
2.34822e-05
-1.13815e-08
2.34814e-05
-1.12337e-08
2.34807e-05
-1.10394e-08
2.34801e-05
-1.08072e-08
2.34795e-05
-1.05462e-08
2.34789e-05
-1.02648e-08
2.34783e-05
-9.97098e-09
2.34777e-05
-9.67167e-09
2.34771e-05
-9.37272e-09
2.34764e-05
-9.07841e-09
2.34757e-05
-8.79199e-09
2.34748e-05
-8.51473e-09
2.34738e-05
-8.24751e-09
2.34727e-05
-7.98941e-09
2.34715e-05
-7.73932e-09
2.34701e-05
-7.49533e-09
2.34684e-05
-7.25498e-09
2.34665e-05
-7.01565e-09
2.34644e-05
-6.7748e-09
2.34619e-05
-6.52979e-09
2.34591e-05
-6.27955e-09
2.34558e-05
-6.02594e-09
2.34522e-05
-5.76915e-09
2.34481e-05
-5.51537e-09
2.34436e-05
-5.27209e-09
2.34386e-05
-5.0472e-09
2.34331e-05
-4.8504e-09
2.34272e-05
-4.69215e-09
2.34209e-05
-4.58339e-09
2.34143e-05
-4.53483e-09
2.34074e-05
-4.5561e-09
2.34003e-05
-4.65498e-09
2.33932e-05
-4.8367e-09
2.3386e-05
-5.10351e-09
2.3379e-05
-5.45417e-09
2.33722e-05
-5.88359e-09
2.33658e-05
-6.38278e-09
2.33598e-05
-6.94106e-09
2.33544e-05
-7.55209e-09
2.33497e-05
-8.1886e-09
2.33456e-05
-8.84389e-09
2.33424e-05
-9.50531e-09
2.33399e-05
-1.0131e-08
2.33382e-05
-1.07221e-08
2.33374e-05
-1.12606e-08
2.33374e-05
-1.17321e-08
2.33382e-05
-1.21215e-08
2.33396e-05
-1.24158e-08
2.33418e-05
-1.2605e-08
2.33444e-05
-1.26826e-08
2.33476e-05
-1.26455e-08
2.33511e-05
-1.24931e-08
2.3355e-05
-1.22276e-08
2.3359e-05
-1.18535e-08
2.33631e-05
-1.13773e-08
2.33672e-05
-1.08072e-08
2.33713e-05
-1.01524e-08
2.33752e-05
-9.42303e-09
2.3379e-05
-8.63001e-09
2.33826e-05
-7.78492e-09
2.33859e-05
-6.90167e-09
2.33891e-05
-5.99568e-09
2.3392e-05
-5.08923e-09
2.33947e-05
-4.20622e-09
2.33972e-05
-3.37331e-09
2.33995e-05
-2.64224e-09
2.34017e-05
-2.07289e-09
2.34036e-05
-1.70982e-09
2.34054e-05
-1.57179e-09
2.3407e-05
-1.7163e-09
2.34085e-05
-2.15633e-09
2.34097e-05
-2.72826e-09
2.3411e-05
-3.52667e-09
-3.44066e-09
1.82184e-05
1.98551e-09
1.82186e-05
1.99611e-09
1.82188e-05
1.76924e-09
1.82189e-05
1.45413e-09
1.82188e-05
1.04245e-09
1.82185e-05
5.22228e-10
1.8218e-05
-9.38137e-11
1.82173e-05
-7.57229e-10
1.82164e-05
-1.46728e-09
1.82153e-05
-2.193e-09
1.82139e-05
-2.92559e-09
1.82124e-05
-3.65251e-09
1.82107e-05
-4.36556e-09
1.82089e-05
-5.05885e-09
1.8207e-05
-5.72955e-09
1.8205e-05
-6.37546e-09
1.8203e-05
-6.99432e-09
1.8201e-05
-7.582e-09
1.8199e-05
-8.13209e-09
1.81971e-05
-8.63605e-09
1.81953e-05
-9.08419e-09
1.81936e-05
-9.46707e-09
1.81921e-05
-9.77684e-09
1.81906e-05
-1.00082e-08
1.81893e-05
-1.01586e-08
1.8188e-05
-1.02285e-08
1.81868e-05
-1.02205e-08
1.81858e-05
-1.01393e-08
1.81847e-05
-9.99093e-09
1.81837e-05
-9.78266e-09
1.81827e-05
-9.52233e-09
1.81816e-05
-9.21789e-09
1.81805e-05
-8.87707e-09
1.81794e-05
-8.50656e-09
1.81781e-05
-8.1118e-09
1.81767e-05
-7.69599e-09
1.81752e-05
-7.26124e-09
1.81735e-05
-6.80666e-09
1.81716e-05
-6.32993e-09
1.81694e-05
-5.82658e-09
1.81669e-05
-5.29184e-09
1.81642e-05
-4.72053e-09
1.8161e-05
-4.10554e-09
1.81574e-05
-3.44083e-09
1.81534e-05
-2.72074e-09
1.81488e-05
-1.9401e-09
1.81436e-05
-1.09628e-09
1.81378e-05
-1.88942e-10
1.81312e-05
7.61945e-10
1.8124e-05
1.74633e-09
1.8116e-05
2.73775e-09
1.81072e-05
3.71083e-09
1.80977e-05
4.63344e-09
1.80876e-05
5.47035e-09
1.80768e-05
6.18438e-09
1.80655e-05
6.73839e-09
1.80539e-05
7.09765e-09
1.8042e-05
7.23215e-09
1.803e-05
7.11847e-09
1.80182e-05
6.7414e-09
1.80066e-05
6.09514e-09
1.79956e-05
5.18419e-09
1.79852e-05
4.02367e-09
1.79756e-05
2.63843e-09
1.7967e-05
1.06225e-09
1.79595e-05
-6.76266e-10
1.79532e-05
-2.54114e-09
1.79481e-05
-4.48782e-09
1.79445e-05
-6.45323e-09
1.79421e-05
-8.39694e-09
1.79411e-05
-1.02689e-08
1.79414e-05
-1.20263e-08
1.79429e-05
-1.36279e-08
1.79456e-05
-1.50358e-08
1.79492e-05
-1.62179e-08
1.79536e-05
-1.71506e-08
1.79588e-05
-1.78184e-08
1.79645e-05
-1.82145e-08
1.79707e-05
-1.83395e-08
1.7977e-05
-1.82017e-08
1.79834e-05
-1.78168e-08
1.79898e-05
-1.7206e-08
1.79961e-05
-1.63961e-08
1.80021e-05
-1.54166e-08
1.80077e-05
-1.43008e-08
1.8013e-05
-1.30826e-08
1.80179e-05
-1.17988e-08
1.80224e-05
-1.04848e-08
1.80265e-05
-9.18227e-09
1.80302e-05
-7.92648e-09
1.80336e-05
-6.76078e-09
1.80367e-05
-5.73448e-09
1.80396e-05
-4.90677e-09
1.80422e-05
-4.32006e-09
1.80446e-05
-3.97604e-09
1.80468e-05
-3.95348e-09
1.80489e-05
-4.2447e-09
1.80508e-05
-4.62183e-09
1.8053e-05
-5.72863e-09
-4.97071e-09
1.35193e-05
1.7299e-09
1.35196e-05
1.72334e-09
1.35198e-05
1.52689e-09
1.352e-05
1.29516e-09
1.352e-05
1.00715e-09
1.35199e-05
6.32083e-10
1.35196e-05
1.90871e-10
1.35192e-05
-3.1395e-10
1.35185e-05
-8.5409e-10
1.35178e-05
-1.41125e-09
1.35168e-05
-1.97971e-09
1.35157e-05
-2.5489e-09
1.35145e-05
-3.11647e-09
1.35131e-05
-3.68171e-09
1.35116e-05
-4.24779e-09
1.351e-05
-4.81692e-09
1.35084e-05
-5.38958e-09
1.35068e-05
-5.96147e-09
1.35052e-05
-6.52345e-09
1.35036e-05
-7.06193e-09
1.35021e-05
-7.56086e-09
1.35007e-05
-8.00392e-09
1.34993e-05
-8.3767e-09
1.34979e-05
-8.66796e-09
1.34966e-05
-8.87014e-09
1.34954e-05
-8.97922e-09
1.34941e-05
-8.99418e-09
1.34929e-05
-8.91664e-09
1.34917e-05
-8.75036e-09
1.34904e-05
-8.50091e-09
1.34891e-05
-8.17501e-09
1.34876e-05
-7.77973e-09
1.34861e-05
-7.32212e-09
1.34844e-05
-6.8081e-09
1.34825e-05
-6.24203e-09
1.34804e-05
-5.62543e-09
1.34781e-05
-4.95876e-09
1.34756e-05
-4.23827e-09
1.34727e-05
-3.45817e-09
1.34695e-05
-2.61042e-09
1.34659e-05
-1.68673e-09
1.34618e-05
-6.78016e-10
1.34573e-05
4.25792e-10
1.34522e-05
1.63323e-09
1.34465e-05
2.95076e-09
1.34402e-05
4.38344e-09
1.34332e-05
5.93051e-09
1.34254e-05
7.58341e-09
1.34169e-05
9.31908e-09
1.34075e-05
1.11054e-08
1.33973e-05
1.28976e-08
1.33864e-05
1.4646e-08
1.33747e-05
1.6293e-08
1.33624e-05
1.77757e-08
1.33496e-05
1.90291e-08
1.33363e-05
1.99892e-08
1.33228e-05
2.05971e-08
1.33093e-05
2.08028e-08
1.32958e-05
2.05682e-08
1.32827e-05
1.98699e-08
1.32701e-05
1.87002e-08
1.32582e-05
1.70691e-08
1.32472e-05
1.50032e-08
1.32373e-05
1.25441e-08
1.32286e-05
9.74406e-09
1.32213e-05
6.67364e-09
1.32154e-05
3.39224e-09
1.32109e-05
-3.9203e-11
1.32079e-05
-3.4714e-09
1.32064e-05
-6.89101e-09
1.32064e-05
-1.01964e-08
1.32076e-05
-1.33135e-08
1.32102e-05
-1.61705e-08
1.32139e-05
-1.87063e-08
1.32185e-05
-2.08704e-08
1.3224e-05
-2.26251e-08
1.32301e-05
-2.39463e-08
1.32367e-05
-2.48235e-08
1.32436e-05
-2.52597e-08
1.32507e-05
-2.52706e-08
1.32578e-05
-2.48842e-08
1.32647e-05
-2.41385e-08
1.32714e-05
-2.30803e-08
1.32777e-05
-2.17617e-08
1.32837e-05
-2.02404e-08
1.32892e-05
-1.85744e-08
1.32942e-05
-1.68257e-08
1.32988e-05
-1.505e-08
1.33029e-05
-1.33107e-08
1.33066e-05
-1.16547e-08
1.331e-05
-1.0143e-08
1.33131e-05
-8.82054e-09
1.33159e-05
-7.74876e-09
1.33186e-05
-6.97265e-09
1.33211e-05
-6.47155e-09
1.33235e-05
-6.33854e-09
1.33258e-05
-6.59179e-09
1.3328e-05
-6.77768e-09
1.33307e-05
-8.48921e-09
-6.98025e-09
9.59383e-06
1.45721e-09
9.59412e-06
1.43074e-09
9.59441e-06
1.23898e-09
9.59466e-06
1.04317e-09
9.59487e-06
8.00911e-10
9.59502e-06
4.82114e-10
9.59512e-06
9.02431e-11
9.59512e-06
-3.22853e-10
9.59503e-06
-7.63067e-10
9.59482e-06
-1.20217e-09
9.59448e-06
-1.64114e-09
9.59401e-06
-2.07549e-09
9.5934e-06
-2.51127e-09
9.59268e-06
-2.95375e-09
9.59184e-06
-3.41241e-09
9.59092e-06
-3.8928e-09
9.58992e-06
-4.39711e-09
9.58888e-06
-4.9201e-09
9.58781e-06
-5.4501e-09
9.58672e-06
-5.9695e-09
9.58561e-06
-6.45767e-09
9.5845e-06
-6.89351e-09
9.58338e-06
-7.25797e-09
9.58225e-06
-7.53548e-09
9.5811e-06
-7.71458e-09
9.5799e-06
-7.78777e-09
9.57866e-06
-7.75108e-09
9.57735e-06
-7.60373e-09
9.57595e-06
-7.34761e-09
9.57443e-06
-6.98694e-09
9.57278e-06
-6.52732e-09
9.57098e-06
-5.97489e-09
9.56899e-06
-5.33593e-09
9.5668e-06
-4.61547e-09
9.56437e-06
-3.81675e-09
9.56169e-06
-2.93967e-09
9.55871e-06
-1.98351e-09
9.55542e-06
-9.42481e-10
9.55177e-06
1.91611e-10
9.54773e-06
1.42923e-09
9.54326e-06
2.7802e-09
9.53833e-06
4.2552e-09
9.53289e-06
5.86506e-09
9.5269e-06
7.61881e-09
9.52033e-06
9.52137e-09
9.51314e-06
1.15739e-08
9.5053e-06
1.37696e-08
9.4968e-06
1.60897e-08
9.48762e-06
1.84982e-08
9.47778e-06
2.0947e-08
9.4673e-06
2.33729e-08
9.45624e-06
2.57042e-08
9.44467e-06
2.78611e-08
9.43269e-06
2.97585e-08
9.42041e-06
3.13097e-08
9.40797e-06
3.24313e-08
9.39552e-06
3.30484e-08
9.38322e-06
3.30994e-08
9.37125e-06
3.25394e-08
9.35978e-06
3.13437e-08
9.34897e-06
2.95094e-08
9.33898e-06
2.7056e-08
9.32996e-06
2.40255e-08
9.32202e-06
2.04791e-08
9.31527e-06
1.64945e-08
9.30979e-06
1.21587e-08
9.30561e-06
7.56827e-09
9.30275e-06
2.82692e-09
9.30122e-06
-1.94229e-09
9.30096e-06
-6.63184e-09
9.3019e-06
-1.11442e-08
9.30397e-06
-1.53818e-08
9.30706e-06
-1.92541e-08
9.31103e-06
-2.26825e-08
9.31577e-06
-2.56038e-08
9.32111e-06
-2.79719e-08
9.32693e-06
-2.97587e-08
9.33306e-06
-3.09544e-08
9.33936e-06
-3.15665e-08
9.34571e-06
-3.16198e-08
9.35198e-06
-3.11554e-08
9.35807e-06
-3.0227e-08
9.36389e-06
-2.89e-08
9.36938e-06
-2.72462e-08
9.37448e-06
-2.5345e-08
9.37918e-06
-2.32742e-08
9.38347e-06
-2.11179e-08
9.38737e-06
-1.8947e-08
9.39091e-06
-1.68453e-08
9.39412e-06
-1.48646e-08
9.39706e-06
-1.3085e-08
9.39978e-06
-1.15426e-08
9.40234e-06
-1.03053e-08
9.40478e-06
-9.41714e-09
9.40715e-06
-8.83489e-09
9.40947e-06
-8.65994e-09
9.41186e-06
-8.98459e-09
9.41405e-06
-8.96143e-09
9.41705e-06
-1.14859e-08
-9.27046e-09
6.5033e-06
1.18304e-09
6.50364e-06
1.08268e-09
6.50409e-06
7.95308e-10
6.50463e-06
5.00591e-10
6.50527e-06
1.63006e-10
6.50596e-06
-2.07737e-10
6.50663e-06
-5.86445e-10
6.50725e-06
-9.46406e-10
6.50778e-06
-1.29037e-09
6.50818e-06
-1.60395e-09
6.50845e-06
-1.9051e-09
6.50857e-06
-2.1956e-09
6.50855e-06
-2.49146e-09
6.50839e-06
-2.80113e-09
6.50812e-06
-3.13821e-09
6.50773e-06
-3.50875e-09
6.50725e-06
-3.91532e-09
6.50668e-06
-4.35108e-09
6.50604e-06
-4.80247e-09
6.50532e-06
-5.24921e-09
6.50453e-06
-5.66781e-09
6.50367e-06
-6.03411e-09
6.50273e-06
-6.3261e-09
6.50172e-06
-6.52531e-09
6.50063e-06
-6.61764e-09
6.49943e-06
-6.59326e-09
6.49813e-06
-6.44618e-09
6.4967e-06
-6.17404e-09
6.49513e-06
-5.77751e-09
6.4934e-06
-5.25987e-09
6.4915e-06
-4.62605e-09
6.48941e-06
-3.88152e-09
6.4871e-06
-3.03208e-09
6.48457e-06
-2.08229e-09
6.48179e-06
-1.03507e-09
6.47874e-06
1.10706e-10
6.4754e-06
1.35694e-09
6.47174e-06
2.71053e-09
6.46776e-06
4.17917e-09
6.46341e-06
5.77345e-09
6.45869e-06
7.50347e-09
6.45356e-06
9.37957e-09
6.44802e-06
1.14115e-08
6.44203e-06
1.36061e-08
6.43559e-06
1.59647e-08
6.42868e-06
1.84833e-08
6.4213e-06
2.11478e-08
6.41346e-06
2.39304e-08
6.40517e-06
2.67844e-08
6.39647e-06
2.96487e-08
6.3874e-06
3.24466e-08
6.37801e-06
3.50917e-08
6.36838e-06
3.74897e-08
6.3586e-06
3.95417e-08
6.34876e-06
4.11486e-08
6.33897e-06
4.22169e-08
6.32936e-06
4.26644e-08
6.32003e-06
4.24255e-08
6.31111e-06
4.14549e-08
6.30273e-06
3.97314e-08
6.29498e-06
3.72587e-08
6.28797e-06
3.40671e-08
6.28178e-06
3.02116e-08
6.27649e-06
2.57687e-08
6.27215e-06
2.08339e-08
6.26879e-06
1.55153e-08
6.26644e-06
9.92543e-09
6.26508e-06
4.18437e-09
6.26468e-06
-1.53714e-09
6.26518e-06
-7.1399e-09
6.26655e-06
-1.25098e-08
6.2687e-06
-1.75298e-08
6.27154e-06
-2.20969e-08
6.27498e-06
-2.61238e-08
6.27892e-06
-2.95409e-08
6.28324e-06
-3.22985e-08
6.28785e-06
-3.43682e-08
6.29264e-06
-3.57424e-08
6.29751e-06
-3.64336e-08
6.30236e-06
-3.64746e-08
6.30713e-06
-3.59171e-08
6.31173e-06
-3.48271e-08
6.31611e-06
-3.32837e-08
6.32024e-06
-3.13731e-08
6.32408e-06
-2.91908e-08
6.32764e-06
-2.68281e-08
6.33091e-06
-2.43858e-08
6.3339e-06
-2.19428e-08
6.33666e-06
-1.96013e-08
6.3392e-06
-1.74098e-08
6.34159e-06
-1.547e-08
6.34385e-06
-1.38011e-08
6.34603e-06
-1.24827e-08
6.34816e-06
-1.15555e-08
6.35028e-06
-1.09534e-08
6.35241e-06
-1.07812e-08
6.35468e-06
-1.12557e-08
6.35669e-06
-1.09745e-08
6.3596e-06
-1.43926e-08
-1.15905e-08
4.20697e-06
8.69478e-10
4.20757e-06
4.86907e-10
4.20851e-06
-1.47105e-10
4.20973e-06
-7.20468e-10
4.2111e-06
-1.20847e-09
4.21247e-06
-1.57669e-09
4.21375e-06
-1.87069e-09
4.21489e-06
-2.08317e-09
4.21586e-06
-2.26455e-09
4.21667e-06
-2.40826e-09
4.21731e-06
-2.54531e-09
4.21778e-06
-2.67545e-09
4.21811e-06
-2.82068e-09
4.2183e-06
-2.98704e-09
4.21835e-06
-3.19004e-09
4.21828e-06
-3.43365e-09
4.21808e-06
-3.72013e-09
4.21777e-06
-4.04075e-09
4.21735e-06
-4.38079e-09
4.21682e-06
-4.71821e-09
4.21618e-06
-5.02817e-09
4.21543e-06
-5.28487e-09
4.21457e-06
-5.46479e-09
4.21359e-06
-5.54792e-09
4.21249e-06
-5.51879e-09
4.21126e-06
-5.36625e-09
4.2099e-06
-5.08329e-09
4.20839e-06
-4.66672e-09
4.20673e-06
-4.11659e-09
4.20491e-06
-3.43582e-09
4.20291e-06
-2.62905e-09
4.20073e-06
-1.70145e-09
4.19836e-06
-6.58902e-10
4.19578e-06
4.94813e-10
4.19299e-06
1.75773e-09
4.18997e-06
3.13e-09
4.18671e-06
4.61249e-09
4.18321e-06
6.2116e-09
4.17946e-06
7.93516e-09
4.17544e-06
9.79288e-09
4.17115e-06
1.17941e-08
4.16658e-06
1.39477e-08
4.16173e-06
1.62615e-08
4.15659e-06
1.87395e-08
4.15118e-06
2.13796e-08
4.14549e-06
2.41733e-08
4.13954e-06
2.71006e-08
4.13334e-06
3.01271e-08
4.12692e-06
3.31994e-08
4.12032e-06
3.62488e-08
4.11358e-06
3.91912e-08
4.10674e-06
4.19323e-08
4.09986e-06
4.43706e-08
4.093e-06
4.64012e-08
4.08623e-06
4.79199e-08
4.07961e-06
4.88297e-08
4.07323e-06
4.90469e-08
4.06715e-06
4.85063e-08
4.06144e-06
4.71651e-08
4.05617e-06
4.50061e-08
4.05139e-06
4.20397e-08
4.04715e-06
3.83035e-08
4.0435e-06
3.38616e-08
4.04047e-06
2.8801e-08
4.03807e-06
2.32276e-08
4.03633e-06
1.72606e-08
4.03523e-06
1.10264e-08
4.03475e-06
4.66457e-09
4.03488e-06
-1.67464e-09
4.03559e-06
-7.84058e-09
4.03681e-06
-1.37316e-08
4.0385e-06
-1.92214e-08
4.0406e-06
-2.42014e-08
4.04306e-06
-2.85793e-08
4.0458e-06
-3.22827e-08
4.04876e-06
-3.52611e-08
4.05188e-06
-3.74868e-08
4.05509e-06
-3.89543e-08
4.05834e-06
-3.96801e-08
4.06157e-06
-3.97027e-08
4.06473e-06
-3.90806e-08
4.06779e-06
-3.78873e-08
4.07072e-06
-3.62112e-08
4.07349e-06
-3.41466e-08
4.0761e-06
-3.18001e-08
4.07854e-06
-2.92688e-08
4.08083e-06
-2.66674e-08
4.08296e-06
-2.40741e-08
4.08497e-06
-2.16099e-08
4.08687e-06
-1.93101e-08
4.0887e-06
-1.73033e-08
4.09048e-06
-1.55823e-08
4.09225e-06
-1.42445e-08
4.09402e-06
-1.33282e-08
4.0958e-06
-1.27334e-08
4.0976e-06
-1.25842e-08
4.09958e-06
-1.32327e-08
4.10125e-06
-1.26385e-08
4.10369e-06
-1.68394e-08
-1.36029e-08
2.59498e-06
3.43412e-10
2.59627e-06
-8.09195e-10
2.59817e-06
-2.04554e-09
2.60028e-06
-2.83362e-09
2.60232e-06
-3.24193e-09
2.60412e-06
-3.38095e-09
2.60567e-06
-3.42523e-09
2.60699e-06
-3.40089e-09
2.6081e-06
-3.37376e-09
2.60901e-06
-3.32303e-09
2.60976e-06
-3.28739e-09
2.61033e-06
-3.25504e-09
2.61077e-06
-3.25154e-09
2.61105e-06
-3.27621e-09
2.61121e-06
-3.34553e-09
2.61123e-06
-3.45958e-09
2.61114e-06
-3.62041e-09
2.61091e-06
-3.81723e-09
2.61057e-06
-4.03504e-09
2.6101e-06
-4.25084e-09
2.60951e-06
-4.43961e-09
2.6088e-06
-4.57501e-09
2.60797e-06
-4.63322e-09
2.60701e-06
-4.59377e-09
2.60594e-06
-4.44071e-09
2.60473e-06
-4.16245e-09
2.6034e-06
-3.75162e-09
2.60194e-06
-3.20473e-09
2.60034e-06
-2.52163e-09
2.59861e-06
-1.70511e-09
2.59674e-06
-7.59804e-10
2.59473e-06
3.09903e-10
2.59257e-06
1.49868e-09
2.59027e-06
2.80213e-09
2.58781e-06
4.21649e-09
2.5852e-06
5.74193e-09
2.58243e-06
7.37968e-09
2.5795e-06
9.13532e-09
2.57642e-06
1.1016e-08
2.57319e-06
1.30305e-08
2.56979e-06
1.5187e-08
2.56625e-06
1.7493e-08
2.56256e-06
1.99545e-08
2.55872e-06
2.25732e-08
2.55476e-06
2.53447e-08
2.55067e-06
2.82569e-08
2.54649e-06
3.12865e-08
2.54222e-06
3.43951e-08
2.53789e-06
3.75262e-08
2.53353e-06
4.06075e-08
2.52917e-06
4.35521e-08
2.52484e-06
4.6263e-08
2.52058e-06
4.86366e-08
2.51641e-06
5.05665e-08
2.51238e-06
5.1948e-08
2.50853e-06
5.26845e-08
2.50488e-06
5.26934e-08
2.50148e-06
5.19118e-08
2.49834e-06
5.02997e-08
2.4955e-06
4.78437e-08
2.49298e-06
4.4558e-08
2.4908e-06
4.0485e-08
2.48897e-06
3.56936e-08
2.4875e-06
3.02757e-08
2.48638e-06
2.43424e-08
2.48562e-06
1.80181e-08
2.48522e-06
1.14352e-08
2.48515e-06
4.73313e-09
2.48539e-06
-1.91362e-09
2.48592e-06
-8.37662e-09
2.48673e-06
-1.45364e-08
2.48777e-06
-2.02658e-08
2.48902e-06
-2.54541e-08
2.49045e-06
-3.00081e-08
2.49202e-06
-3.3855e-08
2.49371e-06
-3.69442e-08
2.49547e-06
-3.9249e-08
2.49728e-06
-4.07657e-08
2.49911e-06
-4.15129e-08
2.50094e-06
-4.15322e-08
2.50275e-06
-4.08859e-08
2.50451e-06
-3.96511e-08
2.50622e-06
-3.79212e-08
2.50787e-06
-3.57935e-08
2.50945e-06
-3.33818e-08
2.51097e-06
-3.07835e-08
2.51242e-06
-2.81244e-08
2.51383e-06
-2.54749e-08
2.51519e-06
-2.29767e-08
2.51653e-06
-2.06417e-08
2.51785e-06
-1.86327e-08
2.51918e-06
-1.6906e-08
2.52052e-06
-1.55813e-08
2.52189e-06
-1.47016e-08
2.52326e-06
-1.41026e-08
2.52466e-06
-1.39866e-08
2.52618e-06
-1.47532e-08
2.52736e-06
-1.38147e-08
2.52896e-06
-1.84325e-08
-1.48959e-08
1.525e-06
-7.15309e-10
1.52748e-06
-3.28742e-09
1.5304e-06
-4.973e-09
1.53309e-06
-5.52333e-09
1.53532e-06
-5.4701e-09
1.53712e-06
-5.18015e-09
1.53859e-06
-4.89508e-09
1.53979e-06
-4.60389e-09
1.54078e-06
-4.36459e-09
1.54159e-06
-4.12864e-09
1.54223e-06
-3.93602e-09
1.54274e-06
-3.75802e-09
1.54311e-06
-3.62348e-09
1.54335e-06
-3.52267e-09
1.54348e-06
-3.4732e-09
1.54349e-06
-3.4705e-09
1.54339e-06
-3.51694e-09
1.54317e-06
-3.59981e-09
1.54284e-06
-3.70454e-09
1.5424e-06
-3.80778e-09
1.54184e-06
-3.88511e-09
1.54118e-06
-3.91047e-09
1.54041e-06
-3.86051e-09
1.53953e-06
-3.71494e-09
1.53854e-06
-3.45798e-09
1.53746e-06
-3.07799e-09
1.53628e-06
-2.56759e-09
1.53499e-06
-1.92324e-09
1.53362e-06
-1.1446e-09
1.53215e-06
-2.34274e-10
1.53058e-06
8.03676e-10
1.52893e-06
1.96538e-09
1.52718e-06
3.24369e-09
1.52535e-06
4.63442e-09
1.52343e-06
6.13444e-09
1.52143e-06
7.74355e-09
1.51935e-06
9.46296e-09
1.51718e-06
1.12976e-08
1.51495e-06
1.3254e-08
1.51264e-06
1.53401e-08
1.51026e-06
1.75631e-08
1.50782e-06
1.99296e-08
1.50533e-06
2.24441e-08
1.5028e-06
2.51067e-08
1.50023e-06
2.79114e-08
1.49765e-06
3.0844e-08
1.49505e-06
3.38791e-08
1.49247e-06
3.69763e-08
1.48992e-06
4.00782e-08
1.48742e-06
4.31118e-08
1.48498e-06
4.599e-08
1.48263e-06
4.86159e-08
1.48038e-06
5.08866e-08
1.47825e-06
5.26971e-08
1.47625e-06
5.39443e-08
1.4744e-06
5.45339e-08
1.47271e-06
5.43859e-08
1.47118e-06
5.34397e-08
1.46982e-06
5.16583e-08
1.46863e-06
4.90305e-08
1.46762e-06
4.55731e-08
1.46677e-06
4.13305e-08
1.46609e-06
3.63732e-08
1.46557e-06
3.07946e-08
1.46521e-06
2.47069e-08
1.46499e-06
1.8236e-08
1.46491e-06
1.15161e-08
1.46495e-06
4.69077e-09
1.46512e-06
-2.07819e-09
1.46539e-06
-8.64749e-09
1.46576e-06
-1.4903e-08
1.46621e-06
-2.07167e-08
1.46673e-06
-2.59782e-08
1.46732e-06
-3.05945e-08
1.46796e-06
-3.44935e-08
1.46864e-06
-3.76256e-08
1.46935e-06
-3.99646e-08
1.47009e-06
-4.15076e-08
1.47086e-06
-4.22746e-08
1.47163e-06
-4.23082e-08
1.47242e-06
-4.16718e-08
1.47321e-06
-4.04432e-08
1.47401e-06
-3.87181e-08
1.47481e-06
-3.65933e-08
1.47561e-06
-3.41868e-08
1.47642e-06
-3.15921e-08
1.47724e-06
-2.89445e-08
1.47807e-06
-2.63015e-08
1.47892e-06
-2.38266e-08
1.47978e-06
-2.15016e-08
1.48067e-06
-1.95269e-08
1.48159e-06
-1.78178e-08
1.48252e-06
-1.65136e-08
1.4835e-06
-1.56768e-08
1.48443e-06
-1.50339e-08
1.4854e-06
-1.49569e-08
1.48634e-06
-1.56955e-08
1.48694e-06
-1.4412e-08
1.48734e-06
-1.88339e-08
-1.50967e-08
8.53013e-07
-2.62296e-09
8.56808e-07
-7.08324e-09
8.60275e-07
-8.44153e-09
8.62953e-07
-8.20189e-09
8.6492e-07
-7.43708e-09
8.66415e-07
-6.67559e-09
8.67587e-07
-6.06778e-09
8.68521e-07
-5.53894e-09
8.69275e-07
-5.11875e-09
8.69876e-07
-4.72966e-09
8.70349e-07
-4.41001e-09
8.70706e-07
-4.11499e-09
8.70958e-07
-3.87636e-09
8.71111e-07
-3.67538e-09
8.71168e-07
-3.53099e-09
8.71132e-07
-3.43407e-09
8.71003e-07
-3.38778e-09
8.7078e-07
-3.37776e-09
8.70466e-07
-3.39027e-09
8.7006e-07
-3.40198e-09
8.69564e-07
-3.38961e-09
8.68982e-07
-3.32775e-09
8.68315e-07
-3.19396e-09
8.67568e-07
-2.96842e-09
8.66746e-07
-2.63576e-09
8.65853e-07
-2.1845e-09
8.64892e-07
-1.60734e-09
8.6387e-07
-9.00651e-10
8.62789e-07
-6.36324e-11
8.61653e-07
9.01095e-10
8.60467e-07
1.99016e-09
8.59234e-07
3.19813e-09
8.57958e-07
4.51937e-09
8.56643e-07
5.94979e-09
8.55291e-07
7.48654e-09
8.53905e-07
9.1293e-09
8.52489e-07
1.08793e-08
8.51045e-07
1.2741e-08
8.49579e-07
1.47206e-08
8.48094e-07
1.68251e-08
8.46596e-07
1.90611e-08
8.45091e-07
2.14343e-08
8.43587e-07
2.39482e-08
8.42092e-07
2.66016e-08
8.40616e-07
2.93872e-08
8.39171e-07
3.22897e-08
8.37768e-07
3.52821e-08
8.3642e-07
3.83236e-08
8.35142e-07
4.13567e-08
8.33944e-07
4.43092e-08
8.32839e-07
4.70951e-08
8.31836e-07
4.96194e-08
8.30941e-07
5.17814e-08
8.3016e-07
5.34786e-08
8.29493e-07
5.4611e-08
8.2894e-07
5.50872e-08
8.28495e-07
5.48303e-08
8.28152e-07
5.37826e-08
8.27901e-07
5.19091e-08
8.27731e-07
4.92005e-08
8.2763e-07
4.56747e-08
8.27584e-07
4.13767e-08
8.2758e-07
3.63767e-08
8.27607e-07
3.07674e-08
8.27654e-07
2.466e-08
8.27711e-07
1.81789e-08
8.2777e-07
1.14579e-08
8.27823e-07
4.63718e-09
8.27865e-07
-2.11963e-09
8.27897e-07
-8.67964e-09
8.27916e-07
-1.49224e-08
8.27923e-07
-2.07233e-08
8.27918e-07
-2.59733e-08
8.27905e-07
-3.05814e-08
8.27888e-07
-3.44764e-08
8.27872e-07
-3.76098e-08
8.27864e-07
-3.99561e-08
8.27869e-07
-4.15128e-08
8.27895e-07
-4.23001e-08
8.27947e-07
-4.23602e-08
8.28032e-07
-4.17564e-08
8.28154e-07
-4.05654e-08
8.28318e-07
-3.88827e-08
8.28528e-07
-3.68025e-08
8.28786e-07
-3.44452e-08
8.29092e-07
-3.18977e-08
8.29451e-07
-2.93033e-08
8.29854e-07
-2.67042e-08
8.30312e-07
-2.42841e-08
8.30804e-07
-2.19934e-08
8.31346e-07
-2.00679e-08
8.31913e-07
-1.83842e-08
8.32491e-07
-1.70918e-08
8.33105e-07
-1.62905e-08
8.33626e-07
-1.5554e-08
8.34176e-07
-1.55067e-08
8.34495e-07
-1.60132e-08
8.3447e-07
-1.43863e-08
8.33521e-07
-1.78844e-08
-1.40385e-08
4.53376e-07
-5.51754e-09
4.58198e-07
-1.19056e-08
4.61522e-07
-1.17664e-08
4.63767e-07
-1.04476e-08
4.65259e-07
-8.92892e-09
4.66354e-07
-7.77133e-09
4.6718e-07
-6.89409e-09
4.67824e-07
-6.18423e-09
4.6833e-07
-5.62522e-09
4.68723e-07
-5.12324e-09
4.69023e-07
-4.70992e-09
4.69237e-07
-4.32972e-09
4.69376e-07
-4.01569e-09
4.69443e-07
-3.74196e-09
4.6944e-07
-3.52842e-09
4.69368e-07
-3.36224e-09
4.69227e-07
-3.24747e-09
4.69018e-07
-3.16836e-09
4.6874e-07
-3.1122e-09
4.68393e-07
-3.0559e-09
4.67981e-07
-2.97751e-09
4.67506e-07
-2.85245e-09
4.66971e-07
-2.65933e-09
4.66382e-07
-2.3789e-09
4.65742e-07
-1.99629e-09
4.65058e-07
-1.5002e-09
4.64334e-07
-8.83381e-10
4.63575e-07
-1.4189e-10
4.62786e-07
7.2498e-10
4.61972e-07
1.71517e-09
4.61137e-07
2.82479e-09
4.60286e-07
4.04935e-09
4.59422e-07
5.38383e-09
4.58547e-07
6.82439e-09
4.57665e-07
8.36852e-09
4.56779e-07
1.00159e-08
4.5589e-07
1.17678e-08
4.55003e-07
1.36283e-08
4.5412e-07
1.56031e-08
4.53247e-07
1.76987e-08
4.52387e-07
1.9921e-08
4.51546e-07
2.22749e-08
4.50732e-07
2.47627e-08
4.49951e-07
2.73824e-08
4.49212e-07
3.01257e-08
4.48526e-07
3.2976e-08
4.47903e-07
3.59057e-08
4.47352e-07
3.88738e-08
4.46885e-07
4.18236e-08
4.46511e-07
4.46841e-08
4.46234e-07
4.73715e-08
4.46061e-07
4.9793e-08
4.45991e-07
5.18511e-08
4.46023e-07
5.34467e-08
4.46151e-07
5.44831e-08
4.46365e-07
5.48727e-08
4.46654e-07
5.45416e-08
4.47002e-07
5.34348e-08
4.47391e-07
5.15194e-08
4.47804e-07
4.87875e-08
4.48222e-07
4.52575e-08
4.48624e-07
4.09739e-08
4.48995e-07
3.60059e-08
4.49319e-07
3.04441e-08
4.49581e-07
2.43972e-08
4.49773e-07
1.79873e-08
4.49885e-07
1.13456e-08
4.49912e-07
4.61039e-09
4.49856e-07
-2.06322e-09
4.49718e-07
-8.54221e-09
4.49504e-07
-1.47077e-08
4.49218e-07
-2.04379e-08
4.48872e-07
-2.56265e-08
4.48474e-07
-3.01842e-08
4.4804e-07
-3.40419e-08
4.47582e-07
-3.71519e-08
4.47115e-07
-3.94894e-08
4.46654e-07
-4.10517e-08
4.46214e-07
-4.18592e-08
4.45806e-07
-4.19526e-08
4.45444e-07
-4.13941e-08
4.45137e-07
-4.02581e-08
4.44893e-07
-3.8639e-08
4.44718e-07
-3.66269e-08
4.44616e-07
-3.43432e-08
4.44585e-07
-3.1867e-08
4.4463e-07
-2.93478e-08
4.44738e-07
-2.68122e-08
4.44915e-07
-2.44607e-08
4.45139e-07
-2.22161e-08
4.45411e-07
-2.03402e-08
4.4571e-07
-1.86826e-08
4.46004e-07
-1.73853e-08
4.46318e-07
-1.66033e-08
4.46495e-07
-1.57306e-08
4.46668e-07
-1.56795e-08
4.46408e-07
-1.57523e-08
4.45779e-07
-1.37571e-08
4.43529e-07
-1.5634e-08
-1.18012e-08
2.281e-07
-9.30993e-09
2.33476e-07
-1.72822e-08
2.36181e-07
-1.44721e-08
2.37862e-07
-1.2129e-08
2.38869e-07
-9.93696e-09
2.39601e-07
-8.50359e-09
2.40125e-07
-7.41854e-09
2.40528e-07
-6.58803e-09
2.40832e-07
-5.92911e-09
2.4106e-07
-5.35209e-09
2.41224e-07
-4.8744e-09
2.41332e-07
-4.43768e-09
2.41389e-07
-4.07323e-09
2.41398e-07
-3.7509e-09
2.4136e-07
-3.4907e-09
2.41274e-07
-3.27728e-09
2.41142e-07
-3.11519e-09
2.40961e-07
-2.98773e-09
2.40732e-07
-2.88315e-09
2.40455e-07
-2.77881e-09
2.40131e-07
-2.65404e-09
2.39764e-07
-2.48518e-09
2.39356e-07
-2.25187e-09
2.38913e-07
-1.93547e-09
2.38438e-07
-1.52161e-09
2.37937e-07
-9.99149e-10
2.37414e-07
-3.60805e-10
2.36875e-07
3.97344e-10
2.36324e-07
1.2763e-09
2.35765e-07
2.27401e-09
2.35202e-07
3.38728e-09
2.3464e-07
4.61215e-09
2.34079e-07
5.9441e-09
2.33524e-07
7.37964e-09
2.32976e-07
8.91653e-09
2.32437e-07
1.05545e-08
2.3191e-07
1.22949e-08
2.31397e-07
1.41414e-08
2.30901e-07
1.60992e-08
2.30426e-07
1.81742e-08
2.29975e-07
2.03716e-08
2.29555e-07
2.26953e-08
2.2917e-07
2.5147e-08
2.28829e-07
2.77234e-08
2.28539e-07
3.04154e-08
2.2831e-07
3.32056e-08
2.2815e-07
3.60658e-08
2.28068e-07
3.8955e-08
2.28074e-07
4.18177e-08
2.28174e-07
4.45845e-08
2.28371e-07
4.7174e-08
2.28668e-07
4.94963e-08
2.29062e-07
5.14571e-08
2.29548e-07
5.29612e-08
2.30115e-07
5.39157e-08
2.30751e-07
5.42364e-08
2.3144e-07
5.38529e-08
2.32162e-07
5.27127e-08
2.32896e-07
5.07851e-08
2.33621e-07
4.80631e-08
2.34313e-07
4.45654e-08
2.34951e-07
4.03354e-08
2.35516e-07
3.54408e-08
2.35991e-07
2.99697e-08
2.3636e-07
2.40276e-08
2.36614e-07
1.77334e-08
2.36745e-07
1.12151e-08
2.36748e-07
4.60752e-09
2.36625e-07
-1.94051e-09
2.36383e-07
-8.30017e-09
2.36028e-07
-1.43528e-08
2.3557e-07
-1.99803e-08
2.35023e-07
-2.50795e-08
2.34403e-07
-2.95635e-08
2.33726e-07
-3.33649e-08
2.33011e-07
-3.64373e-08
2.32278e-07
-3.87563e-08
2.31546e-07
-4.03194e-08
2.30833e-07
-4.11458e-08
2.30155e-07
-4.12753e-08
2.29529e-07
-4.07679e-08
2.28967e-07
-3.96953e-08
2.28478e-07
-3.81501e-08
2.28068e-07
-3.62175e-08
2.27744e-07
-3.40188e-08
2.27503e-07
-3.16255e-08
2.27346e-07
-2.91907e-08
2.27262e-07
-2.67277e-08
2.2725e-07
-2.44481e-08
2.27288e-07
-2.22543e-08
2.2737e-07
-2.04211e-08
2.27475e-07
-1.87875e-08
2.27558e-07
-1.7468e-08
2.27641e-07
-1.66858e-08
2.27561e-07
-1.56496e-08
2.27424e-07
-1.55421e-08
2.26704e-07
-1.50317e-08
2.25578e-07
-1.26304e-08
2.22199e-07
-1.22541e-08
-8.57568e-09
1.078e-07
-1.36284e-08
1.1317e-07
-2.26525e-08
1.1508e-07
-1.63822e-08
1.16247e-07
-1.32971e-08
1.16859e-07
-1.05492e-08
1.17313e-07
-8.95821e-09
1.17613e-07
-7.7185e-09
1.17843e-07
-6.81852e-09
1.18003e-07
-6.08989e-09
1.18119e-07
-5.46819e-09
1.18192e-07
-4.94849e-09
1.18232e-07
-4.4776e-09
1.1824e-07
-4.08157e-09
1.18218e-07
-3.7291e-09
1.18166e-07
-3.43917e-09
1.18084e-07
-3.1951e-09
1.1797e-07
-3.00141e-09
1.17823e-07
-2.84091e-09
1.17642e-07
-2.70264e-09
1.17428e-07
-2.56454e-09
1.17181e-07
-2.40718e-09
1.16903e-07
-2.20779e-09
1.16598e-07
-1.94701e-09
1.1627e-07
-1.60681e-09
1.15921e-07
-1.17329e-09
1.15558e-07
-6.35472e-10
1.15183e-07
1.38772e-11
1.14802e-07
7.787e-10
1.14418e-07
1.66013e-09
1.14035e-07
2.65664e-09
1.13657e-07
3.7655e-09
1.13286e-07
4.98317e-09
1.12924e-07
6.30564e-09
1.12574e-07
7.72972e-09
1.12237e-07
9.25342e-09
1.11915e-07
1.08765e-08
1.1161e-07
1.26002e-08
1.11323e-07
1.44279e-08
1.11058e-07
1.63642e-08
1.10818e-07
1.84144e-08
1.10607e-07
2.0583e-08
1.10429e-07
2.28731e-08
1.10291e-07
2.52851e-08
1.10199e-07
2.78153e-08
1.10161e-07
3.04534e-08
1.10185e-07
3.31812e-08
1.10281e-07
3.59704e-08
1.10456e-07
3.87801e-08
1.10717e-07
4.15559e-08
1.11071e-07
4.42305e-08
1.1152e-07
4.67249e-08
1.12065e-07
4.89522e-08
1.127e-07
5.08216e-08
1.13419e-07
5.22419e-08
1.14211e-07
5.31238e-08
1.15061e-07
5.33868e-08
1.1595e-07
5.29638e-08
1.16858e-07
5.1805e-08
1.17762e-07
4.98813e-08
1.18638e-07
4.71871e-08
1.19463e-07
4.37405e-08
1.20214e-07
3.95844e-08
1.2087e-07
3.47842e-08
1.21414e-07
2.94254e-08
1.21832e-07
2.36102e-08
1.22111e-07
1.74538e-08
1.22246e-07
1.10806e-08
1.22231e-07
4.62185e-09
1.22072e-07
-1.78059e-09
1.21773e-07
-8.00134e-09
1.21343e-07
-1.39231e-08
1.20795e-07
-1.9432e-08
1.20143e-07
-2.44277e-08
1.19406e-07
-2.8826e-08
1.18602e-07
-3.25614e-08
1.17754e-07
-3.55886e-08
1.16881e-07
-3.78838e-08
1.16006e-07
-3.94441e-08
1.15148e-07
-4.02882e-08
1.14327e-07
-4.04538e-08
1.13558e-07
-3.99992e-08
1.12856e-07
-3.89928e-08
1.12231e-07
-3.75251e-08
1.1169e-07
-3.56762e-08
1.11238e-07
-3.35665e-08
1.10873e-07
-3.12602e-08
1.10594e-07
-2.8912e-08
1.10392e-07
-2.65247e-08
1.10259e-07
-2.43147e-08
1.10178e-07
-2.21733e-08
1.10131e-07
-2.03739e-08
1.10106e-07
-1.87616e-08
1.10044e-07
-1.7406e-08
1.09964e-07
-1.66052e-08
1.09709e-07
-1.53938e-08
1.09342e-07
-1.51748e-08
1.0832e-07
-1.40093e-08
1.06809e-07
-1.11188e-08
1.02456e-07
-7.9007e-09
-4.5103e-09
4.74994e-08
-1.76565e-08
5.20155e-08
-2.71691e-08
5.31441e-08
-1.75115e-08
5.38998e-08
-1.40533e-08
5.42234e-08
-1.08733e-08
5.44859e-08
-9.22112e-09
5.46347e-08
-7.86774e-09
5.4752e-08
-6.93631e-09
5.48209e-08
-6.15922e-09
5.4867e-08
-5.51478e-09
5.48866e-08
-4.96842e-09
5.48877e-08
-4.47906e-09
5.487e-08
-4.06418e-09
5.48348e-08
-3.69418e-09
5.47813e-08
-3.38587e-09
5.47083e-08
-3.12225e-09
5.4614e-08
-2.90729e-09
5.44967e-08
-2.72375e-09
5.43552e-08
-2.5613e-09
5.41891e-08
-2.39858e-09
5.39991e-08
-2.21724e-09
5.37866e-08
-1.99543e-09
5.35543e-08
-1.71471e-09
5.33051e-08
-1.35768e-09
5.30426e-08
-9.10869e-10
5.27706e-08
-3.63503e-10
5.24929e-08
2.91489e-10
5.22133e-08
1.05821e-09
5.19355e-08
1.9379e-09
5.16626e-08
2.92958e-09
5.13972e-08
4.03085e-09
5.11418e-08
5.23855e-09
5.08983e-08
6.54912e-09
5.06684e-08
7.9596e-09
5.04536e-08
9.46823e-09
5.02553e-08
1.10748e-08
5.00752e-08
1.27802e-08
4.99153e-08
1.45878e-08
4.97781e-08
1.65014e-08
4.96668e-08
1.85257e-08
4.95854e-08
2.06644e-08
4.95386e-08
2.29198e-08
4.95322e-08
2.52915e-08
4.95727e-08
2.77748e-08
4.96676e-08
3.03586e-08
4.98247e-08
3.30241e-08
5.00524e-08
3.57427e-08
5.03586e-08
3.84739e-08
5.07499e-08
4.11646e-08
5.12309e-08
4.37494e-08
5.18038e-08
4.61521e-08
5.24676e-08
4.82884e-08
5.32181e-08
5.00711e-08
5.40468e-08
5.14132e-08
5.49417e-08
5.22289e-08
5.58872e-08
5.24413e-08
5.68646e-08
5.19864e-08
5.78524e-08
5.08171e-08
5.88277e-08
4.89061e-08
5.97664e-08
4.62483e-08
6.06449e-08
4.28621e-08
6.14403e-08
3.8789e-08
6.21321e-08
3.40924e-08
6.27023e-08
2.88552e-08
6.31363e-08
2.31762e-08
6.34234e-08
1.71668e-08
6.35564e-08
1.09476e-08
6.35323e-08
4.64599e-09
6.33544e-08
-1.60267e-09
6.30294e-08
-7.67632e-09
6.25662e-08
-1.34599e-08
6.19776e-08
-1.88434e-08
6.12797e-08
-2.37297e-08
6.04909e-08
-2.80372e-08
5.96317e-08
-3.17022e-08
5.87238e-08
-3.46806e-08
5.77892e-08
-3.69491e-08
5.68497e-08
-3.85045e-08
5.59261e-08
-3.93646e-08
5.50378e-08
-3.95653e-08
5.42016e-08
-3.9163e-08
5.34315e-08
-3.82226e-08
5.27388e-08
-3.68323e-08
5.213e-08
-3.50672e-08
5.16101e-08
-3.30464e-08
5.11775e-08
-3.08274e-08
5.08298e-08
-2.85641e-08
5.05582e-08
-2.62529e-08
5.03516e-08
-2.41078e-08
5.01979e-08
-2.20192e-08
5.00691e-08
-2.02447e-08
4.996e-08
-1.8652e-08
4.98059e-08
-1.72514e-08
4.96182e-08
-1.64171e-08
4.92563e-08
-1.50315e-08
4.874e-08
-1.46581e-08
4.75578e-08
-1.28267e-08
4.59604e-08
-9.52067e-09
4.04633e-08
-2.40315e-09
5.83563e-10
1.9858e-08
-2.0375e-08
2.25656e-08
-2.98771e-08
2.3008e-08
-1.79545e-08
2.34394e-08
-1.44852e-08
2.35663e-08
-1.10006e-08
2.37032e-08
-9.35846e-09
2.3757e-08
-7.92199e-09
2.38055e-08
-6.98524e-09
2.38197e-08
-6.17389e-09
2.3826e-08
-5.52154e-09
2.38154e-08
-4.95816e-09
2.37966e-08
-4.4606e-09
2.37667e-08
-4.03461e-09
2.37274e-08
-3.65506e-09
2.36765e-08
-3.33524e-09
2.36129e-08
-3.05884e-09
2.35342e-08
-2.82879e-09
2.34386e-08
-2.62823e-09
2.33244e-08
-2.44725e-09
2.3191e-08
-2.26531e-09
2.30386e-08
-2.06498e-09
2.28685e-08
-1.82536e-09
2.26825e-08
-1.52885e-09
2.24835e-08
-1.15868e-09
2.22744e-08
-7.01819e-10
2.20585e-08
-1.47715e-10
2.18394e-08
5.10535e-10
2.16204e-08
1.27717e-09
2.14047e-08
2.15361e-09
2.1195e-08
3.13925e-09
2.09938e-08
4.232e-09
2.08033e-08
5.42906e-09
2.06252e-08
6.7272e-09
2.0461e-08
8.12372e-09
2.03123e-08
9.61699e-09
2.01803e-08
1.12067e-08
2.00667e-08
1.28938e-08
1.99734e-08
1.4681e-08
1.99031e-08
1.65718e-08
1.98589e-08
1.857e-08
1.98447e-08
2.06786e-08
1.98653e-08
2.28992e-08
1.99263e-08
2.52305e-08
2.0034e-08
2.76671e-08
2.01957e-08
3.01969e-08
2.04189e-08
3.28009e-08
2.07114e-08
3.54501e-08
2.10807e-08
3.81046e-08
2.1533e-08
4.07123e-08
2.20722e-08
4.32102e-08
2.27001e-08
4.55242e-08
2.34152e-08
4.75732e-08
2.4213e-08
4.92734e-08
2.50844e-08
5.05417e-08
2.60175e-08
5.12958e-08
2.69964e-08
5.14624e-08
2.80024e-08
5.09804e-08
2.90143e-08
4.98052e-08
3.00093e-08
4.79111e-08
3.09638e-08
4.52938e-08
3.18543e-08
4.19716e-08
3.26585e-08
3.79847e-08
3.33562e-08
3.33948e-08
3.39296e-08
2.82818e-08
3.43646e-08
2.27413e-08
3.46504e-08
1.6881e-08
3.47803e-08
1.08177e-08
3.47514e-08
4.67489e-09
3.45671e-08
-1.41834e-09
3.42338e-08
-7.34297e-09
3.37606e-08
-1.29867e-08
3.31606e-08
-1.82433e-08
3.24497e-08
-2.30189e-08
3.16467e-08
-2.72341e-08
3.07719e-08
-3.08274e-08
2.98471e-08
-3.37557e-08
2.88942e-08
-3.59961e-08
2.79349e-08
-3.75452e-08
2.69903e-08
-3.84198e-08
2.60791e-08
-3.86541e-08
2.52185e-08
-3.83022e-08
2.44221e-08
-3.74261e-08
2.37013e-08
-3.61113e-08
2.30625e-08
-3.44283e-08
2.25103e-08
-3.2494e-08
2.2044e-08
-3.03609e-08
2.16592e-08
-2.81791e-08
2.13497e-08
-2.5943e-08
2.10997e-08
-2.38575e-08
2.09028e-08
-2.18218e-08
2.07235e-08
-2.0065e-08
2.0563e-08
-1.8491e-08
2.03532e-08
-1.70412e-08
2.00988e-08
-1.61622e-08
1.96805e-08
-1.46127e-08
1.90832e-08
-1.40605e-08
1.78305e-08
-1.15735e-08
1.61809e-08
-7.87029e-09
8.06188e-09
5.71629e-09
8.50201e-09
8.4837e-09
-2.14361e-08
9.16829e-09
-3.05621e-08
9.08172e-09
-1.78686e-08
9.25878e-09
-1.46626e-08
9.25502e-09
-1.09972e-08
9.31034e-09
-9.41417e-09
9.30571e-09
-7.91778e-09
9.31326e-09
-6.99323e-09
9.2958e-09
-6.15687e-09
9.28023e-09
-5.50638e-09
9.25322e-09
-4.93152e-09
9.22459e-09
-4.4323e-09
9.18907e-09
-3.99938e-09
9.14885e-09
-3.61509e-09
9.1009e-09
-3.28751e-09
9.04412e-09
-3.00225e-09
8.97571e-09
-2.76054e-09
8.89378e-09
-2.54645e-09
8.79653e-09
-2.35013e-09
8.68317e-09
-2.15206e-09
8.55365e-09
-1.93556e-09
8.40891e-09
-1.68071e-09
8.25065e-09
-1.37067e-09
8.08118e-09
-9.89282e-10
7.90328e-09
-5.2397e-10
7.71995e-09
3.55585e-11
7.53433e-09
6.96106e-10
7.34949e-09
1.46197e-09
7.16832e-09
2.33474e-09
6.99342e-09
3.31413e-09
6.82709e-09
4.3983e-09
6.67137e-09
5.58476e-09
6.52794e-09
6.87062e-09
6.39831e-09
8.25333e-09
6.28389e-09
9.73139e-09
6.1861e-09
1.13045e-08
6.10659e-09
1.29733e-08
6.04739e-09
1.47402e-08
6.01104e-09
1.66081e-08
6.00074e-09
1.85803e-08
6.02043e-09
2.06589e-08
6.07482e-09
2.28448e-08
6.16945e-09
2.51359e-08
6.31047e-09
2.75261e-08
6.50489e-09
3.00025e-08
6.75992e-09
3.25458e-08
7.08282e-09
3.51272e-08
7.48046e-09
3.77069e-08
7.95862e-09
4.02342e-08
8.52106e-09
4.26477e-08
9.16891e-09
4.48764e-08
9.90059e-09
4.68415e-08
1.07113e-08
4.84627e-08
1.15919e-08
4.96611e-08
1.25304e-08
5.03573e-08
1.35113e-08
5.04815e-08
1.45162e-08
4.99755e-08
1.55244e-08
4.87971e-08
1.65134e-08
4.6922e-08
1.74604e-08
4.43469e-08
1.83425e-08
4.10895e-08
1.9138e-08
3.71893e-08
1.98271e-08
3.27056e-08
2.03928e-08
2.77161e-08
2.08213e-08
2.23129e-08
2.11019e-08
1.66003e-08
2.12283e-08
1.06913e-08
2.11978e-08
4.7054e-09
2.10135e-08
-1.23398e-09
2.06815e-08
-7.01094e-09
2.0211e-08
-1.25162e-08
1.96147e-08
-1.76471e-08
1.89086e-08
-2.23127e-08
1.81109e-08
-2.64364e-08
1.72416e-08
-2.99581e-08
1.63221e-08
-3.28362e-08
1.5374e-08
-3.5048e-08
1.44187e-08
-3.65898e-08
1.34765e-08
-3.74776e-08
1.25662e-08
-3.77437e-08
1.17042e-08
-3.74402e-08
1.09041e-08
-3.66259e-08
1.01768e-08
-3.53839e-08
9.52871e-09
-3.37801e-08
8.96409e-09
-3.19292e-08
8.48303e-09
-2.98796e-08
8.0796e-09
-2.77754e-08
7.74992e-09
-2.56131e-08
7.4749e-09
-2.35822e-08
7.25278e-09
-2.15993e-08
7.04283e-09
-1.98546e-08
6.85142e-09
-1.82992e-08
6.61005e-09
-1.67993e-08
6.31657e-09
-1.58683e-08
5.87609e-09
-1.41718e-08
5.2517e-09
-1.34357e-08
4.10666e-09
-1.04281e-08
2.83814e-09
-6.60111e-09
-3.0314e-10
8.85805e-09
1.12774e-08
4.28154e-09
-2.11879e-08
3.44172e-09
-2.97227e-08
3.00018e-09
-1.74277e-08
2.98099e-09
-1.46438e-08
2.88969e-09
-1.09063e-08
2.89023e-09
-9.41508e-09
2.84865e-09
-7.87659e-09
2.83165e-09
-6.97665e-09
2.79561e-09
-6.12125e-09
2.7678e-09
-5.47898e-09
2.73169e-09
-4.89576e-09
2.69805e-09
-4.39899e-09
2.65948e-09
-3.96108e-09
2.61913e-09
-3.57499e-09
2.57271e-09
-3.24131e-09
2.51973e-09
-2.94946e-09
2.45693e-09
-2.69791e-09
2.38269e-09
-2.47237e-09
2.29498e-09
-2.26255e-09
2.19297e-09
-2.05017e-09
2.07644e-09
-1.81914e-09
1.94621e-09
-1.55058e-09
1.80375e-09
-1.22828e-09
1.65119e-09
-8.36789e-10
1.49104e-09
-3.63886e-10
1.32612e-09
2.0043e-10
1.15931e-09
8.62866e-10
9.93532e-10
1.62772e-09
8.31417e-10
2.49682e-09
6.75517e-10
3.47e-09
5.28014e-10
4.54577e-09
3.9081e-10
5.72194e-09
2.65711e-10
6.9957e-09
1.5408e-10
8.36494e-09
5.74495e-11
9.82801e-09
-2.248e-11
1.13844e-08
-8.43379e-11
1.30352e-08
-1.2604e-10
1.47819e-08
-1.44987e-10
1.6627e-08
-1.37984e-10
1.85732e-08
-1.01167e-10
2.06221e-08
-2.99793e-11
2.27736e-08
8.11582e-11
2.50248e-08
2.39013e-10
2.73682e-08
4.49593e-10
2.97919e-08
7.19887e-10
3.22755e-08
1.05679e-09
3.47903e-08
1.46633e-09
3.72974e-08
1.95357e-09
3.97469e-08
2.52224e-09
4.2079e-08
3.17324e-09
4.42254e-08
3.90473e-09
4.61101e-08
4.71196e-09
4.76555e-08
5.58572e-09
4.87873e-08
6.51424e-09
4.94288e-08
7.48237e-09
4.95133e-08
8.47219e-09
4.89857e-08
9.46355e-09
4.78057e-08
1.04348e-08
4.59508e-08
1.13636e-08
4.3418e-08
1.22279e-08
4.02252e-08
1.30068e-08
3.64104e-08
1.36811e-08
3.20314e-08
1.42343e-08
2.71629e-08
1.46529e-08
2.18943e-08
1.49269e-08
1.63263e-08
1.50499e-08
1.05683e-08
1.50194e-08
4.73589e-09
1.48383e-08
-1.05284e-09
1.45124e-08
-6.68505e-09
1.40508e-08
-1.20545e-08
1.34659e-08
-1.70622e-08
1.27732e-08
-2.16199e-08
1.19903e-08
-2.56535e-08
1.11369e-08
-2.91047e-08
1.02337e-08
-3.19329e-08
9.30166e-09
-3.41159e-08
8.36165e-09
-3.56497e-08
7.43351e-09
-3.65493e-08
6.53549e-09
-3.68456e-08
5.68358e-09
-3.65881e-08
4.89108e-09
-3.58333e-08
4.1683e-09
-3.46609e-08
3.5217e-09
-3.31333e-08
2.95502e-09
-3.13623e-08
2.46929e-09
-2.93937e-08
2.05731e-09
-2.73632e-08
1.71741e-09
-2.52729e-08
1.42778e-09
-2.32922e-08
1.19082e-09
-2.1362e-08
9.62215e-10
-1.96256e-08
7.52036e-10
-1.80886e-08
4.94105e-10
-1.6541e-08
1.77328e-10
-1.55511e-08
-2.61806e-10
-1.37323e-08
-8.82038e-10
-1.28151e-08
-1.91573e-09
-9.39401e-09
-2.94903e-09
-5.56719e-09
-3.71319e-09
9.62264e-09
1.18409e-08
2.87635e-09
-2.01733e-08
1.17565e-09
-2.80224e-08
5.2379e-10
-1.67764e-08
3.56693e-10
-1.4477e-08
2.03666e-10
-1.07536e-08
1.66203e-10
-9.37796e-09
9.81415e-11
-7.8089e-09
6.68691e-11
-6.94578e-09
1.78177e-11
-6.07261e-09
-1.64119e-11
-5.44514e-09
-5.87119e-11
-4.85382e-09
-9.51249e-11
-4.3629e-09
-1.35981e-10
-3.9205e-09
-1.76694e-10
-3.53452e-09
-2.228e-10
-3.19541e-09
-2.74162e-10
-2.89829e-09
-3.34383e-10
-2.63785e-09
-4.04771e-10
-2.40213e-09
-4.87482e-10
-2.17997e-09
-5.83306e-10
-1.95446e-09
-6.92529e-10
-1.71001e-09
-8.14416e-10
-1.42878e-09
-9.47664e-10
-1.09511e-09
-1.0903e-09
-6.94219e-10
-1.24e-09
-2.14251e-10
-1.3941e-09
3.54477e-10
-1.54987e-09
1.01859e-09
-1.70459e-09
1.7824e-09
-1.85565e-09
2.64784e-09
-2.00065e-09
3.61497e-09
-2.13742e-09
4.68252e-09
-2.26402e-09
5.84852e-09
-2.37879e-09
7.11044e-09
-2.48016e-09
8.4663e-09
-2.56667e-09
9.91451e-09
-2.63683e-09
1.14546e-08
-2.68884e-09
1.30872e-08
-2.72064e-09
1.48137e-08
-2.72965e-09
1.66361e-08
-2.7127e-09
1.85563e-08
-2.66596e-09
2.05754e-08
-2.58489e-09
2.26925e-08
-2.46425e-09
2.49041e-08
-2.29826e-09
2.72022e-08
-2.08038e-09
2.9574e-08
-1.80398e-09
3.19991e-08
-1.46245e-09
3.44488e-08
-1.04979e-09
3.68847e-08
-5.6124e-10
3.92584e-08
5.96393e-12
4.15118e-08
6.523e-10
4.3579e-08
1.37588e-09
4.53865e-08
2.17223e-09
4.68591e-08
3.03198e-09
4.79276e-08
3.94368e-09
4.85171e-08
4.89262e-09
4.85644e-08
5.8614e-09
4.80169e-08
6.8305e-09
4.68366e-08
7.779e-09
4.50023e-08
8.68534e-09
4.25117e-08
9.5282e-09
3.93823e-08
1.02873e-08
3.56513e-08
1.09443e-08
3.13744e-08
1.14831e-08
2.66241e-08
1.18908e-08
2.14866e-08
1.21576e-08
1.60595e-08
1.22773e-08
1.04485e-08
1.22478e-08
4.76546e-09
1.20714e-08
-8.76409e-10
1.17538e-08
-6.3675e-09
1.13039e-08
-1.16046e-08
1.07337e-08
-1.6492e-08
1.00582e-08
-2.09443e-08
9.29443e-09
-2.48897e-08
8.4615e-09
-2.82717e-08
7.57938e-09
-3.10507e-08
6.66846e-09
-3.32049e-08
5.74893e-09
-3.47301e-08
4.84002e-09
-3.56404e-08
3.95944e-09
-3.5965e-08
3.12267e-09
-3.57513e-08
2.3428e-09
-3.50533e-08
1.62964e-09
-3.39476e-08
9.89833e-10
-3.24933e-08
4.26305e-10
-3.07986e-08
-5.91272e-11
-2.8908e-08
-4.7494e-10
-2.69471e-08
-8.20869e-10
-2.49267e-08
-1.11923e-09
-2.29936e-08
-1.36713e-09
-2.11138e-08
-1.60673e-09
-1.93856e-08
-1.83009e-09
-1.78648e-08
-2.09784e-09
-1.62728e-08
-2.41846e-09
-1.52301e-08
-2.85558e-09
-1.32948e-08
-3.44317e-09
-1.22271e-08
-4.32256e-09
-8.51428e-09
-5.12924e-09
-4.75992e-09
-4.9087e-09
9.40252e-09
1.15186e-08
2.44989e-09
-1.8809e-08
3.81852e-10
-2.59547e-08
-3.80002e-10
-1.60151e-08
-6.60926e-10
-1.41964e-08
-8.53659e-10
-1.05612e-08
-9.26585e-10
-9.30534e-09
-1.00896e-09
-7.72688e-09
-1.05532e-09
-6.89979e-09
-1.11023e-09
-6.01809e-09
-1.15173e-09
-5.40401e-09
-1.19686e-09
-4.80903e-09
-1.23659e-09
-4.32348e-09
-1.27876e-09
-3.87861e-09
-1.32075e-09
-3.49277e-09
-1.36692e-09
-3.14946e-09
-1.41796e-09
-2.84744e-09
-1.47697e-09
-2.57901e-09
-1.54556e-09
-2.33368e-09
-1.62566e-09
-2.1e-09
-1.71805e-09
-1.86219e-09
-1.82302e-09
-1.60514e-09
-1.93993e-09
-1.31195e-09
-2.06757e-09
-9.67555e-10
-2.20407e-09
-5.57786e-10
-2.34721e-09
-7.11651e-11
-2.49448e-09
5.01696e-10
-2.64327e-09
1.16733e-09
-2.79094e-09
1.93003e-09
-2.93498e-09
2.79184e-09
-3.07304e-09
3.75301e-09
-3.20302e-09
4.81246e-09
-3.32298e-09
5.96846e-09
-3.43124e-09
7.21868e-09
-3.52623e-09
8.56127e-09
-3.60645e-09
9.99472e-09
-3.67035e-09
1.15185e-08
-3.71612e-09
1.31329e-08
-3.74165e-09
1.48392e-08
-3.74438e-09
1.66388e-08
-3.72115e-09
1.85331e-08
-3.6682e-09
2.05224e-08
-3.58112e-09
2.26054e-08
-3.45481e-09
2.47778e-08
-3.2837e-09
2.70311e-08
-3.06155e-09
2.93519e-08
-2.78204e-09
3.17196e-08
-2.43897e-09
3.41057e-08
-2.02671e-09
3.64725e-08
-1.54087e-09
3.87725e-08
-9.78717e-10
4.09497e-08
-3.39633e-10
4.294e-08
3.72657e-10
4.46742e-08
1.15495e-09
4.60768e-08
1.99779e-09
4.70848e-08
2.89005e-09
4.76249e-08
3.81741e-09
4.7637e-08
4.763e-09
4.70713e-08
5.70796e-09
4.58916e-08
6.63207e-09
4.40782e-08
7.51454e-09
4.16292e-08
8.33479e-09
3.85621e-08
9.07328e-09
3.49128e-08
9.71223e-09
3.07355e-08
1.02362e-08
2.61001e-08
1.06327e-08
2.10901e-08
1.08923e-08
1.57999e-08
1.1009e-08
1.03318e-08
1.09807e-08
4.79378e-09
1.08096e-08
-7.053e-10
1.05012e-08
-6.0591e-09
1.00641e-08
-1.11674e-08
9.50979e-09
-1.59377e-08
8.85281e-09
-2.02873e-08
8.10977e-09
-2.41467e-08
7.29898e-09
-2.74609e-08
6.43977e-09
-3.01915e-08
5.55187e-09
-3.2317e-08
4.65479e-09
-3.3833e-08
3.76712e-09
-3.47526e-08
2.90603e-09
-3.51038e-08
2.08646e-09
-3.49316e-08
1.3212e-09
-3.42879e-08
6.19527e-10
-3.32458e-08
-1.1698e-11
-3.1862e-08
-5.69697e-10
-3.02404e-08
-1.05326e-09
-2.84243e-08
-1.46949e-09
-2.65306e-08
-1.81907e-09
-2.45768e-08
-2.12248e-09
-2.26899e-08
-2.37818e-09
-2.08577e-08
-2.62474e-09
-1.91387e-08
-2.85674e-09
-1.76324e-08
-3.12874e-09
-1.60004e-08
-3.44927e-09
-1.49092e-08
-3.87268e-09
-1.2871e-08
-4.42303e-09
-1.16765e-08
-5.17334e-09
-7.76365e-09
-5.81348e-09
-4.11922e-09
-5.20318e-09
8.79262e-09
1.08657e-08
2.32819e-09
-1.73343e-08
1.73463e-10
-2.38004e-08
-6.37613e-10
-1.52045e-08
-1.00349e-09
-1.38308e-08
-1.22627e-09
-1.03387e-08
-1.32753e-09
-9.20437e-09
-1.42247e-09
-7.63226e-09
-1.47978e-09
-6.84284e-09
-1.54041e-09
-5.95784e-09
-1.58685e-09
-5.35794e-09
-1.63489e-09
-4.76133e-09
-1.67723e-09
-4.28145e-09
-1.72105e-09
-3.83506e-09
-1.76446e-09
-3.4496e-09
-1.81149e-09
-3.10264e-09
-1.86303e-09
-2.79608e-09
-1.92201e-09
-2.5202e-09
-1.99e-09
-2.26583e-09
-2.06883e-09
-2.0213e-09
-2.15925e-09
-1.77188e-09
-2.26156e-09
-1.50293e-09
-2.37517e-09
-1.19843e-09
-2.49892e-09
-8.4388e-10
-2.63107e-09
-4.25705e-10
-2.76949e-09
6.71884e-11
-2.91177e-09
6.43928e-10
-3.05541e-09
1.31092e-09
-3.19787e-09
2.07246e-09
-3.3367e-09
2.93064e-09
-3.46964e-09
3.88591e-09
-3.59458e-09
4.93737e-09
-3.70962e-09
6.08348e-09
-3.81308e-09
7.32212e-09
-3.90336e-09
8.65154e-09
-3.97893e-09
1.00703e-08
-4.03818e-09
1.15777e-08
-4.0793e-09
1.3174e-08
-4.10016e-09
1.486e-08
-4.09818e-09
1.66368e-08
-4.07026e-09
1.85051e-08
-4.01271e-09
2.04648e-08
-3.92122e-09
2.25139e-08
-3.79087e-09
2.46475e-08
-3.61626e-09
2.68565e-08
-3.39147e-09
2.91271e-08
-3.11048e-09
3.14386e-08
-2.76743e-09
3.37627e-08
-2.3571e-09
3.60621e-08
-1.87541e-09
3.82909e-08
-1.31992e-09
4.03942e-08
-6.9034e-10
4.23104e-08
1.08966e-11
4.39729e-08
7.77597e-10
4.53101e-08
1.60264e-09
4.62597e-08
2.47472e-09
4.67528e-08
3.3799e-09
4.67318e-08
4.30187e-09
4.61494e-08
5.22237e-09
4.49711e-08
6.1219e-09
4.31787e-08
6.98039e-09
4.07708e-08
7.77802e-09
3.77644e-08
8.49593e-09
3.41949e-08
9.11697e-09
3.01144e-08
9.62628e-09
2.55908e-08
1.00117e-08
2.07047e-08
1.02642e-08
1.55475e-08
1.0378e-08
1.02181e-08
1.03511e-08
4.82068e-09
1.01854e-08
-5.39642e-10
9.88641e-09
-5.76005e-09
9.46218e-09
-1.07432e-08
8.92404e-09
-1.53995e-08
8.2859e-09
-1.96491e-08
7.56383e-09
-2.34246e-08
6.77548e-09
-2.66725e-08
5.93954e-09
-2.93555e-08
5.07507e-09
-3.14524e-08
4.20091e-09
-3.29587e-08
3.33501e-09
-3.38866e-08
2.49399e-09
-3.42627e-08
1.69229e-09
-3.41298e-08
9.4233e-10
-3.35378e-08
2.52896e-10
-3.25563e-08
-3.68137e-10
-3.12408e-08
-9.20081e-10
-2.96883e-08
-1.40031e-09
-2.79438e-08
-1.8159e-09
-2.61148e-08
-2.16753e-09
-2.4225e-08
-2.47458e-09
-2.23825e-08
-2.73603e-09
-2.05959e-08
-2.98769e-09
-1.88866e-08
-3.22575e-09
-1.7394e-08
-3.49906e-09
-1.57267e-08
-3.81655e-09
-1.45913e-08
-4.22154e-09
-1.24658e-08
-4.73218e-09
-1.11655e-08
-5.36404e-09
-7.1315e-09
-5.86429e-09
-3.61845e-09
-5.13932e-09
8.06802e-09
1.01292e-08
2.28071e-09
-1.58661e-08
1.75328e-10
-2.16953e-08
-6.50076e-10
-1.43795e-08
-1.07815e-09
-1.3403e-08
-1.32405e-09
-1.0093e-08
-1.44937e-09
-9.07931e-09
-1.55506e-09
-7.52686e-09
-1.62185e-09
-6.77639e-09
-1.68753e-09
-5.89251e-09
-1.73832e-09
-5.3075e-09
-1.78908e-09
-4.7109e-09
-1.83385e-09
-4.23697e-09
-1.87942e-09
-3.78976e-09
-1.92439e-09
-3.40486e-09
-1.97258e-09
-3.05466e-09
-2.02499e-09
-2.74385e-09
-2.08439e-09
-2.46097e-09
-2.15232e-09
-2.19805e-09
-2.23048e-09
-1.94327e-09
-2.31961e-09
-1.68286e-09
-2.42e-09
-1.40265e-09
-2.53109e-09
-1.08743e-09
-2.65179e-09
-7.2326e-10
-2.78043e-09
-2.9713e-10
-2.91498e-09
2.01679e-10
-3.05315e-09
7.8204e-10
-3.1925e-09
1.45023e-09
-3.3306e-09
2.21052e-09
-3.46507e-09
3.06508e-09
-3.59368e-09
4.01449e-09
-3.71438e-09
5.05804e-09
-3.82527e-09
6.19436e-09
-3.92467e-09
7.4215e-09
-4.01096e-09
8.73781e-09
-4.08258e-09
1.01419e-08
-4.1379e-09
1.1633e-08
-4.17507e-09
1.32112e-08
-4.19195e-09
1.48769e-08
-4.18597e-09
1.66308e-08
-4.15409e-09
1.84732e-08
-4.09267e-09
2.04034e-08
-3.99753e-09
2.24188e-08
-3.8639e-09
2.45138e-08
-3.68659e-09
2.66792e-08
-3.45993e-09
2.89004e-08
-3.17822e-09
3.11569e-08
-2.83594e-09
3.34204e-08
-2.4282e-09
3.56544e-08
-1.95125e-09
3.78139e-08
-1.40296e-09
3.98459e-08
-7.83213e-10
4.16906e-08
-9.42305e-11
4.3284e-08
6.57095e-10
4.45588e-08
1.46429e-09
4.54525e-08
2.31624e-09
4.59008e-08
3.19942e-09
4.58487e-08
4.09801e-09
4.52508e-08
4.9944e-09
4.40748e-08
5.86974e-09
4.23033e-08
6.70469e-09
3.99358e-08
7.48014e-09
3.6989e-08
8.17789e-09
3.34972e-08
8.78142e-09
2.95109e-08
9.27636e-09
2.50958e-08
9.651e-09
2.033e-08
9.89658e-09
1.53019e-08
1.00076e-08
1.01071e-08
9.98209e-09
4.84619e-09
9.82186e-09
-3.79392e-10
9.53205e-09
-5.47023e-09
9.1206e-09
-1.03317e-08
8.59838e-09
-1.48773e-08
7.97881e-09
-1.90295e-08
7.27742e-09
-2.27231e-08
6.51123e-09
-2.59063e-08
5.69828e-09
-2.85425e-08
4.85697e-09
-3.06111e-08
4.00551e-09
-3.21072e-08
3.16123e-09
-3.30423e-08
2.34021e-09
-3.34416e-08
1.5564e-09
-3.33459e-08
8.21856e-10
-3.28032e-08
1.44961e-10
-3.18792e-08
-4.66127e-10
-3.06295e-08
-1.01123e-09
-2.9143e-08
-1.48753e-09
-2.74673e-08
-1.90179e-09
-2.57003e-08
-2.25459e-09
-2.38719e-08
-2.56434e-09
-2.20725e-08
-2.83035e-09
-2.03296e-08
-3.08581e-09
-1.86308e-08
-3.32827e-09
-1.71511e-08
-3.60106e-09
-1.54535e-08
-3.91357e-09
-1.42785e-08
-4.29801e-09
-1.2081e-08
-4.7691e-09
-1.06942e-08
-5.30039e-09
-6.59995e-09
-5.69346e-09
-3.2249e-09
-4.97323e-09
7.34814e-09
9.41389e-09
2.23473e-09
-1.44565e-08
2.37143e-10
-1.9698e-08
-5.81929e-10
-1.35609e-08
-1.05439e-09
-1.29308e-08
-1.31793e-09
-9.82969e-09
-1.46401e-09
-8.93347e-09
-1.57907e-09
-7.41207e-09
-1.65446e-09
-6.70131e-09
-1.72474e-09
-5.82258e-09
-1.77959e-09
-5.25299e-09
-1.83293e-09
-4.65788e-09
-1.88006e-09
-4.19013e-09
-1.92739e-09
-3.74269e-09
-1.97396e-09
-3.35852e-09
-2.02341e-09
-3.00541e-09
-2.07682e-09
-2.69063e-09
-2.13682e-09
-2.40113e-09
-2.20488e-09
-2.13014e-09
-2.28262e-09
-1.86566e-09
-2.37076e-09
-1.59484e-09
-2.46956e-09
-1.30395e-09
-2.5785e-09
-9.78577e-10
-2.69653e-09
-6.05304e-10
-2.82208e-09
-1.71655e-10
-2.95318e-09
3.32721e-10
-3.08764e-09
9.16449e-10
-3.22313e-09
1.58567e-09
-3.35728e-09
2.34462e-09
-3.48777e-09
3.19554e-09
-3.61244e-09
4.13913e-09
-3.72925e-09
5.17482e-09
-3.83634e-09
6.30142e-09
-3.932e-09
7.51714e-09
-4.01463e-09
8.82042e-09
-4.08262e-09
1.02099e-08
-4.13432e-09
1.16847e-08
-4.16786e-09
1.32447e-08
-4.1811e-09
1.48901e-08
-4.17148e-09
1.66212e-08
-4.136e-09
1.84377e-08
-4.0711e-09
2.03385e-08
-3.9727e-09
2.23204e-08
-3.83622e-09
2.43773e-08
-3.65662e-09
2.64996e-08
-3.42853e-09
2.86723e-08
-3.14651e-09
3.08749e-08
-2.80538e-09
3.30793e-08
-2.40058e-09
3.52496e-08
-1.92866e-09
3.7342e-08
-1.38773e-09
3.9305e-08
-7.7791e-10
4.10808e-08
-1.01585e-10
4.26076e-08
6.3471e-10
4.38225e-08
1.42431e-09
4.46629e-08
2.25648e-09
4.50687e-08
3.1181e-09
4.4987e-08
3.99386e-09
4.4375e-08
4.86671e-09
4.32019e-08
5.71848e-09
4.14515e-08
6.53052e-09
3.91238e-08
7.28439e-09
3.62351e-08
7.96255e-09
3.2819e-08
8.54906e-09
2.89244e-08
9.03006e-09
2.46148e-08
9.39423e-09
1.99659e-08
9.63313e-09
1.5063e-08
9.74144e-09
9.99875e-09
9.71729e-09
4.87035e-09
9.56233e-09
-2.24413e-10
9.28153e-09
-5.18941e-09
8.88252e-09
-9.93265e-09
8.37582e-09
-1.43705e-08
7.77437e-09
-1.84281e-08
7.09314e-09
-2.20419e-08
6.34857e-09
-2.51617e-08
5.55807e-09
-2.7752e-08
4.7394e-09
-2.97923e-08
3.91014e-09
-3.12779e-08
3.08705e-09
-3.22191e-08
2.28567e-09
-3.26401e-08
1.51947e-09
-3.25796e-08
8.00189e-10
-3.20838e-08
1.3591e-10
-3.12148e-08
-4.65387e-10
-3.00281e-08
-1.00347e-09
-2.86048e-08
-1.47553e-09
-2.69951e-08
-1.88804e-09
-2.52876e-08
-2.24145e-09
-2.35182e-08
-2.55322e-09
-2.17604e-08
-2.82294e-09
-2.00595e-08
-3.08128e-09
-1.83721e-08
-3.32694e-09
-1.69051e-08
-3.59795e-09
-1.51822e-08
-3.90422e-09
-1.39719e-08
-4.26731e-09
-1.17177e-08
-4.70035e-09
-1.02609e-08
-5.14524e-09
-6.15482e-09
-5.45384e-09
-2.91586e-09
-4.79445e-09
6.68908e-09
8.76562e-09
2.17116e-09
-1.31266e-08
3.02743e-10
-1.78299e-08
-4.97e-10
-1.27615e-08
-9.9951e-10
-1.24285e-08
-1.27613e-09
-9.55325e-09
-1.44005e-09
-8.76976e-09
-1.5633e-09
-7.28906e-09
-1.64661e-09
-6.6183e-09
-1.72114e-09
-5.74837e-09
-1.77983e-09
-5.19462e-09
-1.83565e-09
-4.60238e-09
-1.88507e-09
-4.141e-09
-1.93413e-09
-3.69388e-09
-1.98228e-09
-3.31061e-09
-2.033e-09
-2.95489e-09
-2.08741e-09
-2.6364e-09
-2.14804e-09
-2.34066e-09
-2.21629e-09
-2.06204e-09
-2.29371e-09
-1.78836e-09
-2.38098e-09
-1.50769e-09
-2.47833e-09
-1.20669e-09
-2.58529e-09
-8.7171e-10
-2.70085e-09
-4.89821e-10
-2.8235e-09
-4.90744e-11
-2.95138e-09
4.60534e-10
-3.08236e-09
1.04738e-09
-3.2142e-09
1.71746e-09
-3.3446e-09
2.47499e-09
-3.47133e-09
3.32223e-09
-3.59224e-09
4.26001e-09
-3.70535e-09
5.28791e-09
-3.80882e-09
6.40486e-09
-3.90092e-09
7.60923e-09
-3.98004e-09
8.89952e-09
-4.04457e-09
1.02744e-08
-4.09281e-09
1.17329e-08
-4.1229e-09
1.32748e-08
-4.13268e-09
1.48999e-08
-4.11963e-09
1.66081e-08
-4.08076e-09
1.83989e-08
-4.01262e-09
2.02704e-08
-3.91124e-09
2.2219e-08
-3.77217e-09
2.42383e-08
-3.59058e-09
2.6318e-08
-3.36134e-09
2.84431e-08
-3.0793e-09
3.05929e-08
-2.73956e-09
3.27395e-08
-2.3379e-09
3.48479e-08
-1.87112e-09
3.68752e-08
-1.33763e-09
3.87715e-08
-7.37724e-10
4.04809e-08
-7.38426e-11
4.19437e-08
6.47537e-10
4.31011e-08
1.4199e-09
4.38905e-08
2.23275e-09
4.42558e-08
3.07335e-09
4.41464e-08
3.92688e-09
4.35215e-08
4.77686e-09
4.23519e-08
5.60575e-09
4.06226e-08
6.39556e-09
3.8334e-08
7.1285e-09
3.55022e-08
7.78768e-09
3.21598e-08
8.3577e-09
2.83544e-08
8.82518e-09
2.41474e-08
9.17921e-09
1.96119e-08
9.41162e-09
1.48306e-08
9.51733e-09
9.89305e-09
9.4945e-09
4.89318e-09
9.34463e-09
-7.45258e-11
9.07256e-09
-4.91733e-09
8.68562e-09
-9.54569e-09
8.19397e-09
-1.38789e-08
7.6101e-09
-1.78442e-08
6.94845e-09
-2.13802e-08
6.22487e-09
-2.44381e-08
5.45619e-09
-2.69832e-08
4.65953e-09
-2.89956e-08
3.85189e-09
-3.04702e-08
3.04944e-09
-3.14166e-08
2.26722e-09
-3.18578e-08
1.51828e-09
-3.18305e-08
8.13975e-10
-3.13793e-08
1.62205e-10
-3.05629e-08
-4.29433e-10
-2.94363e-08
-9.60441e-10
-2.80736e-08
-1.42808e-09
-2.65272e-08
-1.83853e-09
-2.48769e-08
-2.19213e-09
-2.31644e-08
-2.50537e-09
-2.14469e-08
-2.77813e-09
-1.97865e-08
-3.03859e-09
-1.81113e-08
-3.28652e-09
-1.66568e-08
-3.55484e-09
-1.49136e-08
-3.85403e-09
-1.36725e-08
-4.19573e-09
-1.13758e-08
-4.59285e-09
-9.86357e-09
-4.96428e-09
-5.78319e-09
-5.20574e-09
-2.674e-09
-4.6216e-09
6.10524e-09
8.19337e-09
2.08818e-09
-1.18836e-08
3.54683e-10
-1.60966e-08
-4.18151e-10
-1.1989e-08
-9.38966e-10
-1.19079e-08
-1.22475e-09
-9.26763e-09
-1.40378e-09
-8.5909e-09
-1.53413e-09
-7.15894e-09
-1.62471e-09
-6.52799e-09
-1.70317e-09
-5.67021e-09
-1.76553e-09
-5.13257e-09
-1.82371e-09
-4.54449e-09
-1.87533e-09
-4.08966e-09
-1.92607e-09
-3.64338e-09
-1.97573e-09
-3.26116e-09
-2.02769e-09
-2.90314e-09
-2.08307e-09
-2.58119e-09
-2.1443e-09
-2.27959e-09
-2.21274e-09
-1.99375e-09
-2.28985e-09
-1.71138e-09
-2.37628e-09
-1.42138e-09
-2.47226e-09
-1.11081e-09
-2.57733e-09
-7.66733e-10
-2.69053e-09
-3.76697e-10
-2.81041e-09
7.0731e-11
-2.93519e-09
5.85254e-10
-3.06282e-09
1.17496e-09
-3.19115e-09
1.84574e-09
-3.31795e-09
2.60174e-09
-3.44104e-09
3.44527e-09
-3.55832e-09
4.37727e-09
-3.66785e-09
5.39741e-09
-3.76779e-09
6.50478e-09
-3.85644e-09
7.69785e-09
-3.93216e-09
8.97522e-09
-3.99332e-09
1.03355e-08
-4.03822e-09
1.17778e-08
-4.06497e-09
1.33015e-08
-4.07143e-09
1.49063e-08
-4.05509e-09
1.65918e-08
-4.01301e-09
1.83568e-08
-3.94181e-09
2.01992e-08
-3.83764e-09
2.21148e-08
-3.6962e-09
2.40968e-08
-3.51285e-09
2.61346e-08
-3.2827e-09
2.82129e-08
-3.00084e-09
3.0311e-08
-2.6627e-09
3.24014e-08
-2.2643e-09
3.44495e-08
-1.80278e-09
3.64137e-08
-1.27673e-09
3.82454e-08
-6.86642e-10
3.98908e-08
-3.48655e-11
4.1292e-08
6.71706e-10
4.23946e-08
1.42722e-09
4.3135e-08
2.22124e-09
4.34618e-08
3.04138e-09
4.33263e-08
3.8733e-09
4.26896e-08
4.70109e-09
4.15241e-08
5.5078e-09
3.98159e-08
6.27607e-09
3.75657e-08
6.98874e-09
3.47895e-08
7.62953e-09
3.1519e-08
8.18358e-09
2.78003e-08
8.63798e-09
2.3693e-08
8.98218e-09
1.92677e-08
9.20833e-09
1.46045e-08
9.31148e-09
9.78991e-09
9.28994e-09
4.91474e-09
9.14498e-09
7.04454e-11
8.88136e-09
-4.65369e-09
8.50611e-09
-9.17042e-09
8.02903e-09
-1.34018e-08
7.46219e-09
-1.72773e-08
6.8195e-09
-2.07374e-08
6.11628e-09
-2.37348e-08
5.36875e-09
-2.62356e-08
4.59346e-09
-2.82203e-08
3.80681e-09
-2.96835e-08
3.02445e-09
-3.06341e-08
2.2609e-09
-3.10942e-08
1.52878e-09
-3.10983e-08
8.39148e-10
-3.06896e-08
1.99678e-10
-2.99233e-08
-3.82395e-10
-2.88541e-08
-9.06319e-10
-2.75495e-08
-1.36941e-09
-2.60639e-08
-1.77754e-09
-2.44686e-08
-2.13098e-09
-2.28107e-08
-2.44521e-09
-2.11324e-08
-2.72042e-09
-1.9511e-08
-2.98235e-09
-1.78491e-08
-3.23175e-09
-1.64071e-08
-3.49668e-09
-1.46483e-08
-3.78825e-09
-1.33807e-08
-4.10897e-09
-1.10549e-08
-4.47257e-09
-9.49979e-09
-4.78088e-09
-5.47469e-09
-4.96669e-09
-2.48782e-09
-4.44434e-09
5.58317e-09
7.68165e-09
1.98886e-09
-1.07282e-08
3.88297e-10
-1.44963e-08
-3.52394e-10
-1.12486e-08
-8.8181e-10
-1.13786e-08
-1.17333e-09
-8.97624e-09
-1.36487e-09
-8.39952e-09
-1.50127e-09
-7.02274e-09
-1.59848e-09
-6.43103e-09
-1.68057e-09
-5.5884e-09
-1.7464e-09
-5.06704e-09
-1.80683e-09
-4.48435e-09
-1.86055e-09
-4.03621e-09
-1.91289e-09
-3.59128e-09
-1.96402e-09
-3.21026e-09
-2.01713e-09
-2.85022e-09
-2.07342e-09
-2.52508e-09
-2.13522e-09
-2.21795e-09
-2.2038e-09
-1.92531e-09
-2.28059e-09
-1.63471e-09
-2.3662e-09
-1.3359e-09
-2.46084e-09
-1.01627e-09
-2.56407e-09
-6.63591e-10
-2.67499e-09
-2.65859e-10
-2.79219e-09
1.87857e-10
-2.91397e-09
7.06976e-10
-3.03837e-09
1.29931e-09
-3.16329e-09
1.97061e-09
-3.28659e-09
2.725e-09
-3.40613e-09
3.56478e-09
-3.51988e-09
4.49099e-09
-3.62592e-09
5.50342e-09
-3.72242e-09
6.60126e-09
-3.80769e-09
7.7831e-09
-3.88008e-09
9.04759e-09
-3.93796e-09
1.03934e-08
-3.9796e-09
1.18194e-08
-4.00312e-09
1.3325e-08
-4.00636e-09
1.49096e-08
-3.98685e-09
1.65722e-08
-3.94171e-09
1.83116e-08
-3.86762e-09
2.01251e-08
-3.76084e-09
2.2008e-08
-3.61723e-09
2.39532e-08
-3.43231e-09
2.59497e-08
-3.20144e-09
2.7982e-08
-2.91997e-09
3.00295e-08
-2.58357e-09
3.2065e-08
-2.18858e-09
3.40545e-08
-1.73237e-09
3.59575e-08
-1.21378e-09
3.77268e-08
-6.33421e-10
3.93105e-08
5.97431e-12
4.06526e-08
6.98547e-10
4.1702e-08
1.43761e-09
4.2396e-08
2.21328e-09
4.26861e-08
3.01353e-09
4.2526e-08
3.82447e-09
4.18786e-08
4.63073e-09
4.07179e-08
5.41593e-09
3.90307e-08
6.16333e-09
3.68183e-08
6.85638e-09
3.40965e-08
7.47937e-09
3.0896e-08
8.01796e-09
2.72618e-08
8.4597e-09
2.32512e-08
8.79439e-09
1.8933e-08
9.01445e-09
1.43844e-08
9.11515e-09
9.68923e-09
9.09478e-09
4.93512e-09
8.95463e-09
2.1061e-10
8.69915e-09
-4.39819e-09
8.3352e-09
-8.80645e-09
7.87223e-09
-1.29388e-08
7.32187e-09
-1.67269e-08
6.69755e-09
-2.01131e-08
6.01405e-09
-2.30513e-08
5.28702e-09
-2.55086e-08
4.53246e-09
-2.74657e-08
3.76619e-09
-2.89172e-08
3.00335e-09
-2.98712e-08
2.25797e-09
-3.03487e-08
1.54227e-09
-3.03825e-08
8.6697e-10
-3.00142e-08
2.39565e-10
-2.92958e-08
-3.33034e-10
-2.82813e-08
-8.49877e-10
-2.70325e-08
-1.30831e-09
-2.56053e-08
-1.71389e-09
-2.40628e-08
-2.06684e-09
-2.24575e-08
-2.38165e-09
-2.08173e-08
-2.65878e-09
-1.92335e-08
-2.92161e-09
-1.75859e-08
-3.1718e-09
-1.61566e-08
-3.43279e-09
-1.43871e-08
-3.71635e-09
-1.30969e-08
-4.01682e-09
-1.07542e-08
-4.34933e-09
-9.16713e-09
-4.60312e-09
-5.22075e-09
-4.74067e-09
-2.34993e-09
-4.25014e-09
5.09289e-09
7.20086e-09
1.87716e-09
-9.65823e-09
4.04018e-10
-1.30234e-08
-3.00935e-10
-1.05439e-08
-8.30913e-10
-1.08488e-08
-1.12518e-09
-8.68209e-09
-1.32676e-09
-8.19805e-09
-1.46821e-09
-6.88146e-09
-1.57141e-09
-6.32806e-09
-1.6568e-09
-5.50327e-09
-1.72589e-09
-4.99822e-09
-1.78845e-09
-4.42207e-09
-1.84417e-09
-3.98075e-09
-1.89804e-09
-3.53765e-09
-1.95053e-09
-3.15798e-09
-2.00474e-09
-2.79621e-09
-2.06187e-09
-2.46812e-09
-2.12417e-09
-2.15581e-09
-2.19287e-09
-1.85675e-09
-2.26931e-09
-1.55839e-09
-2.35409e-09
-1.25123e-09
-2.44742e-09
-9.2304e-10
-2.54886e-09
-5.6224e-10
-2.65755e-09
-1.57249e-10
-2.77215e-09
3.02379e-10
-2.89102e-09
8.25784e-10
-3.01227e-09
1.4205e-09
-3.13387e-09
2.09217e-09
-3.25376e-09
2.84484e-09
-3.36985e-09
3.68084e-09
-3.48015e-09
4.60126e-09
-3.58277e-09
5.606e-09
-3.6759e-09
6.69437e-09
-3.75786e-09
7.86504e-09
-3.827e-09
9.11671e-09
-3.88167e-09
1.0448e-08
-3.92013e-09
1.18579e-08
-3.9405e-09
1.33454e-08
-3.94064e-09
1.49097e-08
-3.91808e-09
1.65497e-08
-3.87e-09
1.82635e-08
-3.79317e-09
2.00482e-08
-3.68395e-09
2.18988e-08
-3.53835e-09
2.38076e-08
-3.35206e-09
2.57634e-08
-3.12066e-09
2.77506e-08
-2.83973e-09
2.97486e-08
-2.50523e-09
3.17305e-08
-2.11374e-09
3.3663e-08
-1.66288e-09
3.55066e-08
-1.1517e-09
3.72156e-08
-5.80958e-10
3.87397e-08
4.62805e-11
4.00253e-08
7.25083e-10
4.10232e-08
1.44809e-09
4.1673e-08
2.20587e-09
4.19283e-08
2.98678e-09
4.17451e-08
3.77736e-09
4.1088e-08
4.56273e-09
3.99325e-08
5.32709e-09
3.82664e-08
6.05427e-09
3.60911e-08
6.72832e-09
3.34224e-08
7.33408e-09
3.02903e-08
7.8577e-09
2.67381e-08
8.28717e-09
2.28218e-08
8.61266e-09
1.86075e-08
8.82684e-09
1.41702e-08
8.92514e-09
9.59094e-09
8.90591e-09
4.95436e-09
8.77037e-09
3.46171e-10
8.52278e-09
-4.15058e-09
8.16976e-09
-8.45341e-09
7.72043e-09
-1.24894e-08
7.18602e-09
-1.61925e-08
6.57948e-09
-1.95065e-08
5.91508e-09
-2.23868e-08
5.20793e-09
-2.48014e-08
4.47347e-09
-2.67311e-08
3.72699e-09
-2.81706e-08
2.9831e-09
-2.91273e-08
2.25541e-09
-2.96209e-08
1.55571e-09
-2.96827e-08
8.94428e-10
-2.93528e-08
2.78854e-10
-2.86801e-08
-2.84371e-10
-2.77179e-08
-7.9414e-10
-2.65226e-08
-1.24782e-09
-2.51514e-08
-1.65065e-09
-2.36597e-08
-2.00281e-09
-2.21051e-08
-2.31779e-09
-2.05021e-08
-2.59636e-09
-1.89547e-08
-2.85958e-09
-1.73224e-08
-3.10995e-09
-1.5906e-08
-3.3666e-09
-1.41302e-08
-3.64189e-09
-1.28214e-08
-3.92306e-09
-1.04729e-08
-4.22689e-09
-8.86317e-09
-4.43333e-09
-5.01419e-09
-4.52794e-09
-2.25501e-09
-4.03981e-09
4.60499e-09
6.72272e-09
1.75682e-09
-8.66955e-09
4.03787e-10
-1.16705e-08
-2.63012e-10
-9.8773e-09
-7.86902e-10
-1.0325e-08
-1.08129e-09
-8.38778e-09
-1.29061e-09
-7.98883e-09
-1.43615e-09
-6.73607e-09
-1.54467e-09
-6.21975e-09
-1.63305e-09
-5.41514e-09
-1.70519e-09
-4.92635e-09
-1.76973e-09
-4.35779e-09
-1.82735e-09
-3.92339e-09
-1.88266e-09
-3.48257e-09
-1.93645e-09
-3.1044e-09
-1.99167e-09
-2.74118e-09
-2.04959e-09
-2.41038e-09
-2.11233e-09
-2.09323e-09
-2.18109e-09
-1.78813e-09
-2.25717e-09
-1.48244e-09
-2.34112e-09
-1.1674e-09
-2.43315e-09
-8.31111e-10
-2.53284e-09
-4.62642e-10
-2.63935e-09
-5.08124e-11
-2.75141e-09
4.14364e-10
-2.86744e-09
9.41755e-10
-2.98563e-09
1.53863e-09
-3.10401e-09
2.2105e-09
-3.22056e-09
2.96135e-09
-3.33328e-09
3.79352e-09
-3.44021e-09
4.70815e-09
-3.53948e-09
5.70525e-09
-3.62932e-09
6.78418e-09
-3.70804e-09
7.94374e-09
-3.774e-09
9.18264e-09
-3.82552e-09
1.04995e-08
-3.86089e-09
1.18932e-08
-3.8782e-09
1.33627e-08
-3.87532e-09
1.49068e-08
-3.84983e-09
1.65242e-08
-3.79895e-09
1.82127e-08
-3.71953e-09
1.99688e-08
-3.60803e-09
2.17873e-08
-3.46059e-09
2.36601e-08
-3.27311e-09
2.55759e-08
-3.04134e-09
2.75189e-08
-2.76113e-09
2.94684e-08
-2.42866e-09
3.1398e-08
-2.04077e-09
3.32752e-08
-1.5953e-09
3.50611e-08
-1.09148e-09
3.67118e-08
-5.30301e-10
3.81785e-08
8.52305e-11
3.94098e-08
7.50364e-10
4.03581e-08
1.45769e-09
4.09656e-08
2.19805e-09
4.1188e-08
2.96015e-09
4.0983e-08
3.73094e-09
4.03173e-08
4.49605e-09
3.91674e-08
5.24021e-09
3.75222e-08
5.94781e-09
3.53835e-08
6.60346e-09
3.27668e-08
7.19253e-09
2.97012e-08
7.70166e-09
2.6229e-08
8.11927e-09
2.24042e-08
8.43584e-09
1.82909e-08
8.64432e-09
1.39618e-08
8.74028e-09
9.495e-09
8.72213e-09
4.97252e-09
8.59108e-09
4.77245e-10
8.35108e-09
-3.91056e-09
8.00863e-09
-8.11094e-09
7.57251e-09
-1.20533e-08
7.05353e-09
-1.56735e-08
6.46421e-09
-1.89172e-08
5.81832e-09
-2.17409e-08
5.13043e-09
-2.41134e-08
4.41546e-09
-2.60161e-08
3.68819e-09
-2.74433e-08
2.96273e-09
-2.84017e-08
2.25224e-09
-2.89103e-08
1.56815e-09
-2.89985e-08
9.20559e-10
-2.87051e-08
3.16589e-10
-2.8076e-08
-2.37368e-10
-2.71638e-08
-7.40072e-10
-2.60197e-08
-1.18892e-09
-2.47024e-08
-1.5888e-09
-2.32596e-08
-1.9399e-09
-2.17538e-08
-2.25469e-09
-2.0187e-08
-2.53424e-09
-1.86749e-08
-2.79739e-09
-1.7059e-08
-3.04742e-09
-1.56557e-08
-3.2994e-09
-1.3878e-08
-3.56634e-09
-1.25543e-08
-3.82926e-09
-1.02099e-08
-4.10678e-09
-8.58554e-09
-4.27224e-09
-4.84863e-09
-4.32919e-09
-2.19779e-09
-3.82589e-09
4.1019e-09
6.2302e-09
1.63113e-09
-7.75712e-09
3.89829e-10
-1.04294e-08
-2.37292e-10
-9.25036e-09
-7.49607e-10
-9.81272e-09
-1.04187e-09
-8.09557e-09
-1.25677e-09
-7.77401e-09
-1.40551e-09
-6.58745e-09
-1.5187e-09
-6.10675e-09
-1.60974e-09
-5.32432e-09
-1.68469e-09
-4.85165e-09
-1.75109e-09
-4.29165e-09
-1.81049e-09
-3.86423e-09
-1.86715e-09
-3.42614e-09
-1.92216e-09
-3.04959e-09
-1.97833e-09
-2.6852e-09
-2.03695e-09
-2.35193e-09
-2.10007e-09
-2.03026e-09
-2.16886e-09
-1.71949e-09
-2.24454e-09
-1.40688e-09
-2.32766e-09
-1.08439e-09
-2.41841e-09
-7.40466e-10
-2.51638e-09
-3.64761e-10
-2.62077e-09
5.34956e-11
-2.73035e-09
5.23878e-10
-2.84362e-09
1.05496e-09
-2.95882e-09
1.65377e-09
-3.07405e-09
2.32569e-09
-3.18736e-09
3.07461e-09
-3.29678e-09
3.9029e-09
-3.40041e-09
4.81175e-09
-3.49642e-09
5.80122e-09
-3.58303e-09
6.87077e-09
-3.65858e-09
8.01926e-09
-3.72141e-09
9.24545e-09
-3.76987e-09
1.0548e-08
-3.80221e-09
1.19256e-08
-3.81655e-09
1.3377e-08
-3.81076e-09
1.4901e-08
-3.78245e-09
1.64958e-08
-3.72889e-09
1.81591e-08
-3.64701e-09
1.98869e-08
-3.53338e-09
2.16737e-08
-3.38429e-09
2.3511e-08
-3.19577e-09
2.53874e-08
-2.96381e-09
2.72869e-08
-2.68445e-09
2.9189e-08
-2.35414e-09
3.10677e-08
-1.96991e-09
3.28909e-08
-1.52988e-09
3.46211e-08
-1.03341e-09
3.62153e-08
-4.81587e-10
3.76267e-08
1.22432e-10
3.88058e-08
7.74131e-10
3.97064e-08
1.46614e-09
4.02736e-08
2.18953e-09
4.04646e-08
2.93333e-09
4.02392e-08
3.68491e-09
3.95657e-08
4.43036e-09
3.8422e-08
5.15493e-09
3.67976e-08
5.84356e-09
3.46949e-08
6.48139e-09
3.2129e-08
7.0543e-09
2.91283e-08
7.54941e-09
2.57339e-08
7.95552e-09
2.19981e-08
8.26346e-09
1.7983e-08
8.46642e-09
1.37588e-08
8.56012e-09
9.40131e-09
8.54302e-09
4.98964e-09
8.41625e-09
6.0403e-10
8.18362e-09
-3.67791e-09
7.85139e-09
-7.77869e-09
7.42804e-09
-1.16299e-08
6.924e-09
-1.51694e-08
6.35136e-09
-1.83445e-08
5.72339e-09
-2.11129e-08
5.05417e-09
-2.34442e-08
4.35811e-09
-2.532e-08
3.64948e-09
-2.67346e-08
2.94193e-09
-2.76941e-08
2.24818e-09
-2.82165e-08
1.57931e-09
-2.83296e-08
9.45106e-10
-2.80707e-08
3.52518e-10
-2.74833e-08
-1.92284e-10
-2.66189e-08
-6.87933e-10
-2.55239e-08
-1.13187e-09
-2.42583e-08
-1.52862e-09
-2.28627e-08
-1.8784e-09
-2.14038e-08
-2.19266e-09
-1.98725e-08
-2.47279e-09
-1.83945e-08
-2.73545e-09
-1.6796e-08
-2.98467e-09
-1.54062e-08
-3.23177e-09
-1.36306e-08
-3.49036e-09
-1.22956e-08
-3.73617e-09
-9.96399e-09
-3.9897e-09
-8.33194e-09
-4.12006e-09
-4.71818e-09
-4.14515e-09
-2.17248e-09
-3.62159e-09
3.57852e-09
5.71776e-09
1.50272e-09
-6.91522e-09
3.64228e-10
-9.29101e-09
-2.2237e-10
-8.66391e-09
-7.18584e-10
-9.31655e-09
-1.0068e-09
-7.80738e-09
-1.22533e-09
-7.55553e-09
-1.37642e-09
-6.43645e-09
-1.49363e-09
-5.98971e-09
-1.58701e-09
-5.23114e-09
-1.66454e-09
-4.77435e-09
-1.73265e-09
-4.22378e-09
-1.79371e-09
-3.80339e-09
-1.85163e-09
-3.36843e-09
-1.90778e-09
-2.99364e-09
-1.96482e-09
-2.62835e-09
-2.02409e-09
-2.29283e-09
-2.08754e-09
-1.96696e-09
-2.15631e-09
-1.65087e-09
-2.23157e-09
-1.33174e-09
-2.31385e-09
-1.00223e-09
-2.40333e-09
-6.5109e-10
-2.49961e-09
-2.68567e-10
-2.60193e-09
1.55728e-10
-2.7091e-09
6.3098e-10
-2.81968e-09
1.16547e-09
-2.93196e-09
1.76599e-09
-3.04412e-09
2.4378e-09
-3.15426e-09
3.1847e-09
-3.26047e-09
4.00907e-09
-3.36088e-09
4.91212e-09
-3.45368e-09
5.89399e-09
-3.53714e-09
6.9542e-09
-3.60958e-09
8.09168e-09
-3.66936e-09
9.30521e-09
-3.71482e-09
1.05934e-08
-3.74421e-09
1.19549e-08
-3.75566e-09
1.33884e-08
-3.74705e-09
1.48924e-08
-3.71603e-09
1.64648e-08
-3.65992e-09
1.8103e-08
-3.57572e-09
1.98027e-08
-3.46011e-09
2.15581e-08
-3.30951e-09
2.33604e-08
-3.12012e-09
2.5198e-08
-2.88812e-09
2.70549e-08
-2.60976e-09
2.89107e-08
-2.2817e-09
3.07396e-08
-1.90123e-09
3.25105e-08
-1.46663e-09
3.41865e-08
-9.7746e-10
3.57262e-08
-4.34926e-10
3.70842e-08
1.5783e-10
3.8213e-08
7.96353e-10
3.90678e-08
1.4734e-09
3.95966e-08
2.18025e-09
3.97577e-08
2.90625e-09
3.95132e-08
3.63917e-09
3.88328e-08
4.36554e-09
3.76956e-08
5.07113e-09
3.60921e-08
5.74138e-09
3.40246e-08
6.36194e-09
3.15084e-08
6.91921e-09
2.85711e-08
7.40074e-09
2.52524e-08
7.79572e-09
2.16031e-08
8.0953e-09
1.76834e-08
8.29291e-09
1.35612e-08
8.38441e-09
9.30982e-09
8.3683e-09
5.00577e-09
8.24567e-09
7.26679e-10
8.02016e-09
-3.45239e-09
7.69782e-09
-7.45633e-09
7.28683e-09
-1.12189e-08
6.79726e-09
-1.46798e-08
6.24076e-09
-1.77879e-08
5.63015e-09
-2.05022e-08
4.97904e-09
-2.2793e-08
4.30131e-09
-2.46422e-08
3.61078e-09
-2.6044e-08
2.92064e-09
-2.70039e-08
2.24318e-09
-2.7539e-08
1.58916e-09
-2.76754e-08
9.68041e-10
-2.74495e-08
3.86621e-10
-2.69017e-08
-1.49146e-10
-2.6083e-08
-6.37748e-10
-2.50351e-08
-1.07671e-09
-2.38191e-08
-1.47017e-09
-2.2469e-08
-1.81837e-09
-2.10553e-08
-2.1318e-09
-1.95588e-08
-2.41211e-09
-1.81139e-08
-2.67393e-09
-1.6534e-08
-2.92194e-09
-1.5158e-08
-3.16402e-09
-1.33884e-08
-3.41435e-09
-1.20451e-08
-3.64424e-09
-9.73404e-09
-3.87602e-09
-8.10011e-09
-3.97689e-09
-4.61726e-09
-3.97674e-09
-2.17243e-09
-3.44684e-09
3.04878e-09
5.19787e-09
1.37323e-09
-6.13814e-09
3.28766e-10
-8.24666e-09
-2.16938e-10
-8.11833e-09
-6.93296e-10
-8.84021e-09
-9.75863e-10
-7.52482e-09
-1.19624e-09
-7.33518e-09
-1.34891e-09
-6.28385e-09
-1.46951e-09
-5.86925e-09
-1.56492e-09
-5.13591e-09
-1.64479e-09
-4.6947e-09
-1.71446e-09
-4.15434e-09
-1.77707e-09
-3.74101e-09
-1.83617e-09
-3.30954e-09
-1.89337e-09
-2.93663e-09
-1.95121e-09
-2.5707e-09
-2.01105e-09
-2.23314e-09
-2.07478e-09
-1.90338e-09
-2.14349e-09
-1.5823e-09
-2.21831e-09
-1.25704e-09
-2.29974e-09
-9.20908e-10
-2.38796e-09
-5.6297e-10
-2.48259e-09
-1.74028e-10
-2.58288e-09
2.55932e-10
-2.6877e-09
7.35727e-10
-2.79565e-09
1.27336e-09
-2.90509e-09
1.87537e-09
-3.01426e-09
2.54691e-09
-3.12131e-09
3.29171e-09
-3.22437e-09
4.1121e-09
-3.32163e-09
5.00934e-09
-3.4113e-09
5.98363e-09
-3.49167e-09
7.03454e-09
-3.56107e-09
8.16106e-09
-3.61786e-09
9.36198e-09
-3.6604e-09
1.06359e-08
-3.68692e-09
1.19814e-08
-3.69556e-09
1.33971e-08
-3.68423e-09
1.4881e-08
-3.6506e-09
1.64312e-08
-3.59206e-09
1.80444e-08
-3.50567e-09
1.97163e-08
-3.38822e-09
2.14406e-08
-3.23626e-09
2.32084e-08
-3.04616e-09
2.50079e-08
-2.81425e-09
2.6823e-08
-2.53703e-09
2.86334e-08
-2.21134e-09
3.04139e-08
-1.83469e-09
3.21338e-08
-1.40556e-09
3.37574e-08
-9.23626e-10
3.52442e-08
-3.90242e-10
3.65508e-08
1.91457e-10
3.76313e-08
8.17067e-10
3.84422e-08
1.4795e-09
3.89341e-08
2.17023e-09
3.9067e-08
2.87892e-09
3.88045e-08
3.59371e-09
3.8118e-08
4.30157e-09
3.69877e-08
4.98875e-09
3.54049e-08
5.64118e-09
3.33722e-08
6.24502e-09
3.09046e-08
6.78713e-09
2.8029e-08
7.25551e-09
2.4784e-08
7.63972e-09
2.12189e-08
7.93121e-09
1.73919e-08
8.12363e-09
1.33688e-08
8.213e-09
9.22046e-09
8.19783e-09
5.02096e-09
8.0792e-09
8.45332e-10
7.86057e-09
-3.23374e-09
7.5478e-09
-7.14353e-09
7.14877e-09
-1.08198e-08
6.6732e-09
-1.42042e-08
6.13233e-09
-1.7247e-08
5.53855e-09
-1.99084e-08
4.90499e-09
-2.21594e-08
4.24506e-09
-2.39822e-08
3.5721e-09
-2.5371e-08
2.89887e-09
-2.63306e-08
2.23728e-09
-2.68773e-08
1.59774e-09
-2.70358e-08
9.8941e-10
-2.68411e-08
4.18948e-10
-2.63311e-08
-1.07908e-10
-2.5556e-08
-5.89472e-10
-2.45534e-08
-1.02339e-09
-2.33851e-08
-1.41341e-09
-2.20788e-08
-1.75982e-09
-2.07087e-08
-2.07212e-09
-1.92463e-08
-2.35226e-09
-1.78335e-08
-2.61291e-09
-1.62731e-08
-2.85938e-09
-1.49113e-08
-3.09636e-09
-1.31512e-08
-3.33861e-09
-1.18028e-08
-3.55377e-09
-9.51883e-09
-3.76594e-09
-7.88791e-09
-3.84253e-09
-4.54064e-09
-3.8236e-09
-2.19119e-09
-3.30857e-09
2.53389e-09
4.69008e-09
1.24176e-09
-5.42222e-09
2.84831e-10
-7.28982e-09
-2.19831e-10
-7.61375e-09
-6.73178e-10
-8.38686e-09
-9.48768e-10
-7.24921e-09
-1.16943e-09
-7.11451e-09
-1.32297e-09
-6.13036e-09
-1.44635e-09
-5.74598e-09
-1.5435e-09
-5.03893e-09
-1.62546e-09
-4.61293e-09
-1.69655e-09
-4.08347e-09
-1.76058e-09
-3.67718e-09
-1.82076e-09
-3.24956e-09
-1.87894e-09
-2.87864e-09
-1.9375e-09
-2.51231e-09
-1.99787e-09
-2.17294e-09
-2.06182e-09
-1.83958e-09
-2.13042e-09
-1.51383e-09
-2.20478e-09
-1.18281e-09
-2.28536e-09
-8.40434e-10
-2.37234e-09
-4.76093e-10
-2.46535e-09
-8.11167e-11
-2.56365e-09
3.54152e-10
-2.66617e-09
8.38175e-10
-2.77156e-09
1.37868e-09
-2.87823e-09
1.98199e-09
-2.98448e-09
2.65311e-09
-3.08851e-09
3.39569e-09
-3.18851e-09
4.21206e-09
-3.28268e-09
5.10348e-09
-3.36929e-09
6.0702e-09
-3.44663e-09
7.11185e-09
-3.51306e-09
8.22746e-09
-3.56694e-09
9.41584e-09
-3.60661e-09
1.06756e-08
-3.63034e-09
1.20052e-08
-3.63626e-09
1.3403e-08
-3.6223e-09
1.48671e-08
-3.58617e-09
1.6395e-08
-3.52531e-09
1.79835e-08
-3.43686e-09
1.96278e-08
-3.31771e-09
2.13215e-08
-3.16454e-09
2.30553e-08
-2.97386e-09
2.48172e-08
-2.7422e-09
2.65913e-08
-2.46622e-09
2.83574e-08
-2.14299e-09
3.00907e-08
-1.77023e-09
3.1761e-08
-1.34655e-09
3.33337e-08
-8.71828e-10
3.47695e-08
-3.4751e-10
3.60265e-08
2.23371e-10
3.70604e-08
8.36332e-10
3.78293e-08
1.48449e-09
3.8286e-08
2.15952e-09
3.8392e-08
2.85136e-09
3.81127e-08
3.54854e-09
3.74208e-08
4.23844e-09
3.62978e-08
4.90775e-09
3.47356e-08
5.54292e-09
3.2737e-08
6.13056e-09
3.03169e-08
6.65799e-09
2.75015e-08
7.11364e-09
2.43284e-08
7.4874e-09
2.08451e-08
7.77106e-09
1.71083e-08
7.95846e-09
1.31814e-08
8.04574e-09
9.1332e-09
8.0315e-09
5.03521e-09
7.91671e-09
9.60143e-10
7.70474e-09
-3.02175e-09
7.40122e-09
-6.83999e-09
7.01376e-09
-1.04323e-08
6.55174e-09
-1.37421e-08
6.02603e-09
-1.67213e-08
5.44855e-09
-1.93309e-08
4.832e-09
-2.15428e-08
4.18933e-09
-2.33395e-08
3.53344e-09
-2.4715e-08
2.87666e-09
-2.56737e-08
2.23052e-09
-2.6231e-08
1.60509e-09
-2.64103e-08
1.00928e-09
-2.62451e-08
4.4957e-10
-2.57713e-08
-6.85126e-11
-2.50378e-08
-5.4304e-10
-2.40787e-08
-9.71855e-10
-2.29561e-08
-1.3583e-09
-2.16922e-08
-1.7027e-09
-2.03641e-08
-2.01362e-09
-1.89352e-08
-2.29326e-09
-1.75537e-08
-2.55247e-09
-1.60137e-08
-2.79708e-09
-1.46665e-08
-3.02896e-09
-1.29192e-08
-3.26335e-09
-1.15683e-08
-3.46499e-09
-9.31718e-09
-3.65957e-09
-7.69332e-09
-3.71654e-09
-4.48366e-09
-3.68423e-09
-2.22337e-09
-3.20009e-09
2.04987e-09
4.20928e-09
1.09965e-09
-4.77272e-09
2.33286e-10
-6.42352e-09
-2.30026e-10
-7.1505e-09
-6.57654e-10
-7.95921e-09
-9.25211e-10
-6.98161e-09
-1.1448e-09
-6.89489e-09
-1.29858e-09
-5.97662e-09
-1.42417e-09
-5.62048e-09
-1.52275e-09
-4.9405e-09
-1.60657e-09
-4.5293e-09
-1.67892e-09
-4.01131e-09
-1.74425e-09
-3.61205e-09
-1.80543e-09
-3.18857e-09
-1.8645e-09
-2.81975e-09
-1.92372e-09
-2.45325e-09
-1.98454e-09
-2.11227e-09
-2.04867e-09
-1.7756e-09
-2.11714e-09
-1.4455e-09
-2.191e-09
-1.10907e-09
-2.27073e-09
-7.60812e-10
-2.35648e-09
-3.90445e-10
-2.44789e-09
1.0195e-11
-2.54425e-09
4.50432e-10
-2.64453e-09
9.38378e-10
-2.74741e-09
1.4815e-09
-2.85138e-09
2.0859e-09
-2.95478e-09
2.75646e-09
-3.05586e-09
3.49672e-09
-3.15287e-09
4.30903e-09
-3.24404e-09
5.19461e-09
-3.32765e-09
6.15378e-09
-3.40204e-09
7.1862e-09
-3.46556e-09
8.29095e-09
-3.51658e-09
9.46684e-09
-3.55347e-09
1.07124e-08
-3.57448e-09
1.20261e-08
-3.57775e-09
1.34062e-08
-3.56126e-09
1.48506e-08
-3.52273e-09
1.63565e-08
-3.45966e-09
1.79204e-08
-3.36928e-09
1.95374e-08
-3.24856e-09
2.12007e-08
-3.09431e-09
2.2901e-08
-2.90319e-09
2.46261e-08
-2.6719e-09
2.636e-08
-2.39729e-09
2.80828e-08
-2.07662e-09
2.977e-08
-1.70777e-09
3.13922e-08
-1.28957e-09
3.29155e-08
-8.22021e-10
3.4302e-08
-3.06554e-10
3.5511e-08
2.53636e-10
3.65002e-08
8.54208e-10
3.72287e-08
1.48842e-09
3.76518e-08
2.14814e-09
3.77323e-08
2.8236e-09
3.74372e-08
3.50366e-09
3.67408e-08
4.17612e-09
3.56254e-08
4.82812e-09
3.40836e-08
5.44654e-09
3.21186e-08
6.01849e-09
2.9745e-08
6.53171e-09
2.69883e-08
6.97501e-09
2.38851e-08
7.33867e-09
2.04815e-08
7.61473e-09
1.68322e-08
7.79726e-09
1.29989e-08
7.88253e-09
9.04794e-09
7.86915e-09
5.04861e-09
7.75808e-09
1.07123e-09
7.55255e-09
-2.81619e-09
7.25798e-09
-6.54539e-09
6.88172e-09
-1.0056e-08
6.43283e-09
-1.32932e-08
5.92179e-09
-1.62102e-08
5.36012e-09
-1.87692e-08
4.76006e-09
-2.09427e-08
4.13415e-09
-2.27135e-08
3.49483e-09
-2.40756e-08
2.85405e-09
-2.50328e-08
2.22293e-09
-2.55998e-08
1.61129e-09
-2.57985e-08
1.02771e-09
-2.56614e-08
4.7856e-10
-2.5222e-08
-3.09056e-11
-2.45281e-08
-4.9838e-10
-2.36111e-08
-9.22048e-10
-2.25322e-08
-1.30479e-09
-2.13093e-08
-1.64698e-09
-2.00217e-08
-1.95628e-09
-1.86257e-08
-2.23514e-09
-1.72746e-08
-2.49264e-09
-1.5756e-08
-2.73517e-09
-1.44238e-08
-2.96198e-09
-1.26923e-08
-3.18878e-09
-1.13415e-08
-3.37805e-09
-9.12792e-09
-3.55692e-09
-7.51447e-09
-3.59831e-09
-4.44228e-09
-3.55681e-09
-2.26476e-09
-3.11141e-09
1.60455e-09
3.76284e-09
9.1684e-10
-4.22379e-09
1.74311e-10
-5.68104e-09
-2.46567e-10
-6.72964e-09
-6.46144e-10
-7.55958e-09
-9.04865e-10
-6.72282e-09
-1.12224e-09
-6.67747e-09
-1.27567e-09
-5.82319e-09
-1.40296e-09
-5.49326e-09
-1.50269e-09
-4.84089e-09
-1.58812e-09
-4.44404e-09
-1.66159e-09
-3.93801e-09
-1.7281e-09
-3.54573e-09
-1.79018e-09
-3.12668e-09
-1.85006e-09
-2.76004e-09
-1.90987e-09
-2.3936e-09
-1.9711e-09
-2.05121e-09
-2.03535e-09
-1.71149e-09
-2.10364e-09
-1.37734e-09
-2.17699e-09
-1.03585e-09
-2.25586e-09
-6.82047e-10
-2.3404e-09
-3.06012e-10
-2.43023e-09
9.99293e-11
-2.52469e-09
5.44816e-10
-2.62278e-09
1.03639e-09
-2.72322e-09
1.58188e-09
-2.82456e-09
2.18717e-09
-2.92518e-09
2.85702e-09
-3.02339e-09
3.59489e-09
-3.11747e-09
4.40306e-09
-3.20569e-09
5.2828e-09
-3.28638e-09
6.23444e-09
-3.35788e-09
7.25767e-09
-3.41855e-09
8.3516e-09
-3.4668e-09
9.51505e-09
-3.50096e-09
1.07466e-08
-3.51932e-09
1.20445e-08
-3.52004e-09
1.34069e-08
-3.5011e-09
1.48316e-08
-3.46028e-09
1.63157e-08
-3.39511e-09
1.78553e-08
-3.30291e-09
1.94452e-08
-3.18076e-09
2.10786e-08
-3.02556e-09
2.27458e-08
-2.83413e-09
2.44346e-08
-2.60333e-09
2.61292e-08
-2.33019e-09
2.78097e-08
-2.01216e-09
2.9452e-08
-1.6473e-09
3.10273e-08
-1.23456e-09
3.25027e-08
-7.7409e-10
3.38415e-08
-2.67395e-10
3.50043e-08
2.82316e-10
3.59505e-08
8.70757e-10
3.66402e-08
1.49135e-09
3.70312e-08
2.13615e-09
3.70875e-08
2.79566e-09
3.67777e-08
3.45909e-09
3.60773e-08
4.11462e-09
3.49698e-08
4.74982e-09
3.34484e-08
5.35202e-09
3.15164e-08
5.90875e-09
2.91882e-08
6.4082e-09
2.64889e-08
6.83955e-09
2.34537e-08
7.19342e-09
2.01276e-08
7.46212e-09
1.65636e-08
7.63993e-09
1.28211e-08
7.72323e-09
8.96465e-09
7.71071e-09
5.06115e-09
7.60321e-09
1.17875e-09
7.4039e-09
-2.61686e-09
7.11799e-09
-6.25945e-09
6.75258e-09
-9.69058e-09
6.3164e-09
-1.2857e-08
5.81957e-09
-1.57133e-08
5.27322e-09
-1.82228e-08
4.68916e-09
-2.03586e-08
4.07951e-09
-2.21038e-08
3.45629e-09
-2.34523e-08
2.83106e-09
-2.44075e-08
2.21459e-09
-2.49833e-08
1.61638e-09
-2.52002e-08
1.04478e-09
-2.50897e-08
5.05991e-10
-2.46831e-08
4.84324e-12
-2.40269e-08
-4.55422e-10
-2.31507e-08
-8.73906e-10
-2.21136e-08
-1.25283e-09
-2.09301e-08
-1.59264e-09
-1.96817e-08
-1.90009e-09
-1.8318e-08
-2.1779e-09
-1.69966e-08
-2.43349e-09
-1.55002e-08
-2.67372e-09
-1.41834e-08
-2.89553e-09
-1.24704e-08
-3.11504e-09
-1.11219e-08
-3.29306e-09
-8.94993e-09
-3.45795e-09
-7.34962e-09
-3.4872e-09
-4.41307e-09
-3.43971e-09
-2.31218e-09
-3.03491e-09
1.19982e-09
3.35253e-09
6.19707e-10
-3.88097e-09
1.07938e-10
-5.16929e-09
-2.68319e-10
-6.35338e-09
-6.38057e-10
-7.18977e-09
-8.87389e-10
-6.4734e-09
-1.10161e-09
-6.46317e-09
-1.25422e-09
-5.67056e-09
-1.38269e-09
-5.36484e-09
-1.48331e-09
-4.74037e-09
-1.57011e-09
-4.35738e-09
-1.64457e-09
-3.86372e-09
-1.71213e-09
-3.47835e-09
-1.77501e-09
-3.06397e-09
-1.83563e-09
-2.69959e-09
-1.89597e-09
-2.33342e-09
-1.95753e-09
-1.98979e-09
-2.02186e-09
-1.6473e-09
-2.08994e-09
-1.30939e-09
-2.16276e-09
-9.63154e-10
-2.24077e-09
-6.04141e-10
-2.3241e-09
-2.22783e-10
-2.41239e-09
1.88121e-10
-2.50499e-09
6.37339e-10
-2.60094e-09
1.13226e-09
-2.699e-09
1.67987e-09
-2.79776e-09
2.28587e-09
-2.89567e-09
2.95487e-09
-2.99107e-09
3.69024e-09
-3.0823e-09
4.49424e-09
-3.16765e-09
5.36811e-09
-3.24548e-09
6.31223e-09
-3.31415e-09
7.3263e-09
-3.37205e-09
8.40947e-09
-3.41757e-09
9.56055e-09
-3.44909e-09
1.07781e-08
-3.46488e-09
1.20603e-08
-3.46312e-09
1.34052e-08
-3.44182e-09
1.48103e-08
-3.3988e-09
1.62726e-08
-3.33165e-09
1.77881e-08
-3.23774e-09
1.93513e-08
-3.11427e-09
2.09551e-08
-2.95825e-09
2.25898e-08
-2.76664e-09
2.4243e-08
-2.53645e-09
2.5899e-08
-2.26488e-09
2.75381e-08
-1.94955e-09
2.91366e-08
-1.58869e-09
3.06664e-08
-1.18144e-09
3.20955e-08
-7.27993e-10
3.3388e-08
-2.29988e-10
3.45063e-08
3.09474e-10
3.54111e-08
8.86036e-10
3.60637e-08
1.49332e-09
3.64239e-08
2.12358e-09
3.64572e-08
2.76757e-09
3.61337e-08
3.41483e-09
3.54301e-08
4.05393e-09
3.43307e-08
4.67283e-09
3.28295e-08
5.2593e-09
3.093e-08
5.80129e-09
2.86463e-08
6.28739e-09
2.60028e-08
6.70717e-09
2.3034e-08
7.05155e-09
1.97832e-08
7.31313e-09
1.6302e-08
7.48635e-09
1.26479e-08
7.56776e-09
8.88325e-09
7.55601e-09
5.07292e-09
7.45201e-09
1.28277e-09
7.25871e-09
-2.42353e-09
6.98117e-09
-5.98189e-09
6.62625e-09
-9.33563e-09
6.20239e-09
-1.24331e-08
5.71933e-09
-1.52302e-08
5.18782e-09
-1.76912e-08
4.61929e-09
-1.979e-08
4.02542e-09
-2.15099e-08
3.41784e-09
-2.28447e-08
2.80774e-09
-2.37973e-08
2.20553e-09
-2.4381e-08
1.62044e-09
-2.4615e-08
1.06054e-09
-2.45297e-08
5.31939e-10
-2.41544e-08
3.94642e-11
-2.35342e-08
-4.14093e-10
-2.2697e-08
-8.27369e-10
-2.17001e-08
-1.20238e-09
-2.0555e-08
-1.53963e-09
-1.93443e-08
-1.84504e-09
-1.80124e-08
-2.12155e-09
-1.67199e-08
-2.37506e-09
-1.52465e-08
-2.61282e-09
-1.39455e-08
-2.82973e-09
-1.22534e-08
-3.04227e-09
-1.09094e-08
-3.21011e-09
-8.78213e-09
-3.3626e-09
-7.1972e-09
-3.38259e-09
-4.39313e-09
-3.33155e-09
-2.36318e-09
-2.96601e-09
8.34331e-10
2.97712e-09
8.97305e-11
-3.9736e-09
3.58075e-11
-5.11537e-09
-2.9398e-10
-6.02356e-09
-6.32773e-10
-6.85088e-09
-8.72428e-10
-6.23363e-09
-1.08279e-09
-6.25271e-09
-1.23414e-09
-5.51917e-09
-1.36335e-09
-5.23565e-09
-1.46462e-09
-4.63919e-09
-1.55257e-09
-4.26956e-09
-1.62786e-09
-3.78858e-09
-1.69634e-09
-3.41002e-09
-1.75995e-09
-3.00052e-09
-1.82122e-09
-2.63847e-09
-1.88202e-09
-2.27278e-09
-1.94387e-09
-1.92809e-09
-2.00823e-09
-1.58308e-09
-2.07607e-09
-1.24168e-09
-2.14833e-09
-8.91015e-10
-2.22548e-09
-5.27099e-10
-2.30761e-09
-1.40747e-10
-2.39438e-09
2.74796e-10
-2.48517e-09
7.28041e-10
-2.57901e-09
1.22603e-09
-2.67475e-09
1.77554e-09
-2.771e-09
2.38206e-09
-2.86627e-09
3.05008e-09
-2.95893e-09
3.78286e-09
-3.04737e-09
4.58263e-09
-3.12991e-09
5.45062e-09
-3.20495e-09
6.38723e-09
-3.27085e-09
7.39217e-09
-3.32604e-09
8.46463e-09
-3.36891e-09
9.6034e-09
-3.39785e-09
1.0807e-08
-3.41114e-09
1.20735e-08
-3.40699e-09
1.3401e-08
-3.38342e-09
1.47867e-08
-3.33829e-09
1.62275e-08
-3.26925e-09
1.7719e-08
-3.17376e-09
1.92558e-08
-3.04908e-09
2.08304e-08
-2.89236e-09
2.2433e-08
-2.70069e-09
2.40513e-08
-2.47121e-09
2.56695e-08
-2.20131e-09
2.72682e-08
-1.88875e-09
2.88241e-08
-1.53194e-09
3.03096e-08
-1.13014e-09
3.16937e-08
-6.83649e-10
3.29415e-08
-1.94143e-10
3.40168e-08
3.35171e-10
3.48818e-08
9.00101e-10
3.54987e-08
1.49439e-09
3.58296e-08
2.11047e-09
3.58411e-08
2.73936e-09
3.55048e-08
3.37091e-09
3.47985e-08
3.99405e-09
3.37076e-08
4.59714e-09
3.22264e-08
5.16835e-09
3.03588e-08
5.69605e-09
2.81186e-08
6.16921e-09
2.55297e-08
6.57777e-09
2.26254e-08
6.91297e-09
1.94481e-08
7.16763e-09
1.60473e-08
7.33643e-09
1.24792e-08
7.41597e-09
8.80373e-09
7.405e-09
5.08391e-09
7.30435e-09
1.38344e-09
7.11686e-09
-2.23602e-09
6.84744e-09
-5.71243e-09
6.50268e-09
-8.99084e-09
6.09073e-09
-1.20211e-08
5.62102e-09
-1.47605e-08
5.10391e-09
-1.71741e-08
4.55043e-09
-1.92364e-08
3.97188e-09
-2.09312e-08
3.3795e-09
-2.22522e-08
2.78411e-09
-2.32019e-08
2.19579e-09
-2.37926e-08
1.6235e-09
-2.40426e-08
1.07506e-09
-2.39812e-08
5.5646e-10
-2.36356e-08
7.24617e-11
-2.30501e-08
-3.74341e-10
-2.225e-08
-7.82384e-10
-2.12919e-08
-1.15338e-09
-2.01838e-08
-1.48793e-09
-1.90096e-08
-1.79113e-09
-1.77091e-08
-2.06612e-09
-1.64447e-08
-2.31739e-09
-1.49951e-08
-2.55254e-09
-1.37102e-08
-2.76467e-09
-1.20412e-08
-2.97058e-09
-1.07035e-08
-3.12924e-09
-8.62354e-09
-3.27075e-09
-7.05578e-09
-3.28388e-09
-4.38008e-09
-3.23121e-09
-2.41582e-09
-2.9022e-09
5.05345e-10
2.63413e-09
5.17025e-11
-4.03032e-09
-1.72631e-11
-5.04638e-09
-3.15471e-10
-5.7253e-09
-6.29588e-10
-6.53665e-09
-8.59627e-10
-6.00345e-09
-1.06565e-09
-6.04657e-09
-1.21539e-09
-5.36937e-09
-1.34492e-09
-5.10612e-09
-1.4466e-09
-4.53756e-09
-1.53547e-09
-4.18079e-09
-1.61146e-09
-3.71273e-09
-1.68075e-09
-3.34088e-09
-1.74499e-09
-2.93643e-09
-1.80684e-09
-2.57676e-09
-1.86804e-09
-2.21173e-09
-1.93011e-09
-1.86614e-09
-1.99447e-09
-1.51886e-09
-2.06203e-09
-1.17424e-09
-2.13371e-09
-8.19451e-10
-2.20999e-09
-4.50922e-10
-2.29095e-09
-5.98922e-11
-2.37622e-09
3.59981e-10
-2.46522e-09
8.16958e-10
-2.55702e-09
1.31775e-09
-2.65049e-09
1.86894e-09
-2.74429e-09
2.4758e-09
-2.83697e-09
3.1427e-09
-2.92696e-09
3.8728e-09
-3.01267e-09
4.66829e-09
-3.09248e-09
5.53039e-09
-3.16479e-09
6.45949e-09
-3.22799e-09
7.45535e-09
-3.28053e-09
8.51714e-09
-3.32082e-09
9.64365e-09
-3.34724e-09
1.08334e-08
-3.35811e-09
1.20844e-08
-3.35163e-09
1.33945e-08
-3.32588e-09
1.47609e-08
-3.27874e-09
1.61803e-08
-3.20792e-09
1.76482e-08
-3.11095e-09
1.91588e-08
-2.98518e-09
2.07046e-08
-2.82788e-09
2.22757e-08
-2.63625e-09
2.38597e-08
-2.40759e-09
2.54408e-08
-2.13944e-09
2.7e-08
-1.82973e-09
2.85143e-08
-1.477e-09
2.99569e-08
-1.08061e-09
3.12973e-08
-6.41039e-10
3.2502e-08
-1.59921e-10
3.35356e-08
3.59461e-10
3.43624e-08
9.13004e-10
3.49452e-08
1.4946e-09
3.5248e-08
2.09685e-09
3.52389e-08
2.71104e-09
3.48907e-08
3.32732e-09
3.41823e-08
3.93496e-09
3.31e-08
4.5227e-09
3.16387e-08
5.07912e-09
2.98024e-08
5.59297e-09
2.76047e-08
6.0536e-09
2.5069e-08
6.45129e-09
2.22277e-08
6.77758e-09
1.91218e-08
7.02556e-09
1.57994e-08
7.19004e-09
1.23147e-08
7.26779e-09
8.72601e-09
7.25755e-09
5.09416e-09
7.16013e-09
1.48089e-09
6.97827e-09
-2.05414e-09
6.71669e-09
-5.45083e-09
6.38177e-09
-8.65588e-09
5.98138e-09
-1.16207e-08
5.5246e-09
-1.43036e-08
5.02145e-09
-1.66709e-08
4.48258e-09
-1.86975e-08
3.9189e-09
-2.03675e-08
3.34129e-09
-2.16745e-08
2.7602e-09
-2.26207e-08
2.18542e-09
-2.32177e-08
1.62562e-09
-2.34827e-08
1.0884e-09
-2.34438e-08
5.7961e-10
-2.31267e-08
1.03939e-10
-2.25743e-08
-3.36113e-10
-2.18098e-08
-7.38898e-10
-2.0889e-08
-1.1058e-09
-1.98168e-08
-1.43751e-09
-1.86777e-08
-1.73833e-09
-1.74081e-08
-2.01161e-09
-1.61713e-08
-2.26051e-09
-1.47461e-08
-2.49295e-09
-1.34777e-08
-2.70046e-09
-1.18337e-08
-2.90006e-09
-1.05039e-08
-3.05047e-09
-8.47322e-09
-3.1823e-09
-6.92406e-09
-3.1905e-09
-4.37199e-09
-3.13775e-09
-2.46857e-09
-2.84207e-09
2.09667e-10
2.32089e-09
2.19884e-11
-4.05677e-09
-6.45495e-11
-4.95979e-09
-3.3552e-10
-5.45424e-09
-6.28107e-10
-6.24392e-09
-8.48706e-10
-5.7827e-09
-1.05007e-09
-5.84507e-09
-1.19789e-09
-5.22145e-09
-1.32737e-09
-4.97662e-09
-1.42926e-09
-4.43571e-09
-1.51884e-09
-4.0913e-09
-1.59538e-09
-3.63631e-09
-1.66535e-09
-3.27104e-09
-1.73014e-09
-2.87178e-09
-1.7925e-09
-2.51455e-09
-1.85403e-09
-2.15034e-09
-1.91629e-09
-1.80401e-09
-1.98059e-09
-1.45469e-09
-2.04784e-09
-1.10711e-09
-2.11892e-09
-7.48482e-10
-2.19433e-09
-3.75613e-10
-2.27412e-09
1.97915e-11
-2.35793e-09
4.43701e-10
-2.44518e-09
9.04126e-10
-2.53498e-09
1.40748e-09
-2.62623e-09
1.96012e-09
-2.71764e-09
2.56715e-09
-2.80779e-09
3.2328e-09
-2.89518e-09
3.96013e-09
-2.97823e-09
4.75129e-09
-3.05536e-09
5.60748e-09
-3.125e-09
6.52909e-09
-3.18557e-09
7.51588e-09
-3.23553e-09
8.56706e-09
-3.27329e-09
9.68138e-09
-3.29727e-09
1.08573e-08
-3.30578e-09
1.20929e-08
-3.29706e-09
1.33857e-08
-3.26921e-09
1.4733e-08
-3.22015e-09
1.61312e-08
-3.14765e-09
1.75757e-08
-3.0493e-09
1.90605e-08
-2.92255e-09
2.05778e-08
-2.76477e-09
2.21179e-08
-2.57329e-09
2.36682e-08
-2.34556e-09
2.52131e-08
-2.07924e-09
2.67337e-08
-1.77242e-09
2.82075e-08
-1.42377e-09
2.96082e-08
-1.03282e-09
3.09063e-08
-6.00068e-10
3.20692e-08
-1.27224e-10
3.30628e-08
3.82398e-10
3.38527e-08
9.24791e-10
3.44028e-08
1.49399e-09
3.46788e-08
2.08276e-09
3.46501e-08
2.68264e-09
3.42908e-08
3.28407e-09
3.35808e-08
3.87665e-09
3.25074e-08
4.44951e-09
3.10658e-08
4.99157e-09
2.92603e-08
5.49199e-09
2.71043e-08
5.94048e-09
2.46206e-08
6.32763e-09
2.18406e-08
6.6453e-09
1.88041e-08
6.88679e-09
1.55579e-08
7.0471e-09
1.21544e-08
7.12309e-09
8.65003e-09
7.11356e-09
5.10371e-09
7.01926e-09
1.57521e-09
6.84285e-09
-1.87769e-09
6.58886e-09
-5.19681e-09
6.26347e-09
-8.33045e-09
5.87426e-09
-1.12314e-08
5.43002e-09
-1.38593e-08
4.9404e-09
-1.61812e-08
4.41571e-09
-1.81727e-08
3.86647e-09
-1.98182e-08
3.30321e-09
-2.11112e-08
2.73604e-09
-2.20534e-08
2.17444e-09
-2.2656e-08
1.62685e-09
-2.2935e-08
1.10059e-09
-2.29175e-08
6.01443e-10
-2.26275e-08
1.33967e-10
-2.21067e-08
-2.9936e-10
-2.13764e-08
-6.96868e-10
-2.04914e-08
-1.05961e-09
-1.94539e-08
-1.38834e-09
-1.83488e-08
-1.68665e-09
-1.71096e-08
-1.95803e-09
-1.58998e-08
-2.20446e-09
-1.44995e-08
-2.4341e-09
-1.3248e-08
-2.63715e-09
-1.16306e-08
-2.83078e-09
-1.03104e-08
-2.9738e-09
-8.33032e-09
-3.09712e-09
-6.80088e-09
-3.10196e-09
-4.36726e-09
-3.05034e-09
-2.52023e-09
-2.78491e-09
-5.57721e-11
2.03483e-09
-4.55826e-12
-4.05617e-09
-1.05651e-10
-4.85862e-09
-3.54015e-10
-5.20577e-09
-6.27996e-10
-5.96978e-09
-8.39429e-10
-5.57108e-09
-1.03592e-09
-5.64842e-09
-1.18159e-09
-5.07565e-09
-1.31069e-09
-4.84747e-09
-1.41259e-09
-4.33383e-09
-1.50267e-09
-4.00128e-09
-1.57963e-09
-3.55945e-09
-1.65017e-09
-3.20061e-09
-1.71543e-09
-2.80665e-09
-1.77821e-09
-2.45189e-09
-1.84002e-09
-2.08866e-09
-1.90241e-09
-1.74175e-09
-1.96661e-09
-1.3906e-09
-2.03352e-09
-1.04031e-09
-2.10399e-09
-6.78129e-10
-2.17853e-09
-3.01169e-10
-2.25715e-09
9.8313e-11
-2.33952e-09
5.25984e-10
-2.42506e-09
9.8958e-10
-2.5129e-09
1.49524e-09
-2.60198e-09
2.04913e-09
-2.69106e-09
2.65616e-09
-2.77875e-09
3.32044e-09
-2.86359e-09
4.04491e-09
-2.94404e-09
4.8317e-09
-3.01856e-09
5.68195e-09
-3.0856e-09
6.59608e-09
-3.1436e-09
7.57385e-09
-3.19103e-09
8.61445e-09
-3.22633e-09
9.71666e-09
-3.24793e-09
1.08789e-08
-3.25416e-09
1.20991e-08
-3.24328e-09
1.33748e-08
-3.2134e-09
1.47031e-08
-3.16252e-09
1.60803e-08
-3.08842e-09
1.75016e-08
-2.9888e-09
1.89608e-08
-2.86118e-09
2.04502e-08
-2.70302e-09
2.19597e-08
-2.5118e-09
2.34769e-08
-2.28507e-09
2.49864e-08
-2.02065e-09
2.64693e-08
-1.71678e-09
2.79036e-08
-1.37226e-09
2.92637e-08
-9.86696e-10
3.05207e-08
-5.60716e-10
3.16432e-08
-9.6049e-11
3.25981e-08
4.04025e-10
3.33527e-08
9.35502e-10
3.38713e-08
1.49258e-09
3.41217e-08
2.06822e-09
3.40745e-08
2.65416e-09
3.37048e-08
3.24115e-09
3.29938e-08
3.81912e-09
3.19294e-08
4.37752e-09
3.05074e-08
4.90567e-09
2.87322e-08
5.39306e-09
2.66169e-08
5.82977e-09
2.41839e-08
6.20672e-09
2.14637e-08
6.51602e-09
1.84948e-08
6.75122e-09
1.53227e-08
6.90749e-09
1.19981e-08
6.98177e-09
8.57576e-09
6.97292e-09
5.11259e-09
6.88164e-09
1.66652e-09
6.71048e-09
-1.7065e-09
6.46385e-09
-4.95014e-09
6.14768e-09
-8.01425e-09
5.76931e-09
-1.0853e-08
5.33722e-09
-1.34272e-08
4.86074e-09
-1.57047e-08
4.3498e-09
-1.76617e-08
3.81458e-09
-1.92829e-08
3.26527e-09
-2.05618e-08
2.71165e-09
-2.14998e-08
2.1629e-09
-2.21072e-08
1.62721e-09
-2.23993e-08
1.11169e-09
-2.24018e-08
6.22005e-10
-2.21377e-08
1.62599e-10
-2.16472e-08
-2.64042e-10
-2.09496e-08
-6.56256e-10
-2.0099e-08
-1.01477e-09
-1.90952e-08
-1.34041e-09
-1.8023e-08
-1.63609e-09
-1.68138e-08
-1.90541e-09
-1.56303e-08
-2.14928e-09
-1.42556e-08
-2.37606e-09
-1.30211e-08
-2.57481e-09
-1.14319e-08
-2.7628e-09
-1.01225e-08
-2.89922e-09
-8.19404e-09
-3.01506e-09
-6.68519e-09
-3.01785e-09
-4.3646e-09
-2.96825e-09
-2.56989e-09
-2.73027e-09
-2.93788e-10
1.77359e-09
-2.60321e-11
-4.03366e-09
-1.4229e-10
-4.74227e-09
-3.71155e-10
-4.97676e-09
-6.29e-10
-5.71175e-09
-8.31602e-10
-5.36828e-09
-1.0231e-09
-5.45673e-09
-1.16643e-09
-4.93218e-09
-1.29485e-09
-4.71897e-09
-1.39658e-09
-4.2321e-09
-1.48697e-09
-3.91092e-09
-1.56423e-09
-3.48227e-09
-1.63523e-09
-3.12972e-09
-1.70086e-09
-2.74113e-09
-1.76401e-09
-2.38886e-09
-1.82603e-09
-2.02676e-09
-1.8885e-09
-1.67939e-09
-1.95258e-09
-1.32664e-09
-2.01912e-09
-9.73881e-10
-2.08895e-09
-6.08411e-10
-2.16262e-09
-2.27594e-10
-2.24009e-09
1.7569e-10
-2.32104e-09
6.06849e-10
-2.4049e-09
1.07335e-09
-2.49082e-09
1.58109e-09
-2.57779e-09
2.13602e-09
-2.66458e-09
2.74289e-09
-2.74987e-09
3.40567e-09
-2.83222e-09
4.12721e-09
-2.91014e-09
4.90956e-09
-2.98211e-09
5.75387e-09
-3.0466e-09
6.66053e-09
-3.10209e-09
7.6293e-09
-3.14706e-09
8.65939e-09
-3.17997e-09
9.74953e-09
-3.19925e-09
1.08981e-08
-3.20327e-09
1.2103e-08
-3.19029e-09
1.33618e-08
-3.15848e-09
1.46713e-08
-3.10585e-09
1.60277e-08
-3.03026e-09
1.7426e-08
-2.92946e-09
1.886e-08
-2.80106e-09
2.03218e-08
-2.64263e-09
2.18013e-08
-2.45175e-09
2.32861e-08
-2.22612e-09
2.47607e-08
-1.96368e-09
2.62068e-08
-1.66279e-09
2.76027e-08
-1.3224e-09
2.89233e-08
-9.422e-10
3.01405e-08
-5.22898e-10
3.12239e-08
-6.62215e-11
3.21414e-08
4.2438e-10
3.28621e-08
9.45169e-10
3.33505e-08
1.49041e-09
3.35765e-08
2.05323e-09
3.35116e-08
2.62562e-09
3.31324e-08
3.19856e-09
3.24209e-08
3.76233e-09
3.13657e-08
4.3067e-09
2.99631e-08
4.82134e-09
2.82175e-08
5.29611e-09
2.61422e-08
5.7214e-09
2.37586e-08
6.08845e-09
2.10966e-08
6.38965e-09
1.81936e-08
6.61875e-09
1.50936e-08
6.77109e-09
1.18458e-08
6.84373e-09
8.50315e-09
6.83553e-09
5.12081e-09
6.74715e-09
1.75493e-09
6.58108e-09
-1.54041e-09
6.34156e-09
-4.71058e-09
6.03433e-09
-7.70698e-09
5.66646e-09
-1.04851e-08
5.24615e-09
-1.30068e-08
4.7824e-09
-1.52409e-08
4.28481e-09
-1.71641e-08
3.76322e-09
-1.87613e-08
3.22746e-09
-2.0026e-08
2.68702e-09
-2.09592e-08
2.15079e-09
-2.15708e-08
1.62673e-09
-2.18751e-08
1.12172e-09
-2.18967e-08
6.41326e-10
-2.16572e-08
1.89871e-10
-2.11956e-08
-2.30129e-10
-2.05295e-08
-6.17036e-10
-1.9712e-08
-9.71273e-10
-1.87408e-08
-1.29372e-09
-1.77005e-08
-1.58664e-09
-1.65208e-08
-1.85377e-09
-1.53631e-08
-2.09501e-09
-1.40142e-08
-2.31889e-09
-1.27972e-08
-2.51352e-09
-1.12373e-08
-2.69618e-09
-9.93993e-09
-2.82671e-09
-8.06367e-09
-2.93599e-09
-6.57609e-09
-2.93778e-09
-4.36297e-09
-2.89086e-09
-2.61689e-09
-2.67775e-09
-5.06955e-10
1.53496e-09
-4.60955e-11
-3.99072e-09
-1.75306e-10
-4.61295e-09
-3.87159e-10
-4.76475e-09
-6.30923e-10
-5.46778e-09
-8.25068e-10
-5.17391e-09
-1.01152e-09
-5.27007e-09
-1.15236e-09
-4.79117e-09
-1.27984e-09
-4.5914e-09
-1.38124e-09
-4.13066e-09
-1.47177e-09
-3.82041e-09
-1.5492e-09
-3.4049e-09
-1.62054e-09
-3.05845e-09
-1.68649e-09
-2.67528e-09
-1.74992e-09
-2.32552e-09
-1.81211e-09
-1.96468e-09
-1.87462e-09
-1.61699e-09
-1.93854e-09
-1.26283e-09
-2.00468e-09
-9.0784e-10
-2.07385e-09
-5.3935e-10
-2.14664e-09
-1.54888e-10
-2.22299e-09
2.51936e-10
-2.30254e-09
6.86322e-10
-2.38475e-09
1.15548e-09
-2.46879e-09
1.66506e-09
-2.55368e-09
2.22083e-09
-2.63825e-09
2.82739e-09
-2.72119e-09
3.48855e-09
-2.80111e-09
4.20708e-09
-2.87656e-09
4.98496e-09
-2.94603e-09
5.8233e-09
-3.00804e-09
6.72249e-09
-3.06108e-09
7.6823e-09
-3.10365e-09
8.70192e-09
-3.13422e-09
9.78008e-09
-3.15126e-09
1.09151e-08
-3.15312e-09
1.21049e-08
-3.13813e-09
1.33468e-08
-3.10446e-09
1.46376e-08
-3.05016e-09
1.59734e-08
-2.97317e-09
1.73489e-08
-2.87128e-09
1.87581e-08
-2.7422e-09
2.01927e-08
-2.5836e-09
2.16427e-08
-2.39316e-09
2.30956e-08
-2.1687e-09
2.45362e-08
-1.90829e-09
2.59464e-08
-1.61044e-09
2.73049e-08
-1.27417e-09
2.8587e-08
-8.99344e-10
2.97657e-08
-4.86665e-10
3.08112e-08
-3.78396e-11
3.16926e-08
4.43482e-10
3.23807e-08
9.53811e-10
3.28402e-08
1.48749e-09
3.30428e-08
2.03781e-09
3.29613e-08
2.59699e-09
3.25733e-08
3.15628e-09
3.18616e-08
3.70624e-09
3.08157e-08
4.23699e-09
2.94323e-08
4.73853e-09
2.7716e-08
5.20105e-09
2.56796e-08
5.61528e-09
2.33444e-08
5.97273e-09
2.07392e-08
6.26607e-09
1.79003e-08
6.48926e-09
1.48705e-08
6.63779e-09
1.16973e-08
6.70882e-09
8.43215e-09
6.70122e-09
5.12844e-09
6.61568e-09
1.8405e-09
6.45453e-09
-1.37923e-09
6.22189e-09
-4.47791e-09
5.92331e-09
-7.40836e-09
5.56562e-09
-1.01274e-08
5.15673e-09
-1.25979e-08
4.70534e-09
-1.47894e-08
4.2207e-09
-1.66794e-08
3.71233e-09
-1.82528e-08
3.18975e-09
-1.95033e-08
2.66215e-09
-2.04316e-08
2.13812e-09
-2.10467e-08
1.62541e-09
-2.13623e-08
1.13069e-09
-2.14019e-08
6.59422e-10
-2.11858e-08
2.15801e-10
-2.07519e-08
-1.97607e-10
-2.0116e-08
-5.79195e-10
-1.93303e-08
-9.29103e-10
-1.83908e-08
-1.24825e-09
-1.73812e-08
-1.53832e-09
-1.62306e-08
-1.80313e-09
-1.50982e-08
-2.04169e-09
-1.37756e-08
-2.26264e-09
-1.25763e-08
-2.45331e-09
-1.10467e-08
-2.63096e-09
-9.76241e-09
-2.75625e-09
-7.93856e-09
-2.8598e-09
-6.47274e-09
-2.8614e-09
-4.36155e-09
-2.81762e-09
-2.66077e-09
-2.62702e-09
-6.97632e-10
1.31695e-09
-6.44412e-11
-3.92912e-09
-2.05129e-10
-4.47213e-09
-4.0223e-10
-4.56746e-09
-6.33626e-10
-5.23616e-09
-8.19714e-10
-4.98757e-09
-1.00111e-09
-5.08843e-09
-1.13936e-09
-4.65273e-09
-1.26566e-09
-4.46497e-09
-1.3666e-09
-4.02967e-09
-1.45709e-09
-3.7299e-09
-1.53458e-09
-3.32746e-09
-1.60616e-09
-2.98693e-09
-1.67235e-09
-2.60918e-09
-1.73602e-09
-2.26193e-09
-1.79832e-09
-1.90248e-09
-1.86083e-09
-1.55458e-09
-1.92455e-09
-1.19922e-09
-1.99027e-09
-8.42214e-10
-2.05876e-09
-4.70964e-10
-2.13068e-09
-8.30471e-11
-2.20591e-09
3.27064e-10
-2.28409e-09
7.64424e-10
-2.36468e-09
1.23599e-09
-2.44688e-09
1.7472e-09
-2.52975e-09
2.30362e-09
-2.61213e-09
2.90971e-09
-2.69278e-09
3.56914e-09
-2.77033e-09
4.28457e-09
-2.84335e-09
5.05793e-09
-2.91039e-09
5.89029e-09
-2.96997e-09
6.78203e-09
-3.02061e-09
7.73291e-09
-3.06084e-09
8.7421e-09
-3.08914e-09
9.80834e-09
-3.10399e-09
1.093e-08
-3.10378e-09
1.21046e-08
-3.08684e-09
1.33298e-08
-3.05138e-09
1.46021e-08
-2.9955e-09
1.59175e-08
-2.91718e-09
1.72706e-08
-2.8143e-09
1.86552e-08
-2.68463e-09
2.0063e-08
-2.52594e-09
2.1484e-08
-2.33602e-09
2.29057e-08
-2.1128e-09
2.4313e-08
-1.8545e-09
2.56881e-08
-1.5597e-09
2.70101e-08
-1.22758e-09
2.82549e-08
-8.58075e-10
2.93962e-08
-4.51936e-10
3.04051e-08
-1.08437e-11
3.12515e-08
4.61335e-10
3.19086e-08
9.61429e-10
3.23401e-08
1.48381e-09
3.25204e-08
2.02194e-09
3.24232e-08
2.56826e-09
3.2027e-08
3.11427e-09
3.13156e-08
3.65082e-09
3.02792e-08
4.16834e-09
2.89148e-08
4.65716e-09
2.72272e-08
5.1078e-09
2.5229e-08
5.51129e-09
2.29409e-08
5.85944e-09
2.0391e-08
6.14516e-09
1.76146e-08
6.36261e-09
1.4653e-08
6.50745e-09
1.15525e-08
6.57691e-09
8.36271e-09
6.56991e-09
5.13546e-09
6.48708e-09
1.92336e-09
6.33069e-09
-1.2228e-09
6.10471e-09
-4.25189e-09
5.81451e-09
-7.11812e-09
5.46668e-09
-9.77951e-09
5.06886e-09
-1.22e-08
4.62945e-09
-1.435e-08
4.15739e-09
-1.62073e-08
3.66188e-09
-1.77573e-08
3.15211e-09
-1.89935e-08
2.637e-09
-1.99164e-08
2.12487e-09
-2.05345e-08
1.62323e-09
-2.08606e-08
1.13859e-09
-2.09172e-08
6.76282e-10
-2.07234e-08
2.40384e-10
-2.03159e-08
-1.66483e-10
-1.9709e-08
-5.42743e-10
-1.89539e-08
-8.88279e-10
-1.80452e-08
-1.20405e-09
-1.70653e-08
-1.49117e-09
-1.59434e-08
-1.75355e-09
-1.48357e-08
-1.98937e-09
-1.35398e-08
-2.20737e-09
-1.23583e-08
-2.39426e-09
-1.08599e-08
-2.56719e-09
-9.58965e-09
-2.68783e-09
-7.81813e-09
-2.78636e-09
-6.37442e-09
-2.78843e-09
-4.35967e-09
-2.74809e-09
-2.70124e-09
-2.57784e-09
-8.67972e-10
1.1177e-09
-8.10117e-11
-3.85068e-09
-2.32047e-10
-4.32095e-09
-4.1658e-10
-4.38272e-09
-6.37035e-10
-5.01545e-09
-8.15474e-10
-4.80886e-09
-9.91839e-10
-4.91181e-09
-1.12741e-09
-4.51695e-09
-1.25232e-09
-4.33989e-09
-1.35268e-09
-3.92923e-09
-1.44299e-09
-3.63956e-09
-1.52043e-09
-3.25004e-09
-1.59217e-09
-2.91523e-09
-1.65852e-09
-2.5429e-09
-1.72237e-09
-2.19815e-09
-1.78475e-09
-1.84018e-09
-1.84722e-09
-1.49219e-09
-1.91072e-09
-1.13581e-09
-1.97599e-09
-7.77025e-10
-2.04378e-09
-4.03273e-10
-2.11484e-09
-1.20684e-11
-2.18895e-09
4.0109e-10
-2.26578e-09
8.41179e-10
-2.34479e-09
1.31491e-09
-2.42519e-09
1.82754e-09
-2.50607e-09
2.38443e-09
-2.58632e-09
2.9899e-09
-2.66473e-09
3.64749e-09
-2.73995e-09
4.35975e-09
-2.81061e-09
5.12853e-09
-2.87527e-09
5.9549e-09
-2.93248e-09
6.83919e-09
-2.98078e-09
7.78117e-09
-3.01872e-09
8.78e-09
-3.0448e-09
9.83439e-09
-3.05752e-09
1.09426e-08
-3.05529e-09
1.21024e-08
-3.03647e-09
1.3311e-08
-2.9993e-09
1.45649e-08
-2.94192e-09
1.586e-08
-2.86236e-09
1.7191e-08
-2.75857e-09
1.85514e-08
-2.62839e-09
1.99328e-08
-2.4697e-09
2.13252e-08
-2.28038e-09
2.27163e-08
-2.05848e-09
2.40911e-08
-1.80232e-09
2.54319e-08
-1.51061e-09
2.67183e-08
-1.18264e-09
2.79269e-08
-8.18403e-10
2.90319e-08
-4.188e-10
3.00055e-08
1.42676e-11
3.08184e-08
4.77919e-10
3.14449e-08
9.68002e-10
3.185e-08
1.47934e-09
3.20091e-08
2.00559e-09
3.18969e-08
2.53937e-09
3.14932e-08
3.07246e-09
3.07825e-08
3.59598e-09
2.97556e-08
4.10066e-09
2.84101e-08
4.57713e-09
2.67507e-08
5.01624e-09
2.47899e-08
5.40931e-09
2.25478e-08
5.74844e-09
2.00519e-08
6.02676e-09
1.73363e-08
6.23866e-09
1.44412e-08
6.3799e-09
1.14113e-08
6.44784e-09
8.29479e-09
6.44141e-09
5.14192e-09
6.36119e-09
2.0036e-09
6.2094e-09
-1.07098e-09
5.98987e-09
-4.03233e-09
5.70778e-09
-6.83599e-09
5.36951e-09
-9.4412e-09
4.98243e-09
-1.18129e-08
4.55464e-09
-1.39221e-08
4.09479e-09
-1.57473e-08
3.61176e-09
-1.72742e-08
3.11445e-09
-1.84961e-08
2.61149e-09
-1.94133e-08
2.11096e-09
-2.00339e-08
1.62015e-09
-2.03697e-08
1.14537e-09
-2.04423e-08
6.91868e-10
-2.02698e-08
2.63587e-10
-1.98875e-08
-1.36793e-10
-1.93085e-08
-5.07714e-10
-1.85829e-08
-8.48838e-10
-1.7704e-08
-1.16114e-09
-1.67529e-08
-1.44523e-09
-1.56592e-08
-1.70506e-09
-1.45759e-08
-1.93812e-09
-1.33067e-08
-2.15316e-09
-1.21433e-08
-2.33644e-09
-1.06767e-08
-2.50492e-09
-9.42135e-09
-2.62143e-09
-7.70184e-09
-2.71559e-09
-6.2805e-09
-2.71864e-09
-4.35684e-09
-2.68192e-09
-2.73811e-09
-2.53006e-09
-1.01993e-09
9.35545e-10
-9.59339e-11
-3.75708e-09
-2.56491e-10
-4.16022e-09
-4.30471e-10
-4.20851e-09
-6.41149e-10
-4.8045e-09
-8.12332e-10
-4.63738e-09
-9.83696e-10
-4.74016e-09
-1.11653e-09
-4.38387e-09
-1.23988e-09
-4.21636e-09
-1.33954e-09
-3.82947e-09
-1.42954e-09
-3.5495e-09
-1.50684e-09
-3.17273e-09
-1.57864e-09
-2.84344e-09
-1.64512e-09
-2.47648e-09
-1.70909e-09
-2.13422e-09
-1.77151e-09
-1.77784e-09
-1.83391e-09
-1.42986e-09
-1.89717e-09
-1.07265e-09
-1.96197e-09
-7.12292e-10
-2.02904e-09
-3.36295e-10
-2.09924e-09
5.80503e-11
-2.17227e-09
4.74031e-10
-2.24777e-09
9.16609e-10
-2.32521e-09
1.39227e-09
-2.40384e-09
1.90611e-09
-2.48278e-09
2.46328e-09
-2.56093e-09
3.06801e-09
-2.63715e-09
3.72364e-09
-2.7101e-09
4.43266e-09
-2.77845e-09
5.19682e-09
-2.84077e-09
6.01718e-09
-2.89567e-09
6.89404e-09
-2.94168e-09
7.82715e-09
-2.97739e-09
8.81566e-09
-3.00131e-09
9.85828e-09
-3.01196e-09
1.09532e-08
-3.00777e-09
1.20982e-08
-2.98713e-09
1.32903e-08
-2.94831e-09
1.45261e-08
-2.88951e-09
1.58012e-08
-2.80878e-09
1.71103e-08
-2.70416e-09
1.84467e-08
-2.57356e-09
1.98022e-08
-2.41494e-09
2.11666e-08
-2.22629e-09
2.25277e-08
-2.00577e-09
2.38706e-08
-1.75181e-09
2.5178e-08
-1.46323e-09
2.64297e-08
-1.1394e-09
2.76031e-08
-7.8041e-10
2.86729e-08
-3.87215e-10
2.96123e-08
3.82071e-11
3.0393e-08
4.93208e-10
3.09899e-08
9.73489e-10
3.13697e-08
1.47404e-09
3.15085e-08
1.98868e-09
3.13823e-08
2.51026e-09
3.09716e-08
3.03078e-09
3.0262e-08
3.54163e-09
2.92448e-08
4.03383e-09
2.79179e-08
4.49832e-09
2.62862e-08
4.92624e-09
2.4362e-08
5.30921e-09
2.21649e-08
5.63958e-09
1.97216e-08
5.91073e-09
1.70652e-08
6.11721e-09
1.42347e-08
6.25497e-09
1.12735e-08
6.32142e-09
8.22837e-09
6.31552e-09
5.14785e-09
6.23783e-09
2.08133e-09
6.09049e-09
-9.23599e-10
5.87718e-09
-3.81899e-09
5.60295e-09
-6.56171e-09
5.27394e-09
-9.11215e-09
4.89726e-09
-1.14362e-08
4.48076e-09
-1.35056e-08
4.03276e-09
-1.52993e-08
3.56185e-09
-1.68032e-08
3.07665e-09
-1.80108e-08
2.58553e-09
-1.89221e-08
2.09631e-09
-1.95446e-08
1.61608e-09
-1.98894e-08
1.15097e-09
-1.99771e-08
7.0611e-10
-1.98248e-08
2.85348e-10
-1.94666e-08
-1.08598e-10
-1.89145e-08
-4.74169e-10
-1.82172e-08
-8.10842e-10
-1.73672e-08
-1.11959e-09
-1.64441e-08
-1.40057e-09
-1.53782e-08
-1.65776e-09
-1.43186e-08
-1.88801e-09
-1.30765e-08
-2.10009e-09
-1.19313e-08
-2.27991e-09
-1.04971e-08
-2.44421e-09
-9.25725e-09
-2.55708e-09
-7.58922e-09
-2.64744e-09
-6.1904e-09
-2.65186e-09
-4.35265e-09
-2.61887e-09
-2.77128e-09
-2.48363e-09
-1.15529e-09
7.68955e-10
-1.09587e-10
-3.64962e-09
-2.79158e-10
-3.99046e-09
-4.44238e-10
-4.04317e-09
-6.46047e-10
-4.6024e-09
-8.1034e-10
-4.47277e-09
-9.76724e-10
-4.57347e-09
-1.10678e-09
-4.25355e-09
-1.2284e-09
-4.09453e-09
-1.32726e-09
-3.73047e-09
-1.41683e-09
-3.45984e-09
-1.49392e-09
-3.09562e-09
-1.56572e-09
-2.77164e-09
-1.63226e-09
-2.40997e-09
-1.69632e-09
-2.07019e-09
-1.75875e-09
-1.71548e-09
-1.82106e-09
-1.3676e-09
-1.88405e-09
-1.00974e-09
-1.94838e-09
-6.4803e-10
-2.01471e-09
-2.7005e-10
-2.08404e-09
1.27321e-10
-2.156e-09
5.45903e-10
-2.23019e-09
9.90735e-10
-2.3061e-09
1.4681e-09
-2.383e-09
1.98295e-09
-2.46002e-09
2.54024e-09
-2.53614e-09
3.14406e-09
-2.6102e-09
3.79764e-09
-2.68093e-09
4.50334e-09
-2.74701e-09
5.26284e-09
-2.80705e-09
6.07718e-09
-2.85968e-09
6.94661e-09
-2.90346e-09
7.87089e-09
-2.93698e-09
8.84913e-09
-2.95879e-09
9.88005e-09
-2.96742e-09
1.09618e-08
-2.96133e-09
1.2092e-08
-2.93893e-09
1.32679e-08
-2.89854e-09
1.44857e-08
-2.83837e-09
1.5741e-08
-2.75655e-09
1.70284e-08
-2.65117e-09
1.83413e-08
-2.52023e-09
1.96712e-08
-2.36175e-09
2.10081e-08
-2.17384e-09
2.23397e-08
-1.95476e-09
2.36515e-08
-1.70303e-09
2.49262e-08
-1.41759e-09
2.61443e-08
-1.09789e-09
2.72834e-08
-7.44108e-10
2.83191e-08
-3.57234e-10
2.92254e-08
6.06878e-11
2.99751e-08
5.07143e-10
3.05434e-08
9.77822e-10
3.0899e-08
1.46783e-09
3.10185e-08
1.97115e-09
3.0879e-08
2.48084e-09
3.04619e-08
2.98912e-09
2.97537e-08
3.48765e-09
2.87463e-08
3.96773e-09
2.74379e-08
4.42059e-09
2.58334e-08
4.83764e-09
2.39449e-08
5.2108e-09
2.17918e-08
5.53267e-09
1.93997e-08
5.79685e-09
1.6801e-08
5.99809e-09
1.40335e-08
6.13246e-09
1.11392e-08
6.19745e-09
8.16341e-09
6.19205e-09
5.15327e-09
6.11679e-09
2.15661e-09
5.97374e-09
-7.80508e-10
5.76646e-09
-3.61168e-09
5.49983e-09
-6.29503e-09
5.17979e-09
-8.79206e-09
4.8132e-09
-1.10695e-08
4.40763e-09
-1.30999e-08
3.97114e-09
-1.48627e-08
3.51201e-09
-1.6344e-08
3.0386e-09
-1.75373e-08
2.559e-09
-1.84425e-08
2.08081e-09
-1.90663e-08
1.61092e-09
-1.94194e-08
1.15527e-09
-1.95213e-08
7.18914e-10
-1.93884e-08
3.05577e-10
-1.90532e-08
-8.19842e-11
-1.85268e-08
-4.42188e-10
-1.78569e-08
-7.74369e-10
-1.7035e-08
-1.07948e-09
-1.61389e-08
-1.35727e-09
-1.51004e-08
-1.61171e-09
-1.40642e-08
-1.83914e-09
-1.28491e-08
-2.04825e-09
-1.17222e-08
-2.22477e-09
-1.03207e-08
-2.38515e-09
-9.09711e-09
-2.49482e-09
-7.47982e-09
-2.5819e-09
-6.1036e-09
-2.58802e-09
-4.34679e-09
-2.5588e-09
-2.80069e-09
-2.43857e-09
-1.27566e-09
6.1652e-10
-1.22521e-10
-3.52905e-09
-3.00937e-10
-3.81184e-09
-4.58291e-10
-3.88555e-09
-6.51892e-10
-4.40849e-09
-8.09609e-10
-4.31472e-09
-9.71011e-10
-4.41173e-09
-1.09824e-09
-4.12603e-09
-1.21798e-09
-3.97456e-09
-1.31593e-09
-3.63237e-09
-1.40499e-09
-3.37067e-09
-1.48181e-09
-3.01875e-09
-1.55354e-09
-2.69989e-09
-1.62009e-09
-2.34344e-09
-1.68421e-09
-2.00609e-09
-1.74662e-09
-1.65313e-09
-1.80882e-09
-1.30545e-09
-1.87153e-09
-9.47095e-10
-1.93536e-09
-5.84251e-10
-2.00093e-09
-2.0456e-10
-2.06943e-09
1.95756e-10
-2.14033e-09
6.16724e-10
-2.21323e-09
1.06358e-09
-2.28763e-09
1.54243e-09
-2.36283e-09
2.05809e-09
-2.43798e-09
2.61531e-09
-2.51208e-09
3.21811e-09
-2.58403e-09
3.86953e-09
-2.65259e-09
4.57184e-09
-2.71644e-09
5.32664e-09
-2.77425e-09
6.13494e-09
-2.82465e-09
6.99696e-09
-2.86624e-09
7.91244e-09
-2.89762e-09
8.88047e-09
-2.91737e-09
9.89977e-09
-2.92404e-09
1.09685e-08
-2.9161e-09
1.20841e-08
-2.892e-09
1.32438e-08
-2.85009e-09
1.44437e-08
-2.78862e-09
1.56795e-08
-2.70579e-09
1.69456e-08
-2.59972e-09
1.82352e-08
-2.4685e-09
1.954e-08
-2.31024e-09
2.08498e-08
-2.12314e-09
2.21526e-08
-1.90555e-09
2.34338e-08
-1.65609e-09
2.46767e-08
-1.3738e-09
2.5862e-08
-1.05822e-09
2.69678e-08
-7.09621e-10
2.79705e-08
-3.29014e-10
2.88448e-08
8.15971e-11
2.95645e-08
5.19645e-10
3.01054e-08
9.80918e-10
3.04378e-08
1.46062e-09
3.05388e-08
1.9529e-09
3.03867e-08
2.451e-09
2.99638e-08
2.94737e-09
2.92573e-08
3.43393e-09
2.82597e-08
3.90222e-09
2.69696e-08
4.34377e-09
2.53918e-08
4.75029e-09
2.35384e-08
5.11391e-09
2.14281e-08
5.42753e-09
1.90861e-08
5.68494e-09
1.65436e-08
5.88109e-09
1.38373e-08
6.01215e-09
1.10082e-08
6.07571e-09
8.09987e-09
6.07078e-09
5.15823e-09
5.99787e-09
2.22955e-09
5.85896e-09
-6.41551e-10
5.6575e-09
-3.41019e-09
5.39822e-09
-6.03571e-09
5.08686e-09
-8.48066e-09
4.73005e-09
-1.07126e-08
4.3351e-09
-1.27049e-08
3.90977e-09
-1.44373e-08
3.46209e-09
-1.58963e-08
3.00012e-09
-1.70753e-08
2.53175e-09
-1.7974e-08
2.06431e-09
-1.85988e-08
1.60453e-09
-1.89596e-08
1.15817e-09
-1.90749e-08
7.30175e-10
-1.89604e-08
3.2418e-10
-1.86471e-08
-5.70436e-11
-1.81456e-08
-4.11858e-10
-1.7502e-08
-7.395e-10
-1.67073e-08
-1.04089e-09
-1.58375e-08
-1.31541e-09
-1.48259e-08
-1.567e-09
-1.38126e-08
-1.79158e-09
-1.26246e-08
-1.99773e-09
-1.15162e-08
-2.17111e-09
-1.01475e-08
-2.32782e-09
-8.94064e-09
-2.43473e-09
-7.3732e-09
-2.51902e-09
-6.0196e-09
-2.5271e-09
-4.33897e-09
-2.5017e-09
-2.82631e-09
-2.39497e-09
-1.38254e-09
4.7692e-10
-1.35311e-10
-3.39554e-09
-3.2275e-10
-3.62418e-09
-4.73091e-10
-3.73492e-09
-6.58914e-10
-4.22235e-09
-8.10306e-10
-4.16297e-09
-9.66681e-10
-4.25501e-09
-1.09102e-09
-4.00138e-09
-1.20872e-09
-3.85661e-09
-1.30563e-09
-3.53529e-09
-1.3941e-09
-3.28206e-09
-1.47063e-09
-2.94216e-09
-1.54224e-09
-2.62824e-09
-1.60876e-09
-2.27691e-09
-1.67289e-09
-1.94196e-09
-1.73526e-09
-1.59081e-09
-1.79733e-09
-1.2434e-09
-1.85976e-09
-8.84732e-10
-1.92309e-09
-5.20968e-10
-1.98787e-09
-1.39844e-10
-2.05553e-09
2.63363e-10
-2.1254e-09
6.86515e-10
-2.19703e-09
1.13516e-09
-2.26995e-09
1.61527e-09
-2.34347e-09
2.13155e-09
-2.41678e-09
2.68855e-09
-2.48891e-09
3.29019e-09
-2.55879e-09
3.93935e-09
-2.6252e-09
4.63821e-09
-2.68688e-09
5.38827e-09
-2.7425e-09
6.19051e-09
-2.79071e-09
7.04512e-09
-2.83015e-09
7.95184e-09
-2.85944e-09
8.90972e-09
-2.87718e-09
9.91747e-09
-2.88193e-09
1.09732e-08
-2.8722e-09
1.20743e-08
-2.84646e-09
1.3218e-08
-2.80308e-09
1.44003e-08
-2.74038e-09
1.56168e-08
-2.65659e-09
1.68618e-08
-2.5499e-09
1.81285e-08
-2.41847e-09
1.94085e-08
-2.2605e-09
2.06918e-08
-2.07425e-09
2.19663e-08
-1.8582e-09
2.32178e-08
-1.61104e-09
2.44296e-08
-1.33192e-09
2.55828e-08
-1.02047e-09
2.66563e-08
-6.7698e-10
2.7627e-08
-3.02547e-10
2.84703e-08
1.00846e-10
2.91611e-08
5.30635e-10
2.96756e-08
9.82694e-10
2.99857e-08
1.45232e-09
3.00692e-08
1.93381e-09
2.99052e-08
2.42062e-09
2.9477e-08
2.90541e-09
2.87726e-08
3.38032e-09
2.77848e-08
3.83716e-09
2.65127e-08
4.26773e-09
2.49613e-08
4.664e-09
2.31422e-08
5.01838e-09
2.10738e-08
5.32397e-09
1.87805e-08
5.57482e-09
1.62928e-08
5.76601e-09
1.36462e-08
5.89385e-09
1.08803e-08
5.95601e-09
8.03774e-09
5.95152e-09
5.16275e-09
5.88087e-09
2.30023e-09
5.74593e-09
-5.06578e-10
5.5501e-09
-3.21431e-09
5.29793e-09
-5.7835e-09
4.99498e-09
-8.17767e-09
4.64765e-09
-1.03653e-08
4.26299e-09
-1.23202e-08
3.8485e-09
-1.40228e-08
3.41193e-09
-1.54597e-08
2.96111e-09
-1.66244e-08
2.50366e-09
-1.75165e-08
2.04673e-09
-1.81418e-08
1.59683e-09
-1.85096e-08
1.15957e-09
-1.86376e-08
7.39814e-10
-1.85405e-08
3.41084e-10
-1.82483e-08
-3.38464e-11
-1.77706e-08
-3.83236e-10
-1.71526e-08
-7.06289e-10
-1.63842e-08
-1.00387e-09
-1.55398e-08
-1.27503e-09
-1.45547e-08
-1.52369e-09
-1.35639e-08
-1.74539e-09
-1.2403e-08
-1.9486e-09
-1.13131e-08
-2.11902e-09
-9.97729e-09
-2.27233e-09
-8.78759e-09
-2.37691e-09
-7.26893e-09
-2.4589e-09
-5.93791e-09
-2.4692e-09
-4.32895e-09
-2.44763e-09
-2.8481e-09
-2.35299e-09
-1.47734e-09
3.48897e-10
-1.48449e-10
-3.24877e-09
-3.45407e-10
-3.42699e-09
-4.89105e-10
-3.59092e-09
-6.67361e-10
-4.04375e-09
-8.12616e-10
-4.01736e-09
-9.63866e-10
-4.1034e-09
-1.08522e-09
-3.87972e-09
-1.20068e-09
-3.74088e-09
-1.29641e-09
-3.43937e-09
-1.38424e-09
-3.19409e-09
-1.46047e-09
-2.86584e-09
-1.53192e-09
-2.55674e-09
-1.59836e-09
-2.21046e-09
-1.66246e-09
-1.87786e-09
-1.72476e-09
-1.52854e-09
-1.7867e-09
-1.18148e-09
-1.84883e-09
-8.22652e-10
-1.91164e-09
-4.582e-10
-1.97563e-09
-7.59204e-11
-2.04246e-09
3.30149e-10
-2.11131e-09
7.55302e-10
-2.1817e-09
1.20549e-09
-2.25315e-09
1.68666e-09
-2.32502e-09
2.20337e-09
-2.39652e-09
2.75999e-09
-2.46671e-09
3.36034e-09
-2.53456e-09
4.00714e-09
-2.59887e-09
4.70248e-09
-2.65841e-09
5.44775e-09
-2.71187e-09
6.24393e-09
-2.75794e-09
7.09115e-09
-2.79527e-09
7.98914e-09
-2.82252e-09
8.93691e-09
-2.83828e-09
9.9332e-09
-2.84116e-09
1.0976e-08
-2.82969e-09
1.20628e-08
-2.80236e-09
1.31906e-08
-2.75758e-09
1.43555e-08
-2.6937e-09
1.55529e-08
-2.60902e-09
1.67771e-08
-2.50178e-09
1.80212e-08
-2.37021e-09
1.92769e-08
-2.21257e-09
2.05342e-08
-2.02725e-09
2.1781e-08
-1.81277e-09
2.30033e-08
-1.56796e-09
2.41847e-08
-1.29201e-09
2.53069e-08
-9.84661e-10
2.63489e-08
-6.46237e-10
2.72886e-08
-2.779e-10
2.8102e-08
1.18384e-10
2.87648e-08
5.4006e-10
2.92539e-08
9.83089e-10
2.95427e-08
1.44286e-09
2.96094e-08
1.91383e-09
2.94342e-08
2.38963e-09
2.90012e-08
2.86314e-09
2.8299e-08
3.32671e-09
2.73213e-08
3.77242e-09
2.6067e-08
4.19232e-09
2.45414e-08
4.57864e-09
2.27559e-08
4.92403e-09
2.07284e-08
5.22184e-09
1.84827e-08
5.4663e-09
1.60484e-08
5.65267e-09
1.34598e-08
5.77738e-09
1.07556e-08
5.83816e-09
7.97698e-09
5.83409e-09
5.16685e-09
5.7656e-09
2.36875e-09
5.63451e-09
-3.75452e-10
5.4441e-09
-3.02387e-09
5.19882e-09
-5.53817e-09
4.90401e-09
-7.88283e-09
4.56587e-09
-1.00271e-08
4.1912e-09
-1.19455e-08
3.78724e-09
-1.36188e-08
3.36147e-09
-1.50338e-08
2.92148e-09
-1.61844e-08
2.47468e-09
-1.70697e-08
2.028e-09
-1.7695e-08
1.58777e-09
-1.80693e-08
1.15946e-09
-1.82092e-08
7.47818e-10
-1.81288e-08
3.56288e-10
-1.78567e-08
-1.24015e-11
-1.74018e-08
-3.5631e-10
-1.68086e-08
-6.74715e-10
-1.60658e-08
-9.68401e-10
-1.52461e-08
-1.23612e-09
-1.4287e-08
-1.48176e-09
-1.33183e-08
-1.70056e-09
-1.21843e-08
-1.90087e-09
-1.1113e-08
-2.06852e-09
-9.80986e-09
-2.21875e-09
-8.63763e-09
-2.32146e-09
-7.16653e-09
-2.40168e-09
-5.858e-09
-2.41445e-09
-4.31646e-09
-2.39676e-09
-2.86603e-09
-2.31288e-09
-1.5614e-09
2.31255e-10
-1.6423e-10
-3.0874e-09
-3.69532e-10
-3.22138e-09
-5.06727e-10
-3.45335e-09
-6.77427e-10
-3.87263e-09
-8.1667e-10
-3.87767e-09
-9.62645e-10
-3.95699e-09
-1.08086e-09
-3.76112e-09
-1.19385e-09
-3.62757e-09
-1.28824e-09
-3.34475e-09
-1.37535e-09
-3.1068e-09
-1.45131e-09
-2.78978e-09
-1.52257e-09
-2.4854e-09
-1.58889e-09
-2.14412e-09
-1.65291e-09
-1.81383e-09
-1.71511e-09
-1.46637e-09
-1.7769e-09
-1.1197e-09
-1.83873e-09
-7.60873e-10
-1.90111e-09
-3.95854e-10
-1.96411e-09
-1.29917e-11
-2.03021e-09
3.96197e-10
-2.09807e-09
8.23085e-10
-2.16722e-09
1.27459e-09
-2.23723e-09
1.7566e-09
-2.30747e-09
2.27356e-09
-2.37719e-09
2.82964e-09
-2.44548e-09
3.42857e-09
-2.51133e-09
4.07292e-09
-2.57358e-09
4.76468e-09
-2.63102e-09
5.50513e-09
-2.68237e-09
6.29523e-09
-2.72634e-09
7.13507e-09
-2.76161e-09
8.02437e-09
-2.78684e-09
8.9621e-09
-2.80068e-09
9.947e-09
-2.80174e-09
1.0977e-08
-2.78857e-09
1.20496e-08
-2.7597e-09
1.31617e-08
-2.71357e-09
1.43093e-08
-2.64858e-09
1.54878e-08
-2.56307e-09
1.66915e-08
-2.45534e-09
1.79135e-08
-2.32368e-09
1.91452e-08
-2.16645e-09
2.03769e-08
-1.98209e-09
2.15966e-08
-1.76924e-09
2.27904e-08
-1.52678e-09
2.39423e-08
-1.25403e-09
2.50341e-08
-9.50758e-10
2.60457e-08
-6.1738e-10
2.69552e-08
-2.55053e-10
2.77397e-08
1.34231e-10
2.83755e-08
5.47939e-10
2.88402e-08
9.82115e-10
2.91085e-08
1.43224e-09
2.91593e-08
1.89293e-09
2.89735e-08
2.358e-09
2.85361e-08
2.82051e-09
2.78365e-08
3.27306e-09
2.68687e-08
3.70794e-09
2.56321e-08
4.11746e-09
2.41319e-08
4.49411e-09
2.23792e-08
4.83077e-09
2.03918e-08
5.12101e-09
1.81925e-08
5.35925e-09
1.58101e-08
5.54094e-09
1.32782e-08
5.6626e-09
1.0634e-08
5.72203e-09
7.91757e-09
5.71835e-09
5.17057e-09
5.65194e-09
2.43519e-09
5.52457e-09
-2.48035e-10
5.33941e-09
-2.83868e-09
5.1008e-09
-5.29951e-09
4.81389e-09
-7.59588e-09
4.48466e-09
-9.69778e-09
4.11969e-09
-1.15805e-08
3.72597e-09
-1.3225e-08
3.3107e-09
-1.46185e-08
2.88127e-09
-1.57549e-08
2.44486e-09
-1.66332e-08
2.0082e-09
-1.72583e-08
1.57745e-09
-1.76385e-08
1.15793e-09
-1.77896e-08
7.54299e-10
-1.77252e-08
3.69918e-10
-1.74722e-08
7.48515e-12
-1.70394e-08
-3.30933e-10
-1.64701e-08
-6.44631e-10
-1.57521e-08
-9.34324e-10
-1.49564e-08
-1.19852e-09
-1.40229e-08
-1.44106e-09
-1.30759e-08
-1.65699e-09
-1.19685e-08
-1.85446e-09
-1.09157e-08
-2.01958e-09
-9.64501e-09
-2.16707e-09
-8.49048e-09
-2.26843e-09
-7.06555e-09
-2.34744e-09
-5.77935e-09
-2.36301e-09
-4.30122e-09
-2.34928e-09
-2.88004e-09
-2.27501e-09
-1.63587e-09
1.22937e-10
-2.04367e-10
-2.93555e-09
-3.95453e-10
-3.03e-09
-5.26091e-10
-3.32235e-09
-6.89128e-10
-3.7092e-09
-8.22452e-10
-3.74393e-09
-9.62966e-10
-3.81607e-09
-1.07786e-09
-3.64587e-09
-1.18811e-09
-3.51703e-09
-1.28096e-09
-3.25169e-09
-1.36724e-09
-3.02036e-09
-1.44293e-09
-2.714e-09
-1.51401e-09
-2.41426e-09
-1.58016e-09
-2.07795e-09
-1.64405e-09
-1.74992e-09
-1.70613e-09
-1.40432e-09
-1.76775e-09
-1.0581e-09
-1.82928e-09
-6.99397e-10
-1.89101e-09
-3.34167e-10
-1.9535e-09
4.94406e-11
-2.01866e-09
4.61302e-10
-2.08552e-09
8.89878e-10
-2.15346e-09
1.34248e-09
-2.22205e-09
1.82512e-09
-2.2907e-09
2.34216e-09
-2.35868e-09
2.89755e-09
-2.4251e-09
3.49495e-09
-2.489e-09
4.13676e-09
-2.54923e-09
4.82487e-09
-2.60461e-09
5.56046e-09
-2.65389e-09
6.34447e-09
-2.69581e-09
7.17693e-09
-2.72905e-09
8.05758e-09
-2.75233e-09
8.98533e-09
-2.76429e-09
9.95892e-09
-2.76358e-09
1.09763e-08
-2.74876e-09
1.20348e-08
-2.7184e-09
1.31313e-08
-2.67099e-09
1.42619e-08
-2.60494e-09
1.54218e-08
-2.51865e-09
1.66052e-08
-2.41049e-09
1.78053e-08
-2.27881e-09
1.90135e-08
-2.12204e-09
2.02201e-08
-1.9387e-09
2.14133e-08
-1.7275e-09
2.25792e-08
-1.48744e-09
2.37022e-08
-1.21788e-09
2.47645e-08
-9.18685e-10
2.57464e-08
-5.90282e-10
2.66268e-08
-2.33896e-10
2.73833e-08
1.48508e-10
2.7993e-08
5.54393e-10
2.84343e-08
9.79891e-10
2.8683e-08
1.42058e-09
2.87186e-08
1.87122e-09
2.85229e-08
2.32582e-09
2.80815e-08
2.77762e-09
2.73847e-08
3.21942e-09
2.64269e-08
3.64377e-09
2.52078e-08
4.04319e-09
2.37325e-08
4.41043e-09
2.2012e-08
4.73859e-09
2.00636e-08
5.02146e-09
1.79097e-08
5.25366e-09
1.5578e-08
5.43077e-09
1.31011e-08
5.54944e-09
1.05154e-08
5.60756e-09
7.85948e-09
5.60423e-09
5.17393e-09
5.53983e-09
2.49962e-09
5.41606e-09
-1.24223e-10
5.23597e-09
-2.65856e-09
5.00382e-09
-5.06731e-09
4.72459e-09
-7.3166e-09
4.40403e-09
-9.37717e-09
4.04851e-09
-1.12249e-08
3.66475e-09
-1.28411e-08
3.25973e-09
-1.42134e-08
2.84061e-09
-1.53357e-08
2.41435e-09
-1.62069e-08
1.98751e-09
-1.68313e-08
1.56607e-09
-1.7217e-08
1.15523e-09
-1.73787e-08
7.59524e-10
-1.73294e-08
3.82262e-10
-1.70949e-08
2.62599e-11
-1.66833e-08
-3.06785e-10
-1.6137e-08
-6.1571e-10
-1.54431e-08
-9.01315e-10
-1.46708e-08
-1.16192e-09
-1.37623e-08
-1.40129e-09
-1.28365e-08
-1.61438e-09
-1.17555e-08
-1.8091e-09
-1.07211e-08
-1.97198e-09
-9.48239e-09
-2.11715e-09
-8.34564e-09
-2.21774e-09
-6.96531e-09
-2.29618e-09
-5.70126e-09
-2.31492e-09
-4.28279e-09
-2.30529e-09
-2.88992e-09
-2.23986e-09
-1.70149e-09
2.31538e-11
-2.46977e-10
-2.79629e-09
-4.227e-10
-2.85424e-09
-5.46778e-10
-3.19824e-09
-7.02289e-10
-3.55365e-09
-8.29608e-10
-3.61657e-09
-9.64537e-10
-3.68111e-09
-1.07603e-09
-3.53435e-09
-1.18309e-09
-3.40994e-09
-1.27437e-09
-3.1604e-09
-1.35946e-09
-2.93525e-09
-1.43498e-09
-2.63848e-09
-1.50572e-09
-2.34352e-09
-1.5717e-09
-2.01197e-09
-1.63541e-09
-1.6862e-09
-1.69735e-09
-1.3424e-09
-1.7588e-09
-9.96654e-10
-1.82011e-09
-6.3809e-10
-1.88172e-09
-2.72565e-10
-1.94278e-09
1.105e-10
-2.00728e-09
5.25796e-10
-2.0732e-09
9.55792e-10
-2.13996e-09
1.40923e-09
-2.20717e-09
1.89232e-09
-2.27426e-09
2.40924e-09
-2.34053e-09
2.96382e-09
-2.40513e-09
3.55954e-09
-2.46711e-09
4.19874e-09
-2.52537e-09
4.88312e-09
-2.57874e-09
5.61383e-09
-2.626e-09
6.39173e-09
-2.66591e-09
7.21684e-09
-2.69719e-09
8.08885e-09
-2.71856e-09
9.0067e-09
-2.7287e-09
9.96906e-09
-2.72627e-09
1.09738e-08
-2.70987e-09
1.20184e-08
-2.6781e-09
1.30995e-08
-2.62946e-09
1.42133e-08
-2.56243e-09
1.53547e-08
-2.47545e-09
1.65182e-08
-2.36694e-09
1.76968e-08
-2.23532e-09
1.88819e-08
-2.07909e-09
2.00639e-08
-1.89685e-09
2.1231e-08
-1.68739e-09
2.23697e-08
-1.44978e-09
2.34646e-08
-1.18342e-09
2.44982e-08
-8.88261e-10
2.54513e-08
-5.64823e-10
2.63033e-08
-2.14276e-10
2.70327e-08
1.61346e-10
2.76174e-08
5.59503e-10
2.80361e-08
9.76452e-10
2.8266e-08
1.40786e-09
2.82872e-08
1.84865e-09
2.80821e-08
2.293e-09
2.76372e-08
2.73433e-09
2.69434e-08
3.16565e-09
2.59956e-08
3.57972e-09
2.47937e-08
3.96933e-09
2.33429e-08
4.32746e-09
2.16539e-08
4.64747e-09
1.97436e-08
4.92334e-09
1.76338e-08
5.14985e-09
1.53515e-08
5.32267e-09
1.29283e-08
5.4385e-09
1.03995e-08
5.49534e-09
7.80264e-09
5.49233e-09
5.17694e-09
5.42988e-09
2.56207e-09
5.30957e-09
-3.91303e-12
5.13433e-09
-2.48332e-09
4.90842e-09
-4.8414e-09
4.63661e-09
-7.04479e-09
4.32445e-09
-9.06501e-09
3.9781e-09
-1.08786e-08
3.60405e-09
-1.24671e-08
3.20899e-09
-1.38184e-08
2.79992e-09
-1.49266e-08
2.38359e-09
-1.57906e-08
1.96636e-09
-1.64141e-08
1.55408e-09
-1.68047e-08
1.15178e-09
-1.69763e-08
7.63934e-10
-1.69416e-08
3.93741e-10
-1.67247e-08
4.41342e-11
-1.63337e-08
-2.83428e-10
-1.58095e-08
-5.87509e-10
-1.5139e-08
-8.68962e-10
-1.43894e-08
-1.12591e-09
-1.35054e-08
-1.36209e-09
-1.26004e-08
-1.5724e-09
-1.15452e-08
-1.76452e-09
-1.0529e-08
-1.92552e-09
-9.32141e-09
-2.0688e-09
-8.2024e-09
-2.1693e-09
-6.86484e-09
-2.24779e-09
-5.62279e-09
-2.27018e-09
-4.26042e-09
-2.26479e-09
-2.89534e-09
-2.20744e-09
-1.75886e-09
-6.87964e-11
-8.74646e-09
-1.88534e-09
-9.90182e-09
-1.69876e-09
-1.10548e-08
-2.04515e-09
-1.24646e-08
-2.1437e-09
-1.37617e-08
-2.31933e-09
-1.51314e-08
-2.31128e-09
-1.63725e-08
-2.29316e-09
-1.76045e-08
-2.17792e-09
-1.87375e-08
-2.02732e-09
-1.98442e-08
-1.82858e-09
-2.08853e-08
-1.59734e-09
-2.18853e-08
-1.34356e-09
-2.28331e-08
-1.06421e-09
-2.37521e-08
-7.67152e-10
-2.46451e-08
-4.49425e-10
-2.55263e-08
-1.15529e-10
-2.6398e-08
2.33597e-10
-2.72691e-08
5.98523e-10
-2.81402e-08
9.81535e-10
-2.89961e-08
1.38174e-09
-2.98447e-08
1.80438e-09
-3.0686e-08
2.25045e-09
-3.15156e-08
2.72191e-09
-3.23267e-08
3.22041e-09
-3.31108e-08
3.74792e-09
-3.38581e-08
4.30679e-09
-3.45576e-08
4.89828e-09
-3.51951e-08
5.52057e-09
-3.57554e-08
6.1742e-09
-3.62234e-08
6.85966e-09
-3.65832e-08
7.57669e-09
-3.68188e-08
8.32439e-09
-3.69135e-08
9.10143e-09
-3.68503e-08
9.90586e-09
-3.66118e-08
1.07354e-08
-3.61804e-08
1.1587e-08
-3.55382e-08
1.24573e-08
-3.4667e-08
1.33421e-08
-3.3549e-08
1.42367e-08
-3.21662e-08
1.51354e-08
-3.05014e-08
1.60319e-08
-2.85384e-08
1.69189e-08
-2.62625e-08
1.7788e-08
-2.36613e-08
1.86298e-08
-2.07257e-08
1.94341e-08
-1.74506e-08
2.01894e-08
-1.38359e-08
2.08834e-08
-9.8877e-09
2.15031e-08
-5.61922e-09
2.20348e-08
-1.05123e-09
2.24647e-08
3.7861e-09
2.27801e-08
8.85702e-09
2.29652e-08
1.41151e-08
2.30079e-08
1.95068e-08
2.28955e-08
2.49734e-08
2.26155e-08
3.04492e-08
2.21613e-08
3.5855e-08
2.15377e-08
4.11079e-08
2.07426e-08
4.61261e-08
1.97755e-08
5.08284e-08
1.86406e-08
5.51361e-08
1.73462e-08
5.89757e-08
1.5904e-08
6.22802e-08
1.43294e-08
6.49909e-08
1.26407e-08
6.706e-08
1.08591e-08
6.84519e-08
9.00761e-09
6.91437e-08
7.11094e-09
6.91258e-08
5.19475e-09
6.84025e-08
3.2854e-09
6.69889e-08
1.40976e-09
6.49192e-08
-4.13677e-10
6.22509e-08
-2.1731e-09
5.90316e-08
-3.82542e-09
5.53216e-08
-5.35501e-09
5.11888e-08
-6.74581e-09
4.67027e-08
-7.981e-09
4.19336e-08
-9.04925e-09
3.69657e-08
-9.9586e-09
3.18782e-08
-1.0703e-08
2.67448e-08
-1.12807e-08
2.1634e-08
-1.16939e-08
1.66064e-08
-1.19487e-08
1.17166e-08
-1.20517e-08
7.00644e-09
-1.20145e-08
2.51695e-09
-1.18442e-08
-1.73405e-09
-1.15584e-08
-5.71452e-09
-1.11585e-08
-9.43302e-09
-1.06708e-08
-1.28527e-08
-1.00857e-08
-1.6013e-08
-9.44003e-09
-1.88495e-08
-8.70867e-09
-2.14398e-08
-7.9388e-09
-2.3662e-08
-7.09932e-09
-2.56369e-08
-6.22748e-09
-2.717e-08
-5.33189e-09
-2.84198e-08
-4.37306e-09
-2.91713e-08
-3.50904e-09
-2.95898e-08
-2.47686e-09
-2.96067e-08
-1.74206e-09
-5.73859e-10
-8.66863e-09
-1.43665e-09
-9.18855e-09
-1.17878e-09
-9.8965e-09
-1.33714e-09
-1.07402e-08
-1.29991e-09
-1.16736e-08
-1.38594e-09
-1.2675e-08
-1.30984e-09
-1.36884e-08
-1.27974e-09
-1.47153e-08
-1.15105e-09
-1.57139e-08
-1.02881e-09
-1.66934e-08
-8.49125e-10
-1.76334e-08
-6.57332e-10
-1.85464e-08
-4.30608e-10
-1.94247e-08
-1.85988e-10
-2.02751e-08
8.31751e-11
-2.10973e-08
3.72679e-10
-2.18941e-08
6.81299e-10
-2.26684e-08
1.00784e-09
-2.34226e-08
1.35269e-09
-2.41572e-08
1.71609e-09
-2.4874e-08
2.09851e-09
-2.55697e-08
2.5001e-09
-2.62407e-08
2.92146e-09
-2.68821e-08
3.36332e-09
-2.74881e-08
3.82641e-09
-2.80516e-08
4.31134e-09
-2.85634e-08
4.81867e-09
-2.90138e-08
5.34867e-09
-2.93943e-08
5.90111e-09
-2.96958e-08
6.47563e-09
-2.99076e-08
7.07151e-09
-3.00187e-08
7.68784e-09
-3.00176e-08
8.32326e-09
-2.98923e-08
8.97615e-09
-2.96308e-08
9.64437e-09
-2.92209e-08
1.03255e-08
-2.86505e-08
1.10166e-08
-2.79076e-08
1.17143e-08
-2.69803e-08
1.24148e-08
-2.58572e-08
1.31136e-08
-2.45276e-08
1.38059e-08
-2.29818e-08
1.44862e-08
-2.12112e-08
1.51483e-08
-1.9209e-08
1.57858e-08
-1.69705e-08
1.63913e-08
-1.44937e-08
1.69572e-08
-1.17795e-08
1.74753e-08
-8.83308e-09
1.7937e-08
-5.66353e-09
1.83336e-08
-2.28482e-09
1.86561e-08
1.28409e-09
1.88958e-08
5.01994e-09
1.90442e-08
8.89239e-09
1.90928e-08
1.28663e-08
1.9034e-08
1.69004e-08
1.88614e-08
2.09464e-08
1.85696e-08
2.49531e-08
1.81546e-08
2.88752e-08
1.76156e-08
3.26635e-08
1.69543e-08
3.62645e-08
1.61745e-08
3.96249e-08
1.52803e-08
4.26933e-08
1.42777e-08
4.5422e-08
1.31753e-08
4.77676e-08
1.19837e-08
4.96928e-08
1.07156e-08
5.11669e-08
9.38493e-09
5.21674e-08
8.0071e-09
5.26799e-08
6.59843e-09
5.26989e-08
5.17583e-09
5.22277e-08
3.75657e-09
5.12796e-08
2.3578e-09
4.98696e-08
9.96366e-10
4.8013e-08
-3.1656e-10
4.57534e-08
-1.56583e-09
4.3133e-08
-2.73458e-09
4.01992e-08
-3.81202e-09
3.70066e-08
-4.78837e-09
3.36131e-08
-5.65578e-09
3.00635e-08
-6.40902e-09
2.64051e-08
-7.04463e-09
2.26861e-08
-7.56158e-09
1.89535e-08
-7.96137e-09
1.52521e-08
-8.24731e-09
1.16235e-08
-8.42302e-09
8.10225e-09
-8.49326e-09
4.72148e-09
-8.46338e-09
1.50351e-09
-8.34043e-09
-1.52417e-09
-8.13081e-09
-4.35342e-09
-7.84155e-09
-6.95765e-09
-7.48143e-09
-9.34376e-09
-7.05388e-09
-1.1478e-08
-6.57437e-09
-1.3385e-08
-6.03185e-09
-1.50187e-08
-5.46559e-09
-1.64182e-08
-4.82802e-09
-1.75348e-08
-4.21526e-09
-1.84114e-08
-3.49656e-09
-1.90459e-08
-2.87452e-09
-1.94335e-08
-2.08931e-09
-1.96666e-08
-1.5089e-09
-7.00125e-10
-1.24966e-08
-1.34111e-09
-1.25989e-08
-1.07649e-09
-1.28519e-08
-1.08421e-09
-1.31708e-08
-9.81018e-10
-1.35869e-08
-9.69939e-10
-1.40478e-08
-8.49036e-10
-1.45593e-08
-7.68316e-10
-1.5096e-08
-6.14407e-10
-1.56553e-08
-4.69613e-10
-1.62258e-08
-2.78775e-10
-1.68037e-08
-7.95568e-11
-1.73816e-08
1.47201e-10
-1.79558e-08
3.88208e-10
-1.85238e-08
6.51046e-10
-1.90814e-08
9.30249e-10
-1.96276e-08
1.22745e-09
-2.01607e-08
1.54088e-09
-2.06788e-08
1.87072e-09
-2.11794e-08
2.21662e-09
-2.16595e-08
2.57863e-09
-2.21163e-08
2.95684e-09
-2.25465e-08
3.35163e-09
-2.2947e-08
3.76381e-09
-2.33137e-08
4.19316e-09
-2.36401e-08
4.63779e-09
-2.39194e-08
5.0979e-09
-2.41441e-08
5.57343e-09
-2.43069e-08
6.06389e-09
-2.43998e-08
6.5686e-09
-2.44149e-08
7.08657e-09
-2.43437e-08
7.61665e-09
-2.41777e-08
8.15731e-09
-2.39084e-08
8.70686e-09
-2.35272e-08
9.26321e-09
-2.30257e-08
9.82404e-09
-2.23958e-08
1.03867e-08
-2.16295e-08
1.09481e-08
-2.07196e-08
1.15049e-08
-1.96594e-08
1.20534e-08
-1.84431e-08
1.25896e-08
-1.70659e-08
1.3109e-08
-1.55245e-08
1.36069e-08
-1.38168e-08
1.40781e-08
-1.19427e-08
1.45173e-08
-9.90437e-09
1.49189e-08
-7.70602e-09
1.52769e-08
-5.35458e-09
1.55856e-08
-2.85973e-09
1.58387e-08
-2.34046e-10
1.60305e-08
2.50612e-09
1.61557e-08
5.34328e-09
1.62071e-08
8.25603e-09
1.618e-08
1.12201e-08
1.60699e-08
1.42069e-08
1.58746e-08
1.71833e-08
1.55931e-08
2.01141e-08
1.52238e-08
2.29636e-08
1.47661e-08
2.56968e-08
1.4221e-08
2.82804e-08
1.3591e-08
3.0681e-08
1.28797e-08
3.28665e-08
1.20922e-08
3.48066e-08
1.12351e-08
3.64743e-08
1.0316e-08
3.7846e-08
9.34382e-09
3.89027e-08
8.32825e-09
3.96299e-08
7.27986e-09
4.00185e-08
6.20979e-09
4.00648e-08
5.12955e-09
3.97705e-08
4.05084e-09
3.91431e-08
2.98523e-09
3.81954e-08
1.94398e-09
3.69406e-08
9.3825e-10
3.53968e-08
-2.20026e-11
3.35982e-08
-9.36015e-10
3.15671e-08
-1.78089e-09
2.93303e-08
-2.55157e-09
2.69237e-08
-3.24921e-09
2.43829e-08
-3.86816e-09
2.1743e-08
-4.40472e-09
1.90384e-08
-4.85699e-09
1.63014e-08
-5.22436e-09
1.35617e-08
-5.50753e-09
1.08469e-08
-5.7082e-09
8.18263e-09
-5.82891e-09
5.59234e-09
-5.87301e-09
3.09629e-09
-5.84431e-09
7.13161e-10
-5.74759e-09
-1.54217e-09
-5.58613e-09
-3.65489e-09
-5.36861e-09
-5.6157e-09
-5.09298e-09
-7.41245e-09
-4.77754e-09
-9.03874e-09
-4.40548e-09
-1.04864e-08
-4.01789e-09
-1.17483e-08
-3.566e-09
-1.28292e-08
-3.13429e-09
-1.37073e-08
-2.6185e-09
-1.44105e-08
-2.17124e-09
-1.48916e-08
-1.60813e-09
-1.5223e-08
-1.17752e-09
-6.43255e-10
-9.91064e-09
-1.19701e-09
-1.00766e-08
-9.10666e-10
-1.03302e-08
-8.30716e-10
-1.06209e-08
-6.90411e-10
-1.09811e-08
-6.09885e-10
-1.13701e-08
-4.60078e-10
-1.18038e-08
-3.34786e-10
-1.22548e-08
-1.63551e-10
-1.27282e-08
3.68766e-12
-1.32106e-08
2.03522e-10
-1.37011e-08
4.10815e-10
-1.41929e-08
6.3893e-10
-1.46843e-08
8.79538e-10
-1.51703e-08
1.13693e-09
-1.56483e-08
1.40815e-09
-1.6115e-08
1.69414e-09
-1.65681e-08
1.9939e-09
-1.70048e-08
2.30739e-09
-1.74224e-08
2.63422e-09
-1.7818e-08
2.9742e-09
-1.81882e-08
3.32702e-09
-1.85291e-08
3.69246e-09
-1.88356e-08
4.07027e-09
-1.91026e-08
4.4602e-09
-1.93266e-08
4.86176e-09
-1.9503e-08
5.2744e-09
-1.96271e-08
5.69746e-09
-1.96933e-08
6.13012e-09
-1.96961e-08
6.57147e-09
-1.96299e-08
7.02033e-09
-1.94887e-08
7.47546e-09
-1.92666e-08
7.9353e-09
-1.89579e-08
8.39819e-09
-1.85569e-08
8.86218e-09
-1.8058e-08
9.32514e-09
-1.7456e-08
9.7847e-09
-1.67461e-08
1.02382e-08
-1.59241e-08
1.06829e-08
-1.49863e-08
1.11156e-08
-1.39298e-08
1.15331e-08
-1.27527e-08
1.19319e-08
-1.14541e-08
1.23084e-08
-1.00345e-08
1.26585e-08
-8.49573e-09
1.29786e-08
-6.84113e-09
1.32643e-08
-5.07588e-09
1.35117e-08
-3.20695e-09
1.37167e-08
-1.24335e-09
1.38751e-08
8.03768e-10
1.39833e-08
2.92191e-09
1.40375e-08
5.09494e-09
1.40341e-08
7.30503e-09
1.39699e-08
9.53252e-09
1.38425e-08
1.17574e-08
1.36497e-08
1.396e-08
1.33905e-08
1.61188e-08
1.3065e-08
1.82102e-08
1.26747e-08
2.02098e-08
1.22214e-08
2.20938e-08
1.17069e-08
2.38394e-08
1.11341e-08
2.54248e-08
1.05068e-08
2.683e-08
9.82987e-09
2.80372e-08
9.1088e-09
2.90311e-08
8.34996e-09
2.97991e-08
7.56023e-09
3.03319e-08
6.74701e-09
3.06236e-08
5.91806e-09
3.06718e-08
5.08142e-09
3.04774e-08
4.24519e-09
3.00451e-08
3.41749e-09
2.93829e-08
2.60617e-09
2.85023e-08
1.81889e-09
2.74173e-08
1.06295e-09
2.61361e-08
3.45217e-10
2.46887e-08
-3.33553e-10
2.31006e-08
-9.63421e-10
2.13902e-08
-1.5388e-09
1.95787e-08
-2.05662e-09
1.76881e-08
-2.51416e-09
1.5741e-08
-2.90983e-09
1.376e-08
-3.24335e-09
1.17676e-08
-3.51511e-09
9.78525e-09
-3.72576e-09
7.83266e-09
-3.87626e-09
5.92806e-09
-3.96834e-09
4.08797e-09
-4.00414e-09
2.32692e-09
-3.98645e-09
6.58859e-10
-3.91797e-09
-9.06143e-10
-3.80351e-09
-2.35581e-09
-3.6432e-09
-3.6838e-09
-3.44944e-09
-4.87924e-09
-3.20994e-09
-5.94702e-09
-2.95e-09
-6.86997e-09
-2.64296e-09
-7.66607e-09
-2.3381e-09
-8.30675e-09
-1.97772e-09
-8.83075e-09
-1.64717e-09
-9.18999e-09
-1.24878e-09
-9.44385e-09
-9.23564e-10
-5.81972e-10
-1.10323e-08
-1.22208e-09
-1.10086e-08
-9.3449e-10
-1.10557e-08
-7.83734e-10
-1.11351e-08
-6.11148e-10
-1.1273e-08
-4.72081e-10
-1.14391e-08
-2.94067e-10
-1.16467e-08
-1.27345e-10
-1.18765e-08
6.6064e-11
-1.21316e-08
2.58691e-10
-1.23988e-08
4.70612e-10
-1.26784e-08
6.90337e-10
-1.29643e-08
9.24696e-10
-1.32542e-08
1.16937e-09
-1.3544e-08
1.42659e-09
-1.38308e-08
1.69488e-09
-1.41113e-08
1.97463e-09
-1.43829e-08
2.26535e-09
-1.46424e-08
2.56684e-09
-1.4887e-08
2.87883e-09
-1.51138e-08
3.20098e-09
-1.53199e-08
3.53306e-09
-1.55021e-08
3.87465e-09
-1.56577e-08
4.22579e-09
-1.57845e-08
4.587e-09
-1.58776e-08
4.95485e-09
-1.59326e-08
5.32943e-09
-1.59455e-08
5.71033e-09
-1.5912e-08
6.09664e-09
-1.5828e-08
6.48745e-09
-1.56892e-08
6.88153e-09
-1.54914e-08
7.27764e-09
-1.52304e-08
7.6743e-09
-1.49021e-08
8.06994e-09
-1.45027e-08
8.46282e-09
-1.40286e-08
8.85103e-09
-1.34765e-08
9.23255e-09
-1.28433e-08
9.60512e-09
-1.21268e-08
9.96642e-09
-1.13252e-08
1.03139e-08
-1.04371e-08
1.06451e-08
-9.46229e-09
1.09571e-08
-8.4011e-09
1.12472e-08
-7.25493e-09
1.15124e-08
-6.02618e-09
1.17498e-08
-4.71837e-09
1.19565e-08
-3.33618e-09
1.21295e-08
-1.88554e-09
1.2266e-08
-3.73574e-10
1.23632e-08
1.19107e-09
1.24187e-08
2.79903e-09
1.24296e-08
4.43919e-09
1.23939e-08
6.09911e-09
1.231e-08
7.76482e-09
1.21768e-08
9.42085e-09
1.19937e-08
1.10509e-08
1.17605e-08
1.26387e-08
1.14773e-08
1.41685e-08
1.11449e-08
1.56252e-08
1.07647e-08
1.69936e-08
1.03386e-08
1.82586e-08
9.86908e-09
1.94062e-08
9.35929e-09
2.04232e-08
8.81288e-09
2.12979e-08
8.23408e-09
2.20204e-08
7.6275e-09
2.25824e-08
6.99818e-09
2.29779e-08
6.35149e-09
2.3203e-08
5.69302e-09
2.32558e-08
5.02854e-09
2.31372e-08
4.36386e-09
2.28498e-08
3.70483e-09
2.23989e-08
3.0571e-09
2.17916e-08
2.42622e-09
2.10372e-08
1.81733e-09
2.0147e-08
1.23541e-09
1.91292e-08
6.84258e-10
1.79985e-08
1.67326e-10
1.6769e-08
-3.09275e-10
1.54578e-08
-7.45405e-10
1.40821e-08
-1.13836e-09
1.26585e-08
-1.48618e-09
1.12029e-08
-1.78775e-09
9.73033e-09
-2.04248e-09
8.25515e-09
-2.25051e-09
6.79126e-09
-2.41231e-09
5.35195e-09
-2.52895e-09
3.94964e-09
-2.60174e-09
2.59585e-09
-2.63257e-09
1.30132e-09
-2.62335e-09
7.4565e-11
-2.57666e-09
-1.07464e-09
-2.4939e-09
-2.14338e-09
-2.3806e-09
-3.11855e-09
-2.23466e-09
-4.00092e-09
-2.06753e-09
-4.77484e-09
-1.86893e-09
-5.45076e-09
-1.66208e-09
-6.00641e-09
-1.42198e-09
-6.46367e-09
-1.18981e-09
-6.79049e-09
-9.21854e-10
-7.01834e-09
-6.95598e-10
-4.98263e-10
-8.79168e-09
-1.32152e-09
-8.68775e-09
-1.0385e-09
-8.6587e-09
-8.12879e-10
-8.66444e-09
-6.05496e-10
-8.72919e-09
-4.07411e-10
-8.82218e-09
-2.01166e-10
-8.95324e-09
3.62693e-12
-9.10826e-09
2.21002e-10
-9.29075e-09
4.411e-10
-9.49008e-09
6.69859e-10
-9.7047e-09
9.04877e-10
-9.92852e-09
1.14843e-09
-1.01589e-08
1.39966e-09
-1.03917e-08
1.65931e-09
-1.06239e-08
1.9271e-09
-1.08525e-08
2.20313e-09
-1.10744e-08
2.48725e-09
-1.12869e-08
2.77925e-09
-1.14871e-08
3.07896e-09
-1.16721e-08
3.38598e-09
-1.18391e-08
3.70006e-09
-1.19852e-08
4.02068e-09
-1.21068e-08
4.34743e-09
-1.21996e-08
4.6797e-09
-1.22617e-08
5.01692e-09
-1.22905e-08
5.35829e-09
-1.22832e-08
5.70304e-09
-1.22368e-08
6.05023e-09
-1.21483e-08
6.39887e-09
-1.20146e-08
6.74783e-09
-1.18328e-08
7.09589e-09
-1.16002e-08
7.44174e-09
-1.13142e-08
7.78391e-09
-1.09723e-08
8.1209e-09
-1.05723e-08
8.45101e-09
-1.01122e-08
8.77252e-09
-9.59061e-09
9.08351e-09
-9.00629e-09
9.38211e-09
-8.35857e-09
9.66624e-09
-7.64731e-09
9.93384e-09
-6.87295e-09
1.01827e-08
-6.03656e-09
1.04108e-08
-5.13994e-09
1.06158e-08
-4.18563e-09
1.07955e-08
-3.17697e-09
1.09479e-08
-2.11816e-09
1.10707e-08
-1.01424e-09
1.11621e-08
1.28803e-10
1.12202e-08
1.30441e-09
1.12431e-08
2.50472e-09
1.12293e-08
3.72134e-09
1.11773e-08
4.94527e-09
1.10861e-08
6.16714e-09
1.09549e-08
7.37738e-09
1.07834e-08
8.56566e-09
1.05722e-08
9.72084e-09
1.03221e-08
1.08316e-08
1.00342e-08
1.18868e-08
9.70947e-09
1.28759e-08
9.3495e-09
1.37887e-08
8.9563e-09
1.46156e-08
8.53236e-09
1.5348e-08
8.08053e-09
1.5978e-08
7.604e-09
1.64992e-08
7.1063e-09
1.69062e-08
6.59119e-09
1.71951e-08
6.06265e-09
1.73632e-08
5.52486e-09
1.74097e-08
4.98206e-09
1.7335e-08
4.43857e-09
1.71412e-08
3.89867e-09
1.68317e-08
3.36657e-09
1.64116e-08
2.84636e-09
1.58871e-08
2.34187e-09
1.52657e-08
1.8568e-09
1.45556e-08
1.39439e-09
1.3765e-08
9.57884e-10
1.29057e-08
5.50097e-10
1.19866e-08
1.73673e-10
1.10216e-08
-1.73346e-10
1.00209e-08
-4.85451e-10
8.99491e-09
-7.61692e-10
7.95427e-09
-1.0018e-09
6.90983e-09
-1.20603e-09
5.87213e-09
-1.37457e-09
4.85117e-09
-1.50794e-09
3.85614e-09
-1.60666e-09
2.89528e-09
-1.67165e-09
1.97628e-09
-1.70429e-09
1.10588e-09
-1.70619e-09
2.91029e-10
-1.67897e-09
-4.6447e-10
-1.62503e-09
-1.1538e-09
-1.54525e-09
-1.77732e-09
-1.44393e-09
-2.32616e-09
-1.32002e-09
-2.80745e-09
-1.18072e-09
-3.20766e-09
-1.02168e-09
-3.54353e-09
-8.53868e-10
-3.79375e-09
-6.71545e-10
-3.98401e-09
-5.05239e-10
-4.09453e-10
-7.33769e-09
-1.28698e-09
-7.38652e-09
-9.89746e-10
-7.44288e-09
-7.56598e-10
-7.50928e-09
-5.39181e-10
-7.58824e-09
-3.28518e-10
-7.67915e-09
-1.10332e-10
-7.78328e-09
1.07677e-10
-7.89351e-09
3.3116e-10
-8.01138e-09
5.58892e-10
-8.13473e-09
7.93143e-10
-8.26285e-09
1.03293e-09
-8.39365e-09
1.27918e-09
-8.52568e-09
1.53162e-09
-8.65697e-09
1.79054e-09
-8.78575e-09
2.05583e-09
-8.91013e-09
2.32746e-09
-9.02821e-09
2.60528e-09
-9.1381e-09
2.8891e-09
-9.23785e-09
3.17867e-09
-9.32555e-09
3.47365e-09
-9.39919e-09
3.77367e-09
-9.45684e-09
4.0783e-09
-9.49646e-09
4.38702e-09
-9.51603e-09
4.69925e-09
-9.51339e-09
5.01427e-09
-9.48648e-09
5.33137e-09
-9.43321e-09
5.64975e-09
-9.35166e-09
5.96868e-09
-9.2403e-09
6.28749e-09
-9.09744e-09
6.60497e-09
-8.9204e-09
6.91885e-09
-8.70709e-09
7.22842e-09
-8.45567e-09
7.53249e-09
-8.16453e-09
7.82977e-09
-7.83228e-09
8.11876e-09
-7.45776e-09
8.39799e-09
-7.04009e-09
8.66584e-09
-6.57869e-09
8.92071e-09
-6.07334e-09
9.16089e-09
-5.5242e-09
9.38471e-09
-4.93187e-09
9.59042e-09
-4.29739e-09
9.77631e-09
-3.62229e-09
9.94068e-09
-2.90864e-09
1.00819e-08
-2.15904e-09
1.01983e-08
-1.37663e-09
1.02883e-08
-5.65139e-10
1.03506e-08
2.71166e-10
1.03839e-08
1.12748e-09
1.03868e-08
1.99833e-09
1.03584e-08
2.87779e-09
1.02978e-08
3.75937e-09
1.02045e-08
4.63607e-09
1.00782e-08
5.50044e-09
9.91906e-09
6.34504e-09
9.72758e-09
7.16282e-09
9.50433e-09
7.94687e-09
9.25014e-09
8.69018e-09
8.96616e-09
9.38583e-09
8.65385e-09
1.00272e-08
8.31495e-09
1.0608e-08
7.95153e-09
1.11226e-08
7.56593e-09
1.1566e-08
7.16066e-09
1.19338e-08
6.73851e-09
1.22225e-08
6.30244e-09
1.24296e-08
5.85556e-09
1.25534e-08
5.40109e-09
1.25931e-08
4.94233e-09
1.25491e-08
4.48263e-09
1.24225e-08
4.02531e-09
1.22154e-08
3.57362e-09
1.1931e-08
3.13079e-09
1.15731e-08
2.69979e-09
1.11462e-08
2.28372e-09
1.06553e-08
1.88534e-09
1.01068e-08
1.50637e-09
9.50819e-09
1.14874e-09
8.86739e-09
8.14492e-10
8.18908e-09
5.04996e-10
7.48211e-09
2.21549e-10
6.75368e-09
-3.32241e-11
6.00954e-09
-2.57626e-10
5.25796e-09
-4.54416e-10
4.50647e-09
-6.2303e-10
3.76191e-09
-7.63331e-10
3.031e-09
-8.75701e-10
2.32025e-09
-9.60848e-10
1.6357e-09
-1.01969e-09
9.82926e-10
-1.05336e-09
3.67156e-10
-1.06314e-09
-2.07251e-10
-1.05056e-09
-7.3545e-10
-1.01699e-09
-1.21473e-09
-9.64592e-10
-1.63998e-09
-8.94701e-10
-2.01105e-09
-8.09587e-10
-2.3217e-09
-7.10957e-10
-2.57528e-09
-6.0023e-10
-2.76305e-09
-4.83694e-10
-2.89201e-09
-3.76205e-10
-3.47764e-10
-5.06656e-09
-1.32484e-09
-5.03581e-09
-1.02054e-09
-5.02065e-09
-7.71808e-10
-5.01861e-09
-5.41272e-10
-5.03218e-09
-3.1499e-10
-5.05698e-09
-8.55814e-11
-5.0964e-09
1.47058e-10
-5.14953e-09
3.84249e-10
-5.21486e-09
6.24182e-10
-5.28983e-09
8.6807e-10
-5.37279e-09
1.11585e-09
-5.46166e-09
1.36801e-09
-5.55469e-09
1.62461e-09
-5.65002e-09
1.88584e-09
-5.7459e-09
2.15168e-09
-5.84062e-09
2.42215e-09
-5.93249e-09
2.69713e-09
-6.01986e-09
2.97645e-09
-6.10103e-09
3.25982e-09
-6.17434e-09
3.54695e-09
-6.23812e-09
3.83743e-09
-6.29069e-09
4.13086e-09
-6.33038e-09
4.4267e-09
-6.35555e-09
4.72441e-09
-6.36462e-09
5.02333e-09
-6.35601e-09
5.32275e-09
-6.32812e-09
5.62186e-09
-6.27929e-09
5.91985e-09
-6.20755e-09
6.21575e-09
-6.11118e-09
6.5086e-09
-5.98961e-09
6.79728e-09
-5.84191e-09
7.08072e-09
-5.6671e-09
7.35768e-09
-5.4643e-09
7.62696e-09
-5.23276e-09
7.88722e-09
-4.9719e-09
8.13714e-09
-4.68137e-09
8.37531e-09
-4.36101e-09
8.60035e-09
-4.01092e-09
8.8108e-09
-3.63145e-09
9.00524e-09
-3.22326e-09
9.18223e-09
-2.78729e-09
9.34035e-09
-2.32481e-09
9.47821e-09
-1.83742e-09
9.59448e-09
-1.32703e-09
9.68788e-09
-7.95923e-10
9.75722e-09
-2.46674e-10
9.80138e-09
3.17689e-10
9.81949e-09
8.93792e-10
9.8107e-09
1.47793e-09
9.77427e-09
2.06614e-09
9.70964e-09
2.65429e-09
9.61636e-09
3.23811e-09
9.49438e-09
3.81333e-09
9.34384e-09
4.37532e-09
9.16558e-09
4.91914e-09
8.96051e-09
5.43993e-09
8.72935e-09
5.93304e-09
8.47305e-09
6.39403e-09
8.19286e-09
6.81874e-09
7.89024e-09
7.20316e-09
7.56711e-09
7.54364e-09
7.22545e-09
7.83709e-09
6.8672e-09
8.08088e-09
6.49473e-09
8.27289e-09
6.11043e-09
8.41155e-09
5.7169e-09
8.49589e-09
5.31675e-09
8.52553e-09
4.91269e-09
8.50075e-09
4.50742e-09
8.42241e-09
4.10365e-09
8.29202e-09
3.70402e-09
8.11169e-09
3.31112e-09
7.88399e-09
2.9275e-09
7.61223e-09
2.55548e-09
7.30042e-09
2.19716e-09
6.95224e-09
1.85456e-09
6.57151e-09
1.52949e-09
6.16236e-09
1.22365e-09
5.72897e-09
9.38407e-10
5.27546e-09
6.75073e-10
4.80752e-09
4.34739e-10
4.33159e-09
2.18326e-10
3.85034e-09
2.68547e-11
3.37401e-09
-1.46674e-10
2.90485e-09
-2.9415e-10
2.44644e-09
-4.17263e-10
2.00256e-09
-5.16933e-10
1.57694e-09
-5.94045e-10
1.17321e-09
-6.49594e-10
7.94734e-10
-6.84637e-10
4.44613e-10
-7.00403e-10
1.25845e-10
-6.98186e-10
-1.59087e-10
-6.79621e-10
-4.0749e-10
-6.46258e-10
-6.16957e-10
-6.00078e-10
-7.85269e-10
-5.42602e-10
-9.09077e-10
-4.76379e-10
-9.87769e-10
-4.04953e-10
-1.01566e-09
-3.48266e-10
-3.55959e-10
-3.58195e-09
-1.35965e-09
-3.54748e-09
-1.05505e-09
-3.53186e-09
-7.87473e-10
-3.52727e-09
-5.45898e-10
-3.53703e-09
-3.05261e-10
-3.55729e-09
-6.53556e-11
-3.58432e-09
1.74049e-10
-3.61492e-09
4.14818e-10
-3.64942e-09
6.5865e-10
-3.6867e-09
9.05328e-10
-3.72606e-09
1.15518e-09
-3.76655e-09
1.40848e-09
-3.80738e-09
1.66541e-09
-3.84765e-09
1.9261e-09
-3.88654e-09
2.19054e-09
-3.9232e-09
2.4588e-09
-3.95694e-09
2.73084e-09
-3.98692e-09
3.00641e-09
-4.01228e-09
3.28516e-09
-4.03217e-09
3.56683e-09
-4.04574e-09
3.85099e-09
-4.05218e-09
4.13729e-09
-4.05072e-09
4.42523e-09
-4.04058e-09
4.71427e-09
-4.021e-09
5.00374e-09
-3.99123e-09
5.29297e-09
-3.95053e-09
5.58116e-09
-3.89818e-09
5.8675e-09
-3.8335e-09
6.15106e-09
-3.75581e-09
6.4309e-09
-3.66448e-09
6.70595e-09
-3.55892e-09
6.97516e-09
-3.4386e-09
7.23736e-09
-3.30305e-09
7.49142e-09
-3.15194e-09
7.73611e-09
-2.98492e-09
7.97012e-09
-2.80169e-09
8.19208e-09
-2.60209e-09
8.40075e-09
-2.38614e-09
8.59486e-09
-2.15405e-09
8.77315e-09
-1.90618e-09
8.93436e-09
-1.64309e-09
9.07726e-09
-1.36554e-09
9.20066e-09
-1.07447e-09
9.30342e-09
-7.71028e-10
9.38443e-09
-4.56449e-10
9.44264e-09
-1.31995e-10
9.47692e-09
2.0049e-10
9.48701e-09
5.3879e-10
9.4724e-09
8.80684e-10
9.43238e-09
1.22387e-09
9.36645e-09
1.56588e-09
9.27436e-09
1.90419e-09
9.15607e-09
2.23637e-09
9.01167e-09
2.55949e-09
8.84247e-09
2.8708e-09
8.6492e-09
3.1682e-09
8.43195e-09
3.4494e-09
8.19186e-09
3.71214e-09
7.93013e-09
3.95442e-09
7.64795e-09
4.17372e-09
7.34781e-09
4.36772e-09
7.03147e-09
4.53494e-09
6.69998e-09
4.67405e-09
6.35562e-09
4.78384e-09
6.00065e-09
4.86341e-09
5.63734e-09
4.91216e-09
5.268e-09
4.92984e-09
4.89502e-09
4.91651e-09
4.52076e-09
4.87256e-09
4.1476e-09
4.79879e-09
3.7778e-09
4.69627e-09
3.41365e-09
4.56613e-09
3.05765e-09
4.40945e-09
2.71218e-09
4.22787e-09
2.37876e-09
4.02375e-09
2.05869e-09
3.79953e-09
1.75372e-09
3.55793e-09
1.46526e-09
3.30171e-09
1.19465e-09
3.03375e-09
9.43045e-10
2.75725e-09
7.11257e-10
2.47577e-09
4.99821e-10
2.19361e-09
3.09029e-10
1.9085e-09
1.38465e-10
1.62481e-09
-1.04269e-11
1.34172e-09
-1.34152e-10
1.064e-09
-2.39193e-10
7.94872e-10
-3.24889e-10
5.37107e-10
-3.91803e-10
2.93152e-10
-4.40656e-10
6.51458e-11
-4.7237e-10
-1.4507e-10
-4.87943e-10
-3.35767e-10
-4.88895e-10
-5.05034e-10
-4.76962e-10
-6.51459e-10
-4.53625e-10
-7.73416e-10
-4.20615e-10
-8.69972e-10
-3.79793e-10
-9.39579e-10
-3.35313e-10
-9.82425e-10
-3.05387e-10
-3.35638e-10
-7.63719e-10
-7.57108e-10
-7.53701e-10
-7.52929e-10
-7.54599e-10
-7.57537e-10
-7.64018e-10
-7.7415e-10
-7.87665e-10
-8.04023e-10
-8.22781e-10
-8.4348e-10
-8.65697e-10
-8.88982e-10
-9.1288e-10
-9.36968e-10
-9.60924e-10
-9.84334e-10
-1.00676e-09
-1.02777e-09
-1.04696e-09
-1.06393e-09
-1.07832e-09
-1.08976e-09
-1.0979e-09
-1.10235e-09
-1.10277e-09
-1.09879e-09
-1.09009e-09
-1.07635e-09
-1.05731e-09
-1.03272e-09
-1.00236e-09
-9.66048e-10
-9.23643e-10
-8.75121e-10
-8.20582e-10
-7.6015e-10
-6.9396e-10
-6.22188e-10
-5.45055e-10
-4.62834e-10
-3.75872e-10
-2.84555e-10
-1.89368e-10
-9.07122e-11
1.10589e-11
1.1534e-10
2.2122e-10
3.27921e-10
4.34759e-10
5.40996e-10
6.46023e-10
7.49236e-10
8.4954e-10
9.45789e-10
1.03734e-09
1.12349e-09
1.20361e-09
1.27721e-09
1.34335e-09
1.40113e-09
1.45028e-09
1.49049e-09
1.52137e-09
1.54269e-09
1.55427e-09
1.55609e-09
1.5482e-09
1.53083e-09
1.50436e-09
1.46934e-09
1.42621e-09
1.37582e-09
1.31913e-09
1.25671e-09
1.18912e-09
1.11692e-09
1.04077e-09
9.61474e-10
8.79786e-10
7.96415e-10
7.11991e-10
6.2662e-10
5.41621e-10
4.61898e-10
3.86188e-10
3.14506e-10
2.47115e-10
1.84337e-10
1.26389e-10
7.33613e-11
2.52463e-11
-1.76001e-11
-5.57258e-11
-8.8625e-11
-1.18252e-10
-1.42951e-10
-1.66561e-10
)
;

boundaryField
{
    inlet_water
    {
        type            calculated;
        value           nonuniform List<scalar> 
50
(
-8.15251e-07
-2.40179e-06
-3.94423e-06
-5.44226e-06
-6.89562e-06
-8.30401e-06
-9.66719e-06
-1.09849e-05
-1.22568e-05
-1.34829e-05
-1.46627e-05
-1.57962e-05
-1.68832e-05
-1.79236e-05
-1.89171e-05
-1.98638e-05
-2.07636e-05
-2.16163e-05
-2.2422e-05
-2.31806e-05
-2.38922e-05
-2.45567e-05
-2.51743e-05
-2.57449e-05
-2.62687e-05
-2.67456e-05
-2.71756e-05
-2.75588e-05
-2.78949e-05
-2.81835e-05
-2.84238e-05
-2.86149e-05
-2.87571e-05
-2.88537e-05
-2.89135e-05
-2.89491e-05
-2.89724e-05
-2.89914e-05
-2.90089e-05
-2.9025e-05
-2.90396e-05
-2.90528e-05
-2.90645e-05
-2.90747e-05
-2.90835e-05
-2.90908e-05
-2.90967e-05
-2.91011e-05
-2.9104e-05
-2.91055e-05
)
;
    }
    inlet_air
    {
        type            calculated;
        value           nonuniform List<scalar> 
60
(
-2.91055e-05
-2.35109e-05
-1.82183e-05
-1.35191e-05
-9.59367e-06
-6.50313e-06
-4.20675e-06
-2.59453e-06
-1.524e-06
-8.51146e-07
-4.5051e-07
-2.24327e-07
-1.03495e-07
-4.34798e-08
-1.71451e-08
-7.42624e-09
-4.53208e-09
-3.89262e-09
-3.81537e-09
-3.80377e-09
-3.74943e-09
-3.6447e-09
-3.50128e-09
-3.33131e-09
-3.14422e-09
-2.94709e-09
-2.74537e-09
-2.54339e-09
-2.34442e-09
-2.15007e-09
-1.95742e-09
-1.74888e-09
-1.46546e-09
-9.62195e-10
3.10073e-12
5.3248e-12
4.76722e-12
4.2684e-12
3.84637e-12
3.48491e-12
3.17366e-12
2.90487e-12
2.67248e-12
2.47182e-12
2.29927e-12
2.15205e-12
2.03311e-12
3.26874e-12
5.29117e-11
1.07934e-10
7.83723e-09
8.22058e-09
1.24011e-08
9.76637e-09
1.10571e-08
8.89087e-09
7.30292e-09
5.10427e-09
3.61665e-09
7.71475e-10
)
;
    }
    outlet_water
    {
        type            calculated;
        value           nonuniform List<scalar> 
50
(
8.16742e-07
2.4062e-06
3.95148e-06
5.45227e-06
6.90828e-06
8.31921e-06
9.68479e-06
1.10047e-05
1.22788e-05
1.35067e-05
1.46883e-05
1.58234e-05
1.69118e-05
1.79532e-05
1.89477e-05
1.98951e-05
2.07953e-05
2.16483e-05
2.24539e-05
2.32123e-05
2.39234e-05
2.45873e-05
2.52039e-05
2.57734e-05
2.62957e-05
2.67711e-05
2.71994e-05
2.75806e-05
2.79145e-05
2.82008e-05
2.84386e-05
2.86271e-05
2.87666e-05
2.88608e-05
2.8919e-05
2.89537e-05
2.89767e-05
2.89956e-05
2.90131e-05
2.90291e-05
2.90437e-05
2.90567e-05
2.90684e-05
2.90786e-05
2.90873e-05
2.90946e-05
2.91004e-05
2.91047e-05
2.91076e-05
2.91091e-05
)
;
    }
    outlet_air
    {
        type            calculated;
        value           nonuniform List<scalar> 
60
(
2.91091e-05
2.34119e-05
1.80546e-05
1.33328e-05
9.41945e-06
6.36202e-06
4.1058e-06
2.53032e-06
1.4876e-06
8.32503e-07
4.4132e-07
2.18992e-07
9.84034e-08
3.53774e-08
1.50524e-10
-3.07541e-09
-4.27449e-09
-4.58478e-09
-4.54904e-09
-4.40205e-09
-4.25738e-09
-4.14584e-09
-4.04918e-09
-3.93257e-09
-3.76939e-09
-3.5618e-09
-3.33356e-09
-3.1094e-09
-2.92722e-09
-2.80109e-09
-2.71963e-09
-2.66531e-09
-2.62496e-09
-2.59097e-09
-2.55959e-09
-2.52921e-09
-2.49925e-09
-2.46942e-09
-2.43952e-09
-2.4094e-09
-2.379e-09
-2.34831e-09
-2.31745e-09
-2.28654e-09
-2.25577e-09
-2.22536e-09
-2.19562e-09
-2.16708e-09
-2.14044e-09
-2.11578e-09
-2.91044e-08
-1.95418e-08
-1.52808e-08
-9.50568e-09
-7.10253e-09
-4.0731e-09
-2.95398e-09
-1.00762e-09
-1.00286e-09
-1.80979e-10
)
;
    }
    lowerWall
    {
        type            calculated;
        value           uniform 0;
    }
    atmosphere
    {
        type            calculated;
        value           nonuniform List<scalar> 
100
(
-1.36744e-09
-1.06167e-09
-7.90886e-10
-5.46675e-10
-3.03596e-10
-6.24233e-11
1.80525e-10
4.24945e-10
6.72161e-10
9.21681e-10
1.17393e-09
1.42918e-09
1.68762e-09
1.94938e-09
2.21444e-09
2.48288e-09
2.7548e-09
3.02982e-09
3.30758e-09
3.58784e-09
3.87017e-09
4.15425e-09
4.43962e-09
4.72571e-09
5.01187e-09
5.29742e-09
5.58157e-09
5.86352e-09
6.14236e-09
6.41716e-09
6.68691e-09
6.95057e-09
7.207e-09
7.45511e-09
7.6937e-09
7.92159e-09
8.13754e-09
8.34032e-09
8.52867e-09
8.70138e-09
8.85723e-09
8.99504e-09
9.1137e-09
9.2121e-09
9.28924e-09
9.34399e-09
9.37515e-09
9.38273e-09
9.36653e-09
9.32568e-09
9.25961e-09
9.16812e-09
9.05104e-09
8.90846e-09
8.74217e-09
8.55295e-09
8.34041e-09
8.10571e-09
7.85001e-09
7.57436e-09
7.28168e-09
6.97368e-09
6.65084e-09
6.31541e-09
5.96976e-09
5.61602e-09
5.25642e-09
4.89321e-09
4.52865e-09
4.16498e-09
3.80427e-09
3.44867e-09
3.10078e-09
2.76258e-09
2.43545e-09
2.12112e-09
1.82131e-09
1.53746e-09
1.2708e-09
1.02235e-09
7.92949e-10
5.83197e-10
3.93458e-10
2.23842e-10
7.45638e-11
-5.44249e-11
-1.63479e-10
-2.53203e-10
-3.24407e-10
-3.77873e-10
-4.14417e-10
-4.3491e-10
-4.40775e-10
-4.34111e-10
-4.15494e-10
-3.87711e-10
-3.50161e-10
-3.10609e-10
-2.81773e-10
-3.21257e-10
)
;
    }
    defaultFaces
    {
        type            empty;
        value           nonuniform List<scalar> 0();
    }
}


// ************************************************************************* //
