# Wall shear stress
# Time        	patch         	min           	max           
0.000000e+00	lowerWall	(-8.360964e+00 0.000000e+00 0.000000e+00)	(-8.360964e+00 0.000000e+00 0.000000e+00)
1.000000e+01	lowerWall	(-1.945638e+00 0.000000e+00 -1.229511e-02)	(-1.796762e+00 0.000000e+00 1.217292e-02)
2.000000e+01	lowerWall	(-1.303518e+00 0.000000e+00 -5.593908e-03)	(-1.220585e+00 0.000000e+00 5.550239e-03)
3.000000e+01	lowerWall	(-1.048220e+00 0.000000e+00 -3.628196e-03)	(-9.885575e-01 0.000000e+00 3.606219e-03)
4.000000e+01	lowerWall	(-9.007917e-01 0.000000e+00 -2.658531e-03)	(-8.538531e-01 0.000000e+00 2.635103e-03)
5.000000e+01	lowerWall	(-8.018547e-01 0.000000e+00 -2.074678e-03)	(-7.629626e-01 0.000000e+00 2.046977e-03)
6.000000e+01	lowerWall	(-7.293011e-01 0.000000e+00 -1.681352e-03)	(-6.961914e-01 0.000000e+00 1.654289e-03)
7.000000e+01	lowerWall	(-6.730580e-01 0.000000e+00 -1.398349e-03)	(-6.443675e-01 0.000000e+00 1.374567e-03)
8.000000e+01	lowerWall	(-6.277777e-01 0.000000e+00 -1.186632e-03)	(-6.025819e-01 0.000000e+00 1.167037e-03)
9.000000e+01	lowerWall	(-5.902592e-01 0.000000e+00 -1.023527e-03)	(-5.679277e-01 0.000000e+00 1.008533e-03)
1.000000e+02	lowerWall	(-5.584790e-01 0.000000e+00 -8.952781e-04)	(-5.385669e-01 0.000000e+00 8.839593e-04)
1.100000e+02	lowerWall	(-5.311080e-01 0.000000e+00 -7.924840e-04)	(-5.132715e-01 0.000000e+00 7.838651e-04)
1.200000e+02	lowerWall	(-5.072177e-01 0.000000e+00 -7.088957e-04)	(-4.911815e-01 0.000000e+00 7.018308e-04)
1.300000e+02	lowerWall	(-4.861384e-01 0.000000e+00 -6.395241e-04)	(-4.716786e-01 0.000000e+00 6.334166e-04)
1.400000e+02	lowerWall	(-4.674816e-01 0.000000e+00 -5.809112e-04)	(-4.543009e-01 0.000000e+00 5.755013e-04)
1.500000e+02	lowerWall	(-4.524324e-01 0.000000e+00 -5.306877e-04)	(-4.386965e-01 0.000000e+00 5.258485e-04)
1.600000e+02	lowerWall	(-4.388345e-01 0.000000e+00 -4.871648e-04)	(-4.245913e-01 0.000000e+00 4.828558e-04)
1.700000e+02	lowerWall	(-4.264694e-01 0.000000e+00 -4.490827e-04)	(-4.117675e-01 0.000000e+00 4.452957e-04)
1.800000e+02	lowerWall	(-4.151617e-01 0.000000e+00 -4.154851e-04)	(-3.999612e-01 0.000000e+00 4.122073e-04)
1.900000e+02	lowerWall	(-4.047694e-01 0.000000e+00 -3.857678e-04)	(-3.889677e-01 0.000000e+00 3.828671e-04)
2.000000e+02	lowerWall	(-3.951763e-01 0.000000e+00 -3.593222e-04)	(-3.788465e-01 0.000000e+00 3.567022e-04)
2.100000e+02	lowerWall	(-3.862845e-01 0.000000e+00 -3.356307e-04)	(-3.694930e-01 0.000000e+00 3.332070e-04)
2.200000e+02	lowerWall	(-3.780135e-01 0.000000e+00 -3.143747e-04)	(-3.608178e-01 0.000000e+00 3.120694e-04)
2.300000e+02	lowerWall	(-3.702947e-01 0.000000e+00 -2.952085e-04)	(-3.527265e-01 0.000000e+00 2.929630e-04)
2.400000e+02	lowerWall	(-3.630691e-01 0.000000e+00 -2.776014e-04)	(-3.451866e-01 0.000000e+00 2.756550e-04)
2.500000e+02	lowerWall	(-3.562873e-01 0.000000e+00 -2.614624e-04)	(-3.381471e-01 0.000000e+00 2.599052e-04)
2.600000e+02	lowerWall	(-3.499052e-01 0.000000e+00 -2.467602e-04)	(-3.315549e-01 0.000000e+00 2.455832e-04)
2.700000e+02	lowerWall	(-3.438860e-01 0.000000e+00 -2.333095e-04)	(-3.253634e-01 0.000000e+00 2.324869e-04)
2.800000e+02	lowerWall	(-3.381961e-01 0.000000e+00 -2.209897e-04)	(-3.195362e-01 0.000000e+00 2.203761e-04)
2.900000e+02	lowerWall	(-3.328074e-01 0.000000e+00 -2.096419e-04)	(-3.140398e-01 0.000000e+00 2.090492e-04)
3.000000e+02	lowerWall	(-3.276940e-01 0.000000e+00 -1.990974e-04)	(-3.088401e-01 0.000000e+00 1.985371e-04)
3.100000e+02	lowerWall	(-3.228335e-01 0.000000e+00 -1.893653e-04)	(-3.039230e-01 0.000000e+00 1.888757e-04)
3.200000e+02	lowerWall	(-3.182058e-01 0.000000e+00 -1.803495e-04)	(-2.992630e-01 0.000000e+00 1.799796e-04)
3.300000e+02	lowerWall	(-3.137935e-01 0.000000e+00 -1.719806e-04)	(-2.948410e-01 0.000000e+00 1.717127e-04)
3.400000e+02	lowerWall	(-3.095799e-01 0.000000e+00 -1.642310e-04)	(-2.906362e-01 0.000000e+00 1.639873e-04)
3.500000e+02	lowerWall	(-3.055513e-01 0.000000e+00 -1.569465e-04)	(-2.866369e-01 0.000000e+00 1.567275e-04)
3.600000e+02	lowerWall	(-3.016941e-01 0.000000e+00 -1.501539e-04)	(-2.828276e-01 0.000000e+00 1.499559e-04)
3.700000e+02	lowerWall	(-2.979972e-01 0.000000e+00 -1.438065e-04)	(-2.791935e-01 0.000000e+00 1.435721e-04)
3.800000e+02	lowerWall	(-2.944494e-01 0.000000e+00 -1.378351e-04)	(-2.757249e-01 0.000000e+00 1.376200e-04)
3.900000e+02	lowerWall	(-2.910414e-01 0.000000e+00 -1.322962e-04)	(-2.723971e-01 0.000000e+00 1.320638e-04)
4.000000e+02	lowerWall	(-2.877643e-01 0.000000e+00 -1.270958e-04)	(-2.692119e-01 0.000000e+00 1.268328e-04)
4.100000e+02	lowerWall	(-2.846098e-01 0.000000e+00 -1.222249e-04)	(-2.661595e-01 0.000000e+00 1.219758e-04)
4.200000e+02	lowerWall	(-2.815709e-01 0.000000e+00 -1.176740e-04)	(-2.632301e-01 0.000000e+00 1.174063e-04)
4.300000e+02	lowerWall	(-2.786404e-01 0.000000e+00 -1.133678e-04)	(-2.604173e-01 0.000000e+00 1.131069e-04)
4.400000e+02	lowerWall	(-2.758125e-01 0.000000e+00 -1.093395e-04)	(-2.577119e-01 0.000000e+00 1.090823e-04)
4.500000e+02	lowerWall	(-2.730811e-01 0.000000e+00 -1.055476e-04)	(-2.551049e-01 0.000000e+00 1.052767e-04)
4.600000e+02	lowerWall	(-2.704410e-01 0.000000e+00 -1.019534e-04)	(-2.525891e-01 0.000000e+00 1.016748e-04)
4.700000e+02	lowerWall	(-2.678893e-01 0.000000e+00 -9.854574e-05)	(-2.501630e-01 0.000000e+00 9.820980e-05)
4.800000e+02	lowerWall	(-2.654180e-01 0.000000e+00 -9.535818e-05)	(-2.478207e-01 0.000000e+00 9.502209e-05)
4.900000e+02	lowerWall	(-2.630242e-01 0.000000e+00 -9.232990e-05)	(-2.455583e-01 0.000000e+00 9.198736e-05)
5.000000e+02	lowerWall	(-2.607041e-01 0.000000e+00 -8.948205e-05)	(-2.433702e-01 0.000000e+00 8.912401e-05)
5.100000e+02	lowerWall	(-2.584536e-01 0.000000e+00 -8.676054e-05)	(-2.412532e-01 0.000000e+00 8.641450e-05)
5.200000e+02	lowerWall	(-2.562699e-01 0.000000e+00 -8.417105e-05)	(-2.392037e-01 0.000000e+00 8.382426e-05)
5.300000e+02	lowerWall	(-2.541495e-01 0.000000e+00 -8.173140e-05)	(-2.372172e-01 0.000000e+00 8.137569e-05)
5.400000e+02	lowerWall	(-2.520894e-01 0.000000e+00 -7.938734e-05)	(-2.352905e-01 0.000000e+00 7.905594e-05)
5.500000e+02	lowerWall	(-2.500871e-01 0.000000e+00 -7.716287e-05)	(-2.334180e-01 0.000000e+00 7.682730e-05)
5.600000e+02	lowerWall	(-2.481399e-01 0.000000e+00 -7.506286e-05)	(-2.315994e-01 0.000000e+00 7.472182e-05)
5.700000e+02	lowerWall	(-2.462454e-01 0.000000e+00 -7.300391e-05)	(-2.298327e-01 0.000000e+00 7.269009e-05)
5.800000e+02	lowerWall	(-2.444011e-01 0.000000e+00 -7.106893e-05)	(-2.281164e-01 0.000000e+00 7.075306e-05)
5.900000e+02	lowerWall	(-2.426049e-01 0.000000e+00 -6.923508e-05)	(-2.264471e-01 0.000000e+00 6.891191e-05)
6.000000e+02	lowerWall	(-2.408546e-01 0.000000e+00 -6.746312e-05)	(-2.248235e-01 0.000000e+00 6.716411e-05)
6.100000e+02	lowerWall	(-2.391487e-01 0.000000e+00 -6.577312e-05)	(-2.232433e-01 0.000000e+00 6.547445e-05)
6.200000e+02	lowerWall	(-2.374851e-01 0.000000e+00 -6.416770e-05)	(-2.217040e-01 0.000000e+00 6.385986e-05)
6.300000e+02	lowerWall	(-2.358620e-01 0.000000e+00 -6.261151e-05)	(-2.202046e-01 0.000000e+00 6.232335e-05)
6.400000e+02	lowerWall	(-2.342781e-01 0.000000e+00 -6.112228e-05)	(-2.187417e-01 0.000000e+00 6.083934e-05)
6.500000e+02	lowerWall	(-2.327318e-01 0.000000e+00 -5.970544e-05)	(-2.173134e-01 0.000000e+00 5.941202e-05)
6.600000e+02	lowerWall	(-2.312215e-01 0.000000e+00 -5.833161e-05)	(-2.159201e-01 0.000000e+00 5.804946e-05)
6.700000e+02	lowerWall	(-2.297460e-01 0.000000e+00 -5.701113e-05)	(-2.145605e-01 0.000000e+00 5.674027e-05)
6.800000e+02	lowerWall	(-2.283040e-01 0.000000e+00 -5.574925e-05)	(-2.132332e-01 0.000000e+00 5.547024e-05)
6.900000e+02	lowerWall	(-2.268942e-01 0.000000e+00 -5.453315e-05)	(-2.119365e-01 0.000000e+00 5.425401e-05)
7.000000e+02	lowerWall	(-2.255153e-01 0.000000e+00 -5.335565e-05)	(-2.106699e-01 0.000000e+00 5.309123e-05)
7.100000e+02	lowerWall	(-2.241665e-01 0.000000e+00 -5.222418e-05)	(-2.094320e-01 0.000000e+00 5.195673e-05)
7.200000e+02	lowerWall	(-2.228466e-01 0.000000e+00 -5.114305e-05)	(-2.082214e-01 0.000000e+00 5.086687e-05)
7.300000e+02	lowerWall	(-2.215545e-01 0.000000e+00 -5.008512e-05)	(-2.070376e-01 0.000000e+00 4.981952e-05)
7.400000e+02	lowerWall	(-2.202895e-01 0.000000e+00 -4.906709e-05)	(-2.058795e-01 0.000000e+00 4.880783e-05)
7.500000e+02	lowerWall	(-2.190505e-01 0.000000e+00 -4.809115e-05)	(-2.047454e-01 0.000000e+00 4.782389e-05)
7.600000e+02	lowerWall	(-2.178367e-01 0.000000e+00 -4.714550e-05)	(-2.036336e-01 0.000000e+00 4.687731e-05)
7.700000e+02	lowerWall	(-2.166470e-01 0.000000e+00 -4.622705e-05)	(-2.025451e-01 0.000000e+00 4.596927e-05)
7.800000e+02	lowerWall	(-2.154811e-01 0.000000e+00 -4.534003e-05)	(-2.014791e-01 0.000000e+00 4.508100e-05)
7.900000e+02	lowerWall	(-2.143380e-01 0.000000e+00 -4.449000e-05)	(-2.004343e-01 0.000000e+00 4.422244e-05)
8.000000e+02	lowerWall	(-2.132169e-01 0.000000e+00 -4.365736e-05)	(-1.994106e-01 0.000000e+00 4.339464e-05)
8.100000e+02	lowerWall	(-2.121172e-01 0.000000e+00 -4.285231e-05)	(-1.984070e-01 0.000000e+00 4.259797e-05)
8.200000e+02	lowerWall	(-2.110383e-01 0.000000e+00 -4.207403e-05)	(-1.974231e-01 0.000000e+00 4.181507e-05)
8.300000e+02	lowerWall	(-2.099795e-01 0.000000e+00 -4.132541e-05)	(-1.964578e-01 0.000000e+00 4.105965e-05)
8.400000e+02	lowerWall	(-2.089401e-01 0.000000e+00 -4.059008e-05)	(-1.955110e-01 0.000000e+00 4.033013e-05)
8.500000e+02	lowerWall	(-2.079196e-01 0.000000e+00 -3.987861e-05)	(-1.945820e-01 0.000000e+00 3.962553e-05)
8.600000e+02	lowerWall	(-2.069175e-01 0.000000e+00 -3.919058e-05)	(-1.936702e-01 0.000000e+00 3.893237e-05)
8.700000e+02	lowerWall	(-2.059333e-01 0.000000e+00 -3.852652e-05)	(-1.927748e-01 0.000000e+00 3.826293e-05)
8.800000e+02	lowerWall	(-2.049663e-01 0.000000e+00 -3.787369e-05)	(-1.918946e-01 0.000000e+00 3.761528e-05)
8.900000e+02	lowerWall	(-2.040162e-01 0.000000e+00 -3.724096e-05)	(-1.910300e-01 0.000000e+00 3.698894e-05)
9.000000e+02	lowerWall	(-2.030824e-01 0.000000e+00 -3.662821e-05)	(-1.901807e-01 0.000000e+00 3.637148e-05)
9.100000e+02	lowerWall	(-2.021646e-01 0.000000e+00 -3.603626e-05)	(-1.893460e-01 0.000000e+00 3.577471e-05)
9.200000e+02	lowerWall	(-2.012621e-01 0.000000e+00 -3.545323e-05)	(-1.885259e-01 0.000000e+00 3.519590e-05)
9.300000e+02	lowerWall	(-2.003747e-01 0.000000e+00 -3.488749e-05)	(-1.877199e-01 0.000000e+00 3.463651e-05)
9.400000e+02	lowerWall	(-1.995020e-01 0.000000e+00 -3.433811e-05)	(-1.869275e-01 0.000000e+00 3.408364e-05)
9.500000e+02	lowerWall	(-1.986435e-01 0.000000e+00 -3.380803e-05)	(-1.861482e-01 0.000000e+00 3.354884e-05)
9.600000e+02	lowerWall	(-1.977989e-01 0.000000e+00 -3.328470e-05)	(-1.853819e-01 0.000000e+00 3.302855e-05)
9.700000e+02	lowerWall	(-1.969677e-01 0.000000e+00 -3.277637e-05)	(-1.846282e-01 0.000000e+00 3.252547e-05)
9.800000e+02	lowerWall	(-1.961498e-01 0.000000e+00 -3.228102e-05)	(-1.838867e-01 0.000000e+00 3.203005e-05)
9.900000e+02	lowerWall	(-1.953447e-01 0.000000e+00 -3.180322e-05)	(-1.831570e-01 0.000000e+00 3.154764e-05)
1.000000e+03	lowerWall	(-1.945521e-01 0.000000e+00 -3.133258e-05)	(-1.824389e-01 0.000000e+00 3.107803e-05)
1.010000e+03	lowerWall	(-1.937716e-01 0.000000e+00 -3.087346e-05)	(-1.817321e-01 0.000000e+00 3.062235e-05)
1.020000e+03	lowerWall	(-1.930030e-01 0.000000e+00 -3.042514e-05)	(-1.810362e-01 0.000000e+00 3.017826e-05)
1.030000e+03	lowerWall	(-1.922461e-01 0.000000e+00 -2.999080e-05)	(-1.803502e-01 0.000000e+00 2.973951e-05)
1.040000e+03	lowerWall	(-1.915005e-01 0.000000e+00 -2.956770e-05)	(-1.796746e-01 0.000000e+00 2.931483e-05)
1.050000e+03	lowerWall	(-1.907658e-01 0.000000e+00 -2.915028e-05)	(-1.790093e-01 0.000000e+00 2.890031e-05)
1.060000e+03	lowerWall	(-1.900419e-01 0.000000e+00 -2.874359e-05)	(-1.783539e-01 0.000000e+00 2.849830e-05)
1.070000e+03	lowerWall	(-1.893286e-01 0.000000e+00 -2.834685e-05)	(-1.777083e-01 0.000000e+00 2.810110e-05)
1.080000e+03	lowerWall	(-1.886256e-01 0.000000e+00 -2.796327e-05)	(-1.770721e-01 0.000000e+00 2.771390e-05)
1.090000e+03	lowerWall	(-1.879327e-01 0.000000e+00 -2.758377e-05)	(-1.764452e-01 0.000000e+00 2.733627e-05)
1.100000e+03	lowerWall	(-1.872494e-01 0.000000e+00 -2.721334e-05)	(-1.758273e-01 0.000000e+00 2.696831e-05)
1.110000e+03	lowerWall	(-1.865758e-01 0.000000e+00 -2.685082e-05)	(-1.752183e-01 0.000000e+00 2.661034e-05)
1.120000e+03	lowerWall	(-1.859115e-01 0.000000e+00 -2.649820e-05)	(-1.746179e-01 0.000000e+00 2.625455e-05)
1.130000e+03	lowerWall	(-1.852565e-01 0.000000e+00 -2.615535e-05)	(-1.740258e-01 0.000000e+00 2.591014e-05)
1.140000e+03	lowerWall	(-1.846103e-01 0.000000e+00 -2.581541e-05)	(-1.734421e-01 0.000000e+00 2.557264e-05)
1.150000e+03	lowerWall	(-1.839729e-01 0.000000e+00 -2.548400e-05)	(-1.728664e-01 0.000000e+00 2.524396e-05)
1.160000e+03	lowerWall	(-1.833440e-01 0.000000e+00 -2.515933e-05)	(-1.722985e-01 0.000000e+00 2.492291e-05)
1.170000e+03	lowerWall	(-1.827236e-01 0.000000e+00 -2.484411e-05)	(-1.717384e-01 0.000000e+00 2.460379e-05)
1.180000e+03	lowerWall	(-1.821114e-01 0.000000e+00 -2.453542e-05)	(-1.711857e-01 0.000000e+00 2.429523e-05)
1.190000e+03	lowerWall	(-1.815072e-01 0.000000e+00 -2.423019e-05)	(-1.706405e-01 0.000000e+00 2.399219e-05)
1.200000e+03	lowerWall	(-1.809108e-01 0.000000e+00 -2.393202e-05)	(-1.701022e-01 0.000000e+00 2.369699e-05)
1.210000e+03	lowerWall	(-1.803221e-01 0.000000e+00 -2.363985e-05)	(-1.695706e-01 0.000000e+00 2.340781e-05)
1.220000e+03	lowerWall	(-1.797409e-01 0.000000e+00 -2.335616e-05)	(-1.690458e-01 0.000000e+00 2.312025e-05)
1.230000e+03	lowerWall	(-1.791672e-01 0.000000e+00 -2.307731e-05)	(-1.685279e-01 0.000000e+00 2.284222e-05)
1.240000e+03	lowerWall	(-1.786007e-01 0.000000e+00 -2.280185e-05)	(-1.680166e-01 0.000000e+00 2.256879e-05)
1.250000e+03	lowerWall	(-1.780411e-01 0.000000e+00 -2.253239e-05)	(-1.675118e-01 0.000000e+00 2.230183e-05)
1.260000e+03	lowerWall	(-1.774886e-01 0.000000e+00 -2.226817e-05)	(-1.670133e-01 0.000000e+00 2.204101e-05)
1.270000e+03	lowerWall	(-1.769429e-01 0.000000e+00 -2.201135e-05)	(-1.665211e-01 0.000000e+00 2.178084e-05)
1.280000e+03	lowerWall	(-1.764039e-01 0.000000e+00 -2.175901e-05)	(-1.660349e-01 0.000000e+00 2.152875e-05)
1.290000e+03	lowerWall	(-1.758713e-01 0.000000e+00 -2.150916e-05)	(-1.655548e-01 0.000000e+00 2.128127e-05)
1.300000e+03	lowerWall	(-1.753452e-01 0.000000e+00 -2.126471e-05)	(-1.650805e-01 0.000000e+00 2.103880e-05)
1.310000e+03	lowerWall	(-1.748253e-01 0.000000e+00 -2.102468e-05)	(-1.646119e-01 0.000000e+00 2.080219e-05)
1.320000e+03	lowerWall	(-1.743116e-01 0.000000e+00 -2.079089e-05)	(-1.641489e-01 0.000000e+00 2.056672e-05)
1.330000e+03	lowerWall	(-1.738040e-01 0.000000e+00 -2.056213e-05)	(-1.636914e-01 0.000000e+00 2.033637e-05)
1.340000e+03	lowerWall	(-1.733024e-01 0.000000e+00 -2.033447e-05)	(-1.632395e-01 0.000000e+00 2.011191e-05)
1.350000e+03	lowerWall	(-1.728065e-01 0.000000e+00 -2.011192e-05)	(-1.627928e-01 0.000000e+00 1.989077e-05)
1.360000e+03	lowerWall	(-1.723162e-01 0.000000e+00 -1.989309e-05)	(-1.623512e-01 0.000000e+00 1.967468e-05)
1.370000e+03	lowerWall	(-1.718317e-01 0.000000e+00 -1.967912e-05)	(-1.619148e-01 0.000000e+00 1.946195e-05)
1.380000e+03	lowerWall	(-1.713526e-01 0.000000e+00 -1.947087e-05)	(-1.614834e-01 0.000000e+00 1.925031e-05)
1.390000e+03	lowerWall	(-1.708790e-01 0.000000e+00 -1.926320e-05)	(-1.610569e-01 0.000000e+00 1.904554e-05)
1.400000e+03	lowerWall	(-1.704106e-01 0.000000e+00 -1.905971e-05)	(-1.606353e-01 0.000000e+00 1.884360e-05)
1.410000e+03	lowerWall	(-1.699475e-01 0.000000e+00 -1.885954e-05)	(-1.602184e-01 0.000000e+00 1.864546e-05)
1.420000e+03	lowerWall	(-1.694894e-01 0.000000e+00 -1.866304e-05)	(-1.598062e-01 0.000000e+00 1.845170e-05)
1.430000e+03	lowerWall	(-1.690364e-01 0.000000e+00 -1.847176e-05)	(-1.593984e-01 0.000000e+00 1.825870e-05)
1.440000e+03	lowerWall	(-1.685884e-01 0.000000e+00 -1.828316e-05)	(-1.589950e-01 0.000000e+00 1.806931e-05)
1.450000e+03	lowerWall	(-1.681452e-01 0.000000e+00 -1.809595e-05)	(-1.585959e-01 0.000000e+00 1.788517e-05)
1.460000e+03	lowerWall	(-1.677068e-01 0.000000e+00 -1.791250e-05)	(-1.582012e-01 0.000000e+00 1.770303e-05)
1.470000e+03	lowerWall	(-1.672730e-01 0.000000e+00 -1.773188e-05)	(-1.578107e-01 0.000000e+00 1.752453e-05)
1.480000e+03	lowerWall	(-1.668438e-01 0.000000e+00 -1.755503e-05)	(-1.574244e-01 0.000000e+00 1.734957e-05)
1.490000e+03	lowerWall	(-1.664192e-01 0.000000e+00 -1.738273e-05)	(-1.570421e-01 0.000000e+00 1.717455e-05)
1.500000e+03	lowerWall	(-1.659991e-01 0.000000e+00 -1.721092e-05)	(-1.566640e-01 0.000000e+00 1.700408e-05)
1.510000e+03	lowerWall	(-1.655833e-01 0.000000e+00 -1.704200e-05)	(-1.562899e-01 0.000000e+00 1.683746e-05)
1.520000e+03	lowerWall	(-1.651718e-01 0.000000e+00 -1.687573e-05)	(-1.559197e-01 0.000000e+00 1.667263e-05)
1.530000e+03	lowerWall	(-1.647645e-01 0.000000e+00 -1.671209e-05)	(-1.555532e-01 0.000000e+00 1.651100e-05)
1.540000e+03	lowerWall	(-1.643614e-01 0.000000e+00 -1.655223e-05)	(-1.551905e-01 0.000000e+00 1.635225e-05)
1.550000e+03	lowerWall	(-1.639624e-01 0.000000e+00 -1.639582e-05)	(-1.548316e-01 0.000000e+00 1.619340e-05)
1.560000e+03	lowerWall	(-1.635674e-01 0.000000e+00 -1.623943e-05)	(-1.544763e-01 0.000000e+00 1.603886e-05)
1.570000e+03	lowerWall	(-1.631764e-01 0.000000e+00 -1.608616e-05)	(-1.541247e-01 0.000000e+00 1.588763e-05)
1.580000e+03	lowerWall	(-1.627893e-01 0.000000e+00 -1.593495e-05)	(-1.537766e-01 0.000000e+00 1.573788e-05)
1.590000e+03	lowerWall	(-1.624060e-01 0.000000e+00 -1.578616e-05)	(-1.534319e-01 0.000000e+00 1.559085e-05)
1.600000e+03	lowerWall	(-1.620264e-01 0.000000e+00 -1.564079e-05)	(-1.530905e-01 0.000000e+00 1.544648e-05)
1.610000e+03	lowerWall	(-1.616507e-01 0.000000e+00 -1.549822e-05)	(-1.527526e-01 0.000000e+00 1.530190e-05)
1.620000e+03	lowerWall	(-1.612785e-01 0.000000e+00 -1.535565e-05)	(-1.524181e-01 0.000000e+00 1.516087e-05)
1.630000e+03	lowerWall	(-1.609100e-01 0.000000e+00 -1.521595e-05)	(-1.520868e-01 0.000000e+00 1.502322e-05)
1.640000e+03	lowerWall	(-1.605450e-01 0.000000e+00 -1.507800e-05)	(-1.517587e-01 0.000000e+00 1.488676e-05)
1.650000e+03	lowerWall	(-1.601835e-01 0.000000e+00 -1.494211e-05)	(-1.514337e-01 0.000000e+00 1.475247e-05)
1.660000e+03	lowerWall	(-1.598254e-01 0.000000e+00 -1.480931e-05)	(-1.511118e-01 0.000000e+00 1.462070e-05)
1.670000e+03	lowerWall	(-1.594707e-01 0.000000e+00 -1.467912e-05)	(-1.507930e-01 0.000000e+00 1.448903e-05)
1.680000e+03	lowerWall	(-1.591194e-01 0.000000e+00 -1.454881e-05)	(-1.504772e-01 0.000000e+00 1.435952e-05)
1.690000e+03	lowerWall	(-1.587714e-01 0.000000e+00 -1.442098e-05)	(-1.501644e-01 0.000000e+00 1.423371e-05)
1.700000e+03	lowerWall	(-1.584266e-01 0.000000e+00 -1.429475e-05)	(-1.498546e-01 0.000000e+00 1.410915e-05)
1.710000e+03	lowerWall	(-1.580849e-01 0.000000e+00 -1.417027e-05)	(-1.495476e-01 0.000000e+00 1.398605e-05)
1.720000e+03	lowerWall	(-1.577464e-01 0.000000e+00 -1.404829e-05)	(-1.492433e-01 0.000000e+00 1.386510e-05)
1.730000e+03	lowerWall	(-1.574110e-01 0.000000e+00 -1.392903e-05)	(-1.489419e-01 0.000000e+00 1.374543e-05)
1.740000e+03	lowerWall	(-1.570786e-01 0.000000e+00 -1.380984e-05)	(-1.486433e-01 0.000000e+00 1.362608e-05)
1.750000e+03	lowerWall	(-1.567493e-01 0.000000e+00 -1.369231e-05)	(-1.483474e-01 0.000000e+00 1.351007e-05)
1.760000e+03	lowerWall	(-1.564229e-01 0.000000e+00 -1.357652e-05)	(-1.480541e-01 0.000000e+00 1.339619e-05)
1.770000e+03	lowerWall	(-1.560994e-01 0.000000e+00 -1.346216e-05)	(-1.477635e-01 0.000000e+00 1.328323e-05)
1.780000e+03	lowerWall	(-1.557788e-01 0.000000e+00 -1.334960e-05)	(-1.474755e-01 0.000000e+00 1.317183e-05)
1.790000e+03	lowerWall	(-1.554610e-01 0.000000e+00 -1.323966e-05)	(-1.471900e-01 0.000000e+00 1.306237e-05)
1.800000e+03	lowerWall	(-1.551461e-01 0.000000e+00 -1.313081e-05)	(-1.469070e-01 0.000000e+00 1.295289e-05)
1.810000e+03	lowerWall	(-1.548339e-01 0.000000e+00 -1.302227e-05)	(-1.466266e-01 0.000000e+00 1.284506e-05)
1.820000e+03	lowerWall	(-1.545244e-01 0.000000e+00 -1.291579e-05)	(-1.463485e-01 0.000000e+00 1.274024e-05)
1.830000e+03	lowerWall	(-1.542176e-01 0.000000e+00 -1.281043e-05)	(-1.460728e-01 0.000000e+00 1.263665e-05)
1.840000e+03	lowerWall	(-1.539135e-01 0.000000e+00 -1.270642e-05)	(-1.457995e-01 0.000000e+00 1.253395e-05)
1.850000e+03	lowerWall	(-1.536119e-01 0.000000e+00 -1.260449e-05)	(-1.455285e-01 0.000000e+00 1.243269e-05)
1.860000e+03	lowerWall	(-1.533129e-01 0.000000e+00 -1.250462e-05)	(-1.452598e-01 0.000000e+00 1.233301e-05)
1.870000e+03	lowerWall	(-1.530183e-01 0.000000e+00 -1.254198e-05)	(-1.449863e-01 0.000000e+00 1.233815e-05)
1.880000e+03	lowerWall	(-1.527254e-01 0.000000e+00 -1.242144e-05)	(-1.447186e-01 0.000000e+00 1.221729e-05)
1.890000e+03	lowerWall	(-1.524346e-01 0.000000e+00 -1.231274e-05)	(-1.444544e-01 0.000000e+00 1.214843e-05)
1.900000e+03	lowerWall	(-1.521461e-01 0.000000e+00 -1.220874e-05)	(-1.441929e-01 0.000000e+00 1.211694e-05)
1.910000e+03	lowerWall	(-1.518599e-01 0.000000e+00 -1.210780e-05)	(-1.439338e-01 0.000000e+00 1.208488e-05)
1.920000e+03	lowerWall	(-1.515760e-01 0.000000e+00 -1.201006e-05)	(-1.436770e-01 0.000000e+00 1.205186e-05)
1.930000e+03	lowerWall	(-1.512945e-01 0.000000e+00 -1.191454e-05)	(-1.434224e-01 0.000000e+00 1.201849e-05)
1.940000e+03	lowerWall	(-1.510152e-01 0.000000e+00 -1.181939e-05)	(-1.431701e-01 0.000000e+00 1.198510e-05)
1.950000e+03	lowerWall	(-1.507382e-01 0.000000e+00 -1.172622e-05)	(-1.429199e-01 0.000000e+00 1.195184e-05)
1.960000e+03	lowerWall	(-1.504633e-01 0.000000e+00 -1.164006e-05)	(-1.426718e-01 0.000000e+00 1.191894e-05)
1.970000e+03	lowerWall	(-1.501878e-01 0.000000e+00 -1.136542e-05)	(-1.424352e-01 0.000000e+00 1.183916e-05)
1.980000e+03	lowerWall	(-1.499163e-01 0.000000e+00 -1.129744e-05)	(-1.421950e-01 0.000000e+00 1.179155e-05)
1.990000e+03	lowerWall	(-1.496472e-01 0.000000e+00 -1.122524e-05)	(-1.419555e-01 0.000000e+00 1.174897e-05)
2.000000e+03	lowerWall	(-1.493805e-01 0.000000e+00 -1.115035e-05)	(-1.417175e-01 0.000000e+00 1.170809e-05)
2.010000e+03	lowerWall	(-1.491159e-01 0.000000e+00 -1.107303e-05)	(-1.414812e-01 0.000000e+00 1.166857e-05)
2.020000e+03	lowerWall	(-1.488535e-01 0.000000e+00 -1.099570e-05)	(-1.412466e-01 0.000000e+00 1.163020e-05)
2.030000e+03	lowerWall	(-1.485931e-01 0.000000e+00 -1.091829e-05)	(-1.410137e-01 0.000000e+00 1.159272e-05)
2.040000e+03	lowerWall	(-1.483357e-01 0.000000e+00 -1.085627e-05)	(-1.407801e-01 0.000000e+00 1.157185e-05)
2.050000e+03	lowerWall	(-1.480814e-01 0.000000e+00 -1.093444e-05)	(-1.405434e-01 0.000000e+00 1.156673e-05)
2.060000e+03	lowerWall	(-1.478281e-01 0.000000e+00 -1.083497e-05)	(-1.403123e-01 0.000000e+00 1.154492e-05)
2.070000e+03	lowerWall	(-1.475765e-01 0.000000e+00 -1.074842e-05)	(-1.400838e-01 0.000000e+00 1.151847e-05)
2.080000e+03	lowerWall	(-1.473267e-01 0.000000e+00 -1.066344e-05)	(-1.398575e-01 0.000000e+00 1.149045e-05)
2.090000e+03	lowerWall	(-1.470787e-01 0.000000e+00 -1.058563e-05)	(-1.396331e-01 0.000000e+00 1.146213e-05)
2.100000e+03	lowerWall	(-1.468307e-01 0.000000e+00 -1.037529e-05)	(-1.394171e-01 0.000000e+00 1.140217e-05)
2.110000e+03	lowerWall	(-1.465852e-01 0.000000e+00 -1.033727e-05)	(-1.392011e-01 0.000000e+00 1.135203e-05)
2.120000e+03	lowerWall	(-1.463420e-01 0.000000e+00 -1.030179e-05)	(-1.389850e-01 0.000000e+00 1.131229e-05)
2.130000e+03	lowerWall	(-1.461008e-01 0.000000e+00 -1.026734e-05)	(-1.387699e-01 0.000000e+00 1.127519e-05)
2.140000e+03	lowerWall	(-1.458626e-01 0.000000e+00 -1.023697e-05)	(-1.385509e-01 0.000000e+00 1.125570e-05)
2.150000e+03	lowerWall	(-1.456253e-01 0.000000e+00 -1.020426e-05)	(-1.383374e-01 0.000000e+00 1.122240e-05)
2.160000e+03	lowerWall	(-1.453897e-01 0.000000e+00 -1.017116e-05)	(-1.381257e-01 0.000000e+00 1.119035e-05)
2.170000e+03	lowerWall	(-1.451560e-01 0.000000e+00 -1.013839e-05)	(-1.379155e-01 0.000000e+00 1.115871e-05)
2.180000e+03	lowerWall	(-1.449245e-01 0.000000e+00 -1.010851e-05)	(-1.377047e-01 0.000000e+00 1.113576e-05)
2.190000e+03	lowerWall	(-1.446943e-01 0.000000e+00 -1.007722e-05)	(-1.374966e-01 0.000000e+00 1.110862e-05)
2.200000e+03	lowerWall	(-1.444658e-01 0.000000e+00 -1.004601e-05)	(-1.372902e-01 0.000000e+00 1.108100e-05)
2.210000e+03	lowerWall	(-1.442389e-01 0.000000e+00 -1.001505e-05)	(-1.370854e-01 0.000000e+00 1.105324e-05)
2.220000e+03	lowerWall	(-1.440136e-01 0.000000e+00 -9.984356e-06)	(-1.368822e-01 0.000000e+00 1.102528e-05)
2.230000e+03	lowerWall	(-1.437899e-01 0.000000e+00 -9.953567e-06)	(-1.366805e-01 0.000000e+00 1.099675e-05)
2.240000e+03	lowerWall	(-1.435678e-01 0.000000e+00 -9.922426e-06)	(-1.364803e-01 0.000000e+00 1.096825e-05)
2.250000e+03	lowerWall	(-1.433465e-01 0.000000e+00 -9.888824e-06)	(-1.362859e-01 0.000000e+00 1.092824e-05)
2.260000e+03	lowerWall	(-1.431272e-01 0.000000e+00 -9.856719e-06)	(-1.360900e-01 0.000000e+00 1.089539e-05)
2.270000e+03	lowerWall	(-1.429096e-01 0.000000e+00 -9.825606e-06)	(-1.358951e-01 0.000000e+00 1.086436e-05)
2.280000e+03	lowerWall	(-1.426943e-01 0.000000e+00 -9.794943e-06)	(-1.356980e-01 0.000000e+00 1.084751e-05)
2.290000e+03	lowerWall	(-1.424803e-01 0.000000e+00 -9.766736e-06)	(-1.355040e-01 0.000000e+00 1.082669e-05)
2.300000e+03	lowerWall	(-1.422677e-01 0.000000e+00 -9.739182e-06)	(-1.353110e-01 0.000000e+00 1.080581e-05)
2.310000e+03	lowerWall	(-1.420564e-01 0.000000e+00 -9.710475e-06)	(-1.351198e-01 0.000000e+00 1.078126e-05)
2.320000e+03	lowerWall	(-1.418448e-01 0.000000e+00 -9.676715e-06)	(-1.349369e-01 0.000000e+00 1.072584e-05)
2.330000e+03	lowerWall	(-1.416357e-01 0.000000e+00 -9.644433e-06)	(-1.347518e-01 0.000000e+00 1.068855e-05)
2.340000e+03	lowerWall	(-1.414283e-01 0.000000e+00 -9.613508e-06)	(-1.345671e-01 0.000000e+00 1.065504e-05)
2.350000e+03	lowerWall	(-1.412223e-01 0.000000e+00 -9.583298e-06)	(-1.343833e-01 0.000000e+00 1.062310e-05)
2.360000e+03	lowerWall	(-1.410177e-01 0.000000e+00 -9.553635e-06)	(-1.342006e-01 0.000000e+00 1.059213e-05)
2.370000e+03	lowerWall	(-1.408146e-01 0.000000e+00 -9.524444e-06)	(-1.340190e-01 0.000000e+00 1.056191e-05)
2.380000e+03	lowerWall	(-1.406128e-01 0.000000e+00 -9.495663e-06)	(-1.338385e-01 0.000000e+00 1.053224e-05)
2.390000e+03	lowerWall	(-1.404133e-01 0.000000e+00 -9.470487e-06)	(-1.336548e-01 0.000000e+00 1.051544e-05)
2.400000e+03	lowerWall	(-1.402146e-01 0.000000e+00 -9.443239e-06)	(-1.334754e-01 0.000000e+00 1.049028e-05)
2.410000e+03	lowerWall	(-1.400171e-01 0.000000e+00 -9.415421e-06)	(-1.332976e-01 0.000000e+00 1.046442e-05)
2.420000e+03	lowerWall	(-1.398209e-01 0.000000e+00 -9.387568e-06)	(-1.331210e-01 0.000000e+00 1.043842e-05)
2.430000e+03	lowerWall	(-1.396260e-01 0.000000e+00 -9.359913e-06)	(-1.329457e-01 0.000000e+00 1.041247e-05)
2.440000e+03	lowerWall	(-1.394324e-01 0.000000e+00 -9.332506e-06)	(-1.327716e-01 0.000000e+00 1.038664e-05)
2.450000e+03	lowerWall	(-1.392400e-01 0.000000e+00 -9.305386e-06)	(-1.325986e-01 0.000000e+00 1.036100e-05)
2.460000e+03	lowerWall	(-1.390489e-01 0.000000e+00 -9.278542e-06)	(-1.324268e-01 0.000000e+00 1.033553e-05)
2.470000e+03	lowerWall	(-1.388584e-01 0.000000e+00 -9.249850e-06)	(-1.322596e-01 0.000000e+00 1.030019e-05)
2.480000e+03	lowerWall	(-1.386694e-01 0.000000e+00 -9.221292e-06)	(-1.320915e-01 0.000000e+00 1.026891e-05)
2.490000e+03	lowerWall	(-1.384818e-01 0.000000e+00 -9.193578e-06)	(-1.319240e-01 0.000000e+00 1.023986e-05)
2.500000e+03	lowerWall	(-1.382954e-01 0.000000e+00 -9.166034e-06)	(-1.317574e-01 0.000000e+00 1.021171e-05)
2.510000e+03	lowerWall	(-1.381103e-01 0.000000e+00 -9.138786e-06)	(-1.315917e-01 0.000000e+00 1.018418e-05)
2.520000e+03	lowerWall	(-1.379263e-01 0.000000e+00 -9.111868e-06)	(-1.314270e-01 0.000000e+00 1.015713e-05)
2.530000e+03	lowerWall	(-1.377436e-01 0.000000e+00 -9.085289e-06)	(-1.312633e-01 0.000000e+00 1.013051e-05)
2.540000e+03	lowerWall	(-1.375620e-01 0.000000e+00 -9.059039e-06)	(-1.311006e-01 0.000000e+00 1.010427e-05)
2.550000e+03	lowerWall	(-1.373815e-01 0.000000e+00 -9.033092e-06)	(-1.309389e-01 0.000000e+00 1.007831e-05)
2.560000e+03	lowerWall	(-1.372022e-01 0.000000e+00 -9.007417e-06)	(-1.307782e-01 0.000000e+00 1.005249e-05)
2.570000e+03	lowerWall	(-1.370241e-01 0.000000e+00 -8.981913e-06)	(-1.306185e-01 0.000000e+00 1.002649e-05)
2.580000e+03	lowerWall	(-1.368470e-01 0.000000e+00 -8.956465e-06)	(-1.304598e-01 0.000000e+00 1.000059e-05)
2.590000e+03	lowerWall	(-1.366711e-01 0.000000e+00 -8.930940e-06)	(-1.303021e-01 0.000000e+00 9.974938e-06)
2.600000e+03	lowerWall	(-1.364963e-01 0.000000e+00 -8.905536e-06)	(-1.301453e-01 0.000000e+00 9.949566e-06)
2.610000e+03	lowerWall	(-1.363225e-01 0.000000e+00 -8.880343e-06)	(-1.299895e-01 0.000000e+00 9.924461e-06)
2.620000e+03	lowerWall	(-1.361499e-01 0.000000e+00 -8.855416e-06)	(-1.298347e-01 0.000000e+00 9.899815e-06)
2.630000e+03	lowerWall	(-1.359783e-01 0.000000e+00 -8.830763e-06)	(-1.296807e-01 0.000000e+00 9.875597e-06)
2.640000e+03	lowerWall	(-1.358077e-01 0.000000e+00 -8.806370e-06)	(-1.295277e-01 0.000000e+00 9.851562e-06)
2.650000e+03	lowerWall	(-1.356382e-01 0.000000e+00 -8.782210e-06)	(-1.293757e-01 0.000000e+00 9.827685e-06)
2.660000e+03	lowerWall	(-1.354697e-01 0.000000e+00 -8.758218e-06)	(-1.292245e-01 0.000000e+00 9.803606e-06)
2.670000e+03	lowerWall	(-1.353022e-01 0.000000e+00 -8.734170e-06)	(-1.290743e-01 0.000000e+00 9.779478e-06)
2.680000e+03	lowerWall	(-1.351358e-01 0.000000e+00 -8.710007e-06)	(-1.289250e-01 0.000000e+00 9.755526e-06)
2.690000e+03	lowerWall	(-1.349704e-01 0.000000e+00 -8.685905e-06)	(-1.287766e-01 0.000000e+00 9.731803e-06)
2.700000e+03	lowerWall	(-1.348060e-01 0.000000e+00 -8.661965e-06)	(-1.286291e-01 0.000000e+00 9.708313e-06)
2.710000e+03	lowerWall	(-1.346425e-01 0.000000e+00 -8.638253e-06)	(-1.284824e-01 0.000000e+00 9.685070e-06)
2.720000e+03	lowerWall	(-1.344800e-01 0.000000e+00 -8.614790e-06)	(-1.283366e-01 0.000000e+00 9.662053e-06)
2.730000e+03	lowerWall	(-1.343185e-01 0.000000e+00 -8.591564e-06)	(-1.281917e-01 0.000000e+00 9.639195e-06)
2.740000e+03	lowerWall	(-1.341579e-01 0.000000e+00 -8.568560e-06)	(-1.280476e-01 0.000000e+00 9.616506e-06)
2.750000e+03	lowerWall	(-1.339983e-01 0.000000e+00 -8.545719e-06)	(-1.279044e-01 0.000000e+00 9.593786e-06)
2.760000e+03	lowerWall	(-1.338397e-01 0.000000e+00 -8.522985e-06)	(-1.277620e-01 0.000000e+00 9.570865e-06)
2.770000e+03	lowerWall	(-1.336820e-01 0.000000e+00 -8.500118e-06)	(-1.276205e-01 0.000000e+00 9.548020e-06)
2.780000e+03	lowerWall	(-1.335252e-01 0.000000e+00 -8.477224e-06)	(-1.274798e-01 0.000000e+00 9.525362e-06)
2.790000e+03	lowerWall	(-1.333693e-01 0.000000e+00 -8.454425e-06)	(-1.273399e-01 0.000000e+00 9.502910e-06)
2.800000e+03	lowerWall	(-1.332143e-01 0.000000e+00 -8.431802e-06)	(-1.272008e-01 0.000000e+00 9.480681e-06)
2.810000e+03	lowerWall	(-1.330602e-01 0.000000e+00 -8.409400e-06)	(-1.270625e-01 0.000000e+00 9.458664e-06)
2.820000e+03	lowerWall	(-1.329070e-01 0.000000e+00 -8.387220e-06)	(-1.269249e-01 0.000000e+00 9.436809e-06)
2.830000e+03	lowerWall	(-1.327547e-01 0.000000e+00 -8.365253e-06)	(-1.267882e-01 0.000000e+00 9.415095e-06)
2.840000e+03	lowerWall	(-1.326032e-01 0.000000e+00 -8.343462e-06)	(-1.266523e-01 0.000000e+00 9.393545e-06)
2.850000e+03	lowerWall	(-1.324526e-01 0.000000e+00 -8.321825e-06)	(-1.265172e-01 0.000000e+00 9.372033e-06)
2.860000e+03	lowerWall	(-1.323029e-01 0.000000e+00 -8.300250e-06)	(-1.263828e-01 0.000000e+00 9.350539e-06)
2.870000e+03	lowerWall	(-1.321540e-01 0.000000e+00 -8.278558e-06)	(-1.262492e-01 0.000000e+00 9.329117e-06)
2.880000e+03	lowerWall	(-1.320060e-01 0.000000e+00 -8.256859e-06)	(-1.261163e-01 0.000000e+00 9.307860e-06)
2.890000e+03	lowerWall	(-1.318588e-01 0.000000e+00 -8.235251e-06)	(-1.259842e-01 0.000000e+00 9.286799e-06)
2.900000e+03	lowerWall	(-1.317125e-01 0.000000e+00 -8.213815e-06)	(-1.258528e-01 0.000000e+00 9.265946e-06)
2.910000e+03	lowerWall	(-1.315669e-01 0.000000e+00 -8.192582e-06)	(-1.257221e-01 0.000000e+00 9.245281e-06)
2.920000e+03	lowerWall	(-1.314222e-01 0.000000e+00 -8.171550e-06)	(-1.255922e-01 0.000000e+00 9.224746e-06)
2.930000e+03	lowerWall	(-1.312782e-01 0.000000e+00 -8.150713e-06)	(-1.254630e-01 0.000000e+00 9.204357e-06)
2.940000e+03	lowerWall	(-1.311351e-01 0.000000e+00 -8.130022e-06)	(-1.253345e-01 0.000000e+00 9.184123e-06)
2.950000e+03	lowerWall	(-1.309927e-01 0.000000e+00 -8.109481e-06)	(-1.252068e-01 0.000000e+00 9.163770e-06)
2.960000e+03	lowerWall	(-1.308512e-01 0.000000e+00 -8.089029e-06)	(-1.250797e-01 0.000000e+00 9.143263e-06)
2.970000e+03	lowerWall	(-1.307104e-01 0.000000e+00 -8.068475e-06)	(-1.249534e-01 0.000000e+00 9.122804e-06)
2.980000e+03	lowerWall	(-1.305704e-01 0.000000e+00 -8.047892e-06)	(-1.248277e-01 0.000000e+00 9.102488e-06)
2.990000e+03	lowerWall	(-1.304315e-01 0.000000e+00 -8.029454e-06)	(-1.247018e-01 0.000000e+00 9.088830e-06)
3.000000e+03	lowerWall	(-1.302935e-01 0.000000e+00 -8.012353e-06)	(-1.245758e-01 0.000000e+00 9.079010e-06)
3.010000e+03	lowerWall	(-1.301560e-01 0.000000e+00 -7.993686e-06)	(-1.244511e-01 0.000000e+00 9.063724e-06)
3.020000e+03	lowerWall	(-1.300193e-01 0.000000e+00 -7.974755e-06)	(-1.243274e-01 0.000000e+00 9.047438e-06)
3.030000e+03	lowerWall	(-1.298832e-01 0.000000e+00 -7.955809e-06)	(-1.242044e-01 0.000000e+00 9.030715e-06)
3.040000e+03	lowerWall	(-1.297484e-01 0.000000e+00 -7.938087e-06)	(-1.240799e-01 0.000000e+00 9.023374e-06)
3.050000e+03	lowerWall	(-1.296140e-01 0.000000e+00 -7.920713e-06)	(-1.239577e-01 0.000000e+00 9.011221e-06)
3.060000e+03	lowerWall	(-1.294795e-01 0.000000e+00 -7.901403e-06)	(-1.238387e-01 0.000000e+00 8.985808e-06)
3.070000e+03	lowerWall	(-1.293468e-01 0.000000e+00 -7.883206e-06)	(-1.237165e-01 0.000000e+00 8.975786e-06)
3.080000e+03	lowerWall	(-1.292145e-01 0.000000e+00 -7.865117e-06)	(-1.235966e-01 0.000000e+00 8.961404e-06)
3.090000e+03	lowerWall	(-1.290822e-01 0.000000e+00 -7.845386e-06)	(-1.234798e-01 0.000000e+00 8.935692e-06)
3.100000e+03	lowerWall	(-1.289515e-01 0.000000e+00 -7.826954e-06)	(-1.233596e-01 0.000000e+00 8.925491e-06)
3.110000e+03	lowerWall	(-1.288213e-01 0.000000e+00 -7.808911e-06)	(-1.232417e-01 0.000000e+00 8.911296e-06)
3.120000e+03	lowerWall	(-1.286910e-01 0.000000e+00 -7.789425e-06)	(-1.231268e-01 0.000000e+00 8.885706e-06)
3.130000e+03	lowerWall	(-1.285623e-01 0.000000e+00 -7.771309e-06)	(-1.230085e-01 0.000000e+00 8.875500e-06)
3.140000e+03	lowerWall	(-1.284340e-01 0.000000e+00 -7.753521e-06)	(-1.228926e-01 0.000000e+00 8.861400e-06)
3.150000e+03	lowerWall	(-1.283058e-01 0.000000e+00 -7.734413e-06)	(-1.227796e-01 0.000000e+00 8.835989e-06)
3.160000e+03	lowerWall	(-1.281791e-01 0.000000e+00 -7.716687e-06)	(-1.226632e-01 0.000000e+00 8.825604e-06)
3.170000e+03	lowerWall	(-1.280528e-01 0.000000e+00 -7.699188e-06)	(-1.225491e-01 0.000000e+00 8.811164e-06)
3.180000e+03	lowerWall	(-1.279269e-01 0.000000e+00 -7.680266e-06)	(-1.224362e-01 0.000000e+00 8.790357e-06)
3.190000e+03	lowerWall	(-1.278017e-01 0.000000e+00 -7.661249e-06)	(-1.223241e-01 0.000000e+00 8.770648e-06)
3.200000e+03	lowerWall	(-1.276772e-01 0.000000e+00 -7.642683e-06)	(-1.222123e-01 0.000000e+00 8.752339e-06)
3.210000e+03	lowerWall	(-1.275533e-01 0.000000e+00 -7.624330e-06)	(-1.221010e-01 0.000000e+00 8.734499e-06)
3.220000e+03	lowerWall	(-1.274300e-01 0.000000e+00 -7.606174e-06)	(-1.219903e-01 0.000000e+00 8.716941e-06)
3.230000e+03	lowerWall	(-1.273074e-01 0.000000e+00 -7.588202e-06)	(-1.218801e-01 0.000000e+00 8.699563e-06)
3.240000e+03	lowerWall	(-1.271854e-01 0.000000e+00 -7.570405e-06)	(-1.217704e-01 0.000000e+00 8.682351e-06)
3.250000e+03	lowerWall	(-1.270639e-01 0.000000e+00 -7.552559e-06)	(-1.216612e-01 0.000000e+00 8.665416e-06)
3.260000e+03	lowerWall	(-1.269431e-01 0.000000e+00 -7.534919e-06)	(-1.215527e-01 0.000000e+00 8.648533e-06)
3.270000e+03	lowerWall	(-1.268225e-01 0.000000e+00 -7.516458e-06)	(-1.214469e-01 0.000000e+00 8.622812e-06)
3.280000e+03	lowerWall	(-1.267027e-01 0.000000e+00 -7.497793e-06)	(-1.213401e-01 0.000000e+00 8.601079e-06)
3.290000e+03	lowerWall	(-1.265842e-01 0.000000e+00 -7.481071e-06)	(-1.212314e-01 0.000000e+00 8.590943e-06)
3.300000e+03	lowerWall	(-1.264654e-01 0.000000e+00 -7.462927e-06)	(-1.211271e-01 0.000000e+00 8.566931e-06)
3.310000e+03	lowerWall	(-1.263474e-01 0.000000e+00 -7.444731e-06)	(-1.210216e-01 0.000000e+00 8.546890e-06)
3.320000e+03	lowerWall	(-1.262306e-01 0.000000e+00 -7.428061e-06)	(-1.209143e-01 0.000000e+00 8.537726e-06)
3.330000e+03	lowerWall	(-1.261139e-01 0.000000e+00 -7.410310e-06)	(-1.208097e-01 0.000000e+00 8.519424e-06)
3.340000e+03	lowerWall	(-1.259972e-01 0.000000e+00 -7.390859e-06)	(-1.207082e-01 0.000000e+00 8.490326e-06)
3.350000e+03	lowerWall	(-1.258815e-01 0.000000e+00 -7.372392e-06)	(-1.206054e-01 0.000000e+00 8.469607e-06)
3.360000e+03	lowerWall	(-1.257664e-01 0.000000e+00 -7.354688e-06)	(-1.205028e-01 0.000000e+00 8.450659e-06)
3.370000e+03	lowerWall	(-1.256519e-01 0.000000e+00 -7.337308e-06)	(-1.204005e-01 0.000000e+00 8.432371e-06)
3.380000e+03	lowerWall	(-1.255380e-01 0.000000e+00 -7.320169e-06)	(-1.202987e-01 0.000000e+00 8.414451e-06)
3.390000e+03	lowerWall	(-1.254247e-01 0.000000e+00 -7.303232e-06)	(-1.201973e-01 0.000000e+00 8.396627e-06)
3.400000e+03	lowerWall	(-1.253119e-01 0.000000e+00 -7.286418e-06)	(-1.200964e-01 0.000000e+00 8.378859e-06)
3.410000e+03	lowerWall	(-1.251997e-01 0.000000e+00 -7.269574e-06)	(-1.199959e-01 0.000000e+00 8.361225e-06)
3.420000e+03	lowerWall	(-1.250880e-01 0.000000e+00 -7.252726e-06)	(-1.198959e-01 0.000000e+00 8.343783e-06)
3.430000e+03	lowerWall	(-1.249769e-01 0.000000e+00 -7.235946e-06)	(-1.197963e-01 0.000000e+00 8.326558e-06)
3.440000e+03	lowerWall	(-1.248663e-01 0.000000e+00 -7.219285e-06)	(-1.196972e-01 0.000000e+00 8.309536e-06)
3.450000e+03	lowerWall	(-1.247562e-01 0.000000e+00 -7.202763e-06)	(-1.195986e-01 0.000000e+00 8.292671e-06)
3.460000e+03	lowerWall	(-1.246467e-01 0.000000e+00 -7.186387e-06)	(-1.195004e-01 0.000000e+00 8.275958e-06)
3.470000e+03	lowerWall	(-1.245376e-01 0.000000e+00 -7.170152e-06)	(-1.194027e-01 0.000000e+00 8.259406e-06)
3.480000e+03	lowerWall	(-1.244291e-01 0.000000e+00 -7.154022e-06)	(-1.193055e-01 0.000000e+00 8.242994e-06)
3.490000e+03	lowerWall	(-1.243211e-01 0.000000e+00 -7.138009e-06)	(-1.192087e-01 0.000000e+00 8.226703e-06)
3.500000e+03	lowerWall	(-1.242137e-01 0.000000e+00 -7.122116e-06)	(-1.191123e-01 0.000000e+00 8.210456e-06)
3.510000e+03	lowerWall	(-1.241067e-01 0.000000e+00 -7.106348e-06)	(-1.190164e-01 0.000000e+00 8.194115e-06)
3.520000e+03	lowerWall	(-1.240003e-01 0.000000e+00 -7.090624e-06)	(-1.189210e-01 0.000000e+00 8.177722e-06)
3.530000e+03	lowerWall	(-1.238943e-01 0.000000e+00 -7.074829e-06)	(-1.188260e-01 0.000000e+00 8.161373e-06)
3.540000e+03	lowerWall	(-1.237889e-01 0.000000e+00 -7.059009e-06)	(-1.187314e-01 0.000000e+00 8.145141e-06)
3.550000e+03	lowerWall	(-1.236839e-01 0.000000e+00 -7.043234e-06)	(-1.186373e-01 0.000000e+00 8.129053e-06)
3.560000e+03	lowerWall	(-1.235794e-01 0.000000e+00 -7.027551e-06)	(-1.185436e-01 0.000000e+00 8.113103e-06)
3.570000e+03	lowerWall	(-1.234755e-01 0.000000e+00 -7.011981e-06)	(-1.184503e-01 0.000000e+00 8.097436e-06)
3.580000e+03	lowerWall	(-1.233719e-01 0.000000e+00 -6.996530e-06)	(-1.183575e-01 0.000000e+00 8.081963e-06)
3.590000e+03	lowerWall	(-1.232689e-01 0.000000e+00 -6.981197e-06)	(-1.182651e-01 0.000000e+00 8.066614e-06)
3.600000e+03	lowerWall	(-1.231664e-01 0.000000e+00 -6.965948e-06)	(-1.181731e-01 0.000000e+00 8.051370e-06)
3.610000e+03	lowerWall	(-1.230643e-01 0.000000e+00 -6.950802e-06)	(-1.180815e-01 0.000000e+00 8.036220e-06)
3.620000e+03	lowerWall	(-1.229627e-01 0.000000e+00 -6.935760e-06)	(-1.179904e-01 0.000000e+00 8.021126e-06)
3.630000e+03	lowerWall	(-1.228615e-01 0.000000e+00 -6.920827e-06)	(-1.178997e-01 0.000000e+00 8.005959e-06)
3.640000e+03	lowerWall	(-1.227609e-01 0.000000e+00 -6.905973e-06)	(-1.178094e-01 0.000000e+00 7.990704e-06)
3.650000e+03	lowerWall	(-1.226606e-01 0.000000e+00 -6.891134e-06)	(-1.177195e-01 0.000000e+00 7.975434e-06)
3.660000e+03	lowerWall	(-1.225609e-01 0.000000e+00 -6.876253e-06)	(-1.176300e-01 0.000000e+00 7.960229e-06)
3.670000e+03	lowerWall	(-1.224616e-01 0.000000e+00 -6.861380e-06)	(-1.175409e-01 0.000000e+00 7.945137e-06)
3.680000e+03	lowerWall	(-1.223627e-01 0.000000e+00 -6.846565e-06)	(-1.174522e-01 0.000000e+00 7.930166e-06)
3.690000e+03	lowerWall	(-1.222643e-01 0.000000e+00 -6.831839e-06)	(-1.173639e-01 0.000000e+00 7.915287e-06)
3.700000e+03	lowerWall	(-1.221663e-01 0.000000e+00 -6.817217e-06)	(-1.172760e-01 0.000000e+00 7.900504e-06)
3.710000e+03	lowerWall	(-1.220688e-01 0.000000e+00 -6.802705e-06)	(-1.171885e-01 0.000000e+00 7.885828e-06)
3.720000e+03	lowerWall	(-1.219717e-01 0.000000e+00 -6.788275e-06)	(-1.171014e-01 0.000000e+00 7.871249e-06)
3.730000e+03	lowerWall	(-1.218750e-01 0.000000e+00 -6.773934e-06)	(-1.170147e-01 0.000000e+00 7.856752e-06)
3.740000e+03	lowerWall	(-1.217788e-01 0.000000e+00 -6.759691e-06)	(-1.169284e-01 0.000000e+00 7.842331e-06)
3.750000e+03	lowerWall	(-1.216829e-01 0.000000e+00 -6.745546e-06)	(-1.168424e-01 0.000000e+00 7.827908e-06)
3.760000e+03	lowerWall	(-1.215876e-01 0.000000e+00 -6.731509e-06)	(-1.167568e-01 0.000000e+00 7.813392e-06)
3.770000e+03	lowerWall	(-1.214926e-01 0.000000e+00 -6.717507e-06)	(-1.166717e-01 0.000000e+00 7.798807e-06)
3.780000e+03	lowerWall	(-1.213981e-01 0.000000e+00 -6.703437e-06)	(-1.165869e-01 0.000000e+00 7.784227e-06)
3.790000e+03	lowerWall	(-1.213040e-01 0.000000e+00 -6.689333e-06)	(-1.165024e-01 0.000000e+00 7.769720e-06)
3.800000e+03	lowerWall	(-1.212103e-01 0.000000e+00 -6.675249e-06)	(-1.164183e-01 0.000000e+00 7.755318e-06)
3.810000e+03	lowerWall	(-1.211170e-01 0.000000e+00 -6.661225e-06)	(-1.163346e-01 0.000000e+00 7.741019e-06)
3.820000e+03	lowerWall	(-1.210241e-01 0.000000e+00 -6.647285e-06)	(-1.162513e-01 0.000000e+00 7.726945e-06)
3.830000e+03	lowerWall	(-1.209316e-01 0.000000e+00 -6.633440e-06)	(-1.161683e-01 0.000000e+00 7.713054e-06)
3.840000e+03	lowerWall	(-1.208395e-01 0.000000e+00 -6.619694e-06)	(-1.160857e-01 0.000000e+00 7.699264e-06)
3.850000e+03	lowerWall	(-1.207478e-01 0.000000e+00 -6.606015e-06)	(-1.160034e-01 0.000000e+00 7.685555e-06)
3.860000e+03	lowerWall	(-1.206565e-01 0.000000e+00 -6.592423e-06)	(-1.159215e-01 0.000000e+00 7.671922e-06)
3.870000e+03	lowerWall	(-1.205656e-01 0.000000e+00 -6.578921e-06)	(-1.158400e-01 0.000000e+00 7.658359e-06)
3.880000e+03	lowerWall	(-1.204751e-01 0.000000e+00 -6.565510e-06)	(-1.157588e-01 0.000000e+00 7.644806e-06)
3.890000e+03	lowerWall	(-1.203850e-01 0.000000e+00 -6.552199e-06)	(-1.156780e-01 0.000000e+00 7.631181e-06)
3.900000e+03	lowerWall	(-1.202953e-01 0.000000e+00 -6.538936e-06)	(-1.155975e-01 0.000000e+00 7.617480e-06)
3.910000e+03	lowerWall	(-1.202059e-01 0.000000e+00 -6.525610e-06)	(-1.155173e-01 0.000000e+00 7.603755e-06)
3.920000e+03	lowerWall	(-1.201170e-01 0.000000e+00 -6.512246e-06)	(-1.154375e-01 0.000000e+00 7.590075e-06)
3.930000e+03	lowerWall	(-1.200284e-01 0.000000e+00 -6.498890e-06)	(-1.153580e-01 0.000000e+00 7.576481e-06)
3.940000e+03	lowerWall	(-1.199402e-01 0.000000e+00 -6.485582e-06)	(-1.152788e-01 0.000000e+00 7.562982e-06)
3.950000e+03	lowerWall	(-1.198524e-01 0.000000e+00 -6.472344e-06)	(-1.152000e-01 0.000000e+00 7.549554e-06)
3.960000e+03	lowerWall	(-1.197649e-01 0.000000e+00 -6.459192e-06)	(-1.151216e-01 0.000000e+00 7.536207e-06)
3.970000e+03	lowerWall	(-1.196778e-01 0.000000e+00 -6.446130e-06)	(-1.150434e-01 0.000000e+00 7.522951e-06)
3.980000e+03	lowerWall	(-1.195911e-01 0.000000e+00 -6.433135e-06)	(-1.149656e-01 0.000000e+00 7.509774e-06)
3.990000e+03	lowerWall	(-1.195047e-01 0.000000e+00 -6.420210e-06)	(-1.148881e-01 0.000000e+00 7.496667e-06)
4.000000e+03	lowerWall	(-1.194187e-01 0.000000e+00 -6.407369e-06)	(-1.148110e-01 0.000000e+00 7.483627e-06)
4.010000e+03	lowerWall	(-1.193331e-01 0.000000e+00 -6.394611e-06)	(-1.147342e-01 0.000000e+00 7.470627e-06)
4.020000e+03	lowerWall	(-1.192478e-01 0.000000e+00 -6.381944e-06)	(-1.146576e-01 0.000000e+00 7.457596e-06)
4.030000e+03	lowerWall	(-1.191629e-01 0.000000e+00 -6.369362e-06)	(-1.145815e-01 0.000000e+00 7.444486e-06)
4.040000e+03	lowerWall	(-1.190783e-01 0.000000e+00 -6.356770e-06)	(-1.145056e-01 0.000000e+00 7.431322e-06)
4.050000e+03	lowerWall	(-1.189941e-01 0.000000e+00 -6.344120e-06)	(-1.144300e-01 0.000000e+00 7.418159e-06)
4.060000e+03	lowerWall	(-1.189103e-01 0.000000e+00 -6.331449e-06)	(-1.143548e-01 0.000000e+00 7.405056e-06)
4.070000e+03	lowerWall	(-1.188267e-01 0.000000e+00 -6.318800e-06)	(-1.142798e-01 0.000000e+00 7.392105e-06)
4.080000e+03	lowerWall	(-1.187436e-01 0.000000e+00 -6.306200e-06)	(-1.142052e-01 0.000000e+00 7.379393e-06)
4.090000e+03	lowerWall	(-1.186607e-01 0.000000e+00 -6.293669e-06)	(-1.141309e-01 0.000000e+00 7.366745e-06)
4.100000e+03	lowerWall	(-1.185782e-01 0.000000e+00 -6.281217e-06)	(-1.140569e-01 0.000000e+00 7.354176e-06)
4.110000e+03	lowerWall	(-1.184968e-01 0.000000e+00 -6.274126e-06)	(-1.139796e-01 0.000000e+00 7.355909e-06)
4.120000e+03	lowerWall	(-1.184153e-01 0.000000e+00 -6.264563e-06)	(-1.139046e-01 0.000000e+00 7.350199e-06)
4.130000e+03	lowerWall	(-1.183340e-01 0.000000e+00 -6.254007e-06)	(-1.138303e-01 0.000000e+00 7.342221e-06)
4.140000e+03	lowerWall	(-1.182530e-01 0.000000e+00 -6.243121e-06)	(-1.137566e-01 0.000000e+00 7.333401e-06)
4.150000e+03	lowerWall	(-1.181724e-01 0.000000e+00 -6.232080e-06)	(-1.136834e-01 0.000000e+00 7.324101e-06)
4.160000e+03	lowerWall	(-1.180920e-01 0.000000e+00 -6.220969e-06)	(-1.136105e-01 0.000000e+00 7.314436e-06)
4.170000e+03	lowerWall	(-1.180120e-01 0.000000e+00 -6.209823e-06)	(-1.135380e-01 0.000000e+00 7.304448e-06)
4.180000e+03	lowerWall	(-1.179323e-01 0.000000e+00 -6.198589e-06)	(-1.134658e-01 0.000000e+00 7.294202e-06)
4.190000e+03	lowerWall	(-1.178529e-01 0.000000e+00 -6.187228e-06)	(-1.133940e-01 0.000000e+00 7.283780e-06)
4.200000e+03	lowerWall	(-1.177738e-01 0.000000e+00 -6.175789e-06)	(-1.133225e-01 0.000000e+00 7.273263e-06)
4.210000e+03	lowerWall	(-1.176950e-01 0.000000e+00 -6.164318e-06)	(-1.132513e-01 0.000000e+00 7.262706e-06)
4.220000e+03	lowerWall	(-1.176165e-01 0.000000e+00 -6.152847e-06)	(-1.131804e-01 0.000000e+00 7.252132e-06)
4.230000e+03	lowerWall	(-1.175383e-01 0.000000e+00 -6.141404e-06)	(-1.131098e-01 0.000000e+00 7.241534e-06)
4.240000e+03	lowerWall	(-1.174605e-01 0.000000e+00 -6.130002e-06)	(-1.130395e-01 0.000000e+00 7.230932e-06)
4.250000e+03	lowerWall	(-1.173829e-01 0.000000e+00 -6.118649e-06)	(-1.129696e-01 0.000000e+00 7.220343e-06)
4.260000e+03	lowerWall	(-1.173056e-01 0.000000e+00 -6.107328e-06)	(-1.128999e-01 0.000000e+00 7.209763e-06)
4.270000e+03	lowerWall	(-1.172287e-01 0.000000e+00 -6.096042e-06)	(-1.128305e-01 0.000000e+00 7.199190e-06)
4.280000e+03	lowerWall	(-1.171520e-01 0.000000e+00 -6.084806e-06)	(-1.127614e-01 0.000000e+00 7.188627e-06)
4.290000e+03	lowerWall	(-1.170757e-01 0.000000e+00 -6.073137e-06)	(-1.126930e-01 0.000000e+00 7.178416e-06)
4.300000e+03	lowerWall	(-1.169996e-01 0.000000e+00 -6.061347e-06)	(-1.126249e-01 0.000000e+00 7.164997e-06)
4.310000e+03	lowerWall	(-1.169237e-01 0.000000e+00 -6.049977e-06)	(-1.125569e-01 0.000000e+00 7.153299e-06)
4.320000e+03	lowerWall	(-1.168482e-01 0.000000e+00 -6.038749e-06)	(-1.124891e-01 0.000000e+00 7.141739e-06)
4.330000e+03	lowerWall	(-1.167730e-01 0.000000e+00 -6.027519e-06)	(-1.124215e-01 0.000000e+00 7.130232e-06)
4.340000e+03	lowerWall	(-1.166981e-01 0.000000e+00 -6.016271e-06)	(-1.123542e-01 0.000000e+00 7.118779e-06)
4.350000e+03	lowerWall	(-1.166235e-01 0.000000e+00 -6.005030e-06)	(-1.122871e-01 0.000000e+00 7.107407e-06)
4.360000e+03	lowerWall	(-1.165491e-01 0.000000e+00 -5.993819e-06)	(-1.122203e-01 0.000000e+00 7.096127e-06)
4.370000e+03	lowerWall	(-1.164751e-01 0.000000e+00 -5.982658e-06)	(-1.121538e-01 0.000000e+00 7.084962e-06)
4.380000e+03	lowerWall	(-1.164013e-01 0.000000e+00 -5.971560e-06)	(-1.120875e-01 0.000000e+00 7.074024e-06)
4.390000e+03	lowerWall	(-1.163278e-01 0.000000e+00 -5.960531e-06)	(-1.120214e-01 0.000000e+00 7.063155e-06)
4.400000e+03	lowerWall	(-1.162546e-01 0.000000e+00 -5.949570e-06)	(-1.119556e-01 0.000000e+00 7.052361e-06)
4.410000e+03	lowerWall	(-1.161817e-01 0.000000e+00 -5.938655e-06)	(-1.118901e-01 0.000000e+00 7.041626e-06)
4.420000e+03	lowerWall	(-1.161091e-01 0.000000e+00 -5.927792e-06)	(-1.118248e-01 0.000000e+00 7.030946e-06)
4.430000e+03	lowerWall	(-1.160367e-01 0.000000e+00 -5.916988e-06)	(-1.117598e-01 0.000000e+00 7.020318e-06)
4.440000e+03	lowerWall	(-1.159647e-01 0.000000e+00 -5.906250e-06)	(-1.116950e-01 0.000000e+00 7.009731e-06)
4.450000e+03	lowerWall	(-1.158929e-01 0.000000e+00 -5.895583e-06)	(-1.116305e-01 0.000000e+00 6.999157e-06)
4.460000e+03	lowerWall	(-1.158214e-01 0.000000e+00 -5.884984e-06)	(-1.115662e-01 0.000000e+00 6.988551e-06)
4.470000e+03	lowerWall	(-1.157501e-01 0.000000e+00 -5.874440e-06)	(-1.115022e-01 0.000000e+00 6.977882e-06)
4.480000e+03	lowerWall	(-1.156791e-01 0.000000e+00 -5.863865e-06)	(-1.114384e-01 0.000000e+00 6.967158e-06)
4.490000e+03	lowerWall	(-1.156084e-01 0.000000e+00 -5.853245e-06)	(-1.113749e-01 0.000000e+00 6.956413e-06)
4.500000e+03	lowerWall	(-1.155380e-01 0.000000e+00 -5.842609e-06)	(-1.113116e-01 0.000000e+00 6.945688e-06)
4.510000e+03	lowerWall	(-1.154678e-01 0.000000e+00 -5.831984e-06)	(-1.112485e-01 0.000000e+00 6.935016e-06)
4.520000e+03	lowerWall	(-1.153979e-01 0.000000e+00 -5.821392e-06)	(-1.111857e-01 0.000000e+00 6.924406e-06)
4.530000e+03	lowerWall	(-1.153282e-01 0.000000e+00 -5.810848e-06)	(-1.111231e-01 0.000000e+00 6.913841e-06)
4.540000e+03	lowerWall	(-1.152588e-01 0.000000e+00 -5.800361e-06)	(-1.110608e-01 0.000000e+00 6.903326e-06)
4.550000e+03	lowerWall	(-1.151896e-01 0.000000e+00 -5.789933e-06)	(-1.109986e-01 0.000000e+00 6.892873e-06)
4.560000e+03	lowerWall	(-1.151204e-01 0.000000e+00 -5.778838e-06)	(-1.109370e-01 0.000000e+00 6.878017e-06)
4.570000e+03	lowerWall	(-1.150520e-01 0.000000e+00 -5.768598e-06)	(-1.108755e-01 0.000000e+00 6.870491e-06)
4.580000e+03	lowerWall	(-1.149832e-01 0.000000e+00 -5.757500e-06)	(-1.108155e-01 0.000000e+00 6.854871e-06)
4.590000e+03	lowerWall	(-1.149152e-01 0.000000e+00 -5.747373e-06)	(-1.107532e-01 0.000000e+00 6.845285e-06)
4.600000e+03	lowerWall	(-1.148476e-01 0.000000e+00 -5.737495e-06)	(-1.106923e-01 0.000000e+00 6.838272e-06)
4.610000e+03	lowerWall	(-1.147795e-01 0.000000e+00 -5.726668e-06)	(-1.106329e-01 0.000000e+00 6.822976e-06)
4.620000e+03	lowerWall	(-1.147123e-01 0.000000e+00 -5.716787e-06)	(-1.105712e-01 0.000000e+00 6.813504e-06)
4.630000e+03	lowerWall	(-1.146454e-01 0.000000e+00 -5.707117e-06)	(-1.105110e-01 0.000000e+00 6.806454e-06)
4.640000e+03	lowerWall	(-1.145781e-01 0.000000e+00 -5.696368e-06)	(-1.104523e-01 0.000000e+00 6.791135e-06)
4.650000e+03	lowerWall	(-1.145116e-01 0.000000e+00 -5.686466e-06)	(-1.103912e-01 0.000000e+00 6.781657e-06)
4.660000e+03	lowerWall	(-1.144455e-01 0.000000e+00 -5.676733e-06)	(-1.103317e-01 0.000000e+00 6.774767e-06)
4.670000e+03	lowerWall	(-1.143789e-01 0.000000e+00 -5.665968e-06)	(-1.102736e-01 0.000000e+00 6.759941e-06)
4.680000e+03	lowerWall	(-1.143131e-01 0.000000e+00 -5.656115e-06)	(-1.102132e-01 0.000000e+00 6.750662e-06)
4.690000e+03	lowerWall	(-1.142477e-01 0.000000e+00 -5.646488e-06)	(-1.101543e-01 0.000000e+00 6.743918e-06)
4.700000e+03	lowerWall	(-1.141819e-01 0.000000e+00 -5.635861e-06)	(-1.100969e-01 0.000000e+00 6.729306e-06)
4.710000e+03	lowerWall	(-1.141168e-01 0.000000e+00 -5.626167e-06)	(-1.100371e-01 0.000000e+00 6.720193e-06)
4.720000e+03	lowerWall	(-1.140521e-01 0.000000e+00 -5.616702e-06)	(-1.099788e-01 0.000000e+00 6.713598e-06)
4.730000e+03	lowerWall	(-1.139870e-01 0.000000e+00 -5.606215e-06)	(-1.099220e-01 0.000000e+00 6.699203e-06)
4.740000e+03	lowerWall	(-1.139226e-01 0.000000e+00 -5.596651e-06)	(-1.098629e-01 0.000000e+00 6.690247e-06)
4.750000e+03	lowerWall	(-1.138586e-01 0.000000e+00 -5.587325e-06)	(-1.098053e-01 0.000000e+00 6.683766e-06)
4.760000e+03	lowerWall	(-1.137942e-01 0.000000e+00 -5.576987e-06)	(-1.097491e-01 0.000000e+00 6.669544e-06)
4.770000e+03	lowerWall	(-1.137305e-01 0.000000e+00 -5.567590e-06)	(-1.096906e-01 0.000000e+00 6.660670e-06)
4.780000e+03	lowerWall	(-1.136672e-01 0.000000e+00 -5.558444e-06)	(-1.096336e-01 0.000000e+00 6.654180e-06)
4.790000e+03	lowerWall	(-1.136035e-01 0.000000e+00 -5.548271e-06)	(-1.095780e-01 0.000000e+00 6.639943e-06)
4.800000e+03	lowerWall	(-1.135405e-01 0.000000e+00 -5.538952e-06)	(-1.095202e-01 0.000000e+00 6.630950e-06)
4.810000e+03	lowerWall	(-1.134779e-01 0.000000e+00 -5.529793e-06)	(-1.094638e-01 0.000000e+00 6.624314e-06)
4.820000e+03	lowerWall	(-1.134148e-01 0.000000e+00 -5.519539e-06)	(-1.094088e-01 0.000000e+00 6.610057e-06)
4.830000e+03	lowerWall	(-1.133525e-01 0.000000e+00 -5.510166e-06)	(-1.093516e-01 0.000000e+00 6.601078e-06)
4.840000e+03	lowerWall	(-1.132905e-01 0.000000e+00 -5.501021e-06)	(-1.092958e-01 0.000000e+00 6.594509e-06)
4.850000e+03	lowerWall	(-1.132282e-01 0.000000e+00 -5.490833e-06)	(-1.092414e-01 0.000000e+00 6.580441e-06)
4.860000e+03	lowerWall	(-1.131665e-01 0.000000e+00 -5.481564e-06)	(-1.091848e-01 0.000000e+00 6.571605e-06)
4.870000e+03	lowerWall	(-1.131052e-01 0.000000e+00 -5.472554e-06)	(-1.091295e-01 0.000000e+00 6.565147e-06)
4.880000e+03	lowerWall	(-1.130434e-01 0.000000e+00 -5.462512e-06)	(-1.090757e-01 0.000000e+00 6.551268e-06)
4.890000e+03	lowerWall	(-1.129824e-01 0.000000e+00 -5.453373e-06)	(-1.090197e-01 0.000000e+00 6.542581e-06)
4.900000e+03	lowerWall	(-1.129217e-01 0.000000e+00 -5.444488e-06)	(-1.089651e-01 0.000000e+00 6.536241e-06)
4.910000e+03	lowerWall	(-1.128607e-01 0.000000e+00 -5.434577e-06)	(-1.089118e-01 0.000000e+00 6.522540e-06)
4.920000e+03	lowerWall	(-1.128003e-01 0.000000e+00 -5.425572e-06)	(-1.088564e-01 0.000000e+00 6.513968e-06)
4.930000e+03	lowerWall	(-1.127403e-01 0.000000e+00 -5.416800e-06)	(-1.088023e-01 0.000000e+00 6.507699e-06)
4.940000e+03	lowerWall	(-1.126798e-01 0.000000e+00 -5.407099e-06)	(-1.087496e-01 0.000000e+00 6.494122e-06)
4.950000e+03	lowerWall	(-1.126201e-01 0.000000e+00 -5.398253e-06)	(-1.086948e-01 0.000000e+00 6.485657e-06)
4.960000e+03	lowerWall	(-1.125607e-01 0.000000e+00 -5.390904e-06)	(-1.086405e-01 0.000000e+00 6.480748e-06)
4.970000e+03	lowerWall	(-1.125013e-01 0.000000e+00 -5.382464e-06)	(-1.085868e-01 0.000000e+00 6.472820e-06)
4.980000e+03	lowerWall	(-1.124421e-01 0.000000e+00 -5.373793e-06)	(-1.085334e-01 0.000000e+00 6.464451e-06)
4.990000e+03	lowerWall	(-1.123831e-01 0.000000e+00 -5.365014e-06)	(-1.084803e-01 0.000000e+00 6.455887e-06)
5.000000e+03	lowerWall	(-1.123243e-01 0.000000e+00 -5.356178e-06)	(-1.084273e-01 0.000000e+00 6.447229e-06)
5.010000e+03	lowerWall	(-1.122657e-01 0.000000e+00 -5.347321e-06)	(-1.083746e-01 0.000000e+00 6.438536e-06)
5.020000e+03	lowerWall	(-1.122073e-01 0.000000e+00 -5.338465e-06)	(-1.083220e-01 0.000000e+00 6.429834e-06)
5.030000e+03	lowerWall	(-1.121491e-01 0.000000e+00 -5.329626e-06)	(-1.082697e-01 0.000000e+00 6.421120e-06)
5.040000e+03	lowerWall	(-1.120911e-01 0.000000e+00 -5.320814e-06)	(-1.082176e-01 0.000000e+00 6.412409e-06)
5.050000e+03	lowerWall	(-1.120333e-01 0.000000e+00 -5.312035e-06)	(-1.081656e-01 0.000000e+00 6.403719e-06)
5.060000e+03	lowerWall	(-1.119757e-01 0.000000e+00 -5.303283e-06)	(-1.081138e-01 0.000000e+00 6.395049e-06)
5.070000e+03	lowerWall	(-1.119183e-01 0.000000e+00 -5.294553e-06)	(-1.080622e-01 0.000000e+00 6.386396e-06)
5.080000e+03	lowerWall	(-1.118611e-01 0.000000e+00 -5.285853e-06)	(-1.080108e-01 0.000000e+00 6.377764e-06)
5.090000e+03	lowerWall	(-1.118040e-01 0.000000e+00 -5.277189e-06)	(-1.079596e-01 0.000000e+00 6.369150e-06)
5.100000e+03	lowerWall	(-1.117472e-01 0.000000e+00 -5.268560e-06)	(-1.079085e-01 0.000000e+00 6.360548e-06)
5.110000e+03	lowerWall	(-1.116906e-01 0.000000e+00 -5.259977e-06)	(-1.078577e-01 0.000000e+00 6.351945e-06)
5.120000e+03	lowerWall	(-1.116341e-01 0.000000e+00 -5.251440e-06)	(-1.078070e-01 0.000000e+00 6.343322e-06)
5.130000e+03	lowerWall	(-1.115778e-01 0.000000e+00 -5.242944e-06)	(-1.077565e-01 0.000000e+00 6.334656e-06)
5.140000e+03	lowerWall	(-1.115218e-01 0.000000e+00 -5.234464e-06)	(-1.077061e-01 0.000000e+00 6.325936e-06)
5.150000e+03	lowerWall	(-1.114659e-01 0.000000e+00 -5.225947e-06)	(-1.076560e-01 0.000000e+00 6.317172e-06)
5.160000e+03	lowerWall	(-1.114102e-01 0.000000e+00 -5.217400e-06)	(-1.076060e-01 0.000000e+00 6.308382e-06)
5.170000e+03	lowerWall	(-1.113547e-01 0.000000e+00 -5.208839e-06)	(-1.075562e-01 0.000000e+00 6.299589e-06)
5.180000e+03	lowerWall	(-1.112993e-01 0.000000e+00 -5.200278e-06)	(-1.075065e-01 0.000000e+00 6.290817e-06)
5.190000e+03	lowerWall	(-1.112442e-01 0.000000e+00 -5.191733e-06)	(-1.074570e-01 0.000000e+00 6.282085e-06)
5.200000e+03	lowerWall	(-1.111892e-01 0.000000e+00 -5.183215e-06)	(-1.074077e-01 0.000000e+00 6.273396e-06)
5.210000e+03	lowerWall	(-1.111344e-01 0.000000e+00 -5.174732e-06)	(-1.073586e-01 0.000000e+00 6.264734e-06)
5.220000e+03	lowerWall	(-1.110798e-01 0.000000e+00 -5.166289e-06)	(-1.073096e-01 0.000000e+00 6.256104e-06)
5.230000e+03	lowerWall	(-1.110254e-01 0.000000e+00 -5.157888e-06)	(-1.072608e-01 0.000000e+00 6.247518e-06)
5.240000e+03	lowerWall	(-1.109711e-01 0.000000e+00 -5.149521e-06)	(-1.072121e-01 0.000000e+00 6.238971e-06)
5.250000e+03	lowerWall	(-1.109171e-01 0.000000e+00 -5.141180e-06)	(-1.071636e-01 0.000000e+00 6.230457e-06)
5.260000e+03	lowerWall	(-1.108632e-01 0.000000e+00 -5.132875e-06)	(-1.071153e-01 0.000000e+00 6.221976e-06)
5.270000e+03	lowerWall	(-1.108095e-01 0.000000e+00 -5.124607e-06)	(-1.070671e-01 0.000000e+00 6.213684e-06)
5.280000e+03	lowerWall	(-1.107560e-01 0.000000e+00 -5.116377e-06)	(-1.070191e-01 0.000000e+00 6.205417e-06)
5.290000e+03	lowerWall	(-1.107026e-01 0.000000e+00 -5.108192e-06)	(-1.069712e-01 0.000000e+00 6.197163e-06)
5.300000e+03	lowerWall	(-1.106494e-01 0.000000e+00 -5.100049e-06)	(-1.069236e-01 0.000000e+00 6.188905e-06)
5.310000e+03	lowerWall	(-1.105964e-01 0.000000e+00 -5.091949e-06)	(-1.068760e-01 0.000000e+00 6.180623e-06)
5.320000e+03	lowerWall	(-1.105436e-01 0.000000e+00 -5.083879e-06)	(-1.068287e-01 0.000000e+00 6.172303e-06)
5.330000e+03	lowerWall	(-1.104909e-01 0.000000e+00 -5.075787e-06)	(-1.067815e-01 0.000000e+00 6.163942e-06)
5.340000e+03	lowerWall	(-1.104384e-01 0.000000e+00 -5.067664e-06)	(-1.067344e-01 0.000000e+00 6.155554e-06)
5.350000e+03	lowerWall	(-1.103861e-01 0.000000e+00 -5.059525e-06)	(-1.066875e-01 0.000000e+00 6.147154e-06)
5.360000e+03	lowerWall	(-1.103340e-01 0.000000e+00 -5.051382e-06)	(-1.066408e-01 0.000000e+00 6.138763e-06)
5.370000e+03	lowerWall	(-1.102820e-01 0.000000e+00 -5.043250e-06)	(-1.065942e-01 0.000000e+00 6.130400e-06)
5.380000e+03	lowerWall	(-1.102301e-01 0.000000e+00 -5.035140e-06)	(-1.065477e-01 0.000000e+00 6.122080e-06)
5.390000e+03	lowerWall	(-1.101785e-01 0.000000e+00 -5.027060e-06)	(-1.065014e-01 0.000000e+00 6.113801e-06)
5.400000e+03	lowerWall	(-1.101270e-01 0.000000e+00 -5.019015e-06)	(-1.064553e-01 0.000000e+00 6.105549e-06)
5.410000e+03	lowerWall	(-1.100757e-01 0.000000e+00 -5.011010e-06)	(-1.064093e-01 0.000000e+00 6.097333e-06)
5.420000e+03	lowerWall	(-1.100245e-01 0.000000e+00 -5.003045e-06)	(-1.063635e-01 0.000000e+00 6.089163e-06)
5.430000e+03	lowerWall	(-1.099735e-01 0.000000e+00 -4.995108e-06)	(-1.063178e-01 0.000000e+00 6.081029e-06)
5.440000e+03	lowerWall	(-1.099227e-01 0.000000e+00 -4.987198e-06)	(-1.062722e-01 0.000000e+00 6.072928e-06)
5.450000e+03	lowerWall	(-1.098720e-01 0.000000e+00 -4.979321e-06)	(-1.062269e-01 0.000000e+00 6.064861e-06)
5.460000e+03	lowerWall	(-1.098215e-01 0.000000e+00 -4.971480e-06)	(-1.061816e-01 0.000000e+00 6.056820e-06)
5.470000e+03	lowerWall	(-1.097712e-01 0.000000e+00 -4.963675e-06)	(-1.061365e-01 0.000000e+00 6.048801e-06)
5.480000e+03	lowerWall	(-1.097210e-01 0.000000e+00 -4.955911e-06)	(-1.060916e-01 0.000000e+00 6.040792e-06)
5.490000e+03	lowerWall	(-1.096710e-01 0.000000e+00 -4.948184e-06)	(-1.060467e-01 0.000000e+00 6.032778e-06)
5.500000e+03	lowerWall	(-1.096211e-01 0.000000e+00 -4.940495e-06)	(-1.060021e-01 0.000000e+00 6.024742e-06)
5.510000e+03	lowerWall	(-1.095714e-01 0.000000e+00 -4.932836e-06)	(-1.059576e-01 0.000000e+00 6.016671e-06)
5.520000e+03	lowerWall	(-1.095219e-01 0.000000e+00 -4.925157e-06)	(-1.059132e-01 0.000000e+00 6.008565e-06)
5.530000e+03	lowerWall	(-1.094725e-01 0.000000e+00 -4.917451e-06)	(-1.058690e-01 0.000000e+00 6.000435e-06)
5.540000e+03	lowerWall	(-1.094232e-01 0.000000e+00 -4.909728e-06)	(-1.058249e-01 0.000000e+00 5.992296e-06)
5.550000e+03	lowerWall	(-1.093741e-01 0.000000e+00 -4.902000e-06)	(-1.057809e-01 0.000000e+00 5.984166e-06)
5.560000e+03	lowerWall	(-1.093252e-01 0.000000e+00 -4.894280e-06)	(-1.057371e-01 0.000000e+00 5.976057e-06)
5.570000e+03	lowerWall	(-1.092764e-01 0.000000e+00 -4.886579e-06)	(-1.056935e-01 0.000000e+00 5.967989e-06)
5.580000e+03	lowerWall	(-1.092278e-01 0.000000e+00 -4.878903e-06)	(-1.056499e-01 0.000000e+00 5.959987e-06)
5.590000e+03	lowerWall	(-1.091793e-01 0.000000e+00 -4.871260e-06)	(-1.056065e-01 0.000000e+00 5.952142e-06)
5.600000e+03	lowerWall	(-1.091310e-01 0.000000e+00 -4.863652e-06)	(-1.055633e-01 0.000000e+00 5.944324e-06)
5.610000e+03	lowerWall	(-1.090828e-01 0.000000e+00 -4.856082e-06)	(-1.055201e-01 0.000000e+00 5.936546e-06)
5.620000e+03	lowerWall	(-1.090348e-01 0.000000e+00 -4.848548e-06)	(-1.054771e-01 0.000000e+00 5.928809e-06)
5.630000e+03	lowerWall	(-1.089869e-01 0.000000e+00 -4.841033e-06)	(-1.054343e-01 0.000000e+00 5.921104e-06)
5.640000e+03	lowerWall	(-1.089392e-01 0.000000e+00 -4.833548e-06)	(-1.053916e-01 0.000000e+00 5.913432e-06)
5.650000e+03	lowerWall	(-1.088916e-01 0.000000e+00 -4.826095e-06)	(-1.053490e-01 0.000000e+00 5.905789e-06)
5.660000e+03	lowerWall	(-1.088442e-01 0.000000e+00 -4.818674e-06)	(-1.053065e-01 0.000000e+00 5.898171e-06)
5.670000e+03	lowerWall	(-1.087968e-01 0.000000e+00 -4.810415e-06)	(-1.052645e-01 0.000000e+00 5.888363e-06)
5.680000e+03	lowerWall	(-1.087497e-01 0.000000e+00 -4.803524e-06)	(-1.052222e-01 0.000000e+00 5.881907e-06)
5.690000e+03	lowerWall	(-1.087026e-01 0.000000e+00 -4.794661e-06)	(-1.051808e-01 0.000000e+00 5.870670e-06)
5.700000e+03	lowerWall	(-1.086556e-01 0.000000e+00 -4.786680e-06)	(-1.051393e-01 0.000000e+00 5.861492e-06)
5.710000e+03	lowerWall	(-1.086088e-01 0.000000e+00 -4.778977e-06)	(-1.050979e-01 0.000000e+00 5.852768e-06)
5.720000e+03	lowerWall	(-1.085622e-01 0.000000e+00 -4.771356e-06)	(-1.050564e-01 0.000000e+00 5.844219e-06)
5.730000e+03	lowerWall	(-1.085157e-01 0.000000e+00 -4.763774e-06)	(-1.050151e-01 0.000000e+00 5.835768e-06)
5.740000e+03	lowerWall	(-1.084694e-01 0.000000e+00 -4.756220e-06)	(-1.049739e-01 0.000000e+00 5.827393e-06)
5.750000e+03	lowerWall	(-1.084232e-01 0.000000e+00 -4.748692e-06)	(-1.049328e-01 0.000000e+00 5.819085e-06)
5.760000e+03	lowerWall	(-1.083772e-01 0.000000e+00 -4.741197e-06)	(-1.048918e-01 0.000000e+00 5.810844e-06)
5.770000e+03	lowerWall	(-1.083313e-01 0.000000e+00 -4.733739e-06)	(-1.048509e-01 0.000000e+00 5.802672e-06)
5.780000e+03	lowerWall	(-1.082855e-01 0.000000e+00 -4.726319e-06)	(-1.048102e-01 0.000000e+00 5.794576e-06)
5.790000e+03	lowerWall	(-1.082399e-01 0.000000e+00 -4.718942e-06)	(-1.047695e-01 0.000000e+00 5.786547e-06)
5.800000e+03	lowerWall	(-1.081944e-01 0.000000e+00 -4.711609e-06)	(-1.047290e-01 0.000000e+00 5.778567e-06)
5.810000e+03	lowerWall	(-1.081491e-01 0.000000e+00 -4.704321e-06)	(-1.046886e-01 0.000000e+00 5.770642e-06)
5.820000e+03	lowerWall	(-1.081039e-01 0.000000e+00 -4.697076e-06)	(-1.046483e-01 0.000000e+00 5.762776e-06)
5.830000e+03	lowerWall	(-1.080589e-01 0.000000e+00 -4.689859e-06)	(-1.046081e-01 0.000000e+00 5.754959e-06)
5.840000e+03	lowerWall	(-1.080139e-01 0.000000e+00 -4.682671e-06)	(-1.045680e-01 0.000000e+00 5.747188e-06)
5.850000e+03	lowerWall	(-1.079692e-01 0.000000e+00 -4.675518e-06)	(-1.045281e-01 0.000000e+00 5.739458e-06)
5.860000e+03	lowerWall	(-1.079245e-01 0.000000e+00 -4.668398e-06)	(-1.044883e-01 0.000000e+00 5.731764e-06)
5.870000e+03	lowerWall	(-1.078799e-01 0.000000e+00 -4.661547e-06)	(-1.044495e-01 0.000000e+00 5.724031e-06)
5.880000e+03	lowerWall	(-1.078357e-01 0.000000e+00 -4.654854e-06)	(-1.044088e-01 0.000000e+00 5.717528e-06)
5.890000e+03	lowerWall	(-1.077915e-01 0.000000e+00 -4.648362e-06)	(-1.043692e-01 0.000000e+00 5.711903e-06)
5.900000e+03	lowerWall	(-1.077472e-01 0.000000e+00 -4.640997e-06)	(-1.043308e-01 0.000000e+00 5.702341e-06)
5.910000e+03	lowerWall	(-1.077033e-01 0.000000e+00 -4.634228e-06)	(-1.042906e-01 0.000000e+00 5.695579e-06)
5.920000e+03	lowerWall	(-1.076596e-01 0.000000e+00 -4.627735e-06)	(-1.042514e-01 0.000000e+00 5.689880e-06)
5.930000e+03	lowerWall	(-1.076157e-01 0.000000e+00 -4.620346e-06)	(-1.042134e-01 0.000000e+00 5.680217e-06)
5.940000e+03	lowerWall	(-1.075722e-01 0.000000e+00 -4.613520e-06)	(-1.041735e-01 0.000000e+00 5.673352e-06)
5.950000e+03	lowerWall	(-1.075290e-01 0.000000e+00 -4.607708e-06)	(-1.041343e-01 0.000000e+00 5.669790e-06)
5.960000e+03	lowerWall	(-1.074856e-01 0.000000e+00 -4.601099e-06)	(-1.040952e-01 0.000000e+00 5.661830e-06)
5.970000e+03	lowerWall	(-1.074423e-01 0.000000e+00 -4.593644e-06)	(-1.040568e-01 0.000000e+00 5.652906e-06)
5.980000e+03	lowerWall	(-1.073994e-01 0.000000e+00 -4.587156e-06)	(-1.040184e-01 0.000000e+00 5.648195e-06)
5.990000e+03	lowerWall	(-1.073563e-01 0.000000e+00 -4.579842e-06)	(-1.039800e-01 0.000000e+00 5.638840e-06)
6.000000e+03	lowerWall	(-1.073137e-01 0.000000e+00 -4.573704e-06)	(-1.039416e-01 0.000000e+00 5.634125e-06)
6.010000e+03	lowerWall	(-1.072710e-01 0.000000e+00 -4.567048e-06)	(-1.039033e-01 0.000000e+00 5.626523e-06)
6.020000e+03	lowerWall	(-1.072284e-01 0.000000e+00 -4.560228e-06)	(-1.038652e-01 0.000000e+00 5.618961e-06)
6.030000e+03	lowerWall	(-1.071861e-01 0.000000e+00 -4.553377e-06)	(-1.038273e-01 0.000000e+00 5.612488e-06)
6.040000e+03	lowerWall	(-1.071438e-01 0.000000e+00 -4.547105e-06)	(-1.037894e-01 0.000000e+00 5.606661e-06)
6.050000e+03	lowerWall	(-1.071014e-01 0.000000e+00 -4.539045e-06)	(-1.037521e-01 0.000000e+00 5.595221e-06)
6.060000e+03	lowerWall	(-1.070596e-01 0.000000e+00 -4.533353e-06)	(-1.037143e-01 0.000000e+00 5.591803e-06)
6.070000e+03	lowerWall	(-1.070173e-01 0.000000e+00 -4.525606e-06)	(-1.036779e-01 0.000000e+00 5.580699e-06)
6.080000e+03	lowerWall	(-1.069757e-01 0.000000e+00 -4.519407e-06)	(-1.036398e-01 0.000000e+00 5.576521e-06)
6.090000e+03	lowerWall	(-1.069340e-01 0.000000e+00 -4.513298e-06)	(-1.036023e-01 0.000000e+00 5.569799e-06)
6.100000e+03	lowerWall	(-1.068924e-01 0.000000e+00 -4.506792e-06)	(-1.035649e-01 0.000000e+00 5.561837e-06)
6.110000e+03	lowerWall	(-1.068511e-01 0.000000e+00 -4.500734e-06)	(-1.035279e-01 0.000000e+00 5.557767e-06)
6.120000e+03	lowerWall	(-1.068098e-01 0.000000e+00 -4.494066e-06)	(-1.034910e-01 0.000000e+00 5.550556e-06)
6.130000e+03	lowerWall	(-1.067685e-01 0.000000e+00 -4.487447e-06)	(-1.034541e-01 0.000000e+00 5.542331e-06)
6.140000e+03	lowerWall	(-1.067273e-01 0.000000e+00 -4.480412e-06)	(-1.034176e-01 0.000000e+00 5.533745e-06)
6.150000e+03	lowerWall	(-1.066863e-01 0.000000e+00 -4.473906e-06)	(-1.033811e-01 0.000000e+00 5.527314e-06)
6.160000e+03	lowerWall	(-1.066455e-01 0.000000e+00 -4.467159e-06)	(-1.033446e-01 0.000000e+00 5.519082e-06)
6.170000e+03	lowerWall	(-1.066048e-01 0.000000e+00 -4.461145e-06)	(-1.033081e-01 0.000000e+00 5.514228e-06)
6.180000e+03	lowerWall	(-1.065642e-01 0.000000e+00 -4.454734e-06)	(-1.032717e-01 0.000000e+00 5.506656e-06)
6.190000e+03	lowerWall	(-1.065236e-01 0.000000e+00 -4.447738e-06)	(-1.032357e-01 0.000000e+00 5.498420e-06)
6.200000e+03	lowerWall	(-1.064833e-01 0.000000e+00 -4.441276e-06)	(-1.031998e-01 0.000000e+00 5.492687e-06)
6.210000e+03	lowerWall	(-1.064430e-01 0.000000e+00 -4.435098e-06)	(-1.031637e-01 0.000000e+00 5.486506e-06)
6.220000e+03	lowerWall	(-1.064028e-01 0.000000e+00 -4.428674e-06)	(-1.031276e-01 0.000000e+00 5.478526e-06)
6.230000e+03	lowerWall	(-1.063628e-01 0.000000e+00 -4.422154e-06)	(-1.030920e-01 0.000000e+00 5.471880e-06)
6.240000e+03	lowerWall	(-1.063228e-01 0.000000e+00 -4.415439e-06)	(-1.030563e-01 0.000000e+00 5.464007e-06)
6.250000e+03	lowerWall	(-1.062830e-01 0.000000e+00 -4.409270e-06)	(-1.030208e-01 0.000000e+00 5.458120e-06)
6.260000e+03	lowerWall	(-1.062434e-01 0.000000e+00 -4.402806e-06)	(-1.029855e-01 0.000000e+00 5.452642e-06)
6.270000e+03	lowerWall	(-1.062038e-01 0.000000e+00 -4.396751e-06)	(-1.029499e-01 0.000000e+00 5.445604e-06)
6.280000e+03	lowerWall	(-1.061644e-01 0.000000e+00 -4.390474e-06)	(-1.029147e-01 0.000000e+00 5.439924e-06)
6.290000e+03	lowerWall	(-1.061250e-01 0.000000e+00 -4.383910e-06)	(-1.028797e-01 0.000000e+00 5.432228e-06)
6.300000e+03	lowerWall	(-1.060857e-01 0.000000e+00 -4.377403e-06)	(-1.028449e-01 0.000000e+00 5.425933e-06)
6.310000e+03	lowerWall	(-1.060465e-01 0.000000e+00 -4.371053e-06)	(-1.028098e-01 0.000000e+00 5.417603e-06)
6.320000e+03	lowerWall	(-1.060075e-01 0.000000e+00 -4.364896e-06)	(-1.027750e-01 0.000000e+00 5.411427e-06)
6.330000e+03	lowerWall	(-1.059685e-01 0.000000e+00 -4.358668e-06)	(-1.027403e-01 0.000000e+00 5.404792e-06)
6.340000e+03	lowerWall	(-1.059298e-01 0.000000e+00 -4.352439e-06)	(-1.027058e-01 0.000000e+00 5.398888e-06)
6.350000e+03	lowerWall	(-1.058910e-01 0.000000e+00 -4.346453e-06)	(-1.026711e-01 0.000000e+00 5.392257e-06)
6.360000e+03	lowerWall	(-1.058522e-01 0.000000e+00 -4.339540e-06)	(-1.026377e-01 0.000000e+00 5.383243e-06)
6.370000e+03	lowerWall	(-1.058140e-01 0.000000e+00 -4.333559e-06)	(-1.026027e-01 0.000000e+00 5.378592e-06)
6.380000e+03	lowerWall	(-1.057755e-01 0.000000e+00 -4.327654e-06)	(-1.025684e-01 0.000000e+00 5.372187e-06)
6.390000e+03	lowerWall	(-1.057372e-01 0.000000e+00 -4.321625e-06)	(-1.025339e-01 0.000000e+00 5.364998e-06)
6.400000e+03	lowerWall	(-1.056990e-01 0.000000e+00 -4.315347e-06)	(-1.024999e-01 0.000000e+00 5.358020e-06)
6.410000e+03	lowerWall	(-1.056610e-01 0.000000e+00 -4.309217e-06)	(-1.024659e-01 0.000000e+00 5.352040e-06)
6.420000e+03	lowerWall	(-1.056231e-01 0.000000e+00 -4.302550e-06)	(-1.024324e-01 0.000000e+00 5.345312e-06)
6.430000e+03	lowerWall	(-1.055852e-01 0.000000e+00 -4.296874e-06)	(-1.023984e-01 0.000000e+00 5.338978e-06)
6.440000e+03	lowerWall	(-1.055474e-01 0.000000e+00 -4.290436e-06)	(-1.023648e-01 0.000000e+00 5.331777e-06)
6.450000e+03	lowerWall	(-1.055099e-01 0.000000e+00 -4.284775e-06)	(-1.023312e-01 0.000000e+00 5.326661e-06)
6.460000e+03	lowerWall	(-1.054723e-01 0.000000e+00 -4.278742e-06)	(-1.022976e-01 0.000000e+00 5.319868e-06)
6.470000e+03	lowerWall	(-1.054350e-01 0.000000e+00 -4.272836e-06)	(-1.022642e-01 0.000000e+00 5.314151e-06)
6.480000e+03	lowerWall	(-1.053977e-01 0.000000e+00 -4.266564e-06)	(-1.022310e-01 0.000000e+00 5.307555e-06)
6.490000e+03	lowerWall	(-1.053604e-01 0.000000e+00 -4.260777e-06)	(-1.021977e-01 0.000000e+00 5.301096e-06)
6.500000e+03	lowerWall	(-1.053232e-01 0.000000e+00 -4.254868e-06)	(-1.021645e-01 0.000000e+00 5.294351e-06)
6.510000e+03	lowerWall	(-1.052862e-01 0.000000e+00 -4.248284e-06)	(-1.021316e-01 0.000000e+00 5.286587e-06)
6.520000e+03	lowerWall	(-1.052494e-01 0.000000e+00 -4.242778e-06)	(-1.020987e-01 0.000000e+00 5.281986e-06)
6.530000e+03	lowerWall	(-1.052124e-01 0.000000e+00 -4.236176e-06)	(-1.020667e-01 0.000000e+00 5.273728e-06)
6.540000e+03	lowerWall	(-1.051757e-01 0.000000e+00 -4.229922e-06)	(-1.020341e-01 0.000000e+00 5.266582e-06)
6.550000e+03	lowerWall	(-1.051391e-01 0.000000e+00 -4.224391e-06)	(-1.020007e-01 0.000000e+00 5.261173e-06)
6.560000e+03	lowerWall	(-1.051026e-01 0.000000e+00 -4.218260e-06)	(-1.019682e-01 0.000000e+00 5.254372e-06)
6.570000e+03	lowerWall	(-1.050661e-01 0.000000e+00 -4.212063e-06)	(-1.019366e-01 0.000000e+00 5.247131e-06)
6.580000e+03	lowerWall	(-1.050300e-01 0.000000e+00 -4.207068e-06)	(-1.019034e-01 0.000000e+00 5.243664e-06)
6.590000e+03	lowerWall	(-1.049935e-01 0.000000e+00 -4.200411e-06)	(-1.018720e-01 0.000000e+00 5.234156e-06)
6.600000e+03	lowerWall	(-1.049576e-01 0.000000e+00 -4.195252e-06)	(-1.018390e-01 0.000000e+00 5.230578e-06)
6.610000e+03	lowerWall	(-1.049214e-01 0.000000e+00 -4.188552e-06)	(-1.018071e-01 0.000000e+00 5.221757e-06)
6.620000e+03	lowerWall	(-1.048854e-01 0.000000e+00 -4.182839e-06)	(-1.017758e-01 0.000000e+00 5.216085e-06)
6.630000e+03	lowerWall	(-1.048498e-01 0.000000e+00 -4.177773e-06)	(-1.017430e-01 0.000000e+00 5.211890e-06)
6.640000e+03	lowerWall	(-1.048140e-01 0.000000e+00 -4.171018e-06)	(-1.017115e-01 0.000000e+00 5.204006e-06)
6.650000e+03	lowerWall	(-1.047782e-01 0.000000e+00 -4.164902e-06)	(-1.016798e-01 0.000000e+00 5.196409e-06)
6.660000e+03	lowerWall	(-1.047427e-01 0.000000e+00 -4.159071e-06)	(-1.016481e-01 0.000000e+00 5.190322e-06)
6.670000e+03	lowerWall	(-1.047073e-01 0.000000e+00 -4.153771e-06)	(-1.016165e-01 0.000000e+00 5.185159e-06)
6.680000e+03	lowerWall	(-1.046719e-01 0.000000e+00 -4.147160e-06)	(-1.015859e-01 0.000000e+00 5.177329e-06)
6.690000e+03	lowerWall	(-1.046367e-01 0.000000e+00 -4.142185e-06)	(-1.015535e-01 0.000000e+00 5.172388e-06)
6.700000e+03	lowerWall	(-1.046015e-01 0.000000e+00 -4.135838e-06)	(-1.015224e-01 0.000000e+00 5.165442e-06)
6.710000e+03	lowerWall	(-1.045665e-01 0.000000e+00 -4.130519e-06)	(-1.014911e-01 0.000000e+00 5.160000e-06)
6.720000e+03	lowerWall	(-1.045315e-01 0.000000e+00 -4.124832e-06)	(-1.014599e-01 0.000000e+00 5.154313e-06)
6.730000e+03	lowerWall	(-1.044966e-01 0.000000e+00 -4.118656e-06)	(-1.014297e-01 0.000000e+00 5.146915e-06)
6.740000e+03	lowerWall	(-1.044620e-01 0.000000e+00 -4.113495e-06)	(-1.013980e-01 0.000000e+00 5.143057e-06)
6.750000e+03	lowerWall	(-1.044272e-01 0.000000e+00 -4.108041e-06)	(-1.013669e-01 0.000000e+00 5.135969e-06)
6.760000e+03	lowerWall	(-1.043925e-01 0.000000e+00 -4.101790e-06)	(-1.013362e-01 0.000000e+00 5.129035e-06)
6.770000e+03	lowerWall	(-1.043580e-01 0.000000e+00 -4.096215e-06)	(-1.013055e-01 0.000000e+00 5.123162e-06)
6.780000e+03	lowerWall	(-1.043236e-01 0.000000e+00 -4.090168e-06)	(-1.012751e-01 0.000000e+00 5.116316e-06)
6.790000e+03	lowerWall	(-1.042892e-01 0.000000e+00 -4.084548e-06)	(-1.012446e-01 0.000000e+00 5.110299e-06)
6.800000e+03	lowerWall	(-1.042550e-01 0.000000e+00 -4.079211e-06)	(-1.012140e-01 0.000000e+00 5.104732e-06)
6.810000e+03	lowerWall	(-1.042208e-01 0.000000e+00 -4.073156e-06)	(-1.011845e-01 0.000000e+00 5.097650e-06)
6.820000e+03	lowerWall	(-1.041868e-01 0.000000e+00 -4.067965e-06)	(-1.011541e-01 0.000000e+00 5.092349e-06)
6.830000e+03	lowerWall	(-1.041528e-01 0.000000e+00 -4.062215e-06)	(-1.011240e-01 0.000000e+00 5.085887e-06)
6.840000e+03	lowerWall	(-1.041189e-01 0.000000e+00 -4.056598e-06)	(-1.010939e-01 0.000000e+00 5.079666e-06)
6.850000e+03	lowerWall	(-1.040851e-01 0.000000e+00 -4.050984e-06)	(-1.010639e-01 0.000000e+00 5.073474e-06)
6.860000e+03	lowerWall	(-1.040514e-01 0.000000e+00 -4.045366e-06)	(-1.010340e-01 0.000000e+00 5.067287e-06)
6.870000e+03	lowerWall	(-1.040178e-01 0.000000e+00 -4.039746e-06)	(-1.010041e-01 0.000000e+00 5.061105e-06)
6.880000e+03	lowerWall	(-1.039843e-01 0.000000e+00 -4.034131e-06)	(-1.009744e-01 0.000000e+00 5.054931e-06)
6.890000e+03	lowerWall	(-1.039509e-01 0.000000e+00 -4.028525e-06)	(-1.009447e-01 0.000000e+00 5.048771e-06)
6.900000e+03	lowerWall	(-1.039175e-01 0.000000e+00 -4.022933e-06)	(-1.009150e-01 0.000000e+00 5.042631e-06)
6.910000e+03	lowerWall	(-1.038843e-01 0.000000e+00 -4.017512e-06)	(-1.008848e-01 0.000000e+00 5.036670e-06)
6.920000e+03	lowerWall	(-1.038511e-01 0.000000e+00 -4.012135e-06)	(-1.008552e-01 0.000000e+00 5.031030e-06)
6.930000e+03	lowerWall	(-1.038181e-01 0.000000e+00 -4.006853e-06)	(-1.008257e-01 0.000000e+00 5.025083e-06)
6.940000e+03	lowerWall	(-1.037851e-01 0.000000e+00 -4.001818e-06)	(-1.007963e-01 0.000000e+00 5.020240e-06)
6.950000e+03	lowerWall	(-1.037521e-01 0.000000e+00 -3.995616e-06)	(-1.007679e-01 0.000000e+00 5.012723e-06)
6.960000e+03	lowerWall	(-1.037194e-01 0.000000e+00 -3.990690e-06)	(-1.007378e-01 0.000000e+00 5.007739e-06)
6.970000e+03	lowerWall	(-1.036867e-01 0.000000e+00 -3.985500e-06)	(-1.007087e-01 0.000000e+00 5.002649e-06)
6.980000e+03	lowerWall	(-1.036540e-01 0.000000e+00 -3.979718e-06)	(-1.006798e-01 0.000000e+00 4.995906e-06)
6.990000e+03	lowerWall	(-1.036214e-01 0.000000e+00 -3.974242e-06)	(-1.006515e-01 0.000000e+00 4.990267e-06)
7.000000e+03	lowerWall	(-1.035889e-01 0.000000e+00 -3.969275e-06)	(-1.006218e-01 0.000000e+00 4.984960e-06)
7.010000e+03	lowerWall	(-1.035565e-01 0.000000e+00 -3.963462e-06)	(-1.005932e-01 0.000000e+00 4.978326e-06)
7.020000e+03	lowerWall	(-1.035242e-01 0.000000e+00 -3.958420e-06)	(-1.005644e-01 0.000000e+00 4.973114e-06)
7.030000e+03	lowerWall	(-1.034921e-01 0.000000e+00 -3.953547e-06)	(-1.005356e-01 0.000000e+00 4.969102e-06)
7.040000e+03	lowerWall	(-1.034599e-01 0.000000e+00 -3.948482e-06)	(-1.005069e-01 0.000000e+00 4.963141e-06)
7.050000e+03	lowerWall	(-1.034278e-01 0.000000e+00 -3.943292e-06)	(-1.004783e-01 0.000000e+00 4.957348e-06)
7.060000e+03	lowerWall	(-1.033959e-01 0.000000e+00 -3.938142e-06)	(-1.004499e-01 0.000000e+00 4.952086e-06)
7.070000e+03	lowerWall	(-1.033640e-01 0.000000e+00 -3.933021e-06)	(-1.004215e-01 0.000000e+00 4.946610e-06)
7.080000e+03	lowerWall	(-1.033321e-01 0.000000e+00 -3.927922e-06)	(-1.003931e-01 0.000000e+00 4.941011e-06)
7.090000e+03	lowerWall	(-1.033004e-01 0.000000e+00 -3.922674e-06)	(-1.003649e-01 0.000000e+00 4.935090e-06)
7.100000e+03	lowerWall	(-1.032687e-01 0.000000e+00 -3.917484e-06)	(-1.003367e-01 0.000000e+00 4.929448e-06)
7.110000e+03	lowerWall	(-1.032372e-01 0.000000e+00 -3.912339e-06)	(-1.003087e-01 0.000000e+00 4.924872e-06)
7.120000e+03	lowerWall	(-1.032057e-01 0.000000e+00 -3.907172e-06)	(-1.002807e-01 0.000000e+00 4.918527e-06)
7.130000e+03	lowerWall	(-1.031743e-01 0.000000e+00 -3.901651e-06)	(-1.002529e-01 0.000000e+00 4.912585e-06)
7.140000e+03	lowerWall	(-1.031429e-01 0.000000e+00 -3.896173e-06)	(-1.002251e-01 0.000000e+00 4.906077e-06)
7.150000e+03	lowerWall	(-1.031117e-01 0.000000e+00 -3.891114e-06)	(-1.001974e-01 0.000000e+00 4.901485e-06)
7.160000e+03	lowerWall	(-1.030805e-01 0.000000e+00 -3.885450e-06)	(-1.001697e-01 0.000000e+00 4.894226e-06)
7.170000e+03	lowerWall	(-1.030494e-01 0.000000e+00 -3.880356e-06)	(-1.001420e-01 0.000000e+00 4.888697e-06)
7.180000e+03	lowerWall	(-1.030184e-01 0.000000e+00 -3.875322e-06)	(-1.001145e-01 0.000000e+00 4.883823e-06)
7.190000e+03	lowerWall	(-1.029875e-01 0.000000e+00 -3.870438e-06)	(-1.000869e-01 0.000000e+00 4.878608e-06)
7.200000e+03	lowerWall	(-1.029566e-01 0.000000e+00 -3.865153e-06)	(-1.000595e-01 0.000000e+00 4.872719e-06)
7.210000e+03	lowerWall	(-1.029259e-01 0.000000e+00 -3.860197e-06)	(-1.000321e-01 0.000000e+00 4.867586e-06)
7.220000e+03	lowerWall	(-1.028951e-01 0.000000e+00 -3.854363e-06)	(-1.000051e-01 0.000000e+00 4.860350e-06)
7.230000e+03	lowerWall	(-1.028645e-01 0.000000e+00 -3.849706e-06)	(-9.997775e-02 0.000000e+00 4.855775e-06)
7.240000e+03	lowerWall	(-1.028340e-01 0.000000e+00 -3.844790e-06)	(-9.995067e-02 0.000000e+00 4.851255e-06)
7.250000e+03	lowerWall	(-1.028035e-01 0.000000e+00 -3.839548e-06)	(-9.992352e-02 0.000000e+00 4.844635e-06)
7.260000e+03	lowerWall	(-1.027731e-01 0.000000e+00 -3.834435e-06)	(-9.989654e-02 0.000000e+00 4.839023e-06)
7.270000e+03	lowerWall	(-1.027428e-01 0.000000e+00 -3.829364e-06)	(-9.986958e-02 0.000000e+00 4.833327e-06)
7.280000e+03	lowerWall	(-1.027126e-01 0.000000e+00 -3.824402e-06)	(-9.984282e-02 0.000000e+00 4.828719e-06)
7.290000e+03	lowerWall	(-1.026823e-01 0.000000e+00 -3.818778e-06)	(-9.981615e-02 0.000000e+00 4.821533e-06)
7.300000e+03	lowerWall	(-1.026523e-01 0.000000e+00 -3.814497e-06)	(-9.978929e-02 0.000000e+00 4.817675e-06)
7.310000e+03	lowerWall	(-1.026222e-01 0.000000e+00 -3.809010e-06)	(-9.976274e-02 0.000000e+00 4.811013e-06)
7.320000e+03	lowerWall	(-1.025923e-01 0.000000e+00 -3.804160e-06)	(-9.973622e-02 0.000000e+00 4.806140e-06)
7.330000e+03	lowerWall	(-1.025624e-01 0.000000e+00 -3.799313e-06)	(-9.970963e-02 0.000000e+00 4.800779e-06)
7.340000e+03	lowerWall	(-1.025326e-01 0.000000e+00 -3.794410e-06)	(-9.968312e-02 0.000000e+00 4.795318e-06)
7.350000e+03	lowerWall	(-1.025029e-01 0.000000e+00 -3.789694e-06)	(-9.965668e-02 0.000000e+00 4.790366e-06)
7.360000e+03	lowerWall	(-1.024733e-01 0.000000e+00 -3.784649e-06)	(-9.963040e-02 0.000000e+00 4.784720e-06)
7.370000e+03	lowerWall	(-1.024437e-01 0.000000e+00 -3.779991e-06)	(-9.960412e-02 0.000000e+00 4.780033e-06)
7.380000e+03	lowerWall	(-1.024142e-01 0.000000e+00 -3.774853e-06)	(-9.957796e-02 0.000000e+00 4.774148e-06)
7.390000e+03	lowerWall	(-1.023848e-01 0.000000e+00 -3.769547e-06)	(-9.955199e-02 0.000000e+00 4.768127e-06)
7.400000e+03	lowerWall	(-1.023554e-01 0.000000e+00 -3.764896e-06)	(-9.952585e-02 0.000000e+00 4.763331e-06)
7.410000e+03	lowerWall	(-1.023262e-01 0.000000e+00 -3.759815e-06)	(-9.949989e-02 0.000000e+00 4.757679e-06)
7.420000e+03	lowerWall	(-1.022970e-01 0.000000e+00 -3.754946e-06)	(-9.947407e-02 0.000000e+00 4.753143e-06)
7.430000e+03	lowerWall	(-1.022678e-01 0.000000e+00 -3.749508e-06)	(-9.944830e-02 0.000000e+00 4.746266e-06)
7.440000e+03	lowerWall	(-1.022387e-01 0.000000e+00 -3.744824e-06)	(-9.942244e-02 0.000000e+00 4.741277e-06)
7.450000e+03	lowerWall	(-1.022096e-01 0.000000e+00 -3.739150e-06)	(-9.939759e-02 0.000000e+00 4.734511e-06)
7.460000e+03	lowerWall	(-1.021808e-01 0.000000e+00 -3.734866e-06)	(-9.937121e-02 0.000000e+00 4.730476e-06)
7.470000e+03	lowerWall	(-1.021520e-01 0.000000e+00 -3.730032e-06)	(-9.934556e-02 0.000000e+00 4.725108e-06)
7.480000e+03	lowerWall	(-1.021232e-01 0.000000e+00 -3.725163e-06)	(-9.932002e-02 0.000000e+00 4.719764e-06)
7.490000e+03	lowerWall	(-1.020946e-01 0.000000e+00 -3.720493e-06)	(-9.929463e-02 0.000000e+00 4.715422e-06)
7.500000e+03	lowerWall	(-1.020659e-01 0.000000e+00 -3.715681e-06)	(-9.926913e-02 0.000000e+00 4.709674e-06)
7.510000e+03	lowerWall	(-1.020373e-01 0.000000e+00 -3.710836e-06)	(-9.924378e-02 0.000000e+00 4.704244e-06)
7.520000e+03	lowerWall	(-1.020088e-01 0.000000e+00 -3.706020e-06)	(-9.921851e-02 0.000000e+00 4.698929e-06)
7.530000e+03	lowerWall	(-1.019805e-01 0.000000e+00 -3.701406e-06)	(-9.919338e-02 0.000000e+00 4.694629e-06)
7.540000e+03	lowerWall	(-1.019521e-01 0.000000e+00 -3.696638e-06)	(-9.916814e-02 0.000000e+00 4.688934e-06)
7.550000e+03	lowerWall	(-1.019238e-01 0.000000e+00 -3.691835e-06)	(-9.914304e-02 0.000000e+00 4.683564e-06)
7.560000e+03	lowerWall	(-1.018955e-01 0.000000e+00 -3.687057e-06)	(-9.911802e-02 0.000000e+00 4.678305e-06)
7.570000e+03	lowerWall	(-1.018675e-01 0.000000e+00 -3.682483e-06)	(-9.909315e-02 0.000000e+00 4.674047e-06)
7.580000e+03	lowerWall	(-1.018393e-01 0.000000e+00 -3.677769e-06)	(-9.906817e-02 0.000000e+00 4.668394e-06)
7.590000e+03	lowerWall	(-1.018113e-01 0.000000e+00 -3.673026e-06)	(-9.904332e-02 0.000000e+00 4.663054e-06)
7.600000e+03	lowerWall	(-1.017832e-01 0.000000e+00 -3.667518e-06)	(-9.901941e-02 0.000000e+00 4.656436e-06)
7.610000e+03	lowerWall	(-1.017554e-01 0.000000e+00 -3.663006e-06)	(-9.899415e-02 0.000000e+00 4.651645e-06)
7.620000e+03	lowerWall	(-1.017276e-01 0.000000e+00 -3.658398e-06)	(-9.896951e-02 0.000000e+00 4.646519e-06)
7.630000e+03	lowerWall	(-1.016999e-01 0.000000e+00 -3.653759e-06)	(-9.894494e-02 0.000000e+00 4.641325e-06)
7.640000e+03	lowerWall	(-1.016721e-01 0.000000e+00 -3.648562e-06)	(-9.892116e-02 0.000000e+00 4.635142e-06)
7.650000e+03	lowerWall	(-1.016445e-01 0.000000e+00 -3.644128e-06)	(-9.889612e-02 0.000000e+00 4.630426e-06)
7.660000e+03	lowerWall	(-1.016170e-01 0.000000e+00 -3.639536e-06)	(-9.887170e-02 0.000000e+00 4.625324e-06)
7.670000e+03	lowerWall	(-1.015895e-01 0.000000e+00 -3.634872e-06)	(-9.884736e-02 0.000000e+00 4.620133e-06)
7.680000e+03	lowerWall	(-1.015620e-01 0.000000e+00 -3.629637e-06)	(-9.882381e-02 0.000000e+00 4.614078e-06)
7.690000e+03	lowerWall	(-1.015347e-01 0.000000e+00 -3.625181e-06)	(-9.879900e-02 0.000000e+00 4.609413e-06)
7.700000e+03	lowerWall	(-1.015075e-01 0.000000e+00 -3.620588e-06)	(-9.877481e-02 0.000000e+00 4.604416e-06)
7.710000e+03	lowerWall	(-1.014803e-01 0.000000e+00 -3.615947e-06)	(-9.875070e-02 0.000000e+00 4.599345e-06)
7.720000e+03	lowerWall	(-1.014530e-01 0.000000e+00 -3.610757e-06)	(-9.872738e-02 0.000000e+00 4.593372e-06)
7.730000e+03	lowerWall	(-1.014260e-01 0.000000e+00 -3.606654e-06)	(-9.870268e-02 0.000000e+00 4.589172e-06)
7.740000e+03	lowerWall	(-1.013990e-01 0.000000e+00 -3.602115e-06)	(-9.867870e-02 0.000000e+00 4.584240e-06)
7.750000e+03	lowerWall	(-1.013721e-01 0.000000e+00 -3.597551e-06)	(-9.865481e-02 0.000000e+00 4.579269e-06)
7.760000e+03	lowerWall	(-1.013452e-01 0.000000e+00 -3.592990e-06)	(-9.863098e-02 0.000000e+00 4.574295e-06)
7.770000e+03	lowerWall	(-1.013184e-01 0.000000e+00 -3.588438e-06)	(-9.860721e-02 0.000000e+00 4.569329e-06)
7.780000e+03	lowerWall	(-1.012916e-01 0.000000e+00 -3.583898e-06)	(-9.858350e-02 0.000000e+00 4.564380e-06)
7.790000e+03	lowerWall	(-1.012649e-01 0.000000e+00 -3.579372e-06)	(-9.855985e-02 0.000000e+00 4.559452e-06)
7.800000e+03	lowerWall	(-1.012383e-01 0.000000e+00 -3.574862e-06)	(-9.853626e-02 0.000000e+00 4.554532e-06)
7.810000e+03	lowerWall	(-1.012117e-01 0.000000e+00 -3.570367e-06)	(-9.851272e-02 0.000000e+00 4.549625e-06)
7.820000e+03	lowerWall	(-1.011852e-01 0.000000e+00 -3.565884e-06)	(-9.848924e-02 0.000000e+00 4.544735e-06)
7.830000e+03	lowerWall	(-1.011588e-01 0.000000e+00 -3.561403e-06)	(-9.846582e-02 0.000000e+00 4.539858e-06)
7.840000e+03	lowerWall	(-1.011324e-01 0.000000e+00 -3.556931e-06)	(-9.844246e-02 0.000000e+00 4.534994e-06)
7.850000e+03	lowerWall	(-1.011061e-01 0.000000e+00 -3.552470e-06)	(-9.841916e-02 0.000000e+00 4.530139e-06)
7.860000e+03	lowerWall	(-1.010798e-01 0.000000e+00 -3.548021e-06)	(-9.839591e-02 0.000000e+00 4.525293e-06)
7.870000e+03	lowerWall	(-1.010536e-01 0.000000e+00 -3.543585e-06)	(-9.837272e-02 0.000000e+00 4.520453e-06)
7.880000e+03	lowerWall	(-1.010275e-01 0.000000e+00 -3.539166e-06)	(-9.834958e-02 0.000000e+00 4.515617e-06)
7.890000e+03	lowerWall	(-1.010014e-01 0.000000e+00 -3.534760e-06)	(-9.832651e-02 0.000000e+00 4.510780e-06)
7.900000e+03	lowerWall	(-1.009754e-01 0.000000e+00 -3.530366e-06)	(-9.830349e-02 0.000000e+00 4.505941e-06)
7.910000e+03	lowerWall	(-1.009494e-01 0.000000e+00 -3.525979e-06)	(-9.828053e-02 0.000000e+00 4.501094e-06)
7.920000e+03	lowerWall	(-1.009235e-01 0.000000e+00 -3.521601e-06)	(-9.825762e-02 0.000000e+00 4.496237e-06)
7.930000e+03	lowerWall	(-1.008977e-01 0.000000e+00 -3.517228e-06)	(-9.823478e-02 0.000000e+00 4.491368e-06)
7.940000e+03	lowerWall	(-1.008719e-01 0.000000e+00 -3.512839e-06)	(-9.821198e-02 0.000000e+00 4.486486e-06)
7.950000e+03	lowerWall	(-1.008462e-01 0.000000e+00 -3.508429e-06)	(-9.818925e-02 0.000000e+00 4.481591e-06)
7.960000e+03	lowerWall	(-1.008206e-01 0.000000e+00 -3.504003e-06)	(-9.816657e-02 0.000000e+00 4.476685e-06)
7.970000e+03	lowerWall	(-1.007950e-01 0.000000e+00 -3.499566e-06)	(-9.814394e-02 0.000000e+00 4.471771e-06)
7.980000e+03	lowerWall	(-1.007695e-01 0.000000e+00 -3.495124e-06)	(-9.812137e-02 0.000000e+00 4.466853e-06)
7.990000e+03	lowerWall	(-1.007440e-01 0.000000e+00 -3.490681e-06)	(-9.809885e-02 0.000000e+00 4.461937e-06)
8.000000e+03	lowerWall	(-1.007186e-01 0.000000e+00 -3.486244e-06)	(-9.807639e-02 0.000000e+00 4.457025e-06)
8.010000e+03	lowerWall	(-1.006933e-01 0.000000e+00 -3.481820e-06)	(-9.805398e-02 0.000000e+00 4.452123e-06)
8.020000e+03	lowerWall	(-1.006680e-01 0.000000e+00 -3.477409e-06)	(-9.803163e-02 0.000000e+00 4.447233e-06)
8.030000e+03	lowerWall	(-1.006428e-01 0.000000e+00 -3.473012e-06)	(-9.800933e-02 0.000000e+00 4.442358e-06)
8.040000e+03	lowerWall	(-1.006176e-01 0.000000e+00 -3.468631e-06)	(-9.798708e-02 0.000000e+00 4.437500e-06)
8.050000e+03	lowerWall	(-1.005925e-01 0.000000e+00 -3.464266e-06)	(-9.796489e-02 0.000000e+00 4.432660e-06)
8.060000e+03	lowerWall	(-1.005674e-01 0.000000e+00 -3.459918e-06)	(-9.794274e-02 0.000000e+00 4.427838e-06)
8.070000e+03	lowerWall	(-1.005424e-01 0.000000e+00 -3.455587e-06)	(-9.792065e-02 0.000000e+00 4.423101e-06)
8.080000e+03	lowerWall	(-1.005175e-01 0.000000e+00 -3.451274e-06)	(-9.789862e-02 0.000000e+00 4.418396e-06)
8.090000e+03	lowerWall	(-1.004926e-01 0.000000e+00 -3.446977e-06)	(-9.787662e-02 0.000000e+00 4.413715e-06)
8.100000e+03	lowerWall	(-1.004678e-01 0.000000e+00 -3.442698e-06)	(-9.785468e-02 0.000000e+00 4.409056e-06)
8.110000e+03	lowerWall	(-1.004430e-01 0.000000e+00 -3.438435e-06)	(-9.783279e-02 0.000000e+00 4.404408e-06)
8.120000e+03	lowerWall	(-1.004183e-01 0.000000e+00 -3.434188e-06)	(-9.781095e-02 0.000000e+00 4.399774e-06)
8.130000e+03	lowerWall	(-1.003936e-01 0.000000e+00 -3.429947e-06)	(-9.778916e-02 0.000000e+00 4.395158e-06)
8.140000e+03	lowerWall	(-1.003690e-01 0.000000e+00 -3.425712e-06)	(-9.776743e-02 0.000000e+00 4.390554e-06)
8.150000e+03	lowerWall	(-1.003445e-01 0.000000e+00 -3.421487e-06)	(-9.774574e-02 0.000000e+00 4.385961e-06)
8.160000e+03	lowerWall	(-1.003200e-01 0.000000e+00 -3.417273e-06)	(-9.772410e-02 0.000000e+00 4.381378e-06)
8.170000e+03	lowerWall	(-1.002956e-01 0.000000e+00 -3.413070e-06)	(-9.770252e-02 0.000000e+00 4.376803e-06)
8.180000e+03	lowerWall	(-1.002712e-01 0.000000e+00 -3.408881e-06)	(-9.768099e-02 0.000000e+00 4.372233e-06)
8.190000e+03	lowerWall	(-1.002469e-01 0.000000e+00 -3.404707e-06)	(-9.765951e-02 0.000000e+00 4.367666e-06)
8.200000e+03	lowerWall	(-1.002226e-01 0.000000e+00 -3.400544e-06)	(-9.763808e-02 0.000000e+00 4.363098e-06)
8.210000e+03	lowerWall	(-1.001984e-01 0.000000e+00 -3.396391e-06)	(-9.761670e-02 0.000000e+00 4.358526e-06)
8.220000e+03	lowerWall	(-1.001742e-01 0.000000e+00 -3.392245e-06)	(-9.759538e-02 0.000000e+00 4.353948e-06)
8.230000e+03	lowerWall	(-1.001501e-01 0.000000e+00 -3.388108e-06)	(-9.757410e-02 0.000000e+00 4.349362e-06)
8.240000e+03	lowerWall	(-1.001261e-01 0.000000e+00 -3.383975e-06)	(-9.755288e-02 0.000000e+00 4.344765e-06)
8.250000e+03	lowerWall	(-1.001021e-01 0.000000e+00 -3.379824e-06)	(-9.753170e-02 0.000000e+00 4.340157e-06)
8.260000e+03	lowerWall	(-1.000782e-01 0.000000e+00 -3.375656e-06)	(-9.751058e-02 0.000000e+00 4.335538e-06)
8.270000e+03	lowerWall	(-1.000543e-01 0.000000e+00 -3.371472e-06)	(-9.748951e-02 0.000000e+00 4.330909e-06)
8.280000e+03	lowerWall	(-1.000305e-01 0.000000e+00 -3.367279e-06)	(-9.746848e-02 0.000000e+00 4.326272e-06)
8.290000e+03	lowerWall	(-1.000067e-01 0.000000e+00 -3.363080e-06)	(-9.744751e-02 0.000000e+00 4.321631e-06)
8.300000e+03	lowerWall	(-9.998299e-02 0.000000e+00 -3.358881e-06)	(-9.742658e-02 0.000000e+00 4.316989e-06)
8.310000e+03	lowerWall	(-9.995934e-02 0.000000e+00 -3.354684e-06)	(-9.740571e-02 0.000000e+00 4.312351e-06)
8.320000e+03	lowerWall	(-9.993573e-02 0.000000e+00 -3.350493e-06)	(-9.738488e-02 0.000000e+00 4.307721e-06)
8.330000e+03	lowerWall	(-9.991218e-02 0.000000e+00 -3.346317e-06)	(-9.736410e-02 0.000000e+00 4.303100e-06)
8.340000e+03	lowerWall	(-9.988868e-02 0.000000e+00 -3.342154e-06)	(-9.734337e-02 0.000000e+00 4.298492e-06)
8.350000e+03	lowerWall	(-9.986524e-02 0.000000e+00 -3.338006e-06)	(-9.732268e-02 0.000000e+00 4.293899e-06)
8.360000e+03	lowerWall	(-9.984184e-02 0.000000e+00 -3.333873e-06)	(-9.730205e-02 0.000000e+00 4.289322e-06)
8.370000e+03	lowerWall	(-9.981850e-02 0.000000e+00 -3.329756e-06)	(-9.728146e-02 0.000000e+00 4.284761e-06)
8.380000e+03	lowerWall	(-9.979521e-02 0.000000e+00 -3.325654e-06)	(-9.726092e-02 0.000000e+00 4.280217e-06)
8.390000e+03	lowerWall	(-9.977198e-02 0.000000e+00 -3.321569e-06)	(-9.724042e-02 0.000000e+00 4.275690e-06)
8.400000e+03	lowerWall	(-9.974879e-02 0.000000e+00 -3.317499e-06)	(-9.721998e-02 0.000000e+00 4.271179e-06)
8.410000e+03	lowerWall	(-9.972565e-02 0.000000e+00 -3.313446e-06)	(-9.719958e-02 0.000000e+00 4.266687e-06)
8.420000e+03	lowerWall	(-9.970257e-02 0.000000e+00 -3.309407e-06)	(-9.717921e-02 0.000000e+00 4.262217e-06)
8.430000e+03	lowerWall	(-9.967954e-02 0.000000e+00 -3.305384e-06)	(-9.715890e-02 0.000000e+00 4.257761e-06)
8.440000e+03	lowerWall	(-9.965656e-02 0.000000e+00 -3.301376e-06)	(-9.713863e-02 0.000000e+00 4.253314e-06)
8.450000e+03	lowerWall	(-9.963363e-02 0.000000e+00 -3.297377e-06)	(-9.711841e-02 0.000000e+00 4.248881e-06)
8.460000e+03	lowerWall	(-9.961074e-02 0.000000e+00 -3.293380e-06)	(-9.709823e-02 0.000000e+00 4.244460e-06)
8.470000e+03	lowerWall	(-9.958791e-02 0.000000e+00 -3.289391e-06)	(-9.707810e-02 0.000000e+00 4.240049e-06)
8.480000e+03	lowerWall	(-9.956513e-02 0.000000e+00 -3.285412e-06)	(-9.705802e-02 0.000000e+00 4.235702e-06)
8.490000e+03	lowerWall	(-9.954240e-02 0.000000e+00 -3.281443e-06)	(-9.703798e-02 0.000000e+00 4.231386e-06)
8.500000e+03	lowerWall	(-9.951972e-02 0.000000e+00 -3.277484e-06)	(-9.701799e-02 0.000000e+00 4.227074e-06)
8.510000e+03	lowerWall	(-9.949709e-02 0.000000e+00 -3.273540e-06)	(-9.699804e-02 0.000000e+00 4.222765e-06)
8.520000e+03	lowerWall	(-9.947451e-02 0.000000e+00 -3.269606e-06)	(-9.697814e-02 0.000000e+00 4.218456e-06)
8.530000e+03	lowerWall	(-9.945198e-02 0.000000e+00 -3.265682e-06)	(-9.695829e-02 0.000000e+00 4.214145e-06)
8.540000e+03	lowerWall	(-9.942950e-02 0.000000e+00 -3.261765e-06)	(-9.693849e-02 0.000000e+00 4.209830e-06)
8.550000e+03	lowerWall	(-9.940708e-02 0.000000e+00 -3.257855e-06)	(-9.691873e-02 0.000000e+00 4.205508e-06)
8.560000e+03	lowerWall	(-9.938470e-02 0.000000e+00 -3.253954e-06)	(-9.689901e-02 0.000000e+00 4.201178e-06)
8.570000e+03	lowerWall	(-9.936238e-02 0.000000e+00 -3.250046e-06)	(-9.687935e-02 0.000000e+00 4.196838e-06)
8.580000e+03	lowerWall	(-9.934010e-02 0.000000e+00 -3.246120e-06)	(-9.685972e-02 0.000000e+00 4.192489e-06)
8.590000e+03	lowerWall	(-9.931787e-02 0.000000e+00 -3.242179e-06)	(-9.684015e-02 0.000000e+00 4.188129e-06)
8.600000e+03	lowerWall	(-9.929570e-02 0.000000e+00 -3.238225e-06)	(-9.682062e-02 0.000000e+00 4.183760e-06)
8.610000e+03	lowerWall	(-9.927357e-02 0.000000e+00 -3.234263e-06)	(-9.680113e-02 0.000000e+00 4.179385e-06)
8.620000e+03	lowerWall	(-9.925149e-02 0.000000e+00 -3.230298e-06)	(-9.678169e-02 0.000000e+00 4.175007e-06)
8.630000e+03	lowerWall	(-9.922946e-02 0.000000e+00 -3.226332e-06)	(-9.676229e-02 0.000000e+00 4.170628e-06)
8.640000e+03	lowerWall	(-9.920747e-02 0.000000e+00 -3.222369e-06)	(-9.674293e-02 0.000000e+00 4.166253e-06)
8.650000e+03	lowerWall	(-9.918554e-02 0.000000e+00 -3.218412e-06)	(-9.672362e-02 0.000000e+00 4.161884e-06)
8.660000e+03	lowerWall	(-9.916366e-02 0.000000e+00 -3.214463e-06)	(-9.670436e-02 0.000000e+00 4.157525e-06)
8.670000e+03	lowerWall	(-9.914182e-02 0.000000e+00 -3.210529e-06)	(-9.668513e-02 0.000000e+00 4.153176e-06)
8.680000e+03	lowerWall	(-9.912003e-02 0.000000e+00 -3.206610e-06)	(-9.666595e-02 0.000000e+00 4.148841e-06)
8.690000e+03	lowerWall	(-9.909829e-02 0.000000e+00 -3.202704e-06)	(-9.664682e-02 0.000000e+00 4.144520e-06)
8.700000e+03	lowerWall	(-9.907660e-02 0.000000e+00 -3.198813e-06)	(-9.662772e-02 0.000000e+00 4.140214e-06)
8.710000e+03	lowerWall	(-9.905495e-02 0.000000e+00 -3.194936e-06)	(-9.660867e-02 0.000000e+00 4.135923e-06)
8.720000e+03	lowerWall	(-9.903335e-02 0.000000e+00 -3.191074e-06)	(-9.658966e-02 0.000000e+00 4.131648e-06)
8.730000e+03	lowerWall	(-9.901179e-02 0.000000e+00 -3.187228e-06)	(-9.657069e-02 0.000000e+00 4.127387e-06)
8.740000e+03	lowerWall	(-9.899028e-02 0.000000e+00 -3.183396e-06)	(-9.655177e-02 0.000000e+00 4.123141e-06)
8.750000e+03	lowerWall	(-9.896882e-02 0.000000e+00 -3.179578e-06)	(-9.653289e-02 0.000000e+00 4.118910e-06)
8.760000e+03	lowerWall	(-9.894740e-02 0.000000e+00 -3.175774e-06)	(-9.651404e-02 0.000000e+00 4.114699e-06)
8.770000e+03	lowerWall	(-9.892603e-02 0.000000e+00 -3.171984e-06)	(-9.649523e-02 0.000000e+00 4.110503e-06)
8.780000e+03	lowerWall	(-9.890471e-02 0.000000e+00 -3.168207e-06)	(-9.647647e-02 0.000000e+00 4.106314e-06)
8.790000e+03	lowerWall	(-9.888342e-02 0.000000e+00 -3.164439e-06)	(-9.645774e-02 0.000000e+00 4.102136e-06)
8.800000e+03	lowerWall	(-9.886219e-02 0.000000e+00 -3.160671e-06)	(-9.643906e-02 0.000000e+00 4.097969e-06)
8.810000e+03	lowerWall	(-9.884100e-02 0.000000e+00 -3.156911e-06)	(-9.642042e-02 0.000000e+00 4.093810e-06)
8.820000e+03	lowerWall	(-9.881985e-02 0.000000e+00 -3.153159e-06)	(-9.640182e-02 0.000000e+00 4.089657e-06)
8.830000e+03	lowerWall	(-9.879875e-02 0.000000e+00 -3.149415e-06)	(-9.638326e-02 0.000000e+00 4.085510e-06)
8.840000e+03	lowerWall	(-9.877770e-02 0.000000e+00 -3.145680e-06)	(-9.636475e-02 0.000000e+00 4.081365e-06)
8.850000e+03	lowerWall	(-9.875669e-02 0.000000e+00 -3.141957e-06)	(-9.634628e-02 0.000000e+00 4.077221e-06)
8.860000e+03	lowerWall	(-9.873574e-02 0.000000e+00 -3.138246e-06)	(-9.632784e-02 0.000000e+00 4.073076e-06)
8.870000e+03	lowerWall	(-9.871482e-02 0.000000e+00 -3.134543e-06)	(-9.630945e-02 0.000000e+00 4.068935e-06)
8.880000e+03	lowerWall	(-9.869395e-02 0.000000e+00 -3.130848e-06)	(-9.629111e-02 0.000000e+00 4.064866e-06)
8.890000e+03	lowerWall	(-9.867313e-02 0.000000e+00 -3.127158e-06)	(-9.627280e-02 0.000000e+00 4.060792e-06)
8.900000e+03	lowerWall	(-9.865235e-02 0.000000e+00 -3.123476e-06)	(-9.625454e-02 0.000000e+00 4.056710e-06)
8.910000e+03	lowerWall	(-9.863162e-02 0.000000e+00 -3.119795e-06)	(-9.623631e-02 0.000000e+00 4.052621e-06)
8.920000e+03	lowerWall	(-9.861093e-02 0.000000e+00 -3.116096e-06)	(-9.621813e-02 0.000000e+00 4.048522e-06)
8.930000e+03	lowerWall	(-9.859029e-02 0.000000e+00 -3.112383e-06)	(-9.619999e-02 0.000000e+00 4.044415e-06)
8.940000e+03	lowerWall	(-9.856969e-02 0.000000e+00 -3.108656e-06)	(-9.618189e-02 0.000000e+00 4.040298e-06)
8.950000e+03	lowerWall	(-9.854914e-02 0.000000e+00 -3.104920e-06)	(-9.616383e-02 0.000000e+00 4.036175e-06)
8.960000e+03	lowerWall	(-9.852862e-02 0.000000e+00 -3.101180e-06)	(-9.614581e-02 0.000000e+00 4.032047e-06)
8.970000e+03	lowerWall	(-9.850816e-02 0.000000e+00 -3.097437e-06)	(-9.612783e-02 0.000000e+00 4.027916e-06)
8.980000e+03	lowerWall	(-9.848773e-02 0.000000e+00 -3.093696e-06)	(-9.610989e-02 0.000000e+00 4.023786e-06)
8.990000e+03	lowerWall	(-9.846735e-02 0.000000e+00 -3.089958e-06)	(-9.609199e-02 0.000000e+00 4.019660e-06)
9.000000e+03	lowerWall	(-9.844702e-02 0.000000e+00 -3.086225e-06)	(-9.607412e-02 0.000000e+00 4.015540e-06)
9.010000e+03	lowerWall	(-9.842672e-02 0.000000e+00 -3.082500e-06)	(-9.605630e-02 0.000000e+00 4.011428e-06)
9.020000e+03	lowerWall	(-9.840647e-02 0.000000e+00 -3.078785e-06)	(-9.603852e-02 0.000000e+00 4.007328e-06)
9.030000e+03	lowerWall	(-9.838627e-02 0.000000e+00 -3.075085e-06)	(-9.602077e-02 0.000000e+00 4.003239e-06)
9.040000e+03	lowerWall	(-9.836610e-02 0.000000e+00 -3.071398e-06)	(-9.600307e-02 0.000000e+00 3.999163e-06)
9.050000e+03	lowerWall	(-9.834598e-02 0.000000e+00 -3.067726e-06)	(-9.598540e-02 0.000000e+00 3.995100e-06)
9.060000e+03	lowerWall	(-9.832590e-02 0.000000e+00 -3.064066e-06)	(-9.596777e-02 0.000000e+00 3.991052e-06)
9.070000e+03	lowerWall	(-9.830586e-02 0.000000e+00 -3.060421e-06)	(-9.595018e-02 0.000000e+00 3.987018e-06)
9.080000e+03	lowerWall	(-9.828587e-02 0.000000e+00 -3.056789e-06)	(-9.593263e-02 0.000000e+00 3.982997e-06)
9.090000e+03	lowerWall	(-9.826591e-02 0.000000e+00 -3.053170e-06)	(-9.591511e-02 0.000000e+00 3.978989e-06)
9.100000e+03	lowerWall	(-9.824600e-02 0.000000e+00 -3.049565e-06)	(-9.589763e-02 0.000000e+00 3.974994e-06)
9.110000e+03	lowerWall	(-9.822613e-02 0.000000e+00 -3.045973e-06)	(-9.588019e-02 0.000000e+00 3.971012e-06)
9.120000e+03	lowerWall	(-9.820630e-02 0.000000e+00 -3.042394e-06)	(-9.586279e-02 0.000000e+00 3.967045e-06)
9.130000e+03	lowerWall	(-9.818650e-02 0.000000e+00 -3.038827e-06)	(-9.584542e-02 0.000000e+00 3.963094e-06)
9.140000e+03	lowerWall	(-9.816675e-02 0.000000e+00 -3.035271e-06)	(-9.582808e-02 0.000000e+00 3.959149e-06)
9.150000e+03	lowerWall	(-9.814704e-02 0.000000e+00 -3.031722e-06)	(-9.581079e-02 0.000000e+00 3.955212e-06)
9.160000e+03	lowerWall	(-9.812738e-02 0.000000e+00 -3.028174e-06)	(-9.579353e-02 0.000000e+00 3.951285e-06)
9.170000e+03	lowerWall	(-9.810775e-02 0.000000e+00 -3.024631e-06)	(-9.577630e-02 0.000000e+00 3.947363e-06)
9.180000e+03	lowerWall	(-9.808816e-02 0.000000e+00 -3.021095e-06)	(-9.575912e-02 0.000000e+00 3.943447e-06)
9.190000e+03	lowerWall	(-9.806862e-02 0.000000e+00 -3.017566e-06)	(-9.574197e-02 0.000000e+00 3.939535e-06)
9.200000e+03	lowerWall	(-9.804912e-02 0.000000e+00 -3.014045e-06)	(-9.572486e-02 0.000000e+00 3.935624e-06)
9.210000e+03	lowerWall	(-9.802966e-02 0.000000e+00 -3.010537e-06)	(-9.570778e-02 0.000000e+00 3.931715e-06)
9.220000e+03	lowerWall	(-9.801025e-02 0.000000e+00 -3.007039e-06)	(-9.569075e-02 0.000000e+00 3.927805e-06)
9.230000e+03	lowerWall	(-9.799087e-02 0.000000e+00 -3.003549e-06)	(-9.567375e-02 0.000000e+00 3.923893e-06)
9.240000e+03	lowerWall	(-9.797154e-02 0.000000e+00 -3.000065e-06)	(-9.565679e-02 0.000000e+00 3.919978e-06)
9.250000e+03	lowerWall	(-9.795224e-02 0.000000e+00 -2.996587e-06)	(-9.563987e-02 0.000000e+00 3.916056e-06)
9.260000e+03	lowerWall	(-9.793299e-02 0.000000e+00 -2.993115e-06)	(-9.562299e-02 0.000000e+00 3.912128e-06)
9.270000e+03	lowerWall	(-9.791377e-02 0.000000e+00 -2.989646e-06)	(-9.560614e-02 0.000000e+00 3.908192e-06)
9.280000e+03	lowerWall	(-9.789460e-02 0.000000e+00 -2.986164e-06)	(-9.558933e-02 0.000000e+00 3.904248e-06)
9.290000e+03	lowerWall	(-9.787546e-02 0.000000e+00 -2.982666e-06)	(-9.557256e-02 0.000000e+00 3.900376e-06)
9.300000e+03	lowerWall	(-9.785637e-02 0.000000e+00 -2.979156e-06)	(-9.555582e-02 0.000000e+00 3.896496e-06)
9.310000e+03	lowerWall	(-9.783731e-02 0.000000e+00 -2.975636e-06)	(-9.553912e-02 0.000000e+00 3.892610e-06)
9.320000e+03	lowerWall	(-9.781830e-02 0.000000e+00 -2.972110e-06)	(-9.552245e-02 0.000000e+00 3.888717e-06)
9.330000e+03	lowerWall	(-9.779932e-02 0.000000e+00 -2.968581e-06)	(-9.550582e-02 0.000000e+00 3.884822e-06)
9.340000e+03	lowerWall	(-9.778039e-02 0.000000e+00 -2.965052e-06)	(-9.548923e-02 0.000000e+00 3.880925e-06)
9.350000e+03	lowerWall	(-9.776149e-02 0.000000e+00 -2.961525e-06)	(-9.547267e-02 0.000000e+00 3.877030e-06)
9.360000e+03	lowerWall	(-9.774263e-02 0.000000e+00 -2.958001e-06)	(-9.545615e-02 0.000000e+00 3.873138e-06)
9.370000e+03	lowerWall	(-9.772381e-02 0.000000e+00 -2.954483e-06)	(-9.543967e-02 0.000000e+00 3.869253e-06)
9.380000e+03	lowerWall	(-9.770504e-02 0.000000e+00 -2.950972e-06)	(-9.542321e-02 0.000000e+00 3.865376e-06)
9.390000e+03	lowerWall	(-9.768629e-02 0.000000e+00 -2.947468e-06)	(-9.540680e-02 0.000000e+00 3.861509e-06)
9.400000e+03	lowerWall	(-9.766759e-02 0.000000e+00 -2.943975e-06)	(-9.539042e-02 0.000000e+00 3.857653e-06)
9.410000e+03	lowerWall	(-9.764893e-02 0.000000e+00 -2.940497e-06)	(-9.537407e-02 0.000000e+00 3.853808e-06)
9.420000e+03	lowerWall	(-9.763030e-02 0.000000e+00 -2.937032e-06)	(-9.535776e-02 0.000000e+00 3.849976e-06)
9.430000e+03	lowerWall	(-9.761171e-02 0.000000e+00 -2.933580e-06)	(-9.534148e-02 0.000000e+00 3.846157e-06)
9.440000e+03	lowerWall	(-9.759316e-02 0.000000e+00 -2.930140e-06)	(-9.532524e-02 0.000000e+00 3.842350e-06)
9.450000e+03	lowerWall	(-9.757464e-02 0.000000e+00 -2.926713e-06)	(-9.530903e-02 0.000000e+00 3.838555e-06)
9.460000e+03	lowerWall	(-9.755616e-02 0.000000e+00 -2.923298e-06)	(-9.529285e-02 0.000000e+00 3.834773e-06)
9.470000e+03	lowerWall	(-9.753772e-02 0.000000e+00 -2.919896e-06)	(-9.527671e-02 0.000000e+00 3.831002e-06)
9.480000e+03	lowerWall	(-9.751932e-02 0.000000e+00 -2.916505e-06)	(-9.526060e-02 0.000000e+00 3.827242e-06)
9.490000e+03	lowerWall	(-9.750095e-02 0.000000e+00 -2.913126e-06)	(-9.524453e-02 0.000000e+00 3.823493e-06)
9.500000e+03	lowerWall	(-9.748262e-02 0.000000e+00 -2.909759e-06)	(-9.522848e-02 0.000000e+00 3.819754e-06)
9.510000e+03	lowerWall	(-9.746433e-02 0.000000e+00 -2.906402e-06)	(-9.521247e-02 0.000000e+00 3.816030e-06)
9.520000e+03	lowerWall	(-9.744607e-02 0.000000e+00 -2.903061e-06)	(-9.519649e-02 0.000000e+00 3.812315e-06)
9.530000e+03	lowerWall	(-9.742785e-02 0.000000e+00 -2.899738e-06)	(-9.518055e-02 0.000000e+00 3.808603e-06)
9.540000e+03	lowerWall	(-9.740967e-02 0.000000e+00 -2.896412e-06)	(-9.516463e-02 0.000000e+00 3.804899e-06)
9.550000e+03	lowerWall	(-9.739153e-02 0.000000e+00 -2.893091e-06)	(-9.514875e-02 0.000000e+00 3.801200e-06)
9.560000e+03	lowerWall	(-9.737342e-02 0.000000e+00 -2.889776e-06)	(-9.513290e-02 0.000000e+00 3.797506e-06)
9.570000e+03	lowerWall	(-9.735536e-02 0.000000e+00 -2.886467e-06)	(-9.511709e-02 0.000000e+00 3.793815e-06)
9.580000e+03	lowerWall	(-9.733733e-02 0.000000e+00 -2.883166e-06)	(-9.510131e-02 0.000000e+00 3.790127e-06)
9.590000e+03	lowerWall	(-9.731934e-02 0.000000e+00 -2.879875e-06)	(-9.508556e-02 0.000000e+00 3.786439e-06)
9.600000e+03	lowerWall	(-9.730138e-02 0.000000e+00 -2.876594e-06)	(-9.506985e-02 0.000000e+00 3.782751e-06)
9.610000e+03	lowerWall	(-9.728346e-02 0.000000e+00 -2.873321e-06)	(-9.505417e-02 0.000000e+00 3.779061e-06)
9.620000e+03	lowerWall	(-9.726558e-02 0.000000e+00 -2.870053e-06)	(-9.503853e-02 0.000000e+00 3.775367e-06)
9.630000e+03	lowerWall	(-9.724773e-02 0.000000e+00 -2.866790e-06)	(-9.502292e-02 0.000000e+00 3.771669e-06)
9.640000e+03	lowerWall	(-9.722992e-02 0.000000e+00 -2.863532e-06)	(-9.500734e-02 0.000000e+00 3.767965e-06)
9.650000e+03	lowerWall	(-9.721215e-02 0.000000e+00 -2.860280e-06)	(-9.499180e-02 0.000000e+00 3.764254e-06)
9.660000e+03	lowerWall	(-9.719441e-02 0.000000e+00 -2.857018e-06)	(-9.497629e-02 0.000000e+00 3.760535e-06)
9.670000e+03	lowerWall	(-9.717671e-02 0.000000e+00 -2.853741e-06)	(-9.496081e-02 0.000000e+00 3.756810e-06)
9.680000e+03	lowerWall	(-9.715904e-02 0.000000e+00 -2.850451e-06)	(-9.494537e-02 0.000000e+00 3.753076e-06)
9.690000e+03	lowerWall	(-9.714141e-02 0.000000e+00 -2.847151e-06)	(-9.492996e-02 0.000000e+00 3.749402e-06)
9.700000e+03	lowerWall	(-9.712382e-02 0.000000e+00 -2.843845e-06)	(-9.491458e-02 0.000000e+00 3.745733e-06)
9.710000e+03	lowerWall	(-9.710626e-02 0.000000e+00 -2.840536e-06)	(-9.489923e-02 0.000000e+00 3.742059e-06)
9.720000e+03	lowerWall	(-9.708873e-02 0.000000e+00 -2.837226e-06)	(-9.488392e-02 0.000000e+00 3.738383e-06)
9.730000e+03	lowerWall	(-9.707125e-02 0.000000e+00 -2.833917e-06)	(-9.486863e-02 0.000000e+00 3.734707e-06)
9.740000e+03	lowerWall	(-9.705379e-02 0.000000e+00 -2.830612e-06)	(-9.485338e-02 0.000000e+00 3.731032e-06)
9.750000e+03	lowerWall	(-9.703637e-02 0.000000e+00 -2.827311e-06)	(-9.483816e-02 0.000000e+00 3.727361e-06)
9.760000e+03	lowerWall	(-9.701899e-02 0.000000e+00 -2.824015e-06)	(-9.482298e-02 0.000000e+00 3.723696e-06)
9.770000e+03	lowerWall	(-9.700164e-02 0.000000e+00 -2.820726e-06)	(-9.480782e-02 0.000000e+00 3.720038e-06)
9.780000e+03	lowerWall	(-9.698432e-02 0.000000e+00 -2.817445e-06)	(-9.479270e-02 0.000000e+00 3.716389e-06)
9.790000e+03	lowerWall	(-9.696704e-02 0.000000e+00 -2.814170e-06)	(-9.477760e-02 0.000000e+00 3.712750e-06)
9.800000e+03	lowerWall	(-9.694979e-02 0.000000e+00 -2.810905e-06)	(-9.476254e-02 0.000000e+00 3.709122e-06)
9.810000e+03	lowerWall	(-9.693258e-02 0.000000e+00 -2.807654e-06)	(-9.474751e-02 0.000000e+00 3.705505e-06)
9.820000e+03	lowerWall	(-9.691540e-02 0.000000e+00 -2.804415e-06)	(-9.473251e-02 0.000000e+00 3.701899e-06)
9.830000e+03	lowerWall	(-9.689825e-02 0.000000e+00 -2.801188e-06)	(-9.471754e-02 0.000000e+00 3.698304e-06)
9.840000e+03	lowerWall	(-9.688114e-02 0.000000e+00 -2.797972e-06)	(-9.470260e-02 0.000000e+00 3.694721e-06)
9.850000e+03	lowerWall	(-9.686406e-02 0.000000e+00 -2.794767e-06)	(-9.468769e-02 0.000000e+00 3.691149e-06)
9.860000e+03	lowerWall	(-9.684701e-02 0.000000e+00 -2.791573e-06)	(-9.467281e-02 0.000000e+00 3.687587e-06)
9.870000e+03	lowerWall	(-9.683000e-02 0.000000e+00 -2.788390e-06)	(-9.465797e-02 0.000000e+00 3.684035e-06)
9.880000e+03	lowerWall	(-9.681302e-02 0.000000e+00 -2.785218e-06)	(-9.464315e-02 0.000000e+00 3.680493e-06)
9.890000e+03	lowerWall	(-9.679607e-02 0.000000e+00 -2.782055e-06)	(-9.462836e-02 0.000000e+00 3.676960e-06)
9.900000e+03	lowerWall	(-9.677916e-02 0.000000e+00 -2.778903e-06)	(-9.461360e-02 0.000000e+00 3.673435e-06)
9.910000e+03	lowerWall	(-9.676228e-02 0.000000e+00 -2.775759e-06)	(-9.459887e-02 0.000000e+00 3.669917e-06)
9.920000e+03	lowerWall	(-9.674543e-02 0.000000e+00 -2.772625e-06)	(-9.458417e-02 0.000000e+00 3.666412e-06)
9.930000e+03	lowerWall	(-9.672862e-02 0.000000e+00 -2.769498e-06)	(-9.456950e-02 0.000000e+00 3.662914e-06)
9.940000e+03	lowerWall	(-9.671184e-02 0.000000e+00 -2.766370e-06)	(-9.455485e-02 0.000000e+00 3.659417e-06)
9.950000e+03	lowerWall	(-9.669510e-02 0.000000e+00 -2.763245e-06)	(-9.454024e-02 0.000000e+00 3.655927e-06)
9.960000e+03	lowerWall	(-9.667839e-02 0.000000e+00 -2.760125e-06)	(-9.452565e-02 0.000000e+00 3.652442e-06)
9.970000e+03	lowerWall	(-9.666171e-02 0.000000e+00 -2.757010e-06)	(-9.451110e-02 0.000000e+00 3.648960e-06)
9.980000e+03	lowerWall	(-9.664507e-02 0.000000e+00 -2.753902e-06)	(-9.449657e-02 0.000000e+00 3.645479e-06)
9.990000e+03	lowerWall	(-9.662846e-02 0.000000e+00 -2.750801e-06)	(-9.448208e-02 0.000000e+00 3.642000e-06)
1.000000e+04	lowerWall	(-9.661188e-02 0.000000e+00 -2.747711e-06)	(-9.446761e-02 0.000000e+00 3.638521e-06)
1.001000e+04	lowerWall	(-9.659534e-02 0.000000e+00 -2.744628e-06)	(-9.445318e-02 0.000000e+00 3.635040e-06)
1.002000e+04	lowerWall	(-9.657883e-02 0.000000e+00 -2.741552e-06)	(-9.443877e-02 0.000000e+00 3.631556e-06)
1.003000e+04	lowerWall	(-9.656235e-02 0.000000e+00 -2.738479e-06)	(-9.442440e-02 0.000000e+00 3.628069e-06)
1.004000e+04	lowerWall	(-9.654591e-02 0.000000e+00 -2.735411e-06)	(-9.441006e-02 0.000000e+00 3.624577e-06)
1.005000e+04	lowerWall	(-9.652949e-02 0.000000e+00 -2.732348e-06)	(-9.439574e-02 0.000000e+00 3.621079e-06)
1.006000e+04	lowerWall	(-9.651311e-02 0.000000e+00 -2.729287e-06)	(-9.438146e-02 0.000000e+00 3.617574e-06)
1.007000e+04	lowerWall	(-9.649677e-02 0.000000e+00 -2.726212e-06)	(-9.436721e-02 0.000000e+00 3.614063e-06)
1.008000e+04	lowerWall	(-9.648045e-02 0.000000e+00 -2.723124e-06)	(-9.435298e-02 0.000000e+00 3.610545e-06)
1.009000e+04	lowerWall	(-9.646416e-02 0.000000e+00 -2.720025e-06)	(-9.433879e-02 0.000000e+00 3.607021e-06)
1.010000e+04	lowerWall	(-9.644791e-02 0.000000e+00 -2.716917e-06)	(-9.432462e-02 0.000000e+00 3.603491e-06)
1.011000e+04	lowerWall	(-9.643169e-02 0.000000e+00 -2.713805e-06)	(-9.431049e-02 0.000000e+00 3.600027e-06)
1.012000e+04	lowerWall	(-9.641550e-02 0.000000e+00 -2.710689e-06)	(-9.429638e-02 0.000000e+00 3.596560e-06)
1.013000e+04	lowerWall	(-9.639934e-02 0.000000e+00 -2.707573e-06)	(-9.428230e-02 0.000000e+00 3.593091e-06)
1.014000e+04	lowerWall	(-9.638321e-02 0.000000e+00 -2.704458e-06)	(-9.426825e-02 0.000000e+00 3.589621e-06)
1.015000e+04	lowerWall	(-9.636712e-02 0.000000e+00 -2.701345e-06)	(-9.425423e-02 0.000000e+00 3.586153e-06)
1.016000e+04	lowerWall	(-9.635105e-02 0.000000e+00 -2.698237e-06)	(-9.424024e-02 0.000000e+00 3.582688e-06)
1.017000e+04	lowerWall	(-9.633502e-02 0.000000e+00 -2.695133e-06)	(-9.422627e-02 0.000000e+00 3.579228e-06)
1.018000e+04	lowerWall	(-9.631901e-02 0.000000e+00 -2.692035e-06)	(-9.421234e-02 0.000000e+00 3.575774e-06)
1.019000e+04	lowerWall	(-9.630304e-02 0.000000e+00 -2.688944e-06)	(-9.419843e-02 0.000000e+00 3.572328e-06)
1.020000e+04	lowerWall	(-9.628710e-02 0.000000e+00 -2.685859e-06)	(-9.418455e-02 0.000000e+00 3.568890e-06)
1.021000e+04	lowerWall	(-9.627118e-02 0.000000e+00 -2.682781e-06)	(-9.417069e-02 0.000000e+00 3.565462e-06)
1.022000e+04	lowerWall	(-9.625530e-02 0.000000e+00 -2.679710e-06)	(-9.415687e-02 0.000000e+00 3.562043e-06)
1.023000e+04	lowerWall	(-9.623945e-02 0.000000e+00 -2.676649e-06)	(-9.414307e-02 0.000000e+00 3.558635e-06)
1.024000e+04	lowerWall	(-9.622363e-02 0.000000e+00 -2.673600e-06)	(-9.412930e-02 0.000000e+00 3.555237e-06)
1.025000e+04	lowerWall	(-9.620783e-02 0.000000e+00 -2.670563e-06)	(-9.411556e-02 0.000000e+00 3.551849e-06)
1.026000e+04	lowerWall	(-9.619207e-02 0.000000e+00 -2.667537e-06)	(-9.410184e-02 0.000000e+00 3.548471e-06)
1.027000e+04	lowerWall	(-9.617634e-02 0.000000e+00 -2.664520e-06)	(-9.408816e-02 0.000000e+00 3.545103e-06)
1.028000e+04	lowerWall	(-9.616063e-02 0.000000e+00 -2.661514e-06)	(-9.407449e-02 0.000000e+00 3.541744e-06)
1.029000e+04	lowerWall	(-9.614496e-02 0.000000e+00 -2.658516e-06)	(-9.406086e-02 0.000000e+00 3.538394e-06)
1.030000e+04	lowerWall	(-9.612932e-02 0.000000e+00 -2.655529e-06)	(-9.404725e-02 0.000000e+00 3.535052e-06)
1.031000e+04	lowerWall	(-9.611370e-02 0.000000e+00 -2.652551e-06)	(-9.403367e-02 0.000000e+00 3.531717e-06)
1.032000e+04	lowerWall	(-9.609812e-02 0.000000e+00 -2.649581e-06)	(-9.402012e-02 0.000000e+00 3.528389e-06)
1.033000e+04	lowerWall	(-9.608257e-02 0.000000e+00 -2.646620e-06)	(-9.400659e-02 0.000000e+00 3.525068e-06)
1.034000e+04	lowerWall	(-9.606705e-02 0.000000e+00 -2.643668e-06)	(-9.399309e-02 0.000000e+00 3.521753e-06)
1.035000e+04	lowerWall	(-9.605156e-02 0.000000e+00 -2.640724e-06)	(-9.397962e-02 0.000000e+00 3.518446e-06)
1.036000e+04	lowerWall	(-9.603611e-02 0.000000e+00 -2.637787e-06)	(-9.396616e-02 0.000000e+00 3.515149e-06)
1.037000e+04	lowerWall	(-9.602068e-02 0.000000e+00 -2.634848e-06)	(-9.395274e-02 0.000000e+00 3.511854e-06)
1.038000e+04	lowerWall	(-9.600528e-02 0.000000e+00 -2.631912e-06)	(-9.393934e-02 0.000000e+00 3.508562e-06)
1.039000e+04	lowerWall	(-9.598991e-02 0.000000e+00 -2.628980e-06)	(-9.392597e-02 0.000000e+00 3.505275e-06)
1.040000e+04	lowerWall	(-9.597458e-02 0.000000e+00 -2.626054e-06)	(-9.391262e-02 0.000000e+00 3.501990e-06)
1.041000e+04	lowerWall	(-9.595927e-02 0.000000e+00 -2.623132e-06)	(-9.389930e-02 0.000000e+00 3.498707e-06)
1.042000e+04	lowerWall	(-9.594399e-02 0.000000e+00 -2.620218e-06)	(-9.388601e-02 0.000000e+00 3.495424e-06)
1.043000e+04	lowerWall	(-9.592874e-02 0.000000e+00 -2.617313e-06)	(-9.387274e-02 0.000000e+00 3.492140e-06)
1.044000e+04	lowerWall	(-9.591352e-02 0.000000e+00 -2.614415e-06)	(-9.385950e-02 0.000000e+00 3.488855e-06)
1.045000e+04	lowerWall	(-9.589832e-02 0.000000e+00 -2.611523e-06)	(-9.384629e-02 0.000000e+00 3.485567e-06)
1.046000e+04	lowerWall	(-9.588316e-02 0.000000e+00 -2.608634e-06)	(-9.383311e-02 0.000000e+00 3.482276e-06)
1.047000e+04	lowerWall	(-9.586803e-02 0.000000e+00 -2.605749e-06)	(-9.381995e-02 0.000000e+00 3.478980e-06)
1.048000e+04	lowerWall	(-9.585292e-02 0.000000e+00 -2.602868e-06)	(-9.380682e-02 0.000000e+00 3.475679e-06)
1.049000e+04	lowerWall	(-9.583784e-02 0.000000e+00 -2.599991e-06)	(-9.379372e-02 0.000000e+00 3.472373e-06)
1.050000e+04	lowerWall	(-9.582280e-02 0.000000e+00 -2.597104e-06)	(-9.378064e-02 0.000000e+00 3.469060e-06)
1.051000e+04	lowerWall	(-9.580778e-02 0.000000e+00 -2.594203e-06)	(-9.376759e-02 0.000000e+00 3.465758e-06)
1.052000e+04	lowerWall	(-9.579278e-02 0.000000e+00 -2.591292e-06)	(-9.375456e-02 0.000000e+00 3.462503e-06)
1.053000e+04	lowerWall	(-9.577782e-02 0.000000e+00 -2.588372e-06)	(-9.374157e-02 0.000000e+00 3.459242e-06)
1.054000e+04	lowerWall	(-9.576288e-02 0.000000e+00 -2.585446e-06)	(-9.372859e-02 0.000000e+00 3.455975e-06)
1.055000e+04	lowerWall	(-9.574798e-02 0.000000e+00 -2.582516e-06)	(-9.371565e-02 0.000000e+00 3.452705e-06)
1.056000e+04	lowerWall	(-9.573310e-02 0.000000e+00 -2.579585e-06)	(-9.370273e-02 0.000000e+00 3.449431e-06)
1.057000e+04	lowerWall	(-9.571825e-02 0.000000e+00 -2.576653e-06)	(-9.368983e-02 0.000000e+00 3.446156e-06)
1.058000e+04	lowerWall	(-9.570342e-02 0.000000e+00 -2.573723e-06)	(-9.367696e-02 0.000000e+00 3.442881e-06)
1.059000e+04	lowerWall	(-9.568862e-02 0.000000e+00 -2.570796e-06)	(-9.366412e-02 0.000000e+00 3.439607e-06)
1.060000e+04	lowerWall	(-9.567386e-02 0.000000e+00 -2.567873e-06)	(-9.365130e-02 0.000000e+00 3.436337e-06)
1.061000e+04	lowerWall	(-9.565911e-02 0.000000e+00 -2.564954e-06)	(-9.363851e-02 0.000000e+00 3.433071e-06)
1.062000e+04	lowerWall	(-9.564440e-02 0.000000e+00 -2.562041e-06)	(-9.362574e-02 0.000000e+00 3.429812e-06)
1.063000e+04	lowerWall	(-9.562971e-02 0.000000e+00 -2.559133e-06)	(-9.361300e-02 0.000000e+00 3.426559e-06)
1.064000e+04	lowerWall	(-9.561505e-02 0.000000e+00 -2.556231e-06)	(-9.360028e-02 0.000000e+00 3.423314e-06)
1.065000e+04	lowerWall	(-9.560042e-02 0.000000e+00 -2.553336e-06)	(-9.358758e-02 0.000000e+00 3.420078e-06)
1.066000e+04	lowerWall	(-9.558581e-02 0.000000e+00 -2.550447e-06)	(-9.357492e-02 0.000000e+00 3.416850e-06)
1.067000e+04	lowerWall	(-9.557123e-02 0.000000e+00 -2.547564e-06)	(-9.356227e-02 0.000000e+00 3.413632e-06)
1.068000e+04	lowerWall	(-9.555668e-02 0.000000e+00 -2.544688e-06)	(-9.354965e-02 0.000000e+00 3.410422e-06)
1.069000e+04	lowerWall	(-9.554216e-02 0.000000e+00 -2.541823e-06)	(-9.353706e-02 0.000000e+00 3.407222e-06)
1.070000e+04	lowerWall	(-9.552766e-02 0.000000e+00 -2.538969e-06)	(-9.352449e-02 0.000000e+00 3.404030e-06)
1.071000e+04	lowerWall	(-9.551319e-02 0.000000e+00 -2.536125e-06)	(-9.351194e-02 0.000000e+00 3.400848e-06)
1.072000e+04	lowerWall	(-9.549875e-02 0.000000e+00 -2.533290e-06)	(-9.349942e-02 0.000000e+00 3.397673e-06)
1.073000e+04	lowerWall	(-9.548433e-02 0.000000e+00 -2.530463e-06)	(-9.348692e-02 0.000000e+00 3.394506e-06)
1.074000e+04	lowerWall	(-9.546995e-02 0.000000e+00 -2.527645e-06)	(-9.347444e-02 0.000000e+00 3.391346e-06)
1.075000e+04	lowerWall	(-9.545559e-02 0.000000e+00 -2.524835e-06)	(-9.346199e-02 0.000000e+00 3.388193e-06)
1.076000e+04	lowerWall	(-9.544126e-02 0.000000e+00 -2.522035e-06)	(-9.344957e-02 0.000000e+00 3.385047e-06)
1.077000e+04	lowerWall	(-9.542695e-02 0.000000e+00 -2.519242e-06)	(-9.343716e-02 0.000000e+00 3.381907e-06)
1.078000e+04	lowerWall	(-9.541267e-02 0.000000e+00 -2.516458e-06)	(-9.342478e-02 0.000000e+00 3.378774e-06)
1.079000e+04	lowerWall	(-9.539842e-02 0.000000e+00 -2.513682e-06)	(-9.341243e-02 0.000000e+00 3.375646e-06)
1.080000e+04	lowerWall	(-9.538420e-02 0.000000e+00 -2.510913e-06)	(-9.340010e-02 0.000000e+00 3.372523e-06)
1.081000e+04	lowerWall	(-9.537000e-02 0.000000e+00 -2.508153e-06)	(-9.338779e-02 0.000000e+00 3.369405e-06)
1.082000e+04	lowerWall	(-9.535583e-02 0.000000e+00 -2.505397e-06)	(-9.337550e-02 0.000000e+00 3.366294e-06)
1.083000e+04	lowerWall	(-9.534168e-02 0.000000e+00 -2.502640e-06)	(-9.336323e-02 0.000000e+00 3.363190e-06)
1.084000e+04	lowerWall	(-9.532756e-02 0.000000e+00 -2.499884e-06)	(-9.335099e-02 0.000000e+00 3.360085e-06)
1.085000e+04	lowerWall	(-9.531347e-02 0.000000e+00 -2.497133e-06)	(-9.333877e-02 0.000000e+00 3.356983e-06)
1.086000e+04	lowerWall	(-9.529941e-02 0.000000e+00 -2.494386e-06)	(-9.332658e-02 0.000000e+00 3.353883e-06)
1.087000e+04	lowerWall	(-9.528537e-02 0.000000e+00 -2.491644e-06)	(-9.331441e-02 0.000000e+00 3.350784e-06)
1.088000e+04	lowerWall	(-9.527135e-02 0.000000e+00 -2.488909e-06)	(-9.330226e-02 0.000000e+00 3.347685e-06)
1.089000e+04	lowerWall	(-9.525736e-02 0.000000e+00 -2.486182e-06)	(-9.329013e-02 0.000000e+00 3.344585e-06)
1.090000e+04	lowerWall	(-9.524340e-02 0.000000e+00 -2.483461e-06)	(-9.327803e-02 0.000000e+00 3.341483e-06)
1.091000e+04	lowerWall	(-9.522946e-02 0.000000e+00 -2.480745e-06)	(-9.326596e-02 0.000000e+00 3.338378e-06)
1.092000e+04	lowerWall	(-9.521555e-02 0.000000e+00 -2.478032e-06)	(-9.325391e-02 0.000000e+00 3.335270e-06)
1.093000e+04	lowerWall	(-9.520167e-02 0.000000e+00 -2.475323e-06)	(-9.324188e-02 0.000000e+00 3.332158e-06)
1.094000e+04	lowerWall	(-9.518781e-02 0.000000e+00 -2.472617e-06)	(-9.322988e-02 0.000000e+00 3.329098e-06)
1.095000e+04	lowerWall	(-9.517397e-02 0.000000e+00 -2.469914e-06)	(-9.321790e-02 0.000000e+00 3.326043e-06)
1.096000e+04	lowerWall	(-9.516016e-02 0.000000e+00 -2.467203e-06)	(-9.320595e-02 0.000000e+00 3.322982e-06)
1.097000e+04	lowerWall	(-9.514638e-02 0.000000e+00 -2.464482e-06)	(-9.319401e-02 0.000000e+00 3.319915e-06)
1.098000e+04	lowerWall	(-9.513262e-02 0.000000e+00 -2.461764e-06)	(-9.318211e-02 0.000000e+00 3.316843e-06)
1.099000e+04	lowerWall	(-9.511889e-02 0.000000e+00 -2.459038e-06)	(-9.317022e-02 0.000000e+00 3.313765e-06)
1.100000e+04	lowerWall	(-9.510518e-02 0.000000e+00 -2.456307e-06)	(-9.315836e-02 0.000000e+00 3.310682e-06)
1.101000e+04	lowerWall	(-9.509150e-02 0.000000e+00 -2.453572e-06)	(-9.314652e-02 0.000000e+00 3.307594e-06)
1.102000e+04	lowerWall	(-9.507784e-02 0.000000e+00 -2.450836e-06)	(-9.313471e-02 0.000000e+00 3.304504e-06)
1.103000e+04	lowerWall	(-9.506421e-02 0.000000e+00 -2.448099e-06)	(-9.312291e-02 0.000000e+00 3.301411e-06)
1.104000e+04	lowerWall	(-9.505060e-02 0.000000e+00 -2.445364e-06)	(-9.311114e-02 0.000000e+00 3.298318e-06)
1.105000e+04	lowerWall	(-9.503702e-02 0.000000e+00 -2.442631e-06)	(-9.309940e-02 0.000000e+00 3.295226e-06)
1.106000e+04	lowerWall	(-9.502346e-02 0.000000e+00 -2.439901e-06)	(-9.308767e-02 0.000000e+00 3.292136e-06)
1.107000e+04	lowerWall	(-9.500993e-02 0.000000e+00 -2.437175e-06)	(-9.307597e-02 0.000000e+00 3.289049e-06)
1.108000e+04	lowerWall	(-9.499642e-02 0.000000e+00 -2.434454e-06)	(-9.306429e-02 0.000000e+00 3.285966e-06)
1.109000e+04	lowerWall	(-9.498293e-02 0.000000e+00 -2.431738e-06)	(-9.305263e-02 0.000000e+00 3.282890e-06)
1.110000e+04	lowerWall	(-9.496947e-02 0.000000e+00 -2.429026e-06)	(-9.304099e-02 0.000000e+00 3.279819e-06)
1.111000e+04	lowerWall	(-9.495603e-02 0.000000e+00 -2.426320e-06)	(-9.302938e-02 0.000000e+00 3.276756e-06)
1.112000e+04	lowerWall	(-9.494262e-02 0.000000e+00 -2.423619e-06)	(-9.301779e-02 0.000000e+00 3.273700e-06)
1.113000e+04	lowerWall	(-9.492923e-02 0.000000e+00 -2.420924e-06)	(-9.300622e-02 0.000000e+00 3.270652e-06)
1.114000e+04	lowerWall	(-9.491586e-02 0.000000e+00 -2.418235e-06)	(-9.299467e-02 0.000000e+00 3.267613e-06)
1.115000e+04	lowerWall	(-9.490252e-02 0.000000e+00 -2.415551e-06)	(-9.298315e-02 0.000000e+00 3.264581e-06)
1.116000e+04	lowerWall	(-9.488920e-02 0.000000e+00 -2.412872e-06)	(-9.297164e-02 0.000000e+00 3.261558e-06)
1.117000e+04	lowerWall	(-9.487591e-02 0.000000e+00 -2.410200e-06)	(-9.296016e-02 0.000000e+00 3.258542e-06)
1.118000e+04	lowerWall	(-9.486264e-02 0.000000e+00 -2.407537e-06)	(-9.294870e-02 0.000000e+00 3.255533e-06)
1.119000e+04	lowerWall	(-9.484940e-02 0.000000e+00 -2.404883e-06)	(-9.293726e-02 0.000000e+00 3.252532e-06)
1.120000e+04	lowerWall	(-9.483618e-02 0.000000e+00 -2.402238e-06)	(-9.292584e-02 0.000000e+00 3.249537e-06)
1.121000e+04	lowerWall	(-9.482299e-02 0.000000e+00 -2.399601e-06)	(-9.291445e-02 0.000000e+00 3.246550e-06)
1.122000e+04	lowerWall	(-9.480982e-02 0.000000e+00 -2.396972e-06)	(-9.290307e-02 0.000000e+00 3.243569e-06)
1.123000e+04	lowerWall	(-9.479667e-02 0.000000e+00 -2.394350e-06)	(-9.289172e-02 0.000000e+00 3.240595e-06)
1.124000e+04	lowerWall	(-9.478355e-02 0.000000e+00 -2.391736e-06)	(-9.288038e-02 0.000000e+00 3.237626e-06)
1.125000e+04	lowerWall	(-9.477045e-02 0.000000e+00 -2.389131e-06)	(-9.286907e-02 0.000000e+00 3.234664e-06)
1.126000e+04	lowerWall	(-9.475738e-02 0.000000e+00 -2.386533e-06)	(-9.285778e-02 0.000000e+00 3.231707e-06)
1.127000e+04	lowerWall	(-9.474433e-02 0.000000e+00 -2.383942e-06)	(-9.284651e-02 0.000000e+00 3.228754e-06)
1.128000e+04	lowerWall	(-9.473130e-02 0.000000e+00 -2.381358e-06)	(-9.283526e-02 0.000000e+00 3.225807e-06)
1.129000e+04	lowerWall	(-9.471829e-02 0.000000e+00 -2.378782e-06)	(-9.282404e-02 0.000000e+00 3.222863e-06)
1.130000e+04	lowerWall	(-9.470531e-02 0.000000e+00 -2.376212e-06)	(-9.281283e-02 0.000000e+00 3.219923e-06)
1.131000e+04	lowerWall	(-9.469236e-02 0.000000e+00 -2.373647e-06)	(-9.280164e-02 0.000000e+00 3.216986e-06)
1.132000e+04	lowerWall	(-9.467943e-02 0.000000e+00 -2.371079e-06)	(-9.279047e-02 0.000000e+00 3.214054e-06)
1.133000e+04	lowerWall	(-9.466652e-02 0.000000e+00 -2.368513e-06)	(-9.277933e-02 0.000000e+00 3.211127e-06)
1.134000e+04	lowerWall	(-9.465363e-02 0.000000e+00 -2.365949e-06)	(-9.276820e-02 0.000000e+00 3.208205e-06)
1.135000e+04	lowerWall	(-9.464077e-02 0.000000e+00 -2.363390e-06)	(-9.275709e-02 0.000000e+00 3.205337e-06)
1.136000e+04	lowerWall	(-9.462794e-02 0.000000e+00 -2.360835e-06)	(-9.274600e-02 0.000000e+00 3.202471e-06)
1.137000e+04	lowerWall	(-9.461512e-02 0.000000e+00 -2.358285e-06)	(-9.273494e-02 0.000000e+00 3.199605e-06)
1.138000e+04	lowerWall	(-9.460233e-02 0.000000e+00 -2.355742e-06)	(-9.272389e-02 0.000000e+00 3.196738e-06)
1.139000e+04	lowerWall	(-9.458956e-02 0.000000e+00 -2.353205e-06)	(-9.271287e-02 0.000000e+00 3.193869e-06)
1.140000e+04	lowerWall	(-9.457681e-02 0.000000e+00 -2.350673e-06)	(-9.270187e-02 0.000000e+00 3.190999e-06)
1.141000e+04	lowerWall	(-9.456409e-02 0.000000e+00 -2.348144e-06)	(-9.269089e-02 0.000000e+00 3.188126e-06)
1.142000e+04	lowerWall	(-9.455139e-02 0.000000e+00 -2.345617e-06)	(-9.267993e-02 0.000000e+00 3.185249e-06)
1.143000e+04	lowerWall	(-9.453871e-02 0.000000e+00 -2.343093e-06)	(-9.266900e-02 0.000000e+00 3.182368e-06)
1.144000e+04	lowerWall	(-9.452605e-02 0.000000e+00 -2.340572e-06)	(-9.265808e-02 0.000000e+00 3.179483e-06)
1.145000e+04	lowerWall	(-9.451342e-02 0.000000e+00 -2.338048e-06)	(-9.264719e-02 0.000000e+00 3.176593e-06)
1.146000e+04	lowerWall	(-9.450080e-02 0.000000e+00 -2.335513e-06)	(-9.263632e-02 0.000000e+00 3.173698e-06)
1.147000e+04	lowerWall	(-9.448821e-02 0.000000e+00 -2.332967e-06)	(-9.262546e-02 0.000000e+00 3.170797e-06)
1.148000e+04	lowerWall	(-9.447565e-02 0.000000e+00 -2.330413e-06)	(-9.261463e-02 0.000000e+00 3.167892e-06)
1.149000e+04	lowerWall	(-9.446310e-02 0.000000e+00 -2.327852e-06)	(-9.260382e-02 0.000000e+00 3.164982e-06)
1.150000e+04	lowerWall	(-9.445058e-02 0.000000e+00 -2.325287e-06)	(-9.259303e-02 0.000000e+00 3.162067e-06)
1.151000e+04	lowerWall	(-9.443808e-02 0.000000e+00 -2.322720e-06)	(-9.258226e-02 0.000000e+00 3.159149e-06)
1.152000e+04	lowerWall	(-9.442560e-02 0.000000e+00 -2.320151e-06)	(-9.257151e-02 0.000000e+00 3.156229e-06)
1.153000e+04	lowerWall	(-9.441314e-02 0.000000e+00 -2.317583e-06)	(-9.256078e-02 0.000000e+00 3.153307e-06)
1.154000e+04	lowerWall	(-9.440071e-02 0.000000e+00 -2.315016e-06)	(-9.255007e-02 0.000000e+00 3.150385e-06)
1.155000e+04	lowerWall	(-9.438829e-02 0.000000e+00 -2.312451e-06)	(-9.253938e-02 0.000000e+00 3.147464e-06)
1.156000e+04	lowerWall	(-9.437590e-02 0.000000e+00 -2.309889e-06)	(-9.252871e-02 0.000000e+00 3.144545e-06)
1.157000e+04	lowerWall	(-9.436353e-02 0.000000e+00 -2.307331e-06)	(-9.251806e-02 0.000000e+00 3.141629e-06)
1.158000e+04	lowerWall	(-9.435118e-02 0.000000e+00 -2.304777e-06)	(-9.250744e-02 0.000000e+00 3.138718e-06)
1.159000e+04	lowerWall	(-9.433885e-02 0.000000e+00 -2.302227e-06)	(-9.249683e-02 0.000000e+00 3.135811e-06)
1.160000e+04	lowerWall	(-9.432654e-02 0.000000e+00 -2.299681e-06)	(-9.248624e-02 0.000000e+00 3.132910e-06)
1.161000e+04	lowerWall	(-9.431426e-02 0.000000e+00 -2.297141e-06)	(-9.247567e-02 0.000000e+00 3.130016e-06)
1.162000e+04	lowerWall	(-9.430199e-02 0.000000e+00 -2.294605e-06)	(-9.246511e-02 0.000000e+00 3.127128e-06)
1.163000e+04	lowerWall	(-9.428975e-02 0.000000e+00 -2.292073e-06)	(-9.245458e-02 0.000000e+00 3.124247e-06)
1.164000e+04	lowerWall	(-9.427911e-02 0.000000e+00 -2.293139e-06)	(-9.244400e-02 0.000000e+00 3.123539e-06)
1.165000e+04	lowerWall	(-9.426663e-02 0.000000e+00 -2.292510e-06)	(-9.243303e-02 0.000000e+00 3.122919e-06)
1.166000e+04	lowerWall	(-9.425445e-02 0.000000e+00 -2.289755e-06)	(-9.242262e-02 0.000000e+00 3.119735e-06)
1.167000e+04	lowerWall	(-9.424237e-02 0.000000e+00 -2.287215e-06)	(-9.241222e-02 0.000000e+00 3.116779e-06)
1.168000e+04	lowerWall	(-9.423031e-02 0.000000e+00 -2.284776e-06)	(-9.240184e-02 0.000000e+00 3.113936e-06)
1.169000e+04	lowerWall	(-9.421827e-02 0.000000e+00 -2.282388e-06)	(-9.239147e-02 0.000000e+00 3.111153e-06)
1.170000e+04	lowerWall	(-9.420705e-02 0.000000e+00 -2.280022e-06)	(-9.238139e-02 0.000000e+00 3.107559e-06)
1.171000e+04	lowerWall	(-9.419466e-02 0.000000e+00 -2.279330e-06)	(-9.237058e-02 0.000000e+00 3.107023e-06)
1.172000e+04	lowerWall	(-9.418337e-02 0.000000e+00 -2.276773e-06)	(-9.236062e-02 0.000000e+00 3.103332e-06)
1.173000e+04	lowerWall	(-9.417176e-02 0.000000e+00 -2.275966e-06)	(-9.235017e-02 0.000000e+00 3.101913e-06)
1.174000e+04	lowerWall	(-9.415928e-02 0.000000e+00 -2.274540e-06)	(-9.233951e-02 0.000000e+00 3.100711e-06)
1.175000e+04	lowerWall	(-9.414716e-02 0.000000e+00 -2.271317e-06)	(-9.232935e-02 0.000000e+00 3.097198e-06)
1.176000e+04	lowerWall	(-9.413517e-02 0.000000e+00 -2.268451e-06)	(-9.231918e-02 0.000000e+00 3.094058e-06)
1.177000e+04	lowerWall	(-9.412322e-02 0.000000e+00 -2.265777e-06)	(-9.230901e-02 0.000000e+00 3.091099e-06)
1.178000e+04	lowerWall	(-9.411132e-02 0.000000e+00 -2.263213e-06)	(-9.229884e-02 0.000000e+00 3.088242e-06)
1.179000e+04	lowerWall	(-9.409944e-02 0.000000e+00 -2.260719e-06)	(-9.228869e-02 0.000000e+00 3.085448e-06)
1.180000e+04	lowerWall	(-9.408806e-02 0.000000e+00 -2.260099e-06)	(-9.227873e-02 0.000000e+00 3.084298e-06)
1.181000e+04	lowerWall	(-9.407656e-02 0.000000e+00 -2.258887e-06)	(-9.226817e-02 0.000000e+00 3.082299e-06)
1.182000e+04	lowerWall	(-9.406462e-02 0.000000e+00 -2.255998e-06)	(-9.225811e-02 0.000000e+00 3.079215e-06)
1.183000e+04	lowerWall	(-9.405281e-02 0.000000e+00 -2.253512e-06)	(-9.224801e-02 0.000000e+00 3.076444e-06)
1.184000e+04	lowerWall	(-9.404104e-02 0.000000e+00 -2.251130e-06)	(-9.223793e-02 0.000000e+00 3.073752e-06)
1.185000e+04	lowerWall	(-9.402931e-02 0.000000e+00 -2.248789e-06)	(-9.222785e-02 0.000000e+00 3.071093e-06)
1.186000e+04	lowerWall	(-9.401760e-02 0.000000e+00 -2.246473e-06)	(-9.221779e-02 0.000000e+00 3.068454e-06)
1.187000e+04	lowerWall	(-9.400592e-02 0.000000e+00 -2.244173e-06)	(-9.220774e-02 0.000000e+00 3.065829e-06)
1.188000e+04	lowerWall	(-9.399426e-02 0.000000e+00 -2.241885e-06)	(-9.219771e-02 0.000000e+00 3.063207e-06)
1.189000e+04	lowerWall	(-9.398262e-02 0.000000e+00 -2.239606e-06)	(-9.218769e-02 0.000000e+00 3.060591e-06)
1.190000e+04	lowerWall	(-9.397100e-02 0.000000e+00 -2.237337e-06)	(-9.217769e-02 0.000000e+00 3.057976e-06)
1.191000e+04	lowerWall	(-9.395940e-02 0.000000e+00 -2.235075e-06)	(-9.216771e-02 0.000000e+00 3.055361e-06)
1.192000e+04	lowerWall	(-9.394782e-02 0.000000e+00 -2.232820e-06)	(-9.215774e-02 0.000000e+00 3.052746e-06)
1.193000e+04	lowerWall	(-9.393625e-02 0.000000e+00 -2.230568e-06)	(-9.214779e-02 0.000000e+00 3.050129e-06)
1.194000e+04	lowerWall	(-9.392471e-02 0.000000e+00 -2.228320e-06)	(-9.213787e-02 0.000000e+00 3.047508e-06)
1.195000e+04	lowerWall	(-9.391319e-02 0.000000e+00 -2.226073e-06)	(-9.212795e-02 0.000000e+00 3.044885e-06)
1.196000e+04	lowerWall	(-9.390169e-02 0.000000e+00 -2.223828e-06)	(-9.211806e-02 0.000000e+00 3.042257e-06)
1.197000e+04	lowerWall	(-9.389021e-02 0.000000e+00 -2.221586e-06)	(-9.210819e-02 0.000000e+00 3.039624e-06)
1.198000e+04	lowerWall	(-9.387875e-02 0.000000e+00 -2.219341e-06)	(-9.209833e-02 0.000000e+00 3.036987e-06)
1.199000e+04	lowerWall	(-9.386731e-02 0.000000e+00 -2.217085e-06)	(-9.208849e-02 0.000000e+00 3.034344e-06)
1.200000e+04	lowerWall	(-9.385588e-02 0.000000e+00 -2.214818e-06)	(-9.207867e-02 0.000000e+00 3.031695e-06)
1.201000e+04	lowerWall	(-9.384544e-02 0.000000e+00 -2.213562e-06)	(-9.206906e-02 0.000000e+00 3.029190e-06)
1.202000e+04	lowerWall	(-9.383369e-02 0.000000e+00 -2.209730e-06)	(-9.205942e-02 0.000000e+00 3.025221e-06)
1.203000e+04	lowerWall	(-9.382169e-02 0.000000e+00 -2.207707e-06)	(-9.204933e-02 0.000000e+00 3.023560e-06)
1.204000e+04	lowerWall	(-9.381074e-02 0.000000e+00 -2.203954e-06)	(-9.204000e-02 0.000000e+00 3.018878e-06)
1.205000e+04	lowerWall	(-9.379869e-02 0.000000e+00 -2.201812e-06)	(-9.203001e-02 0.000000e+00 3.017111e-06)
1.206000e+04	lowerWall	(-9.378806e-02 0.000000e+00 -2.202676e-06)	(-9.201994e-02 0.000000e+00 3.017099e-06)
1.207000e+04	lowerWall	(-9.377772e-02 0.000000e+00 -2.200857e-06)	(-9.201051e-02 0.000000e+00 3.013846e-06)
1.208000e+04	lowerWall	(-9.376658e-02 0.000000e+00 -2.199055e-06)	(-9.200082e-02 0.000000e+00 3.011555e-06)
1.209000e+04	lowerWall	(-9.375484e-02 0.000000e+00 -2.197615e-06)	(-9.199087e-02 0.000000e+00 3.010239e-06)
1.210000e+04	lowerWall	(-9.374394e-02 0.000000e+00 -2.196538e-06)	(-9.198142e-02 0.000000e+00 3.008681e-06)
1.211000e+04	lowerWall	(-9.373335e-02 0.000000e+00 -2.193860e-06)	(-9.197189e-02 0.000000e+00 3.004796e-06)
1.212000e+04	lowerWall	(-9.372184e-02 0.000000e+00 -2.192820e-06)	(-9.196190e-02 0.000000e+00 3.003795e-06)
1.213000e+04	lowerWall	(-9.371124e-02 0.000000e+00 -2.190003e-06)	(-9.195272e-02 0.000000e+00 2.999923e-06)
1.214000e+04	lowerWall	(-9.369950e-02 0.000000e+00 -2.188172e-06)	(-9.194291e-02 0.000000e+00 2.998321e-06)
1.215000e+04	lowerWall	(-9.368920e-02 0.000000e+00 -2.185957e-06)	(-9.193366e-02 0.000000e+00 2.994928e-06)
1.216000e+04	lowerWall	(-9.367731e-02 0.000000e+00 -2.183684e-06)	(-9.192425e-02 0.000000e+00 2.993275e-06)
1.217000e+04	lowerWall	(-9.366739e-02 0.000000e+00 -2.183124e-06)	(-9.191456e-02 0.000000e+00 2.991138e-06)
1.218000e+04	lowerWall	(-9.365641e-02 0.000000e+00 -2.181145e-06)	(-9.190501e-02 0.000000e+00 2.988757e-06)
1.219000e+04	lowerWall	(-9.364530e-02 0.000000e+00 -2.178684e-06)	(-9.189566e-02 0.000000e+00 2.986013e-06)
1.220000e+04	lowerWall	(-9.363381e-02 0.000000e+00 -2.177121e-06)	(-9.188589e-02 0.000000e+00 2.984691e-06)
1.221000e+04	lowerWall	(-9.362331e-02 0.000000e+00 -2.174108e-06)	(-9.187685e-02 0.000000e+00 2.980751e-06)
1.222000e+04	lowerWall	(-9.361273e-02 0.000000e+00 -2.173480e-06)	(-9.186732e-02 0.000000e+00 2.979449e-06)
1.223000e+04	lowerWall	(-9.360177e-02 0.000000e+00 -2.171240e-06)	(-9.185792e-02 0.000000e+00 2.976913e-06)
1.224000e+04	lowerWall	(-9.359020e-02 0.000000e+00 -2.169405e-06)	(-9.184829e-02 0.000000e+00 2.975442e-06)
1.225000e+04	lowerWall	(-9.358037e-02 0.000000e+00 -2.168540e-06)	(-9.183910e-02 0.000000e+00 2.973290e-06)
1.226000e+04	lowerWall	(-9.356830e-02 0.000000e+00 -2.164538e-06)	(-9.183002e-02 0.000000e+00 2.970108e-06)
1.227000e+04	lowerWall	(-9.355825e-02 0.000000e+00 -2.162699e-06)	(-9.182058e-02 0.000000e+00 2.966929e-06)
1.228000e+04	lowerWall	(-9.354789e-02 0.000000e+00 -2.162615e-06)	(-9.181101e-02 0.000000e+00 2.966129e-06)
1.229000e+04	lowerWall	(-9.353690e-02 0.000000e+00 -2.159794e-06)	(-9.180183e-02 0.000000e+00 2.963116e-06)
1.230000e+04	lowerWall	(-9.352571e-02 0.000000e+00 -2.155816e-06)	(-9.179283e-02 0.000000e+00 2.959068e-06)
1.231000e+04	lowerWall	(-9.351531e-02 0.000000e+00 -2.155665e-06)	(-9.178335e-02 0.000000e+00 2.958244e-06)
1.232000e+04	lowerWall	(-9.350415e-02 0.000000e+00 -2.154753e-06)	(-9.177369e-02 0.000000e+00 2.957488e-06)
1.233000e+04	lowerWall	(-9.349412e-02 0.000000e+00 -2.152496e-06)	(-9.176476e-02 0.000000e+00 2.954072e-06)
1.234000e+04	lowerWall	(-9.348368e-02 0.000000e+00 -2.151908e-06)	(-9.175541e-02 0.000000e+00 2.952846e-06)
1.235000e+04	lowerWall	(-9.347238e-02 0.000000e+00 -2.147056e-06)	(-9.174660e-02 0.000000e+00 2.948070e-06)
1.236000e+04	lowerWall	(-9.346223e-02 0.000000e+00 -2.147548e-06)	(-9.173712e-02 0.000000e+00 2.947790e-06)
1.237000e+04	lowerWall	(-9.345170e-02 0.000000e+00 -2.146134e-06)	(-9.172795e-02 0.000000e+00 2.945837e-06)
1.238000e+04	lowerWall	(-9.344120e-02 0.000000e+00 -2.144655e-06)	(-9.171872e-02 0.000000e+00 2.943852e-06)
1.239000e+04	lowerWall	(-9.343072e-02 0.000000e+00 -2.143300e-06)	(-9.170951e-02 0.000000e+00 2.941959e-06)
1.240000e+04	lowerWall	(-9.342007e-02 0.000000e+00 -2.141094e-06)	(-9.170044e-02 0.000000e+00 2.939409e-06)
1.241000e+04	lowerWall	(-9.340976e-02 0.000000e+00 -2.140117e-06)	(-9.169127e-02 0.000000e+00 2.937818e-06)
1.242000e+04	lowerWall	(-9.339898e-02 0.000000e+00 -2.136862e-06)	(-9.168238e-02 0.000000e+00 2.934365e-06)
1.243000e+04	lowerWall	(-9.338860e-02 0.000000e+00 -2.135894e-06)	(-9.167325e-02 0.000000e+00 2.932833e-06)
1.244000e+04	lowerWall	(-9.337780e-02 0.000000e+00 -2.132407e-06)	(-9.166442e-02 0.000000e+00 2.929174e-06)
1.245000e+04	lowerWall	(-9.336754e-02 0.000000e+00 -2.131640e-06)	(-9.165525e-02 0.000000e+00 2.927856e-06)
1.246000e+04	lowerWall	(-9.335717e-02 0.000000e+00 -2.130375e-06)	(-9.164616e-02 0.000000e+00 2.926030e-06)
1.247000e+04	lowerWall	(-9.334687e-02 0.000000e+00 -2.128955e-06)	(-9.163714e-02 0.000000e+00 2.924118e-06)
1.248000e+04	lowerWall	(-9.333640e-02 0.000000e+00 -2.127251e-06)	(-9.162811e-02 0.000000e+00 2.921908e-06)
1.249000e+04	lowerWall	(-9.332610e-02 0.000000e+00 -2.125661e-06)	(-9.161911e-02 0.000000e+00 2.919833e-06)
1.250000e+04	lowerWall	(-9.331497e-02 0.000000e+00 -2.123647e-06)	(-9.160991e-02 0.000000e+00 2.918115e-06)
1.251000e+04	lowerWall	(-9.330527e-02 0.000000e+00 -2.121769e-06)	(-9.160124e-02 0.000000e+00 2.915141e-06)
1.252000e+04	lowerWall	(-9.329421e-02 0.000000e+00 -2.119924e-06)	(-9.159204e-02 0.000000e+00 2.913504e-06)
1.253000e+04	lowerWall	(-9.328454e-02 0.000000e+00 -2.118050e-06)	(-9.158341e-02 0.000000e+00 2.910525e-06)
1.254000e+04	lowerWall	(-9.327419e-02 0.000000e+00 -2.116224e-06)	(-9.157445e-02 0.000000e+00 2.908219e-06)
1.255000e+04	lowerWall	(-9.326388e-02 0.000000e+00 -2.114472e-06)	(-9.156557e-02 0.000000e+00 2.906034e-06)
1.256000e+04	lowerWall	(-9.325333e-02 0.000000e+00 -2.111150e-06)	(-9.155701e-02 0.000000e+00 2.902687e-06)
1.257000e+04	lowerWall	(-9.324316e-02 0.000000e+00 -2.110074e-06)	(-9.154797e-02 0.000000e+00 2.901029e-06)
1.258000e+04	lowerWall	(-9.323292e-02 0.000000e+00 -2.108443e-06)	(-9.153909e-02 0.000000e+00 2.898933e-06)
1.259000e+04	lowerWall	(-9.322261e-02 0.000000e+00 -2.106401e-06)	(-9.153033e-02 0.000000e+00 2.896510e-06)
1.260000e+04	lowerWall	(-9.321237e-02 0.000000e+00 -2.104462e-06)	(-9.152149e-02 0.000000e+00 2.894212e-06)
1.261000e+04	lowerWall	(-9.320207e-02 0.000000e+00 -2.102193e-06)	(-9.151278e-02 0.000000e+00 2.891574e-06)
1.262000e+04	lowerWall	(-9.319137e-02 0.000000e+00 -2.100899e-06)	(-9.150370e-02 0.000000e+00 2.890541e-06)
1.263000e+04	lowerWall	(-9.318183e-02 0.000000e+00 -2.098969e-06)	(-9.149517e-02 0.000000e+00 2.887556e-06)
1.264000e+04	lowerWall	(-9.317165e-02 0.000000e+00 -2.097301e-06)	(-9.148636e-02 0.000000e+00 2.885346e-06)
1.265000e+04	lowerWall	(-9.316133e-02 0.000000e+00 -2.094808e-06)	(-9.147769e-02 0.000000e+00 2.882601e-06)
1.266000e+04	lowerWall	(-9.315118e-02 0.000000e+00 -2.092850e-06)	(-9.146899e-02 0.000000e+00 2.880256e-06)
1.267000e+04	lowerWall	(-9.314088e-02 0.000000e+00 -2.089997e-06)	(-9.146040e-02 0.000000e+00 2.877135e-06)
1.268000e+04	lowerWall	(-9.313106e-02 0.000000e+00 -2.089213e-06)	(-9.145157e-02 0.000000e+00 2.875849e-06)
1.269000e+04	lowerWall	(-9.312085e-02 0.000000e+00 -2.087167e-06)	(-9.144289e-02 0.000000e+00 2.873375e-06)
1.270000e+04	lowerWall	(-9.311077e-02 0.000000e+00 -2.085165e-06)	(-9.143424e-02 0.000000e+00 2.871030e-06)
1.271000e+04	lowerWall	(-9.310060e-02 0.000000e+00 -2.082822e-06)	(-9.142571e-02 0.000000e+00 2.868328e-06)
1.272000e+04	lowerWall	(-9.309074e-02 0.000000e+00 -2.081453e-06)	(-9.141696e-02 0.000000e+00 2.866525e-06)
1.273000e+04	lowerWall	(-9.308046e-02 0.000000e+00 -2.078717e-06)	(-9.140850e-02 0.000000e+00 2.863486e-06)
1.274000e+04	lowerWall	(-9.307048e-02 0.000000e+00 -2.076922e-06)	(-9.139984e-02 0.000000e+00 2.861319e-06)
1.275000e+04	lowerWall	(-9.306066e-02 0.000000e+00 -2.075894e-06)	(-9.139116e-02 0.000000e+00 2.859697e-06)
1.276000e+04	lowerWall	(-9.305074e-02 0.000000e+00 -2.074138e-06)	(-9.138257e-02 0.000000e+00 2.857532e-06)
1.277000e+04	lowerWall	(-9.304061e-02 0.000000e+00 -2.071461e-06)	(-9.137416e-02 0.000000e+00 2.854589e-06)
1.278000e+04	lowerWall	(-9.303083e-02 0.000000e+00 -2.070231e-06)	(-9.136552e-02 0.000000e+00 2.852908e-06)
1.279000e+04	lowerWall	(-9.302081e-02 0.000000e+00 -2.068056e-06)	(-9.135702e-02 0.000000e+00 2.850395e-06)
1.280000e+04	lowerWall	(-9.301087e-02 0.000000e+00 -2.066261e-06)	(-9.134847e-02 0.000000e+00 2.848155e-06)
1.281000e+04	lowerWall	(-9.300106e-02 0.000000e+00 -2.064514e-06)	(-9.134001e-02 0.000000e+00 2.846083e-06)
1.282000e+04	lowerWall	(-9.299108e-02 0.000000e+00 -2.062450e-06)	(-9.133152e-02 0.000000e+00 2.843595e-06)
1.283000e+04	lowerWall	(-9.298131e-02 0.000000e+00 -2.060836e-06)	(-9.132301e-02 0.000000e+00 2.841596e-06)
1.284000e+04	lowerWall	(-9.297139e-02 0.000000e+00 -2.058740e-06)	(-9.131456e-02 0.000000e+00 2.839160e-06)
1.285000e+04	lowerWall	(-9.296145e-02 0.000000e+00 -2.056374e-06)	(-9.130621e-02 0.000000e+00 2.836534e-06)
1.286000e+04	lowerWall	(-9.295155e-02 0.000000e+00 -2.054278e-06)	(-9.129783e-02 0.000000e+00 2.834072e-06)
1.287000e+04	lowerWall	(-9.294192e-02 0.000000e+00 -2.053033e-06)	(-9.128932e-02 0.000000e+00 2.832404e-06)
1.288000e+04	lowerWall	(-9.293219e-02 0.000000e+00 -2.051537e-06)	(-9.128088e-02 0.000000e+00 2.830403e-06)
1.289000e+04	lowerWall	(-9.292233e-02 0.000000e+00 -2.049394e-06)	(-9.127250e-02 0.000000e+00 2.827929e-06)
1.290000e+04	lowerWall	(-9.291253e-02 0.000000e+00 -2.047243e-06)	(-9.126414e-02 0.000000e+00 2.825510e-06)
1.291000e+04	lowerWall	(-9.290269e-02 0.000000e+00 -2.045019e-06)	(-9.125586e-02 0.000000e+00 2.822975e-06)
1.292000e+04	lowerWall	(-9.289311e-02 0.000000e+00 -2.043823e-06)	(-9.124744e-02 0.000000e+00 2.821254e-06)
1.293000e+04	lowerWall	(-9.288330e-02 0.000000e+00 -2.041608e-06)	(-9.123917e-02 0.000000e+00 2.818729e-06)
1.294000e+04	lowerWall	(-9.287370e-02 0.000000e+00 -2.040002e-06)	(-9.123081e-02 0.000000e+00 2.816741e-06)
1.295000e+04	lowerWall	(-9.286397e-02 0.000000e+00 -2.037997e-06)	(-9.122252e-02 0.000000e+00 2.814389e-06)
1.296000e+04	lowerWall	(-9.285425e-02 0.000000e+00 -2.035905e-06)	(-9.121423e-02 0.000000e+00 2.811989e-06)
1.297000e+04	lowerWall	(-9.284458e-02 0.000000e+00 -2.034061e-06)	(-9.120596e-02 0.000000e+00 2.809799e-06)
1.298000e+04	lowerWall	(-9.283492e-02 0.000000e+00 -2.032161e-06)	(-9.119771e-02 0.000000e+00 2.807581e-06)
1.299000e+04	lowerWall	(-9.282527e-02 0.000000e+00 -2.030364e-06)	(-9.118947e-02 0.000000e+00 2.805386e-06)
1.300000e+04	lowerWall	(-9.281573e-02 0.000000e+00 -2.028667e-06)	(-9.118122e-02 0.000000e+00 2.803366e-06)
1.301000e+04	lowerWall	(-9.280604e-02 0.000000e+00 -2.026559e-06)	(-9.117304e-02 0.000000e+00 2.800907e-06)
1.302000e+04	lowerWall	(-9.279642e-02 0.000000e+00 -2.024597e-06)	(-9.116487e-02 0.000000e+00 2.798640e-06)
1.303000e+04	lowerWall	(-9.278676e-02 0.000000e+00 -2.022240e-06)	(-9.115676e-02 0.000000e+00 2.796055e-06)
1.304000e+04	lowerWall	(-9.277721e-02 0.000000e+00 -2.020362e-06)	(-9.114855e-02 0.000000e+00 2.793913e-06)
1.305000e+04	lowerWall	(-9.276766e-02 0.000000e+00 -2.018490e-06)	(-9.114040e-02 0.000000e+00 2.791718e-06)
1.306000e+04	lowerWall	(-9.275830e-02 0.000000e+00 -2.017395e-06)	(-9.113216e-02 0.000000e+00 2.790075e-06)
1.307000e+04	lowerWall	(-9.274874e-02 0.000000e+00 -2.015233e-06)	(-9.112403e-02 0.000000e+00 2.787686e-06)
1.308000e+04	lowerWall	(-9.273904e-02 0.000000e+00 -2.012422e-06)	(-9.111609e-02 0.000000e+00 2.784784e-06)
1.309000e+04	lowerWall	(-9.272960e-02 0.000000e+00 -2.010987e-06)	(-9.110789e-02 0.000000e+00 2.782843e-06)
1.310000e+04	lowerWall	(-9.272010e-02 0.000000e+00 -2.008530e-06)	(-9.109995e-02 0.000000e+00 2.780349e-06)
1.311000e+04	lowerWall	(-9.271072e-02 0.000000e+00 -2.007312e-06)	(-9.109171e-02 0.000000e+00 2.778541e-06)
1.312000e+04	lowerWall	(-9.270115e-02 0.000000e+00 -2.004830e-06)	(-9.108377e-02 0.000000e+00 2.775834e-06)
1.313000e+04	lowerWall	(-9.269177e-02 0.000000e+00 -2.003359e-06)	(-9.107561e-02 0.000000e+00 2.773875e-06)
1.314000e+04	lowerWall	(-9.268248e-02 0.000000e+00 -2.001860e-06)	(-9.106755e-02 0.000000e+00 2.771991e-06)
1.315000e+04	lowerWall	(-9.267291e-02 0.000000e+00 -1.999307e-06)	(-9.105959e-02 0.000000e+00 2.769220e-06)
1.316000e+04	lowerWall	(-9.266352e-02 0.000000e+00 -1.997467e-06)	(-9.105160e-02 0.000000e+00 2.766989e-06)
1.317000e+04	lowerWall	(-9.265432e-02 0.000000e+00 -1.996338e-06)	(-9.104354e-02 0.000000e+00 2.765308e-06)
1.318000e+04	lowerWall	(-9.264487e-02 0.000000e+00 -1.994025e-06)	(-9.103556e-02 0.000000e+00 2.762708e-06)
1.319000e+04	lowerWall	(-9.263568e-02 0.000000e+00 -1.992571e-06)	(-9.102756e-02 0.000000e+00 2.760855e-06)
1.320000e+04	lowerWall	(-9.262623e-02 0.000000e+00 -1.990360e-06)	(-9.101965e-02 0.000000e+00 2.758198e-06)
1.321000e+04	lowerWall	(-9.261707e-02 0.000000e+00 -1.988920e-06)	(-9.101168e-02 0.000000e+00 2.756454e-06)
1.322000e+04	lowerWall	(-9.260775e-02 0.000000e+00 -1.987009e-06)	(-9.100370e-02 0.000000e+00 2.754112e-06)
1.323000e+04	lowerWall	(-9.259855e-02 0.000000e+00 -1.985392e-06)	(-9.099578e-02 0.000000e+00 2.752078e-06)
1.324000e+04	lowerWall	(-9.258920e-02 0.000000e+00 -1.983294e-06)	(-9.098790e-02 0.000000e+00 2.749571e-06)
1.325000e+04	lowerWall	(-9.258006e-02 0.000000e+00 -1.981767e-06)	(-9.097995e-02 0.000000e+00 2.747600e-06)
1.326000e+04	lowerWall	(-9.257078e-02 0.000000e+00 -1.979754e-06)	(-9.097209e-02 0.000000e+00 2.745228e-06)
1.327000e+04	lowerWall	(-9.256146e-02 0.000000e+00 -1.977280e-06)	(-9.096434e-02 0.000000e+00 2.742577e-06)
1.328000e+04	lowerWall	(-9.255239e-02 0.000000e+00 -1.975749e-06)	(-9.095646e-02 0.000000e+00 2.740660e-06)
1.329000e+04	lowerWall	(-9.254316e-02 0.000000e+00 -1.973842e-06)	(-9.094860e-02 0.000000e+00 2.738326e-06)
1.330000e+04	lowerWall	(-9.253395e-02 0.000000e+00 -1.971947e-06)	(-9.094077e-02 0.000000e+00 2.735991e-06)
1.331000e+04	lowerWall	(-9.252476e-02 0.000000e+00 -1.969759e-06)	(-9.093299e-02 0.000000e+00 2.733553e-06)
1.332000e+04	lowerWall	(-9.251558e-02 0.000000e+00 -1.967850e-06)	(-9.092521e-02 0.000000e+00 2.731207e-06)
1.333000e+04	lowerWall	(-9.250641e-02 0.000000e+00 -1.965610e-06)	(-9.091747e-02 0.000000e+00 2.728752e-06)
1.334000e+04	lowerWall	(-9.249744e-02 0.000000e+00 -1.964145e-06)	(-9.090969e-02 0.000000e+00 2.726953e-06)
1.335000e+04	lowerWall	(-9.248767e-02 0.000000e+00 -1.962027e-06)	(-9.090182e-02 0.000000e+00 2.725181e-06)
1.336000e+04	lowerWall	(-9.247920e-02 0.000000e+00 -1.960357e-06)	(-9.089426e-02 0.000000e+00 2.722454e-06)
1.337000e+04	lowerWall	(-9.247005e-02 0.000000e+00 -1.958058e-06)	(-9.088654e-02 0.000000e+00 2.719918e-06)
1.338000e+04	lowerWall	(-9.246094e-02 0.000000e+00 -1.956005e-06)	(-9.087884e-02 0.000000e+00 2.717480e-06)
1.339000e+04	lowerWall	(-9.245178e-02 0.000000e+00 -1.953591e-06)	(-9.087117e-02 0.000000e+00 2.714841e-06)
1.340000e+04	lowerWall	(-9.244303e-02 0.000000e+00 -1.952785e-06)	(-9.086339e-02 0.000000e+00 2.713639e-06)
1.341000e+04	lowerWall	(-9.243399e-02 0.000000e+00 -1.950908e-06)	(-9.085568e-02 0.000000e+00 2.711416e-06)
1.342000e+04	lowerWall	(-9.242496e-02 0.000000e+00 -1.948788e-06)	(-9.084806e-02 0.000000e+00 2.709089e-06)
1.343000e+04	lowerWall	(-9.241590e-02 0.000000e+00 -1.946654e-06)	(-9.084046e-02 0.000000e+00 2.706635e-06)
1.344000e+04	lowerWall	(-9.240688e-02 0.000000e+00 -1.944624e-06)	(-9.083284e-02 0.000000e+00 2.704232e-06)
1.345000e+04	lowerWall	(-9.239808e-02 0.000000e+00 -1.943247e-06)	(-9.082520e-02 0.000000e+00 2.702628e-06)
1.346000e+04	lowerWall	(-9.238860e-02 0.000000e+00 -1.941705e-06)	(-9.081735e-02 0.000000e+00 2.701249e-06)
1.347000e+04	lowerWall	(-9.238024e-02 0.000000e+00 -1.939704e-06)	(-9.080989e-02 0.000000e+00 2.698360e-06)
1.348000e+04	lowerWall	(-9.237126e-02 0.000000e+00 -1.937695e-06)	(-9.080235e-02 0.000000e+00 2.695976e-06)
1.349000e+04	lowerWall	(-9.236185e-02 0.000000e+00 -1.935916e-06)	(-9.079463e-02 0.000000e+00 2.694642e-06)
1.350000e+04	lowerWall	(-9.235354e-02 0.000000e+00 -1.934179e-06)	(-9.078727e-02 0.000000e+00 2.691887e-06)
1.351000e+04	lowerWall	(-9.234413e-02 0.000000e+00 -1.932424e-06)	(-9.077951e-02 0.000000e+00 2.690457e-06)
1.352000e+04	lowerWall	(-9.233584e-02 0.000000e+00 -1.930439e-06)	(-9.077211e-02 0.000000e+00 2.687591e-06)
1.353000e+04	lowerWall	(-9.232692e-02 0.000000e+00 -1.928455e-06)	(-9.076464e-02 0.000000e+00 2.685221e-06)
1.354000e+04	lowerWall	(-9.231820e-02 0.000000e+00 -1.926894e-06)	(-9.075708e-02 0.000000e+00 2.683374e-06)
1.355000e+04	lowerWall	(-9.230941e-02 0.000000e+00 -1.924944e-06)	(-9.074970e-02 0.000000e+00 2.681259e-06)
1.356000e+04	lowerWall	(-9.230067e-02 0.000000e+00 -1.923634e-06)	(-9.074211e-02 0.000000e+00 2.679326e-06)
1.357000e+04	lowerWall	(-9.229172e-02 0.000000e+00 -1.921142e-06)	(-9.073474e-02 0.000000e+00 2.676596e-06)
1.358000e+04	lowerWall	(-9.228308e-02 0.000000e+00 -1.919786e-06)	(-9.072718e-02 0.000000e+00 2.674951e-06)
1.359000e+04	lowerWall	(-9.227435e-02 0.000000e+00 -1.917973e-06)	(-9.071976e-02 0.000000e+00 2.672866e-06)
1.360000e+04	lowerWall	(-9.226555e-02 0.000000e+00 -1.916101e-06)	(-9.071233e-02 0.000000e+00 2.670636e-06)
1.361000e+04	lowerWall	(-9.225679e-02 0.000000e+00 -1.914310e-06)	(-9.070491e-02 0.000000e+00 2.668428e-06)
1.362000e+04	lowerWall	(-9.224803e-02 0.000000e+00 -1.912233e-06)	(-9.069752e-02 0.000000e+00 2.666168e-06)
1.363000e+04	lowerWall	(-9.223940e-02 0.000000e+00 -1.910679e-06)	(-9.069013e-02 0.000000e+00 2.664248e-06)
1.364000e+04	lowerWall	(-9.223063e-02 0.000000e+00 -1.908650e-06)	(-9.068277e-02 0.000000e+00 2.661914e-06)
1.365000e+04	lowerWall	(-9.222202e-02 0.000000e+00 -1.907002e-06)	(-9.067540e-02 0.000000e+00 2.659969e-06)
1.366000e+04	lowerWall	(-9.221346e-02 0.000000e+00 -1.903866e-06)	(-9.066885e-02 0.000000e+00 2.656786e-06)
1.367000e+04	lowerWall	(-9.220460e-02 0.000000e+00 -1.902271e-06)	(-9.066120e-02 0.000000e+00 2.654743e-06)
1.368000e+04	lowerWall	(-9.219606e-02 0.000000e+00 -1.901065e-06)	(-9.065367e-02 0.000000e+00 2.653112e-06)
1.369000e+04	lowerWall	(-9.218748e-02 0.000000e+00 -1.899565e-06)	(-9.064628e-02 0.000000e+00 2.651196e-06)
1.370000e+04	lowerWall	(-9.217830e-02 0.000000e+00 -1.897935e-06)	(-9.063876e-02 0.000000e+00 2.649772e-06)
1.371000e+04	lowerWall	(-9.217024e-02 0.000000e+00 -1.896031e-06)	(-9.063157e-02 0.000000e+00 2.646957e-06)
1.372000e+04	lowerWall	(-9.216171e-02 0.000000e+00 -1.894639e-06)	(-9.062426e-02 0.000000e+00 2.645026e-06)
1.373000e+04	lowerWall	(-9.215316e-02 0.000000e+00 -1.892825e-06)	(-9.061700e-02 0.000000e+00 2.642966e-06)
1.374000e+04	lowerWall	(-9.214457e-02 0.000000e+00 -1.889393e-06)	(-9.061050e-02 0.000000e+00 2.639591e-06)
1.375000e+04	lowerWall	(-9.213598e-02 0.000000e+00 -1.888234e-06)	(-9.060290e-02 0.000000e+00 2.637925e-06)
1.376000e+04	lowerWall	(-9.212717e-02 0.000000e+00 -1.885488e-06)	(-9.059579e-02 0.000000e+00 2.635003e-06)
1.377000e+04	lowerWall	(-9.211851e-02 0.000000e+00 -1.876097e-06)	(-9.059142e-02 0.000000e+00 2.629421e-06)
1.378000e+04	lowerWall	(-9.211038e-02 0.000000e+00 -1.882055e-06)	(-9.058158e-02 0.000000e+00 2.631055e-06)
1.379000e+04	lowerWall	(-9.210197e-02 0.000000e+00 -1.879961e-06)	(-9.057471e-02 0.000000e+00 2.628648e-06)
1.380000e+04	lowerWall	(-9.209351e-02 0.000000e+00 -1.878811e-06)	(-9.056720e-02 0.000000e+00 2.627088e-06)
1.381000e+04	lowerWall	(-9.208508e-02 0.000000e+00 -1.872926e-06)	(-9.056196e-02 0.000000e+00 2.621877e-06)
1.382000e+04	lowerWall	(-9.207656e-02 0.000000e+00 -1.871723e-06)	(-9.055454e-02 0.000000e+00 2.620262e-06)
1.383000e+04	lowerWall	(-9.206810e-02 0.000000e+00 -1.870184e-06)	(-9.054731e-02 0.000000e+00 2.618358e-06)
1.384000e+04	lowerWall	(-9.205941e-02 0.000000e+00 -1.859791e-06)	(-9.054369e-02 0.000000e+00 2.611843e-06)
1.385000e+04	lowerWall	(-9.205134e-02 0.000000e+00 -1.865731e-06)	(-9.053365e-02 0.000000e+00 2.613488e-06)
1.386000e+04	lowerWall	(-9.204303e-02 0.000000e+00 -1.863100e-06)	(-9.052713e-02 0.000000e+00 2.610644e-06)
1.387000e+04	lowerWall	(-9.203407e-02 0.000000e+00 -1.861798e-06)	(-9.051961e-02 0.000000e+00 2.609550e-06)
1.388000e+04	lowerWall	(-9.202625e-02 0.000000e+00 -1.859050e-06)	(-9.051322e-02 0.000000e+00 2.606039e-06)
1.389000e+04	lowerWall	(-9.201795e-02 0.000000e+00 -1.852360e-06)	(-9.050837e-02 0.000000e+00 2.600110e-06)
1.390000e+04	lowerWall	(-9.200963e-02 0.000000e+00 -1.852468e-06)	(-9.050044e-02 0.000000e+00 2.599555e-06)
1.391000e+04	lowerWall	(-9.200123e-02 0.000000e+00 -1.851070e-06)	(-9.049337e-02 0.000000e+00 2.597733e-06)
1.392000e+04	lowerWall	(-9.199268e-02 0.000000e+00 -1.841828e-06)	(-9.048958e-02 0.000000e+00 2.592261e-06)
1.393000e+04	lowerWall	(-9.198434e-02 0.000000e+00 -1.835617e-06)	(-9.048420e-02 0.000000e+00 2.586591e-06)
1.394000e+04	lowerWall	(-9.197613e-02 0.000000e+00 -1.837884e-06)	(-9.047600e-02 0.000000e+00 2.587708e-06)
1.395000e+04	lowerWall	(-9.196747e-02 0.000000e+00 -1.839212e-06)	(-9.046740e-02 0.000000e+00 2.586318e-06)
1.396000e+04	lowerWall	(-9.195941e-02 0.000000e+00 -1.839172e-06)	(-9.045911e-02 0.000000e+00 2.584925e-06)
1.397000e+04	lowerWall	(-9.195087e-02 0.000000e+00 -1.834300e-06)	(-9.045373e-02 0.000000e+00 2.580845e-06)
1.398000e+04	lowerWall	(-9.194318e-02 0.000000e+00 -1.834311e-06)	(-9.044626e-02 0.000000e+00 2.579712e-06)
1.399000e+04	lowerWall	(-9.193501e-02 0.000000e+00 -1.830286e-06)	(-9.044039e-02 0.000000e+00 2.575833e-06)
1.400000e+04	lowerWall	(-9.192685e-02 0.000000e+00 -1.824927e-06)	(-9.043498e-02 0.000000e+00 2.570735e-06)
1.401000e+04	lowerWall	(-9.191863e-02 0.000000e+00 -1.823099e-06)	(-9.042826e-02 0.000000e+00 2.568660e-06)
1.402000e+04	lowerWall	(-9.191035e-02 0.000000e+00 -1.824562e-06)	(-9.041989e-02 0.000000e+00 2.569217e-06)
1.403000e+04	lowerWall	(-9.190236e-02 0.000000e+00 -1.818293e-06)	(-9.041498e-02 0.000000e+00 2.563395e-06)
1.404000e+04	lowerWall	(-9.189417e-02 0.000000e+00 -1.815397e-06)	(-9.040863e-02 0.000000e+00 2.560379e-06)
1.405000e+04	lowerWall	(-9.188568e-02 0.000000e+00 -1.819959e-06)	(-9.039879e-02 0.000000e+00 2.563041e-06)
1.406000e+04	lowerWall	(-9.187746e-02 0.000000e+00 -1.808911e-06)	(-9.039654e-02 0.000000e+00 2.556225e-06)
1.407000e+04	lowerWall	(-9.186949e-02 0.000000e+00 -1.803818e-06)	(-9.039119e-02 0.000000e+00 2.551435e-06)
1.408000e+04	lowerWall	(-9.186163e-02 0.000000e+00 -1.805999e-06)	(-9.038230e-02 0.000000e+00 2.550134e-06)
1.409000e+04	lowerWall	(-9.185358e-02 0.000000e+00 -1.805636e-06)	(-9.037511e-02 0.000000e+00 2.549140e-06)
1.410000e+04	lowerWall	(-9.184539e-02 0.000000e+00 -1.804038e-06)	(-9.036813e-02 0.000000e+00 2.547365e-06)
1.411000e+04	lowerWall	(-9.183648e-02 0.000000e+00 -1.806662e-06)	(-9.035888e-02 0.000000e+00 2.548994e-06)
1.412000e+04	lowerWall	(-9.182867e-02 0.000000e+00 -1.802336e-06)	(-9.035303e-02 0.000000e+00 2.544482e-06)
1.413000e+04	lowerWall	(-9.182090e-02 0.000000e+00 -1.800008e-06)	(-9.034685e-02 0.000000e+00 2.541812e-06)
1.414000e+04	lowerWall	(-9.181248e-02 0.000000e+00 -1.793875e-06)	(-9.034224e-02 0.000000e+00 2.537194e-06)
1.415000e+04	lowerWall	(-9.180498e-02 0.000000e+00 -1.790759e-06)	(-9.033600e-02 0.000000e+00 2.533502e-06)
1.416000e+04	lowerWall	(-9.179697e-02 0.000000e+00 -1.784295e-06)	(-9.033268e-02 0.000000e+00 2.530294e-06)
1.417000e+04	lowerWall	(-9.178896e-02 0.000000e+00 -1.781236e-06)	(-9.032664e-02 0.000000e+00 2.527299e-06)
1.418000e+04	lowerWall	(-9.178112e-02 0.000000e+00 -1.782713e-06)	(-9.031737e-02 0.000000e+00 2.525334e-06)
1.419000e+04	lowerWall	(-9.177310e-02 0.000000e+00 -1.776637e-06)	(-9.031400e-02 0.000000e+00 2.522381e-06)
1.420000e+04	lowerWall	(-9.176531e-02 0.000000e+00 -1.770754e-06)	(-9.030897e-02 0.000000e+00 2.516965e-06)
1.421000e+04	lowerWall	(-9.175744e-02 0.000000e+00 -1.777120e-06)	(-9.029800e-02 0.000000e+00 2.519163e-06)
1.422000e+04	lowerWall	(-9.174928e-02 0.000000e+00 -1.773099e-06)	(-9.029191e-02 0.000000e+00 2.515259e-06)
1.423000e+04	lowerWall	(-9.174128e-02 0.000000e+00 -1.773882e-06)	(-9.028404e-02 0.000000e+00 2.515349e-06)
1.424000e+04	lowerWall	(-9.173343e-02 0.000000e+00 -1.760402e-06)	(-9.028383e-02 0.000000e+00 2.506345e-06)
1.425000e+04	lowerWall	(-9.172567e-02 0.000000e+00 -1.760018e-06)	(-9.027715e-02 0.000000e+00 2.505490e-06)
1.426000e+04	lowerWall	(-9.171739e-02 0.000000e+00 -1.762835e-06)	(-9.026715e-02 0.000000e+00 2.505094e-06)
1.427000e+04	lowerWall	(-9.170993e-02 0.000000e+00 -1.755255e-06)	(-9.026467e-02 0.000000e+00 2.500460e-06)
1.428000e+04	lowerWall	(-9.170216e-02 0.000000e+00 -1.755272e-06)	(-9.025584e-02 0.000000e+00 2.497414e-06)
1.429000e+04	lowerWall	(-9.169437e-02 0.000000e+00 -1.755137e-06)	(-9.024865e-02 0.000000e+00 2.496628e-06)
1.430000e+04	lowerWall	(-9.168662e-02 0.000000e+00 -1.751848e-06)	(-9.024290e-02 0.000000e+00 2.493417e-06)
1.431000e+04	lowerWall	(-9.167866e-02 0.000000e+00 -1.746103e-06)	(-9.023991e-02 0.000000e+00 2.490799e-06)
1.432000e+04	lowerWall	(-9.167092e-02 0.000000e+00 -1.746103e-06)	(-9.023078e-02 0.000000e+00 2.487633e-06)
1.433000e+04	lowerWall	(-9.166306e-02 0.000000e+00 -1.740402e-06)	(-9.022760e-02 0.000000e+00 2.484893e-06)
1.434000e+04	lowerWall	(-9.165520e-02 0.000000e+00 -1.745950e-06)	(-9.021618e-02 0.000000e+00 2.486265e-06)
1.435000e+04	lowerWall	(-9.164710e-02 0.000000e+00 -1.737062e-06)	(-9.021372e-02 0.000000e+00 2.480788e-06)
1.436000e+04	lowerWall	(-9.163949e-02 0.000000e+00 -1.733638e-06)	(-9.020849e-02 0.000000e+00 2.477607e-06)
1.437000e+04	lowerWall	(-9.163183e-02 0.000000e+00 -1.741175e-06)	(-9.019642e-02 0.000000e+00 2.480526e-06)
1.438000e+04	lowerWall	(-9.162408e-02 0.000000e+00 -1.732556e-06)	(-9.019472e-02 0.000000e+00 2.475385e-06)
1.439000e+04	lowerWall	(-9.161657e-02 0.000000e+00 -1.733084e-06)	(-9.018575e-02 0.000000e+00 2.472680e-06)
1.440000e+04	lowerWall	(-9.160872e-02 0.000000e+00 -1.732387e-06)	(-9.017861e-02 0.000000e+00 2.471378e-06)
1.441000e+04	lowerWall	(-9.160083e-02 0.000000e+00 -1.722993e-06)	(-9.017679e-02 0.000000e+00 2.465680e-06)
1.442000e+04	lowerWall	(-9.159310e-02 0.000000e+00 -1.728510e-06)	(-9.016566e-02 0.000000e+00 2.467009e-06)
1.443000e+04	lowerWall	(-9.158556e-02 0.000000e+00 -1.719156e-06)	(-9.016457e-02 0.000000e+00 2.461467e-06)
1.444000e+04	lowerWall	(-9.157769e-02 0.000000e+00 -1.720245e-06)	(-9.015674e-02 0.000000e+00 2.461612e-06)
1.445000e+04	lowerWall	(-9.157021e-02 0.000000e+00 -1.724323e-06)	(-9.014620e-02 0.000000e+00 2.461697e-06)
1.446000e+04	lowerWall	(-9.156260e-02 0.000000e+00 -1.714273e-06)	(-9.014520e-02 0.000000e+00 2.455533e-06)
1.447000e+04	lowerWall	(-9.155496e-02 0.000000e+00 -1.712754e-06)	(-9.013852e-02 0.000000e+00 2.453566e-06)
1.448000e+04	lowerWall	(-9.154744e-02 0.000000e+00 -1.717140e-06)	(-9.012821e-02 0.000000e+00 2.454120e-06)
1.449000e+04	lowerWall	(-9.153965e-02 0.000000e+00 -1.717629e-06)	(-9.012063e-02 0.000000e+00 2.453827e-06)
1.450000e+04	lowerWall	(-9.153171e-02 0.000000e+00 -1.710001e-06)	(-9.011814e-02 0.000000e+00 2.449482e-06)
1.451000e+04	lowerWall	(-9.152439e-02 0.000000e+00 -1.707045e-06)	(-9.011282e-02 0.000000e+00 2.446636e-06)
1.452000e+04	lowerWall	(-9.151611e-02 0.000000e+00 -1.710211e-06)	(-9.010246e-02 0.000000e+00 2.446399e-06)
1.453000e+04	lowerWall	(-9.150921e-02 0.000000e+00 -1.707304e-06)	(-9.009659e-02 0.000000e+00 2.442853e-06)
1.454000e+04	lowerWall	(-9.150155e-02 0.000000e+00 -1.702732e-06)	(-9.009320e-02 0.000000e+00 2.441161e-06)
1.455000e+04	lowerWall	(-9.149414e-02 0.000000e+00 -1.701242e-06)	(-9.008521e-02 0.000000e+00 2.436903e-06)
1.456000e+04	lowerWall	(-9.148642e-02 0.000000e+00 -1.694641e-06)	(-9.008244e-02 0.000000e+00 2.433480e-06)
1.457000e+04	lowerWall	(-9.147875e-02 0.000000e+00 -1.700973e-06)	(-9.007097e-02 0.000000e+00 2.435548e-06)
1.458000e+04	lowerWall	(-9.147161e-02 0.000000e+00 -1.695769e-06)	(-9.006661e-02 0.000000e+00 2.430661e-06)
1.459000e+04	lowerWall	(-9.146402e-02 0.000000e+00 -1.690105e-06)	(-9.006397e-02 0.000000e+00 2.428063e-06)
1.460000e+04	lowerWall	(-9.145654e-02 0.000000e+00 -1.693784e-06)	(-9.005340e-02 0.000000e+00 2.427716e-06)
1.461000e+04	lowerWall	(-9.144901e-02 0.000000e+00 -1.687289e-06)	(-9.005115e-02 0.000000e+00 2.424473e-06)
1.462000e+04	lowerWall	(-9.144176e-02 0.000000e+00 -1.687695e-06)	(-9.004237e-02 0.000000e+00 2.421671e-06)
1.463000e+04	lowerWall	(-9.143423e-02 0.000000e+00 -1.689020e-06)	(-9.003472e-02 0.000000e+00 2.422021e-06)
1.464000e+04	lowerWall	(-9.142651e-02 0.000000e+00 -1.679671e-06)	(-9.003318e-02 0.000000e+00 2.416360e-06)
1.465000e+04	lowerWall	(-9.141930e-02 0.000000e+00 -1.685399e-06)	(-9.002241e-02 0.000000e+00 2.418000e-06)
1.466000e+04	lowerWall	(-9.141212e-02 0.000000e+00 -1.669946e-06)	(-9.002408e-02 0.000000e+00 2.407466e-06)
1.467000e+04	lowerWall	(-9.140492e-02 0.000000e+00 -1.662967e-06)	(-9.002127e-02 0.000000e+00 2.401731e-06)
1.468000e+04	lowerWall	(-9.139766e-02 0.000000e+00 -1.657800e-06)	(-9.001723e-02 0.000000e+00 2.397281e-06)
1.469000e+04	lowerWall	(-9.139037e-02 0.000000e+00 -1.653368e-06)	(-9.001259e-02 0.000000e+00 2.393329e-06)
1.470000e+04	lowerWall	(-9.138308e-02 0.000000e+00 -1.649363e-06)	(-9.000772e-02 0.000000e+00 2.389663e-06)
1.471000e+04	lowerWall	(-9.137579e-02 0.000000e+00 -1.645648e-06)	(-9.000269e-02 0.000000e+00 2.386187e-06)
1.472000e+04	lowerWall	(-9.136849e-02 0.000000e+00 -1.642145e-06)	(-8.999755e-02 0.000000e+00 2.382851e-06)
1.473000e+04	lowerWall	(-9.136121e-02 0.000000e+00 -1.638806e-06)	(-8.999233e-02 0.000000e+00 2.379622e-06)
1.474000e+04	lowerWall	(-9.135392e-02 0.000000e+00 -1.635598e-06)	(-8.998705e-02 0.000000e+00 2.376479e-06)
1.475000e+04	lowerWall	(-9.134664e-02 0.000000e+00 -1.632498e-06)	(-8.998171e-02 0.000000e+00 2.373407e-06)
1.476000e+04	lowerWall	(-9.133937e-02 0.000000e+00 -1.629488e-06)	(-8.997633e-02 0.000000e+00 2.370395e-06)
1.477000e+04	lowerWall	(-9.133210e-02 0.000000e+00 -1.626556e-06)	(-8.997092e-02 0.000000e+00 2.367434e-06)
1.478000e+04	lowerWall	(-9.132485e-02 0.000000e+00 -1.623691e-06)	(-8.996548e-02 0.000000e+00 2.364528e-06)
1.479000e+04	lowerWall	(-9.131760e-02 0.000000e+00 -1.620884e-06)	(-8.996001e-02 0.000000e+00 2.361701e-06)
1.480000e+04	lowerWall	(-9.131036e-02 0.000000e+00 -1.618129e-06)	(-8.995452e-02 0.000000e+00 2.358910e-06)
1.481000e+04	lowerWall	(-9.130314e-02 0.000000e+00 -1.615432e-06)	(-8.994902e-02 0.000000e+00 2.356151e-06)
1.482000e+04	lowerWall	(-9.129592e-02 0.000000e+00 -1.612785e-06)	(-8.994351e-02 0.000000e+00 2.353420e-06)
1.483000e+04	lowerWall	(-9.128871e-02 0.000000e+00 -1.610175e-06)	(-8.993798e-02 0.000000e+00 2.350717e-06)
1.484000e+04	lowerWall	(-9.128151e-02 0.000000e+00 -1.607599e-06)	(-8.993245e-02 0.000000e+00 2.348039e-06)
1.485000e+04	lowerWall	(-9.127432e-02 0.000000e+00 -1.605054e-06)	(-8.992691e-02 0.000000e+00 2.345383e-06)
1.486000e+04	lowerWall	(-9.126713e-02 0.000000e+00 -1.602537e-06)	(-8.992136e-02 0.000000e+00 2.342750e-06)
1.487000e+04	lowerWall	(-9.125996e-02 0.000000e+00 -1.600047e-06)	(-8.991582e-02 0.000000e+00 2.340136e-06)
1.488000e+04	lowerWall	(-9.125280e-02 0.000000e+00 -1.597580e-06)	(-8.991026e-02 0.000000e+00 2.337542e-06)
1.489000e+04	lowerWall	(-9.124565e-02 0.000000e+00 -1.595137e-06)	(-8.990471e-02 0.000000e+00 2.334966e-06)
1.490000e+04	lowerWall	(-9.123851e-02 0.000000e+00 -1.592714e-06)	(-8.989915e-02 0.000000e+00 2.332406e-06)
1.491000e+04	lowerWall	(-9.123137e-02 0.000000e+00 -1.590311e-06)	(-8.989360e-02 0.000000e+00 2.329863e-06)
1.492000e+04	lowerWall	(-9.122425e-02 0.000000e+00 -1.587926e-06)	(-8.988804e-02 0.000000e+00 2.327336e-06)
1.493000e+04	lowerWall	(-9.121714e-02 0.000000e+00 -1.585558e-06)	(-8.988249e-02 0.000000e+00 2.324822e-06)
1.494000e+04	lowerWall	(-9.121004e-02 0.000000e+00 -1.583207e-06)	(-8.987694e-02 0.000000e+00 2.322323e-06)
1.495000e+04	lowerWall	(-9.120295e-02 0.000000e+00 -1.580871e-06)	(-8.987139e-02 0.000000e+00 2.319837e-06)
1.496000e+04	lowerWall	(-9.119587e-02 0.000000e+00 -1.578549e-06)	(-8.986584e-02 0.000000e+00 2.317364e-06)
1.497000e+04	lowerWall	(-9.118880e-02 0.000000e+00 -1.576242e-06)	(-8.986029e-02 0.000000e+00 2.314903e-06)
1.498000e+04	lowerWall	(-9.118174e-02 0.000000e+00 -1.573948e-06)	(-8.985475e-02 0.000000e+00 2.312453e-06)
1.499000e+04	lowerWall	(-9.117469e-02 0.000000e+00 -1.571666e-06)	(-8.984921e-02 0.000000e+00 2.310014e-06)
1.500000e+04	lowerWall	(-9.116765e-02 0.000000e+00 -1.569397e-06)	(-8.984367e-02 0.000000e+00 2.307586e-06)
1.501000e+04	lowerWall	(-9.116062e-02 0.000000e+00 -1.567139e-06)	(-8.983814e-02 0.000000e+00 2.305168e-06)
1.502000e+04	lowerWall	(-9.115359e-02 0.000000e+00 -1.564892e-06)	(-8.983261e-02 0.000000e+00 2.302760e-06)
1.503000e+04	lowerWall	(-9.114658e-02 0.000000e+00 -1.562656e-06)	(-8.982709e-02 0.000000e+00 2.300361e-06)
1.504000e+04	lowerWall	(-9.113958e-02 0.000000e+00 -1.560430e-06)	(-8.982157e-02 0.000000e+00 2.297971e-06)
1.505000e+04	lowerWall	(-9.113259e-02 0.000000e+00 -1.558214e-06)	(-8.981605e-02 0.000000e+00 2.295590e-06)
1.506000e+04	lowerWall	(-9.112561e-02 0.000000e+00 -1.556008e-06)	(-8.981054e-02 0.000000e+00 2.293217e-06)
1.507000e+04	lowerWall	(-9.111864e-02 0.000000e+00 -1.553811e-06)	(-8.980504e-02 0.000000e+00 2.290851e-06)
1.508000e+04	lowerWall	(-9.111168e-02 0.000000e+00 -1.551624e-06)	(-8.979954e-02 0.000000e+00 2.288494e-06)
1.509000e+04	lowerWall	(-9.110473e-02 0.000000e+00 -1.549445e-06)	(-8.979404e-02 0.000000e+00 2.286144e-06)
1.510000e+04	lowerWall	(-9.109779e-02 0.000000e+00 -1.547276e-06)	(-8.978855e-02 0.000000e+00 2.283801e-06)
1.511000e+04	lowerWall	(-9.109086e-02 0.000000e+00 -1.545118e-06)	(-8.978307e-02 0.000000e+00 2.281465e-06)
1.512000e+04	lowerWall	(-9.108394e-02 0.000000e+00 -1.542970e-06)	(-8.977759e-02 0.000000e+00 2.279135e-06)
1.513000e+04	lowerWall	(-9.107704e-02 0.000000e+00 -1.540833e-06)	(-8.977211e-02 0.000000e+00 2.276812e-06)
1.514000e+04	lowerWall	(-9.107014e-02 0.000000e+00 -1.538705e-06)	(-8.976664e-02 0.000000e+00 2.274494e-06)
1.515000e+04	lowerWall	(-9.106325e-02 0.000000e+00 -1.536586e-06)	(-8.976118e-02 0.000000e+00 2.272191e-06)
1.516000e+04	lowerWall	(-9.105637e-02 0.000000e+00 -1.534476e-06)	(-8.975572e-02 0.000000e+00 2.269931e-06)
1.517000e+04	lowerWall	(-9.104950e-02 0.000000e+00 -1.532375e-06)	(-8.975027e-02 0.000000e+00 2.267677e-06)
1.518000e+04	lowerWall	(-9.104264e-02 0.000000e+00 -1.530283e-06)	(-8.974482e-02 0.000000e+00 2.265429e-06)
1.519000e+04	lowerWall	(-9.103579e-02 0.000000e+00 -1.528199e-06)	(-8.973938e-02 0.000000e+00 2.263185e-06)
1.520000e+04	lowerWall	(-9.102894e-02 0.000000e+00 -1.526124e-06)	(-8.973394e-02 0.000000e+00 2.260946e-06)
1.521000e+04	lowerWall	(-9.102211e-02 0.000000e+00 -1.524056e-06)	(-8.972852e-02 0.000000e+00 2.258712e-06)
1.522000e+04	lowerWall	(-9.101529e-02 0.000000e+00 -1.521997e-06)	(-8.972309e-02 0.000000e+00 2.256481e-06)
1.523000e+04	lowerWall	(-9.100848e-02 0.000000e+00 -1.519945e-06)	(-8.971768e-02 0.000000e+00 2.254255e-06)
1.524000e+04	lowerWall	(-9.100168e-02 0.000000e+00 -1.517900e-06)	(-8.971227e-02 0.000000e+00 2.252033e-06)
1.525000e+04	lowerWall	(-9.099488e-02 0.000000e+00 -1.515863e-06)	(-8.970686e-02 0.000000e+00 2.249815e-06)
1.526000e+04	lowerWall	(-9.098810e-02 0.000000e+00 -1.513832e-06)	(-8.970146e-02 0.000000e+00 2.247600e-06)
1.527000e+04	lowerWall	(-9.098133e-02 0.000000e+00 -1.511802e-06)	(-8.969607e-02 0.000000e+00 2.245388e-06)
1.528000e+04	lowerWall	(-9.097457e-02 0.000000e+00 -1.509776e-06)	(-8.969069e-02 0.000000e+00 2.243179e-06)
1.529000e+04	lowerWall	(-9.096782e-02 0.000000e+00 -1.507754e-06)	(-8.968531e-02 0.000000e+00 2.240973e-06)
1.530000e+04	lowerWall	(-9.096107e-02 0.000000e+00 -1.505738e-06)	(-8.967994e-02 0.000000e+00 2.238769e-06)
1.531000e+04	lowerWall	(-9.095434e-02 0.000000e+00 -1.503727e-06)	(-8.967457e-02 0.000000e+00 2.236568e-06)
1.532000e+04	lowerWall	(-9.094762e-02 0.000000e+00 -1.501721e-06)	(-8.966921e-02 0.000000e+00 2.234369e-06)
1.533000e+04	lowerWall	(-9.094090e-02 0.000000e+00 -1.499721e-06)	(-8.966386e-02 0.000000e+00 2.232172e-06)
1.534000e+04	lowerWall	(-9.093420e-02 0.000000e+00 -1.497729e-06)	(-8.965851e-02 0.000000e+00 2.229976e-06)
1.535000e+04	lowerWall	(-9.092751e-02 0.000000e+00 -1.495743e-06)	(-8.965317e-02 0.000000e+00 2.227781e-06)
1.536000e+04	lowerWall	(-9.092082e-02 0.000000e+00 -1.493762e-06)	(-8.964784e-02 0.000000e+00 2.225588e-06)
1.537000e+04	lowerWall	(-9.091415e-02 0.000000e+00 -1.491786e-06)	(-8.964251e-02 0.000000e+00 2.223395e-06)
1.538000e+04	lowerWall	(-9.090748e-02 0.000000e+00 -1.489814e-06)	(-8.963719e-02 0.000000e+00 2.221203e-06)
1.539000e+04	lowerWall	(-9.090083e-02 0.000000e+00 -1.487846e-06)	(-8.963188e-02 0.000000e+00 2.219011e-06)
1.540000e+04	lowerWall	(-9.089419e-02 0.000000e+00 -1.485882e-06)	(-8.962657e-02 0.000000e+00 2.216820e-06)
1.541000e+04	lowerWall	(-9.088755e-02 0.000000e+00 -1.483922e-06)	(-8.962127e-02 0.000000e+00 2.214628e-06)
1.542000e+04	lowerWall	(-9.088093e-02 0.000000e+00 -1.481968e-06)	(-8.961597e-02 0.000000e+00 2.212435e-06)
1.543000e+04	lowerWall	(-9.087432e-02 0.000000e+00 -1.480015e-06)	(-8.961068e-02 0.000000e+00 2.210242e-06)
1.544000e+04	lowerWall	(-9.086772e-02 0.000000e+00 -1.478059e-06)	(-8.960540e-02 0.000000e+00 2.208049e-06)
1.545000e+04	lowerWall	(-9.086112e-02 0.000000e+00 -1.476101e-06)	(-8.960013e-02 0.000000e+00 2.205855e-06)
1.546000e+04	lowerWall	(-9.085454e-02 0.000000e+00 -1.474141e-06)	(-8.959486e-02 0.000000e+00 2.203661e-06)
1.547000e+04	lowerWall	(-9.084797e-02 0.000000e+00 -1.472181e-06)	(-8.958960e-02 0.000000e+00 2.201466e-06)
1.548000e+04	lowerWall	(-9.084140e-02 0.000000e+00 -1.470222e-06)	(-8.958435e-02 0.000000e+00 2.199271e-06)
1.549000e+04	lowerWall	(-9.083485e-02 0.000000e+00 -1.468263e-06)	(-8.957910e-02 0.000000e+00 2.197087e-06)
1.550000e+04	lowerWall	(-9.082830e-02 0.000000e+00 -1.466307e-06)	(-8.957387e-02 0.000000e+00 2.194942e-06)
1.551000e+04	lowerWall	(-9.082177e-02 0.000000e+00 -1.464352e-06)	(-8.956864e-02 0.000000e+00 2.192795e-06)
1.552000e+04	lowerWall	(-9.081524e-02 0.000000e+00 -1.462401e-06)	(-8.956341e-02 0.000000e+00 2.190649e-06)
1.553000e+04	lowerWall	(-9.080872e-02 0.000000e+00 -1.460452e-06)	(-8.955820e-02 0.000000e+00 2.188503e-06)
1.554000e+04	lowerWall	(-9.080221e-02 0.000000e+00 -1.458507e-06)	(-8.955299e-02 0.000000e+00 2.186357e-06)
1.555000e+04	lowerWall	(-9.079572e-02 0.000000e+00 -1.456566e-06)	(-8.954778e-02 0.000000e+00 2.184211e-06)
1.556000e+04	lowerWall	(-9.078923e-02 0.000000e+00 -1.454629e-06)	(-8.954259e-02 0.000000e+00 2.182066e-06)
1.557000e+04	lowerWall	(-9.078275e-02 0.000000e+00 -1.452695e-06)	(-8.953740e-02 0.000000e+00 2.179922e-06)
1.558000e+04	lowerWall	(-9.077628e-02 0.000000e+00 -1.450767e-06)	(-8.953221e-02 0.000000e+00 2.177780e-06)
1.559000e+04	lowerWall	(-9.076982e-02 0.000000e+00 -1.448842e-06)	(-8.952704e-02 0.000000e+00 2.175640e-06)
1.560000e+04	lowerWall	(-9.076337e-02 0.000000e+00 -1.446922e-06)	(-8.952187e-02 0.000000e+00 2.173502e-06)
1.561000e+04	lowerWall	(-9.075693e-02 0.000000e+00 -1.445007e-06)	(-8.951671e-02 0.000000e+00 2.171366e-06)
1.562000e+04	lowerWall	(-9.075050e-02 0.000000e+00 -1.443096e-06)	(-8.951155e-02 0.000000e+00 2.169234e-06)
1.563000e+04	lowerWall	(-9.074408e-02 0.000000e+00 -1.441190e-06)	(-8.950640e-02 0.000000e+00 2.167105e-06)
1.564000e+04	lowerWall	(-9.073766e-02 0.000000e+00 -1.439289e-06)	(-8.950126e-02 0.000000e+00 2.164979e-06)
1.565000e+04	lowerWall	(-9.073126e-02 0.000000e+00 -1.437392e-06)	(-8.949613e-02 0.000000e+00 2.162858e-06)
1.566000e+04	lowerWall	(-9.072487e-02 0.000000e+00 -1.435499e-06)	(-8.949100e-02 0.000000e+00 2.160740e-06)
1.567000e+04	lowerWall	(-9.071848e-02 0.000000e+00 -1.433611e-06)	(-8.948588e-02 0.000000e+00 2.158627e-06)
1.568000e+04	lowerWall	(-9.071210e-02 0.000000e+00 -1.431728e-06)	(-8.948077e-02 0.000000e+00 2.156519e-06)
1.569000e+04	lowerWall	(-9.070574e-02 0.000000e+00 -1.429850e-06)	(-8.947566e-02 0.000000e+00 2.154416e-06)
1.570000e+04	lowerWall	(-9.069938e-02 0.000000e+00 -1.427976e-06)	(-8.947056e-02 0.000000e+00 2.152317e-06)
1.571000e+04	lowerWall	(-9.069303e-02 0.000000e+00 -1.426107e-06)	(-8.946547e-02 0.000000e+00 2.150224e-06)
1.572000e+04	lowerWall	(-9.068669e-02 0.000000e+00 -1.424243e-06)	(-8.946039e-02 0.000000e+00 2.148135e-06)
1.573000e+04	lowerWall	(-9.068036e-02 0.000000e+00 -1.422383e-06)	(-8.945531e-02 0.000000e+00 2.146052e-06)
1.574000e+04	lowerWall	(-9.067404e-02 0.000000e+00 -1.420528e-06)	(-8.945024e-02 0.000000e+00 2.143973e-06)
1.575000e+04	lowerWall	(-9.066773e-02 0.000000e+00 -1.418677e-06)	(-8.944517e-02 0.000000e+00 2.141900e-06)
1.576000e+04	lowerWall	(-9.066142e-02 0.000000e+00 -1.416847e-06)	(-8.944011e-02 0.000000e+00 2.139832e-06)
1.577000e+04	lowerWall	(-9.065513e-02 0.000000e+00 -1.415024e-06)	(-8.943506e-02 0.000000e+00 2.137768e-06)
1.578000e+04	lowerWall	(-9.064885e-02 0.000000e+00 -1.413205e-06)	(-8.943002e-02 0.000000e+00 2.135710e-06)
1.579000e+04	lowerWall	(-9.064257e-02 0.000000e+00 -1.411391e-06)	(-8.942498e-02 0.000000e+00 2.133656e-06)
1.580000e+04	lowerWall	(-9.063631e-02 0.000000e+00 -1.409580e-06)	(-8.941995e-02 0.000000e+00 2.131607e-06)
1.581000e+04	lowerWall	(-9.063005e-02 0.000000e+00 -1.407774e-06)	(-8.941493e-02 0.000000e+00 2.129563e-06)
1.582000e+04	lowerWall	(-9.062380e-02 0.000000e+00 -1.405972e-06)	(-8.940991e-02 0.000000e+00 2.127523e-06)
1.583000e+04	lowerWall	(-9.061756e-02 0.000000e+00 -1.404173e-06)	(-8.940490e-02 0.000000e+00 2.125487e-06)
1.584000e+04	lowerWall	(-9.061133e-02 0.000000e+00 -1.402379e-06)	(-8.939989e-02 0.000000e+00 2.123456e-06)
1.585000e+04	lowerWall	(-9.060510e-02 0.000000e+00 -1.400588e-06)	(-8.939490e-02 0.000000e+00 2.121429e-06)
1.586000e+04	lowerWall	(-9.059889e-02 0.000000e+00 -1.398802e-06)	(-8.938991e-02 0.000000e+00 2.119439e-06)
1.587000e+04	lowerWall	(-9.059269e-02 0.000000e+00 -1.397019e-06)	(-8.938493e-02 0.000000e+00 2.117462e-06)
1.588000e+04	lowerWall	(-9.058649e-02 0.000000e+00 -1.395240e-06)	(-8.937995e-02 0.000000e+00 2.115489e-06)
1.589000e+04	lowerWall	(-9.058030e-02 0.000000e+00 -1.393464e-06)	(-8.937498e-02 0.000000e+00 2.113520e-06)
1.590000e+04	lowerWall	(-9.057413e-02 0.000000e+00 -1.391692e-06)	(-8.937002e-02 0.000000e+00 2.111554e-06)
1.591000e+04	lowerWall	(-9.056796e-02 0.000000e+00 -1.389924e-06)	(-8.936506e-02 0.000000e+00 2.109592e-06)
1.592000e+04	lowerWall	(-9.056180e-02 0.000000e+00 -1.388160e-06)	(-8.936011e-02 0.000000e+00 2.107633e-06)
1.593000e+04	lowerWall	(-9.055565e-02 0.000000e+00 -1.386399e-06)	(-8.935517e-02 0.000000e+00 2.105678e-06)
1.594000e+04	lowerWall	(-9.054951e-02 0.000000e+00 -1.384641e-06)	(-8.935023e-02 0.000000e+00 2.103726e-06)
1.595000e+04	lowerWall	(-9.054337e-02 0.000000e+00 -1.382887e-06)	(-8.934530e-02 0.000000e+00 2.101777e-06)
1.596000e+04	lowerWall	(-9.053725e-02 0.000000e+00 -1.381137e-06)	(-8.934038e-02 0.000000e+00 2.099831e-06)
1.597000e+04	lowerWall	(-9.053113e-02 0.000000e+00 -1.379389e-06)	(-8.933547e-02 0.000000e+00 2.097888e-06)
1.598000e+04	lowerWall	(-9.052502e-02 0.000000e+00 -1.377645e-06)	(-8.933055e-02 0.000000e+00 2.095948e-06)
1.599000e+04	lowerWall	(-9.051893e-02 0.000000e+00 -1.375905e-06)	(-8.932565e-02 0.000000e+00 2.094011e-06)
1.600000e+04	lowerWall	(-9.051283e-02 0.000000e+00 -1.374168e-06)	(-8.932075e-02 0.000000e+00 2.092076e-06)
1.601000e+04	lowerWall	(-9.050675e-02 0.000000e+00 -1.372434e-06)	(-8.931586e-02 0.000000e+00 2.090144e-06)
1.602000e+04	lowerWall	(-9.050068e-02 0.000000e+00 -1.370703e-06)	(-8.931098e-02 0.000000e+00 2.088214e-06)
1.603000e+04	lowerWall	(-9.049461e-02 0.000000e+00 -1.368977e-06)	(-8.930610e-02 0.000000e+00 2.086287e-06)
1.604000e+04	lowerWall	(-9.048856e-02 0.000000e+00 -1.367257e-06)	(-8.930123e-02 0.000000e+00 2.084362e-06)
1.605000e+04	lowerWall	(-9.048251e-02 0.000000e+00 -1.365543e-06)	(-8.929637e-02 0.000000e+00 2.082439e-06)
1.606000e+04	lowerWall	(-9.047647e-02 0.000000e+00 -1.363833e-06)	(-8.929151e-02 0.000000e+00 2.080518e-06)
1.607000e+04	lowerWall	(-9.047044e-02 0.000000e+00 -1.362128e-06)	(-8.928666e-02 0.000000e+00 2.078598e-06)
1.608000e+04	lowerWall	(-9.046442e-02 0.000000e+00 -1.360428e-06)	(-8.928182e-02 0.000000e+00 2.076681e-06)
1.609000e+04	lowerWall	(-9.045840e-02 0.000000e+00 -1.358732e-06)	(-8.927698e-02 0.000000e+00 2.074766e-06)
1.610000e+04	lowerWall	(-9.045240e-02 0.000000e+00 -1.357040e-06)	(-8.927215e-02 0.000000e+00 2.072852e-06)
1.611000e+04	lowerWall	(-9.044640e-02 0.000000e+00 -1.355353e-06)	(-8.926733e-02 0.000000e+00 2.070939e-06)
1.612000e+04	lowerWall	(-9.044041e-02 0.000000e+00 -1.353670e-06)	(-8.926251e-02 0.000000e+00 2.069028e-06)
1.613000e+04	lowerWall	(-9.043443e-02 0.000000e+00 -1.351992e-06)	(-8.925770e-02 0.000000e+00 2.067118e-06)
1.614000e+04	lowerWall	(-9.042846e-02 0.000000e+00 -1.350318e-06)	(-8.925290e-02 0.000000e+00 2.065210e-06)
1.615000e+04	lowerWall	(-9.042250e-02 0.000000e+00 -1.348648e-06)	(-8.924810e-02 0.000000e+00 2.063302e-06)
1.616000e+04	lowerWall	(-9.041654e-02 0.000000e+00 -1.346982e-06)	(-8.924331e-02 0.000000e+00 2.061396e-06)
1.617000e+04	lowerWall	(-9.041060e-02 0.000000e+00 -1.345319e-06)	(-8.923853e-02 0.000000e+00 2.059490e-06)
1.618000e+04	lowerWall	(-9.040466e-02 0.000000e+00 -1.343661e-06)	(-8.923375e-02 0.000000e+00 2.057585e-06)
1.619000e+04	lowerWall	(-9.039873e-02 0.000000e+00 -1.342006e-06)	(-8.922898e-02 0.000000e+00 2.055680e-06)
1.620000e+04	lowerWall	(-9.039281e-02 0.000000e+00 -1.340350e-06)	(-8.922422e-02 0.000000e+00 2.053776e-06)
1.621000e+04	lowerWall	(-9.038690e-02 0.000000e+00 -1.338694e-06)	(-8.921946e-02 0.000000e+00 2.051872e-06)
1.622000e+04	lowerWall	(-9.038099e-02 0.000000e+00 -1.337039e-06)	(-8.921471e-02 0.000000e+00 2.050008e-06)
1.623000e+04	lowerWall	(-9.037510e-02 0.000000e+00 -1.335387e-06)	(-8.920997e-02 0.000000e+00 2.048149e-06)
1.624000e+04	lowerWall	(-9.036922e-02 0.000000e+00 -1.333737e-06)	(-8.920523e-02 0.000000e+00 2.046291e-06)
1.625000e+04	lowerWall	(-9.036334e-02 0.000000e+00 -1.332089e-06)	(-8.920050e-02 0.000000e+00 2.044431e-06)
1.626000e+04	lowerWall	(-9.035715e-02 0.000000e+00 -1.337616e-06)	(-8.919076e-02 0.000000e+00 2.045745e-06)
1.627000e+04	lowerWall	(-9.035089e-02 0.000000e+00 -1.341264e-06)	(-8.918318e-02 0.000000e+00 2.047413e-06)
1.628000e+04	lowerWall	(-9.034485e-02 0.000000e+00 -1.343020e-06)	(-8.917669e-02 0.000000e+00 2.047832e-06)
1.629000e+04	lowerWall	(-9.033921e-02 0.000000e+00 -1.336298e-06)	(-8.917593e-02 0.000000e+00 2.044199e-06)
1.630000e+04	lowerWall	(-9.033339e-02 0.000000e+00 -1.335452e-06)	(-8.917082e-02 0.000000e+00 2.042873e-06)
1.631000e+04	lowerWall	(-9.032745e-02 0.000000e+00 -1.341455e-06)	(-8.916108e-02 0.000000e+00 2.044375e-06)
1.632000e+04	lowerWall	(-9.032159e-02 0.000000e+00 -1.341550e-06)	(-8.915555e-02 0.000000e+00 2.043806e-06)
1.633000e+04	lowerWall	(-9.031577e-02 0.000000e+00 -1.335040e-06)	(-8.915446e-02 0.000000e+00 2.040335e-06)
1.634000e+04	lowerWall	(-9.030990e-02 0.000000e+00 -1.340058e-06)	(-8.914521e-02 0.000000e+00 2.041152e-06)
1.635000e+04	lowerWall	(-9.030398e-02 0.000000e+00 -1.339067e-06)	(-8.914002e-02 0.000000e+00 2.039675e-06)
1.636000e+04	lowerWall	(-9.029831e-02 0.000000e+00 -1.336533e-06)	(-8.913581e-02 0.000000e+00 2.037127e-06)
1.637000e+04	lowerWall	(-9.029241e-02 0.000000e+00 -1.335981e-06)	(-8.913056e-02 0.000000e+00 2.036030e-06)
1.638000e+04	lowerWall	(-9.028657e-02 0.000000e+00 -1.329529e-06)	(-8.912938e-02 0.000000e+00 2.032739e-06)
1.639000e+04	lowerWall	(-9.028078e-02 0.000000e+00 -1.330388e-06)	(-8.912365e-02 0.000000e+00 2.032863e-06)
1.640000e+04	lowerWall	(-9.027493e-02 0.000000e+00 -1.329505e-06)	(-8.911850e-02 0.000000e+00 2.031484e-06)
1.641000e+04	lowerWall	(-9.026911e-02 0.000000e+00 -1.328942e-06)	(-8.911330e-02 0.000000e+00 2.030411e-06)
1.642000e+04	lowerWall	(-9.026325e-02 0.000000e+00 -1.327701e-06)	(-8.910832e-02 0.000000e+00 2.028816e-06)
1.643000e+04	lowerWall	(-9.025769e-02 0.000000e+00 -1.328115e-06)	(-8.910140e-02 0.000000e+00 2.026139e-06)
1.644000e+04	lowerWall	(-9.025198e-02 0.000000e+00 -1.323194e-06)	(-8.909982e-02 0.000000e+00 2.024049e-06)
1.645000e+04	lowerWall	(-9.024619e-02 0.000000e+00 -1.322272e-06)	(-8.909475e-02 0.000000e+00 2.022643e-06)
1.646000e+04	lowerWall	(-9.024043e-02 0.000000e+00 -1.321574e-06)	(-8.908965e-02 0.000000e+00 2.021415e-06)
1.647000e+04	lowerWall	(-9.023484e-02 0.000000e+00 -1.318914e-06)	(-8.908557e-02 0.000000e+00 2.018782e-06)
1.648000e+04	lowerWall	(-9.022909e-02 0.000000e+00 -1.317836e-06)	(-8.908062e-02 0.000000e+00 2.017275e-06)
1.649000e+04	lowerWall	(-9.022333e-02 0.000000e+00 -1.322247e-06)	(-8.907179e-02 0.000000e+00 2.017695e-06)
1.650000e+04	lowerWall	(-9.021731e-02 0.000000e+00 -1.319048e-06)	(-8.906704e-02 0.000000e+00 2.014037e-06)
1.651000e+04	lowerWall	(-9.021159e-02 0.000000e+00 -1.317913e-06)	(-8.906216e-02 0.000000e+00 2.012493e-06)
1.652000e+04	lowerWall	(-9.020624e-02 0.000000e+00 -1.314734e-06)	(-8.906060e-02 0.000000e+00 2.012340e-06)
1.653000e+04	lowerWall	(-9.020042e-02 0.000000e+00 -1.317477e-06)	(-8.905225e-02 0.000000e+00 2.011332e-06)
1.654000e+04	lowerWall	(-9.019472e-02 0.000000e+00 -1.316308e-06)	(-8.904741e-02 0.000000e+00 2.009765e-06)
1.655000e+04	lowerWall	(-9.018894e-02 0.000000e+00 -1.312530e-06)	(-8.904334e-02 0.000000e+00 2.005781e-06)
1.656000e+04	lowerWall	(-9.018360e-02 0.000000e+00 -1.314806e-06)	(-8.903796e-02 0.000000e+00 2.007498e-06)
1.657000e+04	lowerWall	(-9.017791e-02 0.000000e+00 -1.308228e-06)	(-8.903693e-02 0.000000e+00 2.003915e-06)
1.658000e+04	lowerWall	(-9.017236e-02 0.000000e+00 -1.306094e-06)	(-8.903267e-02 0.000000e+00 2.001651e-06)
1.659000e+04	lowerWall	(-9.016671e-02 0.000000e+00 -1.310041e-06)	(-8.902416e-02 0.000000e+00 2.001781e-06)
1.660000e+04	lowerWall	(-9.016095e-02 0.000000e+00 -1.310959e-06)	(-8.901841e-02 0.000000e+00 2.001752e-06)
1.661000e+04	lowerWall	(-9.015549e-02 0.000000e+00 -1.301960e-06)	(-8.901867e-02 0.000000e+00 1.996660e-06)
1.662000e+04	lowerWall	(-9.014994e-02 0.000000e+00 -1.306189e-06)	(-8.901028e-02 0.000000e+00 1.997131e-06)
1.663000e+04	lowerWall	(-9.014432e-02 0.000000e+00 -1.299958e-06)	(-8.900918e-02 0.000000e+00 1.993969e-06)
1.664000e+04	lowerWall	(-9.013866e-02 0.000000e+00 -1.299865e-06)	(-8.900390e-02 0.000000e+00 1.993323e-06)
1.665000e+04	lowerWall	(-9.013277e-02 0.000000e+00 -1.301032e-06)	(-8.899614e-02 0.000000e+00 1.991037e-06)
1.666000e+04	lowerWall	(-9.012736e-02 0.000000e+00 -1.296873e-06)	(-8.899458e-02 0.000000e+00 1.989540e-06)
1.667000e+04	lowerWall	(-9.012188e-02 0.000000e+00 -1.295423e-06)	(-8.899013e-02 0.000000e+00 1.987893e-06)
1.668000e+04	lowerWall	(-9.011636e-02 0.000000e+00 -1.294109e-06)	(-8.898556e-02 0.000000e+00 1.986304e-06)
1.669000e+04	lowerWall	(-9.011083e-02 0.000000e+00 -1.292833e-06)	(-8.898096e-02 0.000000e+00 1.984723e-06)
1.670000e+04	lowerWall	(-9.010530e-02 0.000000e+00 -1.291566e-06)	(-8.897637e-02 0.000000e+00 1.983147e-06)
1.671000e+04	lowerWall	(-9.009978e-02 0.000000e+00 -1.290300e-06)	(-8.897177e-02 0.000000e+00 1.981570e-06)
1.672000e+04	lowerWall	(-9.009427e-02 0.000000e+00 -1.289037e-06)	(-8.896719e-02 0.000000e+00 1.979996e-06)
1.673000e+04	lowerWall	(-9.008876e-02 0.000000e+00 -1.287772e-06)	(-8.896261e-02 0.000000e+00 1.978421e-06)
1.674000e+04	lowerWall	(-9.008326e-02 0.000000e+00 -1.286508e-06)	(-8.895804e-02 0.000000e+00 1.976849e-06)
1.675000e+04	lowerWall	(-9.007781e-02 0.000000e+00 -1.284511e-06)	(-8.895383e-02 0.000000e+00 1.974868e-06)
1.676000e+04	lowerWall	(-9.007228e-02 0.000000e+00 -1.283133e-06)	(-8.894931e-02 0.000000e+00 1.973131e-06)
1.677000e+04	lowerWall	(-9.006673e-02 0.000000e+00 -1.281972e-06)	(-8.894462e-02 0.000000e+00 1.971554e-06)
1.678000e+04	lowerWall	(-9.006078e-02 0.000000e+00 -1.287158e-06)	(-8.893514e-02 0.000000e+00 1.972279e-06)
1.679000e+04	lowerWall	(-9.005556e-02 0.000000e+00 -1.281613e-06)	(-8.893430e-02 0.000000e+00 1.970015e-06)
1.680000e+04	lowerWall	(-9.005015e-02 0.000000e+00 -1.280266e-06)	(-8.892985e-02 0.000000e+00 1.968425e-06)
1.681000e+04	lowerWall	(-9.004510e-02 0.000000e+00 -1.274676e-06)	(-8.892769e-02 0.000000e+00 1.963726e-06)
1.682000e+04	lowerWall	(-9.003921e-02 0.000000e+00 -1.277380e-06)	(-8.891917e-02 0.000000e+00 1.962210e-06)
1.683000e+04	lowerWall	(-9.003377e-02 0.000000e+00 -1.276514e-06)	(-8.891448e-02 0.000000e+00 1.960908e-06)
1.684000e+04	lowerWall	(-9.002874e-02 0.000000e+00 -1.272205e-06)	(-8.891352e-02 0.000000e+00 1.959938e-06)
1.685000e+04	lowerWall	(-9.002226e-02 0.000000e+00 -1.274183e-06)	(-8.890565e-02 0.000000e+00 1.960251e-06)
1.686000e+04	lowerWall	(-9.001719e-02 0.000000e+00 -1.274153e-06)	(-8.890006e-02 0.000000e+00 1.956999e-06)
1.687000e+04	lowerWall	(-9.001189e-02 0.000000e+00 -1.272442e-06)	(-8.889585e-02 0.000000e+00 1.955246e-06)
1.688000e+04	lowerWall	(-9.000702e-02 0.000000e+00 -1.271058e-06)	(-8.889242e-02 0.000000e+00 1.954433e-06)
1.689000e+04	lowerWall	(-9.000096e-02 0.000000e+00 -1.273948e-06)	(-8.888529e-02 0.000000e+00 1.955615e-06)
1.690000e+04	lowerWall	(-8.999562e-02 0.000000e+00 -1.271290e-06)	(-8.888136e-02 0.000000e+00 1.952879e-06)
1.691000e+04	lowerWall	(-8.999085e-02 0.000000e+00 -1.262118e-06)	(-8.888262e-02 0.000000e+00 1.948034e-06)
1.692000e+04	lowerWall	(-8.998498e-02 0.000000e+00 -1.270785e-06)	(-8.887216e-02 0.000000e+00 1.951565e-06)
1.693000e+04	lowerWall	(-8.997973e-02 0.000000e+00 -1.269072e-06)	(-8.886791e-02 0.000000e+00 1.949667e-06)
1.694000e+04	lowerWall	(-8.997472e-02 0.000000e+00 -1.260376e-06)	(-8.886842e-02 0.000000e+00 1.944907e-06)
1.695000e+04	lowerWall	(-8.996895e-02 0.000000e+00 -1.265276e-06)	(-8.885945e-02 0.000000e+00 1.945631e-06)
1.696000e+04	lowerWall	(-8.996403e-02 0.000000e+00 -1.257636e-06)	(-8.885969e-02 0.000000e+00 1.941730e-06)
1.697000e+04	lowerWall	(-8.995852e-02 0.000000e+00 -1.260076e-06)	(-8.885210e-02 0.000000e+00 1.940754e-06)
1.698000e+04	lowerWall	(-8.995305e-02 0.000000e+00 -1.259458e-06)	(-8.884711e-02 0.000000e+00 1.939355e-06)
1.699000e+04	lowerWall	(-8.994780e-02 0.000000e+00 -1.259133e-06)	(-8.884250e-02 0.000000e+00 1.938747e-06)
1.700000e+04	lowerWall	(-8.994249e-02 0.000000e+00 -1.257772e-06)	(-8.883812e-02 0.000000e+00 1.936909e-06)
1.701000e+04	lowerWall	(-8.993738e-02 0.000000e+00 -1.256366e-06)	(-8.883410e-02 0.000000e+00 1.935520e-06)
1.702000e+04	lowerWall	(-8.993216e-02 0.000000e+00 -1.255118e-06)	(-8.882982e-02 0.000000e+00 1.934078e-06)
1.703000e+04	lowerWall	(-8.992693e-02 0.000000e+00 -1.253866e-06)	(-8.882551e-02 0.000000e+00 1.932616e-06)
1.704000e+04	lowerWall	(-8.992170e-02 0.000000e+00 -1.252617e-06)	(-8.882120e-02 0.000000e+00 1.931142e-06)
1.705000e+04	lowerWall	(-8.991647e-02 0.000000e+00 -1.251362e-06)	(-8.881689e-02 0.000000e+00 1.929661e-06)
1.706000e+04	lowerWall	(-8.991124e-02 0.000000e+00 -1.250109e-06)	(-8.881259e-02 0.000000e+00 1.928175e-06)
1.707000e+04	lowerWall	(-8.990601e-02 0.000000e+00 -1.248851e-06)	(-8.880829e-02 0.000000e+00 1.926684e-06)
1.708000e+04	lowerWall	(-8.990079e-02 0.000000e+00 -1.247599e-06)	(-8.880399e-02 0.000000e+00 1.925190e-06)
1.709000e+04	lowerWall	(-8.989557e-02 0.000000e+00 -1.246343e-06)	(-8.879970e-02 0.000000e+00 1.923692e-06)
1.710000e+04	lowerWall	(-8.989036e-02 0.000000e+00 -1.245093e-06)	(-8.879542e-02 0.000000e+00 1.922192e-06)
1.711000e+04	lowerWall	(-8.988516e-02 0.000000e+00 -1.243839e-06)	(-8.879114e-02 0.000000e+00 1.920689e-06)
1.712000e+04	lowerWall	(-8.987996e-02 0.000000e+00 -1.242590e-06)	(-8.878686e-02 0.000000e+00 1.919184e-06)
1.713000e+04	lowerWall	(-8.987477e-02 0.000000e+00 -1.241338e-06)	(-8.878260e-02 0.000000e+00 1.917677e-06)
1.714000e+04	lowerWall	(-8.986959e-02 0.000000e+00 -1.240091e-06)	(-8.877834e-02 0.000000e+00 1.916167e-06)
1.715000e+04	lowerWall	(-8.986441e-02 0.000000e+00 -1.238840e-06)	(-8.877408e-02 0.000000e+00 1.914656e-06)
1.716000e+04	lowerWall	(-8.985924e-02 0.000000e+00 -1.237595e-06)	(-8.876983e-02 0.000000e+00 1.913143e-06)
1.717000e+04	lowerWall	(-8.985408e-02 0.000000e+00 -1.236346e-06)	(-8.876559e-02 0.000000e+00 1.911628e-06)
1.718000e+04	lowerWall	(-8.984892e-02 0.000000e+00 -1.235103e-06)	(-8.876135e-02 0.000000e+00 1.910111e-06)
1.719000e+04	lowerWall	(-8.984377e-02 0.000000e+00 -1.233857e-06)	(-8.875712e-02 0.000000e+00 1.908592e-06)
1.720000e+04	lowerWall	(-8.983863e-02 0.000000e+00 -1.232615e-06)	(-8.875290e-02 0.000000e+00 1.907071e-06)
1.721000e+04	lowerWall	(-8.983349e-02 0.000000e+00 -1.231370e-06)	(-8.874868e-02 0.000000e+00 1.905548e-06)
1.722000e+04	lowerWall	(-8.982836e-02 0.000000e+00 -1.230130e-06)	(-8.874447e-02 0.000000e+00 1.904023e-06)
1.723000e+04	lowerWall	(-8.982324e-02 0.000000e+00 -1.228887e-06)	(-8.874027e-02 0.000000e+00 1.902496e-06)
1.724000e+04	lowerWall	(-8.981813e-02 0.000000e+00 -1.227649e-06)	(-8.873607e-02 0.000000e+00 1.900966e-06)
1.725000e+04	lowerWall	(-8.981302e-02 0.000000e+00 -1.226404e-06)	(-8.873188e-02 0.000000e+00 1.899435e-06)
1.726000e+04	lowerWall	(-8.980792e-02 0.000000e+00 -1.225160e-06)	(-8.872769e-02 0.000000e+00 1.897902e-06)
1.727000e+04	lowerWall	(-8.980282e-02 0.000000e+00 -1.223911e-06)	(-8.872351e-02 0.000000e+00 1.896368e-06)
1.728000e+04	lowerWall	(-8.979774e-02 0.000000e+00 -1.222665e-06)	(-8.871934e-02 0.000000e+00 1.894830e-06)
1.729000e+04	lowerWall	(-8.979266e-02 0.000000e+00 -1.221415e-06)	(-8.871517e-02 0.000000e+00 1.893292e-06)
1.730000e+04	lowerWall	(-8.978758e-02 0.000000e+00 -1.220169e-06)	(-8.871101e-02 0.000000e+00 1.891750e-06)
1.731000e+04	lowerWall	(-8.978252e-02 0.000000e+00 -1.218919e-06)	(-8.870686e-02 0.000000e+00 1.890207e-06)
1.732000e+04	lowerWall	(-8.977746e-02 0.000000e+00 -1.217675e-06)	(-8.870271e-02 0.000000e+00 1.888661e-06)
1.733000e+04	lowerWall	(-8.977240e-02 0.000000e+00 -1.216429e-06)	(-8.869857e-02 0.000000e+00 1.887113e-06)
1.734000e+04	lowerWall	(-8.976736e-02 0.000000e+00 -1.215188e-06)	(-8.869443e-02 0.000000e+00 1.885592e-06)
1.735000e+04	lowerWall	(-8.976232e-02 0.000000e+00 -1.213943e-06)	(-8.869030e-02 0.000000e+00 1.884081e-06)
1.736000e+04	lowerWall	(-8.975728e-02 0.000000e+00 -1.212702e-06)	(-8.868618e-02 0.000000e+00 1.882567e-06)
1.737000e+04	lowerWall	(-8.975226e-02 0.000000e+00 -1.211457e-06)	(-8.868206e-02 0.000000e+00 1.881052e-06)
1.738000e+04	lowerWall	(-8.974724e-02 0.000000e+00 -1.210216e-06)	(-8.867795e-02 0.000000e+00 1.879533e-06)
1.739000e+04	lowerWall	(-8.974223e-02 0.000000e+00 -1.208970e-06)	(-8.867385e-02 0.000000e+00 1.878012e-06)
1.740000e+04	lowerWall	(-8.973722e-02 0.000000e+00 -1.207729e-06)	(-8.866975e-02 0.000000e+00 1.876488e-06)
1.741000e+04	lowerWall	(-8.973222e-02 0.000000e+00 -1.206482e-06)	(-8.866565e-02 0.000000e+00 1.874962e-06)
1.742000e+04	lowerWall	(-8.972723e-02 0.000000e+00 -1.205236e-06)	(-8.866157e-02 0.000000e+00 1.873432e-06)
1.743000e+04	lowerWall	(-8.972225e-02 0.000000e+00 -1.203981e-06)	(-8.865749e-02 0.000000e+00 1.871901e-06)
1.744000e+04	lowerWall	(-8.971727e-02 0.000000e+00 -1.202727e-06)	(-8.865341e-02 0.000000e+00 1.870366e-06)
1.745000e+04	lowerWall	(-8.971230e-02 0.000000e+00 -1.201467e-06)	(-8.864935e-02 0.000000e+00 1.868828e-06)
1.746000e+04	lowerWall	(-8.970734e-02 0.000000e+00 -1.200208e-06)	(-8.864528e-02 0.000000e+00 1.867288e-06)
1.747000e+04	lowerWall	(-8.970238e-02 0.000000e+00 -1.198943e-06)	(-8.864123e-02 0.000000e+00 1.865745e-06)
1.748000e+04	lowerWall	(-8.969743e-02 0.000000e+00 -1.197681e-06)	(-8.863718e-02 0.000000e+00 1.864200e-06)
1.749000e+04	lowerWall	(-8.969249e-02 0.000000e+00 -1.196415e-06)	(-8.863313e-02 0.000000e+00 1.862652e-06)
1.750000e+04	lowerWall	(-8.968755e-02 0.000000e+00 -1.195153e-06)	(-8.862910e-02 0.000000e+00 1.861101e-06)
1.751000e+04	lowerWall	(-8.968262e-02 0.000000e+00 -1.193886e-06)	(-8.862506e-02 0.000000e+00 1.859550e-06)
1.752000e+04	lowerWall	(-8.967770e-02 0.000000e+00 -1.192623e-06)	(-8.862104e-02 0.000000e+00 1.857995e-06)
1.753000e+04	lowerWall	(-8.967278e-02 0.000000e+00 -1.191357e-06)	(-8.861702e-02 0.000000e+00 1.856439e-06)
1.754000e+04	lowerWall	(-8.966787e-02 0.000000e+00 -1.190094e-06)	(-8.861301e-02 0.000000e+00 1.854881e-06)
1.755000e+04	lowerWall	(-8.966296e-02 0.000000e+00 -1.188829e-06)	(-8.860900e-02 0.000000e+00 1.853323e-06)
1.756000e+04	lowerWall	(-8.965807e-02 0.000000e+00 -1.187568e-06)	(-8.860500e-02 0.000000e+00 1.851763e-06)
1.757000e+04	lowerWall	(-8.965322e-02 0.000000e+00 -1.182045e-06)	(-8.860411e-02 0.000000e+00 1.849195e-06)
1.758000e+04	lowerWall	(-8.964821e-02 0.000000e+00 -1.184609e-06)	(-8.859716e-02 0.000000e+00 1.848180e-06)
1.759000e+04	lowerWall	(-8.964338e-02 0.000000e+00 -1.179493e-06)	(-8.859611e-02 0.000000e+00 1.846032e-06)
1.760000e+04	lowerWall	(-8.963854e-02 0.000000e+00 -1.181716e-06)	(-8.858944e-02 0.000000e+00 1.844911e-06)
1.761000e+04	lowerWall	(-8.963369e-02 0.000000e+00 -1.176745e-06)	(-8.858831e-02 0.000000e+00 1.842806e-06)
1.762000e+04	lowerWall	(-8.962891e-02 0.000000e+00 -1.174389e-06)	(-8.858490e-02 0.000000e+00 1.840341e-06)
1.763000e+04	lowerWall	(-8.962406e-02 0.000000e+00 -1.176942e-06)	(-8.857809e-02 0.000000e+00 1.839454e-06)
1.764000e+04	lowerWall	(-8.961921e-02 0.000000e+00 -1.172162e-06)	(-8.857687e-02 0.000000e+00 1.837526e-06)
1.765000e+04	lowerWall	(-8.961437e-02 0.000000e+00 -1.174645e-06)	(-8.857015e-02 0.000000e+00 1.836534e-06)
1.766000e+04	lowerWall	(-8.960954e-02 0.000000e+00 -1.169789e-06)	(-8.856896e-02 0.000000e+00 1.834528e-06)
1.767000e+04	lowerWall	(-8.960472e-02 0.000000e+00 -1.172223e-06)	(-8.856227e-02 0.000000e+00 1.833485e-06)
1.768000e+04	lowerWall	(-8.959990e-02 0.000000e+00 -1.167351e-06)	(-8.856110e-02 0.000000e+00 1.831503e-06)
1.769000e+04	lowerWall	(-8.959509e-02 0.000000e+00 -1.169755e-06)	(-8.855444e-02 0.000000e+00 1.830453e-06)
1.770000e+04	lowerWall	(-8.959029e-02 0.000000e+00 -1.164881e-06)	(-8.855327e-02 0.000000e+00 1.828481e-06)
1.771000e+04	lowerWall	(-8.958555e-02 0.000000e+00 -1.162624e-06)	(-8.854987e-02 0.000000e+00 1.826109e-06)
1.772000e+04	lowerWall	(-8.958075e-02 0.000000e+00 -1.165222e-06)	(-8.854312e-02 0.000000e+00 1.825262e-06)
1.773000e+04	lowerWall	(-8.957596e-02 0.000000e+00 -1.160532e-06)	(-8.854189e-02 0.000000e+00 1.823448e-06)
1.774000e+04	lowerWall	(-8.957117e-02 0.000000e+00 -1.163019e-06)	(-8.853524e-02 0.000000e+00 1.822491e-06)
1.775000e+04	lowerWall	(-8.956640e-02 0.000000e+00 -1.158241e-06)	(-8.853405e-02 0.000000e+00 1.820594e-06)
1.776000e+04	lowerWall	(-8.956163e-02 0.000000e+00 -1.160670e-06)	(-8.852744e-02 0.000000e+00 1.819582e-06)
1.777000e+04	lowerWall	(-8.955687e-02 0.000000e+00 -1.155872e-06)	(-8.852627e-02 0.000000e+00 1.817656e-06)
1.778000e+04	lowerWall	(-8.955212e-02 0.000000e+00 -1.158264e-06)	(-8.851969e-02 0.000000e+00 1.816628e-06)
1.779000e+04	lowerWall	(-8.954737e-02 0.000000e+00 -1.153459e-06)	(-8.851852e-02 0.000000e+00 1.814696e-06)
1.780000e+04	lowerWall	(-8.954270e-02 0.000000e+00 -1.151238e-06)	(-8.851516e-02 0.000000e+00 1.812363e-06)
1.781000e+04	lowerWall	(-8.953795e-02 0.000000e+00 -1.153819e-06)	(-8.850849e-02 0.000000e+00 1.811534e-06)
1.782000e+04	lowerWall	(-8.953330e-02 0.000000e+00 -1.147867e-06)	(-8.850794e-02 0.000000e+00 1.808743e-06)
1.783000e+04	lowerWall	(-8.952856e-02 0.000000e+00 -1.147086e-06)	(-8.850390e-02 0.000000e+00 1.807690e-06)
1.784000e+04	lowerWall	(-8.952387e-02 0.000000e+00 -1.145415e-06)	(-8.850030e-02 0.000000e+00 1.805790e-06)
1.785000e+04	lowerWall	(-8.951908e-02 0.000000e+00 -1.145559e-06)	(-8.849582e-02 0.000000e+00 1.805340e-06)
1.786000e+04	lowerWall	(-8.951438e-02 0.000000e+00 -1.147707e-06)	(-8.848941e-02 0.000000e+00 1.804153e-06)
1.787000e+04	lowerWall	(-8.950969e-02 0.000000e+00 -1.142993e-06)	(-8.848823e-02 0.000000e+00 1.802297e-06)
1.788000e+04	lowerWall	(-8.950460e-02 0.000000e+00 -1.144240e-06)	(-8.848302e-02 0.000000e+00 1.802241e-06)
1.789000e+04	lowerWall	(-8.950015e-02 0.000000e+00 -1.141177e-06)	(-8.848018e-02 0.000000e+00 1.799574e-06)
1.790000e+04	lowerWall	(-8.949554e-02 0.000000e+00 -1.139475e-06)	(-8.847666e-02 0.000000e+00 1.797836e-06)
1.791000e+04	lowerWall	(-8.949053e-02 0.000000e+00 -1.139205e-06)	(-8.847065e-02 0.000000e+00 1.794214e-06)
1.792000e+04	lowerWall	(-8.948624e-02 0.000000e+00 -1.135362e-06)	(-8.846984e-02 0.000000e+00 1.793595e-06)
1.793000e+04	lowerWall	(-8.948143e-02 0.000000e+00 -1.135138e-06)	(-8.846554e-02 0.000000e+00 1.792616e-06)
1.794000e+04	lowerWall	(-8.947682e-02 0.000000e+00 -1.137914e-06)	(-8.845895e-02 0.000000e+00 1.792109e-06)
1.795000e+04	lowerWall	(-8.947202e-02 0.000000e+00 -1.132465e-06)	(-8.845773e-02 0.000000e+00 1.789459e-06)
1.796000e+04	lowerWall	(-8.946758e-02 0.000000e+00 -1.131282e-06)	(-8.845435e-02 0.000000e+00 1.788294e-06)
1.797000e+04	lowerWall	(-8.946294e-02 0.000000e+00 -1.134053e-06)	(-8.844779e-02 0.000000e+00 1.787635e-06)
1.798000e+04	lowerWall	(-8.945830e-02 0.000000e+00 -1.133351e-06)	(-8.844381e-02 0.000000e+00 1.786473e-06)
1.799000e+04	lowerWall	(-8.945372e-02 0.000000e+00 -1.128195e-06)	(-8.844290e-02 0.000000e+00 1.784265e-06)
1.800000e+04	lowerWall	(-8.944911e-02 0.000000e+00 -1.130518e-06)	(-8.843654e-02 0.000000e+00 1.783292e-06)
1.801000e+04	lowerWall	(-8.944451e-02 0.000000e+00 -1.125864e-06)	(-8.843540e-02 0.000000e+00 1.781460e-06)
1.802000e+04	lowerWall	(-8.943990e-02 0.000000e+00 -1.128267e-06)	(-8.842903e-02 0.000000e+00 1.780478e-06)
1.803000e+04	lowerWall	(-8.943532e-02 0.000000e+00 -1.123599e-06)	(-8.842791e-02 0.000000e+00 1.778622e-06)
1.804000e+04	lowerWall	(-8.943081e-02 0.000000e+00 -1.121222e-06)	(-8.842477e-02 0.000000e+00 1.776217e-06)
1.805000e+04	lowerWall	(-8.942573e-02 0.000000e+00 -1.125720e-06)	(-8.841693e-02 0.000000e+00 1.776773e-06)
1.806000e+04	lowerWall	(-8.942131e-02 0.000000e+00 -1.118227e-06)	(-8.841707e-02 0.000000e+00 1.772608e-06)
1.807000e+04	lowerWall	(-8.941687e-02 0.000000e+00 -1.121459e-06)	(-8.841065e-02 0.000000e+00 1.772633e-06)
1.808000e+04	lowerWall	(-8.941230e-02 0.000000e+00 -1.121031e-06)	(-8.840665e-02 0.000000e+00 1.771722e-06)
1.809000e+04	lowerWall	(-8.940780e-02 0.000000e+00 -1.115983e-06)	(-8.840574e-02 0.000000e+00 1.769637e-06)
1.810000e+04	lowerWall	(-8.940329e-02 0.000000e+00 -1.114398e-06)	(-8.840227e-02 0.000000e+00 1.767991e-06)
1.811000e+04	lowerWall	(-8.939877e-02 0.000000e+00 -1.112979e-06)	(-8.839872e-02 0.000000e+00 1.766449e-06)
1.812000e+04	lowerWall	(-8.939387e-02 0.000000e+00 -1.113891e-06)	(-8.839238e-02 0.000000e+00 1.763749e-06)
1.813000e+04	lowerWall	(-8.938967e-02 0.000000e+00 -1.113771e-06)	(-8.838891e-02 0.000000e+00 1.763861e-06)
1.814000e+04	lowerWall	(-8.938518e-02 0.000000e+00 -1.109161e-06)	(-8.838782e-02 0.000000e+00 1.762045e-06)
1.815000e+04	lowerWall	(-8.938044e-02 0.000000e+00 -1.111558e-06)	(-8.838128e-02 0.000000e+00 1.760825e-06)
1.816000e+04	lowerWall	(-8.937598e-02 0.000000e+00 -1.111114e-06)	(-8.837742e-02 0.000000e+00 1.760099e-06)
1.817000e+04	lowerWall	(-8.937084e-02 0.000000e+00 -1.109985e-06)	(-8.837287e-02 0.000000e+00 1.757842e-06)
1.818000e+04	lowerWall	(-8.936689e-02 0.000000e+00 -1.108671e-06)	(-8.837007e-02 0.000000e+00 1.757134e-06)
1.819000e+04	lowerWall	(-8.936248e-02 0.000000e+00 -1.103714e-06)	(-8.836918e-02 0.000000e+00 1.755148e-06)
1.820000e+04	lowerWall	(-8.935786e-02 0.000000e+00 -1.103356e-06)	(-8.836511e-02 0.000000e+00 1.754187e-06)
1.821000e+04	lowerWall	(-8.935345e-02 0.000000e+00 -1.105100e-06)	(-8.835919e-02 0.000000e+00 1.752934e-06)
1.822000e+04	lowerWall	(-8.934831e-02 0.000000e+00 -1.101507e-06)	(-8.835645e-02 0.000000e+00 1.750578e-06)
1.823000e+04	lowerWall	(-8.934407e-02 0.000000e+00 -1.100153e-06)	(-8.835225e-02 0.000000e+00 1.747429e-06)
1.824000e+04	lowerWall	(-8.934003e-02 0.000000e+00 -1.096858e-06)	(-8.835139e-02 0.000000e+00 1.747413e-06)
1.825000e+04	lowerWall	(-8.933542e-02 0.000000e+00 -1.100508e-06)	(-8.834455e-02 0.000000e+00 1.747239e-06)
1.826000e+04	lowerWall	(-8.933108e-02 0.000000e+00 -1.098548e-06)	(-8.834136e-02 0.000000e+00 1.745416e-06)
1.827000e+04	lowerWall	(-8.932598e-02 0.000000e+00 -1.095115e-06)	(-8.833858e-02 0.000000e+00 1.743161e-06)
1.828000e+04	lowerWall	(-8.932211e-02 0.000000e+00 -1.093673e-06)	(-8.833626e-02 0.000000e+00 1.742712e-06)
1.829000e+04	lowerWall	(-8.931776e-02 0.000000e+00 -1.095143e-06)	(-8.833050e-02 0.000000e+00 1.741185e-06)
1.830000e+04	lowerWall	(-8.931314e-02 0.000000e+00 -1.095636e-06)	(-8.832610e-02 0.000000e+00 1.740754e-06)
1.831000e+04	lowerWall	(-8.930886e-02 0.000000e+00 -1.090135e-06)	(-8.832550e-02 0.000000e+00 1.738425e-06)
1.832000e+04	lowerWall	(-8.930451e-02 0.000000e+00 -1.088363e-06)	(-8.832226e-02 0.000000e+00 1.736686e-06)
1.833000e+04	lowerWall	(-8.930001e-02 0.000000e+00 -1.090577e-06)	(-8.831611e-02 0.000000e+00 1.735493e-06)
1.834000e+04	lowerWall	(-8.929565e-02 0.000000e+00 -1.086346e-06)	(-8.831498e-02 0.000000e+00 1.734063e-06)
1.835000e+04	lowerWall	(-8.929098e-02 0.000000e+00 -1.084954e-06)	(-8.831116e-02 0.000000e+00 1.731990e-06)
1.836000e+04	lowerWall	(-8.928657e-02 0.000000e+00 -1.088528e-06)	(-8.830463e-02 0.000000e+00 1.732122e-06)
1.837000e+04	lowerWall	(-8.928229e-02 0.000000e+00 -1.087106e-06)	(-8.830126e-02 0.000000e+00 1.730677e-06)
1.838000e+04	lowerWall	(-8.927800e-02 0.000000e+00 -1.082126e-06)	(-8.830048e-02 0.000000e+00 1.728640e-06)
1.839000e+04	lowerWall	(-8.927329e-02 0.000000e+00 -1.083771e-06)	(-8.829427e-02 0.000000e+00 1.727354e-06)
1.840000e+04	lowerWall	(-8.926916e-02 0.000000e+00 -1.080542e-06)	(-8.829304e-02 0.000000e+00 1.726201e-06)
1.841000e+04	lowerWall	(-8.926379e-02 0.000000e+00 -1.085265e-06)	(-8.828483e-02 0.000000e+00 1.726032e-06)
1.842000e+04	lowerWall	(-8.926004e-02 0.000000e+00 -1.079726e-06)	(-8.828490e-02 0.000000e+00 1.724011e-06)
1.843000e+04	lowerWall	(-8.925577e-02 0.000000e+00 -1.079484e-06)	(-8.827990e-02 0.000000e+00 1.721313e-06)
1.844000e+04	lowerWall	(-8.925153e-02 0.000000e+00 -1.079228e-06)	(-8.827625e-02 0.000000e+00 1.720812e-06)
1.845000e+04	lowerWall	(-8.924588e-02 0.000000e+00 -1.077682e-06)	(-8.827189e-02 0.000000e+00 1.719464e-06)
1.846000e+04	lowerWall	(-8.924265e-02 0.000000e+00 -1.077358e-06)	(-8.826884e-02 0.000000e+00 1.717990e-06)
1.847000e+04	lowerWall	(-8.923851e-02 0.000000e+00 -1.075186e-06)	(-8.826595e-02 0.000000e+00 1.716142e-06)
1.848000e+04	lowerWall	(-8.923343e-02 0.000000e+00 -1.074147e-06)	(-8.826138e-02 0.000000e+00 1.713807e-06)
1.849000e+04	lowerWall	(-8.922952e-02 0.000000e+00 -1.070747e-06)	(-8.826056e-02 0.000000e+00 1.713574e-06)
1.850000e+04	lowerWall	(-8.922543e-02 0.000000e+00 -1.067796e-06)	(-8.825803e-02 0.000000e+00 1.710977e-06)
1.851000e+04	lowerWall	(-8.922068e-02 0.000000e+00 -1.070709e-06)	(-8.825117e-02 0.000000e+00 1.709898e-06)
1.852000e+04	lowerWall	(-8.921686e-02 0.000000e+00 -1.066449e-06)	(-8.825076e-02 0.000000e+00 1.709121e-06)
1.853000e+04	lowerWall	(-8.921264e-02 0.000000e+00 -1.068304e-06)	(-8.824509e-02 0.000000e+00 1.707916e-06)
1.854000e+04	lowerWall	(-8.920732e-02 0.000000e+00 -1.064361e-06)	(-8.824258e-02 0.000000e+00 1.706315e-06)
1.855000e+04	lowerWall	(-8.920371e-02 0.000000e+00 -1.067391e-06)	(-8.823729e-02 0.000000e+00 1.705638e-06)
1.856000e+04	lowerWall	(-8.919948e-02 0.000000e+00 -1.065837e-06)	(-8.823399e-02 0.000000e+00 1.704025e-06)
1.857000e+04	lowerWall	(-8.919526e-02 0.000000e+00 -1.061625e-06)	(-8.823290e-02 0.000000e+00 1.702564e-06)
1.858000e+04	lowerWall	(-8.919110e-02 0.000000e+00 -1.060359e-06)	(-8.822964e-02 0.000000e+00 1.701193e-06)
1.859000e+04	lowerWall	(-8.918689e-02 0.000000e+00 -1.059248e-06)	(-8.822626e-02 0.000000e+00 1.699825e-06)
1.860000e+04	lowerWall	(-8.918250e-02 0.000000e+00 -1.057735e-06)	(-8.822290e-02 0.000000e+00 1.697992e-06)
1.861000e+04	lowerWall	(-8.917837e-02 0.000000e+00 -1.057066e-06)	(-8.821936e-02 0.000000e+00 1.697068e-06)
1.862000e+04	lowerWall	(-8.917410e-02 0.000000e+00 -1.055756e-06)	(-8.821594e-02 0.000000e+00 1.695495e-06)
1.863000e+04	lowerWall	(-8.916984e-02 0.000000e+00 -1.058229e-06)	(-8.821000e-02 0.000000e+00 1.694627e-06)
1.864000e+04	lowerWall	(-8.916573e-02 0.000000e+00 -1.053265e-06)	(-8.820932e-02 0.000000e+00 1.692634e-06)
1.865000e+04	lowerWall	(-8.916148e-02 0.000000e+00 -1.056069e-06)	(-8.820328e-02 0.000000e+00 1.691950e-06)
1.866000e+04	lowerWall	(-8.915736e-02 0.000000e+00 -1.050890e-06)	(-8.820263e-02 0.000000e+00 1.689742e-06)
1.867000e+04	lowerWall	(-8.915314e-02 0.000000e+00 -1.053097e-06)	(-8.819688e-02 0.000000e+00 1.688745e-06)
1.868000e+04	lowerWall	(-8.914895e-02 0.000000e+00 -1.049120e-06)	(-8.819566e-02 0.000000e+00 1.687325e-06)
1.869000e+04	lowerWall	(-8.914438e-02 0.000000e+00 -1.051090e-06)	(-8.818949e-02 0.000000e+00 1.686325e-06)
1.870000e+04	lowerWall	(-8.914048e-02 0.000000e+00 -1.047021e-06)	(-8.818877e-02 0.000000e+00 1.684485e-06)
1.871000e+04	lowerWall	(-8.913626e-02 0.000000e+00 -1.048159e-06)	(-8.818332e-02 0.000000e+00 1.682556e-06)
1.872000e+04	lowerWall	(-8.913213e-02 0.000000e+00 -1.047675e-06)	(-8.817984e-02 0.000000e+00 1.681761e-06)
1.873000e+04	lowerWall	(-8.912796e-02 0.000000e+00 -1.042759e-06)	(-8.817900e-02 0.000000e+00 1.679682e-06)
1.874000e+04	lowerWall	(-8.912382e-02 0.000000e+00 -1.041976e-06)	(-8.817555e-02 0.000000e+00 1.678549e-06)
1.875000e+04	lowerWall	(-8.911940e-02 0.000000e+00 -1.043965e-06)	(-8.816970e-02 0.000000e+00 1.677194e-06)
1.876000e+04	lowerWall	(-8.911539e-02 0.000000e+00 -1.041609e-06)	(-8.816692e-02 0.000000e+00 1.674826e-06)
1.877000e+04	lowerWall	(-8.911126e-02 0.000000e+00 -1.041514e-06)	(-8.816327e-02 0.000000e+00 1.674331e-06)
1.878000e+04	lowerWall	(-8.910723e-02 0.000000e+00 -1.035344e-06)	(-8.816306e-02 0.000000e+00 1.671323e-06)
1.879000e+04	lowerWall	(-8.910293e-02 0.000000e+00 -1.035673e-06)	(-8.815903e-02 0.000000e+00 1.671018e-06)
1.880000e+04	lowerWall	(-8.909866e-02 0.000000e+00 -1.034446e-06)	(-8.815542e-02 0.000000e+00 1.669304e-06)
1.881000e+04	lowerWall	(-8.909468e-02 0.000000e+00 -1.036702e-06)	(-8.815005e-02 0.000000e+00 1.668587e-06)
1.882000e+04	lowerWall	(-8.909047e-02 0.000000e+00 -1.032900e-06)	(-8.814867e-02 0.000000e+00 1.667206e-06)
1.883000e+04	lowerWall	(-8.908636e-02 0.000000e+00 -1.035600e-06)	(-8.814289e-02 0.000000e+00 1.666557e-06)
1.884000e+04	lowerWall	(-8.908230e-02 0.000000e+00 -1.034162e-06)	(-8.813975e-02 0.000000e+00 1.664943e-06)
1.885000e+04	lowerWall	(-8.907776e-02 0.000000e+00 -1.032474e-06)	(-8.813601e-02 0.000000e+00 1.662383e-06)
1.886000e+04	lowerWall	(-8.907409e-02 0.000000e+00 -1.028272e-06)	(-8.813559e-02 0.000000e+00 1.661577e-06)
1.887000e+04	lowerWall	(-8.906995e-02 0.000000e+00 -1.030979e-06)	(-8.812974e-02 0.000000e+00 1.660909e-06)
1.888000e+04	lowerWall	(-8.906549e-02 0.000000e+00 -1.029312e-06)	(-8.812610e-02 0.000000e+00 1.658389e-06)
1.889000e+04	lowerWall	(-8.906046e-02 0.000000e+00 -1.029003e-06)	(-8.812212e-02 0.000000e+00 1.659183e-06)
1.890000e+04	lowerWall	(-8.905721e-02 0.000000e+00 -1.025821e-06)	(-8.812116e-02 0.000000e+00 1.656783e-06)
1.891000e+04	lowerWall	(-8.905324e-02 0.000000e+00 -1.024323e-06)	(-8.811800e-02 0.000000e+00 1.655318e-06)
1.892000e+04	lowerWall	(-8.904890e-02 0.000000e+00 -1.026917e-06)	(-8.811204e-02 0.000000e+00 1.654764e-06)
1.893000e+04	lowerWall	(-8.904513e-02 0.000000e+00 -1.025334e-06)	(-8.810928e-02 0.000000e+00 1.652978e-06)
1.894000e+04	lowerWall	(-8.904078e-02 0.000000e+00 -1.023113e-06)	(-8.810596e-02 0.000000e+00 1.650582e-06)
1.895000e+04	lowerWall	(-8.903697e-02 0.000000e+00 -1.023271e-06)	(-8.810265e-02 0.000000e+00 1.650428e-06)
1.896000e+04	lowerWall	(-8.903302e-02 0.000000e+00 -1.021734e-06)	(-8.809967e-02 0.000000e+00 1.648808e-06)
1.897000e+04	lowerWall	(-8.902807e-02 0.000000e+00 -1.019322e-06)	(-8.809621e-02 0.000000e+00 1.646115e-06)
1.898000e+04	lowerWall	(-8.902475e-02 0.000000e+00 -1.016003e-06)	(-8.809535e-02 0.000000e+00 1.645406e-06)
1.899000e+04	lowerWall	(-8.902060e-02 0.000000e+00 -1.014510e-06)	(-8.809201e-02 0.000000e+00 1.643561e-06)
1.900000e+04	lowerWall	(-8.901632e-02 0.000000e+00 -1.014757e-06)	(-8.808792e-02 0.000000e+00 1.642865e-06)
1.901000e+04	lowerWall	(-8.901236e-02 0.000000e+00 -1.011698e-06)	(-8.808556e-02 0.000000e+00 1.640904e-06)
1.902000e+04	lowerWall	(-8.900850e-02 0.000000e+00 -1.011972e-06)	(-8.808209e-02 0.000000e+00 1.640054e-06)
1.903000e+04	lowerWall	(-8.900456e-02 0.000000e+00 -1.010721e-06)	(-8.807903e-02 0.000000e+00 1.638692e-06)
1.904000e+04	lowerWall	(-8.900031e-02 0.000000e+00 -1.009256e-06)	(-8.807572e-02 0.000000e+00 1.636704e-06)
1.905000e+04	lowerWall	(-8.899635e-02 0.000000e+00 -1.007880e-06)	(-8.807263e-02 0.000000e+00 1.635113e-06)
1.906000e+04	lowerWall	(-8.899136e-02 0.000000e+00 -1.007788e-06)	(-8.806732e-02 0.000000e+00 1.634086e-06)
1.907000e+04	lowerWall	(-8.898689e-02 0.000000e+00 -1.010496e-06)	(-8.806238e-02 0.000000e+00 1.634762e-06)
1.908000e+04	lowerWall	(-8.898375e-02 0.000000e+00 -1.007267e-06)	(-8.806130e-02 0.000000e+00 1.632377e-06)
1.909000e+04	lowerWall	(-8.897941e-02 0.000000e+00 -1.009924e-06)	(-8.805525e-02 0.000000e+00 1.632238e-06)
1.910000e+04	lowerWall	(-8.897529e-02 0.000000e+00 -1.007060e-06)	(-8.805368e-02 0.000000e+00 1.630807e-06)
1.911000e+04	lowerWall	(-8.897133e-02 0.000000e+00 -1.009186e-06)	(-8.804829e-02 0.000000e+00 1.629939e-06)
1.912000e+04	lowerWall	(-8.896757e-02 0.000000e+00 -1.004889e-06)	(-8.804748e-02 0.000000e+00 1.628655e-06)
1.913000e+04	lowerWall	(-8.896279e-02 0.000000e+00 -1.005527e-06)	(-8.804155e-02 0.000000e+00 1.625832e-06)
1.914000e+04	lowerWall	(-8.895974e-02 0.000000e+00 -1.000927e-06)	(-8.804194e-02 0.000000e+00 1.624705e-06)
1.915000e+04	lowerWall	(-8.895484e-02 0.000000e+00 -1.002494e-06)	(-8.803638e-02 0.000000e+00 1.623834e-06)
1.916000e+04	lowerWall	(-8.895114e-02 0.000000e+00 -1.002663e-06)	(-8.803228e-02 0.000000e+00 1.621848e-06)
1.917000e+04	lowerWall	(-8.894768e-02 0.000000e+00 -1.000368e-06)	(-8.803017e-02 0.000000e+00 1.620694e-06)
1.918000e+04	lowerWall	(-8.894386e-02 0.000000e+00 -9.987237e-07)	(-8.802731e-02 0.000000e+00 1.619138e-06)
1.919000e+04	lowerWall	(-8.893968e-02 0.000000e+00 -9.970036e-07)	(-8.802403e-02 0.000000e+00 1.616870e-06)
1.920000e+04	lowerWall	(-8.893606e-02 0.000000e+00 -9.958263e-07)	(-8.802135e-02 0.000000e+00 1.616151e-06)
1.921000e+04	lowerWall	(-8.893184e-02 0.000000e+00 -9.942452e-07)	(-8.801799e-02 0.000000e+00 1.613926e-06)
1.922000e+04	lowerWall	(-8.892836e-02 0.000000e+00 -9.935069e-07)	(-8.801538e-02 0.000000e+00 1.613673e-06)
1.923000e+04	lowerWall	(-8.892411e-02 0.000000e+00 -9.919536e-07)	(-8.801191e-02 0.000000e+00 1.611350e-06)
1.924000e+04	lowerWall	(-8.892048e-02 0.000000e+00 -9.909198e-07)	(-8.800915e-02 0.000000e+00 1.610687e-06)
1.925000e+04	lowerWall	(-8.891626e-02 0.000000e+00 -9.894422e-07)	(-8.800575e-02 0.000000e+00 1.608511e-06)
1.926000e+04	lowerWall	(-8.891267e-02 0.000000e+00 -9.885209e-07)	(-8.800299e-02 0.000000e+00 1.607937e-06)
1.927000e+04	lowerWall	(-8.890854e-02 0.000000e+00 -9.872702e-07)	(-8.799964e-02 0.000000e+00 1.606006e-06)
1.928000e+04	lowerWall	(-8.890491e-02 0.000000e+00 -9.862716e-07)	(-8.799684e-02 0.000000e+00 1.605314e-06)
1.929000e+04	lowerWall	(-8.890070e-02 0.000000e+00 -9.848465e-07)	(-8.799343e-02 0.000000e+00 1.603165e-06)
1.930000e+04	lowerWall	(-8.889712e-02 0.000000e+00 -9.839523e-07)	(-8.799067e-02 0.000000e+00 1.602607e-06)
1.931000e+04	lowerWall	(-8.889294e-02 0.000000e+00 -9.825989e-07)	(-8.798727e-02 0.000000e+00 1.600489e-06)
1.932000e+04	lowerWall	(-8.888937e-02 0.000000e+00 -9.816907e-07)	(-8.798451e-02 0.000000e+00 1.599942e-06)
1.933000e+04	lowerWall	(-8.888519e-02 0.000000e+00 -9.803847e-07)	(-8.798111e-02 0.000000e+00 1.597835e-06)
1.934000e+04	lowerWall	(-8.888163e-02 0.000000e+00 -9.794854e-07)	(-8.797836e-02 0.000000e+00 1.597294e-06)
1.935000e+04	lowerWall	(-8.887746e-02 0.000000e+00 -9.781901e-07)	(-8.797497e-02 0.000000e+00 1.595195e-06)
1.936000e+04	lowerWall	(-8.887391e-02 0.000000e+00 -9.772980e-07)	(-8.797222e-02 0.000000e+00 1.594657e-06)
1.937000e+04	lowerWall	(-8.886976e-02 0.000000e+00 -9.760097e-07)	(-8.796884e-02 0.000000e+00 1.592565e-06)
1.938000e+04	lowerWall	(-8.886622e-02 0.000000e+00 -9.751232e-07)	(-8.796610e-02 0.000000e+00 1.592028e-06)
1.939000e+04	lowerWall	(-8.886208e-02 0.000000e+00 -9.738407e-07)	(-8.796272e-02 0.000000e+00 1.589941e-06)
1.940000e+04	lowerWall	(-8.885855e-02 0.000000e+00 -9.729586e-07)	(-8.795998e-02 0.000000e+00 1.589406e-06)
1.941000e+04	lowerWall	(-8.885442e-02 0.000000e+00 -9.716808e-07)	(-8.795662e-02 0.000000e+00 1.587324e-06)
1.942000e+04	lowerWall	(-8.885090e-02 0.000000e+00 -9.708024e-07)	(-8.795389e-02 0.000000e+00 1.586788e-06)
1.943000e+04	lowerWall	(-8.884678e-02 0.000000e+00 -9.695286e-07)	(-8.795053e-02 0.000000e+00 1.584710e-06)
1.944000e+04	lowerWall	(-8.884327e-02 0.000000e+00 -9.686533e-07)	(-8.794781e-02 0.000000e+00 1.584175e-06)
1.945000e+04	lowerWall	(-8.883916e-02 0.000000e+00 -9.673831e-07)	(-8.794446e-02 0.000000e+00 1.582101e-06)
1.946000e+04	lowerWall	(-8.883566e-02 0.000000e+00 -9.665104e-07)	(-8.794174e-02 0.000000e+00 1.581565e-06)
1.947000e+04	lowerWall	(-8.883156e-02 0.000000e+00 -9.652433e-07)	(-8.793840e-02 0.000000e+00 1.579493e-06)
1.948000e+04	lowerWall	(-8.882781e-02 0.000000e+00 -9.642280e-07)	(-8.793543e-02 0.000000e+00 1.578334e-06)
1.949000e+04	lowerWall	(-8.882269e-02 0.000000e+00 -9.657184e-07)	(-8.793017e-02 0.000000e+00 1.580358e-06)
1.950000e+04	lowerWall	(-8.881890e-02 0.000000e+00 -9.654284e-07)	(-8.792737e-02 0.000000e+00 1.579123e-06)
1.951000e+04	lowerWall	(-8.881512e-02 0.000000e+00 -9.676243e-07)	(-8.792255e-02 0.000000e+00 1.577824e-06)
1.952000e+04	lowerWall	(-8.881047e-02 0.000000e+00 -9.665667e-07)	(-8.791860e-02 0.000000e+00 1.578495e-06)
1.953000e+04	lowerWall	(-8.880660e-02 0.000000e+00 -9.647982e-07)	(-8.791611e-02 0.000000e+00 1.576133e-06)
1.954000e+04	lowerWall	(-8.880211e-02 0.000000e+00 -9.652683e-07)	(-8.791185e-02 0.000000e+00 1.575444e-06)
1.955000e+04	lowerWall	(-8.879957e-02 0.000000e+00 -9.665130e-07)	(-8.790877e-02 0.000000e+00 1.574755e-06)
1.956000e+04	lowerWall	(-8.879557e-02 0.000000e+00 -9.628152e-07)	(-8.790758e-02 0.000000e+00 1.573733e-06)
1.957000e+04	lowerWall	(-8.879083e-02 0.000000e+00 -9.636971e-07)	(-8.790153e-02 0.000000e+00 1.571258e-06)
1.958000e+04	lowerWall	(-8.878778e-02 0.000000e+00 -9.627390e-07)	(-8.789932e-02 0.000000e+00 1.570326e-06)
1.959000e+04	lowerWall	(-8.878346e-02 0.000000e+00 -9.608986e-07)	(-8.789587e-02 0.000000e+00 1.568244e-06)
1.960000e+04	lowerWall	(-8.878022e-02 0.000000e+00 -9.627935e-07)	(-8.789255e-02 0.000000e+00 1.569226e-06)
1.961000e+04	lowerWall	(-8.877579e-02 0.000000e+00 -9.595403e-07)	(-8.789026e-02 0.000000e+00 1.567259e-06)
1.962000e+04	lowerWall	(-8.877129e-02 0.000000e+00 -9.586513e-07)	(-8.788571e-02 0.000000e+00 1.566608e-06)
1.963000e+04	lowerWall	(-8.876841e-02 0.000000e+00 -9.570943e-07)	(-8.788377e-02 0.000000e+00 1.563412e-06)
1.964000e+04	lowerWall	(-8.876387e-02 0.000000e+00 -9.563726e-07)	(-8.787990e-02 0.000000e+00 1.564175e-06)
1.965000e+04	lowerWall	(-8.876122e-02 0.000000e+00 -9.551927e-07)	(-8.787913e-02 0.000000e+00 1.563199e-06)
1.966000e+04	lowerWall	(-8.875683e-02 0.000000e+00 -9.543951e-07)	(-8.787490e-02 0.000000e+00 1.560600e-06)
1.967000e+04	lowerWall	(-8.875315e-02 0.000000e+00 -9.541727e-07)	(-8.787106e-02 0.000000e+00 1.558642e-06)
1.968000e+04	lowerWall	(-8.874882e-02 0.000000e+00 -9.524578e-07)	(-8.786841e-02 0.000000e+00 1.558435e-06)
1.969000e+04	lowerWall	(-8.874567e-02 0.000000e+00 -9.527196e-07)	(-8.786486e-02 0.000000e+00 1.557616e-06)
1.970000e+04	lowerWall	(-8.874245e-02 0.000000e+00 -9.478528e-07)	(-8.786494e-02 0.000000e+00 1.555013e-06)
1.971000e+04	lowerWall	(-8.873852e-02 0.000000e+00 -9.505130e-07)	(-8.785945e-02 0.000000e+00 1.554530e-06)
1.972000e+04	lowerWall	(-8.873498e-02 0.000000e+00 -9.496088e-07)	(-8.785652e-02 0.000000e+00 1.553419e-06)
1.973000e+04	lowerWall	(-8.873158e-02 0.000000e+00 -9.442665e-07)	(-8.785659e-02 0.000000e+00 1.550987e-06)
1.974000e+04	lowerWall	(-8.872716e-02 0.000000e+00 -9.475925e-07)	(-8.785019e-02 0.000000e+00 1.551346e-06)
1.975000e+04	lowerWall	(-8.872282e-02 0.000000e+00 -9.456457e-07)	(-8.784686e-02 0.000000e+00 1.550493e-06)
1.976000e+04	lowerWall	(-8.871922e-02 0.000000e+00 -9.437582e-07)	(-8.784477e-02 0.000000e+00 1.548482e-06)
1.977000e+04	lowerWall	(-8.871562e-02 0.000000e+00 -9.443273e-07)	(-8.784090e-02 0.000000e+00 1.548222e-06)
1.978000e+04	lowerWall	(-8.871182e-02 0.000000e+00 -9.419483e-07)	(-8.783881e-02 0.000000e+00 1.545780e-06)
1.979000e+04	lowerWall	(-8.870896e-02 0.000000e+00 -9.380285e-07)	(-8.783822e-02 0.000000e+00 1.543882e-06)
1.980000e+04	lowerWall	(-8.870513e-02 0.000000e+00 -9.393892e-07)	(-8.783434e-02 0.000000e+00 1.543578e-06)
1.981000e+04	lowerWall	(-8.870066e-02 0.000000e+00 -9.396871e-07)	(-8.782972e-02 0.000000e+00 1.542567e-06)
1.982000e+04	lowerWall	(-8.869791e-02 0.000000e+00 -9.410832e-07)	(-8.782628e-02 0.000000e+00 1.541711e-06)
1.983000e+04	lowerWall	(-8.869366e-02 0.000000e+00 -9.373232e-07)	(-8.782428e-02 0.000000e+00 1.539411e-06)
1.984000e+04	lowerWall	(-8.869002e-02 0.000000e+00 -9.355793e-07)	(-8.782169e-02 0.000000e+00 1.537649e-06)
1.985000e+04	lowerWall	(-8.868616e-02 0.000000e+00 -9.369210e-07)	(-8.781775e-02 0.000000e+00 1.537280e-06)
1.986000e+04	lowerWall	(-8.868266e-02 0.000000e+00 -9.337249e-07)	(-8.781564e-02 0.000000e+00 1.535205e-06)
1.987000e+04	lowerWall	(-8.867881e-02 0.000000e+00 -9.339314e-07)	(-8.781212e-02 0.000000e+00 1.534741e-06)
1.988000e+04	lowerWall	(-8.867501e-02 0.000000e+00 -9.334436e-07)	(-8.780837e-02 0.000000e+00 1.534014e-06)
1.989000e+04	lowerWall	(-8.867110e-02 0.000000e+00 -9.322446e-07)	(-8.780583e-02 0.000000e+00 1.532392e-06)
1.990000e+04	lowerWall	(-8.866786e-02 0.000000e+00 -9.289855e-07)	(-8.780452e-02 0.000000e+00 1.530821e-06)
1.991000e+04	lowerWall	(-8.866379e-02 0.000000e+00 -9.298929e-07)	(-8.779997e-02 0.000000e+00 1.529794e-06)
1.992000e+04	lowerWall	(-8.866055e-02 0.000000e+00 -9.277817e-07)	(-8.779798e-02 0.000000e+00 1.527505e-06)
1.993000e+04	lowerWall	(-8.865719e-02 0.000000e+00 -9.249117e-07)	(-8.779638e-02 0.000000e+00 1.526387e-06)
1.994000e+04	lowerWall	(-8.865339e-02 0.000000e+00 -9.257972e-07)	(-8.779235e-02 0.000000e+00 1.525034e-06)
1.995000e+04	lowerWall	(-8.864932e-02 0.000000e+00 -9.262591e-07)	(-8.778788e-02 0.000000e+00 1.525054e-06)
1.996000e+04	lowerWall	(-8.864542e-02 0.000000e+00 -9.236876e-07)	(-8.778576e-02 0.000000e+00 1.523128e-06)
1.997000e+04	lowerWall	(-8.864243e-02 0.000000e+00 -9.248736e-07)	(-8.778228e-02 0.000000e+00 1.522080e-06)
1.998000e+04	lowerWall	(-8.863794e-02 0.000000e+00 -9.218996e-07)	(-8.777970e-02 0.000000e+00 1.520658e-06)
1.999000e+04	lowerWall	(-8.863482e-02 0.000000e+00 -9.234078e-07)	(-8.777583e-02 0.000000e+00 1.519966e-06)
2.000000e+04	lowerWall	(-8.863069e-02 0.000000e+00 -9.209802e-07)	(-8.777347e-02 0.000000e+00 1.518580e-06)
2.001000e+04	lowerWall	(-8.862692e-02 0.000000e+00 -9.225199e-07)	(-8.776903e-02 0.000000e+00 1.517060e-06)
2.002000e+04	lowerWall	(-8.862414e-02 0.000000e+00 -9.214388e-07)	(-8.776710e-02 0.000000e+00 1.516371e-06)
2.003000e+04	lowerWall	(-8.862016e-02 0.000000e+00 -9.178766e-07)	(-8.776511e-02 0.000000e+00 1.514452e-06)
2.004000e+04	lowerWall	(-8.861748e-02 0.000000e+00 -9.159099e-07)	(-8.776412e-02 0.000000e+00 1.513341e-06)
2.005000e+04	lowerWall	(-8.861354e-02 0.000000e+00 -9.198485e-07)	(-8.775821e-02 0.000000e+00 1.513519e-06)
2.006000e+04	lowerWall	(-8.860924e-02 0.000000e+00 -9.160432e-07)	(-8.775597e-02 0.000000e+00 1.511344e-06)
2.007000e+04	lowerWall	(-8.860511e-02 0.000000e+00 -9.146955e-07)	(-8.775270e-02 0.000000e+00 1.510098e-06)
2.008000e+04	lowerWall	(-8.860150e-02 0.000000e+00 -9.134992e-07)	(-8.774952e-02 0.000000e+00 1.508947e-06)
2.009000e+04	lowerWall	(-8.859897e-02 0.000000e+00 -9.112261e-07)	(-8.774911e-02 0.000000e+00 1.507289e-06)
2.010000e+04	lowerWall	(-8.859529e-02 0.000000e+00 -9.122136e-07)	(-8.774439e-02 0.000000e+00 1.505804e-06)
2.011000e+04	lowerWall	(-8.859078e-02 0.000000e+00 -9.107071e-07)	(-8.774087e-02 0.000000e+00 1.504645e-06)
2.012000e+04	lowerWall	(-8.858796e-02 0.000000e+00 -9.133277e-07)	(-8.773745e-02 0.000000e+00 1.505017e-06)
2.013000e+04	lowerWall	(-8.858421e-02 0.000000e+00 -9.117152e-07)	(-8.773450e-02 0.000000e+00 1.503003e-06)
2.014000e+04	lowerWall	(-8.858061e-02 0.000000e+00 -9.087208e-07)	(-8.773288e-02 0.000000e+00 1.501094e-06)
2.015000e+04	lowerWall	(-8.857616e-02 0.000000e+00 -9.090682e-07)	(-8.772834e-02 0.000000e+00 1.500971e-06)
2.016000e+04	lowerWall	(-8.857261e-02 0.000000e+00 -9.077238e-07)	(-8.772561e-02 0.000000e+00 1.499620e-06)
2.017000e+04	lowerWall	(-8.856860e-02 0.000000e+00 -9.053497e-07)	(-8.772274e-02 0.000000e+00 1.497817e-06)
2.018000e+04	lowerWall	(-8.856591e-02 0.000000e+00 -9.046749e-07)	(-8.772111e-02 0.000000e+00 1.496076e-06)
2.019000e+04	lowerWall	(-8.856248e-02 0.000000e+00 -9.025212e-07)	(-8.771869e-02 0.000000e+00 1.494296e-06)
2.020000e+04	lowerWall	(-8.855821e-02 0.000000e+00 -9.015511e-07)	(-8.771483e-02 0.000000e+00 1.493618e-06)
2.021000e+04	lowerWall	(-8.855614e-02 0.000000e+00 -9.034343e-07)	(-8.771235e-02 0.000000e+00 1.492428e-06)
2.022000e+04	lowerWall	(-8.855145e-02 0.000000e+00 -8.998934e-07)	(-8.770938e-02 0.000000e+00 1.491096e-06)
2.023000e+04	lowerWall	(-8.854775e-02 0.000000e+00 -8.994163e-07)	(-8.770622e-02 0.000000e+00 1.490273e-06)
2.024000e+04	lowerWall	(-8.854416e-02 0.000000e+00 -8.992215e-07)	(-8.770314e-02 0.000000e+00 1.489626e-06)
2.025000e+04	lowerWall	(-8.854034e-02 0.000000e+00 -8.978956e-07)	(-8.770008e-02 0.000000e+00 1.488294e-06)
2.026000e+04	lowerWall	(-8.853716e-02 0.000000e+00 -8.989246e-07)	(-8.769676e-02 0.000000e+00 1.488079e-06)
2.027000e+04	lowerWall	(-8.853324e-02 0.000000e+00 -8.967232e-07)	(-8.769397e-02 0.000000e+00 1.486316e-06)
2.028000e+04	lowerWall	(-8.853061e-02 0.000000e+00 -8.991712e-07)	(-8.769091e-02 0.000000e+00 1.485899e-06)
2.029000e+04	lowerWall	(-8.852648e-02 0.000000e+00 -8.956607e-07)	(-8.768872e-02 0.000000e+00 1.484014e-06)
2.030000e+04	lowerWall	(-8.852333e-02 0.000000e+00 -8.965918e-07)	(-8.768519e-02 0.000000e+00 1.483116e-06)
2.031000e+04	lowerWall	(-8.851920e-02 0.000000e+00 -8.952700e-07)	(-8.768203e-02 0.000000e+00 1.482473e-06)
2.032000e+04	lowerWall	(-8.851544e-02 0.000000e+00 -8.936513e-07)	(-8.767913e-02 0.000000e+00 1.480939e-06)
2.033000e+04	lowerWall	(-8.851232e-02 0.000000e+00 -8.945386e-07)	(-8.767592e-02 0.000000e+00 1.480624e-06)
2.034000e+04	lowerWall	(-8.850846e-02 0.000000e+00 -8.922623e-07)	(-8.767323e-02 0.000000e+00 1.478802e-06)
2.035000e+04	lowerWall	(-8.850588e-02 0.000000e+00 -8.946337e-07)	(-8.767024e-02 0.000000e+00 1.478338e-06)
2.036000e+04	lowerWall	(-8.850181e-02 0.000000e+00 -8.910915e-07)	(-8.766813e-02 0.000000e+00 1.476424e-06)
2.037000e+04	lowerWall	(-8.849871e-02 0.000000e+00 -8.919663e-07)	(-8.766466e-02 0.000000e+00 1.475497e-06)
2.038000e+04	lowerWall	(-8.849463e-02 0.000000e+00 -8.906041e-07)	(-8.766158e-02 0.000000e+00 1.474827e-06)
2.039000e+04	lowerWall	(-8.849092e-02 0.000000e+00 -8.889535e-07)	(-8.765875e-02 0.000000e+00 1.473277e-06)
2.040000e+04	lowerWall	(-8.848785e-02 0.000000e+00 -8.897941e-07)	(-8.765559e-02 0.000000e+00 1.472939e-06)
2.041000e+04	lowerWall	(-8.848403e-02 0.000000e+00 -8.874927e-07)	(-8.765296e-02 0.000000e+00 1.471108e-06)
2.042000e+04	lowerWall	(-8.848149e-02 0.000000e+00 -8.898096e-07)	(-8.765003e-02 0.000000e+00 1.470627e-06)
2.043000e+04	lowerWall	(-8.847746e-02 0.000000e+00 -8.862544e-07)	(-8.764797e-02 0.000000e+00 1.468707e-06)
2.044000e+04	lowerWall	(-8.847441e-02 0.000000e+00 -8.870844e-07)	(-8.764456e-02 0.000000e+00 1.467769e-06)
2.045000e+04	lowerWall	(-8.847038e-02 0.000000e+00 -8.856927e-07)	(-8.764153e-02 0.000000e+00 1.467085e-06)
2.046000e+04	lowerWall	(-8.846671e-02 0.000000e+00 -8.840183e-07)	(-8.763876e-02 0.000000e+00 1.465530e-06)
2.047000e+04	lowerWall	(-8.846368e-02 0.000000e+00 -8.848174e-07)	(-8.763566e-02 0.000000e+00 1.465180e-06)
2.048000e+04	lowerWall	(-8.845991e-02 0.000000e+00 -8.824983e-07)	(-8.763308e-02 0.000000e+00 1.463347e-06)
2.049000e+04	lowerWall	(-8.845740e-02 0.000000e+00 -8.847647e-07)	(-8.763020e-02 0.000000e+00 1.462856e-06)
2.050000e+04	lowerWall	(-8.845342e-02 0.000000e+00 -8.812033e-07)	(-8.762819e-02 0.000000e+00 1.460936e-06)
2.051000e+04	lowerWall	(-8.845040e-02 0.000000e+00 -8.819943e-07)	(-8.762484e-02 0.000000e+00 1.459991e-06)
2.052000e+04	lowerWall	(-8.844641e-02 0.000000e+00 -8.805804e-07)	(-8.762186e-02 0.000000e+00 1.459299e-06)
2.053000e+04	lowerWall	(-8.844279e-02 0.000000e+00 -8.788882e-07)	(-8.761914e-02 0.000000e+00 1.457743e-06)
2.054000e+04	lowerWall	(-8.843979e-02 0.000000e+00 -8.796507e-07)	(-8.761608e-02 0.000000e+00 1.457383e-06)
2.055000e+04	lowerWall	(-8.843606e-02 0.000000e+00 -8.773202e-07)	(-8.761356e-02 0.000000e+00 1.455552e-06)
2.056000e+04	lowerWall	(-8.843358e-02 0.000000e+00 -8.795405e-07)	(-8.761072e-02 0.000000e+00 1.455052e-06)
2.057000e+04	lowerWall	(-8.842964e-02 0.000000e+00 -8.759788e-07)	(-8.760875e-02 0.000000e+00 1.453135e-06)
2.058000e+04	lowerWall	(-8.842665e-02 0.000000e+00 -8.767363e-07)	(-8.760546e-02 0.000000e+00 1.452187e-06)
2.059000e+04	lowerWall	(-8.842271e-02 0.000000e+00 -8.753061e-07)	(-8.760252e-02 0.000000e+00 1.451488e-06)
2.060000e+04	lowerWall	(-8.841912e-02 0.000000e+00 -8.736013e-07)	(-8.759984e-02 0.000000e+00 1.449936e-06)
2.061000e+04	lowerWall	(-8.841615e-02 0.000000e+00 -8.743320e-07)	(-8.759683e-02 0.000000e+00 1.449596e-06)
2.062000e+04	lowerWall	(-8.841247e-02 0.000000e+00 -8.719955e-07)	(-8.759435e-02 0.000000e+00 1.447799e-06)
2.063000e+04	lowerWall	(-8.841002e-02 0.000000e+00 -8.741739e-07)	(-8.759155e-02 0.000000e+00 1.447303e-06)
2.064000e+04	lowerWall	(-8.840611e-02 0.000000e+00 -8.706169e-07)	(-8.758962e-02 0.000000e+00 1.445435e-06)
2.065000e+04	lowerWall	(-8.840316e-02 0.000000e+00 -8.713456e-07)	(-8.758636e-02 0.000000e+00 1.444498e-06)
2.066000e+04	lowerWall	(-8.839938e-02 0.000000e+00 -8.689700e-07)	(-8.758418e-02 0.000000e+00 1.443191e-06)
2.067000e+04	lowerWall	(-8.839655e-02 0.000000e+00 -8.708681e-07)	(-8.758069e-02 0.000000e+00 1.442814e-06)
2.068000e+04	lowerWall	(-8.839227e-02 0.000000e+00 -8.669741e-07)	(-8.757807e-02 0.000000e+00 1.441041e-06)
2.069000e+04	lowerWall	(-8.838899e-02 0.000000e+00 -8.667796e-07)	(-8.757538e-02 0.000000e+00 1.440119e-06)
2.070000e+04	lowerWall	(-8.838626e-02 0.000000e+00 -8.670171e-07)	(-8.757279e-02 0.000000e+00 1.438756e-06)
2.071000e+04	lowerWall	(-8.838214e-02 0.000000e+00 -8.643763e-07)	(-8.756993e-02 0.000000e+00 1.437584e-06)
2.072000e+04	lowerWall	(-8.837890e-02 0.000000e+00 -8.642482e-07)	(-8.756726e-02 0.000000e+00 1.436702e-06)
2.073000e+04	lowerWall	(-8.837620e-02 0.000000e+00 -8.645251e-07)	(-8.756467e-02 0.000000e+00 1.435363e-06)
2.074000e+04	lowerWall	(-8.837211e-02 0.000000e+00 -8.619185e-07)	(-8.756183e-02 0.000000e+00 1.434208e-06)
2.075000e+04	lowerWall	(-8.836890e-02 0.000000e+00 -8.618103e-07)	(-8.755917e-02 0.000000e+00 1.433338e-06)
2.076000e+04	lowerWall	(-8.836622e-02 0.000000e+00 -8.621015e-07)	(-8.755660e-02 0.000000e+00 1.432010e-06)
2.077000e+04	lowerWall	(-8.836215e-02 0.000000e+00 -8.595121e-07)	(-8.755377e-02 0.000000e+00 1.430861e-06)
2.078000e+04	lowerWall	(-8.835896e-02 0.000000e+00 -8.594105e-07)	(-8.755113e-02 0.000000e+00 1.429996e-06)
2.079000e+04	lowerWall	(-8.835630e-02 0.000000e+00 -8.597056e-07)	(-8.754858e-02 0.000000e+00 1.428673e-06)
2.080000e+04	lowerWall	(-8.835225e-02 0.000000e+00 -8.571258e-07)	(-8.754576e-02 0.000000e+00 1.427528e-06)
2.081000e+04	lowerWall	(-8.834907e-02 0.000000e+00 -8.570248e-07)	(-8.754314e-02 0.000000e+00 1.426665e-06)
2.082000e+04	lowerWall	(-8.834643e-02 0.000000e+00 -8.573186e-07)	(-8.754060e-02 0.000000e+00 1.425344e-06)
2.083000e+04	lowerWall	(-8.834240e-02 0.000000e+00 -8.547446e-07)	(-8.753780e-02 0.000000e+00 1.424201e-06)
2.084000e+04	lowerWall	(-8.833924e-02 0.000000e+00 -8.546412e-07)	(-8.753519e-02 0.000000e+00 1.423337e-06)
2.085000e+04	lowerWall	(-8.833661e-02 0.000000e+00 -8.549310e-07)	(-8.753267e-02 0.000000e+00 1.422018e-06)
2.086000e+04	lowerWall	(-8.833260e-02 0.000000e+00 -8.523610e-07)	(-8.752988e-02 0.000000e+00 1.420875e-06)
2.087000e+04	lowerWall	(-8.832946e-02 0.000000e+00 -8.522532e-07)	(-8.752729e-02 0.000000e+00 1.420010e-06)
2.088000e+04	lowerWall	(-8.832684e-02 0.000000e+00 -8.525375e-07)	(-8.752478e-02 0.000000e+00 1.418691e-06)
2.089000e+04	lowerWall	(-8.832285e-02 0.000000e+00 -8.499706e-07)	(-8.752201e-02 0.000000e+00 1.417547e-06)
2.090000e+04	lowerWall	(-8.831972e-02 0.000000e+00 -8.498578e-07)	(-8.751943e-02 0.000000e+00 1.416681e-06)
2.091000e+04	lowerWall	(-8.831711e-02 0.000000e+00 -8.501362e-07)	(-8.751694e-02 0.000000e+00 1.415361e-06)
2.092000e+04	lowerWall	(-8.831314e-02 0.000000e+00 -8.475723e-07)	(-8.751419e-02 0.000000e+00 1.414216e-06)
2.093000e+04	lowerWall	(-8.831003e-02 0.000000e+00 -8.474545e-07)	(-8.751162e-02 0.000000e+00 1.413349e-06)
2.094000e+04	lowerWall	(-8.830743e-02 0.000000e+00 -8.477267e-07)	(-8.750914e-02 0.000000e+00 1.412030e-06)
2.095000e+04	lowerWall	(-8.830348e-02 0.000000e+00 -8.451658e-07)	(-8.750641e-02 0.000000e+00 1.410884e-06)
2.096000e+04	lowerWall	(-8.830038e-02 0.000000e+00 -8.450429e-07)	(-8.750386e-02 0.000000e+00 1.410016e-06)
2.097000e+04	lowerWall	(-8.829780e-02 0.000000e+00 -8.453089e-07)	(-8.750139e-02 0.000000e+00 1.408696e-06)
2.098000e+04	lowerWall	(-8.829386e-02 0.000000e+00 -8.427512e-07)	(-8.749868e-02 0.000000e+00 1.407588e-06)
2.099000e+04	lowerWall	(-8.829077e-02 0.000000e+00 -8.426233e-07)	(-8.749614e-02 0.000000e+00 1.406734e-06)
2.100000e+04	lowerWall	(-8.828820e-02 0.000000e+00 -8.428832e-07)	(-8.749369e-02 0.000000e+00 1.405439e-06)
2.101000e+04	lowerWall	(-8.828428e-02 0.000000e+00 -8.403288e-07)	(-8.749098e-02 0.000000e+00 1.404339e-06)
2.102000e+04	lowerWall	(-8.828121e-02 0.000000e+00 -8.401962e-07)	(-8.748846e-02 0.000000e+00 1.403483e-06)
2.103000e+04	lowerWall	(-8.827865e-02 0.000000e+00 -8.404501e-07)	(-8.748602e-02 0.000000e+00 1.402188e-06)
2.104000e+04	lowerWall	(-8.827475e-02 0.000000e+00 -8.378993e-07)	(-8.748334e-02 0.000000e+00 1.401087e-06)
2.105000e+04	lowerWall	(-8.827169e-02 0.000000e+00 -8.377621e-07)	(-8.748083e-02 0.000000e+00 1.400230e-06)
2.106000e+04	lowerWall	(-8.826914e-02 0.000000e+00 -8.380187e-07)	(-8.747840e-02 0.000000e+00 1.398935e-06)
2.107000e+04	lowerWall	(-8.826526e-02 0.000000e+00 -8.354633e-07)	(-8.747573e-02 0.000000e+00 1.397833e-06)
2.108000e+04	lowerWall	(-8.826221e-02 0.000000e+00 -8.353345e-07)	(-8.747323e-02 0.000000e+00 1.396974e-06)
2.109000e+04	lowerWall	(-8.825967e-02 0.000000e+00 -8.356174e-07)	(-8.747082e-02 0.000000e+00 1.395679e-06)
2.110000e+04	lowerWall	(-8.825581e-02 0.000000e+00 -8.330548e-07)	(-8.746816e-02 0.000000e+00 1.394577e-06)
2.111000e+04	lowerWall	(-8.825277e-02 0.000000e+00 -8.329332e-07)	(-8.746568e-02 0.000000e+00 1.393717e-06)
2.112000e+04	lowerWall	(-8.825025e-02 0.000000e+00 -8.332106e-07)	(-8.746328e-02 0.000000e+00 1.392422e-06)
2.113000e+04	lowerWall	(-8.824639e-02 0.000000e+00 -8.306522e-07)	(-8.746063e-02 0.000000e+00 1.391318e-06)
2.114000e+04	lowerWall	(-8.824337e-02 0.000000e+00 -8.305267e-07)	(-8.745816e-02 0.000000e+00 1.390457e-06)
2.115000e+04	lowerWall	(-8.824032e-02 0.000000e+00 -8.301081e-07)	(-8.745568e-02 0.000000e+00 1.388618e-06)
2.116000e+04	lowerWall	(-8.823688e-02 0.000000e+00 -8.278635e-07)	(-8.745311e-02 0.000000e+00 1.387703e-06)
2.117000e+04	lowerWall	(-8.823379e-02 0.000000e+00 -8.276420e-07)	(-8.745056e-02 0.000000e+00 1.386637e-06)
2.118000e+04	lowerWall	(-8.823099e-02 0.000000e+00 -8.279090e-07)	(-8.744792e-02 0.000000e+00 1.384645e-06)
2.119000e+04	lowerWall	(-8.822746e-02 0.000000e+00 -8.254192e-07)	(-8.744558e-02 0.000000e+00 1.384312e-06)
2.120000e+04	lowerWall	(-8.822439e-02 0.000000e+00 -8.251870e-07)	(-8.744306e-02 0.000000e+00 1.383257e-06)
2.121000e+04	lowerWall	(-8.822161e-02 0.000000e+00 -8.254478e-07)	(-8.744044e-02 0.000000e+00 1.381281e-06)
2.122000e+04	lowerWall	(-8.821820e-02 0.000000e+00 -8.228975e-07)	(-8.743828e-02 0.000000e+00 1.380880e-06)
2.123000e+04	lowerWall	(-8.821511e-02 0.000000e+00 -8.227099e-07)	(-8.743568e-02 0.000000e+00 1.379862e-06)
2.124000e+04	lowerWall	(-8.821240e-02 0.000000e+00 -8.229655e-07)	(-8.743318e-02 0.000000e+00 1.377849e-06)
2.125000e+04	lowerWall	(-8.820889e-02 0.000000e+00 -8.203915e-07)	(-8.743085e-02 0.000000e+00 1.377515e-06)
2.126000e+04	lowerWall	(-8.820591e-02 0.000000e+00 -8.201475e-07)	(-8.742843e-02 0.000000e+00 1.376433e-06)
2.127000e+04	lowerWall	(-8.820353e-02 0.000000e+00 -8.184666e-07)	(-8.742729e-02 0.000000e+00 1.374389e-06)
2.128000e+04	lowerWall	(-8.819997e-02 0.000000e+00 -8.170738e-07)	(-8.742424e-02 0.000000e+00 1.373692e-06)
2.129000e+04	lowerWall	(-8.819718e-02 0.000000e+00 -8.162155e-07)	(-8.742243e-02 0.000000e+00 1.372334e-06)
2.130000e+04	lowerWall	(-8.819394e-02 0.000000e+00 -8.156507e-07)	(-8.741938e-02 0.000000e+00 1.371439e-06)
2.131000e+04	lowerWall	(-8.819185e-02 0.000000e+00 -8.132906e-07)	(-8.741904e-02 0.000000e+00 1.369829e-06)
2.132000e+04	lowerWall	(-8.818801e-02 0.000000e+00 -8.133174e-07)	(-8.741492e-02 0.000000e+00 1.369148e-06)
2.133000e+04	lowerWall	(-8.818490e-02 0.000000e+00 -8.125693e-07)	(-8.741256e-02 0.000000e+00 1.367879e-06)
2.134000e+04	lowerWall	(-8.818246e-02 0.000000e+00 -8.116461e-07)	(-8.741106e-02 0.000000e+00 1.366159e-06)
2.134200e+04	lowerWall	(-8.818212e-02 0.000000e+00 -8.105176e-07)	(-8.741129e-02 0.000000e+00 1.365512e-06)
