/*--------------------------------*- C++ -*----------------------------------*\
  =========                 |
  \\      /  F ield         | OpenFOAM: The Open Source CFD Toolbox
   \\    /   O peration     | Website:  https://openfoam.org
    \\  /    A nd           | Version:  8
     \\/     M anipulation  |
\*---------------------------------------------------------------------------*/
FoamFile
{
    version     2.0;
    format      ascii;
    class       volScalarField;
    location    "206";
    object      p;
}
// * * * * * * * * * * * * * * * * * * * * * * * * * * * * * * * * * * * * * //

dimensions      [1 -1 -2 0 0 0 0];

internalField   nonuniform List<scalar> 
42000
(
465.741
470.285
471.632
474.376
475.903
477.891
479.383
480.924
482.192
483.362
484.342
485.198
485.916
486.527
487.038
487.466
487.82
488.113
488.353
488.55
488.711
488.843
488.953
489.045
489.126
489.199
489.268
489.336
489.405
489.478
489.557
489.641
489.733
489.831
489.937
490.049
490.168
490.292
490.421
490.554
490.689
490.827
490.965
491.103
491.24
491.375
491.507
491.636
491.76
491.88
491.994
492.103
492.206
492.303
492.394
492.478
492.555
492.626
492.691
492.75
492.802
492.849
492.89
492.926
492.957
492.983
493.004
493.022
493.036
493.046
493.053
493.057
493.059
493.059
493.056
493.052
493.047
493.04
493.032
493.023
493.014
493.004
492.994
492.984
492.974
492.963
492.953
492.943
492.933
492.923
492.914
492.905
492.896
492.887
492.879
492.871
492.863
492.855
492.847
492.839
492.831
492.824
492.816
492.808
492.8
492.791
492.783
492.774
492.765
492.755
492.745
492.735
492.725
492.715
492.704
492.693
492.683
492.672
492.662
492.651
492.642
492.633
492.625
492.617
492.612
492.607
492.605
492.604
492.606
492.61
492.617
492.627
492.641
492.659
492.681
492.708
492.739
492.776
492.818
492.865
492.919
492.978
493.044
493.117
493.196
493.281
493.373
493.471
493.575
493.685
493.801
493.922
494.047
494.177
494.309
494.445
494.582
494.72
494.858
494.996
495.13
495.262
495.39
495.513
495.63
495.74
495.843
495.939
496.028
496.11
496.185
496.255
496.322
496.387
496.453
496.523
496.601
496.692
496.8
496.931
497.092
497.289
497.531
497.827
498.185
498.619
499.136
499.756
500.482
501.348
502.336
503.514
504.788
506.332
507.826
509.816
511.342
514.086
515.431
519.978
460.817
465.302
466.684
469.471
470.995
472.988
474.463
475.991
477.243
478.402
479.372
480.223
480.937
481.547
482.058
482.487
482.843
483.137
483.379
483.577
483.739
483.873
483.983
484.077
484.159
484.233
484.302
484.371
484.441
484.515
484.594
484.679
484.771
484.871
484.977
485.09
485.209
485.334
485.463
485.597
485.733
485.871
486.009
486.148
486.285
486.42
486.553
486.682
486.807
486.927
487.041
487.151
487.254
487.351
487.441
487.525
487.603
487.674
487.739
487.798
487.85
487.897
487.938
487.974
488.005
488.031
488.053
488.07
488.084
488.094
488.101
488.106
488.108
488.107
488.105
488.1
488.095
488.088
488.08
488.071
488.062
488.052
488.042
488.032
488.022
488.011
488.001
487.991
487.981
487.971
487.962
487.953
487.944
487.935
487.927
487.919
487.911
487.903
487.895
487.887
487.879
487.872
487.864
487.856
487.848
487.839
487.831
487.822
487.813
487.803
487.793
487.783
487.773
487.763
487.752
487.741
487.731
487.72
487.709
487.699
487.69
487.681
487.672
487.665
487.659
487.655
487.652
487.652
487.653
487.657
487.665
487.675
487.689
487.707
487.729
487.755
487.787
487.823
487.865
487.913
487.967
488.026
488.092
488.165
488.244
488.329
488.421
488.519
488.624
488.734
488.85
488.971
489.097
489.227
489.36
489.496
489.633
489.772
489.911
490.048
490.183
490.316
490.444
490.567
490.685
490.796
490.9
490.996
491.086
491.168
491.244
491.315
491.383
491.448
491.515
491.586
491.666
491.757
491.867
491.999
492.161
492.36
492.603
492.9
493.26
493.695
494.212
494.831
495.554
496.414
497.393
498.56
499.818
501.349
502.826
504.82
506.343
509.13
510.51
514.998
456.043
460.598
461.883
464.689
466.181
468.162
469.609
471.119
472.349
473.49
474.445
475.285
475.991
476.595
477.102
477.529
477.884
478.177
478.419
478.617
478.779
478.912
479.023
479.117
479.199
479.272
479.342
479.411
479.482
479.556
479.635
479.721
479.813
479.913
480.019
480.133
480.252
480.377
480.507
480.641
480.777
480.916
481.055
481.193
481.331
481.467
481.599
481.729
481.854
481.974
482.089
482.198
482.301
482.398
482.489
482.573
482.651
482.722
482.787
482.846
482.899
482.946
482.987
483.023
483.053
483.08
483.101
483.119
483.132
483.143
483.15
483.154
483.156
483.155
483.153
483.149
483.143
483.136
483.128
483.12
483.11
483.101
483.091
483.08
483.07
483.06
483.049
483.039
483.029
483.02
483.01
483.001
482.992
482.983
482.975
482.967
482.959
482.951
482.943
482.935
482.927
482.92
482.912
482.904
482.896
482.887
482.879
482.87
482.861
482.851
482.841
482.831
482.821
482.811
482.8
482.789
482.778
482.768
482.757
482.747
482.737
482.728
482.72
482.713
482.707
482.702
482.7
482.699
482.701
482.705
482.712
482.723
482.737
482.754
482.776
482.803
482.834
482.871
482.913
482.961
483.014
483.074
483.14
483.213
483.292
483.377
483.469
483.568
483.672
483.783
483.899
484.02
484.146
484.276
484.41
484.546
484.684
484.823
484.962
485.099
485.235
485.368
485.497
485.62
485.738
485.849
485.954
486.051
486.141
486.223
486.3
486.371
486.438
486.504
486.571
486.643
486.722
486.814
486.923
487.055
487.217
487.416
487.659
487.955
488.314
488.746
489.26
489.873
490.587
491.436
492.4
493.55
494.786
496.3
497.748
499.731
501.221
504.027
505.31
509.867
451.469
456.24
457.301
460.094
461.516
463.466
464.871
466.347
467.545
468.66
469.591
470.412
471.102
471.695
472.192
472.611
472.96
473.249
473.486
473.681
473.84
473.971
474.08
474.172
474.252
474.325
474.394
474.462
474.532
474.605
474.684
474.769
474.861
474.96
475.067
475.18
475.3
475.425
475.555
475.688
475.825
475.963
476.102
476.241
476.379
476.514
476.647
476.776
476.901
477.022
477.137
477.246
477.349
477.447
477.537
477.622
477.699
477.771
477.836
477.895
477.947
477.994
478.035
478.071
478.102
478.128
478.15
478.167
478.181
478.191
478.198
478.202
478.204
478.204
478.201
478.197
478.191
478.184
478.177
478.168
478.159
478.149
478.139
478.128
478.118
478.108
478.097
478.087
478.077
478.068
478.058
478.049
478.04
478.031
478.023
478.015
478.007
477.999
477.991
477.983
477.975
477.968
477.96
477.952
477.944
477.935
477.927
477.918
477.908
477.899
477.889
477.879
477.869
477.858
477.848
477.837
477.826
477.815
477.805
477.795
477.785
477.776
477.768
477.761
477.755
477.75
477.747
477.747
477.748
477.753
477.76
477.77
477.784
477.802
477.824
477.851
477.882
477.919
477.961
478.008
478.062
478.122
478.188
478.26
478.339
478.425
478.517
478.615
478.72
478.831
478.947
479.068
479.194
479.325
479.458
479.594
479.732
479.871
480.01
480.148
480.284
480.417
480.545
480.669
480.787
480.898
481.002
481.099
481.188
481.27
481.346
481.417
481.484
481.549
481.615
481.685
481.762
481.852
481.96
482.09
482.249
482.444
482.683
482.975
483.327
483.752
484.256
484.857
485.556
486.386
487.327
488.45
489.654
491.135
492.542
494.492
495.913
498.706
499.763
504.536
447.129
452.253
452.994
455.762
457.072
458.961
460.299
461.723
462.871
463.943
464.838
465.628
466.292
466.863
467.342
467.747
468.083
468.362
468.591
468.778
468.932
469.057
469.161
469.249
469.325
469.395
469.461
469.526
469.594
469.666
469.743
469.827
469.917
470.016
470.121
470.234
470.353
470.477
470.606
470.74
470.876
471.014
471.152
471.291
471.429
471.564
471.697
471.826
471.951
472.071
472.186
472.295
472.399
472.496
472.586
472.671
472.748
472.82
472.885
472.943
472.996
473.043
473.084
473.12
473.15
473.176
473.198
473.216
473.229
473.24
473.247
473.251
473.253
473.252
473.249
473.245
473.24
473.233
473.225
473.216
473.207
473.197
473.187
473.177
473.166
473.156
473.145
473.135
473.125
473.116
473.106
473.097
473.088
473.079
473.071
473.063
473.055
473.047
473.039
473.031
473.023
473.016
473.008
473
472.992
472.983
472.974
472.966
472.956
472.947
472.937
472.927
472.917
472.906
472.896
472.885
472.874
472.863
472.853
472.843
472.833
472.824
472.815
472.808
472.802
472.798
472.795
472.794
472.796
472.8
472.807
472.818
472.832
472.849
472.871
472.898
472.929
472.966
473.008
473.055
473.109
473.169
473.235
473.307
473.386
473.472
473.564
473.662
473.767
473.877
473.994
474.115
474.241
474.371
474.504
474.64
474.778
474.917
475.056
475.193
475.329
475.461
475.589
475.712
475.829
475.94
476.043
476.139
476.227
476.308
476.382
476.45
476.515
476.578
476.641
476.708
476.782
476.868
476.97
477.094
477.247
477.435
477.666
477.947
478.288
478.698
479.184
479.763
480.436
481.235
482.139
483.221
484.376
485.804
487.144
489.034
490.34
493.108
493.845
498.971
443.066
448.694
449.026
451.779
452.925
454.722
455.955
457.296
458.368
459.377
460.216
460.958
461.582
462.12
462.571
462.952
463.268
463.53
463.744
463.919
464.061
464.177
464.272
464.353
464.423
464.487
464.548
464.609
464.673
464.741
464.815
464.896
464.984
465.081
465.184
465.295
465.413
465.536
465.664
465.796
465.931
466.069
466.207
466.345
466.482
466.617
466.749
466.878
467.002
467.122
467.237
467.346
467.449
467.546
467.636
467.72
467.798
467.869
467.934
467.993
468.045
468.092
468.133
468.169
468.199
468.225
468.247
468.264
468.278
468.288
468.295
468.299
468.301
468.3
468.298
468.294
468.288
468.281
468.273
468.264
468.255
468.245
468.235
468.225
468.214
468.204
468.194
468.183
468.173
468.164
468.154
468.145
468.136
468.127
468.119
468.111
468.103
468.095
468.087
468.079
468.071
468.064
468.056
468.048
468.039
468.031
468.022
468.013
468.004
467.995
467.985
467.975
467.965
467.954
467.943
467.933
467.922
467.911
467.9
467.89
467.88
467.871
467.863
467.856
467.85
467.845
467.843
467.842
467.843
467.848
467.855
467.865
467.879
467.897
467.919
467.945
467.976
468.013
468.055
468.102
468.156
468.215
468.281
468.354
468.433
468.518
468.61
468.708
468.812
468.923
469.039
469.16
469.285
469.415
469.548
469.683
469.821
469.959
470.097
470.234
470.368
470.499
470.626
470.748
470.864
470.973
471.074
471.168
471.253
471.332
471.403
471.468
471.529
471.587
471.645
471.706
471.774
471.852
471.946
472.061
472.203
472.378
472.594
472.858
473.178
473.565
474.023
474.568
475.202
475.953
476.802
477.82
478.9
480.245
481.48
483.277
484.419
487.17
487.499
493.129
439.214
445.453
445.344
448.107
449.046
450.724
451.816
453.047
454.019
454.944
455.711
456.392
456.965
457.458
457.872
458.221
458.511
458.749
458.943
459.1
459.227
459.329
459.413
459.483
459.544
459.6
459.654
459.708
459.767
459.83
459.9
459.977
460.062
460.155
460.256
460.364
460.479
460.601
460.727
460.858
460.992
461.128
461.265
461.402
461.538
461.672
461.804
461.932
462.056
462.175
462.289
462.398
462.501
462.597
462.687
462.771
462.848
462.919
462.984
463.042
463.095
463.141
463.182
463.218
463.248
463.274
463.296
463.313
463.327
463.337
463.344
463.348
463.35
463.349
463.346
463.342
463.336
463.329
463.321
463.313
463.303
463.293
463.283
463.273
463.263
463.252
463.242
463.232
463.222
463.212
463.202
463.193
463.184
463.176
463.167
463.159
463.151
463.143
463.135
463.127
463.119
463.112
463.104
463.096
463.087
463.079
463.07
463.061
463.052
463.043
463.033
463.023
463.012
463.002
462.991
462.98
462.969
462.959
462.948
462.938
462.928
462.919
462.911
462.903
462.897
462.893
462.89
462.889
462.891
462.895
462.902
462.912
462.926
462.944
462.965
462.992
463.023
463.059
463.101
463.149
463.202
463.261
463.327
463.399
463.478
463.563
463.654
463.752
463.856
463.966
464.082
464.202
464.327
464.456
464.588
464.723
464.86
464.997
465.134
465.269
465.402
465.532
465.657
465.777
465.891
465.997
466.096
466.187
466.269
466.343
466.41
466.47
466.525
466.577
466.628
466.681
466.74
466.808
466.89
466.991
467.117
467.275
467.47
467.711
468.005
468.359
468.78
469.281
469.862
470.554
471.331
472.266
473.246
474.482
475.576
477.252
478.186
480.945
480.834
487.075
435.22
442.059
441.554
444.356
445.097
446.664
447.622
448.751
449.63
450.479
451.181
451.807
452.332
452.786
453.166
453.486
453.75
453.966
454.141
454.281
454.393
454.482
454.554
454.614
454.666
454.713
454.76
454.809
454.861
454.919
454.985
455.058
455.139
455.229
455.328
455.433
455.547
455.666
455.791
455.92
456.052
456.187
456.323
456.459
456.594
456.727
456.858
456.986
457.109
457.228
457.342
457.45
457.552
457.648
457.738
457.822
457.899
457.969
458.034
458.092
458.144
458.191
458.231
458.267
458.297
458.323
458.345
458.362
458.375
458.385
458.392
458.396
458.398
458.397
458.395
458.39
458.385
458.378
458.37
458.361
458.351
458.342
458.331
458.321
458.311
458.3
458.29
458.28
458.27
458.26
458.25
458.241
458.232
458.224
458.215
458.207
458.199
458.191
458.183
458.175
458.167
458.16
458.152
458.144
458.135
458.127
458.118
458.109
458.1
458.091
458.081
458.071
458.06
458.05
458.039
458.028
458.017
458.007
457.996
457.986
457.976
457.967
457.958
457.951
457.945
457.94
457.938
457.937
457.938
457.942
457.949
457.959
457.973
457.991
458.013
458.039
458.07
458.106
458.148
458.195
458.248
458.307
458.373
458.445
458.523
458.608
458.699
458.797
458.9
459.01
459.125
459.245
459.369
459.497
459.629
459.763
459.899
460.035
460.17
460.305
460.437
460.565
460.688
460.806
460.918
461.022
461.118
461.205
461.284
461.354
461.417
461.472
461.521
461.567
461.611
461.655
461.705
461.762
461.833
461.921
462.032
462.173
462.349
462.568
462.836
463.16
463.547
464.008
464.542
465.178
465.89
466.75
467.638
468.774
469.733
471.297
472.032
474.83
474.321
481.163
430.717
437.996
437.188
440.031
440.654
442.169
443.057
444.136
444.97
445.783
446.452
447.051
447.552
447.986
448.348
448.653
448.904
449.109
449.274
449.405
449.508
449.59
449.656
449.71
449.756
449.799
449.841
449.886
449.935
449.99
450.053
450.123
450.203
450.291
450.388
450.492
450.604
450.723
450.846
450.975
451.106
451.24
451.376
451.511
451.646
451.779
451.909
452.037
452.16
452.278
452.392
452.5
452.602
452.698
452.787
452.871
452.948
453.018
453.083
453.141
453.193
453.239
453.28
453.315
453.346
453.371
453.393
453.41
453.423
453.433
453.44
453.444
453.446
453.445
453.443
453.438
453.432
453.425
453.417
453.409
453.399
453.389
453.379
453.369
453.358
453.348
453.338
453.328
453.318
453.308
453.298
453.289
453.28
453.271
453.263
453.255
453.247
453.239
453.231
453.223
453.215
453.208
453.2
453.192
453.183
453.175
453.166
453.157
453.148
453.139
453.129
453.119
453.108
453.098
453.087
453.076
453.065
453.055
453.044
453.034
453.024
453.015
453.006
452.999
452.993
452.988
452.986
452.985
452.986
452.99
452.997
453.007
453.021
453.039
453.06
453.086
453.118
453.154
453.195
453.242
453.295
453.355
453.42
453.492
453.57
453.655
453.746
453.843
453.946
454.056
454.17
454.29
454.414
454.542
454.674
454.807
454.942
455.078
455.213
455.347
455.478
455.605
455.728
455.845
455.955
456.058
456.152
456.238
456.315
456.383
456.442
456.494
456.54
456.582
456.621
456.662
456.705
456.757
456.821
456.902
457.005
457.136
457.302
457.509
457.764
458.073
458.442
458.883
459.393
460.001
460.681
461.504
462.348
463.435
464.324
465.835
466.451
469.289
468.477
475.759
425.845
433.387
432.365
435.234
435.813
437.325
438.195
439.269
440.095
440.901
441.564
442.157
442.653
443.082
443.44
443.741
443.989
444.191
444.353
444.481
444.582
444.662
444.725
444.776
444.82
444.861
444.901
444.944
444.992
445.046
445.107
445.177
445.255
445.343
445.439
445.543
445.654
445.772
445.896
446.024
446.155
446.289
446.425
446.56
446.695
446.828
446.958
447.085
447.208
447.327
447.44
447.548
447.65
447.746
447.836
447.919
447.996
448.066
448.13
448.189
448.241
448.287
448.328
448.363
448.393
448.419
448.44
448.458
448.471
448.481
448.488
448.492
448.493
448.493
448.49
448.486
448.48
448.473
448.465
448.456
448.447
448.437
448.427
448.417
448.406
448.396
448.385
448.375
448.365
448.356
448.346
448.337
448.328
448.319
448.311
448.303
448.295
448.287
448.279
448.271
448.263
448.256
448.248
448.24
448.231
448.223
448.214
448.205
448.196
448.187
448.177
448.167
448.157
448.146
448.135
448.124
448.114
448.103
448.092
448.082
448.072
448.063
448.055
448.047
448.041
448.037
448.034
448.033
448.034
448.039
448.045
448.056
448.069
448.087
448.108
448.135
448.166
448.202
448.243
448.29
448.343
448.403
448.468
448.54
448.618
448.703
448.794
448.891
448.994
449.103
449.218
449.338
449.462
449.59
449.721
449.855
449.99
450.125
450.26
450.394
450.525
450.652
450.775
450.891
451.001
451.103
451.197
451.282
451.358
451.425
451.483
451.534
451.578
451.618
451.656
451.694
451.735
451.784
451.846
451.924
452.024
452.153
452.316
452.52
452.771
453.077
453.441
453.877
454.381
454.983
455.657
456.475
457.311
458.392
459.264
460.771
461.342
464.206
463.179
470.724
420.918
428.615
427.446
430.338
430.893
432.409
433.275
434.35
435.175
435.982
436.645
437.237
437.732
438.159
438.516
438.817
439.063
439.264
439.425
439.552
439.651
439.729
439.79
439.84
439.882
439.921
439.96
440.001
440.047
440.1
440.161
440.229
440.307
440.394
440.49
440.593
440.704
440.822
440.945
441.073
441.205
441.338
441.473
441.609
441.743
441.876
442.006
442.134
442.257
442.375
442.488
442.596
442.698
442.794
442.884
442.967
443.044
443.114
443.178
443.236
443.288
443.335
443.375
443.411
443.441
443.467
443.488
443.505
443.519
443.529
443.535
443.539
443.541
443.54
443.538
443.533
443.528
443.521
443.513
443.504
443.494
443.485
443.475
443.464
443.454
443.443
443.433
443.423
443.413
443.403
443.394
443.385
443.376
443.367
443.359
443.351
443.342
443.335
443.327
443.319
443.311
443.304
443.296
443.288
443.279
443.271
443.262
443.254
443.244
443.235
443.225
443.215
443.205
443.194
443.184
443.173
443.162
443.151
443.141
443.13
443.121
443.111
443.103
443.096
443.09
443.085
443.082
443.081
443.083
443.087
443.094
443.104
443.118
443.135
443.157
443.183
443.214
443.25
443.291
443.339
443.392
443.451
443.516
443.588
443.666
443.75
443.841
443.939
444.042
444.151
444.266
444.385
444.509
444.637
444.769
444.902
445.037
445.173
445.308
445.441
445.572
445.699
445.821
445.937
446.047
446.149
446.242
446.326
446.401
446.467
446.525
446.574
446.618
446.656
446.692
446.728
446.768
446.815
446.875
446.951
447.05
447.177
447.339
447.541
447.791
448.096
448.459
448.892
449.395
449.996
450.669
451.488
452.324
453.407
454.274
455.787
456.333
459.219
458.045
465.743
416.045
423.836
422.56
425.466
425.996
427.512
428.37
429.442
430.265
431.071
431.731
432.322
432.815
433.241
433.597
433.896
434.142
434.341
434.5
434.626
434.724
434.799
434.859
434.906
434.947
434.984
435.021
435.061
435.106
435.157
435.216
435.284
435.361
435.447
435.542
435.645
435.756
435.873
435.996
436.124
436.255
436.388
436.523
436.658
436.793
436.926
437.056
437.183
437.306
437.424
437.537
437.645
437.747
437.842
437.932
438.015
438.092
438.162
438.226
438.284
438.336
438.382
438.423
438.458
438.489
438.514
438.535
438.553
438.566
438.576
438.583
438.587
438.588
438.588
438.585
438.581
438.575
438.568
438.56
438.551
438.542
438.532
438.522
438.512
438.501
438.491
438.481
438.471
438.461
438.451
438.442
438.432
438.424
438.415
438.407
438.398
438.39
438.383
438.375
438.367
438.359
438.352
438.344
438.336
438.328
438.319
438.311
438.302
438.293
438.283
438.273
438.263
438.253
438.243
438.232
438.221
438.21
438.2
438.189
438.179
438.169
438.16
438.152
438.144
438.138
438.134
438.131
438.13
438.131
438.135
438.142
438.152
438.166
438.183
438.205
438.231
438.262
438.298
438.34
438.387
438.439
438.498
438.564
438.635
438.713
438.798
438.889
438.986
439.089
439.198
439.313
439.432
439.556
439.684
439.815
439.949
440.083
440.219
440.354
440.487
440.618
440.744
440.866
440.982
441.091
441.192
441.285
441.369
441.443
441.508
441.564
441.613
441.655
441.691
441.726
441.76
441.798
441.843
441.901
441.975
442.072
442.197
442.357
442.559
442.807
443.11
443.471
443.903
444.404
445.004
445.675
446.492
447.326
448.406
449.265
450.778
451.3
454.199
452.917
460.709
411.219
419.052
417.698
420.608
421.114
422.626
423.473
424.54
425.359
426.161
426.82
427.408
427.9
428.325
428.68
428.978
429.222
429.42
429.578
429.702
429.798
429.871
429.929
429.974
430.013
430.048
430.084
430.122
430.165
430.215
430.273
430.34
430.416
430.501
430.596
430.698
430.808
430.925
431.048
431.175
431.306
431.439
431.574
431.709
431.843
431.975
432.105
432.232
432.355
432.473
432.586
432.694
432.795
432.891
432.981
433.064
433.14
433.21
433.274
433.332
433.384
433.43
433.471
433.506
433.536
433.562
433.583
433.6
433.613
433.623
433.63
433.634
433.636
433.635
433.632
433.628
433.622
433.615
433.607
433.599
433.589
433.58
433.569
433.559
433.549
433.539
433.528
433.518
433.508
433.499
433.489
433.48
433.471
433.463
433.454
433.446
433.438
433.43
433.423
433.415
433.407
433.4
433.392
433.384
433.376
433.367
433.359
433.35
433.341
433.331
433.322
433.312
433.302
433.291
433.28
433.27
433.259
433.248
433.238
433.227
433.218
433.209
433.2
433.193
433.187
433.182
433.179
433.179
433.18
433.184
433.191
433.201
433.214
433.232
433.253
433.279
433.31
433.346
433.388
433.435
433.487
433.546
433.611
433.683
433.761
433.845
433.936
434.033
434.136
434.245
434.359
434.479
434.603
434.73
434.861
434.995
435.129
435.264
435.399
435.532
435.662
435.789
435.91
436.026
436.134
436.235
436.327
436.41
436.483
436.547
436.603
436.65
436.69
436.725
436.758
436.79
436.826
436.87
436.925
436.997
437.092
437.216
437.375
437.575
437.822
438.123
438.483
438.913
439.412
440.009
440.678
441.492
442.322
443.397
444.246
445.754
446.252
449.156
447.796
455.629
406.427
414.251
412.845
415.749
416.235
417.739
418.575
419.636
420.45
421.249
421.906
422.493
422.983
423.407
423.761
424.058
424.302
424.499
424.656
424.778
424.872
424.944
425
425.044
425.08
425.114
425.147
425.184
425.226
425.274
425.331
425.397
425.472
425.557
425.65
425.752
425.862
425.978
426.1
426.227
426.358
426.491
426.625
426.76
426.894
427.026
427.156
427.282
427.405
427.523
427.636
427.743
427.844
427.94
428.029
428.112
428.189
428.259
428.323
428.38
428.432
428.478
428.518
428.554
428.584
428.609
428.63
428.647
428.661
428.671
428.677
428.681
428.683
428.682
428.68
428.675
428.67
428.663
428.655
428.646
428.637
428.627
428.617
428.607
428.596
428.586
428.576
428.566
428.556
428.546
428.537
428.528
428.519
428.51
428.502
428.494
428.486
428.478
428.471
428.463
428.455
428.448
428.44
428.432
428.424
428.416
428.407
428.398
428.389
428.38
428.37
428.36
428.35
428.34
428.329
428.318
428.307
428.297
428.286
428.276
428.266
428.257
428.249
428.242
428.236
428.231
428.228
428.227
428.229
428.233
428.239
428.249
428.263
428.28
428.302
428.328
428.359
428.394
428.436
428.483
428.535
428.594
428.659
428.73
428.808
428.892
428.983
429.08
429.183
429.292
429.406
429.525
429.649
429.776
429.907
430.04
430.174
430.309
430.444
430.576
430.707
430.833
430.954
431.069
431.177
431.277
431.368
431.45
431.523
431.586
431.64
431.686
431.724
431.758
431.789
431.819
431.853
431.895
431.949
432.019
432.113
432.235
432.392
432.591
432.837
433.137
433.496
433.925
434.422
435.017
435.684
436.494
437.319
438.389
439.228
440.728
441.206
444.103
442.691
450.515
401.664
409.433
407.999
410.886
411.354
412.848
413.675
414.729
415.538
416.334
416.988
417.574
418.064
418.488
418.842
419.138
419.381
419.578
419.734
419.855
419.947
420.018
420.071
420.113
420.148
420.18
420.212
420.247
420.287
420.335
420.39
420.455
420.529
420.613
420.705
420.807
420.916
421.032
421.153
421.28
421.41
421.543
421.677
421.811
421.945
422.077
422.206
422.332
422.455
422.573
422.685
422.792
422.894
422.989
423.078
423.161
423.237
423.307
423.371
423.428
423.48
423.526
423.566
423.601
423.631
423.657
423.678
423.695
423.708
423.718
423.725
423.729
423.73
423.729
423.727
423.722
423.717
423.71
423.702
423.693
423.684
423.674
423.664
423.654
423.644
423.633
423.623
423.613
423.603
423.594
423.585
423.575
423.567
423.558
423.55
423.542
423.534
423.526
423.519
423.511
423.503
423.496
423.488
423.48
423.472
423.464
423.455
423.447
423.438
423.428
423.419
423.409
423.398
423.388
423.377
423.367
423.356
423.345
423.335
423.325
423.315
423.306
423.298
423.29
423.284
423.28
423.277
423.276
423.277
423.281
423.288
423.298
423.312
423.329
423.35
423.376
423.407
423.443
423.484
423.531
423.583
423.642
423.707
423.778
423.856
423.94
424.03
424.127
424.229
424.338
424.452
424.571
424.694
424.822
424.952
425.085
425.219
425.354
425.488
425.62
425.75
425.876
425.996
426.111
426.218
426.318
426.408
426.49
426.561
426.623
426.676
426.721
426.758
426.79
426.819
426.848
426.88
426.92
426.971
427.04
427.132
427.253
427.409
427.607
427.853
428.153
428.511
428.939
429.436
430.029
430.693
431.5
432.32
433.383
434.212
435.703
436.163
439.044
437.603
445.371
396.929
404.601
403.159
406.021
406.473
407.955
408.772
409.818
410.622
411.415
412.068
412.653
413.143
413.567
413.921
414.218
414.461
414.657
414.812
414.932
415.023
415.092
415.144
415.184
415.217
415.247
415.277
415.311
415.35
415.396
415.45
415.514
415.587
415.67
415.762
415.862
415.971
416.086
416.207
416.333
416.463
416.595
416.729
416.863
416.996
417.128
417.257
417.383
417.505
417.623
417.735
417.842
417.943
418.038
418.127
418.209
418.285
418.355
418.419
418.476
418.528
418.573
418.614
418.649
418.679
418.704
418.725
418.742
418.755
418.765
418.772
418.776
418.777
418.776
418.774
418.769
418.764
418.757
418.749
418.74
418.731
418.721
418.711
418.701
418.691
418.681
418.671
418.661
418.651
418.641
418.632
418.623
418.614
418.606
418.598
418.59
418.582
418.574
418.566
418.559
418.551
418.544
418.536
418.528
418.52
418.512
418.504
418.495
418.486
418.477
418.467
418.457
418.447
418.437
418.426
418.415
418.405
418.394
418.384
418.374
418.364
418.355
418.347
418.339
418.333
418.329
418.326
418.325
418.326
418.33
418.337
418.347
418.36
418.378
418.399
418.425
418.455
418.491
418.532
418.579
418.631
418.69
418.754
418.825
418.903
418.987
419.077
419.173
419.276
419.384
419.498
419.617
419.74
419.867
419.997
420.129
420.263
420.398
420.531
420.663
420.793
420.918
421.038
421.152
421.259
421.358
421.448
421.528
421.599
421.66
421.711
421.754
421.79
421.821
421.848
421.875
421.906
421.944
421.994
422.061
422.152
422.271
422.427
422.624
422.869
423.169
423.527
423.955
424.451
425.043
425.705
426.509
427.324
428.379
429.199
430.678
431.123
433.978
432.529
440.2
392.221
399.761
398.327
401.153
401.593
403.061
403.868
404.906
405.705
406.494
407.145
407.73
408.221
408.645
409
409.297
409.54
409.736
409.89
410.009
410.1
410.167
410.217
410.256
410.287
410.315
410.344
410.376
410.413
410.458
410.511
410.574
410.646
410.728
410.819
410.918
411.026
411.141
411.262
411.387
411.516
411.648
411.782
411.915
412.048
412.18
412.308
412.434
412.556
412.673
412.785
412.892
412.992
413.087
413.176
413.258
413.334
413.404
413.467
413.524
413.575
413.621
413.661
413.696
413.726
413.751
413.772
413.789
413.802
413.812
413.819
413.823
413.824
413.823
413.821
413.816
413.811
413.804
413.796
413.787
413.778
413.768
413.759
413.748
413.738
413.728
413.718
413.708
413.698
413.689
413.68
413.671
413.662
413.654
413.645
413.637
413.63
413.622
413.614
413.607
413.599
413.592
413.584
413.576
413.568
413.56
413.552
413.543
413.534
413.525
413.515
413.506
413.496
413.485
413.475
413.464
413.454
413.443
413.433
413.422
413.413
413.404
413.396
413.388
413.382
413.378
413.375
413.374
413.375
413.379
413.386
413.396
413.409
413.426
413.448
413.473
413.504
413.539
413.58
413.627
413.679
413.737
413.802
413.873
413.95
414.034
414.123
414.22
414.322
414.43
414.543
414.662
414.785
414.911
415.041
415.173
415.307
415.441
415.574
415.706
415.835
415.96
416.079
416.193
416.299
416.397
416.486
416.566
416.635
416.695
416.746
416.787
416.822
416.851
416.877
416.902
416.931
416.967
417.015
417.081
417.17
417.289
417.444
417.641
417.886
418.186
418.544
418.973
419.469
420.06
420.72
421.521
422.331
423.377
424.187
425.652
426.085
428.905
427.464
435.002
387.539
394.912
393.502
396.283
396.713
398.164
398.961
399.99
400.784
401.57
402.221
402.805
403.297
403.722
404.078
404.376
404.619
404.815
404.969
405.088
405.177
405.243
405.292
405.328
405.358
405.384
405.411
405.442
405.478
405.521
405.573
405.634
405.705
405.786
405.877
405.976
406.083
406.197
406.317
406.442
406.571
406.702
406.835
406.968
407.101
407.232
407.36
407.485
407.607
407.724
407.835
407.942
408.042
408.137
408.225
408.307
408.383
408.452
408.515
408.572
408.623
408.669
408.709
408.743
408.773
408.798
408.819
408.836
408.849
408.859
408.865
408.869
408.871
408.87
408.868
408.863
408.858
408.851
408.843
408.834
408.825
408.816
408.806
408.796
408.785
408.775
408.765
408.755
408.746
408.736
408.727
408.718
408.71
408.701
408.693
408.685
408.677
408.67
408.662
408.655
408.647
408.64
408.632
408.625
408.617
408.609
408.6
408.592
408.583
408.573
408.564
408.554
408.544
408.534
408.523
408.513
408.502
408.492
408.481
408.471
408.462
408.453
408.445
408.437
408.431
408.427
408.424
408.423
408.424
408.428
408.435
408.445
408.458
408.475
408.496
408.522
408.552
408.588
408.629
408.675
408.727
408.785
408.849
408.92
408.997
409.08
409.17
409.266
409.368
409.476
409.589
409.707
409.829
409.956
410.085
410.217
410.35
410.484
410.617
410.748
410.876
411.001
411.12
411.233
411.338
411.436
411.524
411.602
411.671
411.73
411.779
411.82
411.853
411.88
411.904
411.928
411.955
411.989
412.036
412.101
412.189
412.307
412.461
412.658
412.903
413.204
413.563
413.992
414.488
415.079
415.738
416.534
417.339
418.377
419.178
420.626
421.049
423.825
422.407
429.78
382.879
390.058
388.683
391.412
391.834
393.265
394.054
395.073
395.862
396.645
397.294
397.879
398.371
398.798
399.155
399.454
399.698
399.895
400.049
400.166
400.255
400.319
400.367
400.402
400.43
400.455
400.48
400.509
400.543
400.585
400.636
400.696
400.766
400.846
400.935
401.034
401.14
401.253
401.373
401.497
401.625
401.756
401.889
402.021
402.153
402.284
402.412
402.537
402.658
402.774
402.886
402.992
403.092
403.186
403.274
403.356
403.431
403.5
403.563
403.62
403.671
403.716
403.756
403.791
403.82
403.845
403.866
403.883
403.896
403.906
403.912
403.916
403.918
403.917
403.914
403.91
403.904
403.898
403.89
403.881
403.872
403.863
403.853
403.843
403.833
403.822
403.812
403.803
403.793
403.784
403.775
403.766
403.757
403.749
403.741
403.733
403.725
403.718
403.71
403.703
403.695
403.688
403.68
403.673
403.665
403.657
403.648
403.64
403.631
403.622
403.613
403.603
403.593
403.583
403.572
403.562
403.551
403.541
403.53
403.52
403.511
403.502
403.494
403.487
403.481
403.476
403.473
403.472
403.474
403.477
403.484
403.494
403.507
403.524
403.545
403.571
403.601
403.636
403.677
403.723
403.775
403.833
403.897
403.967
404.044
404.127
404.216
404.312
404.414
404.521
404.634
404.752
404.874
405
405.129
405.26
405.393
405.526
405.658
405.789
405.917
406.041
406.159
406.272
406.377
406.473
406.56
406.638
406.706
406.763
406.811
406.851
406.882
406.908
406.93
406.952
406.978
407.011
407.056
407.119
407.206
407.324
407.478
407.675
407.921
408.222
408.583
409.012
409.51
410.1
410.758
411.55
412.35
413.378
414.17
415.599
416.015
418.738
417.356
424.534
378.239
385.199
383.871
386.54
386.955
388.365
389.145
390.154
390.938
391.717
392.365
392.951
393.445
393.873
394.232
394.532
394.778
394.975
395.128
395.246
395.333
395.397
395.442
395.476
395.502
395.526
395.549
395.576
395.609
395.65
395.699
395.758
395.828
395.906
395.995
396.092
396.198
396.311
396.429
396.553
396.681
396.811
396.943
397.075
397.207
397.337
397.464
397.589
397.709
397.825
397.936
398.042
398.142
398.236
398.323
398.405
398.48
398.549
398.611
398.668
398.719
398.764
398.803
398.838
398.867
398.892
398.913
398.93
398.943
398.952
398.959
398.963
398.964
398.964
398.961
398.957
398.951
398.944
398.937
398.928
398.919
398.909
398.9
398.89
398.88
398.87
398.86
398.85
398.84
398.831
398.822
398.813
398.805
398.796
398.788
398.781
398.773
398.765
398.758
398.751
398.743
398.736
398.728
398.721
398.713
398.705
398.697
398.688
398.68
398.67
398.661
398.651
398.642
398.631
398.621
398.611
398.6
398.59
398.579
398.57
398.56
398.551
398.543
398.536
398.53
398.525
398.522
398.521
398.523
398.527
398.533
398.543
398.556
398.573
398.594
398.62
398.65
398.685
398.725
398.771
398.823
398.881
398.944
399.014
399.091
399.174
399.263
399.358
399.459
399.566
399.679
399.796
399.918
400.043
400.172
400.303
400.435
400.568
400.7
400.83
400.957
401.08
401.198
401.31
401.414
401.51
401.596
401.673
401.74
401.796
401.843
401.881
401.911
401.935
401.956
401.976
402
402.031
402.075
402.137
402.224
402.34
402.494
402.692
402.939
403.241
403.603
404.034
404.532
405.123
405.779
406.568
407.363
408.38
409.164
410.572
410.982
413.645
412.309
419.268
373.618
380.337
379.064
381.666
382.077
383.463
384.234
385.232
386.011
386.787
387.435
388.021
388.517
388.947
389.308
389.611
389.857
390.055
390.208
390.325
390.412
390.475
390.519
390.551
390.576
390.597
390.62
390.645
390.677
390.716
390.764
390.822
390.89
390.968
391.055
391.152
391.257
391.369
391.487
391.61
391.737
391.867
391.998
392.129
392.261
392.39
392.517
392.641
392.761
392.877
392.987
393.093
393.192
393.285
393.373
393.454
393.529
393.597
393.66
393.716
393.766
393.811
393.851
393.885
393.914
393.939
393.96
393.976
393.989
393.999
394.005
394.009
394.011
394.01
394.007
394.003
393.998
393.991
393.983
393.975
393.966
393.956
393.946
393.937
393.927
393.917
393.907
393.897
393.888
393.878
393.869
393.861
393.852
393.844
393.836
393.828
393.821
393.813
393.806
393.799
393.791
393.784
393.777
393.769
393.761
393.753
393.745
393.737
393.728
393.719
393.71
393.7
393.69
393.68
393.67
393.66
393.649
393.639
393.629
393.619
393.609
393.6
393.592
393.585
393.579
393.575
393.572
393.571
393.572
393.576
393.583
393.592
393.605
393.622
393.643
393.668
393.698
393.733
393.774
393.819
393.871
393.928
393.992
394.062
394.138
394.22
394.309
394.404
394.505
394.611
394.723
394.84
394.961
395.086
395.214
395.345
395.477
395.609
395.74
395.87
395.996
396.119
396.236
396.347
396.451
396.546
396.631
396.707
396.773
396.828
396.873
396.91
396.939
396.961
396.981
396.999
397.022
397.051
397.094
397.155
397.24
397.357
397.511
397.709
397.957
398.261
398.624
399.057
399.557
400.148
400.803
401.588
402.378
403.384
404.16
405.544
405.95
408.545
407.266
413.984
369.014
375.472
374.263
376.791
377.2
378.56
379.323
380.309
381.083
381.855
382.504
383.09
383.588
384.021
384.384
384.689
384.936
385.135
385.289
385.406
385.492
385.553
385.597
385.627
385.65
385.67
385.691
385.715
385.745
385.783
385.83
385.886
385.953
386.03
386.117
386.212
386.316
386.427
386.545
386.667
386.794
386.923
387.053
387.184
387.315
387.444
387.57
387.694
387.813
387.928
388.038
388.143
388.242
388.335
388.422
388.503
388.577
388.646
388.708
388.764
388.814
388.859
388.898
388.932
388.961
388.986
389.006
389.023
389.036
389.045
389.052
389.056
389.057
389.057
389.054
389.05
389.044
389.037
389.03
389.021
389.012
389.003
388.993
388.983
388.974
388.964
388.954
388.944
388.935
388.926
388.917
388.908
388.9
388.892
388.884
388.876
388.868
388.861
388.854
388.847
388.839
388.832
388.825
388.817
388.81
388.802
388.794
388.785
388.777
388.768
388.758
388.749
388.739
388.729
388.719
388.709
388.698
388.688
388.678
388.668
388.659
388.65
388.642
388.635
388.629
388.624
388.621
388.62
388.622
388.625
388.632
388.642
388.655
388.671
388.692
388.717
388.747
388.782
388.822
388.868
388.919
388.976
389.039
389.109
389.184
389.267
389.355
389.449
389.55
389.656
389.767
389.884
390.005
390.129
390.257
390.387
390.518
390.649
390.78
390.909
391.035
391.157
391.274
391.384
391.487
391.581
391.665
391.74
391.805
391.859
391.903
391.938
391.965
391.987
392.004
392.022
392.042
392.071
392.112
392.172
392.257
392.373
392.527
392.726
392.975
393.281
393.646
394.081
394.582
395.174
395.829
396.61
397.394
398.389
399.157
400.515
400.919
403.441
402.225
408.683
364.424
370.607
369.467
371.915
372.323
373.655
374.41
375.385
376.154
376.923
377.571
378.159
378.659
379.094
379.46
379.766
380.016
380.215
380.37
380.487
380.572
380.633
380.675
380.704
380.726
380.744
380.763
380.785
380.814
380.85
380.896
380.951
381.017
381.093
381.179
381.273
381.376
381.487
381.603
381.725
381.851
381.979
382.109
382.239
382.369
382.498
382.624
382.747
382.866
382.98
383.09
383.194
383.293
383.385
383.472
383.552
383.626
383.694
383.756
383.812
383.862
383.906
383.945
383.979
384.008
384.033
384.053
384.07
384.082
384.092
384.098
384.102
384.104
384.103
384.1
384.096
384.091
384.084
384.076
384.068
384.059
384.05
384.04
384.03
384.02
384.011
384.001
383.991
383.982
383.973
383.964
383.956
383.947
383.939
383.931
383.924
383.916
383.909
383.902
383.895
383.887
383.88
383.873
383.865
383.858
383.85
383.842
383.834
383.825
383.816
383.807
383.798
383.788
383.778
383.768
383.758
383.747
383.737
383.727
383.717
383.708
383.699
383.691
383.684
383.678
383.674
383.671
383.67
383.671
383.675
383.681
383.691
383.704
383.721
383.741
383.766
383.796
383.831
383.87
383.916
383.967
384.024
384.087
384.156
384.231
384.313
384.401
384.495
384.595
384.701
384.812
384.927
385.048
385.172
385.299
385.428
385.559
385.689
385.82
385.948
386.073
386.195
386.311
386.42
386.522
386.615
386.699
386.772
386.836
386.889
386.932
386.966
386.991
387.011
387.027
387.043
387.062
387.089
387.129
387.188
387.272
387.388
387.543
387.743
387.993
388.301
388.669
389.106
389.609
390.201
390.856
391.633
392.412
393.395
394.155
395.486
395.889
398.332
397.185
403.367
359.847
365.74
364.675
367.039
367.447
368.749
369.497
370.459
371.224
371.988
372.637
373.226
373.729
374.167
374.535
374.844
375.096
375.296
375.451
375.568
375.653
375.713
375.754
375.782
375.802
375.818
375.836
375.857
375.884
375.919
375.963
376.017
376.082
376.157
376.241
376.335
376.437
376.547
376.663
376.784
376.909
377.036
377.165
377.295
377.424
377.552
377.677
377.8
377.918
378.032
378.141
378.245
378.343
378.435
378.521
378.601
378.675
378.743
378.804
378.86
378.909
378.953
378.992
379.026
379.055
379.079
379.1
379.116
379.129
379.138
379.145
379.148
379.15
379.149
379.147
379.142
379.137
379.13
379.123
379.114
379.106
379.096
379.087
379.077
379.067
379.058
379.048
379.038
379.029
379.02
379.011
379.003
378.995
378.987
378.979
378.971
378.964
378.957
378.95
378.942
378.935
378.928
378.921
378.914
378.906
378.898
378.891
378.882
378.874
378.865
378.856
378.846
378.837
378.827
378.817
378.807
378.797
378.786
378.776
378.767
378.757
378.749
378.741
378.734
378.728
378.723
378.721
378.72
378.721
378.725
378.731
378.741
378.753
378.77
378.791
378.816
378.845
378.879
378.919
378.964
379.015
379.071
379.134
379.203
379.278
379.359
379.447
379.54
379.64
379.745
379.855
379.971
380.09
380.214
380.34
380.469
380.599
380.729
380.859
380.986
381.111
381.232
381.347
381.455
381.556
381.648
381.731
381.804
381.866
381.918
381.96
381.992
382.016
382.035
382.049
382.063
382.081
382.107
382.146
382.204
382.287
382.403
382.558
382.759
383.011
383.322
383.692
384.132
384.637
385.23
385.884
386.657
387.432
388.402
389.155
390.456
390.859
393.218
392.146
398.039
355.281
360.874
359.888
362.162
362.572
363.843
364.583
365.532
366.292
367.053
367.701
368.292
368.798
369.239
369.611
369.922
370.176
370.377
370.533
370.65
370.735
370.793
370.833
370.86
370.879
370.894
370.91
370.929
370.955
370.988
371.031
371.084
371.148
371.221
371.305
371.398
371.499
371.608
371.723
371.843
371.967
372.094
372.222
372.351
372.48
372.607
372.732
372.853
372.971
373.084
373.193
373.296
373.394
373.485
373.571
373.65
373.724
373.791
373.852
373.907
373.957
374.001
374.039
374.073
374.102
374.126
374.146
374.162
374.175
374.184
374.191
374.195
374.196
374.195
374.193
374.189
374.183
374.177
374.169
374.161
374.152
374.143
374.133
374.124
374.114
374.104
374.095
374.085
374.076
374.067
374.059
374.05
374.042
374.034
374.026
374.019
374.012
374.005
373.997
373.99
373.983
373.976
373.969
373.962
373.955
373.947
373.939
373.931
373.922
373.914
373.905
373.895
373.886
373.876
373.866
373.856
373.846
373.836
373.826
373.816
373.807
373.798
373.79
373.783
373.778
373.773
373.77
373.769
373.771
373.774
373.781
373.79
373.803
373.819
373.84
373.865
373.894
373.928
373.968
374.012
374.063
374.119
374.181
374.25
374.324
374.405
374.492
374.585
374.684
374.789
374.899
375.014
375.133
375.256
375.381
375.509
375.639
375.768
375.897
376.024
376.148
376.268
376.382
376.49
376.59
376.681
376.763
376.835
376.896
376.946
376.987
377.018
377.041
377.057
377.071
377.083
377.099
377.124
377.162
377.219
377.302
377.418
377.574
377.776
378.03
378.342
378.715
379.158
379.666
380.26
380.914
381.683
382.452
383.41
384.155
385.426
385.83
388.1
387.107
392.7
350.724
356.008
355.104
357.286
357.697
358.936
359.668
360.604
361.359
362.117
362.766
363.358
363.867
364.311
364.686
365
365.256
365.459
365.616
365.733
365.817
365.875
365.914
365.939
365.956
365.97
365.984
366.002
366.026
366.059
366.1
366.152
366.214
366.287
366.369
366.461
366.561
366.669
366.783
366.902
367.026
367.152
367.28
367.408
367.536
367.662
367.786
367.907
368.024
368.137
368.245
368.347
368.444
368.536
368.621
368.7
368.773
368.84
368.9
368.955
369.004
369.048
369.086
369.12
369.148
369.173
369.192
369.209
369.221
369.231
369.237
369.241
369.242
369.241
369.239
369.235
369.229
369.223
369.215
369.207
369.199
369.189
369.18
369.17
369.161
369.151
369.142
369.132
369.123
369.114
369.106
369.098
369.089
369.082
369.074
369.067
369.059
369.052
369.045
369.038
369.031
369.024
369.017
369.01
369.003
368.995
368.987
368.979
368.971
368.962
368.953
368.944
368.935
368.925
368.915
368.905
368.895
368.885
368.875
368.866
368.856
368.848
368.84
368.833
368.827
368.823
368.82
368.819
368.82
368.824
368.831
368.84
368.853
368.869
368.889
368.914
368.943
368.977
369.016
369.061
369.111
369.167
369.229
369.297
369.371
369.451
369.538
369.631
369.729
369.833
369.942
370.057
370.175
370.297
370.422
370.55
370.678
370.807
370.935
371.061
371.184
371.303
371.417
371.523
371.623
371.713
371.794
371.864
371.924
371.974
372.013
372.043
372.064
372.079
372.091
372.102
372.117
372.14
372.177
372.233
372.316
372.432
372.589
372.792
373.048
373.363
373.739
374.185
374.695
375.29
375.944
376.709
377.474
378.418
379.156
380.394
380.801
382.978
382.068
387.352
346.175
351.143
350.324
352.409
352.824
354.028
354.753
355.675
356.426
357.18
357.829
358.423
358.935
359.383
359.761
360.078
360.336
360.541
360.698
360.816
360.899
360.957
360.995
361.019
361.035
361.047
361.06
361.076
361.099
361.13
361.17
361.221
361.282
361.353
361.434
361.525
361.624
361.731
361.844
361.963
362.085
362.21
362.337
362.465
362.592
362.717
362.841
362.961
363.077
363.19
363.297
363.399
363.495
363.586
363.671
363.749
363.822
363.888
363.948
364.003
364.052
364.095
364.133
364.167
364.195
364.219
364.239
364.255
364.267
364.277
364.283
364.287
364.288
364.287
364.285
364.281
364.275
364.269
364.262
364.254
364.245
364.236
364.226
364.217
364.207
364.198
364.189
364.179
364.17
364.162
364.153
364.145
364.137
364.129
364.122
364.114
364.107
364.1
364.093
364.086
364.079
364.073
364.066
364.058
364.051
364.044
364.036
364.028
364.02
364.011
364.002
363.993
363.984
363.974
363.964
363.954
363.944
363.935
363.925
363.915
363.906
363.898
363.89
363.883
363.877
363.873
363.87
363.869
363.87
363.874
363.88
363.89
363.902
363.919
363.939
363.963
363.992
364.026
364.065
364.109
364.159
364.215
364.276
364.344
364.417
364.497
364.583
364.676
364.773
364.877
364.986
365.099
365.217
365.338
365.463
365.589
365.717
365.845
365.972
366.098
366.22
366.338
366.451
366.557
366.655
366.744
366.824
366.893
366.952
367
367.038
367.066
367.087
367.1
367.111
367.12
367.134
367.156
367.191
367.247
367.33
367.446
367.603
367.808
368.066
368.384
368.763
369.212
369.725
370.322
370.975
371.736
372.497
373.427
374.158
375.362
375.772
377.853
377.028
381.996
341.631
346.278
345.546
347.533
347.951
349.12
349.838
350.746
351.492
352.242
352.892
353.488
354.004
354.455
354.836
355.156
355.417
355.623
355.782
355.899
355.983
356.04
356.076
356.099
356.114
356.125
356.136
356.151
356.172
356.202
356.241
356.29
356.35
356.42
356.5
356.59
356.688
356.794
356.906
357.024
357.145
357.27
357.396
357.522
357.648
357.773
357.896
358.015
358.131
358.242
358.349
358.45
358.546
358.636
358.72
358.799
358.871
358.937
358.997
359.051
359.099
359.142
359.18
359.213
359.241
359.265
359.285
359.301
359.313
359.323
359.329
359.333
359.334
359.333
359.331
359.327
359.321
359.315
359.308
359.3
359.291
359.282
359.273
359.264
359.254
359.245
359.235
359.226
359.217
359.209
359.2
359.192
359.184
359.177
359.169
359.162
359.155
359.148
359.141
359.134
359.127
359.121
359.114
359.107
359.1
359.092
359.084
359.077
359.068
359.06
359.051
359.042
359.033
359.023
359.014
359.004
358.994
358.984
358.974
358.965
358.956
358.947
358.94
358.933
358.927
358.923
358.92
358.919
358.92
358.924
358.93
358.94
358.952
358.968
358.988
359.013
359.041
359.075
359.114
359.158
359.207
359.262
359.323
359.391
359.464
359.543
359.629
359.72
359.818
359.921
360.029
360.141
360.258
360.379
360.503
360.629
360.756
360.883
361.009
361.134
361.255
361.372
361.484
361.589
361.686
361.775
361.853
361.922
361.979
362.026
362.063
362.09
362.108
362.121
362.129
362.138
362.15
362.17
362.205
362.26
362.343
362.459
362.617
362.824
363.084
363.405
363.787
364.239
364.755
365.353
366.007
366.764
367.52
368.436
369.16
370.329
370.743
372.725
371.988
376.635
337.092
341.416
340.772
342.657
343.08
344.212
344.923
345.816
346.558
347.304
347.955
348.553
349.072
349.526
349.912
350.235
350.497
350.706
350.865
350.983
351.067
351.123
351.159
351.18
351.194
351.203
351.213
351.226
351.246
351.274
351.312
351.36
351.418
351.487
351.567
351.655
351.753
351.857
351.969
352.085
352.206
352.329
352.454
352.58
352.705
352.829
352.951
353.07
353.185
353.296
353.401
353.502
353.597
353.687
353.77
353.848
353.92
353.985
354.045
354.099
354.147
354.19
354.227
354.26
354.288
354.312
354.331
354.347
354.359
354.368
354.375
354.378
354.38
354.379
354.377
354.373
354.367
354.361
354.354
354.346
354.337
354.328
354.319
354.31
354.301
354.291
354.282
354.273
354.264
354.256
354.247
354.239
354.231
354.224
354.217
354.209
354.202
354.196
354.189
354.182
354.175
354.169
354.162
354.155
354.148
354.141
354.133
354.125
354.117
354.109
354.1
354.091
354.082
354.073
354.063
354.053
354.043
354.034
354.024
354.015
354.006
353.997
353.99
353.983
353.977
353.973
353.97
353.969
353.971
353.974
353.98
353.99
354.002
354.018
354.038
354.062
354.091
354.124
354.162
354.206
354.255
354.31
354.371
354.438
354.51
354.589
354.674
354.765
354.862
354.964
355.071
355.183
355.3
355.42
355.543
355.667
355.794
355.92
356.046
356.169
356.29
356.406
356.517
356.621
356.717
356.804
356.882
356.949
357.006
357.051
357.087
357.112
357.129
357.14
357.148
357.155
357.165
357.185
357.219
357.273
357.355
357.472
357.631
357.839
358.102
358.426
358.812
359.267
359.786
360.386
361.04
361.793
362.544
363.445
364.162
365.295
365.714
367.595
366.945
371.269
332.555
336.555
335.999
337.782
338.209
339.304
340.008
340.886
341.624
342.366
343.017
343.617
344.14
344.598
344.987
345.313
345.578
345.789
345.949
346.068
346.151
346.207
346.242
346.262
346.274
346.282
346.291
346.303
346.321
346.348
346.384
346.431
346.488
346.556
346.634
346.721
346.818
346.921
347.032
347.147
347.267
347.389
347.513
347.638
347.763
347.886
348.007
348.125
348.239
348.349
348.454
348.554
348.649
348.737
348.82
348.897
348.969
349.034
349.093
349.146
349.194
349.237
349.274
349.306
349.334
349.358
349.377
349.393
349.405
349.414
349.42
349.424
349.425
349.425
349.422
349.418
349.413
349.407
349.4
349.392
349.383
349.375
349.366
349.356
349.347
349.338
349.329
349.32
349.311
349.303
349.294
349.287
349.279
349.271
349.264
349.257
349.25
349.243
349.237
349.23
349.224
349.217
349.21
349.203
349.196
349.189
349.182
349.174
349.166
349.158
349.149
349.14
349.131
349.122
349.112
349.103
349.093
349.083
349.074
349.065
349.056
349.047
349.04
349.033
349.027
349.023
349.021
349.02
349.021
349.024
349.031
349.04
349.052
349.068
349.088
349.112
349.14
349.173
349.211
349.255
349.303
349.358
349.418
349.484
349.557
349.635
349.719
349.81
349.906
350.007
350.114
350.225
350.341
350.46
350.582
350.706
350.831
350.957
351.082
351.204
351.324
351.439
351.549
351.652
351.747
351.833
351.91
351.976
352.031
352.076
352.109
352.134
352.15
352.159
352.165
352.171
352.18
352.198
352.231
352.285
352.367
352.485
352.645
352.855
353.12
353.446
353.836
354.294
354.817
355.418
356.073
356.821
357.568
358.455
359.164
360.26
360.684
362.462
361.901
365.9
328.021
331.695
331.229
332.907
333.339
334.397
335.093
335.956
336.689
337.427
338.08
338.681
339.208
339.67
340.063
340.392
340.66
340.872
341.034
341.152
341.236
341.291
341.325
341.345
341.355
341.362
341.369
341.38
341.397
341.422
341.457
341.502
341.558
341.625
341.702
341.788
341.883
341.986
342.095
342.21
342.328
342.45
342.573
342.697
342.82
342.943
343.063
343.18
343.293
343.402
343.507
343.606
343.7
343.788
343.871
343.947
344.018
344.082
344.141
344.194
344.241
344.284
344.321
344.353
344.381
344.404
344.423
344.439
344.451
344.46
344.466
344.47
344.471
344.47
344.468
344.464
344.459
344.453
344.446
344.438
344.43
344.421
344.412
344.403
344.394
344.385
344.376
344.367
344.358
344.35
344.342
344.334
344.326
344.319
344.312
344.305
344.298
344.291
344.285
344.278
344.272
344.265
344.258
344.252
344.245
344.238
344.23
344.223
344.215
344.206
344.198
344.189
344.18
344.171
344.162
344.152
344.143
344.133
344.124
344.114
344.106
344.097
344.09
344.083
344.078
344.074
344.071
344.07
344.071
344.075
344.081
344.09
344.102
344.118
344.138
344.161
344.189
344.222
344.26
344.303
344.351
344.406
344.465
344.531
344.603
344.681
344.765
344.854
344.95
345.05
345.156
345.267
345.382
345.5
345.621
345.744
345.869
345.993
346.117
346.239
346.357
346.472
346.58
346.682
346.776
346.861
346.937
347.002
347.056
347.099
347.132
347.155
347.169
347.177
347.182
347.186
347.194
347.212
347.244
347.297
347.379
347.497
347.658
347.87
348.137
348.467
348.86
349.322
349.848
350.451
351.106
351.85
352.592
353.464
354.166
355.224
355.654
357.327
356.856
360.53
323.487
326.838
326.46
328.033
328.471
329.489
330.179
331.026
331.755
332.489
333.142
333.746
334.276
334.742
335.139
335.471
335.742
335.955
336.118
336.238
336.321
336.376
336.409
336.428
336.437
336.442
336.448
336.457
336.473
336.497
336.531
336.575
336.629
336.695
336.77
336.856
336.95
337.051
337.159
337.273
337.39
337.511
337.633
337.756
337.879
338
338.119
338.235
338.348
338.456
338.56
338.658
338.751
338.839
338.921
338.997
339.067
339.131
339.189
339.242
339.289
339.331
339.367
339.399
339.427
339.45
339.469
339.484
339.496
339.505
339.512
339.515
339.517
339.516
339.514
339.51
339.505
339.499
339.492
339.484
339.476
339.467
339.458
339.449
339.44
339.431
339.422
339.413
339.405
339.397
339.389
339.381
339.373
339.366
339.359
339.352
339.345
339.339
339.332
339.326
339.32
339.313
339.307
339.3
339.293
339.286
339.279
339.271
339.263
339.255
339.247
339.238
339.23
339.22
339.211
339.202
339.192
339.183
339.173
339.164
339.156
339.148
339.14
339.134
339.128
339.124
339.121
339.12
339.122
339.125
339.131
339.14
339.152
339.168
339.187
339.211
339.239
339.271
339.309
339.352
339.4
339.453
339.513
339.578
339.649
339.727
339.81
339.899
339.993
340.093
340.198
340.308
340.422
340.539
340.66
340.782
340.905
341.029
341.152
341.273
341.39
341.503
341.611
341.712
341.805
341.889
341.963
342.027
342.08
342.122
342.153
342.175
342.188
342.195
342.198
342.201
342.208
342.224
342.255
342.308
342.39
342.509
342.671
342.884
343.155
343.487
343.884
344.349
344.879
345.483
346.139
346.879
347.616
348.473
349.168
350.188
350.622
352.191
351.808
355.159
318.953
321.983
321.693
323.16
323.604
324.583
325.265
326.097
326.821
327.551
328.205
328.811
329.344
329.814
330.215
330.551
330.824
331.039
331.204
331.324
331.407
331.461
331.494
331.511
331.519
331.523
331.528
331.536
331.55
331.573
331.605
331.647
331.701
331.765
331.84
331.924
332.017
332.117
332.224
332.336
332.453
332.572
332.693
332.815
332.937
333.057
333.175
333.291
333.402
333.51
333.613
333.711
333.803
333.89
333.971
334.046
334.116
334.179
334.237
334.289
334.336
334.378
334.414
334.446
334.473
334.496
334.515
334.53
334.542
334.551
334.557
334.561
334.562
334.561
334.559
334.555
334.55
334.544
334.537
334.53
334.522
334.513
334.504
334.495
334.486
334.478
334.469
334.46
334.452
334.444
334.436
334.428
334.421
334.413
334.406
334.4
334.393
334.387
334.38
334.374
334.368
334.361
334.355
334.348
334.341
334.335
334.327
334.32
334.312
334.304
334.296
334.288
334.279
334.27
334.261
334.251
334.242
334.233
334.223
334.214
334.206
334.198
334.19
334.184
334.178
334.174
334.172
334.171
334.172
334.176
334.182
334.191
334.203
334.218
334.237
334.261
334.288
334.321
334.358
334.4
334.448
334.501
334.56
334.625
334.696
334.772
334.855
334.943
335.037
335.136
335.24
335.349
335.462
335.579
335.698
335.819
335.942
336.065
336.186
336.306
336.423
336.535
336.641
336.741
336.833
336.916
336.989
337.052
337.103
337.144
337.174
337.194
337.206
337.212
337.213
337.215
337.221
337.236
337.267
337.319
337.401
337.52
337.683
337.899
338.171
338.507
338.907
339.377
339.91
340.516
341.172
341.908
342.64
343.481
344.169
345.15
345.59
347.053
346.759
349.789
314.417
317.13
316.927
318.289
318.737
319.677
320.352
321.168
321.887
322.613
323.268
323.876
324.413
324.887
325.291
325.63
325.906
326.124
326.289
326.41
326.493
326.547
326.579
326.595
326.602
326.605
326.608
326.615
326.628
326.649
326.68
326.721
326.773
326.836
326.91
326.993
327.084
327.183
327.289
327.4
327.516
327.634
327.754
327.875
327.996
328.115
328.232
328.347
328.457
328.564
328.666
328.763
328.855
328.941
329.021
329.096
329.165
329.228
329.285
329.337
329.383
329.424
329.461
329.492
329.519
329.542
329.56
329.576
329.588
329.596
329.602
329.606
329.607
329.607
329.605
329.601
329.596
329.59
329.583
329.575
329.567
329.559
329.55
329.542
329.533
329.524
329.515
329.507
329.499
329.49
329.483
329.475
329.468
329.461
329.454
329.447
329.441
329.434
329.428
329.422
329.416
329.409
329.403
329.397
329.39
329.383
329.376
329.369
329.361
329.353
329.345
329.337
329.328
329.319
329.31
329.301
329.292
329.282
329.273
329.264
329.256
329.248
329.241
329.234
329.229
329.225
329.222
329.222
329.223
329.226
329.232
329.241
329.253
329.268
329.287
329.311
329.338
329.37
329.407
329.449
329.496
329.549
329.607
329.672
329.742
329.818
329.9
329.987
330.08
330.179
330.282
330.39
330.502
330.618
330.736
330.856
330.978
331.1
331.22
331.339
331.454
331.566
331.671
331.77
331.86
331.942
332.014
332.076
332.126
332.165
332.194
332.213
332.224
332.228
332.228
332.229
332.233
332.248
332.277
332.329
332.411
332.531
332.695
332.913
333.188
333.527
333.931
334.404
334.94
335.548
336.204
336.936
337.664
338.489
339.17
340.111
340.557
341.915
341.707
344.42
309.878
312.279
312.162
313.418
313.872
314.772
315.439
316.239
316.954
317.676
318.331
318.941
319.482
319.959
320.368
320.71
320.989
321.208
321.375
321.496
321.58
321.633
321.664
321.68
321.686
321.687
321.689
321.694
321.706
321.726
321.755
321.795
321.846
321.908
321.98
322.062
322.152
322.25
322.355
322.465
322.579
322.697
322.816
322.935
323.055
323.173
323.289
323.403
323.512
323.618
323.719
323.815
323.906
323.992
324.072
324.146
324.214
324.276
324.333
324.384
324.43
324.471
324.507
324.538
324.565
324.587
324.606
324.621
324.633
324.642
324.648
324.651
324.653
324.652
324.65
324.646
324.641
324.635
324.629
324.621
324.613
324.605
324.596
324.588
324.579
324.57
324.562
324.553
324.545
324.537
324.53
324.522
324.515
324.508
324.501
324.495
324.488
324.482
324.476
324.47
324.464
324.457
324.451
324.445
324.438
324.432
324.425
324.418
324.41
324.402
324.394
324.386
324.377
324.369
324.36
324.351
324.341
324.332
324.323
324.315
324.306
324.298
324.291
324.285
324.28
324.275
324.273
324.272
324.273
324.277
324.283
324.292
324.303
324.319
324.338
324.361
324.388
324.419
324.456
324.498
324.544
324.597
324.655
324.718
324.788
324.863
324.944
325.031
325.123
325.221
325.324
325.431
325.542
325.657
325.774
325.893
326.014
326.134
326.254
326.371
326.486
326.596
326.7
326.798
326.887
326.968
327.039
327.099
327.148
327.186
327.214
327.231
327.24
327.243
327.242
327.242
327.245
327.259
327.288
327.339
327.421
327.541
327.707
327.926
328.204
328.546
328.954
329.431
329.97
330.58
331.237
331.964
332.687
333.496
334.17
335.071
335.523
336.776
336.653
339.054
305.337
307.431
307.397
308.55
309.009
309.868
310.528
311.312
312.022
312.739
313.395
314.007
314.551
315.033
315.445
315.791
316.072
316.293
316.461
316.583
316.667
316.72
316.75
316.765
316.77
316.77
316.77
316.774
316.785
316.803
316.832
316.87
316.92
316.981
317.051
317.132
317.221
317.318
317.421
317.53
317.643
317.759
317.877
317.996
318.114
318.232
318.347
318.459
318.568
318.673
318.773
318.868
318.958
319.043
319.122
319.195
319.263
319.325
319.381
319.432
319.478
319.518
319.553
319.584
319.611
319.633
319.652
319.667
319.678
319.687
319.693
319.697
319.698
319.697
319.695
319.692
319.687
319.681
319.674
319.667
319.659
319.651
319.642
319.634
319.625
319.617
319.608
319.6
319.592
319.584
319.577
319.569
319.562
319.555
319.549
319.542
319.536
319.53
319.524
319.518
319.512
319.506
319.499
319.493
319.487
319.48
319.473
319.466
319.459
319.451
319.443
319.435
319.427
319.418
319.409
319.4
319.391
319.382
319.373
319.365
319.356
319.349
319.342
319.335
319.33
319.326
319.324
319.323
319.324
319.328
319.333
319.342
319.354
319.369
319.388
319.411
319.437
319.469
319.505
319.546
319.593
319.645
319.702
319.765
319.834
319.909
319.989
320.075
320.167
320.263
320.365
320.471
320.581
320.695
320.811
320.93
321.049
321.168
321.287
321.403
321.517
321.625
321.729
321.825
321.913
321.993
322.062
322.121
322.169
322.206
322.232
322.249
322.257
322.258
322.256
322.254
322.257
322.269
322.297
322.349
322.431
322.552
322.719
322.939
323.22
323.565
323.977
324.457
325
325.611
326.268
326.991
327.709
328.502
329.169
330.03
330.487
331.636
331.597
333.691
300.791
302.586
302.633
303.682
304.146
304.965
305.618
306.385
307.091
307.804
308.46
309.073
309.621
310.107
310.522
310.872
311.155
311.379
311.548
311.67
311.754
311.807
311.837
311.85
311.854
311.853
311.853
311.855
311.864
311.881
311.908
311.946
311.994
312.054
312.123
312.202
312.29
312.386
312.488
312.596
312.708
312.823
312.939
313.057
313.174
313.29
313.404
313.516
313.623
313.727
313.827
313.921
314.01
314.094
314.172
314.245
314.312
314.373
314.429
314.48
314.525
314.565
314.6
314.63
314.657
314.679
314.697
314.712
314.724
314.732
314.738
314.742
314.743
314.743
314.74
314.737
314.732
314.726
314.72
314.712
314.705
314.697
314.688
314.68
314.671
314.663
314.655
314.647
314.639
314.631
314.623
314.616
314.609
314.603
314.596
314.59
314.584
314.577
314.572
314.566
314.56
314.554
314.548
314.542
314.535
314.529
314.522
314.515
314.508
314.5
314.493
314.485
314.476
314.468
314.459
314.45
314.441
314.432
314.424
314.415
314.407
314.399
314.392
314.386
314.381
314.377
314.375
314.374
314.375
314.378
314.384
314.393
314.405
314.42
314.438
314.461
314.487
314.518
314.554
314.595
314.641
314.692
314.749
314.812
314.88
314.954
315.034
315.119
315.21
315.306
315.406
315.512
315.621
315.733
315.848
315.966
316.084
316.202
316.319
316.435
316.547
316.654
316.756
316.852
316.939
317.017
317.085
317.143
317.19
317.226
317.251
317.266
317.272
317.273
317.269
317.266
317.268
317.279
317.307
317.358
317.44
317.561
317.73
317.952
318.235
318.584
318.999
319.482
320.029
320.642
321.299
322.017
322.731
323.507
324.166
324.988
325.45
326.496
326.539
328.333
296.241
297.742
297.869
298.816
299.285
300.064
300.709
301.46
302.16
302.869
303.526
304.141
304.692
305.181
305.6
305.953
306.239
306.464
306.635
306.758
306.842
306.894
306.923
306.936
306.939
306.937
306.935
306.936
306.944
306.96
306.986
307.022
307.069
307.127
307.196
307.273
307.36
307.455
307.556
307.662
307.773
307.886
308.002
308.118
308.234
308.349
308.462
308.572
308.679
308.782
308.88
308.974
309.062
309.145
309.223
309.295
309.361
309.422
309.477
309.527
309.572
309.611
309.646
309.677
309.702
309.724
309.743
309.757
309.769
309.777
309.783
309.787
309.788
309.788
309.785
309.782
309.777
309.772
309.765
309.758
309.75
309.742
309.734
309.726
309.718
309.709
309.701
309.693
309.685
309.678
309.67
309.663
309.656
309.65
309.643
309.637
309.631
309.625
309.619
309.614
309.608
309.602
309.596
309.59
309.584
309.577
309.571
309.564
309.557
309.549
309.542
309.534
309.526
309.517
309.509
309.5
309.491
309.482
309.474
309.465
309.457
309.45
309.443
309.437
309.432
309.428
309.425
309.425
309.426
309.429
309.435
309.444
309.455
309.47
309.488
309.511
309.537
309.568
309.604
309.644
309.69
309.74
309.797
309.859
309.926
309.999
310.078
310.163
310.253
310.348
310.447
310.552
310.66
310.771
310.885
311.001
311.118
311.235
311.352
311.466
311.577
311.683
311.784
311.878
311.964
312.041
312.108
312.165
312.21
312.244
312.268
312.282
312.287
312.286
312.282
312.278
312.278
312.289
312.316
312.367
312.449
312.571
312.74
312.965
313.25
313.602
314.02
314.508
315.057
315.671
316.329
317.042
317.751
318.511
319.163
319.944
320.411
321.355
321.478
322.979
291.685
292.901
293.105
293.952
294.425
295.164
295.801
296.535
297.231
297.935
298.592
299.209
299.764
300.256
300.679
301.034
301.323
301.55
301.722
301.846
301.93
301.982
302.011
302.023
302.024
302.021
302.018
302.018
302.025
302.039
302.064
302.099
302.145
302.201
302.269
302.345
302.431
302.524
302.624
302.729
302.838
302.951
303.065
303.18
303.295
303.409
303.52
303.629
303.735
303.837
303.934
304.027
304.114
304.197
304.273
304.345
304.41
304.47
304.525
304.575
304.619
304.658
304.693
304.722
304.748
304.77
304.788
304.802
304.814
304.822
304.828
304.832
304.833
304.833
304.831
304.827
304.822
304.817
304.81
304.803
304.796
304.788
304.78
304.772
304.764
304.756
304.747
304.74
304.732
304.724
304.717
304.71
304.704
304.697
304.691
304.685
304.679
304.673
304.667
304.661
304.656
304.65
304.644
304.638
304.632
304.626
304.619
304.613
304.606
304.599
304.591
304.583
304.575
304.567
304.558
304.55
304.541
304.533
304.524
304.516
304.508
304.5
304.494
304.488
304.483
304.479
304.476
304.476
304.477
304.48
304.486
304.495
304.506
304.521
304.539
304.561
304.587
304.618
304.653
304.693
304.738
304.788
304.844
304.905
304.972
305.045
305.123
305.206
305.295
305.389
305.488
305.591
305.698
305.809
305.922
306.037
306.153
306.268
306.383
306.496
306.606
306.711
306.811
306.903
306.988
307.064
307.13
307.185
307.23
307.263
307.285
307.298
307.302
307.3
307.294
307.289
307.288
307.298
307.325
307.375
307.458
307.58
307.751
307.977
308.265
308.619
309.041
309.532
310.085
310.7
311.359
312.067
312.77
313.514
314.158
314.9
315.372
316.215
316.415
317.63
287.124
288.063
288.341
289.089
289.566
290.266
290.895
291.613
292.303
293.002
293.66
294.278
294.836
295.331
295.758
296.116
296.408
296.637
296.809
296.934
297.018
297.07
297.098
297.109
297.11
297.106
297.102
297.101
297.106
297.119
297.143
297.176
297.221
297.276
297.342
297.417
297.502
297.593
297.692
297.796
297.904
298.015
298.128
298.242
298.356
298.468
298.579
298.687
298.791
298.892
298.988
299.08
299.167
299.248
299.324
299.394
299.459
299.519
299.573
299.622
299.666
299.705
299.739
299.768
299.794
299.815
299.833
299.848
299.859
299.867
299.873
299.876
299.878
299.877
299.875
299.872
299.868
299.862
299.856
299.849
299.842
299.834
299.826
299.818
299.81
299.802
299.794
299.786
299.778
299.771
299.764
299.757
299.751
299.744
299.738
299.732
299.726
299.721
299.715
299.709
299.704
299.698
299.692
299.687
299.681
299.675
299.668
299.662
299.655
299.648
299.64
299.633
299.625
299.616
299.608
299.6
299.591
299.583
299.574
299.566
299.558
299.551
299.544
299.538
299.534
299.53
299.528
299.527
299.528
299.531
299.537
299.546
299.557
299.571
299.589
299.611
299.637
299.667
299.702
299.742
299.786
299.836
299.891
299.952
300.018
300.09
300.167
300.25
300.338
300.431
300.529
300.631
300.737
300.846
300.958
301.072
301.186
301.301
301.415
301.526
301.635
301.739
301.837
301.929
302.012
302.087
302.151
302.205
302.248
302.28
302.302
302.313
302.316
302.313
302.306
302.3
302.298
302.307
302.333
302.384
302.466
302.589
302.761
302.989
303.279
303.637
304.062
304.556
305.111
305.728
306.387
307.09
307.788
308.515
309.151
309.854
310.33
311.075
311.349
312.288
282.556
283.227
283.576
284.228
284.709
285.369
285.991
286.691
287.377
288.071
288.728
289.348
289.909
290.408
290.838
291.199
291.492
291.723
291.897
292.022
292.106
292.158
292.186
292.196
292.196
292.191
292.186
292.183
292.187
292.2
292.222
292.254
292.298
292.352
292.416
292.49
292.573
292.664
292.761
292.863
292.97
293.08
293.192
293.304
293.417
293.528
293.637
293.744
293.848
293.947
294.043
294.133
294.219
294.299
294.375
294.444
294.509
294.568
294.621
294.669
294.713
294.751
294.785
294.814
294.839
294.861
294.878
294.893
294.904
294.912
294.918
294.921
294.923
294.922
294.92
294.917
294.913
294.907
294.901
294.894
294.887
294.879
294.872
294.864
294.856
294.848
294.84
294.832
294.825
294.818
294.811
294.804
294.798
294.791
294.785
294.78
294.774
294.768
294.763
294.757
294.752
294.746
294.741
294.735
294.729
294.723
294.717
294.711
294.704
294.697
294.689
294.682
294.674
294.666
294.658
294.65
294.641
294.633
294.625
294.617
294.609
294.602
294.595
294.589
294.585
294.581
294.579
294.578
294.579
294.583
294.588
294.597
294.608
294.622
294.64
294.662
294.687
294.717
294.752
294.791
294.835
294.884
294.939
294.999
295.064
295.135
295.212
295.293
295.381
295.473
295.569
295.67
295.775
295.883
295.994
296.106
296.22
296.333
296.446
296.556
296.663
296.766
296.863
296.953
297.035
297.109
297.172
297.225
297.267
297.297
297.318
297.328
297.33
297.325
297.317
297.31
297.308
297.316
297.342
297.392
297.474
297.598
297.771
298
298.293
298.653
299.082
299.578
300.137
300.755
301.413
302.112
302.805
303.515
304.143
304.807
305.287
305.936
306.282
306.952
277.982
278.393
278.811
279.369
279.853
280.475
281.088
281.772
282.452
283.141
283.798
284.419
284.983
285.485
285.918
286.282
286.577
286.81
286.985
287.111
287.195
287.247
287.274
287.283
287.282
287.276
287.27
287.267
287.269
287.281
287.301
287.333
287.375
287.428
287.491
287.564
287.645
287.734
287.83
287.931
288.037
288.145
288.256
288.367
288.478
288.588
288.696
288.802
288.904
289.003
289.097
289.187
289.271
289.351
289.425
289.494
289.558
289.616
289.669
289.717
289.76
289.798
289.831
289.86
289.885
289.906
289.923
289.938
289.949
289.957
289.963
289.966
289.967
289.967
289.965
289.962
289.958
289.952
289.946
289.94
289.932
289.925
289.917
289.91
289.902
289.894
289.886
289.879
289.872
289.864
289.858
289.851
289.845
289.839
289.833
289.827
289.821
289.816
289.811
289.805
289.8
289.794
289.789
289.783
289.778
289.772
289.766
289.759
289.753
289.746
289.739
289.731
289.724
289.716
289.708
289.7
289.691
289.683
289.675
289.667
289.66
289.653
289.646
289.64
289.636
289.632
289.63
289.629
289.63
289.634
289.639
289.648
289.659
289.673
289.691
289.712
289.737
289.767
289.801
289.84
289.883
289.932
289.986
290.045
290.11
290.18
290.256
290.337
290.423
290.514
290.61
290.71
290.813
290.92
291.03
291.141
291.253
291.365
291.476
291.585
291.691
291.792
291.888
291.977
292.058
292.13
292.192
292.244
292.284
292.314
292.333
292.342
292.343
292.337
292.328
292.32
292.317
292.325
292.35
292.399
292.482
292.606
292.78
293.011
293.306
293.669
294.101
294.6
295.162
295.781
296.439
297.132
297.82
298.513
299.133
299.758
300.242
300.797
301.212
301.623
273.4
273.562
274.046
274.511
274.999
275.582
276.187
276.854
277.529
278.212
278.87
279.491
280.057
280.562
280.998
281.365
281.663
281.897
282.073
282.199
282.284
282.335
282.362
282.371
282.369
282.362
282.355
282.35
282.352
282.362
282.382
282.412
282.452
282.504
282.566
282.637
282.718
282.806
282.9
283
283.104
283.211
283.32
283.43
283.54
283.649
283.756
283.86
283.961
284.058
284.152
284.24
284.324
284.403
284.476
284.544
284.607
284.665
284.717
284.764
284.806
284.844
284.877
284.906
284.93
284.951
284.968
284.982
284.993
285.002
285.007
285.011
285.012
285.012
285.01
285.007
285.002
284.997
284.991
284.985
284.978
284.97
284.963
284.955
284.948
284.94
284.933
284.925
284.918
284.911
284.904
284.898
284.892
284.886
284.88
284.874
284.869
284.864
284.858
284.853
284.848
284.843
284.837
284.832
284.826
284.821
284.815
284.808
284.802
284.795
284.788
284.781
284.773
284.766
284.758
284.75
284.742
284.734
284.726
284.718
284.71
284.703
284.697
284.691
284.687
284.683
284.681
284.681
284.682
284.685
284.691
284.699
284.71
284.724
284.741
284.763
284.788
284.817
284.85
284.889
284.932
284.98
285.033
285.092
285.156
285.225
285.3
285.38
285.465
285.555
285.65
285.749
285.851
285.957
286.065
286.175
286.286
286.397
286.506
286.614
286.718
286.818
286.913
287
287.08
287.151
287.212
287.262
287.302
287.33
287.348
287.356
287.355
287.349
287.339
287.33
287.326
287.333
287.357
287.407
287.49
287.614
287.789
288.022
288.319
288.684
289.119
289.622
290.186
290.805
291.463
292.151
292.833
293.509
294.122
294.708
295.195
295.658
296.139
296.3
268.812
268.733
269.28
269.656
270.145
270.691
271.287
271.938
272.607
273.286
273.942
274.564
275.133
275.641
276.08
276.449
276.749
276.984
277.161
277.288
277.373
277.424
277.45
277.459
277.456
277.448
277.44
277.434
277.435
277.444
277.462
277.491
277.531
277.581
277.642
277.712
277.791
277.877
277.97
278.069
278.171
278.277
278.385
278.493
278.602
278.709
278.815
278.918
279.018
279.114
279.206
279.294
279.377
279.454
279.527
279.594
279.656
279.713
279.765
279.812
279.853
279.89
279.923
279.951
279.976
279.996
280.013
280.027
280.038
280.046
280.052
280.055
280.057
280.056
280.055
280.051
280.047
280.042
280.036
280.03
280.023
280.016
280.009
280.001
279.993
279.986
279.979
279.971
279.964
279.958
279.951
279.945
279.939
279.933
279.927
279.922
279.916
279.911
279.906
279.901
279.896
279.891
279.886
279.88
279.875
279.869
279.863
279.857
279.851
279.844
279.837
279.83
279.823
279.815
279.808
279.8
279.792
279.784
279.776
279.769
279.761
279.754
279.748
279.743
279.738
279.735
279.733
279.732
279.733
279.737
279.742
279.75
279.761
279.775
279.792
279.813
279.838
279.867
279.9
279.938
279.98
280.028
280.081
280.139
280.202
280.27
280.344
280.423
280.507
280.596
280.69
280.788
280.889
280.993
281.1
281.209
281.318
281.428
281.536
281.642
281.745
281.844
281.937
282.023
282.102
282.171
282.231
282.28
282.318
282.346
282.362
282.369
282.368
282.36
282.349
282.339
282.334
282.341
282.365
282.414
282.497
282.622
282.798
283.032
283.331
283.699
284.136
284.642
285.208
285.828
286.485
287.168
287.844
288.504
289.108
289.657
290.147
290.52
291.065
290.985
264.216
263.906
264.513
264.802
265.294
265.802
266.39
267.024
267.688
268.36
269.017
269.639
270.21
270.72
271.162
271.533
271.835
272.072
272.25
272.377
272.462
272.513
272.539
272.547
272.543
272.535
272.525
272.519
272.518
272.526
272.543
272.571
272.609
272.658
272.718
272.787
272.864
272.949
273.041
273.138
273.239
273.344
273.45
273.557
273.664
273.77
273.875
273.976
274.075
274.17
274.261
274.348
274.429
274.506
274.578
274.644
274.706
274.762
274.813
274.859
274.9
274.937
274.969
274.997
275.021
275.041
275.058
275.072
275.083
275.091
275.096
275.1
275.101
275.101
275.099
275.096
275.092
275.087
275.081
275.075
275.068
275.061
275.054
275.047
275.039
275.032
275.025
275.018
275.011
275.004
274.998
274.992
274.986
274.98
274.974
274.969
274.964
274.959
274.954
274.949
274.944
274.939
274.934
274.929
274.923
274.918
274.912
274.906
274.9
274.894
274.887
274.88
274.873
274.865
274.858
274.85
274.842
274.834
274.827
274.819
274.812
274.805
274.799
274.794
274.789
274.786
274.784
274.783
274.785
274.788
274.793
274.801
274.812
274.826
274.843
274.864
274.888
274.917
274.949
274.987
275.029
275.076
275.128
275.185
275.248
275.315
275.388
275.466
275.55
275.637
275.73
275.826
275.926
276.029
276.135
276.242
276.35
276.458
276.565
276.67
276.772
276.869
276.961
277.046
277.123
277.191
277.25
277.298
277.335
277.361
277.376
277.382
277.38
277.371
277.359
277.348
277.343
277.349
277.372
277.421
277.504
277.63
277.807
278.042
278.343
278.713
279.153
279.661
280.229
280.85
281.506
282.183
282.854
283.497
284.093
284.605
285.097
285.384
285.988
285.678
259.612
259.082
259.745
259.95
260.443
260.916
261.495
262.112
262.77
263.437
264.093
264.715
265.288
265.8
266.244
266.618
266.921
267.16
267.339
267.466
267.551
267.602
267.627
267.635
267.631
267.621
267.611
267.603
267.602
267.609
267.625
267.651
267.689
267.736
267.794
267.862
267.938
268.022
268.112
268.208
268.308
268.411
268.515
268.621
268.727
268.832
268.934
269.035
269.132
269.226
269.316
269.401
269.482
269.558
269.629
269.694
269.755
269.81
269.861
269.906
269.947
269.983
270.015
270.043
270.066
270.086
270.103
270.117
270.127
270.135
270.141
270.144
270.146
270.145
270.144
270.141
270.137
270.132
270.126
270.12
270.114
270.107
270.1
270.092
270.085
270.078
270.071
270.064
270.057
270.051
270.045
270.039
270.033
270.027
270.022
270.017
270.011
270.007
270.002
269.997
269.992
269.987
269.982
269.977
269.972
269.967
269.961
269.955
269.949
269.943
269.936
269.929
269.922
269.915
269.908
269.9
269.893
269.885
269.877
269.87
269.863
269.856
269.85
269.845
269.841
269.837
269.836
269.835
269.836
269.84
269.845
269.853
269.864
269.877
269.894
269.914
269.939
269.967
269.999
270.036
270.078
270.124
270.175
270.232
270.293
270.36
270.432
270.51
270.592
270.678
270.769
270.865
270.963
271.065
271.169
271.275
271.382
271.489
271.594
271.698
271.798
271.894
271.984
272.068
272.144
272.21
272.268
272.314
272.35
272.375
272.39
272.395
272.391
272.382
272.369
272.357
272.351
272.356
272.38
272.428
272.512
272.638
272.815
273.052
273.354
273.727
274.169
274.679
275.249
275.87
276.525
277.196
277.861
278.488
279.075
279.551
280.045
280.248
280.909
280.378
255.001
254.259
254.977
255.1
255.594
256.031
256.602
257.203
257.855
258.516
259.17
259.793
260.367
260.881
261.328
261.703
262.008
262.248
262.427
262.555
262.64
262.691
262.716
262.723
262.718
262.708
262.697
262.689
262.686
262.692
262.707
262.732
262.768
262.815
262.872
262.938
263.013
263.095
263.184
263.278
263.376
263.478
263.581
263.685
263.79
263.893
263.995
264.094
264.19
264.282
264.371
264.455
264.535
264.61
264.68
264.744
264.804
264.859
264.909
264.953
264.994
265.029
265.061
265.088
265.112
265.131
265.148
265.161
265.172
265.18
265.185
265.188
265.19
265.19
265.188
265.185
265.181
265.177
265.171
265.165
265.159
265.152
265.145
265.138
265.131
265.124
265.117
265.11
265.104
265.097
265.091
265.085
265.08
265.074
265.069
265.064
265.059
265.054
265.049
265.045
265.04
265.035
265.03
265.026
265.021
265.015
265.01
265.004
264.998
264.992
264.986
264.979
264.972
264.965
264.958
264.95
264.943
264.935
264.928
264.921
264.914
264.908
264.902
264.896
264.892
264.889
264.887
264.887
264.888
264.891
264.897
264.904
264.915
264.928
264.945
264.965
264.989
265.017
265.049
265.085
265.126
265.172
265.223
265.278
265.339
265.405
265.476
265.552
265.633
265.719
265.809
265.903
266
266.101
266.204
266.308
266.413
266.519
266.623
266.725
266.824
266.918
267.007
267.089
267.164
267.229
267.285
267.331
267.366
267.389
267.403
267.407
267.402
267.392
267.379
267.366
267.359
267.364
267.387
267.435
267.519
267.645
267.823
268.061
268.365
268.739
269.184
269.695
270.268
270.888
271.543
272.208
272.866
273.477
274.055
274.496
274.991
275.113
275.828
275.086
250.382
249.439
250.207
250.252
250.747
251.149
251.711
252.296
252.941
253.596
254.249
254.872
255.448
255.963
256.412
256.789
257.095
257.336
257.516
257.645
257.73
257.78
257.805
257.811
257.806
257.795
257.783
257.774
257.771
257.775
257.789
257.814
257.848
257.894
257.949
258.014
258.088
258.169
258.256
258.349
258.446
258.545
258.647
258.75
258.853
258.955
259.055
259.153
259.248
259.339
259.426
259.509
259.588
259.662
259.731
259.794
259.853
259.907
259.956
260.001
260.04
260.076
260.107
260.134
260.157
260.176
260.193
260.206
260.216
260.224
260.229
260.233
260.234
260.234
260.233
260.23
260.226
260.221
260.216
260.21
260.204
260.197
260.19
260.184
260.177
260.17
260.163
260.156
260.15
260.144
260.138
260.132
260.127
260.121
260.116
260.111
260.106
260.102
260.097
260.093
260.088
260.083
260.079
260.074
260.069
260.064
260.059
260.053
260.047
260.041
260.035
260.029
260.022
260.015
260.008
260.001
259.993
259.986
259.979
259.972
259.965
259.959
259.953
259.948
259.944
259.941
259.939
259.938
259.94
259.943
259.948
259.956
259.966
259.98
259.996
260.016
260.039
260.067
260.098
260.134
260.175
260.22
260.27
260.325
260.385
260.45
260.52
260.595
260.675
260.76
260.848
260.941
261.037
261.136
261.238
261.341
261.445
261.548
261.651
261.752
261.849
261.942
262.029
262.11
262.183
262.248
262.302
262.347
262.38
262.403
262.416
262.418
262.413
262.402
262.388
262.375
262.367
262.371
262.394
262.442
262.526
262.652
262.831
263.07
263.376
263.751
264.198
264.711
265.285
265.905
266.558
267.217
267.87
268.463
269.033
269.439
269.936
269.979
270.746
269.802
245.755
244.62
245.436
245.405
245.901
246.269
246.822
247.391
248.03
248.679
249.33
249.952
250.529
251.046
251.496
251.875
252.183
252.424
252.605
252.734
252.819
252.87
252.894
252.9
252.894
252.882
252.87
252.86
252.855
252.859
252.872
252.895
252.929
252.973
253.027
253.091
253.163
253.242
253.328
253.42
253.515
253.613
253.714
253.815
253.916
254.017
254.116
254.212
254.305
254.395
254.482
254.563
254.641
254.714
254.782
254.845
254.903
254.956
255.004
255.048
255.087
255.122
255.152
255.179
255.202
255.221
255.237
255.25
255.26
255.268
255.274
255.277
255.278
255.278
255.277
255.274
255.271
255.266
255.261
255.255
255.249
255.242
255.236
255.229
255.222
255.216
255.209
255.203
255.196
255.19
255.185
255.179
255.174
255.168
255.163
255.159
255.154
255.149
255.145
255.141
255.136
255.132
255.127
255.122
255.118
255.113
255.108
255.102
255.097
255.091
255.085
255.078
255.072
255.065
255.058
255.051
255.044
255.037
255.03
255.023
255.016
255.01
255.004
254.999
254.995
254.992
254.991
254.99
254.991
254.995
255
255.008
255.018
255.031
255.047
255.067
255.09
255.117
255.148
255.184
255.223
255.268
255.317
255.372
255.431
255.495
255.564
255.638
255.717
255.8
255.888
255.979
256.074
256.172
256.272
256.373
256.475
256.578
256.679
256.778
256.874
256.965
257.051
257.131
257.203
257.266
257.319
257.362
257.395
257.417
257.428
257.43
257.424
257.412
257.397
257.383
257.375
257.379
257.401
257.449
257.533
257.66
257.839
258.079
258.386
258.763
259.211
259.725
260.3
260.92
261.571
262.224
262.87
263.448
264.009
264.381
264.878
264.846
265.661
264.526
241.121
239.803
240.664
240.561
241.056
241.391
241.935
242.488
243.121
243.764
244.413
245.034
245.612
246.13
246.582
246.962
247.271
247.513
247.694
247.823
247.909
247.959
247.983
247.988
247.982
247.97
247.956
247.945
247.94
247.943
247.955
247.977
248.01
248.053
248.106
248.168
248.239
248.317
248.401
248.491
248.585
248.682
248.781
248.88
248.98
249.079
249.176
249.271
249.363
249.452
249.537
249.618
249.694
249.766
249.833
249.895
249.952
250.004
250.052
250.095
250.134
250.168
250.198
250.224
250.247
250.266
250.282
250.295
250.305
250.312
250.318
250.321
250.323
250.323
250.321
250.319
250.315
250.311
250.305
250.3
250.294
250.288
250.281
250.275
250.268
250.261
250.255
250.249
250.243
250.237
250.231
250.226
250.22
250.215
250.211
250.206
250.201
250.197
250.193
250.188
250.184
250.18
250.175
250.171
250.166
250.161
250.156
250.151
250.146
250.14
250.134
250.128
250.122
250.115
250.108
250.101
250.094
250.087
250.08
250.074
250.067
250.061
250.056
250.051
250.047
250.044
250.042
250.042
250.043
250.047
250.052
250.059
250.069
250.082
250.098
250.118
250.141
250.167
250.198
250.233
250.272
250.316
250.365
250.418
250.476
250.54
250.608
250.681
250.758
250.84
250.927
251.017
251.11
251.207
251.305
251.405
251.506
251.607
251.706
251.804
251.898
251.988
252.073
252.151
252.221
252.283
252.335
252.377
252.409
252.429
252.44
252.441
252.434
252.421
252.406
252.391
252.383
252.386
252.408
252.456
252.539
252.667
252.847
253.087
253.395
253.773
254.223
254.739
255.314
255.933
256.583
257.229
257.869
258.43
258.983
259.322
259.819
259.715
260.575
259.257
236.478
234.988
235.891
235.718
236.213
236.515
237.051
237.588
238.214
238.851
239.498
240.118
240.696
241.215
241.668
242.049
242.359
242.601
242.783
242.913
242.998
243.048
243.072
243.077
243.07
243.057
243.043
243.032
243.026
243.028
243.039
243.06
243.091
243.133
243.185
243.246
243.315
243.392
243.475
243.563
243.655
243.75
243.848
243.946
244.044
244.141
244.237
244.331
244.422
244.509
244.593
244.672
244.747
244.818
244.884
244.945
245.001
245.053
245.1
245.142
245.18
245.214
245.244
245.27
245.292
245.311
245.326
245.339
245.349
245.356
245.362
245.365
245.367
245.367
245.365
245.363
245.359
245.355
245.35
245.345
245.339
245.333
245.326
245.32
245.314
245.307
245.301
245.295
245.289
245.283
245.278
245.272
245.267
245.262
245.258
245.253
245.249
245.245
245.24
245.236
245.232
245.228
245.224
245.219
245.215
245.21
245.205
245.2
245.195
245.189
245.184
245.178
245.171
245.165
245.158
245.152
245.145
245.138
245.131
245.125
245.118
245.113
245.107
245.102
245.099
245.096
245.094
245.094
245.095
245.098
245.104
245.111
245.121
245.134
245.15
245.169
245.191
245.218
245.248
245.282
245.321
245.364
245.412
245.465
245.522
245.584
245.652
245.723
245.8
245.881
245.966
246.054
246.146
246.241
246.338
246.437
246.536
246.635
246.733
246.829
246.922
247.011
247.094
247.171
247.24
247.3
247.351
247.392
247.422
247.442
247.452
247.452
247.444
247.431
247.414
247.399
247.39
247.393
247.415
247.463
247.546
247.674
247.854
248.095
248.404
248.783
249.234
249.75
250.326
250.944
251.592
252.232
252.865
253.411
253.954
254.261
254.758
254.584
255.487
253.997
231.829
230.175
231.117
230.877
231.371
231.642
232.169
232.69
233.31
233.94
234.585
235.203
235.782
236.302
236.755
237.136
237.447
237.69
237.873
238.002
238.087
238.137
238.161
238.165
238.158
238.145
238.13
238.118
238.111
238.113
238.123
238.143
238.173
238.214
238.264
238.324
238.392
238.467
238.548
238.635
238.726
238.819
238.915
239.012
239.108
239.204
239.299
239.391
239.48
239.566
239.648
239.727
239.8
239.87
239.935
239.995
240.051
240.101
240.148
240.189
240.227
240.26
240.289
240.315
240.337
240.355
240.371
240.383
240.393
240.401
240.406
240.409
240.411
240.411
240.41
240.407
240.404
240.4
240.395
240.389
240.384
240.378
240.372
240.365
240.359
240.353
240.347
240.341
240.335
240.33
240.324
240.319
240.314
240.31
240.305
240.301
240.296
240.292
240.288
240.284
240.28
240.276
240.272
240.268
240.263
240.259
240.254
240.249
240.244
240.239
240.233
240.227
240.221
240.215
240.209
240.202
240.195
240.189
240.182
240.176
240.17
240.164
240.159
240.154
240.15
240.148
240.146
240.146
240.147
240.15
240.156
240.163
240.173
240.185
240.201
240.22
240.242
240.268
240.298
240.332
240.37
240.412
240.459
240.511
240.568
240.629
240.695
240.766
240.841
240.921
241.004
241.092
241.182
241.276
241.371
241.468
241.566
241.664
241.76
241.855
241.946
242.033
242.115
242.19
242.258
242.317
242.366
242.406
242.435
242.454
242.463
242.462
242.454
242.44
242.423
242.408
242.398
242.401
242.422
242.47
242.553
242.681
242.861
243.103
243.412
243.792
244.243
244.761
245.337
245.953
246.598
247.232
247.858
248.389
248.923
249.199
249.696
249.455
250.397
248.743
227.171
225.363
226.342
226.037
226.53
226.771
227.289
227.795
228.408
229.032
229.674
230.29
230.869
231.389
231.842
232.225
232.536
232.779
232.962
233.091
233.176
233.226
233.25
233.254
233.246
233.233
233.217
233.205
233.197
233.198
233.207
233.226
233.255
233.295
233.344
233.402
233.469
233.542
233.622
233.707
233.797
233.889
233.983
234.078
234.173
234.267
234.36
234.451
234.538
234.623
234.704
234.781
234.854
234.922
234.986
235.045
235.1
235.15
235.196
235.237
235.273
235.306
235.335
235.36
235.382
235.4
235.415
235.427
235.437
235.445
235.45
235.453
235.455
235.455
235.454
235.451
235.448
235.444
235.439
235.434
235.429
235.423
235.417
235.411
235.405
235.399
235.393
235.387
235.381
235.376
235.371
235.366
235.361
235.357
235.352
235.348
235.344
235.34
235.336
235.332
235.328
235.324
235.32
235.316
235.312
235.308
235.303
235.298
235.293
235.288
235.283
235.277
235.271
235.265
235.259
235.252
235.246
235.239
235.233
235.227
235.221
235.215
235.21
235.206
235.202
235.2
235.198
235.198
235.199
235.202
235.208
235.215
235.225
235.237
235.252
235.271
235.293
235.318
235.348
235.381
235.418
235.46
235.507
235.558
235.613
235.674
235.739
235.808
235.883
235.961
236.043
236.129
236.218
236.31
236.404
236.5
236.596
236.692
236.787
236.879
236.969
237.055
237.135
237.209
237.275
237.333
237.381
237.42
237.448
237.466
237.474
237.472
237.463
237.449
237.432
237.416
237.406
237.408
237.429
237.477
237.56
237.688
237.868
238.11
238.42
238.8
239.252
239.77
240.346
240.961
241.603
242.23
242.849
243.364
243.89
244.136
244.632
244.327
245.306
243.498
222.506
220.552
221.565
221.2
221.691
221.903
222.412
222.903
223.509
224.126
224.765
225.379
225.957
226.477
226.931
227.313
227.625
227.868
228.051
228.18
228.266
228.315
228.338
228.343
228.335
228.32
228.305
228.291
228.283
228.283
228.291
228.31
228.338
228.376
228.424
228.481
228.546
228.618
228.697
228.78
228.868
228.958
229.051
229.144
229.238
229.33
229.422
229.511
229.597
229.68
229.76
229.836
229.907
229.975
230.037
230.096
230.149
230.199
230.243
230.284
230.32
230.352
230.381
230.405
230.426
230.444
230.459
230.472
230.481
230.488
230.494
230.497
230.499
230.499
230.498
230.495
230.492
230.488
230.484
230.479
230.473
230.468
230.462
230.456
230.45
230.444
230.439
230.433
230.428
230.422
230.417
230.413
230.408
230.404
230.399
230.395
230.391
230.387
230.384
230.38
230.376
230.373
230.369
230.365
230.361
230.357
230.352
230.348
230.343
230.338
230.332
230.327
230.321
230.315
230.309
230.303
230.297
230.29
230.284
230.278
230.272
230.267
230.262
230.258
230.254
230.252
230.25
230.25
230.251
230.255
230.26
230.267
230.277
230.289
230.304
230.322
230.344
230.369
230.398
230.43
230.467
230.508
230.554
230.604
230.659
230.718
230.782
230.851
230.924
231.001
231.082
231.166
231.254
231.344
231.437
231.531
231.625
231.719
231.813
231.904
231.992
232.076
232.155
232.227
232.292
232.349
232.396
232.433
232.461
232.478
232.485
232.482
232.473
232.458
232.44
232.424
232.413
232.415
232.436
232.484
232.567
232.694
232.875
233.117
233.427
233.808
234.26
234.778
235.353
235.966
236.605
237.225
237.838
238.337
238.854
239.071
239.566
239.201
240.214
238.26
217.834
215.743
216.787
216.363
216.853
217.037
217.537
218.013
218.612
219.222
219.858
220.47
221.047
221.566
222.02
222.402
222.714
222.958
223.14
223.27
223.355
223.404
223.427
223.431
223.423
223.408
223.392
223.378
223.37
223.369
223.376
223.393
223.421
223.458
223.505
223.56
223.624
223.695
223.772
223.854
223.939
224.028
224.119
224.211
224.303
224.394
224.483
224.571
224.656
224.738
224.816
224.89
224.961
225.027
225.089
225.146
225.199
225.247
225.291
225.331
225.366
225.398
225.426
225.45
225.471
225.489
225.504
225.516
225.525
225.532
225.537
225.541
225.542
225.543
225.542
225.539
225.536
225.533
225.528
225.523
225.518
225.513
225.507
225.501
225.496
225.49
225.484
225.479
225.474
225.469
225.464
225.459
225.455
225.451
225.446
225.443
225.439
225.435
225.431
225.428
225.424
225.421
225.417
225.413
225.409
225.405
225.401
225.397
225.392
225.387
225.382
225.377
225.371
225.365
225.359
225.353
225.347
225.341
225.335
225.329
225.324
225.318
225.314
225.309
225.306
225.304
225.302
225.302
225.304
225.307
225.312
225.319
225.328
225.341
225.355
225.373
225.395
225.419
225.448
225.48
225.516
225.557
225.601
225.651
225.705
225.763
225.826
225.893
225.965
226.04
226.12
226.203
226.289
226.378
226.469
226.561
226.654
226.747
226.839
226.928
227.015
227.097
227.174
227.245
227.309
227.364
227.41
227.446
227.473
227.489
227.495
227.492
227.482
227.466
227.448
227.431
227.421
227.423
227.443
227.491
227.574
227.701
227.882
228.124
228.434
228.815
229.267
229.784
230.358
230.969
231.605
232.218
232.823
233.308
233.816
234.005
234.498
234.075
235.12
233.029
213.155
210.934
212.008
211.529
212.016
212.173
212.664
213.126
213.718
214.321
214.954
215.563
216.138
216.657
217.11
217.492
217.803
218.047
218.229
218.359
218.444
218.493
218.516
218.519
218.511
218.496
218.48
218.465
218.456
218.454
218.461
218.478
218.504
218.54
218.585
218.64
218.702
218.771
218.847
218.927
219.011
219.099
219.188
219.278
219.368
219.457
219.545
219.631
219.715
219.795
219.872
219.945
220.014
220.079
220.14
220.196
220.248
220.296
220.339
220.378
220.413
220.444
220.471
220.495
220.516
220.533
220.548
220.56
220.569
220.576
220.581
220.585
220.586
220.586
220.586
220.583
220.581
220.577
220.573
220.568
220.563
220.558
220.552
220.547
220.541
220.536
220.53
220.525
220.52
220.515
220.51
220.506
220.502
220.498
220.494
220.49
220.486
220.483
220.479
220.476
220.472
220.469
220.465
220.462
220.458
220.454
220.45
220.446
220.441
220.437
220.432
220.426
220.421
220.415
220.41
220.404
220.398
220.392
220.386
220.381
220.375
220.37
220.365
220.361
220.358
220.356
220.354
220.354
220.356
220.359
220.364
220.371
220.38
220.392
220.407
220.425
220.445
220.47
220.498
220.529
220.565
220.605
220.649
220.697
220.75
220.808
220.869
220.935
221.006
221.08
221.158
221.24
221.325
221.412
221.501
221.592
221.683
221.774
221.864
221.952
222.037
222.118
222.193
222.263
222.325
222.379
222.424
222.459
222.485
222.5
222.505
222.502
222.491
222.475
222.456
222.439
222.429
222.43
222.451
222.498
222.581
222.708
222.889
223.131
223.44
223.821
224.272
224.789
225.362
225.97
226.602
227.208
227.807
228.277
228.776
228.938
229.429
228.951
230.025
227.805
208.47
206.127
207.227
206.696
207.181
207.311
207.794
208.242
208.827
209.423
210.051
210.657
211.231
211.748
212.201
212.582
212.893
213.136
213.319
213.448
213.532
213.582
213.604
213.608
213.599
213.584
213.567
213.553
213.543
213.541
213.547
213.562
213.587
213.622
213.667
213.72
213.781
213.848
213.922
214.001
214.084
214.169
214.257
214.345
214.433
214.521
214.608
214.692
214.774
214.853
214.928
215
215.068
215.132
215.191
215.247
215.297
215.344
215.387
215.425
215.459
215.49
215.517
215.54
215.561
215.578
215.592
215.604
215.613
215.62
215.625
215.628
215.63
215.63
215.629
215.627
215.625
215.621
215.617
215.612
215.608
215.602
215.597
215.592
215.586
215.581
215.576
215.571
215.566
215.561
215.557
215.553
215.548
215.544
215.541
215.537
215.534
215.53
215.527
215.524
215.52
215.517
215.514
215.51
215.507
215.503
215.499
215.495
215.491
215.486
215.481
215.476
215.471
215.466
215.46
215.454
215.449
215.443
215.437
215.432
215.427
215.422
215.417
215.413
215.41
215.408
215.407
215.407
215.408
215.411
215.416
215.423
215.432
215.444
215.459
215.476
215.496
215.52
215.548
215.579
215.614
215.653
215.696
215.744
215.796
215.852
215.913
215.978
216.047
216.12
216.196
216.277
216.36
216.445
216.533
216.622
216.711
216.801
216.889
216.975
217.059
217.138
217.212
217.28
217.341
217.394
217.437
217.472
217.496
217.51
217.515
217.511
217.5
217.483
217.465
217.447
217.437
217.438
217.458
217.505
217.588
217.715
217.895
218.137
218.446
218.826
219.277
219.792
220.364
220.968
221.597
222.196
222.787
223.243
223.733
223.869
224.358
223.828
224.929
222.588
203.777
201.321
202.445
201.864
202.347
202.452
202.926
203.361
203.939
204.527
205.151
205.754
206.326
206.841
207.292
207.673
207.983
208.226
208.408
208.536
208.621
208.67
208.693
208.696
208.687
208.672
208.655
208.64
208.63
208.627
208.632
208.647
208.671
208.705
208.748
208.8
208.859
208.926
208.998
209.075
209.156
209.24
209.326
209.412
209.499
209.585
209.67
209.753
209.833
209.911
209.985
210.055
210.122
210.184
210.243
210.297
210.347
210.393
210.434
210.472
210.506
210.536
210.562
210.585
210.605
210.622
210.636
210.648
210.657
210.664
210.669
210.672
210.674
210.674
210.673
210.671
210.669
210.665
210.661
210.657
210.652
210.647
210.642
210.637
210.632
210.627
210.622
210.617
210.612
210.608
210.603
210.599
210.595
210.591
210.588
210.584
210.581
210.578
210.575
210.572
210.568
210.565
210.562
210.559
210.555
210.552
210.548
210.544
210.54
210.536
210.531
210.526
210.521
210.516
210.511
210.505
210.5
210.494
210.489
210.483
210.478
210.473
210.469
210.465
210.462
210.46
210.459
210.459
210.461
210.464
210.469
210.476
210.485
210.496
210.51
210.527
210.547
210.571
210.598
210.628
210.663
210.701
210.744
210.79
210.841
210.896
210.956
211.02
211.087
211.159
211.234
211.313
211.395
211.479
211.565
211.652
211.74
211.827
211.914
211.999
212.08
212.158
212.23
212.297
212.356
212.408
212.45
212.484
212.507
212.521
212.525
212.52
212.509
212.492
212.473
212.455
212.445
212.446
212.466
212.513
212.595
212.722
212.902
213.143
213.451
213.83
214.28
214.794
215.363
215.965
216.589
217.181
217.764
218.206
218.688
218.799
219.286
218.706
219.833
217.377
199.078
196.515
197.662
197.034
197.514
197.596
198.061
198.482
199.053
199.634
200.254
200.852
201.422
201.935
202.385
202.764
203.073
203.315
203.497
203.625
203.709
203.758
203.781
203.784
203.775
203.76
203.743
203.727
203.717
203.713
203.718
203.732
203.755
203.788
203.83
203.881
203.939
204.004
204.074
204.15
204.229
204.311
204.395
204.48
204.565
204.65
204.733
204.814
204.893
204.969
205.041
205.11
205.175
205.237
205.294
205.347
205.396
205.441
205.482
205.519
205.552
205.582
205.608
205.63
205.65
205.666
205.68
205.691
205.7
205.707
205.712
205.715
205.717
205.718
205.717
205.715
205.713
205.709
205.706
205.701
205.697
205.692
205.687
205.682
205.677
205.672
205.667
205.663
205.658
205.654
205.65
205.646
205.642
205.638
205.635
205.632
205.628
205.625
205.622
205.619
205.616
205.613
205.61
205.607
205.604
205.601
205.597
205.593
205.589
205.585
205.581
205.576
205.571
205.566
205.561
205.556
205.55
205.545
205.54
205.535
205.53
205.525
205.521
205.517
205.514
205.512
205.511
205.512
205.513
205.516
205.521
205.528
205.537
205.548
205.562
205.579
205.599
205.622
205.648
205.678
205.712
205.749
205.791
205.837
205.887
205.941
205.999
206.062
206.128
206.198
206.272
206.349
206.429
206.512
206.596
206.682
206.768
206.854
206.939
207.021
207.101
207.177
207.248
207.313
207.372
207.422
207.463
207.495
207.518
207.531
207.534
207.529
207.517
207.5
207.481
207.464
207.453
207.454
207.474
207.521
207.603
207.729
207.908
208.149
208.456
208.834
209.282
209.794
210.361
210.959
211.579
212.163
212.739
213.167
213.641
213.728
214.212
213.586
214.735
212.173
194.373
191.71
192.878
192.205
192.682
192.741
193.198
193.606
194.17
194.743
195.358
195.953
196.519
197.03
197.478
197.856
198.164
198.405
198.586
198.714
198.798
198.847
198.869
198.872
198.863
198.848
198.83
198.815
198.804
198.8
198.804
198.817
198.84
198.872
198.912
198.962
199.018
199.082
199.151
199.225
199.302
199.383
199.465
199.548
199.631
199.714
199.795
199.875
199.952
200.027
200.098
200.165
200.229
200.289
200.346
200.398
200.446
200.49
200.53
200.566
200.599
200.627
200.653
200.675
200.694
200.71
200.724
200.735
200.744
200.751
200.756
200.759
200.761
200.761
200.761
200.759
200.757
200.754
200.75
200.746
200.741
200.737
200.732
200.727
200.722
200.718
200.713
200.709
200.704
200.7
200.696
200.692
200.689
200.685
200.682
200.679
200.676
200.673
200.67
200.667
200.664
200.662
200.659
200.656
200.653
200.649
200.646
200.642
200.639
200.635
200.63
200.626
200.621
200.616
200.611
200.606
200.601
200.596
200.591
200.586
200.581
200.577
200.573
200.569
200.567
200.565
200.564
200.564
200.566
200.569
200.573
200.58
200.589
200.6
200.614
200.63
200.65
200.672
200.698
200.728
200.761
200.798
200.838
200.883
200.932
200.985
201.042
201.104
201.169
201.238
201.31
201.386
201.464
201.545
201.627
201.711
201.796
201.88
201.963
202.044
202.122
202.197
202.266
202.33
202.386
202.435
202.476
202.507
202.528
202.541
202.544
202.538
202.526
202.508
202.489
202.472
202.461
202.462
202.482
202.528
202.61
202.736
202.915
203.154
203.461
203.837
204.283
204.793
205.357
205.951
206.566
207.142
207.711
208.126
208.591
208.656
209.137
208.467
209.637
206.975
189.662
186.906
188.092
187.378
187.852
187.889
188.338
188.733
189.289
189.855
190.465
191.055
191.618
192.126
192.572
192.948
193.255
193.495
193.675
193.802
193.886
193.934
193.957
193.96
193.951
193.935
193.918
193.902
193.891
193.887
193.891
193.903
193.925
193.955
193.995
194.043
194.098
194.16
194.228
194.3
194.376
194.454
194.535
194.616
194.698
194.779
194.858
194.936
195.012
195.085
195.154
195.221
195.283
195.342
195.397
195.448
195.495
195.538
195.578
195.613
195.645
195.673
195.698
195.72
195.739
195.755
195.768
195.779
195.788
195.794
195.799
195.802
195.804
195.805
195.804
195.803
195.8
195.798
195.794
195.79
195.786
195.782
195.777
195.772
195.768
195.763
195.759
195.754
195.75
195.746
195.743
195.739
195.735
195.732
195.729
195.726
195.723
195.721
195.718
195.715
195.713
195.71
195.707
195.704
195.701
195.698
195.695
195.692
195.688
195.684
195.68
195.676
195.671
195.667
195.662
195.657
195.652
195.647
195.642
195.637
195.633
195.629
195.625
195.621
195.619
195.617
195.616
195.617
195.618
195.621
195.626
195.633
195.641
195.652
195.666
195.682
195.701
195.723
195.748
195.777
195.81
195.846
195.886
195.93
195.978
196.03
196.086
196.146
196.209
196.277
196.348
196.422
196.498
196.578
196.658
196.74
196.823
196.905
196.987
197.066
197.143
197.216
197.283
197.346
197.401
197.448
197.488
197.518
197.539
197.55
197.553
197.547
197.534
197.517
197.497
197.48
197.469
197.47
197.49
197.536
197.618
197.743
197.921
198.159
198.464
198.839
199.283
199.79
200.351
200.94
201.55
202.119
202.68
203.082
203.539
203.582
204.061
203.349
204.538
201.783
184.944
182.102
183.305
182.552
183.023
183.039
183.48
183.863
184.412
184.97
185.574
186.16
186.719
187.223
187.667
188.041
188.346
188.585
188.763
188.89
188.974
189.022
189.044
189.048
189.039
189.023
189.006
188.99
188.979
188.974
188.977
188.989
189.01
189.039
189.078
189.124
189.178
189.239
189.305
189.375
189.449
189.526
189.605
189.685
189.764
189.844
189.922
189.998
190.072
190.143
190.211
190.276
190.337
190.395
190.449
190.499
190.545
190.587
190.625
190.66
190.691
190.719
190.743
190.765
190.783
190.799
190.812
190.823
190.831
190.838
190.843
190.846
190.848
190.848
190.848
190.846
190.844
190.842
190.838
190.834
190.83
190.826
190.822
190.817
190.813
190.809
190.804
190.8
190.796
190.793
190.789
190.785
190.782
190.779
190.776
190.773
190.771
190.768
190.766
190.763
190.761
190.758
190.755
190.753
190.75
190.747
190.744
190.741
190.737
190.734
190.73
190.726
190.721
190.717
190.712
190.708
190.703
190.698
190.694
190.689
190.685
190.68
190.677
190.674
190.671
190.669
190.669
190.669
190.671
190.674
190.679
190.685
190.694
190.704
190.718
190.733
190.752
190.774
190.799
190.827
190.859
190.894
190.933
190.976
191.023
191.074
191.129
191.187
191.25
191.316
191.385
191.458
191.533
191.61
191.689
191.769
191.85
191.931
192.01
192.088
192.163
192.234
192.3
192.361
192.415
192.461
192.499
192.529
192.549
192.56
192.562
192.555
192.543
192.525
192.506
192.488
192.477
192.478
192.498
192.545
192.626
192.75
192.927
193.164
193.468
193.84
194.282
194.785
195.343
195.927
196.532
197.093
197.646
198.036
198.484
198.507
198.983
198.232
199.438
196.597
180.222
177.299
178.517
177.727
178.195
178.192
178.625
178.996
179.537
180.088
180.686
181.266
181.821
182.322
182.763
183.134
183.437
183.674
183.852
183.978
184.061
184.11
184.132
184.135
184.126
184.111
184.094
184.078
184.066
184.061
184.064
184.075
184.095
184.124
184.161
184.206
184.259
184.318
184.382
184.451
184.523
184.599
184.675
184.753
184.831
184.909
184.985
185.059
185.132
185.201
185.268
185.331
185.391
185.448
185.5
185.549
185.594
185.635
185.673
185.707
185.737
185.765
185.789
185.809
185.827
185.843
185.856
185.866
185.875
185.881
185.886
185.889
185.891
185.892
185.891
185.89
185.888
185.885
185.882
185.879
185.875
185.871
185.867
185.862
185.858
185.854
185.85
185.846
185.842
185.839
185.835
185.832
185.829
185.826
185.823
185.821
185.818
185.816
185.813
185.811
185.809
185.806
185.804
185.801
185.799
185.796
185.793
185.79
185.787
185.783
185.78
185.776
185.772
185.767
185.763
185.759
185.754
185.749
185.745
185.741
185.736
185.732
185.729
185.726
185.724
185.722
185.721
185.722
185.723
185.726
185.731
185.738
185.746
185.757
185.77
185.785
185.803
185.825
185.849
185.877
185.908
185.942
185.981
186.023
186.069
186.118
186.172
186.229
186.29
186.355
186.423
186.493
186.567
186.643
186.72
186.798
186.877
186.956
187.034
187.11
187.183
187.252
187.317
187.376
187.429
187.474
187.511
187.539
187.559
187.569
187.57
187.564
187.551
187.533
187.514
187.497
187.486
187.487
187.507
187.553
187.634
187.758
187.934
188.169
188.47
188.84
189.279
189.779
190.333
190.912
191.511
192.064
192.61
192.987
193.428
193.431
193.904
193.116
194.338
191.417
175.494
172.496
173.728
172.903
173.368
173.347
173.772
174.132
174.665
175.208
175.8
176.375
176.925
177.422
177.859
178.228
178.528
178.764
178.941
179.066
179.149
179.197
179.219
179.222
179.214
179.199
179.181
179.165
179.154
179.148
179.151
179.161
179.18
179.208
179.244
179.289
179.34
179.397
179.46
179.527
179.598
179.671
179.746
179.822
179.898
179.974
180.048
180.121
180.192
180.26
180.325
180.387
180.445
180.5
180.552
180.6
180.644
180.684
180.721
180.754
180.784
180.81
180.834
180.854
180.872
180.887
180.899
180.91
180.918
180.925
180.929
180.933
180.935
180.935
180.935
180.934
180.932
180.929
180.926
180.923
180.919
180.915
180.911
180.907
180.903
180.899
180.896
180.892
180.888
180.885
180.882
180.879
180.876
180.873
180.87
180.868
180.865
180.863
180.861
180.859
180.857
180.854
180.852
180.85
180.847
180.845
180.842
180.839
180.836
180.833
180.829
180.826
180.822
180.818
180.814
180.809
180.805
180.801
180.796
180.792
180.788
180.784
180.781
180.778
180.776
180.774
180.774
180.774
180.776
180.779
180.784
180.79
180.798
180.809
180.822
180.837
180.855
180.875
180.899
180.926
180.957
180.99
181.028
181.069
181.114
181.163
181.215
181.271
181.331
181.394
181.46
181.529
181.601
181.675
181.75
181.827
181.904
181.981
182.057
182.131
182.203
182.27
182.333
182.391
182.442
182.486
182.522
182.55
182.568
182.578
182.579
182.572
182.559
182.542
182.522
182.505
182.495
182.496
182.516
182.562
182.642
182.765
182.94
183.173
183.473
183.84
184.276
184.771
185.321
185.894
186.487
187.032
187.57
187.936
188.369
188.354
188.823
188.002
189.237
186.241
170.76
167.693
168.937
168.081
168.542
168.504
168.922
169.27
169.796
170.331
170.917
171.485
172.03
172.523
172.956
173.322
173.62
173.854
174.029
174.154
174.236
174.284
174.306
174.31
174.301
174.286
174.269
174.253
174.242
174.236
174.238
174.248
174.266
174.293
174.328
174.371
174.421
174.477
174.538
174.603
174.672
174.744
174.817
174.891
174.966
175.039
175.112
175.183
175.252
175.318
175.382
175.442
175.5
175.553
175.603
175.65
175.693
175.732
175.768
175.801
175.83
175.856
175.879
175.899
175.916
175.931
175.943
175.953
175.962
175.968
175.973
175.976
175.978
175.979
175.978
175.977
175.976
175.973
175.97
175.967
175.964
175.96
175.956
175.952
175.949
175.945
175.941
175.938
175.934
175.931
175.928
175.925
175.922
175.92
175.917
175.915
175.913
175.911
175.909
175.907
175.905
175.903
175.901
175.898
175.896
175.894
175.891
175.888
175.886
175.882
175.879
175.876
175.872
175.868
175.864
175.86
175.856
175.852
175.848
175.844
175.84
175.836
175.833
175.83
175.828
175.827
175.827
175.827
175.829
175.832
175.837
175.843
175.851
175.861
175.874
175.888
175.906
175.926
175.95
175.976
176.006
176.039
176.075
176.115
176.159
176.207
176.258
176.313
176.371
176.432
176.497
176.565
176.635
176.707
176.781
176.855
176.931
177.006
177.08
177.152
177.222
177.288
177.35
177.406
177.456
177.498
177.533
177.56
177.577
177.587
177.587
177.58
177.567
177.55
177.531
177.514
177.503
177.505
177.525
177.571
177.65
177.773
177.946
178.178
178.475
178.839
179.271
179.762
180.306
180.874
181.461
181.998
182.528
182.882
183.307
183.275
183.742
182.889
184.137
181.071
166.022
162.89
164.146
163.259
163.717
163.663
164.074
164.412
164.93
165.457
166.036
166.598
167.138
167.625
168.054
168.416
168.712
168.944
169.118
169.241
169.323
169.37
169.393
169.396
169.388
169.374
169.357
169.341
169.329
169.323
169.325
169.334
169.352
169.378
169.412
169.454
169.502
169.557
169.616
169.68
169.747
169.817
169.888
169.961
170.033
170.105
170.176
170.245
170.312
170.377
170.439
170.498
170.554
170.606
170.655
170.701
170.743
170.781
170.816
170.848
170.876
170.902
170.924
170.943
170.96
170.975
170.987
170.997
171.005
171.011
171.016
171.019
171.021
171.022
171.022
171.021
171.019
171.017
171.014
171.011
171.008
171.005
171.001
170.997
170.994
170.99
170.987
170.983
170.98
170.977
170.974
170.972
170.969
170.967
170.964
170.962
170.96
170.958
170.956
170.955
170.953
170.951
170.949
170.947
170.945
170.943
170.94
170.938
170.935
170.932
170.929
170.926
170.922
170.919
170.915
170.911
170.907
170.903
170.899
170.895
170.892
170.888
170.885
170.883
170.881
170.88
170.879
170.88
170.882
170.885
170.889
170.895
170.903
170.913
170.926
170.94
170.957
170.977
171
171.026
171.055
171.087
171.123
171.162
171.205
171.251
171.301
171.354
171.411
171.471
171.534
171.6
171.668
171.739
171.811
171.884
171.957
172.03
172.103
172.173
172.241
172.305
172.365
172.42
172.469
172.51
172.544
172.569
172.587
172.595
172.596
172.588
172.575
172.558
172.539
172.523
172.513
172.514
172.534
172.58
172.659
172.78
172.952
173.182
173.476
173.837
174.265
174.751
175.29
175.852
176.432
176.96
177.483
177.826
178.244
178.196
178.659
177.777
179.036
175.906
161.278
158.087
159.353
158.439
158.894
158.825
159.229
159.556
160.067
160.585
161.158
161.713
162.246
162.729
163.153
163.512
163.804
164.034
164.206
164.328
164.409
164.457
164.479
164.483
164.475
164.461
164.444
164.429
164.417
164.411
164.412
164.421
164.438
164.463
164.496
164.537
164.584
164.637
164.695
164.757
164.822
164.89
164.96
165.03
165.101
165.171
165.24
165.307
165.373
165.436
165.496
165.554
165.608
165.659
165.707
165.751
165.792
165.83
165.864
165.895
165.922
165.947
165.969
165.988
166.005
166.019
166.031
166.04
166.048
166.054
166.059
166.062
166.064
166.065
166.065
166.064
166.063
166.061
166.058
166.055
166.052
166.049
166.046
166.042
166.039
166.036
166.032
166.029
166.026
166.023
166.021
166.018
166.016
166.013
166.011
166.009
166.008
166.006
166.004
166.002
166.001
165.999
165.997
165.995
165.994
165.991
165.989
165.987
165.984
165.982
165.979
165.976
165.972
165.969
165.965
165.962
165.958
165.954
165.951
165.947
165.944
165.94
165.938
165.935
165.933
165.932
165.932
165.933
165.935
165.938
165.942
165.948
165.956
165.966
165.978
165.992
166.009
166.028
166.05
166.076
166.104
166.135
166.17
166.208
166.25
166.295
166.344
166.396
166.451
166.51
166.571
166.635
166.702
166.771
166.841
166.912
166.983
167.055
167.125
167.194
167.26
167.323
167.381
167.434
167.481
167.521
167.554
167.579
167.596
167.604
167.604
167.597
167.583
167.566
167.548
167.532
167.522
167.524
167.544
167.589
167.668
167.788
167.958
168.186
168.477
168.834
169.257
169.739
170.272
170.827
171.4
171.92
172.435
172.767
173.178
173.115
173.575
172.666
173.935
170.746
156.53
153.284
154.558
153.62
154.072
153.989
154.386
154.704
155.207
155.717
156.282
156.829
157.357
157.833
158.253
158.607
158.897
159.124
159.294
159.416
159.496
159.543
159.565
159.57
159.562
159.548
159.532
159.516
159.505
159.499
159.5
159.508
159.525
159.549
159.581
159.62
159.666
159.717
159.773
159.834
159.897
159.963
160.031
160.1
160.168
160.237
160.304
160.369
160.433
160.495
160.553
160.609
160.662
160.712
160.759
160.802
160.842
160.878
160.911
160.941
160.969
160.993
161.014
161.033
161.049
161.063
161.074
161.084
161.092
161.098
161.102
161.105
161.107
161.108
161.109
161.108
161.106
161.105
161.102
161.1
161.097
161.094
161.09
161.087
161.084
161.081
161.078
161.075
161.072
161.069
161.067
161.065
161.062
161.06
161.058
161.057
161.055
161.053
161.052
161.05
161.049
161.047
161.046
161.044
161.042
161.04
161.038
161.036
161.034
161.031
161.029
161.026
161.023
161.019
161.016
161.013
161.009
161.006
161.002
160.999
160.996
160.993
160.99
160.988
160.986
160.985
160.985
160.986
160.987
160.991
160.995
161.001
161.009
161.018
161.03
161.044
161.06
161.079
161.101
161.125
161.153
161.184
161.218
161.255
161.295
161.339
161.387
161.437
161.491
161.548
161.608
161.671
161.735
161.802
161.87
161.94
162.009
162.079
162.147
162.214
162.278
162.339
162.396
162.448
162.494
162.533
162.564
162.588
162.604
162.612
162.612
162.605
162.592
162.575
162.557
162.541
162.531
162.533
162.554
162.599
162.677
162.796
162.964
163.189
163.477
163.83
164.249
164.725
165.252
165.799
166.365
166.877
167.383
167.706
168.109
168.033
168.49
167.556
168.834
165.591
151.777
148.481
149.763
148.802
149.251
149.156
149.546
149.854
150.35
150.851
151.408
151.948
152.469
152.939
153.354
153.703
153.989
154.214
154.382
154.502
154.582
154.629
154.651
154.656
154.649
154.635
154.619
154.604
154.593
154.587
154.587
154.595
154.611
154.635
154.666
154.704
154.748
154.798
154.852
154.911
154.973
155.037
155.103
155.17
155.236
155.303
155.368
155.432
155.494
155.554
155.611
155.665
155.717
155.765
155.81
155.852
155.891
155.927
155.959
155.988
156.015
156.038
156.059
156.077
156.093
156.106
156.118
156.127
156.135
156.141
156.145
156.149
156.151
156.152
156.152
156.151
156.15
156.148
156.146
156.144
156.141
156.138
156.135
156.132
156.129
156.126
156.123
156.121
156.118
156.115
156.113
156.111
156.109
156.107
156.105
156.104
156.102
156.101
156.1
156.098
156.097
156.095
156.094
156.093
156.091
156.089
156.087
156.085
156.083
156.081
156.078
156.076
156.073
156.07
156.067
156.064
156.06
156.057
156.054
156.05
156.047
156.045
156.042
156.04
156.039
156.038
156.038
156.039
156.04
156.043
156.048
156.054
156.061
156.071
156.082
156.096
156.112
156.13
156.151
156.175
156.202
156.232
156.265
156.301
156.341
156.384
156.43
156.479
156.531
156.587
156.645
156.706
156.769
156.834
156.9
156.967
157.035
157.103
157.169
157.234
157.297
157.356
157.411
157.461
157.506
157.544
157.574
157.598
157.613
157.62
157.62
157.612
157.6
157.583
157.565
157.55
157.541
157.543
157.564
157.608
157.686
157.804
157.97
158.193
158.477
158.826
159.239
159.709
160.229
160.77
161.327
161.831
162.329
162.642
163.039
162.95
163.404
162.447
163.734
160.44
147.02
143.678
144.966
143.985
144.43
144.324
144.709
145.008
145.495
145.988
146.537
147.069
147.582
148.046
148.455
148.8
149.082
149.304
149.47
149.589
149.668
149.715
149.737
149.742
149.735
149.722
149.707
149.692
149.681
149.675
149.675
149.683
149.698
149.721
149.751
149.787
149.83
149.879
149.932
149.989
150.049
150.111
150.175
150.24
150.304
150.369
150.432
150.494
150.555
150.613
150.668
150.721
150.771
150.818
150.862
150.903
150.941
150.975
151.007
151.035
151.061
151.084
151.104
151.122
151.137
151.15
151.161
151.17
151.178
151.184
151.188
151.192
151.194
151.195
151.195
151.195
151.194
151.192
151.19
151.188
151.185
151.182
151.18
151.177
151.174
151.171
151.169
151.166
151.164
151.162
151.159
151.157
151.156
151.154
151.152
151.151
151.15
151.148
151.147
151.146
151.145
151.144
151.142
151.141
151.14
151.138
151.137
151.135
151.133
151.131
151.128
151.126
151.123
151.12
151.118
151.115
151.111
151.108
151.105
151.102
151.099
151.097
151.095
151.093
151.091
151.091
151.091
151.092
151.093
151.096
151.101
151.107
151.114
151.123
151.135
151.148
151.163
151.181
151.202
151.225
151.251
151.28
151.312
151.348
151.386
151.428
151.472
151.52
151.571
151.625
151.682
151.741
151.802
151.865
151.93
151.995
152.061
152.126
152.191
152.254
152.315
152.372
152.426
152.475
152.518
152.554
152.584
152.606
152.621
152.628
152.628
152.62
152.608
152.592
152.574
152.559
152.551
152.554
152.574
152.618
152.695
152.812
152.976
153.196
153.476
153.82
154.228
154.692
155.205
155.737
156.287
156.782
157.272
157.576
157.966
157.866
158.317
157.34
158.633
155.293
142.258
138.874
140.168
139.169
139.611
139.495
139.873
140.164
140.644
141.128
141.668
142.192
142.698
143.154
143.557
143.897
144.175
144.394
144.558
144.675
144.754
144.8
144.823
144.828
144.822
144.809
144.794
144.78
144.769
144.763
144.763
144.77
144.785
144.807
144.836
144.871
144.913
144.96
145.011
145.066
145.125
145.185
145.247
145.31
145.373
145.435
145.497
145.557
145.615
145.672
145.726
145.777
145.826
145.871
145.914
145.953
145.99
146.024
146.054
146.082
146.107
146.129
146.149
146.166
146.181
146.194
146.205
146.214
146.221
146.227
146.231
146.235
146.237
146.238
146.238
146.238
146.237
146.236
146.234
146.232
146.229
146.227
146.224
146.222
146.219
146.217
146.214
146.212
146.21
146.208
146.206
146.204
146.202
146.201
146.199
146.198
146.197
146.196
146.195
146.194
146.193
146.192
146.191
146.19
146.188
146.187
146.186
146.184
146.182
146.18
146.178
146.176
146.174
146.171
146.168
146.165
146.163
146.16
146.157
146.154
146.151
146.149
146.147
146.145
146.144
146.143
146.144
146.145
146.146
146.15
146.154
146.16
146.167
146.176
146.187
146.2
146.215
146.232
146.252
146.275
146.3
146.329
146.36
146.394
146.431
146.472
146.515
146.562
146.611
146.663
146.718
146.776
146.835
146.896
146.959
147.022
147.086
147.15
147.213
147.274
147.333
147.388
147.44
147.488
147.529
147.565
147.594
147.615
147.629
147.636
147.635
147.628
147.616
147.6
147.583
147.569
147.561
147.564
147.584
147.629
147.705
147.82
147.982
148.199
148.475
148.814
149.216
149.673
150.178
150.703
151.244
151.73
152.212
152.507
152.891
152.78
153.229
152.234
153.533
150.151
137.492
134.069
135.369
134.353
134.794
134.668
135.041
135.324
135.795
136.27
136.802
137.317
137.815
138.264
138.66
138.995
139.269
139.484
139.646
139.762
139.839
139.885
139.908
139.914
139.908
139.896
139.881
139.868
139.857
139.851
139.851
139.858
139.872
139.893
139.921
139.955
139.996
140.041
140.091
140.144
140.201
140.259
140.319
140.38
140.441
140.502
140.561
140.62
140.676
140.731
140.783
140.833
140.88
140.924
140.966
141.004
141.04
141.072
141.102
141.129
141.153
141.175
141.194
141.21
141.225
141.238
141.248
141.257
141.264
141.27
141.274
141.278
141.28
141.281
141.281
141.281
141.28
141.279
141.278
141.276
141.274
141.271
141.269
141.267
141.264
141.262
141.26
141.257
141.255
141.254
141.252
141.25
141.249
141.248
141.246
141.245
141.244
141.243
141.243
141.242
141.241
141.24
141.239
141.238
141.237
141.236
141.235
141.233
141.232
141.23
141.228
141.226
141.224
141.221
141.219
141.216
141.214
141.211
141.208
141.206
141.203
141.201
141.199
141.198
141.197
141.196
141.197
141.198
141.2
141.203
141.207
141.213
141.22
141.229
141.239
141.252
141.267
141.284
141.303
141.325
141.35
141.377
141.407
141.44
141.477
141.516
141.558
141.603
141.651
141.702
141.755
141.81
141.868
141.927
141.988
142.05
142.111
142.173
142.234
142.293
142.35
142.404
142.455
142.5
142.541
142.575
142.603
142.624
142.637
142.644
142.643
142.636
142.624
142.609
142.592
142.579
142.571
142.575
142.595
142.639
142.714
142.828
142.988
143.201
143.474
143.807
144.203
144.652
145.15
145.665
146.198
146.675
147.15
147.436
147.814
147.694
148.14
147.129
148.434
145.013
132.722
129.264
130.568
129.539
129.977
129.844
130.211
130.486
130.95
131.416
131.938
132.444
132.933
133.375
133.764
134.093
134.362
134.574
134.734
134.848
134.924
134.97
134.993
134.999
134.994
134.983
134.969
134.955
134.945
134.939
134.939
134.946
134.959
134.98
135.007
135.04
135.079
135.123
135.171
135.222
135.277
135.334
135.392
135.451
135.51
135.568
135.626
135.683
135.737
135.79
135.841
135.889
135.935
135.977
136.017
136.055
136.089
136.121
136.149
136.176
136.199
136.22
136.239
136.255
136.269
136.281
136.292
136.3
136.307
136.313
136.317
136.321
136.323
136.324
136.325
136.325
136.324
136.323
136.321
136.32
136.318
136.316
136.313
136.311
136.309
136.307
136.305
136.303
136.301
136.3
136.298
136.297
136.296
136.294
136.293
136.293
136.292
136.291
136.29
136.29
136.289
136.288
136.288
136.287
136.286
136.285
136.284
136.283
136.281
136.28
136.278
136.276
136.274
136.272
136.27
136.267
136.265
136.263
136.26
136.258
136.256
136.254
136.252
136.25
136.25
136.249
136.25
136.251
136.253
136.256
136.26
136.266
136.273
136.281
136.292
136.304
136.318
136.335
136.354
136.375
136.399
136.425
136.455
136.487
136.522
136.56
136.601
136.644
136.691
136.74
136.791
136.845
136.901
136.958
137.017
137.077
137.137
137.196
137.255
137.313
137.368
137.42
137.469
137.513
137.552
137.585
137.612
137.632
137.645
137.651
137.65
137.644
137.632
137.617
137.602
137.588
137.582
137.586
137.606
137.65
137.724
137.836
137.994
138.204
138.472
138.8
139.189
139.63
140.119
140.626
141.149
141.617
142.084
142.362
142.734
142.606
143.05
142.025
143.335
139.879
127.947
124.458
125.767
124.726
125.161
125.022
125.383
125.651
126.107
126.564
127.077
127.573
128.053
128.486
128.869
129.192
129.456
129.664
129.821
129.934
130.009
130.055
130.078
130.084
130.08
130.069
130.056
130.043
130.033
130.027
130.027
130.034
130.047
130.066
130.092
130.124
130.162
130.204
130.251
130.301
130.354
130.408
130.464
130.521
130.578
130.635
130.691
130.746
130.798
130.85
130.899
130.945
130.989
131.031
131.069
131.105
131.139
131.169
131.197
131.222
131.245
131.265
131.283
131.299
131.313
131.325
131.335
131.343
131.35
131.356
131.36
131.363
131.366
131.367
131.368
131.368
131.367
131.366
131.365
131.364
131.362
131.36
131.358
131.356
131.354
131.352
131.35
131.349
131.347
131.346
131.344
131.343
131.342
131.341
131.34
131.34
131.339
131.339
131.338
131.338
131.337
131.337
131.336
131.335
131.335
131.334
131.333
131.332
131.331
131.329
131.328
131.326
131.325
131.323
131.321
131.318
131.316
131.314
131.312
131.31
131.308
131.306
131.304
131.303
131.302
131.302
131.303
131.304
131.306
131.309
131.313
131.319
131.325
131.334
131.344
131.356
131.37
131.386
131.404
131.425
131.448
131.474
131.502
131.533
131.567
131.604
131.643
131.686
131.731
131.778
131.828
131.88
131.934
131.989
132.046
132.104
132.161
132.219
132.276
132.332
132.385
132.435
132.482
132.525
132.563
132.595
132.621
132.64
132.653
132.659
132.658
132.651
132.64
132.626
132.611
132.598
132.592
132.597
132.617
132.661
132.734
132.845
133
133.206
133.469
133.791
134.173
134.607
135.087
135.584
136.098
136.557
137.015
137.286
137.652
137.518
137.959
136.922
138.236
134.75
123.167
119.651
120.963
119.914
120.346
120.202
120.558
120.819
121.267
121.715
122.218
122.704
123.175
123.599
123.974
124.291
124.55
124.754
124.909
125.019
125.094
125.139
125.163
125.17
125.166
125.156
125.143
125.131
125.121
125.116
125.116
125.122
125.134
125.153
125.178
125.209
125.245
125.286
125.331
125.379
125.43
125.483
125.537
125.592
125.647
125.702
125.756
125.809
125.86
125.909
125.956
126.001
126.044
126.084
126.121
126.156
126.188
126.218
126.245
126.269
126.291
126.311
126.328
126.344
126.357
126.368
126.378
126.387
126.393
126.399
126.403
126.406
126.409
126.41
126.411
126.411
126.411
126.41
126.409
126.407
126.406
126.404
126.403
126.401
126.399
126.397
126.396
126.394
126.393
126.392
126.391
126.39
126.389
126.388
126.387
126.387
126.386
126.386
126.386
126.385
126.385
126.385
126.384
126.384
126.383
126.383
126.382
126.381
126.38
126.379
126.378
126.376
126.375
126.373
126.371
126.369
126.367
126.365
126.363
126.362
126.36
126.358
126.357
126.356
126.355
126.355
126.356
126.357
126.359
126.362
126.366
126.372
126.378
126.387
126.397
126.408
126.422
126.437
126.455
126.475
126.497
126.522
126.55
126.58
126.613
126.648
126.686
126.727
126.77
126.816
126.864
126.914
126.966
127.02
127.075
127.13
127.186
127.242
127.297
127.35
127.402
127.451
127.496
127.537
127.574
127.605
127.63
127.648
127.66
127.666
127.665
127.659
127.648
127.635
127.62
127.609
127.603
127.608
127.629
127.672
127.745
127.853
128.006
128.208
128.466
128.782
129.157
129.582
130.052
130.54
131.044
131.493
131.943
132.207
132.568
132.428
132.867
131.821
133.139
129.625
118.383
114.843
116.158
115.102
115.533
115.384
115.736
115.991
116.43
116.868
117.361
117.837
118.298
118.713
119.08
119.39
119.644
119.844
119.996
120.105
120.179
120.224
120.247
120.254
120.251
120.242
120.23
120.218
120.209
120.204
120.204
120.21
120.222
120.24
120.264
120.294
120.329
120.368
120.412
120.458
120.507
120.558
120.61
120.663
120.716
120.769
120.821
120.872
120.921
120.968
121.014
121.057
121.098
121.137
121.173
121.207
121.238
121.266
121.292
121.316
121.337
121.356
121.373
121.388
121.401
121.412
121.422
121.43
121.436
121.442
121.446
121.449
121.451
121.453
121.454
121.454
121.454
121.453
121.452
121.451
121.45
121.449
121.447
121.445
121.444
121.443
121.441
121.44
121.439
121.438
121.437
121.436
121.435
121.435
121.434
121.434
121.434
121.434
121.433
121.433
121.433
121.433
121.433
121.433
121.432
121.432
121.431
121.431
121.43
121.429
121.428
121.427
121.425
121.424
121.422
121.42
121.419
121.417
121.415
121.414
121.412
121.411
121.409
121.409
121.408
121.408
121.409
121.41
121.412
121.415
121.42
121.425
121.431
121.439
121.449
121.46
121.473
121.489
121.506
121.525
121.547
121.571
121.597
121.626
121.658
121.692
121.729
121.768
121.81
121.854
121.9
121.949
121.999
122.051
122.103
122.157
122.211
122.265
122.318
122.369
122.419
122.466
122.509
122.549
122.584
122.614
122.638
122.656
122.668
122.673
122.673
122.667
122.656
122.643
122.63
122.619
122.614
122.619
122.641
122.684
122.755
122.862
123.012
123.21
123.463
123.772
124.139
124.555
125.016
125.493
125.987
126.427
126.869
127.126
127.482
127.338
127.774
126.722
128.043
124.505
113.594
110.033
111.352
110.291
110.72
110.569
110.916
111.165
111.596
112.025
112.507
112.972
113.422
113.828
114.187
114.49
114.739
114.935
115.083
115.19
115.263
115.308
115.331
115.339
115.337
115.328
115.317
115.306
115.297
115.292
115.293
115.298
115.31
115.327
115.351
115.379
115.413
115.451
115.492
115.537
115.584
115.633
115.683
115.734
115.785
115.836
115.886
115.935
115.982
116.028
116.072
116.114
116.153
116.19
116.225
116.257
116.287
116.315
116.34
116.362
116.383
116.401
116.418
116.432
116.445
116.456
116.465
116.473
116.479
116.484
116.489
116.492
116.494
116.496
116.497
116.497
116.497
116.497
116.496
116.495
116.494
116.493
116.491
116.49
116.489
116.488
116.487
116.485
116.484
116.484
116.483
116.482
116.482
116.482
116.481
116.481
116.481
116.481
116.481
116.481
116.481
116.481
116.481
116.481
116.481
116.481
116.48
116.48
116.479
116.479
116.478
116.477
116.476
116.474
116.473
116.472
116.47
116.468
116.467
116.465
116.464
116.463
116.462
116.461
116.461
116.461
116.462
116.463
116.466
116.469
116.473
116.478
116.484
116.492
116.502
116.513
116.525
116.54
116.556
116.575
116.596
116.619
116.645
116.673
116.703
116.736
116.771
116.809
116.85
116.892
116.937
116.983
117.031
117.081
117.132
117.184
117.235
117.287
117.338
117.388
117.435
117.481
117.523
117.561
117.595
117.623
117.647
117.664
117.675
117.68
117.68
117.674
117.664
117.652
117.64
117.629
117.625
117.631
117.653
117.695
117.766
117.871
118.017
118.212
118.459
118.762
119.12
119.527
119.977
120.444
120.928
121.358
121.791
122.042
122.393
122.246
122.68
121.624
122.947
119.39
108.8
105.223
106.544
105.482
105.909
105.756
106.099
106.342
106.764
107.184
107.655
108.109
108.548
108.945
109.295
109.591
109.834
110.025
110.171
110.276
110.347
110.392
110.415
110.424
110.422
110.414
110.404
110.394
110.385
110.381
110.381
110.387
110.398
110.415
110.437
110.465
110.497
110.533
110.573
110.616
110.661
110.708
110.757
110.806
110.855
110.903
110.951
110.998
111.044
111.088
111.13
111.17
111.208
111.243
111.277
111.308
111.337
111.363
111.387
111.409
111.429
111.447
111.462
111.476
111.488
111.499
111.508
111.516
111.522
111.527
111.531
111.535
111.537
111.539
111.54
111.54
111.54
111.54
111.54
111.539
111.538
111.537
111.536
111.535
111.534
111.533
111.532
111.531
111.53
111.53
111.529
111.529
111.528
111.528
111.528
111.528
111.528
111.529
111.529
111.529
111.529
111.529
111.53
111.53
111.53
111.53
111.53
111.529
111.529
111.528
111.528
111.527
111.526
111.525
111.524
111.523
111.521
111.52
111.519
111.517
111.516
111.515
111.515
111.514
111.514
111.514
111.515
111.517
111.519
111.522
111.526
111.531
111.538
111.545
111.554
111.565
111.577
111.591
111.607
111.625
111.645
111.668
111.692
111.719
111.748
111.78
111.814
111.85
111.889
111.93
111.973
112.018
112.064
112.112
112.16
112.21
112.26
112.309
112.358
112.406
112.452
112.495
112.536
112.572
112.605
112.632
112.655
112.671
112.682
112.687
112.687
112.682
112.672
112.661
112.649
112.64
112.636
112.643
112.665
112.707
112.777
112.88
113.023
113.213
113.455
113.75
114.1
114.497
114.937
115.393
115.866
116.286
116.71
116.956
117.302
117.154
117.586
116.527
117.853
114.279
104
100.411
101.734
100.673
101.098
100.946
101.284
101.522
101.936
102.345
102.805
103.248
103.676
104.062
104.403
104.692
104.928
105.116
105.258
105.361
105.431
105.475
105.499
105.508
105.507
105.5
105.491
105.481
105.474
105.469
105.47
105.475
105.486
105.502
105.524
105.55
105.581
105.616
105.654
105.695
105.739
105.784
105.83
105.877
105.924
105.971
106.016
106.061
106.105
106.147
106.188
106.226
106.262
106.297
106.329
106.359
106.386
106.412
106.435
106.456
106.475
106.492
106.507
106.521
106.532
106.542
106.551
106.559
106.565
106.57
106.574
106.577
106.58
106.582
106.583
106.583
106.584
106.584
106.583
106.583
106.582
106.581
106.58
106.58
106.579
106.578
106.577
106.577
106.576
106.576
106.575
106.575
106.575
106.575
106.575
106.575
106.576
106.576
106.576
106.577
106.577
106.578
106.578
106.578
106.579
106.579
106.579
106.579
106.578
106.578
106.578
106.577
106.576
106.576
106.575
106.574
106.573
106.572
106.57
106.569
106.569
106.568
106.567
106.567
106.567
106.567
106.568
106.57
106.572
106.575
106.579
106.584
106.591
106.598
106.607
106.617
106.629
106.643
106.658
106.675
106.695
106.716
106.74
106.766
106.794
106.824
106.857
106.892
106.929
106.968
107.009
107.052
107.096
107.142
107.189
107.236
107.284
107.332
107.378
107.424
107.468
107.51
107.549
107.584
107.615
107.641
107.663
107.679
107.689
107.694
107.694
107.689
107.681
107.67
107.659
107.651
107.648
107.655
107.677
107.719
107.787
107.888
108.029
108.214
108.45
108.738
109.079
109.466
109.895
110.34
110.801
111.212
111.627
111.867
112.208
112.06
112.49
111.433
112.761
109.174
99.1947
95.5969
96.9222
95.8645
96.2884
96.1378
96.4723
96.7051
97.1101
97.5091
97.9572
98.3886
98.805
99.1806
99.5124
99.7931
100.024
100.206
100.345
100.446
100.515
100.559
100.583
100.592
100.592
100.586
100.578
100.569
100.562
100.558
100.559
100.564
100.574
100.59
100.61
100.636
100.665
100.699
100.735
100.775
100.816
100.859
100.904
100.948
100.993
101.038
101.082
101.125
101.167
101.207
101.246
101.282
101.317
101.35
101.381
101.409
101.436
101.46
101.482
101.502
101.521
101.537
101.552
101.565
101.576
101.586
101.594
101.602
101.608
101.613
101.617
101.62
101.623
101.624
101.626
101.627
101.627
101.627
101.627
101.627
101.626
101.625
101.625
101.624
101.624
101.623
101.622
101.622
101.622
101.622
101.621
101.621
101.622
101.622
101.622
101.623
101.623
101.624
101.624
101.625
101.625
101.626
101.626
101.627
101.627
101.628
101.628
101.628
101.628
101.628
101.628
101.627
101.627
101.626
101.626
101.625
101.624
101.623
101.622
101.621
101.621
101.62
101.62
101.62
101.62
101.621
101.622
101.623
101.626
101.629
101.633
101.638
101.644
101.651
101.659
101.669
101.681
101.694
101.709
101.725
101.744
101.765
101.787
101.812
101.839
101.868
101.899
101.933
101.968
102.006
102.045
102.086
102.129
102.172
102.217
102.263
102.308
102.354
102.399
102.442
102.484
102.524
102.561
102.595
102.625
102.65
102.671
102.686
102.696
102.701
102.701
102.697
102.689
102.679
102.669
102.661
102.66
102.667
102.69
102.731
102.798
102.897
103.035
103.215
103.445
103.725
104.057
104.433
104.851
105.284
105.734
106.134
106.541
106.775
107.113
106.966
107.394
106.34
107.67
104.075
94.3828
90.7813
92.1081
91.0572
91.4798
91.3323
91.6627
91.8909
92.2869
92.6757
93.1118
93.5309
93.9354
94.3001
94.6223
94.8949
95.1192
95.2967
95.4321
95.5308
95.5988
95.6421
95.6662
95.6764
95.6771
95.672
95.6643
95.6563
95.65
95.6467
95.6474
95.6526
95.6627
95.6776
95.6973
95.7215
95.7498
95.7817
95.8167
95.8542
95.8938
95.935
95.9772
96.0199
96.0627
96.1053
96.1473
96.1884
96.2282
96.2667
96.3035
96.3387
96.3719
96.4032
96.4325
96.4598
96.4851
96.5084
96.5297
96.549
96.5666
96.5823
96.5964
96.6088
96.6198
96.6293
96.6375
96.6446
96.6505
96.6554
96.6595
96.6627
96.6653
96.6672
96.6686
96.6695
96.6701
96.6704
96.6704
96.6703
96.67
96.6696
96.6692
96.6688
96.6684
96.6681
96.6678
96.6676
96.6675
96.6675
96.6676
96.6678
96.6682
96.6686
96.6691
96.6697
96.6704
96.6711
96.6718
96.6726
96.6733
96.6741
96.6748
96.6755
96.6761
96.6766
96.677
96.6774
96.6776
96.6777
96.6777
96.6775
96.6773
96.6769
96.6765
96.6759
96.6753
96.6747
96.6741
96.6735
96.673
96.6727
96.6725
96.6726
96.6729
96.6737
96.6749
96.6767
96.6791
96.6822
96.6861
96.691
96.6969
96.7039
96.7122
96.7218
96.7328
96.7454
96.7597
96.7756
96.7934
96.8132
96.8348
96.8585
96.8843
96.9121
96.942
96.9739
97.0077
97.0435
97.0811
97.1202
97.1608
97.2026
97.2453
97.2886
97.3322
97.3756
97.4184
97.4601
97.5003
97.5384
97.5738
97.606
97.6345
97.6588
97.6785
97.6933
97.7031
97.7079
97.708
97.7039
97.6967
97.6877
97.6787
97.6722
97.6714
97.6799
97.7022
97.7436
97.8096
97.9064
98.0401
98.2161
98.4393
98.7115
99.0339
99.3995
99.8053
100.226
100.664
101.054
101.452
101.681
102.014
101.87
102.297
101.25
102.581
98.9819
89.564
85.9638
87.2916
86.2507
86.6722
86.5291
86.8556
87.0796
87.4664
87.8447
88.2684
88.675
89.0671
89.4207
89.733
89.9973
90.2149
90.3874
90.5193
90.6157
90.6824
90.7252
90.7496
90.7604
90.7619
90.7578
90.751
90.7439
90.7382
90.7354
90.7363
90.7414
90.7512
90.7655
90.7844
90.8075
90.8344
90.8648
90.8981
90.9339
90.9716
91.0108
91.0509
91.0916
91.1323
91.1729
91.2128
91.2519
91.2899
91.3265
91.3615
91.395
91.4267
91.4565
91.4844
91.5105
91.5346
91.5568
91.5771
91.5956
91.6124
91.6275
91.641
91.6529
91.6635
91.6727
91.6806
91.6875
91.6932
91.6981
91.7021
91.7054
91.7079
91.71
91.7115
91.7126
91.7133
91.7137
91.714
91.714
91.7139
91.7138
91.7136
91.7134
91.7132
91.7131
91.7131
91.7131
91.7132
91.7134
91.7138
91.7142
91.7147
91.7153
91.7161
91.7168
91.7177
91.7186
91.7195
91.7204
91.7214
91.7223
91.7232
91.7241
91.7248
91.7256
91.7262
91.7267
91.7271
91.7275
91.7277
91.7277
91.7277
91.7276
91.7274
91.7271
91.7267
91.7263
91.726
91.7256
91.7253
91.7252
91.7252
91.7254
91.726
91.7269
91.7282
91.7301
91.7325
91.7357
91.7396
91.7444
91.7501
91.7569
91.7649
91.7742
91.7848
91.7969
91.8105
91.8258
91.8429
91.8617
91.8824
91.905
91.9296
91.9561
91.9846
92.015
92.0472
92.0813
92.1171
92.1543
92.193
92.2328
92.2734
92.3146
92.3561
92.3974
92.4382
92.4779
92.5162
92.5524
92.5861
92.6168
92.644
92.6672
92.6861
92.7003
92.7098
92.7145
92.7149
92.7113
92.7048
92.6966
92.6887
92.6832
92.6833
92.6924
92.715
92.756
92.8209
92.9154
93.0456
93.2167
93.4333
93.6972
94.0098
94.3642
94.7579
95.1663
95.5918
95.9717
96.3596
96.5848
96.9137
96.7739
97.1994
96.1615
97.4936
93.8959
84.7375
81.144
82.4725
81.4449
81.8655
81.7284
82.0511
82.271
82.6484
83.0161
83.427
83.8208
84.2002
84.5422
84.8443
85.1001
85.3109
85.4782
85.6064
85.7004
85.7659
85.8083
85.8328
85.8443
85.8467
85.8436
85.8377
85.8315
85.8265
85.8242
85.8253
85.8304
85.8398
85.8535
85.8715
85.8935
85.9192
85.948
85.9797
86.0137
86.0495
86.0866
86.1247
86.1633
86.202
86.2405
86.2784
86.3155
86.3515
86.3863
86.4196
86.4513
86.4814
86.5098
86.5363
86.5611
86.584
86.6052
86.6245
86.6422
86.6582
86.6726
86.6855
86.697
86.7071
86.716
86.7237
86.7303
86.736
86.7407
86.7447
86.748
86.7506
86.7527
86.7543
86.7555
86.7564
86.7571
86.7575
86.7577
86.7579
86.7579
86.758
86.758
86.7581
86.7582
86.7583
86.7586
86.7589
86.7594
86.7599
86.7605
86.7613
86.7621
86.763
86.764
86.765
86.7661
86.7672
86.7683
86.7694
86.7705
86.7716
86.7726
86.7736
86.7745
86.7754
86.7761
86.7767
86.7772
86.7777
86.778
86.7782
86.7783
86.7783
86.7782
86.7781
86.778
86.7778
86.7777
86.7776
86.7777
86.7779
86.7784
86.7791
86.7801
86.7816
86.7835
86.786
86.7892
86.793
86.7977
86.8033
86.81
86.8177
86.8266
86.8368
86.8484
86.8615
86.8761
86.8923
86.9103
86.93
86.9516
86.9749
87.0001
87.0272
87.0561
87.0867
87.1191
87.153
87.1884
87.2251
87.2629
87.3014
87.3406
87.3799
87.4192
87.4578
87.4956
87.5319
87.5663
87.5984
87.6275
87.6534
87.6755
87.6935
87.7072
87.7164
87.7211
87.7217
87.7186
87.7129
87.7056
87.6987
87.6943
87.6953
87.7051
87.728
87.7686
87.8322
87.9244
88.051
88.217
88.4268
88.6823
88.9847
89.3276
89.7087
90.1044
90.5172
90.8864
91.2649
91.4858
91.8106
91.6766
92.1009
91.076
92.4085
88.8174
79.9025
76.322
77.6505
76.64
77.0597
76.9302
77.2489
77.4652
77.833
78.1899
78.5877
78.9682
79.3346
79.6647
79.9563
80.2034
80.4071
80.5691
80.6936
80.7852
80.8493
80.8912
80.916
80.928
80.9314
80.9292
80.9244
80.9191
80.9149
80.913
80.9143
80.9194
80.9285
80.9417
80.9588
80.9797
81.004
81.0314
81.0614
81.0935
81.1274
81.1626
81.1986
81.2352
81.2718
81.3082
81.344
81.3791
81.4132
81.4461
81.4776
81.5077
81.5362
81.5631
81.5882
81.6117
81.6335
81.6535
81.672
81.6888
81.704
81.7178
81.7301
81.741
81.7508
81.7593
81.7667
81.7732
81.7787
81.7833
81.7873
81.7905
81.7932
81.7954
81.7971
81.7985
81.7995
81.8004
81.801
81.8014
81.8018
81.8021
81.8023
81.8026
81.8029
81.8032
81.8036
81.8041
81.8047
81.8053
81.806
81.8069
81.8078
81.8088
81.8099
81.8111
81.8123
81.8136
81.8148
81.8161
81.8175
81.8187
81.82
81.8212
81.8224
81.8235
81.8245
81.8255
81.8263
81.827
81.8277
81.8282
81.8286
81.8289
81.8292
81.8294
81.8295
81.8296
81.8297
81.8298
81.83
81.8302
81.8307
81.8313
81.8322
81.8334
81.8349
81.837
81.8395
81.8427
81.8465
81.8511
81.8566
81.863
81.8705
81.8791
81.8888
81.8999
81.9124
81.9264
81.9418
81.9589
81.9776
81.9981
82.0202
82.0442
82.0698
82.0972
82.1262
82.1568
82.189
82.2225
82.2572
82.2929
82.3294
82.3664
82.4037
82.4408
82.4774
82.5131
82.5475
82.5801
82.6105
82.6381
82.6627
82.6837
82.7009
82.7139
82.7228
82.7275
82.7284
82.7259
82.7209
82.7146
82.7087
82.7054
82.7073
82.7179
82.741
82.7812
82.8436
82.9335
83.0563
83.217
83.4199
83.6667
83.9586
84.2898
84.6578
85.0404
85.4402
85.7986
86.1673
86.3844
86.7051
86.5783
87.0015
85.9935
87.3257
83.7475
75.0581
71.4975
72.8253
71.8359
72.2549
72.1344
72.4492
72.6621
73.0199
73.3658
73.7502
74.1172
74.4703
74.7882
75.069
75.3071
75.5037
75.6602
75.7808
75.8699
75.9326
75.9741
75.999
76.0117
76.016
76.0149
76.0111
76.0067
76.0032
76.0019
76.0035
76.0085
76.0173
76.0299
76.0462
76.066
76.089
76.1149
76.1432
76.1735
76.2055
76.2387
76.2727
76.3071
76.3416
76.3759
76.4097
76.4428
76.4749
76.506
76.5357
76.5641
76.591
76.6163
76.6401
76.6623
76.6829
76.7019
76.7194
76.7353
76.7498
76.7628
76.7746
76.7851
76.7944
76.8026
76.8097
76.816
76.8213
76.8259
76.8298
76.8331
76.8358
76.8381
76.8399
76.8414
76.8427
76.8436
76.8444
76.8451
76.8457
76.8462
76.8467
76.8472
76.8477
76.8483
76.8489
76.8496
76.8504
76.8512
76.8522
76.8532
76.8544
76.8556
76.8569
76.8582
76.8596
76.861
76.8625
76.864
76.8655
76.867
76.8684
76.8698
76.8712
76.8725
76.8737
76.8748
76.8759
76.8768
76.8777
76.8784
76.8791
76.8796
76.8801
76.8805
76.8809
76.8812
76.8816
76.8819
76.8823
76.8828
76.8834
76.8842
76.8853
76.8866
76.8883
76.8905
76.8931
76.8962
76.9001
76.9046
76.9099
76.9161
76.9233
76.9315
76.9409
76.9515
76.9634
76.9767
76.9913
77.0075
77.0253
77.0446
77.0656
77.0882
77.1124
77.1383
77.1657
77.1946
77.2249
77.2565
77.2892
77.3229
77.3573
77.3922
77.4273
77.4623
77.4968
77.5305
77.563
77.5937
77.6224
77.6486
77.6718
77.6917
77.7081
77.7206
77.7292
77.7339
77.7351
77.7331
77.7289
77.7236
77.7188
77.7166
77.7195
77.7308
77.7541
77.7939
77.855
77.9425
78.0615
78.2168
78.4126
78.6504
78.9316
79.2506
79.6054
79.9745
80.3609
80.7082
81.0671
81.2806
81.597
81.4791
81.9014
80.9141
82.2453
78.6869
70.203
66.6705
67.9966
67.0327
67.4511
67.3412
67.6519
67.8615
68.2093
68.544
68.9146
69.2678
69.6071
69.9126
70.1824
70.4113
70.6005
70.7514
70.868
70.9545
71.0159
71.0569
71.082
71.0954
71.1005
71.1005
71.0978
71.0943
71.0916
71.0908
71.0927
71.0978
71.1063
71.1183
71.1337
71.1525
71.1742
71.1985
71.2251
71.2537
71.2837
71.3148
71.3468
71.3791
71.4115
71.4437
71.4754
71.5065
71.5367
71.5658
71.5938
71.6205
71.6458
71.6696
71.692
71.7129
71.7323
71.7502
71.7667
71.7818
71.7955
71.8079
71.8191
71.8291
71.8379
71.8458
71.8527
71.8587
71.864
71.8685
71.8723
71.8756
71.8784
71.8807
71.8827
71.8844
71.8857
71.8869
71.8879
71.8888
71.8896
71.8903
71.891
71.8917
71.8925
71.8933
71.8941
71.8951
71.8961
71.8971
71.8983
71.8996
71.9009
71.9023
71.9038
71.9053
71.9069
71.9085
71.9102
71.9119
71.9135
71.9152
71.9168
71.9184
71.92
71.9215
71.9229
71.9242
71.9255
71.9266
71.9277
71.9287
71.9296
71.9303
71.9311
71.9317
71.9323
71.9329
71.9334
71.934
71.9347
71.9354
71.9362
71.9372
71.9384
71.9399
71.9418
71.944
71.9466
71.9498
71.9536
71.9581
71.9632
71.9693
71.9762
71.9841
71.993
72.0031
72.0144
72.027
72.0409
72.0562
72.073
72.0912
72.111
72.1323
72.1551
72.1794
72.2051
72.2323
72.2608
72.2905
72.3212
72.3528
72.3852
72.4179
72.4509
72.4838
72.5162
72.5479
72.5783
72.6073
72.6343
72.6589
72.6808
72.6996
72.7151
72.7271
72.7354
72.7402
72.7416
72.7403
72.7369
72.7326
72.7289
72.7278
72.7317
72.7437
72.7673
72.8067
72.8665
72.9515
73.0666
73.2164
73.4048
73.6335
73.9038
74.2103
74.5514
74.9068
75.2794
75.6155
75.9642
76.1743
76.4865
76.379
76.8003
75.8383
77.1675
73.637
65.3361
61.8408
63.1641
62.2305
62.6482
62.5505
62.8569
63.0635
63.4009
63.7242
64.0807
64.4198
64.7452
65.0378
65.2964
65.5159
65.6975
65.8428
65.9553
66.0392
66.0992
66.1396
66.1649
66.179
66.1851
66.1862
66.1845
66.182
66.1801
66.1799
66.182
66.1871
66.1953
66.2068
66.2214
66.239
66.2594
66.2822
66.3072
66.3339
66.3619
66.3911
66.4209
66.4511
66.4814
66.5115
66.5412
66.5703
66.5985
66.6257
66.6519
66.6769
66.7005
66.7229
66.7439
66.7635
66.7817
66.7986
66.8141
66.8283
66.8412
66.8529
66.8635
66.873
66.8815
66.889
66.8956
66.9015
66.9066
66.911
66.9148
66.9181
66.921
66.9234
66.9255
66.9273
66.9288
66.9301
66.9313
66.9324
66.9334
66.9344
66.9353
66.9363
66.9373
66.9383
66.9394
66.9405
66.9417
66.943
66.9444
66.9459
66.9474
66.949
66.9507
66.9524
66.9542
66.956
66.9579
66.9597
66.9616
66.9634
66.9652
66.967
66.9688
66.9704
66.9721
66.9736
66.9751
66.9764
66.9777
66.9789
66.98
66.9811
66.982
66.9829
66.9837
66.9846
66.9854
66.9862
66.987
66.988
66.989
66.9902
66.9916
66.9933
66.9952
66.9975
67.0002
67.0034
67.0072
67.0116
67.0166
67.0224
67.0291
67.0366
67.0452
67.0547
67.0654
67.0773
67.0905
67.1049
67.1207
67.1378
67.1563
67.1763
67.1977
67.2205
67.2446
67.27
67.2967
67.3244
67.3532
67.3828
67.413
67.4436
67.4744
67.5052
67.5355
67.5651
67.5936
67.6207
67.646
67.6691
67.6897
67.7074
67.7221
67.7335
67.7416
67.7464
67.7481
67.7474
67.7448
67.7416
67.739
67.739
67.744
67.7567
67.7806
67.8196
67.878
67.9604
68.0716
68.2157
68.3966
68.6159
68.875
69.1688
69.496
69.8372
70.1958
70.5205
70.8587
71.0657
71.3734
71.2778
71.6983
70.7663
72.0922
68.5988
60.4558
57.0084
58.3273
57.4293
57.8463
57.7622
58.0642
58.2679
58.5946
58.9064
59.2485
59.5732
59.8843
60.164
60.4111
60.621
60.7949
60.9343
61.0427
61.1239
61.1824
61.2223
61.2478
61.2625
61.2696
61.2718
61.2712
61.2697
61.2686
61.2689
61.2714
61.2765
61.2844
61.2953
61.3091
61.3256
61.3447
61.366
61.3893
61.4141
61.4403
61.4674
61.4952
61.5232
61.5514
61.5794
61.607
61.634
61.6603
61.6857
61.71
61.7332
61.7553
61.7762
61.7957
61.814
61.8311
61.8469
61.8614
61.8747
61.8869
61.898
61.9079
61.9169
61.925
61.9322
61.9386
61.9442
61.9492
61.9535
61.9573
61.9606
61.9635
61.966
61.9682
61.9701
61.9718
61.9734
61.9748
61.9761
61.9773
61.9785
61.9797
61.9808
61.9821
61.9833
61.9846
61.986
61.9874
61.9889
61.9905
61.9922
61.9939
61.9958
61.9976
61.9995
62.0015
62.0035
62.0055
62.0076
62.0096
62.0116
62.0136
62.0156
62.0175
62.0194
62.0212
62.023
62.0247
62.0262
62.0278
62.0292
62.0305
62.0318
62.033
62.0341
62.0352
62.0362
62.0373
62.0383
62.0394
62.0406
62.0418
62.0432
62.0448
62.0466
62.0487
62.0511
62.0538
62.0571
62.0608
62.0651
62.07
62.0756
62.082
62.0892
62.0973
62.1064
62.1165
62.1277
62.1401
62.1536
62.1684
62.1844
62.2017
62.2204
62.2403
62.2616
62.284
62.3077
62.3325
62.3584
62.3851
62.4126
62.4407
62.4692
62.4979
62.5265
62.5547
62.5822
62.6088
62.634
62.6576
62.6792
62.6984
62.7151
62.7289
62.7398
62.7476
62.7524
62.7546
62.7544
62.7527
62.7505
62.7491
62.7503
62.7563
62.7697
62.7939
62.8324
62.8895
62.9693
63.0764
63.2148
63.3881
63.5978
63.8454
64.1262
64.4391
64.7659
65.1101
65.4232
65.7507
65.9547
66.2578
66.1756
66.5952
65.6985
67.0197
63.5739
55.5606
52.1733
53.4861
52.6295
53.0455
52.9765
53.2736
53.4746
53.7905
54.0904
54.4179
54.728
55.0245
55.291
55.5264
55.7265
55.8926
56.0261
56.1302
56.2087
56.2657
56.3051
56.3307
56.3461
56.3541
56.3574
56.3579
56.3574
56.3572
56.3581
56.3609
56.366
56.3737
56.384
56.3969
56.4124
56.4301
56.4499
56.4715
56.4945
56.5187
56.5438
56.5694
56.5954
56.6215
56.6473
56.6728
56.6978
56.7221
56.7456
56.7681
56.7896
56.8101
56.8294
56.8476
56.8646
56.8804
56.8951
56.9087
56.9212
56.9326
56.9429
56.9523
56.9609
56.9685
56.9753
56.9815
56.9869
56.9917
56.996
56.9998
57.0031
57.006
57.0086
57.0109
57.013
57.0149
57.0166
57.0182
57.0197
57.0211
57.0226
57.024
57.0254
57.0268
57.0283
57.0298
57.0314
57.0331
57.0348
57.0367
57.0385
57.0405
57.0425
57.0445
57.0467
57.0488
57.051
57.0532
57.0554
57.0576
57.0599
57.0621
57.0642
57.0663
57.0684
57.0704
57.0724
57.0743
57.0761
57.0778
57.0794
57.081
57.0825
57.0839
57.0853
57.0866
57.0879
57.0892
57.0905
57.0918
57.0932
57.0947
57.0962
57.098
57.0999
57.1021
57.1046
57.1075
57.1107
57.1144
57.1186
57.1234
57.1288
57.1349
57.1418
57.1495
57.1581
57.1676
57.1781
57.1897
57.2023
57.2161
57.231
57.2472
57.2645
57.283
57.3027
57.3235
57.3454
57.3684
57.3923
57.417
57.4425
57.4684
57.4948
57.5213
57.5477
57.5738
57.5993
57.6239
57.6472
57.6691
57.6891
57.7071
57.7227
57.7357
57.746
57.7536
57.7584
57.7609
57.7614
57.7606
57.7594
57.7592
57.7615
57.7686
57.7828
57.8072
57.8453
57.9009
57.9781
58.081
58.2135
58.3791
58.5791
58.815
59.0825
59.3808
59.693
60.0224
60.3238
60.6403
60.8415
61.1396
61.0724
61.4907
60.6352
61.9499
58.564
50.6484
47.3355
48.64
47.8311
48.2457
48.1932
48.4851
48.6836
48.9882
49.2763
49.5888
49.8841
50.1658
50.4187
50.6423
50.8324
50.9906
51.118
51.2178
51.2935
51.3489
51.3878
51.4136
51.4297
51.4387
51.4431
51.4447
51.4452
51.4458
51.4473
51.4504
51.4556
51.463
51.4728
51.4849
51.4992
51.5157
51.5339
51.5538
51.575
51.5972
51.6202
51.6438
51.6676
51.6915
51.7153
51.7387
51.7616
51.7839
51.8055
51.8262
51.846
51.8648
51.8827
51.8994
51.9151
51.9298
51.9434
51.956
51.9676
51.9782
51.9879
51.9967
52.0047
52.012
52.0185
52.0243
52.0296
52.0343
52.0384
52.0422
52.0455
52.0485
52.0512
52.0536
52.0558
52.0579
52.0598
52.0616
52.0633
52.065
52.0666
52.0683
52.0699
52.0716
52.0733
52.0751
52.0769
52.0788
52.0807
52.0828
52.0848
52.087
52.0892
52.0915
52.0938
52.0961
52.0985
52.1009
52.1033
52.1057
52.1081
52.1105
52.1128
52.1151
52.1174
52.1196
52.1218
52.1239
52.1259
52.1278
52.1297
52.1315
52.1332
52.1349
52.1365
52.1381
52.1396
52.1412
52.1427
52.1442
52.1458
52.1475
52.1493
52.1512
52.1533
52.1557
52.1582
52.1611
52.1644
52.1681
52.1722
52.1769
52.1821
52.1879
52.1945
52.2017
52.2098
52.2187
52.2286
52.2393
52.2511
52.2639
52.2777
52.2926
52.3086
52.3257
52.3438
52.363
52.3831
52.4042
52.4262
52.4489
52.4723
52.4961
52.5203
52.5446
52.5689
52.5928
52.6163
52.6389
52.6604
52.6805
52.699
52.7156
52.7301
52.7423
52.7521
52.7594
52.7644
52.7672
52.7683
52.7684
52.7683
52.7692
52.7728
52.7809
52.7959
52.8206
52.8582
52.9123
52.9868
53.0855
53.212
53.3696
53.5598
53.7838
54.0378
54.3212
54.6184
54.9329
55.2223
55.5275
55.7262
56.0189
55.9679
56.3847
55.5766
56.8828
53.5711
45.7169
42.4952
43.789
43.0346
43.4471
43.4122
43.6986
43.8946
44.1878
44.4638
44.7612
45.0413
45.308
45.5473
45.7587
45.9388
46.0889
46.2101
46.3056
46.3784
46.4323
46.4705
46.4965
46.5132
46.5232
46.5287
46.5315
46.5331
46.5345
46.5366
46.5401
46.5452
46.5524
46.5616
46.5729
46.5862
46.6013
46.618
46.6362
46.6555
46.6758
46.6967
46.7182
46.7399
46.7616
46.7833
46.8046
46.8255
46.8458
46.8654
46.8843
46.9024
46.9196
46.9359
46.9512
46.9656
46.9791
46.9916
47.0032
47.0139
47.0238
47.0328
47.0411
47.0486
47.0554
47.0616
47.0672
47.0722
47.0768
47.0809
47.0846
47.0879
47.091
47.0938
47.0963
47.0987
47.1009
47.103
47.105
47.1069
47.1088
47.1107
47.1125
47.1144
47.1163
47.1183
47.1203
47.1223
47.1245
47.1266
47.1289
47.1312
47.1335
47.1359
47.1384
47.1409
47.1434
47.146
47.1485
47.1511
47.1537
47.1563
47.1589
47.1614
47.1639
47.1664
47.1688
47.1712
47.1735
47.1757
47.1779
47.18
47.182
47.184
47.1859
47.1877
47.1896
47.1913
47.1931
47.1949
47.1967
47.1985
47.2004
47.2023
47.2045
47.2067
47.2092
47.2119
47.2148
47.2181
47.2218
47.2258
47.2303
47.2354
47.2409
47.2471
47.254
47.2616
47.2699
47.279
47.289
47.2999
47.3117
47.3244
47.3381
47.3527
47.3683
47.3849
47.4024
47.4208
47.4401
47.4601
47.4808
47.5021
47.5238
47.5458
47.5679
47.59
47.6118
47.6332
47.6538
47.6734
47.6918
47.7088
47.7241
47.7375
47.7489
47.7581
47.7652
47.7702
47.7734
47.7752
47.7761
47.7771
47.7793
47.784
47.7932
47.8089
47.8339
47.871
47.9237
47.9954
48.0898
48.2103
48.3598
48.5399
48.7518
48.9922
49.2604
49.5424
49.8416
50.1189
50.4126
50.6087
50.8957
50.8623
51.2769
50.5231
51.8182
48.5974
40.7635
37.6527
38.9329
38.2402
38.6497
38.6336
38.9138
39.1075
39.389
39.6528
39.9348
40.1996
40.4511
40.6765
40.8757
41.0456
41.1875
41.3025
41.3935
41.4635
41.5157
41.5533
41.5795
41.5969
41.6079
41.6145
41.6184
41.621
41.6232
41.626
41.6298
41.635
41.6419
41.6506
41.661
41.6732
41.687
41.7022
41.7186
41.7361
41.7544
41.7733
41.7926
41.8122
41.8318
41.8513
41.8705
41.8893
41.9077
41.9254
41.9425
41.9588
41.9744
41.9891
42.003
42.0161
42.0284
42.0398
42.0505
42.0603
42.0694
42.0777
42.0854
42.0924
42.0988
42.1047
42.11
42.1149
42.1193
42.1233
42.127
42.1303
42.1334
42.1363
42.139
42.1415
42.1439
42.1462
42.1484
42.1505
42.1526
42.1547
42.1568
42.1589
42.1611
42.1633
42.1655
42.1678
42.1701
42.1725
42.175
42.1775
42.18
42.1826
42.1853
42.188
42.1907
42.1934
42.1962
42.199
42.2018
42.2045
42.2073
42.21
42.2127
42.2154
42.218
42.2205
42.2231
42.2255
42.2279
42.2302
42.2325
42.2347
42.2369
42.239
42.241
42.2431
42.2451
42.2471
42.2491
42.2511
42.2532
42.2554
42.2577
42.2601
42.2627
42.2655
42.2685
42.2718
42.2755
42.2794
42.2838
42.2887
42.294
42.2998
42.3063
42.3133
42.3211
42.3295
42.3387
42.3487
42.3595
42.3711
42.3835
42.3969
42.411
42.4261
42.4419
42.4585
42.4759
42.494
42.5126
42.5318
42.5514
42.5712
42.5912
42.6111
42.6308
42.65
42.6686
42.6864
42.7031
42.7185
42.7325
42.7448
42.7553
42.764
42.7708
42.7759
42.7795
42.7819
42.7838
42.7859
42.7892
42.7952
42.8054
42.8219
42.8471
42.8838
42.9349
43.0039
43.0939
43.2082
43.3496
43.5195
43.7191
43.9456
44.1985
44.4651
44.7487
45.0137
45.2957
45.4894
45.7701
45.7554
46.1668
45.4745
46.7557
43.6457
35.7852
32.8091
34.0722
33.4485
33.8535
33.8573
34.1308
34.3222
34.5918
34.8433
35.1096
35.359
35.595
35.8065
35.9933
36.1528
36.2863
36.3951
36.4816
36.5486
36.5992
36.6362
36.6625
36.6805
36.6925
36.7003
36.7054
36.709
36.7121
36.7154
36.7196
36.7248
36.7315
36.7396
36.7492
36.7603
36.7727
36.7864
36.8011
36.8167
36.8331
36.8499
36.8671
36.8845
36.902
36.9193
36.9364
36.9532
36.9695
36.9853
37.0006
37.0152
37.0291
37.0423
37.0548
37.0666
37.0777
37.088
37.0977
37.1066
37.1149
37.1226
37.1297
37.1362
37.1422
37.1477
37.1528
37.1575
37.1617
37.1657
37.1693
37.1727
37.1759
37.1788
37.1816
37.1843
37.1869
37.1893
37.1917
37.1941
37.1964
37.1988
37.2011
37.2034
37.2058
37.2083
37.2107
37.2132
37.2158
37.2184
37.2211
37.2238
37.2265
37.2293
37.2322
37.2351
37.238
37.2409
37.2439
37.2468
37.2498
37.2528
37.2557
37.2586
37.2615
37.2644
37.2672
37.2699
37.2727
37.2753
37.2779
37.2805
37.283
37.2855
37.2878
37.2902
37.2925
37.2948
37.297
37.2993
37.3015
37.3038
37.3061
37.3085
37.311
37.3136
37.3163
37.3192
37.3223
37.3256
37.3292
37.3331
37.3373
37.342
37.347
37.3526
37.3586
37.3651
37.3723
37.38
37.3884
37.3975
37.4073
37.4178
37.429
37.441
37.4537
37.4672
37.4814
37.4962
37.5118
37.5279
37.5445
37.5616
37.579
37.5966
37.6144
37.6321
37.6496
37.6668
37.6834
37.6993
37.7142
37.7281
37.7407
37.7519
37.7616
37.7698
37.7764
37.7815
37.7855
37.7886
37.7914
37.7946
37.7991
37.8063
37.8176
37.8349
37.8603
37.8965
37.9461
38.0122
38.0979
38.2059
38.3391
38.4986
38.6858
38.8981
39.1355
39.3864
39.6543
39.9068
40.1768
40.3682
40.6422
40.6471
41.0539
40.4305
41.6944
38.7189
30.7799
27.9674
29.2085
28.6612
29.0595
29.0839
29.35
29.5391
29.7964
30.0354
30.2859
30.5196
30.74
30.9373
31.1115
31.2606
31.3857
31.488
31.5699
31.634
31.6829
31.7192
31.7457
31.7644
31.7773
31.7862
31.7924
31.7971
31.8011
31.805
31.8095
31.8148
31.8212
31.8288
31.8375
31.8475
31.8586
31.8707
31.8837
31.8975
31.9118
31.9266
31.9417
31.9569
31.9722
31.9874
32.0024
32.0171
32.0314
32.0453
32.0587
32.0715
32.0838
32.0955
32.1066
32.1171
32.1269
32.1362
32.1449
32.1529
32.1605
32.1675
32.174
32.18
32.1856
32.1908
32.1956
32.2
32.2042
32.2081
32.2117
32.2151
32.2183
32.2214
32.2243
32.2271
32.2298
32.2325
32.2351
32.2377
32.2402
32.2428
32.2454
32.2479
32.2506
32.2532
32.2559
32.2587
32.2614
32.2643
32.2672
32.2701
32.2731
32.2761
32.2791
32.2822
32.2853
32.2884
32.2915
32.2947
32.2978
32.301
32.3041
32.3072
32.3103
32.3133
32.3164
32.3193
32.3223
32.3252
32.328
32.3308
32.3335
32.3362
32.3388
32.3414
32.344
32.3465
32.349
32.3515
32.354
32.3565
32.359
32.3616
32.3643
32.367
32.3699
32.3728
32.376
32.3794
32.3829
32.3868
32.3909
32.3953
32.4001
32.4053
32.4109
32.417
32.4235
32.4306
32.4382
32.4464
32.4552
32.4645
32.4746
32.4852
32.4965
32.5084
32.5209
32.534
32.5476
32.5617
32.5763
32.5913
32.6065
32.622
32.6376
32.6531
32.6684
32.6835
32.6981
32.7121
32.7253
32.7376
32.7488
32.7589
32.7678
32.7754
32.7818
32.787
32.7913
32.7951
32.7988
32.8031
32.8089
32.8173
32.8297
32.8477
32.8734
32.909
32.9571
33.0203
33.1015
33.2032
33.3279
33.4769
33.6515
33.8496
34.0711
34.3062
34.5581
34.7979
35.0556
35.2446
35.5112
35.5365
35.9365
35.3895
36.6311
33.8191
25.7463
23.1321
24.3445
23.8801
24.2689
24.3141
24.5721
24.7587
25.0033
25.2296
25.464
25.6818
25.8863
26.0692
26.2308
26.3692
26.4858
26.5816
26.6589
26.7198
26.767
26.8027
26.8292
26.8486
26.8625
26.8725
26.8798
26.8855
26.8903
26.8949
26.8997
26.905
26.9111
26.9181
26.926
26.9349
26.9446
26.9552
26.9664
26.9783
26.9906
27.0033
27.0163
27.0293
27.0424
27.0554
27.0683
27.0809
27.0932
27.1052
27.1167
27.1278
27.1385
27.1486
27.1583
27.1675
27.1761
27.1843
27.192
27.1992
27.2059
27.2123
27.2182
27.2237
27.2289
27.2337
27.2383
27.2426
27.2466
27.2504
27.254
27.2574
27.2607
27.2638
27.2669
27.2698
27.2727
27.2756
27.2784
27.2812
27.284
27.2868
27.2896
27.2924
27.2953
27.2982
27.3011
27.3041
27.3071
27.3102
27.3132
27.3164
27.3196
27.3228
27.326
27.3293
27.3326
27.3359
27.3392
27.3425
27.3459
27.3492
27.3525
27.3558
27.3591
27.3623
27.3656
27.3687
27.3719
27.375
27.3781
27.3811
27.384
27.387
27.3898
27.3927
27.3955
27.3983
27.401
27.4037
27.4065
27.4092
27.412
27.4147
27.4176
27.4205
27.4235
27.4266
27.4298
27.4332
27.4367
27.4405
27.4445
27.4487
27.4533
27.4581
27.4633
27.4689
27.4748
27.4812
27.488
27.4953
27.5031
27.5114
27.5202
27.5295
27.5393
27.5496
27.5604
27.5717
27.5835
27.5957
27.6082
27.621
27.6341
27.6474
27.6607
27.674
27.6872
27.7001
27.7127
27.7248
27.7362
27.7469
27.7568
27.7658
27.7738
27.7808
27.787
27.7923
27.797
27.8014
27.806
27.8114
27.8184
27.8279
27.8414
27.8602
27.886
27.9211
27.9675
28.0278
28.1044
28.1997
28.316
28.4543
28.6162
28.7997
29.0052
29.2242
29.4597
29.6867
29.9316
30.1181
30.3763
30.4225
30.8128
30.3485
31.5615
28.9477
20.6772
18.301
19.4767
19.1006
19.4769
19.5435
19.7927
19.9771
20.2092
20.423
20.6415
20.8437
21.0327
21.2014
21.3505
21.4785
21.5866
21.676
21.7487
21.8067
21.8522
21.8872
21.9139
21.9338
21.9487
21.9598
21.9682
21.9748
21.9805
21.9856
21.9906
21.9959
22.0017
22.008
22.015
22.0227
22.031
22.04
22.0494
22.0594
22.0696
22.0802
22.091
22.1018
22.1127
22.1235
22.1342
22.1447
22.155
22.165
22.1747
22.1841
22.1931
22.2017
22.2099
22.2177
22.2252
22.2323
22.239
22.2453
22.2513
22.2569
22.2623
22.2673
22.2721
22.2766
22.2809
22.285
22.2889
22.2926
22.2962
22.2997
22.303
22.3063
22.3094
22.3126
22.3156
22.3187
22.3217
22.3247
22.3278
22.3308
22.3338
22.3369
22.34
22.3431
22.3463
22.3495
22.3527
22.356
22.3593
22.3627
22.3661
22.3695
22.3729
22.3764
22.3799
22.3834
22.3869
22.3904
22.3939
22.3974
22.4009
22.4044
22.4079
22.4113
22.4147
22.4181
22.4215
22.4248
22.4281
22.4313
22.4346
22.4377
22.4408
22.4439
22.447
22.45
22.453
22.456
22.459
22.4619
22.4649
22.4679
22.4709
22.474
22.4771
22.4803
22.4836
22.4871
22.4906
22.4943
22.4982
22.5022
22.5065
22.5111
22.5158
22.5209
22.5263
22.532
22.538
22.5444
22.5512
22.5583
22.5659
22.5738
22.5822
22.5909
22.6001
22.6096
22.6194
22.6296
22.6401
22.6508
22.6617
22.6727
22.6838
22.6948
22.7058
22.7166
22.727
22.7371
22.7468
22.7559
22.7643
22.7721
22.7792
22.7856
22.7914
22.7967
22.8017
22.8067
22.8122
22.8186
22.8268
22.8375
22.852
22.8715
22.8976
22.9321
22.977
23.0344
23.1066
23.1956
23.3034
23.4313
23.5805
23.7497
23.9394
24.1425
24.3619
24.5762
24.8085
24.9928
25.2423
25.3097
25.6873
25.3114
26.4877
24.1119
15.545
13.4469
14.5811
14.2973
14.6602
14.7502
14.9926
15.1772
15.3993
15.6032
15.8083
15.9971
16.1725
16.329
16.4671
16.5859
16.6868
16.7708
16.8397
16.8952
16.9395
16.9742
17.0011
17.0218
17.0377
17.0498
17.0593
17.0668
17.0731
17.0786
17.0838
17.0889
17.0942
17.0997
17.1056
17.1119
17.1187
17.1258
17.1334
17.1412
17.1493
17.1576
17.1661
17.1747
17.1832
17.1918
17.2003
17.2086
17.2168
17.2248
17.2326
17.2402
17.2475
17.2546
17.2614
17.2679
17.2741
17.2801
17.2858
17.2913
17.2965
17.3015
17.3063
17.3108
17.3152
17.3194
17.3235
17.3274
17.3312
17.3348
17.3384
17.3419
17.3453
17.3487
17.352
17.3553
17.3585
17.3618
17.365
17.3683
17.3715
17.3748
17.3781
17.3814
17.3848
17.3881
17.3915
17.395
17.3984
17.4019
17.4055
17.409
17.4126
17.4162
17.4198
17.4235
17.4272
17.4309
17.4345
17.4382
17.4419
17.4456
17.4493
17.453
17.4566
17.4603
17.4639
17.4675
17.4711
17.4746
17.4781
17.4816
17.485
17.4884
17.4918
17.4952
17.4985
17.5017
17.505
17.5082
17.5114
17.5146
17.5179
17.5211
17.5243
17.5275
17.5308
17.5341
17.5375
17.541
17.5445
17.5482
17.5519
17.5558
17.5599
17.5641
17.5685
17.573
17.5778
17.5829
17.5881
17.5936
17.5994
17.6054
17.6117
17.6183
17.6252
17.6324
17.6398
17.6475
17.6554
17.6636
17.6719
17.6804
17.6891
17.6978
17.7065
17.7152
17.7239
17.7323
17.7406
17.7486
17.7563
17.7636
17.7705
17.7769
17.7829
17.7885
17.7938
17.7989
17.8041
17.8095
17.8157
17.8231
17.8324
17.8443
17.8599
17.8803
17.9068
17.9411
17.9849
18.04
18.1084
18.192
18.2926
18.4113
18.5495
18.7062
18.8821
19.0716
19.2772
19.4815
19.7037
19.8883
20.1309
20.2215
20.5855
20.302
21.4369
19.3393
10.3379
8.57069
9.6467
9.45921
9.80724
9.92365
10.1621
10.3508
10.5667
10.7646
10.9601
11.1392
11.3043
11.4512
11.5808
11.6926
11.7879
11.8677
11.9337
11.9876
12.031
12.0657
12.093
12.1145
12.1312
12.1442
12.1545
12.1626
12.1692
12.1748
12.1797
12.1843
12.1886
12.193
12.1976
12.2022
12.2072
12.2123
12.2177
12.2232
12.229
12.235
12.241
12.2471
12.2533
12.2596
12.2658
12.2719
12.278
12.284
12.2899
12.2957
12.3014
12.3069
12.3122
12.3175
12.3225
12.3274
12.3322
12.3368
12.3413
12.3457
12.3499
12.3541
12.3581
12.362
12.3659
12.3696
12.3733
12.377
12.3806
12.3841
12.3876
12.3911
12.3946
12.3981
12.4015
12.405
12.4085
12.4119
12.4154
12.4189
12.4225
12.426
12.4296
12.4332
12.4369
12.4405
12.4442
12.4479
12.4517
12.4554
12.4592
12.463
12.4668
12.4707
12.4745
12.4784
12.4822
12.4861
12.49
12.4938
12.4977
12.5015
12.5054
12.5092
12.513
12.5168
12.5206
12.5243
12.528
12.5317
12.5354
12.539
12.5427
12.5462
12.5498
12.5533
12.5568
12.5603
12.5638
12.5673
12.5707
12.5741
12.5776
12.581
12.5845
12.5879
12.5914
12.595
12.5985
12.6022
12.6058
12.6096
12.6134
12.6174
12.6214
12.6255
12.6298
12.6342
12.6387
12.6433
12.6481
12.6531
12.6582
12.6635
12.6689
12.6745
12.6802
12.6861
12.6921
12.6982
12.7044
12.7107
12.717
12.7233
12.7296
12.7359
12.7421
12.7482
12.7541
12.7598
12.7653
12.7705
12.7755
12.7803
12.7849
12.7894
12.7939
12.7984
12.8034
12.8089
12.8155
12.8236
12.8337
12.8466
12.8631
12.8843
12.9114
12.9458
12.9889
13.0424
13.108
13.1875
13.2825
13.3941
13.5237
13.6707
13.836
14.0154
14.2112
14.4093
14.6252
14.8138
15.0525
15.1694
15.5184
15.3311
16.4082
14.6415
5.27315
3.97706
4.89095
4.80048
5.10442
5.23524
5.45214
5.63125
5.82685
6.00645
6.18065
6.33958
6.48502
6.61423
6.728
6.82632
6.91035
6.98115
7.04017
7.08879
7.12844
7.16047
7.18612
7.2065
7.22261
7.23529
7.24527
7.25316
7.25947
7.2646
7.2689
7.27263
7.27599
7.27915
7.28223
7.2853
7.28844
7.29168
7.29504
7.29854
7.30217
7.30593
7.3098
7.31378
7.31784
7.32198
7.32617
7.3304
7.33466
7.33893
7.34319
7.34745
7.35169
7.3559
7.36009
7.36423
7.36834
7.37241
7.37643
7.38042
7.38437
7.38827
7.39215
7.39598
7.39979
7.40357
7.40733
7.41106
7.41478
7.41849
7.42219
7.42588
7.42957
7.43326
7.43695
7.44065
7.44436
7.44808
7.45181
7.45556
7.45932
7.4631
7.46689
7.47071
7.47454
7.4784
7.48227
7.48616
7.49007
7.494
7.49794
7.5019
7.50587
7.50985
7.51385
7.51786
7.52187
7.52589
7.52991
7.53394
7.53796
7.54199
7.54601
7.55003
7.55404
7.55804
7.56203
7.56601
7.56998
7.57393
7.57786
7.58178
7.58568
7.58956
7.59342
7.59727
7.60109
7.60489
7.60868
7.61244
7.61619
7.61992
7.62364
7.62734
7.63104
7.63472
7.6384
7.64208
7.64576
7.64944
7.65312
7.65682
7.66053
7.66426
7.66802
7.6718
7.67561
7.67945
7.68333
7.68725
7.69121
7.69521
7.69926
7.70336
7.7075
7.71168
7.7159
7.72016
7.72445
7.72876
7.73308
7.73742
7.74174
7.74604
7.75031
7.75452
7.75867
7.76273
7.76669
7.77054
7.77426
7.77784
7.78129
7.78462
7.78784
7.791
7.79415
7.79737
7.8008
7.80457
7.8089
7.81405
7.82035
7.82822
7.83815
7.85076
7.86676
7.88702
7.9125
7.94434
7.98377
8.03215
8.09091
8.16147
8.24526
8.34338
8.45701
8.58613
8.73156
8.89052
9.06476
9.24435
9.4399
9.61895
9.83603
9.96719
10.2719
10.1816
11.0966
9.80115
1.06873
0.538278
0.971877
0.961534
1.11579
1.19809
1.31439
1.41486
1.52042
1.61799
1.71134
1.79651
1.87411
1.94316
2.00406
2.05698
2.10252
2.1413
2.17405
2.20149
2.22432
2.24323
2.25882
2.27166
2.28222
2.29094
2.29818
2.30424
2.30939
2.31385
2.31778
2.32133
2.32462
2.32774
2.33076
2.33373
2.33669
2.33968
2.34271
2.3458
2.34896
2.35219
2.35549
2.35886
2.3623
2.3658
2.36937
2.37298
2.37665
2.38035
2.3841
2.38788
2.39169
2.39552
2.39938
2.40325
2.40715
2.41105
2.41497
2.4189
2.42283
2.42678
2.43073
2.43469
2.43865
2.44262
2.4466
2.45058
2.45457
2.45857
2.46257
2.46658
2.4706
2.47462
2.47865
2.48269
2.48674
2.49079
2.49485
2.49892
2.503
2.50709
2.51119
2.51529
2.5194
2.52352
2.52765
2.53178
2.53592
2.54007
2.54422
2.54838
2.55255
2.55672
2.56089
2.56506
2.56924
2.57342
2.57761
2.58179
2.58597
2.59015
2.59434
2.59852
2.60269
2.60687
2.61104
2.61521
2.61937
2.62353
2.62768
2.63182
2.63596
2.64009
2.64422
2.64833
2.65244
2.65654
2.66063
2.66472
2.66879
2.67286
2.67692
2.68097
2.68501
2.68905
2.69307
2.69709
2.70111
2.70511
2.70911
2.71311
2.71709
2.72108
2.72505
2.72903
2.73299
2.73695
2.74091
2.74486
2.7488
2.75274
2.75666
2.76058
2.76448
2.76837
2.77224
2.77609
2.77992
2.78372
2.78749
2.79122
2.79491
2.79855
2.80214
2.80567
2.80914
2.81255
2.81588
2.81915
2.82234
2.82547
2.82854
2.83157
2.83457
2.83758
2.84063
2.84378
2.8471
2.85068
2.85463
2.85911
2.86427
2.87033
2.87756
2.88626
2.8968
2.90959
2.92512
2.94396
2.96671
2.99404
3.02668
3.06534
3.11077
3.16356
3.22435
3.2933
3.37082
3.45592
3.54921
3.64672
3.75223
3.85266
3.96904
4.05148
4.20609
4.19586
4.63011
4.10001
-0.320474
-0.316501
-0.312349
-0.308143
-0.303902
-0.299642
-0.295365
-0.291077
-0.286777
-0.282469
-0.278154
-0.273833
-0.269507
-0.265177
-0.260843
-0.256508
-0.252171
-0.247834
-0.243496
-0.239158
-0.234821
-0.230485
-0.226151
-0.221817
-0.217485
-0.213155
-0.208827
-0.2045
-0.200176
-0.195853
-0.191532
-0.187213
-0.182896
-0.17858
-0.174266
-0.169954
-0.165644
-0.161336
-0.157029
-0.152723
-0.148419
-0.144117
-0.139816
-0.135516
-0.131218
-0.126921
-0.122626
-0.118332
-0.114039
-0.109747
-0.105456
-0.101166
-0.0968773
-0.0925896
-0.0883028
-0.0840169
-0.0797319
-0.0754477
-0.0711643
-0.0668817
-0.0625998
-0.0583185
-0.0540379
-0.0497578
-0.0454784
-0.0411994
-0.036921
-0.0326431
-0.0283656
-0.0240885
-0.0198118
-0.0155355
-0.0112595
-0.00698385
-0.00270848
0.00156662
0.00584146
0.0101161
0.0143905
0.0186647
0.0229387
0.0272125
0.0314862
0.0357597
0.0400331
0.0443064
0.0485796
0.0528527
0.0571257
0.0613986
0.0656714
0.0699442
0.0742169
0.0784895
0.0827621
0.0870346
0.0913071
0.0955796
0.0998521
0.104124
0.108397
0.112669
0.116942
0.121214
0.125486
0.129759
0.134031
0.138303
0.142576
0.146848
0.151121
0.155393
0.159666
0.163938
0.168211
0.172484
0.176756
0.181029
0.185302
0.189575
0.193849
0.198122
0.202396
0.206669
0.210943
0.215217
0.219492
0.223766
0.228041
0.232317
0.236592
0.240868
0.245145
0.249421
0.253699
0.257976
0.262255
0.266534
0.270813
0.275093
0.279374
0.283656
0.287938
0.292221
0.296506
0.300791
0.305077
0.309364
0.313652
0.317941
0.322231
0.326523
0.330816
0.33511
0.339405
0.343702
0.348
0.3523
0.356602
0.360904
0.365209
0.369515
0.373823
0.378133
0.382444
0.386758
0.391073
0.39539
0.399708
0.404029
0.408352
0.412677
0.417003
0.421332
0.425662
0.429994
0.434328
0.438663
0.443
0.447338
0.451678
0.456017
0.460357
0.464697
0.469036
0.473373
0.477708
0.482041
0.486369
0.490692
0.495009
0.499319
0.50362
0.50791
0.512188
0.51645
0.520692
0.524899
0.529053
0.533027
-0.323666
-0.319652
-0.315494
-0.311283
-0.307043
-0.302783
-0.298508
-0.29422
-0.289923
-0.285617
-0.281304
-0.276985
-0.272661
-0.268332
-0.264001
-0.259667
-0.255332
-0.250996
-0.246659
-0.242322
-0.237986
-0.233651
-0.229317
-0.224984
-0.220653
-0.216323
-0.211995
-0.207669
-0.203345
-0.199023
-0.194702
-0.190383
-0.186067
-0.181751
-0.177438
-0.173126
-0.168816
-0.164508
-0.160201
-0.155896
-0.151593
-0.14729
-0.14299
-0.13869
-0.134392
-0.130096
-0.1258
-0.121506
-0.117213
-0.112921
-0.108631
-0.104341
-0.100052
-0.0957648
-0.091478
-0.0871922
-0.0829072
-0.078623
-0.0743397
-0.070057
-0.0657751
-0.0614938
-0.0572131
-0.0529331
-0.0486536
-0.0443747
-0.0400962
-0.0358182
-0.0315407
-0.0272636
-0.0229869
-0.0187105
-0.0144345
-0.0101588
-0.00588337
-0.00160823
0.00266665
0.00694129
0.0112157
0.0154899
0.019764
0.0240379
0.0283116
0.0325851
0.0368586
0.0411319
0.0454051
0.0496782
0.0539512
0.0582241
0.0624969
0.0667697
0.0710424
0.0753151
0.0795877
0.0838602
0.0881327
0.0924052
0.0966777
0.10095
0.105223
0.109495
0.113767
0.11804
0.122312
0.126584
0.130857
0.135129
0.139402
0.143674
0.147946
0.152219
0.156491
0.160764
0.165037
0.169309
0.173582
0.177855
0.182128
0.186401
0.190675
0.194948
0.199222
0.203495
0.207769
0.212044
0.216318
0.220593
0.224868
0.229143
0.233419
0.237695
0.241971
0.246248
0.250525
0.254803
0.259081
0.26336
0.26764
0.27192
0.276201
0.280482
0.284765
0.289048
0.293332
0.297617
0.301903
0.30619
0.310478
0.314767
0.319057
0.323349
0.327641
0.331935
0.336231
0.340527
0.344826
0.349125
0.353426
0.357729
0.362033
0.366339
0.370647
0.374956
0.379267
0.38358
0.387895
0.392212
0.39653
0.400851
0.405173
0.409497
0.413823
0.418151
0.422481
0.426813
0.431146
0.435481
0.439817
0.444155
0.448493
0.452832
0.457171
0.461509
0.465846
0.470182
0.474516
0.478846
0.483172
0.487493
0.491808
0.496115
0.500415
0.504703
0.50898
0.513241
0.517483
0.521695
0.525855
0.52987
-0.326894
-0.322842
-0.318669
-0.314455
-0.31021
-0.305948
-0.301671
-0.297383
-0.293085
-0.288778
-0.284465
-0.280146
-0.275822
-0.271494
-0.267164
-0.262831
-0.258496
-0.25416
-0.249824
-0.245488
-0.241153
-0.236818
-0.232485
-0.228153
-0.223822
-0.219493
-0.215166
-0.21084
-0.206517
-0.202195
-0.197874
-0.193556
-0.189239
-0.184925
-0.180611
-0.1763
-0.17199
-0.167682
-0.163376
-0.159071
-0.154767
-0.150465
-0.146164
-0.141865
-0.137567
-0.133271
-0.128975
-0.124681
-0.120388
-0.116097
-0.111806
-0.107516
-0.103228
-0.0989398
-0.0946531
-0.0903672
-0.0860822
-0.081798
-0.0775146
-0.0732319
-0.06895
-0.0646686
-0.060388
-0.0561079
-0.0518284
-0.0475494
-0.0432709
-0.0389929
-0.0347153
-0.0304382
-0.0261614
-0.021885
-0.017609
-0.0133333
-0.00905784
-0.00478268
-0.000507782
0.00376688
0.00804132
0.0123156
0.0165896
0.0208635
0.0251372
0.0294108
0.0336842
0.0379575
0.0422307
0.0465038
0.0507768
0.0550498
0.0593226
0.0635954
0.0678681
0.0721407
0.0764133
0.0806859
0.0849584
0.0892309
0.0935033
0.0977757
0.102048
0.106321
0.110593
0.114865
0.119138
0.12341
0.127682
0.131955
0.136227
0.1405
0.144772
0.149044
0.153317
0.15759
0.161862
0.166135
0.170408
0.174681
0.178954
0.183227
0.1875
0.191774
0.196047
0.200321
0.204595
0.208869
0.213144
0.217418
0.221693
0.225969
0.230244
0.23452
0.238797
0.243074
0.247351
0.251629
0.255907
0.260186
0.264466
0.268746
0.273027
0.277309
0.281591
0.285874
0.290158
0.294443
0.298729
0.303016
0.307304
0.311593
0.315884
0.320175
0.324468
0.328762
0.333057
0.337354
0.341652
0.345951
0.350252
0.354555
0.358859
0.363165
0.367472
0.371781
0.376092
0.380405
0.384719
0.389036
0.393354
0.397674
0.401996
0.40632
0.410645
0.414973
0.419302
0.423633
0.427966
0.4323
0.436636
0.440973
0.44531
0.449648
0.453986
0.458324
0.462661
0.466996
0.471329
0.475659
0.479984
0.484305
0.48862
0.492929
0.497228
0.501518
0.505797
0.51006
0.514306
0.518521
0.522696
0.526749
-0.33012
-0.326007
-0.321829
-0.317611
-0.313366
-0.309104
-0.304827
-0.300539
-0.296242
-0.291936
-0.287624
-0.283305
-0.278982
-0.274656
-0.270326
-0.265993
-0.261659
-0.257325
-0.252989
-0.248654
-0.24432
-0.239986
-0.235653
-0.231322
-0.226992
-0.222663
-0.218336
-0.214011
-0.209688
-0.205366
-0.201047
-0.196729
-0.192412
-0.188098
-0.183785
-0.179474
-0.175164
-0.170856
-0.16655
-0.162245
-0.157942
-0.15364
-0.149339
-0.14504
-0.140742
-0.136446
-0.13215
-0.127856
-0.123563
-0.119272
-0.114981
-0.110691
-0.106403
-0.102115
-0.0978281
-0.0935422
-0.0892572
-0.084973
-0.0806895
-0.0764068
-0.0721248
-0.0678435
-0.0635628
-0.0592826
-0.0550031
-0.0507241
-0.0464456
-0.0421675
-0.0378899
-0.0336128
-0.029336
-0.0250596
-0.0207835
-0.0165078
-0.0122323
-0.00795713
-0.00368221
0.000592466
0.00486692
0.00914117
0.0134152
0.0176891
0.0219628
0.0262364
0.0305099
0.0347832
0.0390564
0.0433295
0.0476025
0.0518754
0.0561483
0.060421
0.0646937
0.0689664
0.073239
0.0775115
0.081784
0.0860565
0.0903289
0.0946014
0.0988737
0.103146
0.107418
0.111691
0.115963
0.120236
0.124508
0.12878
0.133053
0.137325
0.141598
0.14587
0.150143
0.154415
0.158688
0.162961
0.167233
0.171506
0.175779
0.180053
0.184326
0.188599
0.192873
0.197147
0.201421
0.205695
0.209969
0.214244
0.218519
0.222795
0.22707
0.231346
0.235623
0.2399
0.244177
0.248455
0.252733
0.257012
0.261292
0.265572
0.269853
0.274135
0.278417
0.282701
0.286985
0.29127
0.295556
0.299843
0.304131
0.30842
0.31271
0.317001
0.321294
0.325588
0.329883
0.33418
0.338478
0.342777
0.347078
0.351381
0.355685
0.35999
0.364298
0.368607
0.372917
0.37723
0.381544
0.38586
0.390178
0.394497
0.398819
0.403142
0.407468
0.411795
0.416123
0.420454
0.424786
0.42912
0.433454
0.43779
0.442127
0.446464
0.450802
0.455139
0.459475
0.463809
0.468141
0.47247
0.476795
0.481115
0.485429
0.489737
0.494036
0.498326
0.502604
0.506867
0.511114
0.515333
0.519512
0.523626
-0.333344
-0.329196
-0.325
-0.320777
-0.316529
-0.312265
-0.307987
-0.303698
-0.299401
-0.295095
-0.290783
-0.286465
-0.282143
-0.277817
-0.273488
-0.269156
-0.264823
-0.260489
-0.256155
-0.25182
-0.247486
-0.243153
-0.238821
-0.23449
-0.230161
-0.225833
-0.221507
-0.217182
-0.212859
-0.208538
-0.204219
-0.199901
-0.195585
-0.191271
-0.186958
-0.182647
-0.178338
-0.17403
-0.169724
-0.165419
-0.161116
-0.156814
-0.152514
-0.148215
-0.143917
-0.139621
-0.135325
-0.131031
-0.126738
-0.122447
-0.118156
-0.113866
-0.109578
-0.10529
-0.101003
-0.0967172
-0.0924322
-0.0881479
-0.0838644
-0.0795817
-0.0752997
-0.0710183
-0.0667375
-0.0624574
-0.0581778
-0.0538988
-0.0496202
-0.0453422
-0.0410645
-0.0367873
-0.0325105
-0.0282341
-0.023958
-0.0196822
-0.0154068
-0.0111316
-0.00685664
-0.00258194
0.00169252
0.00596679
0.0102409
0.0145148
0.0187885
0.0230621
0.0273355
0.0316088
0.035882
0.0401551
0.0444282
0.0487011
0.0529739
0.0572467
0.0615194
0.065792
0.0700646
0.0743372
0.0786097
0.0828821
0.0871546
0.091427
0.0956994
0.0999717
0.104244
0.108516
0.112789
0.117061
0.121334
0.125606
0.129878
0.134151
0.138423
0.142696
0.146968
0.151241
0.155513
0.159786
0.164059
0.168332
0.172605
0.176878
0.181152
0.185425
0.189699
0.193972
0.198246
0.202521
0.206795
0.21107
0.215345
0.21962
0.223896
0.228172
0.232449
0.236726
0.241003
0.245281
0.249559
0.253838
0.258118
0.262398
0.266679
0.270961
0.275244
0.279527
0.283811
0.288096
0.292382
0.296669
0.300957
0.305246
0.309536
0.313828
0.31812
0.322414
0.326709
0.331006
0.335304
0.339603
0.343904
0.348206
0.35251
0.356816
0.361123
0.365432
0.369742
0.374054
0.378368
0.382684
0.387002
0.391321
0.395642
0.399965
0.40429
0.408616
0.412944
0.417274
0.421606
0.425939
0.430273
0.434608
0.438944
0.443281
0.447617
0.451954
0.456289
0.460622
0.464954
0.469282
0.473606
0.477926
0.48224
0.486547
0.490846
0.495136
0.499415
0.503681
0.507931
0.512155
0.516352
0.520501
-0.336558
-0.332373
-0.32817
-0.323941
-0.31969
-0.315425
-0.311146
-0.306857
-0.30256
-0.298254
-0.293943
-0.289626
-0.285304
-0.280978
-0.27665
-0.272319
-0.267987
-0.263654
-0.25932
-0.254986
-0.250653
-0.246321
-0.241989
-0.237659
-0.23333
-0.229003
-0.224677
-0.220353
-0.216031
-0.21171
-0.207391
-0.203074
-0.198758
-0.194444
-0.190132
-0.185821
-0.181512
-0.177204
-0.172898
-0.168594
-0.164291
-0.159989
-0.155689
-0.15139
-0.147092
-0.142796
-0.1385
-0.134206
-0.129913
-0.125622
-0.121331
-0.117041
-0.112753
-0.108465
-0.104178
-0.0998922
-0.0956071
-0.0913228
-0.0870393
-0.0827565
-0.0784745
-0.0741931
-0.0699123
-0.0656321
-0.0613525
-0.0570734
-0.0527949
-0.0485168
-0.0442391
-0.0399619
-0.0356851
-0.0314086
-0.0271325
-0.0228567
-0.0185812
-0.014306
-0.0100311
-0.00575635
-0.00148187
0.0027924
0.00706648
0.0113404
0.0156141
0.0198877
0.0241612
0.0284345
0.0327077
0.0369808
0.0412538
0.0455267
0.0497996
0.0540723
0.058345
0.0626177
0.0668903
0.0711628
0.0754353
0.0797078
0.0839802
0.0882526
0.092525
0.0967974
0.10107
0.105342
0.109614
0.113887
0.118159
0.122431
0.126704
0.130976
0.135249
0.139521
0.143794
0.148066
0.152339
0.156612
0.160885
0.165158
0.169431
0.173704
0.177977
0.182251
0.186524
0.190798
0.195072
0.199346
0.203621
0.207896
0.212171
0.216446
0.220722
0.224998
0.229275
0.233552
0.237829
0.242107
0.246385
0.250664
0.254944
0.259224
0.263505
0.267787
0.27207
0.276353
0.280637
0.284922
0.289208
0.293495
0.297783
0.302072
0.306363
0.310654
0.314947
0.31924
0.323536
0.327832
0.33213
0.336429
0.34073
0.345032
0.349336
0.353641
0.357948
0.362257
0.366567
0.370879
0.375193
0.379508
0.383825
0.388144
0.392465
0.396788
0.401112
0.405438
0.409766
0.414095
0.418426
0.422758
0.427092
0.431426
0.435762
0.440097
0.444433
0.448769
0.453103
0.457436
0.461766
0.466094
0.470417
0.474737
0.47905
0.483357
0.487656
0.491947
0.496227
0.500494
0.504746
0.508975
0.51318
0.517366
-0.339768
-0.335557
-0.33134
-0.327106
-0.322853
-0.318585
-0.314306
-0.310017
-0.305719
-0.301414
-0.297103
-0.292786
-0.288465
-0.28414
-0.279812
-0.275482
-0.271151
-0.266818
-0.262485
-0.258152
-0.25382
-0.249488
-0.245157
-0.240828
-0.236499
-0.232173
-0.227847
-0.223524
-0.219202
-0.214882
-0.210563
-0.206246
-0.201931
-0.197617
-0.193305
-0.188995
-0.184686
-0.180378
-0.176072
-0.171768
-0.167465
-0.163163
-0.158863
-0.154564
-0.150267
-0.14597
-0.141675
-0.137381
-0.133088
-0.128797
-0.124506
-0.120216
-0.115928
-0.11164
-0.107353
-0.103067
-0.098782
-0.0944977
-0.0902141
-0.0859313
-0.0816492
-0.0773678
-0.073087
-0.0688068
-0.0645272
-0.0602481
-0.0559695
-0.0516914
-0.0474137
-0.0431364
-0.0388596
-0.0345831
-0.030307
-0.0260312
-0.0217557
-0.0174804
-0.0132055
-0.00893075
-0.00465626
-0.000381979
0.00389211
0.00816602
0.0124398
0.0167134
0.0209868
0.0252602
0.0295334
0.0338065
0.0380795
0.0423524
0.0466252
0.050898
0.0551707
0.0594433
0.0637159
0.0679885
0.0722609
0.0765334
0.0808058
0.0850782
0.0893506
0.093623
0.0978953
0.102168
0.10644
0.110712
0.114985
0.119257
0.123529
0.127802
0.132074
0.136347
0.140619
0.144892
0.149165
0.153437
0.15771
0.161983
0.166256
0.170529
0.174803
0.179076
0.18335
0.187624
0.191898
0.196172
0.200447
0.204721
0.208996
0.213272
0.217548
0.221824
0.2261
0.230377
0.234655
0.238933
0.243211
0.24749
0.25177
0.25605
0.260332
0.264613
0.268896
0.273179
0.277463
0.281748
0.286034
0.290321
0.29461
0.298899
0.303189
0.30748
0.311773
0.316067
0.320362
0.324658
0.328956
0.333255
0.337556
0.341858
0.346161
0.350467
0.354773
0.359082
0.363392
0.367704
0.372017
0.376332
0.380649
0.384968
0.389288
0.39361
0.397934
0.402259
0.406587
0.410915
0.415246
0.419577
0.42391
0.428244
0.432579
0.436914
0.441249
0.445584
0.449917
0.454249
0.458579
0.462906
0.467229
0.471548
0.475861
0.480168
0.484467
0.488758
0.493039
0.497307
0.501562
0.505797
0.510015
0.514227
-0.342971
-0.338739
-0.334511
-0.330272
-0.326015
-0.321746
-0.317466
-0.313177
-0.308879
-0.304574
-0.300263
-0.295946
-0.291626
-0.287302
-0.282975
-0.278645
-0.274315
-0.269983
-0.265651
-0.261318
-0.256987
-0.252656
-0.248325
-0.243996
-0.239669
-0.235342
-0.231018
-0.226695
-0.222373
-0.218053
-0.213735
-0.209418
-0.205103
-0.20079
-0.196478
-0.192168
-0.187859
-0.183552
-0.179246
-0.174942
-0.170639
-0.166338
-0.162038
-0.157739
-0.153441
-0.149145
-0.14485
-0.140556
-0.136263
-0.131971
-0.127681
-0.123391
-0.119102
-0.114815
-0.110528
-0.106242
-0.101957
-0.0976725
-0.0933889
-0.0891061
-0.084824
-0.0805425
-0.0762617
-0.0719815
-0.0677018
-0.0634227
-0.0591441
-0.0548659
-0.0505882
-0.046311
-0.0420341
-0.0377576
-0.0334815
-0.0292056
-0.0249301
-0.0206549
-0.0163799
-0.0121052
-0.00783065
-0.00355636
0.00071774
0.00499166
0.00926541
0.013539
0.0178125
0.0220858
0.026359
0.0306321
0.0349051
0.0391781
0.0434509
0.0477236
0.0519963
0.056269
0.0605416
0.0648141
0.0690866
0.073359
0.0776315
0.0819039
0.0861762
0.0904486
0.0947209
0.0989933
0.103266
0.107538
0.11181
0.116083
0.120355
0.124627
0.1289
0.133172
0.137445
0.141718
0.14599
0.150263
0.154536
0.158809
0.163082
0.167355
0.171628
0.175902
0.180176
0.184449
0.188723
0.192998
0.197272
0.201547
0.205822
0.210098
0.214373
0.21865
0.222926
0.227203
0.231481
0.235759
0.240037
0.244316
0.248596
0.252877
0.257158
0.261439
0.265722
0.270005
0.274289
0.278575
0.282861
0.287148
0.291436
0.295725
0.300015
0.304306
0.308599
0.312893
0.317188
0.321484
0.325782
0.330081
0.334381
0.338683
0.342987
0.347292
0.351598
0.355907
0.360217
0.364528
0.368841
0.373156
0.377472
0.381791
0.386111
0.390432
0.394756
0.399081
0.403408
0.407736
0.412066
0.416397
0.420729
0.425062
0.429396
0.433731
0.438065
0.442399
0.446732
0.451063
0.455392
0.459718
0.464041
0.468359
0.472672
0.476979
0.481278
0.485569
0.489851
0.494121
0.498379
0.50262
0.506848
0.511082
-0.34617
-0.341921
-0.337683
-0.333438
-0.329179
-0.324908
-0.320627
-0.316337
-0.312039
-0.307734
-0.303423
-0.299107
-0.294787
-0.290464
-0.286137
-0.281809
-0.277479
-0.273148
-0.268816
-0.264485
-0.260154
-0.255823
-0.251494
-0.247165
-0.242838
-0.238512
-0.234188
-0.229865
-0.225544
-0.221225
-0.216907
-0.212591
-0.208276
-0.203963
-0.199651
-0.195341
-0.191033
-0.186726
-0.18242
-0.178116
-0.173813
-0.169512
-0.165212
-0.160913
-0.156616
-0.15232
-0.148025
-0.143731
-0.139438
-0.135146
-0.130856
-0.126566
-0.122277
-0.117989
-0.113703
-0.109417
-0.105132
-0.100847
-0.0965637
-0.0922809
-0.0879987
-0.0837172
-0.0794364
-0.0751561
-0.0708765
-0.0665973
-0.0623187
-0.0580405
-0.0537628
-0.0494855
-0.0452086
-0.0409321
-0.0366559
-0.0323801
-0.0281045
-0.0238293
-0.0195543
-0.0152796
-0.011005
-0.00673073
-0.00245663
0.0018173
0.00609106
0.0103647
0.0146381
0.0189115
0.0231847
0.0274578
0.0317308
0.0360037
0.0402765
0.0445493
0.048822
0.0530946
0.0573672
0.0616397
0.0659122
0.0701847
0.0744571
0.0787295
0.0830019
0.0872742
0.0915465
0.0958189
0.100091
0.104364
0.108636
0.112908
0.117181
0.121453
0.125726
0.129998
0.134271
0.138543
0.142816
0.147089
0.151361
0.155634
0.159907
0.164181
0.168454
0.172728
0.177001
0.181275
0.185549
0.189823
0.194098
0.198373
0.202648
0.206923
0.211199
0.215475
0.219752
0.224029
0.228307
0.232585
0.236863
0.241142
0.245422
0.249703
0.253984
0.258265
0.262548
0.266831
0.271116
0.275401
0.279687
0.283974
0.288262
0.292551
0.296841
0.301132
0.305425
0.309719
0.314014
0.31831
0.322608
0.326907
0.331207
0.335509
0.339812
0.344117
0.348424
0.352732
0.357041
0.361352
0.365665
0.36998
0.374296
0.378614
0.382934
0.387255
0.391578
0.395902
0.400229
0.404556
0.408886
0.413216
0.417548
0.42188
0.426214
0.430547
0.434881
0.439214
0.443546
0.447877
0.452205
0.456531
0.460853
0.46517
0.469483
0.47379
0.478089
0.482381
0.486664
0.490936
0.495197
0.499443
0.503681
0.507932
-0.349365
-0.345102
-0.340855
-0.336605
-0.332342
-0.32807
-0.323788
-0.319497
-0.315199
-0.310894
-0.306583
-0.302268
-0.297949
-0.293626
-0.2893
-0.284972
-0.280643
-0.276312
-0.271982
-0.267651
-0.26332
-0.258991
-0.254662
-0.250334
-0.246007
-0.241682
-0.237358
-0.233036
-0.228715
-0.224396
-0.220079
-0.215763
-0.211448
-0.207136
-0.202824
-0.198514
-0.194206
-0.189899
-0.185594
-0.18129
-0.176988
-0.172686
-0.168386
-0.164088
-0.15979
-0.155494
-0.151199
-0.146905
-0.142613
-0.138321
-0.13403
-0.129741
-0.125452
-0.121164
-0.116877
-0.112591
-0.108306
-0.104022
-0.0997384
-0.0954556
-0.0911734
-0.0868919
-0.0826111
-0.0783308
-0.0740511
-0.0697719
-0.0654932
-0.0612151
-0.0569373
-0.05266
-0.0483831
-0.0441066
-0.0398304
-0.0355545
-0.031279
-0.0270037
-0.0227287
-0.0184539
-0.0141794
-0.00990511
-0.00563099
-0.00135706
0.0029167
0.00719031
0.0114638
0.0157371
0.0200103
0.0242834
0.0285565
0.0328294
0.0371022
0.041375
0.0456476
0.0499203
0.0541929
0.0584654
0.0627379
0.0670103
0.0712827
0.0755551
0.0798275
0.0840998
0.0883722
0.0926445
0.0969168
0.101189
0.105462
0.109734
0.114006
0.118279
0.122551
0.126824
0.131096
0.135369
0.139641
0.143914
0.148187
0.15246
0.156733
0.161006
0.16528
0.169553
0.173827
0.178101
0.182375
0.186649
0.190924
0.195199
0.199474
0.203749
0.208025
0.212301
0.216578
0.220855
0.225133
0.229411
0.233689
0.237968
0.242248
0.246528
0.25081
0.255091
0.259374
0.263657
0.267942
0.272227
0.276513
0.2808
0.285088
0.289377
0.293667
0.297958
0.302251
0.306545
0.310839
0.315136
0.319433
0.323732
0.328032
0.332334
0.336637
0.340942
0.345248
0.349556
0.353866
0.358177
0.362489
0.366803
0.371119
0.375437
0.379756
0.384077
0.3884
0.392724
0.39705
0.401377
0.405706
0.410035
0.414366
0.418698
0.423031
0.427364
0.431697
0.436029
0.440361
0.444691
0.449018
0.453343
0.457665
0.461982
0.466294
0.470601
0.474901
0.479193
0.483477
0.48775
0.492014
0.496266
0.500514
0.504777
-0.352556
-0.348283
-0.344028
-0.339772
-0.335506
-0.331232
-0.326949
-0.322657
-0.318359
-0.314054
-0.309744
-0.305429
-0.30111
-0.296788
-0.292463
-0.288136
-0.283807
-0.279477
-0.275147
-0.270817
-0.266487
-0.262158
-0.25783
-0.253503
-0.249176
-0.244852
-0.240528
-0.236207
-0.231886
-0.227568
-0.22325
-0.218935
-0.214621
-0.210308
-0.205997
-0.201688
-0.19738
-0.193073
-0.188768
-0.184464
-0.180162
-0.17586
-0.171561
-0.167262
-0.162965
-0.158669
-0.154374
-0.15008
-0.145787
-0.141496
-0.137205
-0.132915
-0.128627
-0.124339
-0.120052
-0.115766
-0.111481
-0.107197
-0.102913
-0.0986303
-0.0943481
-0.0900666
-0.0857857
-0.0815054
-0.0772257
-0.0729465
-0.0686678
-0.0643896
-0.0601118
-0.0558345
-0.0515576
-0.047281
-0.0430048
-0.038729
-0.0344534
-0.0301781
-0.0259031
-0.0216283
-0.0173538
-0.0130795
-0.00880536
-0.00453142
-0.000257649
0.00401597
0.00828944
0.0125628
0.016836
0.0211091
0.0253821
0.029655
0.0339279
0.0382006
0.0424733
0.0467459
0.0510185
0.055291
0.0595635
0.0638359
0.0681083
0.0723807
0.0766531
0.0809254
0.0851978
0.0894701
0.0937424
0.0980148
0.102287
0.106559
0.110832
0.115104
0.119377
0.123649
0.127922
0.132194
0.136467
0.14074
0.145013
0.149286
0.153559
0.157832
0.162105
0.166379
0.170652
0.174926
0.1792
0.183475
0.187749
0.192024
0.196299
0.200575
0.204851
0.209127
0.213404
0.217681
0.221958
0.226236
0.230515
0.234794
0.239074
0.243354
0.247636
0.251917
0.2562
0.260483
0.264768
0.269053
0.273339
0.277626
0.281914
0.286203
0.290493
0.294784
0.299077
0.30337
0.307665
0.311961
0.316259
0.320558
0.324858
0.32916
0.333463
0.337767
0.342073
0.346381
0.35069
0.355001
0.359313
0.363627
0.367943
0.37226
0.376579
0.380899
0.385222
0.389545
0.393871
0.398197
0.402525
0.406855
0.411185
0.415517
0.419849
0.424181
0.428513
0.432845
0.437175
0.441505
0.445832
0.450156
0.454477
0.458794
0.463106
0.467413
0.471713
0.476005
0.48029
0.484566
0.488833
0.493089
0.497346
0.50162
-0.355744
-0.351462
-0.3472
-0.342939
-0.338671
-0.334395
-0.33011
-0.325818
-0.32152
-0.317215
-0.312905
-0.30859
-0.304272
-0.29995
-0.295626
-0.291299
-0.286971
-0.282642
-0.278313
-0.273983
-0.269654
-0.265326
-0.260998
-0.256671
-0.252346
-0.248021
-0.243699
-0.239377
-0.235057
-0.230739
-0.226422
-0.222107
-0.217793
-0.213481
-0.20917
-0.204861
-0.200553
-0.196247
-0.191942
-0.187638
-0.183336
-0.179035
-0.174735
-0.170436
-0.166139
-0.161843
-0.157548
-0.153254
-0.148962
-0.14467
-0.14038
-0.13609
-0.131801
-0.127514
-0.123227
-0.118941
-0.114656
-0.110371
-0.106088
-0.101805
-0.0975227
-0.0932412
-0.0889603
-0.08468
-0.0804002
-0.076121
-0.0718423
-0.0675641
-0.0632863
-0.059009
-0.0547321
-0.0504555
-0.0461793
-0.0419034
-0.0376278
-0.0333525
-0.0290775
-0.0248027
-0.0205282
-0.0162538
-0.0119797
-0.00770577
-0.003432
0.000841619
0.00511509
0.00938843
0.0136617
0.0179348
0.0222078
0.0264807
0.0307535
0.0350263
0.039299
0.0435716
0.0478441
0.0521167
0.0563891
0.0606616
0.064934
0.0692064
0.0734787
0.0777511
0.0820234
0.0862957
0.090568
0.0948404
0.0991127
0.103385
0.107657
0.11193
0.116202
0.120475
0.124747
0.12902
0.133293
0.137565
0.141838
0.146111
0.150384
0.154658
0.158931
0.163204
0.167478
0.171752
0.176026
0.1803
0.184575
0.18885
0.193125
0.197401
0.201677
0.205953
0.210229
0.214507
0.218784
0.223062
0.227341
0.23162
0.2359
0.24018
0.244461
0.248743
0.253026
0.257309
0.261594
0.265879
0.270165
0.274452
0.27874
0.283029
0.287319
0.29161
0.295903
0.300196
0.304491
0.308787
0.313084
0.317383
0.321683
0.325985
0.330288
0.334592
0.338898
0.343205
0.347514
0.351825
0.356137
0.360451
0.364766
0.369083
0.373402
0.377722
0.382043
0.386367
0.390692
0.395018
0.399345
0.403674
0.408004
0.412335
0.416666
0.420998
0.425329
0.42966
0.43399
0.438319
0.442645
0.446969
0.45129
0.455606
0.459918
0.464225
0.468525
0.472818
0.477104
0.481381
0.485651
0.489913
0.494176
0.498459
-0.35893
-0.354641
-0.350372
-0.346107
-0.341835
-0.337557
-0.333272
-0.328979
-0.324681
-0.320376
-0.316066
-0.311752
-0.307434
-0.303113
-0.298789
-0.294463
-0.290136
-0.285807
-0.281479
-0.27715
-0.272821
-0.268493
-0.264166
-0.25984
-0.255515
-0.251191
-0.246869
-0.242548
-0.238228
-0.23391
-0.229594
-0.225279
-0.220965
-0.216653
-0.212343
-0.208034
-0.203726
-0.19942
-0.195115
-0.190812
-0.186509
-0.182209
-0.177909
-0.173611
-0.169313
-0.165017
-0.160723
-0.156429
-0.152136
-0.147845
-0.143554
-0.139265
-0.134976
-0.130688
-0.126401
-0.122116
-0.11783
-0.113546
-0.109262
-0.10498
-0.100697
-0.0964158
-0.0921349
-0.0878546
-0.0835748
-0.0792956
-0.0750169
-0.0707386
-0.0664608
-0.0621835
-0.0579065
-0.0536299
-0.0493537
-0.0450778
-0.0408022
-0.0365269
-0.0322519
-0.0279771
-0.0237025
-0.0194282
-0.0151541
-0.0108801
-0.00660635
-0.00233273
0.00194075
0.00621409
0.0104873
0.0147604
0.0190334
0.0233063
0.0275792
0.0318519
0.0361246
0.0403972
0.0446698
0.0489423
0.0532148
0.0574872
0.0617596
0.066032
0.0703043
0.0745767
0.078849
0.0831213
0.0873936
0.0916659
0.0959383
0.100211
0.104483
0.108755
0.113028
0.1173
0.121573
0.125846
0.130118
0.134391
0.138664
0.142937
0.14721
0.151483
0.155756
0.16003
0.164304
0.168578
0.172852
0.177126
0.181401
0.185676
0.189951
0.194226
0.198502
0.202779
0.207055
0.211332
0.21561
0.219888
0.224167
0.228446
0.232726
0.237006
0.241287
0.245569
0.249852
0.254135
0.25842
0.262705
0.266991
0.271278
0.275566
0.279855
0.284145
0.288436
0.292728
0.297022
0.301317
0.305613
0.30991
0.314209
0.318509
0.32281
0.327113
0.331417
0.335723
0.34003
0.344339
0.348649
0.352961
0.357274
0.361589
0.365906
0.370224
0.374544
0.378865
0.383188
0.387512
0.391838
0.396165
0.400494
0.404823
0.409153
0.413484
0.417815
0.422145
0.426476
0.430805
0.435133
0.439459
0.443782
0.448102
0.452418
0.45673
0.461037
0.465337
0.469631
0.473918
0.478197
0.48247
0.486736
0.491006
0.495296
-0.362113
-0.357819
-0.353544
-0.349275
-0.345
-0.34072
-0.336434
-0.332141
-0.327842
-0.323537
-0.319227
-0.314914
-0.310596
-0.306275
-0.301952
-0.297627
-0.2933
-0.288972
-0.284644
-0.280316
-0.275988
-0.271661
-0.267334
-0.263009
-0.258684
-0.254361
-0.250039
-0.245718
-0.241399
-0.237082
-0.232766
-0.228451
-0.224138
-0.219826
-0.215516
-0.211207
-0.206899
-0.202593
-0.198289
-0.193985
-0.189683
-0.185383
-0.181083
-0.176785
-0.172488
-0.168192
-0.163897
-0.159603
-0.155311
-0.151019
-0.146729
-0.142439
-0.138151
-0.133863
-0.129576
-0.12529
-0.121005
-0.116721
-0.112437
-0.108154
-0.103872
-0.0995904
-0.0953095
-0.0910291
-0.0867493
-0.0824701
-0.0781914
-0.0739131
-0.0696353
-0.0653579
-0.061081
-0.0568044
-0.0525281
-0.0482522
-0.0439766
-0.0397013
-0.0354263
-0.0311515
-0.0268769
-0.0226026
-0.0183284
-0.0140545
-0.00978069
-0.00550707
-0.00123359
0.00303975
0.00731298
0.0115861
0.0158591
0.020132
0.0244048
0.0286776
0.0329503
0.0372229
0.0414954
0.0457679
0.0500404
0.0543128
0.0585852
0.0628576
0.0671299
0.0714023
0.0756746
0.0799469
0.0842192
0.0884915
0.0927639
0.0970362
0.101309
0.105581
0.109853
0.114126
0.118398
0.122671
0.126944
0.131217
0.135489
0.139762
0.144035
0.148309
0.152582
0.156856
0.161129
0.165403
0.169677
0.173952
0.178226
0.182501
0.186777
0.191052
0.195328
0.199604
0.203881
0.208158
0.212436
0.216714
0.220993
0.225272
0.229552
0.233832
0.238113
0.242395
0.246678
0.250961
0.255245
0.259531
0.263817
0.268104
0.272392
0.276681
0.280971
0.285262
0.289554
0.293848
0.298142
0.302438
0.306735
0.311034
0.315334
0.319635
0.323938
0.328242
0.332547
0.336854
0.341163
0.345473
0.349785
0.354098
0.358413
0.362729
0.367047
0.371366
0.375687
0.380009
0.384333
0.388659
0.392985
0.397313
0.401642
0.405971
0.410301
0.414632
0.418962
0.423291
0.42762
0.431948
0.436273
0.440596
0.444915
0.449231
0.453542
0.457849
0.462149
0.466444
0.470732
0.475013
0.479289
0.483559
0.487835
0.49213
-0.365294
-0.360996
-0.356716
-0.352442
-0.348165
-0.343884
-0.339596
-0.335302
-0.331003
-0.326698
-0.322389
-0.318075
-0.313758
-0.309438
-0.305115
-0.300791
-0.296465
-0.292138
-0.28781
-0.283483
-0.279155
-0.274828
-0.270502
-0.266177
-0.261853
-0.25753
-0.253209
-0.248889
-0.24457
-0.240253
-0.235937
-0.231623
-0.22731
-0.222998
-0.218688
-0.21438
-0.210072
-0.205767
-0.201462
-0.197159
-0.192857
-0.188556
-0.184257
-0.179959
-0.175662
-0.171366
-0.167071
-0.162778
-0.158485
-0.154194
-0.149903
-0.145614
-0.141325
-0.137037
-0.132751
-0.128465
-0.12418
-0.119895
-0.115612
-0.111329
-0.107047
-0.102765
-0.098484
-0.0942037
-0.0899239
-0.0856446
-0.0813659
-0.0770876
-0.0728098
-0.0685324
-0.0642554
-0.0599788
-0.0557026
-0.0514266
-0.047151
-0.0428757
-0.0386006
-0.0343258
-0.0300513
-0.0257769
-0.0215028
-0.0172288
-0.012955
-0.00868141
-0.00440793
-0.000134583
0.00413864
0.00841175
0.0126848
0.0169577
0.0212305
0.0255032
0.0297759
0.0340485
0.0383211
0.0425936
0.046866
0.0511385
0.0554109
0.0596832
0.0639556
0.0682279
0.0725002
0.0767725
0.0810448
0.0853171
0.0895895
0.0938618
0.0981342
0.102407
0.106679
0.110952
0.115224
0.119497
0.123769
0.128042
0.132315
0.136588
0.140861
0.145134
0.149408
0.153681
0.157955
0.162229
0.166503
0.170777
0.175052
0.179327
0.183602
0.187878
0.192154
0.19643
0.200707
0.204984
0.209262
0.21354
0.217818
0.222098
0.226377
0.230658
0.234939
0.239221
0.243504
0.247787
0.252071
0.256356
0.260642
0.264929
0.269217
0.273506
0.277796
0.282087
0.28638
0.290673
0.294968
0.299264
0.303561
0.307859
0.312159
0.31646
0.320763
0.325067
0.329372
0.333679
0.337987
0.342297
0.346608
0.350921
0.355236
0.359552
0.363869
0.368188
0.372509
0.376831
0.381154
0.385479
0.389805
0.394132
0.39846
0.402789
0.407119
0.411449
0.415778
0.420107
0.424435
0.428762
0.433087
0.437409
0.441728
0.446044
0.450355
0.454661
0.458962
0.463257
0.467547
0.471829
0.476108
0.480383
0.484663
0.488962
-0.368473
-0.364172
-0.359888
-0.35561
-0.351331
-0.347047
-0.342759
-0.338464
-0.334164
-0.32986
-0.32555
-0.321237
-0.316921
-0.312601
-0.308279
-0.303955
-0.299629
-0.295303
-0.290976
-0.286649
-0.282322
-0.277996
-0.273671
-0.269346
-0.265022
-0.2607
-0.256379
-0.252059
-0.247741
-0.243424
-0.239109
-0.234795
-0.230482
-0.226171
-0.221861
-0.217553
-0.213246
-0.20894
-0.204636
-0.200332
-0.196031
-0.19173
-0.187431
-0.183133
-0.178836
-0.17454
-0.170246
-0.165952
-0.16166
-0.157368
-0.153078
-0.148788
-0.1445
-0.140212
-0.135925
-0.131639
-0.127354
-0.12307
-0.118786
-0.114503
-0.110221
-0.105939
-0.101659
-0.0973782
-0.0930984
-0.0888191
-0.0845404
-0.0802621
-0.0759842
-0.0717068
-0.0674299
-0.0631532
-0.058877
-0.054601
-0.0503254
-0.0460501
-0.041775
-0.0375002
-0.0332256
-0.0289513
-0.0246771
-0.0204032
-0.0161294
-0.0118557
-0.00758227
-0.00330892
0.000964302
0.00523741
0.00951041
0.0137833
0.0180561
0.0223289
0.0266016
0.0308742
0.0351467
0.0394192
0.0436917
0.0479641
0.0522365
0.0565088
0.0607812
0.0650535
0.0693258
0.0735981
0.0778704
0.0821427
0.0864151
0.0906874
0.0949598
0.0992322
0.103505
0.107777
0.11205
0.116322
0.120595
0.124868
0.129141
0.133414
0.137687
0.14196
0.146233
0.150507
0.154781
0.159055
0.163329
0.167603
0.171878
0.176153
0.180428
0.184703
0.188979
0.193256
0.197532
0.20181
0.206087
0.210365
0.214644
0.218923
0.223203
0.227484
0.231765
0.236047
0.240329
0.244613
0.248897
0.253182
0.257468
0.261755
0.266043
0.270332
0.274622
0.278913
0.283205
0.287499
0.291793
0.296089
0.300386
0.304684
0.308984
0.313285
0.317587
0.321891
0.326196
0.330503
0.334811
0.339121
0.343432
0.347745
0.352059
0.356374
0.360692
0.36501
0.369331
0.373652
0.377975
0.382299
0.386625
0.390952
0.395279
0.399608
0.403936
0.408266
0.412595
0.416923
0.421251
0.425577
0.429901
0.434223
0.438541
0.442856
0.447167
0.451474
0.455775
0.460071
0.464361
0.468646
0.472927
0.477205
0.48149
0.485793
-0.371651
-0.367347
-0.363059
-0.358778
-0.354496
-0.350211
-0.345921
-0.341626
-0.337326
-0.333021
-0.328712
-0.324399
-0.320083
-0.315764
-0.311442
-0.307119
-0.302794
-0.298468
-0.294142
-0.289816
-0.285489
-0.281164
-0.276839
-0.272515
-0.268192
-0.26387
-0.259549
-0.25523
-0.250912
-0.246595
-0.24228
-0.237966
-0.233654
-0.229343
-0.225034
-0.220725
-0.216419
-0.212113
-0.207809
-0.203506
-0.199204
-0.194904
-0.190605
-0.186307
-0.18201
-0.177714
-0.17342
-0.169126
-0.164834
-0.160543
-0.156252
-0.151963
-0.147674
-0.143386
-0.1391
-0.134814
-0.130529
-0.126244
-0.121961
-0.117678
-0.113396
-0.109114
-0.104833
-0.100553
-0.0962729
-0.0919936
-0.0877148
-0.0834365
-0.0791587
-0.0748813
-0.0706043
-0.0663276
-0.0620514
-0.0577754
-0.0534998
-0.0492245
-0.0449494
-0.0406746
-0.0364
-0.0321256
-0.0278515
-0.0235775
-0.0193037
-0.0150301
-0.0107566
-0.00648325
-0.00221003
0.00206308
0.00633608
0.010609
0.0148818
0.0191545
0.0234272
0.0276998
0.0319724
0.0362449
0.0405173
0.0447897
0.0490621
0.0533345
0.0576068
0.0618791
0.0661514
0.0704237
0.074696
0.0789683
0.0832406
0.087513
0.0917854
0.0960578
0.10033
0.104603
0.108875
0.113148
0.117421
0.121693
0.125966
0.130239
0.134512
0.138785
0.143059
0.147332
0.151606
0.15588
0.160154
0.164429
0.168703
0.172978
0.177254
0.181529
0.185805
0.190081
0.194358
0.198635
0.202913
0.207191
0.21147
0.215749
0.220029
0.22431
0.228591
0.232873
0.237155
0.241439
0.245723
0.250008
0.254294
0.258581
0.262869
0.267158
0.271448
0.275739
0.280031
0.284324
0.288619
0.292914
0.297211
0.30151
0.305809
0.31011
0.314412
0.318716
0.323021
0.327327
0.331635
0.335945
0.340256
0.344568
0.348882
0.353197
0.357514
0.361832
0.366152
0.370473
0.374796
0.37912
0.383445
0.387771
0.392098
0.396426
0.400754
0.405083
0.409411
0.413739
0.418066
0.422391
0.426715
0.431036
0.435355
0.439669
0.44398
0.448287
0.452588
0.456885
0.461176
0.465463
0.469746
0.474028
0.478317
0.482622
-0.374827
-0.370521
-0.36623
-0.361946
-0.357662
-0.353375
-0.349084
-0.344789
-0.340488
-0.336183
-0.331874
-0.327562
-0.323246
-0.318927
-0.314606
-0.310283
-0.305959
-0.301634
-0.297308
-0.292982
-0.288656
-0.284331
-0.280007
-0.275683
-0.271361
-0.267039
-0.262719
-0.2584
-0.254083
-0.249766
-0.245452
-0.241138
-0.236826
-0.232515
-0.228206
-0.223898
-0.219591
-0.215286
-0.210982
-0.206679
-0.202378
-0.198078
-0.193779
-0.189481
-0.185184
-0.180889
-0.176594
-0.172301
-0.168008
-0.163717
-0.159426
-0.155137
-0.150849
-0.146561
-0.142274
-0.137988
-0.133703
-0.129419
-0.125135
-0.120852
-0.11657
-0.112288
-0.108008
-0.103727
-0.0994473
-0.095168
-0.0908893
-0.086611
-0.0823331
-0.0780557
-0.0737787
-0.069502
-0.0652258
-0.0609498
-0.0566742
-0.0523988
-0.0481237
-0.0438489
-0.0395743
-0.0353
-0.0310258
-0.0267518
-0.0224781
-0.0182044
-0.0139309
-0.00965759
-0.00538437
-0.00111126
0.00316174
0.00743465
0.0117075
0.0159802
0.0202529
0.0245255
0.028798
0.0330705
0.037343
0.0416154
0.0458877
0.0501601
0.0544324
0.0587047
0.062977
0.0672493
0.0715216
0.0757939
0.0800662
0.0843386
0.0886109
0.0928833
0.0971558
0.101428
0.105701
0.109973
0.114246
0.118519
0.122792
0.127065
0.131338
0.135611
0.139884
0.144158
0.148432
0.152706
0.15698
0.161254
0.165529
0.169804
0.174079
0.178355
0.182631
0.186907
0.191184
0.195461
0.199739
0.204017
0.208296
0.212575
0.216855
0.221135
0.225416
0.229698
0.233981
0.238264
0.242549
0.246834
0.25112
0.255407
0.259694
0.263983
0.268273
0.272564
0.276856
0.28115
0.285444
0.28974
0.294037
0.298335
0.302634
0.306935
0.311237
0.31554
0.319845
0.324152
0.328459
0.332769
0.337079
0.341391
0.345705
0.35002
0.354336
0.358654
0.362974
0.367295
0.371617
0.37594
0.380265
0.38459
0.388917
0.393244
0.397572
0.4019
0.406228
0.410555
0.414881
0.419206
0.423529
0.42785
0.432168
0.436482
0.440793
0.4451
0.449402
0.453699
0.457991
0.462279
0.466565
0.47085
0.475142
0.479449
-0.378002
-0.373695
-0.369401
-0.365114
-0.360827
-0.356539
-0.352247
-0.347951
-0.34365
-0.339345
-0.335036
-0.330724
-0.326408
-0.32209
-0.31777
-0.313447
-0.309123
-0.304799
-0.300474
-0.296149
-0.291824
-0.287499
-0.283175
-0.278852
-0.27453
-0.270209
-0.265889
-0.261571
-0.257253
-0.252937
-0.248623
-0.24431
-0.239998
-0.235688
-0.231379
-0.227071
-0.222764
-0.218459
-0.214155
-0.209853
-0.205551
-0.201251
-0.196952
-0.192655
-0.188358
-0.184063
-0.179768
-0.175475
-0.171182
-0.166891
-0.162601
-0.158311
-0.154023
-0.149735
-0.145449
-0.141163
-0.136878
-0.132593
-0.12831
-0.124027
-0.119745
-0.115463
-0.111182
-0.106902
-0.102622
-0.0983425
-0.0940637
-0.0897854
-0.0855075
-0.0812301
-0.0769531
-0.0726764
-0.0684001
-0.0641242
-0.0598485
-0.0555732
-0.0512981
-0.0470233
-0.0427487
-0.0384743
-0.0342002
-0.0299262
-0.0256524
-0.0213788
-0.0171053
-0.0128319
-0.0085587
-0.00428559
-1.25916e-05
0.00426031
0.00853313
0.0128059
0.0170785
0.0213511
0.0256237
0.0298961
0.0341686
0.038441
0.0427134
0.0469857
0.051258
0.0555303
0.0598026
0.0640749
0.0683472
0.0726195
0.0768918
0.0811642
0.0854365
0.0897089
0.0939813
0.0982538
0.102526
0.106799
0.111072
0.115344
0.119617
0.12389
0.128163
0.132437
0.13671
0.140984
0.145257
0.149531
0.153806
0.15808
0.162355
0.16663
0.170905
0.17518
0.179456
0.183733
0.18801
0.192287
0.196564
0.200843
0.205121
0.209401
0.213681
0.217961
0.222242
0.226524
0.230807
0.23509
0.239374
0.243659
0.247945
0.252232
0.25652
0.260809
0.265099
0.26939
0.273682
0.277975
0.282269
0.286565
0.290862
0.29516
0.299459
0.30376
0.308062
0.312365
0.31667
0.320976
0.325283
0.329592
0.333903
0.338214
0.342528
0.346843
0.351159
0.355476
0.359795
0.364116
0.368438
0.372761
0.377085
0.38141
0.385736
0.390063
0.39439
0.398717
0.403044
0.407371
0.411697
0.416021
0.420344
0.424664
0.428982
0.433296
0.437606
0.441913
0.446215
0.450513
0.454807
0.459096
0.463384
0.467672
0.471967
0.476275
-0.381176
-0.376868
-0.372571
-0.368282
-0.363993
-0.359703
-0.35541
-0.351114
-0.346812
-0.342507
-0.338199
-0.333886
-0.329571
-0.325253
-0.320933
-0.316611
-0.312288
-0.307964
-0.30364
-0.299315
-0.294991
-0.290667
-0.286343
-0.282021
-0.277699
-0.273378
-0.269059
-0.264741
-0.260424
-0.256109
-0.251794
-0.247481
-0.24317
-0.23886
-0.234551
-0.230243
-0.225937
-0.221632
-0.217329
-0.213026
-0.208725
-0.204425
-0.200126
-0.195829
-0.191532
-0.187237
-0.182942
-0.178649
-0.174357
-0.170065
-0.165775
-0.161486
-0.157197
-0.15291
-0.148623
-0.144337
-0.140052
-0.135768
-0.131484
-0.127201
-0.122919
-0.118637
-0.114356
-0.110076
-0.105796
-0.101517
-0.0972381
-0.0929598
-0.088682
-0.0844045
-0.0801275
-0.0758508
-0.0715745
-0.0672986
-0.0630229
-0.0587475
-0.0544725
-0.0501976
-0.045923
-0.0416487
-0.0373745
-0.0331005
-0.0288267
-0.0245531
-0.0202796
-0.0160062
-0.011733
-0.00745992
-0.00318692
0.00108598
0.00535879
0.00963152
0.0139042
0.0181768
0.0224493
0.0267218
0.0309942
0.0352666
0.039539
0.0438113
0.0480836
0.0523559
0.0566282
0.0609005
0.0651728
0.0694451
0.0737174
0.0779897
0.0822621
0.0865345
0.0908069
0.0950794
0.0993519
0.103625
0.107897
0.11217
0.116443
0.120716
0.124989
0.129262
0.133536
0.137809
0.142083
0.146357
0.150631
0.154906
0.15918
0.163455
0.167731
0.172006
0.176282
0.180558
0.184835
0.189112
0.19339
0.197668
0.201947
0.206226
0.210506
0.214787
0.219068
0.22335
0.227632
0.231916
0.2362
0.240485
0.244771
0.249058
0.253346
0.257635
0.261924
0.266215
0.270507
0.2748
0.279095
0.28339
0.287687
0.291985
0.296284
0.300584
0.304886
0.309189
0.313494
0.3178
0.322107
0.326416
0.330726
0.335038
0.339351
0.343665
0.347981
0.352298
0.356617
0.360937
0.365258
0.369581
0.373905
0.378229
0.382555
0.386881
0.391208
0.395534
0.399861
0.404187
0.408512
0.412836
0.417158
0.421478
0.425795
0.430109
0.43442
0.438726
0.443029
0.447328
0.451622
0.455913
0.460203
0.464494
0.468791
0.473101
-0.384349
-0.380041
-0.375742
-0.371449
-0.367159
-0.362868
-0.358574
-0.354276
-0.349974
-0.34567
-0.341361
-0.337049
-0.332734
-0.328417
-0.324097
-0.319776
-0.315453
-0.31113
-0.306806
-0.302482
-0.298158
-0.293834
-0.289511
-0.285189
-0.280868
-0.276548
-0.272229
-0.267911
-0.263595
-0.25928
-0.254966
-0.250653
-0.246342
-0.242032
-0.237723
-0.233416
-0.22911
-0.224805
-0.220502
-0.216199
-0.211898
-0.207599
-0.2033
-0.199002
-0.194706
-0.190411
-0.186116
-0.181823
-0.177531
-0.17324
-0.168949
-0.16466
-0.160372
-0.156084
-0.151797
-0.147512
-0.143226
-0.138942
-0.134659
-0.130376
-0.126093
-0.121812
-0.117531
-0.11325
-0.108971
-0.104691
-0.100413
-0.0961342
-0.0918564
-0.0875789
-0.0833019
-0.0790252
-0.0747489
-0.0704729
-0.0661973
-0.0619219
-0.0576468
-0.053372
-0.0490974
-0.044823
-0.0405488
-0.0362748
-0.032001
-0.0277274
-0.0234539
-0.0191806
-0.0149074
-0.0106343
-0.00636126
-0.00208836
0.00218445
0.00645718
0.0107298
0.0150024
0.019275
0.0235474
0.0278199
0.0320923
0.0363646
0.0406369
0.0449093
0.0491816
0.0534538
0.0577261
0.0619984
0.0662707
0.070543
0.0748153
0.0790877
0.0833601
0.0876325
0.091905
0.0961775
0.10045
0.104723
0.108996
0.113268
0.117541
0.121815
0.126088
0.130361
0.134635
0.138909
0.143183
0.147457
0.151731
0.156006
0.160281
0.164556
0.168832
0.173108
0.177384
0.181661
0.185938
0.190216
0.194494
0.198773
0.203052
0.207332
0.211612
0.215894
0.220176
0.224458
0.228742
0.233026
0.237311
0.241597
0.245884
0.250171
0.25446
0.25875
0.263041
0.267333
0.271626
0.27592
0.280215
0.284512
0.28881
0.293109
0.297409
0.301711
0.306014
0.310318
0.314624
0.318931
0.32324
0.327549
0.331861
0.336174
0.340488
0.344803
0.34912
0.353439
0.357758
0.362079
0.366401
0.370725
0.375049
0.379374
0.383699
0.388025
0.392352
0.396678
0.401003
0.405328
0.409651
0.413973
0.418292
0.422609
0.426923
0.431233
0.43554
0.439843
0.444142
0.448438
0.45273
0.457022
0.461315
0.465615
0.469925
-0.387522
-0.383213
-0.378912
-0.374617
-0.370325
-0.366032
-0.361737
-0.357439
-0.353137
-0.348832
-0.344524
-0.340212
-0.335897
-0.33158
-0.327261
-0.32294
-0.318618
-0.314295
-0.309972
-0.305649
-0.301325
-0.297002
-0.29268
-0.288358
-0.284037
-0.279718
-0.275399
-0.271082
-0.266765
-0.262451
-0.258137
-0.253825
-0.249514
-0.245204
-0.240896
-0.236589
-0.232283
-0.227978
-0.223675
-0.219373
-0.215072
-0.210772
-0.206473
-0.202176
-0.19788
-0.193584
-0.18929
-0.184997
-0.180705
-0.176414
-0.172124
-0.167834
-0.163546
-0.159258
-0.154972
-0.150686
-0.146401
-0.142117
-0.137833
-0.13355
-0.129268
-0.124986
-0.120705
-0.116425
-0.112145
-0.107866
-0.103587
-0.0993086
-0.0950307
-0.0907533
-0.0864762
-0.0821996
-0.0779233
-0.0736473
-0.0693716
-0.0650962
-0.0608211
-0.0565463
-0.0522717
-0.0479973
-0.0437232
-0.0394492
-0.0351754
-0.0309017
-0.0266282
-0.0223549
-0.0180817
-0.0138086
-0.00953559
-0.00526269
-0.000989886
0.00328284
0.00755549
0.0118281
0.0161006
0.0203731
0.0246455
0.0289179
0.0331902
0.0374626
0.0417349
0.0460072
0.0502794
0.0545517
0.058824
0.0630963
0.0673686
0.0716409
0.0759132
0.0801856
0.084458
0.0887305
0.0930031
0.0972757
0.101548
0.105821
0.110094
0.114367
0.11864
0.122913
0.127187
0.13146
0.135734
0.140008
0.144282
0.148557
0.152831
0.157106
0.161382
0.165657
0.169933
0.17421
0.178487
0.182764
0.187041
0.19132
0.195598
0.199878
0.204158
0.208438
0.212719
0.217001
0.221284
0.225567
0.229851
0.234136
0.238422
0.242709
0.246997
0.251286
0.255575
0.259866
0.264158
0.268451
0.272745
0.27704
0.281337
0.285635
0.289934
0.294234
0.298535
0.302838
0.307142
0.311448
0.315755
0.320063
0.324373
0.328684
0.332996
0.33731
0.341626
0.345942
0.35026
0.354579
0.3589
0.363222
0.367544
0.371868
0.376193
0.380518
0.384843
0.389169
0.393494
0.397819
0.402144
0.406466
0.410788
0.415107
0.419423
0.423737
0.428047
0.432354
0.436657
0.440957
0.445253
0.449547
0.45384
0.458136
0.462438
0.466748
-0.390694
-0.386384
-0.382081
-0.377785
-0.373491
-0.369197
-0.364901
-0.360602
-0.3563
-0.351995
-0.347686
-0.343375
-0.339061
-0.334744
-0.330425
-0.326105
-0.321783
-0.317461
-0.313138
-0.308815
-0.304492
-0.30017
-0.295848
-0.291527
-0.287206
-0.282887
-0.278569
-0.274252
-0.269936
-0.265621
-0.261308
-0.256996
-0.252685
-0.248376
-0.244068
-0.239761
-0.235455
-0.231151
-0.226848
-0.222546
-0.218245
-0.213946
-0.209647
-0.20535
-0.201053
-0.196758
-0.192464
-0.188171
-0.183879
-0.179588
-0.175298
-0.171009
-0.16672
-0.162433
-0.158146
-0.15386
-0.149575
-0.145291
-0.141007
-0.136724
-0.132442
-0.128161
-0.12388
-0.119599
-0.115319
-0.11104
-0.106761
-0.102483
-0.0982051
-0.0939277
-0.0896506
-0.0853739
-0.0810976
-0.0768216
-0.0725459
-0.0682706
-0.0639955
-0.0597206
-0.055446
-0.0511716
-0.0468975
-0.0426235
-0.0383497
-0.0340761
-0.0298026
-0.0255292
-0.021256
-0.0169829
-0.0127099
-0.00843702
-0.00416422
0.000108499
0.00438114
0.00865372
0.0129262
0.0171987
0.0214711
0.0257435
0.0300159
0.0342882
0.0385605
0.0428328
0.047105
0.0513773
0.0556496
0.0599219
0.0641942
0.0684665
0.0727388
0.0770112
0.0812836
0.0855561
0.0898286
0.0941012
0.0983739
0.102647
0.10692
0.111193
0.115466
0.119739
0.124012
0.128286
0.13256
0.136834
0.141108
0.145382
0.149657
0.153932
0.158207
0.162483
0.166759
0.171035
0.175312
0.179589
0.183867
0.188145
0.192424
0.196703
0.200983
0.205264
0.209545
0.213827
0.218109
0.222393
0.226677
0.230962
0.235248
0.239535
0.243822
0.248111
0.252401
0.256692
0.260983
0.265276
0.26957
0.273865
0.278162
0.282459
0.286758
0.291058
0.29536
0.299663
0.303967
0.308272
0.312579
0.316887
0.321196
0.325507
0.329819
0.334133
0.338448
0.342764
0.347082
0.351401
0.355721
0.360042
0.364364
0.368688
0.373012
0.377336
0.381661
0.385986
0.390311
0.394636
0.398959
0.403282
0.407602
0.411921
0.416237
0.42055
0.424861
0.429168
0.433471
0.437772
0.442069
0.446364
0.450659
0.454957
0.45926
0.463571
-0.393866
-0.389554
-0.38525
-0.380952
-0.376657
-0.372362
-0.368065
-0.363765
-0.359463
-0.355158
-0.350849
-0.346538
-0.342224
-0.337908
-0.333589
-0.32927
-0.324949
-0.320627
-0.316304
-0.311982
-0.30766
-0.303338
-0.299016
-0.294695
-0.290375
-0.286057
-0.281739
-0.277422
-0.273107
-0.268792
-0.264479
-0.260168
-0.255857
-0.251548
-0.24724
-0.242933
-0.238628
-0.234324
-0.230021
-0.225719
-0.221418
-0.217119
-0.212821
-0.208523
-0.204227
-0.199932
-0.195638
-0.191345
-0.187053
-0.182762
-0.178472
-0.174183
-0.169894
-0.165607
-0.16132
-0.157035
-0.152749
-0.148465
-0.144182
-0.139899
-0.135617
-0.131335
-0.127054
-0.122774
-0.118494
-0.114214
-0.109936
-0.105657
-0.101379
-0.097102
-0.0928249
-0.0885483
-0.0842719
-0.079996
-0.0757203
-0.0714449
-0.0671698
-0.062895
-0.0586203
-0.054346
-0.0500718
-0.0457978
-0.041524
-0.0372504
-0.0329769
-0.0287035
-0.0244303
-0.0201572
-0.0158842
-0.0116114
-0.00733855
-0.00306584
0.0012068
0.00547938
0.00975189
0.0140244
0.0182968
0.0225691
0.0268415
0.0311138
0.0353861
0.0396584
0.0439306
0.0482029
0.0524752
0.0567474
0.0610197
0.065292
0.0695644
0.0738368
0.0781092
0.0823816
0.0866542
0.0909268
0.0951995
0.0994722
0.103745
0.108018
0.112291
0.116564
0.120838
0.125111
0.129385
0.133659
0.137933
0.142208
0.146483
0.150758
0.155033
0.159309
0.163585
0.167861
0.172138
0.176415
0.180693
0.184971
0.18925
0.193529
0.197809
0.202089
0.206371
0.210652
0.214935
0.219218
0.223503
0.227788
0.232073
0.23636
0.240648
0.244937
0.249226
0.253517
0.257809
0.262101
0.266395
0.270691
0.274987
0.279284
0.283583
0.287883
0.292184
0.296487
0.300791
0.305096
0.309402
0.31371
0.318019
0.32233
0.326642
0.330955
0.33527
0.339586
0.343903
0.348222
0.352541
0.356862
0.361184
0.365507
0.369831
0.374155
0.378479
0.382804
0.387128
0.391452
0.395775
0.400097
0.404417
0.408736
0.413051
0.417364
0.421675
0.425982
0.430286
0.434586
0.438885
0.443181
0.447478
0.451777
0.456082
0.460394
-0.397037
-0.392725
-0.38842
-0.384119
-0.379823
-0.375526
-0.371229
-0.366929
-0.362626
-0.35832
-0.354012
-0.349701
-0.345387
-0.341071
-0.336754
-0.332434
-0.328114
-0.323793
-0.319471
-0.315149
-0.310827
-0.306505
-0.302184
-0.297864
-0.293545
-0.289226
-0.284909
-0.280592
-0.276277
-0.271963
-0.267651
-0.263339
-0.259029
-0.25472
-0.250412
-0.246106
-0.241801
-0.237497
-0.233194
-0.228892
-0.224592
-0.220292
-0.215994
-0.211697
-0.207401
-0.203106
-0.198812
-0.194519
-0.190227
-0.185936
-0.181646
-0.177357
-0.173069
-0.168781
-0.164495
-0.160209
-0.155924
-0.15164
-0.147356
-0.143073
-0.138791
-0.134509
-0.130228
-0.125948
-0.121668
-0.117389
-0.11311
-0.108832
-0.104554
-0.100276
-0.0959993
-0.0917226
-0.0874463
-0.0831703
-0.0788946
-0.0746192
-0.0703441
-0.0660693
-0.0617947
-0.0575203
-0.0532461
-0.0489721
-0.0446983
-0.0404247
-0.0361512
-0.0318779
-0.0276046
-0.0233315
-0.0190586
-0.0147857
-0.0105129
-0.00624018
-0.00196754
0.00230503
0.00657754
0.01085
0.0151224
0.0193948
0.0236671
0.0279394
0.0322117
0.036484
0.0407562
0.0450285
0.0493008
0.053573
0.0578453
0.0621176
0.06639
0.0706623
0.0749347
0.0792072
0.0834797
0.0877523
0.092025
0.0962978
0.100571
0.104844
0.109117
0.11339
0.117663
0.121937
0.126211
0.130485
0.134759
0.139033
0.143308
0.147583
0.151859
0.156134
0.16041
0.164687
0.168963
0.173241
0.177518
0.181797
0.186075
0.190355
0.194635
0.198915
0.203196
0.207478
0.211761
0.216044
0.220328
0.224613
0.228899
0.233186
0.237473
0.241762
0.246052
0.250342
0.254634
0.258927
0.263221
0.267516
0.271812
0.276109
0.280408
0.284708
0.289009
0.293311
0.297615
0.30192
0.306226
0.310534
0.314843
0.319153
0.323465
0.327778
0.332092
0.336408
0.340725
0.345043
0.349362
0.353683
0.358004
0.362326
0.36665
0.370973
0.375297
0.379621
0.383945
0.388269
0.392591
0.396913
0.401232
0.40555
0.409866
0.414179
0.418489
0.422796
0.4271
0.431402
0.435701
0.439998
0.444296
0.448598
0.452903
0.457217
-0.400208
-0.395894
-0.391588
-0.387286
-0.382989
-0.378691
-0.374393
-0.370092
-0.365789
-0.361484
-0.357175
-0.352864
-0.348551
-0.344235
-0.339918
-0.335599
-0.331279
-0.326958
-0.322637
-0.318316
-0.313994
-0.309673
-0.305353
-0.301033
-0.296714
-0.292396
-0.288078
-0.283763
-0.279448
-0.275134
-0.270822
-0.266511
-0.262201
-0.257892
-0.253584
-0.249278
-0.244973
-0.240669
-0.236367
-0.232065
-0.227765
-0.223466
-0.219168
-0.214871
-0.210575
-0.20628
-0.201986
-0.197693
-0.193401
-0.18911
-0.18482
-0.180531
-0.176243
-0.171955
-0.167669
-0.163383
-0.159098
-0.154814
-0.15053
-0.146247
-0.141965
-0.137684
-0.133403
-0.129122
-0.124843
-0.120563
-0.116284
-0.112006
-0.107728
-0.103451
-0.0991736
-0.0948969
-0.0906206
-0.0863446
-0.0820689
-0.0777935
-0.0735184
-0.0692436
-0.064969
-0.0606946
-0.0564204
-0.0521464
-0.0478726
-0.043599
-0.0393255
-0.0350522
-0.030779
-0.0265059
-0.0222329
-0.01796
-0.0136872
-0.00941451
-0.00514188
-0.000869315
0.00340319
0.00767564
0.011948
0.0162204
0.0204927
0.024765
0.0290373
0.0333096
0.0375818
0.0418541
0.0461263
0.0503986
0.0546709
0.0589432
0.0632155
0.0674879
0.0717603
0.0760328
0.0803053
0.0845779
0.0888506
0.0931233
0.0973962
0.101669
0.105942
0.110216
0.114489
0.118763
0.123036
0.12731
0.131585
0.135859
0.140134
0.144409
0.148684
0.15296
0.157236
0.161512
0.165789
0.170066
0.174344
0.178622
0.182901
0.18718
0.19146
0.195741
0.200022
0.204304
0.208586
0.21287
0.217154
0.221439
0.225724
0.230011
0.234299
0.238587
0.242877
0.247167
0.251459
0.255752
0.260046
0.26434
0.268637
0.272934
0.277232
0.281532
0.285833
0.290135
0.294439
0.298744
0.30305
0.307357
0.311666
0.315976
0.320287
0.3246
0.328914
0.33323
0.337546
0.341864
0.346183
0.350503
0.354824
0.359146
0.363468
0.367792
0.372115
0.376439
0.380762
0.385085
0.389407
0.393728
0.398047
0.402365
0.40668
0.410993
0.415303
0.41961
0.423915
0.428217
0.432517
0.436815
0.441114
0.445418
0.449724
0.454039
-0.403378
-0.399063
-0.394757
-0.390454
-0.386154
-0.381856
-0.377557
-0.373256
-0.368952
-0.364647
-0.360338
-0.356028
-0.351715
-0.347399
-0.343082
-0.338764
-0.334445
-0.330124
-0.325803
-0.321482
-0.317161
-0.312841
-0.308521
-0.304201
-0.299883
-0.295565
-0.291248
-0.286933
-0.282618
-0.278305
-0.273993
-0.269682
-0.265372
-0.261064
-0.256757
-0.252451
-0.248146
-0.243842
-0.23954
-0.235238
-0.230938
-0.226639
-0.222341
-0.218044
-0.213748
-0.209453
-0.20516
-0.200867
-0.196575
-0.192284
-0.187994
-0.183705
-0.179417
-0.17513
-0.170843
-0.166557
-0.162272
-0.157988
-0.153705
-0.149422
-0.14514
-0.140858
-0.136577
-0.132297
-0.128017
-0.123738
-0.119459
-0.11518
-0.110902
-0.106625
-0.102348
-0.0980713
-0.0937949
-0.0895189
-0.0852432
-0.0809679
-0.0766927
-0.0724179
-0.0681433
-0.0638689
-0.0595947
-0.0553207
-0.0510469
-0.0467733
-0.0424998
-0.0382265
-0.0339533
-0.0296802
-0.0254072
-0.0211343
-0.0168615
-0.0125888
-0.00831622
-0.00404366
0.000228837
0.00450128
0.00877368
0.013046
0.0173184
0.0215907
0.0258629
0.0301352
0.0344074
0.0386797
0.0429519
0.0472242
0.0514965
0.0557688
0.0600411
0.0643134
0.0685858
0.0728583
0.0771308
0.0814034
0.0856761
0.0899489
0.0942218
0.0984947
0.102768
0.107041
0.111315
0.115588
0.119862
0.124136
0.12841
0.132685
0.136959
0.141234
0.14551
0.149785
0.154061
0.158338
0.162615
0.166892
0.17117
0.175448
0.179727
0.184006
0.188286
0.192566
0.196847
0.201129
0.205412
0.209695
0.213979
0.218264
0.22255
0.226837
0.231124
0.235413
0.239702
0.243993
0.248284
0.252577
0.256871
0.261165
0.265461
0.269759
0.274057
0.278357
0.282657
0.286959
0.291263
0.295567
0.299873
0.304181
0.308489
0.312799
0.31711
0.321423
0.325736
0.330051
0.334368
0.338685
0.343004
0.347323
0.351644
0.355965
0.360287
0.36461
0.368933
0.373256
0.377579
0.381902
0.386223
0.390544
0.394863
0.39918
0.403495
0.407807
0.412117
0.416425
0.420729
0.425032
0.429333
0.433632
0.437932
0.442238
0.446544
0.45086
-0.406548
-0.402233
-0.397926
-0.39362
-0.38932
-0.385021
-0.380721
-0.376419
-0.372116
-0.36781
-0.363502
-0.359191
-0.354878
-0.350564
-0.346247
-0.341929
-0.33761
-0.33329
-0.32897
-0.324649
-0.320329
-0.316009
-0.311689
-0.30737
-0.303052
-0.298734
-0.294418
-0.290103
-0.285789
-0.281476
-0.277164
-0.272853
-0.268544
-0.264236
-0.259929
-0.255623
-0.251318
-0.247015
-0.242712
-0.238411
-0.234111
-0.229812
-0.225514
-0.221218
-0.216922
-0.212627
-0.208333
-0.204041
-0.199749
-0.195458
-0.191168
-0.186879
-0.182591
-0.178304
-0.174017
-0.169732
-0.165447
-0.161162
-0.156879
-0.152596
-0.148314
-0.144032
-0.139751
-0.135471
-0.131191
-0.126912
-0.122633
-0.118355
-0.114077
-0.109799
-0.105522
-0.101246
-0.0969692
-0.0926932
-0.0884175
-0.0841422
-0.079867
-0.0755922
-0.0713176
-0.0670432
-0.062769
-0.058495
-0.0542212
-0.0499476
-0.0456741
-0.0414008
-0.0371276
-0.0328545
-0.0285815
-0.0243087
-0.0200359
-0.0157632
-0.0114906
-0.007218
-0.00294551
0.00132693
0.00559932
0.00987167
0.014144
0.0184163
0.0226885
0.0269608
0.031233
0.0355053
0.0397775
0.0440498
0.048322
0.0525943
0.0568666
0.061139
0.0654114
0.0696839
0.0739564
0.078229
0.0825016
0.0867744
0.0910473
0.0953203
0.0995934
0.103867
0.10814
0.112414
0.116687
0.120961
0.125236
0.12951
0.133785
0.13806
0.142335
0.146611
0.150887
0.155163
0.15944
0.163717
0.167995
0.172273
0.176552
0.180831
0.185111
0.189392
0.193673
0.197955
0.202237
0.206521
0.210805
0.21509
0.219375
0.223662
0.227949
0.232238
0.236527
0.240818
0.245109
0.249402
0.253696
0.25799
0.262286
0.266583
0.270882
0.275181
0.279482
0.283784
0.288087
0.292391
0.296697
0.301004
0.305312
0.309622
0.313933
0.318245
0.322558
0.326873
0.331189
0.335506
0.339824
0.344144
0.348464
0.352785
0.357107
0.361429
0.365751
0.370074
0.374396
0.378718
0.383039
0.387359
0.391678
0.395995
0.400309
0.404622
0.408932
0.413239
0.417544
0.421847
0.426149
0.43045
0.43475
0.439057
0.443364
0.447681
-0.409718
-0.405401
-0.401094
-0.396787
-0.392486
-0.388186
-0.383885
-0.379583
-0.375279
-0.370973
-0.366665
-0.362355
-0.358042
-0.353728
-0.349412
-0.345094
-0.340775
-0.336456
-0.332136
-0.327816
-0.323496
-0.319176
-0.314857
-0.310539
-0.306221
-0.301904
-0.297588
-0.293273
-0.288959
-0.284647
-0.280335
-0.276025
-0.271716
-0.267408
-0.263101
-0.258795
-0.254491
-0.250187
-0.245885
-0.241584
-0.237284
-0.232985
-0.228688
-0.224391
-0.220095
-0.215801
-0.211507
-0.207214
-0.202923
-0.198632
-0.194342
-0.190053
-0.185765
-0.181478
-0.177191
-0.172906
-0.168621
-0.164337
-0.160053
-0.15577
-0.151488
-0.147207
-0.142926
-0.138645
-0.134365
-0.130086
-0.125807
-0.121529
-0.117251
-0.112974
-0.108697
-0.10442
-0.100144
-0.0958675
-0.0915918
-0.0873165
-0.0830413
-0.0787665
-0.0744919
-0.0702175
-0.0659433
-0.0616693
-0.0573955
-0.0531219
-0.0488484
-0.0445751
-0.0403019
-0.0360288
-0.0317558
-0.027483
-0.0232102
-0.0189375
-0.0146649
-0.0103923
-0.00611986
-0.00184743
0.00242495
0.0066973
0.0109696
0.0152419
0.0195142
0.0237864
0.0280586
0.0323309
0.0366031
0.0408753
0.0451476
0.0494199
0.0536922
0.0579646
0.062237
0.0665094
0.0707819
0.0750545
0.0793272
0.0835999
0.0878728
0.0921458
0.0964189
0.100692
0.104966
0.109239
0.113513
0.117787
0.122061
0.126336
0.13061
0.134885
0.139161
0.143436
0.147713
0.151989
0.156266
0.160543
0.164821
0.169099
0.173378
0.177657
0.181937
0.186217
0.190498
0.19478
0.199063
0.203346
0.20763
0.211915
0.216201
0.220487
0.224775
0.229063
0.233353
0.237643
0.241934
0.246227
0.250521
0.254815
0.259111
0.263408
0.267706
0.272005
0.276306
0.280608
0.284911
0.289215
0.29352
0.297827
0.302135
0.306445
0.310755
0.315067
0.31938
0.323695
0.32801
0.332327
0.336645
0.340964
0.345284
0.349604
0.353926
0.358247
0.362569
0.366891
0.371213
0.375535
0.379856
0.384175
0.388493
0.39281
0.397124
0.401436
0.405746
0.410054
0.414359
0.418663
0.422965
0.427267
0.431568
0.435877
0.440184
0.444501
-0.412887
-0.40857
-0.404261
-0.399954
-0.395652
-0.391351
-0.387049
-0.382747
-0.378443
-0.374137
-0.369829
-0.365519
-0.361206
-0.356892
-0.352576
-0.348259
-0.343941
-0.339622
-0.335303
-0.330983
-0.326664
-0.322344
-0.318025
-0.313707
-0.30939
-0.305073
-0.300758
-0.296443
-0.29213
-0.287817
-0.283506
-0.279196
-0.274887
-0.270579
-0.266273
-0.261967
-0.257663
-0.25336
-0.249058
-0.244757
-0.240457
-0.236159
-0.231861
-0.227564
-0.223269
-0.218974
-0.214681
-0.210388
-0.206097
-0.201806
-0.197516
-0.193227
-0.188939
-0.184652
-0.180366
-0.17608
-0.171795
-0.167511
-0.163227
-0.158945
-0.154662
-0.150381
-0.1461
-0.14182
-0.13754
-0.13326
-0.128982
-0.124703
-0.120425
-0.116148
-0.111871
-0.107594
-0.103318
-0.0990418
-0.0947661
-0.0904907
-0.0862156
-0.0819408
-0.0776662
-0.0733918
-0.0691176
-0.0648436
-0.0605698
-0.0562962
-0.0520227
-0.0477494
-0.0434762
-0.0392031
-0.0349302
-0.0306573
-0.0263845
-0.0221118
-0.0178392
-0.0135667
-0.00929421
-0.00502179
-0.000749408
0.00352293
0.00779523
0.0120675
0.0163398
0.020612
0.0248842
0.0291565
0.0334287
0.0377009
0.0419732
0.0462455
0.0505178
0.0547901
0.0590625
0.0633349
0.0676075
0.07188
0.0761527
0.0804255
0.0846983
0.0889713
0.0932445
0.0975177
0.101791
0.106065
0.110339
0.114613
0.118887
0.123161
0.127436
0.131711
0.135986
0.140262
0.144538
0.148814
0.153091
0.157369
0.161646
0.165924
0.170203
0.174483
0.178762
0.183043
0.187324
0.191606
0.195888
0.200172
0.204456
0.20874
0.213026
0.217313
0.2216
0.225889
0.230178
0.234468
0.23876
0.243052
0.247345
0.25164
0.255936
0.260233
0.264531
0.26883
0.27313
0.277432
0.281735
0.286039
0.290344
0.294651
0.298958
0.303268
0.307578
0.31189
0.316202
0.320517
0.324832
0.329148
0.333466
0.337784
0.342104
0.346424
0.350745
0.355066
0.359387
0.363709
0.368031
0.372352
0.376672
0.380991
0.385309
0.389625
0.393939
0.398251
0.402561
0.406869
0.411174
0.415478
0.419781
0.424084
0.428386
0.432695
0.437004
0.441322
-0.416056
-0.411738
-0.407429
-0.403121
-0.398818
-0.394516
-0.390214
-0.385911
-0.381607
-0.377301
-0.372993
-0.368682
-0.36437
-0.360056
-0.355741
-0.351424
-0.347106
-0.342788
-0.338469
-0.33415
-0.329831
-0.325512
-0.321194
-0.316876
-0.312559
-0.308243
-0.303928
-0.299613
-0.2953
-0.290988
-0.286677
-0.282367
-0.278059
-0.273751
-0.269445
-0.26514
-0.260836
-0.256533
-0.252231
-0.24793
-0.24363
-0.239332
-0.235034
-0.230738
-0.226442
-0.222148
-0.217855
-0.213562
-0.20927
-0.20498
-0.20069
-0.196401
-0.192113
-0.187826
-0.18354
-0.179254
-0.174969
-0.170685
-0.166402
-0.162119
-0.157837
-0.153555
-0.149274
-0.144994
-0.140714
-0.136435
-0.132156
-0.127878
-0.1236
-0.119322
-0.115045
-0.110768
-0.106492
-0.102216
-0.0979404
-0.093665
-0.0893899
-0.0851151
-0.0808404
-0.0765661
-0.0722919
-0.0680179
-0.0637441
-0.0594705
-0.055197
-0.0509237
-0.0466505
-0.0423774
-0.0381045
-0.0338316
-0.0295588
-0.0252862
-0.0210136
-0.016741
-0.0124686
-0.00819614
-0.00392377
0.000348561
0.00462086
0.00889312
0.0131654
0.0174376
0.0217098
0.025982
0.0302543
0.0345265
0.0387987
0.043071
0.0473433
0.0516157
0.055888
0.0601605
0.064433
0.0687056
0.0729782
0.077251
0.0815239
0.0857969
0.09007
0.0943432
0.0986167
0.10289
0.107164
0.111438
0.115712
0.119987
0.124262
0.128537
0.132812
0.137088
0.141364
0.14564
0.149917
0.154194
0.158472
0.16275
0.167029
0.171308
0.175588
0.179868
0.184149
0.188431
0.192714
0.196997
0.201281
0.205566
0.209852
0.214138
0.218425
0.222714
0.227003
0.231293
0.235585
0.239877
0.24417
0.248465
0.25276
0.257057
0.261355
0.265654
0.269954
0.274256
0.278558
0.282862
0.287167
0.291474
0.295781
0.30009
0.3044
0.308712
0.313024
0.317338
0.321653
0.325969
0.330286
0.334604
0.338923
0.343243
0.347564
0.351884
0.356206
0.360527
0.364848
0.369168
0.373488
0.377807
0.382124
0.38644
0.390754
0.395066
0.399376
0.403684
0.407989
0.412294
0.416597
0.420901
0.425204
0.429514
0.433823
0.438141
-0.419224
-0.414906
-0.410596
-0.406288
-0.401984
-0.397681
-0.393379
-0.389075
-0.384771
-0.380465
-0.376156
-0.371846
-0.367534
-0.363221
-0.358906
-0.354589
-0.350272
-0.345954
-0.341636
-0.337317
-0.332998
-0.32868
-0.324362
-0.320045
-0.315728
-0.311412
-0.307097
-0.302783
-0.298471
-0.294159
-0.289848
-0.285539
-0.28123
-0.276923
-0.272617
-0.268312
-0.264008
-0.259705
-0.255403
-0.251103
-0.246803
-0.242505
-0.238208
-0.233911
-0.229616
-0.225322
-0.221028
-0.216736
-0.212444
-0.208154
-0.203864
-0.199575
-0.195287
-0.191
-0.186714
-0.182428
-0.178143
-0.173859
-0.169576
-0.165293
-0.161011
-0.156729
-0.152448
-0.148168
-0.143888
-0.139609
-0.13533
-0.131052
-0.126774
-0.122496
-0.118219
-0.113943
-0.109666
-0.10539
-0.101115
-0.0968393
-0.0925642
-0.0882893
-0.0840147
-0.0797403
-0.0754662
-0.0711922
-0.0669184
-0.0626448
-0.0583713
-0.054098
-0.0498248
-0.0455517
-0.0412788
-0.0370059
-0.0327332
-0.0284605
-0.0241879
-0.0199154
-0.0156429
-0.0113705
-0.00709813
-0.00282581
0.00144648
0.00571874
0.00999098
0.0142632
0.0185354
0.0228076
0.0270798
0.0313521
0.0356243
0.0398966
0.0441689
0.0484412
0.0527136
0.056986
0.0612585
0.0655311
0.0698038
0.0740765
0.0783494
0.0826224
0.0868955
0.0911688
0.0954422
0.0997158
0.10399
0.108264
0.112538
0.116812
0.121087
0.125362
0.129637
0.133913
0.138189
0.142466
0.146742
0.15102
0.155297
0.159576
0.163854
0.168134
0.172413
0.176694
0.180975
0.185257
0.189539
0.193822
0.198106
0.202391
0.206677
0.210963
0.215251
0.219539
0.223828
0.228118
0.23241
0.236702
0.240995
0.24529
0.249585
0.253882
0.258179
0.262478
0.266778
0.27108
0.275382
0.279686
0.283991
0.288297
0.292604
0.296913
0.301223
0.305534
0.309846
0.31416
0.318475
0.32279
0.327107
0.331425
0.335743
0.340063
0.344383
0.348703
0.353024
0.357345
0.361665
0.365985
0.370305
0.374623
0.37894
0.383255
0.387569
0.391881
0.396191
0.400499
0.404805
0.409109
0.413413
0.417718
0.422022
0.426332
0.430643
0.434961
-0.422392
-0.418074
-0.413763
-0.409454
-0.40515
-0.400846
-0.396543
-0.39224
-0.387935
-0.383628
-0.37932
-0.37501
-0.370699
-0.366385
-0.362071
-0.357755
-0.353438
-0.34912
-0.344802
-0.340484
-0.336166
-0.331848
-0.32753
-0.323213
-0.318897
-0.314582
-0.310267
-0.305954
-0.301641
-0.29733
-0.293019
-0.28871
-0.284402
-0.280095
-0.275789
-0.271484
-0.26718
-0.262878
-0.258576
-0.254276
-0.249976
-0.245678
-0.241381
-0.237085
-0.232789
-0.228495
-0.224202
-0.219909
-0.215618
-0.211328
-0.207038
-0.202749
-0.198461
-0.194174
-0.189888
-0.185602
-0.181317
-0.177033
-0.17275
-0.168467
-0.164185
-0.159904
-0.155623
-0.151342
-0.147062
-0.142783
-0.138504
-0.134226
-0.129948
-0.125671
-0.121394
-0.117117
-0.112841
-0.108565
-0.104289
-0.100014
-0.0957385
-0.0914636
-0.087189
-0.0829146
-0.0786404
-0.0743665
-0.0700927
-0.0658191
-0.0615456
-0.0572723
-0.0529991
-0.048726
-0.0444531
-0.0401802
-0.0359075
-0.0316348
-0.0273622
-0.0230897
-0.0188173
-0.0145448
-0.0102725
-0.00600018
-0.0017279
0.00254436
0.00681659
0.0110888
0.015361
0.0196332
0.0239054
0.0281776
0.0324499
0.0367221
0.0409944
0.0452667
0.0495391
0.0538116
0.0580841
0.0623566
0.0666293
0.070902
0.0751749
0.0794479
0.083721
0.0879943
0.0922677
0.0965413
0.100815
0.105089
0.109363
0.113638
0.117913
0.122188
0.126463
0.130739
0.135015
0.139291
0.143568
0.147845
0.152123
0.156401
0.16068
0.164959
0.169239
0.173519
0.1778
0.182082
0.186365
0.190648
0.194932
0.199217
0.203502
0.207789
0.212076
0.216364
0.220653
0.224943
0.229235
0.233527
0.23782
0.242114
0.24641
0.250706
0.255004
0.259303
0.263603
0.267904
0.272206
0.27651
0.280814
0.28512
0.289427
0.293736
0.298046
0.302356
0.306668
0.310982
0.315296
0.319611
0.323928
0.328245
0.332563
0.336882
0.341202
0.345522
0.349842
0.354162
0.358482
0.362802
0.367121
0.371439
0.375756
0.380071
0.384384
0.388696
0.393006
0.397314
0.40162
0.405925
0.41023
0.414534
0.41884
0.423151
0.427462
0.43178
-0.42556
-0.421242
-0.41693
-0.412621
-0.408315
-0.404011
-0.399708
-0.395404
-0.391099
-0.386792
-0.382484
-0.378175
-0.373863
-0.36955
-0.365236
-0.36092
-0.356604
-0.352286
-0.347969
-0.343651
-0.339333
-0.335016
-0.330699
-0.326382
-0.322066
-0.317751
-0.313437
-0.309124
-0.304811
-0.3005
-0.29619
-0.291881
-0.287573
-0.283266
-0.278961
-0.274656
-0.270353
-0.26605
-0.261749
-0.257448
-0.253149
-0.248851
-0.244554
-0.240258
-0.235963
-0.231669
-0.227375
-0.223083
-0.218792
-0.214501
-0.210212
-0.205923
-0.201635
-0.197348
-0.193062
-0.188776
-0.184491
-0.180207
-0.175924
-0.171641
-0.167359
-0.163078
-0.158797
-0.154517
-0.150237
-0.145957
-0.141679
-0.1374
-0.133122
-0.128845
-0.124568
-0.120291
-0.116015
-0.111739
-0.107463
-0.103188
-0.0989127
-0.0946379
-0.0903633
-0.0860889
-0.0818147
-0.0775407
-0.073267
-0.0689933
-0.0647199
-0.0604466
-0.0561734
-0.0519003
-0.0476274
-0.0433546
-0.0390818
-0.0348091
-0.0305366
-0.0262641
-0.0219916
-0.0177192
-0.0134469
-0.00917455
-0.00490227
-0.00063003
0.00364219
0.0079144
0.0121866
0.0164588
0.020731
0.0250032
0.0292754
0.0335477
0.03782
0.0420923
0.0463647
0.0506371
0.0549096
0.0591821
0.0634548
0.0677276
0.0720004
0.0762734
0.0805465
0.0848198
0.0890932
0.0933668
0.0976406
0.101915
0.106189
0.110463
0.114738
0.119013
0.123288
0.127564
0.13184
0.136117
0.140393
0.144671
0.148948
0.153227
0.157505
0.161785
0.166064
0.170345
0.174626
0.178908
0.18319
0.187473
0.191757
0.196042
0.200327
0.204614
0.208901
0.213189
0.217478
0.221769
0.22606
0.230352
0.234645
0.238939
0.243234
0.247531
0.251828
0.256127
0.260427
0.264728
0.26903
0.273333
0.277638
0.281943
0.28625
0.290559
0.294868
0.299179
0.30349
0.307803
0.312117
0.316432
0.320748
0.325065
0.329383
0.333702
0.338021
0.34234
0.34666
0.35098
0.3553
0.359619
0.363938
0.368255
0.372571
0.376886
0.3812
0.385511
0.389821
0.394129
0.398436
0.402741
0.407046
0.411351
0.415658
0.419969
0.42428
0.428599
-0.428727
-0.424409
-0.420097
-0.415787
-0.411481
-0.407177
-0.402873
-0.398568
-0.394263
-0.389956
-0.385648
-0.381339
-0.377028
-0.372715
-0.368401
-0.364085
-0.359769
-0.355453
-0.351135
-0.346818
-0.342501
-0.338184
-0.333867
-0.329551
-0.325235
-0.32092
-0.316607
-0.312294
-0.307982
-0.303671
-0.299361
-0.295052
-0.290745
-0.286438
-0.282133
-0.277828
-0.273525
-0.269223
-0.264921
-0.260621
-0.256322
-0.252024
-0.247727
-0.243431
-0.239136
-0.234842
-0.230549
-0.226257
-0.221965
-0.217675
-0.213386
-0.209097
-0.204809
-0.200522
-0.196236
-0.19195
-0.187666
-0.183382
-0.179098
-0.174815
-0.170533
-0.166252
-0.161971
-0.157691
-0.153411
-0.149132
-0.144853
-0.140575
-0.136297
-0.132019
-0.127742
-0.123465
-0.119189
-0.114913
-0.110637
-0.106362
-0.102087
-0.0978121
-0.0935375
-0.0892631
-0.084989
-0.080715
-0.0764412
-0.0721676
-0.0678942
-0.0636209
-0.0593477
-0.0550746
-0.0508017
-0.0465289
-0.0422561
-0.0379835
-0.0337109
-0.0294384
-0.0251659
-0.0208936
-0.0166212
-0.0123489
-0.00807665
-0.00380442
0.000467798
0.00474
0.00901219
0.0132844
0.0175566
0.0218288
0.026101
0.0303732
0.0346455
0.0389178
0.0431902
0.0474626
0.0517351
0.0560077
0.0602803
0.0645531
0.0688259
0.0730989
0.077372
0.0816453
0.0859187
0.0901923
0.0944661
0.0987401
0.103014
0.107289
0.111564
0.115839
0.120114
0.12439
0.128666
0.132942
0.137219
0.141496
0.145774
0.150052
0.154331
0.15861
0.16289
0.16717
0.171451
0.175733
0.180015
0.184299
0.188583
0.192867
0.197153
0.201439
0.205726
0.210014
0.214304
0.218594
0.222885
0.227177
0.23147
0.235764
0.240059
0.244355
0.248653
0.252951
0.257251
0.261552
0.265854
0.270157
0.274461
0.278767
0.283073
0.287381
0.29169
0.296001
0.300312
0.304625
0.308939
0.313253
0.317569
0.321886
0.326203
0.330521
0.33484
0.339159
0.343478
0.347798
0.352117
0.356436
0.360754
0.365071
0.369387
0.373702
0.378015
0.382327
0.386636
0.390944
0.395251
0.399557
0.403862
0.408168
0.412475
0.416787
0.421099
0.425418
-0.431895
-0.427576
-0.423264
-0.418954
-0.414647
-0.410342
-0.406037
-0.401733
-0.397427
-0.393121
-0.388813
-0.384503
-0.380192
-0.37588
-0.371566
-0.367251
-0.362935
-0.358619
-0.354302
-0.349985
-0.345668
-0.341351
-0.337035
-0.332719
-0.328404
-0.32409
-0.319776
-0.315464
-0.311152
-0.306842
-0.302532
-0.298223
-0.293916
-0.28961
-0.285304
-0.281
-0.276697
-0.272395
-0.268094
-0.263794
-0.259495
-0.255197
-0.2509
-0.246604
-0.242309
-0.238015
-0.233722
-0.22943
-0.225139
-0.220849
-0.216559
-0.212271
-0.207983
-0.203696
-0.19941
-0.195124
-0.19084
-0.186556
-0.182272
-0.17799
-0.173708
-0.169426
-0.165145
-0.160865
-0.156585
-0.152306
-0.148027
-0.143749
-0.139471
-0.135193
-0.130916
-0.12664
-0.122363
-0.118087
-0.113812
-0.109536
-0.105261
-0.100986
-0.0967118
-0.0924374
-0.0881632
-0.0838893
-0.0796155
-0.0753419
-0.0710684
-0.0667951
-0.062522
-0.0582489
-0.053976
-0.0497032
-0.0454304
-0.0411578
-0.0368852
-0.0326127
-0.0283403
-0.0240679
-0.0197956
-0.0155233
-0.011251
-0.0069788
-0.0027066
0.00156559
0.00583778
0.01011
0.0143821
0.0186543
0.0229265
0.0271988
0.0314711
0.0357434
0.0400157
0.0442881
0.0485606
0.0528332
0.0571058
0.0613786
0.0656514
0.0699244
0.0741975
0.0784708
0.0827442
0.0870178
0.0912916
0.0955656
0.0998398
0.104114
0.108389
0.112664
0.116939
0.121215
0.125491
0.129767
0.134044
0.138322
0.142599
0.146877
0.151156
0.155435
0.159715
0.163996
0.168277
0.172558
0.176841
0.181124
0.185408
0.189693
0.193978
0.198264
0.202551
0.20684
0.211129
0.215419
0.219709
0.224001
0.228294
0.232588
0.236883
0.24118
0.245477
0.249775
0.254075
0.258375
0.262677
0.26698
0.271284
0.27559
0.279896
0.284204
0.288513
0.292823
0.297134
0.301446
0.30576
0.310074
0.31439
0.318706
0.323023
0.327341
0.331659
0.335978
0.340297
0.344616
0.348935
0.353253
0.357571
0.361888
0.366203
0.370518
0.374831
0.379142
0.383452
0.38776
0.392067
0.396373
0.400679
0.404985
0.409293
0.413604
0.417917
0.422236
-0.435062
-0.430743
-0.426431
-0.42212
-0.417813
-0.413507
-0.409202
-0.404897
-0.400592
-0.396285
-0.391977
-0.387667
-0.383357
-0.379044
-0.374731
-0.370416
-0.366101
-0.361785
-0.357469
-0.353152
-0.348836
-0.344519
-0.340203
-0.335888
-0.331573
-0.327259
-0.322946
-0.318634
-0.314322
-0.310012
-0.305703
-0.301395
-0.297087
-0.292781
-0.288476
-0.284172
-0.279869
-0.275567
-0.271267
-0.266967
-0.262668
-0.25837
-0.254073
-0.249778
-0.245483
-0.241189
-0.236896
-0.232604
-0.228313
-0.224023
-0.219733
-0.215445
-0.211157
-0.20687
-0.202584
-0.198298
-0.194014
-0.18973
-0.185446
-0.181164
-0.176882
-0.1726
-0.168319
-0.164039
-0.159759
-0.15548
-0.151201
-0.146923
-0.142645
-0.138368
-0.134091
-0.129814
-0.125538
-0.121262
-0.116986
-0.112711
-0.108435
-0.104161
-0.099886
-0.0956117
-0.0913375
-0.0870635
-0.0827898
-0.0785162
-0.0742427
-0.0699694
-0.0656963
-0.0614232
-0.0571503
-0.0528775
-0.0486047
-0.0443321
-0.0400595
-0.0357871
-0.0315146
-0.0272423
-0.0229699
-0.0186977
-0.0144254
-0.0101532
-0.00588099
-0.00160881
0.00266336
0.00693553
0.0112077
0.0154799
0.0197521
0.0240243
0.0282966
0.0325689
0.0368412
0.0411137
0.0453861
0.0496587
0.0539313
0.0582041
0.0624769
0.0667499
0.071023
0.0752962
0.0795697
0.0838432
0.088117
0.092391
0.0966653
0.10094
0.105214
0.10949
0.113765
0.118041
0.122317
0.126593
0.13087
0.135147
0.139425
0.143703
0.147982
0.152261
0.156541
0.160821
0.165102
0.169384
0.173666
0.177949
0.182233
0.186518
0.190803
0.195089
0.199377
0.203665
0.207954
0.212243
0.216534
0.220826
0.225119
0.229413
0.233708
0.238004
0.242301
0.246599
0.250899
0.255199
0.259501
0.263804
0.268108
0.272413
0.276719
0.281027
0.285335
0.289645
0.293956
0.298268
0.302581
0.306895
0.31121
0.315526
0.319843
0.32416
0.328478
0.332797
0.337115
0.341434
0.345752
0.35007
0.354387
0.358704
0.363019
0.367333
0.371646
0.375957
0.380267
0.384575
0.388882
0.393189
0.397495
0.401802
0.40611
0.410422
0.414735
0.419054
-0.438229
-0.43391
-0.429597
-0.425286
-0.420979
-0.416672
-0.412367
-0.408062
-0.403756
-0.399449
-0.395141
-0.390832
-0.386521
-0.382209
-0.377896
-0.373582
-0.369267
-0.364951
-0.360635
-0.356319
-0.352003
-0.347687
-0.343372
-0.339057
-0.334742
-0.330429
-0.326116
-0.321804
-0.317493
-0.313183
-0.308874
-0.304566
-0.300259
-0.295953
-0.291648
-0.287344
-0.283041
-0.27874
-0.274439
-0.270139
-0.265841
-0.261543
-0.257246
-0.252951
-0.248656
-0.244362
-0.240069
-0.235778
-0.231486
-0.227196
-0.222907
-0.218618
-0.214331
-0.210044
-0.205758
-0.201472
-0.197188
-0.192904
-0.18862
-0.184338
-0.180056
-0.175774
-0.171494
-0.167213
-0.162933
-0.158654
-0.154375
-0.150097
-0.145819
-0.141542
-0.137265
-0.132988
-0.128712
-0.124436
-0.12016
-0.115885
-0.11161
-0.107335
-0.10306
-0.0987859
-0.0945117
-0.0902378
-0.085964
-0.0816904
-0.077417
-0.0731437
-0.0688705
-0.0645975
-0.0603246
-0.0560518
-0.0517791
-0.0475064
-0.0432339
-0.0389614
-0.034689
-0.0304166
-0.0261443
-0.021872
-0.0175998
-0.0133276
-0.00905539
-0.00478321
-0.000511049
0.00376111
0.00803328
0.0123055
0.0165777
0.0208499
0.0251221
0.0293944
0.0336668
0.0379392
0.0422116
0.0464842
0.0507568
0.0550296
0.0593024
0.0635754
0.0678485
0.0721217
0.0763951
0.0806687
0.0849425
0.0892165
0.0934907
0.0977652
0.10204
0.106315
0.11059
0.114866
0.119142
0.123418
0.127695
0.131972
0.13625
0.140528
0.144807
0.149086
0.153366
0.157646
0.161928
0.166209
0.170492
0.174775
0.179058
0.183343
0.187628
0.191915
0.196202
0.20049
0.204779
0.209068
0.213359
0.217651
0.221944
0.226238
0.230532
0.234828
0.239125
0.243424
0.247723
0.252023
0.256325
0.260627
0.264931
0.269236
0.273542
0.277849
0.282158
0.286467
0.290778
0.29509
0.299402
0.303716
0.308031
0.312346
0.316663
0.32098
0.325297
0.329615
0.333933
0.338252
0.34257
0.346887
0.351204
0.35552
0.359835
0.364149
0.368462
0.372773
0.377083
0.381391
0.385698
0.390005
0.394311
0.398619
0.402927
0.40724
0.411553
0.415872
-0.441396
-0.437077
-0.432764
-0.428452
-0.424144
-0.419838
-0.415532
-0.411227
-0.406921
-0.402614
-0.398306
-0.393997
-0.389686
-0.385374
-0.381061
-0.376748
-0.372433
-0.368118
-0.363802
-0.359486
-0.355171
-0.350855
-0.34654
-0.342225
-0.337911
-0.333598
-0.329286
-0.324974
-0.320663
-0.316353
-0.312045
-0.307737
-0.30343
-0.299124
-0.29482
-0.290516
-0.286214
-0.281912
-0.277612
-0.273312
-0.269014
-0.264716
-0.26042
-0.256124
-0.251829
-0.247536
-0.243243
-0.238951
-0.23466
-0.23037
-0.226081
-0.221792
-0.217505
-0.213218
-0.208932
-0.204646
-0.200362
-0.196078
-0.191795
-0.187512
-0.18323
-0.178948
-0.174668
-0.170387
-0.166108
-0.161828
-0.15755
-0.153271
-0.148994
-0.144716
-0.140439
-0.136162
-0.131886
-0.12761
-0.123334
-0.119059
-0.114784
-0.110509
-0.106234
-0.10196
-0.097686
-0.093412
-0.0891383
-0.0848647
-0.0805913
-0.076318
-0.0720448
-0.0677718
-0.0634989
-0.0592261
-0.0549534
-0.0506807
-0.0464082
-0.0421357
-0.0378633
-0.033591
-0.0293187
-0.0250464
-0.0207742
-0.016502
-0.0122298
-0.00795762
-0.00368546
0.00058669
0.00485885
0.00913102
0.0134032
0.0176754
0.0219477
0.02622
0.0304923
0.0347647
0.0390371
0.0433097
0.0475823
0.051855
0.0561279
0.0604008
0.0646739
0.0689472
0.0732206
0.0774942
0.081768
0.086042
0.0903162
0.0945907
0.0988654
0.10314
0.107416
0.111691
0.115967
0.120244
0.124521
0.128798
0.133076
0.137354
0.141632
0.145912
0.150191
0.154472
0.158753
0.163035
0.167317
0.1716
0.175884
0.180168
0.184454
0.18874
0.193027
0.197315
0.201604
0.205893
0.210184
0.214476
0.218768
0.223062
0.227357
0.231653
0.23595
0.240248
0.244547
0.248847
0.253148
0.257451
0.261754
0.266059
0.270365
0.274672
0.27898
0.283289
0.2876
0.291911
0.296224
0.300537
0.304851
0.309167
0.313483
0.317799
0.322117
0.326434
0.330752
0.33507
0.339387
0.343704
0.348021
0.352337
0.356652
0.360965
0.365278
0.369588
0.373898
0.378206
0.382514
0.386821
0.391128
0.395436
0.399745
0.404057
0.408371
0.41269
-0.444562
-0.440243
-0.43593
-0.431618
-0.42731
-0.423003
-0.418697
-0.414391
-0.410085
-0.405778
-0.40147
-0.397161
-0.392851
-0.388539
-0.384227
-0.379913
-0.375599
-0.371284
-0.366969
-0.362654
-0.358338
-0.354023
-0.349708
-0.345394
-0.34108
-0.336767
-0.332455
-0.328144
-0.323833
-0.319524
-0.315215
-0.310908
-0.306601
-0.302296
-0.297992
-0.293688
-0.289386
-0.285084
-0.280784
-0.276485
-0.272186
-0.267889
-0.263593
-0.259297
-0.255003
-0.250709
-0.246416
-0.242125
-0.237834
-0.233544
-0.229254
-0.224966
-0.220678
-0.216392
-0.212106
-0.20782
-0.203536
-0.199252
-0.194969
-0.190686
-0.186404
-0.182123
-0.177842
-0.173562
-0.169282
-0.165003
-0.160724
-0.156446
-0.152168
-0.14789
-0.143613
-0.139337
-0.13506
-0.130784
-0.126509
-0.122233
-0.117958
-0.113683
-0.109409
-0.105134
-0.10086
-0.0965863
-0.0923125
-0.0880389
-0.0837655
-0.0794922
-0.0752191
-0.0709461
-0.0666732
-0.0624004
-0.0581277
-0.0538551
-0.0495825
-0.0453101
-0.0410377
-0.0367653
-0.032493
-0.0282208
-0.0239485
-0.0196763
-0.0154042
-0.011132
-0.00685988
-0.00258773
0.00168441
0.00595657
0.0102288
0.014501
0.0187732
0.0230455
0.0273178
0.0315902
0.0358627
0.0401352
0.0444078
0.0486805
0.0529534
0.0572263
0.0614994
0.0657727
0.0700461
0.0743196
0.0785934
0.0828674
0.0871416
0.0914161
0.0956908
0.0999659
0.104241
0.108517
0.112793
0.117069
0.121346
0.125623
0.129901
0.134179
0.138458
0.142737
0.147017
0.151297
0.155578
0.15986
0.164142
0.168425
0.172709
0.176993
0.181279
0.185565
0.189852
0.19414
0.198429
0.202718
0.207009
0.211301
0.215593
0.219887
0.224181
0.228477
0.232774
0.237072
0.241371
0.245671
0.249972
0.254274
0.258578
0.262882
0.267188
0.271495
0.275803
0.280112
0.284422
0.288733
0.293045
0.297358
0.301672
0.305987
0.310303
0.314619
0.318936
0.323253
0.32757
0.331888
0.336205
0.340522
0.344838
0.349153
0.353468
0.357781
0.362093
0.366404
0.370714
0.375022
0.37933
0.383637
0.387944
0.392252
0.396562
0.400875
0.405189
0.409508
-0.447728
-0.44341
-0.439096
-0.434785
-0.430476
-0.426168
-0.421862
-0.417556
-0.41325
-0.408943
-0.404635
-0.400326
-0.396016
-0.391704
-0.387392
-0.383079
-0.378765
-0.374451
-0.370136
-0.365821
-0.361506
-0.357191
-0.352877
-0.348563
-0.344249
-0.339937
-0.335625
-0.331314
-0.327004
-0.322695
-0.318386
-0.314079
-0.309773
-0.305468
-0.301163
-0.29686
-0.292558
-0.288257
-0.283957
-0.279657
-0.275359
-0.271062
-0.266766
-0.26247
-0.258176
-0.253882
-0.24959
-0.245298
-0.241007
-0.236717
-0.232428
-0.22814
-0.223852
-0.219566
-0.21528
-0.210994
-0.20671
-0.202426
-0.198143
-0.19386
-0.189578
-0.185297
-0.181016
-0.176736
-0.172456
-0.168177
-0.163898
-0.15962
-0.155342
-0.151064
-0.146787
-0.142511
-0.138234
-0.133958
-0.129683
-0.125407
-0.121132
-0.116858
-0.112583
-0.108309
-0.104034
-0.0997605
-0.0954868
-0.0912132
-0.0869398
-0.0826665
-0.0783934
-0.0741204
-0.0698475
-0.0655747
-0.061302
-0.0570294
-0.0527568
-0.0484844
-0.044212
-0.0399397
-0.0356674
-0.0313951
-0.0271229
-0.0228507
-0.0185786
-0.0143064
-0.0100343
-0.00576216
-0.00149002
0.00278213
0.0070543
0.0113265
0.0155987
0.019871
0.0241433
0.0284157
0.0326882
0.0369607
0.0412333
0.045506
0.0497788
0.0540518
0.0583249
0.0625981
0.0668715
0.0711451
0.0754189
0.0796929
0.0839671
0.0882416
0.0925163
0.0967913
0.101067
0.105342
0.109618
0.113895
0.118172
0.122449
0.126726
0.131005
0.135283
0.139562
0.143842
0.148123
0.152404
0.156685
0.160967
0.16525
0.169534
0.173819
0.178104
0.18239
0.186677
0.190965
0.195254
0.199543
0.203834
0.208125
0.212418
0.216711
0.221006
0.225301
0.229598
0.233896
0.238195
0.242494
0.246795
0.251098
0.255401
0.259705
0.264011
0.268317
0.272625
0.276934
0.281243
0.285554
0.289866
0.294179
0.298493
0.302807
0.307123
0.311438
0.315755
0.320072
0.324389
0.328706
0.333022
0.337339
0.341655
0.34597
0.350284
0.354597
0.358909
0.36322
0.36753
0.371838
0.376146
0.380453
0.384761
0.389069
0.393379
0.397692
0.402006
0.406325
-0.450895
-0.446576
-0.442263
-0.43795
-0.433641
-0.429334
-0.425027
-0.420721
-0.416415
-0.412108
-0.4078
-0.403491
-0.399181
-0.39487
-0.390558
-0.386245
-0.381931
-0.377617
-0.373303
-0.368988
-0.364673
-0.360359
-0.356045
-0.351731
-0.347418
-0.343106
-0.338795
-0.334484
-0.330174
-0.325865
-0.321557
-0.31725
-0.312944
-0.308639
-0.304335
-0.300032
-0.29573
-0.291429
-0.287129
-0.28283
-0.278532
-0.274235
-0.269939
-0.265643
-0.261349
-0.257056
-0.252763
-0.248472
-0.244181
-0.239891
-0.235602
-0.231314
-0.227026
-0.222739
-0.218453
-0.214168
-0.209884
-0.2056
-0.201317
-0.197034
-0.192752
-0.188471
-0.18419
-0.17991
-0.17563
-0.171351
-0.167072
-0.162794
-0.158516
-0.154239
-0.149962
-0.145685
-0.141409
-0.137133
-0.132857
-0.128582
-0.124307
-0.120032
-0.115757
-0.111483
-0.107209
-0.102935
-0.098661
-0.0943874
-0.090114
-0.0858408
-0.0815676
-0.0772946
-0.0730217
-0.068749
-0.0644763
-0.0602037
-0.0559312
-0.0516587
-0.0473863
-0.043114
-0.0388417
-0.0345695
-0.0302973
-0.0260251
-0.021753
-0.0174808
-0.0132087
-0.00893659
-0.00466446
-0.000392317
0.00387984
0.00815203
0.0124243
0.0166965
0.0209688
0.0252412
0.0295136
0.0337862
0.0380588
0.0423315
0.0466043
0.0508773
0.0551503
0.0594236
0.063697
0.0679705
0.0722443
0.0765183
0.0807925
0.085067
0.0893417
0.0936167
0.0978921
0.102168
0.106444
0.11072
0.114997
0.119274
0.123552
0.12783
0.132109
0.136388
0.140668
0.144948
0.149229
0.15351
0.157793
0.162076
0.166359
0.170644
0.174929
0.179215
0.183502
0.18779
0.192078
0.196368
0.200658
0.20495
0.209242
0.213536
0.21783
0.222126
0.226422
0.23072
0.235018
0.239318
0.243619
0.247921
0.252224
0.256528
0.260833
0.26514
0.269447
0.273756
0.278065
0.282376
0.286687
0.291
0.295313
0.299628
0.303942
0.308258
0.312574
0.31689
0.321207
0.325524
0.32984
0.334156
0.338472
0.342787
0.347101
0.351413
0.355725
0.360036
0.364345
0.368654
0.372962
0.377269
0.381577
0.385886
0.390196
0.394509
0.398824
0.403143
-0.454061
-0.449743
-0.445429
-0.441116
-0.436807
-0.432499
-0.428192
-0.423886
-0.419579
-0.415272
-0.410964
-0.406656
-0.402346
-0.398035
-0.393723
-0.389411
-0.385097
-0.380784
-0.37647
-0.372155
-0.367841
-0.363527
-0.359213
-0.3549
-0.350588
-0.346276
-0.341964
-0.337654
-0.333344
-0.329036
-0.324728
-0.320421
-0.316115
-0.311811
-0.307507
-0.303204
-0.298902
-0.294601
-0.290301
-0.286002
-0.281705
-0.277408
-0.273112
-0.268816
-0.264522
-0.260229
-0.255937
-0.251645
-0.247354
-0.243064
-0.238775
-0.234487
-0.2302
-0.225913
-0.221627
-0.217342
-0.213058
-0.208774
-0.204491
-0.200208
-0.195926
-0.191645
-0.187364
-0.183084
-0.178804
-0.174525
-0.170246
-0.165968
-0.16169
-0.157413
-0.153136
-0.148859
-0.144583
-0.140307
-0.136031
-0.131756
-0.127481
-0.123206
-0.118931
-0.114657
-0.110383
-0.106109
-0.101835
-0.0975617
-0.0932883
-0.089015
-0.0847419
-0.0804689
-0.076196
-0.0719233
-0.0676506
-0.063378
-0.0591055
-0.054833
-0.0505607
-0.0462884
-0.0420161
-0.0377439
-0.0334717
-0.0291995
-0.0249274
-0.0206552
-0.0163831
-0.012111
-0.0078389
-0.00356676
0.000705386
0.00497756
0.00924978
0.013522
0.0177943
0.0220667
0.0263391
0.0306117
0.0348843
0.039157
0.0434298
0.0477027
0.0519758
0.056249
0.0605224
0.064796
0.0690698
0.0733437
0.077618
0.0818924
0.0861671
0.0904422
0.0947175
0.0989931
0.103269
0.107546
0.111822
0.1161
0.120377
0.124655
0.128934
0.133213
0.137493
0.141773
0.146054
0.150336
0.154618
0.158901
0.163185
0.167469
0.171754
0.17604
0.180327
0.184615
0.188903
0.193193
0.197483
0.201775
0.206067
0.21036
0.214655
0.21895
0.223246
0.227544
0.231842
0.236142
0.240443
0.244744
0.249047
0.253351
0.257656
0.261962
0.26627
0.270578
0.274887
0.279197
0.283509
0.287821
0.292134
0.296448
0.300762
0.305078
0.309393
0.313709
0.318025
0.322342
0.326658
0.330974
0.335289
0.339603
0.343917
0.34823
0.352541
0.356852
0.361161
0.36547
0.369778
0.374086
0.378394
0.382703
0.387013
0.391326
0.395641
0.39996
-0.457227
-0.452909
-0.448595
-0.444282
-0.439973
-0.435665
-0.431357
-0.427051
-0.422744
-0.418437
-0.414129
-0.409821
-0.405511
-0.4012
-0.396889
-0.392576
-0.388264
-0.38395
-0.379636
-0.375323
-0.371009
-0.366695
-0.362382
-0.358069
-0.353757
-0.349445
-0.345134
-0.340824
-0.336515
-0.332206
-0.327899
-0.323592
-0.319287
-0.314982
-0.310678
-0.306376
-0.302074
-0.297773
-0.293474
-0.289175
-0.284877
-0.28058
-0.276284
-0.271989
-0.267695
-0.263402
-0.25911
-0.254818
-0.250528
-0.246238
-0.241949
-0.237661
-0.233374
-0.229087
-0.224801
-0.220516
-0.216231
-0.211948
-0.207665
-0.203382
-0.1991
-0.194819
-0.190538
-0.186258
-0.181978
-0.177699
-0.17342
-0.169142
-0.164864
-0.160587
-0.15631
-0.152033
-0.147757
-0.143481
-0.139205
-0.13493
-0.130655
-0.12638
-0.122106
-0.117831
-0.113557
-0.109283
-0.105009
-0.100736
-0.0964625
-0.0921893
-0.0879162
-0.0836432
-0.0793703
-0.0750975
-0.0708249
-0.0665523
-0.0622798
-0.0580074
-0.053735
-0.0494627
-0.0451904
-0.0409182
-0.0366461
-0.0323739
-0.0281018
-0.0238297
-0.0195576
-0.0152854
-0.0110133
-0.00674121
-0.00246907
0.0018031
0.0060753
0.0103475
0.0146198
0.0188922
0.0231646
0.0274371
0.0317097
0.0359824
0.0402552
0.0445282
0.0488012
0.0530745
0.0573479
0.0616214
0.0658952
0.0701692
0.0744434
0.0787178
0.0829926
0.0872676
0.0915429
0.0958185
0.100095
0.104371
0.108648
0.112925
0.117203
0.121481
0.125759
0.130039
0.134318
0.138599
0.142879
0.147161
0.151443
0.155726
0.16001
0.164294
0.168579
0.172865
0.177152
0.18144
0.185728
0.190018
0.194308
0.198599
0.202892
0.207185
0.211479
0.215774
0.220071
0.224368
0.228666
0.232966
0.237266
0.241568
0.24587
0.250174
0.254479
0.258785
0.263092
0.2674
0.271709
0.276019
0.28033
0.284642
0.288955
0.293268
0.297582
0.301897
0.306213
0.310528
0.314844
0.31916
0.323476
0.327791
0.332106
0.33642
0.340733
0.345046
0.349357
0.353668
0.357977
0.362286
0.366594
0.370902
0.37521
0.379519
0.38383
0.388144
0.392458
0.396777
-0.460393
-0.456075
-0.451761
-0.447448
-0.443138
-0.43883
-0.434523
-0.430216
-0.425909
-0.421602
-0.417294
-0.412986
-0.408676
-0.404366
-0.400054
-0.395742
-0.39143
-0.387117
-0.382803
-0.37849
-0.374176
-0.369863
-0.36555
-0.361238
-0.356926
-0.352614
-0.348304
-0.343994
-0.339685
-0.335377
-0.331069
-0.326763
-0.322458
-0.318153
-0.31385
-0.309548
-0.305246
-0.300946
-0.296646
-0.292348
-0.28805
-0.283753
-0.279457
-0.275163
-0.270869
-0.266575
-0.262283
-0.257992
-0.253701
-0.249412
-0.245123
-0.240835
-0.236547
-0.232261
-0.227975
-0.22369
-0.219405
-0.215122
-0.210839
-0.206556
-0.202274
-0.197993
-0.193712
-0.189432
-0.185152
-0.180873
-0.176594
-0.172316
-0.168038
-0.163761
-0.159484
-0.155207
-0.150931
-0.146655
-0.14238
-0.138104
-0.133829
-0.129554
-0.12528
-0.121005
-0.116731
-0.112457
-0.108184
-0.10391
-0.0996368
-0.0953635
-0.0910904
-0.0868174
-0.0825446
-0.0782718
-0.0739992
-0.0697266
-0.0654541
-0.0611817
-0.0569093
-0.052637
-0.0483648
-0.0440926
-0.0398204
-0.0355483
-0.0312762
-0.0270041
-0.022732
-0.0184599
-0.0141878
-0.00991567
-0.00564353
-0.00137137
0.00290082
0.00717306
0.0114453
0.0157177
0.0199901
0.0242626
0.0285352
0.0328079
0.0370807
0.0413536
0.0456267
0.0498999
0.0541733
0.0584469
0.0627206
0.0669946
0.0712688
0.0755432
0.079818
0.084093
0.0883683
0.0926439
0.0969199
0.101196
0.105473
0.10975
0.114028
0.118306
0.122585
0.126864
0.131144
0.135424
0.139705
0.143986
0.148268
0.152551
0.156835
0.161119
0.165404
0.16969
0.173977
0.178265
0.182553
0.186842
0.191133
0.195424
0.199716
0.204009
0.208303
0.212598
0.216895
0.221192
0.22549
0.229789
0.23409
0.238391
0.242694
0.246997
0.251302
0.255607
0.259914
0.264222
0.268531
0.27284
0.277151
0.281463
0.285775
0.290088
0.294402
0.298717
0.303032
0.307347
0.311663
0.315978
0.320293
0.324608
0.328923
0.333237
0.33755
0.341862
0.346173
0.350484
0.354793
0.359102
0.36341
0.367718
0.372027
0.376336
0.380647
0.384961
0.389275
0.393594
-0.463559
-0.459241
-0.454926
-0.450614
-0.446304
-0.441995
-0.437688
-0.433381
-0.429074
-0.424767
-0.420459
-0.416151
-0.411841
-0.407531
-0.40322
-0.398908
-0.394596
-0.390283
-0.38597
-0.381657
-0.377344
-0.373031
-0.368719
-0.364406
-0.360095
-0.355784
-0.351473
-0.347164
-0.342855
-0.338547
-0.33424
-0.329934
-0.325629
-0.321325
-0.317022
-0.312719
-0.308418
-0.304118
-0.299818
-0.29552
-0.291223
-0.286926
-0.28263
-0.278336
-0.274042
-0.269749
-0.265457
-0.261165
-0.256875
-0.252585
-0.248296
-0.244008
-0.239721
-0.235435
-0.231149
-0.226864
-0.222579
-0.218296
-0.214012
-0.20973
-0.205448
-0.201167
-0.196886
-0.192606
-0.188326
-0.184047
-0.179769
-0.17549
-0.171213
-0.166935
-0.162658
-0.158382
-0.154105
-0.149829
-0.145554
-0.141278
-0.137003
-0.132729
-0.128454
-0.12418
-0.119906
-0.115632
-0.111358
-0.107084
-0.102811
-0.0985378
-0.0942647
-0.0899917
-0.0857189
-0.0814461
-0.0771735
-0.0729009
-0.0686284
-0.064356
-0.0600837
-0.0558114
-0.0515392
-0.047267
-0.0429948
-0.0387227
-0.0344506
-0.0301785
-0.0259064
-0.0216343
-0.0173622
-0.0130901
-0.008818
-0.00454585
-0.000273664
0.00399856
0.00827084
0.0125432
0.0168156
0.0210881
0.0253607
0.0296334
0.0339061
0.0381791
0.0424521
0.0467253
0.0509987
0.0552723
0.059546
0.06382
0.0680942
0.0723686
0.0766434
0.0809184
0.0851937
0.0894693
0.0937453
0.0980217
0.102298
0.106576
0.110853
0.115131
0.11941
0.123689
0.127969
0.132249
0.13653
0.140811
0.145094
0.149377
0.15366
0.157944
0.162229
0.166515
0.170802
0.17509
0.179378
0.183667
0.187957
0.192249
0.196541
0.200834
0.205128
0.209423
0.213719
0.218016
0.222314
0.226613
0.230913
0.235214
0.239517
0.24382
0.248124
0.25243
0.256736
0.261044
0.265352
0.269662
0.273972
0.278284
0.282596
0.286909
0.291222
0.295536
0.299851
0.304166
0.308481
0.312796
0.317111
0.321426
0.32574
0.330054
0.334367
0.338679
0.34299
0.3473
0.351609
0.355918
0.360226
0.364534
0.368843
0.373153
0.377464
0.381777
0.386093
0.390411
-0.466724
-0.462407
-0.458092
-0.45378
-0.449469
-0.445161
-0.440853
-0.436546
-0.432239
-0.427932
-0.423624
-0.419316
-0.415007
-0.410697
-0.406386
-0.402074
-0.397762
-0.39345
-0.389137
-0.384825
-0.380512
-0.376199
-0.371887
-0.367575
-0.363264
-0.358953
-0.354643
-0.350334
-0.346025
-0.341718
-0.337411
-0.333105
-0.3288
-0.324496
-0.320193
-0.315891
-0.31159
-0.30729
-0.302991
-0.298693
-0.294395
-0.290099
-0.285803
-0.281509
-0.277215
-0.272922
-0.26863
-0.264339
-0.260048
-0.255759
-0.25147
-0.247182
-0.242895
-0.238608
-0.234323
-0.230037
-0.225753
-0.221469
-0.217186
-0.212904
-0.208622
-0.204341
-0.20006
-0.19578
-0.1915
-0.187221
-0.182943
-0.178664
-0.174387
-0.170109
-0.165832
-0.161556
-0.157279
-0.153003
-0.148728
-0.144453
-0.140178
-0.135903
-0.131628
-0.127354
-0.12308
-0.118806
-0.114532
-0.110259
-0.105985
-0.101712
-0.0974389
-0.093166
-0.0888931
-0.0846204
-0.0803478
-0.0760752
-0.0718027
-0.0675303
-0.063258
-0.0589857
-0.0547135
-0.0504413
-0.0461692
-0.0418971
-0.037625
-0.0333529
-0.0290808
-0.0248087
-0.0205367
-0.0162646
-0.0119925
-0.00772032
-0.00344815
0.000824069
0.00509634
0.00936867
0.0136411
0.0179136
0.0221861
0.0264588
0.0307316
0.0350045
0.0392776
0.0435508
0.0478241
0.0520977
0.0563714
0.0606454
0.0649196
0.069194
0.0734687
0.0777437
0.0820191
0.0862947
0.0905707
0.094847
0.0991238
0.103401
0.107679
0.111957
0.116235
0.120514
0.124794
0.129074
0.133355
0.137637
0.141919
0.146202
0.150485
0.154769
0.159055
0.16334
0.167627
0.171914
0.176203
0.180492
0.184782
0.189073
0.193365
0.197658
0.201952
0.206247
0.210543
0.21484
0.219138
0.223437
0.227737
0.232038
0.23634
0.240643
0.244947
0.249252
0.253559
0.257866
0.262174
0.266483
0.270794
0.275105
0.279416
0.283729
0.288042
0.292356
0.29667
0.300985
0.3053
0.309614
0.313929
0.318243
0.322557
0.326871
0.331183
0.335495
0.339806
0.344116
0.348425
0.352734
0.357042
0.361351
0.36566
0.36997
0.374281
0.378594
0.382909
0.387228
-0.46989
-0.465572
-0.461258
-0.456945
-0.452635
-0.448326
-0.444018
-0.439711
-0.435404
-0.431097
-0.426789
-0.422481
-0.418172
-0.413862
-0.409552
-0.405241
-0.400929
-0.396617
-0.392304
-0.387992
-0.38368
-0.379367
-0.375055
-0.370744
-0.366433
-0.362122
-0.357813
-0.353504
-0.349195
-0.344888
-0.340582
-0.336276
-0.331971
-0.327668
-0.323365
-0.319063
-0.314762
-0.310462
-0.306163
-0.301865
-0.297568
-0.293271
-0.288976
-0.284681
-0.280388
-0.276095
-0.271803
-0.267512
-0.263222
-0.258932
-0.254643
-0.250356
-0.246068
-0.241782
-0.237496
-0.233211
-0.228927
-0.224643
-0.22036
-0.216078
-0.211796
-0.207515
-0.203234
-0.198954
-0.194675
-0.190395
-0.186117
-0.181839
-0.177561
-0.173283
-0.169006
-0.16473
-0.160454
-0.156178
-0.151902
-0.147627
-0.143352
-0.139077
-0.134802
-0.130528
-0.126254
-0.12198
-0.117706
-0.113433
-0.109159
-0.104886
-0.100613
-0.0963402
-0.0920674
-0.0877947
-0.0835221
-0.0792495
-0.0749771
-0.0707047
-0.0664323
-0.0621601
-0.0578879
-0.0536157
-0.0493436
-0.0450715
-0.0407994
-0.0365273
-0.0322552
-0.0279832
-0.0237111
-0.019439
-0.0151669
-0.0108948
-0.00662264
-0.00235043
0.00192183
0.00619416
0.0104665
0.014739
0.0190116
0.0232843
0.027557
0.0318299
0.036103
0.0403762
0.0446496
0.0489231
0.0531968
0.0574708
0.061745
0.0660194
0.0702941
0.0745691
0.0788444
0.0831201
0.087396
0.0916724
0.0959491
0.100226
0.104504
0.108782
0.113061
0.11734
0.121619
0.1259
0.13018
0.134462
0.138744
0.143027
0.14731
0.151595
0.15588
0.160165
0.164452
0.168739
0.173028
0.177317
0.181607
0.185898
0.19019
0.194482
0.198776
0.203071
0.207367
0.211664
0.215961
0.22026
0.22456
0.228861
0.233163
0.237466
0.24177
0.246075
0.250381
0.254688
0.258996
0.263305
0.267615
0.271926
0.276237
0.280549
0.284862
0.289176
0.29349
0.297804
0.302118
0.306433
0.310747
0.315061
0.319375
0.323688
0.328
0.332312
0.336622
0.340932
0.345242
0.34955
0.353859
0.358167
0.362476
0.366786
0.371098
0.375411
0.379726
0.384044
-0.473055
-0.468738
-0.464424
-0.460111
-0.455801
-0.451492
-0.447184
-0.442876
-0.438569
-0.434262
-0.429955
-0.425646
-0.421337
-0.417028
-0.412718
-0.408407
-0.404095
-0.399784
-0.395472
-0.391159
-0.386847
-0.382535
-0.378224
-0.373913
-0.369602
-0.365292
-0.360982
-0.356674
-0.352366
-0.348059
-0.343752
-0.339447
-0.335143
-0.330839
-0.326537
-0.322235
-0.317934
-0.313634
-0.309335
-0.305037
-0.30074
-0.296444
-0.292149
-0.287854
-0.283561
-0.279268
-0.274976
-0.270685
-0.266395
-0.262106
-0.257817
-0.253529
-0.249242
-0.244956
-0.24067
-0.236385
-0.232101
-0.227817
-0.223534
-0.219252
-0.21497
-0.210689
-0.206408
-0.202128
-0.197849
-0.193569
-0.189291
-0.185013
-0.180735
-0.176457
-0.172181
-0.167904
-0.163628
-0.159352
-0.155076
-0.150801
-0.146526
-0.142251
-0.137977
-0.133702
-0.129428
-0.125154
-0.120881
-0.116607
-0.112334
-0.108061
-0.103787
-0.0995145
-0.0952417
-0.090969
-0.0866963
-0.0824238
-0.0781514
-0.073879
-0.0696067
-0.0653344
-0.0610622
-0.0567901
-0.0525179
-0.0482458
-0.0439738
-0.0397017
-0.0354297
-0.0311576
-0.0268856
-0.0226135
-0.0183414
-0.0140693
-0.00979713
-0.00552493
-0.00125268
0.00301964
0.00729202
0.0115645
0.015837
0.0201097
0.0243825
0.0286554
0.0329284
0.0372016
0.041475
0.0457485
0.0500222
0.0542962
0.0585704
0.0628448
0.0671195
0.0713945
0.0756698
0.0799454
0.0842214
0.0884977
0.0927745
0.0970516
0.101329
0.105607
0.109886
0.114165
0.118445
0.122725
0.127006
0.131287
0.135569
0.139852
0.144135
0.14842
0.152705
0.15699
0.161277
0.165564
0.169852
0.174141
0.178431
0.182722
0.187014
0.191307
0.195601
0.199895
0.204191
0.208487
0.212785
0.217084
0.221384
0.225684
0.229986
0.234289
0.238593
0.242897
0.247203
0.25151
0.255818
0.260126
0.264436
0.268746
0.273058
0.27737
0.281682
0.285995
0.290309
0.294623
0.298937
0.303251
0.307565
0.311879
0.316192
0.320505
0.324817
0.329128
0.333439
0.337749
0.342058
0.346367
0.350675
0.354984
0.359293
0.363603
0.367914
0.372228
0.376543
0.380861
-0.476221
-0.471904
-0.46759
-0.463277
-0.458966
-0.454657
-0.450349
-0.446042
-0.441735
-0.437427
-0.43312
-0.428812
-0.424503
-0.420194
-0.415884
-0.411573
-0.407262
-0.40295
-0.398639
-0.394327
-0.390015
-0.385703
-0.381392
-0.377081
-0.372771
-0.368461
-0.364152
-0.359844
-0.355536
-0.351229
-0.346923
-0.342618
-0.338314
-0.334011
-0.329708
-0.325407
-0.321106
-0.316806
-0.312508
-0.30821
-0.303913
-0.299617
-0.295322
-0.291027
-0.286734
-0.282441
-0.27815
-0.273859
-0.269568
-0.265279
-0.260991
-0.256703
-0.252416
-0.248129
-0.243844
-0.239559
-0.235275
-0.230991
-0.226708
-0.222426
-0.218144
-0.213863
-0.209582
-0.205302
-0.201023
-0.196743
-0.192465
-0.188187
-0.183909
-0.179632
-0.175355
-0.171078
-0.166802
-0.162526
-0.15825
-0.153975
-0.1497
-0.145425
-0.141151
-0.136876
-0.132602
-0.128328
-0.124055
-0.119781
-0.115508
-0.111235
-0.106962
-0.102689
-0.0984159
-0.0941432
-0.0898706
-0.0855981
-0.0813257
-0.0770533
-0.072781
-0.0685088
-0.0642366
-0.0599644
-0.0556923
-0.0514202
-0.0471482
-0.0428761
-0.0386041
-0.0343321
-0.03006
-0.0257879
-0.0215159
-0.0172438
-0.0129716
-0.00869943
-0.00442719
-0.000154888
0.00411749
0.00838994
0.0126625
0.0169351
0.0212079
0.0254808
0.0297538
0.034027
0.0383004
0.0425739
0.0468476
0.0511216
0.0553958
0.0596702
0.0639449
0.0682199
0.0724951
0.0767708
0.0810467
0.0853231
0.0895998
0.0938769
0.0981545
0.102433
0.106711
0.11099
0.11527
0.11955
0.123831
0.128112
0.132394
0.136677
0.14096
0.145245
0.14953
0.153815
0.158102
0.162389
0.166677
0.170966
0.175256
0.179547
0.183839
0.188131
0.192425
0.196719
0.201015
0.205311
0.209609
0.213907
0.218207
0.222507
0.226809
0.231112
0.235415
0.23972
0.244025
0.248332
0.252639
0.256948
0.261257
0.265567
0.269878
0.27419
0.278502
0.282815
0.287128
0.291442
0.295755
0.300069
0.304383
0.308696
0.313009
0.317322
0.321634
0.325945
0.330255
0.334565
0.338874
0.343183
0.347491
0.3518
0.356109
0.36042
0.364731
0.369045
0.37336
0.377678
-0.479386
-0.47507
-0.470755
-0.466442
-0.462132
-0.457823
-0.453514
-0.449207
-0.4449
-0.440593
-0.436285
-0.431977
-0.427669
-0.423359
-0.41905
-0.414739
-0.410428
-0.406117
-0.401806
-0.397494
-0.393183
-0.388872
-0.384561
-0.38025
-0.37594
-0.37163
-0.367322
-0.363013
-0.358706
-0.3544
-0.350094
-0.345789
-0.341485
-0.337182
-0.33288
-0.328578
-0.324278
-0.319979
-0.31568
-0.311382
-0.307085
-0.302789
-0.298494
-0.2942
-0.289907
-0.285614
-0.281323
-0.277032
-0.272742
-0.268453
-0.264164
-0.259876
-0.255589
-0.251303
-0.247017
-0.242733
-0.238448
-0.234165
-0.229882
-0.2256
-0.221318
-0.217037
-0.212756
-0.208476
-0.204197
-0.199917
-0.195639
-0.191361
-0.187083
-0.182806
-0.178529
-0.174252
-0.169976
-0.1657
-0.161424
-0.157149
-0.152874
-0.148599
-0.144325
-0.140051
-0.135777
-0.131503
-0.127229
-0.122955
-0.118682
-0.114409
-0.110136
-0.105863
-0.10159
-0.0973175
-0.0930449
-0.0887724
-0.0845
-0.0802276
-0.0759553
-0.0716831
-0.0674109
-0.0631388
-0.0588667
-0.0545946
-0.0503226
-0.0460505
-0.0417785
-0.0375065
-0.0332345
-0.0289624
-0.0246903
-0.0204182
-0.0161461
-0.0118739
-0.00760171
-0.00332941
0.00094295
0.0052154
0.00948794
0.0137606
0.0180333
0.0223062
0.0265792
0.0308524
0.0351258
0.0393993
0.043673
0.047947
0.0522211
0.0564955
0.0607702
0.0650452
0.0693205
0.0735961
0.077872
0.0821484
0.0864251
0.0907022
0.0949798
0.0992579
0.103536
0.107815
0.112095
0.116375
0.120656
0.124937
0.129219
0.133502
0.137786
0.14207
0.146355
0.15064
0.154927
0.159214
0.163502
0.167791
0.172081
0.176371
0.180663
0.184955
0.189249
0.193543
0.197839
0.202135
0.206433
0.210731
0.21503
0.219331
0.223632
0.227934
0.232238
0.236542
0.240848
0.245154
0.249461
0.253769
0.258078
0.262388
0.266699
0.27101
0.275322
0.279635
0.283948
0.288261
0.292574
0.296888
0.301201
0.305514
0.309827
0.314139
0.318451
0.322762
0.327072
0.331382
0.335691
0.339999
0.344308
0.348617
0.352926
0.357236
0.361548
0.365862
0.370177
0.374494
-0.482552
-0.478235
-0.473921
-0.469608
-0.465297
-0.460988
-0.45668
-0.452372
-0.448065
-0.443758
-0.43945
-0.435143
-0.430834
-0.426525
-0.422216
-0.417905
-0.413595
-0.409284
-0.404973
-0.400662
-0.396351
-0.39204
-0.387729
-0.383419
-0.379109
-0.3748
-0.370491
-0.366183
-0.361876
-0.35757
-0.353265
-0.34896
-0.344656
-0.340353
-0.336051
-0.33175
-0.32745
-0.323151
-0.318852
-0.314555
-0.310258
-0.305962
-0.301667
-0.297373
-0.29308
-0.288787
-0.284496
-0.280205
-0.275915
-0.271626
-0.267338
-0.26305
-0.258763
-0.254477
-0.250191
-0.245906
-0.241622
-0.237339
-0.233056
-0.228774
-0.224492
-0.220211
-0.21593
-0.21165
-0.207371
-0.203092
-0.198813
-0.194535
-0.190257
-0.18598
-0.181703
-0.177426
-0.17315
-0.168874
-0.164599
-0.160323
-0.156048
-0.151774
-0.147499
-0.143225
-0.138951
-0.134677
-0.130403
-0.12613
-0.121856
-0.117583
-0.11331
-0.109037
-0.104764
-0.100492
-0.0962192
-0.0919467
-0.0876743
-0.0834019
-0.0791297
-0.0748575
-0.0705853
-0.0663132
-0.0620411
-0.057769
-0.053497
-0.049225
-0.0449529
-0.0406809
-0.0364089
-0.0321369
-0.0278648
-0.0235927
-0.0193206
-0.0150484
-0.0107762
-0.00650394
-0.00223159
0.00204085
0.00631338
0.010586
0.0148588
0.0191316
0.0234047
0.0276778
0.0319512
0.0362247
0.0404984
0.0447723
0.0490465
0.0533209
0.0575956
0.0618705
0.0661458
0.0704214
0.0746974
0.0789737
0.0832504
0.0875275
0.0918051
0.0960832
0.100362
0.104641
0.10892
0.1132
0.117481
0.121763
0.126045
0.130327
0.134611
0.138895
0.143179
0.147465
0.151751
0.156039
0.160327
0.164615
0.168905
0.173196
0.177487
0.18178
0.186073
0.190368
0.194663
0.198959
0.203256
0.207555
0.211854
0.216154
0.220455
0.224757
0.229061
0.233365
0.23767
0.241976
0.246283
0.250591
0.2549
0.259209
0.263519
0.267831
0.272142
0.276454
0.280767
0.28508
0.289393
0.293706
0.298019
0.302332
0.306644
0.310956
0.315268
0.319578
0.323888
0.328198
0.332507
0.336816
0.341124
0.345433
0.349742
0.354053
0.358365
0.362678
0.366993
0.371311
-0.485717
-0.481401
-0.477086
-0.472774
-0.468463
-0.464154
-0.459845
-0.455538
-0.45123
-0.446923
-0.442616
-0.438308
-0.434
-0.429691
-0.425382
-0.421072
-0.416761
-0.412451
-0.40814
-0.403829
-0.399519
-0.395208
-0.390898
-0.386588
-0.382278
-0.377969
-0.373661
-0.369353
-0.365047
-0.36074
-0.356435
-0.352131
-0.347827
-0.343525
-0.339223
-0.334922
-0.330622
-0.326323
-0.322024
-0.317727
-0.31343
-0.309135
-0.30484
-0.300546
-0.296253
-0.291961
-0.287669
-0.283378
-0.279088
-0.274799
-0.270511
-0.266223
-0.261937
-0.25765
-0.253365
-0.24908
-0.244796
-0.240512
-0.23623
-0.231947
-0.227666
-0.223385
-0.219104
-0.214824
-0.210545
-0.206266
-0.201987
-0.197709
-0.193431
-0.189154
-0.184877
-0.1806
-0.176324
-0.172048
-0.167773
-0.163497
-0.159222
-0.154948
-0.150673
-0.146399
-0.142125
-0.137851
-0.133577
-0.129304
-0.125031
-0.120757
-0.116484
-0.112211
-0.107939
-0.103666
-0.0993935
-0.095121
-0.0908486
-0.0865763
-0.082304
-0.0780318
-0.0737596
-0.0694875
-0.0652155
-0.0609434
-0.0566714
-0.0523994
-0.0481274
-0.0438554
-0.0395834
-0.0353113
-0.0310393
-0.0267672
-0.0224951
-0.018223
-0.0139508
-0.00967848
-0.00540613
-0.00113371
0.00313881
0.00741144
0.0116842
0.015957
0.0202301
0.0245032
0.0287765
0.0330501
0.0373238
0.0415977
0.0458718
0.0501462
0.0544209
0.0586959
0.0629711
0.0672467
0.0715227
0.075799
0.0800757
0.0843528
0.0886304
0.0929084
0.0971869
0.101466
0.105746
0.110026
0.114306
0.118588
0.12287
0.127152
0.131436
0.13572
0.140004
0.14429
0.148576
0.152863
0.157151
0.16144
0.16573
0.17002
0.174312
0.178604
0.182897
0.187192
0.191487
0.195783
0.20008
0.204378
0.208677
0.212977
0.217278
0.22158
0.225883
0.230187
0.234492
0.238798
0.243105
0.247412
0.251721
0.25603
0.26034
0.264651
0.268962
0.273274
0.277586
0.281899
0.286212
0.290524
0.294837
0.29915
0.303462
0.307773
0.312085
0.316395
0.320705
0.325015
0.329323
0.333632
0.337941
0.34225
0.346559
0.35087
0.355181
0.359495
0.36381
0.368127
-0.488882
-0.484566
-0.480252
-0.475939
-0.471628
-0.467319
-0.463011
-0.458703
-0.454396
-0.450089
-0.445781
-0.441474
-0.437166
-0.432857
-0.428548
-0.424238
-0.419928
-0.415618
-0.411307
-0.406997
-0.402686
-0.398376
-0.394066
-0.389756
-0.385447
-0.381139
-0.376831
-0.372523
-0.368217
-0.363911
-0.359606
-0.355302
-0.350998
-0.346696
-0.342394
-0.338094
-0.333794
-0.329495
-0.325197
-0.320899
-0.316603
-0.312307
-0.308013
-0.303719
-0.299426
-0.295134
-0.290842
-0.286552
-0.282262
-0.277973
-0.273684
-0.269397
-0.26511
-0.260824
-0.256539
-0.252254
-0.24797
-0.243686
-0.239403
-0.235121
-0.23084
-0.226559
-0.222278
-0.217998
-0.213719
-0.209439
-0.205161
-0.200883
-0.196605
-0.192328
-0.188051
-0.183774
-0.179498
-0.175222
-0.170947
-0.166672
-0.162397
-0.158122
-0.153847
-0.149573
-0.145299
-0.141025
-0.136752
-0.132478
-0.128205
-0.123932
-0.119659
-0.115386
-0.111113
-0.10684
-0.102568
-0.0982953
-0.0940229
-0.0897506
-0.0854783
-0.0812061
-0.076934
-0.0726619
-0.0683898
-0.0641178
-0.0598458
-0.0555738
-0.0513018
-0.0470298
-0.0427578
-0.0384858
-0.0342138
-0.0299417
-0.0256696
-0.0213975
-0.0171253
-0.012853
-0.00858068
-0.00430826
-3.5753e-05
0.00423686
0.00850959
0.0127825
0.0170554
0.0213286
0.0256019
0.0298754
0.0341491
0.038423
0.0426972
0.0469716
0.0512463
0.0555212
0.0597965
0.064072
0.068348
0.0726243
0.076901
0.0811781
0.0854556
0.0897336
0.0940121
0.0982912
0.102571
0.106851
0.111131
0.115413
0.119695
0.123977
0.128261
0.132545
0.136829
0.141115
0.145401
0.149688
0.153976
0.158265
0.162554
0.166845
0.171136
0.175428
0.179722
0.184016
0.188311
0.192607
0.196904
0.201202
0.2055
0.2098
0.214101
0.218403
0.222706
0.22701
0.231314
0.23562
0.239926
0.244234
0.248542
0.252851
0.257161
0.261471
0.265782
0.270094
0.274406
0.278718
0.28303
0.287343
0.291655
0.295967
0.300279
0.304591
0.308902
0.313212
0.317522
0.321831
0.32614
0.330449
0.334757
0.339066
0.343376
0.347686
0.351998
0.356311
0.360626
0.364943
-0.492048
-0.487732
-0.483417
-0.479105
-0.474794
-0.470485
-0.466176
-0.461869
-0.457561
-0.453254
-0.448947
-0.444639
-0.440331
-0.436023
-0.431714
-0.427405
-0.423095
-0.418785
-0.414475
-0.410164
-0.405854
-0.401544
-0.397235
-0.392925
-0.388616
-0.384308
-0.38
-0.375693
-0.371387
-0.367081
-0.362777
-0.358473
-0.354169
-0.349867
-0.345566
-0.341265
-0.336966
-0.332667
-0.328369
-0.324072
-0.319775
-0.31548
-0.311185
-0.306892
-0.302599
-0.298307
-0.294015
-0.289725
-0.285435
-0.281146
-0.276858
-0.27257
-0.268284
-0.263998
-0.259712
-0.255428
-0.251143
-0.24686
-0.242577
-0.238295
-0.234013
-0.229732
-0.225452
-0.221172
-0.216892
-0.212613
-0.208335
-0.204057
-0.199779
-0.195502
-0.191225
-0.186948
-0.182672
-0.178396
-0.174121
-0.169846
-0.165571
-0.161296
-0.157021
-0.152747
-0.148473
-0.144199
-0.139926
-0.135652
-0.131379
-0.127106
-0.122833
-0.11856
-0.114287
-0.110015
-0.105742
-0.10147
-0.0971972
-0.0929249
-0.0886527
-0.0843805
-0.0801084
-0.0758363
-0.0715642
-0.0672922
-0.0630202
-0.0587482
-0.0544762
-0.0502043
-0.0459323
-0.0416603
-0.0373883
-0.0331162
-0.0288441
-0.024572
-0.0202998
-0.0160276
-0.0117552
-0.00748282
-0.00321032
0.00106228
0.005335
0.00960785
0.0138808
0.018154
0.0224273
0.0267008
0.0309745
0.0352484
0.0395225
0.0437969
0.0480716
0.0523465
0.0566218
0.0608973
0.0651733
0.0694496
0.0737262
0.0780033
0.0822809
0.0865589
0.0908374
0.0951163
0.0993959
0.103676
0.107957
0.112238
0.11652
0.120802
0.125086
0.12937
0.133654
0.13794
0.142226
0.146513
0.150801
0.155089
0.159379
0.163669
0.16796
0.172253
0.176546
0.18084
0.185135
0.18943
0.193727
0.198025
0.202324
0.206624
0.210924
0.215226
0.219528
0.223832
0.228136
0.232442
0.236748
0.241055
0.245363
0.249672
0.253981
0.258291
0.262602
0.266913
0.271225
0.275537
0.279849
0.284161
0.288473
0.292785
0.297097
0.301408
0.305719
0.310029
0.314339
0.318648
0.322957
0.327265
0.331574
0.335883
0.340192
0.344503
0.348815
0.353128
0.357443
0.36176
-0.495213
-0.490897
-0.486583
-0.48227
-0.47796
-0.47365
-0.469342
-0.465034
-0.460727
-0.45642
-0.452112
-0.447805
-0.443497
-0.439189
-0.43488
-0.430571
-0.426262
-0.421952
-0.417642
-0.413332
-0.409022
-0.404712
-0.400403
-0.396094
-0.391785
-0.387477
-0.38317
-0.378863
-0.374557
-0.370252
-0.365947
-0.361643
-0.357341
-0.353039
-0.348737
-0.344437
-0.340137
-0.335839
-0.331541
-0.327244
-0.322948
-0.318653
-0.314358
-0.310064
-0.305772
-0.30148
-0.297188
-0.292898
-0.288608
-0.284319
-0.280031
-0.275744
-0.271457
-0.267171
-0.262886
-0.258601
-0.254317
-0.250034
-0.245751
-0.241469
-0.237187
-0.232906
-0.228626
-0.224346
-0.220066
-0.215787
-0.211509
-0.207231
-0.202953
-0.198676
-0.194399
-0.190123
-0.185846
-0.181571
-0.177295
-0.17302
-0.168745
-0.16447
-0.160196
-0.155921
-0.151647
-0.147374
-0.1431
-0.138826
-0.134553
-0.13028
-0.126007
-0.121734
-0.117461
-0.113189
-0.108916
-0.104644
-0.100371
-0.0960992
-0.091827
-0.0875548
-0.0832827
-0.0790106
-0.0747386
-0.0704666
-0.0661946
-0.0619226
-0.0576507
-0.0533787
-0.0491067
-0.0448347
-0.0405627
-0.0362907
-0.0320186
-0.0277465
-0.0234743
-0.0192021
-0.0149298
-0.0106574
-0.0063849
-0.0021123
0.00216041
0.00643325
0.0107062
0.0149794
0.0192527
0.0235262
0.0277998
0.0320737
0.0363479
0.0406222
0.0448969
0.0491718
0.0534471
0.0577226
0.0619985
0.0662748
0.0705515
0.0748286
0.0791061
0.0833841
0.0876626
0.0919415
0.096221
0.100501
0.104782
0.109063
0.113345
0.117627
0.121911
0.126195
0.130479
0.134765
0.139051
0.143338
0.147625
0.151914
0.156203
0.160494
0.164785
0.169077
0.17337
0.177664
0.181959
0.186254
0.190551
0.194849
0.199147
0.203447
0.207747
0.212049
0.216351
0.220654
0.224959
0.229264
0.23357
0.237877
0.242184
0.246493
0.250802
0.255112
0.259422
0.263733
0.268044
0.272356
0.276668
0.28098
0.285291
0.289603
0.293914
0.298225
0.302536
0.306846
0.311155
0.315464
0.319773
0.324082
0.32839
0.332699
0.337009
0.341319
0.345631
0.349945
0.354259
0.358576
-0.498378
-0.494062
-0.489748
-0.485436
-0.481125
-0.476816
-0.472507
-0.4682
-0.463892
-0.459585
-0.455278
-0.450971
-0.446663
-0.442355
-0.438046
-0.433737
-0.429428
-0.425119
-0.420809
-0.4165
-0.41219
-0.407881
-0.403572
-0.399263
-0.394954
-0.390647
-0.38634
-0.382033
-0.377727
-0.373422
-0.369118
-0.364814
-0.360512
-0.35621
-0.351909
-0.347609
-0.343309
-0.339011
-0.334713
-0.330416
-0.32612
-0.321825
-0.317531
-0.313237
-0.308945
-0.304653
-0.300362
-0.296071
-0.291782
-0.287493
-0.283205
-0.278917
-0.274631
-0.270345
-0.266059
-0.261775
-0.257491
-0.253208
-0.248925
-0.244643
-0.240361
-0.23608
-0.2318
-0.22752
-0.22324
-0.218961
-0.214683
-0.210405
-0.206127
-0.20185
-0.197573
-0.193297
-0.18902
-0.184745
-0.180469
-0.176194
-0.171919
-0.167644
-0.16337
-0.159096
-0.154822
-0.150548
-0.146274
-0.142001
-0.137727
-0.133454
-0.129181
-0.124908
-0.120636
-0.116363
-0.112091
-0.107818
-0.103546
-0.0992735
-0.0950013
-0.0907292
-0.0864571
-0.082185
-0.077913
-0.073641
-0.069369
-0.0650971
-0.0608251
-0.0565532
-0.0522812
-0.0480092
-0.0437372
-0.0394652
-0.0351931
-0.030921
-0.0266489
-0.0223766
-0.0181043
-0.013832
-0.00955948
-0.00528689
-0.00101419
0.00325864
0.00753161
0.0118047
0.016078
0.0203515
0.0246252
0.0288991
0.0331732
0.0374476
0.0417222
0.0459971
0.0502724
0.0545479
0.0588238
0.0631001
0.0673767
0.0716538
0.0759313
0.0802093
0.0844877
0.0887667
0.0930462
0.0973262
0.101607
0.105888
0.11017
0.114452
0.118736
0.123019
0.127304
0.131589
0.135875
0.140162
0.14445
0.148739
0.153028
0.157318
0.161609
0.165901
0.170194
0.174488
0.178782
0.183078
0.187375
0.191672
0.19597
0.20027
0.20457
0.208871
0.213174
0.217477
0.221781
0.226086
0.230391
0.234698
0.239005
0.243314
0.247623
0.251932
0.256242
0.260553
0.264864
0.269175
0.273487
0.277798
0.28211
0.286421
0.290732
0.295043
0.299353
0.303663
0.307972
0.312281
0.31659
0.320898
0.325207
0.329516
0.333825
0.338136
0.342448
0.346761
0.351076
0.355392
-0.501543
-0.497228
-0.492914
-0.488602
-0.484291
-0.479981
-0.475673
-0.471365
-0.467058
-0.462751
-0.458444
-0.454136
-0.449829
-0.445521
-0.441213
-0.436904
-0.432595
-0.428286
-0.423977
-0.419667
-0.415358
-0.411049
-0.40674
-0.402432
-0.398124
-0.393816
-0.389509
-0.385203
-0.380897
-0.376593
-0.372288
-0.367985
-0.363683
-0.359381
-0.35508
-0.35078
-0.346481
-0.342183
-0.337885
-0.333589
-0.329293
-0.324998
-0.320703
-0.31641
-0.312117
-0.307826
-0.303535
-0.299244
-0.294955
-0.290666
-0.286378
-0.282091
-0.277804
-0.273518
-0.269233
-0.264948
-0.260665
-0.256381
-0.252099
-0.247817
-0.243535
-0.239254
-0.234974
-0.230694
-0.226414
-0.222135
-0.217857
-0.213579
-0.209301
-0.205024
-0.200747
-0.196471
-0.192194
-0.187919
-0.183643
-0.179368
-0.175093
-0.170818
-0.166544
-0.16227
-0.157996
-0.153722
-0.149448
-0.145175
-0.140902
-0.136628
-0.132356
-0.128083
-0.12381
-0.119537
-0.115265
-0.110992
-0.10672
-0.102448
-0.0981756
-0.0939035
-0.0896314
-0.0853594
-0.0810874
-0.0768154
-0.0725434
-0.0682715
-0.0639995
-0.0597276
-0.0554557
-0.0511837
-0.0469117
-0.0426397
-0.0383677
-0.0340956
-0.0298234
-0.0255512
-0.0212789
-0.0170065
-0.0127341
-0.00846149
-0.0041888
8.40217e-05
0.00435698
0.0086301
0.0129034
0.0171769
0.0214505
0.0257244
0.0299985
0.0342729
0.0385475
0.0428224
0.0470976
0.0513732
0.0556491
0.0599253
0.064202
0.068479
0.0727565
0.0770345
0.0813129
0.0855919
0.0898713
0.0941513
0.0984319
0.102713
0.106995
0.111277
0.115561
0.119844
0.124129
0.128414
0.1327
0.136987
0.141275
0.145563
0.149852
0.154142
0.158433
0.162725
0.167018
0.171312
0.175606
0.179902
0.184198
0.188495
0.192794
0.197093
0.201393
0.205694
0.209996
0.214299
0.218603
0.222908
0.227213
0.231519
0.235827
0.240135
0.244443
0.248752
0.253062
0.257373
0.261683
0.265994
0.270305
0.274617
0.278928
0.283239
0.28755
0.29186
0.29617
0.30048
0.304789
0.309098
0.313407
0.317715
0.322024
0.326333
0.330642
0.334953
0.339264
0.343578
0.347892
0.352208
-0.504708
-0.500393
-0.496079
-0.491767
-0.487456
-0.483147
-0.478838
-0.474531
-0.470223
-0.465916
-0.461609
-0.457302
-0.452995
-0.448687
-0.444379
-0.440071
-0.435762
-0.431453
-0.427144
-0.422835
-0.418526
-0.414217
-0.409909
-0.4056
-0.401293
-0.396985
-0.392679
-0.388373
-0.384068
-0.379763
-0.375459
-0.371156
-0.366854
-0.362552
-0.358252
-0.353952
-0.349653
-0.345355
-0.341057
-0.336761
-0.332465
-0.32817
-0.323876
-0.319583
-0.31529
-0.310999
-0.306708
-0.302417
-0.298128
-0.293839
-0.289551
-0.285264
-0.280978
-0.276692
-0.272407
-0.268122
-0.263838
-0.259555
-0.255272
-0.25099
-0.246709
-0.242428
-0.238147
-0.233868
-0.229588
-0.225309
-0.221031
-0.216753
-0.212475
-0.208198
-0.203921
-0.199645
-0.195369
-0.191093
-0.186817
-0.182542
-0.178267
-0.173992
-0.169718
-0.165444
-0.16117
-0.156896
-0.152622
-0.148349
-0.144076
-0.139803
-0.13553
-0.131257
-0.126984
-0.122712
-0.118439
-0.114167
-0.109894
-0.105622
-0.10135
-0.0970778
-0.0928058
-0.0885337
-0.0842617
-0.0799898
-0.0757178
-0.0714459
-0.067174
-0.062902
-0.0586301
-0.0543582
-0.0500862
-0.0458142
-0.0415422
-0.0372701
-0.032998
-0.0287257
-0.0244535
-0.0201811
-0.0159086
-0.0116361
-0.00736341
-0.0030906
0.00118235
0.00545546
0.00972873
0.0140022
0.0182759
0.0225497
0.0268238
0.0310982
0.0353728
0.0396477
0.0439229
0.0481985
0.0524743
0.0567506
0.0610272
0.0653043
0.0695817
0.0738597
0.0781381
0.082417
0.0866964
0.0909764
0.095257
0.0995382
0.10382
0.108102
0.112385
0.116669
0.120954
0.125239
0.129525
0.133812
0.138099
0.142388
0.146677
0.150967
0.155258
0.15955
0.163842
0.168136
0.17243
0.176725
0.181022
0.185319
0.189617
0.193916
0.198216
0.202517
0.206819
0.211121
0.215425
0.219729
0.224035
0.228341
0.232648
0.236956
0.241264
0.245573
0.249882
0.254192
0.258503
0.262813
0.267124
0.271435
0.275746
0.280057
0.284368
0.288678
0.292988
0.297297
0.301606
0.305915
0.310223
0.314532
0.31884
0.323149
0.327459
0.331769
0.336081
0.340394
0.344709
0.349024
-0.507874
-0.503558
-0.499245
-0.494933
-0.490622
-0.486312
-0.482004
-0.477696
-0.473389
-0.469082
-0.464775
-0.460468
-0.456161
-0.451853
-0.447545
-0.443237
-0.438929
-0.43462
-0.430311
-0.426003
-0.421694
-0.417385
-0.413077
-0.408769
-0.404462
-0.400155
-0.395848
-0.391543
-0.387238
-0.382933
-0.37863
-0.374327
-0.370025
-0.365724
-0.361423
-0.357123
-0.352825
-0.348527
-0.344229
-0.339933
-0.335637
-0.331343
-0.327049
-0.322756
-0.318463
-0.314172
-0.309881
-0.305591
-0.301301
-0.297013
-0.292725
-0.288438
-0.284151
-0.279865
-0.27558
-0.271296
-0.267012
-0.262729
-0.258446
-0.254164
-0.249883
-0.245602
-0.241321
-0.237041
-0.232762
-0.228483
-0.224205
-0.219927
-0.215649
-0.211372
-0.207095
-0.202819
-0.198543
-0.194267
-0.189991
-0.185716
-0.181441
-0.177167
-0.172892
-0.168618
-0.164344
-0.16007
-0.155797
-0.151523
-0.14725
-0.142977
-0.138704
-0.134431
-0.130158
-0.125886
-0.121613
-0.117341
-0.113069
-0.108796
-0.104524
-0.100252
-0.0959801
-0.0917081
-0.0874361
-0.0831642
-0.0788922
-0.0746203
-0.0703484
-0.0660765
-0.0618046
-0.0575327
-0.0532607
-0.0489887
-0.0447167
-0.0404446
-0.0361725
-0.0319003
-0.027628
-0.0233557
-0.0190832
-0.0148107
-0.010538
-0.00626522
-0.00199228
0.00228082
0.00655408
0.0108275
0.0151012
0.019375
0.0236491
0.0279235
0.0321981
0.036473
0.0407482
0.0450237
0.0492996
0.0535758
0.0578524
0.0621295
0.0664069
0.0706848
0.0749632
0.0792421
0.0835216
0.0878015
0.0920821
0.0963632
0.100645
0.104927
0.10921
0.113494
0.117779
0.122064
0.12635
0.130636
0.134924
0.139212
0.143501
0.147791
0.152082
0.156374
0.160666
0.16496
0.169254
0.173549
0.177845
0.182142
0.18644
0.190739
0.195039
0.19934
0.203641
0.207944
0.212247
0.216551
0.220856
0.225162
0.229469
0.233776
0.238085
0.242393
0.246702
0.251012
0.255322
0.259633
0.263943
0.268254
0.272565
0.276875
0.281185
0.285495
0.289805
0.294114
0.298423
0.302732
0.30704
0.311348
0.315657
0.319966
0.324275
0.328586
0.332898
0.337211
0.341525
0.345841
-0.511039
-0.506724
-0.50241
-0.498098
-0.493787
-0.489478
-0.48517
-0.480862
-0.476555
-0.472248
-0.467941
-0.463634
-0.459327
-0.45502
-0.450712
-0.446404
-0.442096
-0.437787
-0.433479
-0.42917
-0.424862
-0.420554
-0.416246
-0.411938
-0.407631
-0.403324
-0.399018
-0.394713
-0.390408
-0.386104
-0.3818
-0.377498
-0.373196
-0.368895
-0.364595
-0.360295
-0.355996
-0.351699
-0.347401
-0.343105
-0.33881
-0.334515
-0.330221
-0.325928
-0.321636
-0.317344
-0.313054
-0.308764
-0.304474
-0.300186
-0.295898
-0.291611
-0.287325
-0.283039
-0.278754
-0.274469
-0.270186
-0.265902
-0.26162
-0.257338
-0.253056
-0.248776
-0.244495
-0.240215
-0.235936
-0.231657
-0.227379
-0.223101
-0.218823
-0.214546
-0.210269
-0.205993
-0.201717
-0.197441
-0.193165
-0.18889
-0.184615
-0.180341
-0.176066
-0.171792
-0.167518
-0.163244
-0.158971
-0.154697
-0.150424
-0.146151
-0.141878
-0.137605
-0.133333
-0.12906
-0.124788
-0.120515
-0.116243
-0.111971
-0.107699
-0.103427
-0.0991545
-0.0948825
-0.0906105
-0.0863386
-0.0820666
-0.0777947
-0.0735228
-0.0692509
-0.064979
-0.0607071
-0.0564352
-0.0521632
-0.0478912
-0.0436192
-0.039347
-0.0350749
-0.0308026
-0.0265303
-0.0222578
-0.0179853
-0.0137126
-0.00943985
-0.00516692
-0.000893835
0.00337942
0.00765286
0.0119265
0.0162004
0.0204744
0.0247488
0.0290234
0.0332983
0.0375734
0.041849
0.0461248
0.050401
0.0546776
0.0589547
0.0632321
0.06751
0.0717884
0.0760673
0.0803467
0.0846266
0.0889071
0.0931882
0.0974699
0.101752
0.106035
0.110319
0.114603
0.118889
0.123174
0.127461
0.131748
0.136037
0.140326
0.144616
0.148906
0.153198
0.15749
0.161784
0.166078
0.170373
0.174669
0.178966
0.183264
0.187562
0.191862
0.196162
0.200464
0.204766
0.209069
0.213373
0.217678
0.221984
0.22629
0.230597
0.234905
0.239214
0.243523
0.247832
0.252142
0.256452
0.260762
0.265073
0.269383
0.273693
0.278003
0.282313
0.286622
0.290931
0.29524
0.299549
0.303857
0.308165
0.312474
0.316783
0.321092
0.325403
0.329714
0.334027
0.338341
0.342657
-0.514204
-0.509889
-0.505576
-0.501264
-0.496953
-0.492644
-0.488335
-0.484028
-0.47972
-0.475414
-0.471107
-0.4668
-0.462493
-0.458186
-0.453878
-0.449571
-0.445263
-0.440955
-0.436646
-0.432338
-0.42803
-0.423722
-0.419414
-0.415107
-0.4108
-0.406494
-0.402188
-0.397883
-0.393578
-0.389274
-0.384971
-0.380669
-0.376367
-0.372066
-0.367766
-0.363467
-0.359168
-0.35487
-0.350574
-0.346277
-0.341982
-0.337688
-0.333394
-0.329101
-0.324809
-0.320517
-0.316227
-0.311937
-0.307648
-0.303359
-0.299071
-0.294784
-0.290498
-0.286212
-0.281927
-0.277643
-0.273359
-0.269076
-0.264794
-0.260512
-0.25623
-0.251949
-0.247669
-0.243389
-0.23911
-0.234831
-0.230553
-0.226275
-0.221997
-0.21772
-0.213443
-0.209167
-0.204891
-0.200615
-0.196339
-0.192064
-0.187789
-0.183515
-0.17924
-0.174966
-0.170692
-0.166418
-0.162145
-0.157872
-0.153598
-0.149325
-0.145052
-0.14078
-0.136507
-0.132234
-0.127962
-0.12369
-0.119417
-0.115145
-0.110873
-0.106601
-0.102329
-0.0980568
-0.0937849
-0.0895129
-0.085241
-0.0809692
-0.0766973
-0.0724254
-0.0681535
-0.0638816
-0.0596097
-0.0553377
-0.0510657
-0.0467937
-0.0425216
-0.0382494
-0.0339772
-0.0297049
-0.0254324
-0.0211599
-0.0168873
-0.0126145
-0.00834157
-0.00406849
0.000204754
0.00447818
0.00875181
0.0130257
0.0172997
0.0215741
0.0258486
0.0301235
0.0343987
0.0386742
0.04295
0.0472263
0.0515028
0.0557798
0.0600573
0.0643352
0.0686135
0.0728924
0.0771718
0.0814517
0.0857322
0.0900132
0.0942949
0.0985772
0.10286
0.107144
0.111428
0.115713
0.119999
0.124286
0.128573
0.132861
0.13715
0.14144
0.145731
0.150022
0.154314
0.158608
0.162902
0.167197
0.171492
0.175789
0.180087
0.184385
0.188685
0.192985
0.197286
0.201588
0.205891
0.210195
0.2145
0.218805
0.223111
0.227418
0.231726
0.236034
0.240343
0.244652
0.248961
0.253271
0.257581
0.261891
0.266201
0.270511
0.274821
0.279131
0.28344
0.287749
0.292057
0.296366
0.300674
0.304982
0.30929
0.313599
0.317909
0.322219
0.326531
0.330844
0.335157
0.339473
-0.517369
-0.513054
-0.508741
-0.504429
-0.500119
-0.495809
-0.491501
-0.487193
-0.482886
-0.478579
-0.474273
-0.469966
-0.465659
-0.461352
-0.457045
-0.452737
-0.44843
-0.444122
-0.439814
-0.435506
-0.431198
-0.42689
-0.422583
-0.418276
-0.413969
-0.409663
-0.405357
-0.401052
-0.396748
-0.392444
-0.388142
-0.383839
-0.379538
-0.375237
-0.370937
-0.366638
-0.36234
-0.358042
-0.353746
-0.34945
-0.345154
-0.34086
-0.336566
-0.332274
-0.327982
-0.32369
-0.3194
-0.31511
-0.310821
-0.306532
-0.302245
-0.297958
-0.293671
-0.289386
-0.285101
-0.280817
-0.276533
-0.27225
-0.267967
-0.263685
-0.259404
-0.255123
-0.250843
-0.246563
-0.242284
-0.238005
-0.233727
-0.229449
-0.225171
-0.220894
-0.216617
-0.212341
-0.208065
-0.203789
-0.199513
-0.195238
-0.190963
-0.186689
-0.182414
-0.17814
-0.173866
-0.169593
-0.165319
-0.161046
-0.156773
-0.152499
-0.148227
-0.143954
-0.139681
-0.135409
-0.131136
-0.126864
-0.122592
-0.118319
-0.114047
-0.109775
-0.105503
-0.101231
-0.0969593
-0.0926873
-0.0884155
-0.0841436
-0.0798717
-0.0755999
-0.071328
-0.0670561
-0.0627842
-0.0585122
-0.0542403
-0.0499682
-0.0456961
-0.041424
-0.0371518
-0.0328794
-0.028607
-0.0243345
-0.0200619
-0.0157891
-0.0115162
-0.00724315
-0.00296992
0.0013035
0.00557712
0.00985095
0.014125
0.0183993
0.0226739
0.0269488
0.0312239
0.0354994
0.0397753
0.0440515
0.048328
0.052605
0.0568824
0.0611603
0.0654386
0.0697175
0.0739968
0.0782767
0.0825572
0.0868382
0.0911199
0.0954022
0.0996851
0.103969
0.108253
0.112538
0.116824
0.12111
0.125398
0.129686
0.133975
0.138264
0.142555
0.146846
0.151138
0.155431
0.159725
0.16402
0.168316
0.172613
0.17691
0.181208
0.185508
0.189808
0.194109
0.198411
0.202713
0.207017
0.211321
0.215627
0.219933
0.224239
0.228546
0.232854
0.237163
0.241472
0.245781
0.25009
0.2544
0.25871
0.26302
0.267329
0.271639
0.275948
0.280257
0.284566
0.288874
0.293183
0.297491
0.301799
0.306107
0.310416
0.314725
0.319036
0.323347
0.32766
0.331974
0.336289
-0.520534
-0.516219
-0.511906
-0.507595
-0.503284
-0.498975
-0.494667
-0.490359
-0.486052
-0.481745
-0.477439
-0.473132
-0.468825
-0.464519
-0.460211
-0.455904
-0.451597
-0.447289
-0.442981
-0.438674
-0.434366
-0.430059
-0.425752
-0.421445
-0.417138
-0.412832
-0.408527
-0.404222
-0.399918
-0.395615
-0.391312
-0.38701
-0.382709
-0.378408
-0.374109
-0.36981
-0.365512
-0.361214
-0.356918
-0.352622
-0.348327
-0.344033
-0.339739
-0.335446
-0.331154
-0.326863
-0.322573
-0.318283
-0.313994
-0.309706
-0.305418
-0.301131
-0.296845
-0.292559
-0.288274
-0.28399
-0.279706
-0.275423
-0.271141
-0.266859
-0.262578
-0.258297
-0.254017
-0.249737
-0.245458
-0.241179
-0.2369
-0.232623
-0.228345
-0.224068
-0.219791
-0.215515
-0.211239
-0.206963
-0.202687
-0.198412
-0.194137
-0.189863
-0.185589
-0.181314
-0.17704
-0.172767
-0.168493
-0.16422
-0.159947
-0.155674
-0.151401
-0.147128
-0.142855
-0.138583
-0.13431
-0.130038
-0.125766
-0.121494
-0.117222
-0.11295
-0.108678
-0.104406
-0.100134
-0.0958617
-0.0915899
-0.087318
-0.0830462
-0.0787743
-0.0745025
-0.0702306
-0.0659587
-0.0616868
-0.0574148
-0.0531428
-0.0488707
-0.0445986
-0.0403263
-0.036054
-0.0317816
-0.0275091
-0.0232365
-0.0189638
-0.0146909
-0.0104178
-0.00614459
-0.00187119
0.00240242
0.00667624
0.0109503
0.0152246
0.0194992
0.023774
0.0280492
0.0323247
0.0366005
0.0408767
0.0451532
0.0494302
0.0537076
0.0579854
0.0622638
0.0665426
0.0708219
0.0751018
0.0793822
0.0836632
0.0879448
0.0922271
0.09651
0.100794
0.105078
0.109363
0.113648
0.117935
0.122222
0.12651
0.130799
0.135089
0.139379
0.14367
0.147962
0.152255
0.156549
0.160844
0.165139
0.169436
0.173733
0.178031
0.182331
0.186631
0.190931
0.195233
0.199536
0.203839
0.208143
0.212448
0.216754
0.22106
0.225367
0.229675
0.233983
0.238291
0.2426
0.24691
0.251219
0.255529
0.259838
0.264148
0.268457
0.272766
0.277075
0.281383
0.285692
0.29
0.294308
0.298616
0.302924
0.307233
0.311542
0.315852
0.320164
0.324476
0.32879
0.333105
-0.523699
-0.519384
-0.515072
-0.51076
-0.50645
-0.50214
-0.497832
-0.493525
-0.489218
-0.484911
-0.480605
-0.476298
-0.471992
-0.467685
-0.463378
-0.459071
-0.454764
-0.450456
-0.446149
-0.441841
-0.437534
-0.433227
-0.42892
-0.424614
-0.420307
-0.416002
-0.411697
-0.407392
-0.403088
-0.398785
-0.394483
-0.390181
-0.38588
-0.38158
-0.37728
-0.372981
-0.368683
-0.364386
-0.36009
-0.355794
-0.351499
-0.347205
-0.342912
-0.338619
-0.334327
-0.330036
-0.325746
-0.321456
-0.317167
-0.312879
-0.308591
-0.304304
-0.300018
-0.295733
-0.291448
-0.287164
-0.28288
-0.278597
-0.274315
-0.270033
-0.265751
-0.261471
-0.25719
-0.252911
-0.248631
-0.244353
-0.240074
-0.235796
-0.231519
-0.227242
-0.222965
-0.218689
-0.214413
-0.210137
-0.205862
-0.201586
-0.197312
-0.193037
-0.188763
-0.184488
-0.180215
-0.175941
-0.171667
-0.167394
-0.163121
-0.158848
-0.154575
-0.150302
-0.14603
-0.141757
-0.137485
-0.133212
-0.12894
-0.124668
-0.120396
-0.116124
-0.111852
-0.10758
-0.103308
-0.0990361
-0.0947643
-0.0904924
-0.0862206
-0.0819488
-0.0776769
-0.0734051
-0.0691332
-0.0648613
-0.0605893
-0.0563173
-0.0520453
-0.0477731
-0.0435009
-0.0392286
-0.0349563
-0.0306838
-0.0264112
-0.0221384
-0.0178655
-0.0135925
-0.00931927
-0.00504588
-0.000772283
0.00350153
0.00777557
0.0120499
0.0163244
0.0205993
0.0248744
0.0291499
0.0334257
0.0377018
0.0419784
0.0462553
0.0505327
0.0548106
0.0590889
0.0633677
0.067647
0.0719268
0.0762072
0.0804882
0.0847698
0.089052
0.0933348
0.0976184
0.101903
0.106188
0.110473
0.11476
0.119047
0.123335
0.127623
0.131913
0.136203
0.140494
0.144786
0.149079
0.153373
0.157667
0.161963
0.166259
0.170556
0.174854
0.179153
0.183453
0.187754
0.192055
0.196358
0.200661
0.204965
0.209269
0.213575
0.217881
0.222188
0.226495
0.230803
0.235111
0.23942
0.243729
0.248038
0.252347
0.256657
0.260966
0.265275
0.269584
0.273892
0.278201
0.282509
0.286817
0.291125
0.295433
0.299741
0.30405
0.308359
0.312669
0.31698
0.321293
0.325606
0.329921
-0.526864
-0.52255
-0.518237
-0.513925
-0.509615
-0.505306
-0.500998
-0.49669
-0.492384
-0.488077
-0.483771
-0.479464
-0.475158
-0.470851
-0.466545
-0.462238
-0.457931
-0.453624
-0.449316
-0.445009
-0.440702
-0.436395
-0.432089
-0.427782
-0.423477
-0.419171
-0.414866
-0.410562
-0.406259
-0.401956
-0.397653
-0.393352
-0.389051
-0.384751
-0.380451
-0.376153
-0.371855
-0.367558
-0.363262
-0.358966
-0.354671
-0.350377
-0.346084
-0.341792
-0.3375
-0.333209
-0.328918
-0.324629
-0.32034
-0.316052
-0.311764
-0.307478
-0.303192
-0.298906
-0.294621
-0.290337
-0.286054
-0.281771
-0.277488
-0.273206
-0.268925
-0.264644
-0.260364
-0.256085
-0.251805
-0.247527
-0.243248
-0.23897
-0.234693
-0.230416
-0.226139
-0.221863
-0.217587
-0.213311
-0.209036
-0.20476
-0.200486
-0.196211
-0.191937
-0.187663
-0.183389
-0.179115
-0.174842
-0.170568
-0.166295
-0.162022
-0.157749
-0.153476
-0.149204
-0.144931
-0.140659
-0.136387
-0.132114
-0.127842
-0.12357
-0.119298
-0.115026
-0.110754
-0.106482
-0.102211
-0.0979387
-0.0936669
-0.089395
-0.0851232
-0.0808514
-0.0765796
-0.0723077
-0.0680358
-0.0637638
-0.0594919
-0.0552198
-0.0509477
-0.0466755
-0.0424032
-0.0381309
-0.0338584
-0.0295858
-0.0253131
-0.0210402
-0.0167672
-0.012494
-0.00822058
-0.00394699
0.000326807
0.00460084
0.00887512
0.0131497
0.0174245
0.0216996
0.0259751
0.0302509
0.034527
0.0388036
0.0430805
0.0473579
0.0516357
0.055914
0.0601927
0.064472
0.0687518
0.0730322
0.0773131
0.0815947
0.0858769
0.0901597
0.0944432
0.0987273
0.103012
0.107298
0.111584
0.115871
0.120159
0.124448
0.128737
0.133027
0.137318
0.14161
0.145903
0.150197
0.154491
0.158786
0.163083
0.16738
0.171678
0.175976
0.180276
0.184576
0.188878
0.19318
0.197483
0.201786
0.206091
0.210396
0.214702
0.219008
0.223316
0.227623
0.231931
0.23624
0.240548
0.244857
0.249166
0.253475
0.257784
0.262093
0.266402
0.27071
0.275018
0.279326
0.283634
0.287942
0.29225
0.296558
0.300866
0.305176
0.309486
0.313797
0.318109
0.322422
0.326737
-0.530029
-0.525715
-0.521402
-0.517091
-0.512781
-0.508472
-0.504164
-0.499856
-0.495549
-0.491243
-0.486937
-0.482631
-0.478324
-0.474018
-0.469711
-0.465405
-0.461098
-0.456791
-0.452484
-0.448177
-0.44387
-0.439564
-0.435257
-0.430951
-0.426646
-0.422341
-0.418036
-0.413732
-0.409429
-0.405126
-0.400824
-0.396523
-0.392222
-0.387922
-0.383623
-0.379324
-0.375027
-0.37073
-0.366434
-0.362138
-0.357844
-0.35355
-0.349257
-0.344964
-0.340673
-0.336382
-0.332091
-0.327802
-0.323513
-0.319225
-0.314938
-0.310651
-0.306365
-0.30208
-0.297795
-0.293511
-0.289227
-0.284944
-0.280662
-0.27638
-0.272099
-0.267818
-0.263538
-0.259258
-0.254979
-0.2507
-0.246422
-0.242144
-0.237867
-0.23359
-0.229313
-0.225037
-0.220761
-0.216485
-0.21221
-0.207934
-0.20366
-0.199385
-0.195111
-0.190837
-0.186563
-0.182289
-0.178016
-0.173742
-0.169469
-0.165196
-0.160923
-0.156651
-0.152378
-0.148106
-0.143833
-0.139561
-0.135289
-0.131017
-0.126745
-0.122473
-0.118201
-0.113929
-0.109657
-0.105385
-0.101113
-0.0968413
-0.0925695
-0.0882977
-0.0840259
-0.079754
-0.0754822
-0.0712103
-0.0669384
-0.0626664
-0.0583944
-0.0541223
-0.0498501
-0.0455778
-0.0413055
-0.037033
-0.0327604
-0.0284877
-0.0242149
-0.0199418
-0.0156687
-0.0113953
-0.00712171
-0.00284792
0.0014261
0.00570037
0.0099749
0.0142497
0.0185248
0.0228003
0.0270761
0.0313522
0.0356287
0.0399056
0.044183
0.0484608
0.052739
0.0570178
0.061297
0.0655768
0.0698572
0.0741381
0.0784196
0.0827018
0.0869845
0.091268
0.0955521
0.0998369
0.104122
0.108409
0.112696
0.116983
0.121272
0.125561
0.129852
0.134143
0.138434
0.142727
0.14702
0.151315
0.15561
0.159906
0.164203
0.168501
0.172799
0.177099
0.181399
0.1857
0.190002
0.194305
0.198608
0.202912
0.207217
0.211523
0.215829
0.220136
0.224443
0.228751
0.233059
0.237368
0.241676
0.245985
0.250294
0.254602
0.258911
0.263219
0.267528
0.271836
0.276143
0.280451
0.284759
0.289067
0.293375
0.297683
0.301992
0.306302
0.310613
0.314926
0.319239
0.323553
-0.533194
-0.52888
-0.524568
-0.520256
-0.515946
-0.511637
-0.507329
-0.503022
-0.498715
-0.494409
-0.490103
-0.485797
-0.481491
-0.477184
-0.472878
-0.468572
-0.464265
-0.459958
-0.455652
-0.451345
-0.447038
-0.442732
-0.438426
-0.43412
-0.429815
-0.42551
-0.421206
-0.416902
-0.412599
-0.408296
-0.403994
-0.399693
-0.395393
-0.391093
-0.386794
-0.382496
-0.378198
-0.373902
-0.369606
-0.36531
-0.361016
-0.356722
-0.352429
-0.348137
-0.343845
-0.339554
-0.335264
-0.330975
-0.326686
-0.322398
-0.318111
-0.313824
-0.309538
-0.305253
-0.300968
-0.296684
-0.292401
-0.288118
-0.283836
-0.279554
-0.275273
-0.270992
-0.266712
-0.262432
-0.258153
-0.253874
-0.249596
-0.245318
-0.241041
-0.236764
-0.232487
-0.228211
-0.223935
-0.219659
-0.215384
-0.211108
-0.206834
-0.202559
-0.198285
-0.194011
-0.189737
-0.185463
-0.18119
-0.176916
-0.172643
-0.16837
-0.164098
-0.159825
-0.155552
-0.15128
-0.147007
-0.142735
-0.138463
-0.134191
-0.129919
-0.125647
-0.121375
-0.117103
-0.112831
-0.108559
-0.104288
-0.100016
-0.0957439
-0.0914721
-0.0872003
-0.0829285
-0.0786567
-0.0743848
-0.0701129
-0.065841
-0.0615689
-0.0572969
-0.0530247
-0.0487525
-0.0444801
-0.0402077
-0.0359351
-0.0316624
-0.0273895
-0.0231165
-0.0188434
-0.01457
-0.0102964
-0.00602265
-0.00174865
0.00252561
0.00680013
0.0110749
0.01535
0.0196255
0.0239012
0.0281774
0.0324539
0.0367308
0.0410081
0.0452859
0.0495641
0.0538428
0.0581221
0.0624018
0.0666821
0.070963
0.0752445
0.0795266
0.0838093
0.0880927
0.0923768
0.0966616
0.100947
0.105233
0.10952
0.113808
0.118096
0.122386
0.126676
0.130967
0.135258
0.139551
0.143844
0.148138
0.152433
0.156729
0.161026
0.165324
0.169622
0.173921
0.178221
0.182522
0.186824
0.191126
0.19543
0.199734
0.204038
0.208344
0.21265
0.216956
0.221263
0.225571
0.229879
0.234187
0.238495
0.242804
0.247112
0.251421
0.255729
0.260037
0.264345
0.268653
0.272961
0.277268
0.281576
0.285884
0.290192
0.2945
0.298809
0.303119
0.30743
0.311742
0.316055
0.320369
-0.536358
-0.532045
-0.527733
-0.523422
-0.519112
-0.514803
-0.510495
-0.506188
-0.501881
-0.497575
-0.493269
-0.488963
-0.484657
-0.480351
-0.476045
-0.471739
-0.467432
-0.463126
-0.458819
-0.454513
-0.450207
-0.445901
-0.441595
-0.437289
-0.432984
-0.42868
-0.424375
-0.420072
-0.415769
-0.411467
-0.407165
-0.402864
-0.398564
-0.394264
-0.389965
-0.385667
-0.38137
-0.377073
-0.372778
-0.368482
-0.364188
-0.359894
-0.355602
-0.351309
-0.347018
-0.342727
-0.338437
-0.334148
-0.329859
-0.325571
-0.321284
-0.316998
-0.312712
-0.308426
-0.304142
-0.299858
-0.295574
-0.291291
-0.287009
-0.282727
-0.278446
-0.274166
-0.269886
-0.265606
-0.261327
-0.257048
-0.25277
-0.248492
-0.244215
-0.239938
-0.235661
-0.231385
-0.227109
-0.222833
-0.218558
-0.214283
-0.210008
-0.205733
-0.201459
-0.197185
-0.192911
-0.188637
-0.184364
-0.180091
-0.175818
-0.171545
-0.167272
-0.162999
-0.158727
-0.154454
-0.150182
-0.145909
-0.141637
-0.137365
-0.133093
-0.128821
-0.124549
-0.120277
-0.116006
-0.111734
-0.107462
-0.10319
-0.0989184
-0.0946466
-0.0903748
-0.086103
-0.0818312
-0.0775594
-0.0732875
-0.0690155
-0.0647435
-0.0604714
-0.0561993
-0.0519271
-0.0476547
-0.0433823
-0.0391097
-0.034837
-0.0305642
-0.0262912
-0.0220181
-0.0177447
-0.0134712
-0.00919739
-0.0049234
-0.000649156
0.00362535
0.00790014
0.0121752
0.0164506
0.0207264
0.0250025
0.029279
0.0335559
0.0378332
0.042111
0.0463892
0.0506679
0.0549471
0.0592268
0.0635071
0.067788
0.0720694
0.0763515
0.0806342
0.0849175
0.0892015
0.0934862
0.0977716
0.102058
0.106345
0.110632
0.114921
0.11921
0.1235
0.127791
0.132082
0.136375
0.140668
0.144962
0.149257
0.153553
0.157849
0.162147
0.166445
0.170744
0.175044
0.179344
0.183646
0.187948
0.192251
0.196555
0.20086
0.205165
0.20947
0.213777
0.218084
0.222391
0.226698
0.231006
0.235314
0.239623
0.243931
0.248239
0.252547
0.256855
0.261163
0.265471
0.269778
0.274086
0.278393
0.282701
0.287008
0.291317
0.295626
0.299936
0.304246
0.308558
0.312871
0.317185
-0.539523
-0.53521
-0.530898
-0.526587
-0.522278
-0.517969
-0.513661
-0.509354
-0.505047
-0.500741
-0.496435
-0.492129
-0.487824
-0.483518
-0.479212
-0.474906
-0.470599
-0.466293
-0.461987
-0.457681
-0.453375
-0.449069
-0.444763
-0.440458
-0.436153
-0.431849
-0.427545
-0.423242
-0.418939
-0.414637
-0.410336
-0.406035
-0.401735
-0.397435
-0.393137
-0.388839
-0.384542
-0.380245
-0.37595
-0.371655
-0.36736
-0.363067
-0.358774
-0.354482
-0.350191
-0.3459
-0.34161
-0.337321
-0.333032
-0.328744
-0.324457
-0.320171
-0.315885
-0.3116
-0.307315
-0.303031
-0.298748
-0.294465
-0.290183
-0.285901
-0.28162
-0.277339
-0.273059
-0.26878
-0.264501
-0.260222
-0.255944
-0.251666
-0.247388
-0.243111
-0.238835
-0.234559
-0.230283
-0.226007
-0.221732
-0.217457
-0.213182
-0.208907
-0.204633
-0.200359
-0.196085
-0.191811
-0.187538
-0.183265
-0.178992
-0.174719
-0.170446
-0.166173
-0.161901
-0.157628
-0.153356
-0.149084
-0.144812
-0.140539
-0.136267
-0.131996
-0.127724
-0.123452
-0.11918
-0.114908
-0.110636
-0.106365
-0.102093
-0.0978211
-0.0935493
-0.0892775
-0.0850057
-0.0807339
-0.076462
-0.0721901
-0.0679181
-0.063646
-0.0593739
-0.0551017
-0.0508294
-0.0465569
-0.0422844
-0.0380117
-0.0337389
-0.0294659
-0.0251928
-0.0209194
-0.0166459
-0.0123721
-0.00809816
-0.00382393
0.000450568
0.00472535
0.00900042
0.0132758
0.0175516
0.0218277
0.0261041
0.030381
0.0346583
0.038936
0.0432142
0.0474929
0.0517721
0.0560518
0.060332
0.0646129
0.0688943
0.0731763
0.077459
0.0817423
0.0860262
0.0903109
0.0945962
0.0988823
0.103169
0.107457
0.111745
0.116034
0.120324
0.124615
0.128906
0.133198
0.137492
0.141785
0.14608
0.150376
0.154672
0.15897
0.163268
0.167567
0.171866
0.176167
0.180468
0.18477
0.189073
0.193377
0.197681
0.201986
0.206291
0.210597
0.214904
0.219211
0.223518
0.227826
0.232133
0.236441
0.240749
0.245057
0.249365
0.253673
0.257981
0.262288
0.266596
0.270903
0.27521
0.279518
0.283825
0.288134
0.292443
0.296752
0.301063
0.305375
0.309687
0.314001
-0.542688
-0.538375
-0.534064
-0.529753
-0.525443
-0.521135
-0.516827
-0.51252
-0.508213
-0.503907
-0.499601
-0.495296
-0.49099
-0.486684
-0.482378
-0.478073
-0.473767
-0.469461
-0.465155
-0.460849
-0.456543
-0.452237
-0.447932
-0.443627
-0.439323
-0.435018
-0.430715
-0.426412
-0.422109
-0.417807
-0.413506
-0.409206
-0.404906
-0.400606
-0.396308
-0.39201
-0.387713
-0.383417
-0.379121
-0.374827
-0.370532
-0.366239
-0.361946
-0.357654
-0.353363
-0.349073
-0.344783
-0.340494
-0.336205
-0.331918
-0.32763
-0.323344
-0.319058
-0.314773
-0.310489
-0.306205
-0.301921
-0.297639
-0.293356
-0.289075
-0.284794
-0.280513
-0.276233
-0.271953
-0.267674
-0.263396
-0.259118
-0.25484
-0.250562
-0.246285
-0.242009
-0.237732
-0.233457
-0.229181
-0.224906
-0.220631
-0.216356
-0.212081
-0.207807
-0.203533
-0.199259
-0.194986
-0.190712
-0.186439
-0.182166
-0.177893
-0.17362
-0.169347
-0.165075
-0.160803
-0.15653
-0.152258
-0.147986
-0.143714
-0.139442
-0.13517
-0.130898
-0.126626
-0.122354
-0.118083
-0.113811
-0.109539
-0.105267
-0.100996
-0.0967238
-0.092452
-0.0881802
-0.0839084
-0.0796365
-0.0753646
-0.0710927
-0.0668206
-0.0625485
-0.0582763
-0.054004
-0.0497316
-0.0454591
-0.0411864
-0.0369136
-0.0326406
-0.0283675
-0.0240942
-0.0198206
-0.0155469
-0.0112729
-0.0069987
-0.00272422
0.00155054
0.00582561
0.010101
0.0143767
0.0186528
0.0229292
0.0272061
0.0314834
0.0357611
0.0400393
0.0443179
0.0485971
0.0528768
0.057157
0.0614378
0.0657191
0.0700011
0.0742837
0.078567
0.0828509
0.0871355
0.0914208
0.0957068
0.0999935
0.104281
0.108569
0.112858
0.117148
0.121439
0.12573
0.130022
0.134315
0.138609
0.142904
0.147199
0.151495
0.155792
0.16009
0.164389
0.168689
0.172989
0.17729
0.181592
0.185895
0.190198
0.194502
0.198807
0.203112
0.207418
0.211724
0.216031
0.220338
0.224645
0.228953
0.23326
0.237568
0.241876
0.246183
0.250491
0.254798
0.259106
0.263413
0.26772
0.272027
0.276335
0.280642
0.284951
0.289259
0.293569
0.297879
0.302191
0.306503
0.310817
-0.545853
-0.541541
-0.537229
-0.532918
-0.528609
-0.5243
-0.519993
-0.515686
-0.511379
-0.507073
-0.502768
-0.498462
-0.494157
-0.489851
-0.485545
-0.48124
-0.476934
-0.472628
-0.468322
-0.464017
-0.459711
-0.455406
-0.451101
-0.446796
-0.442492
-0.438188
-0.433884
-0.429582
-0.425279
-0.420978
-0.416677
-0.412376
-0.408077
-0.403778
-0.399479
-0.395182
-0.390885
-0.386589
-0.382293
-0.377999
-0.373705
-0.369411
-0.365119
-0.360827
-0.356536
-0.352245
-0.347956
-0.343667
-0.339378
-0.335091
-0.330804
-0.326517
-0.322232
-0.317946
-0.313662
-0.309378
-0.305095
-0.300812
-0.29653
-0.292248
-0.287967
-0.283687
-0.279407
-0.275127
-0.270848
-0.26657
-0.262291
-0.258014
-0.253736
-0.249459
-0.245183
-0.240906
-0.23663
-0.232355
-0.22808
-0.223805
-0.21953
-0.215255
-0.210981
-0.206707
-0.202433
-0.19816
-0.193886
-0.189613
-0.18534
-0.181067
-0.176794
-0.172522
-0.168249
-0.163977
-0.159704
-0.155432
-0.15116
-0.146888
-0.142616
-0.138344
-0.134072
-0.1298
-0.125529
-0.121257
-0.116985
-0.112713
-0.108442
-0.10417
-0.0998983
-0.0956265
-0.0913547
-0.0870829
-0.0828111
-0.0785392
-0.0742672
-0.0699952
-0.0657231
-0.0614509
-0.0571786
-0.0529062
-0.0486337
-0.0443611
-0.0400883
-0.0358153
-0.0315422
-0.0272689
-0.0229954
-0.0187216
-0.0144477
-0.0101735
-0.00589902
-0.00162427
0.00265078
0.00692615
0.0112019
0.0154779
0.0197544
0.0240312
0.0283085
0.0325861
0.0368643
0.0411429
0.0454221
0.0497017
0.0539819
0.0582627
0.062544
0.0668259
0.0711085
0.0753917
0.0796756
0.0839601
0.0882454
0.0925313
0.096818
0.101105
0.105394
0.109682
0.113972
0.118263
0.122554
0.126846
0.131139
0.135433
0.139727
0.144022
0.148318
0.152615
0.156913
0.161212
0.165511
0.169811
0.174112
0.178414
0.182716
0.187019
0.191323
0.195628
0.199933
0.204238
0.208544
0.212851
0.217157
0.221465
0.225772
0.230079
0.234387
0.238694
0.243002
0.247309
0.251616
0.255923
0.26023
0.264537
0.268845
0.273152
0.277459
0.281767
0.286076
0.290386
0.294696
0.299007
0.30332
0.307633
-0.549018
-0.544706
-0.540394
-0.536084
-0.531774
-0.527466
-0.523158
-0.518852
-0.514545
-0.510239
-0.505934
-0.501628
-0.497323
-0.493018
-0.488712
-0.484407
-0.480101
-0.475796
-0.47149
-0.467185
-0.462879
-0.458574
-0.45427
-0.449965
-0.445661
-0.441357
-0.437054
-0.432751
-0.428449
-0.424148
-0.419847
-0.415547
-0.411248
-0.406949
-0.402651
-0.398353
-0.394057
-0.389761
-0.385465
-0.381171
-0.376877
-0.372584
-0.368291
-0.364
-0.359709
-0.355418
-0.351129
-0.34684
-0.342551
-0.338264
-0.333977
-0.32969
-0.325405
-0.32112
-0.316835
-0.312551
-0.308268
-0.303986
-0.299704
-0.295422
-0.291141
-0.28686
-0.28258
-0.278301
-0.274022
-0.269743
-0.265465
-0.261187
-0.25691
-0.252633
-0.248357
-0.24408
-0.239804
-0.235529
-0.231254
-0.226979
-0.222704
-0.218429
-0.214155
-0.209881
-0.205607
-0.201334
-0.19706
-0.192787
-0.188514
-0.184241
-0.179968
-0.175696
-0.171423
-0.167151
-0.162879
-0.158606
-0.154334
-0.150062
-0.14579
-0.141518
-0.137247
-0.132975
-0.128703
-0.124431
-0.12016
-0.115888
-0.111616
-0.107344
-0.103073
-0.098801
-0.0945293
-0.0902575
-0.0859856
-0.0817138
-0.0774418
-0.0731698
-0.0688977
-0.0646255
-0.0603533
-0.0560809
-0.0518084
-0.0475357
-0.043263
-0.03899
-0.0347169
-0.0304436
-0.0261701
-0.0218964
-0.0176225
-0.0133483
-0.00907382
-0.00479908
-0.000524049
0.00375131
0.008027
0.012303
0.0165795
0.0208563
0.0251335
0.0294112
0.0336893
0.0379679
0.042247
0.0465267
0.0508068
0.0550875
0.0593688
0.0636507
0.0679333
0.0722164
0.0765002
0.0807847
0.0850699
0.0893558
0.0936424
0.0979297
0.102218
0.106507
0.110796
0.115087
0.119378
0.12367
0.127963
0.132256
0.13655
0.140846
0.145142
0.149438
0.153736
0.158034
0.162334
0.166633
0.170934
0.175236
0.179538
0.183841
0.188144
0.192449
0.196753
0.201059
0.205364
0.209671
0.213977
0.218284
0.222591
0.226898
0.231205
0.235513
0.23982
0.244127
0.248434
0.252741
0.257048
0.261355
0.265662
0.269969
0.274276
0.278584
0.282893
0.287202
0.291513
0.295824
0.300136
0.304449
-0.552183
-0.547871
-0.54356
-0.539249
-0.53494
-0.530632
-0.526324
-0.522018
-0.517711
-0.513406
-0.5091
-0.504795
-0.50049
-0.496184
-0.491879
-0.487574
-0.483269
-0.478963
-0.474658
-0.470353
-0.466048
-0.461743
-0.457438
-0.453134
-0.44883
-0.444527
-0.440224
-0.435921
-0.43162
-0.427318
-0.423018
-0.418718
-0.414418
-0.41012
-0.405822
-0.401525
-0.397228
-0.392932
-0.388637
-0.384343
-0.380049
-0.375756
-0.371464
-0.367172
-0.362881
-0.358591
-0.354301
-0.350012
-0.345724
-0.341437
-0.33715
-0.332864
-0.328578
-0.324293
-0.320009
-0.315725
-0.311442
-0.307159
-0.302877
-0.298596
-0.294315
-0.290034
-0.285754
-0.281475
-0.277196
-0.272917
-0.268639
-0.264361
-0.260084
-0.255807
-0.25153
-0.247254
-0.242978
-0.238703
-0.234428
-0.230153
-0.225878
-0.221603
-0.217329
-0.213055
-0.208781
-0.204508
-0.200235
-0.195961
-0.191688
-0.187415
-0.183143
-0.17887
-0.174598
-0.170325
-0.166053
-0.161781
-0.157509
-0.153237
-0.148965
-0.144693
-0.140421
-0.136149
-0.131877
-0.127606
-0.123334
-0.119062
-0.114791
-0.110519
-0.106247
-0.101976
-0.0977038
-0.093432
-0.0891602
-0.0848883
-0.0806164
-0.0763444
-0.0720723
-0.0678002
-0.0635279
-0.0592555
-0.0549831
-0.0507104
-0.0464377
-0.0421647
-0.0378916
-0.0336184
-0.0293449
-0.0250712
-0.0207972
-0.0165231
-0.0122486
-0.00797391
-0.00369889
0.000576452
0.00485213
0.00912816
0.0134046
0.0176814
0.0219586
0.0262362
0.0305143
0.0347929
0.039072
0.0433516
0.0476317
0.0519124
0.0561937
0.0604755
0.064758
0.0690411
0.0733249
0.0776093
0.0818944
0.0861803
0.0904668
0.0947541
0.0990421
0.103331
0.10762
0.111911
0.116202
0.120494
0.124786
0.12908
0.133374
0.137669
0.141965
0.146261
0.150559
0.154857
0.159156
0.163456
0.167756
0.172058
0.176359
0.180662
0.184965
0.189269
0.193574
0.197879
0.202185
0.206491
0.210797
0.215103
0.21941
0.223717
0.228024
0.232331
0.236638
0.240945
0.245252
0.249559
0.253866
0.258172
0.262479
0.266786
0.271093
0.275401
0.27971
0.284019
0.288329
0.29264
0.296952
0.301264
-0.555348
-0.551036
-0.546725
-0.542415
-0.538106
-0.533798
-0.52949
-0.525184
-0.520877
-0.516572
-0.512266
-0.507961
-0.503656
-0.499351
-0.495046
-0.490741
-0.486436
-0.482131
-0.477826
-0.473521
-0.469216
-0.464911
-0.460607
-0.456303
-0.451999
-0.447696
-0.443393
-0.439091
-0.43479
-0.430489
-0.426188
-0.421888
-0.417589
-0.413291
-0.408993
-0.404696
-0.4004
-0.396104
-0.391809
-0.387515
-0.383221
-0.378928
-0.374636
-0.370345
-0.366054
-0.361764
-0.357474
-0.353185
-0.348897
-0.34461
-0.340323
-0.336037
-0.331751
-0.327466
-0.323182
-0.318898
-0.314615
-0.310333
-0.306051
-0.301769
-0.297488
-0.293208
-0.288928
-0.284648
-0.280369
-0.276091
-0.271813
-0.267535
-0.263258
-0.258981
-0.254704
-0.250428
-0.246152
-0.241877
-0.237601
-0.233327
-0.229052
-0.224777
-0.220503
-0.216229
-0.211956
-0.207682
-0.203409
-0.199135
-0.194862
-0.19059
-0.186317
-0.182044
-0.177772
-0.173499
-0.169227
-0.164955
-0.160683
-0.156411
-0.152139
-0.147867
-0.143595
-0.139324
-0.135052
-0.13078
-0.126508
-0.122237
-0.117965
-0.113693
-0.109422
-0.10515
-0.100878
-0.0966065
-0.0923347
-0.0880629
-0.083791
-0.079519
-0.0752469
-0.0709748
-0.0667026
-0.0624302
-0.0581577
-0.0538851
-0.0496124
-0.0453395
-0.0410664
-0.0367931
-0.0325196
-0.0282459
-0.023972
-0.0196979
-0.0154234
-0.0111487
-0.00687373
-0.00259841
0.00167725
0.00595326
0.0102296
0.0145064
0.0187836
0.0230613
0.0273393
0.0316179
0.0358969
0.0401765
0.0444566
0.0487373
0.0530185
0.0573003
0.0615828
0.0658658
0.0701495
0.0744339
0.078719
0.0830047
0.0872912
0.0915784
0.0958663
0.100155
0.104444
0.108735
0.113026
0.117317
0.12161
0.125903
0.130197
0.134492
0.138788
0.143084
0.147382
0.15168
0.155978
0.160278
0.164578
0.168879
0.173181
0.177484
0.181787
0.18609
0.190395
0.1947
0.199005
0.20331
0.207617
0.211923
0.216229
0.220536
0.224843
0.22915
0.233457
0.237763
0.24207
0.246377
0.250683
0.25499
0.259296
0.263603
0.26791
0.272218
0.276527
0.280836
0.285146
0.289456
0.293768
0.29808
-0.558513
-0.554201
-0.54989
-0.54558
-0.541271
-0.536963
-0.532656
-0.528349
-0.524044
-0.519738
-0.515433
-0.511128
-0.506823
-0.502518
-0.498213
-0.493908
-0.489603
-0.485298
-0.480994
-0.476689
-0.472384
-0.46808
-0.463776
-0.459472
-0.455169
-0.450866
-0.446563
-0.442261
-0.43796
-0.433659
-0.429359
-0.425059
-0.42076
-0.416462
-0.412164
-0.407867
-0.403571
-0.399276
-0.394981
-0.390687
-0.386393
-0.3821
-0.377808
-0.373517
-0.369226
-0.364936
-0.360647
-0.356358
-0.35207
-0.347783
-0.343496
-0.33921
-0.334924
-0.33064
-0.326355
-0.322072
-0.317789
-0.313506
-0.309224
-0.304943
-0.300662
-0.296381
-0.292102
-0.287822
-0.283543
-0.279265
-0.274987
-0.270709
-0.266432
-0.262155
-0.257878
-0.253602
-0.249326
-0.245051
-0.240775
-0.236501
-0.232226
-0.227951
-0.223677
-0.219403
-0.21513
-0.210856
-0.206583
-0.20231
-0.198037
-0.193764
-0.189491
-0.185218
-0.180946
-0.176674
-0.172401
-0.168129
-0.163857
-0.159585
-0.155313
-0.151041
-0.14677
-0.142498
-0.138226
-0.133955
-0.129683
-0.125411
-0.12114
-0.116868
-0.112596
-0.108325
-0.104053
-0.0997811
-0.0955093
-0.0912375
-0.0869656
-0.0826936
-0.0784216
-0.0741494
-0.0698772
-0.0656049
-0.0613324
-0.0570598
-0.0527871
-0.0485142
-0.0442411
-0.0399679
-0.0356944
-0.0314207
-0.0271468
-0.0228727
-0.0185983
-0.0143236
-0.0100486
-0.00577328
-0.00149763
0.00277836
0.00705473
0.0113315
0.0156087
0.0198863
0.0241643
0.0284429
0.0327219
0.0370014
0.0412815
0.0455621
0.0498433
0.0541251
0.0584075
0.0626905
0.0669742
0.0712585
0.0755435
0.0798292
0.0841156
0.0884027
0.0926905
0.0969791
0.101268
0.105559
0.109849
0.114141
0.118433
0.122727
0.127021
0.131315
0.135611
0.139907
0.144204
0.148502
0.152801
0.1571
0.1614
0.165701
0.170003
0.174305
0.178608
0.182911
0.187215
0.19152
0.195825
0.20013
0.204436
0.208742
0.213049
0.217355
0.221662
0.225968
0.230275
0.234581
0.238888
0.243194
0.247501
0.251807
0.256114
0.26042
0.264728
0.269035
0.273343
0.277652
0.281962
0.286273
0.290584
0.294896
-0.561678
-0.557366
-0.553055
-0.548746
-0.544437
-0.540129
-0.535822
-0.531515
-0.52721
-0.522904
-0.518599
-0.514294
-0.50999
-0.505685
-0.50138
-0.497075
-0.492771
-0.488466
-0.484161
-0.479857
-0.475553
-0.471248
-0.466945
-0.462641
-0.458338
-0.454035
-0.449733
-0.445431
-0.44113
-0.436829
-0.432529
-0.42823
-0.423931
-0.419633
-0.415336
-0.411039
-0.406743
-0.402447
-0.398153
-0.393859
-0.389565
-0.385273
-0.380981
-0.376689
-0.372399
-0.368109
-0.36382
-0.359531
-0.355243
-0.350956
-0.346669
-0.342383
-0.338098
-0.333813
-0.329529
-0.325245
-0.320962
-0.31668
-0.312398
-0.308116
-0.303835
-0.299555
-0.295275
-0.290996
-0.286717
-0.282438
-0.27816
-0.273883
-0.269605
-0.265329
-0.261052
-0.256776
-0.2525
-0.248225
-0.243949
-0.239674
-0.2354
-0.231125
-0.226851
-0.222577
-0.218304
-0.21403
-0.209757
-0.205484
-0.201211
-0.196938
-0.192665
-0.188393
-0.18412
-0.179848
-0.175576
-0.171304
-0.167031
-0.16276
-0.158488
-0.154216
-0.149944
-0.145672
-0.141401
-0.137129
-0.132857
-0.128586
-0.124314
-0.120042
-0.115771
-0.111499
-0.107227
-0.102956
-0.0986839
-0.094412
-0.0901402
-0.0858682
-0.0815962
-0.0773241
-0.0730519
-0.0687795
-0.0645071
-0.0602345
-0.0559618
-0.0516889
-0.0474159
-0.0431426
-0.0388692
-0.0345955
-0.0303216
-0.0260475
-0.0217731
-0.0174984
-0.0132234
-0.00894815
-0.00467253
-0.000396549
0.0038798
0.00815654
0.0124337
0.0167113
0.0209893
0.0252678
0.0295468
0.0338263
0.0381064
0.0423869
0.0466681
0.0509498
0.0552322
0.0595152
0.0637988
0.068083
0.072368
0.0766536
0.0809399
0.085227
0.0895147
0.0938032
0.0980924
0.102382
0.106673
0.110965
0.115257
0.11955
0.123844
0.128139
0.132434
0.13673
0.141027
0.145325
0.149623
0.153922
0.158222
0.162523
0.166824
0.171126
0.175429
0.179732
0.184036
0.18834
0.192645
0.19695
0.201256
0.205562
0.209868
0.214174
0.21848
0.222787
0.227093
0.2314
0.235706
0.240012
0.244318
0.248625
0.252931
0.257238
0.261545
0.265852
0.27016
0.274469
0.278779
0.283089
0.2874
0.291712
-0.564842
-0.560531
-0.556221
-0.551911
-0.547603
-0.543295
-0.538988
-0.534682
-0.530376
-0.526071
-0.521766
-0.517461
-0.513156
-0.508852
-0.504547
-0.500243
-0.495938
-0.491634
-0.487329
-0.483025
-0.478721
-0.474417
-0.470113
-0.46581
-0.461507
-0.457205
-0.452902
-0.448601
-0.4443
-0.44
-0.4357
-0.431401
-0.427102
-0.422804
-0.418507
-0.41421
-0.409914
-0.405619
-0.401324
-0.397031
-0.392737
-0.388445
-0.384153
-0.379862
-0.375571
-0.371282
-0.366992
-0.362704
-0.358416
-0.354129
-0.349842
-0.345556
-0.341271
-0.336986
-0.332702
-0.328418
-0.324135
-0.319853
-0.315571
-0.31129
-0.307009
-0.302729
-0.298449
-0.29417
-0.289891
-0.285612
-0.281334
-0.277057
-0.272779
-0.268502
-0.264226
-0.25995
-0.255674
-0.251399
-0.247123
-0.242848
-0.238574
-0.234299
-0.230025
-0.225751
-0.221478
-0.217204
-0.212931
-0.208658
-0.204385
-0.200112
-0.195839
-0.191567
-0.187294
-0.183022
-0.17875
-0.174478
-0.170206
-0.165934
-0.161662
-0.15739
-0.153118
-0.148847
-0.144575
-0.140303
-0.136032
-0.13176
-0.127488
-0.123217
-0.118945
-0.114674
-0.110402
-0.10613
-0.101858
-0.0975866
-0.0933148
-0.0890428
-0.0847708
-0.0804987
-0.0762265
-0.0719542
-0.0676818
-0.0634092
-0.0591365
-0.0548636
-0.0505906
-0.0463174
-0.0420439
-0.0377703
-0.0334964
-0.0292223
-0.0249479
-0.0206733
-0.0163983
-0.012123
-0.00784743
-0.00357147
0.000704865
0.00498159
0.00925872
0.0135363
0.0178143
0.0220928
0.0263717
0.0306512
0.0349312
0.0392118
0.0434929
0.0477746
0.0520569
0.0563398
0.0606234
0.0649076
0.0691924
0.073478
0.0777643
0.0820512
0.0863389
0.0906273
0.0949165
0.0992063
0.103497
0.107788
0.112081
0.116374
0.120667
0.124962
0.129257
0.133553
0.13785
0.142147
0.146446
0.150745
0.155044
0.159345
0.163646
0.167948
0.17225
0.176553
0.180857
0.185161
0.189465
0.19377
0.198076
0.202381
0.206687
0.210993
0.215299
0.219605
0.223912
0.228218
0.232524
0.23683
0.241136
0.245442
0.249748
0.254055
0.258362
0.262669
0.266977
0.271286
0.275595
0.279905
0.284216
0.288528
-0.568007
-0.563696
-0.559386
-0.555077
-0.550768
-0.546461
-0.542154
-0.537848
-0.533542
-0.529237
-0.524932
-0.520627
-0.516323
-0.512019
-0.507714
-0.50341
-0.499106
-0.494801
-0.490497
-0.486193
-0.481889
-0.477585
-0.473282
-0.468979
-0.464676
-0.460374
-0.456072
-0.451771
-0.44747
-0.44317
-0.43887
-0.434571
-0.430273
-0.425975
-0.421678
-0.417382
-0.413086
-0.408791
-0.404496
-0.400203
-0.395909
-0.391617
-0.387325
-0.383034
-0.378744
-0.374454
-0.370165
-0.365877
-0.361589
-0.357302
-0.353015
-0.348729
-0.344444
-0.340159
-0.335875
-0.331592
-0.327309
-0.323026
-0.318745
-0.314463
-0.310183
-0.305902
-0.301623
-0.297343
-0.293064
-0.288786
-0.284508
-0.28023
-0.275953
-0.271676
-0.2674
-0.263124
-0.258848
-0.254572
-0.250297
-0.246022
-0.241748
-0.237473
-0.233199
-0.228925
-0.224652
-0.220378
-0.216105
-0.211832
-0.207559
-0.203286
-0.199014
-0.194741
-0.190469
-0.186196
-0.181924
-0.177652
-0.17338
-0.169108
-0.164836
-0.160564
-0.156293
-0.152021
-0.147749
-0.143478
-0.139206
-0.134934
-0.130663
-0.126391
-0.12212
-0.117848
-0.113576
-0.109305
-0.105033
-0.100761
-0.0964893
-0.0922174
-0.0879454
-0.0836734
-0.0794012
-0.0751289
-0.0708565
-0.0665839
-0.0623112
-0.0580384
-0.0537653
-0.0494921
-0.0452187
-0.0409451
-0.0366712
-0.0323971
-0.0281228
-0.0238481
-0.0195732
-0.0152979
-0.0110223
-0.00674639
-0.00247008
0.00180662
0.00608373
0.0103613
0.0146393
0.0189177
0.0231966
0.0274761
0.0317561
0.0360366
0.0403177
0.0445993
0.0488816
0.0531644
0.0574479
0.0617321
0.0660169
0.0703024
0.0745886
0.0788755
0.0831631
0.0874514
0.0917404
0.0960302
0.100321
0.104612
0.108904
0.113197
0.117491
0.121785
0.12608
0.130376
0.134672
0.13897
0.143268
0.147567
0.151866
0.156167
0.160468
0.164769
0.169071
0.173374
0.177678
0.181981
0.186286
0.19059
0.194896
0.199201
0.203506
0.207812
0.212118
0.216424
0.22073
0.225036
0.229342
0.233648
0.237954
0.24226
0.246566
0.250872
0.255179
0.259486
0.263794
0.268102
0.272412
0.276722
0.281032
0.285344
-0.571172
-0.566861
-0.562551
-0.558242
-0.553934
-0.549626
-0.54532
-0.541014
-0.536708
-0.532403
-0.528098
-0.523794
-0.51949
-0.515185
-0.510881
-0.506577
-0.502273
-0.497969
-0.493665
-0.489361
-0.485057
-0.480754
-0.476451
-0.472148
-0.467845
-0.463543
-0.459242
-0.454941
-0.45064
-0.44634
-0.442041
-0.437742
-0.433444
-0.429146
-0.424849
-0.420553
-0.416257
-0.411962
-0.407668
-0.403374
-0.399082
-0.394789
-0.390498
-0.386207
-0.381916
-0.377627
-0.373338
-0.369049
-0.364762
-0.360475
-0.356188
-0.351902
-0.347617
-0.343333
-0.339049
-0.334765
-0.330482
-0.3262
-0.321918
-0.317637
-0.313356
-0.309076
-0.304796
-0.300517
-0.296238
-0.29196
-0.287682
-0.283404
-0.279127
-0.27485
-0.270574
-0.266298
-0.262022
-0.257746
-0.253471
-0.249196
-0.244922
-0.240647
-0.236373
-0.232099
-0.227826
-0.223552
-0.219279
-0.215006
-0.210733
-0.20646
-0.202188
-0.197915
-0.193643
-0.189371
-0.185098
-0.180826
-0.176554
-0.172282
-0.168011
-0.163739
-0.159467
-0.155195
-0.150924
-0.146652
-0.142381
-0.138109
-0.133837
-0.129566
-0.125294
-0.121023
-0.116751
-0.112479
-0.108208
-0.103936
-0.0996639
-0.095392
-0.0911201
-0.086848
-0.0825758
-0.0783036
-0.0740312
-0.0697586
-0.065486
-0.0612131
-0.0569401
-0.0526669
-0.0483935
-0.0441199
-0.0398461
-0.035572
-0.0312976
-0.027023
-0.0227481
-0.0184728
-0.0141972
-0.00992132
-0.00564503
-0.00136835
0.00290874
0.00718625
0.0114642
0.0157426
0.0200215
0.024301
0.0285809
0.0328614
0.0371424
0.041424
0.0457062
0.0499891
0.0542725
0.0585566
0.0628414
0.0671268
0.0714129
0.0756997
0.0799872
0.0842755
0.0885644
0.0928541
0.0971446
0.101436
0.105728
0.11002
0.114314
0.118608
0.122903
0.127199
0.131495
0.135792
0.14009
0.144389
0.148688
0.152988
0.157289
0.161591
0.165893
0.170195
0.174498
0.178802
0.183106
0.18741
0.191715
0.19602
0.200326
0.204631
0.208937
0.213243
0.217548
0.221854
0.22616
0.230466
0.234771
0.239077
0.243383
0.247689
0.251996
0.256303
0.260611
0.264919
0.269228
0.273538
0.277849
0.28216
-0.574337
-0.570026
-0.565717
-0.561408
-0.557099
-0.552792
-0.548486
-0.54418
-0.539874
-0.535569
-0.531265
-0.526961
-0.522656
-0.518352
-0.514048
-0.509744
-0.50544
-0.501137
-0.496833
-0.492529
-0.488226
-0.483923
-0.47962
-0.475317
-0.471015
-0.466713
-0.462411
-0.458111
-0.45381
-0.44951
-0.445211
-0.440912
-0.436614
-0.432317
-0.42802
-0.423724
-0.419429
-0.415134
-0.41084
-0.406546
-0.402254
-0.397961
-0.39367
-0.389379
-0.385089
-0.380799
-0.37651
-0.372222
-0.367935
-0.363648
-0.359361
-0.355075
-0.35079
-0.346506
-0.342222
-0.337938
-0.333656
-0.329373
-0.325092
-0.32081
-0.31653
-0.312249
-0.30797
-0.303691
-0.299412
-0.295133
-0.290855
-0.286578
-0.282301
-0.278024
-0.273748
-0.269471
-0.265196
-0.26092
-0.256645
-0.25237
-0.248096
-0.243821
-0.239547
-0.235274
-0.231
-0.226726
-0.222453
-0.21818
-0.213907
-0.209634
-0.205362
-0.201089
-0.196817
-0.192545
-0.188273
-0.184001
-0.179729
-0.175457
-0.171185
-0.166913
-0.162641
-0.15837
-0.154098
-0.149827
-0.145555
-0.141283
-0.137012
-0.13274
-0.128469
-0.124197
-0.119925
-0.115654
-0.111382
-0.10711
-0.102839
-0.0985667
-0.0942947
-0.0900227
-0.0857505
-0.0814782
-0.0772059
-0.0729333
-0.0686607
-0.0643879
-0.0601149
-0.0558417
-0.0515683
-0.0472947
-0.0430209
-0.0387468
-0.0344725
-0.0301979
-0.0259229
-0.0216477
-0.0173722
-0.0130963
-0.00881999
-0.00454333
-0.000266265
0.00401122
0.00828916
0.0125676
0.0168464
0.0211258
0.0254057
0.0296862
0.0339672
0.0382487
0.0425309
0.0468137
0.0510971
0.0553811
0.0596658
0.0639512
0.0682372
0.0725239
0.0768114
0.0810995
0.0853884
0.089678
0.0939683
0.0982594
0.102551
0.106844
0.111137
0.115431
0.119726
0.124022
0.128318
0.132615
0.136913
0.141211
0.14551
0.14981
0.154111
0.158412
0.162714
0.167016
0.171319
0.175622
0.179926
0.18423
0.188535
0.19284
0.197145
0.20145
0.205756
0.210061
0.214367
0.218672
0.222978
0.227283
0.231589
0.235895
0.2402
0.244507
0.248813
0.25312
0.257428
0.261736
0.266045
0.270354
0.274665
0.278975
-0.577502
-0.573191
-0.568882
-0.564573
-0.560265
-0.555958
-0.551652
-0.547346
-0.54304
-0.538736
-0.534431
-0.530127
-0.525823
-0.521519
-0.517215
-0.512912
-0.508608
-0.504304
-0.500001
-0.495697
-0.491394
-0.487091
-0.482788
-0.478486
-0.474184
-0.469882
-0.465581
-0.46128
-0.45698
-0.452681
-0.448382
-0.444083
-0.439785
-0.435488
-0.431191
-0.426896
-0.4226
-0.418306
-0.414012
-0.409718
-0.405426
-0.401134
-0.396842
-0.392551
-0.388261
-0.383972
-0.379683
-0.375395
-0.371107
-0.366821
-0.362534
-0.358249
-0.353963
-0.349679
-0.345395
-0.341112
-0.336829
-0.332547
-0.328265
-0.323984
-0.319703
-0.315423
-0.311143
-0.306864
-0.302585
-0.298307
-0.294029
-0.289752
-0.285475
-0.281198
-0.276921
-0.272645
-0.26837
-0.264094
-0.259819
-0.255544
-0.25127
-0.246995
-0.242721
-0.238448
-0.234174
-0.2299
-0.225627
-0.221354
-0.217081
-0.212809
-0.208536
-0.204264
-0.199991
-0.195719
-0.191447
-0.187175
-0.182903
-0.178631
-0.174359
-0.170087
-0.165816
-0.161544
-0.157272
-0.153001
-0.148729
-0.144458
-0.140186
-0.135915
-0.131643
-0.127372
-0.1231
-0.118828
-0.114557
-0.110285
-0.106013
-0.101741
-0.0974693
-0.0931973
-0.0889252
-0.0846529
-0.0803806
-0.0761081
-0.0718354
-0.0675626
-0.0632896
-0.0590165
-0.0547431
-0.0504695
-0.0461957
-0.0419216
-0.0376473
-0.0333727
-0.0290978
-0.0248226
-0.0205471
-0.0162712
-0.011995
-0.00771832
-0.00344128
0.000836187
0.0051141
0.00939247
0.0136713
0.0179507
0.0222305
0.0265109
0.0307919
0.0350734
0.0393555
0.0436383
0.0479216
0.0522056
0.0564902
0.0607755
0.0650615
0.0693481
0.0736355
0.0779236
0.0822123
0.0865018
0.0907921
0.095083
0.0993747
0.103667
0.10796
0.112254
0.116549
0.120844
0.12514
0.129437
0.133735
0.138033
0.142332
0.146632
0.150932
0.155233
0.159535
0.163837
0.16814
0.172443
0.176746
0.181051
0.185355
0.18966
0.193964
0.198269
0.202575
0.20688
0.211185
0.215491
0.219796
0.224101
0.228407
0.232712
0.237018
0.241324
0.24563
0.249937
0.254244
0.258552
0.262861
0.26717
0.271481
0.275791
-0.580666
-0.576356
-0.572047
-0.567739
-0.563431
-0.559124
-0.554817
-0.550512
-0.546207
-0.541902
-0.537598
-0.533294
-0.52899
-0.524686
-0.520383
-0.516079
-0.511775
-0.507472
-0.503169
-0.498865
-0.494562
-0.49026
-0.485957
-0.481655
-0.477353
-0.473052
-0.468751
-0.46445
-0.46015
-0.455851
-0.451552
-0.447254
-0.442956
-0.438659
-0.434363
-0.430067
-0.425772
-0.421477
-0.417183
-0.41289
-0.408598
-0.404306
-0.400014
-0.395724
-0.391434
-0.387144
-0.382856
-0.378568
-0.37428
-0.369993
-0.365707
-0.361422
-0.357137
-0.352852
-0.348568
-0.344285
-0.340002
-0.33572
-0.331438
-0.327157
-0.322877
-0.318597
-0.314317
-0.310038
-0.305759
-0.301481
-0.297203
-0.292925
-0.288648
-0.284372
-0.280095
-0.275819
-0.271544
-0.267268
-0.262993
-0.258718
-0.254444
-0.250169
-0.245895
-0.241622
-0.237348
-0.233075
-0.228801
-0.224528
-0.220255
-0.215983
-0.21171
-0.207438
-0.203165
-0.198893
-0.194621
-0.190349
-0.186077
-0.181805
-0.177533
-0.173262
-0.16899
-0.164718
-0.160447
-0.156175
-0.151904
-0.147632
-0.143361
-0.139089
-0.134818
-0.130546
-0.126275
-0.122003
-0.117731
-0.11346
-0.109188
-0.104916
-0.100644
-0.096372
-0.0920998
-0.0878276
-0.0835553
-0.0792828
-0.0750101
-0.0707374
-0.0664644
-0.0621912
-0.0579179
-0.0536443
-0.0493705
-0.0450965
-0.0408222
-0.0365476
-0.0322727
-0.0279975
-0.023722
-0.0194462
-0.0151699
-0.0108933
-0.0066163
-0.00233886
0.00193903
0.00621737
0.0104962
0.0147755
0.0190553
0.0233357
0.0276166
0.0318981
0.0361802
0.0404629
0.0447461
0.0490301
0.0533146
0.0575999
0.0618858
0.0661723
0.0704596
0.0747476
0.0790363
0.0833257
0.0876158
0.0919066
0.0961982
0.100491
0.104784
0.109077
0.113372
0.117667
0.121963
0.12626
0.130557
0.134855
0.139154
0.143454
0.147754
0.152055
0.156356
0.160658
0.16496
0.169263
0.173567
0.177871
0.182175
0.186479
0.190784
0.195089
0.199394
0.203699
0.208004
0.212309
0.216614
0.220919
0.225224
0.22953
0.233835
0.238141
0.242447
0.246754
0.251061
0.255369
0.259678
0.263987
0.268297
0.272607
-0.583831
-0.579522
-0.575212
-0.570904
-0.566596
-0.56229
-0.557983
-0.553678
-0.549373
-0.545068
-0.540764
-0.53646
-0.532157
-0.527853
-0.52355
-0.519246
-0.514943
-0.51064
-0.506337
-0.502034
-0.497731
-0.493428
-0.489126
-0.484824
-0.480522
-0.476221
-0.47192
-0.46762
-0.46332
-0.459021
-0.454722
-0.450424
-0.446127
-0.44183
-0.437534
-0.433238
-0.428943
-0.424649
-0.420355
-0.416062
-0.411769
-0.407478
-0.403187
-0.398896
-0.394606
-0.390317
-0.386028
-0.38174
-0.377453
-0.373166
-0.36888
-0.364595
-0.36031
-0.356025
-0.351742
-0.347458
-0.343176
-0.338894
-0.334612
-0.330331
-0.32605
-0.32177
-0.317491
-0.313211
-0.308933
-0.304654
-0.300377
-0.296099
-0.291822
-0.287545
-0.283269
-0.278993
-0.274717
-0.270442
-0.266167
-0.261892
-0.257618
-0.253343
-0.249069
-0.244796
-0.240522
-0.236249
-0.231975
-0.227702
-0.22343
-0.219157
-0.214884
-0.210612
-0.20634
-0.202067
-0.197795
-0.193523
-0.189251
-0.18498
-0.180708
-0.176436
-0.172164
-0.167893
-0.163621
-0.15935
-0.155078
-0.150807
-0.146535
-0.142264
-0.137992
-0.133721
-0.129449
-0.125177
-0.120906
-0.116634
-0.112362
-0.108091
-0.103819
-0.0995466
-0.0952745
-0.0910023
-0.08673
-0.0824575
-0.0781849
-0.0739121
-0.0696392
-0.065366
-0.0610927
-0.0568191
-0.0525454
-0.0482713
-0.0439971
-0.0397225
-0.0354476
-0.0311725
-0.026897
-0.0226211
-0.0183449
-0.0140683
-0.00979133
-0.00551391
-0.00123606
0.00304225
0.00732105
0.0116003
0.0158801
0.0201605
0.0244413
0.0287228
0.0330048
0.0372874
0.0415707
0.0458545
0.050139
0.0544242
0.05871
0.0629965
0.0672837
0.0715716
0.0758602
0.0801495
0.0844395
0.0887302
0.0930217
0.0973139
0.101607
0.1059
0.110195
0.11449
0.118786
0.123082
0.12738
0.131678
0.135976
0.140275
0.144575
0.148876
0.153177
0.157479
0.161781
0.166084
0.170387
0.174691
0.178994
0.183299
0.187603
0.191908
0.196212
0.200517
0.204822
0.209127
0.213432
0.217737
0.222042
0.226347
0.230653
0.234958
0.239264
0.243571
0.247878
0.252186
0.256494
0.260803
0.265113
0.269423
-0.586996
-0.582687
-0.578378
-0.574069
-0.569762
-0.565455
-0.561149
-0.556844
-0.552539
-0.548235
-0.543931
-0.539627
-0.535324
-0.53102
-0.526717
-0.522414
-0.51811
-0.513807
-0.509504
-0.505202
-0.500899
-0.496597
-0.492295
-0.487993
-0.483691
-0.47939
-0.47509
-0.47079
-0.46649
-0.462191
-0.457893
-0.453595
-0.449298
-0.445001
-0.440705
-0.436409
-0.432114
-0.42782
-0.423527
-0.419234
-0.414941
-0.41065
-0.406359
-0.402068
-0.397779
-0.393489
-0.389201
-0.384913
-0.380626
-0.376339
-0.372053
-0.367768
-0.363483
-0.359198
-0.354915
-0.350632
-0.346349
-0.342067
-0.337785
-0.333504
-0.329224
-0.324944
-0.320664
-0.316385
-0.312106
-0.307828
-0.30355
-0.299273
-0.294996
-0.290719
-0.286443
-0.282167
-0.277891
-0.273616
-0.269341
-0.265066
-0.260792
-0.256517
-0.252243
-0.24797
-0.243696
-0.239423
-0.235149
-0.230876
-0.226604
-0.222331
-0.218058
-0.213786
-0.209514
-0.205242
-0.20097
-0.196698
-0.192426
-0.188154
-0.183882
-0.17961
-0.175339
-0.171067
-0.166796
-0.162524
-0.158253
-0.153981
-0.14971
-0.145438
-0.141167
-0.136895
-0.132624
-0.128352
-0.12408
-0.119809
-0.115537
-0.111265
-0.106993
-0.102721
-0.0984492
-0.094177
-0.0899047
-0.0856322
-0.0813596
-0.0770869
-0.0728139
-0.0685408
-0.0642675
-0.059994
-0.0557202
-0.0514462
-0.0471719
-0.0428974
-0.0386226
-0.0343474
-0.0300719
-0.0257961
-0.0215199
-0.0172433
-0.0129664
-0.00868898
-0.00441115
-0.000132868
0.00414589
0.00842514
0.0127049
0.0169852
0.021266
0.0255474
0.0298294
0.034112
0.0383952
0.042679
0.0469634
0.0512485
0.0555342
0.0598207
0.0641078
0.0683956
0.0726841
0.0769733
0.0812632
0.0855538
0.0898452
0.0941372
0.09843
0.102724
0.107018
0.111313
0.115608
0.119905
0.124202
0.1285
0.132798
0.137097
0.141397
0.145697
0.149998
0.1543
0.158602
0.162904
0.167207
0.171511
0.175814
0.180118
0.184422
0.188727
0.193031
0.197336
0.201641
0.205945
0.21025
0.214555
0.21886
0.223165
0.22747
0.231776
0.236082
0.240388
0.244695
0.249002
0.25331
0.257619
0.261929
0.266239
-0.590161
-0.585852
-0.581543
-0.577235
-0.572928
-0.568621
-0.564315
-0.56001
-0.555705
-0.551401
-0.547097
-0.542794
-0.53849
-0.534187
-0.529884
-0.525581
-0.521278
-0.516975
-0.512672
-0.50837
-0.504067
-0.499765
-0.495463
-0.491162
-0.486861
-0.48256
-0.47826
-0.47396
-0.46966
-0.465361
-0.461063
-0.456765
-0.452468
-0.448172
-0.443876
-0.43958
-0.435286
-0.430992
-0.426698
-0.422405
-0.418113
-0.413822
-0.409531
-0.405241
-0.400951
-0.396662
-0.392373
-0.388086
-0.383799
-0.379512
-0.375226
-0.370941
-0.366656
-0.362372
-0.358088
-0.353805
-0.349522
-0.34524
-0.340959
-0.336678
-0.332397
-0.328117
-0.323838
-0.319559
-0.31528
-0.311002
-0.306724
-0.302447
-0.29817
-0.293893
-0.289617
-0.285341
-0.281065
-0.27679
-0.272515
-0.26824
-0.263966
-0.259691
-0.255417
-0.251144
-0.24687
-0.242597
-0.238324
-0.234051
-0.229778
-0.225505
-0.221233
-0.21696
-0.212688
-0.208416
-0.204144
-0.199872
-0.1956
-0.191328
-0.187056
-0.182785
-0.178513
-0.174242
-0.16997
-0.165699
-0.161427
-0.157156
-0.152884
-0.148613
-0.144341
-0.14007
-0.135798
-0.131527
-0.127255
-0.122983
-0.118712
-0.11444
-0.110168
-0.105896
-0.101624
-0.0973517
-0.0930794
-0.088807
-0.0845344
-0.0802616
-0.0759887
-0.0717156
-0.0674423
-0.0631688
-0.0588951
-0.0546211
-0.0503468
-0.0460723
-0.0417975
-0.0375223
-0.0332469
-0.0289711
-0.0246949
-0.0204184
-0.0161414
-0.0118641
-0.00758625
-0.003308
0.00097073
0.00524994
0.00952967
0.0138099
0.0180907
0.0223721
0.026654
0.0309365
0.0352196
0.0395034
0.0437878
0.0480728
0.0523585
0.0566448
0.0609318
0.0652195
0.0695079
0.073797
0.0780868
0.0823774
0.0866686
0.0909605
0.0952532
0.0995466
0.103841
0.108135
0.112431
0.116727
0.121024
0.125322
0.12962
0.133919
0.138218
0.142519
0.146819
0.151121
0.155422
0.159725
0.164027
0.168331
0.172634
0.176938
0.181242
0.185546
0.18985
0.194155
0.198459
0.202764
0.207068
0.211373
0.215678
0.219982
0.224288
0.228593
0.232899
0.237205
0.241512
0.245819
0.250127
0.254436
0.258745
0.263054
-0.593325
-0.589016
-0.584708
-0.5804
-0.576093
-0.571787
-0.567481
-0.563176
-0.558872
-0.554567
-0.550264
-0.54596
-0.541657
-0.537354
-0.533051
-0.528748
-0.524445
-0.520143
-0.51584
-0.511538
-0.507236
-0.502934
-0.498632
-0.494331
-0.49003
-0.485729
-0.481429
-0.477129
-0.47283
-0.468532
-0.464233
-0.459936
-0.455639
-0.451343
-0.447047
-0.442752
-0.438457
-0.434163
-0.42987
-0.425577
-0.421285
-0.416994
-0.412703
-0.408413
-0.404123
-0.399834
-0.395546
-0.391258
-0.386971
-0.382685
-0.378399
-0.374114
-0.369829
-0.365545
-0.361261
-0.356978
-0.352695
-0.348414
-0.344132
-0.339851
-0.335571
-0.331291
-0.327011
-0.322732
-0.318454
-0.314175
-0.309898
-0.30562
-0.301343
-0.297067
-0.29279
-0.288515
-0.284239
-0.279964
-0.275689
-0.271414
-0.267139
-0.262865
-0.258591
-0.254318
-0.250044
-0.245771
-0.241498
-0.237225
-0.232952
-0.228679
-0.224407
-0.220134
-0.215862
-0.21159
-0.207318
-0.203046
-0.198774
-0.194502
-0.190231
-0.185959
-0.181687
-0.177416
-0.173144
-0.168873
-0.164601
-0.16033
-0.156059
-0.151787
-0.147516
-0.143244
-0.138973
-0.134701
-0.13043
-0.126158
-0.121886
-0.117614
-0.113343
-0.109071
-0.104799
-0.100526
-0.0962541
-0.0919817
-0.0877091
-0.0834364
-0.0791635
-0.0748904
-0.0706171
-0.0663436
-0.0620699
-0.0577959
-0.0535217
-0.0492472
-0.0449724
-0.0406973
-0.0364218
-0.0321461
-0.0278699
-0.0235934
-0.0193165
-0.0150391
-0.0107614
-0.00648315
-0.00220445
0.00207473
0.00635442
0.0106346
0.0149154
0.0191967
0.0234786
0.027761
0.0320441
0.0363278
0.0406121
0.044897
0.0491827
0.0534689
0.0577559
0.0620435
0.0663318
0.0706208
0.0749105
0.0792009
0.083492
0.0877838
0.0920763
0.0963696
0.100664
0.104958
0.109254
0.11355
0.117846
0.122144
0.126442
0.130741
0.13504
0.13934
0.14364
0.147941
0.152243
0.156545
0.160848
0.165151
0.169454
0.173757
0.178061
0.182365
0.186669
0.190973
0.195278
0.199582
0.203886
0.208191
0.212495
0.2168
0.221105
0.22541
0.229716
0.234022
0.238328
0.242636
0.246943
0.251252
0.255561
0.25987
-0.59649
-0.592181
-0.587873
-0.583566
-0.579259
-0.574953
-0.570647
-0.566342
-0.562038
-0.557734
-0.55343
-0.549127
-0.544824
-0.540521
-0.536218
-0.531916
-0.527613
-0.523311
-0.519008
-0.514706
-0.510404
-0.506102
-0.501801
-0.4975
-0.493199
-0.488899
-0.484599
-0.480299
-0.476
-0.471702
-0.467404
-0.463106
-0.45881
-0.454513
-0.450218
-0.445923
-0.441628
-0.437335
-0.433041
-0.428749
-0.424457
-0.420166
-0.415875
-0.411585
-0.407296
-0.403007
-0.398719
-0.394431
-0.390144
-0.385858
-0.381572
-0.377286
-0.373002
-0.368718
-0.364434
-0.360151
-0.355869
-0.351587
-0.347305
-0.343025
-0.338744
-0.334464
-0.330185
-0.325906
-0.321627
-0.317349
-0.313071
-0.308794
-0.304517
-0.30024
-0.295964
-0.291688
-0.287413
-0.283138
-0.278863
-0.274588
-0.270313
-0.266039
-0.261765
-0.257492
-0.253218
-0.248945
-0.244672
-0.240399
-0.236126
-0.231853
-0.227581
-0.223309
-0.219036
-0.214764
-0.210492
-0.20622
-0.201948
-0.197677
-0.193405
-0.189133
-0.184862
-0.18059
-0.176319
-0.172047
-0.167776
-0.163504
-0.159233
-0.154962
-0.15069
-0.146419
-0.142147
-0.137876
-0.133604
-0.129332
-0.125061
-0.120789
-0.116517
-0.112245
-0.107973
-0.103701
-0.0994288
-0.0951564
-0.0908839
-0.0866112
-0.0823383
-0.0780652
-0.073792
-0.0695185
-0.0652448
-0.0609708
-0.0566966
-0.0524221
-0.0481473
-0.0438722
-0.0395968
-0.0353211
-0.0310449
-0.0267684
-0.0224915
-0.0182142
-0.0139365
-0.0096583
-0.00537964
-0.0011005
0.00317916
0.00745932
0.01174
0.0160213
0.0203031
0.0245855
0.0288685
0.0331522
0.0374364
0.0417213
0.0460068
0.050293
0.0545799
0.0588674
0.0631556
0.0674445
0.0717341
0.0760244
0.0803154
0.0846071
0.0888995
0.0931926
0.0974864
0.101781
0.106076
0.110372
0.114669
0.118966
0.123264
0.127562
0.131861
0.136161
0.140461
0.144762
0.149064
0.153366
0.157668
0.161971
0.166274
0.170577
0.17488
0.179184
0.183488
0.187792
0.192096
0.1964
0.200704
0.205009
0.209313
0.213618
0.217922
0.222227
0.226533
0.230839
0.235145
0.239452
0.24376
0.248068
0.252377
0.256686
-0.599655
-0.595346
-0.591038
-0.586731
-0.582424
-0.578118
-0.573813
-0.569508
-0.565204
-0.5609
-0.556597
-0.552294
-0.547991
-0.543688
-0.539385
-0.535083
-0.53078
-0.526478
-0.522176
-0.517874
-0.513572
-0.509271
-0.50497
-0.500669
-0.496368
-0.492068
-0.487768
-0.483469
-0.47917
-0.474872
-0.470574
-0.466277
-0.46198
-0.457684
-0.453389
-0.449094
-0.4448
-0.440506
-0.436213
-0.431921
-0.427629
-0.423338
-0.419047
-0.414757
-0.410468
-0.406179
-0.401891
-0.397603
-0.393317
-0.38903
-0.384744
-0.380459
-0.376175
-0.371891
-0.367607
-0.363324
-0.359042
-0.35476
-0.350479
-0.346198
-0.341918
-0.337638
-0.333358
-0.329079
-0.324801
-0.320523
-0.316245
-0.311968
-0.307691
-0.303414
-0.299138
-0.294862
-0.290587
-0.286311
-0.282036
-0.277762
-0.273487
-0.269213
-0.264939
-0.260666
-0.256392
-0.252119
-0.247846
-0.243573
-0.2393
-0.235027
-0.230755
-0.226483
-0.22221
-0.217938
-0.213666
-0.209395
-0.205123
-0.200851
-0.196579
-0.192308
-0.188036
-0.183765
-0.179493
-0.175222
-0.17095
-0.166679
-0.162407
-0.158136
-0.153865
-0.149593
-0.145322
-0.14105
-0.136779
-0.132507
-0.128235
-0.123964
-0.119692
-0.11542
-0.111148
-0.106876
-0.102604
-0.0983312
-0.0940587
-0.089786
-0.0855131
-0.0812401
-0.0769668
-0.0726933
-0.0684196
-0.0641457
-0.0598715
-0.055597
-0.0513223
-0.0470472
-0.0427718
-0.0384961
-0.03422
-0.0299435
-0.0256666
-0.0213893
-0.0171116
-0.0128335
-0.00855484
-0.00427574
3.88201e-06
0.004284
0.00856467
0.0128459
0.0171277
0.02141
0.025693
0.0299765
0.0342607
0.0385455
0.042831
0.0471171
0.0514038
0.0556913
0.0599794
0.0642682
0.0685577
0.0728479
0.0771387
0.0814303
0.0857226
0.0900155
0.0943092
0.0986035
0.102899
0.107194
0.111491
0.115788
0.120085
0.124384
0.128683
0.132982
0.137282
0.141583
0.145884
0.150186
0.154488
0.15879
0.163093
0.167396
0.1717
0.176003
0.180307
0.184611
0.188915
0.193218
0.197523
0.201827
0.206131
0.210435
0.21474
0.219045
0.22335
0.227656
0.231962
0.236269
0.240576
0.244884
0.249193
0.253501
-0.602819
-0.598511
-0.594203
-0.589896
-0.58559
-0.581284
-0.576979
-0.572674
-0.56837
-0.564066
-0.559763
-0.55546
-0.551157
-0.546855
-0.542552
-0.53825
-0.533948
-0.529646
-0.525344
-0.521042
-0.516741
-0.512439
-0.508138
-0.503838
-0.499537
-0.495237
-0.490938
-0.486639
-0.48234
-0.478042
-0.473744
-0.469447
-0.465151
-0.460855
-0.45656
-0.452265
-0.447971
-0.443677
-0.439385
-0.435092
-0.430801
-0.42651
-0.422219
-0.417929
-0.41364
-0.409351
-0.405063
-0.400776
-0.396489
-0.392203
-0.387917
-0.383632
-0.379348
-0.375064
-0.37078
-0.366497
-0.362215
-0.357933
-0.353652
-0.349371
-0.345091
-0.340811
-0.336532
-0.332253
-0.327974
-0.323696
-0.319419
-0.315141
-0.310864
-0.306588
-0.302312
-0.298036
-0.29376
-0.289485
-0.28521
-0.280936
-0.276661
-0.272387
-0.268113
-0.26384
-0.259566
-0.255293
-0.25102
-0.246747
-0.242474
-0.238202
-0.233929
-0.229657
-0.225385
-0.221113
-0.216841
-0.212569
-0.208297
-0.204025
-0.199754
-0.195482
-0.19121
-0.186939
-0.182668
-0.178396
-0.174125
-0.169853
-0.165582
-0.161311
-0.157039
-0.152768
-0.148496
-0.144225
-0.139953
-0.135682
-0.13141
-0.127138
-0.122867
-0.118595
-0.114323
-0.110051
-0.105778
-0.101506
-0.0972334
-0.0929607
-0.0886879
-0.0844149
-0.0801416
-0.0758682
-0.0715945
-0.0673206
-0.0630464
-0.058772
-0.0544972
-0.0502222
-0.0459468
-0.0416711
-0.037395
-0.0331186
-0.0288417
-0.0245645
-0.0202868
-0.0160087
-0.0117301
-0.00745099
-0.00317141
0.00110866
0.00538929
0.00967044
0.0139522
0.0182345
0.0225174
0.0268009
0.031085
0.0353697
0.0396551
0.0439411
0.0482278
0.0525151
0.0568032
0.0610918
0.0653812
0.0696713
0.0739621
0.0782535
0.0825456
0.0868385
0.091132
0.0954262
0.0997211
0.104017
0.108313
0.11261
0.116907
0.121205
0.125504
0.129804
0.134103
0.138404
0.142705
0.147006
0.151308
0.15561
0.159913
0.164216
0.168519
0.172822
0.177126
0.181429
0.185733
0.190037
0.194341
0.198645
0.202949
0.207253
0.211557
0.215862
0.220167
0.224473
0.228779
0.233085
0.237392
0.2417
0.246008
0.250317
-0.605984
-0.601676
-0.597369
-0.593062
-0.588755
-0.58445
-0.580145
-0.57584
-0.571536
-0.567233
-0.56293
-0.558627
-0.554324
-0.550022
-0.54572
-0.541417
-0.537115
-0.532814
-0.528512
-0.52421
-0.519909
-0.515608
-0.511307
-0.507006
-0.502706
-0.498406
-0.494107
-0.489808
-0.48551
-0.481212
-0.476914
-0.472618
-0.468321
-0.464026
-0.459731
-0.455436
-0.451142
-0.446849
-0.442556
-0.438264
-0.433972
-0.429681
-0.425391
-0.421101
-0.416812
-0.412524
-0.408236
-0.403949
-0.399662
-0.395376
-0.39109
-0.386805
-0.382521
-0.378237
-0.373953
-0.369671
-0.365388
-0.361107
-0.356825
-0.352545
-0.348264
-0.343985
-0.339705
-0.335426
-0.331148
-0.32687
-0.322592
-0.318315
-0.314038
-0.309762
-0.305486
-0.30121
-0.296934
-0.292659
-0.288384
-0.28411
-0.279835
-0.275561
-0.271287
-0.267014
-0.26274
-0.258467
-0.254194
-0.249921
-0.245648
-0.241376
-0.237103
-0.232831
-0.228559
-0.224287
-0.220015
-0.215743
-0.211471
-0.2072
-0.202928
-0.198656
-0.194385
-0.190113
-0.185842
-0.181571
-0.177299
-0.173028
-0.168756
-0.164485
-0.160214
-0.155942
-0.151671
-0.147399
-0.143128
-0.138856
-0.134585
-0.130313
-0.126041
-0.121769
-0.117497
-0.113225
-0.108953
-0.104681
-0.100408
-0.0961355
-0.0918627
-0.0875897
-0.0833165
-0.079043
-0.0747694
-0.0704955
-0.0662213
-0.0619469
-0.0576722
-0.0533972
-0.0491218
-0.0448461
-0.0405701
-0.0362936
-0.0320168
-0.0277396
-0.0234619
-0.0191839
-0.0149053
-0.0106263
-0.00634672
-0.00206669
0.00221389
0.00649499
0.0107767
0.0150589
0.0193418
0.0236252
0.0279092
0.0321939
0.0364792
0.0407651
0.0450517
0.049339
0.0536269
0.0579155
0.0622048
0.0664947
0.0707853
0.0750767
0.0793687
0.0836613
0.0879547
0.0922488
0.0965435
0.100839
0.105135
0.109432
0.113729
0.118027
0.122326
0.126625
0.130924
0.135225
0.139525
0.143827
0.148128
0.15243
0.156733
0.161035
0.165338
0.169641
0.173945
0.178248
0.182551
0.186855
0.191159
0.195462
0.199766
0.20407
0.208375
0.212679
0.216984
0.221289
0.225595
0.229902
0.234209
0.238516
0.242824
0.247133
-0.609148
-0.604841
-0.600534
-0.596227
-0.591921
-0.587615
-0.58331
-0.579006
-0.574702
-0.570399
-0.566096
-0.561793
-0.557491
-0.553189
-0.548887
-0.544585
-0.540283
-0.535981
-0.53168
-0.527378
-0.523077
-0.518776
-0.514475
-0.510175
-0.505875
-0.501576
-0.497276
-0.492978
-0.48868
-0.484382
-0.480085
-0.475788
-0.471492
-0.467196
-0.462901
-0.458607
-0.454313
-0.45002
-0.445727
-0.441435
-0.437144
-0.432853
-0.428563
-0.424273
-0.419984
-0.415696
-0.411408
-0.407121
-0.402834
-0.398548
-0.394263
-0.389978
-0.385693
-0.38141
-0.377126
-0.372844
-0.368561
-0.36428
-0.359999
-0.355718
-0.351438
-0.347158
-0.342879
-0.3386
-0.334321
-0.330043
-0.325766
-0.321489
-0.317212
-0.312935
-0.308659
-0.304384
-0.300108
-0.295833
-0.291558
-0.287283
-0.283009
-0.278735
-0.274461
-0.270188
-0.265914
-0.261641
-0.257368
-0.253095
-0.248822
-0.24455
-0.240277
-0.236005
-0.231733
-0.227461
-0.223189
-0.218917
-0.214645
-0.210374
-0.206102
-0.201831
-0.197559
-0.193288
-0.189016
-0.184745
-0.180474
-0.176202
-0.171931
-0.16766
-0.163388
-0.159117
-0.154845
-0.150574
-0.146302
-0.142031
-0.137759
-0.133488
-0.129216
-0.124944
-0.120672
-0.1164
-0.112128
-0.107855
-0.103583
-0.0993103
-0.0950375
-0.0907645
-0.0864913
-0.0822179
-0.0779443
-0.0736704
-0.0693963
-0.0651219
-0.0608471
-0.0565721
-0.0522968
-0.0480211
-0.0437451
-0.0394687
-0.0351919
-0.0309148
-0.0266371
-0.0223591
-0.0180805
-0.0138016
-0.00952205
-0.00524207
-0.000961532
0.00331952
0.00760115
0.0118833
0.0161661
0.0204495
0.0247334
0.029018
0.0333033
0.0375891
0.0418756
0.0461628
0.0504506
0.0547391
0.0590283
0.0633181
0.0676086
0.0718998
0.0761917
0.0804842
0.0847774
0.0890713
0.0933659
0.0976611
0.101957
0.106254
0.110551
0.114849
0.119147
0.123446
0.127745
0.132045
0.136346
0.140647
0.144948
0.14925
0.153552
0.157855
0.162157
0.16646
0.170763
0.175066
0.17937
0.183673
0.187977
0.19228
0.196584
0.200888
0.205192
0.209496
0.213801
0.218106
0.222412
0.226718
0.231025
0.235332
0.23964
0.243948
-0.612313
-0.608006
-0.603699
-0.599392
-0.595086
-0.590781
-0.586476
-0.582172
-0.577868
-0.573565
-0.569262
-0.56496
-0.560658
-0.556356
-0.552054
-0.547752
-0.54345
-0.539149
-0.534847
-0.530546
-0.526245
-0.521945
-0.517644
-0.513344
-0.509044
-0.504745
-0.500446
-0.496147
-0.491849
-0.487552
-0.483255
-0.478958
-0.474662
-0.470367
-0.466072
-0.461778
-0.457484
-0.453191
-0.448899
-0.444607
-0.440316
-0.436025
-0.431735
-0.427445
-0.423157
-0.418868
-0.414581
-0.410293
-0.406007
-0.401721
-0.397435
-0.393151
-0.388866
-0.384583
-0.380299
-0.376017
-0.371735
-0.367453
-0.363172
-0.358891
-0.354611
-0.350331
-0.346052
-0.341773
-0.337495
-0.333217
-0.328939
-0.324662
-0.320386
-0.316109
-0.311833
-0.307557
-0.303282
-0.299007
-0.294732
-0.290457
-0.286183
-0.281909
-0.277635
-0.273361
-0.269088
-0.264815
-0.260542
-0.256269
-0.251996
-0.247724
-0.243452
-0.239179
-0.234907
-0.230635
-0.226363
-0.222091
-0.21782
-0.213548
-0.209276
-0.205005
-0.200734
-0.196462
-0.192191
-0.187919
-0.183648
-0.179377
-0.175105
-0.170834
-0.166563
-0.162291
-0.15802
-0.153749
-0.149477
-0.145206
-0.140934
-0.136662
-0.132391
-0.128119
-0.123847
-0.119575
-0.115303
-0.11103
-0.106758
-0.102485
-0.0982123
-0.0939394
-0.0896662
-0.0853928
-0.0811192
-0.0768453
-0.0725712
-0.0682968
-0.0640221
-0.0597471
-0.0554718
-0.0511962
-0.0469202
-0.0426438
-0.0383671
-0.0340899
-0.0298123
-0.0255343
-0.0212558
-0.0169769
-0.0126974
-0.00841746
-0.00413698
0.000144023
0.0044256
0.00870771
0.0129904
0.0172737
0.0215576
0.0258421
0.0301273
0.0344131
0.0386995
0.0429865
0.0472743
0.0515626
0.0558517
0.0601414
0.0644318
0.0687229
0.0730146
0.077307
0.0816001
0.0858939
0.0901883
0.0944833
0.0987791
0.103075
0.107372
0.11167
0.115968
0.120267
0.124566
0.128866
0.133166
0.137467
0.141768
0.14607
0.150372
0.154674
0.158977
0.163279
0.167582
0.171885
0.176188
0.180491
0.184795
0.189098
0.193402
0.197705
0.202009
0.206314
0.210618
0.214923
0.219229
0.223535
0.227841
0.232148
0.236456
0.240764
-0.615477
-0.61117
-0.606864
-0.602557
-0.598252
-0.593946
-0.589642
-0.585338
-0.581034
-0.576731
-0.572429
-0.568126
-0.563824
-0.559522
-0.555221
-0.550919
-0.546618
-0.542316
-0.538015
-0.533714
-0.529413
-0.525113
-0.520813
-0.516513
-0.512213
-0.507914
-0.503615
-0.499317
-0.495019
-0.490722
-0.486425
-0.482128
-0.477833
-0.473538
-0.469243
-0.464949
-0.460655
-0.456362
-0.45207
-0.447778
-0.443487
-0.439197
-0.434907
-0.430617
-0.426329
-0.42204
-0.417753
-0.413466
-0.409179
-0.404893
-0.400608
-0.396323
-0.392039
-0.387755
-0.383472
-0.37919
-0.374908
-0.370626
-0.366345
-0.362064
-0.357784
-0.353505
-0.349226
-0.344947
-0.340668
-0.336391
-0.332113
-0.327836
-0.323559
-0.319283
-0.315007
-0.310731
-0.306456
-0.302181
-0.297906
-0.293631
-0.289357
-0.285083
-0.280809
-0.276535
-0.272262
-0.267989
-0.263716
-0.259443
-0.25517
-0.250898
-0.246626
-0.242353
-0.238081
-0.233809
-0.229537
-0.225266
-0.220994
-0.216722
-0.212451
-0.208179
-0.203908
-0.199636
-0.195365
-0.191094
-0.186822
-0.182551
-0.17828
-0.174009
-0.169737
-0.165466
-0.161194
-0.156923
-0.152652
-0.14838
-0.144109
-0.139837
-0.135565
-0.131293
-0.127021
-0.122749
-0.118477
-0.114205
-0.109933
-0.10566
-0.101387
-0.0971142
-0.092841
-0.0885677
-0.0842941
-0.0800202
-0.0757461
-0.0714718
-0.0671971
-0.0629222
-0.0586469
-0.0543713
-0.0500953
-0.0458189
-0.0415422
-0.0372651
-0.0329875
-0.0287095
-0.0244311
-0.0201522
-0.0158728
-0.0115929
-0.00731244
-0.0030315
0.00125002
0.00553208
0.00981473
0.0140979
0.0183818
0.0226662
0.0269513
0.031237
0.0355233
0.0398103
0.0440979
0.0483862
0.0526751
0.0569647
0.061255
0.0655459
0.0698375
0.0741298
0.0784227
0.0827163
0.0870106
0.0913055
0.0956011
0.0998972
0.104194
0.108491
0.112789
0.117088
0.121387
0.125687
0.129987
0.134287
0.138588
0.14289
0.147192
0.151494
0.155796
0.160098
0.164401
0.168704
0.173006
0.177309
0.181613
0.185916
0.190219
0.194523
0.198827
0.203131
0.207435
0.21174
0.216045
0.220351
0.224658
0.228964
0.233272
0.237579
-0.618642
-0.614335
-0.610029
-0.605722
-0.601417
-0.597112
-0.592808
-0.588504
-0.5842
-0.579898
-0.575595
-0.571293
-0.566991
-0.562689
-0.558388
-0.554086
-0.549785
-0.545484
-0.541183
-0.536882
-0.532581
-0.528281
-0.523981
-0.519681
-0.515382
-0.511083
-0.506784
-0.502486
-0.498189
-0.493891
-0.489595
-0.485299
-0.481003
-0.476708
-0.472414
-0.46812
-0.463826
-0.459534
-0.455241
-0.45095
-0.446659
-0.442368
-0.438079
-0.433789
-0.429501
-0.425213
-0.420925
-0.416638
-0.412352
-0.408066
-0.403781
-0.399496
-0.395212
-0.390928
-0.386645
-0.382363
-0.378081
-0.373799
-0.369518
-0.365238
-0.360958
-0.356678
-0.352399
-0.34812
-0.343842
-0.339564
-0.335287
-0.33101
-0.326733
-0.322456
-0.31818
-0.313905
-0.309629
-0.305354
-0.301079
-0.296805
-0.292531
-0.288257
-0.283983
-0.279709
-0.275436
-0.271163
-0.26689
-0.262617
-0.258345
-0.254072
-0.2498
-0.245528
-0.241255
-0.236984
-0.232712
-0.22844
-0.224168
-0.219897
-0.215625
-0.211354
-0.207082
-0.202811
-0.198539
-0.194268
-0.189997
-0.185726
-0.181454
-0.177183
-0.172912
-0.16864
-0.164369
-0.160098
-0.155826
-0.151555
-0.147283
-0.143012
-0.13874
-0.134468
-0.130196
-0.125924
-0.121652
-0.11738
-0.113107
-0.108835
-0.104562
-0.100289
-0.0960159
-0.0917426
-0.087469
-0.0831952
-0.0789211
-0.0746467
-0.0703721
-0.0660972
-0.0618219
-0.0575463
-0.0532704
-0.0489941
-0.0447174
-0.0404403
-0.0361628
-0.0318848
-0.0276064
-0.0233275
-0.0190482
-0.0147683
-0.0104879
-0.00620705
-0.00192558
0.00235641
0.006639
0.0109221
0.0152059
0.0194903
0.0237753
0.0280608
0.0323471
0.0366339
0.0409215
0.0452096
0.0494985
0.0537879
0.0580781
0.0623689
0.0666604
0.0709525
0.0752453
0.0795387
0.0838329
0.0881276
0.092423
0.096719
0.101016
0.105313
0.109611
0.113909
0.118208
0.122507
0.126807
0.131108
0.135408
0.13971
0.144011
0.148313
0.152615
0.156917
0.16122
0.165522
0.169825
0.174128
0.178431
0.182734
0.187037
0.19134
0.195644
0.199948
0.204252
0.208557
0.212862
0.217167
0.221474
0.22578
0.230087
0.234394
-0.621806
-0.6175
-0.613193
-0.608887
-0.604582
-0.600277
-0.595973
-0.59167
-0.587366
-0.583064
-0.578761
-0.574459
-0.570158
-0.565856
-0.561555
-0.557253
-0.552952
-0.548651
-0.54435
-0.54005
-0.535749
-0.531449
-0.527149
-0.52285
-0.518551
-0.514252
-0.509954
-0.505656
-0.501358
-0.497061
-0.492765
-0.488469
-0.484173
-0.479878
-0.475584
-0.47129
-0.466997
-0.462705
-0.458413
-0.454121
-0.44983
-0.44554
-0.44125
-0.436961
-0.432673
-0.428385
-0.424097
-0.41981
-0.415524
-0.411238
-0.406953
-0.402669
-0.398385
-0.394101
-0.389818
-0.385536
-0.381254
-0.376972
-0.372691
-0.368411
-0.364131
-0.359851
-0.355572
-0.351294
-0.347015
-0.342738
-0.33846
-0.334183
-0.329906
-0.32563
-0.321354
-0.317078
-0.312803
-0.308528
-0.304253
-0.299979
-0.295705
-0.291431
-0.287157
-0.282883
-0.27861
-0.274337
-0.270064
-0.265791
-0.261519
-0.257246
-0.252974
-0.248702
-0.24443
-0.240158
-0.235886
-0.231614
-0.227342
-0.223071
-0.218799
-0.214528
-0.210257
-0.205985
-0.201714
-0.197443
-0.193171
-0.1889
-0.184629
-0.180357
-0.176086
-0.171815
-0.167544
-0.163272
-0.159001
-0.154729
-0.150458
-0.146186
-0.141915
-0.137643
-0.133371
-0.129099
-0.124827
-0.120555
-0.116282
-0.11201
-0.107737
-0.103464
-0.0991908
-0.0949174
-0.0906439
-0.0863701
-0.082096
-0.0778217
-0.0735471
-0.0692722
-0.064997
-0.0607214
-0.0564455
-0.0521692
-0.0478925
-0.0436155
-0.039338
-0.0350601
-0.0307817
-0.0265029
-0.0222236
-0.0179438
-0.0136635
-0.00938262
-0.00510122
-0.000819292
0.00346323
0.00774631
0.01203
0.0163143
0.0205992
0.0248847
0.0291708
0.0334576
0.037745
0.0420331
0.0463218
0.0506111
0.0549012
0.0591918
0.0634832
0.0677752
0.0720678
0.0763611
0.0806551
0.0849496
0.0892449
0.0935407
0.0978372
0.102134
0.106432
0.11073
0.115029
0.119328
0.123628
0.127928
0.132228
0.136529
0.140831
0.145132
0.149434
0.153736
0.158038
0.162341
0.166643
0.170946
0.175248
0.179551
0.183854
0.188157
0.192461
0.196765
0.201069
0.205373
0.209678
0.213984
0.21829
0.222596
0.226903
0.23121
-0.624971
-0.620664
-0.616358
-0.612052
-0.607747
-0.603443
-0.599139
-0.594835
-0.590532
-0.58623
-0.581928
-0.577626
-0.573324
-0.569023
-0.564721
-0.56042
-0.556119
-0.551819
-0.547518
-0.543218
-0.538917
-0.534617
-0.530318
-0.526018
-0.52172
-0.517421
-0.513123
-0.508825
-0.504528
-0.500231
-0.495935
-0.491639
-0.487344
-0.483049
-0.478755
-0.474461
-0.470168
-0.465876
-0.461584
-0.457292
-0.453002
-0.448712
-0.444422
-0.440133
-0.435844
-0.431557
-0.427269
-0.422983
-0.418696
-0.414411
-0.410126
-0.405841
-0.401557
-0.397274
-0.392991
-0.388709
-0.384427
-0.380145
-0.375864
-0.371584
-0.367304
-0.363025
-0.358746
-0.354467
-0.350189
-0.345911
-0.341634
-0.337357
-0.33308
-0.328804
-0.324528
-0.320252
-0.315977
-0.311702
-0.307427
-0.303153
-0.298878
-0.294605
-0.290331
-0.286057
-0.281784
-0.277511
-0.273238
-0.268965
-0.264693
-0.26042
-0.256148
-0.251876
-0.247604
-0.243332
-0.23906
-0.234788
-0.230517
-0.226245
-0.221974
-0.217702
-0.213431
-0.20916
-0.204888
-0.200617
-0.196346
-0.192074
-0.187803
-0.183532
-0.179261
-0.174989
-0.170718
-0.166447
-0.162175
-0.157904
-0.153632
-0.149361
-0.145089
-0.140817
-0.136546
-0.132274
-0.128002
-0.123729
-0.119457
-0.115184
-0.110912
-0.106639
-0.102366
-0.0980923
-0.0938188
-0.089545
-0.085271
-0.0809967
-0.0767221
-0.0724472
-0.068172
-0.0638965
-0.0596206
-0.0553444
-0.0510677
-0.0467907
-0.0425133
-0.0382354
-0.0339571
-0.0296783
-0.025399
-0.0211193
-0.016839
-0.0125582
-0.00827689
-0.00399503
0.000287431
0.00457043
0.00885405
0.0131382
0.0174231
0.0217085
0.0259945
0.0302812
0.0345685
0.0388564
0.0431451
0.0474343
0.0517242
0.0560147
0.0603059
0.0645978
0.0688903
0.0731834
0.0774772
0.0817716
0.0860667
0.0903623
0.0946586
0.0989555
0.103253
0.107551
0.111849
0.116148
0.120448
0.124748
0.129048
0.133349
0.13765
0.141951
0.146253
0.150555
0.154857
0.159159
0.163461
0.167764
0.172066
0.176369
0.180672
0.184975
0.189278
0.193582
0.197886
0.20219
0.206495
0.2108
0.215106
0.219412
0.223719
0.228025
-0.628135
-0.623829
-0.619523
-0.615217
-0.610912
-0.606608
-0.602304
-0.598001
-0.593698
-0.589396
-0.585094
-0.580792
-0.57649
-0.572189
-0.567888
-0.563587
-0.559286
-0.554986
-0.550685
-0.546385
-0.542085
-0.537786
-0.533486
-0.529187
-0.524888
-0.52059
-0.516292
-0.511994
-0.507697
-0.503401
-0.499104
-0.494809
-0.490514
-0.486219
-0.481925
-0.477632
-0.473339
-0.469047
-0.464755
-0.460464
-0.456173
-0.451883
-0.447594
-0.443305
-0.439016
-0.434729
-0.430441
-0.426155
-0.421869
-0.417583
-0.413298
-0.409014
-0.40473
-0.400447
-0.396164
-0.391881
-0.3876
-0.383318
-0.379038
-0.374757
-0.370477
-0.366198
-0.361919
-0.35764
-0.353362
-0.349084
-0.344807
-0.34053
-0.336254
-0.331977
-0.327701
-0.323426
-0.319151
-0.314876
-0.310601
-0.306326
-0.302052
-0.297778
-0.293505
-0.289231
-0.284958
-0.280685
-0.276412
-0.272139
-0.267867
-0.263594
-0.259322
-0.25505
-0.250778
-0.246506
-0.242234
-0.237963
-0.233691
-0.229419
-0.225148
-0.220877
-0.216605
-0.212334
-0.208063
-0.203791
-0.19952
-0.195249
-0.190978
-0.186706
-0.182435
-0.178164
-0.173893
-0.169621
-0.16535
-0.161079
-0.156807
-0.152536
-0.148264
-0.143992
-0.13972
-0.135448
-0.131176
-0.126904
-0.122632
-0.118359
-0.114086
-0.109814
-0.105541
-0.101267
-0.0969937
-0.09272
-0.088446
-0.0841717
-0.0798972
-0.0756223
-0.0713471
-0.0670716
-0.0627958
-0.0585196
-0.054243
-0.049966
-0.0456886
-0.0414107
-0.0371325
-0.0328537
-0.0285745
-0.0242948
-0.0200146
-0.0157339
-0.0114526
-0.00717079
-0.00288841
0.00139452
0.00567806
0.00996216
0.0142469
0.0185322
0.0228182
0.0271047
0.031392
0.0356798
0.0399683
0.0442574
0.0485472
0.0528376
0.0571286
0.0614203
0.0657127
0.0700057
0.0742993
0.0785936
0.0828885
0.0871839
0.09148
0.0957767
0.100074
0.104372
0.10867
0.112969
0.117268
0.121568
0.125868
0.130168
0.134469
0.13877
0.143072
0.147373
0.151675
0.155977
0.160279
0.164582
0.168884
0.173186
0.177489
0.181792
0.186095
0.190399
0.194702
0.199006
0.203311
0.207616
0.211922
0.216228
0.220534
0.22484
-0.631299
-0.626993
-0.622687
-0.618382
-0.614078
-0.609773
-0.60547
-0.601167
-0.596864
-0.592562
-0.58826
-0.583958
-0.579657
-0.575356
-0.571055
-0.566754
-0.562453
-0.558153
-0.553853
-0.549553
-0.545253
-0.540954
-0.536654
-0.532355
-0.528057
-0.523759
-0.519461
-0.515163
-0.510867
-0.50657
-0.502274
-0.497979
-0.493684
-0.489389
-0.485096
-0.480802
-0.47651
-0.472217
-0.467926
-0.463635
-0.459344
-0.455054
-0.450765
-0.446476
-0.442188
-0.4379
-0.433613
-0.429327
-0.425041
-0.420756
-0.416471
-0.412186
-0.407903
-0.403619
-0.399337
-0.395054
-0.390773
-0.386491
-0.382211
-0.37793
-0.37365
-0.369371
-0.365092
-0.360814
-0.356536
-0.352258
-0.347981
-0.343704
-0.339427
-0.335151
-0.330875
-0.3266
-0.322324
-0.318049
-0.313775
-0.3095
-0.305226
-0.300952
-0.296679
-0.292405
-0.288132
-0.283859
-0.279586
-0.275313
-0.271041
-0.266768
-0.262496
-0.258224
-0.253952
-0.24968
-0.245408
-0.241137
-0.236865
-0.232594
-0.228322
-0.224051
-0.21978
-0.215508
-0.211237
-0.206966
-0.202695
-0.198423
-0.194152
-0.189881
-0.18561
-0.181339
-0.177067
-0.172796
-0.168525
-0.164253
-0.159982
-0.15571
-0.151439
-0.147167
-0.142895
-0.138623
-0.134351
-0.130079
-0.125807
-0.121534
-0.117261
-0.112988
-0.108715
-0.104442
-0.100169
-0.095895
-0.091621
-0.0873467
-0.0830722
-0.0787974
-0.0745222
-0.0702468
-0.0659709
-0.0616948
-0.0574182
-0.0531413
-0.0488639
-0.0445861
-0.0403079
-0.0360292
-0.03175
-0.0274704
-0.0231902
-0.0189095
-0.0146283
-0.0103466
-0.00606429
-0.00178144
0.00250202
0.00678604
0.0110707
0.0153559
0.0196418
0.0239282
0.0282153
0.0325031
0.0367914
0.0410804
0.0453701
0.0496603
0.0539513
0.0582428
0.062535
0.0668279
0.0711213
0.0754154
0.0797101
0.0840054
0.0883014
0.0925978
0.0968949
0.101192
0.105491
0.109789
0.114088
0.118388
0.122688
0.126988
0.131289
0.13559
0.139891
0.144192
0.148494
0.152795
0.157097
0.161399
0.165702
0.170004
0.174306
0.178609
0.182912
0.187215
0.191519
0.195823
0.200127
0.204432
0.208738
0.213043
0.217349
0.221656
-0.634463
-0.630158
-0.625852
-0.621547
-0.617242
-0.612938
-0.608635
-0.604332
-0.60003
-0.595727
-0.591426
-0.587124
-0.582823
-0.578522
-0.574221
-0.569921
-0.56562
-0.56132
-0.55702
-0.55272
-0.548421
-0.544121
-0.539822
-0.535524
-0.531225
-0.526927
-0.52263
-0.518333
-0.514036
-0.50974
-0.505444
-0.501149
-0.496854
-0.49256
-0.488266
-0.483973
-0.47968
-0.475388
-0.471097
-0.466806
-0.462516
-0.458226
-0.453937
-0.449648
-0.44536
-0.441072
-0.436785
-0.432499
-0.428213
-0.423928
-0.419643
-0.415359
-0.411075
-0.406792
-0.402509
-0.398227
-0.393945
-0.389664
-0.385384
-0.381103
-0.376824
-0.372544
-0.368265
-0.363987
-0.359709
-0.355431
-0.351154
-0.346877
-0.342601
-0.338324
-0.334049
-0.329773
-0.325498
-0.321223
-0.316948
-0.312674
-0.3084
-0.304126
-0.299852
-0.295579
-0.291306
-0.287033
-0.28276
-0.278487
-0.274215
-0.269942
-0.26567
-0.261398
-0.257126
-0.252854
-0.248583
-0.244311
-0.240039
-0.235768
-0.231497
-0.227225
-0.222954
-0.218683
-0.214411
-0.21014
-0.205869
-0.201598
-0.197327
-0.193055
-0.188784
-0.184513
-0.180242
-0.175971
-0.171699
-0.167428
-0.163156
-0.158885
-0.154613
-0.150342
-0.14607
-0.141798
-0.137526
-0.133254
-0.128981
-0.124709
-0.120436
-0.116163
-0.11189
-0.107617
-0.103344
-0.0990699
-0.094796
-0.0905218
-0.0862473
-0.0819725
-0.0776973
-0.0734219
-0.0691461
-0.06487
-0.0605935
-0.0563166
-0.0520392
-0.0477615
-0.0434833
-0.0392047
-0.0349255
-0.030646
-0.0263659
-0.0220853
-0.0178041
-0.0135225
-0.00924022
-0.00495744
-0.000674067
0.00360987
0.00789442
0.0121795
0.0164653
0.0207517
0.0250387
0.0293263
0.0336145
0.0379034
0.0421929
0.046483
0.0507738
0.0550652
0.0593573
0.06365
0.0679433
0.0722372
0.0765318
0.0808269
0.0851226
0.0894189
0.0937158
0.0980131
0.102311
0.106609
0.110908
0.115208
0.119507
0.123807
0.128108
0.132409
0.13671
0.141011
0.145312
0.149614
0.153915
0.158217
0.162519
0.166821
0.171124
0.175426
0.179729
0.184032
0.188336
0.192639
0.196944
0.201248
0.205553
0.209859
0.214165
0.218471
-0.683507
-0.679205
-0.674903
-0.670601
-0.666299
-0.661998
-0.657698
-0.653397
-0.649097
-0.644798
-0.640498
-0.636199
-0.631901
-0.627602
-0.623304
-0.619006
-0.614708
-0.610411
-0.606114
-0.601817
-0.59752
-0.593224
-0.588928
-0.584632
-0.580337
-0.576042
-0.571747
-0.567453
-0.563159
-0.558866
-0.554573
-0.55028
-0.545988
-0.541697
-0.537406
-0.533115
-0.528825
-0.524535
-0.520246
-0.515957
-0.511669
-0.507381
-0.503094
-0.498807
-0.494521
-0.490235
-0.48595
-0.481665
-0.477381
-0.473097
-0.468814
-0.464531
-0.460249
-0.455967
-0.451686
-0.447405
-0.443124
-0.438844
-0.434565
-0.430285
-0.426007
-0.421728
-0.41745
-0.413173
-0.408895
-0.404619
-0.400342
-0.396066
-0.39179
-0.387515
-0.383239
-0.378964
-0.37469
-0.370415
-0.366141
-0.361867
-0.357594
-0.353321
-0.349047
-0.344774
-0.340502
-0.336229
-0.331957
-0.327684
-0.323412
-0.31914
-0.314869
-0.310597
-0.306325
-0.302054
-0.297783
-0.293511
-0.28924
-0.284969
-0.280698
-0.276427
-0.272156
-0.267885
-0.263614
-0.259343
-0.255073
-0.250802
-0.246531
-0.24226
-0.237989
-0.233718
-0.229448
-0.225177
-0.220906
-0.216635
-0.212363
-0.208092
-0.203821
-0.19955
-0.195278
-0.191007
-0.186735
-0.182463
-0.178191
-0.173919
-0.169647
-0.165374
-0.161102
-0.156829
-0.152556
-0.148282
-0.144009
-0.139735
-0.135461
-0.131187
-0.126912
-0.122637
-0.118362
-0.114086
-0.10981
-0.105534
-0.101257
-0.0969802
-0.0927028
-0.0884249
-0.0841467
-0.0798679
-0.0755888
-0.0713091
-0.0670291
-0.0627485
-0.0584674
-0.0541858
-0.0499038
-0.0456212
-0.041338
-0.0370544
-0.0327702
-0.0284854
-0.0242002
-0.0199143
-0.0156279
-0.011341
-0.00705347
-0.0027654
0.00152322
0.0058124
0.0101021
0.0143924
0.0186832
0.0229746
0.0272665
0.0315589
0.0358518
0.0401452
0.0444391
0.0487334
0.0530283
0.0573235
0.0616192
0.0659152
0.0702117
0.0745084
0.0788056
0.083103
0.0874007
0.0916987
0.0959969
0.100295
0.104594
0.108893
0.113192
0.117492
0.121791
0.126091
0.130391
0.134692
0.138992
0.143294
0.147595
0.151896
0.156198
0.1605
0.164803
0.169105
-0.77842
-0.774124
-0.769828
-0.765532
-0.761236
-0.756941
-0.752646
-0.748351
-0.744057
-0.739762
-0.735468
-0.731174
-0.726881
-0.722588
-0.718295
-0.714002
-0.70971
-0.705417
-0.701125
-0.696834
-0.692542
-0.688251
-0.683961
-0.67967
-0.67538
-0.67109
-0.666801
-0.662512
-0.658223
-0.653934
-0.649646
-0.645358
-0.641071
-0.636784
-0.632498
-0.628211
-0.623925
-0.61964
-0.615355
-0.61107
-0.606786
-0.602502
-0.598219
-0.593936
-0.589653
-0.585371
-0.581089
-0.576808
-0.572527
-0.568246
-0.563966
-0.559686
-0.555407
-0.551128
-0.546849
-0.542571
-0.538293
-0.534015
-0.529738
-0.525461
-0.521185
-0.516908
-0.512632
-0.508357
-0.504082
-0.499807
-0.495532
-0.491258
-0.486983
-0.48271
-0.478436
-0.474163
-0.46989
-0.465617
-0.461344
-0.457072
-0.452799
-0.448527
-0.444255
-0.439984
-0.435712
-0.431441
-0.42717
-0.422899
-0.418628
-0.414357
-0.410086
-0.405816
-0.401545
-0.397275
-0.393005
-0.388734
-0.384464
-0.380194
-0.375924
-0.371654
-0.367384
-0.363114
-0.358845
-0.354575
-0.350305
-0.346035
-0.341765
-0.337495
-0.333226
-0.328956
-0.324686
-0.320416
-0.316146
-0.311876
-0.307606
-0.303336
-0.299065
-0.294795
-0.290525
-0.286254
-0.281983
-0.277713
-0.273442
-0.269171
-0.2649
-0.260628
-0.256357
-0.252085
-0.247813
-0.243541
-0.239269
-0.234996
-0.230724
-0.226451
-0.222177
-0.217904
-0.21363
-0.209356
-0.205082
-0.200807
-0.196532
-0.192257
-0.187982
-0.183706
-0.179429
-0.175153
-0.170876
-0.166598
-0.162321
-0.158043
-0.153764
-0.149485
-0.145206
-0.140926
-0.136646
-0.132365
-0.128084
-0.123803
-0.119521
-0.115239
-0.110956
-0.106673
-0.102389
-0.0981051
-0.0938205
-0.0895355
-0.0852501
-0.0809643
-0.076678
-0.0723913
-0.0681042
-0.0638166
-0.0595287
-0.0552403
-0.0509516
-0.0466625
-0.042373
-0.0380831
-0.0337929
-0.0295023
-0.0252114
-0.0209202
-0.0166287
-0.0123368
-0.00804472
-0.00375231
0.000540372
0.00483332
0.0091265
0.0134199
0.0177136
0.0220075
0.0263017
0.0305961
0.0348907
0.0391856
0.0434807
0.0477759
0.0520714
0.0563672
0.0606631
0.0649593
0.0692557
0.0735518
-0.873327
-0.869036
-0.864746
-0.860456
-0.856166
-0.851876
-0.847586
-0.843297
-0.839008
-0.834719
-0.83043
-0.826142
-0.821853
-0.817565
-0.813277
-0.80899
-0.804702
-0.800415
-0.796128
-0.791842
-0.787556
-0.783269
-0.778984
-0.774698
-0.770413
-0.766128
-0.761843
-0.757559
-0.753275
-0.748991
-0.744707
-0.740424
-0.736141
-0.731859
-0.727576
-0.723294
-0.719013
-0.714731
-0.710451
-0.70617
-0.70189
-0.69761
-0.69333
-0.689051
-0.684772
-0.680493
-0.676214
-0.671936
-0.667659
-0.663381
-0.659104
-0.654828
-0.650551
-0.646275
-0.641999
-0.637724
-0.633448
-0.629173
-0.624899
-0.620624
-0.61635
-0.612076
-0.607803
-0.60353
-0.599256
-0.594984
-0.590711
-0.586439
-0.582167
-0.577895
-0.573623
-0.569352
-0.56508
-0.560809
-0.556538
-0.552268
-0.547997
-0.543727
-0.539456
-0.535186
-0.530916
-0.526647
-0.522377
-0.518107
-0.513838
-0.509569
-0.505299
-0.50103
-0.496761
-0.492492
-0.488223
-0.483954
-0.479686
-0.475417
-0.471148
-0.46688
-0.462611
-0.458343
-0.454074
-0.449805
-0.445537
-0.441268
-0.437
-0.432731
-0.428463
-0.424194
-0.419926
-0.415657
-0.411388
-0.40712
-0.402851
-0.398582
-0.394313
-0.390044
-0.385775
-0.381506
-0.377237
-0.372967
-0.368698
-0.364428
-0.360159
-0.355889
-0.351619
-0.347349
-0.343078
-0.338808
-0.334537
-0.330266
-0.325995
-0.321724
-0.317453
-0.313181
-0.308909
-0.304637
-0.300365
-0.296092
-0.291819
-0.287546
-0.283273
-0.278999
-0.274725
-0.270451
-0.266177
-0.261902
-0.257627
-0.253351
-0.249076
-0.244799
-0.240523
-0.236246
-0.231969
-0.227692
-0.223414
-0.219136
-0.214858
-0.210579
-0.2063
-0.20202
-0.19774
-0.19346
-0.18918
-0.184899
-0.180617
-0.176336
-0.172054
-0.167771
-0.163489
-0.159206
-0.154922
-0.150639
-0.146355
-0.142071
-0.137786
-0.133501
-0.129216
-0.12493
-0.120645
-0.116358
-0.112072
-0.107785
-0.103499
-0.0992114
-0.094924
-0.0906363
-0.0863485
-0.0820603
-0.077772
-0.0734834
-0.0691947
-0.0649057
-0.0606165
-0.0563272
-0.0520376
-0.0477478
-0.0434579
-0.0391678
-0.0348775
-0.0305871
-0.0262965
-0.0220061
-0.96823
-0.963945
-0.959661
-0.955376
-0.951091
-0.946807
-0.942522
-0.938238
-0.933954
-0.92967
-0.925387
-0.921103
-0.91682
-0.912537
-0.908254
-0.903971
-0.899689
-0.895407
-0.891125
-0.886843
-0.882561
-0.87828
-0.873999
-0.869718
-0.865437
-0.861157
-0.856877
-0.852597
-0.848317
-0.844038
-0.839759
-0.83548
-0.831201
-0.826923
-0.822645
-0.818367
-0.81409
-0.809812
-0.805535
-0.801258
-0.796982
-0.792706
-0.78843
-0.784154
-0.779878
-0.775603
-0.771328
-0.767054
-0.762779
-0.758505
-0.754231
-0.749958
-0.745684
-0.741411
-0.737138
-0.732866
-0.728593
-0.724321
-0.720049
-0.715777
-0.711506
-0.707235
-0.702963
-0.698693
-0.694422
-0.690151
-0.685881
-0.681611
-0.677341
-0.673072
-0.668802
-0.664533
-0.660263
-0.655994
-0.651725
-0.647457
-0.643188
-0.63892
-0.634651
-0.630383
-0.626115
-0.621847
-0.617579
-0.613311
-0.609044
-0.604776
-0.600508
-0.596241
-0.591974
-0.587706
-0.583439
-0.579172
-0.574905
-0.570638
-0.566371
-0.562104
-0.557837
-0.55357
-0.549303
-0.545036
-0.540769
-0.536502
-0.532235
-0.527968
-0.523701
-0.519434
-0.515167
-0.5109
-0.506633
-0.502366
-0.498099
-0.493832
-0.489564
-0.485297
-0.48103
-0.476762
-0.472494
-0.468227
-0.463959
-0.459691
-0.455423
-0.451155
-0.446887
-0.442619
-0.43835
-0.434082
-0.429813
-0.425544
-0.421275
-0.417006
-0.412736
-0.408467
-0.404197
-0.399927
-0.395657
-0.391387
-0.387116
-0.382845
-0.378575
-0.374303
-0.370032
-0.36576
-0.361489
-0.357216
-0.352944
-0.348671
-0.344399
-0.340125
-0.335852
-0.331578
-0.327305
-0.32303
-0.318756
-0.314481
-0.310206
-0.305931
-0.301655
-0.297379
-0.293103
-0.288827
-0.28455
-0.280273
-0.275996
-0.271718
-0.267441
-0.263162
-0.258884
-0.254605
-0.250327
-0.246047
-0.241768
-0.237488
-0.233208
-0.228928
-0.224647
-0.220367
-0.216086
-0.211804
-0.207523
-0.203241
-0.198959
-0.194677
-0.190395
-0.186112
-0.181829
-0.177546
-0.173263
-0.16898
-0.164696
-0.160412
-0.156128
-0.151844
-0.14756
-0.143275
-0.138991
-0.134706
-0.130421
-0.126136
-0.121851
-0.117566
-1.06313
-1.05885
-1.05457
-1.05029
-1.04601
-1.04173
-1.03745
-1.03318
-1.0289
-1.02462
-1.02034
-1.01606
-1.01178
-1.0075
-1.00323
-0.998948
-0.994671
-0.990393
-0.986116
-0.981839
-0.977562
-0.973285
-0.969008
-0.964732
-0.960456
-0.95618
-0.951904
-0.947629
-0.943353
-0.939078
-0.934803
-0.930529
-0.926254
-0.92198
-0.917706
-0.913432
-0.909158
-0.904885
-0.900612
-0.896339
-0.892066
-0.887793
-0.883521
-0.879249
-0.874977
-0.870705
-0.866434
-0.862162
-0.857891
-0.85362
-0.84935
-0.845079
-0.840809
-0.836539
-0.832269
-0.827999
-0.82373
-0.81946
-0.815191
-0.810922
-0.806653
-0.802385
-0.798116
-0.793848
-0.78958
-0.785312
-0.781044
-0.776777
-0.772509
-0.768242
-0.763974
-0.759707
-0.75544
-0.751174
-0.746907
-0.74264
-0.738374
-0.734107
-0.729841
-0.725575
-0.721309
-0.717043
-0.712777
-0.708511
-0.704246
-0.69998
-0.695714
-0.691449
-0.687183
-0.682918
-0.678653
-0.674387
-0.670122
-0.665857
-0.661591
-0.657326
-0.653061
-0.648796
-0.644531
-0.640266
-0.636001
-0.631735
-0.62747
-0.623205
-0.61894
-0.614675
-0.61041
-0.606145
-0.601879
-0.597614
-0.593349
-0.589083
-0.584818
-0.580553
-0.576287
-0.572021
-0.567756
-0.56349
-0.559224
-0.554958
-0.550692
-0.546426
-0.54216
-0.537894
-0.533627
-0.529361
-0.525094
-0.520828
-0.516561
-0.512294
-0.508027
-0.503759
-0.499492
-0.495224
-0.490957
-0.486689
-0.482421
-0.478153
-0.473884
-0.469616
-0.465347
-0.461078
-0.456809
-0.45254
-0.44827
-0.444001
-0.439731
-0.435461
-0.43119
-0.42692
-0.422649
-0.418378
-0.414107
-0.409836
-0.405564
-0.401292
-0.39702
-0.392748
-0.388475
-0.384203
-0.37993
-0.375657
-0.371383
-0.36711
-0.362836
-0.358562
-0.354287
-0.350013
-0.345738
-0.341463
-0.337188
-0.332913
-0.328637
-0.324361
-0.320085
-0.315809
-0.311533
-0.307256
-0.302979
-0.298702
-0.294425
-0.290148
-0.28587
-0.281592
-0.277314
-0.273036
-0.268758
-0.26448
-0.260201
-0.255922
-0.251643
-0.247364
-0.243085
-0.238806
-0.234526
-0.230246
-0.225967
-0.221687
-0.217407
-0.213126
-1.15803
-1.15376
-1.14948
-1.14521
-1.14093
-1.13666
-1.13238
-1.12811
-1.12384
-1.11956
-1.11529
-1.11101
-1.10674
-1.10247
-1.09819
-1.09392
-1.08965
-1.08538
-1.0811
-1.07683
-1.07256
-1.06829
-1.06401
-1.05974
-1.05547
-1.0512
-1.04693
-1.04265
-1.03838
-1.03411
-1.02984
-1.02557
-1.0213
-1.01703
-1.01276
-1.00849
-1.00422
-0.999951
-0.995682
-0.991412
-0.987143
-0.982874
-0.978606
-0.974337
-0.970068
-0.9658
-0.961532
-0.957264
-0.952996
-0.948729
-0.944461
-0.940194
-0.935927
-0.93166
-0.927393
-0.923126
-0.91886
-0.914593
-0.910327
-0.906061
-0.901795
-0.897529
-0.893263
-0.888998
-0.884732
-0.880467
-0.876202
-0.871936
-0.867671
-0.863407
-0.859142
-0.854877
-0.850613
-0.846348
-0.842084
-0.837819
-0.833555
-0.829291
-0.825027
-0.820763
-0.816499
-0.812236
-0.807972
-0.803708
-0.799445
-0.795181
-0.790918
-0.786654
-0.782391
-0.778127
-0.773864
-0.769601
-0.765337
-0.761074
-0.756811
-0.752548
-0.748285
-0.744022
-0.739758
-0.735495
-0.731232
-0.726969
-0.722706
-0.718443
-0.71418
-0.709917
-0.705653
-0.70139
-0.697127
-0.692864
-0.688601
-0.684337
-0.680074
-0.67581
-0.671547
-0.667284
-0.66302
-0.658756
-0.654493
-0.650229
-0.645965
-0.641701
-0.637437
-0.633173
-0.628909
-0.624645
-0.620381
-0.616116
-0.611852
-0.607587
-0.603322
-0.599058
-0.594793
-0.590528
-0.586262
-0.581997
-0.577732
-0.573466
-0.5692
-0.564935
-0.560669
-0.556402
-0.552136
-0.54787
-0.543603
-0.539337
-0.53507
-0.530803
-0.526535
-0.522268
-0.518001
-0.513733
-0.509465
-0.505197
-0.500929
-0.496661
-0.492392
-0.488123
-0.483854
-0.479585
-0.475316
-0.471047
-0.466777
-0.462507
-0.458237
-0.453967
-0.449697
-0.445427
-0.441156
-0.436885
-0.432614
-0.428343
-0.424072
-0.4198
-0.415529
-0.411257
-0.406985
-0.402713
-0.39844
-0.394168
-0.389895
-0.385623
-0.38135
-0.377077
-0.372803
-0.36853
-0.364257
-0.359983
-0.355709
-0.351435
-0.347161
-0.342887
-0.338613
-0.334338
-0.330064
-0.325789
-0.321514
-0.317239
-0.312964
-0.308689
-1.25293
-1.24866
-1.24439
-1.24012
-1.23585
-1.23158
-1.22731
-1.22304
-1.21877
-1.2145
-1.21023
-1.20597
-1.2017
-1.19743
-1.19316
-1.18889
-1.18462
-1.18035
-1.17609
-1.17182
-1.16755
-1.16328
-1.15901
-1.15475
-1.15048
-1.14621
-1.14194
-1.13768
-1.13341
-1.12914
-1.12488
-1.12061
-1.11634
-1.11208
-1.10781
-1.10354
-1.09928
-1.09501
-1.09075
-1.08648
-1.08222
-1.07795
-1.07368
-1.06942
-1.06515
-1.06089
-1.05663
-1.05236
-1.0481
-1.04383
-1.03957
-1.0353
-1.03104
-1.02678
-1.02251
-1.01825
-1.01398
-1.00972
-1.00546
-1.00119
-0.996931
-0.992668
-0.988405
-0.984142
-0.97988
-0.975617
-0.971355
-0.967092
-0.96283
-0.958567
-0.954305
-0.950043
-0.945781
-0.941519
-0.937257
-0.932995
-0.928733
-0.924472
-0.92021
-0.915948
-0.911687
-0.907425
-0.903164
-0.898903
-0.894641
-0.89038
-0.886119
-0.881857
-0.877596
-0.873335
-0.869074
-0.864813
-0.860552
-0.856291
-0.85203
-0.847769
-0.843508
-0.839247
-0.834986
-0.830725
-0.826464
-0.822203
-0.817942
-0.813681
-0.80942
-0.805159
-0.800898
-0.796637
-0.792376
-0.788115
-0.783854
-0.779593
-0.775331
-0.77107
-0.766809
-0.762548
-0.758286
-0.754025
-0.749764
-0.745502
-0.741241
-0.736979
-0.732717
-0.728456
-0.724194
-0.719932
-0.71567
-0.711408
-0.707146
-0.702884
-0.698622
-0.69436
-0.690097
-0.685835
-0.681572
-0.67731
-0.673047
-0.668784
-0.664521
-0.660258
-0.655995
-0.651732
-0.647469
-0.643205
-0.638942
-0.634678
-0.630414
-0.62615
-0.621886
-0.617622
-0.613358
-0.609093
-0.604829
-0.600564
-0.596299
-0.592034
-0.587769
-0.583504
-0.579239
-0.574973
-0.570708
-0.566442
-0.562176
-0.55791
-0.553644
-0.549378
-0.545112
-0.540845
-0.536579
-0.532312
-0.528045
-0.523778
-0.519511
-0.515244
-0.510976
-0.506709
-0.502441
-0.498173
-0.493906
-0.489638
-0.485369
-0.481101
-0.476833
-0.472564
-0.468296
-0.464027
-0.459758
-0.455489
-0.45122
-0.446951
-0.442682
-0.438412
-0.434143
-0.429873
-0.425603
-0.421334
-0.417064
-0.412794
-0.408524
-0.404253
-1.34783
-1.34356
-1.3393
-1.33503
-1.33077
-1.3265
-1.32224
-1.31797
-1.31371
-1.30944
-1.30518
-1.30091
-1.29665
-1.29239
-1.28812
-1.28386
-1.27959
-1.27533
-1.27107
-1.2668
-1.26254
-1.25827
-1.25401
-1.24975
-1.24548
-1.24122
-1.23696
-1.23269
-1.22843
-1.22417
-1.21991
-1.21564
-1.21138
-1.20712
-1.20286
-1.19859
-1.19433
-1.19007
-1.18581
-1.18155
-1.17728
-1.17302
-1.16876
-1.1645
-1.16024
-1.15598
-1.15171
-1.14745
-1.14319
-1.13893
-1.13467
-1.13041
-1.12615
-1.12189
-1.11763
-1.11337
-1.10911
-1.10485
-1.10058
-1.09632
-1.09206
-1.0878
-1.08354
-1.07928
-1.07502
-1.07076
-1.0665
-1.06224
-1.05798
-1.05373
-1.04947
-1.04521
-1.04095
-1.03669
-1.03243
-1.02817
-1.02391
-1.01965
-1.01539
-1.01113
-1.00687
-1.00261
-0.998354
-0.994095
-0.989836
-0.985577
-0.981318
-0.97706
-0.972801
-0.968542
-0.964283
-0.960024
-0.955765
-0.951507
-0.947248
-0.942989
-0.93873
-0.934472
-0.930213
-0.925954
-0.921695
-0.917437
-0.913178
-0.908919
-0.90466
-0.900402
-0.896143
-0.891884
-0.887625
-0.883367
-0.879108
-0.874849
-0.87059
-0.866331
-0.862072
-0.857813
-0.853554
-0.849295
-0.845036
-0.840777
-0.836518
-0.832259
-0.828
-0.823741
-0.819481
-0.815222
-0.810963
-0.806703
-0.802444
-0.798184
-0.793925
-0.789665
-0.785405
-0.781146
-0.776886
-0.772626
-0.768366
-0.764106
-0.759846
-0.755586
-0.751326
-0.747065
-0.742805
-0.738544
-0.734284
-0.730023
-0.725763
-0.721502
-0.717241
-0.71298
-0.708719
-0.704458
-0.700197
-0.695935
-0.691674
-0.687412
-0.683151
-0.678889
-0.674628
-0.670366
-0.666104
-0.661842
-0.65758
-0.653318
-0.649055
-0.644793
-0.64053
-0.636268
-0.632005
-0.627742
-0.62348
-0.619217
-0.614954
-0.610691
-0.606427
-0.602164
-0.597901
-0.593637
-0.589374
-0.58511
-0.580846
-0.576583
-0.572319
-0.568055
-0.563791
-0.559527
-0.555262
-0.550998
-0.546734
-0.542469
-0.538205
-0.53394
-0.529675
-0.52541
-0.521146
-0.516881
-0.512616
-0.508351
-0.504085
-0.49982
-1.44272
-1.43846
-1.4342
-1.42994
-1.42568
-1.42142
-1.41716
-1.4129
-1.40864
-1.40438
-1.40012
-1.39586
-1.3916
-1.38734
-1.38308
-1.37882
-1.37456
-1.3703
-1.36604
-1.36178
-1.35752
-1.35327
-1.34901
-1.34475
-1.34049
-1.33623
-1.33197
-1.32771
-1.32345
-1.31919
-1.31493
-1.31068
-1.30642
-1.30216
-1.2979
-1.29364
-1.28938
-1.28512
-1.28087
-1.27661
-1.27235
-1.26809
-1.26383
-1.25957
-1.25532
-1.25106
-1.2468
-1.24254
-1.23829
-1.23403
-1.22977
-1.22551
-1.22125
-1.217
-1.21274
-1.20848
-1.20422
-1.19997
-1.19571
-1.19145
-1.18719
-1.18294
-1.17868
-1.17442
-1.17017
-1.16591
-1.16165
-1.15739
-1.15314
-1.14888
-1.14462
-1.14037
-1.13611
-1.13185
-1.1276
-1.12334
-1.11908
-1.11483
-1.11057
-1.10631
-1.10206
-1.0978
-1.09354
-1.08929
-1.08503
-1.08077
-1.07652
-1.07226
-1.068
-1.06375
-1.05949
-1.05523
-1.05098
-1.04672
-1.04247
-1.03821
-1.03395
-1.0297
-1.02544
-1.02118
-1.01693
-1.01267
-1.00841
-1.00416
-0.999901
-0.995645
-0.991388
-0.987132
-0.982876
-0.978619
-0.974363
-0.970106
-0.96585
-0.961593
-0.957337
-0.95308
-0.948824
-0.944567
-0.940311
-0.936054
-0.931797
-0.927541
-0.923284
-0.919027
-0.914771
-0.910514
-0.906257
-0.902
-0.897743
-0.893486
-0.88923
-0.884973
-0.880716
-0.876459
-0.872202
-0.867944
-0.863687
-0.85943
-0.855173
-0.850916
-0.846658
-0.842401
-0.838144
-0.833886
-0.829629
-0.825371
-0.821114
-0.816856
-0.812598
-0.808341
-0.804083
-0.799825
-0.795567
-0.791309
-0.787051
-0.782793
-0.778535
-0.774277
-0.770019
-0.765761
-0.761503
-0.757244
-0.752986
-0.748727
-0.744469
-0.74021
-0.735952
-0.731693
-0.727434
-0.723176
-0.718917
-0.714658
-0.710399
-0.70614
-0.701881
-0.697622
-0.693363
-0.689104
-0.684844
-0.680585
-0.676326
-0.672066
-0.667807
-0.663547
-0.659288
-0.655028
-0.650768
-0.646509
-0.642249
-0.637989
-0.633729
-0.629469
-0.62521
-0.62095
-0.616689
-0.612429
-0.608169
-0.603909
-0.599649
-0.595389
-1.53761
-1.53336
-1.5291
-1.52485
-1.52059
-1.51634
-1.51208
-1.50783
-1.50357
-1.49932
-1.49506
-1.4908
-1.48655
-1.48229
-1.47804
-1.47378
-1.46953
-1.46527
-1.46102
-1.45676
-1.45251
-1.44825
-1.444
-1.43974
-1.43549
-1.43123
-1.42698
-1.42272
-1.41847
-1.41422
-1.40996
-1.40571
-1.40145
-1.3972
-1.39294
-1.38869
-1.38443
-1.38018
-1.37592
-1.37167
-1.36741
-1.36316
-1.3589
-1.35465
-1.35039
-1.34614
-1.34189
-1.33763
-1.33338
-1.32912
-1.32487
-1.32061
-1.31636
-1.3121
-1.30785
-1.3036
-1.29934
-1.29509
-1.29083
-1.28658
-1.28232
-1.27807
-1.27382
-1.26956
-1.26531
-1.26105
-1.2568
-1.25254
-1.24829
-1.24404
-1.23978
-1.23553
-1.23127
-1.22702
-1.22276
-1.21851
-1.21426
-1.21
-1.20575
-1.20149
-1.19724
-1.19299
-1.18873
-1.18448
-1.18022
-1.17597
-1.17172
-1.16746
-1.16321
-1.15895
-1.1547
-1.15044
-1.14619
-1.14194
-1.13768
-1.13343
-1.12917
-1.12492
-1.12067
-1.11641
-1.11216
-1.1079
-1.10365
-1.0994
-1.09514
-1.09089
-1.08663
-1.08238
-1.07813
-1.07387
-1.06962
-1.06536
-1.06111
-1.05686
-1.0526
-1.04835
-1.04409
-1.03984
-1.03559
-1.03133
-1.02708
-1.02282
-1.01857
-1.01431
-1.01006
-1.00581
-1.00155
-0.997298
-0.993044
-0.98879
-0.984536
-0.980281
-0.976027
-0.971773
-0.967519
-0.963264
-0.95901
-0.954756
-0.950502
-0.946247
-0.941993
-0.937739
-0.933484
-0.92923
-0.924975
-0.920721
-0.916467
-0.912212
-0.907958
-0.903703
-0.899449
-0.895194
-0.89094
-0.886685
-0.882431
-0.878176
-0.873922
-0.869667
-0.865412
-0.861158
-0.856903
-0.852648
-0.848394
-0.844139
-0.839884
-0.83563
-0.831375
-0.82712
-0.822865
-0.81861
-0.814356
-0.810101
-0.805846
-0.801591
-0.797336
-0.793081
-0.788826
-0.784571
-0.780316
-0.776061
-0.771806
-0.767551
-0.763296
-0.759041
-0.754786
-0.750531
-0.746276
-0.742021
-0.737766
-0.73351
-0.729255
-0.725
-0.720745
-0.71649
-0.712234
-0.707979
-0.703724
-0.699469
-0.695213
-0.690958
)
;

boundaryField
{
    inlet_water
    {
        type            calculated;
        value           nonuniform List<scalar> 
100
(
464.51
459.98
455.834
452.114
449.01
446.709
445.049
442.856
439.015
434.049
428.871
423.74
418.654
413.598
408.568
403.562
398.579
393.616
388.672
383.744
378.831
373.932
369.045
364.169
359.303
354.446
349.597
344.756
339.923
335.096
330.275
325.46
320.65
315.845
311.045
306.25
301.458
296.67
291.886
287.105
282.327
277.552
272.78
268.009
263.241
258.474
253.709
248.945
244.182
239.42
234.658
229.897
225.136
220.376
215.615
210.854
206.092
201.33
196.567
191.803
187.038
182.272
177.505
172.736
167.966
163.195
158.422
153.647
148.87
144.091
139.31
134.526
129.74
124.951
120.158
115.363
110.563
105.758
100.949
96.1331
91.3111
86.4816
81.6435
76.7956
71.9364
67.0643
62.1775
57.2738
52.3507
47.4054
42.4346
37.4344
32.4009
27.3299
22.2197
17.0606
11.8294
6.50208
1.29025
-2.0778
)
;
    }
    inlet_air
    {
        type            calculated;
        value           nonuniform List<scalar> 
110
(
-1.50717
-0.325837
-0.32906
-0.332292
-0.335512
-0.338728
-0.341937
-0.345139
-0.348337
-0.35153
-0.35472
-0.357907
-0.361091
-0.364273
-0.367453
-0.370631
-0.373807
-0.376983
-0.380157
-0.38333
-0.386502
-0.389675
-0.392846
-0.396018
-0.399189
-0.40236
-0.40553
-0.4087
-0.411869
-0.415038
-0.418207
-0.421375
-0.424543
-0.42771
-0.430878
-0.434045
-0.437212
-0.440379
-0.443545
-0.446712
-0.449878
-0.453044
-0.45621
-0.459376
-0.462542
-0.465707
-0.468873
-0.472039
-0.475204
-0.478369
-0.481535
-0.4847
-0.487865
-0.49103
-0.494196
-0.497361
-0.500526
-0.503691
-0.506856
-0.510021
-0.513186
-0.516351
-0.519516
-0.522681
-0.525846
-0.52901
-0.532175
-0.53534
-0.538505
-0.54167
-0.544835
-0.547999
-0.551164
-0.554329
-0.557494
-0.560659
-0.563823
-0.566988
-0.570153
-0.573318
-0.576482
-0.579647
-0.582812
-0.585976
-0.589141
-0.592306
-0.59547
-0.598635
-0.601799
-0.604964
-0.608129
-0.611293
-0.614457
-0.617622
-0.620786
-0.62395
-0.627115
-0.630279
-0.633443
-0.636607
-0.685649
-0.78056
-0.875465
-0.970367
-1.06527
-1.16017
-1.25506
-1.34996
-1.44485
-1.53974
)
;
    }
    outlet_water
    {
        type            calculated;
        value           nonuniform List<scalar> 
100
(
521.212
515.837
510.078
503.892
497.091
489.486
481.24
473.526
467.46
462.518
457.789
453.013
448.193
443.342
438.467
433.567
428.644
423.701
418.74
413.763
408.77
403.764
398.746
393.717
388.678
383.63
378.573
373.509
368.437
363.36
358.276
353.186
348.091
342.991
337.887
332.778
327.666
322.549
317.429
312.306
307.181
302.052
296.921
291.788
286.653
281.517
276.379
271.24
266.099
260.958
255.817
250.675
245.533
240.391
235.249
230.107
224.965
219.825
214.685
209.545
204.407
199.27
194.134
188.999
183.866
178.734
173.603
168.474
163.348
158.223
153.1
147.979
142.861
137.746
132.634
127.526
122.421
117.321
112.226
107.137
102.054
96.9787
91.9119
86.8548
81.809
76.7761
71.7579
66.7565
61.7745
56.8147
51.8803
46.9755
42.1039
37.27
32.4753
27.7295
23.056
18.4785
13.7853
7.24746
)
;
    }
    outlet_air
    {
        type            calculated;
        value           nonuniform List<scalar> 
110
(
1.72
0.532042
0.528916
0.525799
0.52267
0.519537
0.516396
0.51325
0.510098
0.506943
0.503784
0.500622
0.497457
0.494291
0.491122
0.487951
0.484779
0.481605
0.478431
0.475255
0.472078
0.468901
0.465724
0.462546
0.459369
0.45619
0.453012
0.449833
0.446653
0.443473
0.440293
0.437112
0.433931
0.43075
0.427568
0.424387
0.421205
0.418023
0.41484
0.411658
0.408475
0.405292
0.40211
0.398926
0.395743
0.39256
0.389377
0.386193
0.38301
0.379826
0.376642
0.373459
0.370275
0.367091
0.363908
0.360724
0.35754
0.354356
0.351172
0.347988
0.344804
0.34162
0.338436
0.335252
0.332068
0.328884
0.3257
0.322516
0.319332
0.316147
0.312963
0.309779
0.306595
0.303411
0.300226
0.297042
0.293858
0.290674
0.287489
0.284305
0.281121
0.277937
0.274752
0.271568
0.268384
0.265199
0.262015
0.258831
0.255646
0.252462
0.249277
0.246093
0.242908
0.239723
0.236539
0.233354
0.230169
0.226984
0.2238
0.220615
0.171248
0.0756924
-0.0198674
-0.115429
-0.210991
-0.306555
-0.402121
-0.49769
-0.59326
-0.688831
)
;
    }
    lowerWall
    {
        type            calculated;
        value           nonuniform List<scalar> 
200
(
468.217
472.761
474.108
476.852
478.379
480.367
481.859
483.4
484.668
485.838
486.818
487.674
488.392
489.003
489.514
489.942
490.296
490.589
490.829
491.026
491.187
491.319
491.429
491.521
491.602
491.675
491.744
491.812
491.881
491.954
492.033
492.117
492.209
492.307
492.413
492.525
492.644
492.768
492.897
493.03
493.165
493.303
493.441
493.579
493.716
493.851
493.983
494.112
494.236
494.356
494.47
494.579
494.682
494.779
494.87
494.954
495.031
495.102
495.167
495.226
495.278
495.325
495.366
495.402
495.433
495.459
495.48
495.498
495.512
495.522
495.529
495.533
495.535
495.535
495.532
495.528
495.523
495.516
495.508
495.499
495.49
495.48
495.47
495.46
495.45
495.439
495.429
495.419
495.409
495.399
495.39
495.381
495.372
495.363
495.355
495.347
495.339
495.331
495.323
495.315
495.307
495.3
495.292
495.284
495.276
495.267
495.259
495.25
495.241
495.231
495.222
495.211
495.201
495.191
495.18
495.169
495.159
495.148
495.138
495.127
495.118
495.109
495.101
495.093
495.088
495.083
495.081
495.08
495.082
495.086
495.093
495.104
495.117
495.135
495.157
495.184
495.215
495.252
495.294
495.341
495.395
495.455
495.52
495.593
495.672
495.757
495.849
495.947
496.051
496.161
496.277
496.398
496.523
496.653
496.786
496.921
497.058
497.196
497.335
497.472
497.606
497.738
497.866
497.989
498.106
498.216
498.319
498.415
498.504
498.586
498.661
498.731
498.798
498.863
498.929
498.999
499.077
499.168
499.276
499.407
499.568
499.765
500.007
500.303
500.661
501.095
501.612
502.232
502.958
503.824
504.812
505.99
507.264
508.808
510.302
512.292
513.818
516.562
517.907
522.454
)
;
    }
    atmosphere
    {
        type            calculated;
        value           nonuniform List<scalar> 
200
(
-1.58506
-1.58081
-1.57655
-1.5723
-1.56805
-1.56379
-1.55954
-1.55529
-1.55104
-1.54678
-1.54253
-1.53828
-1.53402
-1.52977
-1.52552
-1.52127
-1.51701
-1.51276
-1.50851
-1.50425
-1.5
-1.49575
-1.4915
-1.48724
-1.48299
-1.47874
-1.47448
-1.47023
-1.46598
-1.46173
-1.45747
-1.45322
-1.44897
-1.44471
-1.44046
-1.43621
-1.43196
-1.4277
-1.42345
-1.4192
-1.41494
-1.41069
-1.40644
-1.40219
-1.39793
-1.39368
-1.38943
-1.38517
-1.38092
-1.37667
-1.37242
-1.36816
-1.36391
-1.35966
-1.3554
-1.35115
-1.3469
-1.34265
-1.33839
-1.33414
-1.32989
-1.32564
-1.32138
-1.31713
-1.31288
-1.30862
-1.30437
-1.30012
-1.29587
-1.29161
-1.28736
-1.28311
-1.27885
-1.2746
-1.27035
-1.2661
-1.26184
-1.25759
-1.25334
-1.24908
-1.24483
-1.24058
-1.23633
-1.23207
-1.22782
-1.22357
-1.21931
-1.21506
-1.21081
-1.20656
-1.2023
-1.19805
-1.1938
-1.18954
-1.18529
-1.18104
-1.17679
-1.17253
-1.16828
-1.16403
-1.15977
-1.15552
-1.15127
-1.14702
-1.14276
-1.13851
-1.13426
-1.13
-1.12575
-1.1215
-1.11725
-1.11299
-1.10874
-1.10449
-1.10023
-1.09598
-1.09173
-1.08748
-1.08322
-1.07897
-1.07472
-1.07046
-1.06621
-1.06196
-1.05771
-1.05345
-1.0492
-1.04495
-1.04069
-1.03644
-1.03219
-1.02794
-1.02368
-1.01943
-1.01518
-1.01092
-1.00667
-1.00242
-0.998166
-0.993913
-0.989661
-0.985408
-0.981155
-0.976902
-0.972649
-0.968396
-0.964143
-0.959891
-0.955638
-0.951385
-0.947132
-0.942879
-0.938626
-0.934374
-0.930121
-0.925868
-0.921615
-0.917362
-0.913109
-0.908857
-0.904604
-0.900351
-0.896098
-0.891845
-0.887592
-0.883339
-0.879087
-0.874834
-0.870581
-0.866328
-0.862075
-0.857822
-0.85357
-0.849317
-0.845064
-0.840811
-0.836558
-0.832305
-0.828053
-0.8238
-0.819547
-0.815294
-0.811041
-0.806788
-0.802535
-0.798283
-0.79403
-0.789777
-0.785524
-0.781271
-0.777018
-0.772766
-0.768513
-0.76426
-0.760007
-0.755754
-0.751501
-0.747249
-0.742996
-0.738743
)
;
    }
    defaultFaces
    {
        type            empty;
    }
}


// ************************************************************************* //
