# Wall shear stress
# Time        	patch         	min           	max           
0.000000e+00	lowerWall	(0.000000e+00 0.000000e+00 -3.596179e-05)	(0.000000e+00 0.000000e+00 0.000000e+00)
1.000000e+01	lowerWall	(-6.690437e-02 0.000000e+00 -1.314314e-04)	(-8.260155e-07 0.000000e+00 1.047463e-01)
2.000000e+01	lowerWall	(-6.937759e-02 0.000000e+00 -2.603973e-04)	(-6.505587e-07 0.000000e+00 1.120115e-01)
3.000000e+01	lowerWall	(-8.574511e-02 0.000000e+00 -1.642870e-04)	(-2.729776e-07 0.000000e+00 1.047207e-01)
4.000000e+01	lowerWall	(-8.399436e-02 0.000000e+00 -1.157761e-02)	(-2.265774e-07 0.000000e+00 1.614015e-01)
5.000000e+01	lowerWall	(-8.408788e-02 0.000000e+00 -1.506638e-02)	(-3.801996e-07 0.000000e+00 1.749790e-01)
6.000000e+01	lowerWall	(-8.423286e-02 0.000000e+00 -1.683347e-02)	(-3.753860e-07 0.000000e+00 1.403318e-01)
7.000000e+01	lowerWall	(-8.593496e-02 0.000000e+00 -1.836563e-02)	(-5.247603e-07 0.000000e+00 9.601598e-02)
8.000000e+01	lowerWall	(-8.760521e-02 0.000000e+00 -2.041056e-02)	(-6.996129e-07 0.000000e+00 6.946352e-02)
9.000000e+01	lowerWall	(-8.863323e-02 0.000000e+00 -2.306629e-02)	(-8.001783e-07 0.000000e+00 1.502220e-01)
1.000000e+02	lowerWall	(-9.062036e-02 0.000000e+00 -2.564969e-02)	(-8.194066e-07 0.000000e+00 1.242833e-01)
1.100000e+02	lowerWall	(-1.008065e-01 0.000000e+00 -2.708785e-02)	(-8.878036e-07 0.000000e+00 8.888509e-02)
1.200000e+02	lowerWall	(-9.702587e-02 0.000000e+00 -2.737494e-02)	(-1.094361e-06 0.000000e+00 1.022334e-01)
1.300000e+02	lowerWall	(-9.422592e-02 0.000000e+00 -2.765401e-02)	(-1.241202e-06 0.000000e+00 1.182181e-01)
1.400000e+02	lowerWall	(-9.183766e-02 0.000000e+00 -2.797925e-02)	(-1.469536e-06 0.000000e+00 1.309898e-01)
1.500000e+02	lowerWall	(-1.134503e-01 0.000000e+00 -2.839501e-02)	(-1.564462e-06 0.000000e+00 1.290514e-01)
1.600000e+02	lowerWall	(-1.280087e-01 0.000000e+00 -2.879242e-02)	(-1.646613e-06 0.000000e+00 8.687425e-02)
1.700000e+02	lowerWall	(-1.223263e-01 0.000000e+00 -2.885155e-02)	(-1.977922e-06 0.000000e+00 8.030954e-02)
1.800000e+02	lowerWall	(-1.200391e-01 0.000000e+00 -2.892303e-02)	(-1.990677e-06 0.000000e+00 7.694192e-02)
1.900000e+02	lowerWall	(-1.177119e-01 0.000000e+00 -2.901558e-02)	(-2.029336e-06 0.000000e+00 7.420820e-02)
2.000000e+02	lowerWall	(-1.150089e-01 0.000000e+00 -2.911462e-02)	(-2.036875e-06 0.000000e+00 7.147499e-02)
2.100000e+02	lowerWall	(-1.122363e-01 0.000000e+00 -2.921364e-02)	(-1.970147e-06 0.000000e+00 6.882324e-02)
2.200000e+02	lowerWall	(-1.094829e-01 0.000000e+00 -2.931640e-02)	(-1.852855e-06 0.000000e+00 6.648458e-02)
2.300000e+02	lowerWall	(-1.067293e-01 0.000000e+00 -2.942478e-02)	(-1.729713e-06 0.000000e+00 6.441988e-02)
2.400000e+02	lowerWall	(-1.057355e-01 0.000000e+00 -2.955074e-02)	(-1.611154e-06 0.000000e+00 6.265138e-02)
2.500000e+02	lowerWall	(-1.055546e-01 0.000000e+00 -2.968149e-02)	(-1.520661e-06 0.000000e+00 6.099953e-02)
2.600000e+02	lowerWall	(-1.053011e-01 0.000000e+00 -2.982449e-02)	(-1.483280e-06 0.000000e+00 5.940402e-02)
2.700000e+02	lowerWall	(-1.049222e-01 0.000000e+00 -3.002376e-02)	(-1.498972e-06 0.000000e+00 1.423150e-01)
2.800000e+02	lowerWall	(-1.044908e-01 0.000000e+00 -3.035188e-02)	(-1.471924e-06 0.000000e+00 1.180036e-01)
2.900000e+02	lowerWall	(-1.049292e-01 0.000000e+00 -3.059662e-02)	(-1.365236e-06 0.000000e+00 8.593099e-02)
3.000000e+02	lowerWall	(-1.050532e-01 0.000000e+00 -3.071016e-02)	(-1.349734e-06 0.000000e+00 7.884876e-02)
3.100000e+02	lowerWall	(-1.052582e-01 0.000000e+00 -3.080204e-02)	(-1.420603e-06 0.000000e+00 7.277998e-02)
3.200000e+02	lowerWall	(-1.054619e-01 0.000000e+00 -3.088397e-02)	(-1.527799e-06 0.000000e+00 6.776236e-02)
3.300000e+02	lowerWall	(-1.056466e-01 0.000000e+00 -3.096149e-02)	(-1.638678e-06 0.000000e+00 6.348783e-02)
3.400000e+02	lowerWall	(-1.058017e-01 0.000000e+00 -3.103744e-02)	(-1.740192e-06 0.000000e+00 5.982251e-02)
3.500000e+02	lowerWall	(-1.059213e-01 0.000000e+00 -3.111406e-02)	(-1.824119e-06 0.000000e+00 5.671355e-02)
3.600000e+02	lowerWall	(-1.060141e-01 0.000000e+00 -3.119309e-02)	(2.382418e-05 0.000000e+00 5.412816e-02)
3.700000e+02	lowerWall	(-1.060907e-01 0.000000e+00 -3.127617e-02)	(3.902373e-05 0.000000e+00 5.193606e-02)
3.800000e+02	lowerWall	(-1.061207e-01 0.000000e+00 -3.136091e-02)	(4.434953e-05 0.000000e+00 4.996621e-02)
3.900000e+02	lowerWall	(-1.060914e-01 0.000000e+00 -3.144580e-02)	(4.237499e-05 0.000000e+00 4.826964e-02)
4.000000e+02	lowerWall	(-1.060123e-01 0.000000e+00 -3.153330e-02)	(2.891305e-05 0.000000e+00 4.686014e-02)
4.100000e+02	lowerWall	(-1.058954e-01 0.000000e+00 -3.161287e-02)	(-1.998521e-06 0.000000e+00 4.578597e-02)
4.200000e+02	lowerWall	(-1.057774e-01 0.000000e+00 -3.169051e-02)	(-2.080677e-06 0.000000e+00 4.513605e-02)
4.300000e+02	lowerWall	(-1.056494e-01 0.000000e+00 -3.177054e-02)	(-2.102247e-06 0.000000e+00 5.284325e-02)
4.400000e+02	lowerWall	(-1.055169e-01 0.000000e+00 -3.185467e-02)	(-2.135615e-06 0.000000e+00 1.175251e-01)
4.500000e+02	lowerWall	(-1.053759e-01 0.000000e+00 -3.194352e-02)	(-2.191389e-06 0.000000e+00 1.642838e-01)
4.600000e+02	lowerWall	(-1.051975e-01 0.000000e+00 -3.203218e-02)	(6.204238e-05 0.000000e+00 1.722722e-01)
4.700000e+02	lowerWall	(-1.050067e-01 0.000000e+00 -3.212046e-02)	(1.972570e-04 0.000000e+00 1.585178e-01)
4.800000e+02	lowerWall	(-1.047884e-01 0.000000e+00 -3.220736e-02)	(3.428267e-04 0.000000e+00 1.390818e-01)
4.900000e+02	lowerWall	(-1.045528e-01 0.000000e+00 -3.229298e-02)	(4.579481e-04 0.000000e+00 1.216794e-01)
5.000000e+02	lowerWall	(-1.043046e-01 0.000000e+00 -3.237801e-02)	(5.026023e-04 0.000000e+00 1.079034e-01)
5.100000e+02	lowerWall	(-1.040408e-01 0.000000e+00 -3.246390e-02)	(4.455073e-04 0.000000e+00 9.704792e-02)
5.200000e+02	lowerWall	(-1.037814e-01 0.000000e+00 -3.255084e-02)	(2.949880e-04 0.000000e+00 8.847528e-02)
5.300000e+02	lowerWall	(-1.035342e-01 0.000000e+00 -3.263960e-02)	(3.319126e-04 0.000000e+00 8.228956e-02)
5.400000e+02	lowerWall	(-1.032655e-01 0.000000e+00 -3.273083e-02)	(3.975423e-04 0.000000e+00 7.602930e-02)
5.500000e+02	lowerWall	(-1.029803e-01 0.000000e+00 -3.282332e-02)	(4.273467e-04 0.000000e+00 6.993601e-02)
5.600000e+02	lowerWall	(-1.026835e-01 0.000000e+00 -3.291533e-02)	(4.107399e-04 0.000000e+00 6.439509e-02)
5.700000e+02	lowerWall	(-1.023124e-01 0.000000e+00 -3.300632e-02)	(3.572457e-04 0.000000e+00 5.956926e-02)
5.800000e+02	lowerWall	(-1.018830e-01 0.000000e+00 -3.310358e-02)	(2.783028e-04 0.000000e+00 5.584497e-02)
5.900000e+02	lowerWall	(-1.014832e-01 0.000000e+00 -3.319168e-02)	(2.428179e-04 0.000000e+00 5.327302e-02)
6.000000e+02	lowerWall	(-1.014788e-01 0.000000e+00 -3.326849e-02)	(2.521132e-04 0.000000e+00 5.140334e-02)
6.100000e+02	lowerWall	(-1.017665e-01 0.000000e+00 -3.334270e-02)	(2.502164e-04 0.000000e+00 4.983030e-02)
6.200000e+02	lowerWall	(-1.019975e-01 0.000000e+00 -3.341671e-02)	(2.378900e-04 0.000000e+00 4.856156e-02)
6.300000e+02	lowerWall	(-1.021877e-01 0.000000e+00 -3.349501e-02)	(2.162357e-04 0.000000e+00 1.029074e-01)
6.400000e+02	lowerWall	(-1.023025e-01 0.000000e+00 -3.357646e-02)	(1.852912e-04 0.000000e+00 1.665049e-01)
6.500000e+02	lowerWall	(-1.023478e-01 0.000000e+00 -3.366444e-02)	(1.591669e-04 0.000000e+00 1.581532e-01)
6.600000e+02	lowerWall	(-1.023350e-01 0.000000e+00 -3.376190e-02)	(1.624635e-04 0.000000e+00 1.308511e-01)
6.700000e+02	lowerWall	(-1.022576e-01 0.000000e+00 -3.386322e-02)	(1.835354e-04 0.000000e+00 1.077913e-01)
6.800000e+02	lowerWall	(-1.021111e-01 0.000000e+00 -3.396477e-02)	(2.132192e-04 0.000000e+00 9.286427e-02)
6.900000e+02	lowerWall	(-1.019127e-01 0.000000e+00 -3.406524e-02)	(2.186575e-04 0.000000e+00 8.272426e-02)
7.000000e+02	lowerWall	(-1.016764e-01 0.000000e+00 -3.416455e-02)	(1.968190e-04 0.000000e+00 7.525765e-02)
7.100000e+02	lowerWall	(-1.014271e-01 0.000000e+00 -3.426218e-02)	(2.018624e-04 0.000000e+00 6.957061e-02)
7.200000e+02	lowerWall	(-1.010613e-01 0.000000e+00 -3.435752e-02)	(1.860355e-04 0.000000e+00 6.416496e-02)
7.300000e+02	lowerWall	(-1.006468e-01 0.000000e+00 -3.445062e-02)	(1.509842e-04 0.000000e+00 5.944949e-02)
7.400000e+02	lowerWall	(-1.001978e-01 0.000000e+00 -3.453856e-02)	(1.375537e-04 0.000000e+00 5.601802e-02)
7.500000e+02	lowerWall	(-9.982631e-02 0.000000e+00 -3.461911e-02)	(1.156231e-04 0.000000e+00 5.400086e-02)
7.600000e+02	lowerWall	(-9.946847e-02 0.000000e+00 -3.468688e-02)	(1.101672e-04 0.000000e+00 5.252592e-02)
7.700000e+02	lowerWall	(-9.916970e-02 0.000000e+00 -3.474906e-02)	(9.901278e-05 0.000000e+00 5.127696e-02)
7.800000e+02	lowerWall	(-9.939826e-02 0.000000e+00 -3.480757e-02)	(8.431798e-05 0.000000e+00 1.290919e-01)
7.900000e+02	lowerWall	(-9.957907e-02 0.000000e+00 -3.486216e-02)	(6.927126e-05 0.000000e+00 1.642117e-01)
8.000000e+02	lowerWall	(-9.973874e-02 0.000000e+00 -3.491360e-02)	(5.432390e-05 0.000000e+00 1.629128e-01)
8.100000e+02	lowerWall	(-9.988279e-02 0.000000e+00 -3.496230e-02)	(4.692598e-05 0.000000e+00 1.511306e-01)
8.200000e+02	lowerWall	(-1.000209e-01 0.000000e+00 -3.500847e-02)	(5.320355e-05 0.000000e+00 1.374217e-01)
8.300000e+02	lowerWall	(-1.001595e-01 0.000000e+00 -3.505212e-02)	(5.909921e-05 0.000000e+00 1.236394e-01)
8.400000e+02	lowerWall	(-1.003005e-01 0.000000e+00 -3.509963e-02)	(6.405914e-05 0.000000e+00 1.063381e-01)
8.500000e+02	lowerWall	(-1.003741e-01 0.000000e+00 -3.514193e-02)	(6.668528e-05 0.000000e+00 9.316109e-02)
8.600000e+02	lowerWall	(-1.003982e-01 0.000000e+00 -3.518558e-02)	(6.871759e-05 0.000000e+00 8.392730e-02)
8.700000e+02	lowerWall	(-1.003716e-01 0.000000e+00 -3.522776e-02)	(6.690664e-05 0.000000e+00 7.734286e-02)
8.800000e+02	lowerWall	(-1.003023e-01 0.000000e+00 -3.526817e-02)	(6.086384e-05 0.000000e+00 7.244642e-02)
8.900000e+02	lowerWall	(-1.001957e-01 0.000000e+00 -3.530730e-02)	(5.120427e-05 0.000000e+00 6.881133e-02)
9.000000e+02	lowerWall	(-1.000609e-01 0.000000e+00 -3.534604e-02)	(5.436152e-05 0.000000e+00 6.607211e-02)
9.100000e+02	lowerWall	(-9.983859e-02 0.000000e+00 -3.538433e-02)	(5.477986e-05 0.000000e+00 6.392011e-02)
9.200000e+02	lowerWall	(-9.959998e-02 0.000000e+00 -3.542175e-02)	(5.220323e-05 0.000000e+00 6.218218e-02)
9.300000e+02	lowerWall	(-9.935074e-02 0.000000e+00 -3.545885e-02)	(4.678870e-05 0.000000e+00 6.093682e-02)
9.400000e+02	lowerWall	(-9.909683e-02 0.000000e+00 -3.549519e-02)	(3.716695e-05 0.000000e+00 6.013586e-02)
9.500000e+02	lowerWall	(-9.883820e-02 0.000000e+00 -3.553081e-02)	(2.282838e-05 0.000000e+00 5.956982e-02)
9.600000e+02	lowerWall	(-9.857376e-02 0.000000e+00 -3.556516e-02)	(7.442643e-06 0.000000e+00 5.921705e-02)
9.700000e+02	lowerWall	(-9.826522e-02 0.000000e+00 -3.559893e-02)	(-2.045691e-06 0.000000e+00 5.939558e-02)
9.800000e+02	lowerWall	(-9.869326e-02 0.000000e+00 -3.565411e-02)	(-2.033371e-06 0.000000e+00 1.496857e-01)
9.900000e+02	lowerWall	(-9.902600e-02 0.000000e+00 -3.572438e-02)	(-2.162251e-06 0.000000e+00 1.521318e-01)
1.000000e+03	lowerWall	(-9.908013e-02 0.000000e+00 -3.576991e-02)	(-2.379057e-06 0.000000e+00 1.308836e-01)
1.010000e+03	lowerWall	(-9.899774e-02 0.000000e+00 -3.580125e-02)	(-2.376395e-06 0.000000e+00 1.176174e-01)
1.020000e+03	lowerWall	(-9.889423e-02 0.000000e+00 -3.582739e-02)	(-2.349774e-06 0.000000e+00 1.074200e-01)
1.030000e+03	lowerWall	(-9.877425e-02 0.000000e+00 -3.585089e-02)	(-2.323810e-06 0.000000e+00 1.000892e-01)
1.040000e+03	lowerWall	(-9.863563e-02 0.000000e+00 -3.587308e-02)	(-2.322329e-06 0.000000e+00 9.369516e-02)
1.050000e+03	lowerWall	(-9.847474e-02 0.000000e+00 -3.589889e-02)	(-2.302611e-06 0.000000e+00 8.623531e-02)
1.060000e+03	lowerWall	(-9.824537e-02 0.000000e+00 -3.593951e-02)	(-2.213864e-06 0.000000e+00 7.435669e-02)
1.070000e+03	lowerWall	(-9.802694e-02 0.000000e+00 -3.601124e-02)	(-2.267908e-06 0.000000e+00 6.483323e-02)
1.080000e+03	lowerWall	(-9.856203e-02 0.000000e+00 -3.609928e-02)	(-2.591669e-06 0.000000e+00 5.873234e-02)
1.090000e+03	lowerWall	(-9.877705e-02 0.000000e+00 -3.617895e-02)	(-2.934102e-06 0.000000e+00 1.654310e-01)
1.100000e+03	lowerWall	(-9.862613e-02 0.000000e+00 -3.623642e-02)	(-2.851488e-06 0.000000e+00 1.533651e-01)
1.110000e+03	lowerWall	(-9.838059e-02 0.000000e+00 -3.628923e-02)	(-2.496825e-06 0.000000e+00 1.070432e-01)
1.120000e+03	lowerWall	(-9.808692e-02 0.000000e+00 -3.634084e-02)	(2.548550e-05 0.000000e+00 8.279595e-02)
1.130000e+03	lowerWall	(-9.770343e-02 0.000000e+00 -3.639145e-02)	(5.335472e-05 0.000000e+00 6.894393e-02)
1.140000e+03	lowerWall	(-9.727494e-02 0.000000e+00 -3.642339e-02)	(6.543403e-05 0.000000e+00 6.082427e-02)
1.150000e+03	lowerWall	(-9.684483e-02 0.000000e+00 -3.644524e-02)	(4.782531e-05 0.000000e+00 5.588762e-02)
1.160000e+03	lowerWall	(-9.663483e-02 0.000000e+00 -3.646550e-02)	(2.895227e-05 0.000000e+00 5.294963e-02)
1.170000e+03	lowerWall	(-9.674168e-02 0.000000e+00 -3.648450e-02)	(-1.557399e-06 0.000000e+00 5.122686e-02)
1.180000e+03	lowerWall	(-9.679247e-02 0.000000e+00 -3.650399e-02)	(-1.924129e-06 0.000000e+00 1.601175e-01)
1.190000e+03	lowerWall	(-9.668658e-02 0.000000e+00 -3.652366e-02)	(-1.890733e-06 0.000000e+00 1.346251e-01)
1.200000e+03	lowerWall	(-9.644573e-02 0.000000e+00 -3.654314e-02)	(-1.812829e-06 0.000000e+00 1.029055e-01)
1.210000e+03	lowerWall	(-9.619043e-02 0.000000e+00 -3.656211e-02)	(-1.828419e-06 0.000000e+00 8.432415e-02)
1.220000e+03	lowerWall	(-9.597577e-02 0.000000e+00 -3.658007e-02)	(-2.107408e-06 0.000000e+00 7.175840e-02)
1.230000e+03	lowerWall	(-9.578468e-02 0.000000e+00 -3.659684e-02)	(-2.584120e-06 0.000000e+00 6.352329e-02)
1.240000e+03	lowerWall	(-9.559443e-02 0.000000e+00 -3.661264e-02)	(-3.119101e-06 0.000000e+00 5.837490e-02)
1.250000e+03	lowerWall	(-9.539145e-02 0.000000e+00 -3.662770e-02)	(-3.728437e-06 0.000000e+00 5.454553e-02)
1.260000e+03	lowerWall	(-9.518558e-02 0.000000e+00 -3.664238e-02)	(-4.364938e-06 0.000000e+00 5.179056e-02)
1.270000e+03	lowerWall	(-9.497947e-02 0.000000e+00 -3.665672e-02)	(-5.026990e-06 0.000000e+00 4.989833e-02)
1.280000e+03	lowerWall	(-9.476590e-02 0.000000e+00 -3.667075e-02)	(-5.668552e-06 0.000000e+00 5.290350e-02)
1.290000e+03	lowerWall	(-9.485665e-02 0.000000e+00 -3.668436e-02)	(-6.166789e-06 0.000000e+00 1.414648e-01)
1.300000e+03	lowerWall	(-9.499775e-02 0.000000e+00 -3.669652e-02)	(-6.684032e-06 0.000000e+00 1.413224e-01)
1.310000e+03	lowerWall	(-9.534252e-02 0.000000e+00 -3.672601e-02)	(-8.613651e-06 0.000000e+00 8.363940e-02)
1.320000e+03	lowerWall	(-9.539267e-02 0.000000e+00 -3.676556e-02)	(-1.170185e-05 0.000000e+00 5.956881e-02)
1.330000e+03	lowerWall	(-9.523823e-02 0.000000e+00 -3.679601e-02)	(-1.375382e-05 0.000000e+00 5.153316e-02)
1.340000e+03	lowerWall	(-9.495133e-02 0.000000e+00 -3.681975e-02)	(-1.550467e-05 0.000000e+00 1.072538e-01)
1.350000e+03	lowerWall	(-9.528565e-02 0.000000e+00 -3.683921e-02)	(-1.664081e-05 0.000000e+00 1.414840e-01)
1.360000e+03	lowerWall	(-9.545054e-02 0.000000e+00 -3.685595e-02)	(-1.721105e-05 0.000000e+00 1.084372e-01)
1.370000e+03	lowerWall	(-9.544880e-02 0.000000e+00 -3.687060e-02)	(-1.745093e-05 0.000000e+00 8.765327e-02)
1.380000e+03	lowerWall	(-9.542950e-02 0.000000e+00 -3.688530e-02)	(-1.772218e-05 0.000000e+00 7.485722e-02)
1.390000e+03	lowerWall	(-9.535651e-02 0.000000e+00 -3.689864e-02)	(-1.793569e-05 0.000000e+00 6.175468e-02)
1.400000e+03	lowerWall	(-9.510440e-02 0.000000e+00 -3.690876e-02)	(-1.861473e-05 0.000000e+00 5.214293e-02)
1.410000e+03	lowerWall	(-9.474062e-02 0.000000e+00 -3.691805e-02)	(-1.914386e-05 0.000000e+00 1.119898e-01)
1.420000e+03	lowerWall	(-9.491077e-02 0.000000e+00 -3.692702e-02)	(-1.929589e-05 0.000000e+00 1.322328e-01)
1.430000e+03	lowerWall	(-9.497946e-02 0.000000e+00 -3.693640e-02)	(-1.923680e-05 0.000000e+00 9.818346e-02)
1.440000e+03	lowerWall	(-9.488232e-02 0.000000e+00 -3.694594e-02)	(-1.923924e-05 0.000000e+00 8.036447e-02)
1.450000e+03	lowerWall	(-9.477055e-02 0.000000e+00 -3.695504e-02)	(-1.931075e-05 0.000000e+00 6.913862e-02)
1.460000e+03	lowerWall	(-9.458157e-02 0.000000e+00 -3.696341e-02)	(-1.978336e-05 0.000000e+00 6.030370e-02)
1.470000e+03	lowerWall	(-9.438124e-02 0.000000e+00 -3.697098e-02)	(-2.052188e-05 0.000000e+00 5.464642e-02)
1.480000e+03	lowerWall	(-9.415514e-02 0.000000e+00 -3.697785e-02)	(-2.166712e-05 0.000000e+00 5.083956e-02)
1.490000e+03	lowerWall	(-9.386582e-02 0.000000e+00 -3.698434e-02)	(-2.363909e-05 0.000000e+00 5.268161e-02)
1.500000e+03	lowerWall	(-9.379497e-02 0.000000e+00 -3.699119e-02)	(-2.791634e-05 0.000000e+00 1.407195e-01)
1.510000e+03	lowerWall	(-9.398491e-02 0.000000e+00 -3.699764e-02)	(-3.303362e-05 0.000000e+00 1.030567e-01)
1.520000e+03	lowerWall	(-9.393101e-02 0.000000e+00 -3.700293e-02)	(-4.146082e-05 0.000000e+00 8.108030e-02)
1.530000e+03	lowerWall	(-9.379349e-02 0.000000e+00 -3.700822e-02)	(-5.341148e-05 0.000000e+00 6.768306e-02)
1.540000e+03	lowerWall	(-9.354322e-02 0.000000e+00 -3.701398e-02)	(-6.850639e-05 0.000000e+00 5.660417e-02)
1.550000e+03	lowerWall	(-9.334647e-02 0.000000e+00 -3.702362e-02)	(-8.384960e-05 0.000000e+00 5.164773e-02)
1.560000e+03	lowerWall	(-9.321172e-02 0.000000e+00 -3.703743e-02)	(-1.014472e-04 0.000000e+00 4.905761e-02)
1.570000e+03	lowerWall	(-9.308427e-02 0.000000e+00 -3.705113e-02)	(-1.197874e-04 0.000000e+00 1.231197e-01)
1.580000e+03	lowerWall	(-9.327315e-02 0.000000e+00 -3.706382e-02)	(-1.414108e-04 0.000000e+00 1.440373e-01)
1.590000e+03	lowerWall	(-9.348501e-02 0.000000e+00 -3.707670e-02)	(-1.708069e-04 0.000000e+00 1.304947e-01)
1.600000e+03	lowerWall	(-9.364412e-02 0.000000e+00 -3.708883e-02)	(-1.990125e-04 0.000000e+00 1.141246e-01)
1.610000e+03	lowerWall	(-9.376530e-02 0.000000e+00 -3.709937e-02)	(-2.004033e-04 0.000000e+00 1.010360e-01)
1.620000e+03	lowerWall	(-9.387507e-02 0.000000e+00 -3.710809e-02)	(-1.944194e-04 0.000000e+00 9.110356e-02)
1.630000e+03	lowerWall	(-9.399771e-02 0.000000e+00 -3.711516e-02)	(-1.730504e-04 0.000000e+00 8.266160e-02)
1.640000e+03	lowerWall	(-9.412653e-02 0.000000e+00 -3.712184e-02)	(-1.468884e-04 0.000000e+00 6.827438e-02)
1.650000e+03	lowerWall	(-9.405218e-02 0.000000e+00 -3.712778e-02)	(-1.385462e-04 0.000000e+00 5.634746e-02)
1.660000e+03	lowerWall	(-9.386338e-02 0.000000e+00 -3.713408e-02)	(-1.396973e-04 0.000000e+00 5.007004e-02)
1.670000e+03	lowerWall	(-9.366970e-02 0.000000e+00 -3.714118e-02)	(-1.399654e-04 0.000000e+00 1.477044e-01)
1.680000e+03	lowerWall	(-9.400447e-02 0.000000e+00 -3.714733e-02)	(-1.382492e-04 0.000000e+00 1.218886e-01)
1.690000e+03	lowerWall	(-9.418849e-02 0.000000e+00 -3.715249e-02)	(-1.345455e-04 0.000000e+00 9.814578e-02)
1.700000e+03	lowerWall	(-9.431110e-02 0.000000e+00 -3.715688e-02)	(-1.313000e-04 0.000000e+00 8.389618e-02)
1.710000e+03	lowerWall	(-9.441500e-02 0.000000e+00 -3.716076e-02)	(-1.293610e-04 0.000000e+00 7.481404e-02)
1.720000e+03	lowerWall	(-9.450087e-02 0.000000e+00 -3.716422e-02)	(-1.284446e-04 0.000000e+00 6.737679e-02)
1.730000e+03	lowerWall	(-9.456376e-02 0.000000e+00 -3.716738e-02)	(-1.276706e-04 0.000000e+00 6.068366e-02)
1.740000e+03	lowerWall	(-9.450216e-02 0.000000e+00 -3.717046e-02)	(-1.223509e-04 0.000000e+00 5.284951e-02)
1.750000e+03	lowerWall	(-9.429096e-02 0.000000e+00 -3.717329e-02)	(-1.199231e-04 0.000000e+00 1.417669e-01)
1.760000e+03	lowerWall	(-9.446795e-02 0.000000e+00 -3.717599e-02)	(-1.181040e-04 0.000000e+00 1.158600e-01)
1.770000e+03	lowerWall	(-9.453178e-02 0.000000e+00 -3.717859e-02)	(-1.173950e-04 0.000000e+00 8.274398e-02)
1.780000e+03	lowerWall	(-9.442595e-02 0.000000e+00 -3.718094e-02)	(-1.177711e-04 0.000000e+00 6.799766e-02)
1.790000e+03	lowerWall	(-9.422700e-02 0.000000e+00 -3.718324e-02)	(-1.179312e-04 0.000000e+00 5.837220e-02)
1.800000e+03	lowerWall	(-9.403615e-02 0.000000e+00 -3.718554e-02)	(-1.171663e-04 0.000000e+00 5.274295e-02)
1.810000e+03	lowerWall	(-9.376912e-02 0.000000e+00 -3.718774e-02)	(-1.164196e-04 0.000000e+00 8.479669e-02)
1.820000e+03	lowerWall	(-9.344068e-02 0.000000e+00 -3.718991e-02)	(-1.153559e-04 0.000000e+00 1.381110e-01)
1.830000e+03	lowerWall	(-9.363379e-02 0.000000e+00 -3.719215e-02)	(-1.154258e-04 0.000000e+00 9.301594e-02)
1.840000e+03	lowerWall	(-9.359726e-02 0.000000e+00 -3.719573e-02)	(-1.169604e-04 0.000000e+00 7.701834e-02)
1.850000e+03	lowerWall	(-9.354665e-02 0.000000e+00 -3.719955e-02)	(-1.217924e-04 0.000000e+00 6.510678e-02)
1.860000e+03	lowerWall	(-9.347489e-02 0.000000e+00 -3.720272e-02)	(-1.285893e-04 0.000000e+00 5.401901e-02)
1.870000e+03	lowerWall	(-9.329396e-02 0.000000e+00 -3.720564e-02)	(-1.327497e-04 0.000000e+00 4.893307e-02)
1.880000e+03	lowerWall	(-9.323043e-02 0.000000e+00 -3.720853e-02)	(-1.385735e-04 0.000000e+00 1.435240e-01)
1.890000e+03	lowerWall	(-9.334300e-02 0.000000e+00 -3.721118e-02)	(-1.469431e-04 0.000000e+00 1.079103e-01)
1.900000e+03	lowerWall	(-9.330885e-02 0.000000e+00 -3.721389e-02)	(-1.529808e-04 0.000000e+00 8.077767e-02)
1.910000e+03	lowerWall	(-9.321248e-02 0.000000e+00 -3.721648e-02)	(-1.554771e-04 0.000000e+00 6.896880e-02)
1.920000e+03	lowerWall	(-9.311149e-02 0.000000e+00 -3.721901e-02)	(-1.566107e-04 0.000000e+00 6.177297e-02)
1.930000e+03	lowerWall	(-9.322952e-02 0.000000e+00 -3.721562e-02)	(-1.567530e-04 0.000000e+00 5.724967e-02)
1.940000e+03	lowerWall	(-9.303569e-02 0.000000e+00 -3.722542e-02)	(-1.565670e-04 0.000000e+00 5.409217e-02)
1.950000e+03	lowerWall	(-9.316839e-02 0.000000e+00 -3.722867e-02)	(-1.567101e-04 0.000000e+00 5.162177e-02)
1.960000e+03	lowerWall	(-9.287888e-02 0.000000e+00 -3.722837e-02)	(-1.571812e-04 0.000000e+00 4.948882e-02)
1.970000e+03	lowerWall	(-9.303778e-02 0.000000e+00 -3.723129e-02)	(-1.598556e-04 0.000000e+00 1.439357e-01)
1.980000e+03	lowerWall	(-9.336200e-02 0.000000e+00 -3.723362e-02)	(-1.621058e-04 0.000000e+00 1.131746e-01)
1.990000e+03	lowerWall	(-9.329862e-02 0.000000e+00 -3.723599e-02)	(-1.593037e-04 0.000000e+00 7.891223e-02)
2.000000e+03	lowerWall	(-9.306582e-02 0.000000e+00 -3.723834e-02)	(-1.587986e-04 0.000000e+00 6.470158e-02)
2.010000e+03	lowerWall	(-9.288920e-02 0.000000e+00 -3.724075e-02)	(-1.592788e-04 0.000000e+00 5.706955e-02)
2.020000e+03	lowerWall	(-9.275350e-02 0.000000e+00 -3.724317e-02)	(-1.595202e-04 0.000000e+00 5.277499e-02)
2.030000e+03	lowerWall	(-9.265553e-02 0.000000e+00 -3.724557e-02)	(-1.600126e-04 0.000000e+00 4.987574e-02)
2.040000e+03	lowerWall	(-9.247100e-02 0.000000e+00 -3.724826e-02)	(-1.605953e-04 0.000000e+00 4.776906e-02)
2.050000e+03	lowerWall	(-9.257979e-02 0.000000e+00 -3.724690e-02)	(-1.613143e-04 0.000000e+00 1.217679e-01)
2.060000e+03	lowerWall	(-9.285696e-02 0.000000e+00 -3.725223e-02)	(-1.621043e-04 0.000000e+00 1.449495e-01)
2.070000e+03	lowerWall	(-9.304443e-02 0.000000e+00 -3.725437e-02)	(-1.628793e-04 0.000000e+00 1.345451e-01)
2.080000e+03	lowerWall	(-9.323387e-02 0.000000e+00 -3.725648e-02)	(-1.617157e-04 0.000000e+00 1.132440e-01)
2.090000e+03	lowerWall	(-9.334732e-02 0.000000e+00 -3.725854e-02)	(-1.561898e-04 0.000000e+00 8.230751e-02)
2.100000e+03	lowerWall	(-9.314936e-02 0.000000e+00 -3.726059e-02)	(-1.529377e-04 0.000000e+00 6.408928e-02)
2.110000e+03	lowerWall	(-9.278970e-02 0.000000e+00 -3.726262e-02)	(-1.494366e-04 0.000000e+00 5.361721e-02)
2.120000e+03	lowerWall	(-9.243890e-02 0.000000e+00 -3.726463e-02)	(-1.464747e-04 0.000000e+00 4.899979e-02)
2.130000e+03	lowerWall	(-9.254589e-02 0.000000e+00 -3.726681e-02)	(-1.468308e-04 0.000000e+00 1.253056e-01)
2.140000e+03	lowerWall	(-9.281481e-02 0.000000e+00 -3.726895e-02)	(-1.464452e-04 0.000000e+00 1.399860e-01)
2.150000e+03	lowerWall	(-9.293063e-02 0.000000e+00 -3.727102e-02)	(-1.475251e-04 0.000000e+00 1.162796e-01)
2.160000e+03	lowerWall	(-9.293934e-02 0.000000e+00 -3.727298e-02)	(-1.494015e-04 0.000000e+00 9.673016e-02)
2.170000e+03	lowerWall	(-9.290894e-02 0.000000e+00 -3.727492e-02)	(-1.535957e-04 0.000000e+00 8.090161e-02)
2.180000e+03	lowerWall	(-9.263395e-02 0.000000e+00 -3.727677e-02)	(-1.634743e-04 0.000000e+00 6.140664e-02)
2.190000e+03	lowerWall	(-9.213418e-02 0.000000e+00 -3.727857e-02)	(-1.724782e-04 0.000000e+00 5.125080e-02)
2.200000e+03	lowerWall	(-9.207586e-02 0.000000e+00 -3.728032e-02)	(-1.801606e-04 0.000000e+00 1.234822e-01)
2.210000e+03	lowerWall	(-9.225121e-02 0.000000e+00 -3.728203e-02)	(-1.702534e-04 0.000000e+00 1.257874e-01)
2.220000e+03	lowerWall	(-9.211534e-02 0.000000e+00 -3.728370e-02)	(-1.619044e-04 0.000000e+00 9.427973e-02)
2.230000e+03	lowerWall	(-9.183449e-02 0.000000e+00 -3.728533e-02)	(-1.569823e-04 0.000000e+00 7.521387e-02)
2.240000e+03	lowerWall	(-9.139008e-02 0.000000e+00 -3.728692e-02)	(-1.570935e-04 0.000000e+00 5.851467e-02)
2.250000e+03	lowerWall	(-9.080098e-02 0.000000e+00 -3.728848e-02)	(-1.555213e-04 0.000000e+00 5.039749e-02)
2.260000e+03	lowerWall	(-9.080876e-02 0.000000e+00 -3.728999e-02)	(-1.539971e-04 0.000000e+00 1.284518e-01)
2.270000e+03	lowerWall	(-9.087304e-02 0.000000e+00 -3.729145e-02)	(-1.470692e-04 0.000000e+00 1.166177e-01)
2.280000e+03	lowerWall	(-9.059339e-02 0.000000e+00 -3.729291e-02)	(-1.450746e-04 0.000000e+00 8.772093e-02)
2.290000e+03	lowerWall	(-9.032502e-02 0.000000e+00 -3.729431e-02)	(-1.450900e-04 0.000000e+00 7.592493e-02)
2.300000e+03	lowerWall	(-9.006954e-02 0.000000e+00 -3.729567e-02)	(-1.464922e-04 0.000000e+00 6.600760e-02)
2.310000e+03	lowerWall	(-8.968501e-02 0.000000e+00 -3.729700e-02)	(-1.397325e-04 0.000000e+00 5.439688e-02)
2.320000e+03	lowerWall	(-8.930123e-02 0.000000e+00 -3.729830e-02)	(-1.399902e-04 0.000000e+00 4.938235e-02)
2.330000e+03	lowerWall	(-8.958621e-02 0.000000e+00 -3.729955e-02)	(-1.437608e-04 0.000000e+00 1.380518e-01)
2.340000e+03	lowerWall	(-8.949259e-02 0.000000e+00 -3.730079e-02)	(-1.478597e-04 0.000000e+00 1.003154e-01)
2.350000e+03	lowerWall	(-8.915507e-02 0.000000e+00 -3.730200e-02)	(-1.584659e-04 0.000000e+00 7.605180e-02)
2.360000e+03	lowerWall	(-8.877233e-02 0.000000e+00 -3.730320e-02)	(-1.786603e-04 0.000000e+00 6.366417e-02)
2.370000e+03	lowerWall	(-8.834814e-02 0.000000e+00 -3.730438e-02)	(-1.985000e-04 0.000000e+00 5.492010e-02)
2.380000e+03	lowerWall	(-8.792329e-02 0.000000e+00 -3.730554e-02)	(-2.213614e-04 0.000000e+00 5.081593e-02)
2.390000e+03	lowerWall	(-8.815263e-02 0.000000e+00 -3.730668e-02)	(-2.417737e-04 0.000000e+00 1.345010e-01)
2.400000e+03	lowerWall	(-8.807756e-02 0.000000e+00 -3.730781e-02)	(-2.566529e-04 0.000000e+00 1.024252e-01)
2.410000e+03	lowerWall	(-8.778677e-02 0.000000e+00 -3.730893e-02)	(-2.533380e-04 0.000000e+00 7.727116e-02)
2.420000e+03	lowerWall	(-8.747055e-02 0.000000e+00 -3.731003e-02)	(-2.536486e-04 0.000000e+00 6.245602e-02)
2.430000e+03	lowerWall	(-8.709028e-02 0.000000e+00 -3.731112e-02)	(-2.472507e-04 0.000000e+00 5.509241e-02)
2.440000e+03	lowerWall	(-8.673996e-02 0.000000e+00 -3.731220e-02)	(-2.457209e-04 0.000000e+00 5.121380e-02)
2.450000e+03	lowerWall	(-8.699664e-02 0.000000e+00 -3.731327e-02)	(-2.399103e-04 0.000000e+00 1.253735e-01)
2.460000e+03	lowerWall	(-8.701568e-02 0.000000e+00 -3.731432e-02)	(-2.257029e-04 0.000000e+00 1.056232e-01)
2.470000e+03	lowerWall	(-8.684520e-02 0.000000e+00 -3.731536e-02)	(-2.168073e-04 0.000000e+00 7.837342e-02)
2.480000e+03	lowerWall	(-8.662583e-02 0.000000e+00 -3.731639e-02)	(-2.138221e-04 0.000000e+00 6.260502e-02)
2.490000e+03	lowerWall	(-8.642304e-02 0.000000e+00 -3.731741e-02)	(-2.079621e-04 0.000000e+00 5.479949e-02)
2.500000e+03	lowerWall	(-8.621815e-02 0.000000e+00 -3.731841e-02)	(-2.050781e-04 0.000000e+00 5.058902e-02)
2.510000e+03	lowerWall	(-8.646251e-02 0.000000e+00 -3.731941e-02)	(-2.009503e-04 0.000000e+00 9.922005e-02)
2.520000e+03	lowerWall	(-8.666643e-02 0.000000e+00 -3.732039e-02)	(-1.912707e-04 0.000000e+00 1.130714e-01)
2.530000e+03	lowerWall	(-8.664988e-02 0.000000e+00 -3.732137e-02)	(-1.800448e-04 0.000000e+00 8.480676e-02)
2.540000e+03	lowerWall	(-8.656532e-02 0.000000e+00 -3.732233e-02)	(-1.747641e-04 0.000000e+00 6.611494e-02)
2.550000e+03	lowerWall	(-8.647706e-02 0.000000e+00 -3.732327e-02)	(-1.659932e-04 0.000000e+00 5.626025e-02)
2.560000e+03	lowerWall	(-8.635511e-02 0.000000e+00 -3.732419e-02)	(-1.589259e-04 0.000000e+00 5.061355e-02)
2.570000e+03	lowerWall	(-8.654977e-02 0.000000e+00 -3.732518e-02)	(-1.542407e-04 0.000000e+00 6.790542e-02)
2.580000e+03	lowerWall	(-8.704651e-02 0.000000e+00 -3.732635e-02)	(-1.429122e-04 0.000000e+00 1.139737e-01)
2.590000e+03	lowerWall	(-8.727006e-02 0.000000e+00 -3.732780e-02)	(-1.322312e-04 0.000000e+00 7.165698e-02)
2.600000e+03	lowerWall	(-8.697986e-02 0.000000e+00 -3.732970e-02)	(-1.204475e-04 0.000000e+00 4.961482e-02)
2.610000e+03	lowerWall	(-8.784433e-02 0.000000e+00 -3.733207e-02)	(-1.100788e-04 0.000000e+00 1.206436e-01)
2.620000e+03	lowerWall	(-8.874846e-02 0.000000e+00 -3.733469e-02)	(-1.014634e-04 0.000000e+00 9.258265e-02)
2.630000e+03	lowerWall	(-8.911964e-02 0.000000e+00 -3.733725e-02)	(-9.714016e-05 0.000000e+00 5.925094e-02)
2.640000e+03	lowerWall	(-8.944425e-02 0.000000e+00 -3.733971e-02)	(-9.785230e-05 0.000000e+00 7.890562e-02)
2.650000e+03	lowerWall	(-9.010220e-02 0.000000e+00 -3.734204e-02)	(-1.081655e-04 0.000000e+00 1.156794e-01)
2.660000e+03	lowerWall	(-9.015617e-02 0.000000e+00 -3.734426e-02)	(-1.198468e-04 0.000000e+00 7.644536e-02)
2.670000e+03	lowerWall	(-8.996357e-02 0.000000e+00 -3.734636e-02)	(-1.334941e-04 0.000000e+00 5.842973e-02)
2.680000e+03	lowerWall	(-8.974160e-02 0.000000e+00 -3.734835e-02)	(-1.494972e-04 0.000000e+00 6.419942e-02)
2.690000e+03	lowerWall	(-9.047721e-02 0.000000e+00 -3.735023e-02)	(-1.583741e-04 0.000000e+00 1.123921e-01)
2.700000e+03	lowerWall	(-9.064973e-02 0.000000e+00 -3.735202e-02)	(-1.637379e-04 0.000000e+00 6.900371e-02)
2.710000e+03	lowerWall	(-9.035020e-02 0.000000e+00 -3.735372e-02)	(-1.697914e-04 0.000000e+00 5.315672e-02)
2.720000e+03	lowerWall	(-9.054687e-02 0.000000e+00 -3.735533e-02)	(-1.693847e-04 0.000000e+00 1.298425e-01)
2.730000e+03	lowerWall	(-9.116082e-02 0.000000e+00 -3.735687e-02)	(-1.952428e-04 0.000000e+00 9.441618e-02)
2.740000e+03	lowerWall	(-9.110971e-02 0.000000e+00 -3.735835e-02)	(-2.920108e-04 0.000000e+00 5.908158e-02)
2.750000e+03	lowerWall	(-9.079383e-02 0.000000e+00 -3.736043e-02)	(-3.604962e-04 0.000000e+00 4.768043e-02)
2.760000e+03	lowerWall	(-9.208763e-02 0.000000e+00 -3.736267e-02)	(-3.593283e-04 0.000000e+00 1.238689e-01)
2.770000e+03	lowerWall	(-9.248051e-02 0.000000e+00 -3.736474e-02)	(-3.572405e-04 0.000000e+00 6.938042e-02)
2.780000e+03	lowerWall	(-9.242216e-02 0.000000e+00 -3.736664e-02)	(-3.409076e-04 0.000000e+00 7.153099e-02)
2.790000e+03	lowerWall	(-9.366315e-02 0.000000e+00 -3.736835e-02)	(-4.174373e-04 0.000000e+00 1.256320e-01)
2.800000e+03	lowerWall	(-9.401664e-02 0.000000e+00 -3.736997e-02)	(-4.810997e-04 0.000000e+00 6.659706e-02)
2.810000e+03	lowerWall	(-9.370994e-02 0.000000e+00 -3.737142e-02)	(-4.770766e-04 0.000000e+00 5.177186e-02)
2.820000e+03	lowerWall	(-9.435495e-02 0.000000e+00 -3.737280e-02)	(-4.036096e-04 0.000000e+00 1.236700e-01)
2.830000e+03	lowerWall	(-9.416947e-02 0.000000e+00 -3.737410e-02)	(-4.575736e-04 0.000000e+00 6.475384e-02)
2.840000e+03	lowerWall	(-9.372081e-02 0.000000e+00 -3.737530e-02)	(-4.108882e-04 0.000000e+00 6.008677e-02)
2.850000e+03	lowerWall	(-9.412766e-02 0.000000e+00 -3.737645e-02)	(-3.692196e-04 0.000000e+00 1.201467e-01)
2.860000e+03	lowerWall	(-9.394116e-02 0.000000e+00 -3.737756e-02)	(-3.776060e-04 0.000000e+00 6.470367e-02)
2.870000e+03	lowerWall	(-9.384228e-02 0.000000e+00 -3.737861e-02)	(-3.509321e-04 0.000000e+00 8.474467e-02)
2.880000e+03	lowerWall	(-9.411568e-02 0.000000e+00 -3.737961e-02)	(-3.468735e-04 0.000000e+00 1.070979e-01)
2.890000e+03	lowerWall	(-9.384492e-02 0.000000e+00 -3.738061e-02)	(-3.673126e-04 0.000000e+00 5.813722e-02)
2.900000e+03	lowerWall	(-9.411188e-02 0.000000e+00 -3.738153e-02)	(-3.841541e-04 0.000000e+00 1.427061e-01)
2.910000e+03	lowerWall	(-9.435919e-02 0.000000e+00 -3.738245e-02)	(-3.792781e-04 0.000000e+00 9.541694e-02)
2.920000e+03	lowerWall	(-9.372572e-02 0.000000e+00 -3.738335e-02)	(-4.356133e-04 0.000000e+00 7.514342e-02)
2.930000e+03	lowerWall	(-9.458726e-02 0.000000e+00 -3.738429e-02)	(-4.706783e-04 0.000000e+00 1.474784e-01)
2.940000e+03	lowerWall	(-9.450704e-02 0.000000e+00 -3.738507e-02)	(-5.237664e-04 0.000000e+00 8.036413e-02)
2.950000e+03	lowerWall	(-9.434190e-02 0.000000e+00 -3.738587e-02)	(-6.005539e-04 0.000000e+00 6.036292e-02)
2.960000e+03	lowerWall	(-9.469325e-02 0.000000e+00 -3.738665e-02)	(-5.999630e-04 0.000000e+00 1.287610e-01)
2.970000e+03	lowerWall	(-9.448262e-02 0.000000e+00 -3.738742e-02)	(-6.402167e-04 0.000000e+00 6.315888e-02)
2.980000e+03	lowerWall	(-9.479892e-02 0.000000e+00 -3.738817e-02)	(-7.509985e-04 0.000000e+00 1.306839e-01)
2.990000e+03	lowerWall	(-9.487325e-02 0.000000e+00 -3.738892e-02)	(-8.103050e-04 0.000000e+00 9.401446e-02)
3.000000e+03	lowerWall	(-9.423979e-02 0.000000e+00 -3.738961e-02)	(-1.488735e-03 0.000000e+00 6.534271e-02)
3.010000e+03	lowerWall	(-9.499518e-02 0.000000e+00 -3.739035e-02)	(-2.201922e-03 0.000000e+00 1.398141e-01)
3.020000e+03	lowerWall	(-9.475682e-02 0.000000e+00 -3.739095e-02)	(-2.743666e-03 0.000000e+00 7.342849e-02)
3.030000e+03	lowerWall	(-9.465469e-02 0.000000e+00 -3.739158e-02)	(-7.083398e-03 0.000000e+00 8.234514e-02)
3.040000e+03	lowerWall	(-9.484512e-02 0.000000e+00 -3.739175e-02)	(-7.561434e-03 0.000000e+00 1.087026e-01)
3.050000e+03	lowerWall	(-9.416067e-02 0.000000e+00 -3.739280e-02)	(-1.070409e-02 0.000000e+00 7.194856e-02)
3.060000e+03	lowerWall	(-9.492674e-02 0.000000e+00 -3.739392e-02)	(-1.123640e-02 0.000000e+00 1.411403e-01)
3.070000e+03	lowerWall	(-9.470918e-02 0.000000e+00 -3.739459e-02)	(-1.035007e-02 0.000000e+00 7.631595e-02)
3.080000e+03	lowerWall	(-9.450389e-02 0.000000e+00 -3.739465e-02)	(-9.893792e-03 0.000000e+00 1.103443e-01)
3.090000e+03	lowerWall	(-9.464805e-02 0.000000e+00 -3.739513e-02)	(-1.924063e-02 0.000000e+00 9.614913e-02)
3.100000e+03	lowerWall	(-9.402661e-02 0.000000e+00 -3.739563e-02)	(-2.810519e-02 0.000000e+00 7.484082e-02)
3.110000e+03	lowerWall	(-9.460741e-02 0.000000e+00 -3.739577e-02)	(-4.242325e-02 0.000000e+00 1.581058e-01)
3.120000e+03	lowerWall	(-9.486353e-02 0.000000e+00 -3.739609e-02)	(-5.970405e-02 0.000000e+00 9.338534e-02)
3.130000e+03	lowerWall	(-1.201562e-01 0.000000e+00 -3.739693e-02)	(-5.969144e-02 0.000000e+00 7.012608e-02)
3.140000e+03	lowerWall	(-1.080752e-01 0.000000e+00 -3.739692e-02)	(-5.968124e-02 0.000000e+00 1.820960e-02)
3.150000e+03	lowerWall	(-1.010663e-01 0.000000e+00 -3.739107e-02)	(-5.966956e-02 0.000000e+00 8.962733e-03)
3.160000e+03	lowerWall	(-9.890306e-02 0.000000e+00 -3.740448e-02)	(-5.965938e-02 0.000000e+00 8.494947e-03)
3.170000e+03	lowerWall	(-9.610921e-02 0.000000e+00 -3.740976e-02)	(-5.965346e-02 0.000000e+00 7.858466e-03)
3.180000e+03	lowerWall	(-9.318878e-02 0.000000e+00 -3.739007e-02)	(-5.963778e-02 0.000000e+00 7.118368e-03)
3.190000e+03	lowerWall	(-9.093161e-02 0.000000e+00 -3.731684e-02)	(-5.963067e-02 0.000000e+00 6.345246e-03)
3.200000e+03	lowerWall	(-8.911251e-02 0.000000e+00 -3.732254e-02)	(-5.963930e-02 0.000000e+00 5.540406e-03)
3.210000e+03	lowerWall	(-8.786656e-02 0.000000e+00 -3.733288e-02)	(-5.964350e-02 0.000000e+00 5.024979e-03)
3.220000e+03	lowerWall	(-8.686632e-02 0.000000e+00 -3.734314e-02)	(-5.969925e-02 0.000000e+00 4.590758e-03)
3.230000e+03	lowerWall	(-8.592588e-02 0.000000e+00 -3.736761e-02)	(-5.961674e-02 0.000000e+00 4.124632e-03)
3.240000e+03	lowerWall	(-8.523562e-02 0.000000e+00 -3.723031e-02)	(-5.962499e-02 0.000000e+00 3.800474e-03)
3.250000e+03	lowerWall	(-8.462427e-02 0.000000e+00 -3.735024e-02)	(-5.960769e-02 0.000000e+00 3.511625e-03)
3.260000e+03	lowerWall	(-8.411045e-02 0.000000e+00 -3.730198e-02)	(-5.961313e-02 0.000000e+00 3.265905e-03)
3.270000e+03	lowerWall	(-8.366293e-02 0.000000e+00 -3.740641e-02)	(-5.957032e-02 0.000000e+00 3.019155e-03)
3.280000e+03	lowerWall	(-8.327905e-02 0.000000e+00 -3.736618e-02)	(-5.958276e-02 0.000000e+00 2.848207e-03)
3.290000e+03	lowerWall	(-8.296683e-02 0.000000e+00 -3.735526e-02)	(-5.957457e-02 0.000000e+00 2.683611e-03)
3.300000e+03	lowerWall	(-8.261601e-02 0.000000e+00 -3.742488e-02)	(-5.960072e-02 0.000000e+00 2.517951e-03)
3.310000e+03	lowerWall	(-8.234313e-02 0.000000e+00 -3.733888e-02)	(-5.955778e-02 0.000000e+00 2.407756e-03)
3.320000e+03	lowerWall	(-8.211234e-02 0.000000e+00 -3.732587e-02)	(-5.956685e-02 0.000000e+00 2.297205e-03)
3.330000e+03	lowerWall	(-8.182848e-02 0.000000e+00 -3.734940e-02)	(-5.956392e-02 0.000000e+00 2.185886e-03)
3.340000e+03	lowerWall	(-8.153503e-02 0.000000e+00 -3.748586e-02)	(-5.963019e-02 0.000000e+00 2.381827e-03)
3.350000e+03	lowerWall	(-8.133230e-02 0.000000e+00 -3.736997e-02)	(-5.957822e-02 0.000000e+00 1.974180e-03)
3.360000e+03	lowerWall	(-8.109025e-02 0.000000e+00 -3.738305e-02)	(-5.897732e-02 0.000000e+00 1.807023e-03)
3.370000e+03	lowerWall	(-8.091555e-02 0.000000e+00 -3.736064e-02)	(-5.955770e-02 0.000000e+00 1.834526e-03)
3.380000e+03	lowerWall	(-8.071103e-02 0.000000e+00 -3.741703e-02)	(-5.956210e-02 0.000000e+00 1.606952e-03)
3.390000e+03	lowerWall	(-8.047332e-02 0.000000e+00 -3.737195e-02)	(-5.954082e-02 0.000000e+00 1.468821e-03)
3.400000e+03	lowerWall	(-8.025591e-02 0.000000e+00 -3.738366e-02)	(-5.960810e-02 0.000000e+00 1.125071e-03)
3.410000e+03	lowerWall	(-8.010334e-02 0.000000e+00 -3.740231e-02)	(-5.954382e-02 0.000000e+00 8.180627e-04)
3.420000e+03	lowerWall	(-7.987390e-02 0.000000e+00 -3.738990e-02)	(-5.953894e-02 0.000000e+00 5.039544e-04)
3.430000e+03	lowerWall	(-7.954829e-02 0.000000e+00 -3.737146e-02)	(-5.948645e-02 0.000000e+00 2.298072e-04)
3.440000e+03	lowerWall	(-7.954778e-02 0.000000e+00 -3.739202e-02)	(-5.952574e-02 0.000000e+00 4.072877e-04)
3.450000e+03	lowerWall	(-7.954630e-02 0.000000e+00 -3.740070e-02)	(-5.955209e-02 0.000000e+00 8.927717e-04)
3.460000e+03	lowerWall	(-7.954283e-02 0.000000e+00 -3.739139e-02)	(-5.949194e-02 0.000000e+00 3.033383e-04)
3.470000e+03	lowerWall	(-7.954877e-02 0.000000e+00 -3.739709e-02)	(-5.953273e-02 0.000000e+00 6.465850e-04)
3.480000e+03	lowerWall	(-7.955127e-02 0.000000e+00 -3.739526e-02)	(-5.953645e-02 0.000000e+00 3.477547e-04)
3.490000e+03	lowerWall	(-7.953831e-02 0.000000e+00 -3.739665e-02)	(-5.949267e-02 0.000000e+00 3.214496e-04)
3.500000e+03	lowerWall	(-7.954742e-02 0.000000e+00 -3.739659e-02)	(-5.951889e-02 0.000000e+00 5.335977e-04)
3.510000e+03	lowerWall	(-7.953679e-02 0.000000e+00 -3.740025e-02)	(-5.947644e-02 0.000000e+00 1.074857e-04)
3.520000e+03	lowerWall	(-7.953723e-02 0.000000e+00 -3.739956e-02)	(-5.948898e-02 0.000000e+00 3.485223e-04)
3.530000e+03	lowerWall	(-7.953661e-02 0.000000e+00 -3.740013e-02)	(-5.948423e-02 0.000000e+00 3.279398e-04)
3.540000e+03	lowerWall	(-7.953576e-02 0.000000e+00 -3.740032e-02)	(-5.948000e-02 0.000000e+00 3.151141e-04)
3.550000e+03	lowerWall	(-7.953518e-02 0.000000e+00 -3.740039e-02)	(-5.947640e-02 0.000000e+00 3.063482e-04)
3.560000e+03	lowerWall	(-7.954403e-02 0.000000e+00 -3.740033e-02)	(-5.950053e-02 0.000000e+00 5.321291e-04)
3.570000e+03	lowerWall	(-7.954372e-02 0.000000e+00 -3.740096e-02)	(-5.950005e-02 0.000000e+00 6.466922e-04)
3.580000e+03	lowerWall	(-7.954510e-02 0.000000e+00 -3.740189e-02)	(-5.950371e-02 0.000000e+00 9.518810e-04)
3.590000e+03	lowerWall	(-7.953596e-02 0.000000e+00 -3.740194e-02)	(-5.947390e-02 0.000000e+00 3.384808e-04)
3.600000e+03	lowerWall	(-7.953701e-02 0.000000e+00 -3.740183e-02)	(-5.947356e-02 0.000000e+00 2.992622e-04)
3.610000e+03	lowerWall	(-7.953943e-02 0.000000e+00 -3.740361e-02)	(-5.948523e-02 0.000000e+00 4.878411e-04)
3.620000e+03	lowerWall	(-7.953904e-02 0.000000e+00 -3.740427e-02)	(-5.948364e-02 0.000000e+00 5.527852e-04)
3.630000e+03	lowerWall	(-7.953764e-02 0.000000e+00 -3.740526e-02)	(-5.948014e-02 0.000000e+00 8.919957e-04)
3.640000e+03	lowerWall	(-7.953605e-02 0.000000e+00 -3.740371e-02)	(-5.947011e-02 0.000000e+00 3.764183e-04)
3.650000e+03	lowerWall	(-7.953640e-02 0.000000e+00 -3.740466e-02)	(-5.947249e-02 0.000000e+00 4.149465e-04)
3.660000e+03	lowerWall	(-7.953656e-02 0.000000e+00 -3.740516e-02)	(-5.947259e-02 0.000000e+00 4.370740e-04)
3.670000e+03	lowerWall	(-7.953622e-02 0.000000e+00 -3.740560e-02)	(-5.947139e-02 0.000000e+00 4.431627e-04)
3.680000e+03	lowerWall	(-7.953608e-02 0.000000e+00 -3.740615e-02)	(-5.947121e-02 0.000000e+00 4.725346e-04)
3.690000e+03	lowerWall	(-7.953534e-02 0.000000e+00 -3.740596e-02)	(-5.946704e-02 0.000000e+00 4.287553e-04)
3.700000e+03	lowerWall	(-7.953400e-02 0.000000e+00 -3.740581e-02)	(-5.946148e-02 0.000000e+00 3.828139e-04)
3.710000e+03	lowerWall	(-7.953439e-02 0.000000e+00 -3.740585e-02)	(-5.946143e-02 0.000000e+00 3.733974e-04)
3.720000e+03	lowerWall	(-7.953458e-02 0.000000e+00 -3.740688e-02)	(-5.946394e-02 0.000000e+00 4.372264e-04)
3.730000e+03	lowerWall	(-7.953433e-02 0.000000e+00 -3.740716e-02)	(-5.946282e-02 0.000000e+00 4.389889e-04)
3.740000e+03	lowerWall	(-7.953406e-02 0.000000e+00 -3.740745e-02)	(-5.946190e-02 0.000000e+00 4.407257e-04)
3.750000e+03	lowerWall	(-7.953381e-02 0.000000e+00 -3.740772e-02)	(-5.946100e-02 0.000000e+00 4.427780e-04)
3.760000e+03	lowerWall	(-7.953361e-02 0.000000e+00 -3.740801e-02)	(-5.946012e-02 0.000000e+00 4.448320e-04)
3.770000e+03	lowerWall	(-7.953324e-02 0.000000e+00 -3.740838e-02)	(-5.945849e-02 0.000000e+00 4.822162e-04)
3.780000e+03	lowerWall	(-7.953320e-02 0.000000e+00 -3.740768e-02)	(-5.945628e-02 0.000000e+00 4.080100e-04)
3.790000e+03	lowerWall	(-7.953317e-02 0.000000e+00 -3.740765e-02)	(-5.945512e-02 0.000000e+00 4.009648e-04)
3.800000e+03	lowerWall	(-7.953322e-02 0.000000e+00 -3.740756e-02)	(-5.945398e-02 0.000000e+00 3.909674e-04)
3.810000e+03	lowerWall	(-7.953344e-02 0.000000e+00 -3.740735e-02)	(-5.945299e-02 0.000000e+00 3.763128e-04)
3.820000e+03	lowerWall	(-7.953243e-02 0.000000e+00 -3.740853e-02)	(-5.945313e-02 0.000000e+00 4.223148e-04)
3.830000e+03	lowerWall	(-7.953242e-02 0.000000e+00 -3.740877e-02)	(-5.945182e-02 0.000000e+00 4.285551e-04)
3.840000e+03	lowerWall	(-7.953262e-02 0.000000e+00 -3.740834e-02)	(-5.945076e-02 0.000000e+00 3.998598e-04)
3.850000e+03	lowerWall	(-7.953255e-02 0.000000e+00 -3.740842e-02)	(-5.944969e-02 0.000000e+00 4.016216e-04)
3.860000e+03	lowerWall	(-7.953259e-02 0.000000e+00 -3.740844e-02)	(-5.944865e-02 0.000000e+00 3.994558e-04)
3.870000e+03	lowerWall	(-7.953263e-02 0.000000e+00 -3.740848e-02)	(-5.944771e-02 0.000000e+00 4.010720e-04)
3.880000e+03	lowerWall	(-7.953219e-02 0.000000e+00 -3.740879e-02)	(-5.944623e-02 0.000000e+00 4.144762e-04)
3.890000e+03	lowerWall	(-7.953185e-02 0.000000e+00 -3.740919e-02)	(-5.944504e-02 0.000000e+00 4.369242e-04)
3.900000e+03	lowerWall	(-7.953194e-02 0.000000e+00 -3.740888e-02)	(-5.944368e-02 0.000000e+00 4.141727e-04)
3.910000e+03	lowerWall	(-7.953189e-02 0.000000e+00 -3.740893e-02)	(-5.944253e-02 0.000000e+00 4.146193e-04)
3.920000e+03	lowerWall	(-7.953185e-02 0.000000e+00 -3.740899e-02)	(-5.944141e-02 0.000000e+00 4.145437e-04)
3.930000e+03	lowerWall	(-7.953183e-02 0.000000e+00 -3.740904e-02)	(-5.944031e-02 0.000000e+00 4.141492e-04)
3.940000e+03	lowerWall	(-7.953182e-02 0.000000e+00 -3.740909e-02)	(-5.943924e-02 0.000000e+00 4.130832e-04)
3.950000e+03	lowerWall	(-7.953195e-02 0.000000e+00 -3.740903e-02)	(-5.943821e-02 0.000000e+00 4.117257e-04)
3.960000e+03	lowerWall	(-7.953212e-02 0.000000e+00 -3.740911e-02)	(-5.943763e-02 0.000000e+00 4.048845e-04)
3.970000e+03	lowerWall	(-7.953227e-02 0.000000e+00 -3.740913e-02)	(-5.943685e-02 0.000000e+00 4.011530e-04)
3.980000e+03	lowerWall	(-7.953193e-02 0.000000e+00 -3.740893e-02)	(-5.943575e-02 0.000000e+00 3.888103e-04)
3.990000e+03	lowerWall	(-7.953035e-02 0.000000e+00 -3.740979e-02)	(-5.943185e-02 0.000000e+00 4.442341e-04)
4.000000e+03	lowerWall	(-7.953120e-02 0.000000e+00 -3.740965e-02)	(-5.943191e-02 0.000000e+00 4.192859e-04)
4.010000e+03	lowerWall	(-7.953096e-02 0.000000e+00 -3.740962e-02)	(-5.943022e-02 0.000000e+00 4.184044e-04)
4.020000e+03	lowerWall	(-7.953120e-02 0.000000e+00 -3.740968e-02)	(-5.942932e-02 0.000000e+00 4.093874e-04)
4.030000e+03	lowerWall	(-7.953119e-02 0.000000e+00 -3.740967e-02)	(-5.942801e-02 0.000000e+00 4.119574e-04)
4.040000e+03	lowerWall	(-7.953082e-02 0.000000e+00 -3.740968e-02)	(-5.942663e-02 0.000000e+00 4.022474e-04)
4.050000e+03	lowerWall	(-7.953102e-02 0.000000e+00 -3.740961e-02)	(-5.942562e-02 0.000000e+00 3.958447e-04)
4.060000e+03	lowerWall	(-7.953003e-02 0.000000e+00 -3.741022e-02)	(-5.942301e-02 0.000000e+00 4.208441e-04)
4.070000e+03	lowerWall	(-7.953185e-02 0.000000e+00 -3.740967e-02)	(-5.942435e-02 0.000000e+00 3.802884e-04)
4.080000e+03	lowerWall	(-7.953198e-02 0.000000e+00 -3.740959e-02)	(-5.942352e-02 0.000000e+00 3.769349e-04)
4.090000e+03	lowerWall	(-7.952952e-02 0.000000e+00 -3.741038e-02)	(-5.941890e-02 0.000000e+00 4.381233e-04)
4.100000e+03	lowerWall	(-7.953035e-02 0.000000e+00 -3.741021e-02)	(-5.941922e-02 0.000000e+00 4.048556e-04)
4.110000e+03	lowerWall	(-7.952905e-02 0.000000e+00 -3.741050e-02)	(-5.941598e-02 0.000000e+00 5.876032e-04)
4.120000e+03	lowerWall	(-7.952876e-02 0.000000e+00 -3.741054e-02)	(-5.941444e-02 0.000000e+00 6.964306e-04)
4.130000e+03	lowerWall	(-7.953031e-02 0.000000e+00 -3.741034e-02)	(-5.941623e-02 0.000000e+00 4.055298e-04)
4.140000e+03	lowerWall	(-7.953022e-02 0.000000e+00 -3.741031e-02)	(-5.941465e-02 0.000000e+00 4.023875e-04)
4.150000e+03	lowerWall	(-7.952881e-02 0.000000e+00 -3.741147e-02)	(-5.941067e-02 0.000000e+00 1.887901e-03)
4.160000e+03	lowerWall	(-7.952910e-02 0.000000e+00 -3.741085e-02)	(-5.941091e-02 0.000000e+00 4.519175e-04)
4.170000e+03	lowerWall	(-7.953048e-02 0.000000e+00 -3.741034e-02)	(-5.941118e-02 0.000000e+00 4.050491e-04)
4.180000e+03	lowerWall	(-7.952826e-02 0.000000e+00 -3.741175e-02)	(-5.940832e-02 0.000000e+00 1.296709e-03)
4.190000e+03	lowerWall	(-7.953005e-02 0.000000e+00 -3.741110e-02)	(-5.940713e-02 0.000000e+00 5.440727e-04)
4.200000e+03	lowerWall	(-7.952890e-02 0.000000e+00 -3.741117e-02)	(-5.940498e-02 0.000000e+00 4.739822e-04)
4.210000e+03	lowerWall	(-7.952869e-02 0.000000e+00 -3.741130e-02)	(-5.940309e-02 0.000000e+00 5.633693e-04)
4.220000e+03	lowerWall	(-7.952839e-02 0.000000e+00 -3.741135e-02)	(-5.940111e-02 0.000000e+00 6.316286e-04)
4.230000e+03	lowerWall	(-7.952872e-02 0.000000e+00 -3.741149e-02)	(-5.939979e-02 0.000000e+00 8.442655e-04)
4.240000e+03	lowerWall	(-7.952930e-02 0.000000e+00 -3.741124e-02)	(-5.939956e-02 0.000000e+00 4.317808e-04)
4.250000e+03	lowerWall	(-7.952914e-02 0.000000e+00 -3.741086e-02)	(-5.939800e-02 0.000000e+00 3.858461e-04)
4.260000e+03	lowerWall	(-7.952954e-02 0.000000e+00 -3.741093e-02)	(-5.939714e-02 0.000000e+00 3.771424e-04)
4.270000e+03	lowerWall	(-7.952842e-02 0.000000e+00 -3.741158e-02)	(-5.939543e-02 0.000000e+00 5.627148e-04)
4.280000e+03	lowerWall	(-7.952884e-02 0.000000e+00 -3.741126e-02)	(-5.939414e-02 0.000000e+00 4.153576e-04)
4.290000e+03	lowerWall	(-7.952844e-02 0.000000e+00 -3.741144e-02)	(-5.939211e-02 0.000000e+00 4.449552e-04)
4.300000e+03	lowerWall	(-7.952852e-02 0.000000e+00 -3.741167e-02)	(-5.939262e-02 0.000000e+00 5.028592e-04)
4.310000e+03	lowerWall	(-7.952819e-02 0.000000e+00 -3.741178e-02)	(-5.939127e-02 0.000000e+00 6.295490e-04)
4.320000e+03	lowerWall	(-7.952843e-02 0.000000e+00 -3.741194e-02)	(-5.939079e-02 0.000000e+00 8.479591e-04)
4.330000e+03	lowerWall	(-7.952845e-02 0.000000e+00 -3.741142e-02)	(-5.938840e-02 0.000000e+00 4.210580e-04)
4.340000e+03	lowerWall	(-7.952847e-02 0.000000e+00 -3.741171e-02)	(-5.938741e-02 0.000000e+00 4.891955e-04)
4.350000e+03	lowerWall	(-7.952816e-02 0.000000e+00 -3.741177e-02)	(-5.938700e-02 0.000000e+00 4.914738e-04)
4.360000e+03	lowerWall	(-7.952804e-02 0.000000e+00 -3.741184e-02)	(-5.938584e-02 0.000000e+00 4.981320e-04)
4.370000e+03	lowerWall	(-7.952791e-02 0.000000e+00 -3.741189e-02)	(-5.938466e-02 0.000000e+00 5.040162e-04)
4.380000e+03	lowerWall	(-7.952775e-02 0.000000e+00 -3.741194e-02)	(-5.938351e-02 0.000000e+00 5.102318e-04)
4.390000e+03	lowerWall	(-7.952761e-02 0.000000e+00 -3.741201e-02)	(-5.938238e-02 0.000000e+00 5.182332e-04)
4.400000e+03	lowerWall	(-7.952720e-02 0.000000e+00 -3.741211e-02)	(-5.938084e-02 0.000000e+00 7.214723e-04)
4.410000e+03	lowerWall	(-7.952663e-02 0.000000e+00 -3.741233e-02)	(-5.937920e-02 0.000000e+00 1.223979e-03)
4.420000e+03	lowerWall	(-7.952859e-02 0.000000e+00 -3.741167e-02)	(-5.938091e-02 0.000000e+00 4.342088e-04)
4.430000e+03	lowerWall	(-7.952909e-02 0.000000e+00 -3.741142e-02)	(-5.938042e-02 0.000000e+00 3.903745e-04)
4.440000e+03	lowerWall	(-7.952817e-02 0.000000e+00 -3.741188e-02)	(-5.937768e-02 0.000000e+00 4.782507e-04)
4.450000e+03	lowerWall	(-7.952585e-02 0.000000e+00 -3.741238e-02)	(-5.937183e-02 0.000000e+00 4.437592e-04)
4.460000e+03	lowerWall	(-7.952595e-02 0.000000e+00 -3.741232e-02)	(-5.936932e-02 0.000000e+00 4.269535e-04)
4.470000e+03	lowerWall	(-7.952584e-02 0.000000e+00 -3.741224e-02)	(-5.936667e-02 0.000000e+00 4.196639e-04)
4.480000e+03	lowerWall	(-7.952752e-02 0.000000e+00 -3.741217e-02)	(-5.937025e-02 0.000000e+00 4.555889e-04)
4.490000e+03	lowerWall	(-7.953095e-02 0.000000e+00 -3.741269e-02)	(-5.938005e-02 0.000000e+00 5.358099e-04)
4.500000e+03	lowerWall	(-7.952729e-02 0.000000e+00 -3.741195e-02)	(-5.936619e-02 0.000000e+00 4.365465e-04)
4.510000e+03	lowerWall	(-7.952702e-02 0.000000e+00 -3.741206e-02)	(-5.936430e-02 0.000000e+00 4.603270e-04)
4.520000e+03	lowerWall	(-7.952809e-02 0.000000e+00 -3.741287e-02)	(-5.936772e-02 0.000000e+00 5.337420e-04)
4.530000e+03	lowerWall	(-7.952695e-02 0.000000e+00 -3.741196e-02)	(-5.936048e-02 0.000000e+00 4.734748e-04)
4.540000e+03	lowerWall	(-7.952673e-02 0.000000e+00 -3.741186e-02)	(-5.935806e-02 0.000000e+00 4.750625e-04)
4.550000e+03	lowerWall	(-7.952766e-02 0.000000e+00 -3.741232e-02)	(-5.935967e-02 0.000000e+00 5.053606e-04)
4.560000e+03	lowerWall	(-7.952663e-02 0.000000e+00 -3.741209e-02)	(-5.935462e-02 0.000000e+00 4.903097e-04)
4.570000e+03	lowerWall	(-7.952945e-02 0.000000e+00 -3.741269e-02)	(-5.936274e-02 0.000000e+00 5.628696e-04)
4.580000e+03	lowerWall	(-7.952935e-02 0.000000e+00 -3.741290e-02)	(-5.936146e-02 0.000000e+00 5.684233e-04)
4.590000e+03	lowerWall	(-7.952375e-02 0.000000e+00 -3.741122e-02)	(-5.934239e-02 0.000000e+00 4.261153e-04)
4.600000e+03	lowerWall	(-7.952830e-02 0.000000e+00 -3.741289e-02)	(-5.935624e-02 0.000000e+00 5.527424e-04)
4.610000e+03	lowerWall	(-7.952828e-02 0.000000e+00 -3.741306e-02)	(-5.935530e-02 0.000000e+00 5.571195e-04)
4.620000e+03	lowerWall	(-7.952829e-02 0.000000e+00 -3.741322e-02)	(-5.935432e-02 0.000000e+00 5.613392e-04)
4.630000e+03	lowerWall	(-7.952826e-02 0.000000e+00 -3.741335e-02)	(-5.935313e-02 0.000000e+00 5.637507e-04)
4.640000e+03	lowerWall	(-7.952824e-02 0.000000e+00 -3.741347e-02)	(-5.935192e-02 0.000000e+00 5.660276e-04)
4.650000e+03	lowerWall	(-7.952826e-02 0.000000e+00 -3.741360e-02)	(-5.935089e-02 0.000000e+00 5.682895e-04)
4.660000e+03	lowerWall	(-7.952742e-02 0.000000e+00 -3.741379e-02)	(-5.934761e-02 0.000000e+00 5.769699e-04)
4.670000e+03	lowerWall	(-7.952668e-02 0.000000e+00 -3.741253e-02)	(-5.934184e-02 0.000000e+00 5.230692e-04)
4.680000e+03	lowerWall	(-7.952652e-02 0.000000e+00 -3.741258e-02)	(-5.933988e-02 0.000000e+00 5.235999e-04)
4.690000e+03	lowerWall	(-7.952740e-02 0.000000e+00 -3.741280e-02)	(-5.934151e-02 0.000000e+00 5.368347e-04)
4.700000e+03	lowerWall	(-7.952972e-02 0.000000e+00 -3.741262e-02)	(-5.934562e-02 0.000000e+00 5.359672e-04)
4.710000e+03	lowerWall	(-7.952193e-02 0.000000e+00 -3.741322e-02)	(-5.932296e-02 0.000000e+00 4.805418e-04)
4.720000e+03	lowerWall	(-7.952841e-02 0.000000e+00 -3.741284e-02)	(-5.933871e-02 0.000000e+00 5.349474e-04)
4.730000e+03	lowerWall	(-7.952154e-02 0.000000e+00 -3.741247e-02)	(-5.931753e-02 0.000000e+00 4.641173e-04)
4.740000e+03	lowerWall	(-7.952843e-02 0.000000e+00 -3.741302e-02)	(-5.933495e-02 0.000000e+00 5.234087e-04)
4.750000e+03	lowerWall	(-7.952611e-02 0.000000e+00 -3.741288e-02)	(-5.932731e-02 0.000000e+00 4.985979e-04)
4.760000e+03	lowerWall	(-7.952608e-02 0.000000e+00 -3.741284e-02)	(-5.932571e-02 0.000000e+00 5.193038e-04)
4.770000e+03	lowerWall	(-7.952272e-02 0.000000e+00 -3.741264e-02)	(-5.931675e-02 0.000000e+00 4.887491e-04)
4.780000e+03	lowerWall	(-7.952455e-02 0.000000e+00 -3.741272e-02)	(-5.931850e-02 0.000000e+00 5.142165e-04)
4.790000e+03	lowerWall	(-7.952741e-02 0.000000e+00 -3.741298e-02)	(-5.932465e-02 0.000000e+00 5.469774e-04)
4.800000e+03	lowerWall	(-7.952740e-02 0.000000e+00 -3.741303e-02)	(-5.932323e-02 0.000000e+00 5.547070e-04)
4.810000e+03	lowerWall	(-7.952646e-02 0.000000e+00 -3.741287e-02)	(-5.931955e-02 0.000000e+00 5.546546e-04)
4.820000e+03	lowerWall	(-7.952646e-02 0.000000e+00 -3.741288e-02)	(-5.931826e-02 0.000000e+00 5.614741e-04)
4.830000e+03	lowerWall	(-7.952645e-02 0.000000e+00 -3.741289e-02)	(-5.931688e-02 0.000000e+00 5.672963e-04)
4.840000e+03	lowerWall	(-7.952644e-02 0.000000e+00 -3.741290e-02)	(-5.931554e-02 0.000000e+00 5.723570e-04)
4.850000e+03	lowerWall	(-7.952710e-02 0.000000e+00 -3.741311e-02)	(-5.931611e-02 0.000000e+00 5.810348e-04)
4.860000e+03	lowerWall	(-7.952433e-02 0.000000e+00 -3.741228e-02)	(-5.930709e-02 0.000000e+00 5.671874e-04)
4.870000e+03	lowerWall	(-7.952401e-02 0.000000e+00 -3.741205e-02)	(-5.930438e-02 0.000000e+00 5.708122e-04)
4.880000e+03	lowerWall	(-7.952664e-02 0.000000e+00 -3.741294e-02)	(-5.931081e-02 0.000000e+00 5.850734e-04)
4.890000e+03	lowerWall	(-7.952830e-02 0.000000e+00 -3.741311e-02)	(-5.931404e-02 0.000000e+00 5.923058e-04)
4.900000e+03	lowerWall	(-7.952592e-02 0.000000e+00 -3.741287e-02)	(-5.930658e-02 0.000000e+00 5.823642e-04)
4.910000e+03	lowerWall	(-7.952667e-02 0.000000e+00 -3.741300e-02)	(-5.930746e-02 0.000000e+00 5.829515e-04)
4.920000e+03	lowerWall	(-7.952587e-02 0.000000e+00 -3.741284e-02)	(-5.930409e-02 0.000000e+00 5.816763e-04)
4.930000e+03	lowerWall	(-7.952666e-02 0.000000e+00 -3.741305e-02)	(-5.930533e-02 0.000000e+00 5.767668e-04)
4.940000e+03	lowerWall	(-7.952608e-02 0.000000e+00 -3.741294e-02)	(-5.930282e-02 0.000000e+00 5.701791e-04)
4.950000e+03	lowerWall	(-7.952631e-02 0.000000e+00 -3.741294e-02)	(-5.930215e-02 0.000000e+00 5.657488e-04)
4.960000e+03	lowerWall	(-7.952764e-02 0.000000e+00 -3.741340e-02)	(-5.930511e-02 0.000000e+00 5.643436e-04)
4.970000e+03	lowerWall	(-7.952766e-02 0.000000e+00 -3.741344e-02)	(-5.930443e-02 0.000000e+00 5.730661e-04)
4.980000e+03	lowerWall	(-7.952777e-02 0.000000e+00 -3.741353e-02)	(-5.930405e-02 0.000000e+00 6.452896e-04)
4.990000e+03	lowerWall	(-7.952589e-02 0.000000e+00 -3.741299e-02)	(-5.929819e-02 0.000000e+00 5.393871e-04)
5.000000e+03	lowerWall	(-7.952650e-02 0.000000e+00 -3.741320e-02)	(-5.929902e-02 0.000000e+00 5.463404e-04)
5.010000e+03	lowerWall	(-7.952649e-02 0.000000e+00 -3.741322e-02)	(-5.929821e-02 0.000000e+00 5.570385e-04)
5.020000e+03	lowerWall	(-7.952656e-02 0.000000e+00 -3.741326e-02)	(-5.929760e-02 0.000000e+00 5.686136e-04)
5.030000e+03	lowerWall	(-7.952626e-02 0.000000e+00 -3.741314e-02)	(-5.929587e-02 0.000000e+00 5.813221e-04)
5.040000e+03	lowerWall	(-7.952624e-02 0.000000e+00 -3.741315e-02)	(-5.929505e-02 0.000000e+00 5.901510e-04)
5.050000e+03	lowerWall	(-7.952616e-02 0.000000e+00 -3.741315e-02)	(-5.929413e-02 0.000000e+00 5.984017e-04)
5.060000e+03	lowerWall	(-7.952639e-02 0.000000e+00 -3.741325e-02)	(-5.929409e-02 0.000000e+00 5.992366e-04)
5.070000e+03	lowerWall	(-7.952615e-02 0.000000e+00 -3.741318e-02)	(-5.929273e-02 0.000000e+00 6.110825e-04)
5.080000e+03	lowerWall	(-7.952614e-02 0.000000e+00 -3.741319e-02)	(-5.929198e-02 0.000000e+00 6.166294e-04)
5.090000e+03	lowerWall	(-7.952612e-02 0.000000e+00 -3.741319e-02)	(-5.929124e-02 0.000000e+00 6.207276e-04)
5.100000e+03	lowerWall	(-7.952609e-02 0.000000e+00 -3.741320e-02)	(-5.929052e-02 0.000000e+00 6.238224e-04)
5.110000e+03	lowerWall	(-7.952608e-02 0.000000e+00 -3.741321e-02)	(-5.928984e-02 0.000000e+00 6.260908e-04)
5.120000e+03	lowerWall	(-7.952605e-02 0.000000e+00 -3.741321e-02)	(-5.928917e-02 0.000000e+00 6.410637e-04)
5.130000e+03	lowerWall	(-7.952630e-02 0.000000e+00 -3.741330e-02)	(-5.928921e-02 0.000000e+00 6.151532e-04)
5.140000e+03	lowerWall	(-7.952622e-02 0.000000e+00 -3.741330e-02)	(-5.928844e-02 0.000000e+00 6.164206e-04)
5.150000e+03	lowerWall	(-7.952610e-02 0.000000e+00 -3.741328e-02)	(-5.928775e-02 0.000000e+00 6.349681e-04)
5.160000e+03	lowerWall	(-7.952618e-02 0.000000e+00 -3.741331e-02)	(-5.928738e-02 0.000000e+00 6.104027e-04)
5.170000e+03	lowerWall	(-7.952613e-02 0.000000e+00 -3.741331e-02)	(-5.928687e-02 0.000000e+00 6.088708e-04)
5.180000e+03	lowerWall	(-7.952607e-02 0.000000e+00 -3.741331e-02)	(-5.928638e-02 0.000000e+00 6.015518e-04)
5.190000e+03	lowerWall	(-7.952604e-02 0.000000e+00 -3.741332e-02)	(-5.928592e-02 0.000000e+00 5.930209e-04)
5.200000e+03	lowerWall	(-7.952601e-02 0.000000e+00 -3.741332e-02)	(-5.928547e-02 0.000000e+00 5.832105e-04)
5.210000e+03	lowerWall	(-7.952600e-02 0.000000e+00 -3.741333e-02)	(-5.928504e-02 0.000000e+00 5.715520e-04)
5.220000e+03	lowerWall	(-7.952599e-02 0.000000e+00 -3.741334e-02)	(-5.928460e-02 0.000000e+00 5.649579e-04)
5.230000e+03	lowerWall	(-7.952598e-02 0.000000e+00 -3.741335e-02)	(-5.928418e-02 0.000000e+00 5.812989e-04)
5.240000e+03	lowerWall	(-7.952597e-02 0.000000e+00 -3.741337e-02)	(-5.928374e-02 0.000000e+00 5.940667e-04)
5.250000e+03	lowerWall	(-7.952593e-02 0.000000e+00 -3.741338e-02)	(-5.928321e-02 0.000000e+00 6.044034e-04)
5.260000e+03	lowerWall	(-7.952591e-02 0.000000e+00 -3.741339e-02)	(-5.928275e-02 0.000000e+00 6.149593e-04)
5.270000e+03	lowerWall	(-7.952590e-02 0.000000e+00 -3.741340e-02)	(-5.928229e-02 0.000000e+00 6.243526e-04)
5.280000e+03	lowerWall	(-7.952588e-02 0.000000e+00 -3.741341e-02)	(-5.928183e-02 0.000000e+00 6.325715e-04)
5.290000e+03	lowerWall	(-7.952586e-02 0.000000e+00 -3.741341e-02)	(-5.928137e-02 0.000000e+00 6.405046e-04)
5.300000e+03	lowerWall	(-7.952583e-02 0.000000e+00 -3.741342e-02)	(-5.928088e-02 0.000000e+00 6.471454e-04)
5.310000e+03	lowerWall	(-7.952580e-02 0.000000e+00 -3.741343e-02)	(-5.928041e-02 0.000000e+00 6.521322e-04)
5.320000e+03	lowerWall	(-7.952587e-02 0.000000e+00 -3.741345e-02)	(-5.928015e-02 0.000000e+00 6.512263e-04)
5.330000e+03	lowerWall	(-7.952587e-02 0.000000e+00 -3.741346e-02)	(-5.927973e-02 0.000000e+00 6.517722e-04)
5.340000e+03	lowerWall	(-7.952587e-02 0.000000e+00 -3.741347e-02)	(-5.927931e-02 0.000000e+00 6.512356e-04)
5.350000e+03	lowerWall	(-7.952586e-02 0.000000e+00 -3.741347e-02)	(-5.927888e-02 0.000000e+00 6.492723e-04)
5.360000e+03	lowerWall	(-7.952588e-02 0.000000e+00 -3.741348e-02)	(-5.927845e-02 0.000000e+00 6.599726e-04)
5.370000e+03	lowerWall	(-7.952575e-02 0.000000e+00 -3.741350e-02)	(-5.927790e-02 0.000000e+00 6.393992e-04)
5.380000e+03	lowerWall	(-7.952572e-02 0.000000e+00 -3.741351e-02)	(-5.927746e-02 0.000000e+00 6.351467e-04)
5.390000e+03	lowerWall	(-7.952571e-02 0.000000e+00 -3.741353e-02)	(-5.927704e-02 0.000000e+00 6.245690e-04)
5.400000e+03	lowerWall	(-7.952570e-02 0.000000e+00 -3.741354e-02)	(-5.927660e-02 0.000000e+00 6.142949e-04)
5.410000e+03	lowerWall	(-7.952569e-02 0.000000e+00 -3.741355e-02)	(-5.927617e-02 0.000000e+00 6.017551e-04)
5.420000e+03	lowerWall	(-7.952567e-02 0.000000e+00 -3.741356e-02)	(-5.927573e-02 0.000000e+00 5.885495e-04)
5.430000e+03	lowerWall	(-7.952565e-02 0.000000e+00 -3.741357e-02)	(-5.927528e-02 0.000000e+00 5.826757e-04)
5.440000e+03	lowerWall	(-7.952562e-02 0.000000e+00 -3.741358e-02)	(-5.927483e-02 0.000000e+00 5.960795e-04)
5.450000e+03	lowerWall	(-7.952559e-02 0.000000e+00 -3.741359e-02)	(-5.927437e-02 0.000000e+00 6.095039e-04)
5.460000e+03	lowerWall	(-7.952556e-02 0.000000e+00 -3.741360e-02)	(-5.927393e-02 0.000000e+00 6.235376e-04)
5.470000e+03	lowerWall	(-7.952551e-02 0.000000e+00 -3.741362e-02)	(-5.927348e-02 0.000000e+00 6.384857e-04)
5.480000e+03	lowerWall	(-7.952567e-02 0.000000e+00 -3.741359e-02)	(-5.927329e-02 0.000000e+00 6.412611e-04)
5.490000e+03	lowerWall	(-7.952567e-02 0.000000e+00 -3.741360e-02)	(-5.927290e-02 0.000000e+00 6.490292e-04)
5.500000e+03	lowerWall	(-7.952538e-02 0.000000e+00 -3.741367e-02)	(-5.927222e-02 0.000000e+00 6.622659e-04)
5.510000e+03	lowerWall	(-7.952524e-02 0.000000e+00 -3.741371e-02)	(-5.927171e-02 0.000000e+00 6.674420e-04)
5.520000e+03	lowerWall	(-7.952517e-02 0.000000e+00 -3.741376e-02)	(-5.927124e-02 0.000000e+00 6.895342e-04)
5.530000e+03	lowerWall	(-7.952555e-02 0.000000e+00 -3.741367e-02)	(-5.927119e-02 0.000000e+00 6.035491e-04)
5.540000e+03	lowerWall	(-7.952563e-02 0.000000e+00 -3.741362e-02)	(-5.927076e-02 0.000000e+00 6.741425e-04)
5.550000e+03	lowerWall	(-7.952501e-02 0.000000e+00 -3.741394e-02)	(-5.927028e-02 0.000000e+00 6.391937e-04)
5.560000e+03	lowerWall	(-7.952576e-02 0.000000e+00 -3.741356e-02)	(-5.926988e-02 0.000000e+00 6.710275e-04)
5.570000e+03	lowerWall	(-7.952541e-02 0.000000e+00 -3.741374e-02)	(-5.926963e-02 0.000000e+00 6.394006e-04)
5.580000e+03	lowerWall	(-7.952541e-02 0.000000e+00 -3.741378e-02)	(-5.926930e-02 0.000000e+00 6.298904e-04)
5.590000e+03	lowerWall	(-7.952541e-02 0.000000e+00 -3.741381e-02)	(-5.926896e-02 0.000000e+00 6.187710e-04)
5.600000e+03	lowerWall	(-7.952545e-02 0.000000e+00 -3.741371e-02)	(-5.926827e-02 0.000000e+00 6.162689e-04)
5.610000e+03	lowerWall	(-7.952543e-02 0.000000e+00 -3.741385e-02)	(-5.926826e-02 0.000000e+00 5.892989e-04)
5.620000e+03	lowerWall	(-7.952542e-02 0.000000e+00 -3.741371e-02)	(-5.926744e-02 0.000000e+00 5.876258e-04)
5.630000e+03	lowerWall	(-7.952540e-02 0.000000e+00 -3.741369e-02)	(-5.926697e-02 0.000000e+00 6.035341e-04)
5.640000e+03	lowerWall	(-7.952539e-02 0.000000e+00 -3.741371e-02)	(-5.926665e-02 0.000000e+00 6.159142e-04)
5.650000e+03	lowerWall	(-7.952522e-02 0.000000e+00 -3.741314e-02)	(-5.926466e-02 0.000000e+00 1.131016e-03)
5.660000e+03	lowerWall	(-7.952542e-02 0.000000e+00 -3.741394e-02)	(-5.926654e-02 0.000000e+00 6.019529e-04)
5.670000e+03	lowerWall	(-7.952616e-02 0.000000e+00 -3.741366e-02)	(-5.926728e-02 0.000000e+00 6.874503e-04)
5.680000e+03	lowerWall	(-7.952480e-02 0.000000e+00 -3.741354e-02)	(-5.926329e-02 0.000000e+00 7.322828e-04)
5.690000e+03	lowerWall	(-7.952553e-02 0.000000e+00 -3.741387e-02)	(-5.926545e-02 0.000000e+00 6.280457e-04)
5.700000e+03	lowerWall	(-7.952555e-02 0.000000e+00 -3.741390e-02)	(-5.926520e-02 0.000000e+00 6.251037e-04)
5.710000e+03	lowerWall	(-7.952567e-02 0.000000e+00 -3.741399e-02)	(-5.926524e-02 0.000000e+00 6.062134e-04)
5.720000e+03	lowerWall	(-7.952525e-02 0.000000e+00 -3.741379e-02)	(-5.926360e-02 0.000000e+00 6.930940e-04)
5.730000e+03	lowerWall	(-7.952505e-02 0.000000e+00 -3.741374e-02)	(-5.926269e-02 0.000000e+00 7.294237e-04)
5.740000e+03	lowerWall	(-7.952502e-02 0.000000e+00 -3.741373e-02)	(-5.926232e-02 0.000000e+00 7.366481e-04)
5.750000e+03	lowerWall	(-7.952538e-02 0.000000e+00 -3.741386e-02)	(-5.926321e-02 0.000000e+00 6.219395e-04)
5.760000e+03	lowerWall	(-7.952539e-02 0.000000e+00 -3.741389e-02)	(-5.926301e-02 0.000000e+00 6.039113e-04)
5.770000e+03	lowerWall	(-7.952539e-02 0.000000e+00 -3.741391e-02)	(-5.926281e-02 0.000000e+00 5.853992e-04)
5.780000e+03	lowerWall	(-7.952514e-02 0.000000e+00 -3.741385e-02)	(-5.926169e-02 0.000000e+00 6.455230e-04)
5.790000e+03	lowerWall	(-7.952512e-02 0.000000e+00 -3.741385e-02)	(-5.926136e-02 0.000000e+00 6.373535e-04)
5.800000e+03	lowerWall	(-7.952516e-02 0.000000e+00 -3.741389e-02)	(-5.926131e-02 0.000000e+00 5.860975e-04)
5.810000e+03	lowerWall	(-7.952525e-02 0.000000e+00 -3.741392e-02)	(-5.926137e-02 0.000000e+00 5.775042e-04)
5.820000e+03	lowerWall	(-7.952514e-02 0.000000e+00 -3.741391e-02)	(-5.926077e-02 0.000000e+00 6.190055e-04)
5.830000e+03	lowerWall	(-7.952510e-02 0.000000e+00 -3.741393e-02)	(-5.926046e-02 0.000000e+00 6.445047e-04)
5.840000e+03	lowerWall	(-7.952511e-02 0.000000e+00 -3.741393e-02)	(-5.926023e-02 0.000000e+00 6.557141e-04)
5.850000e+03	lowerWall	(-7.952509e-02 0.000000e+00 -3.741394e-02)	(-5.925996e-02 0.000000e+00 6.693013e-04)
5.860000e+03	lowerWall	(-7.952510e-02 0.000000e+00 -3.741395e-02)	(-5.925977e-02 0.000000e+00 6.869601e-04)
5.870000e+03	lowerWall	(-7.952509e-02 0.000000e+00 -3.741397e-02)	(-5.925949e-02 0.000000e+00 6.902260e-04)
5.880000e+03	lowerWall	(-7.952507e-02 0.000000e+00 -3.741397e-02)	(-5.925924e-02 0.000000e+00 6.965877e-04)
5.890000e+03	lowerWall	(-7.952506e-02 0.000000e+00 -3.741398e-02)	(-5.925900e-02 0.000000e+00 6.831544e-04)
5.900000e+03	lowerWall	(-7.952507e-02 0.000000e+00 -3.741399e-02)	(-5.925888e-02 0.000000e+00 6.589710e-04)
5.910000e+03	lowerWall	(-7.952506e-02 0.000000e+00 -3.741400e-02)	(-5.925867e-02 0.000000e+00 6.539745e-04)
5.920000e+03	lowerWall	(-7.952504e-02 0.000000e+00 -3.741399e-02)	(-5.925824e-02 0.000000e+00 6.702360e-04)
5.930000e+03	lowerWall	(-7.952504e-02 0.000000e+00 -3.741402e-02)	(-5.925822e-02 0.000000e+00 6.426171e-04)
5.940000e+03	lowerWall	(-7.952504e-02 0.000000e+00 -3.741403e-02)	(-5.925803e-02 0.000000e+00 6.318420e-04)
5.950000e+03	lowerWall	(-7.952504e-02 0.000000e+00 -3.741404e-02)	(-5.925784e-02 0.000000e+00 6.192993e-04)
5.960000e+03	lowerWall	(-7.952504e-02 0.000000e+00 -3.741406e-02)	(-5.925767e-02 0.000000e+00 6.064310e-04)
5.970000e+03	lowerWall	(-7.952504e-02 0.000000e+00 -3.741407e-02)	(-5.925748e-02 0.000000e+00 6.054609e-04)
5.980000e+03	lowerWall	(-7.952497e-02 0.000000e+00 -3.741404e-02)	(-5.925706e-02 0.000000e+00 6.061242e-04)
5.990000e+03	lowerWall	(-7.952496e-02 0.000000e+00 -3.741405e-02)	(-5.925685e-02 0.000000e+00 6.254382e-04)
6.000000e+03	lowerWall	(-7.952495e-02 0.000000e+00 -3.741405e-02)	(-5.925664e-02 0.000000e+00 6.433467e-04)
6.010000e+03	lowerWall	(-7.952494e-02 0.000000e+00 -3.741406e-02)	(-5.925643e-02 0.000000e+00 6.594590e-04)
6.020000e+03	lowerWall	(-7.952493e-02 0.000000e+00 -3.741406e-02)	(-5.925623e-02 0.000000e+00 6.739703e-04)
6.030000e+03	lowerWall	(-7.952491e-02 0.000000e+00 -3.741406e-02)	(-5.925601e-02 0.000000e+00 6.888349e-04)
6.040000e+03	lowerWall	(-7.952490e-02 0.000000e+00 -3.741407e-02)	(-5.925580e-02 0.000000e+00 6.981650e-04)
6.050000e+03	lowerWall	(-7.952489e-02 0.000000e+00 -3.741407e-02)	(-5.925557e-02 0.000000e+00 7.300933e-04)
6.060000e+03	lowerWall	(-7.952487e-02 0.000000e+00 -3.741407e-02)	(-5.925534e-02 0.000000e+00 7.350588e-04)
6.070000e+03	lowerWall	(-7.952492e-02 0.000000e+00 -3.741412e-02)	(-5.925540e-02 0.000000e+00 6.691594e-04)
6.080000e+03	lowerWall	(-7.952491e-02 0.000000e+00 -3.741413e-02)	(-5.925522e-02 0.000000e+00 6.633826e-04)
6.090000e+03	lowerWall	(-7.952491e-02 0.000000e+00 -3.741413e-02)	(-5.925503e-02 0.000000e+00 6.545426e-04)
6.100000e+03	lowerWall	(-7.952489e-02 0.000000e+00 -3.741414e-02)	(-5.925480e-02 0.000000e+00 6.408576e-04)
6.110000e+03	lowerWall	(-7.952488e-02 0.000000e+00 -3.741415e-02)	(-5.925462e-02 0.000000e+00 6.262994e-04)
6.120000e+03	lowerWall	(-7.952486e-02 0.000000e+00 -3.741413e-02)	(-5.925432e-02 0.000000e+00 6.401973e-04)
6.130000e+03	lowerWall	(-7.952485e-02 0.000000e+00 -3.741413e-02)	(-5.925411e-02 0.000000e+00 6.256112e-04)
6.140000e+03	lowerWall	(-7.952484e-02 0.000000e+00 -3.741413e-02)	(-5.925391e-02 0.000000e+00 6.123289e-04)
6.150000e+03	lowerWall	(-7.952483e-02 0.000000e+00 -3.741413e-02)	(-5.925370e-02 0.000000e+00 6.325738e-04)
6.160000e+03	lowerWall	(-7.952484e-02 0.000000e+00 -3.741416e-02)	(-5.925360e-02 0.000000e+00 6.246072e-04)
6.170000e+03	lowerWall	(-7.952481e-02 0.000000e+00 -3.741416e-02)	(-5.925335e-02 0.000000e+00 7.168014e-04)
6.180000e+03	lowerWall	(-7.952480e-02 0.000000e+00 -3.741417e-02)	(-5.925322e-02 0.000000e+00 7.299833e-04)
6.190000e+03	lowerWall	(-7.952480e-02 0.000000e+00 -3.741417e-02)	(-5.925302e-02 0.000000e+00 7.441359e-04)
6.200000e+03	lowerWall	(-7.952480e-02 0.000000e+00 -3.741418e-02)	(-5.925286e-02 0.000000e+00 6.737102e-04)
6.210000e+03	lowerWall	(-7.952480e-02 0.000000e+00 -3.741419e-02)	(-5.925268e-02 0.000000e+00 6.883717e-04)
6.220000e+03	lowerWall	(-7.952481e-02 0.000000e+00 -3.741419e-02)	(-5.925251e-02 0.000000e+00 7.067261e-04)
6.230000e+03	lowerWall	(-7.952478e-02 0.000000e+00 -3.741420e-02)	(-5.925231e-02 0.000000e+00 7.002702e-04)
6.240000e+03	lowerWall	(-7.952477e-02 0.000000e+00 -3.741420e-02)	(-5.925213e-02 0.000000e+00 6.972053e-04)
6.250000e+03	lowerWall	(-7.952476e-02 0.000000e+00 -3.741421e-02)	(-5.925196e-02 0.000000e+00 6.917653e-04)
6.260000e+03	lowerWall	(-7.952476e-02 0.000000e+00 -3.741422e-02)	(-5.925179e-02 0.000000e+00 6.840030e-04)
6.270000e+03	lowerWall	(-7.952475e-02 0.000000e+00 -3.741422e-02)	(-5.925161e-02 0.000000e+00 6.738403e-04)
6.280000e+03	lowerWall	(-7.952475e-02 0.000000e+00 -3.741423e-02)	(-5.925143e-02 0.000000e+00 6.648325e-04)
6.290000e+03	lowerWall	(-7.952474e-02 0.000000e+00 -3.741423e-02)	(-5.925125e-02 0.000000e+00 6.432352e-04)
6.300000e+03	lowerWall	(-7.952473e-02 0.000000e+00 -3.741423e-02)	(-5.925107e-02 0.000000e+00 6.263637e-04)
6.310000e+03	lowerWall	(-7.952472e-02 0.000000e+00 -3.741424e-02)	(-5.925088e-02 0.000000e+00 6.397259e-04)
6.320000e+03	lowerWall	(-7.952471e-02 0.000000e+00 -3.741424e-02)	(-5.925070e-02 0.000000e+00 6.600015e-04)
6.330000e+03	lowerWall	(-7.952469e-02 0.000000e+00 -3.741423e-02)	(-5.925046e-02 0.000000e+00 6.884845e-04)
6.340000e+03	lowerWall	(-7.952471e-02 0.000000e+00 -3.741427e-02)	(-5.925048e-02 0.000000e+00 6.636112e-04)
6.350000e+03	lowerWall	(-7.952470e-02 0.000000e+00 -3.741428e-02)	(-5.925032e-02 0.000000e+00 6.737412e-04)
6.360000e+03	lowerWall	(-7.952470e-02 0.000000e+00 -3.741429e-02)	(-5.925016e-02 0.000000e+00 6.809759e-04)
6.370000e+03	lowerWall	(-7.952470e-02 0.000000e+00 -3.741429e-02)	(-5.924999e-02 0.000000e+00 6.850238e-04)
6.380000e+03	lowerWall	(-7.952468e-02 0.000000e+00 -3.741430e-02)	(-5.924977e-02 0.000000e+00 6.831397e-04)
6.390000e+03	lowerWall	(-7.952467e-02 0.000000e+00 -3.741430e-02)	(-5.924959e-02 0.000000e+00 6.799711e-04)
6.400000e+03	lowerWall	(-7.952466e-02 0.000000e+00 -3.741431e-02)	(-5.924942e-02 0.000000e+00 6.736774e-04)
6.410000e+03	lowerWall	(-7.952463e-02 0.000000e+00 -3.741428e-02)	(-5.924912e-02 0.000000e+00 6.958170e-04)
6.420000e+03	lowerWall	(-7.952463e-02 0.000000e+00 -3.741428e-02)	(-5.924894e-02 0.000000e+00 6.862154e-04)
6.430000e+03	lowerWall	(-7.952462e-02 0.000000e+00 -3.741429e-02)	(-5.924875e-02 0.000000e+00 6.738612e-04)
6.440000e+03	lowerWall	(-7.952461e-02 0.000000e+00 -3.741429e-02)	(-5.924857e-02 0.000000e+00 6.588638e-04)
6.450000e+03	lowerWall	(-7.952460e-02 0.000000e+00 -3.741429e-02)	(-5.924839e-02 0.000000e+00 6.413598e-04)
6.460000e+03	lowerWall	(-7.952459e-02 0.000000e+00 -3.741429e-02)	(-5.924820e-02 0.000000e+00 6.391190e-04)
6.470000e+03	lowerWall	(-7.952458e-02 0.000000e+00 -3.741430e-02)	(-5.924802e-02 0.000000e+00 6.600911e-04)
6.480000e+03	lowerWall	(-7.952458e-02 0.000000e+00 -3.741430e-02)	(-5.924784e-02 0.000000e+00 6.804687e-04)
6.490000e+03	lowerWall	(-7.952457e-02 0.000000e+00 -3.741430e-02)	(-5.924767e-02 0.000000e+00 6.990578e-04)
6.500000e+03	lowerWall	(-7.952456e-02 0.000000e+00 -3.741430e-02)	(-5.924749e-02 0.000000e+00 7.147724e-04)
6.510000e+03	lowerWall	(-7.952456e-02 0.000000e+00 -3.741432e-02)	(-5.924734e-02 0.000000e+00 7.766116e-04)
6.520000e+03	lowerWall	(-7.952452e-02 0.000000e+00 -3.741432e-02)	(-5.924715e-02 0.000000e+00 7.462037e-04)
6.530000e+03	lowerWall	(-7.952451e-02 0.000000e+00 -3.741432e-02)	(-5.924698e-02 0.000000e+00 7.534570e-04)
6.540000e+03	lowerWall	(-7.952450e-02 0.000000e+00 -3.741433e-02)	(-5.924682e-02 0.000000e+00 7.588756e-04)
6.550000e+03	lowerWall	(-7.952449e-02 0.000000e+00 -3.741433e-02)	(-5.924666e-02 0.000000e+00 7.606897e-04)
6.560000e+03	lowerWall	(-7.952447e-02 0.000000e+00 -3.741433e-02)	(-5.924646e-02 0.000000e+00 7.640068e-04)
6.570000e+03	lowerWall	(-7.952446e-02 0.000000e+00 -3.741433e-02)	(-5.924629e-02 0.000000e+00 7.613443e-04)
6.580000e+03	lowerWall	(-7.952444e-02 0.000000e+00 -3.741432e-02)	(-5.924609e-02 0.000000e+00 7.860978e-04)
6.590000e+03	lowerWall	(-7.952453e-02 0.000000e+00 -3.741437e-02)	(-5.924629e-02 0.000000e+00 6.608809e-04)
6.600000e+03	lowerWall	(-7.952453e-02 0.000000e+00 -3.741437e-02)	(-5.924621e-02 0.000000e+00 6.045591e-04)
6.610000e+03	lowerWall	(-7.952450e-02 0.000000e+00 -3.741438e-02)	(-5.924598e-02 0.000000e+00 6.357268e-04)
6.620000e+03	lowerWall	(-7.952449e-02 0.000000e+00 -3.741439e-02)	(-5.924587e-02 0.000000e+00 6.869318e-04)
6.630000e+03	lowerWall	(-7.952448e-02 0.000000e+00 -3.741439e-02)	(-5.924574e-02 0.000000e+00 7.085911e-04)
6.640000e+03	lowerWall	(-7.952447e-02 0.000000e+00 -3.741440e-02)	(-5.924561e-02 0.000000e+00 7.292738e-04)
6.650000e+03	lowerWall	(-7.952446e-02 0.000000e+00 -3.741440e-02)	(-5.924549e-02 0.000000e+00 7.477546e-04)
6.660000e+03	lowerWall	(-7.952446e-02 0.000000e+00 -3.741440e-02)	(-5.924537e-02 0.000000e+00 7.634791e-04)
6.670000e+03	lowerWall	(-7.952445e-02 0.000000e+00 -3.741441e-02)	(-5.924526e-02 0.000000e+00 7.765783e-04)
6.680000e+03	lowerWall	(-7.952445e-02 0.000000e+00 -3.741441e-02)	(-5.924515e-02 0.000000e+00 7.878978e-04)
6.690000e+03	lowerWall	(-7.952444e-02 0.000000e+00 -3.741441e-02)	(-5.924501e-02 0.000000e+00 7.998572e-04)
6.700000e+03	lowerWall	(-7.952443e-02 0.000000e+00 -3.741441e-02)	(-5.924487e-02 0.000000e+00 8.400898e-04)
6.710000e+03	lowerWall	(-7.952446e-02 0.000000e+00 -3.741443e-02)	(-5.924494e-02 0.000000e+00 7.312237e-04)
6.720000e+03	lowerWall	(-7.952447e-02 0.000000e+00 -3.741445e-02)	(-5.924497e-02 0.000000e+00 6.752703e-04)
6.730000e+03	lowerWall	(-7.952451e-02 0.000000e+00 -3.741446e-02)	(-5.924500e-02 0.000000e+00 6.519026e-04)
6.740000e+03	lowerWall	(-7.952447e-02 0.000000e+00 -3.741447e-02)	(-5.924486e-02 0.000000e+00 6.139752e-04)
6.750000e+03	lowerWall	(-7.952440e-02 0.000000e+00 -3.741443e-02)	(-5.924446e-02 0.000000e+00 6.924849e-04)
6.760000e+03	lowerWall	(-7.952437e-02 0.000000e+00 -3.741443e-02)	(-5.924427e-02 0.000000e+00 7.288307e-04)
6.770000e+03	lowerWall	(-7.952435e-02 0.000000e+00 -3.741442e-02)	(-5.924410e-02 0.000000e+00 7.614614e-04)
6.780000e+03	lowerWall	(-7.952432e-02 0.000000e+00 -3.741441e-02)	(-5.924393e-02 0.000000e+00 7.941060e-04)
6.790000e+03	lowerWall	(-7.952447e-02 0.000000e+00 -3.741448e-02)	(-5.924439e-02 0.000000e+00 7.013583e-04)
6.800000e+03	lowerWall	(-7.952447e-02 0.000000e+00 -3.741448e-02)	(-5.924433e-02 0.000000e+00 7.089559e-04)
6.810000e+03	lowerWall	(-7.952448e-02 0.000000e+00 -3.741449e-02)	(-5.924427e-02 0.000000e+00 7.114563e-04)
6.820000e+03	lowerWall	(-7.952449e-02 0.000000e+00 -3.741450e-02)	(-5.924422e-02 0.000000e+00 7.083779e-04)
6.830000e+03	lowerWall	(-7.952454e-02 0.000000e+00 -3.741453e-02)	(-5.924431e-02 0.000000e+00 6.804282e-04)
6.840000e+03	lowerWall	(-7.952457e-02 0.000000e+00 -3.741454e-02)	(-5.924434e-02 0.000000e+00 6.651472e-04)
6.850000e+03	lowerWall	(-7.952460e-02 0.000000e+00 -3.741456e-02)	(-5.924436e-02 0.000000e+00 6.440641e-04)
6.860000e+03	lowerWall	(-7.952463e-02 0.000000e+00 -3.741458e-02)	(-5.924439e-02 0.000000e+00 6.141755e-04)
6.870000e+03	lowerWall	(-7.952467e-02 0.000000e+00 -3.741461e-02)	(-5.924446e-02 0.000000e+00 6.082012e-04)
6.880000e+03	lowerWall	(-7.952470e-02 0.000000e+00 -3.741464e-02)	(-5.924452e-02 0.000000e+00 5.601251e-04)
6.890000e+03	lowerWall	(-7.952427e-02 0.000000e+00 -3.741448e-02)	(-5.924311e-02 0.000000e+00 7.384812e-04)
6.900000e+03	lowerWall	(-7.952434e-02 0.000000e+00 -3.741447e-02)	(-5.924312e-02 0.000000e+00 7.808516e-04)
6.910000e+03	lowerWall	(-7.952441e-02 0.000000e+00 -3.741454e-02)	(-5.924338e-02 0.000000e+00 6.695462e-04)
6.920000e+03	lowerWall	(-7.952441e-02 0.000000e+00 -3.741455e-02)	(-5.924328e-02 0.000000e+00 6.821493e-04)
6.930000e+03	lowerWall	(-7.952430e-02 0.000000e+00 -3.741445e-02)	(-5.924262e-02 0.000000e+00 8.891103e-04)
6.940000e+03	lowerWall	(-7.952428e-02 0.000000e+00 -3.741444e-02)	(-5.924243e-02 0.000000e+00 9.275359e-04)
6.950000e+03	lowerWall	(-7.952426e-02 0.000000e+00 -3.741443e-02)	(-5.924222e-02 0.000000e+00 9.655117e-04)
6.960000e+03	lowerWall	(-7.952400e-02 0.000000e+00 -3.741443e-02)	(-5.924154e-02 0.000000e+00 9.693166e-04)
6.970000e+03	lowerWall	(-7.952421e-02 0.000000e+00 -3.741440e-02)	(-5.924175e-02 0.000000e+00 1.042866e-03)
6.980000e+03	lowerWall	(-7.952418e-02 0.000000e+00 -3.741437e-02)	(-5.924147e-02 0.000000e+00 1.086507e-03)
6.990000e+03	lowerWall	(-7.952447e-02 0.000000e+00 -3.741469e-02)	(-5.924284e-02 0.000000e+00 5.347836e-04)
7.000000e+03	lowerWall	(-7.952450e-02 0.000000e+00 -3.741472e-02)	(-5.924279e-02 0.000000e+00 4.732938e-04)
7.010000e+03	lowerWall	(-7.952453e-02 0.000000e+00 -3.741475e-02)	(-5.924270e-02 0.000000e+00 4.042973e-04)
7.020000e+03	lowerWall	(-7.952466e-02 0.000000e+00 -3.741484e-02)	(-5.924301e-02 0.000000e+00 2.348615e-04)
7.030000e+03	lowerWall	(-7.952421e-02 0.000000e+00 -3.741463e-02)	(-5.924100e-02 0.000000e+00 7.050094e-04)
7.040000e+03	lowerWall	(-7.952496e-02 0.000000e+00 -3.741479e-02)	(-5.924306e-02 0.000000e+00 1.077631e-04)
7.050000e+03	lowerWall	(-7.952397e-02 0.000000e+00 -3.741460e-02)	(-5.923986e-02 0.000000e+00 7.886309e-04)
7.060000e+03	lowerWall	(-7.952419e-02 0.000000e+00 -3.741465e-02)	(-5.921480e-02 0.000000e+00 5.441699e-04)
7.070000e+03	lowerWall	(-7.952370e-02 0.000000e+00 -3.741462e-02)	(-5.923851e-02 0.000000e+00 9.008782e-04)
7.080000e+03	lowerWall	(-7.952407e-02 0.000000e+00 -3.741467e-02)	(-5.919346e-02 0.000000e+00 6.431888e-04)
7.090000e+03	lowerWall	(-7.952466e-02 0.000000e+00 -3.741460e-02)	(-5.913447e-02 0.000000e+00 2.900336e-04)
7.100000e+03	lowerWall	(-7.952397e-02 0.000000e+00 -3.741467e-02)	(-5.923775e-02 0.000000e+00 6.618959e-04)
7.110000e+03	lowerWall	(-7.952425e-02 0.000000e+00 -3.741462e-02)	(-5.922820e-02 0.000000e+00 4.394975e-04)
7.120000e+03	lowerWall	(-7.952426e-02 0.000000e+00 -3.741461e-02)	(-5.918350e-02 0.000000e+00 3.872028e-04)
7.130000e+03	lowerWall	(-7.952427e-02 0.000000e+00 -3.741461e-02)	(-5.912729e-02 0.000000e+00 3.661787e-04)
7.140000e+03	lowerWall	(-7.952404e-02 0.000000e+00 -3.741466e-02)	(-5.912867e-02 0.000000e+00 5.496482e-04)
7.150000e+03	lowerWall	(-7.952401e-02 0.000000e+00 -3.741467e-02)	(-5.911758e-02 0.000000e+00 5.593580e-04)
7.160000e+03	lowerWall	(-7.952399e-02 0.000000e+00 -3.741468e-02)	(-5.912554e-02 0.000000e+00 5.636360e-04)
7.170000e+03	lowerWall	(-7.952396e-02 0.000000e+00 -3.741468e-02)	(-5.913148e-02 0.000000e+00 5.693879e-04)
7.180000e+03	lowerWall	(-7.952394e-02 0.000000e+00 -3.741469e-02)	(-5.915039e-02 0.000000e+00 5.755426e-04)
7.190000e+03	lowerWall	(-7.952391e-02 0.000000e+00 -3.741469e-02)	(-5.916198e-02 0.000000e+00 5.797060e-04)
7.200000e+03	lowerWall	(-7.952388e-02 0.000000e+00 -3.741470e-02)	(-5.917690e-02 0.000000e+00 5.816448e-04)
7.210000e+03	lowerWall	(-7.952399e-02 0.000000e+00 -3.741471e-02)	(-5.917831e-02 0.000000e+00 4.520261e-04)
7.220000e+03	lowerWall	(-7.952394e-02 0.000000e+00 -3.741473e-02)	(-5.918995e-02 0.000000e+00 4.772277e-04)
7.230000e+03	lowerWall	(-7.952405e-02 0.000000e+00 -3.741471e-02)	(-5.917010e-02 0.000000e+00 3.758657e-04)
7.240000e+03	lowerWall	(-7.952406e-02 0.000000e+00 -3.741473e-02)	(-5.916981e-02 0.000000e+00 3.741340e-04)
7.250000e+03	lowerWall	(-7.952405e-02 0.000000e+00 -3.741475e-02)	(-5.918265e-02 0.000000e+00 3.637018e-04)
7.260000e+03	lowerWall	(-7.952406e-02 0.000000e+00 -3.741477e-02)	(-5.917965e-02 0.000000e+00 3.471653e-04)
7.270000e+03	lowerWall	(-7.952382e-02 0.000000e+00 -3.741477e-02)	(-5.922075e-02 0.000000e+00 5.723065e-04)
7.280000e+03	lowerWall	(-7.952388e-02 0.000000e+00 -3.741478e-02)	(-5.921840e-02 0.000000e+00 4.303817e-04)
7.290000e+03	lowerWall	(-7.952389e-02 0.000000e+00 -3.741479e-02)	(-5.922515e-02 0.000000e+00 4.044866e-04)
7.300000e+03	lowerWall	(-7.952393e-02 0.000000e+00 -3.741481e-02)	(-5.922810e-02 0.000000e+00 3.901371e-04)
7.310000e+03	lowerWall	(-7.952393e-02 0.000000e+00 -3.741482e-02)	(-5.923013e-02 0.000000e+00 3.616268e-04)
7.320000e+03	lowerWall	(-7.952394e-02 0.000000e+00 -3.741484e-02)	(-5.923002e-02 0.000000e+00 3.379131e-04)
7.330000e+03	lowerWall	(-7.952394e-02 0.000000e+00 -3.741485e-02)	(-5.922994e-02 0.000000e+00 3.338920e-04)
7.340000e+03	lowerWall	(-7.952395e-02 0.000000e+00 -3.741487e-02)	(-5.922991e-02 0.000000e+00 3.216795e-04)
7.350000e+03	lowerWall	(-7.952398e-02 0.000000e+00 -3.741489e-02)	(-5.919299e-02 0.000000e+00 2.962552e-04)
7.360000e+03	lowerWall	(-7.952400e-02 0.000000e+00 -3.741492e-02)	(-5.912744e-02 0.000000e+00 2.581057e-04)
7.370000e+03	lowerWall	(-7.952401e-02 0.000000e+00 -3.741495e-02)	(-5.905198e-02 0.000000e+00 2.099309e-04)
7.380000e+03	lowerWall	(-7.952406e-02 0.000000e+00 -3.741498e-02)	(-5.897836e-02 0.000000e+00 1.420801e-04)
7.390000e+03	lowerWall	(-7.952385e-02 0.000000e+00 -3.741492e-02)	(-5.897356e-02 0.000000e+00 4.146415e-04)
7.400000e+03	lowerWall	(-7.952426e-02 0.000000e+00 -3.741493e-02)	(-5.884375e-02 0.000000e+00 4.497958e-05)
7.410000e+03	lowerWall	(-7.952435e-02 0.000000e+00 -3.741497e-02)	(-5.874673e-02 0.000000e+00 2.195422e-05)
7.420000e+03	lowerWall	(-7.952370e-02 0.000000e+00 -3.741496e-02)	(-5.873750e-02 0.000000e+00 5.330052e-04)
7.430000e+03	lowerWall	(-7.952394e-02 0.000000e+00 -3.741491e-02)	(-5.861313e-02 0.000000e+00 1.762000e-04)
7.440000e+03	lowerWall	(-7.952369e-02 0.000000e+00 -3.741494e-02)	(-5.857147e-02 0.000000e+00 3.985276e-04)
7.450000e+03	lowerWall	(-7.952370e-02 0.000000e+00 -3.741482e-02)	(-5.848525e-02 0.000000e+00 1.402279e-04)
7.460000e+03	lowerWall	(-7.952383e-02 0.000000e+00 -3.741478e-02)	(-5.837617e-02 0.000000e+00 4.594521e-05)
7.470000e+03	lowerWall	(-7.952401e-02 0.000000e+00 -3.741473e-02)	(-5.822979e-02 0.000000e+00 4.686992e-05)
7.480000e+03	lowerWall	(-7.952408e-02 0.000000e+00 -3.741468e-02)	(-5.807502e-02 0.000000e+00 5.458381e-05)
7.490000e+03	lowerWall	(-7.952353e-02 0.000000e+00 -3.741500e-02)	(-5.805665e-02 0.000000e+00 5.532468e-04)
7.500000e+03	lowerWall	(-7.952348e-02 0.000000e+00 -3.741500e-02)	(-5.790546e-02 0.000000e+00 5.837377e-04)
7.510000e+03	lowerWall	(-7.952376e-02 0.000000e+00 -3.741491e-02)	(-5.770269e-02 0.000000e+00 2.114446e-04)
7.520000e+03	lowerWall	(-7.952377e-02 0.000000e+00 -3.741492e-02)	(-5.757279e-02 0.000000e+00 1.846051e-04)
7.530000e+03	lowerWall	(-7.952379e-02 0.000000e+00 -3.741493e-02)	(-5.749414e-02 0.000000e+00 1.528950e-04)
7.540000e+03	lowerWall	(-7.952371e-02 0.000000e+00 -3.741492e-02)	(-5.746881e-02 0.000000e+00 2.090831e-04)
7.550000e+03	lowerWall	(-7.952359e-02 0.000000e+00 -3.741499e-02)	(-5.754334e-02 0.000000e+00 3.531940e-04)
7.560000e+03	lowerWall	(-7.952355e-02 0.000000e+00 -3.741501e-02)	(-5.747546e-02 0.000000e+00 3.875285e-04)
7.570000e+03	lowerWall	(-7.952365e-02 0.000000e+00 -3.741496e-02)	(-5.737412e-02 0.000000e+00 2.320673e-04)
7.580000e+03	lowerWall	(-7.952364e-02 0.000000e+00 -3.741497e-02)	(-5.727269e-02 0.000000e+00 2.173310e-04)
7.590000e+03	lowerWall	(-7.952352e-02 0.000000e+00 -3.741504e-02)	(-5.719600e-02 0.000000e+00 4.365481e-04)
7.600000e+03	lowerWall	(-7.952350e-02 0.000000e+00 -3.741504e-02)	(-5.709047e-02 0.000000e+00 4.634168e-04)
7.610000e+03	lowerWall	(-7.952371e-02 0.000000e+00 -3.741492e-02)	(-5.707070e-02 0.000000e+00 2.108494e-05)
7.620000e+03	lowerWall	(-7.952336e-02 0.000000e+00 -3.741503e-02)	(-5.702295e-02 0.000000e+00 3.990674e-04)
7.630000e+03	lowerWall	(-7.952321e-02 0.000000e+00 -3.741504e-02)	(-5.702753e-02 0.000000e+00 5.386261e-04)
7.640000e+03	lowerWall	(-7.952313e-02 0.000000e+00 -3.741504e-02)	(-5.705909e-02 0.000000e+00 5.407392e-04)
7.650000e+03	lowerWall	(-7.952325e-02 0.000000e+00 -3.741504e-02)	(-5.714887e-02 0.000000e+00 4.286534e-04)
7.660000e+03	lowerWall	(-7.952318e-02 0.000000e+00 -3.741505e-02)	(-5.727083e-02 0.000000e+00 4.725750e-04)
7.670000e+03	lowerWall	(-7.952349e-02 0.000000e+00 -3.741505e-02)	(-5.738969e-02 0.000000e+00 1.537768e-04)
7.680000e+03	lowerWall	(-7.952356e-02 0.000000e+00 -3.741501e-02)	(-5.743955e-02 0.000000e+00 1.289072e-04)
7.690000e+03	lowerWall	(-7.952358e-02 0.000000e+00 -3.741503e-02)	(-5.744203e-02 0.000000e+00 1.059211e-04)
7.700000e+03	lowerWall	(-7.952318e-02 0.000000e+00 -3.741538e-02)	(-5.746595e-02 0.000000e+00 8.512423e-04)
7.710000e+03	lowerWall	(-7.952333e-02 0.000000e+00 -3.741518e-02)	(-5.750932e-02 0.000000e+00 2.987154e-04)
7.720000e+03	lowerWall	(-7.952324e-02 0.000000e+00 -3.741521e-02)	(-5.752378e-02 0.000000e+00 3.441180e-04)
7.730000e+03	lowerWall	(-7.952320e-02 0.000000e+00 -3.741510e-02)	(-5.751529e-02 0.000000e+00 1.152586e-04)
7.740000e+03	lowerWall	(-7.952342e-02 0.000000e+00 -3.741509e-02)	(-5.754538e-02 0.000000e+00 1.113207e-04)
7.750000e+03	lowerWall	(-7.952319e-02 0.000000e+00 -3.741546e-02)	(-5.751663e-02 0.000000e+00 7.493227e-04)
7.760000e+03	lowerWall	(-7.952304e-02 0.000000e+00 -3.741536e-02)	(-5.764087e-02 0.000000e+00 5.054321e-04)
7.770000e+03	lowerWall	(-7.952344e-02 0.000000e+00 -3.741516e-02)	(-5.779854e-02 0.000000e+00 1.114567e-04)
7.780000e+03	lowerWall	(-7.952309e-02 0.000000e+00 -3.741543e-02)	(-5.778039e-02 0.000000e+00 7.280057e-04)
7.790000e+03	lowerWall	(-7.952261e-02 0.000000e+00 -3.741538e-02)	(-5.779578e-02 0.000000e+00 7.685738e-04)
7.800000e+03	lowerWall	(-7.952173e-02 0.000000e+00 -3.741552e-02)	(-5.770738e-02 0.000000e+00 1.768264e-03)
7.810000e+03	lowerWall	(-7.952409e-02 0.000000e+00 -3.741534e-02)	(-5.808819e-02 0.000000e+00 7.042397e-04)
7.820000e+03	lowerWall	(-7.952533e-02 0.000000e+00 -3.741514e-02)	(-5.826284e-02 0.000000e+00 2.553867e-05)
7.830000e+03	lowerWall	(-7.952222e-02 0.000000e+00 -3.741532e-02)	(-5.832587e-02 0.000000e+00 1.222972e-03)
7.840000e+03	lowerWall	(-7.952083e-02 0.000000e+00 -3.741524e-02)	(-5.817416e-02 0.000000e+00 2.723426e-03)
7.850000e+03	lowerWall	(-7.952447e-02 0.000000e+00 -3.741536e-02)	(-5.876462e-02 0.000000e+00 2.387907e-05)
7.860000e+03	lowerWall	(-7.952268e-02 0.000000e+00 -3.741533e-02)	(-5.893023e-02 0.000000e+00 2.119887e-05)
7.870000e+03	lowerWall	(-7.952191e-02 0.000000e+00 -3.741514e-02)	(-5.870403e-02 0.000000e+00 1.821444e-03)
7.880000e+03	lowerWall	(-7.952390e-02 0.000000e+00 -3.741525e-02)	(-5.893069e-02 0.000000e+00 7.100225e-04)
7.890000e+03	lowerWall	(-7.952488e-02 0.000000e+00 -3.741566e-02)	(-5.892930e-02 0.000000e+00 2.609992e-05)
7.900000e+03	lowerWall	(-7.952247e-02 0.000000e+00 -3.741512e-02)	(-5.918313e-02 0.000000e+00 1.218592e-03)
7.910000e+03	lowerWall	(-7.952135e-02 0.000000e+00 -3.741474e-02)	(-5.895689e-02 0.000000e+00 2.772450e-03)
7.920000e+03	lowerWall	(-7.952419e-02 0.000000e+00 -3.741545e-02)	(-5.922353e-02 0.000000e+00 2.394766e-05)
7.930000e+03	lowerWall	(-7.952319e-02 0.000000e+00 -3.741527e-02)	(-5.922076e-02 0.000000e+00 1.199863e-04)
7.940000e+03	lowerWall	(-7.952161e-02 0.000000e+00 -3.741545e-02)	(-5.921706e-02 0.000000e+00 1.750288e-03)
7.950000e+03	lowerWall	(-7.952395e-02 0.000000e+00 -3.741527e-02)	(-5.922295e-02 0.000000e+00 2.188262e-05)
7.960000e+03	lowerWall	(-7.952607e-02 0.000000e+00 -3.741502e-02)	(-5.922823e-02 0.000000e+00 5.258184e-05)
7.970000e+03	lowerWall	(-7.952318e-02 0.000000e+00 -3.741533e-02)	(-5.922226e-02 0.000000e+00 2.487208e-04)
7.980000e+03	lowerWall	(-7.952422e-02 0.000000e+00 -3.741461e-02)	(-5.922345e-02 0.000000e+00 6.231839e-05)
7.990000e+03	lowerWall	(-7.952632e-02 0.000000e+00 -3.741365e-02)	(-5.922616e-02 0.000000e+00 8.598701e-05)
8.000000e+03	lowerWall	(-7.952328e-02 0.000000e+00 -3.741607e-02)	(-5.922570e-02 0.000000e+00 5.032951e-04)
8.010000e+03	lowerWall	(-7.952343e-02 0.000000e+00 -3.741496e-02)	(-5.922334e-02 0.000000e+00 1.747805e-04)
8.020000e+03	lowerWall	(-7.952345e-02 0.000000e+00 -3.741445e-02)	(-5.922279e-02 0.000000e+00 8.793935e-05)
8.030000e+03	lowerWall	(-7.952348e-02 0.000000e+00 -3.741439e-02)	(-5.922334e-02 0.000000e+00 6.388702e-05)
8.040000e+03	lowerWall	(-7.952360e-02 0.000000e+00 -3.741433e-02)	(-5.922355e-02 0.000000e+00 5.156240e-05)
8.050000e+03	lowerWall	(-7.952345e-02 0.000000e+00 -3.741494e-02)	(-5.922445e-02 0.000000e+00 1.433906e-04)
8.060000e+03	lowerWall	(-7.952336e-02 0.000000e+00 -3.741471e-02)	(-5.918497e-02 0.000000e+00 9.560251e-05)
8.070000e+03	lowerWall	(-7.952351e-02 0.000000e+00 -3.741371e-02)	(-5.922416e-02 0.000000e+00 2.823871e-04)
8.080000e+03	lowerWall	(-7.952377e-02 0.000000e+00 -3.741571e-02)	(-5.922204e-02 0.000000e+00 1.470619e-04)
8.090000e+03	lowerWall	(-7.951400e-02 0.000000e+00 -3.741877e-02)	(-5.920034e-02 0.000000e+00 -1.203866e-05)
8.100000e+03	lowerWall	(-7.952638e-02 0.000000e+00 -3.741456e-02)	(-5.921150e-02 0.000000e+00 3.129382e-04)
8.110000e+03	lowerWall	(-7.952661e-02 0.000000e+00 -3.741484e-02)	(-5.910623e-02 0.000000e+00 3.429239e-04)
8.120000e+03	lowerWall	(-7.952453e-02 0.000000e+00 -3.741507e-02)	(-5.896886e-02 0.000000e+00 4.101595e-04)
8.130000e+03	lowerWall	(-7.952192e-02 0.000000e+00 -3.741545e-02)	(-5.881661e-02 0.000000e+00 7.990455e-05)
8.140000e+03	lowerWall	(-7.952186e-02 0.000000e+00 -3.741530e-02)	(-5.864026e-02 0.000000e+00 6.143236e-05)
8.150000e+03	lowerWall	(-7.952183e-02 0.000000e+00 -3.741514e-02)	(-5.843678e-02 0.000000e+00 5.091486e-05)
8.160000e+03	lowerWall	(-7.952182e-02 0.000000e+00 -3.741495e-02)	(-5.818792e-02 0.000000e+00 3.377641e-05)
8.170000e+03	lowerWall	(-7.952129e-02 0.000000e+00 -3.741455e-02)	(-5.796469e-02 0.000000e+00 1.015637e-05)
8.180000e+03	lowerWall	(-7.952136e-02 0.000000e+00 -3.741426e-02)	(-5.799969e-02 0.000000e+00 1.007168e-05)
8.190000e+03	lowerWall	(-7.952388e-02 0.000000e+00 -3.741570e-02)	(-5.783506e-02 0.000000e+00 3.019070e-04)
8.200000e+03	lowerWall	(-7.952378e-02 0.000000e+00 -3.741586e-02)	(-5.793252e-02 0.000000e+00 3.819073e-04)
8.210000e+03	lowerWall	(-7.952373e-02 0.000000e+00 -3.741590e-02)	(-5.799691e-02 0.000000e+00 4.806846e-04)
8.220000e+03	lowerWall	(-7.952314e-02 0.000000e+00 -3.741508e-02)	(-5.808206e-02 0.000000e+00 1.103786e-04)
8.230000e+03	lowerWall	(-7.952317e-02 0.000000e+00 -3.741511e-02)	(-5.801188e-02 0.000000e+00 1.127988e-04)
8.240000e+03	lowerWall	(-7.952296e-02 0.000000e+00 -3.741503e-02)	(-5.798537e-02 0.000000e+00 1.043838e-04)
8.250000e+03	lowerWall	(-7.952299e-02 0.000000e+00 -3.741492e-02)	(-5.780168e-02 0.000000e+00 9.351563e-05)
8.260000e+03	lowerWall	(-7.952297e-02 0.000000e+00 -3.741470e-02)	(-5.761347e-02 0.000000e+00 3.855557e-05)
8.270000e+03	lowerWall	(-7.952304e-02 0.000000e+00 -3.741456e-02)	(-5.738007e-02 0.000000e+00 1.857148e-05)
8.280000e+03	lowerWall	(-7.952319e-02 0.000000e+00 -3.741388e-02)	(-5.744704e-02 0.000000e+00 1.486241e-05)
8.290000e+03	lowerWall	(-7.952312e-02 0.000000e+00 -3.741566e-02)	(-5.692307e-02 0.000000e+00 7.992467e-04)
8.300000e+03	lowerWall	(-7.952298e-02 0.000000e+00 -3.741590e-02)	(-5.710392e-02 0.000000e+00 1.020988e-03)
8.310000e+03	lowerWall	(-7.952314e-02 0.000000e+00 -3.741533e-02)	(-5.756605e-02 0.000000e+00 1.788371e-04)
8.320000e+03	lowerWall	(-7.952311e-02 0.000000e+00 -3.741534e-02)	(-5.767551e-02 0.000000e+00 1.872875e-04)
8.330000e+03	lowerWall	(-7.952347e-02 0.000000e+00 -3.741506e-02)	(-5.787704e-02 0.000000e+00 6.854207e-05)
8.340000e+03	lowerWall	(-7.952312e-02 0.000000e+00 -3.741524e-02)	(-5.776975e-02 0.000000e+00 2.084413e-04)
8.350000e+03	lowerWall	(-7.952309e-02 0.000000e+00 -3.741540e-02)	(-5.769186e-02 0.000000e+00 2.718640e-04)
8.360000e+03	lowerWall	(-7.952317e-02 0.000000e+00 -3.741531e-02)	(-5.771832e-02 0.000000e+00 1.867883e-04)
8.370000e+03	lowerWall	(-7.952312e-02 0.000000e+00 -3.741532e-02)	(-5.765849e-02 0.000000e+00 1.860511e-04)
8.380000e+03	lowerWall	(-7.952317e-02 0.000000e+00 -3.741520e-02)	(-5.780751e-02 0.000000e+00 1.036943e-04)
8.390000e+03	lowerWall	(-7.952305e-02 0.000000e+00 -3.741539e-02)	(-5.787470e-02 0.000000e+00 1.937816e-04)
8.400000e+03	lowerWall	(-7.952310e-02 0.000000e+00 -3.741529e-02)	(-5.801158e-02 0.000000e+00 1.520220e-04)
8.410000e+03	lowerWall	(-7.952316e-02 0.000000e+00 -3.741473e-02)	(-5.817761e-02 0.000000e+00 2.835919e-04)
8.420000e+03	lowerWall	(-7.952362e-02 0.000000e+00 -3.741524e-02)	(-5.786598e-02 0.000000e+00 5.163915e-04)
8.430000e+03	lowerWall	(-7.952369e-02 0.000000e+00 -3.741539e-02)	(-5.759775e-02 0.000000e+00 1.556154e-03)
8.440000e+03	lowerWall	(-7.952295e-02 0.000000e+00 -3.741542e-02)	(-5.829721e-02 0.000000e+00 6.052334e-04)
8.450000e+03	lowerWall	(-7.952303e-02 0.000000e+00 -3.741509e-02)	(-5.865083e-02 0.000000e+00 1.494718e-05)
8.460000e+03	lowerWall	(-7.952297e-02 0.000000e+00 -3.741556e-02)	(-5.806998e-02 0.000000e+00 1.116331e-03)
8.470000e+03	lowerWall	(-7.952257e-02 0.000000e+00 -3.741581e-02)	(-5.761558e-02 0.000000e+00 2.535706e-03)
8.480000e+03	lowerWall	(-7.952335e-02 0.000000e+00 -3.741521e-02)	(-5.876935e-02 0.000000e+00 1.780952e-05)
8.490000e+03	lowerWall	(-7.952400e-02 0.000000e+00 -3.741497e-02)	(-5.845852e-02 0.000000e+00 1.891774e-05)
8.500000e+03	lowerWall	(-7.952248e-02 0.000000e+00 -3.741562e-02)	(-5.797936e-02 0.000000e+00 1.756265e-03)
8.510000e+03	lowerWall	(-7.952336e-02 0.000000e+00 -3.741549e-02)	(-5.859278e-02 0.000000e+00 6.607076e-04)
8.520000e+03	lowerWall	(-7.952381e-02 0.000000e+00 -3.741532e-02)	(-5.883610e-02 0.000000e+00 2.029613e-05)
8.530000e+03	lowerWall	(-7.952258e-02 0.000000e+00 -3.741550e-02)	(-5.831263e-02 0.000000e+00 1.210986e-03)
8.540000e+03	lowerWall	(-7.952199e-02 0.000000e+00 -3.741549e-02)	(-5.775558e-02 0.000000e+00 2.739680e-03)
8.550000e+03	lowerWall	(-7.952358e-02 0.000000e+00 -3.741547e-02)	(-5.897095e-02 0.000000e+00 2.022941e-05)
8.560000e+03	lowerWall	(-7.952364e-02 0.000000e+00 -3.741554e-02)	(-5.886719e-02 0.000000e+00 2.380414e-05)
8.570000e+03	lowerWall	(-7.952240e-02 0.000000e+00 -3.741539e-02)	(-5.824800e-02 0.000000e+00 1.874839e-03)
8.580000e+03	lowerWall	(-7.952337e-02 0.000000e+00 -3.741554e-02)	(-5.894115e-02 0.000000e+00 1.978783e-05)
8.590000e+03	lowerWall	(-7.952371e-02 0.000000e+00 -3.741566e-02)	(-5.875133e-02 0.000000e+00 2.178310e-05)
8.600000e+03	lowerWall	(-7.952266e-02 0.000000e+00 -3.741537e-02)	(-5.805890e-02 0.000000e+00 1.276440e-03)
8.610000e+03	lowerWall	(-7.952211e-02 0.000000e+00 -3.741514e-02)	(-5.734792e-02 0.000000e+00 2.972523e-03)
8.620000e+03	lowerWall	(-7.952299e-02 0.000000e+00 -3.741550e-02)	(-5.864481e-02 0.000000e+00 1.919947e-05)
8.630000e+03	lowerWall	(-7.952327e-02 0.000000e+00 -3.741546e-02)	(-5.882250e-02 0.000000e+00 1.935232e-05)
8.640000e+03	lowerWall	(-7.952380e-02 0.000000e+00 -3.741550e-02)	(-5.901612e-02 0.000000e+00 2.123338e-05)
8.650000e+03	lowerWall	(-7.952263e-02 0.000000e+00 -3.741545e-02)	(-5.849819e-02 0.000000e+00 9.861452e-04)
8.660000e+03	lowerWall	(-7.952210e-02 0.000000e+00 -3.741535e-02)	(-5.801198e-02 0.000000e+00 2.218342e-03)
8.670000e+03	lowerWall	(-7.952355e-02 0.000000e+00 -3.741556e-02)	(-5.904080e-02 0.000000e+00 2.047049e-05)
8.680000e+03	lowerWall	(-7.952422e-02 0.000000e+00 -3.741575e-02)	(-5.872171e-02 0.000000e+00 2.320382e-05)
8.690000e+03	lowerWall	(-7.952256e-02 0.000000e+00 -3.741532e-02)	(-5.829932e-02 0.000000e+00 1.521904e-03)
8.700000e+03	lowerWall	(-7.952332e-02 0.000000e+00 -3.741542e-02)	(-5.882407e-02 0.000000e+00 5.692970e-04)
8.710000e+03	lowerWall	(-7.952360e-02 0.000000e+00 -3.741569e-02)	(-5.900426e-02 0.000000e+00 2.148571e-05)
8.720000e+03	lowerWall	(-7.952283e-02 0.000000e+00 -3.741532e-02)	(-5.855844e-02 0.000000e+00 1.041437e-03)
8.730000e+03	lowerWall	(-7.952251e-02 0.000000e+00 -3.741512e-02)	(-5.803817e-02 0.000000e+00 2.328259e-03)
8.740000e+03	lowerWall	(-7.952306e-02 0.000000e+00 -3.741547e-02)	(-5.909989e-02 0.000000e+00 1.922431e-05)
8.750000e+03	lowerWall	(-7.952303e-02 0.000000e+00 -3.741540e-02)	(-5.883796e-02 0.000000e+00 9.296078e-04)
8.760000e+03	lowerWall	(-7.952182e-02 0.000000e+00 -3.741523e-02)	(-5.836174e-02 0.000000e+00 2.661327e-03)
8.770000e+03	lowerWall	(-7.952376e-02 0.000000e+00 -3.741554e-02)	(-5.921682e-02 0.000000e+00 2.115140e-05)
8.780000e+03	lowerWall	(-7.952311e-02 0.000000e+00 -3.741541e-02)	(-5.921524e-02 0.000000e+00 2.626996e-05)
8.790000e+03	lowerWall	(-7.952205e-02 0.000000e+00 -3.741536e-02)	(-5.887359e-02 0.000000e+00 2.004663e-03)
8.800000e+03	lowerWall	(-7.952342e-02 0.000000e+00 -3.741527e-02)	(-5.921682e-02 0.000000e+00 1.127662e-04)
8.810000e+03	lowerWall	(-7.952194e-02 0.000000e+00 -3.741593e-02)	(-5.921357e-02 0.000000e+00 1.077850e-03)
8.820000e+03	lowerWall	(-7.952366e-02 0.000000e+00 -3.741509e-02)	(-5.921634e-02 0.000000e+00 1.944580e-05)
8.830000e+03	lowerWall	(-7.952332e-02 0.000000e+00 -3.741532e-02)	(-5.921649e-02 0.000000e+00 5.550732e-05)
8.840000e+03	lowerWall	(-7.952251e-02 0.000000e+00 -3.741622e-02)	(-5.921621e-02 0.000000e+00 6.339277e-04)
8.850000e+03	lowerWall	(-7.952521e-02 0.000000e+00 -3.741446e-02)	(-5.921607e-02 0.000000e+00 3.722740e-05)
8.860000e+03	lowerWall	(-7.952370e-02 0.000000e+00 -3.741390e-02)	(-5.921548e-02 0.000000e+00 1.840935e-05)
8.870000e+03	lowerWall	(-7.952277e-02 0.000000e+00 -3.741599e-02)	(-5.921709e-02 0.000000e+00 3.495625e-04)
8.880000e+03	lowerWall	(-7.952330e-02 0.000000e+00 -3.741424e-02)	(-5.921534e-02 0.000000e+00 1.699841e-05)
8.890000e+03	lowerWall	(-7.952335e-02 0.000000e+00 -3.741386e-02)	(-5.921548e-02 0.000000e+00 1.731281e-05)
8.900000e+03	lowerWall	(-7.952319e-02 0.000000e+00 -3.741530e-02)	(-5.921779e-02 0.000000e+00 1.222753e-04)
8.910000e+03	lowerWall	(-7.952306e-02 0.000000e+00 -3.741488e-02)	(-5.921652e-02 0.000000e+00 1.043009e-04)
8.920000e+03	lowerWall	(-7.952394e-02 0.000000e+00 -3.741553e-02)	(-5.922046e-02 0.000000e+00 3.331767e-04)
8.930000e+03	lowerWall	(-7.952291e-02 0.000000e+00 -3.741493e-02)	(-5.921692e-02 0.000000e+00 6.480892e-05)
8.940000e+03	lowerWall	(-7.952325e-02 0.000000e+00 -3.741505e-02)	(-5.921807e-02 0.000000e+00 5.993668e-05)
8.950000e+03	lowerWall	(-7.952369e-02 0.000000e+00 -3.741513e-02)	(-5.921965e-02 0.000000e+00 1.401048e-04)
8.960000e+03	lowerWall	(-7.952369e-02 0.000000e+00 -3.741517e-02)	(-5.921972e-02 0.000000e+00 1.681803e-04)
8.970000e+03	lowerWall	(-7.952330e-02 0.000000e+00 -3.741503e-02)	(-5.921828e-02 0.000000e+00 3.217642e-05)
8.980000e+03	lowerWall	(-7.952347e-02 0.000000e+00 -3.741528e-02)	(-5.921936e-02 0.000000e+00 2.709974e-04)
8.990000e+03	lowerWall	(-7.952346e-02 0.000000e+00 -3.741532e-02)	(-5.921934e-02 0.000000e+00 3.296503e-04)
9.000000e+03	lowerWall	(-7.952336e-02 0.000000e+00 -3.741497e-02)	(-5.921828e-02 0.000000e+00 2.843417e-05)
9.010000e+03	lowerWall	(-7.952342e-02 0.000000e+00 -3.741541e-02)	(-5.921920e-02 0.000000e+00 4.924215e-04)
9.020000e+03	lowerWall	(-7.952349e-02 0.000000e+00 -3.741560e-02)	(-5.922005e-02 0.000000e+00 7.234333e-04)
9.030000e+03	lowerWall	(-7.952349e-02 0.000000e+00 -3.741485e-02)	(-5.921813e-02 0.000000e+00 3.110584e-05)
9.040000e+03	lowerWall	(-7.952356e-02 0.000000e+00 -3.741480e-02)	(-5.921813e-02 0.000000e+00 3.528088e-05)
9.050000e+03	lowerWall	(-7.952353e-02 0.000000e+00 -3.741472e-02)	(-5.921762e-02 0.000000e+00 1.714787e-05)
9.060000e+03	lowerWall	(-7.952352e-02 0.000000e+00 -3.741459e-02)	(-5.918042e-02 0.000000e+00 1.722222e-05)
9.070000e+03	lowerWall	(-7.952379e-02 0.000000e+00 -3.741455e-02)	(-5.907420e-02 0.000000e+00 1.744980e-05)
9.080000e+03	lowerWall	(-7.952400e-02 0.000000e+00 -3.741447e-02)	(-5.889364e-02 0.000000e+00 1.788653e-05)
9.090000e+03	lowerWall	(-7.952320e-02 0.000000e+00 -3.741518e-02)	(-5.886371e-02 0.000000e+00 4.046473e-04)
9.100000e+03	lowerWall	(-7.952310e-02 0.000000e+00 -3.741523e-02)	(-5.888690e-02 0.000000e+00 5.148786e-04)
9.110000e+03	lowerWall	(-7.952297e-02 0.000000e+00 -3.741522e-02)	(-5.873841e-02 0.000000e+00 6.303761e-04)
9.120000e+03	lowerWall	(-7.952375e-02 0.000000e+00 -3.741480e-02)	(-5.869220e-02 0.000000e+00 1.820785e-05)
9.130000e+03	lowerWall	(-7.952405e-02 0.000000e+00 -3.741465e-02)	(-5.849644e-02 0.000000e+00 1.863010e-05)
9.140000e+03	lowerWall	(-7.952312e-02 0.000000e+00 -3.741520e-02)	(-5.846365e-02 0.000000e+00 4.578453e-04)
9.150000e+03	lowerWall	(-7.952303e-02 0.000000e+00 -3.741522e-02)	(-5.843472e-02 0.000000e+00 5.675981e-04)
9.160000e+03	lowerWall	(-7.952465e-02 0.000000e+00 -3.741418e-02)	(-5.809029e-02 0.000000e+00 2.410244e-05)
9.170000e+03	lowerWall	(-7.952259e-02 0.000000e+00 -3.741525e-02)	(-5.777879e-02 0.000000e+00 1.111061e-03)
9.180000e+03	lowerWall	(-7.952395e-02 0.000000e+00 -3.741494e-02)	(-5.796728e-02 0.000000e+00 1.938918e-05)
9.190000e+03	lowerWall	(-7.952410e-02 0.000000e+00 -3.741496e-02)	(-5.798311e-02 0.000000e+00 1.985671e-05)
9.200000e+03	lowerWall	(-7.952319e-02 0.000000e+00 -3.741507e-02)	(-5.797400e-02 0.000000e+00 3.268891e-04)
9.210000e+03	lowerWall	(-7.952302e-02 0.000000e+00 -3.741507e-02)	(-5.797250e-02 0.000000e+00 5.317783e-04)
9.220000e+03	lowerWall	(-7.952336e-02 0.000000e+00 -3.741507e-02)	(-5.811819e-02 0.000000e+00 8.348445e-05)
9.230000e+03	lowerWall	(-7.952305e-02 0.000000e+00 -3.741505e-02)	(-5.817981e-02 0.000000e+00 4.353315e-04)
9.240000e+03	lowerWall	(-7.952296e-02 0.000000e+00 -3.741505e-02)	(-5.825745e-02 0.000000e+00 5.317689e-04)
9.250000e+03	lowerWall	(-7.952289e-02 0.000000e+00 -3.741503e-02)	(-5.825578e-02 0.000000e+00 6.534696e-04)
9.260000e+03	lowerWall	(-7.952315e-02 0.000000e+00 -3.741510e-02)	(-5.812466e-02 0.000000e+00 1.078272e-04)
9.270000e+03	lowerWall	(-7.952363e-02 0.000000e+00 -3.741510e-02)	(-5.805170e-02 0.000000e+00 1.906179e-05)
9.280000e+03	lowerWall	(-7.952373e-02 0.000000e+00 -3.741514e-02)	(-5.810571e-02 0.000000e+00 3.650126e-04)
9.290000e+03	lowerWall	(-7.952342e-02 0.000000e+00 -3.741523e-02)	(-5.806484e-02 0.000000e+00 1.171093e-04)
9.300000e+03	lowerWall	(-7.952467e-02 0.000000e+00 -3.741458e-02)	(-5.796982e-02 0.000000e+00 2.070801e-05)
9.310000e+03	lowerWall	(-7.952278e-02 0.000000e+00 -3.741559e-02)	(-5.793068e-02 0.000000e+00 9.168880e-04)
9.320000e+03	lowerWall	(-7.952177e-02 0.000000e+00 -3.741602e-02)	(-5.755247e-02 0.000000e+00 2.430365e-03)
9.330000e+03	lowerWall	(-7.952411e-02 0.000000e+00 -3.741482e-02)	(-5.823078e-02 0.000000e+00 1.959625e-05)
9.340000e+03	lowerWall	(-7.952273e-02 0.000000e+00 -3.741514e-02)	(-5.857288e-02 0.000000e+00 1.905325e-05)
9.350000e+03	lowerWall	(-7.952213e-02 0.000000e+00 -3.741558e-02)	(-5.825690e-02 0.000000e+00 1.731858e-03)
9.360000e+03	lowerWall	(-7.952378e-02 0.000000e+00 -3.741536e-02)	(-5.856579e-02 0.000000e+00 6.686246e-04)
9.370000e+03	lowerWall	(-7.952453e-02 0.000000e+00 -3.741509e-02)	(-5.843810e-02 0.000000e+00 2.220871e-05)
9.380000e+03	lowerWall	(-7.952244e-02 0.000000e+00 -3.741537e-02)	(-5.878027e-02 0.000000e+00 1.209970e-03)
9.390000e+03	lowerWall	(-7.952146e-02 0.000000e+00 -3.741537e-02)	(-5.841162e-02 0.000000e+00 2.717411e-03)
9.400000e+03	lowerWall	(-7.952400e-02 0.000000e+00 -3.741533e-02)	(-5.891850e-02 0.000000e+00 2.129695e-05)
9.410000e+03	lowerWall	(-7.952407e-02 0.000000e+00 -3.741542e-02)	(-5.870990e-02 0.000000e+00 2.642654e-05)
9.420000e+03	lowerWall	(-7.952221e-02 0.000000e+00 -3.741524e-02)	(-5.889758e-02 0.000000e+00 1.847692e-03)
9.430000e+03	lowerWall	(-7.952358e-02 0.000000e+00 -3.741530e-02)	(-5.911939e-02 0.000000e+00 7.115288e-04)
9.440000e+03	lowerWall	(-7.952414e-02 0.000000e+00 -3.741559e-02)	(-5.884831e-02 0.000000e+00 2.314062e-05)
9.450000e+03	lowerWall	(-7.952258e-02 0.000000e+00 -3.741521e-02)	(-5.921085e-02 0.000000e+00 1.270597e-03)
9.460000e+03	lowerWall	(-7.952191e-02 0.000000e+00 -3.741497e-02)	(-5.862623e-02 0.000000e+00 2.810162e-03)
9.470000e+03	lowerWall	(-7.952374e-02 0.000000e+00 -3.741561e-02)	(-5.904458e-02 0.000000e+00 2.153457e-05)
9.480000e+03	lowerWall	(-7.952460e-02 0.000000e+00 -3.741604e-02)	(-5.841611e-02 0.000000e+00 2.556157e-05)
9.490000e+03	lowerWall	(-7.952254e-02 0.000000e+00 -3.741508e-02)	(-5.861339e-02 0.000000e+00 1.898686e-03)
9.500000e+03	lowerWall	(-7.952346e-02 0.000000e+00 -3.741560e-02)	(-5.878859e-02 0.000000e+00 2.048177e-05)
9.510000e+03	lowerWall	(-7.952378e-02 0.000000e+00 -3.741583e-02)	(-5.854818e-02 0.000000e+00 2.292115e-05)
9.520000e+03	lowerWall	(-7.952280e-02 0.000000e+00 -3.741517e-02)	(-5.843430e-02 0.000000e+00 1.306384e-03)
9.530000e+03	lowerWall	(-7.952230e-02 0.000000e+00 -3.741477e-02)	(-5.774121e-02 0.000000e+00 3.021608e-03)
9.540000e+03	lowerWall	(-7.952306e-02 0.000000e+00 -3.741548e-02)	(-5.886580e-02 0.000000e+00 1.969096e-05)
9.550000e+03	lowerWall	(-7.952344e-02 0.000000e+00 -3.741545e-02)	(-5.896672e-02 0.000000e+00 2.037357e-05)
9.560000e+03	lowerWall	(-7.952431e-02 0.000000e+00 -3.741565e-02)	(-5.871737e-02 0.000000e+00 2.346196e-05)
9.570000e+03	lowerWall	(-7.952257e-02 0.000000e+00 -3.741526e-02)	(-5.872954e-02 0.000000e+00 1.266109e-03)
9.580000e+03	lowerWall	(-7.952175e-02 0.000000e+00 -3.741497e-02)	(-5.814219e-02 0.000000e+00 2.927603e-03)
9.590000e+03	lowerWall	(-7.952380e-02 0.000000e+00 -3.741564e-02)	(-5.886852e-02 0.000000e+00 2.178137e-05)
9.600000e+03	lowerWall	(-7.952290e-02 0.000000e+00 -3.741548e-02)	(-5.898353e-02 0.000000e+00 1.962974e-05)
9.610000e+03	lowerWall	(-7.952256e-02 0.000000e+00 -3.741510e-02)	(-5.844455e-02 0.000000e+00 1.949374e-03)
9.620000e+03	lowerWall	(-7.952351e-02 0.000000e+00 -3.741559e-02)	(-5.891360e-02 0.000000e+00 2.061978e-05)
9.630000e+03	lowerWall	(-7.952388e-02 0.000000e+00 -3.741583e-02)	(-5.867199e-02 0.000000e+00 2.297707e-05)
9.640000e+03	lowerWall	(-7.952285e-02 0.000000e+00 -3.741516e-02)	(-5.871051e-02 0.000000e+00 1.343642e-03)
9.650000e+03	lowerWall	(-7.952238e-02 0.000000e+00 -3.741478e-02)	(-5.809670e-02 0.000000e+00 3.089057e-03)
9.660000e+03	lowerWall	(-7.952350e-02 0.000000e+00 -3.741569e-02)	(-5.893062e-02 0.000000e+00 2.130136e-05)
9.670000e+03	lowerWall	(-7.952305e-02 0.000000e+00 -3.741521e-02)	(-5.900319e-02 0.000000e+00 9.169087e-04)
9.680000e+03	lowerWall	(-7.952289e-02 0.000000e+00 -3.741498e-02)	(-5.855355e-02 0.000000e+00 2.034183e-03)
9.690000e+03	lowerWall	(-7.952337e-02 0.000000e+00 -3.741558e-02)	(-5.904873e-02 0.000000e+00 2.029105e-05)
9.700000e+03	lowerWall	(-7.952360e-02 0.000000e+00 -3.741590e-02)	(-5.866958e-02 0.000000e+00 2.215166e-05)
9.710000e+03	lowerWall	(-7.952309e-02 0.000000e+00 -3.741510e-02)	(-5.881174e-02 0.000000e+00 1.389388e-03)
9.720000e+03	lowerWall	(-7.952327e-02 0.000000e+00 -3.741528e-02)	(-5.912165e-02 0.000000e+00 5.254931e-04)
9.730000e+03	lowerWall	(-7.952331e-02 0.000000e+00 -3.741567e-02)	(-5.894885e-02 0.000000e+00 2.078558e-05)
9.740000e+03	lowerWall	(-7.952321e-02 0.000000e+00 -3.741517e-02)	(-5.903051e-02 0.000000e+00 9.489149e-04)
9.750000e+03	lowerWall	(-7.952321e-02 0.000000e+00 -3.741494e-02)	(-5.856015e-02 0.000000e+00 2.099375e-03)
9.760000e+03	lowerWall	(-7.952328e-02 0.000000e+00 -3.741555e-02)	(-5.906133e-02 0.000000e+00 1.997771e-05)
9.770000e+03	lowerWall	(-7.952328e-02 0.000000e+00 -3.741539e-02)	(-5.921895e-02 0.000000e+00 1.903756e-05)
9.780000e+03	lowerWall	(-7.952332e-02 0.000000e+00 -3.741507e-02)	(-5.890225e-02 0.000000e+00 1.420902e-03)
9.790000e+03	lowerWall	(-7.952325e-02 0.000000e+00 -3.741546e-02)	(-5.921974e-02 0.000000e+00 1.949548e-05)
9.800000e+03	lowerWall	(-7.952319e-02 0.000000e+00 -3.741562e-02)	(-5.901936e-02 0.000000e+00 2.029945e-05)
9.810000e+03	lowerWall	(-7.952334e-02 0.000000e+00 -3.741514e-02)	(-5.912751e-02 0.000000e+00 9.620699e-04)
9.820000e+03	lowerWall	(-7.952340e-02 0.000000e+00 -3.741489e-02)	(-5.872681e-02 0.000000e+00 2.194127e-03)
9.830000e+03	lowerWall	(-7.952322e-02 0.000000e+00 -3.741550e-02)	(-5.917497e-02 0.000000e+00 1.968882e-05)
9.840000e+03	lowerWall	(-7.952337e-02 0.000000e+00 -3.741535e-02)	(-5.921991e-02 0.000000e+00 1.897016e-05)
9.850000e+03	lowerWall	(-7.952347e-02 0.000000e+00 -3.741505e-02)	(-5.895588e-02 0.000000e+00 1.427877e-03)
9.860000e+03	lowerWall	(-7.952346e-02 0.000000e+00 -3.741528e-02)	(-5.922181e-02 0.000000e+00 1.149469e-04)
9.870000e+03	lowerWall	(-7.952390e-02 0.000000e+00 -3.741529e-02)	(-5.922226e-02 0.000000e+00 2.120195e-05)
9.880000e+03	lowerWall	(-7.952393e-02 0.000000e+00 -3.741537e-02)	(-5.922262e-02 0.000000e+00 2.175358e-05)
9.890000e+03	lowerWall	(-7.952306e-02 0.000000e+00 -3.741519e-02)	(-5.921973e-02 0.000000e+00 6.460736e-04)
9.900000e+03	lowerWall	(-7.952306e-02 0.000000e+00 -3.741516e-02)	(-5.921974e-02 0.000000e+00 2.030066e-05)
9.910000e+03	lowerWall	(-7.952278e-02 0.000000e+00 -3.741537e-02)	(-5.921955e-02 0.000000e+00 2.016329e-04)
9.920000e+03	lowerWall	(-7.952328e-02 0.000000e+00 -3.741519e-02)	(-5.922118e-02 0.000000e+00 3.827135e-05)
9.930000e+03	lowerWall	(-7.952364e-02 0.000000e+00 -3.741486e-02)	(-5.922080e-02 0.000000e+00 2.016055e-05)
9.940000e+03	lowerWall	(-7.952299e-02 0.000000e+00 -3.741548e-02)	(-5.922096e-02 0.000000e+00 1.745978e-04)
9.950000e+03	lowerWall	(-7.952457e-02 0.000000e+00 -3.741413e-02)	(-5.922300e-02 0.000000e+00 2.241416e-05)
9.960000e+03	lowerWall	(-7.952523e-02 0.000000e+00 -3.741342e-02)	(-5.922429e-02 0.000000e+00 2.490457e-05)
9.970000e+03	lowerWall	(-7.952248e-02 0.000000e+00 -3.741567e-02)	(-5.922065e-02 0.000000e+00 7.969515e-04)
9.980000e+03	lowerWall	(-7.952380e-02 0.000000e+00 -3.741481e-02)	(-5.922304e-02 0.000000e+00 2.005834e-05)
9.990000e+03	lowerWall	(-7.952404e-02 0.000000e+00 -3.741452e-02)	(-5.922319e-02 0.000000e+00 2.060512e-05)
1.000000e+04	lowerWall	(-7.952429e-02 0.000000e+00 -3.741443e-02)	(-5.905404e-02 0.000000e+00 2.129489e-05)
1.001000e+04	lowerWall	(-7.952378e-02 0.000000e+00 -3.741475e-02)	(-5.886217e-02 0.000000e+00 1.935266e-05)
1.002000e+04	lowerWall	(-7.952361e-02 0.000000e+00 -3.741494e-02)	(-5.881096e-02 0.000000e+00 2.093700e-05)
1.003000e+04	lowerWall	(-7.952341e-02 0.000000e+00 -3.741512e-02)	(-5.876570e-02 0.000000e+00 1.704287e-04)
1.004000e+04	lowerWall	(-7.952405e-02 0.000000e+00 -3.741452e-02)	(-5.881638e-02 0.000000e+00 2.003738e-05)
1.005000e+04	lowerWall	(-7.952335e-02 0.000000e+00 -3.741515e-02)	(-5.863049e-02 0.000000e+00 2.805689e-04)
1.006000e+04	lowerWall	(-7.952363e-02 0.000000e+00 -3.741495e-02)	(-5.846689e-02 0.000000e+00 1.914759e-05)
1.007000e+04	lowerWall	(-7.952365e-02 0.000000e+00 -3.741496e-02)	(-5.835896e-02 0.000000e+00 1.919090e-05)
1.008000e+04	lowerWall	(-7.952367e-02 0.000000e+00 -3.741496e-02)	(-5.819989e-02 0.000000e+00 1.925230e-05)
1.009000e+04	lowerWall	(-7.952358e-02 0.000000e+00 -3.741501e-02)	(-5.818635e-02 0.000000e+00 1.895330e-05)
1.010000e+04	lowerWall	(-7.952424e-02 0.000000e+00 -3.741462e-02)	(-5.825272e-02 0.000000e+00 2.063640e-05)
1.011000e+04	lowerWall	(-7.952343e-02 0.000000e+00 -3.741506e-02)	(-5.808806e-02 0.000000e+00 7.850808e-05)
1.012000e+04	lowerWall	(-7.952301e-02 0.000000e+00 -3.741545e-02)	(-5.776818e-02 0.000000e+00 1.184899e-03)
1.013000e+04	lowerWall	(-7.952354e-02 0.000000e+00 -3.741510e-02)	(-5.838699e-02 0.000000e+00 2.149450e-05)
1.014000e+04	lowerWall	(-7.952342e-02 0.000000e+00 -3.741503e-02)	(-5.843191e-02 0.000000e+00 1.906441e-05)
1.015000e+04	lowerWall	(-7.952344e-02 0.000000e+00 -3.741533e-02)	(-5.843725e-02 0.000000e+00 6.528557e-04)
1.016000e+04	lowerWall	(-7.952319e-02 0.000000e+00 -3.741562e-02)	(-5.818381e-02 0.000000e+00 1.685418e-03)
1.017000e+04	lowerWall	(-7.952372e-02 0.000000e+00 -3.741485e-02)	(-5.878109e-02 0.000000e+00 1.881344e-05)
1.018000e+04	lowerWall	(-7.952396e-02 0.000000e+00 -3.741475e-02)	(-5.882026e-02 0.000000e+00 1.937015e-05)
1.019000e+04	lowerWall	(-7.952318e-02 0.000000e+00 -3.741530e-02)	(-5.876421e-02 0.000000e+00 8.808566e-04)
1.020000e+04	lowerWall	(-7.952275e-02 0.000000e+00 -3.741544e-02)	(-5.845268e-02 0.000000e+00 1.975601e-03)
1.021000e+04	lowerWall	(-7.952385e-02 0.000000e+00 -3.741523e-02)	(-5.918794e-02 0.000000e+00 7.569779e-04)
1.022000e+04	lowerWall	(-7.952442e-02 0.000000e+00 -3.741494e-02)	(-5.891695e-02 0.000000e+00 2.171552e-05)
1.023000e+04	lowerWall	(-7.952292e-02 0.000000e+00 -3.741523e-02)	(-5.901056e-02 0.000000e+00 1.360794e-03)
1.024000e+04	lowerWall	(-7.952216e-02 0.000000e+00 -3.741524e-02)	(-5.837984e-02 0.000000e+00 3.108515e-03)
1.025000e+04	lowerWall	(-7.952402e-02 0.000000e+00 -3.741515e-02)	(-5.919242e-02 0.000000e+00 2.129140e-05)
1.026000e+04	lowerWall	(-7.952312e-02 0.000000e+00 -3.741517e-02)	(-5.922026e-02 0.000000e+00 1.985371e-05)
1.027000e+04	lowerWall	(-7.952278e-02 0.000000e+00 -3.741509e-02)	(-5.877246e-02 0.000000e+00 2.029350e-03)
1.028000e+04	lowerWall	(-7.952377e-02 0.000000e+00 -3.741524e-02)	(-5.922254e-02 0.000000e+00 2.068904e-05)
1.029000e+04	lowerWall	(-7.952419e-02 0.000000e+00 -3.741538e-02)	(-5.902298e-02 0.000000e+00 2.283425e-05)
1.030000e+04	lowerWall	(-7.952302e-02 0.000000e+00 -3.741506e-02)	(-5.904793e-02 0.000000e+00 1.377961e-03)
1.031000e+04	lowerWall	(-7.952358e-02 0.000000e+00 -3.741515e-02)	(-5.922262e-02 0.000000e+00 5.179339e-04)
1.032000e+04	lowerWall	(-7.952382e-02 0.000000e+00 -3.741539e-02)	(-5.913348e-02 0.000000e+00 2.158466e-05)
1.033000e+04	lowerWall	(-7.952324e-02 0.000000e+00 -3.741527e-02)	(-5.896288e-02 0.000000e+00 1.985803e-05)
1.034000e+04	lowerWall	(-7.952299e-02 0.000000e+00 -3.741492e-02)	(-5.819208e-02 0.000000e+00 2.047561e-03)
1.035000e+04	lowerWall	(-7.952362e-02 0.000000e+00 -3.741538e-02)	(-5.877310e-02 0.000000e+00 2.073863e-05)
1.036000e+04	lowerWall	(-7.952383e-02 0.000000e+00 -3.741562e-02)	(-5.845560e-02 0.000000e+00 2.269310e-05)
1.037000e+04	lowerWall	(-7.952321e-02 0.000000e+00 -3.741501e-02)	(-5.790812e-02 0.000000e+00 1.395522e-03)
1.038000e+04	lowerWall	(-7.952357e-02 0.000000e+00 -3.741519e-02)	(-5.851646e-02 0.000000e+00 3.879588e-04)
1.039000e+04	lowerWall	(-7.952381e-02 0.000000e+00 -3.741541e-02)	(-5.862907e-02 0.000000e+00 2.154359e-05)
1.040000e+04	lowerWall	(-7.952325e-02 0.000000e+00 -3.741528e-02)	(-5.843178e-02 0.000000e+00 1.990046e-05)
1.041000e+04	lowerWall	(-7.952306e-02 0.000000e+00 -3.741496e-02)	(-5.791694e-02 0.000000e+00 1.846908e-03)
1.042000e+04	lowerWall	(-7.952362e-02 0.000000e+00 -3.741537e-02)	(-5.859009e-02 0.000000e+00 2.066266e-05)
1.043000e+04	lowerWall	(-7.952389e-02 0.000000e+00 -3.741562e-02)	(-5.862273e-02 0.000000e+00 2.242936e-05)
1.044000e+04	lowerWall	(-7.952323e-02 0.000000e+00 -3.741501e-02)	(-5.862206e-02 0.000000e+00 1.286938e-03)
1.045000e+04	lowerWall	(-7.952296e-02 0.000000e+00 -3.741468e-02)	(-5.825375e-02 0.000000e+00 2.962098e-03)
1.046000e+04	lowerWall	(-7.952356e-02 0.000000e+00 -3.741545e-02)	(-5.916104e-02 0.000000e+00 2.111347e-05)
1.047000e+04	lowerWall	(-7.952367e-02 0.000000e+00 -3.741535e-02)	(-5.921113e-02 0.000000e+00 2.068710e-05)
1.048000e+04	lowerWall	(-7.952332e-02 0.000000e+00 -3.741525e-02)	(-5.922306e-02 0.000000e+00 1.966833e-05)
1.049000e+04	lowerWall	(-7.952316e-02 0.000000e+00 -3.741498e-02)	(-5.915113e-02 0.000000e+00 1.339651e-03)
1.050000e+04	lowerWall	(-7.952353e-02 0.000000e+00 -3.741513e-02)	(-5.922430e-02 0.000000e+00 5.046752e-04)
1.051000e+04	lowerWall	(-7.952364e-02 0.000000e+00 -3.741547e-02)	(-5.922513e-02 0.000000e+00 2.143016e-05)
1.052000e+04	lowerWall	(-7.952332e-02 0.000000e+00 -3.741504e-02)	(-5.922288e-02 0.000000e+00 9.091144e-04)
1.053000e+04	lowerWall	(-7.952355e-02 0.000000e+00 -3.741514e-02)	(-5.922429e-02 0.000000e+00 3.655674e-04)
1.054000e+04	lowerWall	(-7.952424e-02 0.000000e+00 -3.741529e-02)	(-5.922655e-02 0.000000e+00 2.097390e-05)
1.055000e+04	lowerWall	(-7.952356e-02 0.000000e+00 -3.741517e-02)	(-5.922435e-02 0.000000e+00 1.944196e-05)
1.056000e+04	lowerWall	(-7.952305e-02 0.000000e+00 -3.741515e-02)	(-5.922284e-02 0.000000e+00 9.042098e-04)
1.057000e+04	lowerWall	(-7.952363e-02 0.000000e+00 -3.741538e-02)	(-5.922540e-02 0.000000e+00 2.351298e-04)
1.058000e+04	lowerWall	(-7.952454e-02 0.000000e+00 -3.741462e-02)	(-5.922615e-02 0.000000e+00 2.228562e-05)
1.059000e+04	lowerWall	(-7.952335e-02 0.000000e+00 -3.741503e-02)	(-5.922447e-02 0.000000e+00 1.940904e-05)
1.060000e+04	lowerWall	(-7.952372e-02 0.000000e+00 -3.741498e-02)	(-5.922491e-02 0.000000e+00 1.988847e-05)
1.061000e+04	lowerWall	(-7.951691e-02 0.000000e+00 -3.741488e-02)	(-5.921065e-02 0.000000e+00 7.341947e-04)
1.062000e+04	lowerWall	(-7.955430e-02 0.000000e+00 -3.741452e-02)	(-5.929694e-02 0.000000e+00 2.089508e-05)
1.063000e+04	lowerWall	(-7.952369e-02 0.000000e+00 -3.741159e-02)	(-5.922067e-02 0.000000e+00 1.924733e-05)
1.064000e+04	lowerWall	(-7.952340e-02 0.000000e+00 -3.741657e-02)	(-5.922792e-02 0.000000e+00 2.667776e-04)
1.065000e+04	lowerWall	(-7.952380e-02 0.000000e+00 -3.741761e-02)	(-5.923024e-02 0.000000e+00 5.712209e-04)
1.066000e+04	lowerWall	(-7.952280e-02 0.000000e+00 -3.741153e-02)	(-5.921798e-02 0.000000e+00 1.620138e-05)
1.067000e+04	lowerWall	(-7.952403e-02 0.000000e+00 -3.741501e-02)	(-5.922722e-02 0.000000e+00 6.589969e-05)
1.068000e+04	lowerWall	(-7.952312e-02 0.000000e+00 -3.741341e-02)	(-5.922188e-02 0.000000e+00 1.635945e-05)
1.069000e+04	lowerWall	(-7.952408e-02 0.000000e+00 -3.741488e-02)	(-5.922695e-02 0.000000e+00 1.114814e-04)
1.070000e+04	lowerWall	(-7.952691e-02 0.000000e+00 -3.741776e-02)	(-5.912293e-02 0.000000e+00 9.139150e-04)
1.071000e+04	lowerWall	(-7.952285e-02 0.000000e+00 -3.741370e-02)	(-5.922150e-02 0.000000e+00 1.520631e-05)
1.072000e+04	lowerWall	(-7.952265e-02 0.000000e+00 -3.741329e-02)	(-5.922007e-02 0.000000e+00 1.432651e-05)
1.073000e+04	lowerWall	(-7.952420e-02 0.000000e+00 -3.741545e-02)	(-5.922749e-02 0.000000e+00 3.621081e-04)
1.074000e+04	lowerWall	(-7.952375e-02 0.000000e+00 -3.741499e-02)	(-5.922535e-02 0.000000e+00 8.219604e-05)
1.075000e+04	lowerWall	(-7.952390e-02 0.000000e+00 -3.741505e-02)	(-5.922591e-02 0.000000e+00 1.133726e-04)
1.076000e+04	lowerWall	(-7.952323e-02 0.000000e+00 -3.741425e-02)	(-5.922274e-02 0.000000e+00 1.615425e-05)
1.077000e+04	lowerWall	(-7.952384e-02 0.000000e+00 -3.741518e-02)	(-5.922587e-02 0.000000e+00 1.865104e-04)
1.078000e+04	lowerWall	(-7.952310e-02 0.000000e+00 -3.741457e-02)	(-5.922259e-02 0.000000e+00 1.580006e-05)
1.079000e+04	lowerWall	(-7.952317e-02 0.000000e+00 -3.741449e-02)	(-5.922270e-02 0.000000e+00 1.564569e-05)
1.080000e+04	lowerWall	(-7.952354e-02 0.000000e+00 -3.741405e-02)	(-5.922335e-02 0.000000e+00 1.538477e-05)
1.081000e+04	lowerWall	(-7.952387e-02 0.000000e+00 -3.741552e-02)	(-5.922731e-02 0.000000e+00 5.104102e-04)
1.082000e+04	lowerWall	(-7.952383e-02 0.000000e+00 -3.741582e-02)	(-5.922794e-02 0.000000e+00 8.553594e-04)
1.083000e+04	lowerWall	(-7.952357e-02 0.000000e+00 -3.741597e-02)	(-5.922775e-02 0.000000e+00 1.083714e-03)
1.084000e+04	lowerWall	(-7.952371e-02 0.000000e+00 -3.741471e-02)	(-5.922534e-02 0.000000e+00 1.839103e-05)
1.085000e+04	lowerWall	(-7.952382e-02 0.000000e+00 -3.741444e-02)	(-5.922542e-02 0.000000e+00 1.852778e-05)
1.086000e+04	lowerWall	(-7.952354e-02 0.000000e+00 -3.741504e-02)	(-5.922641e-02 0.000000e+00 1.949059e-05)
1.087000e+04	lowerWall	(-7.952363e-02 0.000000e+00 -3.741499e-02)	(-5.922671e-02 0.000000e+00 1.913109e-05)
1.088000e+04	lowerWall	(-7.952367e-02 0.000000e+00 -3.741493e-02)	(-5.922706e-02 0.000000e+00 1.918923e-05)
1.089000e+04	lowerWall	(-7.952412e-02 0.000000e+00 -3.741486e-02)	(-5.922800e-02 0.000000e+00 1.826516e-05)
1.090000e+04	lowerWall	(-7.952352e-02 0.000000e+00 -3.741491e-02)	(-5.922725e-02 0.000000e+00 1.870436e-05)
1.091000e+04	lowerWall	(-7.952358e-02 0.000000e+00 -3.741490e-02)	(-5.922774e-02 0.000000e+00 1.872512e-05)
1.092000e+04	lowerWall	(-7.952359e-02 0.000000e+00 -3.741510e-02)	(-5.922854e-02 0.000000e+00 6.833782e-05)
1.093000e+04	lowerWall	(-7.952354e-02 0.000000e+00 -3.741496e-02)	(-5.922833e-02 0.000000e+00 1.869974e-05)
1.094000e+04	lowerWall	(-7.952358e-02 0.000000e+00 -3.741493e-02)	(-5.922862e-02 0.000000e+00 1.875004e-05)
1.095000e+04	lowerWall	(-7.952364e-02 0.000000e+00 -3.741507e-02)	(-5.922947e-02 0.000000e+00 4.990751e-05)
1.096000e+04	lowerWall	(-7.952364e-02 0.000000e+00 -3.741512e-02)	(-5.922974e-02 0.000000e+00 1.402249e-04)
1.097000e+04	lowerWall	(-7.952363e-02 0.000000e+00 -3.741504e-02)	(-5.922966e-02 0.000000e+00 1.939773e-05)
1.098000e+04	lowerWall	(-7.952363e-02 0.000000e+00 -3.741515e-02)	(-5.923001e-02 0.000000e+00 1.806657e-04)
1.099000e+04	lowerWall	(-7.952366e-02 0.000000e+00 -3.741504e-02)	(-5.922996e-02 0.000000e+00 1.944993e-05)
1.100000e+04	lowerWall	(-7.952367e-02 0.000000e+00 -3.741504e-02)	(-5.923007e-02 0.000000e+00 1.948394e-05)
1.101000e+04	lowerWall	(-7.952368e-02 0.000000e+00 -3.741503e-02)	(-5.923016e-02 0.000000e+00 1.951847e-05)
1.102000e+04	lowerWall	(-7.952370e-02 0.000000e+00 -3.741503e-02)	(-5.923024e-02 0.000000e+00 1.956282e-05)
1.103000e+04	lowerWall	(-7.952371e-02 0.000000e+00 -3.741503e-02)	(-5.923028e-02 0.000000e+00 1.960213e-05)
1.104000e+04	lowerWall	(-7.952362e-02 0.000000e+00 -3.741506e-02)	(-5.923016e-02 0.000000e+00 6.205030e-05)
1.105000e+04	lowerWall	(-7.952362e-02 0.000000e+00 -3.741505e-02)	(-5.923013e-02 0.000000e+00 1.956218e-05)
1.106000e+04	lowerWall	(-7.952366e-02 0.000000e+00 -3.741505e-02)	(-5.923014e-02 0.000000e+00 1.951772e-05)
1.107000e+04	lowerWall	(-7.952367e-02 0.000000e+00 -3.741505e-02)	(-5.923010e-02 0.000000e+00 1.953211e-05)
1.108000e+04	lowerWall	(-7.952367e-02 0.000000e+00 -3.741504e-02)	(-5.923004e-02 0.000000e+00 1.954797e-05)
1.109000e+04	lowerWall	(-7.952368e-02 0.000000e+00 -3.741504e-02)	(-5.922999e-02 0.000000e+00 1.956653e-05)
1.110000e+04	lowerWall	(-7.952353e-02 0.000000e+00 -3.741507e-02)	(-5.922964e-02 0.000000e+00 1.494992e-04)
1.111000e+04	lowerWall	(-7.952369e-02 0.000000e+00 -3.741504e-02)	(-5.922987e-02 0.000000e+00 1.962279e-05)
1.112000e+04	lowerWall	(-7.952366e-02 0.000000e+00 -3.741504e-02)	(-5.922975e-02 0.000000e+00 1.969787e-05)
1.113000e+04	lowerWall	(-7.952362e-02 0.000000e+00 -3.741505e-02)	(-5.922954e-02 0.000000e+00 4.454327e-05)
1.114000e+04	lowerWall	(-7.952362e-02 0.000000e+00 -3.741504e-02)	(-5.922944e-02 0.000000e+00 4.639676e-05)
1.115000e+04	lowerWall	(-7.952361e-02 0.000000e+00 -3.741504e-02)	(-5.922934e-02 0.000000e+00 4.842980e-05)
1.116000e+04	lowerWall	(-7.952359e-02 0.000000e+00 -3.741504e-02)	(-5.922921e-02 0.000000e+00 6.321380e-05)
1.117000e+04	lowerWall	(-7.952359e-02 0.000000e+00 -3.741503e-02)	(-5.922913e-02 0.000000e+00 7.048651e-05)
1.118000e+04	lowerWall	(-7.952358e-02 0.000000e+00 -3.741503e-02)	(-5.922904e-02 0.000000e+00 8.028595e-05)
1.119000e+04	lowerWall	(-7.952356e-02 0.000000e+00 -3.741502e-02)	(-5.922896e-02 0.000000e+00 9.254523e-05)
1.120000e+04	lowerWall	(-7.952352e-02 0.000000e+00 -3.741501e-02)	(-5.922876e-02 0.000000e+00 1.455177e-04)
1.121000e+04	lowerWall	(-7.952348e-02 0.000000e+00 -3.741499e-02)	(-5.922860e-02 0.000000e+00 1.711816e-04)
1.122000e+04	lowerWall	(-7.952344e-02 0.000000e+00 -3.741497e-02)	(-5.922844e-02 0.000000e+00 2.097058e-04)
1.123000e+04	lowerWall	(-7.952370e-02 0.000000e+00 -3.741505e-02)	(-5.922922e-02 0.000000e+00 1.977959e-05)
1.124000e+04	lowerWall	(-7.952372e-02 0.000000e+00 -3.741505e-02)	(-5.922926e-02 0.000000e+00 1.983615e-05)
1.125000e+04	lowerWall	(-7.952361e-02 0.000000e+00 -3.741501e-02)	(-5.922892e-02 0.000000e+00 5.450937e-05)
1.126000e+04	lowerWall	(-7.952361e-02 0.000000e+00 -3.741501e-02)	(-5.922891e-02 0.000000e+00 6.001630e-05)
1.127000e+04	lowerWall	(-7.952360e-02 0.000000e+00 -3.741501e-02)	(-5.922892e-02 0.000000e+00 7.097715e-05)
1.128000e+04	lowerWall	(-7.952359e-02 0.000000e+00 -3.741501e-02)	(-5.922894e-02 0.000000e+00 8.149523e-05)
1.129000e+04	lowerWall	(-7.952359e-02 0.000000e+00 -3.741500e-02)	(-5.922896e-02 0.000000e+00 9.627704e-05)
1.130000e+04	lowerWall	(-7.952384e-02 0.000000e+00 -3.741515e-02)	(-5.922998e-02 0.000000e+00 2.050926e-05)
1.131000e+04	lowerWall	(-7.952355e-02 0.000000e+00 -3.741499e-02)	(-5.922889e-02 0.000000e+00 1.735099e-04)
1.132000e+04	lowerWall	(-7.952367e-02 0.000000e+00 -3.741506e-02)	(-5.922946e-02 0.000000e+00 1.975663e-05)
1.133000e+04	lowerWall	(-7.952350e-02 0.000000e+00 -3.741495e-02)	(-5.922882e-02 0.000000e+00 2.533772e-04)
1.134000e+04	lowerWall	(-7.952341e-02 0.000000e+00 -3.741492e-02)	(-5.922856e-02 0.000000e+00 3.957594e-04)
1.135000e+04	lowerWall	(-7.952361e-02 0.000000e+00 -3.741504e-02)	(-5.922939e-02 0.000000e+00 6.386785e-05)
1.136000e+04	lowerWall	(-7.952360e-02 0.000000e+00 -3.741504e-02)	(-5.922942e-02 0.000000e+00 7.357585e-05)
1.137000e+04	lowerWall	(-7.952359e-02 0.000000e+00 -3.741504e-02)	(-5.922944e-02 0.000000e+00 8.471138e-05)
1.138000e+04	lowerWall	(-7.952359e-02 0.000000e+00 -3.741503e-02)	(-5.922945e-02 0.000000e+00 9.637719e-05)
1.139000e+04	lowerWall	(-7.952358e-02 0.000000e+00 -3.741503e-02)	(-5.922944e-02 0.000000e+00 1.104869e-04)
1.140000e+04	lowerWall	(-7.952357e-02 0.000000e+00 -3.741502e-02)	(-5.922941e-02 0.000000e+00 1.263633e-04)
1.141000e+04	lowerWall	(-7.952355e-02 0.000000e+00 -3.741502e-02)	(-5.922935e-02 0.000000e+00 1.458646e-04)
1.142000e+04	lowerWall	(-7.952367e-02 0.000000e+00 -3.741507e-02)	(-5.922979e-02 0.000000e+00 1.977648e-05)
1.143000e+04	lowerWall	(-7.952352e-02 0.000000e+00 -3.741500e-02)	(-5.922921e-02 0.000000e+00 2.003342e-04)
1.144000e+04	lowerWall	(-7.952368e-02 0.000000e+00 -3.741507e-02)	(-5.922978e-02 0.000000e+00 1.984648e-05)
1.145000e+04	lowerWall	(-7.952369e-02 0.000000e+00 -3.741508e-02)	(-5.922979e-02 0.000000e+00 1.989462e-05)
1.146000e+04	lowerWall	(-7.952369e-02 0.000000e+00 -3.741509e-02)	(-5.922976e-02 0.000000e+00 1.995124e-05)
1.147000e+04	lowerWall	(-7.952358e-02 0.000000e+00 -3.741505e-02)	(-5.922926e-02 0.000000e+00 2.156011e-05)
1.148000e+04	lowerWall	(-7.952359e-02 0.000000e+00 -3.741504e-02)	(-5.922923e-02 0.000000e+00 8.544589e-05)
1.149000e+04	lowerWall	(-7.952358e-02 0.000000e+00 -3.741504e-02)	(-5.922914e-02 0.000000e+00 1.032358e-04)
1.150000e+04	lowerWall	(-7.952357e-02 0.000000e+00 -3.741503e-02)	(-5.922901e-02 0.000000e+00 1.200521e-04)
1.151000e+04	lowerWall	(-7.952356e-02 0.000000e+00 -3.741502e-02)	(-5.922887e-02 0.000000e+00 1.405828e-04)
1.152000e+04	lowerWall	(-7.952355e-02 0.000000e+00 -3.741501e-02)	(-5.922870e-02 0.000000e+00 1.549817e-04)
1.153000e+04	lowerWall	(-7.952350e-02 0.000000e+00 -3.741498e-02)	(-5.922842e-02 0.000000e+00 2.443002e-04)
1.154000e+04	lowerWall	(-7.952347e-02 0.000000e+00 -3.741494e-02)	(-5.922815e-02 0.000000e+00 3.090417e-04)
1.155000e+04	lowerWall	(-7.952369e-02 0.000000e+00 -3.741507e-02)	(-5.922895e-02 0.000000e+00 1.995059e-05)
1.156000e+04	lowerWall	(-7.952369e-02 0.000000e+00 -3.741508e-02)	(-5.922890e-02 0.000000e+00 2.002374e-05)
1.157000e+04	lowerWall	(-7.952364e-02 0.000000e+00 -3.741504e-02)	(-5.922860e-02 0.000000e+00 1.969487e-05)
1.158000e+04	lowerWall	(-7.952390e-02 0.000000e+00 -3.741509e-02)	(-5.922931e-02 0.000000e+00 2.074723e-05)
1.159000e+04	lowerWall	(-7.952396e-02 0.000000e+00 -3.741512e-02)	(-5.922950e-02 0.000000e+00 2.110706e-05)
1.160000e+04	lowerWall	(-7.952402e-02 0.000000e+00 -3.741503e-02)	(-5.922995e-02 0.000000e+00 2.299804e-05)
1.161000e+04	lowerWall	(-7.952330e-02 0.000000e+00 -3.741502e-02)	(-5.922728e-02 0.000000e+00 4.204620e-04)
1.162000e+04	lowerWall	(-7.952352e-02 0.000000e+00 -3.741507e-02)	(-5.922767e-02 0.000000e+00 3.597273e-05)
1.163000e+04	lowerWall	(-7.952294e-02 0.000000e+00 -3.741538e-02)	(-5.922704e-02 0.000000e+00 3.999683e-04)
1.164000e+04	lowerWall	(-7.952248e-02 0.000000e+00 -3.741551e-02)	(-5.922605e-02 0.000000e+00 7.837595e-04)
1.165000e+04	lowerWall	(-7.952417e-02 0.000000e+00 -3.741489e-02)	(-5.922900e-02 0.000000e+00 2.130163e-05)
1.166000e+04	lowerWall	(-7.952430e-02 0.000000e+00 -3.741487e-02)	(-5.922936e-02 0.000000e+00 2.176359e-05)
1.167000e+04	lowerWall	(-7.952336e-02 0.000000e+00 -3.741512e-02)	(-5.922750e-02 0.000000e+00 2.447153e-04)
1.168000e+04	lowerWall	(-7.952333e-02 0.000000e+00 -3.741510e-02)	(-5.922746e-02 0.000000e+00 3.002595e-04)
1.169000e+04	lowerWall	(-7.952326e-02 0.000000e+00 -3.741509e-02)	(-5.922732e-02 0.000000e+00 3.792994e-04)
1.170000e+04	lowerWall	(-7.952379e-02 0.000000e+00 -3.741501e-02)	(-5.922856e-02 0.000000e+00 2.014529e-05)
1.171000e+04	lowerWall	(-7.952385e-02 0.000000e+00 -3.741500e-02)	(-5.922876e-02 0.000000e+00 2.033727e-05)
1.172000e+04	lowerWall	(-7.952390e-02 0.000000e+00 -3.741499e-02)	(-5.922897e-02 0.000000e+00 2.052136e-05)
1.173000e+04	lowerWall	(-7.952393e-02 0.000000e+00 -3.741489e-02)	(-5.922898e-02 0.000000e+00 2.062773e-05)
1.174000e+04	lowerWall	(-7.952413e-02 0.000000e+00 -3.741488e-02)	(-5.922939e-02 0.000000e+00 2.105282e-05)
1.175000e+04	lowerWall	(-7.952361e-02 0.000000e+00 -3.741505e-02)	(-5.922869e-02 0.000000e+00 6.045642e-05)
1.176000e+04	lowerWall	(-7.952340e-02 0.000000e+00 -3.741528e-02)	(-5.922812e-02 0.000000e+00 5.831660e-04)
1.177000e+04	lowerWall	(-7.952385e-02 0.000000e+00 -3.741494e-02)	(-5.922893e-02 0.000000e+00 2.021560e-05)
1.178000e+04	lowerWall	(-7.952367e-02 0.000000e+00 -3.741498e-02)	(-5.922857e-02 0.000000e+00 1.980478e-05)
1.179000e+04	lowerWall	(-7.952355e-02 0.000000e+00 -3.741516e-02)	(-5.922838e-02 0.000000e+00 3.424496e-04)
1.180000e+04	lowerWall	(-7.952382e-02 0.000000e+00 -3.741486e-02)	(-5.922859e-02 0.000000e+00 1.980005e-05)
1.181000e+04	lowerWall	(-7.952389e-02 0.000000e+00 -3.741483e-02)	(-5.922862e-02 0.000000e+00 1.996283e-05)
1.182000e+04	lowerWall	(-7.952356e-02 0.000000e+00 -3.741506e-02)	(-5.922827e-02 0.000000e+00 1.355015e-04)
1.183000e+04	lowerWall	(-7.952354e-02 0.000000e+00 -3.741508e-02)	(-5.922809e-02 0.000000e+00 1.580536e-04)
1.184000e+04	lowerWall	(-7.952351e-02 0.000000e+00 -3.741508e-02)	(-5.922787e-02 0.000000e+00 1.741066e-04)
1.185000e+04	lowerWall	(-7.952350e-02 0.000000e+00 -3.741508e-02)	(-5.922772e-02 0.000000e+00 2.059179e-04)
1.186000e+04	lowerWall	(-7.952362e-02 0.000000e+00 -3.741504e-02)	(-5.922776e-02 0.000000e+00 3.521583e-05)
1.187000e+04	lowerWall	(-7.952362e-02 0.000000e+00 -3.741504e-02)	(-5.922762e-02 0.000000e+00 3.507328e-05)
1.188000e+04	lowerWall	(-7.952366e-02 0.000000e+00 -3.741502e-02)	(-5.922761e-02 0.000000e+00 1.994784e-05)
1.189000e+04	lowerWall	(-7.952337e-02 0.000000e+00 -3.741506e-02)	(-5.922681e-02 0.000000e+00 3.007706e-04)
1.190000e+04	lowerWall	(-7.952334e-02 0.000000e+00 -3.741506e-02)	(-5.922657e-02 0.000000e+00 3.795701e-04)
1.191000e+04	lowerWall	(-7.952315e-02 0.000000e+00 -3.741506e-02)	(-5.922596e-02 0.000000e+00 6.452851e-04)
1.192000e+04	lowerWall	(-7.952364e-02 0.000000e+00 -3.741506e-02)	(-5.922677e-02 0.000000e+00 5.266653e-05)
1.193000e+04	lowerWall	(-7.952349e-02 0.000000e+00 -3.741507e-02)	(-5.922658e-02 0.000000e+00 1.688630e-04)
1.194000e+04	lowerWall	(-7.952342e-02 0.000000e+00 -3.741512e-02)	(-5.922648e-02 0.000000e+00 2.185776e-04)
1.195000e+04	lowerWall	(-7.952336e-02 0.000000e+00 -3.741514e-02)	(-5.922634e-02 0.000000e+00 3.172146e-04)
1.196000e+04	lowerWall	(-7.952330e-02 0.000000e+00 -3.741515e-02)	(-5.922617e-02 0.000000e+00 4.127569e-04)
1.197000e+04	lowerWall	(-7.952374e-02 0.000000e+00 -3.741502e-02)	(-5.922702e-02 0.000000e+00 2.009580e-05)
1.198000e+04	lowerWall	(-7.952377e-02 0.000000e+00 -3.741502e-02)	(-5.922716e-02 0.000000e+00 2.020891e-05)
1.199000e+04	lowerWall	(-7.952386e-02 0.000000e+00 -3.741502e-02)	(-5.922747e-02 0.000000e+00 2.054105e-05)
1.200000e+04	lowerWall	(-7.952401e-02 0.000000e+00 -3.741502e-02)	(-5.922794e-02 0.000000e+00 2.108822e-05)
1.201000e+04	lowerWall	(-7.952427e-02 0.000000e+00 -3.741504e-02)	(-5.922873e-02 0.000000e+00 2.205617e-05)
1.202000e+04	lowerWall	(-7.952330e-02 0.000000e+00 -3.741503e-02)	(-5.922643e-02 0.000000e+00 5.108045e-04)
1.203000e+04	lowerWall	(-7.952378e-02 0.000000e+00 -3.741502e-02)	(-5.922765e-02 0.000000e+00 2.027951e-05)
1.204000e+04	lowerWall	(-7.952378e-02 0.000000e+00 -3.741496e-02)	(-5.922824e-02 0.000000e+00 2.978993e-05)
1.205000e+04	lowerWall	(-7.952337e-02 0.000000e+00 -3.741523e-02)	(-5.922718e-02 0.000000e+00 1.988750e-04)
1.206000e+04	lowerWall	(-7.952322e-02 0.000000e+00 -3.741529e-02)	(-5.922702e-02 0.000000e+00 3.781578e-04)
1.207000e+04	lowerWall	(-7.952395e-02 0.000000e+00 -3.741476e-02)	(-5.922773e-02 0.000000e+00 2.032036e-05)
1.208000e+04	lowerWall	(-7.952359e-02 0.000000e+00 -3.741500e-02)	(-5.922748e-02 0.000000e+00 1.989908e-05)
1.209000e+04	lowerWall	(-7.952360e-02 0.000000e+00 -3.741509e-02)	(-5.922751e-02 0.000000e+00 5.128434e-05)
1.210000e+04	lowerWall	(-7.952359e-02 0.000000e+00 -3.741510e-02)	(-5.922747e-02 0.000000e+00 5.805398e-05)
1.211000e+04	lowerWall	(-7.952358e-02 0.000000e+00 -3.741511e-02)	(-5.922742e-02 0.000000e+00 6.692730e-05)
1.212000e+04	lowerWall	(-7.952357e-02 0.000000e+00 -3.741511e-02)	(-5.922737e-02 0.000000e+00 7.733519e-05)
1.213000e+04	lowerWall	(-7.952363e-02 0.000000e+00 -3.741506e-02)	(-5.922740e-02 0.000000e+00 1.994997e-05)
1.214000e+04	lowerWall	(-7.952364e-02 0.000000e+00 -3.741506e-02)	(-5.922738e-02 0.000000e+00 1.994311e-05)
1.215000e+04	lowerWall	(-7.952353e-02 0.000000e+00 -3.741511e-02)	(-5.922718e-02 0.000000e+00 1.148051e-04)
1.216000e+04	lowerWall	(-7.952353e-02 0.000000e+00 -3.741510e-02)	(-5.922716e-02 0.000000e+00 1.289072e-04)
1.217000e+04	lowerWall	(-7.952351e-02 0.000000e+00 -3.741510e-02)	(-5.922708e-02 0.000000e+00 1.529214e-04)
1.218000e+04	lowerWall	(-7.952349e-02 0.000000e+00 -3.741510e-02)	(-5.922700e-02 0.000000e+00 1.863803e-04)
1.219000e+04	lowerWall	(-7.952347e-02 0.000000e+00 -3.741510e-02)	(-5.922694e-02 0.000000e+00 2.205202e-04)
1.220000e+04	lowerWall	(-7.952343e-02 0.000000e+00 -3.741510e-02)	(-5.922679e-02 0.000000e+00 2.601949e-04)
1.221000e+04	lowerWall	(-7.952368e-02 0.000000e+00 -3.741507e-02)	(-5.922737e-02 0.000000e+00 2.015677e-05)
1.222000e+04	lowerWall	(-7.952369e-02 0.000000e+00 -3.741507e-02)	(-5.922745e-02 0.000000e+00 2.018914e-05)
1.223000e+04	lowerWall	(-7.952370e-02 0.000000e+00 -3.741507e-02)	(-5.922753e-02 0.000000e+00 2.023890e-05)
1.224000e+04	lowerWall	(-7.952359e-02 0.000000e+00 -3.741506e-02)	(-5.922730e-02 0.000000e+00 6.443708e-05)
1.225000e+04	lowerWall	(-7.952373e-02 0.000000e+00 -3.741508e-02)	(-5.922774e-02 0.000000e+00 2.035592e-05)
1.226000e+04	lowerWall	(-7.952374e-02 0.000000e+00 -3.741509e-02)	(-5.922785e-02 0.000000e+00 2.041287e-05)
1.227000e+04	lowerWall	(-7.952361e-02 0.000000e+00 -3.741506e-02)	(-5.922751e-02 0.000000e+00 9.438979e-05)
1.228000e+04	lowerWall	(-7.952358e-02 0.000000e+00 -3.741505e-02)	(-5.922752e-02 0.000000e+00 9.190069e-05)
1.229000e+04	lowerWall	(-7.952364e-02 0.000000e+00 -3.741507e-02)	(-5.922776e-02 0.000000e+00 2.006799e-05)
1.230000e+04	lowerWall	(-7.952365e-02 0.000000e+00 -3.741506e-02)	(-5.922784e-02 0.000000e+00 2.008495e-05)
1.231000e+04	lowerWall	(-7.952365e-02 0.000000e+00 -3.741506e-02)	(-5.922791e-02 0.000000e+00 2.010542e-05)
1.232000e+04	lowerWall	(-7.952366e-02 0.000000e+00 -3.741506e-02)	(-5.922798e-02 0.000000e+00 2.012069e-05)
1.233000e+04	lowerWall	(-7.952364e-02 0.000000e+00 -3.741506e-02)	(-5.922800e-02 0.000000e+00 2.014283e-05)
1.234000e+04	lowerWall	(-7.952362e-02 0.000000e+00 -3.741505e-02)	(-5.922795e-02 0.000000e+00 4.996138e-05)
1.235000e+04	lowerWall	(-7.952371e-02 0.000000e+00 -3.741508e-02)	(-5.922829e-02 0.000000e+00 2.033318e-05)
1.236000e+04	lowerWall	(-7.952372e-02 0.000000e+00 -3.741508e-02)	(-5.922835e-02 0.000000e+00 2.037666e-05)
1.237000e+04	lowerWall	(-7.952373e-02 0.000000e+00 -3.741509e-02)	(-5.922842e-02 0.000000e+00 2.042603e-05)
1.238000e+04	lowerWall	(-7.952362e-02 0.000000e+00 -3.741504e-02)	(-5.922802e-02 0.000000e+00 7.460611e-05)
1.239000e+04	lowerWall	(-7.952361e-02 0.000000e+00 -3.741504e-02)	(-5.922801e-02 0.000000e+00 8.306730e-05)
1.240000e+04	lowerWall	(-7.952365e-02 0.000000e+00 -3.741506e-02)	(-5.922816e-02 0.000000e+00 2.010614e-05)
1.241000e+04	lowerWall	(-7.952364e-02 0.000000e+00 -3.741503e-02)	(-5.922802e-02 0.000000e+00 1.219775e-04)
1.242000e+04	lowerWall	(-7.952364e-02 0.000000e+00 -3.741502e-02)	(-5.922799e-02 0.000000e+00 1.355919e-04)
1.243000e+04	lowerWall	(-7.952366e-02 0.000000e+00 -3.741506e-02)	(-5.922812e-02 0.000000e+00 2.013047e-05)
1.244000e+04	lowerWall	(-7.952366e-02 0.000000e+00 -3.741506e-02)	(-5.922807e-02 0.000000e+00 2.013721e-05)
1.245000e+04	lowerWall	(-7.952366e-02 0.000000e+00 -3.741506e-02)	(-5.922804e-02 0.000000e+00 2.014488e-05)
1.246000e+04	lowerWall	(-7.952366e-02 0.000000e+00 -3.741506e-02)	(-5.922799e-02 0.000000e+00 2.015331e-05)
1.247000e+04	lowerWall	(-7.952366e-02 0.000000e+00 -3.741507e-02)	(-5.922797e-02 0.000000e+00 2.021560e-05)
1.248000e+04	lowerWall	(-7.952364e-02 0.000000e+00 -3.741504e-02)	(-5.922774e-02 0.000000e+00 2.000639e-05)
1.249000e+04	lowerWall	(-7.952366e-02 0.000000e+00 -3.741506e-02)	(-5.922781e-02 0.000000e+00 2.033592e-05)
1.250000e+04	lowerWall	(-7.952366e-02 0.000000e+00 -3.741507e-02)	(-5.922775e-02 0.000000e+00 2.041384e-05)
1.251000e+04	lowerWall	(-7.952362e-02 0.000000e+00 -3.741502e-02)	(-5.922740e-02 0.000000e+00 7.797023e-05)
1.252000e+04	lowerWall	(-7.952362e-02 0.000000e+00 -3.741501e-02)	(-5.922730e-02 0.000000e+00 9.205735e-05)
1.253000e+04	lowerWall	(-7.952366e-02 0.000000e+00 -3.741511e-02)	(-5.922762e-02 0.000000e+00 2.064426e-05)
1.254000e+04	lowerWall	(-7.952367e-02 0.000000e+00 -3.741503e-02)	(-5.922739e-02 0.000000e+00 2.009245e-05)
1.255000e+04	lowerWall	(-7.952397e-02 0.000000e+00 -3.741509e-02)	(-5.922833e-02 0.000000e+00 2.144506e-05)
1.256000e+04	lowerWall	(-7.952387e-02 0.000000e+00 -3.741517e-02)	(-5.922845e-02 0.000000e+00 2.273898e-05)
1.257000e+04	lowerWall	(-7.952339e-02 0.000000e+00 -3.741492e-02)	(-5.922609e-02 0.000000e+00 6.248665e-04)
1.258000e+04	lowerWall	(-7.952376e-02 0.000000e+00 -3.741507e-02)	(-5.922755e-02 0.000000e+00 2.065905e-05)
1.259000e+04	lowerWall	(-7.952358e-02 0.000000e+00 -3.741498e-02)	(-5.922674e-02 0.000000e+00 2.021251e-04)
1.260000e+04	lowerWall	(-7.952362e-02 0.000000e+00 -3.741497e-02)	(-5.922686e-02 0.000000e+00 2.656962e-04)
1.261000e+04	lowerWall	(-7.952362e-02 0.000000e+00 -3.741496e-02)	(-5.922688e-02 0.000000e+00 3.158335e-04)
1.262000e+04	lowerWall	(-7.952362e-02 0.000000e+00 -3.741495e-02)	(-5.922691e-02 0.000000e+00 3.804868e-04)
1.263000e+04	lowerWall	(-7.952362e-02 0.000000e+00 -3.741493e-02)	(-5.922694e-02 0.000000e+00 4.587051e-04)
1.264000e+04	lowerWall	(-7.952345e-02 0.000000e+00 -3.741488e-02)	(-5.922635e-02 0.000000e+00 6.526847e-04)
1.265000e+04	lowerWall	(-7.952377e-02 0.000000e+00 -3.741510e-02)	(-5.922803e-02 0.000000e+00 2.061462e-05)
1.266000e+04	lowerWall	(-7.952378e-02 0.000000e+00 -3.741512e-02)	(-5.922815e-02 0.000000e+00 2.085592e-05)
1.267000e+04	lowerWall	(-7.952384e-02 0.000000e+00 -3.741516e-02)	(-5.922848e-02 0.000000e+00 2.109884e-05)
1.268000e+04	lowerWall	(-7.952359e-02 0.000000e+00 -3.741504e-02)	(-5.922759e-02 0.000000e+00 5.176051e-05)
1.269000e+04	lowerWall	(-7.952376e-02 0.000000e+00 -3.741508e-02)	(-5.922819e-02 0.000000e+00 2.047812e-05)
1.270000e+04	lowerWall	(-7.952384e-02 0.000000e+00 -3.741511e-02)	(-5.922851e-02 0.000000e+00 2.085988e-05)
1.271000e+04	lowerWall	(-7.952358e-02 0.000000e+00 -3.741503e-02)	(-5.922765e-02 0.000000e+00 1.505988e-04)
1.272000e+04	lowerWall	(-7.952367e-02 0.000000e+00 -3.741506e-02)	(-5.922803e-02 0.000000e+00 2.007606e-05)
1.273000e+04	lowerWall	(-7.952355e-02 0.000000e+00 -3.741501e-02)	(-5.922761e-02 0.000000e+00 1.863073e-04)
1.274000e+04	lowerWall	(-7.952352e-02 0.000000e+00 -3.741498e-02)	(-5.922739e-02 0.000000e+00 3.057976e-04)
1.275000e+04	lowerWall	(-7.952370e-02 0.000000e+00 -3.741508e-02)	(-5.922811e-02 0.000000e+00 2.021440e-05)
1.276000e+04	lowerWall	(-7.952363e-02 0.000000e+00 -3.741503e-02)	(-5.922777e-02 0.000000e+00 5.608451e-05)
1.277000e+04	lowerWall	(-7.952368e-02 0.000000e+00 -3.741507e-02)	(-5.922797e-02 0.000000e+00 2.012234e-05)
1.278000e+04	lowerWall	(-7.952368e-02 0.000000e+00 -3.741507e-02)	(-5.922793e-02 0.000000e+00 2.015333e-05)
1.279000e+04	lowerWall	(-7.952366e-02 0.000000e+00 -3.741509e-02)	(-5.922780e-02 0.000000e+00 2.020276e-05)
1.280000e+04	lowerWall	(-7.952370e-02 0.000000e+00 -3.741509e-02)	(-5.922786e-02 0.000000e+00 2.023160e-05)
1.281000e+04	lowerWall	(-7.952362e-02 0.000000e+00 -3.741502e-02)	(-5.922741e-02 0.000000e+00 6.857557e-05)
1.282000e+04	lowerWall	(-7.952336e-02 0.000000e+00 -3.741477e-02)	(-5.922598e-02 0.000000e+00 6.791818e-04)
1.283000e+04	lowerWall	(-7.952343e-02 0.000000e+00 -3.741474e-02)	(-5.922589e-02 0.000000e+00 8.463333e-04)
1.284000e+04	lowerWall	(-7.952375e-02 0.000000e+00 -3.741516e-02)	(-5.922788e-02 0.000000e+00 2.083884e-05)
1.285000e+04	lowerWall	(-7.952360e-02 0.000000e+00 -3.741494e-02)	(-5.922675e-02 0.000000e+00 2.089141e-04)
1.286000e+04	lowerWall	(-7.952359e-02 0.000000e+00 -3.741491e-02)	(-5.922661e-02 0.000000e+00 2.585842e-04)
1.287000e+04	lowerWall	(-7.952358e-02 0.000000e+00 -3.741486e-02)	(-5.922639e-02 0.000000e+00 4.128873e-04)
1.288000e+04	lowerWall	(-7.952365e-02 0.000000e+00 -3.741497e-02)	(-5.922689e-02 0.000000e+00 6.573261e-05)
1.289000e+04	lowerWall	(-7.952363e-02 0.000000e+00 -3.741498e-02)	(-5.922687e-02 0.000000e+00 7.160342e-05)
1.290000e+04	lowerWall	(-7.952379e-02 0.000000e+00 -3.741499e-02)	(-5.922737e-02 0.000000e+00 2.028685e-05)
1.291000e+04	lowerWall	(-7.952373e-02 0.000000e+00 -3.741498e-02)	(-5.922724e-02 0.000000e+00 1.983030e-05)
1.292000e+04	lowerWall	(-7.952350e-02 0.000000e+00 -3.741500e-02)	(-5.922670e-02 0.000000e+00 1.947518e-04)
1.293000e+04	lowerWall	(-7.952371e-02 0.000000e+00 -3.741498e-02)	(-5.922729e-02 0.000000e+00 1.992402e-05)
1.294000e+04	lowerWall	(-7.952372e-02 0.000000e+00 -3.741499e-02)	(-5.922743e-02 0.000000e+00 1.997358e-05)
1.295000e+04	lowerWall	(-7.952374e-02 0.000000e+00 -3.741499e-02)	(-5.922758e-02 0.000000e+00 2.003443e-05)
1.296000e+04	lowerWall	(-7.952376e-02 0.000000e+00 -3.741500e-02)	(-5.922776e-02 0.000000e+00 2.010762e-05)
1.297000e+04	lowerWall	(-7.952378e-02 0.000000e+00 -3.741502e-02)	(-5.922793e-02 0.000000e+00 2.019153e-05)
1.298000e+04	lowerWall	(-7.952379e-02 0.000000e+00 -3.741503e-02)	(-5.922811e-02 0.000000e+00 2.029269e-05)
1.299000e+04	lowerWall	(-7.952384e-02 0.000000e+00 -3.741506e-02)	(-5.917581e-02 0.000000e+00 2.041401e-05)
1.300000e+04	lowerWall	(-7.952362e-02 0.000000e+00 -3.741499e-02)	(-5.911626e-02 0.000000e+00 1.116972e-04)
1.301000e+04	lowerWall	(-7.952361e-02 0.000000e+00 -3.741499e-02)	(-5.908775e-02 0.000000e+00 1.329619e-04)
1.302000e+04	lowerWall	(-7.952359e-02 0.000000e+00 -3.741498e-02)	(-5.914457e-02 0.000000e+00 1.561531e-04)
1.303000e+04	lowerWall	(-7.952371e-02 0.000000e+00 -3.741503e-02)	(-5.917123e-02 0.000000e+00 1.987968e-05)
1.304000e+04	lowerWall	(-7.952369e-02 0.000000e+00 -3.741503e-02)	(-5.922809e-02 0.000000e+00 1.991467e-05)
1.305000e+04	lowerWall	(-7.952366e-02 0.000000e+00 -3.741501e-02)	(-5.922797e-02 0.000000e+00 5.009385e-05)
1.306000e+04	lowerWall	(-7.952366e-02 0.000000e+00 -3.741500e-02)	(-5.922796e-02 0.000000e+00 5.500572e-05)
1.307000e+04	lowerWall	(-7.952365e-02 0.000000e+00 -3.741500e-02)	(-5.922791e-02 0.000000e+00 7.322219e-05)
1.308000e+04	lowerWall	(-7.952364e-02 0.000000e+00 -3.741499e-02)	(-5.922784e-02 0.000000e+00 1.043933e-04)
1.309000e+04	lowerWall	(-7.952364e-02 0.000000e+00 -3.741498e-02)	(-5.922778e-02 0.000000e+00 1.229946e-04)
1.310000e+04	lowerWall	(-7.952369e-02 0.000000e+00 -3.741502e-02)	(-5.922800e-02 0.000000e+00 1.977515e-05)
1.311000e+04	lowerWall	(-7.952362e-02 0.000000e+00 -3.741497e-02)	(-5.922765e-02 0.000000e+00 1.790947e-04)
1.312000e+04	lowerWall	(-7.952369e-02 0.000000e+00 -3.741503e-02)	(-5.922797e-02 0.000000e+00 1.980275e-05)
1.313000e+04	lowerWall	(-7.952369e-02 0.000000e+00 -3.741503e-02)	(-5.922796e-02 0.000000e+00 1.983566e-05)
1.314000e+04	lowerWall	(-7.952371e-02 0.000000e+00 -3.741503e-02)	(-5.922798e-02 0.000000e+00 1.988332e-05)
1.315000e+04	lowerWall	(-7.952372e-02 0.000000e+00 -3.741504e-02)	(-5.922801e-02 0.000000e+00 1.992869e-05)
1.316000e+04	lowerWall	(-7.952373e-02 0.000000e+00 -3.741504e-02)	(-5.922803e-02 0.000000e+00 1.997262e-05)
1.317000e+04	lowerWall	(-7.952365e-02 0.000000e+00 -3.741500e-02)	(-5.922769e-02 0.000000e+00 8.959451e-05)
1.318000e+04	lowerWall	(-7.952365e-02 0.000000e+00 -3.741500e-02)	(-5.922765e-02 0.000000e+00 1.015729e-04)
1.319000e+04	lowerWall	(-7.952364e-02 0.000000e+00 -3.741500e-02)	(-5.922763e-02 0.000000e+00 1.154941e-04)
1.320000e+04	lowerWall	(-7.952364e-02 0.000000e+00 -3.741499e-02)	(-5.922758e-02 0.000000e+00 1.323933e-04)
1.321000e+04	lowerWall	(-7.952367e-02 0.000000e+00 -3.741502e-02)	(-5.922774e-02 0.000000e+00 1.972613e-05)
1.322000e+04	lowerWall	(-7.952369e-02 0.000000e+00 -3.741503e-02)	(-5.922779e-02 0.000000e+00 1.977760e-05)
1.323000e+04	lowerWall	(-7.952370e-02 0.000000e+00 -3.741503e-02)	(-5.922780e-02 0.000000e+00 1.979796e-05)
1.324000e+04	lowerWall	(-7.952365e-02 0.000000e+00 -3.741501e-02)	(-5.922763e-02 0.000000e+00 6.663250e-05)
1.325000e+04	lowerWall	(-7.952365e-02 0.000000e+00 -3.741501e-02)	(-5.922760e-02 0.000000e+00 8.699256e-05)
1.326000e+04	lowerWall	(-7.952367e-02 0.000000e+00 -3.741502e-02)	(-5.922768e-02 0.000000e+00 4.827933e-05)
1.327000e+04	lowerWall	(-7.952364e-02 0.000000e+00 -3.741500e-02)	(-5.922754e-02 0.000000e+00 1.405616e-04)
1.328000e+04	lowerWall	(-7.952367e-02 0.000000e+00 -3.741502e-02)	(-5.922769e-02 0.000000e+00 1.969245e-05)
1.329000e+04	lowerWall	(-7.952367e-02 0.000000e+00 -3.741503e-02)	(-5.922769e-02 0.000000e+00 1.969859e-05)
1.330000e+04	lowerWall	(-7.952367e-02 0.000000e+00 -3.741503e-02)	(-5.922768e-02 0.000000e+00 1.970458e-05)
1.331000e+04	lowerWall	(-7.952367e-02 0.000000e+00 -3.741503e-02)	(-5.922769e-02 0.000000e+00 1.971072e-05)
1.332000e+04	lowerWall	(-7.952366e-02 0.000000e+00 -3.741502e-02)	(-5.922762e-02 0.000000e+00 5.870557e-05)
1.333000e+04	lowerWall	(-7.952366e-02 0.000000e+00 -3.741502e-02)	(-5.922761e-02 0.000000e+00 6.159827e-05)
1.334000e+04	lowerWall	(-7.952366e-02 0.000000e+00 -3.741502e-02)	(-5.922761e-02 0.000000e+00 6.637034e-05)
1.335000e+04	lowerWall	(-7.952366e-02 0.000000e+00 -3.741502e-02)	(-5.922761e-02 0.000000e+00 7.335834e-05)
1.336000e+04	lowerWall	(-7.952366e-02 0.000000e+00 -3.741502e-02)	(-5.922761e-02 0.000000e+00 8.142583e-05)
1.337000e+04	lowerWall	(-7.952366e-02 0.000000e+00 -3.741502e-02)	(-5.922761e-02 0.000000e+00 9.043518e-05)
1.338000e+04	lowerWall	(-7.952366e-02 0.000000e+00 -3.741501e-02)	(-5.922761e-02 0.000000e+00 1.007770e-04)
1.339000e+04	lowerWall	(-7.952366e-02 0.000000e+00 -3.741503e-02)	(-5.922766e-02 0.000000e+00 1.964764e-05)
1.340000e+04	lowerWall	(-7.952365e-02 0.000000e+00 -3.741503e-02)	(-5.922766e-02 0.000000e+00 1.964875e-05)
1.341000e+04	lowerWall	(-7.952365e-02 0.000000e+00 -3.741503e-02)	(-5.922767e-02 0.000000e+00 1.964983e-05)
1.342000e+04	lowerWall	(-7.952365e-02 0.000000e+00 -3.741503e-02)	(-5.922767e-02 0.000000e+00 1.965138e-05)
1.343000e+04	lowerWall	(-7.952365e-02 0.000000e+00 -3.741503e-02)	(-5.922768e-02 0.000000e+00 1.965252e-05)
1.344000e+04	lowerWall	(-7.952365e-02 0.000000e+00 -3.741503e-02)	(-5.922768e-02 0.000000e+00 1.965219e-05)
1.345000e+04	lowerWall	(-7.952365e-02 0.000000e+00 -3.741504e-02)	(-5.922769e-02 0.000000e+00 1.965562e-05)
1.346000e+04	lowerWall	(-7.952365e-02 0.000000e+00 -3.741503e-02)	(-5.922767e-02 0.000000e+00 5.447853e-05)
1.347000e+04	lowerWall	(-7.952366e-02 0.000000e+00 -3.741503e-02)	(-5.922767e-02 0.000000e+00 5.886066e-05)
1.348000e+04	lowerWall	(-7.952366e-02 0.000000e+00 -3.741503e-02)	(-5.922767e-02 0.000000e+00 6.338592e-05)
1.349000e+04	lowerWall	(-7.952366e-02 0.000000e+00 -3.741503e-02)	(-5.922768e-02 0.000000e+00 6.820803e-05)
1.350000e+04	lowerWall	(-7.952366e-02 0.000000e+00 -3.741502e-02)	(-5.922768e-02 0.000000e+00 7.358195e-05)
1.351000e+04	lowerWall	(-7.952366e-02 0.000000e+00 -3.741502e-02)	(-5.922768e-02 0.000000e+00 7.865766e-05)
1.352000e+04	lowerWall	(-7.952366e-02 0.000000e+00 -3.741502e-02)	(-5.922768e-02 0.000000e+00 8.918971e-05)
1.353000e+04	lowerWall	(-7.952365e-02 0.000000e+00 -3.741503e-02)	(-5.922770e-02 0.000000e+00 2.209206e-05)
1.354000e+04	lowerWall	(-7.952365e-02 0.000000e+00 -3.741503e-02)	(-5.922770e-02 0.000000e+00 1.986732e-05)
1.355000e+04	lowerWall	(-7.952365e-02 0.000000e+00 -3.741503e-02)	(-5.922770e-02 0.000000e+00 1.962946e-05)
1.356000e+04	lowerWall	(-7.952365e-02 0.000000e+00 -3.741503e-02)	(-5.922770e-02 0.000000e+00 1.963046e-05)
1.357000e+04	lowerWall	(-7.952365e-02 0.000000e+00 -3.741503e-02)	(-5.922770e-02 0.000000e+00 1.963002e-05)
1.358000e+04	lowerWall	(-7.952365e-02 0.000000e+00 -3.741503e-02)	(-5.922771e-02 0.000000e+00 1.962801e-05)
1.359000e+04	lowerWall	(-7.952365e-02 0.000000e+00 -3.741503e-02)	(-5.922770e-02 0.000000e+00 4.994307e-05)
1.360000e+04	lowerWall	(-7.952365e-02 0.000000e+00 -3.741503e-02)	(-5.922771e-02 0.000000e+00 5.280104e-05)
1.361000e+04	lowerWall	(-7.952365e-02 0.000000e+00 -3.741503e-02)	(-5.922771e-02 0.000000e+00 5.547091e-05)
1.362000e+04	lowerWall	(-7.952365e-02 0.000000e+00 -3.741503e-02)	(-5.922771e-02 0.000000e+00 5.822074e-05)
1.363000e+04	lowerWall	(-7.952365e-02 0.000000e+00 -3.741503e-02)	(-5.922771e-02 0.000000e+00 6.086941e-05)
1.364000e+04	lowerWall	(-7.952365e-02 0.000000e+00 -3.741503e-02)	(-5.922771e-02 0.000000e+00 6.337185e-05)
1.365000e+04	lowerWall	(-7.952366e-02 0.000000e+00 -3.741503e-02)	(-5.922771e-02 0.000000e+00 6.577037e-05)
1.366000e+04	lowerWall	(-7.952366e-02 0.000000e+00 -3.741503e-02)	(-5.922771e-02 0.000000e+00 6.841494e-05)
1.367000e+04	lowerWall	(-7.952366e-02 0.000000e+00 -3.741503e-02)	(-5.922771e-02 0.000000e+00 7.062838e-05)
1.368000e+04	lowerWall	(-7.952366e-02 0.000000e+00 -3.741503e-02)	(-5.922771e-02 0.000000e+00 7.258489e-05)
1.369000e+04	lowerWall	(-7.952366e-02 0.000000e+00 -3.741503e-02)	(-5.922771e-02 0.000000e+00 8.336198e-05)
1.370000e+04	lowerWall	(-7.952365e-02 0.000000e+00 -3.741503e-02)	(-5.922771e-02 0.000000e+00 2.185942e-05)
1.371000e+04	lowerWall	(-7.952365e-02 0.000000e+00 -3.741503e-02)	(-5.922771e-02 0.000000e+00 2.228174e-05)
1.372000e+04	lowerWall	(-7.952365e-02 0.000000e+00 -3.741503e-02)	(-5.922771e-02 0.000000e+00 2.216487e-05)
1.373000e+04	lowerWall	(-7.952365e-02 0.000000e+00 -3.741503e-02)	(-5.922771e-02 0.000000e+00 2.153489e-05)
1.374000e+04	lowerWall	(-7.952365e-02 0.000000e+00 -3.741503e-02)	(-5.922771e-02 0.000000e+00 2.168598e-05)
1.375000e+04	lowerWall	(-7.952365e-02 0.000000e+00 -3.741503e-02)	(-5.922771e-02 0.000000e+00 2.061359e-05)
1.376000e+04	lowerWall	(-7.952365e-02 0.000000e+00 -3.741503e-02)	(-5.922771e-02 0.000000e+00 2.312842e-05)
1.377000e+04	lowerWall	(-7.952365e-02 0.000000e+00 -3.741503e-02)	(-5.922771e-02 0.000000e+00 2.102853e-05)
1.378000e+04	lowerWall	(-7.952365e-02 0.000000e+00 -3.741503e-02)	(-5.922771e-02 0.000000e+00 4.550366e-05)
1.379000e+04	lowerWall	(-7.952365e-02 0.000000e+00 -3.741503e-02)	(-5.922771e-02 0.000000e+00 4.420259e-05)
1.380000e+04	lowerWall	(-7.952365e-02 0.000000e+00 -3.741503e-02)	(-5.922771e-02 0.000000e+00 4.590573e-05)
1.381000e+04	lowerWall	(-7.952365e-02 0.000000e+00 -3.741503e-02)	(-5.922771e-02 0.000000e+00 4.761223e-05)
1.382000e+04	lowerWall	(-7.952365e-02 0.000000e+00 -3.741503e-02)	(-5.922771e-02 0.000000e+00 4.922140e-05)
1.383000e+04	lowerWall	(-7.952365e-02 0.000000e+00 -3.741503e-02)	(-5.922771e-02 0.000000e+00 5.038772e-05)
1.384000e+04	lowerWall	(-7.952365e-02 0.000000e+00 -3.741503e-02)	(-5.922771e-02 0.000000e+00 5.420837e-05)
1.385000e+04	lowerWall	(-7.952365e-02 0.000000e+00 -3.741503e-02)	(-5.922770e-02 0.000000e+00 5.480031e-05)
1.386000e+04	lowerWall	(-7.952365e-02 0.000000e+00 -3.741503e-02)	(-5.922770e-02 0.000000e+00 5.457395e-05)
1.387000e+04	lowerWall	(-7.952365e-02 0.000000e+00 -3.741503e-02)	(-5.922770e-02 0.000000e+00 6.338458e-05)
1.388000e+04	lowerWall	(-7.952365e-02 0.000000e+00 -3.741503e-02)	(-5.922770e-02 0.000000e+00 3.365771e-05)
1.389000e+04	lowerWall	(-7.952365e-02 0.000000e+00 -3.741503e-02)	(-5.922770e-02 0.000000e+00 6.183484e-05)
1.390000e+04	lowerWall	(-7.952365e-02 0.000000e+00 -3.741503e-02)	(-5.922770e-02 0.000000e+00 3.097856e-05)
1.391000e+04	lowerWall	(-7.952365e-02 0.000000e+00 -3.741503e-02)	(-5.922770e-02 0.000000e+00 3.293391e-05)
1.392000e+04	lowerWall	(-7.952365e-02 0.000000e+00 -3.741503e-02)	(-5.922770e-02 0.000000e+00 3.471383e-05)
1.393000e+04	lowerWall	(-7.952365e-02 0.000000e+00 -3.741503e-02)	(-5.922769e-02 0.000000e+00 4.263530e-05)
1.394000e+04	lowerWall	(-7.952365e-02 0.000000e+00 -3.741503e-02)	(-5.922769e-02 0.000000e+00 4.382350e-05)
1.395000e+04	lowerWall	(-7.952365e-02 0.000000e+00 -3.741503e-02)	(-5.922769e-02 0.000000e+00 3.817466e-05)
1.396000e+04	lowerWall	(-7.952365e-02 0.000000e+00 -3.741503e-02)	(-5.922769e-02 0.000000e+00 3.735193e-05)
1.397000e+04	lowerWall	(-7.952365e-02 0.000000e+00 -3.741503e-02)	(-5.922769e-02 0.000000e+00 3.648942e-05)
1.398000e+04	lowerWall	(-7.952365e-02 0.000000e+00 -3.741503e-02)	(-5.922769e-02 0.000000e+00 3.521499e-05)
1.399000e+04	lowerWall	(-7.952365e-02 0.000000e+00 -3.741503e-02)	(-5.922769e-02 0.000000e+00 3.353971e-05)
1.400000e+04	lowerWall	(-7.952365e-02 0.000000e+00 -3.741503e-02)	(-5.922769e-02 0.000000e+00 5.542063e-05)
1.401000e+04	lowerWall	(-7.952365e-02 0.000000e+00 -3.741503e-02)	(-5.922769e-02 0.000000e+00 5.575772e-05)
1.402000e+04	lowerWall	(-7.952364e-02 0.000000e+00 -3.741503e-02)	(-5.922768e-02 0.000000e+00 1.961875e-05)
1.403000e+04	lowerWall	(-7.952364e-02 0.000000e+00 -3.741503e-02)	(-5.922768e-02 0.000000e+00 1.961888e-05)
1.404000e+04	lowerWall	(-7.952365e-02 0.000000e+00 -3.741503e-02)	(-5.922769e-02 0.000000e+00 5.757636e-05)
1.405000e+04	lowerWall	(-7.952365e-02 0.000000e+00 -3.741503e-02)	(-5.922768e-02 0.000000e+00 8.381185e-05)
1.406000e+04	lowerWall	(-7.952365e-02 0.000000e+00 -3.741503e-02)	(-5.922768e-02 0.000000e+00 2.941328e-05)
1.407000e+04	lowerWall	(-7.952365e-02 0.000000e+00 -3.741503e-02)	(-5.922768e-02 0.000000e+00 2.899629e-05)
1.408000e+04	lowerWall	(-7.952365e-02 0.000000e+00 -3.741503e-02)	(-5.922768e-02 0.000000e+00 5.431218e-05)
1.409000e+04	lowerWall	(-7.952365e-02 0.000000e+00 -3.741503e-02)	(-5.922768e-02 0.000000e+00 6.149689e-05)
1.410000e+04	lowerWall	(-7.952365e-02 0.000000e+00 -3.741503e-02)	(-5.922768e-02 0.000000e+00 5.444979e-05)
1.411000e+04	lowerWall	(-7.952365e-02 0.000000e+00 -3.741503e-02)	(-5.922767e-02 0.000000e+00 5.497174e-05)
1.412000e+04	lowerWall	(-7.952365e-02 0.000000e+00 -3.741503e-02)	(-5.922767e-02 0.000000e+00 5.493300e-05)
1.413000e+04	lowerWall	(-7.952365e-02 0.000000e+00 -3.741503e-02)	(-5.922767e-02 0.000000e+00 5.476045e-05)
1.414000e+04	lowerWall	(-7.952365e-02 0.000000e+00 -3.741503e-02)	(-5.922766e-02 0.000000e+00 5.359068e-05)
1.415000e+04	lowerWall	(-7.952365e-02 0.000000e+00 -3.741503e-02)	(-5.922766e-02 0.000000e+00 5.183819e-05)
1.416000e+04	lowerWall	(-7.952365e-02 0.000000e+00 -3.741503e-02)	(-5.922766e-02 0.000000e+00 4.947657e-05)
1.417000e+04	lowerWall	(-7.952365e-02 0.000000e+00 -3.741503e-02)	(-5.922766e-02 0.000000e+00 4.954667e-05)
1.418000e+04	lowerWall	(-7.952365e-02 0.000000e+00 -3.741503e-02)	(-5.922765e-02 0.000000e+00 5.169858e-05)
1.419000e+04	lowerWall	(-7.952365e-02 0.000000e+00 -3.741503e-02)	(-5.922765e-02 0.000000e+00 4.436214e-05)
1.420000e+04	lowerWall	(-7.952364e-02 0.000000e+00 -3.741503e-02)	(-5.922765e-02 0.000000e+00 3.725167e-05)
1.421000e+04	lowerWall	(-7.952365e-02 0.000000e+00 -3.741503e-02)	(-5.922764e-02 0.000000e+00 6.737927e-05)
1.422000e+04	lowerWall	(-7.952365e-02 0.000000e+00 -3.741503e-02)	(-5.922764e-02 0.000000e+00 6.752457e-05)
1.423000e+04	lowerWall	(-7.952365e-02 0.000000e+00 -3.741503e-02)	(-5.922763e-02 0.000000e+00 6.400441e-05)
1.424000e+04	lowerWall	(-7.952365e-02 0.000000e+00 -3.741503e-02)	(-5.922763e-02 0.000000e+00 6.226462e-05)
1.425000e+04	lowerWall	(-7.952365e-02 0.000000e+00 -3.741503e-02)	(-5.922763e-02 0.000000e+00 6.039979e-05)
1.426000e+04	lowerWall	(-7.952365e-02 0.000000e+00 -3.741503e-02)	(-5.922762e-02 0.000000e+00 6.274887e-05)
1.427000e+04	lowerWall	(-7.952362e-02 0.000000e+00 -3.741506e-02)	(-5.922762e-02 0.000000e+00 1.963402e-05)
1.428000e+04	lowerWall	(-7.952366e-02 0.000000e+00 -3.741503e-02)	(-5.922762e-02 0.000000e+00 6.556657e-05)
1.429000e+04	lowerWall	(-7.952366e-02 0.000000e+00 -3.741503e-02)	(-5.922761e-02 0.000000e+00 6.465235e-05)
1.430000e+04	lowerWall	(-7.952366e-02 0.000000e+00 -3.741503e-02)	(-5.922760e-02 0.000000e+00 6.296499e-05)
1.431000e+04	lowerWall	(-7.952364e-02 0.000000e+00 -3.741504e-02)	(-5.922759e-02 0.000000e+00 3.108741e-05)
1.432000e+04	lowerWall	(-7.952365e-02 0.000000e+00 -3.741503e-02)	(-5.922759e-02 0.000000e+00 6.743857e-05)
1.433000e+04	lowerWall	(-7.952366e-02 0.000000e+00 -3.741503e-02)	(-5.922759e-02 0.000000e+00 7.662005e-05)
1.434000e+04	lowerWall	(-7.952367e-02 0.000000e+00 -3.741503e-02)	(-5.922758e-02 0.000000e+00 7.945753e-05)
1.435000e+04	lowerWall	(-7.952366e-02 0.000000e+00 -3.741503e-02)	(-5.922756e-02 0.000000e+00 8.128375e-05)
1.436000e+04	lowerWall	(-7.952367e-02 0.000000e+00 -3.741502e-02)	(-5.922755e-02 0.000000e+00 8.376275e-05)
1.437000e+04	lowerWall	(-7.952367e-02 0.000000e+00 -3.741502e-02)	(-5.922754e-02 0.000000e+00 8.701994e-05)
1.438000e+04	lowerWall	(-7.952367e-02 0.000000e+00 -3.741502e-02)	(-5.922754e-02 0.000000e+00 9.123305e-05)
1.439000e+04	lowerWall	(-7.952368e-02 0.000000e+00 -3.741502e-02)	(-5.922752e-02 0.000000e+00 1.032298e-04)
1.440000e+04	lowerWall	(-7.952368e-02 0.000000e+00 -3.741501e-02)	(-5.922752e-02 0.000000e+00 1.216686e-04)
1.441000e+04	lowerWall	(-7.952369e-02 0.000000e+00 -3.741501e-02)	(-5.922751e-02 0.000000e+00 1.452394e-04)
1.442000e+04	lowerWall	(-7.952364e-02 0.000000e+00 -3.741503e-02)	(-5.922747e-02 0.000000e+00 1.959694e-05)
1.443000e+04	lowerWall	(-7.952363e-02 0.000000e+00 -3.741503e-02)	(-5.922746e-02 0.000000e+00 1.960860e-05)
1.444000e+04	lowerWall	(-7.952371e-02 0.000000e+00 -3.741500e-02)	(-5.922750e-02 0.000000e+00 1.874747e-04)
1.445000e+04	lowerWall	(-7.952362e-02 0.000000e+00 -3.741503e-02)	(-5.922745e-02 0.000000e+00 1.985278e-05)
1.446000e+04	lowerWall	(-7.952362e-02 0.000000e+00 -3.741503e-02)	(-5.922744e-02 0.000000e+00 1.960482e-05)
1.447000e+04	lowerWall	(-7.952361e-02 0.000000e+00 -3.741504e-02)	(-5.922743e-02 0.000000e+00 1.960454e-05)
1.448000e+04	lowerWall	(-7.952360e-02 0.000000e+00 -3.741505e-02)	(-5.922742e-02 0.000000e+00 1.960419e-05)
1.449000e+04	lowerWall	(-7.952360e-02 0.000000e+00 -3.741505e-02)	(-5.922742e-02 0.000000e+00 1.960261e-05)
1.450000e+04	lowerWall	(-7.952358e-02 0.000000e+00 -3.741506e-02)	(-5.922741e-02 0.000000e+00 1.960128e-05)
1.451000e+04	lowerWall	(-7.952357e-02 0.000000e+00 -3.741507e-02)	(-5.922741e-02 0.000000e+00 1.959864e-05)
1.452000e+04	lowerWall	(-7.952346e-02 0.000000e+00 -3.741509e-02)	(-5.922739e-02 0.000000e+00 1.978601e-05)
1.453000e+04	lowerWall	(-7.952362e-02 0.000000e+00 -3.741509e-02)	(-5.922761e-02 0.000000e+00 1.979705e-05)
1.454000e+04	lowerWall	(-7.952361e-02 0.000000e+00 -3.741511e-02)	(-5.922765e-02 0.000000e+00 1.982276e-05)
1.455000e+04	lowerWall	(-7.952365e-02 0.000000e+00 -3.741507e-02)	(-5.922762e-02 0.000000e+00 3.289948e-05)
1.456000e+04	lowerWall	(-7.952364e-02 0.000000e+00 -3.741500e-02)	(-5.922735e-02 0.000000e+00 2.228156e-04)
1.457000e+04	lowerWall	(-7.952363e-02 0.000000e+00 -3.741498e-02)	(-5.922729e-02 0.000000e+00 2.730536e-04)
1.458000e+04	lowerWall	(-7.952364e-02 0.000000e+00 -3.741507e-02)	(-5.922761e-02 0.000000e+00 1.975080e-05)
1.459000e+04	lowerWall	(-7.952363e-02 0.000000e+00 -3.741507e-02)	(-5.922760e-02 0.000000e+00 1.975567e-05)
1.460000e+04	lowerWall	(-7.952362e-02 0.000000e+00 -3.741507e-02)	(-5.922759e-02 0.000000e+00 1.976618e-05)
1.461000e+04	lowerWall	(-7.952362e-02 0.000000e+00 -3.741508e-02)	(-5.922760e-02 0.000000e+00 1.977511e-05)
1.462000e+04	lowerWall	(-7.952362e-02 0.000000e+00 -3.741508e-02)	(-5.922758e-02 0.000000e+00 1.978723e-05)
1.463000e+04	lowerWall	(-7.952376e-02 0.000000e+00 -3.741487e-02)	(-5.922711e-02 0.000000e+00 7.175211e-04)
1.464000e+04	lowerWall	(-7.952376e-02 0.000000e+00 -3.741479e-02)	(-5.922684e-02 0.000000e+00 9.189549e-04)
1.465000e+04	lowerWall	(-7.952359e-02 0.000000e+00 -3.741509e-02)	(-5.922752e-02 0.000000e+00 1.984606e-05)
1.466000e+04	lowerWall	(-7.952367e-02 0.000000e+00 -3.741497e-02)	(-5.922727e-02 0.000000e+00 1.568922e-04)
1.467000e+04	lowerWall	(-7.952368e-02 0.000000e+00 -3.741496e-02)	(-5.922724e-02 0.000000e+00 1.929035e-04)
1.468000e+04	lowerWall	(-7.952372e-02 0.000000e+00 -3.741494e-02)	(-5.922722e-02 0.000000e+00 2.952954e-04)
1.469000e+04	lowerWall	(-7.952363e-02 0.000000e+00 -3.741501e-02)	(-5.922730e-02 0.000000e+00 1.964076e-05)
1.470000e+04	lowerWall	(-7.952362e-02 0.000000e+00 -3.741502e-02)	(-5.922730e-02 0.000000e+00 1.965588e-05)
1.471000e+04	lowerWall	(-7.952361e-02 0.000000e+00 -3.741503e-02)	(-5.922732e-02 0.000000e+00 1.967179e-05)
1.472000e+04	lowerWall	(-7.952359e-02 0.000000e+00 -3.741505e-02)	(-5.922731e-02 0.000000e+00 1.968906e-05)
1.473000e+04	lowerWall	(-7.952358e-02 0.000000e+00 -3.741506e-02)	(-5.922734e-02 0.000000e+00 1.971071e-05)
1.474000e+04	lowerWall	(-7.952357e-02 0.000000e+00 -3.741508e-02)	(-5.922740e-02 0.000000e+00 1.973289e-05)
1.475000e+04	lowerWall	(-7.952356e-02 0.000000e+00 -3.741509e-02)	(-5.922746e-02 0.000000e+00 1.975976e-05)
1.476000e+04	lowerWall	(-7.952356e-02 0.000000e+00 -3.741512e-02)	(-5.922759e-02 0.000000e+00 1.976025e-05)
1.477000e+04	lowerWall	(-7.952367e-02 0.000000e+00 -3.741500e-02)	(-5.922751e-02 0.000000e+00 1.492301e-04)
1.478000e+04	lowerWall	(-7.952369e-02 0.000000e+00 -3.741501e-02)	(-5.922756e-02 0.000000e+00 1.428618e-04)
1.479000e+04	lowerWall	(-7.952364e-02 0.000000e+00 -3.741505e-02)	(-5.922769e-02 0.000000e+00 1.967604e-05)
1.480000e+04	lowerWall	(-7.952364e-02 0.000000e+00 -3.741505e-02)	(-5.922777e-02 0.000000e+00 1.968297e-05)
1.481000e+04	lowerWall	(-7.952364e-02 0.000000e+00 -3.741505e-02)	(-5.922785e-02 0.000000e+00 1.969145e-05)
1.482000e+04	lowerWall	(-7.952363e-02 0.000000e+00 -3.741506e-02)	(-5.922791e-02 0.000000e+00 1.969726e-05)
1.483000e+04	lowerWall	(-7.952366e-02 0.000000e+00 -3.741504e-02)	(-5.922797e-02 0.000000e+00 4.177712e-05)
1.484000e+04	lowerWall	(-7.952366e-02 0.000000e+00 -3.741504e-02)	(-5.922802e-02 0.000000e+00 4.021208e-05)
1.485000e+04	lowerWall	(-7.952366e-02 0.000000e+00 -3.741504e-02)	(-5.922808e-02 0.000000e+00 4.206278e-05)
1.486000e+04	lowerWall	(-7.952366e-02 0.000000e+00 -3.741503e-02)	(-5.922812e-02 0.000000e+00 4.588264e-05)
1.487000e+04	lowerWall	(-7.952366e-02 0.000000e+00 -3.741504e-02)	(-5.922816e-02 0.000000e+00 2.855480e-05)
1.488000e+04	lowerWall	(-7.952366e-02 0.000000e+00 -3.741504e-02)	(-5.922818e-02 0.000000e+00 1.984622e-05)
1.489000e+04	lowerWall	(-7.952366e-02 0.000000e+00 -3.741504e-02)	(-5.922820e-02 0.000000e+00 1.970071e-05)
1.490000e+04	lowerWall	(-7.952366e-02 0.000000e+00 -3.741504e-02)	(-5.922820e-02 0.000000e+00 1.970110e-05)
1.491000e+04	lowerWall	(-7.952366e-02 0.000000e+00 -3.741504e-02)	(-5.922821e-02 0.000000e+00 1.971123e-05)
1.492000e+04	lowerWall	(-7.952365e-02 0.000000e+00 -3.741505e-02)	(-5.922820e-02 0.000000e+00 1.971266e-05)
1.493000e+04	lowerWall	(-7.952365e-02 0.000000e+00 -3.741505e-02)	(-5.922819e-02 0.000000e+00 1.971522e-05)
1.494000e+04	lowerWall	(-7.952365e-02 0.000000e+00 -3.741505e-02)	(-5.922817e-02 0.000000e+00 1.972051e-05)
1.495000e+04	lowerWall	(-7.952365e-02 0.000000e+00 -3.741505e-02)	(-5.922815e-02 0.000000e+00 1.972941e-05)
1.496000e+04	lowerWall	(-7.952365e-02 0.000000e+00 -3.741506e-02)	(-5.922812e-02 0.000000e+00 1.974025e-05)
1.497000e+04	lowerWall	(-7.952364e-02 0.000000e+00 -3.741506e-02)	(-5.922810e-02 0.000000e+00 1.975401e-05)
1.498000e+04	lowerWall	(-7.952363e-02 0.000000e+00 -3.741507e-02)	(-5.922807e-02 0.000000e+00 1.977184e-05)
1.499000e+04	lowerWall	(-7.952367e-02 0.000000e+00 -3.741502e-02)	(-5.922792e-02 0.000000e+00 7.094513e-05)
1.500000e+04	lowerWall	(-7.952367e-02 0.000000e+00 -3.741502e-02)	(-5.922787e-02 0.000000e+00 7.783919e-05)
1.501000e+04	lowerWall	(-7.952368e-02 0.000000e+00 -3.741501e-02)	(-5.922783e-02 0.000000e+00 8.434885e-05)
1.502000e+04	lowerWall	(-7.952367e-02 0.000000e+00 -3.741500e-02)	(-5.922780e-02 0.000000e+00 1.060528e-04)
1.503000e+04	lowerWall	(-7.952367e-02 0.000000e+00 -3.741500e-02)	(-5.922775e-02 0.000000e+00 1.164076e-04)
1.504000e+04	lowerWall	(-7.952368e-02 0.000000e+00 -3.741500e-02)	(-5.922766e-02 0.000000e+00 1.108516e-04)
1.505000e+04	lowerWall	(-7.952364e-02 0.000000e+00 -3.741504e-02)	(-5.922768e-02 0.000000e+00 1.970832e-05)
1.506000e+04	lowerWall	(-7.952366e-02 0.000000e+00 -3.741504e-02)	(-5.922767e-02 0.000000e+00 1.971244e-05)
1.507000e+04	lowerWall	(-7.952365e-02 0.000000e+00 -3.741498e-02)	(-5.922738e-02 0.000000e+00 1.612918e-04)
1.508000e+04	lowerWall	(-7.952365e-02 0.000000e+00 -3.741495e-02)	(-5.922728e-02 0.000000e+00 2.011773e-04)
1.509000e+04	lowerWall	(-7.952366e-02 0.000000e+00 -3.741493e-02)	(-5.922718e-02 0.000000e+00 2.437273e-04)
1.510000e+04	lowerWall	(-7.952366e-02 0.000000e+00 -3.741486e-02)	(-5.922708e-02 0.000000e+00 4.162838e-04)
1.511000e+04	lowerWall	(-7.952369e-02 0.000000e+00 -3.741485e-02)	(-5.922689e-02 0.000000e+00 4.440493e-04)
1.512000e+04	lowerWall	(-7.952369e-02 0.000000e+00 -3.741478e-02)	(-5.922672e-02 0.000000e+00 5.592874e-04)
1.513000e+04	lowerWall	(-7.952362e-02 0.000000e+00 -3.741508e-02)	(-5.922754e-02 0.000000e+00 1.999137e-05)
1.514000e+04	lowerWall	(-7.952363e-02 0.000000e+00 -3.741510e-02)	(-5.922762e-02 0.000000e+00 2.006491e-05)
1.515000e+04	lowerWall	(-7.952362e-02 0.000000e+00 -3.741513e-02)	(-5.922771e-02 0.000000e+00 2.016684e-05)
1.516000e+04	lowerWall	(-7.952365e-02 0.000000e+00 -3.741498e-02)	(-5.922718e-02 0.000000e+00 4.198597e-05)
1.517000e+04	lowerWall	(-7.952362e-02 0.000000e+00 -3.741496e-02)	(-5.922713e-02 0.000000e+00 1.190455e-04)
1.518000e+04	lowerWall	(-7.952367e-02 0.000000e+00 -3.741501e-02)	(-5.922744e-02 0.000000e+00 1.969880e-05)
1.519000e+04	lowerWall	(-7.952374e-02 0.000000e+00 -3.741509e-02)	(-5.922788e-02 0.000000e+00 2.022566e-05)
1.520000e+04	lowerWall	(-7.952376e-02 0.000000e+00 -3.741514e-02)	(-5.922808e-02 0.000000e+00 2.031510e-05)
1.521000e+04	lowerWall	(-7.952366e-02 0.000000e+00 -3.741497e-02)	(-5.922743e-02 0.000000e+00 1.471165e-04)
1.522000e+04	lowerWall	(-7.952367e-02 0.000000e+00 -3.741504e-02)	(-5.922767e-02 0.000000e+00 1.973038e-05)
1.523000e+04	lowerWall	(-7.952367e-02 0.000000e+00 -3.741504e-02)	(-5.922774e-02 0.000000e+00 1.974899e-05)
1.524000e+04	lowerWall	(-7.952367e-02 0.000000e+00 -3.741505e-02)	(-5.922781e-02 0.000000e+00 1.976903e-05)
1.525000e+04	lowerWall	(-7.952367e-02 0.000000e+00 -3.741506e-02)	(-5.922788e-02 0.000000e+00 1.979143e-05)
1.526000e+04	lowerWall	(-7.952366e-02 0.000000e+00 -3.741502e-02)	(-5.922780e-02 0.000000e+00 4.067630e-05)
1.527000e+04	lowerWall	(-7.952366e-02 0.000000e+00 -3.741502e-02)	(-5.922784e-02 0.000000e+00 4.218610e-05)
1.528000e+04	lowerWall	(-7.952366e-02 0.000000e+00 -3.741502e-02)	(-5.922788e-02 0.000000e+00 4.270835e-05)
1.529000e+04	lowerWall	(-7.952367e-02 0.000000e+00 -3.741504e-02)	(-5.922797e-02 0.000000e+00 1.970379e-05)
1.530000e+04	lowerWall	(-7.952367e-02 0.000000e+00 -3.741504e-02)	(-5.922799e-02 0.000000e+00 1.970922e-05)
1.531000e+04	lowerWall	(-7.952367e-02 0.000000e+00 -3.741504e-02)	(-5.922801e-02 0.000000e+00 1.971261e-05)
1.532000e+04	lowerWall	(-7.952365e-02 0.000000e+00 -3.741502e-02)	(-5.922791e-02 0.000000e+00 6.032920e-05)
1.533000e+04	lowerWall	(-7.952365e-02 0.000000e+00 -3.741502e-02)	(-5.922791e-02 0.000000e+00 5.872464e-05)
1.534000e+04	lowerWall	(-7.952365e-02 0.000000e+00 -3.741501e-02)	(-5.922790e-02 0.000000e+00 6.147402e-05)
1.535000e+04	lowerWall	(-7.952366e-02 0.000000e+00 -3.741501e-02)	(-5.922788e-02 0.000000e+00 6.452713e-05)
1.536000e+04	lowerWall	(-7.952366e-02 0.000000e+00 -3.741501e-02)	(-5.922786e-02 0.000000e+00 6.764790e-05)
1.537000e+04	lowerWall	(-7.952365e-02 0.000000e+00 -3.741501e-02)	(-5.922782e-02 0.000000e+00 7.304047e-05)
1.538000e+04	lowerWall	(-7.952365e-02 0.000000e+00 -3.741500e-02)	(-5.922778e-02 0.000000e+00 8.266167e-05)
1.539000e+04	lowerWall	(-7.952365e-02 0.000000e+00 -3.741499e-02)	(-5.922773e-02 0.000000e+00 9.453163e-05)
1.540000e+04	lowerWall	(-7.952365e-02 0.000000e+00 -3.741497e-02)	(-5.922764e-02 0.000000e+00 1.404047e-04)
1.541000e+04	lowerWall	(-7.952365e-02 0.000000e+00 -3.741496e-02)	(-5.922759e-02 0.000000e+00 1.636946e-04)
1.542000e+04	lowerWall	(-7.952367e-02 0.000000e+00 -3.741503e-02)	(-5.922783e-02 0.000000e+00 1.972252e-05)
1.543000e+04	lowerWall	(-7.952366e-02 0.000000e+00 -3.741500e-02)	(-5.922771e-02 0.000000e+00 5.057091e-05)
1.544000e+04	lowerWall	(-7.952366e-02 0.000000e+00 -3.741499e-02)	(-5.922767e-02 0.000000e+00 7.886104e-05)
1.545000e+04	lowerWall	(-7.952367e-02 0.000000e+00 -3.741502e-02)	(-5.922776e-02 0.000000e+00 1.967001e-05)
1.546000e+04	lowerWall	(-7.952367e-02 0.000000e+00 -3.741502e-02)	(-5.922776e-02 0.000000e+00 1.967779e-05)
1.547000e+04	lowerWall	(-7.952367e-02 0.000000e+00 -3.741502e-02)	(-5.922777e-02 0.000000e+00 1.968684e-05)
1.548000e+04	lowerWall	(-7.952366e-02 0.000000e+00 -3.741502e-02)	(-5.922777e-02 0.000000e+00 2.258954e-05)
1.549000e+04	lowerWall	(-7.952368e-02 0.000000e+00 -3.741503e-02)	(-5.922782e-02 0.000000e+00 1.972529e-05)
1.550000e+04	lowerWall	(-7.952368e-02 0.000000e+00 -3.741503e-02)	(-5.922785e-02 0.000000e+00 1.974048e-05)
1.551000e+04	lowerWall	(-7.952368e-02 0.000000e+00 -3.741504e-02)	(-5.922788e-02 0.000000e+00 1.975216e-05)
1.552000e+04	lowerWall	(-7.952368e-02 0.000000e+00 -3.741504e-02)	(-5.922791e-02 0.000000e+00 1.976528e-05)
1.553000e+04	lowerWall	(-7.952367e-02 0.000000e+00 -3.741504e-02)	(-5.922794e-02 0.000000e+00 1.977761e-05)
1.554000e+04	lowerWall	(-7.952366e-02 0.000000e+00 -3.741502e-02)	(-5.922785e-02 0.000000e+00 3.282510e-05)
1.555000e+04	lowerWall	(-7.952367e-02 0.000000e+00 -3.741503e-02)	(-5.922791e-02 0.000000e+00 2.563698e-05)
1.556000e+04	lowerWall	(-7.952367e-02 0.000000e+00 -3.741503e-02)	(-5.922792e-02 0.000000e+00 2.632452e-05)
1.557000e+04	lowerWall	(-7.952367e-02 0.000000e+00 -3.741503e-02)	(-5.922794e-02 0.000000e+00 2.691455e-05)
1.558000e+04	lowerWall	(-7.952367e-02 0.000000e+00 -3.741503e-02)	(-5.922795e-02 0.000000e+00 2.572202e-05)
1.559000e+04	lowerWall	(-7.952365e-02 0.000000e+00 -3.741500e-02)	(-5.922782e-02 0.000000e+00 8.365784e-05)
1.560000e+04	lowerWall	(-7.952367e-02 0.000000e+00 -3.741503e-02)	(-5.922796e-02 0.000000e+00 1.971735e-05)
1.561000e+04	lowerWall	(-7.952366e-02 0.000000e+00 -3.741503e-02)	(-5.922793e-02 0.000000e+00 1.971919e-05)
1.562000e+04	lowerWall	(-7.952366e-02 0.000000e+00 -3.741502e-02)	(-5.922788e-02 0.000000e+00 3.266219e-05)
1.563000e+04	lowerWall	(-7.952366e-02 0.000000e+00 -3.741502e-02)	(-5.922787e-02 0.000000e+00 3.344447e-05)
1.564000e+04	lowerWall	(-7.952366e-02 0.000000e+00 -3.741504e-02)	(-5.922790e-02 0.000000e+00 1.971887e-05)
1.565000e+04	lowerWall	(-7.952366e-02 0.000000e+00 -3.741504e-02)	(-5.922788e-02 0.000000e+00 1.972207e-05)
1.566000e+04	lowerWall	(-7.952367e-02 0.000000e+00 -3.741503e-02)	(-5.922789e-02 0.000000e+00 1.972763e-05)
1.567000e+04	lowerWall	(-7.952364e-02 0.000000e+00 -3.741496e-02)	(-5.922757e-02 0.000000e+00 1.570871e-04)
1.568000e+04	lowerWall	(-7.952365e-02 0.000000e+00 -3.741495e-02)	(-5.922753e-02 0.000000e+00 1.879039e-04)
1.569000e+04	lowerWall	(-7.952362e-02 0.000000e+00 -3.741491e-02)	(-5.922737e-02 0.000000e+00 2.282261e-04)
1.570000e+04	lowerWall	(-7.952366e-02 0.000000e+00 -3.741500e-02)	(-5.922770e-02 0.000000e+00 4.957407e-05)
1.571000e+04	lowerWall	(-7.952366e-02 0.000000e+00 -3.741499e-02)	(-5.922768e-02 0.000000e+00 5.317285e-05)
1.572000e+04	lowerWall	(-7.952366e-02 0.000000e+00 -3.741499e-02)	(-5.922768e-02 0.000000e+00 5.543124e-05)
1.573000e+04	lowerWall	(-7.952367e-02 0.000000e+00 -3.741499e-02)	(-5.922766e-02 0.000000e+00 7.315654e-05)
1.574000e+04	lowerWall	(-7.952366e-02 0.000000e+00 -3.741499e-02)	(-5.922764e-02 0.000000e+00 8.057655e-05)
1.575000e+04	lowerWall	(-7.952368e-02 0.000000e+00 -3.741511e-02)	(-5.922809e-02 0.000000e+00 2.003855e-05)
1.576000e+04	lowerWall	(-7.952368e-02 0.000000e+00 -3.741514e-02)	(-5.922817e-02 0.000000e+00 2.012354e-05)
1.577000e+04	lowerWall	(-7.952368e-02 0.000000e+00 -3.741517e-02)	(-5.922828e-02 0.000000e+00 2.022959e-05)
1.578000e+04	lowerWall	(-7.952368e-02 0.000000e+00 -3.741521e-02)	(-5.922841e-02 0.000000e+00 2.035999e-05)
1.579000e+04	lowerWall	(-7.952368e-02 0.000000e+00 -3.741525e-02)	(-5.922856e-02 0.000000e+00 2.052242e-05)
1.580000e+04	lowerWall	(-7.952367e-02 0.000000e+00 -3.741496e-02)	(-5.922762e-02 0.000000e+00 2.332799e-04)
1.581000e+04	lowerWall	(-7.952366e-02 0.000000e+00 -3.741495e-02)	(-5.922755e-02 0.000000e+00 2.913536e-04)
1.582000e+04	lowerWall	(-7.952370e-02 0.000000e+00 -3.741511e-02)	(-5.922821e-02 0.000000e+00 2.013731e-05)
1.583000e+04	lowerWall	(-7.952367e-02 0.000000e+00 -3.741506e-02)	(-5.922798e-02 0.000000e+00 1.980766e-05)
1.584000e+04	lowerWall	(-7.952357e-02 0.000000e+00 -3.741498e-02)	(-5.922747e-02 0.000000e+00 2.107801e-04)
1.585000e+04	lowerWall	(-7.952369e-02 0.000000e+00 -3.741506e-02)	(-5.922798e-02 0.000000e+00 1.985804e-05)
1.586000e+04	lowerWall	(-7.952352e-02 0.000000e+00 -3.741494e-02)	(-5.922723e-02 0.000000e+00 2.904759e-04)
1.587000e+04	lowerWall	(-7.952364e-02 0.000000e+00 -3.741502e-02)	(-5.922772e-02 0.000000e+00 5.453640e-05)
1.588000e+04	lowerWall	(-7.952364e-02 0.000000e+00 -3.741502e-02)	(-5.922769e-02 0.000000e+00 5.394953e-05)
1.589000e+04	lowerWall	(-7.952364e-02 0.000000e+00 -3.741502e-02)	(-5.922765e-02 0.000000e+00 5.231948e-05)
1.590000e+04	lowerWall	(-7.952364e-02 0.000000e+00 -3.741502e-02)	(-5.922761e-02 0.000000e+00 5.328294e-05)
1.591000e+04	lowerWall	(-7.952349e-02 0.000000e+00 -3.741486e-02)	(-5.922676e-02 0.000000e+00 4.592930e-04)
1.592000e+04	lowerWall	(-7.952351e-02 0.000000e+00 -3.741484e-02)	(-5.922665e-02 0.000000e+00 5.557318e-04)
1.593000e+04	lowerWall	(-7.952345e-02 0.000000e+00 -3.741476e-02)	(-5.922625e-02 0.000000e+00 7.063947e-04)
1.594000e+04	lowerWall	(-7.952372e-02 0.000000e+00 -3.741508e-02)	(-5.922778e-02 0.000000e+00 2.012966e-05)
1.595000e+04	lowerWall	(-7.952364e-02 0.000000e+00 -3.741496e-02)	(-5.922717e-02 0.000000e+00 1.256075e-04)
1.596000e+04	lowerWall	(-7.952363e-02 0.000000e+00 -3.741495e-02)	(-5.922710e-02 0.000000e+00 1.519021e-04)
1.597000e+04	lowerWall	(-7.952363e-02 0.000000e+00 -3.741494e-02)	(-5.922704e-02 0.000000e+00 1.774972e-04)
1.598000e+04	lowerWall	(-7.952366e-02 0.000000e+00 -3.741500e-02)	(-5.922732e-02 0.000000e+00 1.967349e-05)
1.599000e+04	lowerWall	(-7.952366e-02 0.000000e+00 -3.741501e-02)	(-5.922734e-02 0.000000e+00 1.969275e-05)
1.600000e+04	lowerWall	(-7.952366e-02 0.000000e+00 -3.741502e-02)	(-5.922738e-02 0.000000e+00 1.971631e-05)
1.601000e+04	lowerWall	(-7.952366e-02 0.000000e+00 -3.741503e-02)	(-5.922743e-02 0.000000e+00 1.974220e-05)
1.602000e+04	lowerWall	(-7.952366e-02 0.000000e+00 -3.741504e-02)	(-5.922749e-02 0.000000e+00 1.976961e-05)
1.603000e+04	lowerWall	(-7.952366e-02 0.000000e+00 -3.741505e-02)	(-5.922757e-02 0.000000e+00 1.979958e-05)
1.604000e+04	lowerWall	(-7.952366e-02 0.000000e+00 -3.741506e-02)	(-5.922765e-02 0.000000e+00 1.982831e-05)
1.605000e+04	lowerWall	(-7.952365e-02 0.000000e+00 -3.741507e-02)	(-5.922772e-02 0.000000e+00 1.985822e-05)
1.606000e+04	lowerWall	(-7.952365e-02 0.000000e+00 -3.741508e-02)	(-5.922782e-02 0.000000e+00 1.989217e-05)
1.607000e+04	lowerWall	(-7.952366e-02 0.000000e+00 -3.741501e-02)	(-5.922768e-02 0.000000e+00 7.612770e-05)
1.608000e+04	lowerWall	(-7.952365e-02 0.000000e+00 -3.741512e-02)	(-5.922806e-02 0.000000e+00 1.994197e-05)
1.609000e+04	lowerWall	(-7.952366e-02 0.000000e+00 -3.741504e-02)	(-5.922792e-02 0.000000e+00 1.968815e-05)
1.610000e+04	lowerWall	(-7.952366e-02 0.000000e+00 -3.741501e-02)	(-5.922789e-02 0.000000e+00 8.886996e-05)
1.611000e+04	lowerWall	(-7.952366e-02 0.000000e+00 -3.741505e-02)	(-5.922807e-02 0.000000e+00 1.970052e-05)
1.612000e+04	lowerWall	(-7.952366e-02 0.000000e+00 -3.741505e-02)	(-5.922813e-02 0.000000e+00 1.970762e-05)
1.613000e+04	lowerWall	(-7.952367e-02 0.000000e+00 -3.741500e-02)	(-5.922803e-02 0.000000e+00 1.345162e-04)
1.614000e+04	lowerWall	(-7.952366e-02 0.000000e+00 -3.741506e-02)	(-5.922820e-02 0.000000e+00 7.070135e-05)
1.615000e+04	lowerWall	(-7.952366e-02 0.000000e+00 -3.741503e-02)	(-5.922820e-02 0.000000e+00 3.980707e-05)
1.616000e+04	lowerWall	(-7.952366e-02 0.000000e+00 -3.741503e-02)	(-5.922823e-02 0.000000e+00 4.371870e-05)
1.617000e+04	lowerWall	(-7.952366e-02 0.000000e+00 -3.741503e-02)	(-5.922824e-02 0.000000e+00 4.289753e-05)
1.618000e+04	lowerWall	(-7.952367e-02 0.000000e+00 -3.741503e-02)	(-5.922824e-02 0.000000e+00 4.369973e-05)
1.619000e+04	lowerWall	(-7.952367e-02 0.000000e+00 -3.741503e-02)	(-5.922823e-02 0.000000e+00 4.531152e-05)
1.620000e+04	lowerWall	(-7.952366e-02 0.000000e+00 -3.741503e-02)	(-5.922822e-02 0.000000e+00 4.458945e-05)
1.621000e+04	lowerWall	(-7.952367e-02 0.000000e+00 -3.741503e-02)	(-5.922820e-02 0.000000e+00 4.392922e-05)
1.622000e+04	lowerWall	(-7.952367e-02 0.000000e+00 -3.741502e-02)	(-5.922817e-02 0.000000e+00 4.286424e-05)
1.623000e+04	lowerWall	(-7.952367e-02 0.000000e+00 -3.741505e-02)	(-5.922823e-02 0.000000e+00 1.973571e-05)
1.624000e+04	lowerWall	(-7.952367e-02 0.000000e+00 -3.741505e-02)	(-5.922819e-02 0.000000e+00 1.973834e-05)
1.625000e+04	lowerWall	(-7.952367e-02 0.000000e+00 -3.741505e-02)	(-5.922817e-02 0.000000e+00 1.974215e-05)
1.626000e+04	lowerWall	(-7.952366e-02 0.000000e+00 -3.741505e-02)	(-5.922813e-02 0.000000e+00 1.974645e-05)
1.627000e+04	lowerWall	(-7.952367e-02 0.000000e+00 -3.741505e-02)	(-5.922811e-02 0.000000e+00 1.975631e-05)
1.628000e+04	lowerWall	(-7.952366e-02 0.000000e+00 -3.741505e-02)	(-5.922808e-02 0.000000e+00 1.977081e-05)
1.629000e+04	lowerWall	(-7.952367e-02 0.000000e+00 -3.741506e-02)	(-5.922806e-02 0.000000e+00 1.977868e-05)
1.630000e+04	lowerWall	(-7.952366e-02 0.000000e+00 -3.741502e-02)	(-5.922788e-02 0.000000e+00 5.238966e-05)
1.631000e+04	lowerWall	(-7.952366e-02 0.000000e+00 -3.741502e-02)	(-5.922784e-02 0.000000e+00 5.292194e-05)
1.632000e+04	lowerWall	(-7.952366e-02 0.000000e+00 -3.741503e-02)	(-5.922784e-02 0.000000e+00 1.999074e-05)
1.633000e+04	lowerWall	(-7.952366e-02 0.000000e+00 -3.741503e-02)	(-5.922780e-02 0.000000e+00 2.101043e-05)
1.634000e+04	lowerWall	(-7.952366e-02 0.000000e+00 -3.741502e-02)	(-5.922774e-02 0.000000e+00 3.198755e-05)
1.635000e+04	lowerWall	(-7.952366e-02 0.000000e+00 -3.741503e-02)	(-5.922774e-02 0.000000e+00 1.967461e-05)
1.636000e+04	lowerWall	(-7.952365e-02 0.000000e+00 -3.741500e-02)	(-5.922757e-02 0.000000e+00 7.518806e-05)
1.637000e+04	lowerWall	(-7.952365e-02 0.000000e+00 -3.741500e-02)	(-5.922751e-02 0.000000e+00 8.982405e-05)
1.638000e+04	lowerWall	(-7.952365e-02 0.000000e+00 -3.741498e-02)	(-5.922744e-02 0.000000e+00 1.076184e-04)
1.639000e+04	lowerWall	(-7.952364e-02 0.000000e+00 -3.741498e-02)	(-5.922738e-02 0.000000e+00 1.255906e-04)
1.640000e+04	lowerWall	(-7.952365e-02 0.000000e+00 -3.741497e-02)	(-5.922735e-02 0.000000e+00 1.416547e-04)
1.641000e+04	lowerWall	(-7.952365e-02 0.000000e+00 -3.741496e-02)	(-5.922729e-02 0.000000e+00 1.592925e-04)
1.642000e+04	lowerWall	(-7.952365e-02 0.000000e+00 -3.741495e-02)	(-5.922724e-02 0.000000e+00 1.819292e-04)
1.643000e+04	lowerWall	(-7.952365e-02 0.000000e+00 -3.741494e-02)	(-5.922720e-02 0.000000e+00 2.101909e-04)
1.644000e+04	lowerWall	(-7.952366e-02 0.000000e+00 -3.741502e-02)	(-5.922750e-02 0.000000e+00 1.970354e-05)
1.645000e+04	lowerWall	(-7.952366e-02 0.000000e+00 -3.741499e-02)	(-5.922739e-02 0.000000e+00 5.067134e-05)
1.646000e+04	lowerWall	(-7.952366e-02 0.000000e+00 -3.741499e-02)	(-5.922740e-02 0.000000e+00 5.282774e-05)
1.647000e+04	lowerWall	(-7.952365e-02 0.000000e+00 -3.741503e-02)	(-5.922754e-02 0.000000e+00 1.974316e-05)
1.648000e+04	lowerWall	(-7.952366e-02 0.000000e+00 -3.741504e-02)	(-5.922759e-02 0.000000e+00 1.976115e-05)
1.649000e+04	lowerWall	(-7.952366e-02 0.000000e+00 -3.741500e-02)	(-5.922748e-02 0.000000e+00 6.218337e-05)
1.650000e+04	lowerWall	(-7.952366e-02 0.000000e+00 -3.741505e-02)	(-5.922769e-02 0.000000e+00 1.979623e-05)
1.651000e+04	lowerWall	(-7.952366e-02 0.000000e+00 -3.741507e-02)	(-5.922777e-02 0.000000e+00 1.980271e-05)
1.652000e+04	lowerWall	(-7.952365e-02 0.000000e+00 -3.741507e-02)	(-5.922781e-02 0.000000e+00 1.983831e-05)
1.653000e+04	lowerWall	(-7.952367e-02 0.000000e+00 -3.741500e-02)	(-5.922765e-02 0.000000e+00 7.267679e-05)
1.654000e+04	lowerWall	(-7.952366e-02 0.000000e+00 -3.741510e-02)	(-5.922798e-02 0.000000e+00 1.986480e-05)
1.655000e+04	lowerWall	(-7.952365e-02 0.000000e+00 -3.741510e-02)	(-5.922804e-02 0.000000e+00 1.987966e-05)
1.656000e+04	lowerWall	(-7.952367e-02 0.000000e+00 -3.741501e-02)	(-5.922781e-02 0.000000e+00 8.478875e-05)
1.657000e+04	lowerWall	(-7.952367e-02 0.000000e+00 -3.741501e-02)	(-5.922789e-02 0.000000e+00 1.020944e-04)
1.658000e+04	lowerWall	(-7.952366e-02 0.000000e+00 -3.741504e-02)	(-5.922799e-02 0.000000e+00 3.165050e-05)
1.659000e+04	lowerWall	(-7.952366e-02 0.000000e+00 -3.741505e-02)	(-5.922803e-02 0.000000e+00 2.790407e-05)
1.660000e+04	lowerWall	(-7.952366e-02 0.000000e+00 -3.741505e-02)	(-5.922807e-02 0.000000e+00 2.678828e-05)
1.661000e+04	lowerWall	(-7.952366e-02 0.000000e+00 -3.741505e-02)	(-5.922810e-02 0.000000e+00 2.678989e-05)
1.662000e+04	lowerWall	(-7.952366e-02 0.000000e+00 -3.741505e-02)	(-5.922812e-02 0.000000e+00 2.453553e-05)
1.663000e+04	lowerWall	(-7.952365e-02 0.000000e+00 -3.741505e-02)	(-5.922814e-02 0.000000e+00 2.340150e-05)
1.664000e+04	lowerWall	(-7.952365e-02 0.000000e+00 -3.741505e-02)	(-5.922815e-02 0.000000e+00 2.114138e-05)
1.665000e+04	lowerWall	(-7.952367e-02 0.000000e+00 -3.741501e-02)	(-5.922803e-02 0.000000e+00 1.085078e-04)
1.666000e+04	lowerWall	(-7.952368e-02 0.000000e+00 -3.741501e-02)	(-5.922801e-02 0.000000e+00 1.238682e-04)
1.667000e+04	lowerWall	(-7.952369e-02 0.000000e+00 -3.741500e-02)	(-5.922799e-02 0.000000e+00 1.428235e-04)
1.668000e+04	lowerWall	(-7.952368e-02 0.000000e+00 -3.741500e-02)	(-5.922793e-02 0.000000e+00 1.645798e-04)
1.669000e+04	lowerWall	(-7.952364e-02 0.000000e+00 -3.741507e-02)	(-5.922806e-02 0.000000e+00 1.974625e-05)
1.670000e+04	lowerWall	(-7.952364e-02 0.000000e+00 -3.741508e-02)	(-5.922803e-02 0.000000e+00 1.975927e-05)
1.671000e+04	lowerWall	(-7.952363e-02 0.000000e+00 -3.741509e-02)	(-5.922799e-02 0.000000e+00 1.977226e-05)
1.672000e+04	lowerWall	(-7.952362e-02 0.000000e+00 -3.741509e-02)	(-5.922793e-02 0.000000e+00 1.978040e-05)
1.673000e+04	lowerWall	(-7.952362e-02 0.000000e+00 -3.741509e-02)	(-5.922788e-02 0.000000e+00 1.979895e-05)
1.674000e+04	lowerWall	(-7.952363e-02 0.000000e+00 -3.741511e-02)	(-5.922777e-02 0.000000e+00 1.976645e-05)
1.675000e+04	lowerWall	(-7.952374e-02 0.000000e+00 -3.741492e-02)	(-5.922739e-02 0.000000e+00 3.913343e-04)
1.676000e+04	lowerWall	(-7.952361e-02 0.000000e+00 -3.741508e-02)	(-5.922764e-02 0.000000e+00 1.977221e-05)
1.677000e+04	lowerWall	(-7.952366e-02 0.000000e+00 -3.741502e-02)	(-5.922745e-02 0.000000e+00 6.514389e-05)
1.678000e+04	lowerWall	(-7.952383e-02 0.000000e+00 -3.741482e-02)	(-5.922703e-02 0.000000e+00 6.350586e-04)
1.679000e+04	lowerWall	(-7.952389e-02 0.000000e+00 -3.741476e-02)	(-5.922691e-02 0.000000e+00 8.149340e-04)
1.680000e+04	lowerWall	(-7.952387e-02 0.000000e+00 -3.741462e-02)	(-5.922642e-02 0.000000e+00 1.045171e-03)
1.681000e+04	lowerWall	(-7.952360e-02 0.000000e+00 -3.741513e-02)	(-5.922723e-02 0.000000e+00 1.976995e-05)
1.682000e+04	lowerWall	(-7.952374e-02 0.000000e+00 -3.741506e-02)	(-5.922758e-02 0.000000e+00 2.009426e-05)
1.683000e+04	lowerWall	(-7.952369e-02 0.000000e+00 -3.741508e-02)	(-5.922744e-02 0.000000e+00 2.026924e-05)
1.684000e+04	lowerWall	(-7.952370e-02 0.000000e+00 -3.741512e-02)	(-5.922751e-02 0.000000e+00 2.041248e-05)
1.685000e+04	lowerWall	(-7.952372e-02 0.000000e+00 -3.741522e-02)	(-5.922784e-02 0.000000e+00 2.091487e-05)
1.686000e+04	lowerWall	(-7.952363e-02 0.000000e+00 -3.741496e-02)	(-5.922670e-02 0.000000e+00 7.368158e-05)
1.687000e+04	lowerWall	(-7.952376e-02 0.000000e+00 -3.741503e-02)	(-5.922734e-02 0.000000e+00 2.019723e-05)
1.688000e+04	lowerWall	(-7.952378e-02 0.000000e+00 -3.741507e-02)	(-5.922748e-02 0.000000e+00 2.038782e-05)
1.689000e+04	lowerWall	(-7.952379e-02 0.000000e+00 -3.741511e-02)	(-5.922768e-02 0.000000e+00 2.058517e-05)
1.690000e+04	lowerWall	(-7.952381e-02 0.000000e+00 -3.741517e-02)	(-5.922793e-02 0.000000e+00 2.082620e-05)
1.691000e+04	lowerWall	(-7.952385e-02 0.000000e+00 -3.741528e-02)	(-5.922844e-02 0.000000e+00 2.160795e-05)
1.692000e+04	lowerWall	(-7.952393e-02 0.000000e+00 -3.741538e-02)	(-5.922900e-02 0.000000e+00 2.205939e-05)
1.693000e+04	lowerWall	(-7.952352e-02 0.000000e+00 -3.741488e-02)	(-5.922635e-02 0.000000e+00 6.215640e-04)
1.694000e+04	lowerWall	(-7.952397e-02 0.000000e+00 -3.741516e-02)	(-5.922851e-02 0.000000e+00 1.424760e-04)
1.695000e+04	lowerWall	(-7.952337e-02 0.000000e+00 -3.741502e-02)	(-5.922667e-02 0.000000e+00 2.039997e-05)
1.696000e+04	lowerWall	(-7.952320e-02 0.000000e+00 -3.741503e-02)	(-5.922621e-02 0.000000e+00 4.531852e-04)
1.697000e+04	lowerWall	(-7.952319e-02 0.000000e+00 -3.741499e-02)	(-5.922553e-02 0.000000e+00 1.141947e-03)
1.698000e+04	lowerWall	(-7.952375e-02 0.000000e+00 -3.741508e-02)	(-5.922793e-02 0.000000e+00 2.127347e-05)
1.699000e+04	lowerWall	(-7.952352e-02 0.000000e+00 -3.741502e-02)	(-5.922697e-02 0.000000e+00 1.733940e-04)
1.700000e+04	lowerWall	(-7.952356e-02 0.000000e+00 -3.741502e-02)	(-5.922705e-02 0.000000e+00 1.136124e-04)
1.701000e+04	lowerWall	(-7.952316e-02 0.000000e+00 -3.741489e-02)	(-5.922564e-02 0.000000e+00 6.126828e-04)
1.702000e+04	lowerWall	(-7.952307e-02 0.000000e+00 -3.741484e-02)	(-5.922518e-02 0.000000e+00 7.824149e-04)
1.703000e+04	lowerWall	(-7.952384e-02 0.000000e+00 -3.741510e-02)	(-5.922763e-02 0.000000e+00 2.054131e-05)
1.704000e+04	lowerWall	(-7.952356e-02 0.000000e+00 -3.741499e-02)	(-5.922658e-02 0.000000e+00 1.529785e-04)
1.705000e+04	lowerWall	(-7.952339e-02 0.000000e+00 -3.741499e-02)	(-5.922600e-02 0.000000e+00 3.060341e-04)
1.706000e+04	lowerWall	(-7.952333e-02 0.000000e+00 -3.741496e-02)	(-5.922580e-02 0.000000e+00 4.120248e-04)
1.707000e+04	lowerWall	(-7.952376e-02 0.000000e+00 -3.741505e-02)	(-5.922711e-02 0.000000e+00 2.019457e-05)
1.708000e+04	lowerWall	(-7.952379e-02 0.000000e+00 -3.741507e-02)	(-5.922722e-02 0.000000e+00 2.032239e-05)
1.709000e+04	lowerWall	(-7.952387e-02 0.000000e+00 -3.741512e-02)	(-5.922754e-02 0.000000e+00 2.078350e-05)
1.710000e+04	lowerWall	(-7.952390e-02 0.000000e+00 -3.741515e-02)	(-5.922775e-02 0.000000e+00 2.103753e-05)
1.711000e+04	lowerWall	(-7.952353e-02 0.000000e+00 -3.741503e-02)	(-5.922624e-02 0.000000e+00 3.207041e-04)
1.712000e+04	lowerWall	(-7.952340e-02 0.000000e+00 -3.741501e-02)	(-5.922619e-02 0.000000e+00 3.311476e-04)
1.713000e+04	lowerWall	(-7.952329e-02 0.000000e+00 -3.741498e-02)	(-5.922587e-02 0.000000e+00 5.623054e-04)
1.714000e+04	lowerWall	(-7.952381e-02 0.000000e+00 -3.741504e-02)	(-5.922743e-02 0.000000e+00 2.028397e-05)
1.715000e+04	lowerWall	(-7.952380e-02 0.000000e+00 -3.741497e-02)	(-5.922740e-02 0.000000e+00 2.052390e-05)
1.716000e+04	lowerWall	(-7.952402e-02 0.000000e+00 -3.741498e-02)	(-5.922787e-02 0.000000e+00 2.093013e-05)
1.717000e+04	lowerWall	(-7.952360e-02 0.000000e+00 -3.741502e-02)	(-5.922715e-02 0.000000e+00 1.969289e-05)
1.718000e+04	lowerWall	(-7.952362e-02 0.000000e+00 -3.741503e-02)	(-5.922704e-02 0.000000e+00 1.965801e-05)
1.719000e+04	lowerWall	(-7.952350e-02 0.000000e+00 -3.741510e-02)	(-5.922692e-02 0.000000e+00 2.141701e-04)
1.720000e+04	lowerWall	(-7.952346e-02 0.000000e+00 -3.741511e-02)	(-5.922685e-02 0.000000e+00 2.767145e-04)
1.721000e+04	lowerWall	(-7.952358e-02 0.000000e+00 -3.741507e-02)	(-5.922703e-02 0.000000e+00 9.131040e-05)
1.722000e+04	lowerWall	(-7.952357e-02 0.000000e+00 -3.741508e-02)	(-5.922701e-02 0.000000e+00 1.107738e-04)
1.723000e+04	lowerWall	(-7.952356e-02 0.000000e+00 -3.741508e-02)	(-5.922696e-02 0.000000e+00 1.252858e-04)
1.724000e+04	lowerWall	(-7.952355e-02 0.000000e+00 -3.741508e-02)	(-5.922689e-02 0.000000e+00 1.427800e-04)
1.725000e+04	lowerWall	(-7.952361e-02 0.000000e+00 -3.741506e-02)	(-5.922696e-02 0.000000e+00 3.257407e-05)
1.726000e+04	lowerWall	(-7.952365e-02 0.000000e+00 -3.741505e-02)	(-5.922701e-02 0.000000e+00 1.969512e-05)
1.727000e+04	lowerWall	(-7.952365e-02 0.000000e+00 -3.741505e-02)	(-5.922698e-02 0.000000e+00 1.970308e-05)
1.728000e+04	lowerWall	(-7.952351e-02 0.000000e+00 -3.741507e-02)	(-5.922665e-02 0.000000e+00 1.831563e-04)
1.729000e+04	lowerWall	(-7.952349e-02 0.000000e+00 -3.741507e-02)	(-5.922654e-02 0.000000e+00 2.249533e-04)
1.730000e+04	lowerWall	(-7.952346e-02 0.000000e+00 -3.741506e-02)	(-5.922641e-02 0.000000e+00 2.714583e-04)
1.731000e+04	lowerWall	(-7.952342e-02 0.000000e+00 -3.741505e-02)	(-5.922625e-02 0.000000e+00 3.198866e-04)
1.732000e+04	lowerWall	(-7.952369e-02 0.000000e+00 -3.741507e-02)	(-5.922693e-02 0.000000e+00 1.985704e-05)
1.733000e+04	lowerWall	(-7.952359e-02 0.000000e+00 -3.741505e-02)	(-5.922669e-02 0.000000e+00 7.139920e-05)
1.734000e+04	lowerWall	(-7.952359e-02 0.000000e+00 -3.741505e-02)	(-5.922672e-02 0.000000e+00 7.785684e-05)
1.735000e+04	lowerWall	(-7.952359e-02 0.000000e+00 -3.741505e-02)	(-5.922676e-02 0.000000e+00 8.280409e-05)
1.736000e+04	lowerWall	(-7.952359e-02 0.000000e+00 -3.741505e-02)	(-5.922681e-02 0.000000e+00 9.237847e-05)
1.737000e+04	lowerWall	(-7.952358e-02 0.000000e+00 -3.741504e-02)	(-5.922687e-02 0.000000e+00 1.047316e-04)
1.738000e+04	lowerWall	(-7.952358e-02 0.000000e+00 -3.741504e-02)	(-5.922694e-02 0.000000e+00 1.179630e-04)
1.739000e+04	lowerWall	(-7.952361e-02 0.000000e+00 -3.741504e-02)	(-5.922709e-02 0.000000e+00 1.492258e-04)
1.740000e+04	lowerWall	(-7.952364e-02 0.000000e+00 -3.741506e-02)	(-5.922736e-02 0.000000e+00 3.630295e-05)
1.741000e+04	lowerWall	(-7.952365e-02 0.000000e+00 -3.741507e-02)	(-5.922748e-02 0.000000e+00 3.211045e-05)
1.742000e+04	lowerWall	(-7.952365e-02 0.000000e+00 -3.741507e-02)	(-5.922759e-02 0.000000e+00 2.600543e-05)
1.743000e+04	lowerWall	(-7.952362e-02 0.000000e+00 -3.741505e-02)	(-5.922756e-02 0.000000e+00 6.568268e-05)
1.744000e+04	lowerWall	(-7.952369e-02 0.000000e+00 -3.741507e-02)	(-5.922789e-02 0.000000e+00 1.994065e-05)
1.745000e+04	lowerWall	(-7.952369e-02 0.000000e+00 -3.741507e-02)	(-5.922801e-02 0.000000e+00 1.997425e-05)
1.746000e+04	lowerWall	(-7.952371e-02 0.000000e+00 -3.741508e-02)	(-5.922816e-02 0.000000e+00 2.000909e-05)
1.747000e+04	lowerWall	(-7.952371e-02 0.000000e+00 -3.741509e-02)	(-5.922828e-02 0.000000e+00 2.005106e-05)
1.748000e+04	lowerWall	(-7.952362e-02 0.000000e+00 -3.741505e-02)	(-5.922800e-02 0.000000e+00 9.702281e-05)
1.749000e+04	lowerWall	(-7.952362e-02 0.000000e+00 -3.741504e-02)	(-5.922805e-02 0.000000e+00 1.034116e-04)
1.750000e+04	lowerWall	(-7.952366e-02 0.000000e+00 -3.741505e-02)	(-5.922825e-02 0.000000e+00 5.544366e-05)
1.751000e+04	lowerWall	(-7.952366e-02 0.000000e+00 -3.741506e-02)	(-5.922828e-02 0.000000e+00 1.974349e-05)
1.752000e+04	lowerWall	(-7.952366e-02 0.000000e+00 -3.741505e-02)	(-5.922831e-02 0.000000e+00 1.974741e-05)
1.753000e+04	lowerWall	(-7.952366e-02 0.000000e+00 -3.741505e-02)	(-5.922832e-02 0.000000e+00 1.974475e-05)
1.754000e+04	lowerWall	(-7.952366e-02 0.000000e+00 -3.741505e-02)	(-5.922832e-02 0.000000e+00 1.974111e-05)
1.755000e+04	lowerWall	(-7.952366e-02 0.000000e+00 -3.741505e-02)	(-5.922832e-02 0.000000e+00 1.973796e-05)
1.756000e+04	lowerWall	(-7.952366e-02 0.000000e+00 -3.741505e-02)	(-5.922830e-02 0.000000e+00 1.973619e-05)
1.757000e+04	lowerWall	(-7.952367e-02 0.000000e+00 -3.741505e-02)	(-5.922827e-02 0.000000e+00 1.973454e-05)
1.758000e+04	lowerWall	(-7.952367e-02 0.000000e+00 -3.741505e-02)	(-5.922824e-02 0.000000e+00 1.973350e-05)
1.759000e+04	lowerWall	(-7.952367e-02 0.000000e+00 -3.741504e-02)	(-5.922820e-02 0.000000e+00 1.973122e-05)
1.760000e+04	lowerWall	(-7.952367e-02 0.000000e+00 -3.741504e-02)	(-5.922815e-02 0.000000e+00 1.972814e-05)
1.761000e+04	lowerWall	(-7.952367e-02 0.000000e+00 -3.741504e-02)	(-5.922811e-02 0.000000e+00 1.972450e-05)
1.762000e+04	lowerWall	(-7.952366e-02 0.000000e+00 -3.741504e-02)	(-5.922804e-02 0.000000e+00 1.972305e-05)
1.763000e+04	lowerWall	(-7.952363e-02 0.000000e+00 -3.741501e-02)	(-5.922783e-02 0.000000e+00 1.064257e-04)
1.764000e+04	lowerWall	(-7.952363e-02 0.000000e+00 -3.741500e-02)	(-5.922776e-02 0.000000e+00 1.152980e-04)
1.765000e+04	lowerWall	(-7.952365e-02 0.000000e+00 -3.741502e-02)	(-5.922783e-02 0.000000e+00 3.854314e-05)
1.766000e+04	lowerWall	(-7.952365e-02 0.000000e+00 -3.741502e-02)	(-5.922778e-02 0.000000e+00 3.785440e-05)
1.767000e+04	lowerWall	(-7.952367e-02 0.000000e+00 -3.741503e-02)	(-5.922779e-02 0.000000e+00 1.970527e-05)
1.768000e+04	lowerWall	(-7.952363e-02 0.000000e+00 -3.741499e-02)	(-5.922756e-02 0.000000e+00 1.253231e-04)
1.769000e+04	lowerWall	(-7.952363e-02 0.000000e+00 -3.741499e-02)	(-5.922749e-02 0.000000e+00 1.397418e-04)
1.770000e+04	lowerWall	(-7.952367e-02 0.000000e+00 -3.741503e-02)	(-5.922766e-02 0.000000e+00 1.971158e-05)
1.771000e+04	lowerWall	(-7.952367e-02 0.000000e+00 -3.741503e-02)	(-5.922763e-02 0.000000e+00 1.971335e-05)
1.772000e+04	lowerWall	(-7.952367e-02 0.000000e+00 -3.741503e-02)	(-5.922760e-02 0.000000e+00 1.971618e-05)
1.773000e+04	lowerWall	(-7.952367e-02 0.000000e+00 -3.741503e-02)	(-5.922758e-02 0.000000e+00 1.972101e-05)
1.774000e+04	lowerWall	(-7.952367e-02 0.000000e+00 -3.741503e-02)	(-5.922757e-02 0.000000e+00 1.973099e-05)
1.775000e+04	lowerWall	(-7.952367e-02 0.000000e+00 -3.741503e-02)	(-5.922757e-02 0.000000e+00 1.974272e-05)
1.776000e+04	lowerWall	(-7.952367e-02 0.000000e+00 -3.741504e-02)	(-5.922757e-02 0.000000e+00 1.975766e-05)
1.777000e+04	lowerWall	(-7.952368e-02 0.000000e+00 -3.741505e-02)	(-5.922763e-02 0.000000e+00 1.982686e-05)
1.778000e+04	lowerWall	(-7.952368e-02 0.000000e+00 -3.741506e-02)	(-5.922765e-02 0.000000e+00 1.985620e-05)
1.779000e+04	lowerWall	(-7.952368e-02 0.000000e+00 -3.741507e-02)	(-5.922769e-02 0.000000e+00 1.989470e-05)
1.780000e+04	lowerWall	(-7.952368e-02 0.000000e+00 -3.741508e-02)	(-5.922773e-02 0.000000e+00 1.994051e-05)
1.781000e+04	lowerWall	(-7.952368e-02 0.000000e+00 -3.741509e-02)	(-5.922780e-02 0.000000e+00 1.999570e-05)
1.782000e+04	lowerWall	(-7.952365e-02 0.000000e+00 -3.741500e-02)	(-5.922741e-02 0.000000e+00 1.940488e-04)
1.783000e+04	lowerWall	(-7.952365e-02 0.000000e+00 -3.741499e-02)	(-5.922741e-02 0.000000e+00 2.317055e-04)
1.784000e+04	lowerWall	(-7.952364e-02 0.000000e+00 -3.741498e-02)	(-5.922739e-02 0.000000e+00 2.882573e-04)
1.785000e+04	lowerWall	(-7.952365e-02 0.000000e+00 -3.741505e-02)	(-5.922764e-02 0.000000e+00 1.973604e-05)
1.786000e+04	lowerWall	(-7.952365e-02 0.000000e+00 -3.741502e-02)	(-5.922756e-02 0.000000e+00 6.708482e-05)
1.787000e+04	lowerWall	(-7.952365e-02 0.000000e+00 -3.741502e-02)	(-5.922757e-02 0.000000e+00 6.793355e-05)
1.788000e+04	lowerWall	(-7.952365e-02 0.000000e+00 -3.741502e-02)	(-5.922756e-02 0.000000e+00 7.134189e-05)
1.789000e+04	lowerWall	(-7.952366e-02 0.000000e+00 -3.741502e-02)	(-5.922756e-02 0.000000e+00 7.408725e-05)
1.790000e+04	lowerWall	(-7.952366e-02 0.000000e+00 -3.741502e-02)	(-5.922756e-02 0.000000e+00 7.563077e-05)
1.791000e+04	lowerWall	(-7.952366e-02 0.000000e+00 -3.741502e-02)	(-5.922755e-02 0.000000e+00 7.871820e-05)
1.792000e+04	lowerWall	(-7.952366e-02 0.000000e+00 -3.741502e-02)	(-5.922754e-02 0.000000e+00 8.490935e-05)
1.793000e+04	lowerWall	(-7.952366e-02 0.000000e+00 -3.741501e-02)	(-5.922752e-02 0.000000e+00 9.257746e-05)
1.794000e+04	lowerWall	(-7.952366e-02 0.000000e+00 -3.741501e-02)	(-5.922751e-02 0.000000e+00 1.006718e-04)
1.795000e+04	lowerWall	(-7.952366e-02 0.000000e+00 -3.741501e-02)	(-5.922749e-02 0.000000e+00 1.093290e-04)
1.796000e+04	lowerWall	(-7.952367e-02 0.000000e+00 -3.741500e-02)	(-5.922749e-02 0.000000e+00 1.230880e-04)
1.797000e+04	lowerWall	(-7.952364e-02 0.000000e+00 -3.741503e-02)	(-5.922751e-02 0.000000e+00 1.964263e-05)
1.798000e+04	lowerWall	(-7.952364e-02 0.000000e+00 -3.741503e-02)	(-5.922750e-02 0.000000e+00 1.964358e-05)
1.799000e+04	lowerWall	(-7.952364e-02 0.000000e+00 -3.741503e-02)	(-5.922750e-02 0.000000e+00 1.965042e-05)
1.800000e+04	lowerWall	(-7.952363e-02 0.000000e+00 -3.741504e-02)	(-5.922749e-02 0.000000e+00 1.965184e-05)
1.801000e+04	lowerWall	(-7.952366e-02 0.000000e+00 -3.741502e-02)	(-5.922749e-02 0.000000e+00 5.055076e-05)
1.802000e+04	lowerWall	(-7.952366e-02 0.000000e+00 -3.741502e-02)	(-5.922748e-02 0.000000e+00 8.917071e-05)
1.803000e+04	lowerWall	(-7.952366e-02 0.000000e+00 -3.741502e-02)	(-5.922749e-02 0.000000e+00 6.528497e-05)
1.804000e+04	lowerWall	(-7.952365e-02 0.000000e+00 -3.741503e-02)	(-5.922751e-02 0.000000e+00 2.088338e-05)
1.805000e+04	lowerWall	(-7.952366e-02 0.000000e+00 -3.741502e-02)	(-5.922753e-02 0.000000e+00 5.077479e-05)
1.806000e+04	lowerWall	(-7.952365e-02 0.000000e+00 -3.741502e-02)	(-5.922754e-02 0.000000e+00 4.370913e-05)
1.807000e+04	lowerWall	(-7.952367e-02 0.000000e+00 -3.741501e-02)	(-5.922755e-02 0.000000e+00 8.851636e-05)
1.808000e+04	lowerWall	(-7.952367e-02 0.000000e+00 -3.741502e-02)	(-5.922759e-02 0.000000e+00 6.822832e-05)
1.809000e+04	lowerWall	(-7.952366e-02 0.000000e+00 -3.741502e-02)	(-5.922761e-02 0.000000e+00 5.548309e-05)
1.810000e+04	lowerWall	(-7.952366e-02 0.000000e+00 -3.741502e-02)	(-5.922763e-02 0.000000e+00 4.990898e-05)
1.811000e+04	lowerWall	(-7.952366e-02 0.000000e+00 -3.741501e-02)	(-5.922766e-02 0.000000e+00 8.664681e-05)
1.812000e+04	lowerWall	(-7.952365e-02 0.000000e+00 -3.741503e-02)	(-5.922768e-02 0.000000e+00 3.589099e-05)
1.813000e+04	lowerWall	(-7.952365e-02 0.000000e+00 -3.741503e-02)	(-5.922771e-02 0.000000e+00 3.821194e-05)
1.814000e+04	lowerWall	(-7.952364e-02 0.000000e+00 -3.741503e-02)	(-5.922773e-02 0.000000e+00 3.009386e-05)
1.815000e+04	lowerWall	(-7.952364e-02 0.000000e+00 -3.741503e-02)	(-5.922776e-02 0.000000e+00 3.116771e-05)
1.816000e+04	lowerWall	(-7.952364e-02 0.000000e+00 -3.741504e-02)	(-5.922778e-02 0.000000e+00 3.120006e-05)
1.817000e+04	lowerWall	(-7.952364e-02 0.000000e+00 -3.741504e-02)	(-5.922781e-02 0.000000e+00 2.970840e-05)
1.818000e+04	lowerWall	(-7.952369e-02 0.000000e+00 -3.741502e-02)	(-5.922783e-02 0.000000e+00 9.459769e-05)
1.819000e+04	lowerWall	(-7.952365e-02 0.000000e+00 -3.741504e-02)	(-5.922785e-02 0.000000e+00 3.686525e-05)
1.820000e+04	lowerWall	(-7.952368e-02 0.000000e+00 -3.741502e-02)	(-5.922785e-02 0.000000e+00 1.006580e-04)
1.821000e+04	lowerWall	(-7.952365e-02 0.000000e+00 -3.741504e-02)	(-5.922789e-02 0.000000e+00 4.130444e-05)
1.822000e+04	lowerWall	(-7.952365e-02 0.000000e+00 -3.741504e-02)	(-5.922790e-02 0.000000e+00 4.223316e-05)
1.823000e+04	lowerWall	(-7.952365e-02 0.000000e+00 -3.741504e-02)	(-5.922791e-02 0.000000e+00 4.326616e-05)
1.824000e+04	lowerWall	(-7.952369e-02 0.000000e+00 -3.741501e-02)	(-5.922790e-02 0.000000e+00 1.227919e-04)
1.825000e+04	lowerWall	(-7.952364e-02 0.000000e+00 -3.741505e-02)	(-5.922793e-02 0.000000e+00 3.978136e-05)
1.826000e+04	lowerWall	(-7.952364e-02 0.000000e+00 -3.741505e-02)	(-5.922794e-02 0.000000e+00 3.565817e-05)
1.827000e+04	lowerWall	(-7.952364e-02 0.000000e+00 -3.741505e-02)	(-5.922794e-02 0.000000e+00 3.094187e-05)
1.828000e+04	lowerWall	(-7.952364e-02 0.000000e+00 -3.741505e-02)	(-5.922793e-02 0.000000e+00 2.888932e-05)
1.829000e+04	lowerWall	(-7.952364e-02 0.000000e+00 -3.741505e-02)	(-5.922792e-02 0.000000e+00 2.894305e-05)
1.830000e+04	lowerWall	(-7.952363e-02 0.000000e+00 -3.741506e-02)	(-5.922791e-02 0.000000e+00 2.722820e-05)
1.831000e+04	lowerWall	(-7.952363e-02 0.000000e+00 -3.741506e-02)	(-5.922789e-02 0.000000e+00 2.281375e-05)
1.832000e+04	lowerWall	(-7.952363e-02 0.000000e+00 -3.741506e-02)	(-5.922786e-02 0.000000e+00 1.968893e-05)
1.833000e+04	lowerWall	(-7.952363e-02 0.000000e+00 -3.741507e-02)	(-5.922785e-02 0.000000e+00 2.366660e-05)
1.834000e+04	lowerWall	(-7.952364e-02 0.000000e+00 -3.741510e-02)	(-5.922793e-02 0.000000e+00 1.980779e-05)
1.835000e+04	lowerWall	(-7.952365e-02 0.000000e+00 -3.741503e-02)	(-5.922774e-02 0.000000e+00 7.867439e-05)
1.836000e+04	lowerWall	(-7.952365e-02 0.000000e+00 -3.741503e-02)	(-5.922768e-02 0.000000e+00 6.867557e-05)
1.837000e+04	lowerWall	(-7.952365e-02 0.000000e+00 -3.741503e-02)	(-5.922764e-02 0.000000e+00 6.261006e-05)
1.838000e+04	lowerWall	(-7.952365e-02 0.000000e+00 -3.741503e-02)	(-5.922758e-02 0.000000e+00 6.241634e-05)
1.839000e+04	lowerWall	(-7.952363e-02 0.000000e+00 -3.741508e-02)	(-5.922766e-02 0.000000e+00 1.979097e-05)
1.840000e+04	lowerWall	(-7.952363e-02 0.000000e+00 -3.741509e-02)	(-5.922755e-02 0.000000e+00 1.977429e-05)
1.841000e+04	lowerWall	(-7.952362e-02 0.000000e+00 -3.741509e-02)	(-5.922755e-02 0.000000e+00 1.982666e-05)
1.842000e+04	lowerWall	(-7.952365e-02 0.000000e+00 -3.741501e-02)	(-5.922730e-02 0.000000e+00 7.496511e-05)
1.843000e+04	lowerWall	(-7.952364e-02 0.000000e+00 -3.741503e-02)	(-5.922730e-02 0.000000e+00 2.219900e-05)
1.844000e+04	lowerWall	(-7.952365e-02 0.000000e+00 -3.741501e-02)	(-5.922717e-02 0.000000e+00 6.157244e-05)
1.845000e+04	lowerWall	(-7.952363e-02 0.000000e+00 -3.741509e-02)	(-5.922723e-02 0.000000e+00 1.978136e-05)
1.846000e+04	lowerWall	(-7.952374e-02 0.000000e+00 -3.741509e-02)	(-5.922782e-02 0.000000e+00 2.010608e-05)
1.847000e+04	lowerWall	(-7.952372e-02 0.000000e+00 -3.741514e-02)	(-5.922763e-02 0.000000e+00 2.042071e-05)
1.848000e+04	lowerWall	(-7.952373e-02 0.000000e+00 -3.741518e-02)	(-5.922770e-02 0.000000e+00 2.061534e-05)
1.849000e+04	lowerWall	(-7.952376e-02 0.000000e+00 -3.741523e-02)	(-5.922782e-02 0.000000e+00 2.079619e-05)
1.850000e+04	lowerWall	(-7.952360e-02 0.000000e+00 -3.741493e-02)	(-5.922649e-02 0.000000e+00 2.123179e-04)
1.851000e+04	lowerWall	(-7.952359e-02 0.000000e+00 -3.741488e-02)	(-5.922626e-02 0.000000e+00 3.384159e-04)
1.852000e+04	lowerWall	(-7.952355e-02 0.000000e+00 -3.741482e-02)	(-5.922603e-02 0.000000e+00 4.004058e-04)
1.853000e+04	lowerWall	(-7.952364e-02 0.000000e+00 -3.741505e-02)	(-5.922683e-02 0.000000e+00 1.982845e-05)
1.854000e+04	lowerWall	(-7.952364e-02 0.000000e+00 -3.741497e-02)	(-5.922664e-02 0.000000e+00 1.042204e-04)
1.855000e+04	lowerWall	(-7.952364e-02 0.000000e+00 -3.741496e-02)	(-5.922664e-02 0.000000e+00 1.181761e-04)
1.856000e+04	lowerWall	(-7.952364e-02 0.000000e+00 -3.741500e-02)	(-5.922677e-02 0.000000e+00 4.639702e-05)
1.857000e+04	lowerWall	(-7.952364e-02 0.000000e+00 -3.741497e-02)	(-5.922669e-02 0.000000e+00 1.246848e-04)
1.858000e+04	lowerWall	(-7.952364e-02 0.000000e+00 -3.741501e-02)	(-5.922686e-02 0.000000e+00 5.300806e-05)
1.859000e+04	lowerWall	(-7.952364e-02 0.000000e+00 -3.741501e-02)	(-5.922691e-02 0.000000e+00 5.445065e-05)
1.860000e+04	lowerWall	(-7.952365e-02 0.000000e+00 -3.741498e-02)	(-5.922689e-02 0.000000e+00 1.408124e-04)
1.861000e+04	lowerWall	(-7.952365e-02 0.000000e+00 -3.741502e-02)	(-5.922704e-02 0.000000e+00 6.094415e-05)
1.862000e+04	lowerWall	(-7.952364e-02 0.000000e+00 -3.741500e-02)	(-5.922700e-02 0.000000e+00 1.053674e-04)
1.863000e+04	lowerWall	(-7.952368e-02 0.000000e+00 -3.741509e-02)	(-5.922746e-02 0.000000e+00 1.998488e-05)
1.864000e+04	lowerWall	(-7.952369e-02 0.000000e+00 -3.741510e-02)	(-5.922761e-02 0.000000e+00 2.003029e-05)
1.865000e+04	lowerWall	(-7.952369e-02 0.000000e+00 -3.741512e-02)	(-5.922772e-02 0.000000e+00 2.005971e-05)
1.866000e+04	lowerWall	(-7.952369e-02 0.000000e+00 -3.741513e-02)	(-5.922782e-02 0.000000e+00 2.012303e-05)
1.867000e+04	lowerWall	(-7.952371e-02 0.000000e+00 -3.741516e-02)	(-5.922802e-02 0.000000e+00 2.014669e-05)
1.868000e+04	lowerWall	(-7.952372e-02 0.000000e+00 -3.741518e-02)	(-5.922815e-02 0.000000e+00 2.021608e-05)
1.869000e+04	lowerWall	(-7.952365e-02 0.000000e+00 -3.741507e-02)	(-5.922776e-02 0.000000e+00 5.284732e-05)
1.870000e+04	lowerWall	(-7.952364e-02 0.000000e+00 -3.741502e-02)	(-5.922762e-02 0.000000e+00 1.119643e-04)
1.871000e+04	lowerWall	(-7.952365e-02 0.000000e+00 -3.741507e-02)	(-5.922788e-02 0.000000e+00 4.348727e-05)
1.872000e+04	lowerWall	(-7.952365e-02 0.000000e+00 -3.741500e-02)	(-5.922775e-02 0.000000e+00 1.503866e-04)
1.873000e+04	lowerWall	(-7.952365e-02 0.000000e+00 -3.741508e-02)	(-5.922796e-02 0.000000e+00 3.132529e-05)
1.874000e+04	lowerWall	(-7.952365e-02 0.000000e+00 -3.741499e-02)	(-5.922777e-02 0.000000e+00 1.975198e-04)
1.875000e+04	lowerWall	(-7.952365e-02 0.000000e+00 -3.741498e-02)	(-5.922775e-02 0.000000e+00 2.279247e-04)
1.876000e+04	lowerWall	(-7.952365e-02 0.000000e+00 -3.741497e-02)	(-5.922772e-02 0.000000e+00 2.600655e-04)
1.877000e+04	lowerWall	(-7.952365e-02 0.000000e+00 -3.741506e-02)	(-5.922801e-02 0.000000e+00 6.799217e-05)
1.878000e+04	lowerWall	(-7.952370e-02 0.000000e+00 -3.741512e-02)	(-5.922817e-02 0.000000e+00 2.007913e-05)
1.879000e+04	lowerWall	(-7.952369e-02 0.000000e+00 -3.741513e-02)	(-5.922811e-02 0.000000e+00 2.017496e-05)
1.880000e+04	lowerWall	(-7.952372e-02 0.000000e+00 -3.741517e-02)	(-5.922825e-02 0.000000e+00 2.046590e-05)
1.881000e+04	lowerWall	(-7.952360e-02 0.000000e+00 -3.741502e-02)	(-5.915732e-02 0.000000e+00 1.485293e-04)
1.882000e+04	lowerWall	(-7.952360e-02 0.000000e+00 -3.741500e-02)	(-5.922726e-02 0.000000e+00 1.787046e-04)
1.883000e+04	lowerWall	(-7.952364e-02 0.000000e+00 -3.741508e-02)	(-5.922753e-02 0.000000e+00 1.978523e-05)
1.884000e+04	lowerWall	(-7.952359e-02 0.000000e+00 -3.741497e-02)	(-5.920116e-02 0.000000e+00 2.603611e-04)
1.885000e+04	lowerWall	(-7.952359e-02 0.000000e+00 -3.741495e-02)	(-5.922675e-02 0.000000e+00 3.311633e-04)
1.886000e+04	lowerWall	(-7.952359e-02 0.000000e+00 -3.741491e-02)	(-5.922654e-02 0.000000e+00 4.166934e-04)
1.887000e+04	lowerWall	(-7.952363e-02 0.000000e+00 -3.741501e-02)	(-5.922688e-02 0.000000e+00 5.507792e-05)
1.888000e+04	lowerWall	(-7.952363e-02 0.000000e+00 -3.741482e-02)	(-5.922642e-02 0.000000e+00 6.531037e-04)
1.889000e+04	lowerWall	(-7.952363e-02 0.000000e+00 -3.741486e-02)	(-5.922574e-02 0.000000e+00 6.370609e-04)
1.890000e+04	lowerWall	(-7.952321e-02 0.000000e+00 -3.741476e-02)	(-5.922456e-02 0.000000e+00 1.300154e-03)
1.891000e+04	lowerWall	(-7.952311e-02 0.000000e+00 -3.741460e-02)	(-5.922394e-02 0.000000e+00 1.762585e-03)
1.892000e+04	lowerWall	(-7.952378e-02 0.000000e+00 -3.741516e-02)	(-5.922734e-02 0.000000e+00 2.086320e-05)
1.893000e+04	lowerWall	(-7.953171e-02 0.000000e+00 -3.741523e-02)	(-5.924636e-02 0.000000e+00 2.454448e-05)
1.894000e+04	lowerWall	(-7.952295e-02 0.000000e+00 -3.741519e-02)	(-5.922476e-02 0.000000e+00 5.616867e-04)
1.895000e+04	lowerWall	(-7.952259e-02 0.000000e+00 -3.741518e-02)	(-5.922388e-02 0.000000e+00 9.971046e-04)
1.896000e+04	lowerWall	(-7.952403e-02 0.000000e+00 -3.741488e-02)	(-5.922713e-02 0.000000e+00 2.123120e-05)
1.897000e+04	lowerWall	(-7.952299e-02 0.000000e+00 -3.741520e-02)	(-5.922485e-02 0.000000e+00 2.502619e-04)
1.898000e+04	lowerWall	(-7.952307e-02 0.000000e+00 -3.741525e-02)	(-5.922530e-02 0.000000e+00 5.137388e-04)
1.899000e+04	lowerWall	(-7.952388e-02 0.000000e+00 -3.741489e-02)	(-5.922678e-02 0.000000e+00 2.028417e-05)
1.900000e+04	lowerWall	(-7.952395e-02 0.000000e+00 -3.741485e-02)	(-5.922707e-02 0.000000e+00 2.053982e-05)
1.901000e+04	lowerWall	(-7.952403e-02 0.000000e+00 -3.741481e-02)	(-5.922745e-02 0.000000e+00 2.078700e-05)
1.902000e+04	lowerWall	(-7.952413e-02 0.000000e+00 -3.741478e-02)	(-5.922789e-02 0.000000e+00 2.108690e-05)
1.903000e+04	lowerWall	(-7.952339e-02 0.000000e+00 -3.741505e-02)	(-5.922676e-02 0.000000e+00 2.706097e-04)
1.904000e+04	lowerWall	(-7.952353e-02 0.000000e+00 -3.741499e-02)	(-5.922723e-02 0.000000e+00 8.416854e-05)
1.905000e+04	lowerWall	(-7.952329e-02 0.000000e+00 -3.741554e-02)	(-5.922672e-02 0.000000e+00 9.456053e-04)
1.906000e+04	lowerWall	(-7.952345e-02 0.000000e+00 -3.741517e-02)	(-5.922727e-02 0.000000e+00 2.927592e-04)
1.907000e+04	lowerWall	(-7.952362e-02 0.000000e+00 -3.741507e-02)	(-5.922742e-02 0.000000e+00 1.295199e-04)
1.908000e+04	lowerWall	(-7.952373e-02 0.000000e+00 -3.741489e-02)	(-5.922745e-02 0.000000e+00 1.951669e-05)
1.909000e+04	lowerWall	(-7.952369e-02 0.000000e+00 -3.741490e-02)	(-5.922727e-02 0.000000e+00 1.952546e-05)
1.910000e+04	lowerWall	(-7.952371e-02 0.000000e+00 -3.741491e-02)	(-5.922721e-02 0.000000e+00 1.951108e-05)
1.911000e+04	lowerWall	(-7.952374e-02 0.000000e+00 -3.741489e-02)	(-5.922720e-02 0.000000e+00 1.955136e-05)
1.912000e+04	lowerWall	(-7.952378e-02 0.000000e+00 -3.741488e-02)	(-5.922724e-02 0.000000e+00 1.961292e-05)
1.913000e+04	lowerWall	(-7.952364e-02 0.000000e+00 -3.741501e-02)	(-5.922712e-02 0.000000e+00 7.605365e-05)
1.914000e+04	lowerWall	(-7.952383e-02 0.000000e+00 -3.741489e-02)	(-5.922721e-02 0.000000e+00 1.977771e-05)
1.915000e+04	lowerWall	(-7.952362e-02 0.000000e+00 -3.741501e-02)	(-5.922691e-02 0.000000e+00 1.021908e-04)
1.916000e+04	lowerWall	(-7.952399e-02 0.000000e+00 -3.741485e-02)	(-5.922731e-02 0.000000e+00 2.024819e-05)
1.917000e+04	lowerWall	(-7.952349e-02 0.000000e+00 -3.741505e-02)	(-5.922648e-02 0.000000e+00 2.585656e-04)
1.918000e+04	lowerWall	(-7.952364e-02 0.000000e+00 -3.741501e-02)	(-5.922665e-02 0.000000e+00 4.474491e-05)
1.919000e+04	lowerWall	(-7.952347e-02 0.000000e+00 -3.741513e-02)	(-5.922638e-02 0.000000e+00 3.700711e-04)
1.920000e+04	lowerWall	(-7.952337e-02 0.000000e+00 -3.741516e-02)	(-5.922606e-02 0.000000e+00 4.925368e-04)
1.921000e+04	lowerWall	(-7.952323e-02 0.000000e+00 -3.741518e-02)	(-5.922559e-02 0.000000e+00 6.069578e-04)
1.922000e+04	lowerWall	(-7.952378e-02 0.000000e+00 -3.741494e-02)	(-5.922666e-02 0.000000e+00 1.974813e-05)
1.923000e+04	lowerWall	(-7.952383e-02 0.000000e+00 -3.741492e-02)	(-5.922625e-02 0.000000e+00 1.979679e-05)
1.924000e+04	lowerWall	(-7.952401e-02 0.000000e+00 -3.741487e-02)	(-5.922655e-02 0.000000e+00 2.024629e-05)
1.925000e+04	lowerWall	(-7.952340e-02 0.000000e+00 -3.741515e-02)	(-5.922570e-02 0.000000e+00 4.385793e-04)
1.926000e+04	lowerWall	(-7.952320e-02 0.000000e+00 -3.741518e-02)	(-5.922524e-02 0.000000e+00 7.047957e-04)
1.927000e+04	lowerWall	(-7.952377e-02 0.000000e+00 -3.741503e-02)	(-5.922639e-02 0.000000e+00 1.999368e-05)
1.928000e+04	lowerWall	(-7.952337e-02 0.000000e+00 -3.741509e-02)	(-5.922553e-02 0.000000e+00 1.732559e-04)
1.929000e+04	lowerWall	(-7.952402e-02 0.000000e+00 -3.741491e-02)	(-5.922689e-02 0.000000e+00 2.043514e-05)
1.930000e+04	lowerWall	(-7.952342e-02 0.000000e+00 -3.741510e-02)	(-5.922604e-02 0.000000e+00 3.953689e-04)
1.931000e+04	lowerWall	(-7.952352e-02 0.000000e+00 -3.741511e-02)	(-5.922624e-02 0.000000e+00 5.539915e-04)
1.932000e+04	lowerWall	(-7.952350e-02 0.000000e+00 -3.741510e-02)	(-5.922633e-02 0.000000e+00 6.784606e-04)
1.933000e+04	lowerWall	(-7.952320e-02 0.000000e+00 -3.741507e-02)	(-5.922597e-02 0.000000e+00 7.458038e-04)
1.934000e+04	lowerWall	(-7.952330e-02 0.000000e+00 -3.741508e-02)	(-5.922594e-02 0.000000e+00 1.363494e-03)
1.935000e+04	lowerWall	(-7.952220e-02 0.000000e+00 -3.741555e-02)	(-5.922248e-02 0.000000e+00 2.278806e-04)
1.936000e+04	lowerWall	(-7.952313e-02 0.000000e+00 -3.741537e-02)	(-5.922688e-02 0.000000e+00 4.355927e-04)
1.937000e+04	lowerWall	(-7.952399e-02 0.000000e+00 -3.741464e-02)	(-5.922757e-02 0.000000e+00 2.013893e-05)
1.938000e+04	lowerWall	(-7.952385e-02 0.000000e+00 -3.741452e-02)	(-5.922778e-02 0.000000e+00 2.090971e-05)
1.939000e+04	lowerWall	(-7.952347e-02 0.000000e+00 -3.741514e-02)	(-5.922744e-02 0.000000e+00 2.081011e-04)
1.940000e+04	lowerWall	(-7.952364e-02 0.000000e+00 -3.741499e-02)	(-5.922757e-02 0.000000e+00 1.999880e-05)
1.941000e+04	lowerWall	(-7.952380e-02 0.000000e+00 -3.741486e-02)	(-5.922762e-02 0.000000e+00 1.975272e-05)
1.942000e+04	lowerWall	(-7.952385e-02 0.000000e+00 -3.741481e-02)	(-5.922766e-02 0.000000e+00 1.994206e-05)
1.943000e+04	lowerWall	(-7.952362e-02 0.000000e+00 -3.741507e-02)	(-5.922744e-02 0.000000e+00 1.576238e-04)
1.944000e+04	lowerWall	(-7.952368e-02 0.000000e+00 -3.741500e-02)	(-5.922744e-02 0.000000e+00 1.964582e-05)
1.945000e+04	lowerWall	(-7.952346e-02 0.000000e+00 -3.741515e-02)	(-5.922704e-02 0.000000e+00 2.396878e-04)
1.946000e+04	lowerWall	(-7.952467e-02 0.000000e+00 -3.741468e-02)	(-5.922879e-02 0.000000e+00 2.181687e-05)
1.947000e+04	lowerWall	(-7.952328e-02 0.000000e+00 -3.741511e-02)	(-5.916223e-02 0.000000e+00 4.145486e-04)
1.948000e+04	lowerWall	(-7.952322e-02 0.000000e+00 -3.741513e-02)	(-5.915175e-02 0.000000e+00 5.108745e-04)
1.949000e+04	lowerWall	(-7.952358e-02 0.000000e+00 -3.741504e-02)	(-5.922662e-02 0.000000e+00 7.669564e-05)
1.950000e+04	lowerWall	(-7.952357e-02 0.000000e+00 -3.741503e-02)	(-5.922644e-02 0.000000e+00 8.182536e-05)
1.951000e+04	lowerWall	(-7.952284e-02 0.000000e+00 -3.741509e-02)	(-5.922453e-02 0.000000e+00 8.533915e-04)
1.952000e+04	lowerWall	(-7.952262e-02 0.000000e+00 -3.741507e-02)	(-5.922375e-02 0.000000e+00 1.108985e-03)
1.953000e+04	lowerWall	(-7.952364e-02 0.000000e+00 -3.741507e-02)	(-5.922573e-02 0.000000e+00 6.557662e-05)
1.954000e+04	lowerWall	(-7.952327e-02 0.000000e+00 -3.741512e-02)	(-5.922513e-02 0.000000e+00 3.750558e-04)
1.955000e+04	lowerWall	(-7.952301e-02 0.000000e+00 -3.741527e-02)	(-5.922467e-02 0.000000e+00 6.175630e-04)
1.956000e+04	lowerWall	(-7.952242e-02 0.000000e+00 -3.741541e-02)	(-5.922370e-02 0.000000e+00 1.274859e-03)
1.957000e+04	lowerWall	(-7.952419e-02 0.000000e+00 -3.741490e-02)	(-5.922665e-02 0.000000e+00 2.106556e-05)
1.958000e+04	lowerWall	(-7.952327e-02 0.000000e+00 -3.741514e-02)	(-5.922492e-02 0.000000e+00 4.128782e-04)
1.959000e+04	lowerWall	(-7.952306e-02 0.000000e+00 -3.741515e-02)	(-5.922444e-02 0.000000e+00 6.778102e-04)
1.960000e+04	lowerWall	(-7.952303e-02 0.000000e+00 -3.741523e-02)	(-5.922377e-02 0.000000e+00 1.695797e-03)
1.961000e+04	lowerWall	(-7.952342e-02 0.000000e+00 -3.741510e-02)	(-5.922535e-02 0.000000e+00 2.082162e-04)
1.962000e+04	lowerWall	(-7.952446e-02 0.000000e+00 -3.741483e-02)	(-5.922737e-02 0.000000e+00 2.199730e-05)
1.963000e+04	lowerWall	(-7.952354e-02 0.000000e+00 -3.741501e-02)	(-5.922607e-02 0.000000e+00 2.344757e-05)
1.964000e+04	lowerWall	(-7.952378e-02 0.000000e+00 -3.741498e-02)	(-5.922641e-02 0.000000e+00 1.991405e-05)
1.965000e+04	lowerWall	(-7.952384e-02 0.000000e+00 -3.741495e-02)	(-5.922675e-02 0.000000e+00 2.012188e-05)
1.966000e+04	lowerWall	(-7.952402e-02 0.000000e+00 -3.741491e-02)	(-5.922730e-02 0.000000e+00 2.060714e-05)
1.967000e+04	lowerWall	(-7.952314e-02 0.000000e+00 -3.741513e-02)	(-5.922562e-02 0.000000e+00 2.779532e-04)
1.968000e+04	lowerWall	(-7.952317e-02 0.000000e+00 -3.741519e-02)	(-5.922627e-02 0.000000e+00 5.634633e-04)
1.969000e+04	lowerWall	(-7.952310e-02 0.000000e+00 -3.741522e-02)	(-5.922628e-02 0.000000e+00 7.605891e-04)
1.970000e+04	lowerWall	(-7.952386e-02 0.000000e+00 -3.741489e-02)	(-5.922740e-02 0.000000e+00 1.983719e-05)
1.971000e+04	lowerWall	(-7.952362e-02 0.000000e+00 -3.741520e-02)	(-5.922775e-02 0.000000e+00 2.715970e-04)
1.972000e+04	lowerWall	(-7.952363e-02 0.000000e+00 -3.741490e-02)	(-5.922682e-02 0.000000e+00 1.886537e-05)
1.973000e+04	lowerWall	(-7.952380e-02 0.000000e+00 -3.741469e-02)	(-5.922670e-02 0.000000e+00 1.841484e-05)
1.974000e+04	lowerWall	(-7.952356e-02 0.000000e+00 -3.741514e-02)	(-5.922747e-02 0.000000e+00 2.939786e-04)
1.975000e+04	lowerWall	(-7.952375e-02 0.000000e+00 -3.741492e-02)	(-5.922727e-02 0.000000e+00 1.946592e-05)
1.976000e+04	lowerWall	(-7.952370e-02 0.000000e+00 -3.741489e-02)	(-5.922727e-02 0.000000e+00 1.976112e-05)
1.977000e+04	lowerWall	(-7.952356e-02 0.000000e+00 -3.741510e-02)	(-5.922708e-02 0.000000e+00 1.442532e-04)
1.978000e+04	lowerWall	(-7.952353e-02 0.000000e+00 -3.741511e-02)	(-5.922693e-02 0.000000e+00 1.675669e-04)
1.979000e+04	lowerWall	(-7.952346e-02 0.000000e+00 -3.741513e-02)	(-5.922670e-02 0.000000e+00 2.754337e-04)
1.980000e+04	lowerWall	(-7.952359e-02 0.000000e+00 -3.741508e-02)	(-5.922676e-02 0.000000e+00 4.573159e-05)
1.981000e+04	lowerWall	(-7.952359e-02 0.000000e+00 -3.741507e-02)	(-5.922666e-02 0.000000e+00 4.441592e-05)
1.982000e+04	lowerWall	(-7.952369e-02 0.000000e+00 -3.741505e-02)	(-5.922677e-02 0.000000e+00 1.974035e-05)
1.983000e+04	lowerWall	(-7.952328e-02 0.000000e+00 -3.741511e-02)	(-5.922582e-02 0.000000e+00 4.311385e-04)
1.984000e+04	lowerWall	(-7.952325e-02 0.000000e+00 -3.741511e-02)	(-5.922567e-02 0.000000e+00 5.392834e-04)
1.985000e+04	lowerWall	(-7.952369e-02 0.000000e+00 -3.741507e-02)	(-5.922647e-02 0.000000e+00 1.959657e-05)
1.986000e+04	lowerWall	(-7.952343e-02 0.000000e+00 -3.741512e-02)	(-5.922601e-02 0.000000e+00 2.481648e-04)
1.987000e+04	lowerWall	(-7.952337e-02 0.000000e+00 -3.741512e-02)	(-5.922587e-02 0.000000e+00 3.319101e-04)
1.988000e+04	lowerWall	(-7.952324e-02 0.000000e+00 -3.741512e-02)	(-5.922559e-02 0.000000e+00 5.405459e-04)
1.989000e+04	lowerWall	(-7.952374e-02 0.000000e+00 -3.741506e-02)	(-5.922669e-02 0.000000e+00 1.999459e-05)
1.990000e+04	lowerWall	(-7.952372e-02 0.000000e+00 -3.741501e-02)	(-5.922663e-02 0.000000e+00 2.002731e-05)
1.991000e+04	lowerWall	(-7.952391e-02 0.000000e+00 -3.741500e-02)	(-5.922714e-02 0.000000e+00 2.028854e-05)
1.992000e+04	lowerWall	(-7.952399e-02 0.000000e+00 -3.741499e-02)	(-5.922746e-02 0.000000e+00 2.055288e-05)
1.993000e+04	lowerWall	(-7.952408e-02 0.000000e+00 -3.741500e-02)	(-5.922786e-02 0.000000e+00 2.086487e-05)
1.994000e+04	lowerWall	(-7.952419e-02 0.000000e+00 -3.741500e-02)	(-5.922831e-02 0.000000e+00 2.125828e-05)
1.995000e+04	lowerWall	(-7.952358e-02 0.000000e+00 -3.741503e-02)	(-5.922721e-02 0.000000e+00 1.966612e-05)
1.996000e+04	lowerWall	(-7.952376e-02 0.000000e+00 -3.741502e-02)	(-5.922747e-02 0.000000e+00 1.994549e-05)
1.997000e+04	lowerWall	(-7.952386e-02 0.000000e+00 -3.741501e-02)	(-5.922779e-02 0.000000e+00 2.027017e-05)
1.998000e+04	lowerWall	(-7.952356e-02 0.000000e+00 -3.741512e-02)	(-5.922742e-02 0.000000e+00 2.517634e-04)
1.999000e+04	lowerWall	(-7.952329e-02 0.000000e+00 -3.741514e-02)	(-5.922687e-02 0.000000e+00 4.748379e-04)
2.000000e+04	lowerWall	(-7.952335e-02 0.000000e+00 -3.741521e-02)	(-5.922671e-02 0.000000e+00 9.479357e-04)
2.001000e+04	lowerWall	(-7.952358e-02 0.000000e+00 -3.741510e-02)	(-5.922753e-02 0.000000e+00 1.739017e-04)
2.002000e+04	lowerWall	(-7.952365e-02 0.000000e+00 -3.741502e-02)	(-5.922745e-02 0.000000e+00 1.963271e-05)
2.003000e+04	lowerWall	(-7.952365e-02 0.000000e+00 -3.741501e-02)	(-5.922741e-02 0.000000e+00 1.969330e-05)
2.004000e+04	lowerWall	(-7.952360e-02 0.000000e+00 -3.741507e-02)	(-5.922730e-02 0.000000e+00 5.764280e-05)
2.005000e+04	lowerWall	(-7.952360e-02 0.000000e+00 -3.741507e-02)	(-5.922723e-02 0.000000e+00 5.785981e-05)
2.006000e+04	lowerWall	(-7.952364e-02 0.000000e+00 -3.741503e-02)	(-5.922714e-02 0.000000e+00 1.956757e-05)
2.007000e+04	lowerWall	(-7.952361e-02 0.000000e+00 -3.741507e-02)	(-5.922709e-02 0.000000e+00 3.782605e-05)
2.008000e+04	lowerWall	(-7.952391e-02 0.000000e+00 -3.741492e-02)	(-5.922734e-02 0.000000e+00 1.991324e-05)
2.009000e+04	lowerWall	(-7.952351e-02 0.000000e+00 -3.741513e-02)	(-5.922679e-02 0.000000e+00 1.517232e-04)
2.010000e+04	lowerWall	(-7.952347e-02 0.000000e+00 -3.741514e-02)	(-5.922661e-02 0.000000e+00 1.851927e-04)
2.011000e+04	lowerWall	(-7.952343e-02 0.000000e+00 -3.741515e-02)	(-5.922641e-02 0.000000e+00 2.301760e-04)
2.012000e+04	lowerWall	(-7.952338e-02 0.000000e+00 -3.741515e-02)	(-5.922620e-02 0.000000e+00 2.842542e-04)
2.013000e+04	lowerWall	(-7.952333e-02 0.000000e+00 -3.741515e-02)	(-5.922600e-02 0.000000e+00 3.446988e-04)
2.014000e+04	lowerWall	(-7.952329e-02 0.000000e+00 -3.741515e-02)	(-5.922584e-02 0.000000e+00 4.157023e-04)
2.015000e+04	lowerWall	(-7.952343e-02 0.000000e+00 -3.741512e-02)	(-5.922607e-02 0.000000e+00 1.071297e-04)
2.016000e+04	lowerWall	(-7.952357e-02 0.000000e+00 -3.741511e-02)	(-5.922657e-02 0.000000e+00 5.833257e-05)
2.017000e+04	lowerWall	(-7.952357e-02 0.000000e+00 -3.741506e-02)	(-5.922657e-02 0.000000e+00 3.681979e-05)
2.018000e+04	lowerWall	(-7.952404e-02 0.000000e+00 -3.741508e-02)	(-5.922985e-02 0.000000e+00 6.443405e-05)
2.019000e+04	lowerWall	(-7.952323e-02 0.000000e+00 -3.741503e-02)	(-5.922562e-02 0.000000e+00 1.778849e-05)
2.020000e+04	lowerWall	(-7.952332e-02 0.000000e+00 -3.741492e-02)	(-5.922572e-02 0.000000e+00 1.766389e-05)
2.021000e+04	lowerWall	(-7.952368e-02 0.000000e+00 -3.741514e-02)	(-5.922733e-02 0.000000e+00 1.715808e-04)
2.022000e+04	lowerWall	(-7.952366e-02 0.000000e+00 -3.741514e-02)	(-5.922743e-02 0.000000e+00 1.945907e-04)
2.023000e+04	lowerWall	(-7.952361e-02 0.000000e+00 -3.741502e-02)	(-5.922718e-02 0.000000e+00 1.943518e-05)
2.024000e+04	lowerWall	(-7.952359e-02 0.000000e+00 -3.741502e-02)	(-5.922724e-02 0.000000e+00 1.927863e-05)
2.025000e+04	lowerWall	(-7.952360e-02 0.000000e+00 -3.741502e-02)	(-5.922740e-02 0.000000e+00 1.930853e-05)
2.026000e+04	lowerWall	(-7.952362e-02 0.000000e+00 -3.741501e-02)	(-5.922756e-02 0.000000e+00 1.935219e-05)
2.027000e+04	lowerWall	(-7.952365e-02 0.000000e+00 -3.741500e-02)	(-5.922771e-02 0.000000e+00 1.941709e-05)
2.028000e+04	lowerWall	(-7.952366e-02 0.000000e+00 -3.741504e-02)	(-5.922797e-02 0.000000e+00 2.831780e-05)
2.029000e+04	lowerWall	(-7.952364e-02 0.000000e+00 -3.741504e-02)	(-5.922797e-02 0.000000e+00 2.122927e-05)
2.030000e+04	lowerWall	(-7.952365e-02 0.000000e+00 -3.741504e-02)	(-5.922806e-02 0.000000e+00 1.954408e-05)
2.031000e+04	lowerWall	(-7.952366e-02 0.000000e+00 -3.741504e-02)	(-5.922813e-02 0.000000e+00 1.956540e-05)
2.032000e+04	lowerWall	(-7.952367e-02 0.000000e+00 -3.741503e-02)	(-5.922819e-02 0.000000e+00 1.958561e-05)
2.033000e+04	lowerWall	(-7.952368e-02 0.000000e+00 -3.741503e-02)	(-5.922823e-02 0.000000e+00 1.960669e-05)
2.034000e+04	lowerWall	(-7.952369e-02 0.000000e+00 -3.741503e-02)	(-5.922827e-02 0.000000e+00 1.963113e-05)
2.035000e+04	lowerWall	(-7.952370e-02 0.000000e+00 -3.741502e-02)	(-5.922829e-02 0.000000e+00 1.966158e-05)
2.036000e+04	lowerWall	(-7.952362e-02 0.000000e+00 -3.741505e-02)	(-5.922816e-02 0.000000e+00 6.619915e-05)
2.037000e+04	lowerWall	(-7.952371e-02 0.000000e+00 -3.741500e-02)	(-5.922819e-02 0.000000e+00 1.959595e-05)
2.038000e+04	lowerWall	(-7.952373e-02 0.000000e+00 -3.741499e-02)	(-5.922818e-02 0.000000e+00 1.965540e-05)
2.039000e+04	lowerWall	(-7.952375e-02 0.000000e+00 -3.741499e-02)	(-5.922818e-02 0.000000e+00 1.972931e-05)
2.040000e+04	lowerWall	(-7.952385e-02 0.000000e+00 -3.741497e-02)	(-5.922829e-02 0.000000e+00 1.994641e-05)
2.041000e+04	lowerWall	(-7.952356e-02 0.000000e+00 -3.741504e-02)	(-5.922776e-02 0.000000e+00 1.608991e-04)
2.042000e+04	lowerWall	(-7.952370e-02 0.000000e+00 -3.741502e-02)	(-5.922791e-02 0.000000e+00 1.963981e-05)
2.043000e+04	lowerWall	(-7.952351e-02 0.000000e+00 -3.741504e-02)	(-5.922741e-02 0.000000e+00 2.128536e-04)
2.044000e+04	lowerWall	(-7.952371e-02 0.000000e+00 -3.741502e-02)	(-5.922774e-02 0.000000e+00 1.970052e-05)
2.045000e+04	lowerWall	(-7.952363e-02 0.000000e+00 -3.741502e-02)	(-5.922745e-02 0.000000e+00 5.931880e-05)
2.046000e+04	lowerWall	(-7.952361e-02 0.000000e+00 -3.741503e-02)	(-5.922731e-02 0.000000e+00 8.869973e-05)
2.047000e+04	lowerWall	(-7.952360e-02 0.000000e+00 -3.741503e-02)	(-5.922719e-02 0.000000e+00 9.643352e-05)
2.048000e+04	lowerWall	(-7.952358e-02 0.000000e+00 -3.741503e-02)	(-5.922703e-02 0.000000e+00 1.123990e-04)
2.049000e+04	lowerWall	(-7.952357e-02 0.000000e+00 -3.741503e-02)	(-5.922688e-02 0.000000e+00 1.253989e-04)
2.050000e+04	lowerWall	(-7.952355e-02 0.000000e+00 -3.741503e-02)	(-5.922676e-02 0.000000e+00 1.463582e-04)
2.051000e+04	lowerWall	(-7.952359e-02 0.000000e+00 -3.741502e-02)	(-5.922665e-02 0.000000e+00 2.509554e-04)
2.052000e+04	lowerWall	(-7.952370e-02 0.000000e+00 -3.741502e-02)	(-5.922695e-02 0.000000e+00 2.428484e-05)
2.053000e+04	lowerWall	(-7.952367e-02 0.000000e+00 -3.741503e-02)	(-5.922683e-02 0.000000e+00 2.421949e-05)
2.054000e+04	lowerWall	(-7.952373e-02 0.000000e+00 -3.741503e-02)	(-5.922688e-02 0.000000e+00 1.982257e-05)
2.055000e+04	lowerWall	(-7.952326e-02 0.000000e+00 -3.741495e-02)	(-5.922547e-02 0.000000e+00 4.326514e-04)
2.056000e+04	lowerWall	(-7.952368e-02 0.000000e+00 -3.741505e-02)	(-5.922669e-02 0.000000e+00 2.006116e-05)
2.057000e+04	lowerWall	(-7.952368e-02 0.000000e+00 -3.741506e-02)	(-5.922671e-02 0.000000e+00 2.017896e-05)
2.058000e+04	lowerWall	(-7.952358e-02 0.000000e+00 -3.741501e-02)	(-5.922624e-02 0.000000e+00 1.026415e-04)
2.059000e+04	lowerWall	(-7.952357e-02 0.000000e+00 -3.741500e-02)	(-5.922619e-02 0.000000e+00 1.174412e-04)
2.060000e+04	lowerWall	(-7.952355e-02 0.000000e+00 -3.741500e-02)	(-5.922613e-02 0.000000e+00 1.351746e-04)
2.061000e+04	lowerWall	(-7.952353e-02 0.000000e+00 -3.741499e-02)	(-5.922607e-02 0.000000e+00 1.542183e-04)
2.062000e+04	lowerWall	(-7.952352e-02 0.000000e+00 -3.741498e-02)	(-5.922599e-02 0.000000e+00 1.790885e-04)
2.063000e+04	lowerWall	(-7.952346e-02 0.000000e+00 -3.741495e-02)	(-5.922580e-02 0.000000e+00 2.733202e-04)
2.064000e+04	lowerWall	(-7.952340e-02 0.000000e+00 -3.741492e-02)	(-5.922565e-02 0.000000e+00 3.245940e-04)
2.065000e+04	lowerWall	(-7.952336e-02 0.000000e+00 -3.741489e-02)	(-5.922543e-02 0.000000e+00 4.038421e-04)
2.066000e+04	lowerWall	(-7.952372e-02 0.000000e+00 -3.741508e-02)	(-5.922689e-02 0.000000e+00 2.359518e-05)
2.067000e+04	lowerWall	(-7.952358e-02 0.000000e+00 -3.741499e-02)	(-5.922634e-02 0.000000e+00 1.167884e-04)
2.068000e+04	lowerWall	(-7.952362e-02 0.000000e+00 -3.741499e-02)	(-5.922648e-02 0.000000e+00 1.458165e-04)
2.069000e+04	lowerWall	(-7.952365e-02 0.000000e+00 -3.741503e-02)	(-5.922679e-02 0.000000e+00 6.100556e-05)
2.070000e+04	lowerWall	(-7.952367e-02 0.000000e+00 -3.741504e-02)	(-5.922690e-02 0.000000e+00 4.954753e-05)
2.071000e+04	lowerWall	(-7.952369e-02 0.000000e+00 -3.741505e-02)	(-5.922703e-02 0.000000e+00 4.319638e-05)
2.072000e+04	lowerWall	(-7.952370e-02 0.000000e+00 -3.741506e-02)	(-5.922715e-02 0.000000e+00 3.610607e-05)
2.073000e+04	lowerWall	(-7.952371e-02 0.000000e+00 -3.741507e-02)	(-5.922729e-02 0.000000e+00 2.722428e-05)
2.074000e+04	lowerWall	(-7.952346e-02 0.000000e+00 -3.741491e-02)	(-5.922618e-02 0.000000e+00 5.125719e-04)
2.075000e+04	lowerWall	(-7.952378e-02 0.000000e+00 -3.741511e-02)	(-5.922775e-02 0.000000e+00 2.027240e-05)
2.076000e+04	lowerWall	(-7.952381e-02 0.000000e+00 -3.741514e-02)	(-5.922797e-02 0.000000e+00 2.045298e-05)
2.077000e+04	lowerWall	(-7.952385e-02 0.000000e+00 -3.741517e-02)	(-5.922823e-02 0.000000e+00 2.067767e-05)
2.078000e+04	lowerWall	(-7.952397e-02 0.000000e+00 -3.741525e-02)	(-5.922880e-02 0.000000e+00 2.137975e-05)
2.079000e+04	lowerWall	(-7.952330e-02 0.000000e+00 -3.741510e-02)	(-5.922606e-02 0.000000e+00 2.165349e-04)
2.080000e+04	lowerWall	(-7.952360e-02 0.000000e+00 -3.741511e-02)	(-5.922740e-02 0.000000e+00 7.208303e-05)
2.081000e+04	lowerWall	(-7.952298e-02 0.000000e+00 -3.741526e-02)	(-5.922601e-02 0.000000e+00 6.029429e-04)
2.082000e+04	lowerWall	(-7.952370e-02 0.000000e+00 -3.741503e-02)	(-5.922755e-02 0.000000e+00 2.059549e-05)
2.083000e+04	lowerWall	(-7.952352e-02 0.000000e+00 -3.741510e-02)	(-5.922690e-02 0.000000e+00 1.248244e-04)
2.084000e+04	lowerWall	(-7.952350e-02 0.000000e+00 -3.741509e-02)	(-5.922673e-02 0.000000e+00 1.430427e-04)
2.085000e+04	lowerWall	(-7.952347e-02 0.000000e+00 -3.741508e-02)	(-5.922654e-02 0.000000e+00 1.551523e-04)
2.086000e+04	lowerWall	(-7.952345e-02 0.000000e+00 -3.741507e-02)	(-5.922634e-02 0.000000e+00 1.764616e-04)
2.087000e+04	lowerWall	(-7.952344e-02 0.000000e+00 -3.741506e-02)	(-5.922612e-02 0.000000e+00 2.097206e-04)
2.088000e+04	lowerWall	(-7.952351e-02 0.000000e+00 -3.741508e-02)	(-5.922619e-02 0.000000e+00 5.915949e-05)
2.089000e+04	lowerWall	(-7.952355e-02 0.000000e+00 -3.741508e-02)	(-5.922618e-02 0.000000e+00 7.445067e-05)
2.090000e+04	lowerWall	(-7.952339e-02 0.000000e+00 -3.741511e-02)	(-5.922531e-02 0.000000e+00 6.774955e-04)
2.091000e+04	lowerWall	(-7.952271e-02 0.000000e+00 -3.741527e-02)	(-5.922382e-02 0.000000e+00 6.713338e-04)
2.092000e+04	lowerWall	(-7.952279e-02 0.000000e+00 -3.741532e-02)	(-5.922431e-02 0.000000e+00 1.016230e-03)
2.093000e+04	lowerWall	(-7.952244e-02 0.000000e+00 -3.741532e-02)	(-5.922322e-02 0.000000e+00 1.336514e-03)
2.094000e+04	lowerWall	(-7.952411e-02 0.000000e+00 -3.741504e-02)	(-5.922677e-02 0.000000e+00 2.139830e-05)
2.095000e+04	lowerWall	(-7.952334e-02 0.000000e+00 -3.741513e-02)	(-5.922494e-02 0.000000e+00 3.107089e-04)
2.096000e+04	lowerWall	(-7.952329e-02 0.000000e+00 -3.741511e-02)	(-5.922476e-02 0.000000e+00 3.906404e-04)
2.097000e+04	lowerWall	(-7.952297e-02 0.000000e+00 -3.741508e-02)	(-5.922395e-02 0.000000e+00 8.405901e-04)
2.098000e+04	lowerWall	(-7.952399e-02 0.000000e+00 -3.741507e-02)	(-5.922663e-02 0.000000e+00 1.988227e-05)
2.099000e+04	lowerWall	(-7.952372e-02 0.000000e+00 -3.741506e-02)	(-5.922599e-02 0.000000e+00 1.998664e-05)
2.100000e+04	lowerWall	(-7.952368e-02 0.000000e+00 -3.741507e-02)	(-5.922608e-02 0.000000e+00 1.989102e-05)
2.101000e+04	lowerWall	(-7.952371e-02 0.000000e+00 -3.741507e-02)	(-5.922636e-02 0.000000e+00 2.000082e-05)
2.102000e+04	lowerWall	(-7.952375e-02 0.000000e+00 -3.741507e-02)	(-5.922666e-02 0.000000e+00 2.012594e-05)
2.103000e+04	lowerWall	(-7.952378e-02 0.000000e+00 -3.741507e-02)	(-5.922699e-02 0.000000e+00 2.027271e-05)
2.104000e+04	lowerWall	(-7.952381e-02 0.000000e+00 -3.741508e-02)	(-5.922731e-02 0.000000e+00 2.044391e-05)
2.105000e+04	lowerWall	(-7.952390e-02 0.000000e+00 -3.741510e-02)	(-5.922781e-02 0.000000e+00 2.065601e-05)
2.106000e+04	lowerWall	(-7.952359e-02 0.000000e+00 -3.741508e-02)	(-5.922721e-02 0.000000e+00 5.410257e-05)
2.107000e+04	lowerWall	(-7.952357e-02 0.000000e+00 -3.741510e-02)	(-5.922730e-02 0.000000e+00 1.517527e-04)
2.108000e+04	lowerWall	(-7.952357e-02 0.000000e+00 -3.741510e-02)	(-5.922744e-02 0.000000e+00 1.875977e-04)
2.109000e+04	lowerWall	(-7.952345e-02 0.000000e+00 -3.741509e-02)	(-5.922742e-02 0.000000e+00 1.945263e-04)
2.110000e+04	lowerWall	(-7.952343e-02 0.000000e+00 -3.741508e-02)	(-5.922748e-02 0.000000e+00 2.364784e-04)
2.111000e+04	lowerWall	(-7.952337e-02 0.000000e+00 -3.741507e-02)	(-5.922740e-02 0.000000e+00 2.999694e-04)
2.112000e+04	lowerWall	(-7.952366e-02 0.000000e+00 -3.741508e-02)	(-5.922827e-02 0.000000e+00 2.010887e-05)
2.113000e+04	lowerWall	(-7.952359e-02 0.000000e+00 -3.741507e-02)	(-5.922806e-02 0.000000e+00 6.781124e-05)
2.114000e+04	lowerWall	(-7.952359e-02 0.000000e+00 -3.741507e-02)	(-5.922807e-02 0.000000e+00 7.922776e-05)
2.115000e+04	lowerWall	(-7.952358e-02 0.000000e+00 -3.741506e-02)	(-5.922806e-02 0.000000e+00 9.142563e-05)
2.116000e+04	lowerWall	(-7.952358e-02 0.000000e+00 -3.741505e-02)	(-5.922805e-02 0.000000e+00 1.039981e-04)
2.117000e+04	lowerWall	(-7.952356e-02 0.000000e+00 -3.741504e-02)	(-5.922798e-02 0.000000e+00 1.207419e-04)
2.118000e+04	lowerWall	(-7.952367e-02 0.000000e+00 -3.741507e-02)	(-5.922830e-02 0.000000e+00 1.978469e-05)
2.119000e+04	lowerWall	(-7.952367e-02 0.000000e+00 -3.741507e-02)	(-5.922829e-02 0.000000e+00 1.980090e-05)
2.120000e+04	lowerWall	(-7.952368e-02 0.000000e+00 -3.741507e-02)	(-5.922830e-02 0.000000e+00 1.982208e-05)
2.121000e+04	lowerWall	(-7.952369e-02 0.000000e+00 -3.741507e-02)	(-5.922831e-02 0.000000e+00 1.984981e-05)
2.122000e+04	lowerWall	(-7.952369e-02 0.000000e+00 -3.741507e-02)	(-5.922834e-02 0.000000e+00 1.988788e-05)
2.123000e+04	lowerWall	(-7.952369e-02 0.000000e+00 -3.741506e-02)	(-5.922834e-02 0.000000e+00 1.993575e-05)
2.124000e+04	lowerWall	(-7.952374e-02 0.000000e+00 -3.741506e-02)	(-5.922840e-02 0.000000e+00 2.002836e-05)
2.125000e+04	lowerWall	(-7.952377e-02 0.000000e+00 -3.741507e-02)	(-5.922848e-02 0.000000e+00 2.011323e-05)
2.126000e+04	lowerWall	(-7.952362e-02 0.000000e+00 -3.741503e-02)	(-5.922798e-02 0.000000e+00 9.358050e-05)
2.127000e+04	lowerWall	(-7.952361e-02 0.000000e+00 -3.741502e-02)	(-5.922793e-02 0.000000e+00 1.066703e-04)
2.128000e+04	lowerWall	(-7.952359e-02 0.000000e+00 -3.741501e-02)	(-5.922785e-02 0.000000e+00 1.494424e-04)
2.129000e+04	lowerWall	(-7.952368e-02 0.000000e+00 -3.741504e-02)	(-5.922815e-02 0.000000e+00 1.978492e-05)
2.130000e+04	lowerWall	(-7.952369e-02 0.000000e+00 -3.741504e-02)	(-5.922816e-02 0.000000e+00 1.980640e-05)
2.131000e+04	lowerWall	(-7.952369e-02 0.000000e+00 -3.741505e-02)	(-5.922815e-02 0.000000e+00 1.983040e-05)
2.132000e+04	lowerWall	(-7.952370e-02 0.000000e+00 -3.741505e-02)	(-5.922816e-02 0.000000e+00 1.985641e-05)
2.133000e+04	lowerWall	(-7.952371e-02 0.000000e+00 -3.741505e-02)	(-5.922817e-02 0.000000e+00 1.988726e-05)
2.134000e+04	lowerWall	(-7.952365e-02 0.000000e+00 -3.741501e-02)	(-5.922790e-02 0.000000e+00 7.396232e-05)
2.135000e+04	lowerWall	(-7.952365e-02 0.000000e+00 -3.741501e-02)	(-5.922787e-02 0.000000e+00 8.089748e-05)
2.136000e+04	lowerWall	(-7.952364e-02 0.000000e+00 -3.741500e-02)	(-5.922782e-02 0.000000e+00 1.052387e-04)
2.137000e+04	lowerWall	(-7.952367e-02 0.000000e+00 -3.741503e-02)	(-5.922795e-02 0.000000e+00 1.970869e-05)
2.138000e+04	lowerWall	(-7.952364e-02 0.000000e+00 -3.741499e-02)	(-5.922773e-02 0.000000e+00 1.351035e-04)
2.139000e+04	lowerWall	(-7.952368e-02 0.000000e+00 -3.741503e-02)	(-5.922793e-02 0.000000e+00 1.972512e-05)
2.140000e+04	lowerWall	(-7.952368e-02 0.000000e+00 -3.741503e-02)	(-5.922791e-02 0.000000e+00 1.973321e-05)
2.141000e+04	lowerWall	(-7.952368e-02 0.000000e+00 -3.741503e-02)	(-5.922791e-02 0.000000e+00 1.974186e-05)
2.142000e+04	lowerWall	(-7.952366e-02 0.000000e+00 -3.741501e-02)	(-5.922779e-02 0.000000e+00 5.818975e-05)
2.143000e+04	lowerWall	(-7.952366e-02 0.000000e+00 -3.741501e-02)	(-5.922777e-02 0.000000e+00 6.182795e-05)
2.144000e+04	lowerWall	(-7.952366e-02 0.000000e+00 -3.741501e-02)	(-5.922775e-02 0.000000e+00 6.566997e-05)
2.145000e+04	lowerWall	(-7.952366e-02 0.000000e+00 -3.741501e-02)	(-5.922773e-02 0.000000e+00 7.004707e-05)
2.146000e+04	lowerWall	(-7.952366e-02 0.000000e+00 -3.741501e-02)	(-5.922772e-02 0.000000e+00 7.522199e-05)
2.147000e+04	lowerWall	(-7.952366e-02 0.000000e+00 -3.741500e-02)	(-5.922770e-02 0.000000e+00 8.141068e-05)
2.148000e+04	lowerWall	(-7.952366e-02 0.000000e+00 -3.741500e-02)	(-5.922769e-02 0.000000e+00 8.856825e-05)
2.149000e+04	lowerWall	(-7.952366e-02 0.000000e+00 -3.741500e-02)	(-5.922767e-02 0.000000e+00 1.050072e-04)
2.150000e+04	lowerWall	(-7.952367e-02 0.000000e+00 -3.741502e-02)	(-5.922774e-02 0.000000e+00 1.966528e-05)
2.151000e+04	lowerWall	(-7.952367e-02 0.000000e+00 -3.741502e-02)	(-5.922774e-02 0.000000e+00 1.966764e-05)
2.152000e+04	lowerWall	(-7.952367e-02 0.000000e+00 -3.741502e-02)	(-5.922774e-02 0.000000e+00 1.967017e-05)
2.153000e+04	lowerWall	(-7.952367e-02 0.000000e+00 -3.741502e-02)	(-5.922774e-02 0.000000e+00 1.967227e-05)
2.154000e+04	lowerWall	(-7.952366e-02 0.000000e+00 -3.741502e-02)	(-5.922774e-02 0.000000e+00 1.967444e-05)
2.155000e+04	lowerWall	(-7.952366e-02 0.000000e+00 -3.741503e-02)	(-5.922774e-02 0.000000e+00 1.967534e-05)
2.156000e+04	lowerWall	(-7.952367e-02 0.000000e+00 -3.741501e-02)	(-5.922770e-02 0.000000e+00 5.332514e-05)
2.157000e+04	lowerWall	(-7.952367e-02 0.000000e+00 -3.741501e-02)	(-5.922770e-02 0.000000e+00 5.521705e-05)
2.158000e+04	lowerWall	(-7.952367e-02 0.000000e+00 -3.741501e-02)	(-5.922770e-02 0.000000e+00 5.646596e-05)
2.159000e+04	lowerWall	(-7.952367e-02 0.000000e+00 -3.741501e-02)	(-5.922770e-02 0.000000e+00 5.865695e-05)
2.160000e+04	lowerWall	(-7.952367e-02 0.000000e+00 -3.741502e-02)	(-5.922770e-02 0.000000e+00 6.124866e-05)
2.161000e+04	lowerWall	(-7.952367e-02 0.000000e+00 -3.741502e-02)	(-5.922770e-02 0.000000e+00 6.330954e-05)
2.162000e+04	lowerWall	(-7.952367e-02 0.000000e+00 -3.741501e-02)	(-5.922770e-02 0.000000e+00 6.880849e-05)
2.163000e+04	lowerWall	(-7.952367e-02 0.000000e+00 -3.741502e-02)	(-5.922770e-02 0.000000e+00 6.996147e-05)
2.164000e+04	lowerWall	(-7.952366e-02 0.000000e+00 -3.741502e-02)	(-5.922771e-02 0.000000e+00 4.931181e-05)
2.165000e+04	lowerWall	(-7.952366e-02 0.000000e+00 -3.741502e-02)	(-5.922770e-02 0.000000e+00 4.566082e-05)
2.166000e+04	lowerWall	(-7.952366e-02 0.000000e+00 -3.741502e-02)	(-5.922770e-02 0.000000e+00 4.518603e-05)
2.167000e+04	lowerWall	(-7.952366e-02 0.000000e+00 -3.741502e-02)	(-5.922770e-02 0.000000e+00 4.628039e-05)
2.168000e+04	lowerWall	(-7.952366e-02 0.000000e+00 -3.741502e-02)	(-5.922769e-02 0.000000e+00 4.706798e-05)
2.169000e+04	lowerWall	(-7.952366e-02 0.000000e+00 -3.741502e-02)	(-5.922769e-02 0.000000e+00 4.678756e-05)
2.170000e+04	lowerWall	(-7.952366e-02 0.000000e+00 -3.741502e-02)	(-5.922769e-02 0.000000e+00 4.571821e-05)
2.171000e+04	lowerWall	(-7.952366e-02 0.000000e+00 -3.741502e-02)	(-5.922768e-02 0.000000e+00 4.615001e-05)
2.172000e+04	lowerWall	(-7.952366e-02 0.000000e+00 -3.741502e-02)	(-5.922768e-02 0.000000e+00 4.691063e-05)
2.173000e+04	lowerWall	(-7.952366e-02 0.000000e+00 -3.741502e-02)	(-5.922767e-02 0.000000e+00 4.731929e-05)
2.174000e+04	lowerWall	(-7.952366e-02 0.000000e+00 -3.741502e-02)	(-5.922767e-02 0.000000e+00 4.740165e-05)
2.175000e+04	lowerWall	(-7.952366e-02 0.000000e+00 -3.741502e-02)	(-5.922766e-02 0.000000e+00 4.729708e-05)
2.176000e+04	lowerWall	(-7.952366e-02 0.000000e+00 -3.741502e-02)	(-5.922766e-02 0.000000e+00 4.692728e-05)
2.177000e+04	lowerWall	(-7.952366e-02 0.000000e+00 -3.741502e-02)	(-5.922765e-02 0.000000e+00 4.734739e-05)
2.178000e+04	lowerWall	(-7.952366e-02 0.000000e+00 -3.741502e-02)	(-5.922765e-02 0.000000e+00 4.776934e-05)
2.179000e+04	lowerWall	(-7.952366e-02 0.000000e+00 -3.741502e-02)	(-5.922765e-02 0.000000e+00 4.683651e-05)
2.180000e+04	lowerWall	(-7.952366e-02 0.000000e+00 -3.741503e-02)	(-5.922764e-02 0.000000e+00 2.545657e-05)
2.181000e+04	lowerWall	(-7.952366e-02 0.000000e+00 -3.741502e-02)	(-5.922764e-02 0.000000e+00 4.504335e-05)
2.182000e+04	lowerWall	(-7.952366e-02 0.000000e+00 -3.741502e-02)	(-5.922764e-02 0.000000e+00 4.558119e-05)
2.183000e+04	lowerWall	(-7.952365e-02 0.000000e+00 -3.741503e-02)	(-5.922764e-02 0.000000e+00 1.963554e-05)
2.184000e+04	lowerWall	(-7.952366e-02 0.000000e+00 -3.741503e-02)	(-5.922763e-02 0.000000e+00 4.616916e-05)
2.185000e+04	lowerWall	(-7.952366e-02 0.000000e+00 -3.741502e-02)	(-5.922763e-02 0.000000e+00 5.450074e-05)
2.186000e+04	lowerWall	(-7.952366e-02 0.000000e+00 -3.741502e-02)	(-5.922763e-02 0.000000e+00 5.875622e-05)
2.187000e+04	lowerWall	(-7.952366e-02 0.000000e+00 -3.741503e-02)	(-5.922764e-02 0.000000e+00 2.852960e-05)
2.188000e+04	lowerWall	(-7.952366e-02 0.000000e+00 -3.741503e-02)	(-5.922764e-02 0.000000e+00 2.812279e-05)
2.189000e+04	lowerWall	(-7.952366e-02 0.000000e+00 -3.741503e-02)	(-5.922764e-02 0.000000e+00 2.808670e-05)
2.190000e+04	lowerWall	(-7.952366e-02 0.000000e+00 -3.741503e-02)	(-5.922764e-02 0.000000e+00 2.787874e-05)
2.191000e+04	lowerWall	(-7.952365e-02 0.000000e+00 -3.741503e-02)	(-5.922764e-02 0.000000e+00 2.699553e-05)
2.192000e+04	lowerWall	(-7.952365e-02 0.000000e+00 -3.741503e-02)	(-5.922764e-02 0.000000e+00 2.600956e-05)
2.193000e+04	lowerWall	(-7.952365e-02 0.000000e+00 -3.741503e-02)	(-5.922764e-02 0.000000e+00 2.510317e-05)
2.194000e+04	lowerWall	(-7.952365e-02 0.000000e+00 -3.741503e-02)	(-5.922764e-02 0.000000e+00 2.586814e-05)
2.195000e+04	lowerWall	(-7.952365e-02 0.000000e+00 -3.741503e-02)	(-5.922763e-02 0.000000e+00 2.583094e-05)
2.196000e+04	lowerWall	(-7.952365e-02 0.000000e+00 -3.741503e-02)	(-5.922763e-02 0.000000e+00 2.567027e-05)
2.197000e+04	lowerWall	(-7.952365e-02 0.000000e+00 -3.741503e-02)	(-5.922763e-02 0.000000e+00 2.504429e-05)
2.198000e+04	lowerWall	(-7.952366e-02 0.000000e+00 -3.741502e-02)	(-5.922761e-02 0.000000e+00 7.919463e-05)
2.199000e+04	lowerWall	(-7.952366e-02 0.000000e+00 -3.741502e-02)	(-5.922760e-02 0.000000e+00 8.279044e-05)
2.200000e+04	lowerWall	(-7.952365e-02 0.000000e+00 -3.741503e-02)	(-5.922761e-02 0.000000e+00 2.037628e-05)
2.201000e+04	lowerWall	(-7.952366e-02 0.000000e+00 -3.741502e-02)	(-5.922759e-02 0.000000e+00 8.988882e-05)
2.202000e+04	lowerWall	(-7.952366e-02 0.000000e+00 -3.741502e-02)	(-5.922758e-02 0.000000e+00 8.386828e-05)
2.203000e+04	lowerWall	(-7.952366e-02 0.000000e+00 -3.741502e-02)	(-5.922756e-02 0.000000e+00 9.019051e-05)
2.204000e+04	lowerWall	(-7.952367e-02 0.000000e+00 -3.741502e-02)	(-5.922755e-02 0.000000e+00 9.829694e-05)
2.205000e+04	lowerWall	(-7.952367e-02 0.000000e+00 -3.741501e-02)	(-5.922754e-02 0.000000e+00 1.070955e-04)
2.206000e+04	lowerWall	(-7.952367e-02 0.000000e+00 -3.741501e-02)	(-5.922754e-02 0.000000e+00 1.151362e-04)
2.207000e+04	lowerWall	(-7.952366e-02 0.000000e+00 -3.741502e-02)	(-5.922753e-02 0.000000e+00 4.904332e-05)
2.208000e+04	lowerWall	(-7.952365e-02 0.000000e+00 -3.741503e-02)	(-5.922753e-02 0.000000e+00 1.963050e-05)
2.209000e+04	lowerWall	(-7.952367e-02 0.000000e+00 -3.741501e-02)	(-5.922750e-02 0.000000e+00 1.232498e-04)
2.210000e+04	lowerWall	(-7.952367e-02 0.000000e+00 -3.741501e-02)	(-5.922750e-02 0.000000e+00 1.243574e-04)
2.211000e+04	lowerWall	(-7.952366e-02 0.000000e+00 -3.741502e-02)	(-5.922751e-02 0.000000e+00 5.299464e-05)
2.212000e+04	lowerWall	(-7.952365e-02 0.000000e+00 -3.741502e-02)	(-5.922751e-02 0.000000e+00 2.432950e-05)
2.213000e+04	lowerWall	(-7.952365e-02 0.000000e+00 -3.741503e-02)	(-5.922751e-02 0.000000e+00 2.709023e-05)
2.214000e+04	lowerWall	(-7.952365e-02 0.000000e+00 -3.741503e-02)	(-5.922751e-02 0.000000e+00 2.506302e-05)
2.215000e+04	lowerWall	(-7.952365e-02 0.000000e+00 -3.741502e-02)	(-5.922751e-02 0.000000e+00 5.416199e-05)
2.216000e+04	lowerWall	(-7.952366e-02 0.000000e+00 -3.741501e-02)	(-5.922751e-02 0.000000e+00 9.092185e-05)
2.217000e+04	lowerWall	(-7.952366e-02 0.000000e+00 -3.741502e-02)	(-5.922752e-02 0.000000e+00 7.579746e-05)
2.218000e+04	lowerWall	(-7.952366e-02 0.000000e+00 -3.741499e-02)	(-5.922752e-02 0.000000e+00 1.613371e-04)
2.219000e+04	lowerWall	(-7.952366e-02 0.000000e+00 -3.741501e-02)	(-5.922753e-02 0.000000e+00 1.081614e-04)
2.220000e+04	lowerWall	(-7.952366e-02 0.000000e+00 -3.741501e-02)	(-5.922757e-02 0.000000e+00 8.557659e-05)
2.221000e+04	lowerWall	(-7.952366e-02 0.000000e+00 -3.741502e-02)	(-5.922759e-02 0.000000e+00 7.179272e-05)
2.222000e+04	lowerWall	(-7.952366e-02 0.000000e+00 -3.741502e-02)	(-5.922762e-02 0.000000e+00 6.852802e-05)
2.223000e+04	lowerWall	(-7.952367e-02 0.000000e+00 -3.741501e-02)	(-5.922763e-02 0.000000e+00 9.713467e-05)
2.224000e+04	lowerWall	(-7.952367e-02 0.000000e+00 -3.741501e-02)	(-5.922766e-02 0.000000e+00 8.251253e-05)
2.225000e+04	lowerWall	(-7.952366e-02 0.000000e+00 -3.741501e-02)	(-5.922769e-02 0.000000e+00 7.361710e-05)
2.226000e+04	lowerWall	(-7.952367e-02 0.000000e+00 -3.741500e-02)	(-5.922771e-02 0.000000e+00 1.804911e-04)
2.227000e+04	lowerWall	(-7.952368e-02 0.000000e+00 -3.741501e-02)	(-5.922774e-02 0.000000e+00 9.831772e-05)
2.228000e+04	lowerWall	(-7.952366e-02 0.000000e+00 -3.741502e-02)	(-5.922778e-02 0.000000e+00 5.799286e-05)
2.229000e+04	lowerWall	(-7.952367e-02 0.000000e+00 -3.741501e-02)	(-5.922779e-02 0.000000e+00 9.560685e-05)
2.230000e+04	lowerWall	(-7.952367e-02 0.000000e+00 -3.741501e-02)	(-5.922782e-02 0.000000e+00 8.887603e-05)
2.231000e+04	lowerWall	(-7.952367e-02 0.000000e+00 -3.741501e-02)	(-5.922785e-02 0.000000e+00 9.327486e-05)
2.232000e+04	lowerWall	(-7.952367e-02 0.000000e+00 -3.741501e-02)	(-5.922788e-02 0.000000e+00 9.641108e-05)
2.233000e+04	lowerWall	(-7.952368e-02 0.000000e+00 -3.741501e-02)	(-5.922791e-02 0.000000e+00 9.810303e-05)
2.234000e+04	lowerWall	(-7.952368e-02 0.000000e+00 -3.741501e-02)	(-5.922793e-02 0.000000e+00 9.905254e-05)
2.235000e+04	lowerWall	(-7.952368e-02 0.000000e+00 -3.741501e-02)	(-5.922796e-02 0.000000e+00 9.914311e-05)
2.236000e+04	lowerWall	(-7.952368e-02 0.000000e+00 -3.741501e-02)	(-5.922799e-02 0.000000e+00 9.980674e-05)
2.237000e+04	lowerWall	(-7.952368e-02 0.000000e+00 -3.741501e-02)	(-5.922802e-02 0.000000e+00 1.020572e-04)
2.238000e+04	lowerWall	(-7.952368e-02 0.000000e+00 -3.741500e-02)	(-5.922806e-02 0.000000e+00 1.103993e-04)
2.239000e+04	lowerWall	(-7.952368e-02 0.000000e+00 -3.741501e-02)	(-5.922809e-02 0.000000e+00 9.692492e-05)
2.240000e+04	lowerWall	(-7.952366e-02 0.000000e+00 -3.741505e-02)	(-5.922816e-02 0.000000e+00 1.968066e-05)
2.241000e+04	lowerWall	(-7.952369e-02 0.000000e+00 -3.741500e-02)	(-5.922815e-02 0.000000e+00 1.094474e-04)
2.242000e+04	lowerWall	(-7.952369e-02 0.000000e+00 -3.741500e-02)	(-5.922817e-02 0.000000e+00 1.154353e-04)
2.243000e+04	lowerWall	(-7.952369e-02 0.000000e+00 -3.741500e-02)	(-5.922820e-02 0.000000e+00 1.220777e-04)
2.244000e+04	lowerWall	(-7.952369e-02 0.000000e+00 -3.741500e-02)	(-5.922822e-02 0.000000e+00 1.334357e-04)
2.245000e+04	lowerWall	(-7.952369e-02 0.000000e+00 -3.741501e-02)	(-5.922826e-02 0.000000e+00 1.076442e-04)
2.246000e+04	lowerWall	(-7.952370e-02 0.000000e+00 -3.741500e-02)	(-5.922828e-02 0.000000e+00 1.227971e-04)
2.247000e+04	lowerWall	(-7.952369e-02 0.000000e+00 -3.741500e-02)	(-5.922831e-02 0.000000e+00 1.348200e-04)
2.248000e+04	lowerWall	(-7.952370e-02 0.000000e+00 -3.741500e-02)	(-5.922832e-02 0.000000e+00 1.279783e-04)
2.249000e+04	lowerWall	(-7.952370e-02 0.000000e+00 -3.741500e-02)	(-5.922833e-02 0.000000e+00 1.364861e-04)
2.250000e+04	lowerWall	(-7.952367e-02 0.000000e+00 -3.741503e-02)	(-5.922839e-02 0.000000e+00 5.831756e-05)
2.251000e+04	lowerWall	(-7.952364e-02 0.000000e+00 -3.741507e-02)	(-5.922848e-02 0.000000e+00 1.973644e-05)
2.252000e+04	lowerWall	(-7.952369e-02 0.000000e+00 -3.741501e-02)	(-5.922838e-02 0.000000e+00 1.251232e-04)
2.253000e+04	lowerWall	(-7.952367e-02 0.000000e+00 -3.741503e-02)	(-5.922841e-02 0.000000e+00 6.765723e-05)
2.254000e+04	lowerWall	(-7.952367e-02 0.000000e+00 -3.741503e-02)	(-5.922841e-02 0.000000e+00 6.373801e-05)
2.255000e+04	lowerWall	(-7.952367e-02 0.000000e+00 -3.741503e-02)	(-5.922841e-02 0.000000e+00 5.861729e-05)
2.256000e+04	lowerWall	(-7.952367e-02 0.000000e+00 -3.741503e-02)	(-5.922841e-02 0.000000e+00 5.397183e-05)
2.257000e+04	lowerWall	(-7.952367e-02 0.000000e+00 -3.741503e-02)	(-5.922839e-02 0.000000e+00 5.886259e-05)
2.258000e+04	lowerWall	(-7.952367e-02 0.000000e+00 -3.741503e-02)	(-5.922838e-02 0.000000e+00 6.107133e-05)
2.259000e+04	lowerWall	(-7.952367e-02 0.000000e+00 -3.741503e-02)	(-5.922837e-02 0.000000e+00 5.497131e-05)
2.260000e+04	lowerWall	(-7.952367e-02 0.000000e+00 -3.741503e-02)	(-5.922835e-02 0.000000e+00 6.374227e-05)
2.261000e+04	lowerWall	(-7.952366e-02 0.000000e+00 -3.741503e-02)	(-5.922832e-02 0.000000e+00 4.448043e-05)
2.262000e+04	lowerWall	(-7.952366e-02 0.000000e+00 -3.741503e-02)	(-5.922829e-02 0.000000e+00 3.876096e-05)
2.263000e+04	lowerWall	(-7.952366e-02 0.000000e+00 -3.741503e-02)	(-5.922826e-02 0.000000e+00 3.186558e-05)
2.264000e+04	lowerWall	(-7.952365e-02 0.000000e+00 -3.741504e-02)	(-5.922822e-02 0.000000e+00 2.849358e-05)
2.265000e+04	lowerWall	(-7.952365e-02 0.000000e+00 -3.741504e-02)	(-5.922818e-02 0.000000e+00 2.124925e-05)
2.266000e+04	lowerWall	(-7.952367e-02 0.000000e+00 -3.741505e-02)	(-5.922819e-02 0.000000e+00 1.978860e-05)
2.267000e+04	lowerWall	(-7.952367e-02 0.000000e+00 -3.741505e-02)	(-5.922816e-02 0.000000e+00 1.977968e-05)
2.268000e+04	lowerWall	(-7.952366e-02 0.000000e+00 -3.741501e-02)	(-5.922793e-02 0.000000e+00 1.086692e-04)
2.269000e+04	lowerWall	(-7.952367e-02 0.000000e+00 -3.741503e-02)	(-5.922800e-02 0.000000e+00 4.317583e-05)
2.270000e+04	lowerWall	(-7.952366e-02 0.000000e+00 -3.741500e-02)	(-5.922781e-02 0.000000e+00 1.150209e-04)
2.271000e+04	lowerWall	(-7.952367e-02 0.000000e+00 -3.741503e-02)	(-5.922790e-02 0.000000e+00 3.985969e-05)
2.272000e+04	lowerWall	(-7.952367e-02 0.000000e+00 -3.741503e-02)	(-5.922785e-02 0.000000e+00 3.808697e-05)
2.273000e+04	lowerWall	(-7.952366e-02 0.000000e+00 -3.741504e-02)	(-5.922777e-02 0.000000e+00 3.099750e-05)
2.274000e+04	lowerWall	(-7.952366e-02 0.000000e+00 -3.741504e-02)	(-5.922775e-02 0.000000e+00 2.589683e-05)
2.275000e+04	lowerWall	(-7.952368e-02 0.000000e+00 -3.741505e-02)	(-5.922778e-02 0.000000e+00 1.984279e-05)
2.276000e+04	lowerWall	(-7.952365e-02 0.000000e+00 -3.741502e-02)	(-5.922751e-02 0.000000e+00 7.575418e-05)
2.277000e+04	lowerWall	(-7.952368e-02 0.000000e+00 -3.741503e-02)	(-5.922758e-02 0.000000e+00 5.783439e-05)
2.278000e+04	lowerWall	(-7.952368e-02 0.000000e+00 -3.741505e-02)	(-5.922761e-02 0.000000e+00 2.009716e-05)
2.279000e+04	lowerWall	(-7.952368e-02 0.000000e+00 -3.741507e-02)	(-5.922757e-02 0.000000e+00 2.019115e-05)
2.280000e+04	lowerWall	(-7.952362e-02 0.000000e+00 -3.741501e-02)	(-5.922716e-02 0.000000e+00 1.048759e-04)
2.281000e+04	lowerWall	(-7.952362e-02 0.000000e+00 -3.741501e-02)	(-5.922708e-02 0.000000e+00 1.185358e-04)
2.282000e+04	lowerWall	(-7.952394e-02 0.000000e+00 -3.741504e-02)	(-5.922818e-02 0.000000e+00 2.091603e-05)
2.283000e+04	lowerWall	(-7.952417e-02 0.000000e+00 -3.741511e-02)	(-5.922875e-02 0.000000e+00 2.202268e-05)
2.284000e+04	lowerWall	(-7.952346e-02 0.000000e+00 -3.741498e-02)	(-5.922629e-02 0.000000e+00 4.826625e-04)
2.285000e+04	lowerWall	(-7.952329e-02 0.000000e+00 -3.741490e-02)	(-5.922555e-02 0.000000e+00 1.057963e-03)
2.286000e+04	lowerWall	(-7.952381e-02 0.000000e+00 -3.741510e-02)	(-5.922752e-02 0.000000e+00 2.067191e-05)
2.287000e+04	lowerWall	(-7.952351e-02 0.000000e+00 -3.741501e-02)	(-5.922637e-02 0.000000e+00 2.662564e-04)
2.288000e+04	lowerWall	(-7.952343e-02 0.000000e+00 -3.741498e-02)	(-5.922605e-02 0.000000e+00 4.683785e-04)
2.289000e+04	lowerWall	(-7.952329e-02 0.000000e+00 -3.741493e-02)	(-5.922552e-02 0.000000e+00 7.756352e-04)
2.290000e+04	lowerWall	(-7.952379e-02 0.000000e+00 -3.741508e-02)	(-5.922736e-02 0.000000e+00 2.042686e-05)
2.291000e+04	lowerWall	(-7.952360e-02 0.000000e+00 -3.741501e-02)	(-5.922666e-02 0.000000e+00 1.785695e-04)
2.292000e+04	lowerWall	(-7.952403e-02 0.000000e+00 -3.741508e-02)	(-5.922810e-02 0.000000e+00 2.120050e-05)
2.293000e+04	lowerWall	(-7.952411e-02 0.000000e+00 -3.741512e-02)	(-5.922851e-02 0.000000e+00 2.166717e-05)
2.294000e+04	lowerWall	(-7.952352e-02 0.000000e+00 -3.741503e-02)	(-5.922681e-02 0.000000e+00 8.293047e-05)
2.295000e+04	lowerWall	(-7.952342e-02 0.000000e+00 -3.741504e-02)	(-5.922628e-02 0.000000e+00 8.564785e-04)
2.296000e+04	lowerWall	(-7.952387e-02 0.000000e+00 -3.741500e-02)	(-5.922780e-02 0.000000e+00 2.032927e-05)
2.297000e+04	lowerWall	(-7.952403e-02 0.000000e+00 -3.741499e-02)	(-5.922825e-02 0.000000e+00 2.099009e-05)
2.298000e+04	lowerWall	(-7.952361e-02 0.000000e+00 -3.741501e-02)	(-5.922750e-02 0.000000e+00 3.619313e-05)
2.299000e+04	lowerWall	(-7.952375e-02 0.000000e+00 -3.741501e-02)	(-5.922780e-02 0.000000e+00 2.421428e-05)
2.300000e+04	lowerWall	(-7.952335e-02 0.000000e+00 -3.741518e-02)	(-5.922719e-02 0.000000e+00 4.591777e-04)
2.301000e+04	lowerWall	(-7.952377e-02 0.000000e+00 -3.741500e-02)	(-5.922780e-02 0.000000e+00 1.993937e-05)
2.302000e+04	lowerWall	(-7.952360e-02 0.000000e+00 -3.741505e-02)	(-5.922756e-02 0.000000e+00 8.455451e-05)
2.303000e+04	lowerWall	(-7.952381e-02 0.000000e+00 -3.741499e-02)	(-5.922800e-02 0.000000e+00 2.012942e-05)
2.304000e+04	lowerWall	(-7.952384e-02 0.000000e+00 -3.741500e-02)	(-5.922810e-02 0.000000e+00 2.025341e-05)
2.305000e+04	lowerWall	(-7.952385e-02 0.000000e+00 -3.741497e-02)	(-5.922836e-02 0.000000e+00 2.121320e-05)
2.306000e+04	lowerWall	(-7.952370e-02 0.000000e+00 -3.741503e-02)	(-5.922783e-02 0.000000e+00 1.981025e-05)
2.307000e+04	lowerWall	(-7.952373e-02 0.000000e+00 -3.741504e-02)	(-5.922791e-02 0.000000e+00 1.991633e-05)
2.308000e+04	lowerWall	(-7.952374e-02 0.000000e+00 -3.741504e-02)	(-5.922794e-02 0.000000e+00 1.997174e-05)
2.309000e+04	lowerWall	(-7.952375e-02 0.000000e+00 -3.741505e-02)	(-5.922798e-02 0.000000e+00 2.003960e-05)
2.310000e+04	lowerWall	(-7.952380e-02 0.000000e+00 -3.741506e-02)	(-5.922810e-02 0.000000e+00 2.028811e-05)
2.311000e+04	lowerWall	(-7.952359e-02 0.000000e+00 -3.741503e-02)	(-5.922743e-02 0.000000e+00 1.315868e-04)
2.312000e+04	lowerWall	(-7.952361e-02 0.000000e+00 -3.741504e-02)	(-5.922743e-02 0.000000e+00 8.176743e-05)
2.313000e+04	lowerWall	(-7.952357e-02 0.000000e+00 -3.741503e-02)	(-5.922729e-02 0.000000e+00 1.030789e-04)
2.314000e+04	lowerWall	(-7.952366e-02 0.000000e+00 -3.741504e-02)	(-5.922747e-02 0.000000e+00 1.971059e-05)
2.315000e+04	lowerWall	(-7.952356e-02 0.000000e+00 -3.741502e-02)	(-5.922710e-02 0.000000e+00 1.270583e-04)
2.316000e+04	lowerWall	(-7.952367e-02 0.000000e+00 -3.741504e-02)	(-5.922733e-02 0.000000e+00 1.972956e-05)
2.317000e+04	lowerWall	(-7.952354e-02 0.000000e+00 -3.741502e-02)	(-5.922684e-02 0.000000e+00 1.752596e-04)
2.318000e+04	lowerWall	(-7.952382e-02 0.000000e+00 -3.741509e-02)	(-5.922757e-02 0.000000e+00 2.042751e-05)
2.319000e+04	lowerWall	(-7.952356e-02 0.000000e+00 -3.741501e-02)	(-5.922663e-02 0.000000e+00 1.428080e-04)
2.320000e+04	lowerWall	(-7.952355e-02 0.000000e+00 -3.741500e-02)	(-5.922647e-02 0.000000e+00 1.663695e-04)
2.321000e+04	lowerWall	(-7.952355e-02 0.000000e+00 -3.741499e-02)	(-5.922634e-02 0.000000e+00 1.886486e-04)
2.322000e+04	lowerWall	(-7.952353e-02 0.000000e+00 -3.741498e-02)	(-5.922613e-02 0.000000e+00 2.368113e-04)
2.323000e+04	lowerWall	(-7.952351e-02 0.000000e+00 -3.741496e-02)	(-5.922592e-02 0.000000e+00 2.994800e-04)
2.324000e+04	lowerWall	(-7.952349e-02 0.000000e+00 -3.741494e-02)	(-5.922572e-02 0.000000e+00 3.778279e-04)
2.325000e+04	lowerWall	(-7.952349e-02 0.000000e+00 -3.741491e-02)	(-5.922557e-02 0.000000e+00 4.654338e-04)
2.326000e+04	lowerWall	(-7.952341e-02 0.000000e+00 -3.741485e-02)	(-5.922522e-02 0.000000e+00 5.686420e-04)
2.327000e+04	lowerWall	(-7.952360e-02 0.000000e+00 -3.741500e-02)	(-5.922603e-02 0.000000e+00 3.753152e-05)
2.328000e+04	lowerWall	(-7.952362e-02 0.000000e+00 -3.741499e-02)	(-5.922619e-02 0.000000e+00 6.423400e-05)
2.329000e+04	lowerWall	(-7.952368e-02 0.000000e+00 -3.741500e-02)	(-5.922638e-02 0.000000e+00 2.809677e-05)
2.330000e+04	lowerWall	(-7.952369e-02 0.000000e+00 -3.741500e-02)	(-5.922650e-02 0.000000e+00 1.979749e-05)
2.331000e+04	lowerWall	(-7.952370e-02 0.000000e+00 -3.741501e-02)	(-5.922666e-02 0.000000e+00 1.986282e-05)
2.332000e+04	lowerWall	(-7.952371e-02 0.000000e+00 -3.741502e-02)	(-5.922684e-02 0.000000e+00 1.993761e-05)
2.333000e+04	lowerWall	(-7.952373e-02 0.000000e+00 -3.741503e-02)	(-5.922705e-02 0.000000e+00 2.001915e-05)
2.334000e+04	lowerWall	(-7.952361e-02 0.000000e+00 -3.741495e-02)	(-5.922658e-02 0.000000e+00 5.179733e-04)
2.335000e+04	lowerWall	(-7.952370e-02 0.000000e+00 -3.741504e-02)	(-5.922726e-02 0.000000e+00 1.994147e-05)
2.336000e+04	lowerWall	(-7.952371e-02 0.000000e+00 -3.741506e-02)	(-5.922745e-02 0.000000e+00 1.999923e-05)
2.337000e+04	lowerWall	(-7.952363e-02 0.000000e+00 -3.741502e-02)	(-5.922725e-02 0.000000e+00 1.095808e-04)
2.338000e+04	lowerWall	(-7.952363e-02 0.000000e+00 -3.741502e-02)	(-5.922738e-02 0.000000e+00 1.135014e-04)
2.339000e+04	lowerWall	(-7.952365e-02 0.000000e+00 -3.741501e-02)	(-5.922756e-02 0.000000e+00 1.262195e-04)
2.340000e+04	lowerWall	(-7.952362e-02 0.000000e+00 -3.741501e-02)	(-5.922763e-02 0.000000e+00 1.222029e-04)
2.341000e+04	lowerWall	(-7.952365e-02 0.000000e+00 -3.741501e-02)	(-5.922782e-02 0.000000e+00 1.496031e-04)
2.342000e+04	lowerWall	(-7.952365e-02 0.000000e+00 -3.741501e-02)	(-5.922793e-02 0.000000e+00 1.621064e-04)
2.343000e+04	lowerWall	(-7.952367e-02 0.000000e+00 -3.741505e-02)	(-5.922819e-02 0.000000e+00 4.894918e-05)
2.344000e+04	lowerWall	(-7.952367e-02 0.000000e+00 -3.741506e-02)	(-5.922828e-02 0.000000e+00 4.343861e-05)
2.345000e+04	lowerWall	(-7.952367e-02 0.000000e+00 -3.741506e-02)	(-5.922836e-02 0.000000e+00 3.686370e-05)
2.346000e+04	lowerWall	(-7.952368e-02 0.000000e+00 -3.741506e-02)	(-5.922842e-02 0.000000e+00 3.108170e-05)
2.347000e+04	lowerWall	(-7.952368e-02 0.000000e+00 -3.741506e-02)	(-5.922846e-02 0.000000e+00 2.615894e-05)
2.348000e+04	lowerWall	(-7.952368e-02 0.000000e+00 -3.741507e-02)	(-5.922849e-02 0.000000e+00 2.428015e-05)
2.349000e+04	lowerWall	(-7.952367e-02 0.000000e+00 -3.741504e-02)	(-5.922840e-02 0.000000e+00 4.515200e-05)
2.350000e+04	lowerWall	(-7.952369e-02 0.000000e+00 -3.741506e-02)	(-5.922852e-02 0.000000e+00 4.958387e-05)
2.351000e+04	lowerWall	(-7.952370e-02 0.000000e+00 -3.741506e-02)	(-5.922854e-02 0.000000e+00 4.667345e-05)
2.352000e+04	lowerWall	(-7.952370e-02 0.000000e+00 -3.741507e-02)	(-5.922855e-02 0.000000e+00 4.709573e-05)
2.353000e+04	lowerWall	(-7.952370e-02 0.000000e+00 -3.741508e-02)	(-5.922855e-02 0.000000e+00 4.842013e-05)
2.354000e+04	lowerWall	(-7.952371e-02 0.000000e+00 -3.741508e-02)	(-5.922854e-02 0.000000e+00 5.104466e-05)
2.355000e+04	lowerWall	(-7.952371e-02 0.000000e+00 -3.741510e-02)	(-5.922856e-02 0.000000e+00 5.304688e-05)
2.356000e+04	lowerWall	(-7.952372e-02 0.000000e+00 -3.741512e-02)	(-5.922857e-02 0.000000e+00 5.664712e-05)
2.357000e+04	lowerWall	(-7.952364e-02 0.000000e+00 -3.741501e-02)	(-5.922793e-02 0.000000e+00 1.266361e-04)
2.358000e+04	lowerWall	(-7.952373e-02 0.000000e+00 -3.741515e-02)	(-5.922852e-02 0.000000e+00 6.581715e-05)
2.359000e+04	lowerWall	(-7.952364e-02 0.000000e+00 -3.741499e-02)	(-5.922769e-02 0.000000e+00 1.683463e-04)
2.360000e+04	lowerWall	(-7.952363e-02 0.000000e+00 -3.741498e-02)	(-5.922753e-02 0.000000e+00 1.994823e-04)
2.361000e+04	lowerWall	(-7.952363e-02 0.000000e+00 -3.741496e-02)	(-5.922736e-02 0.000000e+00 2.403291e-04)
2.362000e+04	lowerWall	(-7.952362e-02 0.000000e+00 -3.741493e-02)	(-5.922717e-02 0.000000e+00 2.968965e-04)
2.363000e+04	lowerWall	(-7.952362e-02 0.000000e+00 -3.741492e-02)	(-5.922701e-02 0.000000e+00 3.432558e-04)
2.364000e+04	lowerWall	(-7.952366e-02 0.000000e+00 -3.741505e-02)	(-5.922746e-02 0.000000e+00 2.188468e-05)
2.365000e+04	lowerWall	(-7.952365e-02 0.000000e+00 -3.741506e-02)	(-5.922739e-02 0.000000e+00 2.344632e-05)
2.366000e+04	lowerWall	(-7.952364e-02 0.000000e+00 -3.741507e-02)	(-5.922731e-02 0.000000e+00 2.401548e-05)
2.367000e+04	lowerWall	(-7.952364e-02 0.000000e+00 -3.741508e-02)	(-5.922724e-02 0.000000e+00 2.350790e-05)
2.368000e+04	lowerWall	(-7.952374e-02 0.000000e+00 -3.741498e-02)	(-5.922700e-02 0.000000e+00 1.392898e-04)
2.369000e+04	lowerWall	(-7.952358e-02 0.000000e+00 -3.741494e-02)	(-5.922642e-02 0.000000e+00 2.853840e-04)
2.370000e+04	lowerWall	(-7.952351e-02 0.000000e+00 -3.741484e-02)	(-5.922582e-02 0.000000e+00 6.572615e-04)
2.371000e+04	lowerWall	(-7.952346e-02 0.000000e+00 -3.741470e-02)	(-5.922516e-02 0.000000e+00 1.072089e-03)
2.372000e+04	lowerWall	(-7.952373e-02 0.000000e+00 -3.741509e-02)	(-5.922712e-02 0.000000e+00 2.453013e-05)
2.373000e+04	lowerWall	(-7.952368e-02 0.000000e+00 -3.741519e-02)	(-5.922721e-02 0.000000e+00 7.062224e-05)
2.374000e+04	lowerWall	(-7.952361e-02 0.000000e+00 -3.741490e-02)	(-5.922620e-02 0.000000e+00 2.963157e-04)
2.375000e+04	lowerWall	(-7.952359e-02 0.000000e+00 -3.741480e-02)	(-5.922581e-02 0.000000e+00 6.251541e-04)
2.376000e+04	lowerWall	(-7.952364e-02 0.000000e+00 -3.741500e-02)	(-5.922669e-02 0.000000e+00 1.981274e-05)
2.377000e+04	lowerWall	(-7.952371e-02 0.000000e+00 -3.741502e-02)	(-5.922693e-02 0.000000e+00 1.990431e-05)
2.378000e+04	lowerWall	(-7.952372e-02 0.000000e+00 -3.741504e-02)	(-5.922708e-02 0.000000e+00 1.999064e-05)
2.379000e+04	lowerWall	(-7.952373e-02 0.000000e+00 -3.741506e-02)	(-5.922724e-02 0.000000e+00 2.008379e-05)
2.380000e+04	lowerWall	(-7.952373e-02 0.000000e+00 -3.741508e-02)	(-5.922738e-02 0.000000e+00 2.019132e-05)
2.381000e+04	lowerWall	(-7.952376e-02 0.000000e+00 -3.741511e-02)	(-5.922764e-02 0.000000e+00 2.032084e-05)
2.382000e+04	lowerWall	(-7.952361e-02 0.000000e+00 -3.741500e-02)	(-5.922701e-02 0.000000e+00 1.307442e-04)
2.383000e+04	lowerWall	(-7.952360e-02 0.000000e+00 -3.741499e-02)	(-5.922709e-02 0.000000e+00 1.529560e-04)
2.384000e+04	lowerWall	(-7.952385e-02 0.000000e+00 -3.741524e-02)	(-5.922852e-02 0.000000e+00 2.087030e-05)
2.385000e+04	lowerWall	(-7.952365e-02 0.000000e+00 -3.741506e-02)	(-5.922762e-02 0.000000e+00 1.966955e-05)
2.386000e+04	lowerWall	(-7.952379e-02 0.000000e+00 -3.741512e-02)	(-5.922821e-02 0.000000e+00 2.046170e-05)
2.387000e+04	lowerWall	(-7.952357e-02 0.000000e+00 -3.741500e-02)	(-5.922734e-02 0.000000e+00 1.827634e-04)
2.388000e+04	lowerWall	(-7.952346e-02 0.000000e+00 -3.741494e-02)	(-5.922698e-02 0.000000e+00 3.772555e-04)
2.389000e+04	lowerWall	(-7.952366e-02 0.000000e+00 -3.741509e-02)	(-5.922790e-02 0.000000e+00 2.003016e-05)
2.390000e+04	lowerWall	(-7.952362e-02 0.000000e+00 -3.741502e-02)	(-5.922763e-02 0.000000e+00 9.769033e-05)
2.391000e+04	lowerWall	(-7.952362e-02 0.000000e+00 -3.741501e-02)	(-5.922764e-02 0.000000e+00 1.081093e-04)
2.392000e+04	lowerWall	(-7.952366e-02 0.000000e+00 -3.741505e-02)	(-5.922785e-02 0.000000e+00 1.969699e-05)
2.393000e+04	lowerWall	(-7.952366e-02 0.000000e+00 -3.741505e-02)	(-5.922785e-02 0.000000e+00 1.970096e-05)
2.394000e+04	lowerWall	(-7.952365e-02 0.000000e+00 -3.741505e-02)	(-5.922782e-02 0.000000e+00 1.970814e-05)
2.395000e+04	lowerWall	(-7.952365e-02 0.000000e+00 -3.741505e-02)	(-5.922782e-02 0.000000e+00 1.971434e-05)
2.396000e+04	lowerWall	(-7.952366e-02 0.000000e+00 -3.741505e-02)	(-5.922784e-02 0.000000e+00 1.975894e-05)
2.397000e+04	lowerWall	(-7.952367e-02 0.000000e+00 -3.741506e-02)	(-5.922788e-02 0.000000e+00 1.977568e-05)
2.398000e+04	lowerWall	(-7.952367e-02 0.000000e+00 -3.741506e-02)	(-5.922788e-02 0.000000e+00 1.980096e-05)
2.399000e+04	lowerWall	(-7.952367e-02 0.000000e+00 -3.741507e-02)	(-5.922790e-02 0.000000e+00 1.983161e-05)
2.400000e+04	lowerWall	(-7.952367e-02 0.000000e+00 -3.741508e-02)	(-5.922790e-02 0.000000e+00 1.986998e-05)
2.401000e+04	lowerWall	(-7.952367e-02 0.000000e+00 -3.741509e-02)	(-5.922793e-02 0.000000e+00 1.991988e-05)
2.402000e+04	lowerWall	(-7.952367e-02 0.000000e+00 -3.741510e-02)	(-5.922796e-02 0.000000e+00 1.998067e-05)
2.403000e+04	lowerWall	(-7.952367e-02 0.000000e+00 -3.741511e-02)	(-5.922801e-02 0.000000e+00 2.005495e-05)
2.404000e+04	lowerWall	(-7.952369e-02 0.000000e+00 -3.741506e-02)	(-5.922791e-02 0.000000e+00 1.973801e-05)
2.405000e+04	lowerWall	(-7.952357e-02 0.000000e+00 -3.741497e-02)	(-5.922730e-02 0.000000e+00 2.694880e-04)
2.406000e+04	lowerWall	(-7.952360e-02 0.000000e+00 -3.741492e-02)	(-5.922727e-02 0.000000e+00 4.955327e-04)
2.407000e+04	lowerWall	(-7.952368e-02 0.000000e+00 -3.741508e-02)	(-5.922791e-02 0.000000e+00 1.994633e-05)
2.408000e+04	lowerWall	(-7.952364e-02 0.000000e+00 -3.741503e-02)	(-5.922765e-02 0.000000e+00 3.552734e-05)
2.409000e+04	lowerWall	(-7.952367e-02 0.000000e+00 -3.741505e-02)	(-5.922778e-02 0.000000e+00 1.977140e-05)
2.410000e+04	lowerWall	(-7.952364e-02 0.000000e+00 -3.741503e-02)	(-5.922762e-02 0.000000e+00 4.783008e-05)
2.411000e+04	lowerWall	(-7.952364e-02 0.000000e+00 -3.741503e-02)	(-5.922759e-02 0.000000e+00 5.319098e-05)
2.412000e+04	lowerWall	(-7.952364e-02 0.000000e+00 -3.741502e-02)	(-5.922757e-02 0.000000e+00 5.587775e-05)
2.413000e+04	lowerWall	(-7.952364e-02 0.000000e+00 -3.741502e-02)	(-5.922755e-02 0.000000e+00 5.947389e-05)
2.414000e+04	lowerWall	(-7.952364e-02 0.000000e+00 -3.741502e-02)	(-5.922753e-02 0.000000e+00 6.521520e-05)
2.415000e+04	lowerWall	(-7.952364e-02 0.000000e+00 -3.741502e-02)	(-5.922750e-02 0.000000e+00 7.265033e-05)
2.416000e+04	lowerWall	(-7.952364e-02 0.000000e+00 -3.741501e-02)	(-5.922747e-02 0.000000e+00 8.019393e-05)
2.417000e+04	lowerWall	(-7.952364e-02 0.000000e+00 -3.741501e-02)	(-5.922745e-02 0.000000e+00 8.779919e-05)
2.418000e+04	lowerWall	(-7.952364e-02 0.000000e+00 -3.741501e-02)	(-5.922743e-02 0.000000e+00 9.789847e-05)
2.419000e+04	lowerWall	(-7.952364e-02 0.000000e+00 -3.741500e-02)	(-5.922742e-02 0.000000e+00 1.084952e-04)
2.420000e+04	lowerWall	(-7.952365e-02 0.000000e+00 -3.741503e-02)	(-5.922754e-02 0.000000e+00 1.964901e-05)
2.421000e+04	lowerWall	(-7.952365e-02 0.000000e+00 -3.741503e-02)	(-5.922755e-02 0.000000e+00 1.965492e-05)
2.422000e+04	lowerWall	(-7.952365e-02 0.000000e+00 -3.741504e-02)	(-5.922756e-02 0.000000e+00 1.966301e-05)
2.423000e+04	lowerWall	(-7.952365e-02 0.000000e+00 -3.741504e-02)	(-5.922758e-02 0.000000e+00 1.967402e-05)
2.424000e+04	lowerWall	(-7.952365e-02 0.000000e+00 -3.741505e-02)	(-5.922762e-02 0.000000e+00 1.971118e-05)
2.425000e+04	lowerWall	(-7.952365e-02 0.000000e+00 -3.741505e-02)	(-5.922765e-02 0.000000e+00 1.973177e-05)
2.426000e+04	lowerWall	(-7.952365e-02 0.000000e+00 -3.741506e-02)	(-5.922768e-02 0.000000e+00 1.975718e-05)
2.427000e+04	lowerWall	(-7.952365e-02 0.000000e+00 -3.741508e-02)	(-5.922775e-02 0.000000e+00 1.983715e-05)
2.428000e+04	lowerWall	(-7.952364e-02 0.000000e+00 -3.741509e-02)	(-5.922778e-02 0.000000e+00 1.987694e-05)
2.429000e+04	lowerWall	(-7.952364e-02 0.000000e+00 -3.741510e-02)	(-5.922786e-02 0.000000e+00 1.992459e-05)
2.430000e+04	lowerWall	(-7.952364e-02 0.000000e+00 -3.741513e-02)	(-5.922793e-02 0.000000e+00 1.996535e-05)
2.431000e+04	lowerWall	(-7.952365e-02 0.000000e+00 -3.741501e-02)	(-5.922757e-02 0.000000e+00 1.589014e-04)
2.432000e+04	lowerWall	(-7.952365e-02 0.000000e+00 -3.741505e-02)	(-5.922769e-02 0.000000e+00 1.967468e-05)
2.433000e+04	lowerWall	(-7.952366e-02 0.000000e+00 -3.741499e-02)	(-5.922753e-02 0.000000e+00 1.959274e-04)
2.434000e+04	lowerWall	(-7.952365e-02 0.000000e+00 -3.741504e-02)	(-5.922765e-02 0.000000e+00 1.963175e-05)
2.435000e+04	lowerWall	(-7.952365e-02 0.000000e+00 -3.741503e-02)	(-5.922764e-02 0.000000e+00 5.116685e-05)
2.436000e+04	lowerWall	(-7.952365e-02 0.000000e+00 -3.741503e-02)	(-5.922763e-02 0.000000e+00 5.342505e-05)
2.437000e+04	lowerWall	(-7.952365e-02 0.000000e+00 -3.741502e-02)	(-5.922761e-02 0.000000e+00 5.787366e-05)
2.438000e+04	lowerWall	(-7.952365e-02 0.000000e+00 -3.741502e-02)	(-5.922759e-02 0.000000e+00 6.402582e-05)
2.439000e+04	lowerWall	(-7.952366e-02 0.000000e+00 -3.741502e-02)	(-5.922757e-02 0.000000e+00 7.154406e-05)
2.440000e+04	lowerWall	(-7.952366e-02 0.000000e+00 -3.741501e-02)	(-5.922755e-02 0.000000e+00 8.070788e-05)
2.441000e+04	lowerWall	(-7.952366e-02 0.000000e+00 -3.741501e-02)	(-5.922753e-02 0.000000e+00 9.095605e-05)
2.442000e+04	lowerWall	(-7.952366e-02 0.000000e+00 -3.741501e-02)	(-5.922751e-02 0.000000e+00 1.021037e-04)
2.443000e+04	lowerWall	(-7.952366e-02 0.000000e+00 -3.741500e-02)	(-5.922752e-02 0.000000e+00 1.262218e-04)
2.444000e+04	lowerWall	(-7.952366e-02 0.000000e+00 -3.741500e-02)	(-5.922751e-02 0.000000e+00 1.416091e-04)
2.445000e+04	lowerWall	(-7.952366e-02 0.000000e+00 -3.741500e-02)	(-5.922750e-02 0.000000e+00 1.607659e-04)
2.446000e+04	lowerWall	(-7.952366e-02 0.000000e+00 -3.741500e-02)	(-5.922750e-02 0.000000e+00 1.843685e-04)
2.447000e+04	lowerWall	(-7.952366e-02 0.000000e+00 -3.741499e-02)	(-5.922749e-02 0.000000e+00 2.140302e-04)
2.448000e+04	lowerWall	(-7.952369e-02 0.000000e+00 -3.741499e-02)	(-5.922745e-02 0.000000e+00 2.325304e-04)
2.449000e+04	lowerWall	(-7.952369e-02 0.000000e+00 -3.741498e-02)	(-5.922744e-02 0.000000e+00 2.829672e-04)
2.450000e+04	lowerWall	(-7.952371e-02 0.000000e+00 -3.741497e-02)	(-5.922743e-02 0.000000e+00 3.454196e-04)
2.451000e+04	lowerWall	(-7.952370e-02 0.000000e+00 -3.741493e-02)	(-5.922744e-02 0.000000e+00 6.062047e-04)
2.452000e+04	lowerWall	(-7.952365e-02 0.000000e+00 -3.741502e-02)	(-5.922754e-02 0.000000e+00 1.438830e-04)
2.453000e+04	lowerWall	(-7.952365e-02 0.000000e+00 -3.741501e-02)	(-5.922746e-02 0.000000e+00 1.676965e-04)
2.454000e+04	lowerWall	(-7.952364e-02 0.000000e+00 -3.741505e-02)	(-5.922759e-02 0.000000e+00 1.968401e-05)
2.455000e+04	lowerWall	(-7.952367e-02 0.000000e+00 -3.741500e-02)	(-5.922745e-02 0.000000e+00 2.080972e-04)
2.456000e+04	lowerWall	(-7.952363e-02 0.000000e+00 -3.741506e-02)	(-5.922759e-02 0.000000e+00 1.968927e-05)
2.457000e+04	lowerWall	(-7.952365e-02 0.000000e+00 -3.741503e-02)	(-5.922753e-02 0.000000e+00 4.518672e-05)
2.458000e+04	lowerWall	(-7.952365e-02 0.000000e+00 -3.741503e-02)	(-5.922752e-02 0.000000e+00 4.329159e-05)
2.459000e+04	lowerWall	(-7.952364e-02 0.000000e+00 -3.741506e-02)	(-5.922754e-02 0.000000e+00 1.966512e-05)
2.460000e+04	lowerWall	(-7.952366e-02 0.000000e+00 -3.741500e-02)	(-5.922741e-02 0.000000e+00 1.673860e-04)
2.461000e+04	lowerWall	(-7.952367e-02 0.000000e+00 -3.741499e-02)	(-5.922737e-02 0.000000e+00 1.925288e-04)
2.462000e+04	lowerWall	(-7.952368e-02 0.000000e+00 -3.741498e-02)	(-5.922733e-02 0.000000e+00 2.304675e-04)
2.463000e+04	lowerWall	(-7.952371e-02 0.000000e+00 -3.741494e-02)	(-5.922727e-02 0.000000e+00 3.623391e-04)
2.464000e+04	lowerWall	(-7.952364e-02 0.000000e+00 -3.741505e-02)	(-5.922741e-02 0.000000e+00 1.965096e-05)
2.465000e+04	lowerWall	(-7.952366e-02 0.000000e+00 -3.741500e-02)	(-5.922735e-02 0.000000e+00 7.492143e-05)
2.466000e+04	lowerWall	(-7.952361e-02 0.000000e+00 -3.741505e-02)	(-5.922743e-02 0.000000e+00 1.970180e-05)
2.467000e+04	lowerWall	(-7.952360e-02 0.000000e+00 -3.741507e-02)	(-5.922742e-02 0.000000e+00 1.972276e-05)
2.468000e+04	lowerWall	(-7.952358e-02 0.000000e+00 -3.741508e-02)	(-5.922742e-02 0.000000e+00 1.974853e-05)
2.469000e+04	lowerWall	(-7.952359e-02 0.000000e+00 -3.741511e-02)	(-5.922749e-02 0.000000e+00 1.975896e-05)
2.470000e+04	lowerWall	(-7.952364e-02 0.000000e+00 -3.741503e-02)	(-5.922731e-02 0.000000e+00 5.389787e-05)
2.471000e+04	lowerWall	(-7.952366e-02 0.000000e+00 -3.741508e-02)	(-5.922757e-02 0.000000e+00 1.983128e-05)
2.472000e+04	lowerWall	(-7.952364e-02 0.000000e+00 -3.741509e-02)	(-5.922757e-02 0.000000e+00 1.988178e-05)
2.473000e+04	lowerWall	(-7.952365e-02 0.000000e+00 -3.741511e-02)	(-5.922767e-02 0.000000e+00 1.990865e-05)
2.474000e+04	lowerWall	(-7.952365e-02 0.000000e+00 -3.741513e-02)	(-5.922773e-02 0.000000e+00 1.995083e-05)
2.475000e+04	lowerWall	(-7.952364e-02 0.000000e+00 -3.741515e-02)	(-5.922781e-02 0.000000e+00 2.000460e-05)
2.476000e+04	lowerWall	(-7.952361e-02 0.000000e+00 -3.741517e-02)	(-5.922783e-02 0.000000e+00 2.006827e-05)
2.477000e+04	lowerWall	(-7.952366e-02 0.000000e+00 -3.741501e-02)	(-5.922741e-02 0.000000e+00 1.631073e-04)
2.478000e+04	lowerWall	(-7.952367e-02 0.000000e+00 -3.741500e-02)	(-5.922743e-02 0.000000e+00 1.927627e-04)
2.479000e+04	lowerWall	(-7.952365e-02 0.000000e+00 -3.741504e-02)	(-5.922755e-02 0.000000e+00 3.692964e-05)
2.480000e+04	lowerWall	(-7.952365e-02 0.000000e+00 -3.741505e-02)	(-5.922764e-02 0.000000e+00 1.974252e-05)
2.481000e+04	lowerWall	(-7.952366e-02 0.000000e+00 -3.741506e-02)	(-5.922768e-02 0.000000e+00 1.978814e-05)
2.482000e+04	lowerWall	(-7.952360e-02 0.000000e+00 -3.741495e-02)	(-5.922716e-02 0.000000e+00 3.348350e-04)
2.483000e+04	lowerWall	(-7.952357e-02 0.000000e+00 -3.741491e-02)	(-5.922699e-02 0.000000e+00 4.192505e-04)
2.484000e+04	lowerWall	(-7.952366e-02 0.000000e+00 -3.741507e-02)	(-5.922769e-02 0.000000e+00 1.985688e-05)
2.485000e+04	lowerWall	(-7.952364e-02 0.000000e+00 -3.741508e-02)	(-5.922761e-02 0.000000e+00 1.987694e-05)
2.486000e+04	lowerWall	(-7.952364e-02 0.000000e+00 -3.741500e-02)	(-5.922741e-02 0.000000e+00 9.026919e-05)
2.487000e+04	lowerWall	(-7.952365e-02 0.000000e+00 -3.741499e-02)	(-5.922738e-02 0.000000e+00 1.033862e-04)
2.488000e+04	lowerWall	(-7.952365e-02 0.000000e+00 -3.741499e-02)	(-5.922736e-02 0.000000e+00 1.145891e-04)
2.489000e+04	lowerWall	(-7.952365e-02 0.000000e+00 -3.741502e-02)	(-5.922748e-02 0.000000e+00 1.964323e-05)
2.490000e+04	lowerWall	(-7.952364e-02 0.000000e+00 -3.741502e-02)	(-5.922749e-02 0.000000e+00 1.965054e-05)
2.491000e+04	lowerWall	(-7.952365e-02 0.000000e+00 -3.741503e-02)	(-5.922751e-02 0.000000e+00 1.966037e-05)
2.492000e+04	lowerWall	(-7.952364e-02 0.000000e+00 -3.741503e-02)	(-5.922753e-02 0.000000e+00 1.967309e-05)
2.493000e+04	lowerWall	(-7.952364e-02 0.000000e+00 -3.741504e-02)	(-5.922756e-02 0.000000e+00 1.968686e-05)
2.494000e+04	lowerWall	(-7.952364e-02 0.000000e+00 -3.741505e-02)	(-5.922760e-02 0.000000e+00 1.970181e-05)
2.495000e+04	lowerWall	(-7.952364e-02 0.000000e+00 -3.741505e-02)	(-5.922764e-02 0.000000e+00 1.971775e-05)
2.496000e+04	lowerWall	(-7.952364e-02 0.000000e+00 -3.741506e-02)	(-5.922769e-02 0.000000e+00 1.973626e-05)
2.497000e+04	lowerWall	(-7.952364e-02 0.000000e+00 -3.741505e-02)	(-5.922769e-02 0.000000e+00 1.969704e-05)
2.498000e+04	lowerWall	(-7.952364e-02 0.000000e+00 -3.741506e-02)	(-5.922775e-02 0.000000e+00 1.971039e-05)
2.499000e+04	lowerWall	(-7.952365e-02 0.000000e+00 -3.741504e-02)	(-5.922774e-02 0.000000e+00 2.516335e-05)
2.500000e+04	lowerWall	(-7.952365e-02 0.000000e+00 -3.741503e-02)	(-5.922775e-02 0.000000e+00 7.592442e-05)
2.501000e+04	lowerWall	(-7.952365e-02 0.000000e+00 -3.741504e-02)	(-5.922785e-02 0.000000e+00 4.484338e-05)
2.502000e+04	lowerWall	(-7.952366e-02 0.000000e+00 -3.741505e-02)	(-5.922791e-02 0.000000e+00 1.972607e-05)
2.503000e+04	lowerWall	(-7.952366e-02 0.000000e+00 -3.741505e-02)	(-5.922794e-02 0.000000e+00 1.973671e-05)
2.504000e+04	lowerWall	(-7.952366e-02 0.000000e+00 -3.741505e-02)	(-5.922795e-02 0.000000e+00 1.973661e-05)
2.505000e+04	lowerWall	(-7.952365e-02 0.000000e+00 -3.741503e-02)	(-5.922791e-02 0.000000e+00 4.730692e-05)
2.506000e+04	lowerWall	(-7.952365e-02 0.000000e+00 -3.741503e-02)	(-5.922793e-02 0.000000e+00 4.872806e-05)
2.507000e+04	lowerWall	(-7.952365e-02 0.000000e+00 -3.741503e-02)	(-5.922793e-02 0.000000e+00 5.101164e-05)
2.508000e+04	lowerWall	(-7.952365e-02 0.000000e+00 -3.741503e-02)	(-5.922792e-02 0.000000e+00 5.295712e-05)
2.509000e+04	lowerWall	(-7.952365e-02 0.000000e+00 -3.741503e-02)	(-5.922792e-02 0.000000e+00 5.456895e-05)
2.510000e+04	lowerWall	(-7.952365e-02 0.000000e+00 -3.741502e-02)	(-5.922790e-02 0.000000e+00 5.584655e-05)
2.511000e+04	lowerWall	(-7.952366e-02 0.000000e+00 -3.741502e-02)	(-5.922788e-02 0.000000e+00 5.739089e-05)
2.512000e+04	lowerWall	(-7.952366e-02 0.000000e+00 -3.741502e-02)	(-5.922786e-02 0.000000e+00 5.885965e-05)
2.513000e+04	lowerWall	(-7.952366e-02 0.000000e+00 -3.741502e-02)	(-5.922784e-02 0.000000e+00 6.068955e-05)
2.514000e+04	lowerWall	(-7.952366e-02 0.000000e+00 -3.741501e-02)	(-5.922781e-02 0.000000e+00 6.388741e-05)
2.515000e+04	lowerWall	(-7.952366e-02 0.000000e+00 -3.741501e-02)	(-5.922780e-02 0.000000e+00 6.744113e-05)
2.516000e+04	lowerWall	(-7.952366e-02 0.000000e+00 -3.741501e-02)	(-5.922777e-02 0.000000e+00 7.375570e-05)
2.517000e+04	lowerWall	(-7.952367e-02 0.000000e+00 -3.741510e-02)	(-5.922806e-02 0.000000e+00 1.991115e-05)
2.518000e+04	lowerWall	(-7.952366e-02 0.000000e+00 -3.741501e-02)	(-5.922773e-02 0.000000e+00 8.802360e-05)
2.519000e+04	lowerWall	(-7.952366e-02 0.000000e+00 -3.741501e-02)	(-5.922770e-02 0.000000e+00 9.430253e-05)
2.520000e+04	lowerWall	(-7.952366e-02 0.000000e+00 -3.741501e-02)	(-5.922767e-02 0.000000e+00 1.074227e-04)
2.521000e+04	lowerWall	(-7.952367e-02 0.000000e+00 -3.741518e-02)	(-5.922824e-02 0.000000e+00 2.016169e-05)
2.522000e+04	lowerWall	(-7.952366e-02 0.000000e+00 -3.741521e-02)	(-5.922833e-02 0.000000e+00 2.027401e-05)
2.523000e+04	lowerWall	(-7.952364e-02 0.000000e+00 -3.741525e-02)	(-5.922838e-02 0.000000e+00 2.041309e-05)
2.524000e+04	lowerWall	(-7.952367e-02 0.000000e+00 -3.741496e-02)	(-5.922745e-02 0.000000e+00 2.930548e-04)
2.525000e+04	lowerWall	(-7.952364e-02 0.000000e+00 -3.741508e-02)	(-5.922780e-02 0.000000e+00 1.981202e-05)
2.526000e+04	lowerWall	(-7.952365e-02 0.000000e+00 -3.741503e-02)	(-5.922762e-02 0.000000e+00 6.417186e-05)
2.527000e+04	lowerWall	(-7.952365e-02 0.000000e+00 -3.741503e-02)	(-5.922759e-02 0.000000e+00 6.241675e-05)
2.528000e+04	lowerWall	(-7.952365e-02 0.000000e+00 -3.741502e-02)	(-5.922753e-02 0.000000e+00 7.538922e-05)
2.529000e+04	lowerWall	(-7.952365e-02 0.000000e+00 -3.741501e-02)	(-5.922747e-02 0.000000e+00 8.449783e-05)
2.530000e+04	lowerWall	(-7.952364e-02 0.000000e+00 -3.741503e-02)	(-5.922746e-02 0.000000e+00 4.055877e-05)
2.531000e+04	lowerWall	(-7.952370e-02 0.000000e+00 -3.741511e-02)	(-5.922787e-02 0.000000e+00 2.021560e-05)
2.532000e+04	lowerWall	(-7.952363e-02 0.000000e+00 -3.741499e-02)	(-5.922720e-02 0.000000e+00 1.431143e-04)
2.533000e+04	lowerWall	(-7.952363e-02 0.000000e+00 -3.741498e-02)	(-5.922711e-02 0.000000e+00 1.726417e-04)
2.534000e+04	lowerWall	(-7.952363e-02 0.000000e+00 -3.741496e-02)	(-5.922700e-02 0.000000e+00 2.126025e-04)
2.535000e+04	lowerWall	(-7.952363e-02 0.000000e+00 -3.741494e-02)	(-5.922689e-02 0.000000e+00 2.603751e-04)
2.536000e+04	lowerWall	(-7.952364e-02 0.000000e+00 -3.741492e-02)	(-5.922677e-02 0.000000e+00 3.173739e-04)
2.537000e+04	lowerWall	(-7.952364e-02 0.000000e+00 -3.741489e-02)	(-5.922666e-02 0.000000e+00 3.874300e-04)
2.538000e+04	lowerWall	(-7.952364e-02 0.000000e+00 -3.741503e-02)	(-5.922714e-02 0.000000e+00 1.976477e-05)
2.539000e+04	lowerWall	(-7.952364e-02 0.000000e+00 -3.741506e-02)	(-5.922724e-02 0.000000e+00 1.989338e-05)
2.540000e+04	lowerWall	(-7.952381e-02 0.000000e+00 -3.741504e-02)	(-5.922780e-02 0.000000e+00 1.994715e-05)
2.541000e+04	lowerWall	(-7.952363e-02 0.000000e+00 -3.741499e-02)	(-5.922694e-02 0.000000e+00 8.992581e-05)
2.542000e+04	lowerWall	(-7.952373e-02 0.000000e+00 -3.741506e-02)	(-5.922745e-02 0.000000e+00 2.008367e-05)
2.543000e+04	lowerWall	(-7.952374e-02 0.000000e+00 -3.741508e-02)	(-5.922755e-02 0.000000e+00 2.016818e-05)
2.544000e+04	lowerWall	(-7.952374e-02 0.000000e+00 -3.741510e-02)	(-5.922769e-02 0.000000e+00 2.026126e-05)
2.545000e+04	lowerWall	(-7.952364e-02 0.000000e+00 -3.741499e-02)	(-5.922717e-02 0.000000e+00 1.586495e-04)
2.546000e+04	lowerWall	(-7.952371e-02 0.000000e+00 -3.741509e-02)	(-5.922771e-02 0.000000e+00 2.009135e-05)
2.547000e+04	lowerWall	(-7.952363e-02 0.000000e+00 -3.741501e-02)	(-5.922732e-02 0.000000e+00 1.122611e-04)
2.548000e+04	lowerWall	(-7.952364e-02 0.000000e+00 -3.741500e-02)	(-5.922739e-02 0.000000e+00 1.236700e-04)
2.549000e+04	lowerWall	(-7.952366e-02 0.000000e+00 -3.741504e-02)	(-5.922765e-02 0.000000e+00 2.941956e-05)
2.550000e+04	lowerWall	(-7.952364e-02 0.000000e+00 -3.741500e-02)	(-5.922754e-02 0.000000e+00 1.353485e-04)
2.551000e+04	lowerWall	(-7.952366e-02 0.000000e+00 -3.741504e-02)	(-5.922782e-02 0.000000e+00 3.011881e-05)
2.552000e+04	lowerWall	(-7.952366e-02 0.000000e+00 -3.741505e-02)	(-5.922790e-02 0.000000e+00 3.348569e-05)
2.553000e+04	lowerWall	(-7.952366e-02 0.000000e+00 -3.741505e-02)	(-5.922798e-02 0.000000e+00 3.650953e-05)
2.554000e+04	lowerWall	(-7.952366e-02 0.000000e+00 -3.741506e-02)	(-5.922805e-02 0.000000e+00 3.629015e-05)
2.555000e+04	lowerWall	(-7.952366e-02 0.000000e+00 -3.741506e-02)	(-5.922811e-02 0.000000e+00 3.314026e-05)
2.556000e+04	lowerWall	(-7.952366e-02 0.000000e+00 -3.741506e-02)	(-5.922816e-02 0.000000e+00 2.960298e-05)
2.557000e+04	lowerWall	(-7.952366e-02 0.000000e+00 -3.741507e-02)	(-5.922821e-02 0.000000e+00 2.698565e-05)
2.558000e+04	lowerWall	(-7.952366e-02 0.000000e+00 -3.741507e-02)	(-5.922825e-02 0.000000e+00 2.196217e-05)
2.559000e+04	lowerWall	(-7.952366e-02 0.000000e+00 -3.741508e-02)	(-5.922827e-02 0.000000e+00 1.984190e-05)
2.560000e+04	lowerWall	(-7.952366e-02 0.000000e+00 -3.741505e-02)	(-5.922816e-02 0.000000e+00 4.304419e-05)
2.561000e+04	lowerWall	(-7.952366e-02 0.000000e+00 -3.741505e-02)	(-5.922818e-02 0.000000e+00 3.105201e-05)
2.562000e+04	lowerWall	(-7.952366e-02 0.000000e+00 -3.741505e-02)	(-5.922817e-02 0.000000e+00 2.942270e-05)
2.563000e+04	lowerWall	(-7.952366e-02 0.000000e+00 -3.741504e-02)	(-5.922815e-02 0.000000e+00 4.985224e-05)
2.564000e+04	lowerWall	(-7.952367e-02 0.000000e+00 -3.741504e-02)	(-5.922812e-02 0.000000e+00 2.639183e-05)
2.565000e+04	lowerWall	(-7.952367e-02 0.000000e+00 -3.741504e-02)	(-5.922809e-02 0.000000e+00 2.543126e-05)
2.566000e+04	lowerWall	(-7.952367e-02 0.000000e+00 -3.741504e-02)	(-5.922805e-02 0.000000e+00 2.077745e-05)
2.567000e+04	lowerWall	(-7.952367e-02 0.000000e+00 -3.741504e-02)	(-5.922801e-02 0.000000e+00 2.244880e-05)
2.568000e+04	lowerWall	(-7.952367e-02 0.000000e+00 -3.741504e-02)	(-5.922796e-02 0.000000e+00 2.121977e-05)
2.569000e+04	lowerWall	(-7.952366e-02 0.000000e+00 -3.741504e-02)	(-5.922792e-02 0.000000e+00 2.007300e-05)
2.570000e+04	lowerWall	(-7.952366e-02 0.000000e+00 -3.741504e-02)	(-5.922787e-02 0.000000e+00 1.973121e-05)
2.571000e+04	lowerWall	(-7.952365e-02 0.000000e+00 -3.741503e-02)	(-5.922773e-02 0.000000e+00 4.087254e-05)
2.572000e+04	lowerWall	(-7.952369e-02 0.000000e+00 -3.741505e-02)	(-5.922785e-02 0.000000e+00 1.984236e-05)
2.573000e+04	lowerWall	(-7.952364e-02 0.000000e+00 -3.741502e-02)	(-5.922762e-02 0.000000e+00 4.718563e-05)
2.574000e+04	lowerWall	(-7.952369e-02 0.000000e+00 -3.741505e-02)	(-5.922778e-02 0.000000e+00 1.989064e-05)
2.575000e+04	lowerWall	(-7.952364e-02 0.000000e+00 -3.741502e-02)	(-5.922749e-02 0.000000e+00 5.418254e-05)
2.576000e+04	lowerWall	(-7.952373e-02 0.000000e+00 -3.741504e-02)	(-5.922779e-02 0.000000e+00 1.998021e-05)
2.577000e+04	lowerWall	(-7.952362e-02 0.000000e+00 -3.741502e-02)	(-5.922735e-02 0.000000e+00 7.031287e-05)
2.578000e+04	lowerWall	(-7.952376e-02 0.000000e+00 -3.741506e-02)	(-5.922776e-02 0.000000e+00 2.015065e-05)
2.579000e+04	lowerWall	(-7.952361e-02 0.000000e+00 -3.741501e-02)	(-5.922717e-02 0.000000e+00 9.710601e-05)
2.580000e+04	lowerWall	(-7.952359e-02 0.000000e+00 -3.741499e-02)	(-5.922703e-02 0.000000e+00 1.481979e-04)
2.581000e+04	lowerWall	(-7.952359e-02 0.000000e+00 -3.741498e-02)	(-5.922698e-02 0.000000e+00 1.675511e-04)
2.582000e+04	lowerWall	(-7.952361e-02 0.000000e+00 -3.741496e-02)	(-5.922691e-02 0.000000e+00 2.728964e-04)
2.583000e+04	lowerWall	(-7.952355e-02 0.000000e+00 -3.741495e-02)	(-5.922673e-02 0.000000e+00 2.915685e-04)
2.584000e+04	lowerWall	(-7.952368e-02 0.000000e+00 -3.741504e-02)	(-5.922736e-02 0.000000e+00 1.986154e-05)
2.585000e+04	lowerWall	(-7.952369e-02 0.000000e+00 -3.741505e-02)	(-5.922744e-02 0.000000e+00 1.992141e-05)
2.586000e+04	lowerWall	(-7.952370e-02 0.000000e+00 -3.741507e-02)	(-5.922753e-02 0.000000e+00 1.999431e-05)
2.587000e+04	lowerWall	(-7.952371e-02 0.000000e+00 -3.741509e-02)	(-5.922765e-02 0.000000e+00 2.008664e-05)
2.588000e+04	lowerWall	(-7.952372e-02 0.000000e+00 -3.741511e-02)	(-5.922780e-02 0.000000e+00 2.020293e-05)
2.589000e+04	lowerWall	(-7.952373e-02 0.000000e+00 -3.741513e-02)	(-5.922797e-02 0.000000e+00 2.034683e-05)
2.590000e+04	lowerWall	(-7.952367e-02 0.000000e+00 -3.741502e-02)	(-5.922747e-02 0.000000e+00 1.453764e-04)
2.591000e+04	lowerWall	(-7.952394e-02 0.000000e+00 -3.741518e-02)	(-5.922876e-02 0.000000e+00 2.120491e-05)
2.592000e+04	lowerWall	(-7.952356e-02 0.000000e+00 -3.741504e-02)	(-5.922742e-02 0.000000e+00 6.204260e-05)
2.593000e+04	lowerWall	(-7.952340e-02 0.000000e+00 -3.741500e-02)	(-5.922691e-02 0.000000e+00 3.830061e-04)
2.594000e+04	lowerWall	(-7.952335e-02 0.000000e+00 -3.741496e-02)	(-5.922680e-02 0.000000e+00 5.124556e-04)
2.595000e+04	lowerWall	(-7.952395e-02 0.000000e+00 -3.741505e-02)	(-5.922866e-02 0.000000e+00 2.072876e-05)
2.596000e+04	lowerWall	(-7.952349e-02 0.000000e+00 -3.741504e-02)	(-5.922741e-02 0.000000e+00 2.334590e-04)
2.597000e+04	lowerWall	(-7.952348e-02 0.000000e+00 -3.741503e-02)	(-5.922732e-02 0.000000e+00 2.765438e-04)
2.598000e+04	lowerWall	(-7.952373e-02 0.000000e+00 -3.741506e-02)	(-5.922801e-02 0.000000e+00 2.003238e-05)
2.599000e+04	lowerWall	(-7.952368e-02 0.000000e+00 -3.741506e-02)	(-5.922789e-02 0.000000e+00 2.013710e-05)
2.600000e+04	lowerWall	(-7.952361e-02 0.000000e+00 -3.741503e-02)	(-5.922754e-02 0.000000e+00 8.325375e-05)
2.601000e+04	lowerWall	(-7.952360e-02 0.000000e+00 -3.741503e-02)	(-5.922745e-02 0.000000e+00 9.436422e-05)
2.602000e+04	lowerWall	(-7.952360e-02 0.000000e+00 -3.741502e-02)	(-5.922737e-02 0.000000e+00 1.073938e-04)
2.603000e+04	lowerWall	(-7.952359e-02 0.000000e+00 -3.741502e-02)	(-5.922727e-02 0.000000e+00 1.227923e-04)
2.604000e+04	lowerWall	(-7.952359e-02 0.000000e+00 -3.741501e-02)	(-5.922717e-02 0.000000e+00 1.449274e-04)
2.605000e+04	lowerWall	(-7.952358e-02 0.000000e+00 -3.741500e-02)	(-5.922706e-02 0.000000e+00 1.735532e-04)
2.606000e+04	lowerWall	(-7.952357e-02 0.000000e+00 -3.741498e-02)	(-5.922693e-02 0.000000e+00 2.123210e-04)
2.607000e+04	lowerWall	(-7.952365e-02 0.000000e+00 -3.741503e-02)	(-5.922728e-02 0.000000e+00 1.996256e-05)
2.608000e+04	lowerWall	(-7.952375e-02 0.000000e+00 -3.741505e-02)	(-5.922752e-02 0.000000e+00 2.010304e-05)
2.609000e+04	lowerWall	(-7.952377e-02 0.000000e+00 -3.741506e-02)	(-5.922759e-02 0.000000e+00 2.022265e-05)
2.610000e+04	lowerWall	(-7.952351e-02 0.000000e+00 -3.741502e-02)	(-5.922674e-02 0.000000e+00 1.164477e-04)
2.611000e+04	lowerWall	(-7.952352e-02 0.000000e+00 -3.741501e-02)	(-5.922683e-02 0.000000e+00 2.134693e-04)
2.612000e+04	lowerWall	(-7.952360e-02 0.000000e+00 -3.741500e-02)	(-5.922699e-02 0.000000e+00 3.022073e-04)
2.613000e+04	lowerWall	(-7.952359e-02 0.000000e+00 -3.741499e-02)	(-5.922700e-02 0.000000e+00 3.651255e-04)
2.614000e+04	lowerWall	(-7.952359e-02 0.000000e+00 -3.741498e-02)	(-5.922701e-02 0.000000e+00 4.501688e-04)
2.615000e+04	lowerWall	(-7.952358e-02 0.000000e+00 -3.741496e-02)	(-5.922702e-02 0.000000e+00 5.516195e-04)
2.616000e+04	lowerWall	(-7.952348e-02 0.000000e+00 -3.741491e-02)	(-5.922662e-02 0.000000e+00 9.141914e-04)
2.617000e+04	lowerWall	(-7.952378e-02 0.000000e+00 -3.741510e-02)	(-5.922811e-02 0.000000e+00 2.037960e-05)
2.618000e+04	lowerWall	(-7.952364e-02 0.000000e+00 -3.741505e-02)	(-5.922766e-02 0.000000e+00 1.989531e-05)
2.619000e+04	lowerWall	(-7.952394e-02 0.000000e+00 -3.741500e-02)	(-5.922839e-02 0.000000e+00 2.053288e-05)
2.620000e+04	lowerWall	(-7.952350e-02 0.000000e+00 -3.741505e-02)	(-5.922726e-02 0.000000e+00 2.393582e-04)
2.621000e+04	lowerWall	(-7.952348e-02 0.000000e+00 -3.741505e-02)	(-5.922715e-02 0.000000e+00 3.009717e-04)
2.622000e+04	lowerWall	(-7.952371e-02 0.000000e+00 -3.741505e-02)	(-5.922769e-02 0.000000e+00 1.991097e-05)
2.623000e+04	lowerWall	(-7.952338e-02 0.000000e+00 -3.741501e-02)	(-5.922672e-02 0.000000e+00 4.203836e-04)
2.624000e+04	lowerWall	(-7.952361e-02 0.000000e+00 -3.741504e-02)	(-5.922729e-02 0.000000e+00 7.208988e-05)
2.625000e+04	lowerWall	(-7.952361e-02 0.000000e+00 -3.741504e-02)	(-5.922721e-02 0.000000e+00 7.113614e-05)
2.626000e+04	lowerWall	(-7.952364e-02 0.000000e+00 -3.741505e-02)	(-5.922724e-02 0.000000e+00 1.967505e-05)
2.627000e+04	lowerWall	(-7.952361e-02 0.000000e+00 -3.741503e-02)	(-5.922704e-02 0.000000e+00 7.358472e-05)
2.628000e+04	lowerWall	(-7.952365e-02 0.000000e+00 -3.741504e-02)	(-5.922708e-02 0.000000e+00 1.970028e-05)
2.629000e+04	lowerWall	(-7.952337e-02 0.000000e+00 -3.741505e-02)	(-5.922619e-02 0.000000e+00 5.100129e-04)
2.630000e+04	lowerWall	(-7.952327e-02 0.000000e+00 -3.741503e-02)	(-5.922576e-02 0.000000e+00 6.960158e-04)
2.631000e+04	lowerWall	(-7.952317e-02 0.000000e+00 -3.741499e-02)	(-5.922526e-02 0.000000e+00 8.682129e-04)
2.632000e+04	lowerWall	(-7.952385e-02 0.000000e+00 -3.741508e-02)	(-5.922725e-02 0.000000e+00 2.055663e-05)
2.633000e+04	lowerWall	(-7.952342e-02 0.000000e+00 -3.741505e-02)	(-5.922597e-02 0.000000e+00 3.644439e-04)
2.634000e+04	lowerWall	(-7.952324e-02 0.000000e+00 -3.741503e-02)	(-5.922545e-02 0.000000e+00 6.576164e-04)
2.635000e+04	lowerWall	(-7.952376e-02 0.000000e+00 -3.741506e-02)	(-5.922691e-02 0.000000e+00 2.014972e-05)
2.636000e+04	lowerWall	(-7.952370e-02 0.000000e+00 -3.741503e-02)	(-5.922687e-02 0.000000e+00 2.025146e-05)
2.637000e+04	lowerWall	(-7.952391e-02 0.000000e+00 -3.741504e-02)	(-5.922736e-02 0.000000e+00 2.055841e-05)
2.638000e+04	lowerWall	(-7.952398e-02 0.000000e+00 -3.741505e-02)	(-5.922767e-02 0.000000e+00 2.084444e-05)
2.639000e+04	lowerWall	(-7.952361e-02 0.000000e+00 -3.741503e-02)	(-5.922694e-02 0.000000e+00 1.967949e-05)
2.640000e+04	lowerWall	(-7.952392e-02 0.000000e+00 -3.741495e-02)	(-5.922749e-02 0.000000e+00 2.030985e-05)
2.641000e+04	lowerWall	(-7.952399e-02 0.000000e+00 -3.741495e-02)	(-5.922777e-02 0.000000e+00 2.059821e-05)
2.642000e+04	lowerWall	(-7.952408e-02 0.000000e+00 -3.741496e-02)	(-5.922813e-02 0.000000e+00 2.091470e-05)
2.643000e+04	lowerWall	(-7.952419e-02 0.000000e+00 -3.741496e-02)	(-5.922857e-02 0.000000e+00 2.130487e-05)
2.644000e+04	lowerWall	(-7.952362e-02 0.000000e+00 -3.741500e-02)	(-5.922748e-02 0.000000e+00 7.513433e-05)
2.645000e+04	lowerWall	(-7.952355e-02 0.000000e+00 -3.741514e-02)	(-5.922721e-02 0.000000e+00 4.200295e-04)
2.646000e+04	lowerWall	(-7.952375e-02 0.000000e+00 -3.741501e-02)	(-5.922764e-02 0.000000e+00 4.357266e-05)
2.647000e+04	lowerWall	(-7.952376e-02 0.000000e+00 -3.741501e-02)	(-5.922770e-02 0.000000e+00 3.818666e-05)
2.648000e+04	lowerWall	(-7.952358e-02 0.000000e+00 -3.741508e-02)	(-5.922743e-02 0.000000e+00 1.295361e-04)
2.649000e+04	lowerWall	(-7.952403e-02 0.000000e+00 -3.741488e-02)	(-5.922811e-02 0.000000e+00 1.323447e-04)
2.650000e+04	lowerWall	(-7.952349e-02 0.000000e+00 -3.741509e-02)	(-5.922714e-02 0.000000e+00 2.471584e-04)
2.651000e+04	lowerWall	(-7.952346e-02 0.000000e+00 -3.741509e-02)	(-5.922699e-02 0.000000e+00 2.967907e-04)
2.652000e+04	lowerWall	(-7.952371e-02 0.000000e+00 -3.741504e-02)	(-5.922740e-02 0.000000e+00 6.515804e-05)
2.653000e+04	lowerWall	(-7.952366e-02 0.000000e+00 -3.741504e-02)	(-5.922730e-02 0.000000e+00 6.543725e-05)
2.654000e+04	lowerWall	(-7.952367e-02 0.000000e+00 -3.741504e-02)	(-5.922726e-02 0.000000e+00 6.259434e-05)
2.655000e+04	lowerWall	(-7.952367e-02 0.000000e+00 -3.741505e-02)	(-5.922722e-02 0.000000e+00 6.134477e-05)
2.656000e+04	lowerWall	(-7.952378e-02 0.000000e+00 -3.741506e-02)	(-5.922735e-02 0.000000e+00 5.312030e-05)
2.657000e+04	lowerWall	(-7.952370e-02 0.000000e+00 -3.741504e-02)	(-5.922709e-02 0.000000e+00 2.994078e-05)
2.658000e+04	lowerWall	(-7.952376e-02 0.000000e+00 -3.741498e-02)	(-5.922734e-02 0.000000e+00 6.397967e-05)
2.659000e+04	lowerWall	(-7.952459e-02 0.000000e+00 -3.741497e-02)	(-5.922907e-02 0.000000e+00 9.554305e-05)
2.660000e+04	lowerWall	(-7.952315e-02 0.000000e+00 -3.741505e-02)	(-5.922555e-02 0.000000e+00 7.544015e-04)
2.661000e+04	lowerWall	(-7.952253e-02 0.000000e+00 -3.741500e-02)	(-5.898667e-02 0.000000e+00 1.665545e-03)
2.662000e+04	lowerWall	(-7.952412e-02 0.000000e+00 -3.741492e-02)	(-5.922769e-02 0.000000e+00 4.178596e-05)
2.663000e+04	lowerWall	(-7.952545e-02 0.000000e+00 -3.741488e-02)	(-5.912603e-02 0.000000e+00 7.764227e-05)
2.664000e+04	lowerWall	(-7.952274e-02 0.000000e+00 -3.741508e-02)	(-5.922435e-02 0.000000e+00 1.292197e-03)
2.665000e+04	lowerWall	(-7.952212e-02 0.000000e+00 -3.741502e-02)	(-5.886329e-02 0.000000e+00 2.230826e-03)
2.666000e+04	lowerWall	(-7.952437e-02 0.000000e+00 -3.741509e-02)	(-5.922840e-02 0.000000e+00 2.882093e-05)
2.667000e+04	lowerWall	(-7.952322e-02 0.000000e+00 -3.741500e-02)	(-5.922509e-02 0.000000e+00 6.583222e-04)
2.668000e+04	lowerWall	(-7.952337e-02 0.000000e+00 -3.741509e-02)	(-5.922515e-02 0.000000e+00 5.026037e-05)
2.669000e+04	lowerWall	(-7.952504e-02 0.000000e+00 -3.741434e-02)	(-5.922836e-02 0.000000e+00 2.275147e-05)
2.670000e+04	lowerWall	(-7.952291e-02 0.000000e+00 -3.741533e-02)	(-5.922488e-02 0.000000e+00 6.471075e-04)
2.671000e+04	lowerWall	(-7.952249e-02 0.000000e+00 -3.741541e-02)	(-5.922399e-02 0.000000e+00 1.099403e-03)
2.672000e+04	lowerWall	(-7.952416e-02 0.000000e+00 -3.741518e-02)	(-5.922696e-02 0.000000e+00 4.298542e-04)
2.673000e+04	lowerWall	(-7.952458e-02 0.000000e+00 -3.741494e-02)	(-5.922804e-02 0.000000e+00 2.258051e-05)
2.674000e+04	lowerWall	(-7.952310e-02 0.000000e+00 -3.741516e-02)	(-5.922471e-02 0.000000e+00 5.780766e-04)
2.675000e+04	lowerWall	(-7.952281e-02 0.000000e+00 -3.741516e-02)	(-5.922399e-02 0.000000e+00 9.512824e-04)
2.676000e+04	lowerWall	(-7.952387e-02 0.000000e+00 -3.741511e-02)	(-5.922653e-02 0.000000e+00 2.062629e-05)
2.677000e+04	lowerWall	(-7.952348e-02 0.000000e+00 -3.741511e-02)	(-5.922574e-02 0.000000e+00 1.736782e-04)
2.678000e+04	lowerWall	(-7.952418e-02 0.000000e+00 -3.741502e-02)	(-5.922741e-02 0.000000e+00 2.137172e-05)
2.679000e+04	lowerWall	(-7.952433e-02 0.000000e+00 -3.741503e-02)	(-5.922798e-02 0.000000e+00 2.188514e-05)
2.680000e+04	lowerWall	(-7.952450e-02 0.000000e+00 -3.741506e-02)	(-5.922868e-02 0.000000e+00 2.247878e-05)
2.681000e+04	lowerWall	(-7.952470e-02 0.000000e+00 -3.741510e-02)	(-5.922951e-02 0.000000e+00 2.322382e-05)
2.682000e+04	lowerWall	(-7.952311e-02 0.000000e+00 -3.741505e-02)	(-5.922567e-02 0.000000e+00 7.011245e-04)
2.683000e+04	lowerWall	(-7.952297e-02 0.000000e+00 -3.741499e-02)	(-5.922536e-02 0.000000e+00 9.086262e-04)
2.684000e+04	lowerWall	(-7.952105e-02 0.000000e+00 -3.741514e-02)	(-5.922116e-02 0.000000e+00 1.777633e-04)
2.685000e+04	lowerWall	(-7.952302e-02 0.000000e+00 -3.741533e-02)	(-5.922640e-02 0.000000e+00 4.558833e-04)
2.686000e+04	lowerWall	(-7.952385e-02 0.000000e+00 -3.741510e-02)	(-5.922787e-02 0.000000e+00 1.458834e-04)
2.687000e+04	lowerWall	(-7.952375e-02 0.000000e+00 -3.741495e-02)	(-5.922792e-02 0.000000e+00 2.098081e-05)
2.688000e+04	lowerWall	(-7.952348e-02 0.000000e+00 -3.741511e-02)	(-5.922731e-02 0.000000e+00 1.485889e-04)
2.689000e+04	lowerWall	(-7.952346e-02 0.000000e+00 -3.741510e-02)	(-5.922729e-02 0.000000e+00 1.687391e-04)
2.690000e+04	lowerWall	(-7.952344e-02 0.000000e+00 -3.741509e-02)	(-5.922726e-02 0.000000e+00 1.882342e-04)
2.691000e+04	lowerWall	(-7.952355e-02 0.000000e+00 -3.741510e-02)	(-5.922738e-02 0.000000e+00 2.480270e-04)
2.692000e+04	lowerWall	(-7.952339e-02 0.000000e+00 -3.741508e-02)	(-5.922704e-02 0.000000e+00 2.554053e-04)
2.693000e+04	lowerWall	(-7.952360e-02 0.000000e+00 -3.741507e-02)	(-5.922751e-02 0.000000e+00 4.847651e-05)
2.694000e+04	lowerWall	(-7.952357e-02 0.000000e+00 -3.741508e-02)	(-5.922743e-02 0.000000e+00 7.757391e-05)
2.695000e+04	lowerWall	(-7.952356e-02 0.000000e+00 -3.741508e-02)	(-5.922737e-02 0.000000e+00 9.748665e-05)
2.696000e+04	lowerWall	(-7.952355e-02 0.000000e+00 -3.741508e-02)	(-5.922727e-02 0.000000e+00 1.192065e-04)
2.697000e+04	lowerWall	(-7.952353e-02 0.000000e+00 -3.741507e-02)	(-5.922718e-02 0.000000e+00 1.425714e-04)
2.698000e+04	lowerWall	(-7.952347e-02 0.000000e+00 -3.741506e-02)	(-5.922698e-02 0.000000e+00 2.129470e-04)
2.699000e+04	lowerWall	(-7.952367e-02 0.000000e+00 -3.741507e-02)	(-5.922747e-02 0.000000e+00 1.984365e-05)
2.700000e+04	lowerWall	(-7.952368e-02 0.000000e+00 -3.741507e-02)	(-5.922748e-02 0.000000e+00 1.987988e-05)
2.701000e+04	lowerWall	(-7.952369e-02 0.000000e+00 -3.741507e-02)	(-5.922752e-02 0.000000e+00 1.992461e-05)
2.702000e+04	lowerWall	(-7.952371e-02 0.000000e+00 -3.741508e-02)	(-5.922759e-02 0.000000e+00 1.998576e-05)
2.703000e+04	lowerWall	(-7.952372e-02 0.000000e+00 -3.741508e-02)	(-5.922765e-02 0.000000e+00 2.004267e-05)
2.704000e+04	lowerWall	(-7.952362e-02 0.000000e+00 -3.741506e-02)	(-5.922731e-02 0.000000e+00 8.019729e-05)
2.705000e+04	lowerWall	(-7.952372e-02 0.000000e+00 -3.741504e-02)	(-5.922762e-02 0.000000e+00 1.992469e-05)
2.706000e+04	lowerWall	(-7.952373e-02 0.000000e+00 -3.741504e-02)	(-5.922769e-02 0.000000e+00 2.000340e-05)
2.707000e+04	lowerWall	(-7.952375e-02 0.000000e+00 -3.741505e-02)	(-5.922780e-02 0.000000e+00 2.009142e-05)
2.708000e+04	lowerWall	(-7.952378e-02 0.000000e+00 -3.741505e-02)	(-5.922793e-02 0.000000e+00 2.019897e-05)
2.709000e+04	lowerWall	(-7.952385e-02 0.000000e+00 -3.741507e-02)	(-5.922819e-02 0.000000e+00 2.054950e-05)
2.710000e+04	lowerWall	(-7.952363e-02 0.000000e+00 -3.741504e-02)	(-5.922769e-02 0.000000e+00 1.970991e-05)
2.711000e+04	lowerWall	(-7.952374e-02 0.000000e+00 -3.741504e-02)	(-5.922790e-02 0.000000e+00 2.001774e-05)
2.712000e+04	lowerWall	(-7.952377e-02 0.000000e+00 -3.741504e-02)	(-5.922800e-02 0.000000e+00 2.013069e-05)
2.713000e+04	lowerWall	(-7.952379e-02 0.000000e+00 -3.741505e-02)	(-5.922809e-02 0.000000e+00 2.024509e-05)
2.714000e+04	lowerWall	(-7.952382e-02 0.000000e+00 -3.741506e-02)	(-5.922818e-02 0.000000e+00 2.037587e-05)
2.715000e+04	lowerWall	(-7.952358e-02 0.000000e+00 -3.741503e-02)	(-5.922749e-02 0.000000e+00 1.403533e-04)
2.716000e+04	lowerWall	(-7.952357e-02 0.000000e+00 -3.741502e-02)	(-5.922742e-02 0.000000e+00 1.601845e-04)
2.717000e+04	lowerWall	(-7.952356e-02 0.000000e+00 -3.741501e-02)	(-5.922732e-02 0.000000e+00 1.796915e-04)
2.718000e+04	lowerWall	(-7.952352e-02 0.000000e+00 -3.741499e-02)	(-5.922711e-02 0.000000e+00 2.854094e-04)
2.719000e+04	lowerWall	(-7.952363e-02 0.000000e+00 -3.741503e-02)	(-5.922746e-02 0.000000e+00 5.058664e-05)
2.720000e+04	lowerWall	(-7.952363e-02 0.000000e+00 -3.741503e-02)	(-5.922742e-02 0.000000e+00 4.958396e-05)
2.721000e+04	lowerWall	(-7.952370e-02 0.000000e+00 -3.741505e-02)	(-5.922761e-02 0.000000e+00 1.987995e-05)
2.722000e+04	lowerWall	(-7.952345e-02 0.000000e+00 -3.741492e-02)	(-5.922659e-02 0.000000e+00 4.551426e-04)
2.723000e+04	lowerWall	(-7.952371e-02 0.000000e+00 -3.741506e-02)	(-5.922757e-02 0.000000e+00 1.997674e-05)
2.724000e+04	lowerWall	(-7.952363e-02 0.000000e+00 -3.741501e-02)	(-5.922717e-02 0.000000e+00 8.987395e-05)
2.725000e+04	lowerWall	(-7.952362e-02 0.000000e+00 -3.741500e-02)	(-5.922711e-02 0.000000e+00 1.053717e-04)
2.726000e+04	lowerWall	(-7.952366e-02 0.000000e+00 -3.741503e-02)	(-5.922727e-02 0.000000e+00 1.968393e-05)
2.727000e+04	lowerWall	(-7.952366e-02 0.000000e+00 -3.741503e-02)	(-5.922728e-02 0.000000e+00 1.969550e-05)
2.728000e+04	lowerWall	(-7.952365e-02 0.000000e+00 -3.741502e-02)	(-5.922725e-02 0.000000e+00 1.966087e-05)
2.729000e+04	lowerWall	(-7.952366e-02 0.000000e+00 -3.741503e-02)	(-5.922729e-02 0.000000e+00 1.967674e-05)
2.730000e+04	lowerWall	(-7.952366e-02 0.000000e+00 -3.741503e-02)	(-5.922733e-02 0.000000e+00 1.969078e-05)
2.731000e+04	lowerWall	(-7.952367e-02 0.000000e+00 -3.741503e-02)	(-5.922738e-02 0.000000e+00 1.970637e-05)
2.732000e+04	lowerWall	(-7.952367e-02 0.000000e+00 -3.741504e-02)	(-5.922744e-02 0.000000e+00 1.972391e-05)
2.733000e+04	lowerWall	(-7.952367e-02 0.000000e+00 -3.741504e-02)	(-5.922750e-02 0.000000e+00 1.974114e-05)
2.734000e+04	lowerWall	(-7.952367e-02 0.000000e+00 -3.741504e-02)	(-5.922757e-02 0.000000e+00 1.976091e-05)
2.735000e+04	lowerWall	(-7.952366e-02 0.000000e+00 -3.741504e-02)	(-5.922760e-02 0.000000e+00 1.979171e-05)
2.736000e+04	lowerWall	(-7.952369e-02 0.000000e+00 -3.741504e-02)	(-5.922771e-02 0.000000e+00 1.982600e-05)
2.737000e+04	lowerWall	(-7.952370e-02 0.000000e+00 -3.741505e-02)	(-5.922779e-02 0.000000e+00 1.985195e-05)
2.738000e+04	lowerWall	(-7.952370e-02 0.000000e+00 -3.741505e-02)	(-5.922786e-02 0.000000e+00 1.987713e-05)
2.739000e+04	lowerWall	(-7.952371e-02 0.000000e+00 -3.741506e-02)	(-5.922795e-02 0.000000e+00 1.990467e-05)
2.740000e+04	lowerWall	(-7.952371e-02 0.000000e+00 -3.741507e-02)	(-5.922801e-02 0.000000e+00 1.993989e-05)
2.741000e+04	lowerWall	(-7.952371e-02 0.000000e+00 -3.741507e-02)	(-5.922805e-02 0.000000e+00 1.998817e-05)
2.742000e+04	lowerWall	(-7.952364e-02 0.000000e+00 -3.741502e-02)	(-5.922774e-02 0.000000e+00 8.338202e-05)
2.743000e+04	lowerWall	(-7.952364e-02 0.000000e+00 -3.741502e-02)	(-5.922772e-02 0.000000e+00 9.149920e-05)
2.744000e+04	lowerWall	(-7.952363e-02 0.000000e+00 -3.741501e-02)	(-5.922770e-02 0.000000e+00 1.004639e-04)
2.745000e+04	lowerWall	(-7.952366e-02 0.000000e+00 -3.741504e-02)	(-5.922786e-02 0.000000e+00 1.970130e-05)
2.746000e+04	lowerWall	(-7.952363e-02 0.000000e+00 -3.741500e-02)	(-5.922767e-02 0.000000e+00 1.115537e-04)
2.747000e+04	lowerWall	(-7.952363e-02 0.000000e+00 -3.741500e-02)	(-5.922764e-02 0.000000e+00 1.222348e-04)
2.748000e+04	lowerWall	(-7.952363e-02 0.000000e+00 -3.741499e-02)	(-5.922760e-02 0.000000e+00 1.348259e-04)
2.749000e+04	lowerWall	(-7.952367e-02 0.000000e+00 -3.741504e-02)	(-5.922781e-02 0.000000e+00 1.971223e-05)
2.750000e+04	lowerWall	(-7.952367e-02 0.000000e+00 -3.741504e-02)	(-5.922780e-02 0.000000e+00 1.971742e-05)
2.751000e+04	lowerWall	(-7.952366e-02 0.000000e+00 -3.741502e-02)	(-5.922769e-02 0.000000e+00 4.524895e-05)
2.752000e+04	lowerWall	(-7.952366e-02 0.000000e+00 -3.741502e-02)	(-5.922767e-02 0.000000e+00 4.742023e-05)
2.753000e+04	lowerWall	(-7.952366e-02 0.000000e+00 -3.741501e-02)	(-5.922764e-02 0.000000e+00 4.926876e-05)
2.754000e+04	lowerWall	(-7.952366e-02 0.000000e+00 -3.741501e-02)	(-5.922763e-02 0.000000e+00 5.188899e-05)
2.755000e+04	lowerWall	(-7.952366e-02 0.000000e+00 -3.741501e-02)	(-5.922761e-02 0.000000e+00 5.478578e-05)
2.756000e+04	lowerWall	(-7.952366e-02 0.000000e+00 -3.741501e-02)	(-5.922760e-02 0.000000e+00 6.044930e-05)
2.757000e+04	lowerWall	(-7.952366e-02 0.000000e+00 -3.741501e-02)	(-5.922759e-02 0.000000e+00 5.826804e-05)
2.758000e+04	lowerWall	(-7.952366e-02 0.000000e+00 -3.741501e-02)	(-5.922759e-02 0.000000e+00 6.001324e-05)
2.759000e+04	lowerWall	(-7.952367e-02 0.000000e+00 -3.741506e-02)	(-5.922776e-02 0.000000e+00 1.978301e-05)
2.760000e+04	lowerWall	(-7.952367e-02 0.000000e+00 -3.741507e-02)	(-5.922778e-02 0.000000e+00 1.980243e-05)
2.761000e+04	lowerWall	(-7.952367e-02 0.000000e+00 -3.741507e-02)	(-5.922780e-02 0.000000e+00 1.982688e-05)
2.762000e+04	lowerWall	(-7.952366e-02 0.000000e+00 -3.741508e-02)	(-5.922780e-02 0.000000e+00 1.986572e-05)
2.763000e+04	lowerWall	(-7.952365e-02 0.000000e+00 -3.741509e-02)	(-5.922784e-02 0.000000e+00 1.990885e-05)
2.764000e+04	lowerWall	(-7.952366e-02 0.000000e+00 -3.741511e-02)	(-5.922790e-02 0.000000e+00 1.994825e-05)
2.765000e+04	lowerWall	(-7.952366e-02 0.000000e+00 -3.741501e-02)	(-5.922757e-02 0.000000e+00 1.168468e-04)
2.766000e+04	lowerWall	(-7.952366e-02 0.000000e+00 -3.741500e-02)	(-5.922757e-02 0.000000e+00 1.333820e-04)
2.767000e+04	lowerWall	(-7.952366e-02 0.000000e+00 -3.741499e-02)	(-5.922753e-02 0.000000e+00 1.570347e-04)
2.768000e+04	lowerWall	(-7.952365e-02 0.000000e+00 -3.741505e-02)	(-5.922770e-02 0.000000e+00 1.971592e-05)
2.769000e+04	lowerWall	(-7.952366e-02 0.000000e+00 -3.741503e-02)	(-5.922762e-02 0.000000e+00 4.410331e-05)
2.770000e+04	lowerWall	(-7.952365e-02 0.000000e+00 -3.741505e-02)	(-5.922769e-02 0.000000e+00 1.971969e-05)
2.771000e+04	lowerWall	(-7.952366e-02 0.000000e+00 -3.741502e-02)	(-5.922759e-02 0.000000e+00 5.005172e-05)
2.772000e+04	lowerWall	(-7.952366e-02 0.000000e+00 -3.741502e-02)	(-5.922757e-02 0.000000e+00 6.018016e-05)
2.773000e+04	lowerWall	(-7.952366e-02 0.000000e+00 -3.741501e-02)	(-5.922755e-02 0.000000e+00 6.264259e-05)
2.774000e+04	lowerWall	(-7.952366e-02 0.000000e+00 -3.741502e-02)	(-5.922753e-02 0.000000e+00 5.847167e-05)
2.775000e+04	lowerWall	(-7.952366e-02 0.000000e+00 -3.741501e-02)	(-5.922750e-02 0.000000e+00 6.301874e-05)
2.776000e+04	lowerWall	(-7.952366e-02 0.000000e+00 -3.741501e-02)	(-5.922748e-02 0.000000e+00 7.015343e-05)
2.777000e+04	lowerWall	(-7.952366e-02 0.000000e+00 -3.741500e-02)	(-5.922745e-02 0.000000e+00 7.888473e-05)
2.778000e+04	lowerWall	(-7.952366e-02 0.000000e+00 -3.741500e-02)	(-5.922743e-02 0.000000e+00 8.789698e-05)
2.779000e+04	lowerWall	(-7.952367e-02 0.000000e+00 -3.741499e-02)	(-5.922740e-02 0.000000e+00 9.799229e-05)
2.780000e+04	lowerWall	(-7.952365e-02 0.000000e+00 -3.741502e-02)	(-5.922745e-02 0.000000e+00 1.963004e-05)
2.781000e+04	lowerWall	(-7.952365e-02 0.000000e+00 -3.741502e-02)	(-5.922745e-02 0.000000e+00 1.964313e-05)
2.782000e+04	lowerWall	(-7.952364e-02 0.000000e+00 -3.741503e-02)	(-5.922745e-02 0.000000e+00 1.965022e-05)
2.783000e+04	lowerWall	(-7.952364e-02 0.000000e+00 -3.741504e-02)	(-5.922745e-02 0.000000e+00 1.965899e-05)
2.784000e+04	lowerWall	(-7.952364e-02 0.000000e+00 -3.741504e-02)	(-5.922746e-02 0.000000e+00 1.966984e-05)
2.785000e+04	lowerWall	(-7.952363e-02 0.000000e+00 -3.741505e-02)	(-5.922747e-02 0.000000e+00 1.968345e-05)
2.786000e+04	lowerWall	(-7.952363e-02 0.000000e+00 -3.741506e-02)	(-5.922748e-02 0.000000e+00 1.969955e-05)
2.787000e+04	lowerWall	(-7.952362e-02 0.000000e+00 -3.741507e-02)	(-5.922750e-02 0.000000e+00 1.971887e-05)
2.788000e+04	lowerWall	(-7.952369e-02 0.000000e+00 -3.741502e-02)	(-5.922750e-02 0.000000e+00 7.852681e-05)
2.789000e+04	lowerWall	(-7.952365e-02 0.000000e+00 -3.741504e-02)	(-5.922749e-02 0.000000e+00 1.963869e-05)
2.790000e+04	lowerWall	(-7.952366e-02 0.000000e+00 -3.741505e-02)	(-5.922758e-02 0.000000e+00 1.976949e-05)
2.791000e+04	lowerWall	(-7.952366e-02 0.000000e+00 -3.741506e-02)	(-5.922760e-02 0.000000e+00 1.979195e-05)
2.792000e+04	lowerWall	(-7.952364e-02 0.000000e+00 -3.741503e-02)	(-5.922745e-02 0.000000e+00 5.388848e-05)
2.793000e+04	lowerWall	(-7.952364e-02 0.000000e+00 -3.741502e-02)	(-5.922745e-02 0.000000e+00 5.603485e-05)
2.794000e+04	lowerWall	(-7.952364e-02 0.000000e+00 -3.741502e-02)	(-5.922744e-02 0.000000e+00 6.027433e-05)
2.795000e+04	lowerWall	(-7.952365e-02 0.000000e+00 -3.741502e-02)	(-5.922743e-02 0.000000e+00 6.582220e-05)
2.796000e+04	lowerWall	(-7.952365e-02 0.000000e+00 -3.741501e-02)	(-5.922742e-02 0.000000e+00 7.037104e-05)
2.797000e+04	lowerWall	(-7.952365e-02 0.000000e+00 -3.741501e-02)	(-5.922741e-02 0.000000e+00 7.696468e-05)
2.798000e+04	lowerWall	(-7.952365e-02 0.000000e+00 -3.741501e-02)	(-5.922739e-02 0.000000e+00 8.730915e-05)
2.799000e+04	lowerWall	(-7.952365e-02 0.000000e+00 -3.741500e-02)	(-5.922737e-02 0.000000e+00 1.006261e-04)
2.800000e+04	lowerWall	(-7.952365e-02 0.000000e+00 -3.741499e-02)	(-5.922735e-02 0.000000e+00 1.171629e-04)
2.801000e+04	lowerWall	(-7.952365e-02 0.000000e+00 -3.741499e-02)	(-5.922733e-02 0.000000e+00 1.385062e-04)
2.802000e+04	lowerWall	(-7.952365e-02 0.000000e+00 -3.741498e-02)	(-5.922731e-02 0.000000e+00 1.661463e-04)
2.803000e+04	lowerWall	(-7.952365e-02 0.000000e+00 -3.741503e-02)	(-5.922747e-02 0.000000e+00 1.966290e-05)
2.804000e+04	lowerWall	(-7.952365e-02 0.000000e+00 -3.741504e-02)	(-5.922749e-02 0.000000e+00 1.967611e-05)
2.805000e+04	lowerWall	(-7.952364e-02 0.000000e+00 -3.741505e-02)	(-5.922751e-02 0.000000e+00 1.969254e-05)
2.806000e+04	lowerWall	(-7.952364e-02 0.000000e+00 -3.741506e-02)	(-5.922754e-02 0.000000e+00 1.971280e-05)
2.807000e+04	lowerWall	(-7.952364e-02 0.000000e+00 -3.741507e-02)	(-5.922757e-02 0.000000e+00 1.973788e-05)
2.808000e+04	lowerWall	(-7.952363e-02 0.000000e+00 -3.741508e-02)	(-5.922760e-02 0.000000e+00 1.976695e-05)
2.809000e+04	lowerWall	(-7.952363e-02 0.000000e+00 -3.741509e-02)	(-5.922763e-02 0.000000e+00 1.979797e-05)
2.810000e+04	lowerWall	(-7.952362e-02 0.000000e+00 -3.741510e-02)	(-5.922767e-02 0.000000e+00 1.983116e-05)
2.811000e+04	lowerWall	(-7.952361e-02 0.000000e+00 -3.741511e-02)	(-5.922770e-02 0.000000e+00 1.986578e-05)
2.812000e+04	lowerWall	(-7.952366e-02 0.000000e+00 -3.741502e-02)	(-5.922750e-02 0.000000e+00 1.248348e-04)
2.813000e+04	lowerWall	(-7.952367e-02 0.000000e+00 -3.741502e-02)	(-5.922750e-02 0.000000e+00 1.354686e-04)
2.814000e+04	lowerWall	(-7.952367e-02 0.000000e+00 -3.741501e-02)	(-5.922748e-02 0.000000e+00 1.549076e-04)
2.815000e+04	lowerWall	(-7.952364e-02 0.000000e+00 -3.741505e-02)	(-5.922756e-02 0.000000e+00 1.966543e-05)
2.816000e+04	lowerWall	(-7.952365e-02 0.000000e+00 -3.741503e-02)	(-5.922752e-02 0.000000e+00 3.061870e-05)
2.817000e+04	lowerWall	(-7.952368e-02 0.000000e+00 -3.741500e-02)	(-5.922745e-02 0.000000e+00 1.709758e-04)
2.818000e+04	lowerWall	(-7.952368e-02 0.000000e+00 -3.741499e-02)	(-5.922740e-02 0.000000e+00 2.033538e-04)
2.819000e+04	lowerWall	(-7.952369e-02 0.000000e+00 -3.741498e-02)	(-5.922736e-02 0.000000e+00 2.453234e-04)
2.820000e+04	lowerWall	(-7.952370e-02 0.000000e+00 -3.741496e-02)	(-5.922731e-02 0.000000e+00 2.919860e-04)
2.821000e+04	lowerWall	(-7.952371e-02 0.000000e+00 -3.741494e-02)	(-5.922724e-02 0.000000e+00 3.465882e-04)
2.822000e+04	lowerWall	(-7.952362e-02 0.000000e+00 -3.741504e-02)	(-5.922740e-02 0.000000e+00 1.965575e-05)
2.823000e+04	lowerWall	(-7.952366e-02 0.000000e+00 -3.741500e-02)	(-5.922732e-02 0.000000e+00 6.732530e-05)
2.824000e+04	lowerWall	(-7.952361e-02 0.000000e+00 -3.741504e-02)	(-5.922735e-02 0.000000e+00 1.966892e-05)
2.825000e+04	lowerWall	(-7.952360e-02 0.000000e+00 -3.741505e-02)	(-5.922733e-02 0.000000e+00 1.968088e-05)
2.826000e+04	lowerWall	(-7.952358e-02 0.000000e+00 -3.741507e-02)	(-5.922732e-02 0.000000e+00 1.969594e-05)
2.827000e+04	lowerWall	(-7.952358e-02 0.000000e+00 -3.741509e-02)	(-5.922737e-02 0.000000e+00 1.969520e-05)
2.828000e+04	lowerWall	(-7.952367e-02 0.000000e+00 -3.741501e-02)	(-5.922725e-02 0.000000e+00 1.249555e-04)
2.829000e+04	lowerWall	(-7.952366e-02 0.000000e+00 -3.741500e-02)	(-5.922727e-02 0.000000e+00 1.627576e-04)
2.830000e+04	lowerWall	(-7.952363e-02 0.000000e+00 -3.741504e-02)	(-5.922730e-02 0.000000e+00 1.963241e-05)
2.831000e+04	lowerWall	(-7.952363e-02 0.000000e+00 -3.741505e-02)	(-5.922732e-02 0.000000e+00 1.963850e-05)
2.832000e+04	lowerWall	(-7.952363e-02 0.000000e+00 -3.741505e-02)	(-5.922735e-02 0.000000e+00 1.964482e-05)
2.833000e+04	lowerWall	(-7.952362e-02 0.000000e+00 -3.741505e-02)	(-5.922738e-02 0.000000e+00 1.965080e-05)
2.834000e+04	lowerWall	(-7.952365e-02 0.000000e+00 -3.741503e-02)	(-5.922739e-02 0.000000e+00 4.439692e-05)
2.835000e+04	lowerWall	(-7.952362e-02 0.000000e+00 -3.741506e-02)	(-5.922743e-02 0.000000e+00 1.965528e-05)
2.836000e+04	lowerWall	(-7.952361e-02 0.000000e+00 -3.741506e-02)	(-5.922746e-02 0.000000e+00 1.965951e-05)
2.837000e+04	lowerWall	(-7.952366e-02 0.000000e+00 -3.741503e-02)	(-5.922747e-02 0.000000e+00 5.496271e-05)
2.838000e+04	lowerWall	(-7.952366e-02 0.000000e+00 -3.741503e-02)	(-5.922749e-02 0.000000e+00 7.470163e-05)
2.839000e+04	lowerWall	(-7.952364e-02 0.000000e+00 -3.741504e-02)	(-5.922751e-02 0.000000e+00 1.964091e-05)
2.840000e+04	lowerWall	(-7.952364e-02 0.000000e+00 -3.741504e-02)	(-5.922752e-02 0.000000e+00 1.964088e-05)
2.841000e+04	lowerWall	(-7.952363e-02 0.000000e+00 -3.741505e-02)	(-5.922753e-02 0.000000e+00 1.964254e-05)
2.842000e+04	lowerWall	(-7.952365e-02 0.000000e+00 -3.741504e-02)	(-5.922753e-02 0.000000e+00 2.666770e-05)
2.843000e+04	lowerWall	(-7.952368e-02 0.000000e+00 -3.741502e-02)	(-5.922752e-02 0.000000e+00 1.158190e-04)
2.844000e+04	lowerWall	(-7.952358e-02 0.000000e+00 -3.741507e-02)	(-5.922753e-02 0.000000e+00 1.966561e-05)
2.845000e+04	lowerWall	(-7.952367e-02 0.000000e+00 -3.741502e-02)	(-5.922749e-02 0.000000e+00 8.881324e-05)
2.846000e+04	lowerWall	(-7.952367e-02 0.000000e+00 -3.741501e-02)	(-5.922748e-02 0.000000e+00 1.043651e-04)
2.847000e+04	lowerWall	(-7.952368e-02 0.000000e+00 -3.741500e-02)	(-5.922746e-02 0.000000e+00 1.231278e-04)
2.848000e+04	lowerWall	(-7.952369e-02 0.000000e+00 -3.741500e-02)	(-5.922745e-02 0.000000e+00 1.401380e-04)
2.849000e+04	lowerWall	(-7.952369e-02 0.000000e+00 -3.741499e-02)	(-5.922743e-02 0.000000e+00 1.586161e-04)
2.850000e+04	lowerWall	(-7.952370e-02 0.000000e+00 -3.741498e-02)	(-5.922742e-02 0.000000e+00 1.828534e-04)
2.851000e+04	lowerWall	(-7.952363e-02 0.000000e+00 -3.741503e-02)	(-5.922742e-02 0.000000e+00 1.961300e-05)
2.852000e+04	lowerWall	(-7.952363e-02 0.000000e+00 -3.741503e-02)	(-5.922741e-02 0.000000e+00 1.961616e-05)
2.853000e+04	lowerWall	(-7.952362e-02 0.000000e+00 -3.741504e-02)	(-5.922740e-02 0.000000e+00 1.962125e-05)
2.854000e+04	lowerWall	(-7.952361e-02 0.000000e+00 -3.741505e-02)	(-5.922739e-02 0.000000e+00 1.962768e-05)
2.855000e+04	lowerWall	(-7.952360e-02 0.000000e+00 -3.741506e-02)	(-5.922739e-02 0.000000e+00 1.963552e-05)
2.856000e+04	lowerWall	(-7.952359e-02 0.000000e+00 -3.741507e-02)	(-5.922739e-02 0.000000e+00 1.964584e-05)
2.857000e+04	lowerWall	(-7.952341e-02 0.000000e+00 -3.741511e-02)	(-5.922718e-02 0.000000e+00 1.980444e-05)
2.858000e+04	lowerWall	(-7.952363e-02 0.000000e+00 -3.741500e-02)	(-5.922718e-02 0.000000e+00 1.469494e-04)
2.859000e+04	lowerWall	(-7.952365e-02 0.000000e+00 -3.741498e-02)	(-5.922723e-02 0.000000e+00 2.418649e-04)
2.860000e+04	lowerWall	(-7.952363e-02 0.000000e+00 -3.741493e-02)	(-5.922709e-02 0.000000e+00 4.068203e-04)
2.861000e+04	lowerWall	(-7.952363e-02 0.000000e+00 -3.741502e-02)	(-5.922733e-02 0.000000e+00 1.047011e-04)
2.862000e+04	lowerWall	(-7.952368e-02 0.000000e+00 -3.741504e-02)	(-5.922759e-02 0.000000e+00 1.977603e-05)
2.863000e+04	lowerWall	(-7.952368e-02 0.000000e+00 -3.741505e-02)	(-5.922760e-02 0.000000e+00 1.980231e-05)
2.864000e+04	lowerWall	(-7.952359e-02 0.000000e+00 -3.741501e-02)	(-5.922726e-02 0.000000e+00 1.759346e-04)
2.865000e+04	lowerWall	(-7.952358e-02 0.000000e+00 -3.741500e-02)	(-5.922722e-02 0.000000e+00 1.981115e-04)
2.866000e+04	lowerWall	(-7.952367e-02 0.000000e+00 -3.741505e-02)	(-5.922757e-02 0.000000e+00 1.975256e-05)
2.867000e+04	lowerWall	(-7.952365e-02 0.000000e+00 -3.741505e-02)	(-5.922753e-02 0.000000e+00 1.976096e-05)
2.868000e+04	lowerWall	(-7.952357e-02 0.000000e+00 -3.741497e-02)	(-5.922709e-02 0.000000e+00 2.867765e-04)
2.869000e+04	lowerWall	(-7.952356e-02 0.000000e+00 -3.741495e-02)	(-5.922702e-02 0.000000e+00 3.332156e-04)
2.870000e+04	lowerWall	(-7.952356e-02 0.000000e+00 -3.741493e-02)	(-5.922693e-02 0.000000e+00 3.949932e-04)
2.871000e+04	lowerWall	(-7.952367e-02 0.000000e+00 -3.741506e-02)	(-5.922761e-02 0.000000e+00 1.982797e-05)
2.872000e+04	lowerWall	(-7.952364e-02 0.000000e+00 -3.741500e-02)	(-5.922736e-02 0.000000e+00 1.018611e-04)
2.873000e+04	lowerWall	(-7.952365e-02 0.000000e+00 -3.741503e-02)	(-5.922747e-02 0.000000e+00 1.964530e-05)
2.874000e+04	lowerWall	(-7.952365e-02 0.000000e+00 -3.741503e-02)	(-5.922749e-02 0.000000e+00 1.965128e-05)
2.875000e+04	lowerWall	(-7.952365e-02 0.000000e+00 -3.741503e-02)	(-5.922751e-02 0.000000e+00 1.965855e-05)
2.876000e+04	lowerWall	(-7.952365e-02 0.000000e+00 -3.741504e-02)	(-5.922753e-02 0.000000e+00 1.966681e-05)
2.877000e+04	lowerWall	(-7.952365e-02 0.000000e+00 -3.741504e-02)	(-5.922756e-02 0.000000e+00 1.967588e-05)
2.878000e+04	lowerWall	(-7.952365e-02 0.000000e+00 -3.741504e-02)	(-5.922759e-02 0.000000e+00 1.968501e-05)
2.879000e+04	lowerWall	(-7.952365e-02 0.000000e+00 -3.741505e-02)	(-5.922763e-02 0.000000e+00 1.969345e-05)
2.880000e+04	lowerWall	(-7.952365e-02 0.000000e+00 -3.741505e-02)	(-5.922766e-02 0.000000e+00 1.970407e-05)
2.881000e+04	lowerWall	(-7.952364e-02 0.000000e+00 -3.741505e-02)	(-5.922769e-02 0.000000e+00 1.971156e-05)
2.882000e+04	lowerWall	(-7.952364e-02 0.000000e+00 -3.741506e-02)	(-5.922772e-02 0.000000e+00 1.971940e-05)
2.883000e+04	lowerWall	(-7.952365e-02 0.000000e+00 -3.741506e-02)	(-5.922777e-02 0.000000e+00 1.972472e-05)
2.884000e+04	lowerWall	(-7.952365e-02 0.000000e+00 -3.741503e-02)	(-5.922772e-02 0.000000e+00 5.546335e-05)
2.885000e+04	lowerWall	(-7.952365e-02 0.000000e+00 -3.741503e-02)	(-5.922774e-02 0.000000e+00 5.672570e-05)
2.886000e+04	lowerWall	(-7.952365e-02 0.000000e+00 -3.741504e-02)	(-5.922778e-02 0.000000e+00 2.109403e-05)
2.887000e+04	lowerWall	(-7.952365e-02 0.000000e+00 -3.741504e-02)	(-5.922780e-02 0.000000e+00 1.965286e-05)
2.888000e+04	lowerWall	(-7.952366e-02 0.000000e+00 -3.741504e-02)	(-5.922780e-02 0.000000e+00 3.116671e-05)
2.889000e+04	lowerWall	(-7.952365e-02 0.000000e+00 -3.741502e-02)	(-5.922772e-02 0.000000e+00 8.665618e-05)
2.890000e+04	lowerWall	(-7.952365e-02 0.000000e+00 -3.741504e-02)	(-5.922782e-02 0.000000e+00 1.967151e-05)
2.891000e+04	lowerWall	(-7.952365e-02 0.000000e+00 -3.741504e-02)	(-5.922782e-02 0.000000e+00 1.966926e-05)
2.892000e+04	lowerWall	(-7.952365e-02 0.000000e+00 -3.741508e-02)	(-5.922787e-02 0.000000e+00 1.984025e-05)
2.893000e+04	lowerWall	(-7.952366e-02 0.000000e+00 -3.741501e-02)	(-5.922771e-02 0.000000e+00 8.049173e-05)
2.894000e+04	lowerWall	(-7.952366e-02 0.000000e+00 -3.741501e-02)	(-5.922769e-02 0.000000e+00 8.805662e-05)
2.895000e+04	lowerWall	(-7.952366e-02 0.000000e+00 -3.741500e-02)	(-5.922766e-02 0.000000e+00 1.031929e-04)
2.896000e+04	lowerWall	(-7.952366e-02 0.000000e+00 -3.741499e-02)	(-5.922763e-02 0.000000e+00 1.188608e-04)
2.897000e+04	lowerWall	(-7.952367e-02 0.000000e+00 -3.741499e-02)	(-5.922762e-02 0.000000e+00 1.376244e-04)
2.898000e+04	lowerWall	(-7.952368e-02 0.000000e+00 -3.741498e-02)	(-5.922759e-02 0.000000e+00 1.609232e-04)
2.899000e+04	lowerWall	(-7.952365e-02 0.000000e+00 -3.741502e-02)	(-5.922770e-02 0.000000e+00 1.966361e-05)
2.900000e+04	lowerWall	(-7.952366e-02 0.000000e+00 -3.741500e-02)	(-5.922765e-02 0.000000e+00 4.800152e-05)
2.901000e+04	lowerWall	(-7.952365e-02 0.000000e+00 -3.741503e-02)	(-5.922770e-02 0.000000e+00 1.967478e-05)
2.902000e+04	lowerWall	(-7.952364e-02 0.000000e+00 -3.741503e-02)	(-5.922770e-02 0.000000e+00 1.968473e-05)
2.903000e+04	lowerWall	(-7.952364e-02 0.000000e+00 -3.741504e-02)	(-5.922772e-02 0.000000e+00 1.969432e-05)
2.904000e+04	lowerWall	(-7.952366e-02 0.000000e+00 -3.741501e-02)	(-5.922767e-02 0.000000e+00 5.832189e-05)
2.905000e+04	lowerWall	(-7.952360e-02 0.000000e+00 -3.741503e-02)	(-5.922763e-02 0.000000e+00 1.978214e-05)
2.906000e+04	lowerWall	(-7.952368e-02 0.000000e+00 -3.741504e-02)	(-5.922784e-02 0.000000e+00 1.979782e-05)
2.907000e+04	lowerWall	(-7.952369e-02 0.000000e+00 -3.741505e-02)	(-5.922790e-02 0.000000e+00 1.981626e-05)
2.908000e+04	lowerWall	(-7.952368e-02 0.000000e+00 -3.741504e-02)	(-5.922787e-02 0.000000e+00 1.973661e-05)
2.909000e+04	lowerWall	(-7.952367e-02 0.000000e+00 -3.741504e-02)	(-5.922790e-02 0.000000e+00 1.974811e-05)
2.910000e+04	lowerWall	(-7.952367e-02 0.000000e+00 -3.741505e-02)	(-5.922793e-02 0.000000e+00 1.975303e-05)
2.911000e+04	lowerWall	(-7.952367e-02 0.000000e+00 -3.741505e-02)	(-5.922797e-02 0.000000e+00 1.976006e-05)
2.912000e+04	lowerWall	(-7.952366e-02 0.000000e+00 -3.741502e-02)	(-5.922788e-02 0.000000e+00 4.301522e-05)
2.913000e+04	lowerWall	(-7.952367e-02 0.000000e+00 -3.741505e-02)	(-5.922801e-02 0.000000e+00 1.977115e-05)
2.914000e+04	lowerWall	(-7.952367e-02 0.000000e+00 -3.741506e-02)	(-5.922806e-02 0.000000e+00 1.976652e-05)
2.915000e+04	lowerWall	(-7.952367e-02 0.000000e+00 -3.741507e-02)	(-5.922811e-02 0.000000e+00 1.983525e-05)
2.916000e+04	lowerWall	(-7.952367e-02 0.000000e+00 -3.741507e-02)	(-5.922813e-02 0.000000e+00 1.983201e-05)
2.917000e+04	lowerWall	(-7.952366e-02 0.000000e+00 -3.741501e-02)	(-5.922793e-02 0.000000e+00 6.893648e-05)
2.918000e+04	lowerWall	(-7.952366e-02 0.000000e+00 -3.741504e-02)	(-5.922801e-02 0.000000e+00 2.024396e-05)
2.919000e+04	lowerWall	(-7.952366e-02 0.000000e+00 -3.741504e-02)	(-5.922799e-02 0.000000e+00 1.968440e-05)
2.920000e+04	lowerWall	(-7.952366e-02 0.000000e+00 -3.741504e-02)	(-5.922799e-02 0.000000e+00 1.968391e-05)
2.921000e+04	lowerWall	(-7.952366e-02 0.000000e+00 -3.741504e-02)	(-5.922799e-02 0.000000e+00 1.968737e-05)
2.922000e+04	lowerWall	(-7.952366e-02 0.000000e+00 -3.741504e-02)	(-5.922796e-02 0.000000e+00 1.968276e-05)
2.923000e+04	lowerWall	(-7.952366e-02 0.000000e+00 -3.741504e-02)	(-5.922794e-02 0.000000e+00 1.968172e-05)
2.924000e+04	lowerWall	(-7.952366e-02 0.000000e+00 -3.741506e-02)	(-5.922802e-02 0.000000e+00 1.978960e-05)
2.925000e+04	lowerWall	(-7.952366e-02 0.000000e+00 -3.741502e-02)	(-5.922786e-02 0.000000e+00 4.448975e-05)
2.926000e+04	lowerWall	(-7.952366e-02 0.000000e+00 -3.741500e-02)	(-5.922778e-02 0.000000e+00 1.037975e-04)
2.927000e+04	lowerWall	(-7.952366e-02 0.000000e+00 -3.741499e-02)	(-5.922775e-02 0.000000e+00 1.221768e-04)
2.928000e+04	lowerWall	(-7.952366e-02 0.000000e+00 -3.741504e-02)	(-5.922787e-02 0.000000e+00 1.971487e-05)
2.929000e+04	lowerWall	(-7.952366e-02 0.000000e+00 -3.741505e-02)	(-5.922785e-02 0.000000e+00 1.972449e-05)
2.930000e+04	lowerWall	(-7.952366e-02 0.000000e+00 -3.741505e-02)	(-5.922781e-02 0.000000e+00 1.972825e-05)
2.931000e+04	lowerWall	(-7.952366e-02 0.000000e+00 -3.741505e-02)	(-5.922779e-02 0.000000e+00 1.973435e-05)
2.932000e+04	lowerWall	(-7.952366e-02 0.000000e+00 -3.741505e-02)	(-5.922776e-02 0.000000e+00 1.974315e-05)
2.933000e+04	lowerWall	(-7.952365e-02 0.000000e+00 -3.741502e-02)	(-5.922763e-02 0.000000e+00 3.456052e-05)
2.934000e+04	lowerWall	(-7.952365e-02 0.000000e+00 -3.741518e-02)	(-5.922788e-02 0.000000e+00 2.027233e-05)
2.935000e+04	lowerWall	(-7.952360e-02 0.000000e+00 -3.741497e-02)	(-5.922721e-02 0.000000e+00 1.523591e-04)
2.936000e+04	lowerWall	(-7.952356e-02 0.000000e+00 -3.741493e-02)	(-5.922701e-02 0.000000e+00 2.858030e-04)
2.937000e+04	lowerWall	(-7.952353e-02 0.000000e+00 -3.741488e-02)	(-5.922681e-02 0.000000e+00 3.696388e-04)
2.938000e+04	lowerWall	(-7.952364e-02 0.000000e+00 -3.741500e-02)	(-5.922738e-02 0.000000e+00 5.616363e-05)
2.939000e+04	lowerWall	(-7.952364e-02 0.000000e+00 -3.741500e-02)	(-5.922735e-02 0.000000e+00 5.522059e-05)
2.940000e+04	lowerWall	(-7.952364e-02 0.000000e+00 -3.741500e-02)	(-5.922731e-02 0.000000e+00 6.147844e-05)
2.941000e+04	lowerWall	(-7.952349e-02 0.000000e+00 -3.741477e-02)	(-5.922628e-02 0.000000e+00 5.688102e-04)
2.942000e+04	lowerWall	(-7.952346e-02 0.000000e+00 -3.741471e-02)	(-5.922601e-02 0.000000e+00 7.040143e-04)
2.943000e+04	lowerWall	(-7.952370e-02 0.000000e+00 -3.741510e-02)	(-5.922771e-02 0.000000e+00 2.014883e-05)
2.944000e+04	lowerWall	(-7.952364e-02 0.000000e+00 -3.741495e-02)	(-5.922709e-02 0.000000e+00 1.298659e-04)
2.945000e+04	lowerWall	(-7.952364e-02 0.000000e+00 -3.741494e-02)	(-5.922707e-02 0.000000e+00 1.575052e-04)
2.946000e+04	lowerWall	(-7.952368e-02 0.000000e+00 -3.741500e-02)	(-5.922736e-02 0.000000e+00 1.969058e-05)
2.947000e+04	lowerWall	(-7.952368e-02 0.000000e+00 -3.741500e-02)	(-5.922741e-02 0.000000e+00 1.972489e-05)
2.948000e+04	lowerWall	(-7.952369e-02 0.000000e+00 -3.741501e-02)	(-5.922747e-02 0.000000e+00 1.975454e-05)
2.949000e+04	lowerWall	(-7.952369e-02 0.000000e+00 -3.741502e-02)	(-5.922755e-02 0.000000e+00 1.978821e-05)
2.950000e+04	lowerWall	(-7.952369e-02 0.000000e+00 -3.741503e-02)	(-5.922764e-02 0.000000e+00 1.982772e-05)
2.951000e+04	lowerWall	(-7.952370e-02 0.000000e+00 -3.741504e-02)	(-5.922773e-02 0.000000e+00 1.987186e-05)
2.952000e+04	lowerWall	(-7.952370e-02 0.000000e+00 -3.741506e-02)	(-5.922783e-02 0.000000e+00 1.991680e-05)
2.953000e+04	lowerWall	(-7.952370e-02 0.000000e+00 -3.741507e-02)	(-5.922792e-02 0.000000e+00 1.996551e-05)
2.954000e+04	lowerWall	(-7.952371e-02 0.000000e+00 -3.741508e-02)	(-5.922806e-02 0.000000e+00 2.001659e-05)
2.955000e+04	lowerWall	(-7.952365e-02 0.000000e+00 -3.741501e-02)	(-5.922774e-02 0.000000e+00 7.872384e-05)
2.956000e+04	lowerWall	(-7.952367e-02 0.000000e+00 -3.741504e-02)	(-5.922794e-02 0.000000e+00 2.920658e-05)
2.957000e+04	lowerWall	(-7.952367e-02 0.000000e+00 -3.741504e-02)	(-5.922800e-02 0.000000e+00 2.830882e-05)
2.958000e+04	lowerWall	(-7.952367e-02 0.000000e+00 -3.741504e-02)	(-5.922805e-02 0.000000e+00 2.870322e-05)
2.959000e+04	lowerWall	(-7.952367e-02 0.000000e+00 -3.741504e-02)	(-5.922810e-02 0.000000e+00 2.876647e-05)
2.960000e+04	lowerWall	(-7.952367e-02 0.000000e+00 -3.741504e-02)	(-5.922813e-02 0.000000e+00 2.717359e-05)
2.961000e+04	lowerWall	(-7.952367e-02 0.000000e+00 -3.741504e-02)	(-5.922818e-02 0.000000e+00 3.131209e-05)
2.962000e+04	lowerWall	(-7.952367e-02 0.000000e+00 -3.741504e-02)	(-5.922817e-02 0.000000e+00 1.972509e-05)
2.963000e+04	lowerWall	(-7.952366e-02 0.000000e+00 -3.741503e-02)	(-5.922813e-02 0.000000e+00 3.646118e-05)
2.964000e+04	lowerWall	(-7.952366e-02 0.000000e+00 -3.741502e-02)	(-5.922814e-02 0.000000e+00 3.746669e-05)
2.965000e+04	lowerWall	(-7.952366e-02 0.000000e+00 -3.741502e-02)	(-5.922813e-02 0.000000e+00 3.595171e-05)
2.966000e+04	lowerWall	(-7.952366e-02 0.000000e+00 -3.741502e-02)	(-5.922812e-02 0.000000e+00 3.506155e-05)
2.967000e+04	lowerWall	(-7.952367e-02 0.000000e+00 -3.741504e-02)	(-5.922816e-02 0.000000e+00 1.969532e-05)
2.968000e+04	lowerWall	(-7.952367e-02 0.000000e+00 -3.741504e-02)	(-5.922812e-02 0.000000e+00 1.969121e-05)
2.969000e+04	lowerWall	(-7.952367e-02 0.000000e+00 -3.741503e-02)	(-5.922811e-02 0.000000e+00 1.969118e-05)
2.970000e+04	lowerWall	(-7.952367e-02 0.000000e+00 -3.741502e-02)	(-5.922806e-02 0.000000e+00 1.965209e-05)
2.971000e+04	lowerWall	(-7.952368e-02 0.000000e+00 -3.741503e-02)	(-5.922808e-02 0.000000e+00 1.972402e-05)
2.972000e+04	lowerWall	(-7.952368e-02 0.000000e+00 -3.741503e-02)	(-5.922806e-02 0.000000e+00 1.973455e-05)
2.973000e+04	lowerWall	(-7.952366e-02 0.000000e+00 -3.741501e-02)	(-5.922793e-02 0.000000e+00 3.544268e-05)
2.974000e+04	lowerWall	(-7.952366e-02 0.000000e+00 -3.741501e-02)	(-5.922789e-02 0.000000e+00 3.801979e-05)
2.975000e+04	lowerWall	(-7.952366e-02 0.000000e+00 -3.741501e-02)	(-5.922786e-02 0.000000e+00 4.079690e-05)
2.976000e+04	lowerWall	(-7.952366e-02 0.000000e+00 -3.741501e-02)	(-5.922784e-02 0.000000e+00 4.385598e-05)
2.977000e+04	lowerWall	(-7.952366e-02 0.000000e+00 -3.741500e-02)	(-5.922781e-02 0.000000e+00 4.732234e-05)
2.978000e+04	lowerWall	(-7.952367e-02 0.000000e+00 -3.741500e-02)	(-5.922780e-02 0.000000e+00 5.225480e-05)
2.979000e+04	lowerWall	(-7.952366e-02 0.000000e+00 -3.741500e-02)	(-5.922777e-02 0.000000e+00 7.093561e-05)
2.980000e+04	lowerWall	(-7.952366e-02 0.000000e+00 -3.741499e-02)	(-5.922774e-02 0.000000e+00 8.531037e-05)
2.981000e+04	lowerWall	(-7.952366e-02 0.000000e+00 -3.741500e-02)	(-5.922774e-02 0.000000e+00 9.064896e-05)
2.982000e+04	lowerWall	(-7.952367e-02 0.000000e+00 -3.741499e-02)	(-5.922773e-02 0.000000e+00 1.077952e-04)
2.983000e+04	lowerWall	(-7.952367e-02 0.000000e+00 -3.741499e-02)	(-5.922772e-02 0.000000e+00 1.281692e-04)
2.984000e+04	lowerWall	(-7.952367e-02 0.000000e+00 -3.741498e-02)	(-5.922771e-02 0.000000e+00 1.537592e-04)
2.985000e+04	lowerWall	(-7.952366e-02 0.000000e+00 -3.741497e-02)	(-5.922767e-02 0.000000e+00 1.848596e-04)
2.986000e+04	lowerWall	(-7.952368e-02 0.000000e+00 -3.741504e-02)	(-5.922794e-02 0.000000e+00 1.976537e-05)
2.987000e+04	lowerWall	(-7.952368e-02 0.000000e+00 -3.741505e-02)	(-5.922797e-02 0.000000e+00 1.980161e-05)
2.988000e+04	lowerWall	(-7.952366e-02 0.000000e+00 -3.741501e-02)	(-5.922780e-02 0.000000e+00 5.607398e-05)
2.989000e+04	lowerWall	(-7.952366e-02 0.000000e+00 -3.741501e-02)	(-5.922779e-02 0.000000e+00 6.271169e-05)
2.990000e+04	lowerWall	(-7.952366e-02 0.000000e+00 -3.741500e-02)	(-5.922777e-02 0.000000e+00 8.015467e-05)
2.991000e+04	lowerWall	(-7.952366e-02 0.000000e+00 -3.741502e-02)	(-5.922785e-02 0.000000e+00 1.966404e-05)
2.992000e+04	lowerWall	(-7.952366e-02 0.000000e+00 -3.741500e-02)	(-5.922774e-02 0.000000e+00 8.769284e-05)
2.993000e+04	lowerWall	(-7.952365e-02 0.000000e+00 -3.741499e-02)	(-5.922771e-02 0.000000e+00 9.685279e-05)
2.994000e+04	lowerWall	(-7.952366e-02 0.000000e+00 -3.741499e-02)	(-5.922771e-02 0.000000e+00 9.995378e-05)
2.995000e+04	lowerWall	(-7.952366e-02 0.000000e+00 -3.741499e-02)	(-5.922769e-02 0.000000e+00 1.090467e-04)
2.996000e+04	lowerWall	(-7.952366e-02 0.000000e+00 -3.741498e-02)	(-5.922767e-02 0.000000e+00 1.226258e-04)
2.997000e+04	lowerWall	(-7.952366e-02 0.000000e+00 -3.741497e-02)	(-5.922763e-02 0.000000e+00 1.416188e-04)
2.998000e+04	lowerWall	(-7.952366e-02 0.000000e+00 -3.741502e-02)	(-5.922780e-02 0.000000e+00 1.967391e-05)
2.999000e+04	lowerWall	(-7.952367e-02 0.000000e+00 -3.741501e-02)	(-5.922774e-02 0.000000e+00 3.611113e-05)
3.000000e+04	lowerWall	(-7.952367e-02 0.000000e+00 -3.741501e-02)	(-5.922773e-02 0.000000e+00 3.806711e-05)
3.001000e+04	lowerWall	(-7.952366e-02 0.000000e+00 -3.741504e-02)	(-5.922782e-02 0.000000e+00 1.971185e-05)
3.002000e+04	lowerWall	(-7.952366e-02 0.000000e+00 -3.741505e-02)	(-5.922785e-02 0.000000e+00 1.972238e-05)
3.003000e+04	lowerWall	(-7.952366e-02 0.000000e+00 -3.741505e-02)	(-5.922786e-02 0.000000e+00 1.973317e-05)
3.004000e+04	lowerWall	(-7.952367e-02 0.000000e+00 -3.741501e-02)	(-5.922774e-02 0.000000e+00 5.651189e-05)
3.005000e+04	lowerWall	(-7.952367e-02 0.000000e+00 -3.741501e-02)	(-5.922775e-02 0.000000e+00 5.946686e-05)
3.006000e+04	lowerWall	(-7.952367e-02 0.000000e+00 -3.741501e-02)	(-5.922776e-02 0.000000e+00 6.344744e-05)
3.007000e+04	lowerWall	(-7.952367e-02 0.000000e+00 -3.741501e-02)	(-5.922779e-02 0.000000e+00 7.668354e-05)
3.008000e+04	lowerWall	(-7.952367e-02 0.000000e+00 -3.741501e-02)	(-5.922780e-02 0.000000e+00 8.252857e-05)
3.009000e+04	lowerWall	(-7.952366e-02 0.000000e+00 -3.741502e-02)	(-5.922785e-02 0.000000e+00 3.506123e-05)
3.010000e+04	lowerWall	(-7.952366e-02 0.000000e+00 -3.741503e-02)	(-5.922787e-02 0.000000e+00 1.967281e-05)
3.011000e+04	lowerWall	(-7.952366e-02 0.000000e+00 -3.741503e-02)	(-5.922788e-02 0.000000e+00 1.967697e-05)
3.012000e+04	lowerWall	(-7.952366e-02 0.000000e+00 -3.741503e-02)	(-5.922790e-02 0.000000e+00 1.967934e-05)
3.013000e+04	lowerWall	(-7.952366e-02 0.000000e+00 -3.741504e-02)	(-5.922791e-02 0.000000e+00 1.968301e-05)
3.014000e+04	lowerWall	(-7.952366e-02 0.000000e+00 -3.741504e-02)	(-5.922791e-02 0.000000e+00 1.968703e-05)
3.015000e+04	lowerWall	(-7.952366e-02 0.000000e+00 -3.741504e-02)	(-5.922792e-02 0.000000e+00 1.968965e-05)
3.016000e+04	lowerWall	(-7.952366e-02 0.000000e+00 -3.741504e-02)	(-5.922792e-02 0.000000e+00 1.968974e-05)
3.017000e+04	lowerWall	(-7.952366e-02 0.000000e+00 -3.741505e-02)	(-5.922793e-02 0.000000e+00 1.971307e-05)
3.018000e+04	lowerWall	(-7.952365e-02 0.000000e+00 -3.741505e-02)	(-5.922789e-02 0.000000e+00 1.970951e-05)
3.019000e+04	lowerWall	(-7.952366e-02 0.000000e+00 -3.741502e-02)	(-5.922782e-02 0.000000e+00 4.758395e-05)
3.020000e+04	lowerWall	(-7.952366e-02 0.000000e+00 -3.741502e-02)	(-5.922780e-02 0.000000e+00 5.160376e-05)
3.021000e+04	lowerWall	(-7.952366e-02 0.000000e+00 -3.741502e-02)	(-5.922777e-02 0.000000e+00 5.652684e-05)
3.022000e+04	lowerWall	(-7.952366e-02 0.000000e+00 -3.741501e-02)	(-5.922774e-02 0.000000e+00 6.443402e-05)
3.023000e+04	lowerWall	(-7.952367e-02 0.000000e+00 -3.741500e-02)	(-5.922771e-02 0.000000e+00 7.552014e-05)
3.024000e+04	lowerWall	(-7.952367e-02 0.000000e+00 -3.741500e-02)	(-5.922768e-02 0.000000e+00 8.729999e-05)
3.025000e+04	lowerWall	(-7.952368e-02 0.000000e+00 -3.741499e-02)	(-5.922763e-02 0.000000e+00 1.234901e-04)
3.026000e+04	lowerWall	(-7.952371e-02 0.000000e+00 -3.741498e-02)	(-5.922761e-02 0.000000e+00 1.376885e-04)
3.027000e+04	lowerWall	(-7.952364e-02 0.000000e+00 -3.741497e-02)	(-5.922744e-02 0.000000e+00 1.927107e-04)
3.028000e+04	lowerWall	(-7.952361e-02 0.000000e+00 -3.741503e-02)	(-5.922762e-02 0.000000e+00 1.981231e-05)
3.029000e+04	lowerWall	(-7.952362e-02 0.000000e+00 -3.741501e-02)	(-5.922744e-02 0.000000e+00 5.064021e-05)
3.030000e+04	lowerWall	(-7.952377e-02 0.000000e+00 -3.741506e-02)	(-5.922809e-02 0.000000e+00 2.024845e-05)
3.031000e+04	lowerWall	(-7.952379e-02 0.000000e+00 -3.741508e-02)	(-5.922814e-02 0.000000e+00 2.040868e-05)
3.032000e+04	lowerWall	(-7.952383e-02 0.000000e+00 -3.741512e-02)	(-5.922834e-02 0.000000e+00 2.057350e-05)
3.033000e+04	lowerWall	(-7.952360e-02 0.000000e+00 -3.741498e-02)	(-5.922734e-02 0.000000e+00 1.870112e-04)
3.034000e+04	lowerWall	(-7.952361e-02 0.000000e+00 -3.741497e-02)	(-5.922733e-02 0.000000e+00 2.282315e-04)
3.035000e+04	lowerWall	(-7.952358e-02 0.000000e+00 -3.741495e-02)	(-5.922725e-02 0.000000e+00 2.890044e-04)
3.036000e+04	lowerWall	(-7.952357e-02 0.000000e+00 -3.741493e-02)	(-5.922720e-02 0.000000e+00 3.589780e-04)
3.037000e+04	lowerWall	(-7.952373e-02 0.000000e+00 -3.741505e-02)	(-5.922799e-02 0.000000e+00 1.998028e-05)
3.038000e+04	lowerWall	(-7.952374e-02 0.000000e+00 -3.741507e-02)	(-5.922809e-02 0.000000e+00 2.009979e-05)
3.039000e+04	lowerWall	(-7.952364e-02 0.000000e+00 -3.741502e-02)	(-5.922766e-02 0.000000e+00 1.104837e-04)
3.040000e+04	lowerWall	(-7.952365e-02 0.000000e+00 -3.741503e-02)	(-5.922789e-02 0.000000e+00 1.968580e-05)
3.041000e+04	lowerWall	(-7.952380e-02 0.000000e+00 -3.741503e-02)	(-5.922818e-02 0.000000e+00 2.018309e-05)
3.042000e+04	lowerWall	(-7.952360e-02 0.000000e+00 -3.741503e-02)	(-5.922766e-02 0.000000e+00 9.811190e-05)
3.043000e+04	lowerWall	(-7.952364e-02 0.000000e+00 -3.741502e-02)	(-5.922771e-02 0.000000e+00 1.209033e-04)
3.044000e+04	lowerWall	(-7.952359e-02 0.000000e+00 -3.741502e-02)	(-5.922761e-02 0.000000e+00 1.272281e-04)
3.045000e+04	lowerWall	(-7.952365e-02 0.000000e+00 -3.741503e-02)	(-5.922776e-02 0.000000e+00 2.775367e-05)
3.046000e+04	lowerWall	(-7.952365e-02 0.000000e+00 -3.741503e-02)	(-5.922773e-02 0.000000e+00 2.767661e-05)
3.047000e+04	lowerWall	(-7.952364e-02 0.000000e+00 -3.741503e-02)	(-5.922770e-02 0.000000e+00 3.305982e-05)
3.048000e+04	lowerWall	(-7.952364e-02 0.000000e+00 -3.741502e-02)	(-5.922767e-02 0.000000e+00 3.461767e-05)
3.049000e+04	lowerWall	(-7.952358e-02 0.000000e+00 -3.741500e-02)	(-5.922741e-02 0.000000e+00 1.625669e-04)
3.050000e+04	lowerWall	(-7.952363e-02 0.000000e+00 -3.741503e-02)	(-5.922755e-02 0.000000e+00 3.348713e-05)
3.051000e+04	lowerWall	(-7.952351e-02 0.000000e+00 -3.741501e-02)	(-5.922716e-02 0.000000e+00 2.413475e-04)
3.052000e+04	lowerWall	(-7.952366e-02 0.000000e+00 -3.741504e-02)	(-5.922762e-02 0.000000e+00 1.985396e-05)
3.053000e+04	lowerWall	(-7.952370e-02 0.000000e+00 -3.741504e-02)	(-5.922767e-02 0.000000e+00 1.986311e-05)
3.054000e+04	lowerWall	(-7.952346e-02 0.000000e+00 -3.741496e-02)	(-5.922676e-02 0.000000e+00 4.246136e-04)
3.055000e+04	lowerWall	(-7.952342e-02 0.000000e+00 -3.741494e-02)	(-5.922656e-02 0.000000e+00 5.148661e-04)
3.056000e+04	lowerWall	(-7.952339e-02 0.000000e+00 -3.741490e-02)	(-5.922635e-02 0.000000e+00 6.726902e-04)
3.057000e+04	lowerWall	(-7.952373e-02 0.000000e+00 -3.741507e-02)	(-5.922770e-02 0.000000e+00 2.014303e-05)
3.058000e+04	lowerWall	(-7.952361e-02 0.000000e+00 -3.741500e-02)	(-5.922717e-02 0.000000e+00 1.172091e-04)
3.059000e+04	lowerWall	(-7.952360e-02 0.000000e+00 -3.741500e-02)	(-5.922716e-02 0.000000e+00 1.354037e-04)
3.060000e+04	lowerWall	(-7.952360e-02 0.000000e+00 -3.741499e-02)	(-5.922716e-02 0.000000e+00 1.610655e-04)
3.061000e+04	lowerWall	(-7.952359e-02 0.000000e+00 -3.741499e-02)	(-5.922714e-02 0.000000e+00 2.001163e-04)
3.062000e+04	lowerWall	(-7.952359e-02 0.000000e+00 -3.741498e-02)	(-5.922713e-02 0.000000e+00 2.498451e-04)
3.063000e+04	lowerWall	(-7.952358e-02 0.000000e+00 -3.741497e-02)	(-5.922712e-02 0.000000e+00 3.134048e-04)
3.064000e+04	lowerWall	(-7.952371e-02 0.000000e+00 -3.741506e-02)	(-5.922781e-02 0.000000e+00 1.993736e-05)
3.065000e+04	lowerWall	(-7.952372e-02 0.000000e+00 -3.741507e-02)	(-5.922793e-02 0.000000e+00 2.004133e-05)
3.066000e+04	lowerWall	(-7.952376e-02 0.000000e+00 -3.741510e-02)	(-5.922818e-02 0.000000e+00 2.030583e-05)
3.067000e+04	lowerWall	(-7.952382e-02 0.000000e+00 -3.741515e-02)	(-5.922853e-02 0.000000e+00 2.072457e-05)
3.068000e+04	lowerWall	(-7.952361e-02 0.000000e+00 -3.741504e-02)	(-5.922771e-02 0.000000e+00 4.859495e-05)
3.069000e+04	lowerWall	(-7.952375e-02 0.000000e+00 -3.741508e-02)	(-5.922821e-02 0.000000e+00 2.015777e-05)
3.070000e+04	lowerWall	(-7.952361e-02 0.000000e+00 -3.741504e-02)	(-5.922776e-02 0.000000e+00 7.643384e-05)
3.071000e+04	lowerWall	(-7.952386e-02 0.000000e+00 -3.741504e-02)	(-5.922840e-02 0.000000e+00 2.043758e-05)
3.072000e+04	lowerWall	(-7.952357e-02 0.000000e+00 -3.741504e-02)	(-5.922758e-02 0.000000e+00 1.499534e-04)
3.073000e+04	lowerWall	(-7.952367e-02 0.000000e+00 -3.741504e-02)	(-5.922782e-02 0.000000e+00 1.975264e-05)
3.074000e+04	lowerWall	(-7.952353e-02 0.000000e+00 -3.741507e-02)	(-5.922742e-02 0.000000e+00 2.119664e-04)
3.075000e+04	lowerWall	(-7.952349e-02 0.000000e+00 -3.741506e-02)	(-5.922726e-02 0.000000e+00 2.760694e-04)
3.076000e+04	lowerWall	(-7.952357e-02 0.000000e+00 -3.741506e-02)	(-5.922726e-02 0.000000e+00 3.733683e-04)
3.077000e+04	lowerWall	(-7.952229e-02 0.000000e+00 -3.741515e-02)	(-5.922444e-02 0.000000e+00 3.846027e-04)
3.078000e+04	lowerWall	(-7.952324e-02 0.000000e+00 -3.741520e-02)	(-5.922672e-02 0.000000e+00 6.199725e-04)
3.079000e+04	lowerWall	(-7.952367e-02 0.000000e+00 -3.741505e-02)	(-5.922732e-02 0.000000e+00 1.969522e-05)
3.080000e+04	lowerWall	(-7.952348e-02 0.000000e+00 -3.741513e-02)	(-5.922708e-02 0.000000e+00 2.648335e-04)
3.081000e+04	lowerWall	(-7.952343e-02 0.000000e+00 -3.741514e-02)	(-5.922695e-02 0.000000e+00 3.553052e-04)
3.082000e+04	lowerWall	(-7.952330e-02 0.000000e+00 -3.741516e-02)	(-5.922667e-02 0.000000e+00 5.921177e-04)
3.083000e+04	lowerWall	(-7.952335e-02 0.000000e+00 -3.741521e-02)	(-5.922644e-02 0.000000e+00 1.111041e-03)
3.084000e+04	lowerWall	(-7.952343e-02 0.000000e+00 -3.741509e-02)	(-5.922679e-02 0.000000e+00 1.293062e-04)
3.085000e+04	lowerWall	(-7.952352e-02 0.000000e+00 -3.741509e-02)	(-5.922716e-02 0.000000e+00 1.857203e-04)
3.086000e+04	lowerWall	(-7.952350e-02 0.000000e+00 -3.741508e-02)	(-5.922717e-02 0.000000e+00 2.307831e-04)
3.087000e+04	lowerWall	(-7.952347e-02 0.000000e+00 -3.741507e-02)	(-5.922719e-02 0.000000e+00 2.809324e-04)
3.088000e+04	lowerWall	(-7.952343e-02 0.000000e+00 -3.741506e-02)	(-5.922720e-02 0.000000e+00 3.449975e-04)
3.089000e+04	lowerWall	(-7.952328e-02 0.000000e+00 -3.741505e-02)	(-5.922692e-02 0.000000e+00 5.775311e-04)
3.090000e+04	lowerWall	(-7.952380e-02 0.000000e+00 -3.741500e-02)	(-5.922814e-02 0.000000e+00 2.006672e-05)
3.091000e+04	lowerWall	(-7.952392e-02 0.000000e+00 -3.741498e-02)	(-5.922847e-02 0.000000e+00 2.047235e-05)
3.092000e+04	lowerWall	(-7.952380e-02 0.000000e+00 -3.741501e-02)	(-5.922833e-02 0.000000e+00 1.982670e-05)
3.093000e+04	lowerWall	(-7.952345e-02 0.000000e+00 -3.741519e-02)	(-5.922757e-02 0.000000e+00 7.435565e-04)
3.094000e+04	lowerWall	(-7.952359e-02 0.000000e+00 -3.741510e-02)	(-5.922810e-02 0.000000e+00 2.079847e-04)
3.095000e+04	lowerWall	(-7.952348e-02 0.000000e+00 -3.741511e-02)	(-5.922785e-02 0.000000e+00 2.921713e-04)
3.096000e+04	lowerWall	(-7.952373e-02 0.000000e+00 -3.741501e-02)	(-5.922819e-02 0.000000e+00 1.983754e-05)
3.097000e+04	lowerWall	(-7.952375e-02 0.000000e+00 -3.741501e-02)	(-5.922822e-02 0.000000e+00 1.989868e-05)
3.098000e+04	lowerWall	(-7.952370e-02 0.000000e+00 -3.741500e-02)	(-5.922816e-02 0.000000e+00 2.003912e-05)
3.099000e+04	lowerWall	(-7.952366e-02 0.000000e+00 -3.741504e-02)	(-5.922801e-02 0.000000e+00 1.966241e-05)
3.100000e+04	lowerWall	(-7.952370e-02 0.000000e+00 -3.741497e-02)	(-5.922807e-02 0.000000e+00 2.002560e-05)
3.101000e+04	lowerWall	(-7.952360e-02 0.000000e+00 -3.741506e-02)	(-5.922779e-02 0.000000e+00 9.778927e-05)
3.102000e+04	lowerWall	(-7.952358e-02 0.000000e+00 -3.741506e-02)	(-5.922767e-02 0.000000e+00 1.213334e-04)
3.103000e+04	lowerWall	(-7.952357e-02 0.000000e+00 -3.741506e-02)	(-5.922756e-02 0.000000e+00 1.432239e-04)
3.104000e+04	lowerWall	(-7.952355e-02 0.000000e+00 -3.741506e-02)	(-5.922745e-02 0.000000e+00 1.723152e-04)
3.105000e+04	lowerWall	(-7.952353e-02 0.000000e+00 -3.741506e-02)	(-5.922732e-02 0.000000e+00 2.093889e-04)
3.106000e+04	lowerWall	(-7.952350e-02 0.000000e+00 -3.741505e-02)	(-5.922721e-02 0.000000e+00 2.547111e-04)
3.107000e+04	lowerWall	(-7.952353e-02 0.000000e+00 -3.741504e-02)	(-5.922709e-02 0.000000e+00 4.574380e-04)
3.108000e+04	lowerWall	(-7.952373e-02 0.000000e+00 -3.741505e-02)	(-5.922775e-02 0.000000e+00 1.999657e-05)
3.109000e+04	lowerWall	(-7.952380e-02 0.000000e+00 -3.741506e-02)	(-5.922798e-02 0.000000e+00 2.023503e-05)
3.110000e+04	lowerWall	(-7.952388e-02 0.000000e+00 -3.741509e-02)	(-5.922829e-02 0.000000e+00 2.064063e-05)
3.111000e+04	lowerWall	(-7.952397e-02 0.000000e+00 -3.741511e-02)	(-5.922862e-02 0.000000e+00 2.088567e-05)
3.112000e+04	lowerWall	(-7.952403e-02 0.000000e+00 -3.741514e-02)	(-5.922891e-02 0.000000e+00 2.120466e-05)
3.113000e+04	lowerWall	(-7.952411e-02 0.000000e+00 -3.741519e-02)	(-5.922931e-02 0.000000e+00 2.159477e-05)
3.114000e+04	lowerWall	(-7.952351e-02 0.000000e+00 -3.741499e-02)	(-5.922732e-02 0.000000e+00 3.589578e-04)
3.115000e+04	lowerWall	(-7.952341e-02 0.000000e+00 -3.741495e-02)	(-5.922705e-02 0.000000e+00 5.952467e-04)
3.116000e+04	lowerWall	(-7.952375e-02 0.000000e+00 -3.741509e-02)	(-5.922836e-02 0.000000e+00 2.021297e-05)
3.117000e+04	lowerWall	(-7.952377e-02 0.000000e+00 -3.741511e-02)	(-5.922850e-02 0.000000e+00 2.034026e-05)
3.118000e+04	lowerWall	(-7.952365e-02 0.000000e+00 -3.741506e-02)	(-5.922809e-02 0.000000e+00 1.990711e-05)
3.119000e+04	lowerWall	(-7.952359e-02 0.000000e+00 -3.741500e-02)	(-5.922770e-02 0.000000e+00 4.587673e-04)
3.120000e+04	lowerWall	(-7.952373e-02 0.000000e+00 -3.741507e-02)	(-5.922829e-02 0.000000e+00 2.005839e-05)
3.121000e+04	lowerWall	(-7.952363e-02 0.000000e+00 -3.741503e-02)	(-5.922789e-02 0.000000e+00 6.546593e-05)
3.122000e+04	lowerWall	(-7.952376e-02 0.000000e+00 -3.741508e-02)	(-5.922829e-02 0.000000e+00 2.018473e-05)
3.123000e+04	lowerWall	(-7.952361e-02 0.000000e+00 -3.741502e-02)	(-5.922774e-02 0.000000e+00 9.353839e-05)
3.124000e+04	lowerWall	(-7.952361e-02 0.000000e+00 -3.741502e-02)	(-5.922765e-02 0.000000e+00 9.857444e-05)
3.125000e+04	lowerWall	(-7.952360e-02 0.000000e+00 -3.741501e-02)	(-5.922753e-02 0.000000e+00 1.147707e-04)
3.126000e+04	lowerWall	(-7.952364e-02 0.000000e+00 -3.741501e-02)	(-5.922751e-02 0.000000e+00 1.439881e-04)
3.127000e+04	lowerWall	(-7.952360e-02 0.000000e+00 -3.741500e-02)	(-5.922728e-02 0.000000e+00 1.488184e-04)
3.128000e+04	lowerWall	(-7.952369e-02 0.000000e+00 -3.741517e-02)	(-5.922785e-02 0.000000e+00 2.086668e-05)
3.129000e+04	lowerWall	(-7.952358e-02 0.000000e+00 -3.741496e-02)	(-5.922688e-02 0.000000e+00 2.418939e-04)
3.130000e+04	lowerWall	(-7.952357e-02 0.000000e+00 -3.741493e-02)	(-5.922667e-02 0.000000e+00 3.045215e-04)
3.131000e+04	lowerWall	(-7.952356e-02 0.000000e+00 -3.741491e-02)	(-5.922648e-02 0.000000e+00 3.738283e-04)
3.132000e+04	lowerWall	(-7.952352e-02 0.000000e+00 -3.741485e-02)	(-5.922614e-02 0.000000e+00 6.004388e-04)
3.133000e+04	lowerWall	(-7.952369e-02 0.000000e+00 -3.741505e-02)	(-5.922717e-02 0.000000e+00 2.000444e-05)
3.134000e+04	lowerWall	(-7.952370e-02 0.000000e+00 -3.741508e-02)	(-5.922724e-02 0.000000e+00 2.010566e-05)
3.135000e+04	lowerWall	(-7.952372e-02 0.000000e+00 -3.741514e-02)	(-5.922749e-02 0.000000e+00 2.044042e-05)
3.136000e+04	lowerWall	(-7.952363e-02 0.000000e+00 -3.741501e-02)	(-5.922674e-02 0.000000e+00 2.755075e-04)
3.137000e+04	lowerWall	(-7.952363e-02 0.000000e+00 -3.741503e-02)	(-5.922690e-02 0.000000e+00 5.844946e-05)
3.138000e+04	lowerWall	(-7.952384e-02 0.000000e+00 -3.741504e-02)	(-5.922763e-02 0.000000e+00 2.035651e-05)
3.139000e+04	lowerWall	(-7.952388e-02 0.000000e+00 -3.741506e-02)	(-5.922785e-02 0.000000e+00 2.056057e-05)
3.140000e+04	lowerWall	(-7.952363e-02 0.000000e+00 -3.741501e-02)	(-5.922707e-02 0.000000e+00 1.971955e-04)
3.141000e+04	lowerWall	(-7.952367e-02 0.000000e+00 -3.741504e-02)	(-5.922741e-02 0.000000e+00 1.977752e-05)
3.142000e+04	lowerWall	(-7.952368e-02 0.000000e+00 -3.741504e-02)	(-5.922753e-02 0.000000e+00 1.980625e-05)
3.143000e+04	lowerWall	(-7.952368e-02 0.000000e+00 -3.741505e-02)	(-5.922763e-02 0.000000e+00 1.982995e-05)
3.144000e+04	lowerWall	(-7.952368e-02 0.000000e+00 -3.741505e-02)	(-5.922773e-02 0.000000e+00 1.986040e-05)
3.145000e+04	lowerWall	(-7.952369e-02 0.000000e+00 -3.741505e-02)	(-5.922783e-02 0.000000e+00 1.987969e-05)
3.146000e+04	lowerWall	(-7.952364e-02 0.000000e+00 -3.741503e-02)	(-5.922771e-02 0.000000e+00 4.975845e-05)
3.147000e+04	lowerWall	(-7.952364e-02 0.000000e+00 -3.741503e-02)	(-5.922777e-02 0.000000e+00 5.076055e-05)
3.148000e+04	lowerWall	(-7.952366e-02 0.000000e+00 -3.741504e-02)	(-5.922790e-02 0.000000e+00 1.969795e-05)
3.149000e+04	lowerWall	(-7.952366e-02 0.000000e+00 -3.741504e-02)	(-5.922794e-02 0.000000e+00 1.969765e-05)
3.150000e+04	lowerWall	(-7.952366e-02 0.000000e+00 -3.741504e-02)	(-5.922796e-02 0.000000e+00 1.969656e-05)
3.151000e+04	lowerWall	(-7.952366e-02 0.000000e+00 -3.741505e-02)	(-5.922800e-02 0.000000e+00 8.278441e-05)
3.152000e+04	lowerWall	(-7.952365e-02 0.000000e+00 -3.741503e-02)	(-5.922794e-02 0.000000e+00 3.814792e-05)
3.153000e+04	lowerWall	(-7.952363e-02 0.000000e+00 -3.741500e-02)	(-5.922779e-02 0.000000e+00 1.213392e-04)
3.154000e+04	lowerWall	(-7.952366e-02 0.000000e+00 -3.741505e-02)	(-5.922799e-02 0.000000e+00 1.974534e-05)
3.155000e+04	lowerWall	(-7.952364e-02 0.000000e+00 -3.741501e-02)	(-5.922783e-02 0.000000e+00 8.209261e-05)
3.156000e+04	lowerWall	(-7.952364e-02 0.000000e+00 -3.741500e-02)	(-5.922778e-02 0.000000e+00 8.727197e-05)
3.157000e+04	lowerWall	(-7.952364e-02 0.000000e+00 -3.741500e-02)	(-5.922775e-02 0.000000e+00 9.208795e-05)
3.158000e+04	lowerWall	(-7.952366e-02 0.000000e+00 -3.741503e-02)	(-5.922790e-02 0.000000e+00 1.970950e-05)
3.159000e+04	lowerWall	(-7.952363e-02 0.000000e+00 -3.741498e-02)	(-5.922766e-02 0.000000e+00 1.108861e-04)
3.160000e+04	lowerWall	(-7.952366e-02 0.000000e+00 -3.741503e-02)	(-5.922785e-02 0.000000e+00 1.971631e-05)
3.161000e+04	lowerWall	(-7.952366e-02 0.000000e+00 -3.741503e-02)	(-5.922784e-02 0.000000e+00 1.972342e-05)
3.162000e+04	lowerWall	(-7.952366e-02 0.000000e+00 -3.741501e-02)	(-5.922773e-02 0.000000e+00 3.652683e-05)
3.163000e+04	lowerWall	(-7.952366e-02 0.000000e+00 -3.741501e-02)	(-5.922770e-02 0.000000e+00 3.921448e-05)
3.164000e+04	lowerWall	(-7.952366e-02 0.000000e+00 -3.741501e-02)	(-5.922768e-02 0.000000e+00 4.038048e-05)
3.165000e+04	lowerWall	(-7.952366e-02 0.000000e+00 -3.741502e-02)	(-5.922771e-02 0.000000e+00 1.966158e-05)
3.166000e+04	lowerWall	(-7.952366e-02 0.000000e+00 -3.741502e-02)	(-5.922771e-02 0.000000e+00 1.966504e-05)
3.167000e+04	lowerWall	(-7.952366e-02 0.000000e+00 -3.741502e-02)	(-5.922770e-02 0.000000e+00 1.966799e-05)
3.168000e+04	lowerWall	(-7.952366e-02 0.000000e+00 -3.741500e-02)	(-5.922764e-02 0.000000e+00 7.620552e-05)
3.169000e+04	lowerWall	(-7.952364e-02 0.000000e+00 -3.741500e-02)	(-5.922760e-02 0.000000e+00 7.377678e-05)
3.170000e+04	lowerWall	(-7.952364e-02 0.000000e+00 -3.741500e-02)	(-5.922756e-02 0.000000e+00 1.032778e-04)
3.171000e+04	lowerWall	(-7.952364e-02 0.000000e+00 -3.741499e-02)	(-5.922752e-02 0.000000e+00 1.241301e-04)
3.172000e+04	lowerWall	(-7.952363e-02 0.000000e+00 -3.741498e-02)	(-5.922750e-02 0.000000e+00 1.448150e-04)
3.173000e+04	lowerWall	(-7.952363e-02 0.000000e+00 -3.741497e-02)	(-5.922748e-02 0.000000e+00 1.737458e-04)
3.174000e+04	lowerWall	(-7.952362e-02 0.000000e+00 -3.741497e-02)	(-5.922744e-02 0.000000e+00 2.080025e-04)
3.175000e+04	lowerWall	(-7.952362e-02 0.000000e+00 -3.741495e-02)	(-5.922739e-02 0.000000e+00 2.513155e-04)
3.176000e+04	lowerWall	(-7.952367e-02 0.000000e+00 -3.741506e-02)	(-5.922784e-02 0.000000e+00 1.981777e-05)
3.177000e+04	lowerWall	(-7.952367e-02 0.000000e+00 -3.741507e-02)	(-5.922786e-02 0.000000e+00 1.984791e-05)
3.178000e+04	lowerWall	(-7.952366e-02 0.000000e+00 -3.741508e-02)	(-5.922785e-02 0.000000e+00 1.987060e-05)
3.179000e+04	lowerWall	(-7.952365e-02 0.000000e+00 -3.741503e-02)	(-5.922763e-02 0.000000e+00 6.294326e-05)
3.180000e+04	lowerWall	(-7.952367e-02 0.000000e+00 -3.741510e-02)	(-5.922793e-02 0.000000e+00 2.002700e-05)
3.181000e+04	lowerWall	(-7.952365e-02 0.000000e+00 -3.741500e-02)	(-5.922750e-02 0.000000e+00 1.083902e-04)
3.182000e+04	lowerWall	(-7.952365e-02 0.000000e+00 -3.741498e-02)	(-5.922743e-02 0.000000e+00 1.597299e-04)
3.183000e+04	lowerWall	(-7.952365e-02 0.000000e+00 -3.741502e-02)	(-5.922753e-02 0.000000e+00 1.963354e-05)
3.184000e+04	lowerWall	(-7.952365e-02 0.000000e+00 -3.741502e-02)	(-5.922745e-02 0.000000e+00 4.682535e-05)
3.185000e+04	lowerWall	(-7.952360e-02 0.000000e+00 -3.741497e-02)	(-5.922712e-02 0.000000e+00 2.327155e-04)
3.186000e+04	lowerWall	(-7.952358e-02 0.000000e+00 -3.741492e-02)	(-5.922685e-02 0.000000e+00 3.938481e-04)
3.187000e+04	lowerWall	(-7.952359e-02 0.000000e+00 -3.741489e-02)	(-5.922674e-02 0.000000e+00 4.789314e-04)
3.188000e+04	lowerWall	(-7.952353e-02 0.000000e+00 -3.741482e-02)	(-5.922637e-02 0.000000e+00 5.980485e-04)
3.189000e+04	lowerWall	(-7.952364e-02 0.000000e+00 -3.741498e-02)	(-5.922711e-02 0.000000e+00 9.423377e-05)
3.190000e+04	lowerWall	(-7.952364e-02 0.000000e+00 -3.741496e-02)	(-5.922705e-02 0.000000e+00 1.399176e-04)
3.191000e+04	lowerWall	(-7.952365e-02 0.000000e+00 -3.741500e-02)	(-5.922722e-02 0.000000e+00 1.964906e-05)
3.192000e+04	lowerWall	(-7.952365e-02 0.000000e+00 -3.741501e-02)	(-5.922724e-02 0.000000e+00 1.966230e-05)
3.193000e+04	lowerWall	(-7.952365e-02 0.000000e+00 -3.741502e-02)	(-5.922727e-02 0.000000e+00 1.968118e-05)
3.194000e+04	lowerWall	(-7.952364e-02 0.000000e+00 -3.741498e-02)	(-5.922713e-02 0.000000e+00 1.192697e-04)
3.195000e+04	lowerWall	(-7.952365e-02 0.000000e+00 -3.741501e-02)	(-5.922731e-02 0.000000e+00 1.961045e-05)
3.196000e+04	lowerWall	(-7.952372e-02 0.000000e+00 -3.741502e-02)	(-5.922757e-02 0.000000e+00 1.989985e-05)
3.197000e+04	lowerWall	(-7.952363e-02 0.000000e+00 -3.741501e-02)	(-5.922733e-02 0.000000e+00 5.771980e-05)
3.198000e+04	lowerWall	(-7.952363e-02 0.000000e+00 -3.741502e-02)	(-5.922735e-02 0.000000e+00 4.784738e-05)
3.199000e+04	lowerWall	(-7.952375e-02 0.000000e+00 -3.741499e-02)	(-5.922775e-02 0.000000e+00 1.988864e-05)
3.200000e+04	lowerWall	(-7.952377e-02 0.000000e+00 -3.741499e-02)	(-5.922788e-02 0.000000e+00 1.994957e-05)
3.201000e+04	lowerWall	(-7.952378e-02 0.000000e+00 -3.741500e-02)	(-5.922801e-02 0.000000e+00 2.000795e-05)
3.202000e+04	lowerWall	(-7.952363e-02 0.000000e+00 -3.741502e-02)	(-5.922774e-02 0.000000e+00 7.074264e-05)
3.203000e+04	lowerWall	(-7.952366e-02 0.000000e+00 -3.741502e-02)	(-5.922785e-02 0.000000e+00 8.375477e-05)
3.204000e+04	lowerWall	(-7.952368e-02 0.000000e+00 -3.741502e-02)	(-5.922803e-02 0.000000e+00 1.969689e-05)
3.205000e+04	lowerWall	(-7.952369e-02 0.000000e+00 -3.741502e-02)	(-5.922811e-02 0.000000e+00 1.970612e-05)
3.206000e+04	lowerWall	(-7.952369e-02 0.000000e+00 -3.741502e-02)	(-5.922817e-02 0.000000e+00 1.971511e-05)
3.207000e+04	lowerWall	(-7.952370e-02 0.000000e+00 -3.741502e-02)	(-5.922825e-02 0.000000e+00 1.974937e-05)
3.208000e+04	lowerWall	(-7.952367e-02 0.000000e+00 -3.741502e-02)	(-5.922820e-02 0.000000e+00 4.184105e-05)
3.209000e+04	lowerWall	(-7.952367e-02 0.000000e+00 -3.741502e-02)	(-5.922822e-02 0.000000e+00 4.541766e-05)
3.210000e+04	lowerWall	(-7.952367e-02 0.000000e+00 -3.741502e-02)	(-5.922824e-02 0.000000e+00 4.807295e-05)
3.211000e+04	lowerWall	(-7.952367e-02 0.000000e+00 -3.741501e-02)	(-5.922825e-02 0.000000e+00 5.105415e-05)
3.212000e+04	lowerWall	(-7.952367e-02 0.000000e+00 -3.741501e-02)	(-5.922826e-02 0.000000e+00 5.277025e-05)
3.213000e+04	lowerWall	(-7.952367e-02 0.000000e+00 -3.741501e-02)	(-5.922826e-02 0.000000e+00 5.467878e-05)
3.214000e+04	lowerWall	(-7.952367e-02 0.000000e+00 -3.741501e-02)	(-5.922826e-02 0.000000e+00 5.476373e-05)
3.215000e+04	lowerWall	(-7.952367e-02 0.000000e+00 -3.741501e-02)	(-5.922825e-02 0.000000e+00 5.479504e-05)
3.216000e+04	lowerWall	(-7.952367e-02 0.000000e+00 -3.741501e-02)	(-5.922824e-02 0.000000e+00 5.356802e-05)
3.217000e+04	lowerWall	(-7.952367e-02 0.000000e+00 -3.741501e-02)	(-5.922822e-02 0.000000e+00 5.328960e-05)
3.218000e+04	lowerWall	(-7.952370e-02 0.000000e+00 -3.741503e-02)	(-5.922834e-02 0.000000e+00 1.977532e-05)
3.219000e+04	lowerWall	(-7.952370e-02 0.000000e+00 -3.741503e-02)	(-5.922831e-02 0.000000e+00 1.978542e-05)
3.220000e+04	lowerWall	(-7.952370e-02 0.000000e+00 -3.741504e-02)	(-5.922832e-02 0.000000e+00 1.980148e-05)
3.221000e+04	lowerWall	(-7.952370e-02 0.000000e+00 -3.741504e-02)	(-5.922831e-02 0.000000e+00 1.981738e-05)
3.222000e+04	lowerWall	(-7.952370e-02 0.000000e+00 -3.741504e-02)	(-5.922829e-02 0.000000e+00 1.983124e-05)
3.223000e+04	lowerWall	(-7.952370e-02 0.000000e+00 -3.741505e-02)	(-5.922830e-02 0.000000e+00 1.984453e-05)
3.224000e+04	lowerWall	(-7.952371e-02 0.000000e+00 -3.741506e-02)	(-5.922830e-02 0.000000e+00 1.985371e-05)
3.225000e+04	lowerWall	(-7.952371e-02 0.000000e+00 -3.741506e-02)	(-5.922828e-02 0.000000e+00 1.986329e-05)
3.226000e+04	lowerWall	(-7.952371e-02 0.000000e+00 -3.741506e-02)	(-5.922827e-02 0.000000e+00 1.987462e-05)
3.227000e+04	lowerWall	(-7.952366e-02 0.000000e+00 -3.741501e-02)	(-5.922798e-02 0.000000e+00 6.562606e-05)
3.228000e+04	lowerWall	(-7.952366e-02 0.000000e+00 -3.741501e-02)	(-5.922794e-02 0.000000e+00 6.739466e-05)
3.229000e+04	lowerWall	(-7.952366e-02 0.000000e+00 -3.741501e-02)	(-5.922790e-02 0.000000e+00 6.673398e-05)
3.230000e+04	lowerWall	(-7.952366e-02 0.000000e+00 -3.741501e-02)	(-5.922785e-02 0.000000e+00 7.097061e-05)
3.231000e+04	lowerWall	(-7.952365e-02 0.000000e+00 -3.741500e-02)	(-5.922779e-02 0.000000e+00 7.402712e-05)
3.232000e+04	lowerWall	(-7.952365e-02 0.000000e+00 -3.741500e-02)	(-5.922775e-02 0.000000e+00 7.403613e-05)
3.233000e+04	lowerWall	(-7.952367e-02 0.000000e+00 -3.741502e-02)	(-5.922781e-02 0.000000e+00 2.475229e-05)
3.234000e+04	lowerWall	(-7.952367e-02 0.000000e+00 -3.741502e-02)	(-5.922776e-02 0.000000e+00 2.331995e-05)
3.235000e+04	lowerWall	(-7.952366e-02 0.000000e+00 -3.741503e-02)	(-5.922771e-02 0.000000e+00 2.187213e-05)
3.236000e+04	lowerWall	(-7.952366e-02 0.000000e+00 -3.741503e-02)	(-5.922767e-02 0.000000e+00 2.036811e-05)
3.237000e+04	lowerWall	(-7.952366e-02 0.000000e+00 -3.741499e-02)	(-5.922754e-02 0.000000e+00 8.151245e-05)
3.238000e+04	lowerWall	(-7.952364e-02 0.000000e+00 -3.741499e-02)	(-5.922744e-02 0.000000e+00 7.976873e-05)
3.239000e+04	lowerWall	(-7.952364e-02 0.000000e+00 -3.741499e-02)	(-5.922738e-02 0.000000e+00 8.420600e-05)
3.240000e+04	lowerWall	(-7.952364e-02 0.000000e+00 -3.741499e-02)	(-5.922732e-02 0.000000e+00 9.731672e-05)
3.241000e+04	lowerWall	(-7.952364e-02 0.000000e+00 -3.741497e-02)	(-5.922724e-02 0.000000e+00 1.163602e-04)
3.242000e+04	lowerWall	(-7.952363e-02 0.000000e+00 -3.741495e-02)	(-5.922712e-02 0.000000e+00 1.756323e-04)
3.243000e+04	lowerWall	(-7.952366e-02 0.000000e+00 -3.741503e-02)	(-5.922740e-02 0.000000e+00 1.970312e-05)
3.244000e+04	lowerWall	(-7.952362e-02 0.000000e+00 -3.741491e-02)	(-5.922694e-02 0.000000e+00 2.309738e-04)
3.245000e+04	lowerWall	(-7.952366e-02 0.000000e+00 -3.741503e-02)	(-5.922737e-02 0.000000e+00 1.972916e-05)
3.246000e+04	lowerWall	(-7.952361e-02 0.000000e+00 -3.741488e-02)	(-5.922678e-02 0.000000e+00 3.114759e-04)
3.247000e+04	lowerWall	(-7.952367e-02 0.000000e+00 -3.741503e-02)	(-5.922738e-02 0.000000e+00 1.977122e-05)
3.248000e+04	lowerWall	(-7.952366e-02 0.000000e+00 -3.741498e-02)	(-5.922716e-02 0.000000e+00 8.374756e-05)
3.249000e+04	lowerWall	(-7.952364e-02 0.000000e+00 -3.741499e-02)	(-5.922718e-02 0.000000e+00 4.409345e-05)
3.250000e+04	lowerWall	(-7.952363e-02 0.000000e+00 -3.741498e-02)	(-5.922711e-02 0.000000e+00 1.162531e-04)
3.251000e+04	lowerWall	(-7.952362e-02 0.000000e+00 -3.741497e-02)	(-5.922712e-02 0.000000e+00 1.399283e-04)
3.252000e+04	lowerWall	(-7.952361e-02 0.000000e+00 -3.741497e-02)	(-5.922712e-02 0.000000e+00 1.636975e-04)
3.253000e+04	lowerWall	(-7.952361e-02 0.000000e+00 -3.741497e-02)	(-5.922713e-02 0.000000e+00 1.927525e-04)
3.254000e+04	lowerWall	(-7.952360e-02 0.000000e+00 -3.741497e-02)	(-5.922713e-02 0.000000e+00 2.294666e-04)
3.255000e+04	lowerWall	(-7.952359e-02 0.000000e+00 -3.741496e-02)	(-5.922712e-02 0.000000e+00 2.753728e-04)
3.256000e+04	lowerWall	(-7.952356e-02 0.000000e+00 -3.741490e-02)	(-5.922689e-02 0.000000e+00 4.608694e-04)
3.257000e+04	lowerWall	(-7.952367e-02 0.000000e+00 -3.741512e-02)	(-5.922786e-02 0.000000e+00 1.999596e-05)
3.258000e+04	lowerWall	(-7.952367e-02 0.000000e+00 -3.741514e-02)	(-5.922795e-02 0.000000e+00 2.007712e-05)
3.259000e+04	lowerWall	(-7.952364e-02 0.000000e+00 -3.741504e-02)	(-5.922754e-02 0.000000e+00 1.013335e-04)
3.260000e+04	lowerWall	(-7.952366e-02 0.000000e+00 -3.741517e-02)	(-5.922803e-02 0.000000e+00 2.019924e-05)
3.261000e+04	lowerWall	(-7.952366e-02 0.000000e+00 -3.741519e-02)	(-5.922811e-02 0.000000e+00 2.031025e-05)
3.262000e+04	lowerWall	(-7.952362e-02 0.000000e+00 -3.741504e-02)	(-5.909135e-02 0.000000e+00 1.493961e-04)
3.263000e+04	lowerWall	(-7.952362e-02 0.000000e+00 -3.741503e-02)	(-5.898330e-02 0.000000e+00 1.739267e-04)
3.264000e+04	lowerWall	(-7.952364e-02 0.000000e+00 -3.741529e-02)	(-5.888392e-02 0.000000e+00 2.069336e-05)
3.265000e+04	lowerWall	(-7.952363e-02 0.000000e+00 -3.741538e-02)	(-5.868520e-02 0.000000e+00 2.085493e-05)
3.266000e+04	lowerWall	(-7.952363e-02 0.000000e+00 -3.741500e-02)	(-5.857498e-02 0.000000e+00 3.212034e-04)
3.267000e+04	lowerWall	(-7.952363e-02 0.000000e+00 -3.741499e-02)	(-5.838601e-02 0.000000e+00 3.981565e-04)
3.268000e+04	lowerWall	(-7.952360e-02 0.000000e+00 -3.741517e-02)	(-5.820383e-02 0.000000e+00 1.998267e-05)
3.269000e+04	lowerWall	(-7.952359e-02 0.000000e+00 -3.741519e-02)	(-5.800537e-02 0.000000e+00 2.003782e-05)
3.270000e+04	lowerWall	(-7.952359e-02 0.000000e+00 -3.741520e-02)	(-5.791673e-02 0.000000e+00 2.007778e-05)
3.271000e+04	lowerWall	(-7.952355e-02 0.000000e+00 -3.741520e-02)	(-5.805518e-02 0.000000e+00 2.015391e-05)
3.272000e+04	lowerWall	(-7.952356e-02 0.000000e+00 -3.741525e-02)	(-5.820475e-02 0.000000e+00 2.014218e-05)
3.273000e+04	lowerWall	(-7.952360e-02 0.000000e+00 -3.741502e-02)	(-5.829729e-02 0.000000e+00 2.085422e-04)
3.274000e+04	lowerWall	(-7.952361e-02 0.000000e+00 -3.741501e-02)	(-5.843698e-02 0.000000e+00 2.444893e-04)
3.275000e+04	lowerWall	(-7.952359e-02 0.000000e+00 -3.741510e-02)	(-5.853041e-02 0.000000e+00 1.977584e-05)
3.276000e+04	lowerWall	(-7.952381e-02 0.000000e+00 -3.741540e-02)	(-5.858195e-02 0.000000e+00 2.213292e-05)
3.277000e+04	lowerWall	(-7.952347e-02 0.000000e+00 -3.741485e-02)	(-5.874898e-02 0.000000e+00 9.058654e-04)
3.278000e+04	lowerWall	(-7.952342e-02 0.000000e+00 -3.741458e-02)	(-5.831771e-02 0.000000e+00 2.032432e-03)
3.279000e+04	lowerWall	(-7.952362e-02 0.000000e+00 -3.741532e-02)	(-5.883182e-02 0.000000e+00 2.106496e-05)
3.280000e+04	lowerWall	(-7.952370e-02 0.000000e+00 -3.741570e-02)	(-5.852100e-02 0.000000e+00 2.331340e-05)
3.281000e+04	lowerWall	(-7.952353e-02 0.000000e+00 -3.741476e-02)	(-5.858096e-02 0.000000e+00 1.390629e-03)
3.282000e+04	lowerWall	(-7.952351e-02 0.000000e+00 -3.741447e-02)	(-5.821347e-02 0.000000e+00 2.425874e-03)
3.283000e+04	lowerWall	(-7.952350e-02 0.000000e+00 -3.741536e-02)	(-5.872598e-02 0.000000e+00 2.091812e-05)
3.284000e+04	lowerWall	(-7.952339e-02 0.000000e+00 -3.741567e-02)	(-5.845609e-02 0.000000e+00 2.843956e-05)
3.285000e+04	lowerWall	(-7.952363e-02 0.000000e+00 -3.741476e-02)	(-5.838671e-02 0.000000e+00 1.618682e-03)
3.286000e+04	lowerWall	(-7.952372e-02 0.000000e+00 -3.741427e-02)	(-5.801123e-02 0.000000e+00 4.208018e-03)
3.287000e+04	lowerWall	(-7.952329e-02 0.000000e+00 -3.741549e-02)	(-5.868663e-02 0.000000e+00 2.123945e-05)
3.288000e+04	lowerWall	(-7.952364e-02 0.000000e+00 -3.741487e-02)	(-5.868559e-02 0.000000e+00 1.112905e-03)
3.289000e+04	lowerWall	(-7.952385e-02 0.000000e+00 -3.741463e-02)	(-5.813865e-02 0.000000e+00 2.471861e-03)
3.290000e+04	lowerWall	(-7.952334e-02 0.000000e+00 -3.741536e-02)	(-5.887015e-02 0.000000e+00 2.051460e-05)
3.291000e+04	lowerWall	(-7.952313e-02 0.000000e+00 -3.741574e-02)	(-5.845677e-02 0.000000e+00 3.369901e-05)
3.292000e+04	lowerWall	(-7.952374e-02 0.000000e+00 -3.741479e-02)	(-5.849908e-02 0.000000e+00 1.694304e-03)
3.293000e+04	lowerWall	(-7.952336e-02 0.000000e+00 -3.741501e-02)	(-5.889440e-02 0.000000e+00 6.424836e-04)
3.294000e+04	lowerWall	(-7.952313e-02 0.000000e+00 -3.741549e-02)	(-5.881077e-02 0.000000e+00 2.184942e-05)
3.295000e+04	lowerWall	(-7.952369e-02 0.000000e+00 -3.741491e-02)	(-5.877205e-02 0.000000e+00 1.160547e-03)
3.296000e+04	lowerWall	(-7.952399e-02 0.000000e+00 -3.741466e-02)	(-5.815607e-02 0.000000e+00 2.574916e-03)
3.297000e+04	lowerWall	(-7.952325e-02 0.000000e+00 -3.741537e-02)	(-5.892526e-02 0.000000e+00 2.024132e-05)
3.298000e+04	lowerWall	(-7.952293e-02 0.000000e+00 -3.741572e-02)	(-5.847830e-02 0.000000e+00 3.837778e-05)
3.299000e+04	lowerWall	(-7.952386e-02 0.000000e+00 -3.741485e-02)	(-5.834051e-02 0.000000e+00 1.747107e-03)
3.300000e+04	lowerWall	(-7.952356e-02 0.000000e+00 -3.741491e-02)	(-5.876246e-02 0.000000e+00 1.007975e-03)
3.301000e+04	lowerWall	(-7.952369e-02 0.000000e+00 -3.741455e-02)	(-5.810807e-02 0.000000e+00 2.730517e-03)
3.302000e+04	lowerWall	(-7.952337e-02 0.000000e+00 -3.741543e-02)	(-5.898619e-02 0.000000e+00 2.074923e-05)
3.303000e+04	lowerWall	(-7.952359e-02 0.000000e+00 -3.741523e-02)	(-5.891535e-02 0.000000e+00 1.974699e-05)
3.304000e+04	lowerWall	(-7.952374e-02 0.000000e+00 -3.741480e-02)	(-5.839109e-02 0.000000e+00 1.842031e-03)
3.305000e+04	lowerWall	(-7.952337e-02 0.000000e+00 -3.741533e-02)	(-5.897943e-02 0.000000e+00 2.024613e-05)
3.306000e+04	lowerWall	(-7.952316e-02 0.000000e+00 -3.741556e-02)	(-5.883831e-02 0.000000e+00 2.321913e-05)
3.307000e+04	lowerWall	(-7.952367e-02 0.000000e+00 -3.741492e-02)	(-5.865832e-02 0.000000e+00 1.259330e-03)
3.308000e+04	lowerWall	(-7.952389e-02 0.000000e+00 -3.741462e-02)	(-5.808451e-02 0.000000e+00 2.892613e-03)
3.309000e+04	lowerWall	(-7.952323e-02 0.000000e+00 -3.741540e-02)	(-5.909446e-02 0.000000e+00 2.035668e-05)
3.310000e+04	lowerWall	(-7.952364e-02 0.000000e+00 -3.741500e-02)	(-5.895286e-02 0.000000e+00 8.530952e-04)
3.311000e+04	lowerWall	(-7.952386e-02 0.000000e+00 -3.741484e-02)	(-5.853362e-02 0.000000e+00 1.891767e-03)
3.312000e+04	lowerWall	(-7.952332e-02 0.000000e+00 -3.741531e-02)	(-5.918664e-02 0.000000e+00 2.001682e-05)
3.313000e+04	lowerWall	(-7.952308e-02 0.000000e+00 -3.741554e-02)	(-5.887631e-02 0.000000e+00 2.753655e-05)
3.314000e+04	lowerWall	(-7.952373e-02 0.000000e+00 -3.741495e-02)	(-5.878787e-02 0.000000e+00 1.283824e-03)
3.315000e+04	lowerWall	(-7.952337e-02 0.000000e+00 -3.741508e-02)	(-5.915201e-02 0.000000e+00 4.793331e-04)
3.316000e+04	lowerWall	(-7.952317e-02 0.000000e+00 -3.741537e-02)	(-5.914605e-02 0.000000e+00 2.006930e-05)
3.317000e+04	lowerWall	(-7.952368e-02 0.000000e+00 -3.741502e-02)	(-5.901135e-02 0.000000e+00 8.673148e-04)
3.318000e+04	lowerWall	(-7.952394e-02 0.000000e+00 -3.741487e-02)	(-5.859423e-02 0.000000e+00 1.917954e-03)
3.319000e+04	lowerWall	(-7.952303e-02 0.000000e+00 -3.741531e-02)	(-5.922462e-02 0.000000e+00 2.030669e-05)
3.320000e+04	lowerWall	(-7.952354e-02 0.000000e+00 -3.741515e-02)	(-5.922502e-02 0.000000e+00 1.961417e-05)
3.321000e+04	lowerWall	(-7.952299e-02 0.000000e+00 -3.741519e-02)	(-5.922319e-02 0.000000e+00 1.947516e-05)
3.322000e+04	lowerWall	(-7.952360e-02 0.000000e+00 -3.741521e-02)	(-5.922539e-02 0.000000e+00 1.961747e-05)
3.323000e+04	lowerWall	(-7.952353e-02 0.000000e+00 -3.741425e-02)	(-5.922325e-02 0.000000e+00 1.012741e-03)
3.324000e+04	lowerWall	(-7.952361e-02 0.000000e+00 -3.741549e-02)	(-5.922623e-02 0.000000e+00 2.032131e-05)
3.325000e+04	lowerWall	(-7.952351e-02 0.000000e+00 -3.741567e-02)	(-5.922655e-02 0.000000e+00 2.077066e-05)
3.326000e+04	lowerWall	(-7.952324e-02 0.000000e+00 -3.741477e-02)	(-5.922366e-02 0.000000e+00 3.076208e-04)
3.327000e+04	lowerWall	(-7.952382e-02 0.000000e+00 -3.741518e-02)	(-5.922615e-02 0.000000e+00 2.035403e-05)
3.328000e+04	lowerWall	(-7.952191e-02 0.000000e+00 -3.741527e-02)	(-5.921848e-02 0.000000e+00 2.412651e-04)
3.329000e+04	lowerWall	(-7.952400e-02 0.000000e+00 -3.741492e-02)	(-5.922628e-02 0.000000e+00 2.057791e-05)
3.330000e+04	lowerWall	(-7.952418e-02 0.000000e+00 -3.741492e-02)	(-5.922661e-02 0.000000e+00 2.096402e-05)
3.331000e+04	lowerWall	(-7.952322e-02 0.000000e+00 -3.741511e-02)	(-5.922530e-02 0.000000e+00 2.384693e-04)
3.332000e+04	lowerWall	(-7.952498e-02 0.000000e+00 -3.741454e-02)	(-5.922776e-02 0.000000e+00 2.208481e-05)
3.333000e+04	lowerWall	(-7.952294e-02 0.000000e+00 -3.741522e-02)	(-5.922506e-02 0.000000e+00 6.496912e-04)
3.334000e+04	lowerWall	(-7.952387e-02 0.000000e+00 -3.741484e-02)	(-5.922620e-02 0.000000e+00 1.993425e-05)
3.335000e+04	lowerWall	(-7.952356e-02 0.000000e+00 -3.741524e-02)	(-5.922625e-02 0.000000e+00 3.232582e-04)
3.336000e+04	lowerWall	(-7.952334e-02 0.000000e+00 -3.741524e-02)	(-5.916701e-02 0.000000e+00 4.183204e-04)
3.337000e+04	lowerWall	(-7.952367e-02 0.000000e+00 -3.741491e-02)	(-5.922608e-02 0.000000e+00 1.981409e-05)
3.338000e+04	lowerWall	(-7.952377e-02 0.000000e+00 -3.741491e-02)	(-5.922612e-02 0.000000e+00 1.977617e-05)
3.339000e+04	lowerWall	(-7.952381e-02 0.000000e+00 -3.741490e-02)	(-5.922617e-02 0.000000e+00 1.987062e-05)
3.340000e+04	lowerWall	(-7.952384e-02 0.000000e+00 -3.741489e-02)	(-5.911223e-02 0.000000e+00 1.997627e-05)
3.341000e+04	lowerWall	(-7.952355e-02 0.000000e+00 -3.741503e-02)	(-5.891952e-02 0.000000e+00 1.147451e-04)
3.342000e+04	lowerWall	(-7.952353e-02 0.000000e+00 -3.741504e-02)	(-5.894613e-02 0.000000e+00 1.421682e-04)
3.343000e+04	lowerWall	(-7.952346e-02 0.000000e+00 -3.741506e-02)	(-5.900520e-02 0.000000e+00 2.478856e-04)
3.344000e+04	lowerWall	(-7.952369e-02 0.000000e+00 -3.741501e-02)	(-5.912581e-02 0.000000e+00 1.969333e-05)
3.345000e+04	lowerWall	(-7.952372e-02 0.000000e+00 -3.741498e-02)	(-5.910760e-02 0.000000e+00 1.962467e-05)
3.346000e+04	lowerWall	(-7.952359e-02 0.000000e+00 -3.741504e-02)	(-5.907172e-02 0.000000e+00 4.213382e-05)
3.347000e+04	lowerWall	(-7.952342e-02 0.000000e+00 -3.741510e-02)	(-5.901084e-02 0.000000e+00 2.850713e-04)
3.348000e+04	lowerWall	(-7.952368e-02 0.000000e+00 -3.741500e-02)	(-5.910332e-02 0.000000e+00 1.966818e-05)
3.349000e+04	lowerWall	(-7.952334e-02 0.000000e+00 -3.741511e-02)	(-5.895901e-02 0.000000e+00 4.377616e-04)
3.350000e+04	lowerWall	(-7.952336e-02 0.000000e+00 -3.741530e-02)	(-5.898062e-02 0.000000e+00 5.898597e-04)
3.351000e+04	lowerWall	(-7.952422e-02 0.000000e+00 -3.741483e-02)	(-5.922558e-02 0.000000e+00 1.963483e-05)
3.352000e+04	lowerWall	(-7.952308e-02 0.000000e+00 -3.741559e-02)	(-5.897454e-02 0.000000e+00 4.832475e-04)
3.353000e+04	lowerWall	(-7.952262e-02 0.000000e+00 -3.741621e-02)	(-5.864153e-02 0.000000e+00 1.383622e-03)
3.354000e+04	lowerWall	(-7.952407e-02 0.000000e+00 -3.741453e-02)	(-5.922447e-02 0.000000e+00 1.998608e-05)
3.355000e+04	lowerWall	(-7.952326e-02 0.000000e+00 -3.741537e-02)	(-5.922408e-02 0.000000e+00 4.426117e-04)
3.356000e+04	lowerWall	(-7.952304e-02 0.000000e+00 -3.741552e-02)	(-5.922367e-02 0.000000e+00 7.417701e-04)
3.357000e+04	lowerWall	(-7.952233e-02 0.000000e+00 -3.741583e-02)	(-5.922253e-02 0.000000e+00 1.652433e-03)
3.358000e+04	lowerWall	(-7.952413e-02 0.000000e+00 -3.741488e-02)	(-5.922485e-02 0.000000e+00 2.087312e-05)
3.359000e+04	lowerWall	(-7.952449e-02 0.000000e+00 -3.741477e-02)	(-5.922555e-02 0.000000e+00 2.199983e-05)
3.360000e+04	lowerWall	(-7.952299e-02 0.000000e+00 -3.741532e-02)	(-5.922324e-02 0.000000e+00 8.464131e-04)
3.361000e+04	lowerWall	(-7.952271e-02 0.000000e+00 -3.741553e-02)	(-5.922307e-02 0.000000e+00 1.140914e-03)
3.362000e+04	lowerWall	(-7.952208e-02 0.000000e+00 -3.741574e-02)	(-5.922232e-02 0.000000e+00 2.162142e-03)
3.363000e+04	lowerWall	(-7.952363e-02 0.000000e+00 -3.741511e-02)	(-5.922497e-02 0.000000e+00 2.017542e-05)
3.364000e+04	lowerWall	(-7.952166e-02 0.000000e+00 -3.741502e-02)	(-5.921831e-02 0.000000e+00 2.045780e-05)
3.365000e+04	lowerWall	(-7.952419e-02 0.000000e+00 -3.741501e-02)	(-5.922591e-02 0.000000e+00 2.077590e-05)
3.366000e+04	lowerWall	(-7.952463e-02 0.000000e+00 -3.741498e-02)	(-5.922700e-02 0.000000e+00 2.177125e-05)
3.367000e+04	lowerWall	(-7.952349e-02 0.000000e+00 -3.741515e-02)	(-5.922588e-02 0.000000e+00 9.570413e-05)
3.368000e+04	lowerWall	(-7.952399e-02 0.000000e+00 -3.741466e-02)	(-5.922589e-02 0.000000e+00 1.960429e-05)
3.369000e+04	lowerWall	(-7.952400e-02 0.000000e+00 -3.741458e-02)	(-5.922611e-02 0.000000e+00 2.000130e-05)
3.370000e+04	lowerWall	(-7.952400e-02 0.000000e+00 -3.741419e-02)	(-5.922510e-02 0.000000e+00 1.902223e-05)
3.371000e+04	lowerWall	(-7.952299e-02 0.000000e+00 -3.741543e-02)	(-5.922580e-02 0.000000e+00 2.681956e-04)
3.372000e+04	lowerWall	(-7.952344e-02 0.000000e+00 -3.741550e-02)	(-5.922746e-02 0.000000e+00 4.307141e-04)
3.373000e+04	lowerWall	(-7.952350e-02 0.000000e+00 -3.741475e-02)	(-5.922579e-02 0.000000e+00 1.844883e-05)
3.374000e+04	lowerWall	(-7.952353e-02 0.000000e+00 -3.741471e-02)	(-5.922591e-02 0.000000e+00 1.840987e-05)
3.375000e+04	lowerWall	(-7.952358e-02 0.000000e+00 -3.741467e-02)	(-5.922608e-02 0.000000e+00 1.852381e-05)
3.376000e+04	lowerWall	(-7.952365e-02 0.000000e+00 -3.741465e-02)	(-5.922616e-02 0.000000e+00 1.866427e-05)
3.377000e+04	lowerWall	(-7.952373e-02 0.000000e+00 -3.741462e-02)	(-5.922627e-02 0.000000e+00 1.880521e-05)
3.378000e+04	lowerWall	(-7.952389e-02 0.000000e+00 -3.741455e-02)	(-5.922643e-02 0.000000e+00 1.897588e-05)
3.379000e+04	lowerWall	(-7.952352e-02 0.000000e+00 -3.741515e-02)	(-5.922680e-02 0.000000e+00 2.133135e-04)
3.380000e+04	lowerWall	(-7.952348e-02 0.000000e+00 -3.741515e-02)	(-5.922669e-02 0.000000e+00 2.673302e-04)
3.381000e+04	lowerWall	(-7.952341e-02 0.000000e+00 -3.741485e-02)	(-5.922651e-02 0.000000e+00 1.980863e-05)
3.382000e+04	lowerWall	(-7.952325e-02 0.000000e+00 -3.741521e-02)	(-5.917628e-02 0.000000e+00 5.466605e-04)
3.383000e+04	lowerWall	(-7.952384e-02 0.000000e+00 -3.741484e-02)	(-5.905241e-02 0.000000e+00 1.972890e-05)
3.384000e+04	lowerWall	(-7.952270e-02 0.000000e+00 -3.741532e-02)	(-5.856187e-02 0.000000e+00 1.149108e-03)
3.385000e+04	lowerWall	(-7.952249e-02 0.000000e+00 -3.741541e-02)	(-5.831571e-02 0.000000e+00 1.538049e-03)
3.386000e+04	lowerWall	(-7.952414e-02 0.000000e+00 -3.741502e-02)	(-5.860783e-02 0.000000e+00 4.297366e-04)
3.387000e+04	lowerWall	(-7.952443e-02 0.000000e+00 -3.741478e-02)	(-5.879176e-02 0.000000e+00 2.153398e-05)
3.388000e+04	lowerWall	(-7.952322e-02 0.000000e+00 -3.741505e-02)	(-5.896765e-02 0.000000e+00 5.795553e-04)
3.389000e+04	lowerWall	(-7.952307e-02 0.000000e+00 -3.741505e-02)	(-5.922350e-02 0.000000e+00 7.079797e-04)
3.390000e+04	lowerWall	(-7.952383e-02 0.000000e+00 -3.741500e-02)	(-5.922492e-02 0.000000e+00 1.998108e-05)
3.391000e+04	lowerWall	(-7.952354e-02 0.000000e+00 -3.741500e-02)	(-5.922399e-02 0.000000e+00 1.214383e-04)
3.392000e+04	lowerWall	(-7.952391e-02 0.000000e+00 -3.741502e-02)	(-5.922470e-02 0.000000e+00 2.032808e-05)
3.393000e+04	lowerWall	(-7.952393e-02 0.000000e+00 -3.741503e-02)	(-5.922462e-02 0.000000e+00 2.061416e-05)
3.394000e+04	lowerWall	(-7.952407e-02 0.000000e+00 -3.741488e-02)	(-5.922556e-02 0.000000e+00 2.075559e-05)
3.395000e+04	lowerWall	(-7.952433e-02 0.000000e+00 -3.741491e-02)	(-5.922501e-02 0.000000e+00 2.166266e-05)
3.396000e+04	lowerWall	(-7.952317e-02 0.000000e+00 -3.741506e-02)	(-5.922225e-02 0.000000e+00 6.639634e-04)
3.397000e+04	lowerWall	(-7.952271e-02 0.000000e+00 -3.741505e-02)	(-5.922104e-02 0.000000e+00 1.463733e-03)
3.398000e+04	lowerWall	(-7.952404e-02 0.000000e+00 -3.741504e-02)	(-5.922441e-02 0.000000e+00 2.109991e-05)
3.399000e+04	lowerWall	(-7.952468e-02 0.000000e+00 -3.741512e-02)	(-5.922619e-02 0.000000e+00 2.341667e-05)
3.400000e+04	lowerWall	(-7.952303e-02 0.000000e+00 -3.741497e-02)	(-5.922163e-02 0.000000e+00 9.744842e-04)
3.401000e+04	lowerWall	(-7.952383e-02 0.000000e+00 -3.741510e-02)	(-5.922425e-02 0.000000e+00 2.054883e-05)
3.402000e+04	lowerWall	(-7.952389e-02 0.000000e+00 -3.741513e-02)	(-5.922469e-02 0.000000e+00 2.089288e-05)
3.403000e+04	lowerWall	(-7.952294e-02 0.000000e+00 -3.741504e-02)	(-5.922189e-02 0.000000e+00 3.432916e-04)
3.404000e+04	lowerWall	(-7.952354e-02 0.000000e+00 -3.741504e-02)	(-5.922415e-02 0.000000e+00 1.948000e-05)
3.405000e+04	lowerWall	(-7.952374e-02 0.000000e+00 -3.741504e-02)	(-5.922456e-02 0.000000e+00 1.994419e-05)
3.406000e+04	lowerWall	(-7.952309e-02 0.000000e+00 -3.741519e-02)	(-5.922279e-02 0.000000e+00 1.510140e-03)
3.407000e+04	lowerWall	(-7.952396e-02 0.000000e+00 -3.741505e-02)	(-5.922565e-02 0.000000e+00 2.078899e-05)
3.408000e+04	lowerWall	(-7.952302e-02 0.000000e+00 -3.741512e-02)	(-5.922339e-02 0.000000e+00 2.845769e-04)
3.409000e+04	lowerWall	(-7.952313e-02 0.000000e+00 -3.741514e-02)	(-5.922421e-02 0.000000e+00 5.815118e-04)
3.410000e+04	lowerWall	(-7.952376e-02 0.000000e+00 -3.741501e-02)	(-5.922557e-02 0.000000e+00 1.985568e-05)
3.411000e+04	lowerWall	(-7.952355e-02 0.000000e+00 -3.741510e-02)	(-5.922546e-02 0.000000e+00 3.607317e-05)
3.412000e+04	lowerWall	(-7.952346e-02 0.000000e+00 -3.741517e-02)	(-5.922550e-02 0.000000e+00 1.914687e-04)
3.413000e+04	lowerWall	(-7.952337e-02 0.000000e+00 -3.741521e-02)	(-5.922550e-02 0.000000e+00 3.258229e-04)
3.414000e+04	lowerWall	(-7.952368e-02 0.000000e+00 -3.741504e-02)	(-5.922595e-02 0.000000e+00 1.967245e-05)
3.415000e+04	lowerWall	(-7.952352e-02 0.000000e+00 -3.741512e-02)	(-5.922584e-02 0.000000e+00 9.309347e-05)
3.416000e+04	lowerWall	(-7.952351e-02 0.000000e+00 -3.741512e-02)	(-5.922590e-02 0.000000e+00 1.034358e-04)
3.417000e+04	lowerWall	(-7.952350e-02 0.000000e+00 -3.741512e-02)	(-5.922594e-02 0.000000e+00 1.163632e-04)
3.418000e+04	lowerWall	(-7.952348e-02 0.000000e+00 -3.741512e-02)	(-5.922594e-02 0.000000e+00 1.300533e-04)
3.419000e+04	lowerWall	(-7.952346e-02 0.000000e+00 -3.741512e-02)	(-5.922590e-02 0.000000e+00 1.507937e-04)
3.420000e+04	lowerWall	(-7.952344e-02 0.000000e+00 -3.741511e-02)	(-5.922586e-02 0.000000e+00 1.758431e-04)
3.421000e+04	lowerWall	(-7.952341e-02 0.000000e+00 -3.741511e-02)	(-5.922578e-02 0.000000e+00 2.067971e-04)
3.422000e+04	lowerWall	(-7.952362e-02 0.000000e+00 -3.741511e-02)	(-5.922630e-02 0.000000e+00 1.965942e-05)
3.423000e+04	lowerWall	(-7.952363e-02 0.000000e+00 -3.741511e-02)	(-5.922634e-02 0.000000e+00 1.970224e-05)
3.424000e+04	lowerWall	(-7.952359e-02 0.000000e+00 -3.741511e-02)	(-5.922629e-02 0.000000e+00 1.979527e-05)
3.425000e+04	lowerWall	(-7.952366e-02 0.000000e+00 -3.741512e-02)	(-5.922642e-02 0.000000e+00 1.982059e-05)
3.426000e+04	lowerWall	(-7.952362e-02 0.000000e+00 -3.741506e-02)	(-5.922635e-02 0.000000e+00 1.993456e-05)
3.427000e+04	lowerWall	(-7.952351e-02 0.000000e+00 -3.741512e-02)	(-5.922604e-02 0.000000e+00 9.559533e-05)
3.428000e+04	lowerWall	(-7.952350e-02 0.000000e+00 -3.741511e-02)	(-5.922601e-02 0.000000e+00 1.080048e-04)
3.429000e+04	lowerWall	(-7.952349e-02 0.000000e+00 -3.741511e-02)	(-5.922601e-02 0.000000e+00 1.207298e-04)
3.430000e+04	lowerWall	(-7.952359e-02 0.000000e+00 -3.741510e-02)	(-5.922628e-02 0.000000e+00 1.956494e-05)
3.431000e+04	lowerWall	(-7.952346e-02 0.000000e+00 -3.741509e-02)	(-5.922597e-02 0.000000e+00 1.679547e-04)
3.432000e+04	lowerWall	(-7.952344e-02 0.000000e+00 -3.741508e-02)	(-5.922596e-02 0.000000e+00 2.007444e-04)
3.433000e+04	lowerWall	(-7.952362e-02 0.000000e+00 -3.741510e-02)	(-5.922652e-02 0.000000e+00 1.966161e-05)
3.434000e+04	lowerWall	(-7.952364e-02 0.000000e+00 -3.741511e-02)	(-5.922667e-02 0.000000e+00 1.978400e-05)
3.435000e+04	lowerWall	(-7.952366e-02 0.000000e+00 -3.741511e-02)	(-5.922682e-02 0.000000e+00 1.986083e-05)
3.436000e+04	lowerWall	(-7.952372e-02 0.000000e+00 -3.741513e-02)	(-5.922708e-02 0.000000e+00 2.009955e-05)
3.437000e+04	lowerWall	(-7.952374e-02 0.000000e+00 -3.741515e-02)	(-5.922727e-02 0.000000e+00 2.022583e-05)
3.438000e+04	lowerWall	(-7.952375e-02 0.000000e+00 -3.741516e-02)	(-5.922741e-02 0.000000e+00 2.039927e-05)
3.439000e+04	lowerWall	(-7.952378e-02 0.000000e+00 -3.741519e-02)	(-5.922766e-02 0.000000e+00 2.062081e-05)
3.440000e+04	lowerWall	(-7.952381e-02 0.000000e+00 -3.741522e-02)	(-5.922792e-02 0.000000e+00 2.089432e-05)
3.441000e+04	lowerWall	(-7.952356e-02 0.000000e+00 -3.741510e-02)	(-5.922700e-02 0.000000e+00 5.869375e-05)
3.442000e+04	lowerWall	(-7.952369e-02 0.000000e+00 -3.741511e-02)	(-5.922739e-02 0.000000e+00 1.992944e-05)
3.443000e+04	lowerWall	(-7.952372e-02 0.000000e+00 -3.741512e-02)	(-5.922747e-02 0.000000e+00 2.003220e-05)
3.444000e+04	lowerWall	(-7.952374e-02 0.000000e+00 -3.741512e-02)	(-5.922760e-02 0.000000e+00 2.013900e-05)
3.445000e+04	lowerWall	(-7.952377e-02 0.000000e+00 -3.741513e-02)	(-5.922768e-02 0.000000e+00 2.027392e-05)
3.446000e+04	lowerWall	(-7.952352e-02 0.000000e+00 -3.741507e-02)	(-5.922686e-02 0.000000e+00 1.646463e-04)
3.447000e+04	lowerWall	(-7.952349e-02 0.000000e+00 -3.741505e-02)	(-5.922673e-02 0.000000e+00 1.925111e-04)
3.448000e+04	lowerWall	(-7.952356e-02 0.000000e+00 -3.741504e-02)	(-5.922682e-02 0.000000e+00 2.585305e-04)
3.449000e+04	lowerWall	(-7.952344e-02 0.000000e+00 -3.741501e-02)	(-5.922644e-02 0.000000e+00 2.746613e-04)
3.450000e+04	lowerWall	(-7.952364e-02 0.000000e+00 -3.741510e-02)	(-5.922714e-02 0.000000e+00 1.976001e-05)
3.451000e+04	lowerWall	(-7.952358e-02 0.000000e+00 -3.741507e-02)	(-5.922684e-02 0.000000e+00 5.981560e-05)
3.452000e+04	lowerWall	(-7.952361e-02 0.000000e+00 -3.741512e-02)	(-5.922701e-02 0.000000e+00 1.986849e-05)
3.453000e+04	lowerWall	(-7.952332e-02 0.000000e+00 -3.741489e-02)	(-5.922564e-02 0.000000e+00 5.416150e-04)
3.454000e+04	lowerWall	(-7.952332e-02 0.000000e+00 -3.741486e-02)	(-5.922542e-02 0.000000e+00 6.633971e-04)
3.455000e+04	lowerWall	(-7.952358e-02 0.000000e+00 -3.741504e-02)	(-5.922647e-02 0.000000e+00 4.944663e-05)
3.456000e+04	lowerWall	(-7.952346e-02 0.000000e+00 -3.741501e-02)	(-5.922613e-02 0.000000e+00 2.235104e-04)
3.457000e+04	lowerWall	(-7.952343e-02 0.000000e+00 -3.741499e-02)	(-5.922596e-02 0.000000e+00 2.975536e-04)
3.458000e+04	lowerWall	(-7.952339e-02 0.000000e+00 -3.741496e-02)	(-5.922575e-02 0.000000e+00 3.634694e-04)
3.459000e+04	lowerWall	(-7.952369e-02 0.000000e+00 -3.741509e-02)	(-5.922693e-02 0.000000e+00 1.997112e-05)
3.460000e+04	lowerWall	(-7.952352e-02 0.000000e+00 -3.741504e-02)	(-5.922635e-02 0.000000e+00 5.613436e-05)
3.461000e+04	lowerWall	(-7.952370e-02 0.000000e+00 -3.741506e-02)	(-5.922691e-02 0.000000e+00 1.983661e-05)
3.462000e+04	lowerWall	(-7.952373e-02 0.000000e+00 -3.741507e-02)	(-5.922706e-02 0.000000e+00 1.994846e-05)
3.463000e+04	lowerWall	(-7.952375e-02 0.000000e+00 -3.741508e-02)	(-5.922725e-02 0.000000e+00 2.006978e-05)
3.464000e+04	lowerWall	(-7.952378e-02 0.000000e+00 -3.741509e-02)	(-5.922748e-02 0.000000e+00 2.021825e-05)
3.465000e+04	lowerWall	(-7.952381e-02 0.000000e+00 -3.741511e-02)	(-5.922775e-02 0.000000e+00 2.040378e-05)
3.466000e+04	lowerWall	(-7.952386e-02 0.000000e+00 -3.741513e-02)	(-5.922804e-02 0.000000e+00 2.063109e-05)
3.467000e+04	lowerWall	(-7.952355e-02 0.000000e+00 -3.741507e-02)	(-5.922702e-02 0.000000e+00 2.158723e-04)
3.468000e+04	lowerWall	(-7.952340e-02 0.000000e+00 -3.741505e-02)	(-5.922678e-02 0.000000e+00 2.974665e-04)
3.469000e+04	lowerWall	(-7.952373e-02 0.000000e+00 -3.741505e-02)	(-5.922772e-02 0.000000e+00 1.988386e-05)
3.470000e+04	lowerWall	(-7.952314e-02 0.000000e+00 -3.741509e-02)	(-5.922642e-02 0.000000e+00 5.777881e-04)
3.471000e+04	lowerWall	(-7.952380e-02 0.000000e+00 -3.741506e-02)	(-5.922802e-02 0.000000e+00 2.015278e-05)
3.472000e+04	lowerWall	(-7.952354e-02 0.000000e+00 -3.741508e-02)	(-5.922741e-02 0.000000e+00 9.664990e-05)
3.473000e+04	lowerWall	(-7.952351e-02 0.000000e+00 -3.741508e-02)	(-5.922738e-02 0.000000e+00 1.406809e-04)
3.474000e+04	lowerWall	(-7.952349e-02 0.000000e+00 -3.741508e-02)	(-5.922731e-02 0.000000e+00 1.783175e-04)
3.475000e+04	lowerWall	(-7.952355e-02 0.000000e+00 -3.741508e-02)	(-5.922742e-02 0.000000e+00 6.114342e-05)
3.476000e+04	lowerWall	(-7.952356e-02 0.000000e+00 -3.741508e-02)	(-5.922747e-02 0.000000e+00 8.780087e-05)
3.477000e+04	lowerWall	(-7.952355e-02 0.000000e+00 -3.741508e-02)	(-5.922741e-02 0.000000e+00 1.062510e-04)
3.478000e+04	lowerWall	(-7.952354e-02 0.000000e+00 -3.741508e-02)	(-5.922736e-02 0.000000e+00 1.228415e-04)
3.479000e+04	lowerWall	(-7.952352e-02 0.000000e+00 -3.741508e-02)	(-5.922730e-02 0.000000e+00 1.431319e-04)
3.480000e+04	lowerWall	(-7.952350e-02 0.000000e+00 -3.741507e-02)	(-5.922721e-02 0.000000e+00 1.655277e-04)
3.481000e+04	lowerWall	(-7.952360e-02 0.000000e+00 -3.741507e-02)	(-5.922744e-02 0.000000e+00 4.399381e-05)
3.482000e+04	lowerWall	(-7.952365e-02 0.000000e+00 -3.741507e-02)	(-5.922757e-02 0.000000e+00 1.967101e-05)
3.483000e+04	lowerWall	(-7.952366e-02 0.000000e+00 -3.741507e-02)	(-5.922761e-02 0.000000e+00 1.969886e-05)
3.484000e+04	lowerWall	(-7.952366e-02 0.000000e+00 -3.741507e-02)	(-5.922765e-02 0.000000e+00 1.972661e-05)
3.485000e+04	lowerWall	(-7.952366e-02 0.000000e+00 -3.741507e-02)	(-5.922769e-02 0.000000e+00 1.975801e-05)
3.486000e+04	lowerWall	(-7.952367e-02 0.000000e+00 -3.741508e-02)	(-5.922774e-02 0.000000e+00 1.979185e-05)
3.487000e+04	lowerWall	(-7.952368e-02 0.000000e+00 -3.741508e-02)	(-5.922783e-02 0.000000e+00 1.982932e-05)
3.488000e+04	lowerWall	(-7.952369e-02 0.000000e+00 -3.741508e-02)	(-5.922789e-02 0.000000e+00 1.986942e-05)
3.489000e+04	lowerWall	(-7.952371e-02 0.000000e+00 -3.741509e-02)	(-5.922798e-02 0.000000e+00 1.991729e-05)
3.490000e+04	lowerWall	(-7.952371e-02 0.000000e+00 -3.741510e-02)	(-5.922805e-02 0.000000e+00 1.996752e-05)
3.491000e+04	lowerWall	(-7.952361e-02 0.000000e+00 -3.741505e-02)	(-5.922769e-02 0.000000e+00 9.473829e-05)
3.492000e+04	lowerWall	(-7.952361e-02 0.000000e+00 -3.741505e-02)	(-5.922771e-02 0.000000e+00 1.041189e-04)
3.493000e+04	lowerWall	(-7.952361e-02 0.000000e+00 -3.741504e-02)	(-5.922772e-02 0.000000e+00 1.177430e-04)
3.494000e+04	lowerWall	(-7.952358e-02 0.000000e+00 -3.741504e-02)	(-5.922765e-02 0.000000e+00 1.192122e-04)
3.495000e+04	lowerWall	(-7.952358e-02 0.000000e+00 -3.741503e-02)	(-5.922763e-02 0.000000e+00 1.443442e-04)
3.496000e+04	lowerWall	(-7.952367e-02 0.000000e+00 -3.741508e-02)	(-5.922797e-02 0.000000e+00 1.980456e-05)
3.497000e+04	lowerWall	(-7.952361e-02 0.000000e+00 -3.741505e-02)	(-5.922773e-02 0.000000e+00 5.455104e-05)
3.498000e+04	lowerWall	(-7.952361e-02 0.000000e+00 -3.741505e-02)	(-5.922770e-02 0.000000e+00 5.726013e-05)
3.499000e+04	lowerWall	(-7.952362e-02 0.000000e+00 -3.741505e-02)	(-5.922771e-02 0.000000e+00 4.369675e-05)
3.500000e+04	lowerWall	(-7.952364e-02 0.000000e+00 -3.741506e-02)	(-5.922778e-02 0.000000e+00 1.981338e-05)
3.501000e+04	lowerWall	(-7.952363e-02 0.000000e+00 -3.741505e-02)	(-5.922765e-02 0.000000e+00 2.660621e-05)
3.502000e+04	lowerWall	(-7.952357e-02 0.000000e+00 -3.741506e-02)	(-5.922746e-02 0.000000e+00 1.106991e-04)
3.503000e+04	lowerWall	(-7.952355e-02 0.000000e+00 -3.741506e-02)	(-5.922737e-02 0.000000e+00 1.397570e-04)
3.504000e+04	lowerWall	(-7.952354e-02 0.000000e+00 -3.741505e-02)	(-5.922728e-02 0.000000e+00 1.649098e-04)
3.505000e+04	lowerWall	(-7.952361e-02 0.000000e+00 -3.741505e-02)	(-5.922744e-02 0.000000e+00 4.238274e-05)
3.506000e+04	lowerWall	(-7.952363e-02 0.000000e+00 -3.741506e-02)	(-5.922750e-02 0.000000e+00 1.975142e-05)
3.507000e+04	lowerWall	(-7.952363e-02 0.000000e+00 -3.741506e-02)	(-5.922748e-02 0.000000e+00 1.977652e-05)
3.508000e+04	lowerWall	(-7.952364e-02 0.000000e+00 -3.741506e-02)	(-5.922747e-02 0.000000e+00 1.980724e-05)
3.509000e+04	lowerWall	(-7.952364e-02 0.000000e+00 -3.741506e-02)	(-5.922747e-02 0.000000e+00 1.984696e-05)
3.510000e+04	lowerWall	(-7.952361e-02 0.000000e+00 -3.741504e-02)	(-5.922731e-02 0.000000e+00 6.294562e-05)
3.511000e+04	lowerWall	(-7.952360e-02 0.000000e+00 -3.741503e-02)	(-5.922728e-02 0.000000e+00 8.718768e-05)
3.512000e+04	lowerWall	(-7.952362e-02 0.000000e+00 -3.741503e-02)	(-5.922733e-02 0.000000e+00 1.099298e-04)
3.513000e+04	lowerWall	(-7.952362e-02 0.000000e+00 -3.741503e-02)	(-5.922735e-02 0.000000e+00 1.251242e-04)
3.514000e+04	lowerWall	(-7.952362e-02 0.000000e+00 -3.741502e-02)	(-5.922738e-02 0.000000e+00 1.427443e-04)
3.515000e+04	lowerWall	(-7.952362e-02 0.000000e+00 -3.741502e-02)	(-5.922741e-02 0.000000e+00 1.614117e-04)
3.516000e+04	lowerWall	(-7.952364e-02 0.000000e+00 -3.741506e-02)	(-5.922763e-02 0.000000e+00 1.972220e-05)
3.517000e+04	lowerWall	(-7.952365e-02 0.000000e+00 -3.741507e-02)	(-5.922770e-02 0.000000e+00 1.974641e-05)
3.518000e+04	lowerWall	(-7.952365e-02 0.000000e+00 -3.741507e-02)	(-5.922775e-02 0.000000e+00 1.976255e-05)
3.519000e+04	lowerWall	(-7.952365e-02 0.000000e+00 -3.741507e-02)	(-5.922780e-02 0.000000e+00 1.978506e-05)
3.520000e+04	lowerWall	(-7.952365e-02 0.000000e+00 -3.741508e-02)	(-5.922786e-02 0.000000e+00 1.981170e-05)
3.521000e+04	lowerWall	(-7.952366e-02 0.000000e+00 -3.741508e-02)	(-5.922793e-02 0.000000e+00 1.984154e-05)
3.522000e+04	lowerWall	(-7.952365e-02 0.000000e+00 -3.741509e-02)	(-5.922796e-02 0.000000e+00 1.986797e-05)
3.523000e+04	lowerWall	(-7.952366e-02 0.000000e+00 -3.741510e-02)	(-5.922803e-02 0.000000e+00 1.989828e-05)
3.524000e+04	lowerWall	(-7.952366e-02 0.000000e+00 -3.741510e-02)	(-5.922807e-02 0.000000e+00 1.993317e-05)
3.525000e+04	lowerWall	(-7.952366e-02 0.000000e+00 -3.741511e-02)	(-5.922811e-02 0.000000e+00 1.997412e-05)
3.526000e+04	lowerWall	(-7.952366e-02 0.000000e+00 -3.741512e-02)	(-5.922814e-02 0.000000e+00 2.002466e-05)
3.527000e+04	lowerWall	(-7.952362e-02 0.000000e+00 -3.741504e-02)	(-5.922778e-02 0.000000e+00 8.798008e-05)
3.528000e+04	lowerWall	(-7.952363e-02 0.000000e+00 -3.741504e-02)	(-5.922776e-02 0.000000e+00 9.986092e-05)
3.529000e+04	lowerWall	(-7.952362e-02 0.000000e+00 -3.741502e-02)	(-5.922765e-02 0.000000e+00 1.485236e-04)
3.530000e+04	lowerWall	(-7.952363e-02 0.000000e+00 -3.741501e-02)	(-5.922769e-02 0.000000e+00 1.971235e-04)
3.531000e+04	lowerWall	(-7.952364e-02 0.000000e+00 -3.741508e-02)	(-5.922782e-02 0.000000e+00 1.978567e-05)
3.532000e+04	lowerWall	(-7.952363e-02 0.000000e+00 -3.741509e-02)	(-5.922777e-02 0.000000e+00 1.980189e-05)
3.533000e+04	lowerWall	(-7.952363e-02 0.000000e+00 -3.741509e-02)	(-5.922772e-02 0.000000e+00 1.981862e-05)
3.534000e+04	lowerWall	(-7.952363e-02 0.000000e+00 -3.741509e-02)	(-5.922764e-02 0.000000e+00 1.983708e-05)
3.535000e+04	lowerWall	(-7.952363e-02 0.000000e+00 -3.741510e-02)	(-5.922760e-02 0.000000e+00 1.986716e-05)
3.536000e+04	lowerWall	(-7.952362e-02 0.000000e+00 -3.741511e-02)	(-5.919557e-02 0.000000e+00 1.989718e-05)
3.537000e+04	lowerWall	(-7.952362e-02 0.000000e+00 -3.741512e-02)	(-5.909785e-02 0.000000e+00 1.994348e-05)
3.538000e+04	lowerWall	(-7.952361e-02 0.000000e+00 -3.741514e-02)	(-5.897835e-02 0.000000e+00 1.998451e-05)
3.539000e+04	lowerWall	(-7.952360e-02 0.000000e+00 -3.741516e-02)	(-5.893516e-02 0.000000e+00 1.999543e-05)
3.540000e+04	lowerWall	(-7.952360e-02 0.000000e+00 -3.741516e-02)	(-5.896473e-02 0.000000e+00 2.010246e-05)
3.541000e+04	lowerWall	(-7.952360e-02 0.000000e+00 -3.741518e-02)	(-5.892361e-02 0.000000e+00 2.016984e-05)
3.542000e+04	lowerWall	(-7.952375e-02 0.000000e+00 -3.741508e-02)	(-5.907853e-02 0.000000e+00 1.982517e-05)
3.543000e+04	lowerWall	(-7.952411e-02 0.000000e+00 -3.741533e-02)	(-5.909234e-02 0.000000e+00 3.284826e-04)
3.544000e+04	lowerWall	(-7.952336e-02 0.000000e+00 -3.741504e-02)	(-5.906162e-02 0.000000e+00 5.536728e-04)
3.545000e+04	lowerWall	(-7.952303e-02 0.000000e+00 -3.741500e-02)	(-5.884467e-02 0.000000e+00 1.279027e-03)
3.546000e+04	lowerWall	(-7.952366e-02 0.000000e+00 -3.741510e-02)	(-5.922659e-02 0.000000e+00 2.097910e-05)
3.547000e+04	lowerWall	(-7.952383e-02 0.000000e+00 -3.741513e-02)	(-5.922689e-02 0.000000e+00 2.111525e-05)
3.548000e+04	lowerWall	(-7.952418e-02 0.000000e+00 -3.741529e-02)	(-5.922811e-02 0.000000e+00 2.283927e-05)
3.549000e+04	lowerWall	(-7.952343e-02 0.000000e+00 -3.741511e-02)	(-5.922496e-02 0.000000e+00 2.030395e-05)
3.550000e+04	lowerWall	(-7.952320e-02 0.000000e+00 -3.741482e-02)	(-5.922379e-02 0.000000e+00 1.367392e-03)
3.551000e+04	lowerWall	(-7.952373e-02 0.000000e+00 -3.741497e-02)	(-5.922638e-02 0.000000e+00 5.187659e-04)
3.552000e+04	lowerWall	(-7.952393e-02 0.000000e+00 -3.741538e-02)	(-5.922751e-02 0.000000e+00 2.253503e-05)
3.553000e+04	lowerWall	(-7.952342e-02 0.000000e+00 -3.741487e-02)	(-5.922441e-02 0.000000e+00 9.087899e-04)
3.554000e+04	lowerWall	(-7.952320e-02 0.000000e+00 -3.741459e-02)	(-5.922301e-02 0.000000e+00 2.048029e-03)
3.555000e+04	lowerWall	(-7.952417e-02 0.000000e+00 -3.741523e-02)	(-5.922797e-02 0.000000e+00 2.128115e-05)
3.556000e+04	lowerWall	(-7.952354e-02 0.000000e+00 -3.741502e-02)	(-5.922524e-02 0.000000e+00 3.814587e-04)
3.557000e+04	lowerWall	(-7.952327e-02 0.000000e+00 -3.741498e-02)	(-5.922456e-02 0.000000e+00 7.531785e-04)
3.558000e+04	lowerWall	(-7.952379e-02 0.000000e+00 -3.741506e-02)	(-5.922640e-02 0.000000e+00 2.043708e-05)
3.559000e+04	lowerWall	(-7.952396e-02 0.000000e+00 -3.741503e-02)	(-5.922693e-02 0.000000e+00 3.831965e-05)
3.560000e+04	lowerWall	(-7.952379e-02 0.000000e+00 -3.741500e-02)	(-5.922648e-02 0.000000e+00 2.025185e-05)
3.561000e+04	lowerWall	(-7.952384e-02 0.000000e+00 -3.741499e-02)	(-5.922682e-02 0.000000e+00 2.046494e-05)
3.562000e+04	lowerWall	(-7.952391e-02 0.000000e+00 -3.741499e-02)	(-5.922721e-02 0.000000e+00 2.070615e-05)
3.563000e+04	lowerWall	(-7.952398e-02 0.000000e+00 -3.741499e-02)	(-5.922766e-02 0.000000e+00 2.100618e-05)
3.564000e+04	lowerWall	(-7.952401e-02 0.000000e+00 -3.741489e-02)	(-5.922777e-02 0.000000e+00 2.119392e-05)
3.565000e+04	lowerWall	(-7.952462e-02 0.000000e+00 -3.741484e-02)	(-5.921565e-02 0.000000e+00 2.276084e-05)
3.566000e+04	lowerWall	(-7.952312e-02 0.000000e+00 -3.741508e-02)	(-5.887730e-02 0.000000e+00 6.743400e-04)
3.567000e+04	lowerWall	(-7.952383e-02 0.000000e+00 -3.741502e-02)	(-5.910837e-02 0.000000e+00 2.039933e-05)
3.568000e+04	lowerWall	(-7.952365e-02 0.000000e+00 -3.741502e-02)	(-5.911167e-02 0.000000e+00 1.981190e-05)
3.569000e+04	lowerWall	(-7.952347e-02 0.000000e+00 -3.741507e-02)	(-5.907382e-02 0.000000e+00 2.148843e-04)
3.570000e+04	lowerWall	(-7.952337e-02 0.000000e+00 -3.741508e-02)	(-5.898504e-02 0.000000e+00 3.975639e-04)
3.571000e+04	lowerWall	(-7.952316e-02 0.000000e+00 -3.741507e-02)	(-5.877587e-02 0.000000e+00 6.945726e-04)
3.572000e+04	lowerWall	(-7.952385e-02 0.000000e+00 -3.741503e-02)	(-5.877704e-02 0.000000e+00 2.047695e-05)
3.573000e+04	lowerWall	(-7.952389e-02 0.000000e+00 -3.741504e-02)	(-5.854374e-02 0.000000e+00 2.067753e-05)
3.574000e+04	lowerWall	(-7.952352e-02 0.000000e+00 -3.741503e-02)	(-5.833277e-02 0.000000e+00 1.812756e-04)
3.575000e+04	lowerWall	(-7.952349e-02 0.000000e+00 -3.741503e-02)	(-5.840782e-02 0.000000e+00 2.236021e-04)
3.576000e+04	lowerWall	(-7.952347e-02 0.000000e+00 -3.741502e-02)	(-5.839973e-02 0.000000e+00 2.839791e-04)
3.577000e+04	lowerWall	(-7.952365e-02 0.000000e+00 -3.741506e-02)	(-5.856801e-02 0.000000e+00 1.985365e-05)
3.578000e+04	lowerWall	(-7.952365e-02 0.000000e+00 -3.741507e-02)	(-5.858468e-02 0.000000e+00 1.989081e-05)
3.579000e+04	lowerWall	(-7.952365e-02 0.000000e+00 -3.741508e-02)	(-5.848096e-02 0.000000e+00 1.995616e-05)
3.580000e+04	lowerWall	(-7.952342e-02 0.000000e+00 -3.741499e-02)	(-5.848152e-02 0.000000e+00 3.548599e-04)
3.581000e+04	lowerWall	(-7.952340e-02 0.000000e+00 -3.741497e-02)	(-5.851600e-02 0.000000e+00 4.366803e-04)
3.582000e+04	lowerWall	(-7.952330e-02 0.000000e+00 -3.741504e-02)	(-5.861873e-02 0.000000e+00 2.905796e-04)
3.583000e+04	lowerWall	(-7.952317e-02 0.000000e+00 -3.741505e-02)	(-5.871854e-02 0.000000e+00 6.495132e-04)
3.584000e+04	lowerWall	(-7.952273e-02 0.000000e+00 -3.741500e-02)	(-5.852438e-02 0.000000e+00 1.531723e-03)
3.585000e+04	lowerWall	(-7.952396e-02 0.000000e+00 -3.741513e-02)	(-5.895661e-02 0.000000e+00 2.138883e-05)
3.586000e+04	lowerWall	(-7.952449e-02 0.000000e+00 -3.741527e-02)	(-5.882470e-02 0.000000e+00 2.369189e-05)
3.587000e+04	lowerWall	(-7.952306e-02 0.000000e+00 -3.741495e-02)	(-5.885258e-02 0.000000e+00 1.054664e-03)
3.588000e+04	lowerWall	(-7.952252e-02 0.000000e+00 -3.741476e-02)	(-5.855168e-02 0.000000e+00 2.373093e-03)
3.589000e+04	lowerWall	(-7.952400e-02 0.000000e+00 -3.741526e-02)	(-5.915617e-02 0.000000e+00 2.212814e-05)
3.590000e+04	lowerWall	(-7.952467e-02 0.000000e+00 -3.741561e-02)	(-5.876439e-02 0.000000e+00 2.541325e-05)
3.591000e+04	lowerWall	(-7.952300e-02 0.000000e+00 -3.741481e-02)	(-5.910460e-02 0.000000e+00 1.614143e-03)
3.592000e+04	lowerWall	(-7.952370e-02 0.000000e+00 -3.741500e-02)	(-5.922326e-02 0.000000e+00 6.123150e-04)
3.593000e+04	lowerWall	(-7.952395e-02 0.000000e+00 -3.741545e-02)	(-5.914024e-02 0.000000e+00 2.308798e-05)
3.594000e+04	lowerWall	(-7.952324e-02 0.000000e+00 -3.741488e-02)	(-5.922087e-02 0.000000e+00 1.090935e-03)
3.595000e+04	lowerWall	(-7.952297e-02 0.000000e+00 -3.741461e-02)	(-5.878875e-02 0.000000e+00 2.410676e-03)
3.596000e+04	lowerWall	(-7.952374e-02 0.000000e+00 -3.741537e-02)	(-5.922395e-02 0.000000e+00 2.171996e-05)
3.597000e+04	lowerWall	(-7.952410e-02 0.000000e+00 -3.741580e-02)	(-5.883200e-02 0.000000e+00 2.435357e-05)
3.598000e+04	lowerWall	(-7.952324e-02 0.000000e+00 -3.741478e-02)	(-5.909258e-02 0.000000e+00 1.633846e-03)
3.599000e+04	lowerWall	(-7.952359e-02 0.000000e+00 -3.741531e-02)	(-5.922366e-02 0.000000e+00 2.088863e-05)
3.600000e+04	lowerWall	(-7.952364e-02 0.000000e+00 -3.741555e-02)	(-5.907346e-02 0.000000e+00 2.247118e-05)
3.601000e+04	lowerWall	(-7.952339e-02 0.000000e+00 -3.741491e-02)	(-5.893813e-02 0.000000e+00 1.095554e-03)
3.602000e+04	lowerWall	(-7.952323e-02 0.000000e+00 -3.741458e-02)	(-5.816812e-02 0.000000e+00 2.517465e-03)
3.603000e+04	lowerWall	(-7.952355e-02 0.000000e+00 -3.741545e-02)	(-5.880883e-02 0.000000e+00 2.137470e-05)
3.604000e+04	lowerWall	(-7.952367e-02 0.000000e+00 -3.741589e-02)	(-5.826785e-02 0.000000e+00 2.341288e-05)
3.605000e+04	lowerWall	(-7.952347e-02 0.000000e+00 -3.741484e-02)	(-5.788716e-02 0.000000e+00 1.654399e-03)
3.606000e+04	lowerWall	(-7.952363e-02 0.000000e+00 -3.741531e-02)	(-5.856386e-02 0.000000e+00 2.080136e-05)
3.607000e+04	lowerWall	(-7.952372e-02 0.000000e+00 -3.741551e-02)	(-5.860695e-02 0.000000e+00 2.241905e-05)
3.608000e+04	lowerWall	(-7.952333e-02 0.000000e+00 -3.741498e-02)	(-5.835988e-02 0.000000e+00 9.710305e-04)
3.609000e+04	lowerWall	(-7.952320e-02 0.000000e+00 -3.741473e-02)	(-5.805692e-02 0.000000e+00 2.191637e-03)
3.610000e+04	lowerWall	(-7.952358e-02 0.000000e+00 -3.741539e-02)	(-5.899056e-02 0.000000e+00 2.128997e-05)
3.611000e+04	lowerWall	(-7.952342e-02 0.000000e+00 -3.741502e-02)	(-5.921441e-02 0.000000e+00 6.796577e-04)
3.612000e+04	lowerWall	(-7.952344e-02 0.000000e+00 -3.741524e-02)	(-5.922411e-02 0.000000e+00 2.041003e-05)
3.613000e+04	lowerWall	(-7.952359e-02 0.000000e+00 -3.741509e-02)	(-5.922449e-02 0.000000e+00 4.757704e-04)
3.614000e+04	lowerWall	(-7.952376e-02 0.000000e+00 -3.741545e-02)	(-5.922549e-02 0.000000e+00 2.209285e-05)
3.615000e+04	lowerWall	(-7.952334e-02 0.000000e+00 -3.741498e-02)	(-5.922283e-02 0.000000e+00 9.007583e-04)
3.616000e+04	lowerWall	(-7.952321e-02 0.000000e+00 -3.741477e-02)	(-5.922182e-02 0.000000e+00 1.985609e-03)
3.617000e+04	lowerWall	(-7.952360e-02 0.000000e+00 -3.741534e-02)	(-5.922478e-02 0.000000e+00 2.104354e-05)
3.618000e+04	lowerWall	(-7.952349e-02 0.000000e+00 -3.741518e-02)	(-5.922396e-02 0.000000e+00 1.984174e-05)
3.619000e+04	lowerWall	(-7.952331e-02 0.000000e+00 -3.741501e-02)	(-5.922293e-02 0.000000e+00 8.310472e-04)
3.620000e+04	lowerWall	(-7.952320e-02 0.000000e+00 -3.741496e-02)	(-5.922222e-02 0.000000e+00 1.793614e-03)
3.621000e+04	lowerWall	(-7.952215e-02 0.000000e+00 -3.741542e-02)	(-5.921851e-02 0.000000e+00 3.119140e-04)
3.622000e+04	lowerWall	(-7.952259e-02 0.000000e+00 -3.741543e-02)	(-5.922226e-02 0.000000e+00 1.000026e-03)
3.623000e+04	lowerWall	(-7.952383e-02 0.000000e+00 -3.741502e-02)	(-5.922504e-02 0.000000e+00 2.080472e-05)
3.624000e+04	lowerWall	(-7.952404e-02 0.000000e+00 -3.741500e-02)	(-5.922573e-02 0.000000e+00 2.156347e-05)
3.625000e+04	lowerWall	(-7.952294e-02 0.000000e+00 -3.741518e-02)	(-5.922311e-02 0.000000e+00 3.725140e-04)
3.626000e+04	lowerWall	(-7.952410e-02 0.000000e+00 -3.741474e-02)	(-5.922562e-02 0.000000e+00 2.096938e-05)
3.627000e+04	lowerWall	(-7.952420e-02 0.000000e+00 -3.741467e-02)	(-5.922605e-02 0.000000e+00 2.159003e-05)
3.628000e+04	lowerWall	(-7.952384e-02 0.000000e+00 -3.741486e-02)	(-5.922645e-02 0.000000e+00 3.061030e-05)
3.629000e+04	lowerWall	(-7.952452e-02 0.000000e+00 -3.741405e-02)	(-5.922556e-02 0.000000e+00 2.134492e-05)
3.630000e+04	lowerWall	(-7.952379e-02 0.000000e+00 -3.741457e-02)	(-5.903666e-02 0.000000e+00 1.996755e-05)
3.631000e+04	lowerWall	(-7.952329e-02 0.000000e+00 -3.741597e-02)	(-5.879453e-02 0.000000e+00 6.359731e-04)
3.632000e+04	lowerWall	(-7.952360e-02 0.000000e+00 -3.741508e-02)	(-5.877232e-02 0.000000e+00 1.223007e-04)
3.633000e+04	lowerWall	(-7.952361e-02 0.000000e+00 -3.741513e-02)	(-5.871229e-02 0.000000e+00 1.748869e-04)
3.634000e+04	lowerWall	(-7.952353e-02 0.000000e+00 -3.741510e-02)	(-5.863415e-02 0.000000e+00 1.956605e-04)
3.635000e+04	lowerWall	(-7.952458e-02 0.000000e+00 -3.741347e-02)	(-5.882535e-02 0.000000e+00 2.111666e-05)
3.636000e+04	lowerWall	(-7.952337e-02 0.000000e+00 -3.741527e-02)	(-5.848090e-02 0.000000e+00 4.409254e-04)
3.637000e+04	lowerWall	(-7.952323e-02 0.000000e+00 -3.741535e-02)	(-5.853478e-02 0.000000e+00 5.358802e-04)
3.638000e+04	lowerWall	(-7.952370e-02 0.000000e+00 -3.741492e-02)	(-5.883282e-02 0.000000e+00 1.958305e-05)
3.639000e+04	lowerWall	(-7.952361e-02 0.000000e+00 -3.741502e-02)	(-5.886256e-02 0.000000e+00 7.617764e-05)
3.640000e+04	lowerWall	(-7.952359e-02 0.000000e+00 -3.741503e-02)	(-5.889868e-02 0.000000e+00 9.457675e-05)
3.641000e+04	lowerWall	(-7.952459e-02 0.000000e+00 -3.741433e-02)	(-5.908248e-02 0.000000e+00 2.116195e-05)
3.642000e+04	lowerWall	(-7.952334e-02 0.000000e+00 -3.741536e-02)	(-5.885067e-02 0.000000e+00 4.735349e-04)
3.643000e+04	lowerWall	(-7.952308e-02 0.000000e+00 -3.741582e-02)	(-5.876184e-02 0.000000e+00 8.560566e-04)
3.644000e+04	lowerWall	(-7.952242e-02 0.000000e+00 -3.741713e-02)	(-5.843687e-02 0.000000e+00 2.526833e-03)
3.645000e+04	lowerWall	(-7.952432e-02 0.000000e+00 -3.741422e-02)	(-5.922390e-02 0.000000e+00 1.967037e-05)
3.646000e+04	lowerWall	(-7.952316e-02 0.000000e+00 -3.741557e-02)	(-5.922396e-02 0.000000e+00 7.871111e-04)
3.647000e+04	lowerWall	(-7.952260e-02 0.000000e+00 -3.741598e-02)	(-5.922345e-02 0.000000e+00 1.758114e-03)
3.648000e+04	lowerWall	(-7.952413e-02 0.000000e+00 -3.741480e-02)	(-5.922440e-02 0.000000e+00 2.061326e-05)
3.649000e+04	lowerWall	(-7.952326e-02 0.000000e+00 -3.741543e-02)	(-5.922397e-02 0.000000e+00 5.531952e-04)
3.650000e+04	lowerWall	(-7.952300e-02 0.000000e+00 -3.741560e-02)	(-5.922383e-02 0.000000e+00 1.023358e-03)
3.651000e+04	lowerWall	(-7.952250e-02 0.000000e+00 -3.741581e-02)	(-5.922317e-02 0.000000e+00 1.723624e-03)
3.652000e+04	lowerWall	(-7.952398e-02 0.000000e+00 -3.741483e-02)	(-5.922457e-02 0.000000e+00 1.969936e-05)
3.653000e+04	lowerWall	(-7.952360e-02 0.000000e+00 -3.741543e-02)	(-5.922596e-02 0.000000e+00 4.602243e-04)
3.654000e+04	lowerWall	(-7.952372e-02 0.000000e+00 -3.741477e-02)	(-5.922443e-02 0.000000e+00 1.913107e-05)
3.655000e+04	lowerWall	(-7.952370e-02 0.000000e+00 -3.741464e-02)	(-5.922459e-02 0.000000e+00 1.927178e-05)
3.656000e+04	lowerWall	(-7.952339e-02 0.000000e+00 -3.741482e-02)	(-5.901530e-02 0.000000e+00 1.775936e-04)
3.657000e+04	lowerWall	(-7.952353e-02 0.000000e+00 -3.741473e-02)	(-5.922496e-02 0.000000e+00 1.484523e-04)
3.658000e+04	lowerWall	(-7.952360e-02 0.000000e+00 -3.741463e-02)	(-5.922526e-02 0.000000e+00 1.200498e-04)
3.659000e+04	lowerWall	(-7.952351e-02 0.000000e+00 -3.741479e-02)	(-5.922563e-02 0.000000e+00 1.568215e-04)
3.660000e+04	lowerWall	(-7.952355e-02 0.000000e+00 -3.741474e-02)	(-5.922587e-02 0.000000e+00 1.327594e-04)
3.661000e+04	lowerWall	(-7.952360e-02 0.000000e+00 -3.741472e-02)	(-5.922626e-02 0.000000e+00 1.120672e-04)
3.662000e+04	lowerWall	(-7.952366e-02 0.000000e+00 -3.741471e-02)	(-5.922654e-02 0.000000e+00 7.866078e-05)
3.663000e+04	lowerWall	(-7.952373e-02 0.000000e+00 -3.741469e-02)	(-5.922678e-02 0.000000e+00 8.036564e-05)
3.664000e+04	lowerWall	(-7.952360e-02 0.000000e+00 -3.741503e-02)	(-5.922736e-02 0.000000e+00 1.415423e-04)
3.665000e+04	lowerWall	(-7.952359e-02 0.000000e+00 -3.741504e-02)	(-5.922742e-02 0.000000e+00 1.605568e-04)
3.666000e+04	lowerWall	(-7.952356e-02 0.000000e+00 -3.741505e-02)	(-5.922743e-02 0.000000e+00 1.822089e-04)
3.667000e+04	lowerWall	(-7.952362e-02 0.000000e+00 -3.741508e-02)	(-5.922744e-02 0.000000e+00 2.424957e-04)
3.668000e+04	lowerWall	(-7.952375e-02 0.000000e+00 -3.741494e-02)	(-5.922759e-02 0.000000e+00 5.034548e-05)
3.669000e+04	lowerWall	(-7.952377e-02 0.000000e+00 -3.741494e-02)	(-5.922761e-02 0.000000e+00 4.023540e-05)
3.670000e+04	lowerWall	(-7.952379e-02 0.000000e+00 -3.741493e-02)	(-5.922762e-02 0.000000e+00 3.460747e-05)
3.671000e+04	lowerWall	(-7.952382e-02 0.000000e+00 -3.741493e-02)	(-5.922762e-02 0.000000e+00 3.342558e-05)
3.672000e+04	lowerWall	(-7.952385e-02 0.000000e+00 -3.741493e-02)	(-5.922761e-02 0.000000e+00 3.580250e-05)
3.673000e+04	lowerWall	(-7.952388e-02 0.000000e+00 -3.741494e-02)	(-5.922760e-02 0.000000e+00 3.384435e-05)
3.674000e+04	lowerWall	(-7.952393e-02 0.000000e+00 -3.741494e-02)	(-5.922760e-02 0.000000e+00 3.547134e-05)
3.675000e+04	lowerWall	(-7.952398e-02 0.000000e+00 -3.741494e-02)	(-5.911376e-02 0.000000e+00 4.275477e-05)
3.676000e+04	lowerWall	(-7.952397e-02 0.000000e+00 -3.741486e-02)	(-5.899382e-02 0.000000e+00 6.232486e-05)
3.677000e+04	lowerWall	(-7.952408e-02 0.000000e+00 -3.741486e-02)	(-5.897340e-02 0.000000e+00 6.804971e-05)
3.678000e+04	lowerWall	(-7.952363e-02 0.000000e+00 -3.741497e-02)	(-5.906054e-02 0.000000e+00 2.777982e-05)
3.679000e+04	lowerWall	(-7.952381e-02 0.000000e+00 -3.741493e-02)	(-5.913533e-02 0.000000e+00 1.973385e-05)
3.680000e+04	lowerWall	(-7.952392e-02 0.000000e+00 -3.741490e-02)	(-5.910137e-02 0.000000e+00 2.003252e-05)
3.681000e+04	lowerWall	(-7.952353e-02 0.000000e+00 -3.741502e-02)	(-5.900915e-02 0.000000e+00 1.366557e-04)
3.682000e+04	lowerWall	(-7.952418e-02 0.000000e+00 -3.741490e-02)	(-5.902020e-02 0.000000e+00 2.093744e-05)
3.683000e+04	lowerWall	(-7.952436e-02 0.000000e+00 -3.741489e-02)	(-5.884909e-02 0.000000e+00 2.154869e-05)
3.684000e+04	lowerWall	(-7.952333e-02 0.000000e+00 -3.741502e-02)	(-5.880360e-02 0.000000e+00 3.423617e-04)
3.685000e+04	lowerWall	(-7.952313e-02 0.000000e+00 -3.741502e-02)	(-5.885137e-02 0.000000e+00 5.882264e-04)
3.686000e+04	lowerWall	(-7.952353e-02 0.000000e+00 -3.741502e-02)	(-5.909603e-02 0.000000e+00 1.942828e-05)
3.687000e+04	lowerWall	(-7.952345e-02 0.000000e+00 -3.741505e-02)	(-5.915751e-02 0.000000e+00 1.525655e-04)
3.688000e+04	lowerWall	(-7.952342e-02 0.000000e+00 -3.741506e-02)	(-5.920574e-02 0.000000e+00 1.976105e-04)
3.689000e+04	lowerWall	(-7.952419e-02 0.000000e+00 -3.741497e-02)	(-5.913749e-02 0.000000e+00 2.118808e-05)
3.690000e+04	lowerWall	(-7.952331e-02 0.000000e+00 -3.741506e-02)	(-5.922257e-02 0.000000e+00 3.081394e-04)
3.691000e+04	lowerWall	(-7.952322e-02 0.000000e+00 -3.741505e-02)	(-5.922219e-02 0.000000e+00 1.994201e-05)
3.692000e+04	lowerWall	(-7.952371e-02 0.000000e+00 -3.741501e-02)	(-5.922313e-02 0.000000e+00 1.973039e-05)
3.693000e+04	lowerWall	(-7.952379e-02 0.000000e+00 -3.741502e-02)	(-5.922321e-02 0.000000e+00 1.998797e-05)
3.694000e+04	lowerWall	(-7.952333e-02 0.000000e+00 -3.741508e-02)	(-5.922137e-02 0.000000e+00 2.571641e-05)
3.695000e+04	lowerWall	(-7.952293e-02 0.000000e+00 -3.741529e-02)	(-5.922189e-02 0.000000e+00 6.748374e-04)
3.696000e+04	lowerWall	(-7.952219e-02 0.000000e+00 -3.741550e-02)	(-5.922069e-02 0.000000e+00 1.719973e-03)
3.697000e+04	lowerWall	(-7.952421e-02 0.000000e+00 -3.741522e-02)	(-5.922361e-02 0.000000e+00 6.709290e-04)
3.698000e+04	lowerWall	(-7.952529e-02 0.000000e+00 -3.741481e-02)	(-5.922595e-02 0.000000e+00 2.352123e-05)
3.699000e+04	lowerWall	(-7.952256e-02 0.000000e+00 -3.741525e-02)	(-5.922074e-02 0.000000e+00 1.177159e-03)
3.700000e+04	lowerWall	(-7.952132e-02 0.000000e+00 -3.741530e-02)	(-5.921798e-02 0.000000e+00 2.589047e-03)
3.701000e+04	lowerWall	(-7.952450e-02 0.000000e+00 -3.741510e-02)	(-5.922504e-02 0.000000e+00 2.267257e-05)
3.702000e+04	lowerWall	(-7.952290e-02 0.000000e+00 -3.741515e-02)	(-5.922144e-02 0.000000e+00 7.873816e-04)
3.703000e+04	lowerWall	(-7.952216e-02 0.000000e+00 -3.741509e-02)	(-5.921975e-02 0.000000e+00 1.707069e-03)
3.704000e+04	lowerWall	(-7.952395e-02 0.000000e+00 -3.741519e-02)	(-5.922466e-02 0.000000e+00 2.113535e-05)
3.705000e+04	lowerWall	(-7.952273e-02 0.000000e+00 -3.741518e-02)	(-5.922164e-02 0.000000e+00 3.623475e-04)
3.706000e+04	lowerWall	(-7.952290e-02 0.000000e+00 -3.741520e-02)	(-5.922253e-02 0.000000e+00 7.387309e-04)
3.707000e+04	lowerWall	(-7.952251e-02 0.000000e+00 -3.741517e-02)	(-5.922196e-02 0.000000e+00 1.255530e-03)
3.708000e+04	lowerWall	(-7.952391e-02 0.000000e+00 -3.741506e-02)	(-5.922544e-02 0.000000e+00 2.056196e-05)
3.709000e+04	lowerWall	(-7.952410e-02 0.000000e+00 -3.741504e-02)	(-5.922617e-02 0.000000e+00 2.117418e-05)
3.710000e+04	lowerWall	(-7.952346e-02 0.000000e+00 -3.741521e-02)	(-5.922543e-02 0.000000e+00 1.836476e-04)
3.711000e+04	lowerWall	(-7.952375e-02 0.000000e+00 -3.741502e-02)	(-5.922588e-02 0.000000e+00 1.985268e-05)
3.712000e+04	lowerWall	(-7.952394e-02 0.000000e+00 -3.741494e-02)	(-5.922653e-02 0.000000e+00 2.044285e-05)
3.713000e+04	lowerWall	(-7.952358e-02 0.000000e+00 -3.741512e-02)	(-5.922631e-02 0.000000e+00 1.960489e-05)
3.714000e+04	lowerWall	(-7.952340e-02 0.000000e+00 -3.741517e-02)	(-5.922625e-02 0.000000e+00 1.494743e-04)
3.715000e+04	lowerWall	(-7.952358e-02 0.000000e+00 -3.741513e-02)	(-5.922685e-02 0.000000e+00 1.961904e-05)
3.716000e+04	lowerWall	(-7.952359e-02 0.000000e+00 -3.741513e-02)	(-5.922710e-02 0.000000e+00 1.965902e-05)
3.717000e+04	lowerWall	(-7.952361e-02 0.000000e+00 -3.741514e-02)	(-5.922732e-02 0.000000e+00 1.970105e-05)
3.718000e+04	lowerWall	(-7.952362e-02 0.000000e+00 -3.741514e-02)	(-5.922751e-02 0.000000e+00 1.974050e-05)
3.719000e+04	lowerWall	(-7.952363e-02 0.000000e+00 -3.741514e-02)	(-5.922767e-02 0.000000e+00 1.977512e-05)
3.720000e+04	lowerWall	(-7.952364e-02 0.000000e+00 -3.741515e-02)	(-5.922780e-02 0.000000e+00 1.981706e-05)
3.721000e+04	lowerWall	(-7.952366e-02 0.000000e+00 -3.741515e-02)	(-5.922793e-02 0.000000e+00 1.985899e-05)
3.722000e+04	lowerWall	(-7.952367e-02 0.000000e+00 -3.741515e-02)	(-5.922802e-02 0.000000e+00 1.990472e-05)
3.723000e+04	lowerWall	(-7.952368e-02 0.000000e+00 -3.741516e-02)	(-5.922810e-02 0.000000e+00 1.995722e-05)
3.724000e+04	lowerWall	(-7.952361e-02 0.000000e+00 -3.741516e-02)	(-5.922801e-02 0.000000e+00 2.007715e-05)
3.725000e+04	lowerWall	(-7.952361e-02 0.000000e+00 -3.741517e-02)	(-5.922805e-02 0.000000e+00 2.016548e-05)
3.726000e+04	lowerWall	(-7.952375e-02 0.000000e+00 -3.741518e-02)	(-5.922834e-02 0.000000e+00 2.020882e-05)
3.727000e+04	lowerWall	(-7.952378e-02 0.000000e+00 -3.741519e-02)	(-5.922844e-02 0.000000e+00 2.034327e-05)
3.728000e+04	lowerWall	(-7.952382e-02 0.000000e+00 -3.741521e-02)	(-5.922855e-02 0.000000e+00 2.050977e-05)
3.729000e+04	lowerWall	(-7.952382e-02 0.000000e+00 -3.741522e-02)	(-5.922858e-02 0.000000e+00 2.072884e-05)
3.730000e+04	lowerWall	(-7.952388e-02 0.000000e+00 -3.741525e-02)	(-5.922877e-02 0.000000e+00 2.101382e-05)
3.731000e+04	lowerWall	(-7.952394e-02 0.000000e+00 -3.741529e-02)	(-5.922894e-02 0.000000e+00 2.136663e-05)
3.732000e+04	lowerWall	(-7.952401e-02 0.000000e+00 -3.741534e-02)	(-5.922910e-02 0.000000e+00 2.180792e-05)
3.733000e+04	lowerWall	(-7.952417e-02 0.000000e+00 -3.741541e-02)	(-5.912209e-02 0.000000e+00 2.234930e-05)
3.734000e+04	lowerWall	(-7.952337e-02 0.000000e+00 -3.741500e-02)	(-5.909492e-02 0.000000e+00 3.385089e-04)
3.735000e+04	lowerWall	(-7.952343e-02 0.000000e+00 -3.741506e-02)	(-5.922335e-02 0.000000e+00 1.827495e-04)
3.736000e+04	lowerWall	(-7.952364e-02 0.000000e+00 -3.741512e-02)	(-5.922231e-02 0.000000e+00 2.790702e-05)
3.737000e+04	lowerWall	(-7.952365e-02 0.000000e+00 -3.741513e-02)	(-5.913346e-02 0.000000e+00 1.984071e-05)
3.738000e+04	lowerWall	(-7.952366e-02 0.000000e+00 -3.741514e-02)	(-5.902255e-02 0.000000e+00 1.990747e-05)
3.739000e+04	lowerWall	(-7.952354e-02 0.000000e+00 -3.741509e-02)	(-5.897150e-02 0.000000e+00 5.215835e-05)
3.740000e+04	lowerWall	(-7.952368e-02 0.000000e+00 -3.741515e-02)	(-5.898934e-02 0.000000e+00 2.004630e-05)
3.741000e+04	lowerWall	(-7.952329e-02 0.000000e+00 -3.741496e-02)	(-5.898083e-02 0.000000e+00 3.175363e-04)
3.742000e+04	lowerWall	(-7.952365e-02 0.000000e+00 -3.741514e-02)	(-5.902730e-02 0.000000e+00 1.994815e-05)
3.743000e+04	lowerWall	(-7.952335e-02 0.000000e+00 -3.741497e-02)	(-5.902323e-02 0.000000e+00 2.715788e-04)
3.744000e+04	lowerWall	(-7.952342e-02 0.000000e+00 -3.741499e-02)	(-5.921874e-02 0.000000e+00 1.867362e-04)
3.745000e+04	lowerWall	(-7.952384e-02 0.000000e+00 -3.741522e-02)	(-5.922647e-02 0.000000e+00 2.094440e-05)
3.746000e+04	lowerWall	(-7.952344e-02 0.000000e+00 -3.741498e-02)	(-5.922471e-02 0.000000e+00 1.608807e-04)
3.747000e+04	lowerWall	(-7.952399e-02 0.000000e+00 -3.741530e-02)	(-5.922670e-02 0.000000e+00 2.157597e-05)
3.748000e+04	lowerWall	(-7.952411e-02 0.000000e+00 -3.741520e-02)	(-5.922711e-02 0.000000e+00 2.197460e-05)
3.749000e+04	lowerWall	(-7.952503e-02 0.000000e+00 -3.741499e-02)	(-5.922860e-02 0.000000e+00 2.397669e-05)
3.750000e+04	lowerWall	(-7.952305e-02 0.000000e+00 -3.741507e-02)	(-5.922350e-02 0.000000e+00 2.074868e-05)
3.751000e+04	lowerWall	(-7.952239e-02 0.000000e+00 -3.741502e-02)	(-5.922155e-02 0.000000e+00 1.252688e-03)
3.752000e+04	lowerWall	(-7.952406e-02 0.000000e+00 -3.741505e-02)	(-5.922601e-02 0.000000e+00 4.817049e-04)
3.753000e+04	lowerWall	(-7.952411e-02 0.000000e+00 -3.741528e-02)	(-5.922714e-02 0.000000e+00 2.512881e-05)
3.754000e+04	lowerWall	(-7.952288e-02 0.000000e+00 -3.741495e-02)	(-5.922246e-02 0.000000e+00 8.421244e-04)
3.755000e+04	lowerWall	(-7.952271e-02 0.000000e+00 -3.741488e-02)	(-5.922188e-02 0.000000e+00 1.053104e-03)
3.756000e+04	lowerWall	(-7.952391e-02 0.000000e+00 -3.741521e-02)	(-5.922595e-02 0.000000e+00 2.116018e-05)
3.757000e+04	lowerWall	(-7.952410e-02 0.000000e+00 -3.741531e-02)	(-5.922683e-02 0.000000e+00 2.232488e-05)
3.758000e+04	lowerWall	(-7.952351e-02 0.000000e+00 -3.741511e-02)	(-5.922524e-02 0.000000e+00 1.952604e-05)
3.759000e+04	lowerWall	(-7.952368e-02 0.000000e+00 -3.741508e-02)	(-5.922560e-02 0.000000e+00 1.992725e-05)
3.760000e+04	lowerWall	(-7.952367e-02 0.000000e+00 -3.741504e-02)	(-5.922572e-02 0.000000e+00 1.979989e-05)
3.761000e+04	lowerWall	(-7.952366e-02 0.000000e+00 -3.741503e-02)	(-5.922591e-02 0.000000e+00 1.959200e-05)
3.762000e+04	lowerWall	(-7.952368e-02 0.000000e+00 -3.741501e-02)	(-5.922613e-02 0.000000e+00 1.972340e-05)
3.763000e+04	lowerWall	(-7.952372e-02 0.000000e+00 -3.741499e-02)	(-5.922650e-02 0.000000e+00 1.985416e-05)
3.764000e+04	lowerWall	(-7.952377e-02 0.000000e+00 -3.741498e-02)	(-5.922689e-02 0.000000e+00 2.000392e-05)
3.765000e+04	lowerWall	(-7.952381e-02 0.000000e+00 -3.741498e-02)	(-5.922725e-02 0.000000e+00 2.017776e-05)
3.766000e+04	lowerWall	(-7.952392e-02 0.000000e+00 -3.741498e-02)	(-5.922775e-02 0.000000e+00 2.042141e-05)
3.767000e+04	lowerWall	(-7.952346e-02 0.000000e+00 -3.741507e-02)	(-5.922702e-02 0.000000e+00 1.219930e-04)
3.768000e+04	lowerWall	(-7.952364e-02 0.000000e+00 -3.741506e-02)	(-5.922757e-02 0.000000e+00 1.966744e-05)
3.769000e+04	lowerWall	(-7.952354e-02 0.000000e+00 -3.741507e-02)	(-5.922739e-02 0.000000e+00 1.937342e-04)
3.770000e+04	lowerWall	(-7.952365e-02 0.000000e+00 -3.741505e-02)	(-5.922779e-02 0.000000e+00 1.965467e-05)
3.771000e+04	lowerWall	(-7.952371e-02 0.000000e+00 -3.741504e-02)	(-5.922796e-02 0.000000e+00 1.979034e-05)
3.772000e+04	lowerWall	(-7.952366e-02 0.000000e+00 -3.741504e-02)	(-5.922798e-02 0.000000e+00 1.997947e-05)
3.773000e+04	lowerWall	(-7.952354e-02 0.000000e+00 -3.741509e-02)	(-5.922770e-02 0.000000e+00 7.563287e-05)
3.774000e+04	lowerWall	(-7.952353e-02 0.000000e+00 -3.741509e-02)	(-5.922765e-02 0.000000e+00 8.648097e-05)
3.775000e+04	lowerWall	(-7.952352e-02 0.000000e+00 -3.741509e-02)	(-5.922758e-02 0.000000e+00 9.849944e-05)
3.776000e+04	lowerWall	(-7.952351e-02 0.000000e+00 -3.741509e-02)	(-5.922749e-02 0.000000e+00 1.132898e-04)
3.777000e+04	lowerWall	(-7.952348e-02 0.000000e+00 -3.741508e-02)	(-5.922733e-02 0.000000e+00 1.301203e-04)
3.778000e+04	lowerWall	(-7.952345e-02 0.000000e+00 -3.741507e-02)	(-5.922720e-02 0.000000e+00 1.546648e-04)
3.779000e+04	lowerWall	(-7.952366e-02 0.000000e+00 -3.741508e-02)	(-5.922767e-02 0.000000e+00 1.969771e-05)
3.780000e+04	lowerWall	(-7.952362e-02 0.000000e+00 -3.741508e-02)	(-5.922757e-02 0.000000e+00 1.975980e-05)
3.781000e+04	lowerWall	(-7.952358e-02 0.000000e+00 -3.741507e-02)	(-5.922735e-02 0.000000e+00 3.825173e-05)
3.782000e+04	lowerWall	(-7.952358e-02 0.000000e+00 -3.741506e-02)	(-5.922728e-02 0.000000e+00 4.329757e-05)
3.783000e+04	lowerWall	(-7.952358e-02 0.000000e+00 -3.741506e-02)	(-5.922722e-02 0.000000e+00 4.892580e-05)
3.784000e+04	lowerWall	(-7.952358e-02 0.000000e+00 -3.741506e-02)	(-5.922717e-02 0.000000e+00 5.543164e-05)
3.785000e+04	lowerWall	(-7.952357e-02 0.000000e+00 -3.741505e-02)	(-5.922713e-02 0.000000e+00 6.308148e-05)
3.786000e+04	lowerWall	(-7.952357e-02 0.000000e+00 -3.741505e-02)	(-5.922710e-02 0.000000e+00 7.236849e-05)
3.787000e+04	lowerWall	(-7.952379e-02 0.000000e+00 -3.741513e-02)	(-5.922785e-02 0.000000e+00 2.021845e-05)
3.788000e+04	lowerWall	(-7.952354e-02 0.000000e+00 -3.741503e-02)	(-5.922702e-02 0.000000e+00 1.194961e-04)
3.789000e+04	lowerWall	(-7.952348e-02 0.000000e+00 -3.741501e-02)	(-5.922685e-02 0.000000e+00 1.846592e-04)
3.790000e+04	lowerWall	(-7.952367e-02 0.000000e+00 -3.741507e-02)	(-5.922750e-02 0.000000e+00 1.975763e-05)
3.791000e+04	lowerWall	(-7.952369e-02 0.000000e+00 -3.741507e-02)	(-5.922758e-02 0.000000e+00 1.983713e-05)
3.792000e+04	lowerWall	(-7.952371e-02 0.000000e+00 -3.741508e-02)	(-5.922768e-02 0.000000e+00 1.991317e-05)
3.793000e+04	lowerWall	(-7.952372e-02 0.000000e+00 -3.741509e-02)	(-5.922779e-02 0.000000e+00 2.000842e-05)
3.794000e+04	lowerWall	(-7.952375e-02 0.000000e+00 -3.741510e-02)	(-5.922791e-02 0.000000e+00 2.012281e-05)
3.795000e+04	lowerWall	(-7.952377e-02 0.000000e+00 -3.741511e-02)	(-5.922803e-02 0.000000e+00 2.025663e-05)
3.796000e+04	lowerWall	(-7.952380e-02 0.000000e+00 -3.741513e-02)	(-5.922816e-02 0.000000e+00 2.041769e-05)
3.797000e+04	lowerWall	(-7.952358e-02 0.000000e+00 -3.741506e-02)	(-5.922744e-02 0.000000e+00 3.354188e-05)
3.798000e+04	lowerWall	(-7.952371e-02 0.000000e+00 -3.741507e-02)	(-5.922778e-02 0.000000e+00 1.991346e-05)
3.799000e+04	lowerWall	(-7.952373e-02 0.000000e+00 -3.741508e-02)	(-5.922782e-02 0.000000e+00 2.000711e-05)
3.800000e+04	lowerWall	(-7.952358e-02 0.000000e+00 -3.741505e-02)	(-5.922733e-02 0.000000e+00 6.680438e-05)
3.801000e+04	lowerWall	(-7.952357e-02 0.000000e+00 -3.741505e-02)	(-5.922727e-02 0.000000e+00 7.298816e-05)
3.802000e+04	lowerWall	(-7.952357e-02 0.000000e+00 -3.741504e-02)	(-5.922721e-02 0.000000e+00 8.191250e-05)
3.803000e+04	lowerWall	(-7.952363e-02 0.000000e+00 -3.741509e-02)	(-5.922747e-02 0.000000e+00 1.996551e-05)
3.804000e+04	lowerWall	(-7.952359e-02 0.000000e+00 -3.741504e-02)	(-5.922718e-02 0.000000e+00 6.111711e-05)
3.805000e+04	lowerWall	(-7.952358e-02 0.000000e+00 -3.741504e-02)	(-5.922712e-02 0.000000e+00 6.892100e-05)
3.806000e+04	lowerWall	(-7.952358e-02 0.000000e+00 -3.741503e-02)	(-5.922705e-02 0.000000e+00 8.186760e-05)
3.807000e+04	lowerWall	(-7.952357e-02 0.000000e+00 -3.741503e-02)	(-5.922698e-02 0.000000e+00 9.632212e-05)
3.808000e+04	lowerWall	(-7.952357e-02 0.000000e+00 -3.741502e-02)	(-5.922693e-02 0.000000e+00 1.092453e-04)
3.809000e+04	lowerWall	(-7.952357e-02 0.000000e+00 -3.741501e-02)	(-5.922688e-02 0.000000e+00 1.270363e-04)
3.810000e+04	lowerWall	(-7.952357e-02 0.000000e+00 -3.741500e-02)	(-5.922684e-02 0.000000e+00 1.483522e-04)
3.811000e+04	lowerWall	(-7.952355e-02 0.000000e+00 -3.741499e-02)	(-5.922677e-02 0.000000e+00 1.765680e-04)
3.812000e+04	lowerWall	(-7.952364e-02 0.000000e+00 -3.741506e-02)	(-5.922717e-02 0.000000e+00 1.966413e-05)
3.813000e+04	lowerWall	(-7.952364e-02 0.000000e+00 -3.741506e-02)	(-5.922722e-02 0.000000e+00 1.969583e-05)
3.814000e+04	lowerWall	(-7.952364e-02 0.000000e+00 -3.741507e-02)	(-5.922728e-02 0.000000e+00 1.973516e-05)
3.815000e+04	lowerWall	(-7.952365e-02 0.000000e+00 -3.741508e-02)	(-5.922735e-02 0.000000e+00 1.978307e-05)
3.816000e+04	lowerWall	(-7.952365e-02 0.000000e+00 -3.741510e-02)	(-5.922743e-02 0.000000e+00 1.984137e-05)
3.817000e+04	lowerWall	(-7.952365e-02 0.000000e+00 -3.741511e-02)	(-5.922753e-02 0.000000e+00 1.991363e-05)
3.818000e+04	lowerWall	(-7.952366e-02 0.000000e+00 -3.741513e-02)	(-5.922764e-02 0.000000e+00 2.000323e-05)
3.819000e+04	lowerWall	(-7.952369e-02 0.000000e+00 -3.741518e-02)	(-5.922789e-02 0.000000e+00 2.028406e-05)
3.820000e+04	lowerWall	(-7.952369e-02 0.000000e+00 -3.741521e-02)	(-5.922804e-02 0.000000e+00 2.044704e-05)
3.821000e+04	lowerWall	(-7.952375e-02 0.000000e+00 -3.741531e-02)	(-5.922852e-02 0.000000e+00 2.098055e-05)
3.822000e+04	lowerWall	(-7.952363e-02 0.000000e+00 -3.741511e-02)	(-5.922763e-02 0.000000e+00 1.967130e-05)
3.823000e+04	lowerWall	(-7.952358e-02 0.000000e+00 -3.741507e-02)	(-5.918133e-02 0.000000e+00 7.392688e-05)
3.824000e+04	lowerWall	(-7.952358e-02 0.000000e+00 -3.741509e-02)	(-5.907587e-02 0.000000e+00 1.972654e-05)
3.825000e+04	lowerWall	(-7.952358e-02 0.000000e+00 -3.741507e-02)	(-5.905790e-02 0.000000e+00 6.011821e-05)
3.826000e+04	lowerWall	(-7.952356e-02 0.000000e+00 -3.741506e-02)	(-5.914495e-02 0.000000e+00 1.005427e-04)
3.827000e+04	lowerWall	(-7.952356e-02 0.000000e+00 -3.741506e-02)	(-5.922638e-02 0.000000e+00 1.185405e-04)
3.828000e+04	lowerWall	(-7.952354e-02 0.000000e+00 -3.741505e-02)	(-5.922696e-02 0.000000e+00 1.289334e-04)
3.829000e+04	lowerWall	(-7.952357e-02 0.000000e+00 -3.741505e-02)	(-5.922694e-02 0.000000e+00 8.206491e-05)
3.830000e+04	lowerWall	(-7.952363e-02 0.000000e+00 -3.741515e-02)	(-5.922725e-02 0.000000e+00 2.030878e-05)
3.831000e+04	lowerWall	(-7.952316e-02 0.000000e+00 -3.741478e-02)	(-5.922484e-02 0.000000e+00 1.082761e-03)
3.832000e+04	lowerWall	(-7.952299e-02 0.000000e+00 -3.741462e-02)	(-5.922396e-02 0.000000e+00 1.411109e-03)
3.833000e+04	lowerWall	(-7.952380e-02 0.000000e+00 -3.741518e-02)	(-5.922743e-02 0.000000e+00 2.078439e-05)
3.834000e+04	lowerWall	(-7.952354e-02 0.000000e+00 -3.741496e-02)	(-5.922604e-02 0.000000e+00 2.573527e-04)
3.835000e+04	lowerWall	(-7.952353e-02 0.000000e+00 -3.741494e-02)	(-5.922588e-02 0.000000e+00 3.179043e-04)
3.836000e+04	lowerWall	(-7.952348e-02 0.000000e+00 -3.741486e-02)	(-5.922554e-02 0.000000e+00 5.060695e-04)
3.837000e+04	lowerWall	(-7.952368e-02 0.000000e+00 -3.741504e-02)	(-5.922662e-02 0.000000e+00 1.995210e-05)
3.838000e+04	lowerWall	(-7.952367e-02 0.000000e+00 -3.741505e-02)	(-5.922656e-02 0.000000e+00 1.984786e-05)
3.839000e+04	lowerWall	(-7.952369e-02 0.000000e+00 -3.741506e-02)	(-5.922668e-02 0.000000e+00 1.993684e-05)
3.840000e+04	lowerWall	(-7.952370e-02 0.000000e+00 -3.741508e-02)	(-5.922683e-02 0.000000e+00 2.002380e-05)
3.841000e+04	lowerWall	(-7.952364e-02 0.000000e+00 -3.741504e-02)	(-5.922668e-02 0.000000e+00 1.981121e-05)
3.842000e+04	lowerWall	(-7.952369e-02 0.000000e+00 -3.741505e-02)	(-5.922694e-02 0.000000e+00 1.991396e-05)
3.843000e+04	lowerWall	(-7.952367e-02 0.000000e+00 -3.741505e-02)	(-5.922699e-02 0.000000e+00 1.981764e-05)
3.844000e+04	lowerWall	(-7.952368e-02 0.000000e+00 -3.741506e-02)	(-5.922717e-02 0.000000e+00 1.987835e-05)
3.845000e+04	lowerWall	(-7.952369e-02 0.000000e+00 -3.741507e-02)	(-5.922737e-02 0.000000e+00 1.994445e-05)
3.846000e+04	lowerWall	(-7.952364e-02 0.000000e+00 -3.741505e-02)	(-5.922732e-02 0.000000e+00 1.979663e-05)
3.847000e+04	lowerWall	(-7.952366e-02 0.000000e+00 -3.741504e-02)	(-5.922746e-02 0.000000e+00 1.972349e-05)
3.848000e+04	lowerWall	(-7.952366e-02 0.000000e+00 -3.741504e-02)	(-5.922760e-02 0.000000e+00 1.976547e-05)
3.849000e+04	lowerWall	(-7.952366e-02 0.000000e+00 -3.741503e-02)	(-5.922768e-02 0.000000e+00 1.974755e-05)
3.850000e+04	lowerWall	(-7.952368e-02 0.000000e+00 -3.741503e-02)	(-5.922781e-02 0.000000e+00 1.979680e-05)
3.851000e+04	lowerWall	(-7.952370e-02 0.000000e+00 -3.741503e-02)	(-5.922793e-02 0.000000e+00 1.984559e-05)
3.852000e+04	lowerWall	(-7.952371e-02 0.000000e+00 -3.741503e-02)	(-5.922803e-02 0.000000e+00 1.990114e-05)
3.853000e+04	lowerWall	(-7.952376e-02 0.000000e+00 -3.741503e-02)	(-5.922821e-02 0.000000e+00 2.008601e-05)
3.854000e+04	lowerWall	(-7.952360e-02 0.000000e+00 -3.741505e-02)	(-5.922783e-02 0.000000e+00 1.064505e-04)
3.855000e+04	lowerWall	(-7.952357e-02 0.000000e+00 -3.741505e-02)	(-5.922776e-02 0.000000e+00 1.469797e-04)
3.856000e+04	lowerWall	(-7.952355e-02 0.000000e+00 -3.741504e-02)	(-5.922768e-02 0.000000e+00 1.779356e-04)
3.857000e+04	lowerWall	(-7.952369e-02 0.000000e+00 -3.741505e-02)	(-5.922804e-02 0.000000e+00 1.984967e-05)
3.858000e+04	lowerWall	(-7.952371e-02 0.000000e+00 -3.741506e-02)	(-5.922808e-02 0.000000e+00 1.996357e-05)
3.859000e+04	lowerWall	(-7.952362e-02 0.000000e+00 -3.741504e-02)	(-5.922774e-02 0.000000e+00 8.060646e-05)
3.860000e+04	lowerWall	(-7.952361e-02 0.000000e+00 -3.741504e-02)	(-5.922766e-02 0.000000e+00 8.921038e-05)
3.861000e+04	lowerWall	(-7.952361e-02 0.000000e+00 -3.741503e-02)	(-5.922758e-02 0.000000e+00 1.020103e-04)
3.862000e+04	lowerWall	(-7.952361e-02 0.000000e+00 -3.741503e-02)	(-5.922750e-02 0.000000e+00 1.157392e-04)
3.863000e+04	lowerWall	(-7.952359e-02 0.000000e+00 -3.741501e-02)	(-5.922737e-02 0.000000e+00 1.343750e-04)
3.864000e+04	lowerWall	(-7.952366e-02 0.000000e+00 -3.741504e-02)	(-5.922758e-02 0.000000e+00 1.973177e-05)
3.865000e+04	lowerWall	(-7.952366e-02 0.000000e+00 -3.741504e-02)	(-5.922752e-02 0.000000e+00 1.973970e-05)
3.866000e+04	lowerWall	(-7.952366e-02 0.000000e+00 -3.741504e-02)	(-5.922748e-02 0.000000e+00 1.975049e-05)
3.867000e+04	lowerWall	(-7.952365e-02 0.000000e+00 -3.741505e-02)	(-5.922742e-02 0.000000e+00 1.981953e-05)
3.868000e+04	lowerWall	(-7.952368e-02 0.000000e+00 -3.741506e-02)	(-5.922747e-02 0.000000e+00 1.983329e-05)
3.869000e+04	lowerWall	(-7.952368e-02 0.000000e+00 -3.741506e-02)	(-5.922746e-02 0.000000e+00 1.986265e-05)
3.870000e+04	lowerWall	(-7.952368e-02 0.000000e+00 -3.741506e-02)	(-5.922746e-02 0.000000e+00 1.990213e-05)
3.871000e+04	lowerWall	(-7.952368e-02 0.000000e+00 -3.741507e-02)	(-5.922746e-02 0.000000e+00 1.995027e-05)
3.872000e+04	lowerWall	(-7.952362e-02 0.000000e+00 -3.741502e-02)	(-5.922714e-02 0.000000e+00 8.984644e-05)
3.873000e+04	lowerWall	(-7.952366e-02 0.000000e+00 -3.741504e-02)	(-5.922728e-02 0.000000e+00 1.973307e-05)
3.874000e+04	lowerWall	(-7.952366e-02 0.000000e+00 -3.741504e-02)	(-5.922728e-02 0.000000e+00 1.975096e-05)
3.875000e+04	lowerWall	(-7.952366e-02 0.000000e+00 -3.741504e-02)	(-5.922729e-02 0.000000e+00 1.976811e-05)
3.876000e+04	lowerWall	(-7.952366e-02 0.000000e+00 -3.741505e-02)	(-5.922731e-02 0.000000e+00 1.978465e-05)
3.877000e+04	lowerWall	(-7.952366e-02 0.000000e+00 -3.741505e-02)	(-5.922733e-02 0.000000e+00 1.980886e-05)
3.878000e+04	lowerWall	(-7.952366e-02 0.000000e+00 -3.741506e-02)	(-5.922734e-02 0.000000e+00 1.983607e-05)
3.879000e+04	lowerWall	(-7.952367e-02 0.000000e+00 -3.741506e-02)	(-5.922738e-02 0.000000e+00 1.986544e-05)
3.880000e+04	lowerWall	(-7.952368e-02 0.000000e+00 -3.741507e-02)	(-5.922741e-02 0.000000e+00 1.989866e-05)
3.881000e+04	lowerWall	(-7.952362e-02 0.000000e+00 -3.741502e-02)	(-5.922713e-02 0.000000e+00 9.425283e-05)
3.882000e+04	lowerWall	(-7.952362e-02 0.000000e+00 -3.741502e-02)	(-5.922712e-02 0.000000e+00 1.027601e-04)
3.883000e+04	lowerWall	(-7.952362e-02 0.000000e+00 -3.741502e-02)	(-5.922711e-02 0.000000e+00 1.121917e-04)
3.884000e+04	lowerWall	(-7.952361e-02 0.000000e+00 -3.741501e-02)	(-5.922708e-02 0.000000e+00 1.231305e-04)
3.885000e+04	lowerWall	(-7.952364e-02 0.000000e+00 -3.741504e-02)	(-5.922725e-02 0.000000e+00 1.972587e-05)
3.886000e+04	lowerWall	(-7.952364e-02 0.000000e+00 -3.741505e-02)	(-5.922725e-02 0.000000e+00 1.973083e-05)
3.887000e+04	lowerWall	(-7.952364e-02 0.000000e+00 -3.741505e-02)	(-5.922723e-02 0.000000e+00 1.973736e-05)
3.888000e+04	lowerWall	(-7.952364e-02 0.000000e+00 -3.741505e-02)	(-5.922723e-02 0.000000e+00 1.974371e-05)
3.889000e+04	lowerWall	(-7.952363e-02 0.000000e+00 -3.741503e-02)	(-5.922718e-02 0.000000e+00 6.330914e-05)
3.890000e+04	lowerWall	(-7.952363e-02 0.000000e+00 -3.741503e-02)	(-5.922717e-02 0.000000e+00 6.592755e-05)
3.891000e+04	lowerWall	(-7.952364e-02 0.000000e+00 -3.741503e-02)	(-5.922717e-02 0.000000e+00 6.836007e-05)
3.892000e+04	lowerWall	(-7.952363e-02 0.000000e+00 -3.741502e-02)	(-5.922716e-02 0.000000e+00 7.831879e-05)
3.893000e+04	lowerWall	(-7.952364e-02 0.000000e+00 -3.741502e-02)	(-5.922717e-02 0.000000e+00 8.307894e-05)
3.894000e+04	lowerWall	(-7.952364e-02 0.000000e+00 -3.741502e-02)	(-5.922718e-02 0.000000e+00 8.653054e-05)
3.895000e+04	lowerWall	(-7.952364e-02 0.000000e+00 -3.741502e-02)	(-5.922721e-02 0.000000e+00 9.731052e-05)
3.896000e+04	lowerWall	(-7.952363e-02 0.000000e+00 -3.741502e-02)	(-5.922719e-02 0.000000e+00 9.392822e-05)
3.897000e+04	lowerWall	(-7.952363e-02 0.000000e+00 -3.741502e-02)	(-5.922720e-02 0.000000e+00 9.900006e-05)
3.898000e+04	lowerWall	(-7.952366e-02 0.000000e+00 -3.741512e-02)	(-5.922756e-02 0.000000e+00 1.998496e-05)
3.899000e+04	lowerWall	(-7.952365e-02 0.000000e+00 -3.741513e-02)	(-5.922760e-02 0.000000e+00 2.004498e-05)
3.900000e+04	lowerWall	(-7.952365e-02 0.000000e+00 -3.741515e-02)	(-5.922767e-02 0.000000e+00 2.011673e-05)
3.901000e+04	lowerWall	(-7.952364e-02 0.000000e+00 -3.741518e-02)	(-5.922776e-02 0.000000e+00 2.020400e-05)
3.902000e+04	lowerWall	(-7.952364e-02 0.000000e+00 -3.741501e-02)	(-5.922722e-02 0.000000e+00 1.906314e-04)
3.903000e+04	lowerWall	(-7.952365e-02 0.000000e+00 -3.741499e-02)	(-5.922716e-02 0.000000e+00 2.817803e-04)
3.904000e+04	lowerWall	(-7.952363e-02 0.000000e+00 -3.741509e-02)	(-5.922744e-02 0.000000e+00 1.983611e-05)
3.905000e+04	lowerWall	(-7.952362e-02 0.000000e+00 -3.741509e-02)	(-5.922743e-02 0.000000e+00 1.985248e-05)
3.906000e+04	lowerWall	(-7.952363e-02 0.000000e+00 -3.741504e-02)	(-5.922730e-02 0.000000e+00 8.087325e-05)
3.907000e+04	lowerWall	(-7.952364e-02 0.000000e+00 -3.741504e-02)	(-5.922727e-02 0.000000e+00 8.418958e-05)
3.908000e+04	lowerWall	(-7.952363e-02 0.000000e+00 -3.741503e-02)	(-5.922727e-02 0.000000e+00 9.262758e-05)
3.909000e+04	lowerWall	(-7.952363e-02 0.000000e+00 -3.741505e-02)	(-5.922728e-02 0.000000e+00 1.972443e-05)
3.910000e+04	lowerWall	(-7.952364e-02 0.000000e+00 -3.741503e-02)	(-5.922720e-02 0.000000e+00 8.409805e-05)
3.911000e+04	lowerWall	(-7.952364e-02 0.000000e+00 -3.741503e-02)	(-5.922716e-02 0.000000e+00 9.075619e-05)
3.912000e+04	lowerWall	(-7.952361e-02 0.000000e+00 -3.741511e-02)	(-5.922725e-02 0.000000e+00 1.988710e-05)
3.913000e+04	lowerWall	(-7.952364e-02 0.000000e+00 -3.741501e-02)	(-5.922706e-02 0.000000e+00 1.180799e-04)
3.914000e+04	lowerWall	(-7.952365e-02 0.000000e+00 -3.741500e-02)	(-5.922701e-02 0.000000e+00 1.355455e-04)
3.915000e+04	lowerWall	(-7.952365e-02 0.000000e+00 -3.741499e-02)	(-5.922697e-02 0.000000e+00 1.547559e-04)
3.916000e+04	lowerWall	(-7.952366e-02 0.000000e+00 -3.741498e-02)	(-5.922692e-02 0.000000e+00 1.770955e-04)
3.917000e+04	lowerWall	(-7.952367e-02 0.000000e+00 -3.741497e-02)	(-5.922689e-02 0.000000e+00 2.003163e-04)
3.918000e+04	lowerWall	(-7.952362e-02 0.000000e+00 -3.741503e-02)	(-5.922702e-02 0.000000e+00 1.972356e-05)
3.919000e+04	lowerWall	(-7.952362e-02 0.000000e+00 -3.741504e-02)	(-5.922702e-02 0.000000e+00 1.973081e-05)
3.920000e+04	lowerWall	(-7.952362e-02 0.000000e+00 -3.741504e-02)	(-5.922703e-02 0.000000e+00 1.974452e-05)
3.921000e+04	lowerWall	(-7.952362e-02 0.000000e+00 -3.741505e-02)	(-5.922705e-02 0.000000e+00 1.976021e-05)
3.922000e+04	lowerWall	(-7.952362e-02 0.000000e+00 -3.741506e-02)	(-5.922707e-02 0.000000e+00 1.977753e-05)
3.923000e+04	lowerWall	(-7.952361e-02 0.000000e+00 -3.741507e-02)	(-5.922710e-02 0.000000e+00 1.979689e-05)
3.924000e+04	lowerWall	(-7.952361e-02 0.000000e+00 -3.741508e-02)	(-5.922714e-02 0.000000e+00 1.981730e-05)
3.925000e+04	lowerWall	(-7.952359e-02 0.000000e+00 -3.741509e-02)	(-5.922717e-02 0.000000e+00 1.983430e-05)
3.926000e+04	lowerWall	(-7.952360e-02 0.000000e+00 -3.741511e-02)	(-5.922726e-02 0.000000e+00 1.984257e-05)
3.927000e+04	lowerWall	(-7.952359e-02 0.000000e+00 -3.741512e-02)	(-5.922732e-02 0.000000e+00 1.986353e-05)
3.928000e+04	lowerWall	(-7.952364e-02 0.000000e+00 -3.741503e-02)	(-5.922719e-02 0.000000e+00 1.056993e-04)
3.929000e+04	lowerWall	(-7.952363e-02 0.000000e+00 -3.741506e-02)	(-5.922726e-02 0.000000e+00 1.974029e-05)
3.930000e+04	lowerWall	(-7.952365e-02 0.000000e+00 -3.741503e-02)	(-5.922725e-02 0.000000e+00 9.557986e-05)
3.931000e+04	lowerWall	(-7.952363e-02 0.000000e+00 -3.741506e-02)	(-5.922734e-02 0.000000e+00 1.974937e-05)
3.932000e+04	lowerWall	(-7.952363e-02 0.000000e+00 -3.741506e-02)	(-5.922737e-02 0.000000e+00 1.975395e-05)
3.933000e+04	lowerWall	(-7.952363e-02 0.000000e+00 -3.741506e-02)	(-5.922740e-02 0.000000e+00 1.975588e-05)
3.934000e+04	lowerWall	(-7.952364e-02 0.000000e+00 -3.741504e-02)	(-5.922740e-02 0.000000e+00 4.897182e-05)
3.935000e+04	lowerWall	(-7.952364e-02 0.000000e+00 -3.741504e-02)	(-5.922741e-02 0.000000e+00 4.975778e-05)
3.936000e+04	lowerWall	(-7.952364e-02 0.000000e+00 -3.741504e-02)	(-5.922742e-02 0.000000e+00 4.806919e-05)
3.937000e+04	lowerWall	(-7.952364e-02 0.000000e+00 -3.741504e-02)	(-5.922742e-02 0.000000e+00 4.866640e-05)
3.938000e+04	lowerWall	(-7.952364e-02 0.000000e+00 -3.741504e-02)	(-5.922742e-02 0.000000e+00 5.002557e-05)
3.939000e+04	lowerWall	(-7.952364e-02 0.000000e+00 -3.741504e-02)	(-5.922741e-02 0.000000e+00 5.187705e-05)
3.940000e+04	lowerWall	(-7.952363e-02 0.000000e+00 -3.741507e-02)	(-5.922742e-02 0.000000e+00 1.975315e-05)
3.941000e+04	lowerWall	(-7.952363e-02 0.000000e+00 -3.741507e-02)	(-5.922741e-02 0.000000e+00 1.975439e-05)
3.942000e+04	lowerWall	(-7.952364e-02 0.000000e+00 -3.741503e-02)	(-5.922736e-02 0.000000e+00 5.680152e-05)
3.943000e+04	lowerWall	(-7.952362e-02 0.000000e+00 -3.741507e-02)	(-5.922737e-02 0.000000e+00 1.975735e-05)
3.944000e+04	lowerWall	(-7.952365e-02 0.000000e+00 -3.741503e-02)	(-5.922732e-02 0.000000e+00 6.128819e-05)
3.945000e+04	lowerWall	(-7.952365e-02 0.000000e+00 -3.741502e-02)	(-5.922730e-02 0.000000e+00 6.347642e-05)
3.946000e+04	lowerWall	(-7.952365e-02 0.000000e+00 -3.741502e-02)	(-5.922727e-02 0.000000e+00 6.527640e-05)
3.947000e+04	lowerWall	(-7.952364e-02 0.000000e+00 -3.741502e-02)	(-5.922726e-02 0.000000e+00 4.962023e-05)
3.948000e+04	lowerWall	(-7.952364e-02 0.000000e+00 -3.741506e-02)	(-5.922730e-02 0.000000e+00 1.981768e-05)
3.949000e+04	lowerWall	(-7.952364e-02 0.000000e+00 -3.741502e-02)	(-5.922720e-02 0.000000e+00 5.826219e-05)
3.950000e+04	lowerWall	(-7.952364e-02 0.000000e+00 -3.741501e-02)	(-5.922719e-02 0.000000e+00 6.182069e-05)
3.951000e+04	lowerWall	(-7.952365e-02 0.000000e+00 -3.741501e-02)	(-5.922718e-02 0.000000e+00 6.809306e-05)
3.952000e+04	lowerWall	(-7.952365e-02 0.000000e+00 -3.741501e-02)	(-5.922718e-02 0.000000e+00 7.758147e-05)
3.953000e+04	lowerWall	(-7.952366e-02 0.000000e+00 -3.741500e-02)	(-5.922715e-02 0.000000e+00 1.145477e-04)
3.954000e+04	lowerWall	(-7.952365e-02 0.000000e+00 -3.741499e-02)	(-5.922719e-02 0.000000e+00 1.493455e-04)
3.955000e+04	lowerWall	(-7.952365e-02 0.000000e+00 -3.741499e-02)	(-5.922719e-02 0.000000e+00 1.783536e-04)
3.956000e+04	lowerWall	(-7.952366e-02 0.000000e+00 -3.741498e-02)	(-5.922720e-02 0.000000e+00 2.096314e-04)
3.957000e+04	lowerWall	(-7.952366e-02 0.000000e+00 -3.741498e-02)	(-5.922721e-02 0.000000e+00 2.535761e-04)
3.958000e+04	lowerWall	(-7.952366e-02 0.000000e+00 -3.741497e-02)	(-5.922722e-02 0.000000e+00 3.091078e-04)
3.959000e+04	lowerWall	(-7.952362e-02 0.000000e+00 -3.741509e-02)	(-5.922739e-02 0.000000e+00 1.982500e-05)
3.960000e+04	lowerWall	(-7.952361e-02 0.000000e+00 -3.741509e-02)	(-5.922738e-02 0.000000e+00 1.983705e-05)
3.961000e+04	lowerWall	(-7.952360e-02 0.000000e+00 -3.741509e-02)	(-5.922740e-02 0.000000e+00 1.985399e-05)
3.962000e+04	lowerWall	(-7.952366e-02 0.000000e+00 -3.741504e-02)	(-5.922734e-02 0.000000e+00 6.258957e-05)
3.963000e+04	lowerWall	(-7.952364e-02 0.000000e+00 -3.741511e-02)	(-5.922759e-02 0.000000e+00 2.006358e-05)
3.964000e+04	lowerWall	(-7.952363e-02 0.000000e+00 -3.741502e-02)	(-5.922722e-02 0.000000e+00 1.325394e-04)
3.965000e+04	lowerWall	(-7.952364e-02 0.000000e+00 -3.741501e-02)	(-5.922719e-02 0.000000e+00 1.556689e-04)
3.966000e+04	lowerWall	(-7.952364e-02 0.000000e+00 -3.741498e-02)	(-5.922710e-02 0.000000e+00 2.512681e-04)
3.967000e+04	lowerWall	(-7.952363e-02 0.000000e+00 -3.741508e-02)	(-5.922739e-02 0.000000e+00 1.986429e-05)
3.968000e+04	lowerWall	(-7.952364e-02 0.000000e+00 -3.741503e-02)	(-5.922722e-02 0.000000e+00 5.577135e-05)
3.969000e+04	lowerWall	(-7.952362e-02 0.000000e+00 -3.741510e-02)	(-5.922731e-02 0.000000e+00 1.987714e-05)
3.970000e+04	lowerWall	(-7.952367e-02 0.000000e+00 -3.741480e-02)	(-5.922647e-02 0.000000e+00 7.073365e-04)
3.971000e+04	lowerWall	(-7.952369e-02 0.000000e+00 -3.741473e-02)	(-5.922626e-02 0.000000e+00 8.904077e-04)
3.972000e+04	lowerWall	(-7.952360e-02 0.000000e+00 -3.741511e-02)	(-5.922736e-02 0.000000e+00 2.003646e-05)
3.973000e+04	lowerWall	(-7.952361e-02 0.000000e+00 -3.741515e-02)	(-5.922722e-02 0.000000e+00 2.002387e-05)
3.974000e+04	lowerWall	(-7.952367e-02 0.000000e+00 -3.741495e-02)	(-5.922691e-02 0.000000e+00 1.962333e-04)
3.975000e+04	lowerWall	(-7.952368e-02 0.000000e+00 -3.741494e-02)	(-5.922687e-02 0.000000e+00 2.393288e-04)
3.976000e+04	lowerWall	(-7.952369e-02 0.000000e+00 -3.741492e-02)	(-5.922683e-02 0.000000e+00 2.932848e-04)
3.977000e+04	lowerWall	(-7.952370e-02 0.000000e+00 -3.741492e-02)	(-5.922680e-02 0.000000e+00 3.495983e-04)
3.978000e+04	lowerWall	(-7.952374e-02 0.000000e+00 -3.741486e-02)	(-5.922666e-02 0.000000e+00 5.631603e-04)
3.979000e+04	lowerWall	(-7.952361e-02 0.000000e+00 -3.741505e-02)	(-5.922716e-02 0.000000e+00 1.999233e-05)
3.980000e+04	lowerWall	(-7.952369e-02 0.000000e+00 -3.741508e-02)	(-5.922743e-02 0.000000e+00 2.010402e-05)
3.981000e+04	lowerWall	(-7.952370e-02 0.000000e+00 -3.741511e-02)	(-5.922755e-02 0.000000e+00 2.021344e-05)
3.982000e+04	lowerWall	(-7.952372e-02 0.000000e+00 -3.741517e-02)	(-5.922784e-02 0.000000e+00 2.055401e-05)
3.983000e+04	lowerWall	(-7.952376e-02 0.000000e+00 -3.741527e-02)	(-5.922834e-02 0.000000e+00 2.108507e-05)
3.984000e+04	lowerWall	(-7.952375e-02 0.000000e+00 -3.741535e-02)	(-5.922860e-02 0.000000e+00 2.139951e-05)
3.985000e+04	lowerWall	(-7.952354e-02 0.000000e+00 -3.741504e-02)	(-5.922707e-02 0.000000e+00 6.617742e-05)
3.986000e+04	lowerWall	(-7.952353e-02 0.000000e+00 -3.741487e-02)	(-5.922653e-02 0.000000e+00 7.835719e-04)
3.987000e+04	lowerWall	(-7.952354e-02 0.000000e+00 -3.741503e-02)	(-5.922710e-02 0.000000e+00 1.649311e-04)
3.988000e+04	lowerWall	(-7.952352e-02 0.000000e+00 -3.741502e-02)	(-5.922708e-02 0.000000e+00 2.362877e-04)
3.989000e+04	lowerWall	(-7.952368e-02 0.000000e+00 -3.741508e-02)	(-5.922769e-02 0.000000e+00 1.997314e-05)
3.990000e+04	lowerWall	(-7.952348e-02 0.000000e+00 -3.741497e-02)	(-5.922687e-02 0.000000e+00 3.124014e-04)
3.991000e+04	lowerWall	(-7.952369e-02 0.000000e+00 -3.741508e-02)	(-5.922768e-02 0.000000e+00 2.002357e-05)
3.992000e+04	lowerWall	(-7.952362e-02 0.000000e+00 -3.741504e-02)	(-5.922734e-02 0.000000e+00 5.155251e-05)
3.993000e+04	lowerWall	(-7.952365e-02 0.000000e+00 -3.741510e-02)	(-5.922754e-02 0.000000e+00 2.012242e-05)
3.994000e+04	lowerWall	(-7.952361e-02 0.000000e+00 -3.741503e-02)	(-5.922718e-02 0.000000e+00 7.208037e-05)
3.995000e+04	lowerWall	(-7.952361e-02 0.000000e+00 -3.741502e-02)	(-5.922709e-02 0.000000e+00 8.221457e-05)
3.996000e+04	lowerWall	(-7.952360e-02 0.000000e+00 -3.741501e-02)	(-5.922696e-02 0.000000e+00 1.169272e-04)
3.997000e+04	lowerWall	(-7.952359e-02 0.000000e+00 -3.741500e-02)	(-5.922683e-02 0.000000e+00 1.405451e-04)
3.998000e+04	lowerWall	(-7.952370e-02 0.000000e+00 -3.741524e-02)	(-5.922770e-02 0.000000e+00 2.115139e-05)
3.999000e+04	lowerWall	(-7.952357e-02 0.000000e+00 -3.741493e-02)	(-5.922637e-02 0.000000e+00 2.999186e-04)
4.000000e+04	lowerWall	(-7.952359e-02 0.000000e+00 -3.741496e-02)	(-5.922630e-02 0.000000e+00 3.764271e-04)
4.001000e+04	lowerWall	(-7.952353e-02 0.000000e+00 -3.741500e-02)	(-5.922630e-02 0.000000e+00 8.729902e-05)
4.002000e+04	lowerWall	(-7.952417e-02 0.000000e+00 -3.741475e-02)	(-5.922707e-02 0.000000e+00 2.124346e-05)
4.003000e+04	lowerWall	(-7.952430e-02 0.000000e+00 -3.741479e-02)	(-5.922795e-02 0.000000e+00 2.194425e-05)
4.004000e+04	lowerWall	(-7.952378e-02 0.000000e+00 -3.741498e-02)	(-5.922697e-02 0.000000e+00 1.986881e-05)
4.005000e+04	lowerWall	(-7.952249e-02 0.000000e+00 -3.741480e-02)	(-5.922532e-02 0.000000e+00 9.560871e-05)
4.006000e+04	lowerWall	(-7.952528e-02 0.000000e+00 -3.741467e-02)	(-5.922961e-02 0.000000e+00 2.376234e-05)
4.007000e+04	lowerWall	(-7.952550e-02 0.000000e+00 -3.741472e-02)	(-5.923052e-02 0.000000e+00 2.465494e-05)
4.008000e+04	lowerWall	(-7.952354e-02 0.000000e+00 -3.741490e-02)	(-5.922739e-02 0.000000e+00 2.500326e-05)
4.009000e+04	lowerWall	(-7.952405e-02 0.000000e+00 -3.741487e-02)	(-5.922781e-02 0.000000e+00 2.068163e-05)
4.010000e+04	lowerWall	(-7.952439e-02 0.000000e+00 -3.741461e-02)	(-5.922806e-02 0.000000e+00 2.123176e-05)
4.011000e+04	lowerWall	(-7.952457e-02 0.000000e+00 -3.741453e-02)	(-5.922854e-02 0.000000e+00 2.189174e-05)
4.012000e+04	lowerWall	(-7.952476e-02 0.000000e+00 -3.741446e-02)	(-5.922906e-02 0.000000e+00 2.243467e-05)
4.013000e+04	lowerWall	(-7.952417e-02 0.000000e+00 -3.741467e-02)	(-5.922825e-02 0.000000e+00 2.006230e-05)
4.014000e+04	lowerWall	(-7.952404e-02 0.000000e+00 -3.741469e-02)	(-5.922804e-02 0.000000e+00 2.035765e-05)
4.015000e+04	lowerWall	(-7.952412e-02 0.000000e+00 -3.741470e-02)	(-5.922818e-02 0.000000e+00 2.060336e-05)
4.016000e+04	lowerWall	(-7.952397e-02 0.000000e+00 -3.741478e-02)	(-5.922799e-02 0.000000e+00 2.025383e-05)
4.017000e+04	lowerWall	(-7.952403e-02 0.000000e+00 -3.741478e-02)	(-5.922807e-02 0.000000e+00 2.040699e-05)
4.018000e+04	lowerWall	(-7.952418e-02 0.000000e+00 -3.741460e-02)	(-5.922799e-02 0.000000e+00 2.051667e-05)
4.019000e+04	lowerWall	(-7.952344e-02 0.000000e+00 -3.741507e-02)	(-5.922701e-02 0.000000e+00 2.673541e-04)
4.020000e+04	lowerWall	(-7.952326e-02 0.000000e+00 -3.741516e-02)	(-5.922658e-02 0.000000e+00 4.541251e-04)
4.021000e+04	lowerWall	(-7.952312e-02 0.000000e+00 -3.741519e-02)	(-5.922604e-02 0.000000e+00 5.574718e-04)
4.022000e+04	lowerWall	(-7.952376e-02 0.000000e+00 -3.741491e-02)	(-5.922695e-02 0.000000e+00 2.027831e-05)
4.023000e+04	lowerWall	(-7.952360e-02 0.000000e+00 -3.741501e-02)	(-5.922641e-02 0.000000e+00 1.007406e-04)
4.024000e+04	lowerWall	(-7.952362e-02 0.000000e+00 -3.741501e-02)	(-5.922628e-02 0.000000e+00 6.668155e-05)
4.025000e+04	lowerWall	(-7.952372e-02 0.000000e+00 -3.741492e-02)	(-5.922635e-02 0.000000e+00 2.005583e-05)
4.026000e+04	lowerWall	(-7.952296e-02 0.000000e+00 -3.741531e-02)	(-5.922501e-02 0.000000e+00 8.707612e-04)
4.027000e+04	lowerWall	(-7.952374e-02 0.000000e+00 -3.741501e-02)	(-5.922584e-02 0.000000e+00 1.962786e-05)
4.028000e+04	lowerWall	(-7.952338e-02 0.000000e+00 -3.741519e-02)	(-5.922547e-02 0.000000e+00 3.254285e-04)
4.029000e+04	lowerWall	(-7.952318e-02 0.000000e+00 -3.741527e-02)	(-5.922506e-02 0.000000e+00 5.637489e-04)
4.030000e+04	lowerWall	(-7.952289e-02 0.000000e+00 -3.741537e-02)	(-5.922449e-02 0.000000e+00 9.237673e-04)
4.031000e+04	lowerWall	(-7.952388e-02 0.000000e+00 -3.741516e-02)	(-5.922598e-02 0.000000e+00 2.820105e-04)
4.032000e+04	lowerWall	(-7.952411e-02 0.000000e+00 -3.741499e-02)	(-5.922658e-02 0.000000e+00 2.097777e-05)
4.033000e+04	lowerWall	(-7.952424e-02 0.000000e+00 -3.741499e-02)	(-5.922707e-02 0.000000e+00 2.138722e-05)
4.034000e+04	lowerWall	(-7.952439e-02 0.000000e+00 -3.741499e-02)	(-5.922771e-02 0.000000e+00 2.192403e-05)
4.035000e+04	lowerWall	(-7.952323e-02 0.000000e+00 -3.741509e-02)	(-5.922528e-02 0.000000e+00 5.395544e-04)
4.036000e+04	lowerWall	(-7.952292e-02 0.000000e+00 -3.741506e-02)	(-5.922479e-02 0.000000e+00 9.126038e-04)
4.037000e+04	lowerWall	(-7.952387e-02 0.000000e+00 -3.741501e-02)	(-5.922715e-02 0.000000e+00 2.044132e-05)
4.038000e+04	lowerWall	(-7.952399e-02 0.000000e+00 -3.741500e-02)	(-5.922760e-02 0.000000e+00 2.083019e-05)
4.039000e+04	lowerWall	(-7.952359e-02 0.000000e+00 -3.741513e-02)	(-5.922722e-02 0.000000e+00 2.967659e-04)
4.040000e+04	lowerWall	(-7.952319e-02 0.000000e+00 -3.741517e-02)	(-5.922649e-02 0.000000e+00 5.546621e-04)
4.041000e+04	lowerWall	(-7.952368e-02 0.000000e+00 -3.741497e-02)	(-5.922722e-02 0.000000e+00 1.978842e-05)
4.042000e+04	lowerWall	(-7.952378e-02 0.000000e+00 -3.741494e-02)	(-5.922760e-02 0.000000e+00 1.994223e-05)
4.043000e+04	lowerWall	(-7.952392e-02 0.000000e+00 -3.741488e-02)	(-5.922793e-02 0.000000e+00 2.025808e-05)
4.044000e+04	lowerWall	(-7.952390e-02 0.000000e+00 -3.741476e-02)	(-5.922828e-02 0.000000e+00 2.123281e-05)
4.045000e+04	lowerWall	(-7.952339e-02 0.000000e+00 -3.741511e-02)	(-5.922744e-02 0.000000e+00 3.352698e-04)
4.046000e+04	lowerWall	(-7.952361e-02 0.000000e+00 -3.741508e-02)	(-5.922790e-02 0.000000e+00 7.850802e-05)
4.047000e+04	lowerWall	(-7.952363e-02 0.000000e+00 -3.741504e-02)	(-5.922781e-02 0.000000e+00 1.967340e-05)
4.048000e+04	lowerWall	(-7.952356e-02 0.000000e+00 -3.741513e-02)	(-5.922787e-02 0.000000e+00 1.965607e-04)
4.049000e+04	lowerWall	(-7.952366e-02 0.000000e+00 -3.741507e-02)	(-5.922783e-02 0.000000e+00 6.304792e-05)
4.050000e+04	lowerWall	(-7.952371e-02 0.000000e+00 -3.741500e-02)	(-5.922785e-02 0.000000e+00 1.981127e-05)
4.051000e+04	lowerWall	(-7.952361e-02 0.000000e+00 -3.741507e-02)	(-5.922768e-02 0.000000e+00 7.891281e-05)
4.052000e+04	lowerWall	(-7.952359e-02 0.000000e+00 -3.741509e-02)	(-5.922764e-02 0.000000e+00 1.013092e-04)
4.053000e+04	lowerWall	(-7.952358e-02 0.000000e+00 -3.741510e-02)	(-5.922752e-02 0.000000e+00 1.257703e-04)
4.054000e+04	lowerWall	(-7.952355e-02 0.000000e+00 -3.741510e-02)	(-5.922736e-02 0.000000e+00 1.444856e-04)
4.055000e+04	lowerWall	(-7.952353e-02 0.000000e+00 -3.741510e-02)	(-5.922720e-02 0.000000e+00 1.685904e-04)
4.056000e+04	lowerWall	(-7.952375e-02 0.000000e+00 -3.741493e-02)	(-5.922760e-02 0.000000e+00 2.078203e-05)
4.057000e+04	lowerWall	(-7.952324e-02 0.000000e+00 -3.741529e-02)	(-5.922672e-02 0.000000e+00 6.801255e-04)
4.058000e+04	lowerWall	(-7.952309e-02 0.000000e+00 -3.741537e-02)	(-5.922650e-02 0.000000e+00 9.791666e-04)
4.059000e+04	lowerWall	(-7.952394e-02 0.000000e+00 -3.741498e-02)	(-5.922751e-02 0.000000e+00 2.030487e-05)
4.060000e+04	lowerWall	(-7.952347e-02 0.000000e+00 -3.741513e-02)	(-5.922668e-02 0.000000e+00 2.247991e-04)
4.061000e+04	lowerWall	(-7.952343e-02 0.000000e+00 -3.741513e-02)	(-5.922654e-02 0.000000e+00 2.813351e-04)
4.062000e+04	lowerWall	(-7.952332e-02 0.000000e+00 -3.741514e-02)	(-5.922627e-02 0.000000e+00 4.562119e-04)
4.063000e+04	lowerWall	(-7.952371e-02 0.000000e+00 -3.741508e-02)	(-5.922713e-02 0.000000e+00 2.004344e-05)
4.064000e+04	lowerWall	(-7.952374e-02 0.000000e+00 -3.741508e-02)	(-5.922731e-02 0.000000e+00 2.016280e-05)
4.065000e+04	lowerWall	(-7.952378e-02 0.000000e+00 -3.741508e-02)	(-5.922756e-02 0.000000e+00 2.031755e-05)
4.066000e+04	lowerWall	(-7.952389e-02 0.000000e+00 -3.741509e-02)	(-5.922799e-02 0.000000e+00 2.077070e-05)
4.067000e+04	lowerWall	(-7.952358e-02 0.000000e+00 -3.741508e-02)	(-5.922737e-02 0.000000e+00 5.911392e-05)
4.068000e+04	lowerWall	(-7.952355e-02 0.000000e+00 -3.741512e-02)	(-5.922732e-02 0.000000e+00 2.904186e-04)
4.069000e+04	lowerWall	(-7.952329e-02 0.000000e+00 -3.741512e-02)	(-5.922700e-02 0.000000e+00 4.409345e-04)
4.070000e+04	lowerWall	(-7.952337e-02 0.000000e+00 -3.741516e-02)	(-5.922704e-02 0.000000e+00 8.409511e-04)
4.071000e+04	lowerWall	(-7.952384e-02 0.000000e+00 -3.741503e-02)	(-5.922848e-02 0.000000e+00 2.042084e-05)
4.072000e+04	lowerWall	(-7.952388e-02 0.000000e+00 -3.741493e-02)	(-5.922848e-02 0.000000e+00 2.047860e-05)
4.073000e+04	lowerWall	(-7.952382e-02 0.000000e+00 -3.741501e-02)	(-5.922861e-02 0.000000e+00 1.986620e-05)
4.074000e+04	lowerWall	(-7.952340e-02 0.000000e+00 -3.741531e-02)	(-5.922785e-02 0.000000e+00 7.389086e-04)
4.075000e+04	lowerWall	(-7.952391e-02 0.000000e+00 -3.741494e-02)	(-5.922874e-02 0.000000e+00 2.034443e-05)
4.076000e+04	lowerWall	(-7.952411e-02 0.000000e+00 -3.741490e-02)	(-5.922916e-02 0.000000e+00 2.087231e-05)
4.077000e+04	lowerWall	(-7.952340e-02 0.000000e+00 -3.741509e-02)	(-5.922794e-02 0.000000e+00 3.406039e-04)
4.078000e+04	lowerWall	(-7.952374e-02 0.000000e+00 -3.741502e-02)	(-5.922855e-02 0.000000e+00 2.001004e-05)
4.079000e+04	lowerWall	(-7.952370e-02 0.000000e+00 -3.741503e-02)	(-5.922844e-02 0.000000e+00 1.975660e-05)
4.080000e+04	lowerWall	(-7.952357e-02 0.000000e+00 -3.741508e-02)	(-5.922819e-02 0.000000e+00 8.976257e-05)
4.081000e+04	lowerWall	(-7.952361e-02 0.000000e+00 -3.741510e-02)	(-5.922810e-02 0.000000e+00 1.252781e-04)
4.082000e+04	lowerWall	(-7.952356e-02 0.000000e+00 -3.741510e-02)	(-5.922795e-02 0.000000e+00 1.332868e-04)
4.083000e+04	lowerWall	(-7.952350e-02 0.000000e+00 -3.741512e-02)	(-5.922772e-02 0.000000e+00 2.221838e-04)
4.084000e+04	lowerWall	(-7.952362e-02 0.000000e+00 -3.741506e-02)	(-5.922777e-02 0.000000e+00 3.449131e-05)
4.085000e+04	lowerWall	(-7.952362e-02 0.000000e+00 -3.741506e-02)	(-5.922765e-02 0.000000e+00 3.394135e-05)
4.086000e+04	lowerWall	(-7.952370e-02 0.000000e+00 -3.741504e-02)	(-5.922771e-02 0.000000e+00 1.986271e-05)
4.087000e+04	lowerWall	(-7.952370e-02 0.000000e+00 -3.741501e-02)	(-5.922774e-02 0.000000e+00 1.985433e-05)
4.088000e+04	lowerWall	(-7.952347e-02 0.000000e+00 -3.741512e-02)	(-5.922713e-02 0.000000e+00 2.534151e-04)
4.089000e+04	lowerWall	(-7.952339e-02 0.000000e+00 -3.741524e-02)	(-5.922716e-02 0.000000e+00 4.231765e-04)
4.090000e+04	lowerWall	(-7.952324e-02 0.000000e+00 -3.741530e-02)	(-5.922686e-02 0.000000e+00 6.532878e-04)
4.091000e+04	lowerWall	(-7.952385e-02 0.000000e+00 -3.741496e-02)	(-5.922745e-02 0.000000e+00 2.012877e-05)
4.092000e+04	lowerWall	(-7.952391e-02 0.000000e+00 -3.741495e-02)	(-5.922755e-02 0.000000e+00 2.041051e-05)
4.093000e+04	lowerWall	(-7.952349e-02 0.000000e+00 -3.741512e-02)	(-5.922684e-02 0.000000e+00 2.092935e-04)
4.094000e+04	lowerWall	(-7.952346e-02 0.000000e+00 -3.741511e-02)	(-5.922676e-02 0.000000e+00 2.596772e-04)
4.095000e+04	lowerWall	(-7.952342e-02 0.000000e+00 -3.741511e-02)	(-5.922670e-02 0.000000e+00 3.196344e-04)
4.096000e+04	lowerWall	(-7.952370e-02 0.000000e+00 -3.741504e-02)	(-5.922730e-02 0.000000e+00 1.986113e-05)
4.097000e+04	lowerWall	(-7.952373e-02 0.000000e+00 -3.741504e-02)	(-5.922746e-02 0.000000e+00 1.996298e-05)
4.098000e+04	lowerWall	(-7.952376e-02 0.000000e+00 -3.741503e-02)	(-5.922765e-02 0.000000e+00 2.006702e-05)
4.099000e+04	lowerWall	(-7.952373e-02 0.000000e+00 -3.741504e-02)	(-5.922776e-02 0.000000e+00 1.997495e-05)
4.100000e+04	lowerWall	(-7.952374e-02 0.000000e+00 -3.741504e-02)	(-5.922791e-02 0.000000e+00 2.005441e-05)
4.101000e+04	lowerWall	(-7.952375e-02 0.000000e+00 -3.741504e-02)	(-5.922810e-02 0.000000e+00 2.014375e-05)
4.102000e+04	lowerWall	(-7.952358e-02 0.000000e+00 -3.741505e-02)	(-5.922783e-02 0.000000e+00 9.280791e-05)
4.103000e+04	lowerWall	(-7.952370e-02 0.000000e+00 -3.741506e-02)	(-5.922834e-02 0.000000e+00 2.046134e-05)
4.104000e+04	lowerWall	(-7.952366e-02 0.000000e+00 -3.741505e-02)	(-5.922826e-02 0.000000e+00 1.981411e-05)
4.105000e+04	lowerWall	(-7.952362e-02 0.000000e+00 -3.741504e-02)	(-5.922820e-02 0.000000e+00 1.389129e-04)
4.106000e+04	lowerWall	(-7.952367e-02 0.000000e+00 -3.741506e-02)	(-5.922849e-02 0.000000e+00 1.984780e-05)
4.107000e+04	lowerWall	(-7.952367e-02 0.000000e+00 -3.741506e-02)	(-5.922859e-02 0.000000e+00 1.986586e-05)
4.108000e+04	lowerWall	(-7.952368e-02 0.000000e+00 -3.741506e-02)	(-5.922867e-02 0.000000e+00 1.988398e-05)
4.109000e+04	lowerWall	(-7.952368e-02 0.000000e+00 -3.741506e-02)	(-5.922875e-02 0.000000e+00 1.990031e-05)
4.110000e+04	lowerWall	(-7.952366e-02 0.000000e+00 -3.741505e-02)	(-5.922871e-02 0.000000e+00 1.978413e-05)
4.111000e+04	lowerWall	(-7.952366e-02 0.000000e+00 -3.741505e-02)	(-5.922875e-02 0.000000e+00 1.978805e-05)
4.112000e+04	lowerWall	(-7.952363e-02 0.000000e+00 -3.741504e-02)	(-5.922866e-02 0.000000e+00 6.468881e-05)
4.113000e+04	lowerWall	(-7.952367e-02 0.000000e+00 -3.741505e-02)	(-5.922880e-02 0.000000e+00 1.980899e-05)
4.114000e+04	lowerWall	(-7.952367e-02 0.000000e+00 -3.741505e-02)	(-5.922880e-02 0.000000e+00 1.981384e-05)
4.115000e+04	lowerWall	(-7.952368e-02 0.000000e+00 -3.741505e-02)	(-5.922880e-02 0.000000e+00 1.981825e-05)
4.116000e+04	lowerWall	(-7.952368e-02 0.000000e+00 -3.741505e-02)	(-5.922879e-02 0.000000e+00 1.982352e-05)
4.117000e+04	lowerWall	(-7.952369e-02 0.000000e+00 -3.741505e-02)	(-5.922879e-02 0.000000e+00 1.985812e-05)
4.118000e+04	lowerWall	(-7.952367e-02 0.000000e+00 -3.741505e-02)	(-5.922872e-02 0.000000e+00 1.987971e-05)
4.119000e+04	lowerWall	(-7.952370e-02 0.000000e+00 -3.741505e-02)	(-5.922876e-02 0.000000e+00 1.992804e-05)
4.120000e+04	lowerWall	(-7.952371e-02 0.000000e+00 -3.741505e-02)	(-5.922874e-02 0.000000e+00 1.995217e-05)
4.121000e+04	lowerWall	(-7.952366e-02 0.000000e+00 -3.741503e-02)	(-5.922853e-02 0.000000e+00 2.531825e-05)
4.122000e+04	lowerWall	(-7.952368e-02 0.000000e+00 -3.741503e-02)	(-5.922854e-02 0.000000e+00 1.978549e-05)
4.123000e+04	lowerWall	(-7.952368e-02 0.000000e+00 -3.741503e-02)	(-5.922850e-02 0.000000e+00 1.979141e-05)
4.124000e+04	lowerWall	(-7.952368e-02 0.000000e+00 -3.741503e-02)	(-5.922846e-02 0.000000e+00 1.979558e-05)
4.125000e+04	lowerWall	(-7.952370e-02 0.000000e+00 -3.741502e-02)	(-5.922845e-02 0.000000e+00 1.984567e-05)
4.126000e+04	lowerWall	(-7.952371e-02 0.000000e+00 -3.741502e-02)	(-5.922842e-02 0.000000e+00 1.987545e-05)
4.127000e+04	lowerWall	(-7.952374e-02 0.000000e+00 -3.741501e-02)	(-5.922845e-02 0.000000e+00 1.980874e-05)
4.128000e+04	lowerWall	(-7.952370e-02 0.000000e+00 -3.741501e-02)	(-5.922828e-02 0.000000e+00 1.982268e-05)
4.129000e+04	lowerWall	(-7.952371e-02 0.000000e+00 -3.741501e-02)	(-5.922825e-02 0.000000e+00 1.985019e-05)
4.130000e+04	lowerWall	(-7.952371e-02 0.000000e+00 -3.741501e-02)	(-5.922823e-02 0.000000e+00 1.988156e-05)
4.131000e+04	lowerWall	(-7.952372e-02 0.000000e+00 -3.741501e-02)	(-5.922821e-02 0.000000e+00 1.992086e-05)
4.132000e+04	lowerWall	(-7.952373e-02 0.000000e+00 -3.741501e-02)	(-5.922820e-02 0.000000e+00 1.997082e-05)
4.133000e+04	lowerWall	(-7.952375e-02 0.000000e+00 -3.741502e-02)	(-5.922820e-02 0.000000e+00 2.003724e-05)
4.134000e+04	lowerWall	(-7.952356e-02 0.000000e+00 -3.741498e-02)	(-5.922740e-02 0.000000e+00 6.448773e-04)
4.135000e+04	lowerWall	(-7.952382e-02 0.000000e+00 -3.741504e-02)	(-5.906556e-02 0.000000e+00 2.040570e-05)
4.136000e+04	lowerWall	(-7.952392e-02 0.000000e+00 -3.741507e-02)	(-5.886173e-02 0.000000e+00 2.086801e-05)
4.137000e+04	lowerWall	(-7.952420e-02 0.000000e+00 -3.741516e-02)	(-5.866006e-02 0.000000e+00 2.227772e-05)
4.138000e+04	lowerWall	(-7.952341e-02 0.000000e+00 -3.741507e-02)	(-5.837318e-02 0.000000e+00 2.055647e-05)
4.139000e+04	lowerWall	(-7.952318e-02 0.000000e+00 -3.741488e-02)	(-5.782507e-02 0.000000e+00 1.045302e-03)
4.140000e+04	lowerWall	(-7.952380e-02 0.000000e+00 -3.741512e-02)	(-5.769820e-02 0.000000e+00 2.063262e-05)
4.141000e+04	lowerWall	(-7.952396e-02 0.000000e+00 -3.741521e-02)	(-5.744165e-02 0.000000e+00 2.168989e-05)
4.142000e+04	lowerWall	(-7.952408e-02 0.000000e+00 -3.741528e-02)	(-5.727152e-02 0.000000e+00 2.212437e-05)
4.143000e+04	lowerWall	(-7.952342e-02 0.000000e+00 -3.741491e-02)	(-5.749504e-02 0.000000e+00 6.910719e-04)
4.144000e+04	lowerWall	(-7.952338e-02 0.000000e+00 -3.741485e-02)	(-5.791484e-02 0.000000e+00 8.731933e-04)
4.145000e+04	lowerWall	(-7.952371e-02 0.000000e+00 -3.741511e-02)	(-5.820923e-02 0.000000e+00 2.044556e-05)
4.146000e+04	lowerWall	(-7.952333e-02 0.000000e+00 -3.741474e-02)	(-5.812052e-02 0.000000e+00 1.006613e-03)
4.147000e+04	lowerWall	(-7.952361e-02 0.000000e+00 -3.741511e-02)	(-5.868915e-02 0.000000e+00 2.023115e-05)
4.148000e+04	lowerWall	(-7.952364e-02 0.000000e+00 -3.741508e-02)	(-5.879782e-02 0.000000e+00 2.037573e-05)
4.149000e+04	lowerWall	(-7.952383e-02 0.000000e+00 -3.741495e-02)	(-5.890629e-02 0.000000e+00 6.143130e-04)
4.150000e+04	lowerWall	(-7.952423e-02 0.000000e+00 -3.741529e-02)	(-5.887650e-02 0.000000e+00 2.315533e-05)
4.151000e+04	lowerWall	(-7.952326e-02 0.000000e+00 -3.741485e-02)	(-5.907334e-02 0.000000e+00 1.146149e-03)
4.152000e+04	lowerWall	(-7.952297e-02 0.000000e+00 -3.741464e-02)	(-5.864879e-02 0.000000e+00 2.547394e-03)
4.153000e+04	lowerWall	(-7.952384e-02 0.000000e+00 -3.741525e-02)	(-5.922478e-02 0.000000e+00 2.170327e-05)
4.154000e+04	lowerWall	(-7.952379e-02 0.000000e+00 -3.741558e-02)	(-5.911900e-02 0.000000e+00 2.451675e-05)
4.155000e+04	lowerWall	(-7.952326e-02 0.000000e+00 -3.741473e-02)	(-5.922113e-02 0.000000e+00 1.713230e-03)
4.156000e+04	lowerWall	(-7.952362e-02 0.000000e+00 -3.741494e-02)	(-5.922367e-02 0.000000e+00 6.570831e-04)
4.157000e+04	lowerWall	(-7.952370e-02 0.000000e+00 -3.741542e-02)	(-5.922464e-02 0.000000e+00 2.238563e-05)
4.158000e+04	lowerWall	(-7.952343e-02 0.000000e+00 -3.741483e-02)	(-5.922176e-02 0.000000e+00 1.149205e-03)
4.159000e+04	lowerWall	(-7.952338e-02 0.000000e+00 -3.741455e-02)	(-5.887820e-02 0.000000e+00 2.519568e-03)
4.160000e+04	lowerWall	(-7.952359e-02 0.000000e+00 -3.741534e-02)	(-5.922419e-02 0.000000e+00 2.126362e-05)
4.161000e+04	lowerWall	(-7.952372e-02 0.000000e+00 -3.741512e-02)	(-5.922391e-02 0.000000e+00 1.989393e-05)
4.162000e+04	lowerWall	(-7.952259e-02 0.000000e+00 -3.741474e-02)	(-5.921617e-02 0.000000e+00 1.117844e-04)
4.163000e+04	lowerWall	(-7.952323e-02 0.000000e+00 -3.741497e-02)	(-5.922191e-02 0.000000e+00 9.991265e-04)
4.164000e+04	lowerWall	(-7.952291e-02 0.000000e+00 -3.741500e-02)	(-5.910699e-02 0.000000e+00 1.873100e-03)
4.165000e+04	lowerWall	(-7.952371e-02 0.000000e+00 -3.741500e-02)	(-5.922437e-02 0.000000e+00 2.122925e-05)
4.166000e+04	lowerWall	(-7.952372e-02 0.000000e+00 -3.741506e-02)	(-5.922453e-02 0.000000e+00 2.656858e-05)
4.167000e+04	lowerWall	(-7.952299e-02 0.000000e+00 -3.741523e-02)	(-5.922280e-02 0.000000e+00 9.299955e-04)
4.168000e+04	lowerWall	(-7.952249e-02 0.000000e+00 -3.741523e-02)	(-5.922178e-02 0.000000e+00 1.643676e-03)
4.169000e+04	lowerWall	(-7.952149e-02 0.000000e+00 -3.741568e-02)	(-5.921712e-02 0.000000e+00 2.866221e-04)
4.170000e+04	lowerWall	(-7.952257e-02 0.000000e+00 -3.741575e-02)	(-5.922347e-02 0.000000e+00 8.391405e-04)
4.171000e+04	lowerWall	(-7.952389e-02 0.000000e+00 -3.741478e-02)	(-5.922505e-02 0.000000e+00 2.028112e-05)
4.172000e+04	lowerWall	(-7.952403e-02 0.000000e+00 -3.741468e-02)	(-5.922547e-02 0.000000e+00 2.067265e-05)
4.173000e+04	lowerWall	(-7.952434e-02 0.000000e+00 -3.741450e-02)	(-5.922613e-02 0.000000e+00 2.150777e-05)
4.174000e+04	lowerWall	(-7.952346e-02 0.000000e+00 -3.741494e-02)	(-5.922539e-02 0.000000e+00 2.683518e-05)
4.175000e+04	lowerWall	(-7.952374e-02 0.000000e+00 -3.741490e-02)	(-5.922571e-02 0.000000e+00 1.992661e-05)
4.176000e+04	lowerWall	(-7.952353e-02 0.000000e+00 -3.741496e-02)	(-5.922548e-02 0.000000e+00 3.536391e-05)
4.177000e+04	lowerWall	(-7.952365e-02 0.000000e+00 -3.741481e-02)	(-5.922539e-02 0.000000e+00 1.928683e-05)
4.178000e+04	lowerWall	(-7.952371e-02 0.000000e+00 -3.741474e-02)	(-5.922551e-02 0.000000e+00 1.937712e-05)
4.179000e+04	lowerWall	(-7.952369e-02 0.000000e+00 -3.741467e-02)	(-5.922579e-02 0.000000e+00 1.979775e-05)
4.180000e+04	lowerWall	(-7.952351e-02 0.000000e+00 -3.741514e-02)	(-5.922588e-02 0.000000e+00 1.618095e-04)
4.181000e+04	lowerWall	(-7.952348e-02 0.000000e+00 -3.741515e-02)	(-5.922580e-02 0.000000e+00 1.828872e-04)
4.182000e+04	lowerWall	(-7.952346e-02 0.000000e+00 -3.741517e-02)	(-5.922573e-02 0.000000e+00 2.245878e-04)
4.183000e+04	lowerWall	(-7.952366e-02 0.000000e+00 -3.741501e-02)	(-5.922586e-02 0.000000e+00 1.972124e-05)
4.184000e+04	lowerWall	(-7.952335e-02 0.000000e+00 -3.741517e-02)	(-5.922536e-02 0.000000e+00 3.380994e-04)
4.185000e+04	lowerWall	(-7.952370e-02 0.000000e+00 -3.741502e-02)	(-5.922584e-02 0.000000e+00 1.982649e-05)
4.186000e+04	lowerWall	(-7.952372e-02 0.000000e+00 -3.741501e-02)	(-5.922584e-02 0.000000e+00 1.989735e-05)
4.187000e+04	lowerWall	(-7.952376e-02 0.000000e+00 -3.741501e-02)	(-5.922588e-02 0.000000e+00 1.998304e-05)
4.188000e+04	lowerWall	(-7.952377e-02 0.000000e+00 -3.741502e-02)	(-5.922585e-02 0.000000e+00 2.009808e-05)
4.189000e+04	lowerWall	(-7.952380e-02 0.000000e+00 -3.741502e-02)	(-5.918981e-02 0.000000e+00 2.023662e-05)
4.190000e+04	lowerWall	(-7.952363e-02 0.000000e+00 -3.741503e-02)	(-5.904084e-02 0.000000e+00 1.966281e-05)
4.191000e+04	lowerWall	(-7.952376e-02 0.000000e+00 -3.741500e-02)	(-5.899421e-02 0.000000e+00 2.000601e-05)
4.192000e+04	lowerWall	(-7.952380e-02 0.000000e+00 -3.741500e-02)	(-5.890560e-02 0.000000e+00 2.016422e-05)
4.193000e+04	lowerWall	(-7.952398e-02 0.000000e+00 -3.741499e-02)	(-5.884965e-02 0.000000e+00 2.063283e-05)
4.194000e+04	lowerWall	(-7.952363e-02 0.000000e+00 -3.741505e-02)	(-5.867552e-02 0.000000e+00 5.286476e-05)
4.195000e+04	lowerWall	(-7.952330e-02 0.000000e+00 -3.741506e-02)	(-5.857755e-02 0.000000e+00 4.944278e-04)
4.196000e+04	lowerWall	(-7.952372e-02 0.000000e+00 -3.741506e-02)	(-5.878965e-02 0.000000e+00 2.006878e-05)
4.197000e+04	lowerWall	(-7.952351e-02 0.000000e+00 -3.741505e-02)	(-5.877753e-02 0.000000e+00 1.058094e-04)
4.198000e+04	lowerWall	(-7.952348e-02 0.000000e+00 -3.741508e-02)	(-5.882896e-02 0.000000e+00 1.236212e-04)
4.199000e+04	lowerWall	(-7.952346e-02 0.000000e+00 -3.741507e-02)	(-5.883555e-02 0.000000e+00 1.689659e-04)
4.200000e+04	lowerWall	(-7.952366e-02 0.000000e+00 -3.741503e-02)	(-5.901627e-02 0.000000e+00 2.089926e-05)
4.201000e+04	lowerWall	(-7.952440e-02 0.000000e+00 -3.741507e-02)	(-5.898162e-02 0.000000e+00 2.236897e-05)
4.202000e+04	lowerWall	(-7.952313e-02 0.000000e+00 -3.741507e-02)	(-5.904495e-02 0.000000e+00 7.891381e-04)
4.203000e+04	lowerWall	(-7.952257e-02 0.000000e+00 -3.741500e-02)	(-5.879972e-02 0.000000e+00 1.751971e-03)
4.204000e+04	lowerWall	(-7.952398e-02 0.000000e+00 -3.741515e-02)	(-5.922459e-02 0.000000e+00 2.140309e-05)
4.205000e+04	lowerWall	(-7.952329e-02 0.000000e+00 -3.741504e-02)	(-5.922234e-02 0.000000e+00 5.339006e-04)
4.206000e+04	lowerWall	(-7.952302e-02 0.000000e+00 -3.741496e-02)	(-5.922130e-02 0.000000e+00 1.196882e-03)
4.207000e+04	lowerWall	(-7.952374e-02 0.000000e+00 -3.741504e-02)	(-5.922370e-02 0.000000e+00 4.560736e-04)
4.208000e+04	lowerWall	(-7.952395e-02 0.000000e+00 -3.741525e-02)	(-5.922451e-02 0.000000e+00 2.157163e-05)
4.209000e+04	lowerWall	(-7.952333e-02 0.000000e+00 -3.741513e-02)	(-5.922207e-02 0.000000e+00 2.008208e-05)
4.210000e+04	lowerWall	(-7.952311e-02 0.000000e+00 -3.741486e-02)	(-5.922115e-02 0.000000e+00 1.354162e-03)
4.211000e+04	lowerWall	(-7.952380e-02 0.000000e+00 -3.741512e-02)	(-5.922395e-02 0.000000e+00 2.061598e-05)
4.212000e+04	lowerWall	(-7.952300e-02 0.000000e+00 -3.741508e-02)	(-5.922150e-02 0.000000e+00 3.367160e-04)
4.213000e+04	lowerWall	(-7.952349e-02 0.000000e+00 -3.741506e-02)	(-5.922310e-02 0.000000e+00 8.207241e-05)
4.214000e+04	lowerWall	(-7.952300e-02 0.000000e+00 -3.741515e-02)	(-5.922212e-02 0.000000e+00 7.931779e-04)
4.215000e+04	lowerWall	(-7.952379e-02 0.000000e+00 -3.741498e-02)	(-5.922402e-02 0.000000e+00 2.008065e-05)
4.216000e+04	lowerWall	(-7.953373e-02 0.000000e+00 -3.741210e-02)	(-5.914128e-02 0.000000e+00 8.684678e-04)
4.217000e+04	lowerWall	(-7.952367e-02 0.000000e+00 -3.741652e-02)	(-5.922566e-02 0.000000e+00 6.567864e-04)
4.218000e+04	lowerWall	(-7.952346e-02 0.000000e+00 -3.741691e-02)	(-5.922575e-02 0.000000e+00 8.997375e-04)
4.219000e+04	lowerWall	(-7.952342e-02 0.000000e+00 -3.741703e-02)	(-5.922602e-02 0.000000e+00 1.135047e-03)
4.220000e+04	lowerWall	(-7.952514e-02 0.000000e+00 -3.741407e-02)	(-5.922589e-02 0.000000e+00 3.013353e-05)
4.221000e+04	lowerWall	(-7.952347e-02 0.000000e+00 -3.741368e-02)	(-5.922269e-02 0.000000e+00 1.742525e-05)
4.222000e+04	lowerWall	(-7.952372e-02 0.000000e+00 -3.741497e-02)	(-5.922590e-02 0.000000e+00 1.883330e-04)
4.223000e+04	lowerWall	(-7.952384e-02 0.000000e+00 -3.741507e-02)	(-5.922644e-02 0.000000e+00 2.811239e-04)
4.224000e+04	lowerWall	(-7.952445e-02 0.000000e+00 -3.741516e-02)	(-5.922774e-02 0.000000e+00 3.945248e-04)
4.225000e+04	lowerWall	(-7.952353e-02 0.000000e+00 -3.741446e-02)	(-5.922416e-02 0.000000e+00 3.532315e-05)
4.226000e+04	lowerWall	(-7.952336e-02 0.000000e+00 -3.741423e-02)	(-5.922239e-02 0.000000e+00 1.511232e-05)
4.227000e+04	lowerWall	(-7.952363e-02 0.000000e+00 -3.741463e-02)	(-5.922446e-02 0.000000e+00 3.816713e-05)
4.228000e+04	lowerWall	(-7.952285e-02 0.000000e+00 -3.741470e-02)	(-5.922151e-02 0.000000e+00 1.531380e-05)
4.229000e+04	lowerWall	(-7.952330e-02 0.000000e+00 -3.741461e-02)	(-5.922194e-02 0.000000e+00 1.420011e-05)
4.230000e+04	lowerWall	(-7.952386e-02 0.000000e+00 -3.741486e-02)	(-5.922481e-02 0.000000e+00 1.661883e-04)
4.231000e+04	lowerWall	(-7.952386e-02 0.000000e+00 -3.741490e-02)	(-5.922454e-02 0.000000e+00 1.918648e-04)
4.232000e+04	lowerWall	(-7.952373e-02 0.000000e+00 -3.741476e-02)	(-5.922360e-02 0.000000e+00 1.870543e-05)
4.233000e+04	lowerWall	(-7.952379e-02 0.000000e+00 -3.741483e-02)	(-5.922378e-02 0.000000e+00 3.410301e-05)
4.234000e+04	lowerWall	(-7.952378e-02 0.000000e+00 -3.741484e-02)	(-5.922357e-02 0.000000e+00 3.223173e-05)
4.235000e+04	lowerWall	(-7.952376e-02 0.000000e+00 -3.741485e-02)	(-5.922335e-02 0.000000e+00 3.001470e-05)
4.236000e+04	lowerWall	(-7.952377e-02 0.000000e+00 -3.741494e-02)	(-5.922341e-02 0.000000e+00 1.257933e-04)
4.237000e+04	lowerWall	(-7.952375e-02 0.000000e+00 -3.741482e-02)	(-5.922287e-02 0.000000e+00 1.905145e-05)
4.238000e+04	lowerWall	(-7.952372e-02 0.000000e+00 -3.741483e-02)	(-5.922268e-02 0.000000e+00 1.895205e-05)
4.239000e+04	lowerWall	(-7.952370e-02 0.000000e+00 -3.741471e-02)	(-5.922201e-02 0.000000e+00 1.809132e-05)
4.240000e+04	lowerWall	(-7.952368e-02 0.000000e+00 -3.741496e-02)	(-5.922272e-02 0.000000e+00 1.389512e-04)
4.241000e+04	lowerWall	(-7.952365e-02 0.000000e+00 -3.741498e-02)	(-5.922255e-02 0.000000e+00 1.563027e-04)
4.242000e+04	lowerWall	(-7.952377e-02 0.000000e+00 -3.741465e-02)	(-5.922227e-02 0.000000e+00 1.906933e-05)
4.243000e+04	lowerWall	(-7.952355e-02 0.000000e+00 -3.741507e-02)	(-5.922234e-02 0.000000e+00 2.442971e-04)
4.244000e+04	lowerWall	(-7.952348e-02 0.000000e+00 -3.741511e-02)	(-5.922221e-02 0.000000e+00 3.046412e-04)
4.245000e+04	lowerWall	(-7.952340e-02 0.000000e+00 -3.741513e-02)	(-5.922208e-02 0.000000e+00 3.819943e-04)
4.246000e+04	lowerWall	(-7.952319e-02 0.000000e+00 -3.741517e-02)	(-5.922182e-02 0.000000e+00 6.140549e-04)
4.247000e+04	lowerWall	(-7.952377e-02 0.000000e+00 -3.741498e-02)	(-5.922281e-02 0.000000e+00 1.965860e-05)
4.248000e+04	lowerWall	(-7.952352e-02 0.000000e+00 -3.741506e-02)	(-5.922257e-02 0.000000e+00 1.145913e-04)
4.249000e+04	lowerWall	(-7.952350e-02 0.000000e+00 -3.741506e-02)	(-5.922273e-02 0.000000e+00 1.347535e-04)
4.250000e+04	lowerWall	(-7.952347e-02 0.000000e+00 -3.741507e-02)	(-5.922291e-02 0.000000e+00 1.604017e-04)
4.251000e+04	lowerWall	(-7.952344e-02 0.000000e+00 -3.741508e-02)	(-5.922313e-02 0.000000e+00 1.868228e-04)
4.252000e+04	lowerWall	(-7.952409e-02 0.000000e+00 -3.741505e-02)	(-5.922492e-02 0.000000e+00 2.083042e-05)
4.253000e+04	lowerWall	(-7.952423e-02 0.000000e+00 -3.741507e-02)	(-5.922565e-02 0.000000e+00 2.131242e-05)
4.254000e+04	lowerWall	(-7.952364e-02 0.000000e+00 -3.741508e-02)	(-5.922472e-02 0.000000e+00 3.760345e-05)
4.255000e+04	lowerWall	(-7.952411e-02 0.000000e+00 -3.741512e-02)	(-5.922630e-02 0.000000e+00 2.111020e-05)
4.256000e+04	lowerWall	(-7.952363e-02 0.000000e+00 -3.741509e-02)	(-5.922549e-02 0.000000e+00 1.233663e-04)
4.257000e+04	lowerWall	(-7.952345e-02 0.000000e+00 -3.741511e-02)	(-5.922543e-02 0.000000e+00 1.710906e-04)
4.258000e+04	lowerWall	(-7.952362e-02 0.000000e+00 -3.741509e-02)	(-5.922613e-02 0.000000e+00 8.557344e-05)
4.259000e+04	lowerWall	(-7.952352e-02 0.000000e+00 -3.741511e-02)	(-5.922608e-02 0.000000e+00 2.801849e-04)
4.260000e+04	lowerWall	(-7.952365e-02 0.000000e+00 -3.741510e-02)	(-5.922677e-02 0.000000e+00 7.032838e-05)
4.261000e+04	lowerWall	(-7.952366e-02 0.000000e+00 -3.741511e-02)	(-5.922706e-02 0.000000e+00 6.322807e-05)
4.262000e+04	lowerWall	(-7.952367e-02 0.000000e+00 -3.741512e-02)	(-5.922731e-02 0.000000e+00 6.441298e-05)
4.263000e+04	lowerWall	(-7.952367e-02 0.000000e+00 -3.741512e-02)	(-5.922753e-02 0.000000e+00 5.869298e-05)
4.264000e+04	lowerWall	(-7.952368e-02 0.000000e+00 -3.741513e-02)	(-5.922775e-02 0.000000e+00 5.067514e-05)
4.265000e+04	lowerWall	(-7.952373e-02 0.000000e+00 -3.741515e-02)	(-5.922803e-02 0.000000e+00 6.454015e-05)
4.266000e+04	lowerWall	(-7.952355e-02 0.000000e+00 -3.741510e-02)	(-5.922759e-02 0.000000e+00 9.409196e-05)
4.267000e+04	lowerWall	(-7.952354e-02 0.000000e+00 -3.741510e-02)	(-5.922766e-02 0.000000e+00 9.955916e-05)
4.268000e+04	lowerWall	(-7.952354e-02 0.000000e+00 -3.741509e-02)	(-5.922769e-02 0.000000e+00 1.141368e-04)
4.269000e+04	lowerWall	(-7.952353e-02 0.000000e+00 -3.741508e-02)	(-5.922769e-02 0.000000e+00 1.309287e-04)
4.270000e+04	lowerWall	(-7.952362e-02 0.000000e+00 -3.741512e-02)	(-5.922803e-02 0.000000e+00 3.979205e-05)
4.271000e+04	lowerWall	(-7.952351e-02 0.000000e+00 -3.741506e-02)	(-5.922761e-02 0.000000e+00 1.796508e-04)
4.272000e+04	lowerWall	(-7.952363e-02 0.000000e+00 -3.741512e-02)	(-5.922806e-02 0.000000e+00 2.581758e-05)
4.273000e+04	lowerWall	(-7.952363e-02 0.000000e+00 -3.741512e-02)	(-5.922806e-02 0.000000e+00 1.966681e-05)
4.274000e+04	lowerWall	(-7.952362e-02 0.000000e+00 -3.741511e-02)	(-5.922801e-02 0.000000e+00 1.959959e-05)
4.275000e+04	lowerWall	(-7.952364e-02 0.000000e+00 -3.741511e-02)	(-5.922803e-02 0.000000e+00 1.965839e-05)
4.276000e+04	lowerWall	(-7.952364e-02 0.000000e+00 -3.741511e-02)	(-5.922802e-02 0.000000e+00 1.967415e-05)
4.277000e+04	lowerWall	(-7.952364e-02 0.000000e+00 -3.741512e-02)	(-5.922801e-02 0.000000e+00 1.969648e-05)
4.278000e+04	lowerWall	(-7.952365e-02 0.000000e+00 -3.741512e-02)	(-5.922800e-02 0.000000e+00 1.972790e-05)
4.279000e+04	lowerWall	(-7.952364e-02 0.000000e+00 -3.741512e-02)	(-5.922797e-02 0.000000e+00 1.975859e-05)
4.280000e+04	lowerWall	(-7.952366e-02 0.000000e+00 -3.741513e-02)	(-5.922797e-02 0.000000e+00 1.981474e-05)
4.281000e+04	lowerWall	(-7.952366e-02 0.000000e+00 -3.741514e-02)	(-5.922798e-02 0.000000e+00 1.988095e-05)
4.282000e+04	lowerWall	(-7.952367e-02 0.000000e+00 -3.741516e-02)	(-5.922800e-02 0.000000e+00 1.997238e-05)
4.283000e+04	lowerWall	(-7.952358e-02 0.000000e+00 -3.741508e-02)	(-5.922742e-02 0.000000e+00 8.316646e-05)
4.284000e+04	lowerWall	(-7.952373e-02 0.000000e+00 -3.741514e-02)	(-5.922801e-02 0.000000e+00 2.021071e-05)
4.285000e+04	lowerWall	(-7.952374e-02 0.000000e+00 -3.741509e-02)	(-5.922782e-02 0.000000e+00 1.963412e-05)
4.286000e+04	lowerWall	(-7.952339e-02 0.000000e+00 -3.741509e-02)	(-5.922675e-02 0.000000e+00 2.815451e-04)
4.287000e+04	lowerWall	(-7.952407e-02 0.000000e+00 -3.741510e-02)	(-5.922837e-02 0.000000e+00 2.119045e-05)
4.288000e+04	lowerWall	(-7.952378e-02 0.000000e+00 -3.741512e-02)	(-5.922794e-02 0.000000e+00 2.192544e-05)
4.289000e+04	lowerWall	(-7.952338e-02 0.000000e+00 -3.741505e-02)	(-5.922624e-02 0.000000e+00 3.235058e-04)
4.290000e+04	lowerWall	(-7.952334e-02 0.000000e+00 -3.741503e-02)	(-5.922602e-02 0.000000e+00 3.883442e-04)
4.291000e+04	lowerWall	(-7.952349e-02 0.000000e+00 -3.741499e-02)	(-5.922609e-02 0.000000e+00 5.183763e-04)
4.292000e+04	lowerWall	(-7.952327e-02 0.000000e+00 -3.741497e-02)	(-5.922553e-02 0.000000e+00 5.445919e-04)
4.293000e+04	lowerWall	(-7.952212e-02 0.000000e+00 -3.741500e-02)	(-5.922185e-02 0.000000e+00 8.675937e-04)
4.294000e+04	lowerWall	(-7.952397e-02 0.000000e+00 -3.741505e-02)	(-5.922757e-02 0.000000e+00 4.077839e-04)
4.295000e+04	lowerWall	(-7.952459e-02 0.000000e+00 -3.741521e-02)	(-5.922928e-02 0.000000e+00 2.321428e-05)
4.296000e+04	lowerWall	(-7.952326e-02 0.000000e+00 -3.741512e-02)	(-5.922566e-02 0.000000e+00 5.350678e-04)
4.297000e+04	lowerWall	(-7.952238e-02 0.000000e+00 -3.741507e-02)	(-5.922343e-02 0.000000e+00 1.368843e-03)
4.298000e+04	lowerWall	(-7.952415e-02 0.000000e+00 -3.741510e-02)	(-5.922795e-02 0.000000e+00 2.160069e-05)
4.299000e+04	lowerWall	(-7.952327e-02 0.000000e+00 -3.741505e-02)	(-5.922562e-02 0.000000e+00 4.488844e-04)
4.300000e+04	lowerWall	(-7.952322e-02 0.000000e+00 -3.741502e-02)	(-5.922553e-02 0.000000e+00 5.562861e-04)
4.301000e+04	lowerWall	(-7.952311e-02 0.000000e+00 -3.741499e-02)	(-5.922530e-02 0.000000e+00 6.893972e-04)
4.302000e+04	lowerWall	(-7.952381e-02 0.000000e+00 -3.741507e-02)	(-5.922744e-02 0.000000e+00 2.016228e-05)
4.303000e+04	lowerWall	(-7.952398e-02 0.000000e+00 -3.741509e-02)	(-5.922803e-02 0.000000e+00 2.083660e-05)
4.304000e+04	lowerWall	(-7.952429e-02 0.000000e+00 -3.741513e-02)	(-5.922912e-02 0.000000e+00 2.185200e-05)
4.305000e+04	lowerWall	(-7.952328e-02 0.000000e+00 -3.741504e-02)	(-5.922650e-02 0.000000e+00 5.065734e-04)
4.306000e+04	lowerWall	(-7.952317e-02 0.000000e+00 -3.741500e-02)	(-5.922633e-02 0.000000e+00 6.306235e-04)
4.307000e+04	lowerWall	(-7.952290e-02 0.000000e+00 -3.741495e-02)	(-5.922574e-02 0.000000e+00 1.041768e-03)
4.308000e+04	lowerWall	(-7.952386e-02 0.000000e+00 -3.741507e-02)	(-5.922859e-02 0.000000e+00 2.059125e-05)
4.309000e+04	lowerWall	(-7.952377e-02 0.000000e+00 -3.741507e-02)	(-5.922845e-02 0.000000e+00 1.973710e-05)
4.310000e+04	lowerWall	(-7.952292e-02 0.000000e+00 -3.741490e-02)	(-5.922626e-02 0.000000e+00 5.058659e-05)
4.311000e+04	lowerWall	(-7.952314e-02 0.000000e+00 -3.741587e-02)	(-5.922821e-02 0.000000e+00 6.180918e-04)
4.312000e+04	lowerWall	(-7.952346e-02 0.000000e+00 -3.741541e-02)	(-5.922853e-02 0.000000e+00 2.313903e-04)
4.313000e+04	lowerWall	(-7.952342e-02 0.000000e+00 -3.741549e-02)	(-5.922848e-02 0.000000e+00 3.346582e-04)
4.314000e+04	lowerWall	(-7.952372e-02 0.000000e+00 -3.741490e-02)	(-5.922820e-02 0.000000e+00 1.959195e-05)
4.315000e+04	lowerWall	(-7.952375e-02 0.000000e+00 -3.741491e-02)	(-5.922825e-02 0.000000e+00 1.966295e-05)
4.316000e+04	lowerWall	(-7.952378e-02 0.000000e+00 -3.741491e-02)	(-5.922828e-02 0.000000e+00 1.975325e-05)
4.317000e+04	lowerWall	(-7.952381e-02 0.000000e+00 -3.741492e-02)	(-5.922830e-02 0.000000e+00 1.986064e-05)
4.318000e+04	lowerWall	(-7.952385e-02 0.000000e+00 -3.741490e-02)	(-5.922828e-02 0.000000e+00 2.003297e-05)
4.319000e+04	lowerWall	(-7.952351e-02 0.000000e+00 -3.741517e-02)	(-5.922782e-02 0.000000e+00 1.349324e-04)
4.320000e+04	lowerWall	(-7.952345e-02 0.000000e+00 -3.741519e-02)	(-5.922764e-02 0.000000e+00 2.105202e-04)
4.321000e+04	lowerWall	(-7.952365e-02 0.000000e+00 -3.741507e-02)	(-5.922796e-02 0.000000e+00 1.960909e-05)
4.322000e+04	lowerWall	(-7.952342e-02 0.000000e+00 -3.741524e-02)	(-5.922762e-02 0.000000e+00 3.121936e-04)
4.323000e+04	lowerWall	(-7.952345e-02 0.000000e+00 -3.741515e-02)	(-5.922746e-02 0.000000e+00 9.066801e-05)
4.324000e+04	lowerWall	(-7.952377e-02 0.000000e+00 -3.741494e-02)	(-5.922781e-02 0.000000e+00 1.967640e-05)
4.325000e+04	lowerWall	(-7.952364e-02 0.000000e+00 -3.741508e-02)	(-5.922789e-02 0.000000e+00 1.950606e-05)
4.326000e+04	lowerWall	(-7.952366e-02 0.000000e+00 -3.741501e-02)	(-5.922768e-02 0.000000e+00 1.938216e-05)
4.327000e+04	lowerWall	(-7.952369e-02 0.000000e+00 -3.741493e-02)	(-5.922769e-02 0.000000e+00 1.942972e-05)
4.328000e+04	lowerWall	(-7.952374e-02 0.000000e+00 -3.741488e-02)	(-5.922782e-02 0.000000e+00 1.952039e-05)
4.329000e+04	lowerWall	(-7.952380e-02 0.000000e+00 -3.741484e-02)	(-5.922799e-02 0.000000e+00 1.963566e-05)
4.330000e+04	lowerWall	(-7.952387e-02 0.000000e+00 -3.741479e-02)	(-5.922821e-02 0.000000e+00 1.979054e-05)
4.331000e+04	lowerWall	(-7.952405e-02 0.000000e+00 -3.741468e-02)	(-5.922853e-02 0.000000e+00 2.017257e-05)
4.332000e+04	lowerWall	(-7.952365e-02 0.000000e+00 -3.741502e-02)	(-5.922853e-02 0.000000e+00 9.348114e-05)
4.333000e+04	lowerWall	(-7.952379e-02 0.000000e+00 -3.741485e-02)	(-5.922831e-02 0.000000e+00 1.957811e-05)
4.334000e+04	lowerWall	(-7.952373e-02 0.000000e+00 -3.741480e-02)	(-5.922840e-02 0.000000e+00 1.996064e-05)
4.335000e+04	lowerWall	(-7.952355e-02 0.000000e+00 -3.741503e-02)	(-5.922817e-02 0.000000e+00 1.654644e-04)
4.336000e+04	lowerWall	(-7.952354e-02 0.000000e+00 -3.741504e-02)	(-5.922811e-02 0.000000e+00 1.858501e-04)
4.337000e+04	lowerWall	(-7.952351e-02 0.000000e+00 -3.741504e-02)	(-5.922796e-02 0.000000e+00 2.084876e-04)
4.338000e+04	lowerWall	(-7.952370e-02 0.000000e+00 -3.741497e-02)	(-5.922820e-02 0.000000e+00 1.960357e-05)
4.339000e+04	lowerWall	(-7.952367e-02 0.000000e+00 -3.741498e-02)	(-5.922809e-02 0.000000e+00 1.968537e-05)
4.340000e+04	lowerWall	(-7.952373e-02 0.000000e+00 -3.741499e-02)	(-5.922804e-02 0.000000e+00 1.969164e-05)
4.341000e+04	lowerWall	(-7.952374e-02 0.000000e+00 -3.741499e-02)	(-5.922796e-02 0.000000e+00 1.973285e-05)
4.342000e+04	lowerWall	(-7.952368e-02 0.000000e+00 -3.741500e-02)	(-5.922777e-02 0.000000e+00 1.986745e-05)
4.343000e+04	lowerWall	(-7.952372e-02 0.000000e+00 -3.741501e-02)	(-5.922766e-02 0.000000e+00 1.968596e-05)
4.344000e+04	lowerWall	(-7.952372e-02 0.000000e+00 -3.741501e-02)	(-5.916208e-02 0.000000e+00 1.973489e-05)
4.345000e+04	lowerWall	(-7.952363e-02 0.000000e+00 -3.741501e-02)	(-5.910921e-02 0.000000e+00 3.793284e-05)
4.346000e+04	lowerWall	(-7.952360e-02 0.000000e+00 -3.741502e-02)	(-5.910097e-02 0.000000e+00 8.839815e-05)
4.347000e+04	lowerWall	(-7.952359e-02 0.000000e+00 -3.741503e-02)	(-5.909959e-02 0.000000e+00 9.788083e-05)
4.348000e+04	lowerWall	(-7.952379e-02 0.000000e+00 -3.741500e-02)	(-5.916276e-02 0.000000e+00 1.998301e-05)
4.349000e+04	lowerWall	(-7.952382e-02 0.000000e+00 -3.741501e-02)	(-5.915647e-02 0.000000e+00 2.015353e-05)
4.350000e+04	lowerWall	(-7.952344e-02 0.000000e+00 -3.741505e-02)	(-5.909502e-02 0.000000e+00 1.196060e-04)
4.351000e+04	lowerWall	(-7.952351e-02 0.000000e+00 -3.741505e-02)	(-5.912657e-02 0.000000e+00 1.608073e-04)
4.352000e+04	lowerWall	(-7.952341e-02 0.000000e+00 -3.741513e-02)	(-5.919183e-02 0.000000e+00 1.639005e-04)
4.353000e+04	lowerWall	(-7.952428e-02 0.000000e+00 -3.741475e-02)	(-5.922690e-02 0.000000e+00 2.073529e-05)
4.354000e+04	lowerWall	(-7.952324e-02 0.000000e+00 -3.741520e-02)	(-5.922511e-02 0.000000e+00 6.848182e-04)
4.355000e+04	lowerWall	(-7.952279e-02 0.000000e+00 -3.741529e-02)	(-5.922408e-02 0.000000e+00 1.538275e-03)
4.356000e+04	lowerWall	(-7.952401e-02 0.000000e+00 -3.741498e-02)	(-5.922637e-02 0.000000e+00 2.078898e-05)
4.357000e+04	lowerWall	(-7.952404e-02 0.000000e+00 -3.741490e-02)	(-5.922699e-02 0.000000e+00 2.327068e-05)
4.358000e+04	lowerWall	(-7.952305e-02 0.000000e+00 -3.741511e-02)	(-5.922401e-02 0.000000e+00 1.035769e-03)
4.359000e+04	lowerWall	(-7.952301e-02 0.000000e+00 -3.741510e-02)	(-5.922304e-02 0.000000e+00 2.614543e-03)
4.360000e+04	lowerWall	(-7.952413e-02 0.000000e+00 -3.741512e-02)	(-5.922695e-02 0.000000e+00 2.193021e-05)
4.361000e+04	lowerWall	(-7.952352e-02 0.000000e+00 -3.741507e-02)	(-5.922547e-02 0.000000e+00 1.954420e-05)
4.362000e+04	lowerWall	(-7.952284e-02 0.000000e+00 -3.741513e-02)	(-5.922363e-02 0.000000e+00 1.263439e-03)
4.363000e+04	lowerWall	(-7.952377e-02 0.000000e+00 -3.741497e-02)	(-5.922582e-02 0.000000e+00 4.699841e-05)
4.364000e+04	lowerWall	(-7.952421e-02 0.000000e+00 -3.741495e-02)	(-5.922699e-02 0.000000e+00 7.852489e-05)
4.365000e+04	lowerWall	(-7.952338e-02 0.000000e+00 -3.741523e-02)	(-5.922533e-02 0.000000e+00 4.663487e-04)
4.366000e+04	lowerWall	(-7.952311e-02 0.000000e+00 -3.741520e-02)	(-5.922525e-02 0.000000e+00 6.480945e-04)
4.367000e+04	lowerWall	(-7.952275e-02 0.000000e+00 -3.741524e-02)	(-5.922468e-02 0.000000e+00 1.134706e-03)
4.368000e+04	lowerWall	(-7.952389e-02 0.000000e+00 -3.741491e-02)	(-5.922691e-02 0.000000e+00 2.307809e-05)
4.369000e+04	lowerWall	(-7.952424e-02 0.000000e+00 -3.741482e-02)	(-5.922778e-02 0.000000e+00 3.737238e-05)
4.370000e+04	lowerWall	(-7.952350e-02 0.000000e+00 -3.741508e-02)	(-5.922689e-02 0.000000e+00 7.113535e-05)
4.371000e+04	lowerWall	(-7.952356e-02 0.000000e+00 -3.741507e-02)	(-5.922690e-02 0.000000e+00 2.591469e-05)
4.372000e+04	lowerWall	(-7.952355e-02 0.000000e+00 -3.741509e-02)	(-5.922712e-02 0.000000e+00 4.131170e-04)
4.373000e+04	lowerWall	(-7.952366e-02 0.000000e+00 -3.741506e-02)	(-5.922734e-02 0.000000e+00 2.890714e-05)
4.374000e+04	lowerWall	(-7.952364e-02 0.000000e+00 -3.741507e-02)	(-5.922746e-02 0.000000e+00 2.247472e-05)
4.375000e+04	lowerWall	(-7.952363e-02 0.000000e+00 -3.741507e-02)	(-5.922753e-02 0.000000e+00 2.021441e-05)
4.376000e+04	lowerWall	(-7.952361e-02 0.000000e+00 -3.741506e-02)	(-5.922742e-02 0.000000e+00 2.104753e-05)
4.377000e+04	lowerWall	(-7.952363e-02 0.000000e+00 -3.741505e-02)	(-5.922750e-02 0.000000e+00 1.943632e-05)
4.378000e+04	lowerWall	(-7.952365e-02 0.000000e+00 -3.741505e-02)	(-5.922757e-02 0.000000e+00 2.111997e-05)
4.379000e+04	lowerWall	(-7.952368e-02 0.000000e+00 -3.741505e-02)	(-5.922767e-02 0.000000e+00 2.895657e-05)
4.380000e+04	lowerWall	(-7.952371e-02 0.000000e+00 -3.741504e-02)	(-5.922770e-02 0.000000e+00 3.203152e-05)
4.381000e+04	lowerWall	(-7.952374e-02 0.000000e+00 -3.741503e-02)	(-5.922777e-02 0.000000e+00 3.419154e-05)
4.382000e+04	lowerWall	(-7.952379e-02 0.000000e+00 -3.741502e-02)	(-5.922786e-02 0.000000e+00 3.602380e-05)
4.383000e+04	lowerWall	(-7.952385e-02 0.000000e+00 -3.741502e-02)	(-5.922798e-02 0.000000e+00 4.061413e-05)
4.384000e+04	lowerWall	(-7.952406e-02 0.000000e+00 -3.741502e-02)	(-5.922834e-02 0.000000e+00 4.624078e-05)
4.385000e+04	lowerWall	(-7.952416e-02 0.000000e+00 -3.741502e-02)	(-5.922862e-02 0.000000e+00 6.178554e-05)
4.386000e+04	lowerWall	(-7.952333e-02 0.000000e+00 -3.741506e-02)	(-5.922661e-02 0.000000e+00 3.870029e-04)
4.387000e+04	lowerWall	(-7.952328e-02 0.000000e+00 -3.741505e-02)	(-5.922630e-02 0.000000e+00 4.847785e-04)
4.388000e+04	lowerWall	(-7.952376e-02 0.000000e+00 -3.741507e-02)	(-5.922735e-02 0.000000e+00 3.762658e-05)
4.389000e+04	lowerWall	(-7.952378e-02 0.000000e+00 -3.741508e-02)	(-5.922732e-02 0.000000e+00 3.996480e-05)
4.390000e+04	lowerWall	(-7.952379e-02 0.000000e+00 -3.741509e-02)	(-5.922730e-02 0.000000e+00 4.354703e-05)
4.391000e+04	lowerWall	(-7.952384e-02 0.000000e+00 -3.741510e-02)	(-5.922735e-02 0.000000e+00 5.065104e-05)
4.392000e+04	lowerWall	(-7.952397e-02 0.000000e+00 -3.741514e-02)	(-5.922765e-02 0.000000e+00 6.589232e-05)
4.393000e+04	lowerWall	(-7.952345e-02 0.000000e+00 -3.741502e-02)	(-5.922587e-02 0.000000e+00 2.394292e-04)
4.394000e+04	lowerWall	(-7.952343e-02 0.000000e+00 -3.741500e-02)	(-5.922564e-02 0.000000e+00 2.839519e-04)
4.395000e+04	lowerWall	(-7.952366e-02 0.000000e+00 -3.741507e-02)	(-5.922629e-02 0.000000e+00 2.881834e-05)
4.396000e+04	lowerWall	(-7.952326e-02 0.000000e+00 -3.741490e-02)	(-5.922474e-02 0.000000e+00 5.818525e-04)
4.397000e+04	lowerWall	(-7.952352e-02 0.000000e+00 -3.741505e-02)	(-5.922549e-02 0.000000e+00 1.269648e-04)
4.398000e+04	lowerWall	(-7.952359e-02 0.000000e+00 -3.741503e-02)	(-5.922571e-02 0.000000e+00 1.963633e-05)
4.399000e+04	lowerWall	(-7.952371e-02 0.000000e+00 -3.741494e-02)	(-5.922594e-02 0.000000e+00 2.229913e-05)
4.400000e+04	lowerWall	(-7.952375e-02 0.000000e+00 -3.741495e-02)	(-5.922586e-02 0.000000e+00 1.987043e-05)
4.401000e+04	lowerWall	(-7.952382e-02 0.000000e+00 -3.741495e-02)	(-5.922598e-02 0.000000e+00 2.012366e-05)
4.402000e+04	lowerWall	(-7.952389e-02 0.000000e+00 -3.741496e-02)	(-5.922613e-02 0.000000e+00 2.041949e-05)
4.403000e+04	lowerWall	(-7.952431e-02 0.000000e+00 -3.741491e-02)	(-5.922705e-02 0.000000e+00 2.181532e-05)
4.404000e+04	lowerWall	(-7.952328e-02 0.000000e+00 -3.741511e-02)	(-5.922479e-02 0.000000e+00 5.080301e-04)
4.405000e+04	lowerWall	(-7.952307e-02 0.000000e+00 -3.741511e-02)	(-5.922422e-02 0.000000e+00 8.453144e-04)
4.406000e+04	lowerWall	(-7.952384e-02 0.000000e+00 -3.741508e-02)	(-5.922620e-02 0.000000e+00 2.052129e-05)
4.407000e+04	lowerWall	(-7.952385e-02 0.000000e+00 -3.741511e-02)	(-5.922674e-02 0.000000e+00 2.216659e-05)
4.408000e+04	lowerWall	(-7.952329e-02 0.000000e+00 -3.741504e-02)	(-5.922476e-02 0.000000e+00 5.489896e-04)
4.409000e+04	lowerWall	(-7.952358e-02 0.000000e+00 -3.741505e-02)	(-5.922571e-02 0.000000e+00 1.969454e-05)
4.410000e+04	lowerWall	(-7.952367e-02 0.000000e+00 -3.741506e-02)	(-5.922606e-02 0.000000e+00 1.980107e-05)
4.411000e+04	lowerWall	(-7.952370e-02 0.000000e+00 -3.741505e-02)	(-5.922632e-02 0.000000e+00 1.991187e-05)
4.412000e+04	lowerWall	(-7.952330e-02 0.000000e+00 -3.741512e-02)	(-5.922522e-02 0.000000e+00 9.234129e-04)
4.413000e+04	lowerWall	(-7.952440e-02 0.000000e+00 -3.741498e-02)	(-5.922827e-02 0.000000e+00 1.997603e-05)
4.414000e+04	lowerWall	(-7.952387e-02 0.000000e+00 -3.741496e-02)	(-5.922703e-02 0.000000e+00 2.011993e-05)
4.415000e+04	lowerWall	(-7.952346e-02 0.000000e+00 -3.741510e-02)	(-5.922649e-02 0.000000e+00 1.920060e-04)
4.416000e+04	lowerWall	(-7.952342e-02 0.000000e+00 -3.741509e-02)	(-5.922655e-02 0.000000e+00 2.294032e-04)
4.417000e+04	lowerWall	(-7.952437e-02 0.000000e+00 -3.741491e-02)	(-5.922861e-02 0.000000e+00 2.163893e-05)
4.418000e+04	lowerWall	(-7.952356e-02 0.000000e+00 -3.741502e-02)	(-5.922724e-02 0.000000e+00 1.967269e-05)
4.419000e+04	lowerWall	(-7.952322e-02 0.000000e+00 -3.741519e-02)	(-5.922665e-02 0.000000e+00 4.947763e-04)
4.420000e+04	lowerWall	(-7.952371e-02 0.000000e+00 -3.741507e-02)	(-5.922765e-02 0.000000e+00 3.604583e-05)
4.421000e+04	lowerWall	(-7.952348e-02 0.000000e+00 -3.741524e-02)	(-5.922762e-02 0.000000e+00 3.980015e-04)
4.422000e+04	lowerWall	(-7.952374e-02 0.000000e+00 -3.741497e-02)	(-5.922742e-02 0.000000e+00 1.958061e-05)
4.423000e+04	lowerWall	(-7.952379e-02 0.000000e+00 -3.741495e-02)	(-5.922753e-02 0.000000e+00 1.971746e-05)
4.424000e+04	lowerWall	(-7.952383e-02 0.000000e+00 -3.741482e-02)	(-5.922771e-02 0.000000e+00 2.043869e-05)
4.425000e+04	lowerWall	(-7.952344e-02 0.000000e+00 -3.741514e-02)	(-5.922716e-02 0.000000e+00 2.739364e-04)
4.426000e+04	lowerWall	(-7.952339e-02 0.000000e+00 -3.741514e-02)	(-5.922700e-02 0.000000e+00 3.373239e-04)
4.427000e+04	lowerWall	(-7.952371e-02 0.000000e+00 -3.741505e-02)	(-5.922743e-02 0.000000e+00 1.982002e-05)
4.428000e+04	lowerWall	(-7.952378e-02 0.000000e+00 -3.741505e-02)	(-5.922749e-02 0.000000e+00 2.000473e-05)
4.429000e+04	lowerWall	(-7.952355e-02 0.000000e+00 -3.741508e-02)	(-5.922702e-02 0.000000e+00 1.052458e-04)
4.430000e+04	lowerWall	(-7.952354e-02 0.000000e+00 -3.741508e-02)	(-5.922695e-02 0.000000e+00 1.196538e-04)
4.431000e+04	lowerWall	(-7.952364e-02 0.000000e+00 -3.741507e-02)	(-5.922712e-02 0.000000e+00 1.967491e-05)
4.432000e+04	lowerWall	(-7.952365e-02 0.000000e+00 -3.741507e-02)	(-5.922713e-02 0.000000e+00 1.972554e-05)
4.433000e+04	lowerWall	(-7.952366e-02 0.000000e+00 -3.741507e-02)	(-5.922716e-02 0.000000e+00 1.975330e-05)
4.434000e+04	lowerWall	(-7.952367e-02 0.000000e+00 -3.741507e-02)	(-5.922720e-02 0.000000e+00 1.979028e-05)
4.435000e+04	lowerWall	(-7.952368e-02 0.000000e+00 -3.741507e-02)	(-5.922726e-02 0.000000e+00 1.983633e-05)
4.436000e+04	lowerWall	(-7.952369e-02 0.000000e+00 -3.741507e-02)	(-5.922733e-02 0.000000e+00 1.989381e-05)
4.437000e+04	lowerWall	(-7.952373e-02 0.000000e+00 -3.741508e-02)	(-5.922747e-02 0.000000e+00 2.007447e-05)
4.438000e+04	lowerWall	(-7.952375e-02 0.000000e+00 -3.741509e-02)	(-5.922759e-02 0.000000e+00 2.018179e-05)
4.439000e+04	lowerWall	(-7.952360e-02 0.000000e+00 -3.741506e-02)	(-5.922721e-02 0.000000e+00 4.614398e-05)
4.440000e+04	lowerWall	(-7.952369e-02 0.000000e+00 -3.741506e-02)	(-5.922744e-02 0.000000e+00 1.985479e-05)
4.441000e+04	lowerWall	(-7.952357e-02 0.000000e+00 -3.741507e-02)	(-5.922717e-02 0.000000e+00 9.269483e-05)
4.442000e+04	lowerWall	(-7.952361e-02 0.000000e+00 -3.741505e-02)	(-5.922734e-02 0.000000e+00 1.966146e-05)
4.443000e+04	lowerWall	(-7.952368e-02 0.000000e+00 -3.741504e-02)	(-5.922744e-02 0.000000e+00 1.977525e-05)
4.444000e+04	lowerWall	(-7.952370e-02 0.000000e+00 -3.741503e-02)	(-5.922749e-02 0.000000e+00 1.983150e-05)
4.445000e+04	lowerWall	(-7.952360e-02 0.000000e+00 -3.741506e-02)	(-5.922732e-02 0.000000e+00 6.776841e-05)
4.446000e+04	lowerWall	(-7.952360e-02 0.000000e+00 -3.741506e-02)	(-5.922731e-02 0.000000e+00 7.605982e-05)
4.447000e+04	lowerWall	(-7.952360e-02 0.000000e+00 -3.741506e-02)	(-5.922731e-02 0.000000e+00 8.159181e-05)
4.448000e+04	lowerWall	(-7.952359e-02 0.000000e+00 -3.741506e-02)	(-5.922730e-02 0.000000e+00 8.792024e-05)
4.449000e+04	lowerWall	(-7.952364e-02 0.000000e+00 -3.741505e-02)	(-5.922743e-02 0.000000e+00 1.969439e-05)
4.450000e+04	lowerWall	(-7.952358e-02 0.000000e+00 -3.741506e-02)	(-5.922727e-02 0.000000e+00 1.148334e-04)
4.451000e+04	lowerWall	(-7.952357e-02 0.000000e+00 -3.741506e-02)	(-5.922724e-02 0.000000e+00 1.307570e-04)
4.452000e+04	lowerWall	(-7.952364e-02 0.000000e+00 -3.741505e-02)	(-5.922740e-02 0.000000e+00 1.973092e-05)
4.453000e+04	lowerWall	(-7.952366e-02 0.000000e+00 -3.741505e-02)	(-5.922745e-02 0.000000e+00 1.975580e-05)
4.454000e+04	lowerWall	(-7.952367e-02 0.000000e+00 -3.741505e-02)	(-5.922748e-02 0.000000e+00 1.977562e-05)
4.455000e+04	lowerWall	(-7.952363e-02 0.000000e+00 -3.741505e-02)	(-5.922739e-02 0.000000e+00 2.176127e-04)
4.456000e+04	lowerWall	(-7.952362e-02 0.000000e+00 -3.741505e-02)	(-5.922737e-02 0.000000e+00 6.008886e-05)
4.457000e+04	lowerWall	(-7.952369e-02 0.000000e+00 -3.741504e-02)	(-5.922757e-02 0.000000e+00 1.986655e-05)
4.458000e+04	lowerWall	(-7.952370e-02 0.000000e+00 -3.741505e-02)	(-5.922762e-02 0.000000e+00 1.991484e-05)
4.459000e+04	lowerWall	(-7.952371e-02 0.000000e+00 -3.741505e-02)	(-5.922767e-02 0.000000e+00 1.997175e-05)
4.460000e+04	lowerWall	(-7.952360e-02 0.000000e+00 -3.741504e-02)	(-5.922736e-02 0.000000e+00 1.221929e-04)
4.461000e+04	lowerWall	(-7.952365e-02 0.000000e+00 -3.741505e-02)	(-5.922753e-02 0.000000e+00 1.972932e-05)
4.462000e+04	lowerWall	(-7.952358e-02 0.000000e+00 -3.741503e-02)	(-5.922734e-02 0.000000e+00 1.650718e-04)
4.463000e+04	lowerWall	(-7.952366e-02 0.000000e+00 -3.741505e-02)	(-5.922758e-02 0.000000e+00 1.975917e-05)
4.464000e+04	lowerWall	(-7.952366e-02 0.000000e+00 -3.741505e-02)	(-5.922761e-02 0.000000e+00 1.977838e-05)
4.465000e+04	lowerWall	(-7.952365e-02 0.000000e+00 -3.741504e-02)	(-5.922757e-02 0.000000e+00 2.280266e-05)
4.466000e+04	lowerWall	(-7.952362e-02 0.000000e+00 -3.741504e-02)	(-5.922748e-02 0.000000e+00 8.533599e-05)
4.467000e+04	lowerWall	(-7.952362e-02 0.000000e+00 -3.741504e-02)	(-5.922748e-02 0.000000e+00 9.849276e-05)
4.468000e+04	lowerWall	(-7.952364e-02 0.000000e+00 -3.741504e-02)	(-5.922756e-02 0.000000e+00 3.420196e-05)
4.469000e+04	lowerWall	(-7.952363e-02 0.000000e+00 -3.741504e-02)	(-5.922754e-02 0.000000e+00 4.834913e-05)
4.470000e+04	lowerWall	(-7.952363e-02 0.000000e+00 -3.741504e-02)	(-5.922754e-02 0.000000e+00 5.025237e-05)
4.471000e+04	lowerWall	(-7.952363e-02 0.000000e+00 -3.741504e-02)	(-5.922754e-02 0.000000e+00 5.238807e-05)
4.472000e+04	lowerWall	(-7.952364e-02 0.000000e+00 -3.741504e-02)	(-5.922754e-02 0.000000e+00 5.500819e-05)
4.473000e+04	lowerWall	(-7.952363e-02 0.000000e+00 -3.741504e-02)	(-5.922753e-02 0.000000e+00 5.747804e-05)
4.474000e+04	lowerWall	(-7.952363e-02 0.000000e+00 -3.741504e-02)	(-5.922753e-02 0.000000e+00 6.012305e-05)
4.475000e+04	lowerWall	(-7.952364e-02 0.000000e+00 -3.741503e-02)	(-5.922752e-02 0.000000e+00 6.216388e-05)
4.476000e+04	lowerWall	(-7.952364e-02 0.000000e+00 -3.741503e-02)	(-5.922752e-02 0.000000e+00 6.510068e-05)
4.477000e+04	lowerWall	(-7.952363e-02 0.000000e+00 -3.741503e-02)	(-5.922750e-02 0.000000e+00 7.880613e-05)
4.478000e+04	lowerWall	(-7.952364e-02 0.000000e+00 -3.741503e-02)	(-5.922750e-02 0.000000e+00 1.076139e-04)
4.479000e+04	lowerWall	(-7.952365e-02 0.000000e+00 -3.741504e-02)	(-5.922757e-02 0.000000e+00 1.972433e-05)
4.480000e+04	lowerWall	(-7.952365e-02 0.000000e+00 -3.741504e-02)	(-5.922758e-02 0.000000e+00 1.972961e-05)
4.481000e+04	lowerWall	(-7.952365e-02 0.000000e+00 -3.741504e-02)	(-5.922760e-02 0.000000e+00 1.974947e-05)
4.482000e+04	lowerWall	(-7.952365e-02 0.000000e+00 -3.741504e-02)	(-5.922762e-02 0.000000e+00 1.975882e-05)
4.483000e+04	lowerWall	(-7.952364e-02 0.000000e+00 -3.741504e-02)	(-5.922758e-02 0.000000e+00 2.847732e-05)
4.484000e+04	lowerWall	(-7.952363e-02 0.000000e+00 -3.741503e-02)	(-5.922753e-02 0.000000e+00 8.770940e-05)
4.485000e+04	lowerWall	(-7.952365e-02 0.000000e+00 -3.741503e-02)	(-5.922762e-02 0.000000e+00 4.773362e-05)
4.486000e+04	lowerWall	(-7.952365e-02 0.000000e+00 -3.741504e-02)	(-5.922764e-02 0.000000e+00 1.974817e-05)
4.487000e+04	lowerWall	(-7.952365e-02 0.000000e+00 -3.741504e-02)	(-5.922765e-02 0.000000e+00 1.975559e-05)
4.488000e+04	lowerWall	(-7.952365e-02 0.000000e+00 -3.741504e-02)	(-5.922767e-02 0.000000e+00 1.976467e-05)
4.489000e+04	lowerWall	(-7.952365e-02 0.000000e+00 -3.741504e-02)	(-5.922765e-02 0.000000e+00 3.187835e-05)
4.490000e+04	lowerWall	(-7.952363e-02 0.000000e+00 -3.741503e-02)	(-5.922759e-02 0.000000e+00 9.041047e-05)
4.491000e+04	lowerWall	(-7.952365e-02 0.000000e+00 -3.741504e-02)	(-5.922767e-02 0.000000e+00 1.974412e-05)
4.492000e+04	lowerWall	(-7.952365e-02 0.000000e+00 -3.741504e-02)	(-5.922768e-02 0.000000e+00 1.974760e-05)
4.493000e+04	lowerWall	(-7.952365e-02 0.000000e+00 -3.741503e-02)	(-5.922764e-02 0.000000e+00 4.953929e-05)
4.494000e+04	lowerWall	(-7.952365e-02 0.000000e+00 -3.741503e-02)	(-5.922764e-02 0.000000e+00 4.974448e-05)
4.495000e+04	lowerWall	(-7.952365e-02 0.000000e+00 -3.741503e-02)	(-5.922764e-02 0.000000e+00 4.985363e-05)
4.496000e+04	lowerWall	(-7.952365e-02 0.000000e+00 -3.741503e-02)	(-5.922764e-02 0.000000e+00 5.008061e-05)
4.497000e+04	lowerWall	(-7.952365e-02 0.000000e+00 -3.741503e-02)	(-5.922764e-02 0.000000e+00 5.022557e-05)
4.498000e+04	lowerWall	(-7.952365e-02 0.000000e+00 -3.741503e-02)	(-5.922764e-02 0.000000e+00 5.309835e-05)
4.499000e+04	lowerWall	(-7.952365e-02 0.000000e+00 -3.741503e-02)	(-5.922764e-02 0.000000e+00 5.607119e-05)
4.500000e+04	lowerWall	(-7.952365e-02 0.000000e+00 -3.741503e-02)	(-5.922763e-02 0.000000e+00 5.916915e-05)
4.501000e+04	lowerWall	(-7.952365e-02 0.000000e+00 -3.741504e-02)	(-5.922770e-02 0.000000e+00 1.977447e-05)
4.502000e+04	lowerWall	(-7.952365e-02 0.000000e+00 -3.741505e-02)	(-5.922770e-02 0.000000e+00 1.977952e-05)
4.503000e+04	lowerWall	(-7.952365e-02 0.000000e+00 -3.741505e-02)	(-5.922770e-02 0.000000e+00 1.978640e-05)
4.504000e+04	lowerWall	(-7.952365e-02 0.000000e+00 -3.741505e-02)	(-5.922770e-02 0.000000e+00 1.979439e-05)
4.505000e+04	lowerWall	(-7.952365e-02 0.000000e+00 -3.741505e-02)	(-5.922771e-02 0.000000e+00 1.980411e-05)
4.506000e+04	lowerWall	(-7.952365e-02 0.000000e+00 -3.741503e-02)	(-5.922762e-02 0.000000e+00 8.247289e-05)
4.507000e+04	lowerWall	(-7.952365e-02 0.000000e+00 -3.741503e-02)	(-5.922762e-02 0.000000e+00 8.703306e-05)
4.508000e+04	lowerWall	(-7.952365e-02 0.000000e+00 -3.741503e-02)	(-5.922763e-02 0.000000e+00 4.859740e-05)
4.509000e+04	lowerWall	(-7.952365e-02 0.000000e+00 -3.741503e-02)	(-5.922763e-02 0.000000e+00 4.896355e-05)
4.510000e+04	lowerWall	(-7.952365e-02 0.000000e+00 -3.741503e-02)	(-5.922762e-02 0.000000e+00 5.516819e-05)
4.511000e+04	lowerWall	(-7.952365e-02 0.000000e+00 -3.741503e-02)	(-5.922762e-02 0.000000e+00 5.670352e-05)
4.512000e+04	lowerWall	(-7.952365e-02 0.000000e+00 -3.741503e-02)	(-5.922761e-02 0.000000e+00 5.792058e-05)
4.513000e+04	lowerWall	(-7.952365e-02 0.000000e+00 -3.741503e-02)	(-5.922761e-02 0.000000e+00 6.491939e-05)
4.514000e+04	lowerWall	(-7.952365e-02 0.000000e+00 -3.741503e-02)	(-5.922760e-02 0.000000e+00 6.593640e-05)
4.515000e+04	lowerWall	(-7.952365e-02 0.000000e+00 -3.741503e-02)	(-5.922760e-02 0.000000e+00 6.660928e-05)
4.516000e+04	lowerWall	(-7.952365e-02 0.000000e+00 -3.741503e-02)	(-5.922759e-02 0.000000e+00 6.723248e-05)
4.517000e+04	lowerWall	(-7.952365e-02 0.000000e+00 -3.741503e-02)	(-5.922759e-02 0.000000e+00 6.713242e-05)
4.518000e+04	lowerWall	(-7.952365e-02 0.000000e+00 -3.741503e-02)	(-5.922758e-02 0.000000e+00 6.828599e-05)
4.519000e+04	lowerWall	(-7.952365e-02 0.000000e+00 -3.741503e-02)	(-5.922760e-02 0.000000e+00 3.374173e-05)
4.520000e+04	lowerWall	(-7.952365e-02 0.000000e+00 -3.741503e-02)	(-5.922759e-02 0.000000e+00 3.239943e-05)
4.521000e+04	lowerWall	(-7.952365e-02 0.000000e+00 -3.741503e-02)	(-5.922758e-02 0.000000e+00 6.921416e-05)
4.522000e+04	lowerWall	(-7.952365e-02 0.000000e+00 -3.741503e-02)	(-5.922758e-02 0.000000e+00 6.999791e-05)
4.523000e+04	lowerWall	(-7.952366e-02 0.000000e+00 -3.741502e-02)	(-5.922757e-02 0.000000e+00 8.432511e-05)
4.524000e+04	lowerWall	(-7.952366e-02 0.000000e+00 -3.741502e-02)	(-5.922757e-02 0.000000e+00 9.217232e-05)
4.525000e+04	lowerWall	(-7.952365e-02 0.000000e+00 -3.741503e-02)	(-5.922760e-02 0.000000e+00 2.794491e-05)
4.526000e+04	lowerWall	(-7.952365e-02 0.000000e+00 -3.741504e-02)	(-5.922760e-02 0.000000e+00 2.452301e-05)
4.527000e+04	lowerWall	(-7.952365e-02 0.000000e+00 -3.741504e-02)	(-5.922760e-02 0.000000e+00 2.142951e-05)
4.528000e+04	lowerWall	(-7.952365e-02 0.000000e+00 -3.741504e-02)	(-5.922760e-02 0.000000e+00 1.973095e-05)
4.529000e+04	lowerWall	(-7.952365e-02 0.000000e+00 -3.741504e-02)	(-5.922760e-02 0.000000e+00 1.973083e-05)
4.530000e+04	lowerWall	(-7.952365e-02 0.000000e+00 -3.741504e-02)	(-5.922759e-02 0.000000e+00 1.973314e-05)
4.531000e+04	lowerWall	(-7.952365e-02 0.000000e+00 -3.741503e-02)	(-5.922757e-02 0.000000e+00 5.364676e-05)
4.532000e+04	lowerWall	(-7.952365e-02 0.000000e+00 -3.741503e-02)	(-5.922757e-02 0.000000e+00 5.589115e-05)
4.533000e+04	lowerWall	(-7.952365e-02 0.000000e+00 -3.741503e-02)	(-5.922757e-02 0.000000e+00 5.635662e-05)
4.534000e+04	lowerWall	(-7.952365e-02 0.000000e+00 -3.741503e-02)	(-5.922756e-02 0.000000e+00 5.766382e-05)
4.535000e+04	lowerWall	(-7.952365e-02 0.000000e+00 -3.741503e-02)	(-5.922756e-02 0.000000e+00 5.811173e-05)
4.536000e+04	lowerWall	(-7.952365e-02 0.000000e+00 -3.741503e-02)	(-5.922755e-02 0.000000e+00 5.818615e-05)
4.537000e+04	lowerWall	(-7.952365e-02 0.000000e+00 -3.741503e-02)	(-5.922755e-02 0.000000e+00 5.817264e-05)
4.538000e+04	lowerWall	(-7.952365e-02 0.000000e+00 -3.741503e-02)	(-5.922754e-02 0.000000e+00 5.758826e-05)
4.539000e+04	lowerWall	(-7.952365e-02 0.000000e+00 -3.741503e-02)	(-5.922753e-02 0.000000e+00 5.633258e-05)
4.540000e+04	lowerWall	(-7.952365e-02 0.000000e+00 -3.741503e-02)	(-5.922753e-02 0.000000e+00 5.454995e-05)
4.541000e+04	lowerWall	(-7.952365e-02 0.000000e+00 -3.741503e-02)	(-5.922752e-02 0.000000e+00 5.589963e-05)
4.542000e+04	lowerWall	(-7.952365e-02 0.000000e+00 -3.741503e-02)	(-5.922751e-02 0.000000e+00 5.845719e-05)
4.543000e+04	lowerWall	(-7.952365e-02 0.000000e+00 -3.741503e-02)	(-5.922751e-02 0.000000e+00 6.076009e-05)
4.544000e+04	lowerWall	(-7.952365e-02 0.000000e+00 -3.741503e-02)	(-5.922751e-02 0.000000e+00 6.817821e-05)
4.545000e+04	lowerWall	(-7.952365e-02 0.000000e+00 -3.741503e-02)	(-5.922751e-02 0.000000e+00 3.837757e-05)
4.546000e+04	lowerWall	(-7.952365e-02 0.000000e+00 -3.741503e-02)	(-5.922750e-02 0.000000e+00 4.009548e-05)
4.547000e+04	lowerWall	(-7.952365e-02 0.000000e+00 -3.741503e-02)	(-5.922750e-02 0.000000e+00 6.909696e-05)
4.548000e+04	lowerWall	(-7.952365e-02 0.000000e+00 -3.741503e-02)	(-5.922750e-02 0.000000e+00 6.943813e-05)
4.549000e+04	lowerWall	(-7.952365e-02 0.000000e+00 -3.741503e-02)	(-5.922750e-02 0.000000e+00 6.836104e-05)
4.550000e+04	lowerWall	(-7.952365e-02 0.000000e+00 -3.741503e-02)	(-5.922750e-02 0.000000e+00 6.632553e-05)
4.551000e+04	lowerWall	(-7.952365e-02 0.000000e+00 -3.741503e-02)	(-5.922750e-02 0.000000e+00 6.435566e-05)
4.552000e+04	lowerWall	(-7.952365e-02 0.000000e+00 -3.741503e-02)	(-5.922751e-02 0.000000e+00 3.768635e-05)
4.553000e+04	lowerWall	(-7.952365e-02 0.000000e+00 -3.741503e-02)	(-5.922751e-02 0.000000e+00 7.058901e-05)
4.554000e+04	lowerWall	(-7.952365e-02 0.000000e+00 -3.741503e-02)	(-5.922752e-02 0.000000e+00 7.097747e-05)
4.555000e+04	lowerWall	(-7.952365e-02 0.000000e+00 -3.741503e-02)	(-5.922752e-02 0.000000e+00 6.762366e-05)
4.556000e+04	lowerWall	(-7.952365e-02 0.000000e+00 -3.741503e-02)	(-5.922753e-02 0.000000e+00 6.729653e-05)
4.557000e+04	lowerWall	(-7.952365e-02 0.000000e+00 -3.741503e-02)	(-5.922753e-02 0.000000e+00 6.884650e-05)
4.558000e+04	lowerWall	(-7.952366e-02 0.000000e+00 -3.741503e-02)	(-5.922753e-02 0.000000e+00 6.940383e-05)
4.559000e+04	lowerWall	(-7.952366e-02 0.000000e+00 -3.741503e-02)	(-5.922753e-02 0.000000e+00 6.825918e-05)
4.560000e+04	lowerWall	(-7.952366e-02 0.000000e+00 -3.741503e-02)	(-5.922753e-02 0.000000e+00 7.140753e-05)
4.561000e+04	lowerWall	(-7.952366e-02 0.000000e+00 -3.741503e-02)	(-5.922753e-02 0.000000e+00 7.332744e-05)
4.562000e+04	lowerWall	(-7.952366e-02 0.000000e+00 -3.741503e-02)	(-5.922753e-02 0.000000e+00 7.390541e-05)
4.563000e+04	lowerWall	(-7.952363e-02 0.000000e+00 -3.741504e-02)	(-5.922751e-02 0.000000e+00 2.782391e-05)
4.564000e+04	lowerWall	(-7.952366e-02 0.000000e+00 -3.741501e-02)	(-5.922749e-02 0.000000e+00 1.141993e-04)
4.565000e+04	lowerWall	(-7.952367e-02 0.000000e+00 -3.741501e-02)	(-5.922748e-02 0.000000e+00 1.215730e-04)
4.566000e+04	lowerWall	(-7.952364e-02 0.000000e+00 -3.741504e-02)	(-5.922752e-02 0.000000e+00 1.968450e-05)
4.567000e+04	lowerWall	(-7.952365e-02 0.000000e+00 -3.741503e-02)	(-5.922750e-02 0.000000e+00 4.969294e-05)
4.568000e+04	lowerWall	(-7.952365e-02 0.000000e+00 -3.741503e-02)	(-5.922749e-02 0.000000e+00 5.207051e-05)
4.569000e+04	lowerWall	(-7.952365e-02 0.000000e+00 -3.741503e-02)	(-5.922749e-02 0.000000e+00 5.408452e-05)
4.570000e+04	lowerWall	(-7.952365e-02 0.000000e+00 -3.741503e-02)	(-5.922748e-02 0.000000e+00 5.691171e-05)
4.571000e+04	lowerWall	(-7.952365e-02 0.000000e+00 -3.741503e-02)	(-5.922748e-02 0.000000e+00 6.001508e-05)
4.572000e+04	lowerWall	(-7.952365e-02 0.000000e+00 -3.741503e-02)	(-5.922748e-02 0.000000e+00 6.298715e-05)
4.573000e+04	lowerWall	(-7.952363e-02 0.000000e+00 -3.741504e-02)	(-5.922749e-02 0.000000e+00 1.967550e-05)
4.574000e+04	lowerWall	(-7.952363e-02 0.000000e+00 -3.741504e-02)	(-5.922749e-02 0.000000e+00 1.967583e-05)
4.575000e+04	lowerWall	(-7.952363e-02 0.000000e+00 -3.741504e-02)	(-5.922750e-02 0.000000e+00 2.023932e-05)
4.576000e+04	lowerWall	(-7.952363e-02 0.000000e+00 -3.741504e-02)	(-5.922751e-02 0.000000e+00 1.967694e-05)
4.577000e+04	lowerWall	(-7.952363e-02 0.000000e+00 -3.741504e-02)	(-5.922751e-02 0.000000e+00 1.967690e-05)
4.578000e+04	lowerWall	(-7.952363e-02 0.000000e+00 -3.741505e-02)	(-5.922751e-02 0.000000e+00 1.967743e-05)
4.579000e+04	lowerWall	(-7.952363e-02 0.000000e+00 -3.741505e-02)	(-5.922753e-02 0.000000e+00 2.279393e-05)
4.580000e+04	lowerWall	(-7.952365e-02 0.000000e+00 -3.741503e-02)	(-5.922753e-02 0.000000e+00 6.120605e-05)
4.581000e+04	lowerWall	(-7.952364e-02 0.000000e+00 -3.741504e-02)	(-5.922754e-02 0.000000e+00 2.748041e-05)
4.582000e+04	lowerWall	(-7.952368e-02 0.000000e+00 -3.741501e-02)	(-5.922752e-02 0.000000e+00 1.275789e-04)
4.583000e+04	lowerWall	(-7.952363e-02 0.000000e+00 -3.741504e-02)	(-5.922756e-02 0.000000e+00 1.966928e-05)
4.584000e+04	lowerWall	(-7.952363e-02 0.000000e+00 -3.741504e-02)	(-5.922757e-02 0.000000e+00 1.966911e-05)
4.585000e+04	lowerWall	(-7.952363e-02 0.000000e+00 -3.741504e-02)	(-5.922757e-02 0.000000e+00 2.351228e-05)
4.586000e+04	lowerWall	(-7.952363e-02 0.000000e+00 -3.741504e-02)	(-5.922757e-02 0.000000e+00 2.473531e-05)
4.587000e+04	lowerWall	(-7.952363e-02 0.000000e+00 -3.741505e-02)	(-5.922758e-02 0.000000e+00 2.121208e-05)
4.588000e+04	lowerWall	(-7.952365e-02 0.000000e+00 -3.741503e-02)	(-5.922757e-02 0.000000e+00 5.228346e-05)
4.589000e+04	lowerWall	(-7.952365e-02 0.000000e+00 -3.741503e-02)	(-5.922757e-02 0.000000e+00 5.483921e-05)
4.590000e+04	lowerWall	(-7.952364e-02 0.000000e+00 -3.741506e-02)	(-5.922762e-02 0.000000e+00 1.972100e-05)
4.591000e+04	lowerWall	(-7.952365e-02 0.000000e+00 -3.741503e-02)	(-5.922755e-02 0.000000e+00 5.437213e-05)
4.592000e+04	lowerWall	(-7.952365e-02 0.000000e+00 -3.741503e-02)	(-5.922753e-02 0.000000e+00 5.876738e-05)
4.593000e+04	lowerWall	(-7.952365e-02 0.000000e+00 -3.741503e-02)	(-5.922752e-02 0.000000e+00 6.045131e-05)
4.594000e+04	lowerWall	(-7.952366e-02 0.000000e+00 -3.741502e-02)	(-5.922750e-02 0.000000e+00 7.232629e-05)
4.595000e+04	lowerWall	(-7.952366e-02 0.000000e+00 -3.741502e-02)	(-5.922747e-02 0.000000e+00 8.018287e-05)
4.596000e+04	lowerWall	(-7.952364e-02 0.000000e+00 -3.741504e-02)	(-5.922750e-02 0.000000e+00 2.472155e-05)
4.597000e+04	lowerWall	(-7.952365e-02 0.000000e+00 -3.741504e-02)	(-5.922751e-02 0.000000e+00 3.185431e-05)
4.598000e+04	lowerWall	(-7.952366e-02 0.000000e+00 -3.741497e-02)	(-5.922725e-02 0.000000e+00 2.569921e-04)
4.599000e+04	lowerWall	(-7.952366e-02 0.000000e+00 -3.741495e-02)	(-5.922721e-02 0.000000e+00 3.401603e-04)
4.600000e+04	lowerWall	(-7.952366e-02 0.000000e+00 -3.741488e-02)	(-5.922698e-02 0.000000e+00 5.782363e-04)
4.601000e+04	lowerWall	(-7.952365e-02 0.000000e+00 -3.741500e-02)	(-5.922735e-02 0.000000e+00 8.272608e-05)
4.602000e+04	lowerWall	(-7.952366e-02 0.000000e+00 -3.741500e-02)	(-5.922734e-02 0.000000e+00 9.622633e-05)
4.603000e+04	lowerWall	(-7.952366e-02 0.000000e+00 -3.741499e-02)	(-5.922733e-02 0.000000e+00 1.134472e-04)
4.604000e+04	lowerWall	(-7.952367e-02 0.000000e+00 -3.741498e-02)	(-5.922733e-02 0.000000e+00 1.710953e-04)
4.605000e+04	lowerWall	(-7.952364e-02 0.000000e+00 -3.741502e-02)	(-5.922742e-02 0.000000e+00 2.825374e-05)
4.606000e+04	lowerWall	(-7.952360e-02 0.000000e+00 -3.741503e-02)	(-5.922739e-02 0.000000e+00 4.186284e-05)
4.607000e+04	lowerWall	(-7.952367e-02 0.000000e+00 -3.741503e-02)	(-5.922754e-02 0.000000e+00 2.569393e-05)
4.608000e+04	lowerWall	(-7.952367e-02 0.000000e+00 -3.741504e-02)	(-5.922759e-02 0.000000e+00 2.389115e-05)
4.609000e+04	lowerWall	(-7.952367e-02 0.000000e+00 -3.741505e-02)	(-5.922764e-02 0.000000e+00 2.456692e-05)
4.610000e+04	lowerWall	(-7.952367e-02 0.000000e+00 -3.741506e-02)	(-5.922770e-02 0.000000e+00 2.013611e-05)
4.611000e+04	lowerWall	(-7.952366e-02 0.000000e+00 -3.741506e-02)	(-5.922774e-02 0.000000e+00 1.985448e-05)
4.612000e+04	lowerWall	(-7.952366e-02 0.000000e+00 -3.741507e-02)	(-5.922782e-02 0.000000e+00 1.988059e-05)
4.613000e+04	lowerWall	(-7.952365e-02 0.000000e+00 -3.741502e-02)	(-5.922765e-02 0.000000e+00 9.298258e-05)
4.614000e+04	lowerWall	(-7.952366e-02 0.000000e+00 -3.741502e-02)	(-5.922772e-02 0.000000e+00 9.092104e-05)
4.615000e+04	lowerWall	(-7.952366e-02 0.000000e+00 -3.741504e-02)	(-5.922782e-02 0.000000e+00 4.710868e-05)
4.616000e+04	lowerWall	(-7.952366e-02 0.000000e+00 -3.741504e-02)	(-5.922785e-02 0.000000e+00 4.482935e-05)
4.617000e+04	lowerWall	(-7.952360e-02 0.000000e+00 -3.741503e-02)	(-5.922762e-02 0.000000e+00 7.787448e-05)
4.618000e+04	lowerWall	(-7.952365e-02 0.000000e+00 -3.741504e-02)	(-5.922787e-02 0.000000e+00 5.833827e-05)
4.619000e+04	lowerWall	(-7.952364e-02 0.000000e+00 -3.741503e-02)	(-5.922787e-02 0.000000e+00 5.515168e-05)
4.620000e+04	lowerWall	(-7.952364e-02 0.000000e+00 -3.741503e-02)	(-5.922789e-02 0.000000e+00 5.336469e-05)
4.621000e+04	lowerWall	(-7.952364e-02 0.000000e+00 -3.741503e-02)	(-5.922789e-02 0.000000e+00 5.611489e-05)
4.622000e+04	lowerWall	(-7.952369e-02 0.000000e+00 -3.741504e-02)	(-5.922806e-02 0.000000e+00 1.982326e-05)
4.623000e+04	lowerWall	(-7.952365e-02 0.000000e+00 -3.741503e-02)	(-5.922793e-02 0.000000e+00 4.546511e-05)
4.624000e+04	lowerWall	(-7.952365e-02 0.000000e+00 -3.741503e-02)	(-5.922792e-02 0.000000e+00 4.585579e-05)
4.625000e+04	lowerWall	(-7.952365e-02 0.000000e+00 -3.741503e-02)	(-5.922794e-02 0.000000e+00 2.562654e-05)
4.626000e+04	lowerWall	(-7.952367e-02 0.000000e+00 -3.741503e-02)	(-5.922797e-02 0.000000e+00 1.969654e-05)
4.627000e+04	lowerWall	(-7.952367e-02 0.000000e+00 -3.741503e-02)	(-5.922797e-02 0.000000e+00 1.974772e-05)
4.628000e+04	lowerWall	(-7.952367e-02 0.000000e+00 -3.741503e-02)	(-5.922795e-02 0.000000e+00 1.976498e-05)
4.629000e+04	lowerWall	(-7.952365e-02 0.000000e+00 -3.741503e-02)	(-5.922787e-02 0.000000e+00 1.967306e-05)
4.630000e+04	lowerWall	(-7.952365e-02 0.000000e+00 -3.741503e-02)	(-5.922784e-02 0.000000e+00 4.031854e-05)
4.631000e+04	lowerWall	(-7.952364e-02 0.000000e+00 -3.741503e-02)	(-5.922781e-02 0.000000e+00 4.571315e-05)
4.632000e+04	lowerWall	(-7.952364e-02 0.000000e+00 -3.741503e-02)	(-5.922778e-02 0.000000e+00 5.052233e-05)
4.633000e+04	lowerWall	(-7.952364e-02 0.000000e+00 -3.741503e-02)	(-5.922774e-02 0.000000e+00 5.595551e-05)
4.634000e+04	lowerWall	(-7.952364e-02 0.000000e+00 -3.741503e-02)	(-5.922771e-02 0.000000e+00 6.163889e-05)
4.635000e+04	lowerWall	(-7.952363e-02 0.000000e+00 -3.741502e-02)	(-5.922768e-02 0.000000e+00 6.700237e-05)
4.636000e+04	lowerWall	(-7.952362e-02 0.000000e+00 -3.741503e-02)	(-5.922762e-02 0.000000e+00 4.880083e-05)
4.637000e+04	lowerWall	(-7.952364e-02 0.000000e+00 -3.741503e-02)	(-5.922768e-02 0.000000e+00 5.438913e-05)
4.638000e+04	lowerWall	(-7.952364e-02 0.000000e+00 -3.741503e-02)	(-5.922767e-02 0.000000e+00 6.044520e-05)
4.639000e+04	lowerWall	(-7.952364e-02 0.000000e+00 -3.741502e-02)	(-5.922766e-02 0.000000e+00 6.765121e-05)
4.640000e+04	lowerWall	(-7.952363e-02 0.000000e+00 -3.741502e-02)	(-5.922766e-02 0.000000e+00 7.613994e-05)
4.641000e+04	lowerWall	(-7.952363e-02 0.000000e+00 -3.741502e-02)	(-5.922766e-02 0.000000e+00 8.874010e-05)
4.642000e+04	lowerWall	(-7.952362e-02 0.000000e+00 -3.741501e-02)	(-5.922766e-02 0.000000e+00 1.010442e-04)
4.643000e+04	lowerWall	(-7.952362e-02 0.000000e+00 -3.741501e-02)	(-5.922766e-02 0.000000e+00 1.199801e-04)
4.644000e+04	lowerWall	(-7.952365e-02 0.000000e+00 -3.741500e-02)	(-5.922773e-02 0.000000e+00 1.597075e-04)
4.645000e+04	lowerWall	(-7.952360e-02 0.000000e+00 -3.741500e-02)	(-5.922765e-02 0.000000e+00 1.629905e-04)
4.646000e+04	lowerWall	(-7.952389e-02 0.000000e+00 -3.741517e-02)	(-5.922894e-02 0.000000e+00 2.087027e-05)
4.647000e+04	lowerWall	(-7.952367e-02 0.000000e+00 -3.741504e-02)	(-5.922809e-02 0.000000e+00 1.970756e-05)
4.648000e+04	lowerWall	(-7.952363e-02 0.000000e+00 -3.741503e-02)	(-5.922787e-02 0.000000e+00 7.375334e-05)
4.649000e+04	lowerWall	(-7.952362e-02 0.000000e+00 -3.741502e-02)	(-5.922785e-02 0.000000e+00 8.166829e-05)
4.650000e+04	lowerWall	(-7.952369e-02 0.000000e+00 -3.741503e-02)	(-5.922806e-02 0.000000e+00 4.455725e-05)
4.651000e+04	lowerWall	(-7.952374e-02 0.000000e+00 -3.741501e-02)	(-5.922813e-02 0.000000e+00 1.989338e-05)
4.652000e+04	lowerWall	(-7.952375e-02 0.000000e+00 -3.741501e-02)	(-5.922818e-02 0.000000e+00 1.999095e-05)
4.653000e+04	lowerWall	(-7.952377e-02 0.000000e+00 -3.741501e-02)	(-5.922824e-02 0.000000e+00 2.008132e-05)
4.654000e+04	lowerWall	(-7.952380e-02 0.000000e+00 -3.741501e-02)	(-5.922833e-02 0.000000e+00 2.019606e-05)
4.655000e+04	lowerWall	(-7.952361e-02 0.000000e+00 -3.741502e-02)	(-5.922778e-02 0.000000e+00 1.069739e-04)
4.656000e+04	lowerWall	(-7.952385e-02 0.000000e+00 -3.741504e-02)	(-5.922842e-02 0.000000e+00 2.049716e-05)
4.657000e+04	lowerWall	(-7.952390e-02 0.000000e+00 -3.741507e-02)	(-5.922860e-02 0.000000e+00 2.072199e-05)
4.658000e+04	lowerWall	(-7.952397e-02 0.000000e+00 -3.741508e-02)	(-5.922878e-02 0.000000e+00 2.097185e-05)
4.659000e+04	lowerWall	(-7.952402e-02 0.000000e+00 -3.741512e-02)	(-5.922897e-02 0.000000e+00 2.128810e-05)
4.660000e+04	lowerWall	(-7.952355e-02 0.000000e+00 -3.741503e-02)	(-5.922746e-02 0.000000e+00 5.637561e-05)
4.661000e+04	lowerWall	(-7.952379e-02 0.000000e+00 -3.741503e-02)	(-5.922797e-02 0.000000e+00 2.019564e-05)
4.662000e+04	lowerWall	(-7.952367e-02 0.000000e+00 -3.741498e-02)	(-5.913976e-02 0.000000e+00 2.022275e-05)
4.663000e+04	lowerWall	(-7.952394e-02 0.000000e+00 -3.741499e-02)	(-5.919757e-02 0.000000e+00 2.061528e-05)
4.664000e+04	lowerWall	(-7.952349e-02 0.000000e+00 -3.741505e-02)	(-5.914741e-02 0.000000e+00 2.714109e-04)
4.665000e+04	lowerWall	(-7.952345e-02 0.000000e+00 -3.741504e-02)	(-5.922650e-02 0.000000e+00 3.365809e-04)
4.666000e+04	lowerWall	(-7.952361e-02 0.000000e+00 -3.741504e-02)	(-5.922675e-02 0.000000e+00 5.164434e-05)
4.667000e+04	lowerWall	(-7.952360e-02 0.000000e+00 -3.741504e-02)	(-5.922660e-02 0.000000e+00 5.218691e-05)
4.668000e+04	lowerWall	(-7.952371e-02 0.000000e+00 -3.741505e-02)	(-5.922678e-02 0.000000e+00 1.995836e-05)
4.669000e+04	lowerWall	(-7.952372e-02 0.000000e+00 -3.741506e-02)	(-5.922671e-02 0.000000e+00 2.003678e-05)
4.670000e+04	lowerWall	(-7.952374e-02 0.000000e+00 -3.741507e-02)	(-5.922668e-02 0.000000e+00 2.012958e-05)
4.671000e+04	lowerWall	(-7.952357e-02 0.000000e+00 -3.741502e-02)	(-5.922600e-02 0.000000e+00 9.446023e-05)
4.672000e+04	lowerWall	(-7.952364e-02 0.000000e+00 -3.741507e-02)	(-5.922622e-02 0.000000e+00 2.005714e-05)
4.673000e+04	lowerWall	(-7.952325e-02 0.000000e+00 -3.741490e-02)	(-5.922471e-02 0.000000e+00 6.529141e-04)
4.674000e+04	lowerWall	(-7.952286e-02 0.000000e+00 -3.741469e-02)	(-5.922298e-02 0.000000e+00 1.500087e-03)
4.675000e+04	lowerWall	(-7.952266e-02 0.000000e+00 -3.741452e-02)	(-5.922203e-02 0.000000e+00 1.981630e-03)
4.676000e+04	lowerWall	(-7.952404e-02 0.000000e+00 -3.741527e-02)	(-5.922757e-02 0.000000e+00 2.210735e-05)
4.677000e+04	lowerWall	(-7.952342e-02 0.000000e+00 -3.741510e-02)	(-5.922480e-02 0.000000e+00 2.031252e-05)
4.678000e+04	lowerWall	(-7.952377e-02 0.000000e+00 -3.741512e-02)	(-5.922654e-02 0.000000e+00 2.059366e-05)
4.679000e+04	lowerWall	(-7.952388e-02 0.000000e+00 -3.741499e-02)	(-5.922673e-02 0.000000e+00 4.120873e-04)
4.680000e+04	lowerWall	(-7.952431e-02 0.000000e+00 -3.741530e-02)	(-5.922830e-02 0.000000e+00 2.301717e-05)
4.681000e+04	lowerWall	(-7.952325e-02 0.000000e+00 -3.741489e-02)	(-5.922449e-02 0.000000e+00 7.428799e-04)
4.682000e+04	lowerWall	(-7.952320e-02 0.000000e+00 -3.741506e-02)	(-5.922534e-02 0.000000e+00 1.659201e-04)
4.683000e+04	lowerWall	(-7.952464e-02 0.000000e+00 -3.741476e-02)	(-5.922832e-02 0.000000e+00 2.271347e-05)
4.684000e+04	lowerWall	(-7.952353e-02 0.000000e+00 -3.741496e-02)	(-5.922636e-02 0.000000e+00 1.974345e-05)
4.685000e+04	lowerWall	(-7.952386e-02 0.000000e+00 -3.741494e-02)	(-5.922681e-02 0.000000e+00 2.029455e-05)
4.686000e+04	lowerWall	(-7.952392e-02 0.000000e+00 -3.741491e-02)	(-5.922717e-02 0.000000e+00 2.053759e-05)
4.687000e+04	lowerWall	(-7.952363e-02 0.000000e+00 -3.741494e-02)	(-5.922656e-02 0.000000e+00 1.975982e-05)
4.688000e+04	lowerWall	(-7.952325e-02 0.000000e+00 -3.741519e-02)	(-5.922635e-02 0.000000e+00 4.015658e-04)
4.689000e+04	lowerWall	(-7.952296e-02 0.000000e+00 -3.741527e-02)	(-5.922596e-02 0.000000e+00 7.062860e-04)
4.690000e+04	lowerWall	(-7.952381e-02 0.000000e+00 -3.741477e-02)	(-5.922706e-02 0.000000e+00 1.978593e-05)
4.691000e+04	lowerWall	(-7.952393e-02 0.000000e+00 -3.741473e-02)	(-5.922740e-02 0.000000e+00 2.003618e-05)
4.692000e+04	lowerWall	(-7.952354e-02 0.000000e+00 -3.741505e-02)	(-5.922719e-02 0.000000e+00 1.729287e-04)
4.693000e+04	lowerWall	(-7.952352e-02 0.000000e+00 -3.741506e-02)	(-5.922718e-02 0.000000e+00 1.983198e-04)
4.694000e+04	lowerWall	(-7.952348e-02 0.000000e+00 -3.741506e-02)	(-5.922708e-02 0.000000e+00 2.198286e-04)
4.695000e+04	lowerWall	(-7.952344e-02 0.000000e+00 -3.741507e-02)	(-5.922699e-02 0.000000e+00 2.556710e-04)
4.696000e+04	lowerWall	(-7.952376e-02 0.000000e+00 -3.741498e-02)	(-5.922752e-02 0.000000e+00 1.984623e-05)
4.697000e+04	lowerWall	(-7.952381e-02 0.000000e+00 -3.741498e-02)	(-5.922761e-02 0.000000e+00 2.002179e-05)
4.698000e+04	lowerWall	(-7.952384e-02 0.000000e+00 -3.741498e-02)	(-5.922768e-02 0.000000e+00 2.013370e-05)
4.699000e+04	lowerWall	(-7.952387e-02 0.000000e+00 -3.741499e-02)	(-5.922777e-02 0.000000e+00 2.027825e-05)
4.700000e+04	lowerWall	(-7.952346e-02 0.000000e+00 -3.741504e-02)	(-5.922675e-02 0.000000e+00 1.614160e-04)
4.701000e+04	lowerWall	(-7.952373e-02 0.000000e+00 -3.741499e-02)	(-5.922731e-02 0.000000e+00 1.977630e-05)
4.702000e+04	lowerWall	(-7.952375e-02 0.000000e+00 -3.741499e-02)	(-5.922729e-02 0.000000e+00 1.982810e-05)
4.703000e+04	lowerWall	(-7.952377e-02 0.000000e+00 -3.741487e-02)	(-5.922692e-02 0.000000e+00 2.281465e-05)
4.704000e+04	lowerWall	(-7.952283e-02 0.000000e+00 -3.741552e-02)	(-5.913747e-02 0.000000e+00 1.071990e-03)
4.705000e+04	lowerWall	(-7.952400e-02 0.000000e+00 -3.741487e-02)	(-5.922730e-02 0.000000e+00 2.042443e-05)
4.706000e+04	lowerWall	(-7.952381e-02 0.000000e+00 -3.741487e-02)	(-5.922707e-02 0.000000e+00 2.109839e-05)
4.707000e+04	lowerWall	(-7.952339e-02 0.000000e+00 -3.741511e-02)	(-5.922596e-02 0.000000e+00 3.024226e-04)
4.708000e+04	lowerWall	(-7.952366e-02 0.000000e+00 -3.741498e-02)	(-5.922629e-02 0.000000e+00 1.985776e-05)
4.709000e+04	lowerWall	(-7.952380e-02 0.000000e+00 -3.741497e-02)	(-5.922645e-02 0.000000e+00 1.993789e-05)
4.710000e+04	lowerWall	(-7.952333e-02 0.000000e+00 -3.741537e-02)	(-5.922538e-02 0.000000e+00 1.173786e-03)
4.711000e+04	lowerWall	(-7.952325e-02 0.000000e+00 -3.741538e-02)	(-5.922502e-02 0.000000e+00 1.457742e-03)
4.712000e+04	lowerWall	(-7.952282e-02 0.000000e+00 -3.741550e-02)	(-5.922380e-02 0.000000e+00 2.359539e-03)
4.713000e+04	lowerWall	(-7.952449e-02 0.000000e+00 -3.741494e-02)	(-5.922783e-02 0.000000e+00 2.225149e-05)
4.714000e+04	lowerWall	(-7.952432e-02 0.000000e+00 -3.741486e-02)	(-5.922838e-02 0.000000e+00 2.509663e-05)
4.715000e+04	lowerWall	(-7.952283e-02 0.000000e+00 -3.741509e-02)	(-5.922411e-02 0.000000e+00 1.048698e-03)
4.716000e+04	lowerWall	(-7.952401e-02 0.000000e+00 -3.741507e-02)	(-5.922703e-02 0.000000e+00 2.101559e-05)
4.717000e+04	lowerWall	(-7.952423e-02 0.000000e+00 -3.741510e-02)	(-5.922776e-02 0.000000e+00 2.205121e-05)
4.718000e+04	lowerWall	(-7.952360e-02 0.000000e+00 -3.741504e-02)	(-5.922620e-02 0.000000e+00 9.909746e-05)
4.719000e+04	lowerWall	(-7.952393e-02 0.000000e+00 -3.741478e-02)	(-5.922671e-02 0.000000e+00 4.147800e-05)
4.720000e+04	lowerWall	(-7.952441e-02 0.000000e+00 -3.741473e-02)	(-5.922775e-02 0.000000e+00 6.148718e-05)
4.721000e+04	lowerWall	(-7.952321e-02 0.000000e+00 -3.741518e-02)	(-5.922581e-02 0.000000e+00 3.781195e-04)
4.722000e+04	lowerWall	(-7.952376e-02 0.000000e+00 -3.741501e-02)	(-5.922696e-02 0.000000e+00 2.425297e-05)
4.723000e+04	lowerWall	(-7.952380e-02 0.000000e+00 -3.741500e-02)	(-5.922725e-02 0.000000e+00 2.746692e-05)
4.724000e+04	lowerWall	(-7.952319e-02 0.000000e+00 -3.741521e-02)	(-5.922572e-02 0.000000e+00 1.020713e-03)
4.725000e+04	lowerWall	(-7.952379e-02 0.000000e+00 -3.741496e-02)	(-5.922749e-02 0.000000e+00 2.748181e-05)
4.726000e+04	lowerWall	(-7.952385e-02 0.000000e+00 -3.741493e-02)	(-5.922772e-02 0.000000e+00 3.013784e-05)
4.727000e+04	lowerWall	(-7.952391e-02 0.000000e+00 -3.741491e-02)	(-5.922801e-02 0.000000e+00 3.584050e-05)
4.728000e+04	lowerWall	(-7.952350e-02 0.000000e+00 -3.741512e-02)	(-5.922762e-02 0.000000e+00 2.201322e-04)
4.729000e+04	lowerWall	(-7.952339e-02 0.000000e+00 -3.741514e-02)	(-5.922744e-02 0.000000e+00 3.134406e-04)
4.730000e+04	lowerWall	(-7.952376e-02 0.000000e+00 -3.741498e-02)	(-5.922799e-02 0.000000e+00 2.271401e-05)
4.731000e+04	lowerWall	(-7.952378e-02 0.000000e+00 -3.741499e-02)	(-5.922807e-02 0.000000e+00 2.409131e-05)
4.732000e+04	lowerWall	(-7.952381e-02 0.000000e+00 -3.741499e-02)	(-5.922819e-02 0.000000e+00 2.436122e-05)
4.733000e+04	lowerWall	(-7.952384e-02 0.000000e+00 -3.741499e-02)	(-5.922827e-02 0.000000e+00 2.226695e-05)
4.734000e+04	lowerWall	(-7.952388e-02 0.000000e+00 -3.741500e-02)	(-5.922838e-02 0.000000e+00 2.113414e-05)
4.735000e+04	lowerWall	(-7.952394e-02 0.000000e+00 -3.741500e-02)	(-5.922855e-02 0.000000e+00 2.102341e-05)
4.736000e+04	lowerWall	(-7.952410e-02 0.000000e+00 -3.741501e-02)	(-5.922896e-02 0.000000e+00 2.110822e-05)
4.737000e+04	lowerWall	(-7.952425e-02 0.000000e+00 -3.741504e-02)	(-5.922943e-02 0.000000e+00 2.221839e-05)
4.738000e+04	lowerWall	(-7.952436e-02 0.000000e+00 -3.741507e-02)	(-5.922969e-02 0.000000e+00 2.206333e-05)
4.739000e+04	lowerWall	(-7.952340e-02 0.000000e+00 -3.741500e-02)	(-5.922709e-02 0.000000e+00 3.234720e-04)
4.740000e+04	lowerWall	(-7.952336e-02 0.000000e+00 -3.741498e-02)	(-5.922682e-02 0.000000e+00 3.990752e-04)
4.741000e+04	lowerWall	(-7.952327e-02 0.000000e+00 -3.741496e-02)	(-5.922650e-02 0.000000e+00 4.926492e-04)
4.742000e+04	lowerWall	(-7.952395e-02 0.000000e+00 -3.741503e-02)	(-5.922828e-02 0.000000e+00 2.075915e-05)
4.743000e+04	lowerWall	(-7.952409e-02 0.000000e+00 -3.741505e-02)	(-5.922843e-02 0.000000e+00 2.120730e-05)
4.744000e+04	lowerWall	(-7.952374e-02 0.000000e+00 -3.741501e-02)	(-5.922737e-02 0.000000e+00 2.436700e-05)
4.745000e+04	lowerWall	(-7.952357e-02 0.000000e+00 -3.741507e-02)	(-5.922675e-02 0.000000e+00 2.597542e-04)
4.746000e+04	lowerWall	(-7.952337e-02 0.000000e+00 -3.741503e-02)	(-5.922621e-02 0.000000e+00 2.451221e-05)
4.747000e+04	lowerWall	(-7.952304e-02 0.000000e+00 -3.741506e-02)	(-5.914910e-02 0.000000e+00 6.664059e-04)
4.748000e+04	lowerWall	(-7.952369e-02 0.000000e+00 -3.741504e-02)	(-5.922670e-02 0.000000e+00 2.038173e-05)
4.749000e+04	lowerWall	(-7.952386e-02 0.000000e+00 -3.741505e-02)	(-5.922686e-02 0.000000e+00 2.044264e-05)
4.750000e+04	lowerWall	(-7.952347e-02 0.000000e+00 -3.741503e-02)	(-5.922569e-02 0.000000e+00 1.870307e-04)
4.751000e+04	lowerWall	(-7.952355e-02 0.000000e+00 -3.741502e-02)	(-5.922559e-02 0.000000e+00 2.414659e-04)
4.752000e+04	lowerWall	(-7.952341e-02 0.000000e+00 -3.741501e-02)	(-5.922521e-02 0.000000e+00 2.424559e-04)
4.753000e+04	lowerWall	(-7.952355e-02 0.000000e+00 -3.741505e-02)	(-5.922542e-02 0.000000e+00 6.010939e-05)
4.754000e+04	lowerWall	(-7.952327e-02 0.000000e+00 -3.741508e-02)	(-5.922467e-02 0.000000e+00 3.929317e-04)
4.755000e+04	lowerWall	(-7.952852e-02 0.000000e+00 -3.741499e-02)	(-5.923807e-02 0.000000e+00 2.118786e-05)
4.756000e+04	lowerWall	(-7.952470e-02 0.000000e+00 -3.741457e-02)	(-5.922685e-02 0.000000e+00 2.191822e-05)
4.757000e+04	lowerWall	(-7.952313e-02 0.000000e+00 -3.741529e-02)	(-5.922442e-02 0.000000e+00 3.478729e-04)
4.758000e+04	lowerWall	(-7.952295e-02 0.000000e+00 -3.741554e-02)	(-5.922442e-02 0.000000e+00 4.723224e-04)
4.759000e+04	lowerWall	(-7.952278e-02 0.000000e+00 -3.741563e-02)	(-5.922409e-02 0.000000e+00 6.829671e-04)
4.760000e+04	lowerWall	(-7.952216e-02 0.000000e+00 -3.741584e-02)	(-5.922305e-02 0.000000e+00 1.164208e-03)
4.761000e+04	lowerWall	(-7.952420e-02 0.000000e+00 -3.741492e-02)	(-5.922594e-02 0.000000e+00 2.117162e-05)
4.762000e+04	lowerWall	(-7.952367e-02 0.000000e+00 -3.741515e-02)	(-5.922542e-02 0.000000e+00 1.969608e-05)
4.763000e+04	lowerWall	(-7.952343e-02 0.000000e+00 -3.741512e-02)	(-5.922509e-02 0.000000e+00 1.964155e-05)
4.764000e+04	lowerWall	(-7.952366e-02 0.000000e+00 -3.741506e-02)	(-5.922541e-02 0.000000e+00 1.969867e-05)
4.765000e+04	lowerWall	(-7.952379e-02 0.000000e+00 -3.741495e-02)	(-5.922578e-02 0.000000e+00 1.991360e-05)
4.766000e+04	lowerWall	(-7.952398e-02 0.000000e+00 -3.741484e-02)	(-5.922632e-02 0.000000e+00 2.030732e-05)
4.767000e+04	lowerWall	(-7.952410e-02 0.000000e+00 -3.741478e-02)	(-5.922688e-02 0.000000e+00 2.066558e-05)
4.768000e+04	lowerWall	(-7.952427e-02 0.000000e+00 -3.741473e-02)	(-5.922753e-02 0.000000e+00 2.112766e-05)
4.769000e+04	lowerWall	(-7.952255e-02 0.000000e+00 -3.741523e-02)	(-5.922461e-02 0.000000e+00 3.513144e-04)
4.770000e+04	lowerWall	(-7.952315e-02 0.000000e+00 -3.741527e-02)	(-5.922662e-02 0.000000e+00 5.370122e-04)
4.771000e+04	lowerWall	(-7.952371e-02 0.000000e+00 -3.741498e-02)	(-5.922739e-02 0.000000e+00 1.938734e-05)
4.772000e+04	lowerWall	(-7.952353e-02 0.000000e+00 -3.741537e-02)	(-5.922756e-02 0.000000e+00 4.791263e-04)
4.773000e+04	lowerWall	(-7.952367e-02 0.000000e+00 -3.741497e-02)	(-5.922726e-02 0.000000e+00 1.944486e-05)
4.774000e+04	lowerWall	(-7.952369e-02 0.000000e+00 -3.741497e-02)	(-5.922733e-02 0.000000e+00 1.954080e-05)
4.775000e+04	lowerWall	(-7.952374e-02 0.000000e+00 -3.741497e-02)	(-5.922741e-02 0.000000e+00 1.963015e-05)
4.776000e+04	lowerWall	(-7.952378e-02 0.000000e+00 -3.741494e-02)	(-5.922742e-02 0.000000e+00 1.974170e-05)
4.777000e+04	lowerWall	(-7.952371e-02 0.000000e+00 -3.741504e-02)	(-5.922750e-02 0.000000e+00 1.955484e-05)
4.778000e+04	lowerWall	(-7.952364e-02 0.000000e+00 -3.741503e-02)	(-5.922720e-02 0.000000e+00 1.954275e-05)
4.779000e+04	lowerWall	(-7.952365e-02 0.000000e+00 -3.741503e-02)	(-5.922714e-02 0.000000e+00 1.956805e-05)
4.780000e+04	lowerWall	(-7.952366e-02 0.000000e+00 -3.741503e-02)	(-5.922705e-02 0.000000e+00 1.959964e-05)
4.781000e+04	lowerWall	(-7.952358e-02 0.000000e+00 -3.741507e-02)	(-5.922685e-02 0.000000e+00 5.138329e-05)
4.782000e+04	lowerWall	(-7.952357e-02 0.000000e+00 -3.741507e-02)	(-5.922668e-02 0.000000e+00 5.473414e-05)
4.783000e+04	lowerWall	(-7.952366e-02 0.000000e+00 -3.741504e-02)	(-5.922665e-02 0.000000e+00 1.966232e-05)
4.784000e+04	lowerWall	(-7.952367e-02 0.000000e+00 -3.741504e-02)	(-5.919823e-02 0.000000e+00 1.970010e-05)
4.785000e+04	lowerWall	(-7.952368e-02 0.000000e+00 -3.741504e-02)	(-5.916611e-02 0.000000e+00 1.974861e-05)
4.786000e+04	lowerWall	(-7.952354e-02 0.000000e+00 -3.741507e-02)	(-5.915452e-02 0.000000e+00 7.632771e-05)
4.787000e+04	lowerWall	(-7.952359e-02 0.000000e+00 -3.741506e-02)	(-5.917570e-02 0.000000e+00 1.953799e-05)
4.788000e+04	lowerWall	(-7.952377e-02 0.000000e+00 -3.741506e-02)	(-5.918494e-02 0.000000e+00 1.995387e-05)
4.789000e+04	lowerWall	(-7.952375e-02 0.000000e+00 -3.741506e-02)	(-5.917544e-02 0.000000e+00 2.003924e-05)
4.790000e+04	lowerWall	(-7.952378e-02 0.000000e+00 -3.741507e-02)	(-5.915039e-02 0.000000e+00 2.015230e-05)
4.791000e+04	lowerWall	(-7.952349e-02 0.000000e+00 -3.741506e-02)	(-5.912245e-02 0.000000e+00 1.045491e-04)
4.792000e+04	lowerWall	(-7.952352e-02 0.000000e+00 -3.741506e-02)	(-5.914948e-02 0.000000e+00 7.191105e-05)
4.793000e+04	lowerWall	(-7.952374e-02 0.000000e+00 -3.741513e-02)	(-5.920757e-02 0.000000e+00 2.152744e-05)
4.794000e+04	lowerWall	(-7.952409e-02 0.000000e+00 -3.741520e-02)	(-5.922674e-02 0.000000e+00 2.401224e-05)
4.795000e+04	lowerWall	(-7.952296e-02 0.000000e+00 -3.741498e-02)	(-5.922273e-02 0.000000e+00 7.007384e-04)
4.796000e+04	lowerWall	(-7.952295e-02 0.000000e+00 -3.741484e-02)	(-5.922164e-02 0.000000e+00 1.751643e-03)
4.797000e+04	lowerWall	(-7.952415e-02 0.000000e+00 -3.741521e-02)	(-5.922590e-02 0.000000e+00 2.194636e-05)
4.798000e+04	lowerWall	(-7.952321e-02 0.000000e+00 -3.741499e-02)	(-5.922302e-02 0.000000e+00 4.733352e-04)
4.799000e+04	lowerWall	(-7.952315e-02 0.000000e+00 -3.741495e-02)	(-5.922265e-02 0.000000e+00 5.805689e-04)
4.800000e+04	lowerWall	(-7.952331e-02 0.000000e+00 -3.741504e-02)	(-5.922310e-02 0.000000e+00 1.351532e-04)
4.801000e+04	lowerWall	(-7.952327e-02 0.000000e+00 -3.741506e-02)	(-5.922303e-02 0.000000e+00 2.954478e-04)
4.802000e+04	lowerWall	(-7.952285e-02 0.000000e+00 -3.741506e-02)	(-5.922229e-02 0.000000e+00 8.054391e-04)
4.803000e+04	lowerWall	(-7.952387e-02 0.000000e+00 -3.741507e-02)	(-5.922475e-02 0.000000e+00 3.196999e-04)
4.804000e+04	lowerWall	(-7.952412e-02 0.000000e+00 -3.741511e-02)	(-5.922557e-02 0.000000e+00 2.145714e-05)
4.805000e+04	lowerWall	(-7.952352e-02 0.000000e+00 -3.741506e-02)	(-5.922427e-02 0.000000e+00 1.975783e-05)
4.806000e+04	lowerWall	(-7.952405e-02 0.000000e+00 -3.741469e-02)	(-5.922485e-02 0.000000e+00 2.060490e-05)
4.807000e+04	lowerWall	(-7.952430e-02 0.000000e+00 -3.741469e-02)	(-5.922571e-02 0.000000e+00 2.137054e-05)
4.808000e+04	lowerWall	(-7.952450e-02 0.000000e+00 -3.741465e-02)	(-5.922639e-02 0.000000e+00 2.198025e-05)
4.809000e+04	lowerWall	(-7.952471e-02 0.000000e+00 -3.741461e-02)	(-5.922718e-02 0.000000e+00 2.266870e-05)
4.810000e+04	lowerWall	(-7.952347e-02 0.000000e+00 -3.741490e-02)	(-5.922560e-02 0.000000e+00 3.243557e-05)
4.811000e+04	lowerWall	(-7.952388e-02 0.000000e+00 -3.741502e-02)	(-5.922605e-02 0.000000e+00 1.979824e-04)
4.812000e+04	lowerWall	(-7.952264e-02 0.000000e+00 -3.741573e-02)	(-5.922262e-02 0.000000e+00 2.189519e-04)
4.813000e+04	lowerWall	(-7.952378e-02 0.000000e+00 -3.741476e-02)	(-5.922586e-02 0.000000e+00 1.963047e-05)
4.814000e+04	lowerWall	(-7.952383e-02 0.000000e+00 -3.741476e-02)	(-5.922598e-02 0.000000e+00 1.981601e-05)
4.815000e+04	lowerWall	(-7.952352e-02 0.000000e+00 -3.741511e-02)	(-5.922594e-02 0.000000e+00 1.144896e-04)
4.816000e+04	lowerWall	(-7.952350e-02 0.000000e+00 -3.741513e-02)	(-5.922591e-02 0.000000e+00 1.233146e-04)
4.817000e+04	lowerWall	(-7.952404e-02 0.000000e+00 -3.741476e-02)	(-5.922648e-02 0.000000e+00 2.031291e-05)
4.818000e+04	lowerWall	(-7.952412e-02 0.000000e+00 -3.741470e-02)	(-5.922661e-02 0.000000e+00 2.060467e-05)
4.819000e+04	lowerWall	(-7.952355e-02 0.000000e+00 -3.741513e-02)	(-5.922588e-02 0.000000e+00 2.197470e-04)
4.820000e+04	lowerWall	(-7.952368e-02 0.000000e+00 -3.741503e-02)	(-5.917401e-02 0.000000e+00 7.169526e-05)
4.821000e+04	lowerWall	(-7.952350e-02 0.000000e+00 -3.741511e-02)	(-5.912213e-02 0.000000e+00 1.556396e-04)
4.822000e+04	lowerWall	(-7.952346e-02 0.000000e+00 -3.741513e-02)	(-5.913325e-02 0.000000e+00 2.080689e-04)
4.823000e+04	lowerWall	(-7.952341e-02 0.000000e+00 -3.741513e-02)	(-5.916787e-02 0.000000e+00 2.444022e-04)
4.824000e+04	lowerWall	(-7.952371e-02 0.000000e+00 -3.741500e-02)	(-5.916782e-02 0.000000e+00 1.970016e-05)
4.825000e+04	lowerWall	(-7.952356e-02 0.000000e+00 -3.741506e-02)	(-5.914220e-02 0.000000e+00 6.899675e-05)
4.826000e+04	lowerWall	(-7.952375e-02 0.000000e+00 -3.741502e-02)	(-5.921567e-02 0.000000e+00 1.984332e-05)
4.827000e+04	lowerWall	(-7.952354e-02 0.000000e+00 -3.741506e-02)	(-5.916929e-02 0.000000e+00 8.544458e-05)
4.828000e+04	lowerWall	(-7.952352e-02 0.000000e+00 -3.741506e-02)	(-5.917295e-02 0.000000e+00 9.498881e-05)
4.829000e+04	lowerWall	(-7.952315e-02 0.000000e+00 -3.741509e-02)	(-5.915208e-02 0.000000e+00 4.873445e-04)
4.830000e+04	lowerWall	(-7.952312e-02 0.000000e+00 -3.741508e-02)	(-5.922380e-02 0.000000e+00 6.346972e-04)
4.831000e+04	lowerWall	(-7.952376e-02 0.000000e+00 -3.741508e-02)	(-5.922521e-02 0.000000e+00 2.006668e-05)
4.832000e+04	lowerWall	(-7.952378e-02 0.000000e+00 -3.741509e-02)	(-5.922518e-02 0.000000e+00 2.021049e-05)
4.833000e+04	lowerWall	(-7.952393e-02 0.000000e+00 -3.741511e-02)	(-5.922548e-02 0.000000e+00 2.077494e-05)
4.834000e+04	lowerWall	(-7.952417e-02 0.000000e+00 -3.741518e-02)	(-5.922616e-02 0.000000e+00 2.175847e-05)
4.835000e+04	lowerWall	(-7.952324e-02 0.000000e+00 -3.741502e-02)	(-5.922337e-02 0.000000e+00 5.076175e-04)
4.836000e+04	lowerWall	(-7.952307e-02 0.000000e+00 -3.741496e-02)	(-5.922284e-02 0.000000e+00 8.441353e-04)
4.837000e+04	lowerWall	(-7.952380e-02 0.000000e+00 -3.741514e-02)	(-5.922519e-02 0.000000e+00 2.048125e-05)
4.838000e+04	lowerWall	(-7.952385e-02 0.000000e+00 -3.741517e-02)	(-5.922544e-02 0.000000e+00 2.074984e-05)
4.839000e+04	lowerWall	(-7.952324e-02 0.000000e+00 -3.741506e-02)	(-5.922359e-02 0.000000e+00 2.526449e-04)
4.840000e+04	lowerWall	(-7.952429e-02 0.000000e+00 -3.741517e-02)	(-5.922680e-02 0.000000e+00 2.188607e-05)
4.841000e+04	lowerWall	(-7.952448e-02 0.000000e+00 -3.741524e-02)	(-5.922758e-02 0.000000e+00 2.263086e-05)
4.842000e+04	lowerWall	(-7.952354e-02 0.000000e+00 -3.741508e-02)	(-5.922545e-02 0.000000e+00 1.956137e-05)
4.843000e+04	lowerWall	(-7.952375e-02 0.000000e+00 -3.741508e-02)	(-5.922585e-02 0.000000e+00 2.007774e-05)
4.844000e+04	lowerWall	(-7.952390e-02 0.000000e+00 -3.741498e-02)	(-5.922619e-02 0.000000e+00 2.049254e-05)
4.845000e+04	lowerWall	(-7.952431e-02 0.000000e+00 -3.741495e-02)	(-5.922731e-02 0.000000e+00 2.154010e-05)
4.846000e+04	lowerWall	(-7.952321e-02 0.000000e+00 -3.741513e-02)	(-5.922519e-02 0.000000e+00 5.323287e-04)
4.847000e+04	lowerWall	(-7.952384e-02 0.000000e+00 -3.741500e-02)	(-5.922652e-02 0.000000e+00 2.017905e-05)
4.848000e+04	lowerWall	(-7.952354e-02 0.000000e+00 -3.741510e-02)	(-5.922624e-02 0.000000e+00 5.257726e-05)
4.849000e+04	lowerWall	(-7.952341e-02 0.000000e+00 -3.741520e-02)	(-5.922616e-02 0.000000e+00 2.992504e-04)
4.850000e+04	lowerWall	(-7.952364e-02 0.000000e+00 -3.741505e-02)	(-5.922647e-02 0.000000e+00 1.962720e-05)
4.851000e+04	lowerWall	(-7.952366e-02 0.000000e+00 -3.741506e-02)	(-5.922658e-02 0.000000e+00 1.968661e-05)
4.852000e+04	lowerWall	(-7.952369e-02 0.000000e+00 -3.741506e-02)	(-5.922671e-02 0.000000e+00 1.975372e-05)
4.853000e+04	lowerWall	(-7.952362e-02 0.000000e+00 -3.741505e-02)	(-5.922667e-02 0.000000e+00 1.992682e-05)
4.854000e+04	lowerWall	(-7.952352e-02 0.000000e+00 -3.741511e-02)	(-5.922644e-02 0.000000e+00 9.128700e-05)
4.855000e+04	lowerWall	(-7.952351e-02 0.000000e+00 -3.741511e-02)	(-5.922638e-02 0.000000e+00 1.117514e-04)
4.856000e+04	lowerWall	(-7.952371e-02 0.000000e+00 -3.741509e-02)	(-5.922679e-02 0.000000e+00 1.989496e-05)
4.857000e+04	lowerWall	(-7.952352e-02 0.000000e+00 -3.741510e-02)	(-5.922634e-02 0.000000e+00 9.169074e-05)
4.858000e+04	lowerWall	(-7.952351e-02 0.000000e+00 -3.741510e-02)	(-5.922626e-02 0.000000e+00 1.090501e-04)
4.859000e+04	lowerWall	(-7.952348e-02 0.000000e+00 -3.741509e-02)	(-5.922612e-02 0.000000e+00 1.682876e-04)
4.860000e+04	lowerWall	(-7.952296e-02 0.000000e+00 -3.741503e-02)	(-5.922451e-02 0.000000e+00 9.970245e-04)
4.861000e+04	lowerWall	(-7.952381e-02 0.000000e+00 -3.741513e-02)	(-5.922679e-02 0.000000e+00 2.036852e-05)
4.862000e+04	lowerWall	(-7.952365e-02 0.000000e+00 -3.741514e-02)	(-5.922650e-02 0.000000e+00 2.073842e-05)
4.863000e+04	lowerWall	(-7.952346e-02 0.000000e+00 -3.741506e-02)	(-5.922557e-02 0.000000e+00 2.368263e-04)
4.864000e+04	lowerWall	(-7.952322e-02 0.000000e+00 -3.741509e-02)	(-5.922487e-02 0.000000e+00 5.058292e-04)
4.865000e+04	lowerWall	(-7.952374e-02 0.000000e+00 -3.741509e-02)	(-5.922632e-02 0.000000e+00 2.011015e-05)
4.866000e+04	lowerWall	(-7.952347e-02 0.000000e+00 -3.741508e-02)	(-5.922556e-02 0.000000e+00 2.034185e-04)
4.867000e+04	lowerWall	(-7.952353e-02 0.000000e+00 -3.741507e-02)	(-5.922567e-02 0.000000e+00 2.673396e-04)
4.868000e+04	lowerWall	(-7.952361e-02 0.000000e+00 -3.741509e-02)	(-5.922605e-02 0.000000e+00 1.960235e-05)
4.869000e+04	lowerWall	(-7.952363e-02 0.000000e+00 -3.741510e-02)	(-5.922624e-02 0.000000e+00 1.972641e-05)
4.870000e+04	lowerWall	(-7.952365e-02 0.000000e+00 -3.741511e-02)	(-5.922643e-02 0.000000e+00 1.980080e-05)
4.871000e+04	lowerWall	(-7.952366e-02 0.000000e+00 -3.741512e-02)	(-5.922664e-02 0.000000e+00 1.988677e-05)
4.872000e+04	lowerWall	(-7.952368e-02 0.000000e+00 -3.741513e-02)	(-5.922687e-02 0.000000e+00 1.998491e-05)
4.873000e+04	lowerWall	(-7.952357e-02 0.000000e+00 -3.741508e-02)	(-5.922652e-02 0.000000e+00 1.742391e-04)
4.874000e+04	lowerWall	(-7.952362e-02 0.000000e+00 -3.741509e-02)	(-5.922696e-02 0.000000e+00 1.965415e-05)
4.875000e+04	lowerWall	(-7.952363e-02 0.000000e+00 -3.741509e-02)	(-5.922717e-02 0.000000e+00 1.970001e-05)
4.876000e+04	lowerWall	(-7.952364e-02 0.000000e+00 -3.741510e-02)	(-5.922739e-02 0.000000e+00 1.974978e-05)
4.877000e+04	lowerWall	(-7.952364e-02 0.000000e+00 -3.741508e-02)	(-5.922753e-02 0.000000e+00 1.976867e-05)
4.878000e+04	lowerWall	(-7.952358e-02 0.000000e+00 -3.741510e-02)	(-5.922745e-02 0.000000e+00 7.348426e-05)
4.879000e+04	lowerWall	(-7.952364e-02 0.000000e+00 -3.741505e-02)	(-5.922782e-02 0.000000e+00 1.994147e-05)
4.880000e+04	lowerWall	(-7.952360e-02 0.000000e+00 -3.741509e-02)	(-5.922777e-02 0.000000e+00 9.972389e-05)
4.881000e+04	lowerWall	(-7.952363e-02 0.000000e+00 -3.741508e-02)	(-5.922796e-02 0.000000e+00 5.222975e-05)
4.882000e+04	lowerWall	(-7.952364e-02 0.000000e+00 -3.741507e-02)	(-5.922807e-02 0.000000e+00 1.964111e-05)
4.883000e+04	lowerWall	(-7.952365e-02 0.000000e+00 -3.741507e-02)	(-5.922816e-02 0.000000e+00 1.966749e-05)
4.884000e+04	lowerWall	(-7.952363e-02 0.000000e+00 -3.741507e-02)	(-5.922819e-02 0.000000e+00 1.970939e-05)
4.885000e+04	lowerWall	(-7.952361e-02 0.000000e+00 -3.741508e-02)	(-5.922815e-02 0.000000e+00 6.048237e-05)
4.886000e+04	lowerWall	(-7.952364e-02 0.000000e+00 -3.741507e-02)	(-5.922827e-02 0.000000e+00 1.975515e-05)
4.887000e+04	lowerWall	(-7.952361e-02 0.000000e+00 -3.741507e-02)	(-5.922816e-02 0.000000e+00 6.327021e-05)
4.888000e+04	lowerWall	(-7.952361e-02 0.000000e+00 -3.741507e-02)	(-5.922815e-02 0.000000e+00 6.439895e-05)
4.889000e+04	lowerWall	(-7.952361e-02 0.000000e+00 -3.741506e-02)	(-5.922813e-02 0.000000e+00 6.557846e-05)
4.890000e+04	lowerWall	(-7.952361e-02 0.000000e+00 -3.741506e-02)	(-5.922810e-02 0.000000e+00 6.826283e-05)
4.891000e+04	lowerWall	(-7.952360e-02 0.000000e+00 -3.741505e-02)	(-5.922805e-02 0.000000e+00 7.582954e-05)
4.892000e+04	lowerWall	(-7.952360e-02 0.000000e+00 -3.741505e-02)	(-5.922800e-02 0.000000e+00 8.251639e-05)
4.893000e+04	lowerWall	(-7.952359e-02 0.000000e+00 -3.741504e-02)	(-5.922794e-02 0.000000e+00 9.040664e-05)
4.894000e+04	lowerWall	(-7.952359e-02 0.000000e+00 -3.741504e-02)	(-5.922789e-02 0.000000e+00 9.985272e-05)
4.895000e+04	lowerWall	(-7.952358e-02 0.000000e+00 -3.741503e-02)	(-5.922781e-02 0.000000e+00 1.152945e-04)
4.896000e+04	lowerWall	(-7.952357e-02 0.000000e+00 -3.741502e-02)	(-5.922773e-02 0.000000e+00 1.326120e-04)
4.897000e+04	lowerWall	(-7.952355e-02 0.000000e+00 -3.741501e-02)	(-5.922761e-02 0.000000e+00 1.537783e-04)
4.898000e+04	lowerWall	(-7.952366e-02 0.000000e+00 -3.741506e-02)	(-5.922798e-02 0.000000e+00 1.968552e-05)
4.899000e+04	lowerWall	(-7.952366e-02 0.000000e+00 -3.741506e-02)	(-5.922794e-02 0.000000e+00 1.970798e-05)
4.900000e+04	lowerWall	(-7.952362e-02 0.000000e+00 -3.741504e-02)	(-5.922773e-02 0.000000e+00 5.409993e-05)
4.901000e+04	lowerWall	(-7.952362e-02 0.000000e+00 -3.741503e-02)	(-5.922767e-02 0.000000e+00 5.798867e-05)
4.902000e+04	lowerWall	(-7.952362e-02 0.000000e+00 -3.741503e-02)	(-5.922762e-02 0.000000e+00 6.201311e-05)
4.903000e+04	lowerWall	(-7.952362e-02 0.000000e+00 -3.741502e-02)	(-5.922757e-02 0.000000e+00 6.667016e-05)
4.904000e+04	lowerWall	(-7.952362e-02 0.000000e+00 -3.741502e-02)	(-5.922751e-02 0.000000e+00 7.189507e-05)
4.905000e+04	lowerWall	(-7.952362e-02 0.000000e+00 -3.741502e-02)	(-5.922747e-02 0.000000e+00 7.677122e-05)
4.906000e+04	lowerWall	(-7.952361e-02 0.000000e+00 -3.741501e-02)	(-5.922743e-02 0.000000e+00 8.354249e-05)
4.907000e+04	lowerWall	(-7.952360e-02 0.000000e+00 -3.741502e-02)	(-5.922734e-02 0.000000e+00 8.824223e-05)
4.908000e+04	lowerWall	(-7.952359e-02 0.000000e+00 -3.741502e-02)	(-5.922732e-02 0.000000e+00 1.066945e-04)
4.909000e+04	lowerWall	(-7.952358e-02 0.000000e+00 -3.741501e-02)	(-5.922725e-02 0.000000e+00 1.251006e-04)
4.910000e+04	lowerWall	(-7.952364e-02 0.000000e+00 -3.741504e-02)	(-5.922750e-02 0.000000e+00 1.973711e-05)
4.911000e+04	lowerWall	(-7.952361e-02 0.000000e+00 -3.741503e-02)	(-5.922736e-02 0.000000e+00 5.948157e-05)
4.912000e+04	lowerWall	(-7.952361e-02 0.000000e+00 -3.741503e-02)	(-5.922734e-02 0.000000e+00 6.558623e-05)
4.913000e+04	lowerWall	(-7.952361e-02 0.000000e+00 -3.741503e-02)	(-5.922734e-02 0.000000e+00 7.196768e-05)
4.914000e+04	lowerWall	(-7.952370e-02 0.000000e+00 -3.741508e-02)	(-5.922780e-02 0.000000e+00 2.022953e-05)
4.915000e+04	lowerWall	(-7.952359e-02 0.000000e+00 -3.741502e-02)	(-5.922731e-02 0.000000e+00 1.109774e-04)
4.916000e+04	lowerWall	(-7.952357e-02 0.000000e+00 -3.741501e-02)	(-5.922731e-02 0.000000e+00 1.249402e-04)
4.917000e+04	lowerWall	(-7.952357e-02 0.000000e+00 -3.741501e-02)	(-5.922732e-02 0.000000e+00 1.477182e-04)
4.918000e+04	lowerWall	(-7.952355e-02 0.000000e+00 -3.741500e-02)	(-5.922731e-02 0.000000e+00 1.692640e-04)
4.919000e+04	lowerWall	(-7.952355e-02 0.000000e+00 -3.741499e-02)	(-5.922729e-02 0.000000e+00 2.044516e-04)
4.920000e+04	lowerWall	(-7.952367e-02 0.000000e+00 -3.741506e-02)	(-5.922785e-02 0.000000e+00 1.976518e-05)
4.921000e+04	lowerWall	(-7.952368e-02 0.000000e+00 -3.741507e-02)	(-5.922793e-02 0.000000e+00 1.981305e-05)
4.922000e+04	lowerWall	(-7.952364e-02 0.000000e+00 -3.741505e-02)	(-5.922778e-02 0.000000e+00 7.336134e-05)
4.923000e+04	lowerWall	(-7.952376e-02 0.000000e+00 -3.741507e-02)	(-5.922819e-02 0.000000e+00 2.004761e-05)
4.924000e+04	lowerWall	(-7.952377e-02 0.000000e+00 -3.741508e-02)	(-5.922827e-02 0.000000e+00 2.015298e-05)
4.925000e+04	lowerWall	(-7.952359e-02 0.000000e+00 -3.741504e-02)	(-5.922773e-02 0.000000e+00 1.002686e-04)
4.926000e+04	lowerWall	(-7.952366e-02 0.000000e+00 -3.741505e-02)	(-5.922793e-02 0.000000e+00 1.967238e-05)
4.927000e+04	lowerWall	(-7.952366e-02 0.000000e+00 -3.741505e-02)	(-5.922794e-02 0.000000e+00 1.967952e-05)
4.928000e+04	lowerWall	(-7.952365e-02 0.000000e+00 -3.741505e-02)	(-5.922794e-02 0.000000e+00 1.968363e-05)
4.929000e+04	lowerWall	(-7.952366e-02 0.000000e+00 -3.741505e-02)	(-5.922793e-02 0.000000e+00 1.969310e-05)
4.930000e+04	lowerWall	(-7.952366e-02 0.000000e+00 -3.741506e-02)	(-5.922793e-02 0.000000e+00 1.971015e-05)
4.931000e+04	lowerWall	(-7.952366e-02 0.000000e+00 -3.741506e-02)	(-5.922792e-02 0.000000e+00 1.972566e-05)
4.932000e+04	lowerWall	(-7.952363e-02 0.000000e+00 -3.741504e-02)	(-5.922776e-02 0.000000e+00 4.938182e-05)
4.933000e+04	lowerWall	(-7.952363e-02 0.000000e+00 -3.741504e-02)	(-5.922772e-02 0.000000e+00 5.165149e-05)
4.934000e+04	lowerWall	(-7.952363e-02 0.000000e+00 -3.741504e-02)	(-5.922768e-02 0.000000e+00 2.455508e-05)
4.935000e+04	lowerWall	(-7.952362e-02 0.000000e+00 -3.741504e-02)	(-5.922764e-02 0.000000e+00 5.654250e-05)
4.936000e+04	lowerWall	(-7.952353e-02 0.000000e+00 -3.741501e-02)	(-5.922727e-02 0.000000e+00 1.834754e-04)
4.937000e+04	lowerWall	(-7.952352e-02 0.000000e+00 -3.741499e-02)	(-5.922717e-02 0.000000e+00 2.249883e-04)
4.938000e+04	lowerWall	(-7.952368e-02 0.000000e+00 -3.741505e-02)	(-5.922771e-02 0.000000e+00 1.982575e-05)
4.939000e+04	lowerWall	(-7.952369e-02 0.000000e+00 -3.741506e-02)	(-5.922771e-02 0.000000e+00 1.987208e-05)
4.940000e+04	lowerWall	(-7.952362e-02 0.000000e+00 -3.741502e-02)	(-5.922740e-02 0.000000e+00 6.786231e-05)
4.941000e+04	lowerWall	(-7.952362e-02 0.000000e+00 -3.741502e-02)	(-5.922736e-02 0.000000e+00 7.328541e-05)
4.942000e+04	lowerWall	(-7.952361e-02 0.000000e+00 -3.741501e-02)	(-5.922733e-02 0.000000e+00 7.938456e-05)
4.943000e+04	lowerWall	(-7.952361e-02 0.000000e+00 -3.741501e-02)	(-5.922733e-02 0.000000e+00 8.499450e-05)
4.944000e+04	lowerWall	(-7.952361e-02 0.000000e+00 -3.741501e-02)	(-5.922732e-02 0.000000e+00 9.792767e-05)
4.945000e+04	lowerWall	(-7.952360e-02 0.000000e+00 -3.741499e-02)	(-5.922726e-02 0.000000e+00 1.473202e-04)
4.946000e+04	lowerWall	(-7.952356e-02 0.000000e+00 -3.741496e-02)	(-5.922711e-02 0.000000e+00 2.351440e-04)
4.947000e+04	lowerWall	(-7.952366e-02 0.000000e+00 -3.741506e-02)	(-5.922772e-02 0.000000e+00 1.980477e-05)
4.948000e+04	lowerWall	(-7.952367e-02 0.000000e+00 -3.741508e-02)	(-5.922780e-02 0.000000e+00 1.985699e-05)
4.949000e+04	lowerWall	(-7.952362e-02 0.000000e+00 -3.741505e-02)	(-5.922769e-02 0.000000e+00 1.982235e-05)
4.950000e+04	lowerWall	(-7.952373e-02 0.000000e+00 -3.741504e-02)	(-5.922793e-02 0.000000e+00 1.973367e-05)
4.951000e+04	lowerWall	(-7.952368e-02 0.000000e+00 -3.741504e-02)	(-5.922785e-02 0.000000e+00 1.978093e-05)
4.952000e+04	lowerWall	(-7.952369e-02 0.000000e+00 -3.741504e-02)	(-5.922792e-02 0.000000e+00 1.982032e-05)
4.953000e+04	lowerWall	(-7.952368e-02 0.000000e+00 -3.741503e-02)	(-5.922791e-02 0.000000e+00 1.982294e-05)
4.954000e+04	lowerWall	(-7.952372e-02 0.000000e+00 -3.741503e-02)	(-5.922803e-02 0.000000e+00 1.990671e-05)
4.955000e+04	lowerWall	(-7.952374e-02 0.000000e+00 -3.741503e-02)	(-5.922811e-02 0.000000e+00 1.998789e-05)
4.956000e+04	lowerWall	(-7.952379e-02 0.000000e+00 -3.741504e-02)	(-5.922828e-02 0.000000e+00 2.023022e-05)
4.957000e+04	lowerWall	(-7.952384e-02 0.000000e+00 -3.741505e-02)	(-5.922847e-02 0.000000e+00 2.037480e-05)
4.958000e+04	lowerWall	(-7.952396e-02 0.000000e+00 -3.741507e-02)	(-5.922883e-02 0.000000e+00 2.086109e-05)
4.959000e+04	lowerWall	(-7.952355e-02 0.000000e+00 -3.741502e-02)	(-5.922761e-02 0.000000e+00 1.733971e-04)
4.960000e+04	lowerWall	(-7.952356e-02 0.000000e+00 -3.741500e-02)	(-5.922748e-02 0.000000e+00 3.199449e-04)
4.961000e+04	lowerWall	(-7.952371e-02 0.000000e+00 -3.741506e-02)	(-5.922810e-02 0.000000e+00 1.996466e-05)
4.962000e+04	lowerWall	(-7.952372e-02 0.000000e+00 -3.741506e-02)	(-5.922809e-02 0.000000e+00 2.003414e-05)
4.963000e+04	lowerWall	(-7.952373e-02 0.000000e+00 -3.741507e-02)	(-5.922808e-02 0.000000e+00 2.012269e-05)
4.964000e+04	lowerWall	(-7.952375e-02 0.000000e+00 -3.741509e-02)	(-5.922811e-02 0.000000e+00 2.022710e-05)
4.965000e+04	lowerWall	(-7.952377e-02 0.000000e+00 -3.741510e-02)	(-5.922818e-02 0.000000e+00 2.035752e-05)
4.966000e+04	lowerWall	(-7.952379e-02 0.000000e+00 -3.741514e-02)	(-5.922828e-02 0.000000e+00 2.050485e-05)
4.967000e+04	lowerWall	(-7.952386e-02 0.000000e+00 -3.741518e-02)	(-5.922853e-02 0.000000e+00 2.105933e-05)
4.968000e+04	lowerWall	(-7.952364e-02 0.000000e+00 -3.741506e-02)	(-5.922761e-02 0.000000e+00 1.993922e-05)
4.969000e+04	lowerWall	(-7.952323e-02 0.000000e+00 -3.741498e-02)	(-5.922615e-02 0.000000e+00 6.111899e-04)
4.970000e+04	lowerWall	(-7.952377e-02 0.000000e+00 -3.741509e-02)	(-5.922774e-02 0.000000e+00 2.034655e-05)
4.971000e+04	lowerWall	(-7.952368e-02 0.000000e+00 -3.741510e-02)	(-5.922747e-02 0.000000e+00 2.057997e-05)
4.972000e+04	lowerWall	(-7.952369e-02 0.000000e+00 -3.741512e-02)	(-5.922740e-02 0.000000e+00 2.078344e-05)
4.973000e+04	lowerWall	(-7.952355e-02 0.000000e+00 -3.741500e-02)	(-5.922654e-02 0.000000e+00 1.644309e-04)
4.974000e+04	lowerWall	(-7.952353e-02 0.000000e+00 -3.741499e-02)	(-5.922638e-02 0.000000e+00 1.919203e-04)
4.975000e+04	lowerWall	(-7.952376e-02 0.000000e+00 -3.741505e-02)	(-5.922716e-02 0.000000e+00 1.990883e-05)
4.976000e+04	lowerWall	(-7.952330e-02 0.000000e+00 -3.741498e-02)	(-5.922558e-02 0.000000e+00 5.288746e-04)
4.977000e+04	lowerWall	(-7.952321e-02 0.000000e+00 -3.741494e-02)	(-5.922511e-02 0.000000e+00 6.926338e-04)
4.978000e+04	lowerWall	(-7.952268e-02 0.000000e+00 -3.741476e-02)	(-5.922328e-02 0.000000e+00 1.616986e-03)
4.979000e+04	lowerWall	(-7.952396e-02 0.000000e+00 -3.741514e-02)	(-5.922744e-02 0.000000e+00 2.119392e-05)
4.980000e+04	lowerWall	(-7.952345e-02 0.000000e+00 -3.741496e-02)	(-5.922556e-02 0.000000e+00 3.582772e-04)
4.981000e+04	lowerWall	(-7.952344e-02 0.000000e+00 -3.741494e-02)	(-5.922547e-02 0.000000e+00 4.272617e-04)
4.982000e+04	lowerWall	(-7.952339e-02 0.000000e+00 -3.741491e-02)	(-5.922529e-02 0.000000e+00 5.125390e-04)
4.983000e+04	lowerWall	(-7.952331e-02 0.000000e+00 -3.741487e-02)	(-5.922506e-02 0.000000e+00 6.282306e-04)
4.984000e+04	lowerWall	(-7.952353e-02 0.000000e+00 -3.741480e-02)	(-5.922549e-02 0.000000e+00 9.043728e-04)
4.985000e+04	lowerWall	(-7.952374e-02 0.000000e+00 -3.741514e-02)	(-5.922707e-02 0.000000e+00 2.043309e-05)
4.986000e+04	lowerWall	(-7.952376e-02 0.000000e+00 -3.741518e-02)	(-5.922735e-02 0.000000e+00 2.065754e-05)
4.987000e+04	lowerWall	(-7.952378e-02 0.000000e+00 -3.741522e-02)	(-5.922765e-02 0.000000e+00 2.092178e-05)
4.988000e+04	lowerWall	(-7.952315e-02 0.000000e+00 -3.741500e-02)	(-5.922528e-02 0.000000e+00 2.543909e-04)
4.989000e+04	lowerWall	(-7.952334e-02 0.000000e+00 -3.741496e-02)	(-5.922587e-02 0.000000e+00 5.129008e-04)
4.990000e+04	lowerWall	(-7.952308e-02 0.000000e+00 -3.741482e-02)	(-5.922513e-02 0.000000e+00 9.184550e-04)
4.991000e+04	lowerWall	(-7.952380e-02 0.000000e+00 -3.741516e-02)	(-5.922793e-02 0.000000e+00 2.070810e-05)
4.992000e+04	lowerWall	(-7.952391e-02 0.000000e+00 -3.741524e-02)	(-5.922852e-02 0.000000e+00 2.137086e-05)
4.993000e+04	lowerWall	(-7.952348e-02 0.000000e+00 -3.741499e-02)	(-5.922675e-02 0.000000e+00 3.289935e-04)
4.994000e+04	lowerWall	(-7.952367e-02 0.000000e+00 -3.741511e-02)	(-5.922766e-02 0.000000e+00 2.005116e-05)
4.995000e+04	lowerWall	(-7.952368e-02 0.000000e+00 -3.741512e-02)	(-5.922774e-02 0.000000e+00 2.011286e-05)
4.996000e+04	lowerWall	(-7.952368e-02 0.000000e+00 -3.741513e-02)	(-5.922780e-02 0.000000e+00 2.019243e-05)
4.997000e+04	lowerWall	(-7.952370e-02 0.000000e+00 -3.741515e-02)	(-5.922794e-02 0.000000e+00 2.029933e-05)
4.998000e+04	lowerWall	(-7.952372e-02 0.000000e+00 -3.741517e-02)	(-5.922806e-02 0.000000e+00 2.044092e-05)
4.999000e+04	lowerWall	(-7.952373e-02 0.000000e+00 -3.741520e-02)	(-5.922815e-02 0.000000e+00 2.060265e-05)
5.000000e+04	lowerWall	(-7.952358e-02 0.000000e+00 -3.741505e-02)	(-5.922725e-02 0.000000e+00 1.410898e-04)
